事件ID,开始时间,结束时间,时长_分钟,工况,方法集,严重度,触发行数,归因摘要
0,2024-04-01 00:12:00,2024-04-01 00:53:00,42.0,停机,单变量IQR+3σ; 残差,0.297,900,正常
1,2024-04-01 00:55:00,2024-04-01 01:38:00,44.0,停机,IsolationForest; Mahalanobis; 单变量IQR+3σ; 残差,2254.775,1440,Mahalanobis 距离=2254.8（阈值=18.5）。主要贡献特征：PC2 (72.6%); PC3 (26.9%)。
2,2024-04-01 04:37:00,2024-04-01 05:00:00,24.0,重载,IsolationForest; Mahalanobis; 单变量IQR+3σ; 残差,6.745,816,单变量异常：采煤机_油泵_右电机_电流（z-score=6.7，实际=63.0，均值=18.3±6.6）
3,2024-04-01 05:09:00,2024-04-01 05:09:00,1.0,重载,IsolationForest; Mahalanobis; 单变量IQR+3σ; 残差,3.623,34,残差异常：采煤机_牵引部位_左电机_电流 偏高（残差 Z-score=3.6，实际=208.0 vs 预测=40.6）
4,2024-04-01 05:15:00,2024-04-01 05:17:00,3.0,重载,IsolationForest; Mahalanobis; 单变量IQR+3σ; 残差,1.93,102,正常
5,2024-04-01 05:19:00,2024-04-01 05:19:00,1.0,重载,IsolationForest; Mahalanobis; 单变量IQR+3σ; 残差,6.016,34,残差异常：采煤机_油泵_左电机_电流 偏高（残差 Z-score=6.0，实际=61.0 vs 预测=17.0）
6,2024-04-01 05:21:00,2024-04-01 05:21:00,1.0,重载,IsolationForest; Mahalanobis; 单变量IQR+3σ; 残差,4.048,34,残差异常：采煤机_油泵_右电机_电流 偏高（残差 Z-score=4.0，实际=44.0 vs 预测=17.8）
7,2024-04-01 05:24:00,2024-04-01 05:24:00,1.0,重载,IsolationForest; Mahalanobis; 单变量IQR+3σ; 残差,6.292,34,正常
8,2024-04-01 05:29:00,2024-04-01 05:29:00,1.0,停机,IsolationForest; Mahalanobis; 单变量IQR+3σ; 残差,4484.627,34,Mahalanobis 距离=4484.6（阈值=18.5）。主要贡献特征：PC2 (84.8%); PC3 (14.9%)。
9,2024-04-01 05:37:00,2024-04-01 05:40:00,4.0,重载,IsolationForest; Mahalanobis; 单变量IQR+3σ; 残差,6.047,136,正常
10,2024-04-01 05:44:00,2024-04-01 05:44:00,1.0,重载,IsolationForest; Mahalanobis; 单变量IQR+3σ; 残差,7.22,34,正常
11,2024-04-01 05:51:00,2024-04-01 05:51:00,1.0,重载,IsolationForest; Mahalanobis; 单变量IQR+3σ; 残差,4.301,34,残差异常：采煤机_破碎机_电机_电流 偏高（残差 Z-score=4.3，实际=48.0 vs 预测=0.0）
12,2024-04-01 06:08:00,2024-04-01 06:09:00,2.0,重载,IsolationForest; Mahalanobis; 单变量IQR+3σ; 残差,4.936,68,正常
13,2024-04-01 06:20:00,2024-04-01 06:22:00,3.0,重载,IsolationForest; Mahalanobis; 单变量IQR+3σ; 残差,7.079,102,残差异常：采煤机_破碎机_电机_电流 偏高（残差 Z-score=7.1，实际=98.0 vs 预测=19.0）
14,2024-04-01 06:24:00,2024-04-01 06:25:00,2.0,重载,IsolationForest; Mahalanobis; 单变量IQR+3σ; 残差,5.991,68,正常
15,2024-04-01 06:27:00,2024-04-01 06:28:00,2.0,重载,IsolationForest; Mahalanobis; 单变量IQR+3σ; 残差,6.25,68,正常
16,2024-04-01 06:32:00,2024-04-01 06:32:00,1.0,重载,IsolationForest; Mahalanobis; 单变量IQR+3σ; 残差,3.519,34,正常
17,2024-04-01 06:40:00,2024-04-01 06:40:00,1.0,重载,IsolationForest; Mahalanobis; 单变量IQR+3σ; 残差,6.335,34,残差异常：采煤机_油泵_右电机_电流 偏高（残差 Z-score=6.3，实际=58.0 vs 预测=17.0）
18,2024-04-01 06:42:00,2024-04-01 06:55:00,14.0,停机,IsolationForest; Mahalanobis; 单变量IQR+3σ; 残差,2413.127,476,Mahalanobis 距离=2413.1（阈值=18.5）。主要贡献特征：PC2 (76.6%); PC3 (23.1%)。
19,2024-04-01 07:06:00,2024-04-01 07:06:00,1.0,重载,IsolationForest; Mahalanobis; 单变量IQR+3σ; 残差,6.335,34,残差异常：采煤机_油泵_右电机_电流 偏高（残差 Z-score=6.3，实际=58.0 vs 预测=17.0）
20,2024-04-01 07:09:00,2024-04-01 07:18:00,10.0,停机,IsolationForest; Mahalanobis; 单变量IQR+3σ; 残差,2039.2,340,Mahalanobis 距离=2039.2（阈值=18.5）。主要贡献特征：PC2 (76.1%); PC3 (23.9%)。
21,2024-04-01 07:24:00,2024-04-01 07:30:00,7.0,停机,IsolationForest; Mahalanobis; 单变量IQR+3σ; 残差,1184.869,238,Mahalanobis 距离=1184.9（阈值=18.5）。主要贡献特征：PC2 (69.8%); PC3 (29.2%)。
22,2024-04-01 07:34:00,2024-04-01 08:26:00,53.0,停机,IsolationForest; Mahalanobis; 单变量IQR+3σ; 残差,1930.351,1802,Mahalanobis 距离=1930.4（阈值=18.5）。主要贡献特征：PC3 (72.2%); PC2 (27.4%)。
23,2024-04-01 08:30:00,2024-04-01 08:59:00,30.0,停机,IsolationForest; Mahalanobis; 单变量IQR+3σ; 残差,2309.016,1020,Mahalanobis 距离=2309.0（阈值=18.5）。主要贡献特征：PC2 (56.7%); PC3 (42.5%)。
24,2024-04-01 09:04:00,2024-04-01 09:04:00,1.0,重载,IsolationForest; Mahalanobis; 单变量IQR+3σ; 残差,4.567,34,残差异常：采煤机_油泵_左电机_电流 偏高（残差 Z-score=4.6，实际=50.0 vs 预测=16.6）
25,2024-04-01 09:14:00,2024-04-01 09:14:00,1.0,重载,IsolationForest; Mahalanobis; 单变量IQR+3σ; 残差,3.915,34,正常
26,2024-04-01 09:16:00,2024-04-01 09:25:00,10.0,停机,IsolationForest; Mahalanobis; 单变量IQR+3σ; 残差,19029.259,340,Mahalanobis 距离=19029.3（阈值=18.5）。主要贡献特征：PC2 (96.6%); PC3 (3.3%)。
27,2024-04-01 11:22:00,2024-04-01 11:22:00,1.0,轻载,IsolationForest; Mahalanobis; 单变量IQR+3σ; 残差,1.559,34,正常
28,2024-04-01 11:24:00,2024-04-01 11:34:00,11.0,轻载,IsolationForest; Mahalanobis; 单变量IQR+3σ; 残差,1607.36,374,Mahalanobis 距离=1607.4（阈值=18.5）。主要贡献特征：PC2 (72.0%); PC3 (27.7%)。
29,2024-04-01 11:36:00,2024-04-01 11:43:00,8.0,停机,IsolationForest; Mahalanobis; 单变量IQR+3σ; 残差,2584.794,272,Mahalanobis 距离=2584.8（阈值=18.5）。主要贡献特征：PC2 (77.7%); PC3 (22.3%)。
30,2024-04-01 11:45:00,2024-04-01 11:46:00,2.0,轻载,IsolationForest; Mahalanobis; 单变量IQR+3σ; 残差,19.183,68,Mahalanobis 距离=19.2（阈值=18.5）。主要贡献特征：PC3 (73.5%); PC2 (12.5%); PC1 (10.5%)。
31,2024-04-01 12:00:00,2024-04-01 13:41:00,102.0,停机,IsolationForest; Mahalanobis; 单变量IQR+3σ; 残差,10740.909,3468,Mahalanobis 距离=10740.9（阈值=18.5）。主要贡献特征：PC4 (55.7%); PC3 (31.2%); PC2 (13.0%)。
32,2024-04-01 13:58:00,2024-04-01 13:58:00,1.0,重载,IsolationForest; Mahalanobis; 单变量IQR+3σ; 残差,5.657,34,正常
33,2024-04-01 14:09:00,2024-04-01 14:09:00,1.0,重载,IsolationForest; Mahalanobis; 单变量IQR+3σ; 残差,5.659,34,正常
34,2024-04-01 14:12:00,2024-04-01 14:16:00,5.0,轻载,IsolationForest; Mahalanobis; 单变量IQR+3σ; 残差,20.052,170,Mahalanobis 距离=20.1（阈值=18.5）。主要贡献特征：PC2 (79.2%); PC1 (14.4%); PC3 (6.1%)。
35,2024-04-01 15:07:00,2024-04-01 15:18:00,12.0,停机,IsolationForest; Mahalanobis; 单变量IQR+3σ; 残差,2620.392,408,Mahalanobis 距离=2620.4（阈值=18.5）。主要贡献特征：PC2 (78.3%); PC3 (21.3%)。
36,2024-04-01 15:39:00,2024-04-01 16:08:00,30.0,轻载,IsolationForest; Mahalanobis; 单变量IQR+3σ; 残差,3894.74,1020,Mahalanobis 距离=3894.7（阈值=18.5）。主要贡献特征：PC2 (80.6%); PC3 (19.3%)。
37,2024-04-01 16:17:00,2024-04-01 16:17:00,1.0,重载,IsolationForest; Mahalanobis; 单变量IQR+3σ; 残差,4.855,34,正常
38,2024-04-01 16:19:00,2024-04-01 16:20:00,2.0,重载,IsolationForest; Mahalanobis; 单变量IQR+3σ; 残差,3.846,68,正常
39,2024-04-01 16:30:00,2024-04-01 16:30:00,1.0,重载,IsolationForest; Mahalanobis; 单变量IQR+3σ; 残差,4.92,34,正常
40,2024-04-01 16:40:00,2024-04-01 16:40:00,1.0,重载,IsolationForest; Mahalanobis; 单变量IQR+3σ; 残差,4.952,34,正常
41,2024-04-01 16:44:00,2024-04-01 16:44:00,1.0,重载,IsolationForest; Mahalanobis; 单变量IQR+3σ; 残差,3.204,34,残差异常：采煤机_截割部位_左滚筒_电机_电流 偏高（残差 Z-score=3.2，实际=264.0 vs 预测=74.2）
42,2024-04-01 16:46:00,2024-04-01 16:49:00,4.0,停机,IsolationForest; Mahalanobis; 单变量IQR+3σ; 残差,3406.932,136,Mahalanobis 距离=3406.9（阈值=18.5）。主要贡献特征：PC2 (57.9%); PC3 (29.8%); PC4 (12.3%)。
43,2024-04-01 16:55:00,2024-04-01 16:58:00,4.0,重载,IsolationForest; Mahalanobis; 单变量IQR+3σ; 残差,5.508,136,正常
44,2024-04-01 17:06:00,2024-04-01 17:09:00,4.0,重载,IsolationForest; Mahalanobis; 单变量IQR+3σ; 残差,1.512,136,正常
45,2024-04-01 17:34:00,2024-04-01 17:37:00,4.0,停机,IsolationForest; Mahalanobis; 单变量IQR+3σ; 残差,1676.379,136,Mahalanobis 距离=1676.4（阈值=18.5）。主要贡献特征：PC2 (60.0%); PC3 (39.9%)。
46,2024-04-01 17:51:00,2024-04-01 17:54:00,4.0,重载,IsolationForest; Mahalanobis; 单变量IQR+3σ; 残差,5.506,136,正常
47,2024-04-01 17:56:00,2024-04-01 17:56:00,1.0,重载,IsolationForest; Mahalanobis; 单变量IQR+3σ; 残差,3.272,34,残差异常：采煤机_油泵_右电机_温度 偏高（残差 Z-score=3.3，实际=47.0 vs 预测=42.8）
48,2024-04-01 17:59:00,2024-04-01 18:00:00,2.0,重载,IsolationForest; Mahalanobis; 单变量IQR+3σ; 残差,4.142,68,正常
49,2024-04-01 18:02:00,2024-04-01 18:02:00,1.0,重载,IsolationForest; Mahalanobis; 单变量IQR+3σ; 残差,5.859,34,正常
50,2024-04-01 18:21:00,2024-04-01 18:23:00,3.0,重载,IsolationForest; Mahalanobis; 单变量IQR+3σ; 残差,4.854,102,正常
51,2024-04-01 18:46:00,2024-04-01 18:51:00,6.0,停机,IsolationForest; Mahalanobis; 单变量IQR+3σ; 残差,6766.555,204,Mahalanobis 距离=6766.6（阈值=18.5）。主要贡献特征：PC2 (85.5%); PC3 (14.2%)。
52,2024-04-01 18:55:00,2024-04-01 18:58:00,4.0,停机,IsolationForest; Mahalanobis; 单变量IQR+3σ; 残差,2165.562,136,Mahalanobis 距离=2165.6（阈值=18.5）。主要贡献特征：PC2 (70.9%); PC3 (28.8%)。
53,2024-04-01 19:09:00,2024-04-01 19:12:00,4.0,停机,IsolationForest; Mahalanobis; 单变量IQR+3σ; 残差,3316.954,136,Mahalanobis 距离=3317.0（阈值=18.5）。主要贡献特征：PC2 (83.5%); PC3 (16.4%)。
54,2024-04-01 19:18:00,2024-04-01 19:21:00,4.0,重载,IsolationForest; Mahalanobis; 单变量IQR+3σ; 残差,4.984,136,正常
55,2024-04-01 19:26:00,2024-04-01 19:26:00,1.0,重载,IsolationForest; Mahalanobis; 单变量IQR+3σ; 残差,4.155,34,正常
56,2024-04-01 19:30:00,2024-04-01 19:30:00,1.0,重载,IsolationForest; Mahalanobis; 单变量IQR+3σ; 残差,5.6,34,正常
57,2024-04-01 20:03:00,2024-04-01 20:06:00,4.0,停机,IsolationForest; Mahalanobis; 单变量IQR+3σ; 残差,3017.878,136,Mahalanobis 距离=3017.9（阈值=18.5）。主要贡献特征：PC2 (85.8%); PC3 (10.7%); PC4 (3.5%)。
58,2024-04-01 20:08:00,2024-04-01 20:13:00,6.0,停机,IsolationForest; Mahalanobis; 单变量IQR+3σ; 残差,1629.714,204,Mahalanobis 距离=1629.7（阈值=18.5）。主要贡献特征：PC2 (71.1%); PC3 (27.2%); PC4 (1.7%)。
59,2024-04-01 20:21:00,2024-04-01 20:22:00,2.0,重载,IsolationForest; Mahalanobis; 单变量IQR+3σ; 残差,5.484,68,正常
60,2024-04-01 20:26:00,2024-04-01 20:26:00,1.0,重载,IsolationForest; Mahalanobis; 单变量IQR+3σ; 残差,3.146,34,正常
61,2024-04-01 20:29:00,2024-04-01 20:31:00,3.0,重载,IsolationForest; Mahalanobis; 单变量IQR+3σ; 残差,3.592,102,正常
62,2024-04-01 20:36:00,2024-04-01 20:36:00,1.0,重载,IsolationForest; Mahalanobis; 单变量IQR+3σ; 残差,4.077,34,正常
63,2024-04-01 20:46:00,2024-04-01 20:46:00,1.0,重载,IsolationForest; Mahalanobis; 单变量IQR+3σ; 残差,5.585,34,正常
64,2024-04-01 20:51:00,2024-04-01 20:52:00,2.0,轻载,IsolationForest; Mahalanobis; 单变量IQR+3σ; 残差,2688.147,68,Mahalanobis 距离=2688.1（阈值=18.5）。主要贡献特征：PC2 (71.8%); PC3 (27.8%)。
65,2024-04-01 21:08:00,2024-04-01 21:08:00,1.0,重载,IsolationForest; Mahalanobis; 单变量IQR+3σ; 残差,2.54,34,正常
66,2024-04-01 21:11:00,2024-04-01 21:11:00,1.0,重载,IsolationForest; Mahalanobis; 单变量IQR+3σ; 残差,6.489,34,残差异常：采煤机_油泵_右电机_电流 偏高（残差 Z-score=6.5，实际=59.0 vs 预测=17.0）
67,2024-04-01 21:21:00,2024-04-01 21:27:00,7.0,停机,IsolationForest; Mahalanobis; 单变量IQR+3σ; 残差,3088.784,238,Mahalanobis 距离=3088.8（阈值=18.5）。主要贡献特征：PC2 (80.9%); PC3 (18.5%)。
68,2024-04-01 21:36:00,2024-04-01 21:39:00,4.0,停机,IsolationForest; Mahalanobis; 单变量IQR+3σ; 残差,2732.84,136,Mahalanobis 距离=2732.8（阈值=18.5）。主要贡献特征：PC2 (79.7%); PC3 (19.9%)。
69,2024-04-01 22:00:00,2024-04-01 22:01:00,2.0,重载,IsolationForest; Mahalanobis; 单变量IQR+3σ; 残差,5.485,68,正常
70,2024-04-01 22:13:00,2024-04-01 22:13:00,1.0,重载,IsolationForest; Mahalanobis; 单变量IQR+3σ; 残差,3.512,34,残差异常：采煤机_油泵_左油箱_油压 偏高（残差 Z-score=3.5，实际=14.1 vs 预测=2.4）
71,2024-04-01 22:15:00,2024-04-01 22:15:00,1.0,重载,IsolationForest; Mahalanobis; 单变量IQR+3σ; 残差,1.298,34,正常
72,2024-04-01 22:21:00,2024-04-01 22:23:00,3.0,重载,IsolationForest; Mahalanobis; 单变量IQR+3σ; 残差,2.554,102,正常
73,2024-04-01 22:27:00,2024-04-01 22:33:00,7.0,停机,IsolationForest; Mahalanobis; 单变量IQR+3σ; 残差,4115.015,238,Mahalanobis 距离=4115.0（阈值=18.5）。主要贡献特征：PC2 (77.7%); PC3 (22.1%)。
74,2024-04-01 22:38:00,2024-04-01 22:39:00,2.0,停机,IsolationForest; Mahalanobis; 单变量IQR+3σ; 残差,2856.858,68,Mahalanobis 距离=2856.9（阈值=18.5）。主要贡献特征：PC2 (74.7%); PC3 (24.9%)。
75,2024-04-01 22:53:00,2024-04-01 22:54:00,2.0,重载,IsolationForest; Mahalanobis; 单变量IQR+3σ; 残差,3.044,68,残差异常：采煤机_油泵_左电机_温度 偏高（残差 Z-score=3.0，实际=58.0 vs 预测=54.4）
76,2024-04-01 22:57:00,2024-04-01 22:57:00,1.0,重载,IsolationForest; Mahalanobis; 单变量IQR+3σ; 残差,4.122,34,残差异常：采煤机_破碎机_电机_电流 偏高（残差 Z-score=4.1，实际=46.0 vs 预测=0.0）
77,2024-04-01 23:25:00,2024-04-01 23:25:00,1.0,停机,IsolationForest; Mahalanobis; 单变量IQR+3σ; 残差,2152.327,34,Mahalanobis 距离=2152.3（阈值=18.5）。主要贡献特征：PC2 (65.4%); PC3 (34.5%)。
78,2024-04-01 23:33:00,2024-04-01 23:33:00,1.0,停机,IsolationForest; Mahalanobis; 单变量IQR+3σ; 残差,3212.604,34,Mahalanobis 距离=3212.6（阈值=18.5）。主要贡献特征：PC2 (75.2%); PC3 (24.2%)。
79,2024-04-01 23:43:00,2024-04-01 23:49:00,7.0,停机,IsolationForest; Mahalanobis; 单变量IQR+3σ; 残差,11981.504,238,Mahalanobis 距离=11981.5（阈值=18.5）。主要贡献特征：PC2 (53.0%); PC3 (28.0%); PC4 (19.0%)。
80,2024-04-01 23:57:00,2024-04-01 23:57:00,1.0,重载,IsolationForest; Mahalanobis; 单变量IQR+3σ; 残差,3.204,34,残差异常：采煤机_截割部位_左滚筒_电机_电流 偏高（残差 Z-score=3.2，实际=283.0 vs 预测=93.2）
81,2024-04-01 23:59:00,2024-04-02 00:00:00,2.0,重载,IsolationForest; Mahalanobis; 单变量IQR+3σ; 残差,5.697,68,正常
82,2024-04-02 00:04:00,2024-04-02 00:04:00,1.0,重载,IsolationForest; Mahalanobis; 单变量IQR+3σ; 残差,6.706,34,残差异常：采煤机_油泵_右电机_电流 偏高（残差 Z-score=6.7，实际=60.0 vs 预测=16.6）
83,2024-04-02 00:13:00,2024-04-02 00:13:00,1.0,重载,IsolationForest; Mahalanobis; 单变量IQR+3σ; 残差,4.821,34,残差异常：采煤机_油泵_右电机_电流 偏高（残差 Z-score=4.8，实际=48.0 vs 预测=16.8）
84,2024-04-02 00:16:00,2024-04-02 00:17:00,2.0,重载,IsolationForest; Mahalanobis; 单变量IQR+3σ; 残差,5.568,68,正常
85,2024-04-02 00:19:00,2024-04-02 00:19:00,1.0,重载,IsolationForest; Mahalanobis; 单变量IQR+3σ; 残差,4.733,34,正常
86,2024-04-02 00:25:00,2024-04-02 00:25:00,1.0,重载,IsolationForest; Mahalanobis; 单变量IQR+3σ; 残差,5.308,34,正常
87,2024-04-02 00:41:00,2024-04-02 00:41:00,1.0,停机,IsolationForest; Mahalanobis; 单变量IQR+3σ; 残差,7772.674,34,Mahalanobis 距离=7772.7（阈值=18.5）。主要贡献特征：PC2 (90.3%); PC3 (8.6%); PC4 (1.1%)。
88,2024-04-02 00:45:00,2024-04-02 00:46:00,2.0,重载,IsolationForest; Mahalanobis; 单变量IQR+3σ; 残差,4.278,68,正常
89,2024-04-02 00:50:00,2024-04-02 00:52:00,3.0,停机,IsolationForest; Mahalanobis; 单变量IQR+3σ; 残差,8071.324,102,Mahalanobis 距离=8071.3（阈值=18.5）。主要贡献特征：PC2 (90.5%); PC3 (8.8%)。
90,2024-04-02 00:54:00,2024-04-02 01:02:00,9.0,停机,IsolationForest; Mahalanobis; 单变量IQR+3σ; 残差,2177.651,306,Mahalanobis 距离=2177.7（阈值=18.5）。主要贡献特征：PC2 (73.7%); PC3 (25.7%)。
91,2024-04-02 01:15:00,2024-04-02 01:18:00,4.0,停机,IsolationForest; Mahalanobis; 单变量IQR+3σ; 残差,2198.439,136,Mahalanobis 距离=2198.4（阈值=18.5）。主要贡献特征：PC2 (80.5%); PC3 (18.4%); PC4 (1.1%)。
92,2024-04-02 01:25:00,2024-04-02 01:26:00,2.0,重载,IsolationForest; Mahalanobis; 单变量IQR+3σ; 残差,3.161,68,正常
93,2024-04-02 01:30:00,2024-04-02 01:30:00,1.0,停机,IsolationForest; Mahalanobis; 单变量IQR+3σ; 残差,3648.227,34,Mahalanobis 距离=3648.2（阈值=18.5）。主要贡献特征：PC2 (79.8%); PC3 (20.0%)。
94,2024-04-02 01:39:00,2024-04-02 01:39:00,1.0,重载,IsolationForest; Mahalanobis; 单变量IQR+3σ; 残差,4.92,34,正常
95,2024-04-02 01:44:00,2024-04-02 01:44:00,1.0,重载,IsolationForest; Mahalanobis; 单变量IQR+3σ; 残差,5.794,34,正常
96,2024-04-02 02:03:00,2024-04-02 02:03:00,1.0,重载,IsolationForest; Mahalanobis; 单变量IQR+3σ; 残差,5.315,34,残差异常：采煤机_油泵_右电机_电流 偏高（残差 Z-score=5.3，实际=51.0 vs 预测=16.6）
97,2024-04-02 02:07:00,2024-04-02 02:07:00,1.0,重载,IsolationForest; Mahalanobis; 单变量IQR+3σ; 残差,6.621,34,正常
98,2024-04-02 02:40:00,2024-04-02 02:40:00,1.0,重载,IsolationForest; Mahalanobis; 单变量IQR+3σ; 残差,1.683,34,正常
99,2024-04-02 02:46:00,2024-04-02 02:46:00,1.0,停机,IsolationForest; Mahalanobis; 单变量IQR+3σ; 残差,1952.574,34,Mahalanobis 距离=1952.6（阈值=18.5）。主要贡献特征：PC2 (65.4%); PC3 (34.2%)。
100,2024-04-02 02:52:00,2024-04-02 02:54:00,3.0,重载,IsolationForest; Mahalanobis; 单变量IQR+3σ; 残差,5.688,102,正常
101,2024-04-02 03:03:00,2024-04-02 03:03:00,1.0,重载,IsolationForest; Mahalanobis; 单变量IQR+3σ; 残差,4.95,34,残差异常：采煤机_油泵_左电机_电流 偏高（残差 Z-score=4.9，实际=53.0 vs 预测=16.8）
102,2024-04-02 03:06:00,2024-04-02 03:06:00,1.0,重载,IsolationForest; Mahalanobis; 单变量IQR+3σ; 残差,3.851,34,正常
103,2024-04-02 03:08:00,2024-04-02 03:09:00,2.0,停机,IsolationForest; Mahalanobis; 单变量IQR+3σ; 残差,1586.327,68,Mahalanobis 距离=1586.3（阈值=18.5）。主要贡献特征：PC2 (69.5%); PC3 (29.3%); PC4 (1.2%)。
104,2024-04-02 03:11:00,2024-04-02 03:14:00,4.0,停机,IsolationForest; Mahalanobis; 单变量IQR+3σ; 残差,927.724,136,Mahalanobis 距离=927.7（阈值=18.5）。主要贡献特征：PC3 (58.2%); PC2 (26.7%); PC4 (15.1%)。
105,2024-04-02 03:24:00,2024-04-02 03:24:00,1.0,重载,IsolationForest; Mahalanobis; 单变量IQR+3σ; 残差,5.406,34,正常
106,2024-04-02 03:34:00,2024-04-02 03:35:00,2.0,重载,IsolationForest; Mahalanobis; 单变量IQR+3σ; 残差,5.466,68,正常
107,2024-04-02 03:41:00,2024-04-02 03:51:00,11.0,停机,IsolationForest; Mahalanobis; 单变量IQR+3σ; 残差,2883.929,374,Mahalanobis 距离=2883.9（阈值=18.5）。主要贡献特征：PC2 (74.5%); PC3 (23.3%); PC4 (2.2%)。
108,2024-04-02 03:55:00,2024-04-02 03:57:00,3.0,重载,IsolationForest; Mahalanobis; 单变量IQR+3σ; 残差,2.75,102,正常
109,2024-04-02 03:59:00,2024-04-02 03:59:00,1.0,重载,IsolationForest; Mahalanobis; 单变量IQR+3σ; 残差,5.537,34,正常
110,2024-04-02 04:11:00,2024-04-02 04:14:00,4.0,重载,IsolationForest; Mahalanobis; 单变量IQR+3σ; 残差,5.211,136,单变量异常：采煤机_油泵_左油箱_油压（z-score=5.2，实际=19.4，均值=3.3±3.1）
111,2024-04-02 04:22:00,2024-04-02 04:22:00,1.0,重载,IsolationForest; Mahalanobis; 单变量IQR+3σ; 残差,4.79,34,正常
112,2024-04-02 04:27:00,2024-04-02 04:27:00,1.0,重载,IsolationForest; Mahalanobis; 单变量IQR+3σ; 残差,5.622,34,正常
113,2024-04-02 04:32:00,2024-04-02 04:32:00,1.0,重载,IsolationForest; Mahalanobis; 单变量IQR+3σ; 残差,3.349,34,残差异常：采煤机_截割部位_左滚筒_电机_电流 偏高（残差 Z-score=3.3，实际=267.0 vs 预测=68.6）
114,2024-04-02 04:47:00,2024-04-02 04:47:00,1.0,重载,IsolationForest; Mahalanobis; 单变量IQR+3σ; 残差,3.98,34,正常
115,2024-04-02 04:50:00,2024-04-02 04:50:00,1.0,停机,IsolationForest; Mahalanobis; 单变量IQR+3σ; 残差,1494.655,34,Mahalanobis 距离=1494.7（阈值=18.5）。主要贡献特征：PC2 (66.2%); PC3 (33.0%)。
116,2024-04-02 04:52:00,2024-04-02 04:59:00,8.0,停机,IsolationForest; Mahalanobis; 单变量IQR+3σ; 残差,1664.597,272,Mahalanobis 距离=1664.6（阈值=18.5）。主要贡献特征：PC2 (77.0%); PC3 (22.8%)。
117,2024-04-02 05:01:00,2024-04-02 05:01:00,1.0,重载,IsolationForest; Mahalanobis; 单变量IQR+3σ; 残差,1.379,34,正常
118,2024-04-02 05:06:00,2024-04-02 05:06:00,1.0,重载,IsolationForest; Mahalanobis; 单变量IQR+3σ; 残差,3.925,34,残差异常：采煤机_油泵_右电机_电流 偏高（残差 Z-score=3.9，实际=42.0 vs 预测=16.6）
119,2024-04-02 05:11:00,2024-04-02 05:11:00,1.0,重载,IsolationForest; Mahalanobis; 单变量IQR+3σ; 残差,5.715,34,残差异常：采煤机_油泵_左电机_电流 偏高（残差 Z-score=5.7，实际=58.0 vs 预测=16.2）
120,2024-04-02 05:13:00,2024-04-02 05:15:00,3.0,重载,IsolationForest; Mahalanobis; 单变量IQR+3σ; 残差,2.162,102,正常
121,2024-04-02 05:27:00,2024-04-02 05:27:00,1.0,重载,IsolationForest; Mahalanobis; 单变量IQR+3σ; 残差,5.469,34,残差异常：采煤机_油泵_左电机_电流 偏高（残差 Z-score=5.5，实际=56.0 vs 预测=16.0）
122,2024-04-02 05:30:00,2024-04-02 05:30:00,1.0,重载,IsolationForest; Mahalanobis; 单变量IQR+3σ; 残差,6.843,34,正常
123,2024-04-02 05:32:00,2024-04-02 05:32:00,1.0,停机,IsolationForest; Mahalanobis; 单变量IQR+3σ; 残差,3095.345,34,Mahalanobis 距离=3095.3（阈值=18.5）。主要贡献特征：PC2 (68.5%); PC3 (31.5%)。
124,2024-04-02 05:34:00,2024-04-02 05:34:00,1.0,重载,IsolationForest; Mahalanobis; 单变量IQR+3σ; 残差,1.338,34,正常
125,2024-04-02 05:40:00,2024-04-02 05:44:00,5.0,停机,IsolationForest; Mahalanobis; 单变量IQR+3σ; 残差,2562.737,170,Mahalanobis 距离=2562.7（阈值=18.5）。主要贡献特征：PC2 (89.4%); PC3 (9.9%)。
126,2024-04-02 05:51:00,2024-04-02 05:51:00,1.0,重载,IsolationForest; Mahalanobis; 单变量IQR+3σ; 残差,4.649,34,残差异常：采煤机_油泵_左电机_电流 偏高（残差 Z-score=4.6，实际=50.0 vs 预测=16.0）
127,2024-04-02 05:58:00,2024-04-02 06:01:00,4.0,停机,IsolationForest; Mahalanobis; 单变量IQR+3σ; 残差,4428.186,136,Mahalanobis 距离=4428.2（阈值=18.5）。主要贡献特征：PC2 (82.8%); PC3 (15.9%); PC4 (1.3%)。
128,2024-04-02 06:08:00,2024-04-02 06:08:00,1.0,重载,IsolationForest; Mahalanobis; 单变量IQR+3σ; 残差,4.419,34,残差异常：采煤机_油泵_右电机_电流 偏高（残差 Z-score=4.4，实际=45.0 vs 预测=16.4）
129,2024-04-02 06:16:00,2024-04-02 06:16:00,1.0,重载,IsolationForest; Mahalanobis; 单变量IQR+3σ; 残差,3.325,34,残差异常：采煤机_截割部位_右滚筒_电机_电流 偏高（残差 Z-score=3.3，实际=281.0 vs 预测=82.4）
130,2024-04-02 06:23:00,2024-04-02 06:23:00,1.0,重载,IsolationForest; Mahalanobis; 单变量IQR+3σ; 残差,4.499,34,正常
131,2024-04-02 06:27:00,2024-04-02 06:40:00,14.0,停机,IsolationForest; Mahalanobis; 单变量IQR+3σ; 残差,6097.256,476,Mahalanobis 距离=6097.3（阈值=18.5）。主要贡献特征：PC2 (86.7%); PC3 (12.0%); PC4 (1.3%)。
132,2024-04-02 06:47:00,2024-04-02 06:47:00,1.0,停机,IsolationForest; Mahalanobis; 单变量IQR+3σ; 残差,4790.438,34,Mahalanobis 距离=4790.4（阈值=18.5）。主要贡献特征：PC2 (82.3%); PC3 (17.2%)。
133,2024-04-02 06:51:00,2024-04-02 06:51:00,1.0,重载,IsolationForest; Mahalanobis; 单变量IQR+3σ; 残差,3.692,34,正常
134,2024-04-02 06:53:00,2024-04-02 06:53:00,1.0,重载,IsolationForest; Mahalanobis; 单变量IQR+3σ; 残差,5.276,34,正常
135,2024-04-02 07:03:00,2024-04-02 07:03:00,1.0,重载,IsolationForest; Mahalanobis; 单变量IQR+3σ; 残差,3.038,34,正常
136,2024-04-02 07:11:00,2024-04-02 07:11:00,1.0,重载,IsolationForest; Mahalanobis; 单变量IQR+3σ; 残差,4.252,34,正常
137,2024-04-02 07:24:00,2024-04-02 07:24:00,1.0,停机,IsolationForest; Mahalanobis; 单变量IQR+3σ; 残差,3296.832,34,Mahalanobis 距离=3296.8（阈值=18.5）。主要贡献特征：PC2 (75.3%); PC3 (24.6%)。
138,2024-04-02 07:30:00,2024-04-02 07:30:00,1.0,重载,IsolationForest; Mahalanobis; 单变量IQR+3σ; 残差,3.336,34,残差异常：采煤机_油泵_左电机_电流 偏高（残差 Z-score=3.3，实际=41.0 vs 预测=16.6）
139,2024-04-02 07:34:00,2024-04-02 07:34:00,1.0,重载,IsolationForest; Mahalanobis; 单变量IQR+3σ; 残差,5.412,34,正常
140,2024-04-02 07:38:00,2024-04-02 07:38:00,1.0,重载,IsolationForest; Mahalanobis; 单变量IQR+3σ; 残差,1.779,34,正常
141,2024-04-02 07:43:00,2024-04-02 07:46:00,4.0,停机,IsolationForest; Mahalanobis; 单变量IQR+3σ; 残差,2464.007,136,Mahalanobis 距离=2464.0（阈值=18.5）。主要贡献特征：PC2 (71.6%); PC3 (27.7%)。
142,2024-04-02 07:49:00,2024-04-02 07:49:00,1.0,轻载,IsolationForest; Mahalanobis; 单变量IQR+3σ; 残差,5.986,34,正常
143,2024-04-02 07:52:00,2024-04-02 07:52:00,1.0,轻载,IsolationForest; Mahalanobis; 单变量IQR+3σ; 残差,4.042,34,正常
144,2024-04-02 07:58:00,2024-04-02 07:58:00,1.0,轻载,IsolationForest; Mahalanobis; 单变量IQR+3σ; 残差,1.868,34,正常
145,2024-04-02 08:08:00,2024-04-02 08:10:00,3.0,重载,IsolationForest; Mahalanobis; 单变量IQR+3σ; 残差,5.472,102,正常
146,2024-04-02 08:13:00,2024-04-02 08:13:00,1.0,重载,IsolationForest; Mahalanobis; 单变量IQR+3σ; 残差,3.181,34,残差异常：采煤机_牵引部位_左电机_温度 偏高（残差 Z-score=3.2，实际=59.0 vs 预测=50.2）
147,2024-04-02 08:16:00,2024-04-02 08:16:00,1.0,停机,IsolationForest; Mahalanobis; 单变量IQR+3σ; 残差,2701.478,34,Mahalanobis 距离=2701.5（阈值=18.5）。主要贡献特征：PC2 (74.4%); PC3 (24.9%)。
148,2024-04-02 08:18:00,2024-04-02 08:19:00,2.0,重载,IsolationForest; Mahalanobis; 单变量IQR+3σ; 残差,7.284,68,正常
149,2024-04-02 08:22:00,2024-04-02 08:25:00,4.0,停机,IsolationForest; Mahalanobis; 单变量IQR+3σ; 残差,1909.664,136,Mahalanobis 距离=1909.7（阈值=18.5）。主要贡献特征：PC2 (79.4%); PC3 (20.5%)。
150,2024-04-02 08:35:00,2024-04-02 08:35:00,1.0,重载,IsolationForest; Mahalanobis; 单变量IQR+3σ; 残差,6.613,34,残差异常：采煤机_油泵_右电机_电流 偏高（残差 Z-score=6.6，实际=61.0 vs 预测=18.2）
151,2024-04-02 08:41:00,2024-04-02 08:41:00,1.0,停机,IsolationForest; Mahalanobis; 单变量IQR+3σ; 残差,1483.288,34,Mahalanobis 距离=1483.3（阈值=18.5）。主要贡献特征：PC2 (67.8%); PC3 (30.3%); PC4 (1.8%)。
152,2024-04-02 09:00:00,2024-04-02 09:00:00,1.0,停机,IsolationForest; Mahalanobis; 单变量IQR+3σ; 残差,2233.492,34,Mahalanobis 距离=2233.5（阈值=18.5）。主要贡献特征：PC2 (65.2%); PC3 (34.8%)。
153,2024-04-02 09:11:00,2024-04-02 09:11:00,1.0,重载,IsolationForest; Mahalanobis; 单变量IQR+3σ; 残差,5.6,34,正常
154,2024-04-02 09:33:00,2024-04-02 09:36:00,4.0,重载,IsolationForest; Mahalanobis; 单变量IQR+3σ; 残差,2.268,136,正常
155,2024-04-02 09:41:00,2024-04-02 09:43:00,3.0,重载,IsolationForest; Mahalanobis; 单变量IQR+3σ; 残差,5.503,102,正常
156,2024-04-02 09:47:00,2024-04-02 09:47:00,1.0,重载,IsolationForest; Mahalanobis; 单变量IQR+3σ; 残差,5.133,34,正常
157,2024-04-02 09:50:00,2024-04-02 09:51:00,2.0,重载,IsolationForest; Mahalanobis; 单变量IQR+3σ; 残差,4.435,68,正常
158,2024-04-02 09:58:00,2024-04-02 09:58:00,1.0,重载,IsolationForest; Mahalanobis; 单变量IQR+3σ; 残差,5.871,34,残差异常：采煤机_油泵_右电机_电流 偏高（残差 Z-score=5.9，实际=55.0 vs 预测=17.0）
159,2024-04-02 10:06:00,2024-04-02 10:06:00,1.0,重载,IsolationForest; Mahalanobis; 单变量IQR+3σ; 残差,4.635,34,残差异常：采煤机_油泵_右电机_电流 偏高（残差 Z-score=4.6，实际=47.0 vs 预测=17.0）
160,2024-04-02 10:14:00,2024-04-02 10:14:00,1.0,停机,IsolationForest; Mahalanobis; 单变量IQR+3σ; 残差,2959.953,34,Mahalanobis 距离=2960.0（阈值=18.5）。主要贡献特征：PC2 (76.0%); PC3 (23.9%)。
161,2024-04-02 10:18:00,2024-04-02 10:19:00,2.0,停机,IsolationForest; Mahalanobis; 单变量IQR+3σ; 残差,1682.256,68,Mahalanobis 距离=1682.3（阈值=18.5）。主要贡献特征：PC2 (68.7%); PC3 (29.7%); PC4 (1.7%)。
162,2024-04-02 10:48:00,2024-04-02 10:48:00,1.0,停机,IsolationForest; Mahalanobis; 单变量IQR+3σ; 残差,2175.743,34,Mahalanobis 距离=2175.7（阈值=18.5）。主要贡献特征：PC2 (71.3%); PC3 (28.0%)。
163,2024-04-02 10:52:00,2024-04-02 10:55:00,4.0,停机,IsolationForest; Mahalanobis; 单变量IQR+3σ; 残差,2055.312,136,Mahalanobis 距离=2055.3（阈值=18.5）。主要贡献特征：PC2 (89.7%); PC4 (8.0%); PC3 (2.3%)。
164,2024-04-02 13:36:00,2024-04-02 16:04:00,149.0,停机,IsolationForest; Mahalanobis; 单变量IQR+3σ; 残差,32756.938,5066,Mahalanobis 距离=32756.9（阈值=18.5）。主要贡献特征：PC2 (93.4%); PC3 (6.6%)。
165,2024-04-02 16:06:00,2024-04-02 16:11:00,6.0,停机,IsolationForest; Mahalanobis; 单变量IQR+3σ; 残差,18.794,204,Mahalanobis 距离=18.8（阈值=18.5）。主要贡献特征：PC2 (83.0%); PC1 (8.8%); PC3 (7.1%)。
166,2024-04-02 16:13:00,2024-04-02 16:17:00,5.0,停机,IsolationForest; Mahalanobis; 单变量IQR+3σ; 残差,684.165,170,Mahalanobis 距离=684.2（阈值=18.5）。主要贡献特征：PC4 (58.2%); PC3 (30.9%); PC2 (10.9%)。
167,2024-04-02 16:21:00,2024-04-02 16:33:00,13.0,停机,IsolationForest; Mahalanobis; 单变量IQR+3σ; 残差,2130.67,442,Mahalanobis 距离=2130.7（阈值=18.5）。主要贡献特征：PC2 (68.5%); PC3 (29.5%); PC4 (2.0%)。
168,2024-04-02 16:44:00,2024-04-02 16:45:00,2.0,重载,IsolationForest; Mahalanobis; 单变量IQR+3σ; 残差,5.47,68,正常
169,2024-04-02 16:50:00,2024-04-02 16:54:00,5.0,停机,IsolationForest; Mahalanobis; 单变量IQR+3σ; 残差,7215.742,170,Mahalanobis 距离=7215.7（阈值=18.5）。主要贡献特征：PC2 (89.8%); PC3 (9.0%); PC4 (1.2%)。
170,2024-04-02 16:56:00,2024-04-02 17:00:00,5.0,重载,IsolationForest; Mahalanobis; 单变量IQR+3σ; 残差,4.199,170,正常
171,2024-04-02 17:15:00,2024-04-02 17:18:00,4.0,重载,IsolationForest; Mahalanobis; 单变量IQR+3σ; 残差,6.746,136,正常
172,2024-04-02 17:23:00,2024-04-02 17:23:00,1.0,重载,IsolationForest; Mahalanobis; 单变量IQR+3σ; 残差,5.114,34,正常
173,2024-04-02 17:45:00,2024-04-02 17:45:00,1.0,重载,IsolationForest; Mahalanobis; 单变量IQR+3σ; 残差,6.288,34,正常
174,2024-04-02 17:49:00,2024-04-02 17:49:00,1.0,重载,IsolationForest; Mahalanobis; 单变量IQR+3σ; 残差,5.879,34,残差异常：采煤机_油泵_左电机_电流 偏高（残差 Z-score=5.9，实际=59.0 vs 预测=16.0）
175,2024-04-02 17:58:00,2024-04-02 17:58:00,1.0,重载,IsolationForest; Mahalanobis; 单变量IQR+3σ; 残差,4.252,34,正常
176,2024-04-02 18:07:00,2024-04-02 18:07:00,1.0,重载,IsolationForest; Mahalanobis; 单变量IQR+3σ; 残差,1.989,34,正常
177,2024-04-02 18:09:00,2024-04-02 18:10:00,2.0,停机,IsolationForest; Mahalanobis; 单变量IQR+3σ; 残差,2403.349,68,Mahalanobis 距离=2403.3（阈值=18.5）。主要贡献特征：PC2 (62.8%); PC3 (37.0%)。
178,2024-04-02 18:14:00,2024-04-02 18:14:00,1.0,重载,IsolationForest; Mahalanobis; 单变量IQR+3σ; 残差,3.047,34,残差异常：采煤机_破碎机_电机_电流 偏高（残差 Z-score=3.0，实际=40.0 vs 预测=6.0）
179,2024-04-02 18:17:00,2024-04-02 18:17:00,1.0,重载,IsolationForest; Mahalanobis; 单变量IQR+3σ; 残差,7.214,34,正常
180,2024-04-02 18:22:00,2024-04-02 18:22:00,1.0,重载,IsolationForest; Mahalanobis; 单变量IQR+3σ; 残差,6.928,34,正常
181,2024-04-02 18:30:00,2024-04-02 18:30:00,1.0,重载,IsolationForest; Mahalanobis; 单变量IQR+3σ; 残差,14.644,34,残差异常：采煤机_截割部位_左滚筒_电机_电流 偏高（残差 Z-score=14.6，实际=931.0 vs 预测=63.6）
182,2024-04-02 18:56:00,2024-04-02 18:56:00,1.0,重载,IsolationForest; Mahalanobis; 单变量IQR+3σ; 残差,4.944,34,残差异常：采煤机_油泵_右电机_电流 偏高（残差 Z-score=4.9，实际=49.0 vs 预测=17.0）
183,2024-04-02 19:09:00,2024-04-02 19:09:00,1.0,重载,IsolationForest; Mahalanobis; 单变量IQR+3σ; 残差,3.008,34,残差异常：采煤机_油泵_左电机_电流 偏高（残差 Z-score=3.0，实际=39.0 vs 预测=17.0）
184,2024-04-02 19:12:00,2024-04-02 19:12:00,1.0,重载,IsolationForest; Mahalanobis; 单变量IQR+3σ; 残差,5.585,34,正常
185,2024-04-02 19:31:00,2024-04-02 19:33:00,3.0,重载,IsolationForest; Mahalanobis; 单变量IQR+3σ; 残差,2.012,102,正常
186,2024-04-02 19:37:00,2024-04-02 19:41:00,5.0,停机,IsolationForest; Mahalanobis; 单变量IQR+3σ; 残差,3461.954,170,Mahalanobis 距离=3462.0（阈值=18.5）。主要贡献特征：PC2 (70.4%); PC3 (29.5%)。
187,2024-04-02 19:48:00,2024-04-02 19:49:00,2.0,重载,IsolationForest; Mahalanobis; 单变量IQR+3σ; 残差,3.757,68,正常
188,2024-04-02 19:51:00,2024-04-02 19:55:00,5.0,停机,IsolationForest; Mahalanobis; 单变量IQR+3σ; 残差,7705.431,170,Mahalanobis 距离=7705.4（阈值=18.5）。主要贡献特征：PC2 (86.7%); PC3 (11.7%); PC4 (1.5%)。
189,2024-04-02 19:59:00,2024-04-02 19:59:00,1.0,重载,IsolationForest; Mahalanobis; 单变量IQR+3σ; 残差,5.168,34,残差异常：采煤机_油泵_左电机_电流 偏高（残差 Z-score=5.2，实际=54.0 vs 预测=16.2）
190,2024-04-02 20:01:00,2024-04-02 20:01:00,1.0,重载,IsolationForest; Mahalanobis; 单变量IQR+3σ; 残差,1.817,34,正常
191,2024-04-02 20:08:00,2024-04-02 20:08:00,1.0,重载,IsolationForest; Mahalanobis; 单变量IQR+3σ; 残差,2.192,34,正常
192,2024-04-02 20:10:00,2024-04-02 20:10:00,1.0,停机,IsolationForest; Mahalanobis; 单变量IQR+3σ; 残差,2958.792,34,Mahalanobis 距离=2958.8（阈值=18.5）。主要贡献特征：PC2 (64.9%); PC3 (34.9%)。
193,2024-04-02 20:17:00,2024-04-02 20:17:00,1.0,停机,IsolationForest; Mahalanobis; 单变量IQR+3σ; 残差,1939.218,34,Mahalanobis 距离=1939.2（阈值=18.5）。主要贡献特征：PC2 (66.9%); PC3 (32.6%)。
194,2024-04-02 20:23:00,2024-04-02 20:23:00,1.0,重载,IsolationForest; Mahalanobis; 单变量IQR+3σ; 残差,3.677,34,残差异常：采煤机_油泵_右电机_电流 偏高（残差 Z-score=3.7，实际=42.0 vs 预测=18.2）
195,2024-04-02 20:25:00,2024-04-02 20:25:00,1.0,重载,IsolationForest; Mahalanobis; 单变量IQR+3σ; 残差,3.262,34,残差异常：采煤机_截割部位_左滚筒_电机_电流 偏高（残差 Z-score=3.3，实际=287.0 vs 预测=93.8）
196,2024-04-02 20:28:00,2024-04-02 20:28:00,1.0,重载,IsolationForest; Mahalanobis; 单变量IQR+3σ; 残差,4.328,34,正常
197,2024-04-02 20:32:00,2024-04-02 20:32:00,1.0,重载,IsolationForest; Mahalanobis; 单变量IQR+3σ; 残差,7.658,34,正常
198,2024-04-02 20:39:00,2024-04-02 20:41:00,3.0,停机,IsolationForest; Mahalanobis; 单变量IQR+3σ; 残差,3244.995,102,Mahalanobis 距离=3245.0（阈值=18.5）。主要贡献特征：PC2 (72.8%); PC3 (26.7%)。
199,2024-04-02 20:54:00,2024-04-02 20:54:00,1.0,重载,IsolationForest; Mahalanobis; 单变量IQR+3σ; 残差,5.6,34,正常
200,2024-04-02 21:02:00,2024-04-02 21:02:00,1.0,重载,IsolationForest; Mahalanobis; 单变量IQR+3σ; 残差,3.136,34,残差异常：采煤机_破碎机_电机_电流 偏高（残差 Z-score=3.1，实际=35.0 vs 预测=0.0）
201,2024-04-02 21:08:00,2024-04-02 21:11:00,4.0,重载,IsolationForest; Mahalanobis; 单变量IQR+3σ; 残差,4.83,136,正常
202,2024-04-02 21:21:00,2024-04-02 21:27:00,7.0,重载,IsolationForest; Mahalanobis; 单变量IQR+3σ; 残差,3.117,238,残差异常：采煤机_油泵_左电机_电流 偏高（残差 Z-score=3.1，实际=39.0 vs 预测=16.2）
203,2024-04-02 21:45:00,2024-04-02 21:45:00,1.0,重载,IsolationForest; Mahalanobis; 单变量IQR+3σ; 残差,5.881,34,正常
204,2024-04-02 21:49:00,2024-04-02 21:49:00,1.0,重载,IsolationForest; Mahalanobis; 单变量IQR+3σ; 残差,4.733,34,正常
205,2024-04-02 21:52:00,2024-04-02 21:52:00,1.0,重载,IsolationForest; Mahalanobis; 单变量IQR+3σ; 残差,4.918,34,正常
206,2024-04-02 21:59:00,2024-04-02 22:02:00,4.0,停机,IsolationForest; Mahalanobis; 单变量IQR+3σ; 残差,2638.222,136,Mahalanobis 距离=2638.2（阈值=18.5）。主要贡献特征：PC2 (67.1%); PC3 (32.1%)。
207,2024-04-02 22:14:00,2024-04-02 22:16:00,3.0,重载,IsolationForest; Mahalanobis; 单变量IQR+3σ; 残差,5.455,102,正常
208,2024-04-02 22:24:00,2024-04-02 22:24:00,1.0,重载,IsolationForest; Mahalanobis; 单变量IQR+3σ; 残差,7.417,34,残差异常：采煤机_油泵_右电机_电流 偏高（残差 Z-score=7.4，实际=65.0 vs 预测=17.0）
209,2024-04-02 22:30:00,2024-04-02 22:30:00,1.0,重载,IsolationForest; Mahalanobis; 单变量IQR+3σ; 残差,7.187,34,正常
210,2024-04-02 22:32:00,2024-04-02 22:34:00,3.0,重载,IsolationForest; Mahalanobis; 单变量IQR+3σ; 残差,5.146,102,正常
211,2024-04-02 22:49:00,2024-04-02 22:50:00,2.0,停机,IsolationForest; Mahalanobis; 单变量IQR+3σ; 残差,2298.18,68,Mahalanobis 距离=2298.2（阈值=18.5）。主要贡献特征：PC2 (72.2%); PC3 (26.9%)。
212,2024-04-02 22:58:00,2024-04-02 22:58:00,1.0,重载,IsolationForest; Mahalanobis; 单变量IQR+3σ; 残差,4.102,34,残差异常：采煤机_油泵_左电机_电流 偏高（残差 Z-score=4.1，实际=46.0 vs 预测=16.0）
213,2024-04-02 23:06:00,2024-04-02 23:06:00,1.0,重载,IsolationForest; Mahalanobis; 单变量IQR+3σ; 残差,5.059,34,残差异常：采煤机_油泵_左电机_电流 偏高（残差 Z-score=5.1，实际=53.0 vs 预测=16.0）
214,2024-04-02 23:14:00,2024-04-02 23:18:00,5.0,重载,IsolationForest; Mahalanobis; 单变量IQR+3σ; 残差,6.539,170,正常
215,2024-04-02 23:22:00,2024-04-02 23:22:00,1.0,重载,IsolationForest; Mahalanobis; 单变量IQR+3σ; 残差,4.887,34,正常
216,2024-04-02 23:24:00,2024-04-02 23:24:00,1.0,重载,IsolationForest; Mahalanobis; 单变量IQR+3σ; 残差,3.427,34,残差异常：采煤机_截割部位_左滚筒_电机_电流 偏高（残差 Z-score=3.4，实际=277.0 vs 预测=74.0）
217,2024-04-02 23:34:00,2024-04-02 23:36:00,3.0,停机,IsolationForest; Mahalanobis; 单变量IQR+3σ; 残差,2502.889,102,Mahalanobis 距离=2502.9（阈值=18.5）。主要贡献特征：PC2 (72.4%); PC3 (27.1%)。
218,2024-04-02 23:39:00,2024-04-02 23:44:00,6.0,轻载,IsolationForest; Mahalanobis; 单变量IQR+3σ; 残差,1722.325,204,Mahalanobis 距离=1722.3（阈值=18.5）。主要贡献特征：PC2 (71.6%); PC3 (28.3%)。
219,2024-04-02 23:47:00,2024-04-02 23:47:00,1.0,停机,IsolationForest; Mahalanobis; 单变量IQR+3σ; 残差,3394.942,34,Mahalanobis 距离=3394.9（阈值=18.5）。主要贡献特征：PC2 (68.4%); PC3 (28.9%); PC4 (2.7%)。
220,2024-04-03 00:13:00,2024-04-03 00:17:00,5.0,停机,IsolationForest; Mahalanobis; 单变量IQR+3σ; 残差,2400.559,170,Mahalanobis 距离=2400.6（阈值=18.5）。主要贡献特征：PC2 (71.0%); PC3 (29.0%)。
221,2024-04-03 00:21:00,2024-04-03 00:27:00,7.0,停机,IsolationForest; Mahalanobis; 单变量IQR+3σ; 残差,3309.022,238,Mahalanobis 距离=3309.0（阈值=18.5）。主要贡献特征：PC2 (62.0%); PC3 (37.3%)。
222,2024-04-03 00:29:00,2024-04-03 01:11:00,43.0,重载,IsolationForest; Mahalanobis; 单变量IQR+3σ; 残差,4.568,1462,单变量异常：采煤机_截割部位_左滚筒_电机_温度（z-score=4.6，实际=105.0，均值=71.8±7.3）
223,2024-04-03 01:26:00,2024-04-03 01:26:00,1.0,重载,IsolationForest; Mahalanobis; 单变量IQR+3σ; 残差,6.329,34,正常
224,2024-04-03 01:36:00,2024-04-03 01:36:00,1.0,重载,IsolationForest; Mahalanobis; 单变量IQR+3σ; 残差,7.22,34,正常
225,2024-04-03 01:40:00,2024-04-03 01:40:00,1.0,重载,IsolationForest; Mahalanobis; 单变量IQR+3σ; 残差,4.758,34,正常
226,2024-04-03 02:02:00,2024-04-03 02:04:00,3.0,重载,IsolationForest; Mahalanobis; 单变量IQR+3σ; 残差,3.457,102,正常
227,2024-04-03 02:42:00,2024-04-03 02:42:00,1.0,重载,IsolationForest; Mahalanobis; 单变量IQR+3σ; 残差,3.145,34,残差异常：采煤机_油泵_左电机_电流 偏高（残差 Z-score=3.1，实际=40.0 vs 预测=17.0）
228,2024-04-03 02:45:00,2024-04-03 02:49:00,5.0,重载,IsolationForest; Mahalanobis; 单变量IQR+3σ; 残差,3.9,170,正常
229,2024-04-03 02:56:00,2024-04-03 03:06:00,11.0,停机,IsolationForest; Mahalanobis; 单变量IQR+3σ; 残差,10041.569,374,Mahalanobis 距离=10041.6（阈值=18.5）。主要贡献特征：PC4 (53.5%); PC3 (32.1%); PC2 (14.4%)。
230,2024-04-03 03:09:00,2024-04-03 03:11:00,3.0,重载,IsolationForest; Mahalanobis; 单变量IQR+3σ; 残差,3.817,102,正常
231,2024-04-03 03:13:00,2024-04-03 03:13:00,1.0,重载,IsolationForest; Mahalanobis; 单变量IQR+3σ; 残差,1.387,34,正常
232,2024-04-03 03:28:00,2024-04-03 03:28:00,1.0,重载,IsolationForest; Mahalanobis; 单变量IQR+3σ; 残差,5.933,34,残差异常：采煤机_油泵_右电机_电流 偏高（残差 Z-score=5.9，实际=56.0 vs 预测=17.6）
233,2024-04-03 03:37:00,2024-04-03 03:42:00,6.0,重载,IsolationForest; Mahalanobis; 单变量IQR+3σ; 残差,6.176,204,正常
234,2024-04-03 03:45:00,2024-04-03 03:46:00,2.0,停机,IsolationForest; Mahalanobis; 单变量IQR+3σ; 残差,3470.387,68,Mahalanobis 距离=3470.4（阈值=18.5）。主要贡献特征：PC2 (73.0%); PC3 (27.0%)。
235,2024-04-03 03:57:00,2024-04-03 04:00:00,4.0,重载,IsolationForest; Mahalanobis; 单变量IQR+3σ; 残差,3.674,136,正常
236,2024-04-03 04:14:00,2024-04-03 04:14:00,1.0,重载,IsolationForest; Mahalanobis; 单变量IQR+3σ; 残差,3.145,34,残差异常：采煤机_油泵_左电机_电流 偏高（残差 Z-score=3.1，实际=40.0 vs 预测=17.0）
237,2024-04-03 04:33:00,2024-04-03 04:33:00,1.0,重载,IsolationForest; Mahalanobis; 单变量IQR+3σ; 残差,6.335,34,残差异常：采煤机_油泵_右电机_电流 偏高（残差 Z-score=6.3，实际=58.0 vs 预测=17.0）
238,2024-04-03 04:38:00,2024-04-03 04:38:00,1.0,重载,IsolationForest; Mahalanobis; 单变量IQR+3σ; 残差,4.731,34,残差异常：采煤机_油泵_左电机_电流 偏高（残差 Z-score=4.7，实际=51.0 vs 预测=16.4）
239,2024-04-03 04:43:00,2024-04-03 04:43:00,1.0,重载,IsolationForest; Mahalanobis; 单变量IQR+3σ; 残差,4.295,34,正常
240,2024-04-03 05:05:00,2024-04-03 05:09:00,5.0,重载,IsolationForest; Mahalanobis; 单变量IQR+3σ; 残差,8.911,170,正常
241,2024-04-03 05:12:00,2024-04-03 05:16:00,5.0,重载,IsolationForest; Mahalanobis; 单变量IQR+3σ; 残差,6.304,170,残差异常：采煤机_油泵_右电机_电流 偏高（残差 Z-score=6.3，实际=58.0 vs 预测=17.2）
242,2024-04-03 05:18:00,2024-04-03 05:18:00,1.0,重载,IsolationForest; Mahalanobis; 单变量IQR+3σ; 残差,4.479,34,正常
243,2024-04-03 05:20:00,2024-04-03 05:20:00,1.0,重载,IsolationForest; Mahalanobis; 单变量IQR+3σ; 残差,5.406,34,正常
244,2024-04-03 05:23:00,2024-04-03 05:28:00,6.0,停机,IsolationForest; Mahalanobis; 单变量IQR+3σ; 残差,4094.367,204,Mahalanobis 距离=4094.4（阈值=18.5）。主要贡献特征：PC2 (80.3%); PC3 (19.2%)。
245,2024-04-03 05:32:00,2024-04-03 05:34:00,3.0,重载,IsolationForest; Mahalanobis; 单变量IQR+3σ; 残差,4.864,102,正常
246,2024-04-03 05:46:00,2024-04-03 05:46:00,1.0,重载,IsolationForest; Mahalanobis; 单变量IQR+3σ; 残差,5.501,34,残差异常：采煤机_油泵_右电机_电流 偏高（残差 Z-score=5.5，实际=53.0 vs 预测=17.4）
247,2024-04-03 05:50:00,2024-04-03 05:52:00,3.0,重载,IsolationForest; Mahalanobis; 单变量IQR+3σ; 残差,1.912,102,单变量异常：采煤机_油泵_右电机_电流（z-score=1.9，实际=31.0，均值=18.3±6.6）
248,2024-04-03 06:03:00,2024-04-03 06:04:00,2.0,重载,IsolationForest; Mahalanobis; 单变量IQR+3σ; 残差,8.176,68,正常
249,2024-04-03 06:11:00,2024-04-03 06:11:00,1.0,重载,IsolationForest; Mahalanobis; 单变量IQR+3σ; 残差,5.562,34,残差异常：采煤机_油泵_右电机_电流 偏高（残差 Z-score=5.6，实际=53.0 vs 预测=17.0）
250,2024-04-03 06:14:00,2024-04-03 06:14:00,1.0,重载,IsolationForest; Mahalanobis; 单变量IQR+3σ; 残差,7.991,34,正常
251,2024-04-03 06:20:00,2024-04-03 06:25:00,6.0,重载,IsolationForest; Mahalanobis; 单变量IQR+3σ; 残差,6.922,204,残差异常：采煤机_油泵_右电机_电流 偏高（残差 Z-score=6.9，实际=62.0 vs 预测=17.2）
252,2024-04-03 06:53:00,2024-04-03 06:53:00,1.0,重载,IsolationForest; Mahalanobis; 单变量IQR+3σ; 残差,6.057,34,残差异常：采煤机_油泵_右电机_电流 偏高（残差 Z-score=6.1，实际=57.0 vs 预测=17.8）
253,2024-04-03 06:57:00,2024-04-03 06:58:00,2.0,重载,IsolationForest; Mahalanobis; 单变量IQR+3σ; 残差,4.758,68,正常
254,2024-04-03 07:00:00,2024-04-03 07:00:00,1.0,重载,IsolationForest; Mahalanobis; 单变量IQR+3σ; 残差,5.562,34,残差异常：采煤机_油泵_右电机_电流 偏高（残差 Z-score=5.6，实际=53.0 vs 预测=17.0）
255,2024-04-03 07:03:00,2024-04-03 07:03:00,1.0,重载,IsolationForest; Mahalanobis; 单变量IQR+3σ; 残差,3.319,34,残差异常：采煤机_截割部位_左滚筒_电机_电流 偏高（残差 Z-score=3.3，实际=267.0 vs 预测=70.4）
256,2024-04-03 07:05:00,2024-04-03 07:06:00,2.0,停机,IsolationForest; Mahalanobis; 单变量IQR+3σ; 残差,2592.074,68,Mahalanobis 距离=2592.1（阈值=18.5）。主要贡献特征：PC2 (59.0%); PC3 (39.3%); PC4 (1.7%)。
257,2024-04-03 07:30:00,2024-04-03 07:30:00,1.0,重载,IsolationForest; Mahalanobis; 单变量IQR+3σ; 残差,3.028,34,残差异常：采煤机_油泵_右电机_电流 偏高（残差 Z-score=3.0，实际=37.0 vs 预测=17.4）
258,2024-04-03 07:39:00,2024-04-03 07:42:00,4.0,停机,IsolationForest; Mahalanobis; 单变量IQR+3σ; 残差,3833.252,136,Mahalanobis 距离=3833.3（阈值=18.5）。主要贡献特征：PC2 (72.6%); PC3 (27.0%)。
259,2024-04-03 07:50:00,2024-04-03 07:52:00,3.0,重载,IsolationForest; Mahalanobis; 单变量IQR+3σ; 残差,6.25,102,正常
260,2024-04-03 07:57:00,2024-04-03 08:07:00,11.0,重载,IsolationForest; Mahalanobis; 单变量IQR+3σ; 残差,6.953,374,残差异常：采煤机_油泵_右电机_电流 偏高（残差 Z-score=7.0，实际=62.0 vs 预测=17.0）
261,2024-04-03 08:10:00,2024-04-03 08:10:00,1.0,重载,IsolationForest; Mahalanobis; 单变量IQR+3σ; 残差,5.114,34,残差异常：采煤机_油泵_左电机_电流 偏高（残差 Z-score=5.1，实际=54.0 vs 预测=16.6）
262,2024-04-03 08:12:00,2024-04-03 08:12:00,1.0,重载,IsolationForest; Mahalanobis; 单变量IQR+3σ; 残差,5.501,34,残差异常：采煤机_油泵_右电机_电流 偏高（残差 Z-score=5.5，实际=54.0 vs 预测=18.4）
263,2024-04-03 08:15:00,2024-04-03 08:15:00,1.0,重载,IsolationForest; Mahalanobis; 单变量IQR+3σ; 残差,7.251,34,正常
264,2024-04-03 08:20:00,2024-04-03 08:20:00,1.0,重载,IsolationForest; Mahalanobis; 单变量IQR+3σ; 残差,6.594,34,正常
265,2024-04-03 08:28:00,2024-04-03 08:32:00,5.0,停机,IsolationForest; Mahalanobis; 单变量IQR+3σ; 残差,3853.926,170,Mahalanobis 距离=3853.9（阈值=18.5）。主要贡献特征：PC2 (76.9%); PC3 (23.0%)。
266,2024-04-03 08:34:00,2024-04-03 08:36:00,3.0,重载,IsolationForest; Mahalanobis; 单变量IQR+3σ; 残差,6.953,102,残差异常：采煤机_油泵_右电机_电流 偏高（残差 Z-score=7.0，实际=62.0 vs 预测=17.0）
267,2024-04-03 08:51:00,2024-04-03 08:51:00,1.0,停机,IsolationForest; Mahalanobis; 单变量IQR+3σ; 残差,3529.409,34,Mahalanobis 距离=3529.4（阈值=18.5）。主要贡献特征：PC2 (77.5%); PC3 (21.4%); PC4 (1.0%)。
268,2024-04-03 08:59:00,2024-04-03 08:59:00,1.0,重载,IsolationForest; Mahalanobis; 单变量IQR+3σ; 残差,6.0,34,正常
269,2024-04-03 09:08:00,2024-04-03 09:08:00,1.0,停机,IsolationForest; Mahalanobis; 单变量IQR+3σ; 残差,3160.967,34,Mahalanobis 距离=3161.0（阈值=18.5）。主要贡献特征：PC2 (82.2%); PC3 (17.7%)。
270,2024-04-03 09:21:00,2024-04-03 09:21:00,1.0,重载,IsolationForest; Mahalanobis; 单变量IQR+3σ; 残差,5.497,34,残差异常：采煤机_油泵_左电机_电流 偏高（残差 Z-score=5.5，实际=57.0 vs 预测=16.8）
271,2024-04-03 09:27:00,2024-04-03 09:27:00,1.0,重载,IsolationForest; Mahalanobis; 单变量IQR+3σ; 残差,3.597,34,正常
272,2024-04-03 09:29:00,2024-04-03 09:31:00,3.0,停机,IsolationForest; Mahalanobis; 单变量IQR+3σ; 残差,3248.997,102,Mahalanobis 距离=3249.0（阈值=18.5）。主要贡献特征：PC2 (78.2%); PC3 (21.4%)。
273,2024-04-03 09:34:00,2024-04-03 09:34:00,1.0,重载,IsolationForest; Mahalanobis; 单变量IQR+3σ; 残差,4.401,34,正常
274,2024-04-03 09:43:00,2024-04-03 09:44:00,2.0,重载,IsolationForest; Mahalanobis; 单变量IQR+3σ; 残差,5.659,68,正常
275,2024-04-03 09:55:00,2024-04-03 09:59:00,5.0,停机,IsolationForest; Mahalanobis; 单变量IQR+3σ; 残差,2664.195,170,Mahalanobis 距离=2664.2（阈值=18.5）。主要贡献特征：PC2 (77.2%); PC3 (22.5%)。
276,2024-04-03 10:01:00,2024-04-03 10:03:00,3.0,轻载,IsolationForest; Mahalanobis; 单变量IQR+3σ; 残差,23.741,102,Mahalanobis 距离=23.7（阈值=18.5）。主要贡献特征：PC2 (56.9%); PC3 (40.5%); PC1 (1.5%)。
277,2024-04-03 13:59:00,2024-04-03 14:08:00,10.0,轻载,IsolationForest; Mahalanobis; 单变量IQR+3σ; 残差,97.26,340,Mahalanobis 距离=97.3（阈值=18.5）。主要贡献特征：PC3 (54.2%); PC2 (39.9%); PC4 (5.8%)。
278,2024-04-03 15:21:00,2024-04-03 15:24:00,4.0,轻载,IsolationForest; Mahalanobis; 单变量IQR+3σ; 残差,1.712,136,正常
279,2024-04-03 15:27:00,2024-04-03 15:31:00,5.0,停机,IsolationForest; Mahalanobis; 单变量IQR+3σ; 残差,19.352,170,Mahalanobis 距离=19.4（阈值=18.5）。主要贡献特征：PC2 (84.0%); PC3 (11.8%); PC4 (2.2%)。
280,2024-04-03 15:49:00,2024-04-03 15:50:00,2.0,轻载,IsolationForest; Mahalanobis; 单变量IQR+3σ; 残差,3.569,68,残差异常：采煤机_油泵_左油箱_油压 偏高（残差 Z-score=3.6，实际=0.2 vs 预测=0.0）
281,2024-04-03 16:25:00,2024-04-03 16:38:00,14.0,重载,IsolationForest; Mahalanobis; 单变量IQR+3σ; 残差,5.604,476,正常
282,2024-04-03 16:53:00,2024-04-03 16:53:00,1.0,重载,IsolationForest; Mahalanobis; 单变量IQR+3σ; 残差,3.252,34,正常
283,2024-04-03 16:55:00,2024-04-03 16:58:00,4.0,重载,IsolationForest; Mahalanobis; 单变量IQR+3σ; 残差,4.278,136,正常
284,2024-04-03 17:01:00,2024-04-03 17:07:00,7.0,停机,IsolationForest; Mahalanobis; 单变量IQR+3σ; 残差,2154.605,238,Mahalanobis 距离=2154.6（阈值=18.5）。主要贡献特征：PC2 (59.3%); PC3 (40.6%)。
285,2024-04-03 17:12:00,2024-04-03 17:15:00,4.0,重载,IsolationForest; Mahalanobis; 单变量IQR+3σ; 残差,5.429,136,正常
286,2024-04-03 17:17:00,2024-04-03 17:20:00,4.0,重载,IsolationForest; Mahalanobis; 单变量IQR+3σ; 残差,3.429,136,正常
287,2024-04-03 17:27:00,2024-04-03 17:27:00,1.0,重载,IsolationForest; Mahalanobis; 单变量IQR+3σ; 残差,5.133,34,正常
288,2024-04-03 17:30:00,2024-04-03 17:30:00,1.0,重载,IsolationForest; Mahalanobis; 单变量IQR+3σ; 残差,2.24,34,正常
289,2024-04-03 17:34:00,2024-04-03 17:36:00,3.0,重载,IsolationForest; Mahalanobis; 单变量IQR+3σ; 残差,2.487,102,正常
290,2024-04-03 17:38:00,2024-04-03 17:38:00,1.0,重载,IsolationForest; Mahalanobis; 单变量IQR+3σ; 残差,0.75,34,正常
291,2024-04-03 17:40:00,2024-04-03 17:40:00,1.0,重载,IsolationForest; Mahalanobis; 单变量IQR+3σ; 残差,5.412,34,正常
292,2024-04-03 17:57:00,2024-04-03 18:00:00,4.0,停机,IsolationForest; Mahalanobis; 单变量IQR+3σ; 残差,4108.436,136,Mahalanobis 距离=4108.4（阈值=18.5）。主要贡献特征：PC2 (77.0%); PC3 (22.4%)。
293,2024-04-03 18:17:00,2024-04-03 18:19:00,3.0,重载,IsolationForest; Mahalanobis; 单变量IQR+3σ; 残差,5.47,102,正常
294,2024-04-03 18:27:00,2024-04-03 18:30:00,4.0,停机,IsolationForest; Mahalanobis; 单变量IQR+3σ; 残差,4518.881,136,Mahalanobis 距离=4518.9（阈值=18.5）。主要贡献特征：PC2 (79.6%); PC3 (19.9%)。
295,2024-04-03 18:34:00,2024-04-03 18:35:00,2.0,停机,IsolationForest; Mahalanobis; 单变量IQR+3σ; 残差,4869.67,68,Mahalanobis 距离=4869.7（阈值=18.5）。主要贡献特征：PC2 (82.4%); PC3 (17.4%)。
296,2024-04-03 18:39:00,2024-04-03 18:40:00,2.0,停机,IsolationForest; Mahalanobis; 单变量IQR+3σ; 残差,2026.319,68,Mahalanobis 距离=2026.3（阈值=18.5）。主要贡献特征：PC2 (73.1%); PC3 (26.5%)。
297,2024-04-03 18:51:00,2024-04-03 18:51:00,1.0,重载,IsolationForest; Mahalanobis; 单变量IQR+3σ; 残差,5.082,34,正常
298,2024-04-03 18:55:00,2024-04-03 18:57:00,3.0,重载,IsolationForest; Mahalanobis; 单变量IQR+3σ; 残差,3.176,102,正常
299,2024-04-03 19:05:00,2024-04-03 19:05:00,1.0,重载,IsolationForest; Mahalanobis; 单变量IQR+3σ; 残差,3.137,34,残差异常：采煤机_截割部位_左滚筒_电机_电流 偏高（残差 Z-score=3.1，实际=258.0 vs 预测=72.2）
300,2024-04-03 19:07:00,2024-04-03 19:07:00,1.0,重载,IsolationForest; Mahalanobis; 单变量IQR+3σ; 残差,6.955,34,正常
301,2024-04-03 19:14:00,2024-04-03 19:14:00,1.0,重载,IsolationForest; Mahalanobis; 单变量IQR+3σ; 残差,5.881,34,正常
302,2024-04-03 19:18:00,2024-04-03 19:21:00,4.0,停机,IsolationForest; Mahalanobis; 单变量IQR+3σ; 残差,2570.306,136,Mahalanobis 距离=2570.3（阈值=18.5）。主要贡献特征：PC2 (66.9%); PC3 (33.1%)。
303,2024-04-03 19:29:00,2024-04-03 19:29:00,1.0,停机,IsolationForest; Mahalanobis; 单变量IQR+3σ; 残差,4621.916,34,Mahalanobis 距离=4621.9（阈值=18.5）。主要贡献特征：PC2 (78.5%); PC3 (21.5%)。
304,2024-04-03 19:33:00,2024-04-03 19:33:00,1.0,停机,IsolationForest; Mahalanobis; 单变量IQR+3σ; 残差,1094.918,34,Mahalanobis 距离=1094.9（阈值=18.5）。主要贡献特征：PC2 (61.6%); PC3 (37.9%)。
305,2024-04-03 20:04:00,2024-04-03 20:05:00,2.0,停机,IsolationForest; Mahalanobis; 单变量IQR+3σ; 残差,1867.971,68,Mahalanobis 距离=1868.0（阈值=18.5）。主要贡献特征：PC2 (65.6%); PC3 (34.2%)。
306,2024-04-03 20:07:00,2024-04-03 20:09:00,3.0,重载,IsolationForest; Mahalanobis; 单变量IQR+3σ; 残差,5.441,102,正常
307,2024-04-03 20:11:00,2024-04-03 20:12:00,2.0,重载,IsolationForest; Mahalanobis; 单变量IQR+3σ; 残差,6.594,68,正常
308,2024-04-03 20:23:00,2024-04-03 20:23:00,1.0,重载,IsolationForest; Mahalanobis; 单变量IQR+3σ; 残差,5.276,34,正常
309,2024-04-03 20:33:00,2024-04-03 20:33:00,1.0,重载,IsolationForest; Mahalanobis; 单变量IQR+3σ; 残差,4.142,34,正常
310,2024-04-03 20:50:00,2024-04-03 20:51:00,2.0,停机,IsolationForest; Mahalanobis; 单变量IQR+3σ; 残差,1668.812,68,Mahalanobis 距离=1668.8（阈值=18.5）。主要贡献特征：PC2 (67.0%); PC3 (30.8%); PC4 (2.2%)。
311,2024-04-03 20:53:00,2024-04-03 20:56:00,4.0,停机,IsolationForest; Mahalanobis; 单变量IQR+3σ; 残差,1859.648,136,Mahalanobis 距离=1859.6（阈值=18.5）。主要贡献特征：PC3 (59.0%); PC2 (23.6%); PC4 (17.4%)。
312,2024-04-03 21:03:00,2024-04-03 21:06:00,4.0,停机,IsolationForest; Mahalanobis; 单变量IQR+3σ; 残差,5244.241,136,Mahalanobis 距离=5244.2（阈值=18.5）。主要贡献特征：PC2 (78.1%); PC3 (21.8%)。
313,2024-04-03 21:36:00,2024-04-03 21:41:00,6.0,轻载,IsolationForest; Mahalanobis; 单变量IQR+3σ; 残差,2767.991,204,Mahalanobis 距离=2768.0（阈值=18.5）。主要贡献特征：PC2 (76.6%); PC3 (22.6%)。
314,2024-04-03 21:45:00,2024-04-03 21:46:00,2.0,重载,IsolationForest; Mahalanobis; 单变量IQR+3σ; 残差,3.689,68,正常
315,2024-04-03 22:00:00,2024-04-03 22:00:00,1.0,重载,IsolationForest; Mahalanobis; 单变量IQR+3σ; 残差,4.758,34,正常
316,2024-04-03 22:11:00,2024-04-03 22:11:00,1.0,重载,IsolationForest; Mahalanobis; 单变量IQR+3σ; 残差,6.335,34,残差异常：采煤机_油泵_右电机_电流 偏高（残差 Z-score=6.3，实际=58.0 vs 预测=17.0）
317,2024-04-03 22:16:00,2024-04-03 22:18:00,3.0,重载,IsolationForest; Mahalanobis; 单变量IQR+3σ; 残差,3.299,102,残差异常：采煤机_截割部位_左滚筒_电机_电流 偏高（残差 Z-score=3.3，实际=291.0 vs 预测=95.6）
318,2024-04-03 22:28:00,2024-04-03 22:30:00,3.0,重载,IsolationForest; Mahalanobis; 单变量IQR+3σ; 残差,3.579,102,正常
319,2024-04-03 22:40:00,2024-04-03 22:40:00,1.0,重载,IsolationForest; Mahalanobis; 单变量IQR+3σ; 残差,5.992,34,正常
320,2024-04-03 22:44:00,2024-04-03 22:44:00,1.0,重载,IsolationForest; Mahalanobis; 单变量IQR+3σ; 残差,25.808,34,残差异常：采煤机_破碎机_电机_电流 偏高（残差 Z-score=25.8，实际=288.0 vs 预测=0.0）
321,2024-04-03 22:47:00,2024-04-03 22:51:00,5.0,停机,IsolationForest; Mahalanobis; 单变量IQR+3σ; 残差,1414.05,170,Mahalanobis 距离=1414.0（阈值=18.5）。主要贡献特征：PC2 (59.4%); PC3 (40.6%)。
322,2024-04-03 22:55:00,2024-04-03 22:55:00,1.0,重载,IsolationForest; Mahalanobis; 单变量IQR+3σ; 残差,2.428,34,正常
323,2024-04-03 23:01:00,2024-04-03 23:01:00,1.0,停机,IsolationForest; Mahalanobis; 单变量IQR+3σ; 残差,1541.423,34,Mahalanobis 距离=1541.4（阈值=18.5）。主要贡献特征：PC2 (64.9%); PC3 (34.2%)。
324,2024-04-03 23:13:00,2024-04-03 23:13:00,1.0,重载,IsolationForest; Mahalanobis; 单变量IQR+3σ; 残差,5.029,34,正常
325,2024-04-03 23:19:00,2024-04-03 23:21:00,3.0,重载,IsolationForest; Mahalanobis; 单变量IQR+3σ; 残差,4.357,102,残差异常：采煤机_油泵_右电机_电流 偏高（残差 Z-score=4.4，实际=46.0 vs 预测=17.8）
326,2024-04-03 23:24:00,2024-04-03 23:24:00,1.0,重载,IsolationForest; Mahalanobis; 单变量IQR+3σ; 残差,5.196,34,残差异常：采煤机_油泵_左电机_电流 偏高（残差 Z-score=5.2，实际=55.0 vs 预测=17.0）
327,2024-04-03 23:27:00,2024-04-03 23:32:00,6.0,重载,IsolationForest; Mahalanobis; 单变量IQR+3σ; 残差,20.221,204,Mahalanobis 距离=20.2（阈值=18.5）。主要贡献特征：PC2 (81.1%); PC3 (16.1%); PC1 (2.7%)。
328,2024-04-03 23:49:00,2024-04-03 23:50:00,2.0,停机,IsolationForest; Mahalanobis; 单变量IQR+3σ; 残差,4177.891,68,Mahalanobis 距离=4177.9（阈值=18.5）。主要贡献特征：PC2 (79.7%); PC3 (19.2%); PC4 (1.0%)。
329,2024-04-03 23:52:00,2024-04-03 23:52:00,1.0,停机,IsolationForest; Mahalanobis; 单变量IQR+3σ; 残差,3427.325,34,Mahalanobis 距离=3427.3（阈值=18.5）。主要贡献特征：PC2 (82.1%); PC3 (17.8%)。
330,2024-04-03 23:56:00,2024-04-03 23:56:00,1.0,停机,IsolationForest; Mahalanobis; 单变量IQR+3σ; 残差,3969.8,34,Mahalanobis 距离=3969.8（阈值=18.5）。主要贡献特征：PC2 (83.7%); PC3 (16.2%)。
331,2024-04-03 23:58:00,2024-04-03 23:58:00,1.0,重载,IsolationForest; Mahalanobis; 单变量IQR+3σ; 残差,4.108,34,正常
332,2024-04-04 00:01:00,2024-04-04 00:03:00,3.0,停机,IsolationForest; Mahalanobis; 单变量IQR+3σ; 残差,7416.165,102,Mahalanobis 距离=7416.2（阈值=18.5）。主要贡献特征：PC2 (89.9%); PC3 (9.4%)。
333,2024-04-04 00:10:00,2024-04-04 00:10:00,1.0,重载,IsolationForest; Mahalanobis; 单变量IQR+3σ; 残差,5.211,34,正常
334,2024-04-04 00:14:00,2024-04-04 00:16:00,3.0,重载,IsolationForest; Mahalanobis; 单变量IQR+3σ; 残差,3.82,102,正常
335,2024-04-04 00:20:00,2024-04-04 00:23:00,4.0,重载,IsolationForest; Mahalanobis; 单变量IQR+3σ; 残差,4.945,136,正常
336,2024-04-04 00:25:00,2024-04-04 00:25:00,1.0,重载,IsolationForest; Mahalanobis; 单变量IQR+3σ; 残差,5.748,34,残差异常：采煤机_油泵_右电机_电流 偏高（残差 Z-score=5.7，实际=54.0 vs 预测=16.8）
337,2024-04-04 00:30:00,2024-04-04 00:30:00,1.0,重载,IsolationForest; Mahalanobis; 单变量IQR+3σ; 残差,5.474,34,正常
338,2024-04-04 00:32:00,2024-04-04 00:34:00,3.0,停机,IsolationForest; Mahalanobis; 单变量IQR+3σ; 残差,2474.285,102,Mahalanobis 距离=2474.3（阈值=18.5）。主要贡献特征：PC2 (68.9%); PC3 (31.1%)。
339,2024-04-04 00:38:00,2024-04-04 00:43:00,6.0,停机,IsolationForest; Mahalanobis; 单变量IQR+3σ; 残差,3470.342,204,Mahalanobis 距离=3470.3（阈值=18.5）。主要贡献特征：PC2 (57.4%); PC3 (39.0%); PC4 (3.6%)。
340,2024-04-04 01:19:00,2024-04-04 01:19:00,1.0,重载,IsolationForest; Mahalanobis; 单变量IQR+3σ; 残差,5.406,34,正常
341,2024-04-04 01:30:00,2024-04-04 01:30:00,1.0,停机,IsolationForest; Mahalanobis; 单变量IQR+3σ; 残差,1472.996,34,Mahalanobis 距离=1473.0（阈值=18.5）。主要贡献特征：PC2 (59.9%); PC3 (40.1%)。
342,2024-04-04 01:35:00,2024-04-04 01:35:00,1.0,重载,IsolationForest; Mahalanobis; 单变量IQR+3σ; 残差,2.115,34,正常
343,2024-04-04 01:39:00,2024-04-04 01:42:00,4.0,重载,IsolationForest; Mahalanobis; 单变量IQR+3σ; 残差,3.303,136,残差异常：采煤机_牵引部位_左电机_电流 偏高（残差 Z-score=3.3，实际=204.0 vs 预测=51.4）
344,2024-04-04 01:44:00,2024-04-04 01:44:00,1.0,重载,IsolationForest; Mahalanobis; 单变量IQR+3σ; 残差,2.086,34,正常
345,2024-04-04 01:49:00,2024-04-04 01:49:00,1.0,重载,IsolationForest; Mahalanobis; 单变量IQR+3σ; 残差,6.399,34,正常
346,2024-04-04 01:58:00,2024-04-04 01:58:00,1.0,重载,IsolationForest; Mahalanobis; 单变量IQR+3σ; 残差,5.406,34,正常
347,2024-04-04 02:01:00,2024-04-04 03:42:00,102.0,停机,IsolationForest; Mahalanobis; 单变量IQR+3σ; 残差,10429.457,3468,Mahalanobis 距离=10429.5（阈值=18.5）。主要贡献特征：PC4 (54.1%); PC3 (31.7%); PC2 (14.2%)。
348,2024-04-04 03:50:00,2024-04-04 03:52:00,3.0,重载,IsolationForest; Mahalanobis; 单变量IQR+3σ; 残差,3.66,102,正常
349,2024-04-04 03:54:00,2024-04-04 03:54:00,1.0,重载,IsolationForest; Mahalanobis; 单变量IQR+3σ; 残差,5.438,34,正常
350,2024-04-04 03:57:00,2024-04-04 04:04:00,8.0,停机,IsolationForest; Mahalanobis; 单变量IQR+3σ; 残差,3714.968,272,Mahalanobis 距离=3715.0（阈值=18.5）。主要贡献特征：PC2 (79.3%); PC3 (19.5%); PC4 (1.1%)。
351,2024-04-04 04:13:00,2024-04-04 04:33:00,21.0,停机,IsolationForest; Mahalanobis; 单变量IQR+3σ; 残差,3209.133,714,Mahalanobis 距离=3209.1（阈值=18.5）。主要贡献特征：PC2 (90.8%); PC4 (8.3%)。
352,2024-04-04 04:35:00,2024-04-04 04:35:00,1.0,重载,IsolationForest; Mahalanobis; 单变量IQR+3σ; 残差,5.341,34,正常
353,2024-04-04 04:43:00,2024-04-04 04:43:00,1.0,重载,IsolationForest; Mahalanobis; 单变量IQR+3σ; 残差,5.276,34,正常
354,2024-04-04 04:48:00,2024-04-04 04:48:00,1.0,轻载,IsolationForest; Mahalanobis; 单变量IQR+3σ; 残差,3433.003,34,Mahalanobis 距离=3433.0（阈值=18.5）。主要贡献特征：PC2 (71.5%); PC3 (27.4%); PC4 (1.1%)。
355,2024-04-04 04:51:00,2024-04-04 04:53:00,3.0,重载,IsolationForest; Mahalanobis; 单变量IQR+3σ; 残差,4.918,102,单变量异常：采煤机_油泵_右油箱_油压（z-score=4.9，实际=16.3，均值=3.0±2.7）
356,2024-04-04 04:58:00,2024-04-04 04:58:00,1.0,重载,IsolationForest; Mahalanobis; 单变量IQR+3σ; 残差,5.133,34,正常
357,2024-04-04 05:25:00,2024-04-04 05:25:00,1.0,重载,IsolationForest; Mahalanobis; 单变量IQR+3σ; 残差,6.335,34,残差异常：采煤机_油泵_右电机_电流 偏高（残差 Z-score=6.3，实际=59.0 vs 预测=18.0）
358,2024-04-04 05:37:00,2024-04-04 05:37:00,1.0,重载,IsolationForest; Mahalanobis; 单变量IQR+3σ; 残差,6.547,34,正常
359,2024-04-04 05:56:00,2024-04-04 05:56:00,1.0,停机,IsolationForest; Mahalanobis; 单变量IQR+3σ; 残差,2622.094,34,Mahalanobis 距离=2622.1（阈值=18.5）。主要贡献特征：PC2 (68.4%); PC3 (31.0%)。
360,2024-04-04 06:18:00,2024-04-04 06:20:00,3.0,重载,IsolationForest; Mahalanobis; 单变量IQR+3σ; 残差,4.46,102,正常
361,2024-04-04 06:24:00,2024-04-04 06:24:00,1.0,重载,IsolationForest; Mahalanobis; 单变量IQR+3σ; 残差,5.26,34,正常
362,2024-04-04 06:29:00,2024-04-04 06:29:00,1.0,重载,IsolationForest; Mahalanobis; 单变量IQR+3σ; 残差,5.696,34,正常
363,2024-04-04 06:31:00,2024-04-04 06:31:00,1.0,重载,IsolationForest; Mahalanobis; 单变量IQR+3σ; 残差,4.887,34,正常
364,2024-04-04 06:36:00,2024-04-04 06:36:00,1.0,重载,IsolationForest; Mahalanobis; 单变量IQR+3σ; 残差,6.529,34,正常
365,2024-04-04 06:46:00,2024-04-04 06:46:00,1.0,重载,IsolationForest; Mahalanobis; 单变量IQR+3σ; 残差,4.289,34,正常
366,2024-04-04 06:55:00,2024-04-04 06:55:00,1.0,重载,IsolationForest; Mahalanobis; 单变量IQR+3σ; 残差,3.136,34,残差异常：采煤机_破碎机_电机_电流 偏高（残差 Z-score=3.1，实际=35.0 vs 预测=0.0）
367,2024-04-04 07:02:00,2024-04-04 07:02:00,1.0,重载,IsolationForest; Mahalanobis; 单变量IQR+3σ; 残差,6.536,34,残差异常：采煤机_油泵_左电机_电流 偏高（残差 Z-score=6.5，实际=65.0 vs 预测=17.2）
368,2024-04-04 07:22:00,2024-04-04 07:26:00,5.0,停机,IsolationForest; Mahalanobis; 单变量IQR+3σ; 残差,4837.739,170,Mahalanobis 距离=4837.7（阈值=18.5）。主要贡献特征：PC2 (86.7%); PC3 (13.0%)。
369,2024-04-04 07:37:00,2024-04-04 07:42:00,6.0,重载,IsolationForest; Mahalanobis; 单变量IQR+3σ; 残差,15.92,204,残差异常：采煤机_截割部位_左滚筒_电机_电流 偏高（残差 Z-score=15.9，实际=1019.0 vs 预测=76.0）
370,2024-04-04 07:55:00,2024-04-04 07:55:00,1.0,重载,IsolationForest; Mahalanobis; 单变量IQR+3σ; 残差,3.145,34,残差异常：采煤机_油泵_左电机_电流 偏高（残差 Z-score=3.1，实际=40.0 vs 预测=17.0）
371,2024-04-04 08:02:00,2024-04-04 08:02:00,1.0,重载,IsolationForest; Mahalanobis; 单变量IQR+3σ; 残差,3.623,34,正常
372,2024-04-04 08:04:00,2024-04-04 08:07:00,4.0,停机,IsolationForest; Mahalanobis; 单变量IQR+3σ; 残差,3264.515,136,Mahalanobis 距离=3264.5（阈值=18.5）。主要贡献特征：PC2 (75.6%); PC3 (24.3%)。
373,2024-04-04 08:09:00,2024-04-04 08:09:00,1.0,轻载,IsolationForest; Mahalanobis; 单变量IQR+3σ; 残差,6.825,34,正常
374,2024-04-04 08:18:00,2024-04-04 08:20:00,3.0,重载,IsolationForest; Mahalanobis; 单变量IQR+3σ; 残差,3.903,102,正常
375,2024-04-04 08:23:00,2024-04-04 08:29:00,7.0,停机,IsolationForest; Mahalanobis; 单变量IQR+3σ; 残差,3626.104,238,Mahalanobis 距离=3626.1（阈值=18.5）。主要贡献特征：PC2 (75.5%); PC3 (23.8%)。
376,2024-04-04 08:31:00,2024-04-04 08:31:00,1.0,重载,IsolationForest; Mahalanobis; 单变量IQR+3σ; 残差,3.047,34,残差异常：采煤机_牵引部位_左电机_电流 偏高（残差 Z-score=3.0，实际=155.0 vs 预测=14.2）
377,2024-04-04 08:36:00,2024-04-04 08:36:00,1.0,重载,IsolationForest; Mahalanobis; 单变量IQR+3σ; 残差,4.574,34,正常
378,2024-04-04 08:39:00,2024-04-04 08:39:00,1.0,重载,IsolationForest; Mahalanobis; 单变量IQR+3σ; 残差,5.6,34,正常
379,2024-04-04 08:44:00,2024-04-04 08:49:00,6.0,停机,IsolationForest; Mahalanobis; 单变量IQR+3σ; 残差,4313.496,204,Mahalanobis 距离=4313.5（阈值=18.5）。主要贡献特征：PC2 (81.3%); PC3 (17.3%); PC4 (1.4%)。
380,2024-04-04 08:53:00,2024-04-04 08:54:00,2.0,重载,IsolationForest; Mahalanobis; 单变量IQR+3σ; 残差,3.51,68,正常
381,2024-04-04 08:58:00,2024-04-04 09:01:00,4.0,停机,IsolationForest; Mahalanobis; 单变量IQR+3σ; 残差,1586.536,136,Mahalanobis 距离=1586.5（阈值=18.5）。主要贡献特征：PC2 (67.0%); PC3 (32.1%)。
382,2024-04-04 09:03:00,2024-04-04 09:06:00,4.0,轻载,IsolationForest; Mahalanobis; 单变量IQR+3σ; 残差,1486.379,136,Mahalanobis 距离=1486.4（阈值=18.5）。主要贡献特征：PC2 (71.8%); PC3 (27.9%)。
383,2024-04-04 09:08:00,2024-04-04 09:11:00,4.0,轻载,IsolationForest; Mahalanobis; 单变量IQR+3σ; 残差,1341.309,136,Mahalanobis 距离=1341.3（阈值=18.5）。主要贡献特征：PC2 (74.6%); PC3 (25.3%)。
384,2024-04-04 13:11:00,2024-04-04 14:00:00,50.0,停机,IsolationForest; Mahalanobis; 单变量IQR+3σ; 残差,30855.645,1700,Mahalanobis 距离=30855.6（阈值=18.5）。主要贡献特征：PC2 (93.1%); PC3 (6.9%)。
385,2024-04-04 14:11:00,2024-04-04 14:30:00,20.0,停机,IsolationForest; Mahalanobis; 单变量IQR+3σ; 残差,20.662,680,Mahalanobis 距离=20.7（阈值=18.5）。主要贡献特征：PC2 (76.3%); PC3 (20.7%); PC1 (3.1%)。
386,2024-04-04 14:43:00,2024-04-04 14:43:00,1.0,轻载,IsolationForest; Mahalanobis; 单变量IQR+3σ; 残差,3.635,34,正常
387,2024-04-04 14:45:00,2024-04-04 14:45:00,1.0,重载,IsolationForest; Mahalanobis; 单变量IQR+3σ; 残差,5.627,34,正常
388,2024-04-04 15:07:00,2024-04-04 15:07:00,1.0,轻载,IsolationForest; Mahalanobis; 单变量IQR+3σ; 残差,3.849,34,正常
389,2024-04-04 15:09:00,2024-04-04 15:44:00,36.0,停机,IsolationForest; Mahalanobis; 单变量IQR+3σ; 残差,4006.741,1224,Mahalanobis 距离=4006.7（阈值=18.5）。主要贡献特征：PC2 (84.7%); PC3 (15.2%)。
390,2024-04-04 15:46:00,2024-04-04 15:46:00,1.0,重载,IsolationForest; Mahalanobis; 单变量IQR+3σ; 残差,5.545,34,正常
391,2024-04-04 15:48:00,2024-04-04 16:05:00,18.0,停机,IsolationForest; Mahalanobis; 单变量IQR+3σ; 残差,2622.092,612,Mahalanobis 距离=2622.1（阈值=18.5）。主要贡献特征：PC2 (72.8%); PC3 (27.2%)。
392,2024-04-04 16:09:00,2024-04-04 16:09:00,1.0,重载,IsolationForest; Mahalanobis; 单变量IQR+3σ; 残差,5.655,34,残差异常：采煤机_油泵_右电机_电流 偏高（残差 Z-score=5.7，实际=55.0 vs 预测=18.4）
393,2024-04-04 16:18:00,2024-04-04 16:20:00,3.0,重载,IsolationForest; Mahalanobis; 单变量IQR+3σ; 残差,2.095,102,正常
394,2024-04-04 16:39:00,2024-04-04 16:39:00,1.0,重载,IsolationForest; Mahalanobis; 单变量IQR+3σ; 残差,1.875,34,正常
395,2024-04-04 16:52:00,2024-04-04 16:52:00,1.0,重载,IsolationForest; Mahalanobis; 单变量IQR+3σ; 残差,7.251,34,正常
396,2024-04-04 17:05:00,2024-04-04 17:05:00,1.0,重载,IsolationForest; Mahalanobis; 单变量IQR+3σ; 残差,3.252,34,正常
397,2024-04-04 17:17:00,2024-04-04 17:20:00,4.0,停机,IsolationForest; Mahalanobis; 单变量IQR+3σ; 残差,1863.109,136,Mahalanobis 距离=1863.1（阈值=18.5）。主要贡献特征：PC2 (72.9%); PC3 (26.2%)。
398,2024-04-04 17:35:00,2024-04-04 17:35:00,1.0,重载,IsolationForest; Mahalanobis; 单变量IQR+3σ; 残差,5.492,34,正常
399,2024-04-04 17:37:00,2024-04-04 17:43:00,7.0,轻载,IsolationForest; Mahalanobis; 单变量IQR+3σ; 残差,14.223,238,正常
400,2024-04-04 17:45:00,2024-04-04 17:45:00,1.0,重载,IsolationForest; Mahalanobis; 单变量IQR+3σ; 残差,4.35,34,正常
401,2024-04-04 17:54:00,2024-04-04 17:54:00,1.0,重载,IsolationForest; Mahalanobis; 单变量IQR+3σ; 残差,5.244,34,正常
402,2024-04-04 18:00:00,2024-04-04 18:06:00,7.0,重载,IsolationForest; Mahalanobis; 单变量IQR+3σ; 残差,5.346,238,残差异常：采煤机_油泵_右电机_电流 偏高（残差 Z-score=5.3，实际=52.0 vs 预测=17.4）
403,2024-04-04 18:08:00,2024-04-04 18:08:00,1.0,重载,IsolationForest; Mahalanobis; 单变量IQR+3σ; 残差,5.244,34,正常
404,2024-04-04 18:13:00,2024-04-04 18:16:00,4.0,重载,IsolationForest; Mahalanobis; 单变量IQR+3σ; 残差,4.838,136,正常
405,2024-04-04 18:26:00,2024-04-04 18:26:00,1.0,重载,IsolationForest; Mahalanobis; 单变量IQR+3σ; 残差,5.235,34,正常
406,2024-04-04 19:09:00,2024-04-04 19:09:00,1.0,重载,IsolationForest; Mahalanobis; 单变量IQR+3σ; 残差,6.362,34,正常
407,2024-04-04 19:17:00,2024-04-04 19:17:00,1.0,重载,IsolationForest; Mahalanobis; 单变量IQR+3σ; 残差,5.47,34,残差异常：采煤机_油泵_右电机_电流 偏高（残差 Z-score=5.5，实际=54.0 vs 预测=18.6）
408,2024-04-04 19:19:00,2024-04-04 19:19:00,1.0,重载,IsolationForest; Mahalanobis; 单变量IQR+3σ; 残差,5.082,34,正常
409,2024-04-04 19:28:00,2024-04-04 19:28:00,1.0,重载,IsolationForest; Mahalanobis; 单变量IQR+3σ; 残差,1.872,34,正常
410,2024-04-04 19:32:00,2024-04-04 19:32:00,1.0,停机,IsolationForest; Mahalanobis; 单变量IQR+3σ; 残差,4994.176,34,Mahalanobis 距离=4994.2（阈值=18.5）。主要贡献特征：PC2 (78.0%); PC3 (22.0%)。
411,2024-04-04 19:47:00,2024-04-04 19:48:00,2.0,停机,IsolationForest; Mahalanobis; 单变量IQR+3σ; 残差,4760.367,68,Mahalanobis 距离=4760.4（阈值=18.5）。主要贡献特征：PC2 (82.3%); PC3 (15.7%); PC4 (1.9%)。
412,2024-04-04 19:51:00,2024-04-04 19:54:00,4.0,停机,IsolationForest; Mahalanobis; 单变量IQR+3σ; 残差,5140.818,136,Mahalanobis 距离=5140.8（阈值=18.5）。主要贡献特征：PC2 (85.6%); PC3 (14.4%)。
413,2024-04-04 19:58:00,2024-04-04 19:58:00,1.0,重载,IsolationForest; Mahalanobis; 单变量IQR+3σ; 残差,5.871,34,残差异常：采煤机_油泵_右电机_电流 偏高（残差 Z-score=5.9，实际=55.0 vs 预测=17.0）
414,2024-04-04 20:00:00,2024-04-04 20:00:00,1.0,停机,IsolationForest; Mahalanobis; 单变量IQR+3σ; 残差,2132.548,34,Mahalanobis 距离=2132.5（阈值=18.5）。主要贡献特征：PC2 (72.9%); PC3 (26.3%)。
415,2024-04-04 20:12:00,2024-04-04 20:15:00,4.0,重载,IsolationForest; Mahalanobis; 单变量IQR+3σ; 残差,5.552,136,正常
416,2024-04-04 20:26:00,2024-04-04 20:26:00,1.0,重载,IsolationForest; Mahalanobis; 单变量IQR+3σ; 残差,6.325,34,正常
417,2024-04-04 20:30:00,2024-04-04 20:30:00,1.0,重载,IsolationForest; Mahalanobis; 单变量IQR+3σ; 残差,6.288,34,正常
418,2024-04-04 20:32:00,2024-04-04 20:34:00,3.0,停机,IsolationForest; Mahalanobis; 单变量IQR+3σ; 残差,2608.11,102,Mahalanobis 距离=2608.1（阈值=18.5）。主要贡献特征：PC2 (67.1%); PC3 (32.9%)。
419,2024-04-04 20:49:00,2024-04-04 20:51:00,3.0,重载,IsolationForest; Mahalanobis; 单变量IQR+3σ; 残差,4.697,102,正常
420,2024-04-04 20:54:00,2024-04-04 20:57:00,4.0,重载,IsolationForest; Mahalanobis; 单变量IQR+3σ; 残差,7.288,136,正常
421,2024-04-04 21:01:00,2024-04-04 21:02:00,2.0,重载,IsolationForest; Mahalanobis; 单变量IQR+3σ; 残差,3.764,68,残差异常：采煤机_破碎机_电机_电流 偏高（残差 Z-score=3.8，实际=42.0 vs 预测=0.0）
422,2024-04-04 21:22:00,2024-04-04 21:22:00,1.0,重载,IsolationForest; Mahalanobis; 单变量IQR+3σ; 残差,4.499,34,正常
423,2024-04-04 21:30:00,2024-04-04 21:30:00,1.0,重载,IsolationForest; Mahalanobis; 单变量IQR+3σ; 残差,4.104,34,正常
424,2024-04-04 21:45:00,2024-04-04 21:45:00,1.0,重载,IsolationForest; Mahalanobis; 单变量IQR+3σ; 残差,3.067,34,残差异常：采煤机_油泵_左油箱_油压 偏高（残差 Z-score=3.1，实际=12.6 vs 预测=2.4）
425,2024-04-04 21:55:00,2024-04-04 21:55:00,1.0,重载,IsolationForest; Mahalanobis; 单变量IQR+3σ; 残差,7.252,34,正常
426,2024-04-04 21:58:00,2024-04-04 22:01:00,4.0,停机,IsolationForest; Mahalanobis; 单变量IQR+3σ; 残差,3032.51,136,Mahalanobis 距离=3032.5（阈值=18.5）。主要贡献特征：PC2 (75.1%); PC3 (23.5%); PC4 (1.3%)。
427,2024-04-04 22:03:00,2024-04-04 22:06:00,4.0,重载,IsolationForest; Mahalanobis; 单变量IQR+3σ; 残差,3.315,136,正常
428,2024-04-04 22:26:00,2024-04-04 22:26:00,1.0,重载,IsolationForest; Mahalanobis; 单变量IQR+3σ; 残差,5.622,34,正常
429,2024-04-04 22:29:00,2024-04-04 22:31:00,3.0,重载,IsolationForest; Mahalanobis; 单变量IQR+3σ; 残差,6.215,102,正常
430,2024-04-04 22:35:00,2024-04-04 22:35:00,1.0,重载,IsolationForest; Mahalanobis; 单变量IQR+3σ; 残差,5.622,34,正常
431,2024-04-04 22:56:00,2024-04-04 23:00:00,5.0,停机,IsolationForest; Mahalanobis; 单变量IQR+3σ; 残差,2066.024,170,Mahalanobis 距离=2066.0（阈值=18.5）。主要贡献特征：PC2 (66.1%); PC3 (33.9%)。
432,2024-04-04 23:06:00,2024-04-04 23:17:00,12.0,停机,IsolationForest; Mahalanobis; 单变量IQR+3σ; 残差,5264.276,408,Mahalanobis 距离=5264.3（阈值=18.5）。主要贡献特征：PC2 (65.8%); PC3 (32.3%); PC4 (1.8%)。
433,2024-04-04 23:22:00,2024-04-04 23:22:00,1.0,重载,IsolationForest; Mahalanobis; 单变量IQR+3σ; 残差,7.214,34,正常
434,2024-04-04 23:26:00,2024-04-04 23:27:00,2.0,重载,IsolationForest; Mahalanobis; 单变量IQR+3σ; 残差,7.349,68,正常
435,2024-04-04 23:29:00,2024-04-04 23:32:00,4.0,停机,IsolationForest; Mahalanobis; 单变量IQR+3σ; 残差,3169.779,136,Mahalanobis 距离=3169.8（阈值=18.5）。主要贡献特征：PC2 (61.3%); PC3 (37.9%)。
436,2024-04-04 23:34:00,2024-04-04 23:34:00,1.0,重载,IsolationForest; Mahalanobis; 单变量IQR+3σ; 残差,3.406,34,残差异常：采煤机_油泵_右油箱_油压 偏高（残差 Z-score=3.4，实际=12.2 vs 预测=2.2）
437,2024-04-04 23:36:00,2024-04-05 00:05:00,30.0,停机,IsolationForest; Mahalanobis; 单变量IQR+3σ; 残差,2214.558,1020,Mahalanobis 距离=2214.6（阈值=18.5）。主要贡献特征：PC2 (65.8%); PC3 (34.0%)。
438,2024-04-05 00:15:00,2024-04-05 00:15:00,1.0,重载,IsolationForest; Mahalanobis; 单变量IQR+3σ; 残差,3.883,34,正常
439,2024-04-05 00:20:00,2024-04-05 00:20:00,1.0,重载,IsolationForest; Mahalanobis; 单变量IQR+3σ; 残差,5.438,34,正常
440,2024-04-05 00:26:00,2024-04-05 00:26:00,1.0,重载,IsolationForest; Mahalanobis; 单变量IQR+3σ; 残差,5.469,34,残差异常：采煤机_油泵_左电机_电流 偏高（残差 Z-score=5.5，实际=57.0 vs 预测=17.0）
441,2024-04-05 00:54:00,2024-04-05 00:56:00,3.0,重载,IsolationForest; Mahalanobis; 单变量IQR+3σ; 残差,3.635,102,正常
442,2024-04-05 01:03:00,2024-04-05 01:05:00,3.0,重载,IsolationForest; Mahalanobis; 单变量IQR+3σ; 残差,3.502,102,正常
443,2024-04-05 01:08:00,2024-04-05 01:08:00,1.0,重载,IsolationForest; Mahalanobis; 单变量IQR+3σ; 残差,7.252,34,正常
444,2024-04-05 01:11:00,2024-04-05 01:12:00,2.0,重载,IsolationForest; Mahalanobis; 单变量IQR+3σ; 残差,3.136,68,残差异常：采煤机_破碎机_电机_电流 偏高（残差 Z-score=3.1，实际=35.0 vs 预测=0.0）
445,2024-04-05 01:14:00,2024-04-05 01:14:00,1.0,重载,IsolationForest; Mahalanobis; 单变量IQR+3σ; 残差,7.187,34,正常
446,2024-04-05 01:21:00,2024-04-05 01:25:00,5.0,重载,IsolationForest; Mahalanobis; 单变量IQR+3σ; 残差,6.273,170,残差异常：采煤机_油泵_右电机_电流 偏高（残差 Z-score=6.3，实际=59.0 vs 预测=18.4）
447,2024-04-05 01:38:00,2024-04-05 01:42:00,5.0,重载,IsolationForest; Mahalanobis; 单变量IQR+3σ; 残差,5.52,170,正常
448,2024-04-05 01:47:00,2024-04-05 01:48:00,2.0,停机,IsolationForest; Mahalanobis; 单变量IQR+3σ; 残差,3486.128,68,Mahalanobis 距离=3486.1（阈值=18.5）。主要贡献特征：PC2 (73.9%); PC3 (26.0%)。
449,2024-04-05 01:50:00,2024-04-05 01:50:00,1.0,重载,IsolationForest; Mahalanobis; 单变量IQR+3σ; 残差,5.408,34,残差异常：采煤机_油泵_右电机_电流 偏高（残差 Z-score=5.4，实际=52.0 vs 预测=17.0）
450,2024-04-05 01:52:00,2024-04-05 01:52:00,1.0,重载,IsolationForest; Mahalanobis; 单变量IQR+3σ; 残差,4.479,34,正常
451,2024-04-05 01:55:00,2024-04-05 01:58:00,4.0,停机,IsolationForest; Mahalanobis; 单变量IQR+3σ; 残差,2579.916,136,Mahalanobis 距离=2579.9（阈值=18.5）。主要贡献特征：PC2 (66.5%); PC3 (33.4%)。
452,2024-04-05 02:01:00,2024-04-05 02:02:00,2.0,重载,IsolationForest; Mahalanobis; 单变量IQR+3σ; 残差,5.505,68,正常
453,2024-04-05 02:24:00,2024-04-05 02:24:00,1.0,重载,IsolationForest; Mahalanobis; 单变量IQR+3σ; 残差,4.178,34,正常
454,2024-04-05 02:26:00,2024-04-05 02:30:00,5.0,重载,IsolationForest; Mahalanobis; 单变量IQR+3σ; 残差,5.145,170,正常
455,2024-04-05 02:34:00,2024-04-05 02:37:00,4.0,停机,IsolationForest; Mahalanobis; 单变量IQR+3σ; 残差,2052.25,136,Mahalanobis 距离=2052.2（阈值=18.5）。主要贡献特征：PC2 (70.1%); PC3 (28.8%); PC4 (1.1%)。
456,2024-04-05 02:43:00,2024-04-05 02:45:00,3.0,重载,IsolationForest; Mahalanobis; 单变量IQR+3σ; 残差,2.509,102,正常
457,2024-04-05 02:47:00,2024-04-05 02:47:00,1.0,重载,IsolationForest; Mahalanobis; 单变量IQR+3σ; 残差,3.638,34,残差异常：采煤机_破碎机_电机_电流 偏高（残差 Z-score=3.6，实际=52.0 vs 预测=11.4）
458,2024-04-05 02:52:00,2024-04-05 02:59:00,8.0,重载,IsolationForest; Mahalanobis; 单变量IQR+3σ; 残差,6.928,272,正常
459,2024-04-05 03:04:00,2024-04-05 03:06:00,3.0,停机,IsolationForest; Mahalanobis; 单变量IQR+3σ; 残差,3172.145,102,Mahalanobis 距离=3172.1（阈值=18.5）。主要贡献特征：PC2 (69.2%); PC3 (30.5%)。
460,2024-04-05 03:09:00,2024-04-05 03:09:00,1.0,重载,IsolationForest; Mahalanobis; 单变量IQR+3σ; 残差,3.62,34,残差异常：采煤机_破碎机_电机_电流 偏高（残差 Z-score=3.6，实际=47.0 vs 预测=6.6）
461,2024-04-05 03:11:00,2024-04-05 03:11:00,1.0,重载,IsolationForest; Mahalanobis; 单变量IQR+3σ; 残差,6.584,34,正常
462,2024-04-05 03:16:00,2024-04-05 03:16:00,1.0,重载,IsolationForest; Mahalanobis; 单变量IQR+3σ; 残差,3.555,34,残差异常：采煤机_油泵_左电机_电流 偏高（残差 Z-score=3.6，实际=43.0 vs 预测=17.0）
463,2024-04-05 03:22:00,2024-04-05 03:22:00,1.0,重载,IsolationForest; Mahalanobis; 单变量IQR+3σ; 残差,2.609,34,正常
464,2024-04-05 03:26:00,2024-04-05 03:26:00,1.0,停机,IsolationForest; Mahalanobis; 单变量IQR+3σ; 残差,4867.79,34,Mahalanobis 距离=4867.8（阈值=18.5）。主要贡献特征：PC2 (84.7%); PC3 (14.3%)。
465,2024-04-05 03:31:00,2024-04-05 03:31:00,1.0,重载,IsolationForest; Mahalanobis; 单变量IQR+3σ; 残差,3.623,34,正常
466,2024-04-05 03:39:00,2024-04-05 03:39:00,1.0,重载,IsolationForest; Mahalanobis; 单变量IQR+3σ; 残差,6.366,34,残差异常：采煤机_油泵_右电机_电流 偏高（残差 Z-score=6.4，实际=59.0 vs 预测=17.8）
467,2024-04-05 03:44:00,2024-04-05 03:44:00,1.0,重载,IsolationForest; Mahalanobis; 单变量IQR+3σ; 残差,5.535,34,正常
468,2024-04-05 04:03:00,2024-04-05 04:04:00,2.0,重载,IsolationForest; Mahalanobis; 单变量IQR+3σ; 残差,5.562,68,正常
469,2024-04-05 04:09:00,2024-04-05 04:09:00,1.0,重载,IsolationForest; Mahalanobis; 单变量IQR+3σ; 残差,4.922,34,残差异常：采煤机_油泵_左电机_电流 偏高（残差 Z-score=4.9，实际=53.0 vs 预测=17.0）
470,2024-04-05 04:20:00,2024-04-05 04:20:00,1.0,重载,IsolationForest; Mahalanobis; 单变量IQR+3σ; 残差,6.475,34,正常
471,2024-04-05 04:23:00,2024-04-05 04:23:00,1.0,重载,IsolationForest; Mahalanobis; 单变量IQR+3σ; 残差,4.887,34,正常
472,2024-04-05 04:25:00,2024-04-05 04:26:00,2.0,轻载,IsolationForest; Mahalanobis; 单变量IQR+3σ; 残差,5894.516,68,Mahalanobis 距离=5894.5（阈值=18.5）。主要贡献特征：PC2 (86.9%); PC3 (12.9%)。
473,2024-04-05 04:31:00,2024-04-05 04:31:00,1.0,重载,IsolationForest; Mahalanobis; 单变量IQR+3σ; 残差,5.918,34,正常
474,2024-04-05 04:40:00,2024-04-05 04:40:00,1.0,重载,IsolationForest; Mahalanobis; 单变量IQR+3σ; 残差,6.475,34,正常
475,2024-04-05 05:09:00,2024-04-05 06:00:00,52.0,停机,IsolationForest; Mahalanobis; 单变量IQR+3σ; 残差,12378.124,1768,Mahalanobis 距离=12378.1（阈值=18.5）。主要贡献特征：PC4 (47.4%); PC2 (27.7%); PC3 (24.9%)。
476,2024-04-05 06:02:00,2024-04-05 06:02:00,1.0,重载,IsolationForest; Mahalanobis; 单变量IQR+3σ; 残差,3.72,34,残差异常：采煤机_油泵_左电机_温度 偏高（残差 Z-score=3.7，实际=50.0 vs 预测=45.6）
477,2024-04-05 06:08:00,2024-04-05 06:08:00,1.0,重载,IsolationForest; Mahalanobis; 单变量IQR+3σ; 残差,3.697,34,正常
478,2024-04-05 06:12:00,2024-04-05 06:12:00,1.0,重载,IsolationForest; Mahalanobis; 单变量IQR+3σ; 残差,6.325,34,正常
479,2024-04-05 06:27:00,2024-04-05 06:27:00,1.0,重载,IsolationForest; Mahalanobis; 单变量IQR+3σ; 残差,7.136,34,正常
480,2024-04-05 06:39:00,2024-04-05 06:39:00,1.0,重载,IsolationForest; Mahalanobis; 单变量IQR+3σ; 残差,7.621,34,正常
481,2024-04-05 06:48:00,2024-04-05 06:49:00,2.0,停机,IsolationForest; Mahalanobis; 单变量IQR+3σ; 残差,2443.269,68,Mahalanobis 距离=2443.3（阈值=18.5）。主要贡献特征：PC2 (75.2%); PC3 (24.0%)。
482,2024-04-05 06:55:00,2024-04-05 06:55:00,1.0,停机,IsolationForest; Mahalanobis; 单变量IQR+3σ; 残差,2685.434,34,Mahalanobis 距离=2685.4（阈值=18.5）。主要贡献特征：PC2 (71.4%); PC3 (28.2%)。
483,2024-04-05 07:02:00,2024-04-05 07:19:00,18.0,轻载,IsolationForest; Mahalanobis; 单变量IQR+3σ; 残差,5661.434,612,Mahalanobis 距离=5661.4（阈值=18.5）。主要贡献特征：PC2 (87.6%); PC3 (11.8%)。
484,2024-04-05 07:26:00,2024-04-05 07:26:00,1.0,重载,IsolationForest; Mahalanobis; 单变量IQR+3σ; 残差,5.537,34,正常
485,2024-04-05 07:34:00,2024-04-05 07:37:00,4.0,重载,IsolationForest; Mahalanobis; 单变量IQR+3σ; 残差,3.139,136,正常
486,2024-04-05 07:50:00,2024-04-05 07:50:00,1.0,停机,IsolationForest; Mahalanobis; 单变量IQR+3σ; 残差,2451.299,34,Mahalanobis 距离=2451.3（阈值=18.5）。主要贡献特征：PC2 (67.0%); PC3 (32.7%)。
487,2024-04-05 07:58:00,2024-04-05 07:58:00,1.0,重载,IsolationForest; Mahalanobis; 单变量IQR+3σ; 残差,4.141,34,正常
488,2024-04-05 08:01:00,2024-04-05 08:03:00,3.0,重载,IsolationForest; Mahalanobis; 单变量IQR+3σ; 残差,4.666,102,残差异常：采煤机_油泵_右电机_电流 偏高（残差 Z-score=4.7，实际=49.0 vs 预测=18.8）
489,2024-04-05 08:07:00,2024-04-05 08:10:00,4.0,停机,IsolationForest; Mahalanobis; 单变量IQR+3σ; 残差,2881.051,136,Mahalanobis 距离=2881.1（阈值=18.5）。主要贡献特征：PC2 (79.1%); PC3 (20.8%)。
490,2024-04-05 08:13:00,2024-04-05 08:14:00,2.0,重载,IsolationForest; Mahalanobis; 单变量IQR+3σ; 残差,5.42,68,正常
491,2024-04-05 08:21:00,2024-04-05 08:34:00,14.0,停机,IsolationForest; Mahalanobis; 单变量IQR+3σ; 残差,3426.325,476,Mahalanobis 距离=3426.3（阈值=18.5）。主要贡献特征：PC2 (90.3%); PC4 (8.9%)。
492,2024-04-05 08:41:00,2024-04-05 08:41:00,1.0,重载,IsolationForest; Mahalanobis; 单变量IQR+3σ; 残差,2.785,34,正常
493,2024-04-05 08:51:00,2024-04-05 08:59:00,9.0,停机,IsolationForest; Mahalanobis; 单变量IQR+3σ; 残差,4567.017,306,Mahalanobis 距离=4567.0（阈值=18.5）。主要贡献特征：PC2 (89.4%); PC4 (9.7%)。
494,2024-04-05 09:04:00,2024-04-05 09:06:00,3.0,重载,IsolationForest; Mahalanobis; 单变量IQR+3σ; 残差,3.458,102,正常
495,2024-04-05 09:10:00,2024-04-05 09:16:00,7.0,停机,IsolationForest; Mahalanobis; 单变量IQR+3σ; 残差,3942.061,238,Mahalanobis 距离=3942.1（阈值=18.5）。主要贡献特征：PC2 (85.7%); PC4 (12.3%); PC3 (2.0%)。
496,2024-04-05 09:22:00,2024-04-05 09:30:00,9.0,重载,IsolationForest; Mahalanobis; 单变量IQR+3σ; 残差,4.92,306,正常
497,2024-04-05 09:32:00,2024-04-05 09:33:00,2.0,重载,IsolationForest; Mahalanobis; 单变量IQR+3σ; 残差,6.88,68,正常
498,2024-04-05 09:35:00,2024-04-05 09:35:00,1.0,重载,IsolationForest; Mahalanobis; 单变量IQR+3σ; 残差,6.604,34,正常
499,2024-04-05 09:50:00,2024-04-05 09:50:00,1.0,重载,IsolationForest; Mahalanobis; 单变量IQR+3σ; 残差,5.697,34,正常
500,2024-04-05 10:02:00,2024-04-05 10:02:00,1.0,重载,IsolationForest; Mahalanobis; 单变量IQR+3σ; 残差,3.883,34,正常
501,2024-04-05 10:06:00,2024-04-05 10:06:00,1.0,停机,IsolationForest; Mahalanobis; 单变量IQR+3σ; 残差,2590.959,34,Mahalanobis 距离=2591.0（阈值=18.5）。主要贡献特征：PC2 (77.5%); PC3 (22.5%)。
502,2024-04-05 10:09:00,2024-04-05 10:09:00,1.0,停机,IsolationForest; Mahalanobis; 单变量IQR+3σ; 残差,2069.549,34,Mahalanobis 距离=2069.5（阈值=18.5）。主要贡献特征：PC2 (75.6%); PC3 (24.3%)。
503,2024-04-05 10:12:00,2024-04-05 10:12:00,1.0,停机,IsolationForest; Mahalanobis; 单变量IQR+3σ; 残差,1564.801,34,Mahalanobis 距离=1564.8（阈值=18.5）。主要贡献特征：PC2 (74.0%); PC3 (25.7%)。
504,2024-04-05 10:15:00,2024-04-05 10:19:00,5.0,轻载,IsolationForest; Mahalanobis; 单变量IQR+3σ; 残差,1857.998,170,Mahalanobis 距离=1858.0（阈值=18.5）。主要贡献特征：PC3 (62.3%); PC2 (24.5%); PC4 (13.3%)。
505,2024-04-05 14:00:00,2024-04-05 15:04:00,65.0,停机,IsolationForest; Mahalanobis; 单变量IQR+3σ; 残差,18.035,2210,正常
506,2024-04-05 15:17:00,2024-04-05 15:22:00,6.0,停机,IsolationForest; Mahalanobis; 单变量IQR+3σ; 残差,27.241,204,Mahalanobis 距离=27.2（阈值=18.5）。主要贡献特征：PC2 (81.1%); PC1 (14.9%); PC4 (2.1%)。
507,2024-04-05 15:36:00,2024-04-05 15:36:00,1.0,轻载,IsolationForest; Mahalanobis; 单变量IQR+3σ; 残差,3.569,34,残差异常：采煤机_油泵_左油箱_油压 偏高（残差 Z-score=3.6，实际=0.2 vs 预测=0.0）
508,2024-04-05 15:38:00,2024-04-05 15:47:00,10.0,停机,IsolationForest; Mahalanobis; 单变量IQR+3σ; 残差,1057.198,340,Mahalanobis 距离=1057.2（阈值=18.5）。主要贡献特征：PC2 (73.3%); PC3 (26.2%)。
509,2024-04-05 15:49:00,2024-04-05 15:53:00,5.0,停机,IsolationForest; Mahalanobis; 单变量IQR+3σ; 残差,1608.284,170,Mahalanobis 距离=1608.3（阈值=18.5）。主要贡献特征：PC2 (77.3%); PC3 (21.7%); PC4 (1.0%)。
510,2024-04-05 15:55:00,2024-04-05 16:27:00,33.0,停机,IsolationForest; Mahalanobis; 单变量IQR+3σ; 残差,6575.208,1122,Mahalanobis 距离=6575.2（阈值=18.5）。主要贡献特征：PC2 (93.1%); PC3 (6.9%)。
511,2024-04-05 16:32:00,2024-04-05 16:33:00,2.0,重载,IsolationForest; Mahalanobis; 单变量IQR+3σ; 残差,7.991,68,正常
512,2024-04-05 16:39:00,2024-04-05 16:43:00,5.0,停机,IsolationForest; Mahalanobis; 单变量IQR+3σ; 残差,4248.118,170,Mahalanobis 距离=4248.1（阈值=18.5）。主要贡献特征：PC2 (58.9%); PC3 (34.4%); PC4 (6.8%)。
513,2024-04-05 16:46:00,2024-04-05 16:46:00,1.0,重载,IsolationForest; Mahalanobis; 单变量IQR+3σ; 残差,3.35,34,正常
514,2024-04-05 16:50:00,2024-04-05 17:11:00,22.0,停机,IsolationForest; Mahalanobis; 单变量IQR+3σ; 残差,2714.04,748,Mahalanobis 距离=2714.0（阈值=18.5）。主要贡献特征：PC2 (79.3%); PC3 (20.6%)。
515,2024-04-05 17:17:00,2024-04-05 17:20:00,4.0,重载,IsolationForest; Mahalanobis; 单变量IQR+3σ; 残差,3.755,136,正常
516,2024-04-05 17:25:00,2024-04-05 17:25:00,1.0,重载,IsolationForest; Mahalanobis; 单变量IQR+3σ; 残差,6.52,34,残差异常：采煤机_油泵_右电机_电流 偏高（残差 Z-score=6.5，实际=60.0 vs 预测=17.8）
517,2024-04-05 17:39:00,2024-04-05 17:39:00,1.0,停机,IsolationForest; Mahalanobis; 单变量IQR+3σ; 残差,3566.245,34,Mahalanobis 距离=3566.2（阈值=18.5）。主要贡献特征：PC2 (75.5%); PC3 (24.1%)。
518,2024-04-05 17:48:00,2024-04-05 17:48:00,1.0,重载,IsolationForest; Mahalanobis; 单变量IQR+3σ; 残差,5.659,34,正常
519,2024-04-05 17:50:00,2024-04-05 17:52:00,3.0,重载,IsolationForest; Mahalanobis; 单变量IQR+3σ; 残差,2.845,102,正常
520,2024-04-05 17:55:00,2024-04-05 17:55:00,1.0,重载,IsolationForest; Mahalanobis; 单变量IQR+3σ; 残差,2.313,34,正常
521,2024-04-05 18:01:00,2024-04-05 18:06:00,6.0,重载,IsolationForest; Mahalanobis; 单变量IQR+3σ; 残差,7.155,204,单变量异常：采煤机_油泵_左油箱_油压（z-score=7.2，实际=25.4，均值=3.3±3.1）
522,2024-04-05 18:08:00,2024-04-05 18:09:00,2.0,停机,IsolationForest; Mahalanobis; 单变量IQR+3σ; 残差,2475.64,68,Mahalanobis 距离=2475.6（阈值=18.5）。主要贡献特征：PC2 (76.5%); PC3 (23.0%)。
523,2024-04-05 18:14:00,2024-04-05 18:14:00,1.0,停机,IsolationForest; Mahalanobis; 单变量IQR+3σ; 残差,2736.491,34,Mahalanobis 距离=2736.5（阈值=18.5）。主要贡献特征：PC2 (76.4%); PC3 (22.8%)。
524,2024-04-05 18:16:00,2024-04-05 18:16:00,1.0,重载,IsolationForest; Mahalanobis; 单变量IQR+3σ; 残差,5.99,34,正常
525,2024-04-05 18:19:00,2024-04-05 18:19:00,1.0,重载,IsolationForest; Mahalanobis; 单变量IQR+3σ; 残差,4.401,34,正常
526,2024-04-05 18:29:00,2024-04-05 18:29:00,1.0,重载,IsolationForest; Mahalanobis; 单变量IQR+3σ; 残差,4.499,34,正常
527,2024-04-05 18:32:00,2024-04-05 18:36:00,5.0,停机,IsolationForest; Mahalanobis; 单变量IQR+3σ; 残差,5881.155,170,Mahalanobis 距离=5881.2（阈值=18.5）。主要贡献特征：PC2 (80.2%); PC3 (19.6%)。
528,2024-04-05 18:41:00,2024-04-05 18:41:00,1.0,停机,IsolationForest; Mahalanobis; 单变量IQR+3σ; 残差,4489.093,34,Mahalanobis 距离=4489.1（阈值=18.5）。主要贡献特征：PC2 (84.0%); PC3 (15.1%)。
529,2024-04-05 19:09:00,2024-04-05 19:09:00,1.0,重载,IsolationForest; Mahalanobis; 单变量IQR+3σ; 残差,3.127,34,残差异常：采煤机_截割部位_左滚筒_电机_电流 偏高（残差 Z-score=3.1，实际=269.0 vs 预测=83.8）
530,2024-04-05 19:23:00,2024-04-05 19:23:00,1.0,停机,IsolationForest; Mahalanobis; 单变量IQR+3σ; 残差,1884.317,34,Mahalanobis 距离=1884.3（阈值=18.5）。主要贡献特征：PC2 (65.6%); PC3 (34.3%)。
531,2024-04-05 19:27:00,2024-04-05 19:27:00,1.0,重载,IsolationForest; Mahalanobis; 单变量IQR+3σ; 残差,3.979,34,残差异常：采煤机_破碎机_电机_电流 偏高（残差 Z-score=4.0，实际=50.0 vs 预测=5.6）
532,2024-04-05 19:30:00,2024-04-05 19:30:00,1.0,重载,IsolationForest; Mahalanobis; 单变量IQR+3σ; 残差,6.952,34,正常
533,2024-04-05 19:43:00,2024-04-05 19:45:00,3.0,重载,IsolationForest; Mahalanobis; 单变量IQR+3σ; 残差,2.962,102,正常
534,2024-04-05 19:48:00,2024-04-05 19:48:00,1.0,重载,IsolationForest; Mahalanobis; 单变量IQR+3σ; 残差,6.806,34,正常
535,2024-04-05 19:51:00,2024-04-05 19:51:00,1.0,重载,IsolationForest; Mahalanobis; 单变量IQR+3σ; 残差,2.784,34,正常
536,2024-04-05 19:53:00,2024-04-05 19:56:00,4.0,停机,IsolationForest; Mahalanobis; 单变量IQR+3σ; 残差,2515.496,136,Mahalanobis 距离=2515.5（阈值=18.5）。主要贡献特征：PC2 (65.1%); PC3 (34.8%)。
537,2024-04-05 20:03:00,2024-04-05 20:06:00,4.0,重载,IsolationForest; Mahalanobis; 单变量IQR+3σ; 残差,5.492,136,正常
538,2024-04-05 20:19:00,2024-04-05 20:20:00,2.0,重载,IsolationForest; Mahalanobis; 单变量IQR+3σ; 残差,4.045,68,正常
539,2024-04-05 20:33:00,2024-04-05 20:33:00,1.0,停机,IsolationForest; Mahalanobis; 单变量IQR+3σ; 残差,2564.215,34,Mahalanobis 距离=2564.2（阈值=18.5）。主要贡献特征：PC2 (73.9%); PC3 (24.9%); PC4 (1.2%)。
540,2024-04-05 20:35:00,2024-04-05 20:36:00,2.0,重载,IsolationForest; Mahalanobis; 单变量IQR+3σ; 残差,6.248,68,正常
541,2024-04-05 20:42:00,2024-04-05 20:42:00,1.0,重载,IsolationForest; Mahalanobis; 单变量IQR+3σ; 残差,3.397,34,正常
542,2024-04-05 20:56:00,2024-04-05 20:56:00,1.0,重载,IsolationForest; Mahalanobis; 单变量IQR+3σ; 残差,5.332,34,残差异常：采煤机_油泵_左电机_电流 偏高（残差 Z-score=5.3，实际=56.0 vs 预测=17.0）
543,2024-04-05 21:01:00,2024-04-05 21:04:00,4.0,停机,IsolationForest; Mahalanobis; 单变量IQR+3σ; 残差,4973.278,136,Mahalanobis 距离=4973.3（阈值=18.5）。主要贡献特征：PC2 (81.7%); PC3 (17.6%)。
544,2024-04-05 21:06:00,2024-04-05 21:07:00,2.0,重载,IsolationForest; Mahalanobis; 单变量IQR+3σ; 残差,5.723,68,正常
545,2024-04-05 21:09:00,2024-04-05 21:09:00,1.0,重载,IsolationForest; Mahalanobis; 单变量IQR+3σ; 残差,4.175,34,正常
546,2024-04-05 21:12:00,2024-04-05 21:12:00,1.0,重载,IsolationForest; Mahalanobis; 单变量IQR+3σ; 残差,1.819,34,正常
547,2024-04-05 21:17:00,2024-04-05 21:17:00,1.0,重载,IsolationForest; Mahalanobis; 单变量IQR+3σ; 残差,3.528,34,残差异常：采煤机_油泵_左电机_电流 偏高（残差 Z-score=3.5，实际=43.0 vs 预测=17.2）
548,2024-04-05 21:20:00,2024-04-05 21:20:00,1.0,重载,IsolationForest; Mahalanobis; 单变量IQR+3σ; 残差,6.15,34,残差异常：采煤机_油泵_右电机_电流 偏高（残差 Z-score=6.1，实际=57.0 vs 预测=17.2）
549,2024-04-05 21:25:00,2024-04-05 21:25:00,1.0,重载,IsolationForest; Mahalanobis; 单变量IQR+3σ; 残差,4.479,34,正常
550,2024-04-05 21:36:00,2024-04-05 21:36:00,1.0,重载,IsolationForest; Mahalanobis; 单变量IQR+3σ; 残差,5.272,34,正常
551,2024-04-05 21:42:00,2024-04-05 21:42:00,1.0,重载,IsolationForest; Mahalanobis; 单变量IQR+3σ; 残差,4.388,34,残差异常：采煤机_油泵_右电机_电流 偏高（残差 Z-score=4.4，实际=46.0 vs 预测=17.6）
552,2024-04-05 21:45:00,2024-04-05 21:46:00,2.0,停机,IsolationForest; Mahalanobis; 单变量IQR+3σ; 残差,1935.465,68,Mahalanobis 距离=1935.5（阈值=18.5）。主要贡献特征：PC2 (62.6%); PC3 (37.4%)。
553,2024-04-05 21:48:00,2024-04-05 21:52:00,5.0,停机,IsolationForest; Mahalanobis; 单变量IQR+3σ; 残差,1192.354,170,Mahalanobis 距离=1192.4（阈值=18.5）。主要贡献特征：PC2 (68.3%); PC3 (30.9%)。
554,2024-04-05 21:55:00,2024-04-05 21:55:00,1.0,重载,IsolationForest; Mahalanobis; 单变量IQR+3σ; 残差,5.606,34,残差异常：采煤机_油泵_左电机_电流 偏高（残差 Z-score=5.6，实际=58.0 vs 预测=17.0）
555,2024-04-05 22:16:00,2024-04-05 22:16:00,1.0,重载,IsolationForest; Mahalanobis; 单变量IQR+3σ; 残差,4.604,34,残差异常：采煤机_油泵_右电机_电流 偏高（残差 Z-score=4.6，实际=47.0 vs 预测=17.2）
556,2024-04-05 22:19:00,2024-04-05 22:19:00,1.0,重载,IsolationForest; Mahalanobis; 单变量IQR+3σ; 残差,5.537,34,正常
557,2024-04-05 22:22:00,2024-04-05 22:30:00,9.0,停机,IsolationForest; Mahalanobis; 单变量IQR+3σ; 残差,1178.2,306,Mahalanobis 距离=1178.2（阈值=18.5）。主要贡献特征：PC2 (61.9%); PC3 (37.2%)。
558,2024-04-05 22:37:00,2024-04-05 22:37:00,1.0,重载,IsolationForest; Mahalanobis; 单变量IQR+3σ; 残差,6.029,34,正常
559,2024-04-05 22:50:00,2024-04-05 22:54:00,5.0,停机,IsolationForest; Mahalanobis; 单变量IQR+3σ; 残差,3710.686,170,Mahalanobis 距离=3710.7（阈值=18.5）。主要贡献特征：PC2 (79.7%); PC3 (19.3%)。
560,2024-04-05 23:07:00,2024-04-05 23:07:00,1.0,重载,IsolationForest; Mahalanobis; 单变量IQR+3σ; 残差,4.223,34,正常
561,2024-04-05 23:09:00,2024-04-05 23:14:00,6.0,停机,IsolationForest; Mahalanobis; 单变量IQR+3σ; 残差,7262.478,204,Mahalanobis 距离=7262.5（阈值=18.5）。主要贡献特征：PC2 (92.5%); PC3 (6.6%)。
562,2024-04-05 23:18:00,2024-04-05 23:23:00,6.0,停机,IsolationForest; Mahalanobis; 单变量IQR+3σ; 残差,1592.446,204,Mahalanobis 距离=1592.4（阈值=18.5）。主要贡献特征：PC2 (84.3%); PC3 (15.7%)。
563,2024-04-05 23:58:00,2024-04-05 23:58:00,1.0,轻载,IsolationForest; Mahalanobis; 单变量IQR+3σ; 残差,4.868,34,正常
564,2024-04-06 00:08:00,2024-04-06 00:12:00,5.0,停机,IsolationForest; Mahalanobis; 单变量IQR+3σ; 残差,2321.359,170,Mahalanobis 距离=2321.4（阈值=18.5）。主要贡献特征：PC2 (88.4%); PC4 (11.1%)。
565,2024-04-06 00:14:00,2024-04-06 00:16:00,3.0,重载,IsolationForest; Mahalanobis; 单变量IQR+3σ; 残差,5.497,102,正常
566,2024-04-06 00:18:00,2024-04-06 00:18:00,1.0,重载,IsolationForest; Mahalanobis; 单变量IQR+3σ; 残差,3.423,34,正常
567,2024-04-06 00:31:00,2024-04-06 00:33:00,3.0,重载,IsolationForest; Mahalanobis; 单变量IQR+3σ; 残差,5.373,102,单变量异常：采煤机_油泵_左油箱_油压（z-score=5.4，实际=19.9，均值=3.3±3.1）
568,2024-04-06 00:37:00,2024-04-06 00:38:00,2.0,停机,IsolationForest; Mahalanobis; 单变量IQR+3σ; 残差,3246.312,68,Mahalanobis 距离=3246.3（阈值=18.5）。主要贡献特征：PC2 (62.7%); PC3 (34.6%); PC4 (2.8%)。
569,2024-04-06 00:40:00,2024-04-06 00:40:00,1.0,重载,IsolationForest; Mahalanobis; 单变量IQR+3σ; 残差,3.608,34,残差异常：采煤机_油泵_左油箱_油压 偏高（残差 Z-score=3.6，实际=14.4 vs 预测=2.4）
570,2024-04-06 00:57:00,2024-04-06 00:58:00,2.0,停机,IsolationForest; Mahalanobis; 单变量IQR+3σ; 残差,2352.336,68,Mahalanobis 距离=2352.3（阈值=18.5）。主要贡献特征：PC2 (67.7%); PC3 (32.2%)。
571,2024-04-06 01:01:00,2024-04-06 01:02:00,2.0,重载,IsolationForest; Mahalanobis; 单变量IQR+3σ; 残差,4.525,68,正常
572,2024-04-06 01:15:00,2024-04-06 01:15:00,1.0,重载,IsolationForest; Mahalanobis; 单变量IQR+3σ; 残差,6.809,34,正常
573,2024-04-06 01:19:00,2024-04-06 01:26:00,8.0,重载,IsolationForest; Mahalanobis; 单变量IQR+3σ; 残差,5.694,272,正常
574,2024-04-06 01:35:00,2024-04-06 01:35:00,1.0,重载,IsolationForest; Mahalanobis; 单变量IQR+3σ; 残差,5.807,34,正常
575,2024-04-06 01:46:00,2024-04-06 01:46:00,1.0,重载,IsolationForest; Mahalanobis; 单变量IQR+3σ; 残差,5.284,34,残差异常：采煤机_油泵_右电机_电流 偏高（残差 Z-score=5.3，实际=52.0 vs 预测=17.8）
576,2024-04-06 01:49:00,2024-04-06 01:49:00,1.0,重载,IsolationForest; Mahalanobis; 单变量IQR+3σ; 残差,3.875,34,正常
577,2024-04-06 01:52:00,2024-04-06 01:52:00,1.0,重载,IsolationForest; Mahalanobis; 单变量IQR+3σ; 残差,4.474,34,正常
578,2024-04-06 01:57:00,2024-04-06 01:57:00,1.0,重载,IsolationForest; Mahalanobis; 单变量IQR+3σ; 残差,5.924,34,正常
579,2024-04-06 02:06:00,2024-04-06 02:06:00,1.0,停机,IsolationForest; Mahalanobis; 单变量IQR+3σ; 残差,6663.096,34,Mahalanobis 距离=6663.1（阈值=18.5）。主要贡献特征：PC2 (82.5%); PC3 (17.5%)。
580,2024-04-06 02:08:00,2024-04-06 02:11:00,4.0,停机,IsolationForest; Mahalanobis; 单变量IQR+3σ; 残差,3903.253,136,Mahalanobis 距离=3903.3（阈值=18.5）。主要贡献特征：PC2 (76.0%); PC3 (24.0%)。
581,2024-04-06 02:16:00,2024-04-06 02:17:00,2.0,重载,IsolationForest; Mahalanobis; 单变量IQR+3σ; 残差,8.445,68,正常
582,2024-04-06 02:28:00,2024-04-06 02:28:00,1.0,重载,IsolationForest; Mahalanobis; 单变量IQR+3σ; 残差,4.758,34,正常
583,2024-04-06 02:41:00,2024-04-06 02:43:00,3.0,重载,IsolationForest; Mahalanobis; 单变量IQR+3σ; 残差,4.993,102,正常
584,2024-04-06 02:46:00,2024-04-06 02:46:00,1.0,重载,IsolationForest; Mahalanobis; 单变量IQR+3σ; 残差,5.178,34,正常
585,2024-04-06 02:51:00,2024-04-06 02:51:00,1.0,重载,IsolationForest; Mahalanobis; 单变量IQR+3σ; 残差,5.81,34,残差异常：采煤机_油泵_右电机_电流 偏高（残差 Z-score=5.8，实际=55.0 vs 预测=17.4）
586,2024-04-06 03:03:00,2024-04-06 03:08:00,6.0,停机,IsolationForest; Mahalanobis; 单变量IQR+3σ; 残差,3345.766,204,Mahalanobis 距离=3345.8（阈值=18.5）。主要贡献特征：PC2 (85.4%); PC4 (12.0%); PC3 (2.6%)。
587,2024-04-06 03:10:00,2024-04-06 03:10:00,1.0,重载,IsolationForest; Mahalanobis; 单变量IQR+3σ; 残差,3.358,34,残差异常：采煤机_截割部位_右滚筒_电机_电流 偏高（残差 Z-score=3.4，实际=273.0 vs 预测=72.4）
588,2024-04-06 03:28:00,2024-04-06 03:30:00,3.0,重载,IsolationForest; Mahalanobis; 单变量IQR+3σ; 残差,6.288,102,单变量异常：采煤机_油泵_右油箱_油压（z-score=6.3，实际=20.0，均值=3.0±2.7）
589,2024-04-06 03:34:00,2024-04-06 03:34:00,1.0,重载,IsolationForest; Mahalanobis; 单变量IQR+3σ; 残差,2.15,34,正常
590,2024-04-06 03:36:00,2024-04-06 03:36:00,1.0,重载,IsolationForest; Mahalanobis; 单变量IQR+3σ; 残差,5.474,34,正常
591,2024-04-06 03:44:00,2024-04-06 03:44:00,1.0,重载,IsolationForest; Mahalanobis; 单变量IQR+3σ; 残差,2.09,34,正常
592,2024-04-06 03:47:00,2024-04-06 03:47:00,1.0,重载,IsolationForest; Mahalanobis; 单变量IQR+3σ; 残差,4.539,34,残差异常：采煤机_油泵_左电机_电流 偏高（残差 Z-score=4.5，实际=50.0 vs 预测=16.8）
593,2024-04-06 03:54:00,2024-04-06 03:54:00,1.0,重载,IsolationForest; Mahalanobis; 单变量IQR+3σ; 残差,4.993,34,正常
594,2024-04-06 04:00:00,2024-04-06 04:00:00,1.0,停机,IsolationForest; Mahalanobis; 单变量IQR+3σ; 残差,4867.616,34,Mahalanobis 距离=4867.6（阈值=18.5）。主要贡献特征：PC2 (79.2%); PC3 (20.4%)。
595,2024-04-06 04:02:00,2024-04-06 04:05:00,4.0,重载,IsolationForest; Mahalanobis; 单变量IQR+3σ; 残差,5.871,136,残差异常：采煤机_油泵_右电机_电流 偏高（残差 Z-score=5.9，实际=55.0 vs 预测=17.0）
596,2024-04-06 04:07:00,2024-04-06 04:12:00,6.0,停机,IsolationForest; Mahalanobis; 单变量IQR+3σ; 残差,3199.831,204,Mahalanobis 距离=3199.8（阈值=18.5）。主要贡献特征：PC2 (73.7%); PC3 (24.5%); PC4 (1.8%)。
597,2024-04-06 04:28:00,2024-04-06 04:30:00,3.0,重载,IsolationForest; Mahalanobis; 单变量IQR+3σ; 残差,4.239,102,残差异常：采煤机_油泵_左电机_电流 偏高（残差 Z-score=4.2，实际=48.0 vs 预测=17.0）
598,2024-04-06 04:32:00,2024-04-06 04:32:00,1.0,重载,IsolationForest; Mahalanobis; 单变量IQR+3σ; 残差,1.689,34,正常
599,2024-04-06 04:35:00,2024-04-06 04:38:00,4.0,停机,IsolationForest; Mahalanobis; 单变量IQR+3σ; 残差,3647.001,136,Mahalanobis 距离=3647.0（阈值=18.5）。主要贡献特征：PC2 (82.5%); PC3 (16.9%)。
600,2024-04-06 04:40:00,2024-04-06 04:40:00,1.0,重载,IsolationForest; Mahalanobis; 单变量IQR+3σ; 残差,5.154,34,正常
601,2024-04-06 04:42:00,2024-04-06 04:42:00,1.0,重载,IsolationForest; Mahalanobis; 单变量IQR+3σ; 残差,3.247,34,残差异常：采煤机_油泵_左油箱_油压 偏高（残差 Z-score=3.2，实际=13.2 vs 预测=2.4）
602,2024-04-06 04:44:00,2024-04-06 04:48:00,5.0,停机,IsolationForest; Mahalanobis; 单变量IQR+3σ; 残差,3989.201,170,Mahalanobis 距离=3989.2（阈值=18.5）。主要贡献特征：PC2 (80.5%); PC3 (18.8%)。
603,2024-04-06 04:53:00,2024-04-06 04:56:00,4.0,重载,IsolationForest; Mahalanobis; 单变量IQR+3σ; 残差,5.807,136,正常
604,2024-04-06 05:00:00,2024-04-06 05:00:00,1.0,重载,IsolationForest; Mahalanobis; 单变量IQR+3σ; 残差,5.686,34,残差异常：采煤机_油泵_右电机_电流 偏高（残差 Z-score=5.7，实际=54.0 vs 预测=17.2）
605,2024-04-06 05:06:00,2024-04-06 05:10:00,5.0,停机,IsolationForest; Mahalanobis; 单变量IQR+3σ; 残差,3277.619,170,Mahalanobis 距离=3277.6（阈值=18.5）。主要贡献特征：PC2 (76.8%); PC3 (22.0%); PC4 (1.1%)。
606,2024-04-06 05:34:00,2024-04-06 05:37:00,4.0,重载,IsolationForest; Mahalanobis; 单变量IQR+3σ; 残差,4.073,136,正常
607,2024-04-06 05:41:00,2024-04-06 05:41:00,1.0,停机,IsolationForest; Mahalanobis; 单变量IQR+3σ; 残差,3574.279,34,Mahalanobis 距离=3574.3（阈值=18.5）。主要贡献特征：PC2 (73.2%); PC3 (26.8%)。
608,2024-04-06 05:43:00,2024-04-06 05:43:00,1.0,重载,IsolationForest; Mahalanobis; 单变量IQR+3σ; 残差,6.043,34,残差异常：采煤机_油泵_左电机_电流 偏高（残差 Z-score=6.0，实际=61.0 vs 预测=16.8）
609,2024-04-06 06:01:00,2024-04-06 06:01:00,1.0,重载,IsolationForest; Mahalanobis; 单变量IQR+3σ; 残差,4.883,34,残差异常：采煤机_油泵_右电机_电流 偏高（残差 Z-score=4.9，实际=49.0 vs 预测=17.4）
610,2024-04-06 06:15:00,2024-04-06 06:15:00,1.0,重载,IsolationForest; Mahalanobis; 单变量IQR+3σ; 残差,5.469,34,残差异常：采煤机_油泵_左电机_电流 偏高（残差 Z-score=5.5，实际=57.0 vs 预测=17.0）
611,2024-04-06 06:17:00,2024-04-06 06:17:00,1.0,重载,IsolationForest; Mahalanobis; 单变量IQR+3σ; 残差,5.272,34,正常
612,2024-04-06 06:22:00,2024-04-06 06:23:00,2.0,重载,IsolationForest; Mahalanobis; 单变量IQR+3σ; 残差,5.408,68,残差异常：采煤机_油泵_右电机_电流 偏高（残差 Z-score=5.4，实际=52.0 vs 预测=17.0）
613,2024-04-06 06:26:00,2024-04-06 06:26:00,1.0,重载,IsolationForest; Mahalanobis; 单变量IQR+3σ; 残差,3.047,34,残差异常：采煤机_破碎机_电机_电流 偏高（残差 Z-score=3.0，实际=34.0 vs 预测=0.0）
614,2024-04-06 06:30:00,2024-04-06 06:30:00,1.0,重载,IsolationForest; Mahalanobis; 单变量IQR+3σ; 残差,5.548,34,正常
615,2024-04-06 06:35:00,2024-04-06 06:35:00,1.0,重载,IsolationForest; Mahalanobis; 单变量IQR+3σ; 残差,4.207,34,正常
616,2024-04-06 06:40:00,2024-04-06 06:40:00,1.0,重载,IsolationForest; Mahalanobis; 单变量IQR+3σ; 残差,6.053,34,正常
617,2024-04-06 06:50:00,2024-04-06 06:51:00,2.0,停机,IsolationForest; Mahalanobis; 单变量IQR+3σ; 残差,3522.644,68,Mahalanobis 距离=3522.6（阈值=18.5）。主要贡献特征：PC2 (81.6%); PC3 (17.6%)。
618,2024-04-06 07:04:00,2024-04-06 07:04:00,1.0,停机,IsolationForest; Mahalanobis; 单变量IQR+3σ; 残差,2940.294,34,Mahalanobis 距离=2940.3（阈值=18.5）。主要贡献特征：PC2 (73.6%); PC3 (24.2%); PC4 (2.2%)。
619,2024-04-06 07:07:00,2024-04-06 07:08:00,2.0,停机,IsolationForest; Mahalanobis; 单变量IQR+3σ; 残差,2613.837,68,Mahalanobis 距离=2613.8（阈值=18.5）。主要贡献特征：PC2 (74.5%); PC3 (25.0%)。
620,2024-04-06 07:24:00,2024-04-06 07:24:00,1.0,停机,IsolationForest; Mahalanobis; 单变量IQR+3σ; 残差,2205.443,34,Mahalanobis 距离=2205.4（阈值=18.5）。主要贡献特征：PC2 (66.2%); PC3 (33.8%)。
621,2024-04-06 07:28:00,2024-04-06 07:28:00,1.0,重载,IsolationForest; Mahalanobis; 单变量IQR+3σ; 残差,8.776,34,残差异常：采煤机_油泵_右电机_电流 偏高（残差 Z-score=8.8，实际=74.0 vs 预测=17.2）
622,2024-04-06 07:36:00,2024-04-06 07:36:00,1.0,重载,IsolationForest; Mahalanobis; 单变量IQR+3σ; 残差,3.084,34,正常
623,2024-04-06 07:57:00,2024-04-06 07:57:00,1.0,重载,IsolationForest; Mahalanobis; 单变量IQR+3σ; 残差,3.1,34,残差异常：采煤机_油泵_右油箱_油压 偏高（残差 Z-score=3.1，实际=11.3 vs 预测=2.2）
624,2024-04-06 08:00:00,2024-04-06 08:02:00,3.0,停机,IsolationForest; Mahalanobis; 单变量IQR+3σ; 残差,2598.193,102,Mahalanobis 距离=2598.2（阈值=18.5）。主要贡献特征：PC2 (65.2%); PC3 (34.8%)。
625,2024-04-06 08:05:00,2024-04-06 08:05:00,1.0,重载,IsolationForest; Mahalanobis; 单变量IQR+3σ; 残差,5.989,34,残差异常：采煤机_油泵_左电机_电流 偏高（残差 Z-score=6.0，实际=61.0 vs 预测=17.2）
626,2024-04-06 08:16:00,2024-04-06 08:16:00,1.0,重载,IsolationForest; Mahalanobis; 单变量IQR+3σ; 残差,3.047,34,残差异常：采煤机_破碎机_电机_电流 偏高（残差 Z-score=3.0，实际=49.0 vs 预测=15.0）
627,2024-04-06 08:25:00,2024-04-06 08:25:00,1.0,重载,IsolationForest; Mahalanobis; 单变量IQR+3σ; 残差,5.717,34,残差异常：采煤机_油泵_右电机_电流 偏高（残差 Z-score=5.7，实际=54.0 vs 预测=17.0）
628,2024-04-06 08:28:00,2024-04-06 08:28:00,1.0,重载,IsolationForest; Mahalanobis; 单变量IQR+3σ; 残差,3.414,34,正常
629,2024-04-06 08:44:00,2024-04-06 08:44:00,1.0,重载,IsolationForest; Mahalanobis; 单变量IQR+3σ; 残差,3.965,34,残差异常：采煤机_油泵_左电机_电流 偏高（残差 Z-score=4.0，实际=46.0 vs 预测=17.0）
630,2024-04-06 09:36:00,2024-04-06 09:37:00,2.0,重载,IsolationForest; Mahalanobis; 单变量IQR+3σ; 残差,2.456,68,正常
631,2024-04-06 09:43:00,2024-04-06 09:43:00,1.0,重载,IsolationForest; Mahalanobis; 单变量IQR+3σ; 残差,2.838,34,正常
632,2024-04-06 09:49:00,2024-04-06 09:50:00,2.0,重载,IsolationForest; Mahalanobis; 单变量IQR+3σ; 残差,6.325,68,正常
633,2024-04-06 09:57:00,2024-04-06 11:32:00,96.0,停机,IsolationForest; Mahalanobis; 单变量IQR+3σ; 残差,3002.917,3264,Mahalanobis 距离=3002.9（阈值=18.5）。主要贡献特征：PC2 (79.7%); PC3 (20.0%)。
634,2024-04-06 12:51:00,2024-04-06 13:19:00,29.0,轻载,IsolationForest; Mahalanobis; 单变量IQR+3σ; 残差,2599.756,986,Mahalanobis 距离=2599.8（阈值=18.5）。主要贡献特征：PC2 (91.5%); PC4 (8.1%)。
635,2024-04-06 14:02:00,2024-04-06 14:12:00,11.0,轻载,IsolationForest; Mahalanobis; 单变量IQR+3σ; 残差,31.288,374,Mahalanobis 距离=31.3（阈值=18.5）。主要贡献特征：PC2 (53.4%); PC3 (31.3%); PC1 (12.6%)。
636,2024-04-06 15:01:00,2024-04-06 15:08:00,8.0,停机,IsolationForest; Mahalanobis; 单变量IQR+3σ; 残差,2390.088,272,Mahalanobis 距离=2390.1（阈值=18.5）。主要贡献特征：PC2 (87.2%); PC4 (12.6%)。
637,2024-04-06 15:29:00,2024-04-06 15:59:00,31.0,停机,IsolationForest; Mahalanobis; 单变量IQR+3σ; 残差,30343.074,1054,Mahalanobis 距离=30343.1（阈值=18.5）。主要贡献特征：PC2 (99.0%)。
638,2024-04-06 16:02:00,2024-04-06 16:05:00,4.0,停机,IsolationForest; Mahalanobis; 单变量IQR+3σ; 残差,2262.285,136,Mahalanobis 距离=2262.3（阈值=18.5）。主要贡献特征：PC2 (87.6%); PC4 (11.5%)。
639,2024-04-06 16:09:00,2024-04-06 16:21:00,13.0,停机,IsolationForest; Mahalanobis; 单变量IQR+3σ; 残差,2341.34,442,Mahalanobis 距离=2341.3（阈值=18.5）。主要贡献特征：PC2 (71.0%); PC3 (28.8%)。
640,2024-04-06 16:29:00,2024-04-06 16:29:00,1.0,重载,IsolationForest; Mahalanobis; 单变量IQR+3σ; 残差,3.202,34,正常
641,2024-04-06 16:31:00,2024-04-06 16:37:00,7.0,停机,IsolationForest; Mahalanobis; 单变量IQR+3σ; 残差,6459.896,238,Mahalanobis 距离=6459.9（阈值=18.5）。主要贡献特征：PC2 (82.9%); PC3 (16.3%)。
642,2024-04-06 16:41:00,2024-04-06 16:41:00,1.0,重载,IsolationForest; Mahalanobis; 单变量IQR+3σ; 残差,4.207,34,正常
643,2024-04-06 16:59:00,2024-04-06 16:59:00,1.0,重载,IsolationForest; Mahalanobis; 单变量IQR+3σ; 残差,4.03,34,正常
644,2024-04-06 17:02:00,2024-04-06 17:02:00,1.0,重载,IsolationForest; Mahalanobis; 单变量IQR+3σ; 残差,6.695,34,正常
645,2024-04-06 17:04:00,2024-04-06 17:04:00,1.0,重载,IsolationForest; Mahalanobis; 单变量IQR+3σ; 残差,6.572,34,正常
646,2024-04-06 17:14:00,2024-04-06 17:49:00,36.0,停机,IsolationForest; Mahalanobis; 单变量IQR+3σ; 残差,4585.583,1224,Mahalanobis 距离=4585.6（阈值=18.5）。主要贡献特征：PC2 (88.6%); PC4 (10.4%); PC3 (1.0%)。
647,2024-04-06 17:53:00,2024-04-06 17:53:00,1.0,重载,IsolationForest; Mahalanobis; 单变量IQR+3σ; 残差,6.39,34,正常
648,2024-04-06 17:56:00,2024-04-06 18:00:00,5.0,轻载,IsolationForest; Mahalanobis; 单变量IQR+3σ; 残差,4395.562,170,Mahalanobis 距离=4395.6（阈值=18.5）。主要贡献特征：PC2 (82.2%); PC3 (17.6%)。
649,2024-04-06 18:02:00,2024-04-06 18:09:00,8.0,重载,IsolationForest; Mahalanobis; 单变量IQR+3σ; 残差,3.844,272,正常
650,2024-04-06 18:18:00,2024-04-06 18:20:00,3.0,重载,IsolationForest; Mahalanobis; 单变量IQR+3σ; 残差,2.685,102,单变量异常：采煤机_油泵_左油箱_油压（z-score=2.7，实际=11.6，均值=3.3±3.1）
651,2024-04-06 18:22:00,2024-04-06 18:24:00,3.0,停机,IsolationForest; Mahalanobis; 单变量IQR+3σ; 残差,2847.953,102,Mahalanobis 距离=2848.0（阈值=18.5）。主要贡献特征：PC2 (73.8%); PC3 (25.9%)。
652,2024-04-06 18:49:00,2024-04-06 18:52:00,4.0,重载,IsolationForest; Mahalanobis; 单变量IQR+3σ; 残差,6.992,136,正常
653,2024-04-06 19:18:00,2024-04-06 19:19:00,2.0,停机,IsolationForest; Mahalanobis; 单变量IQR+3σ; 残差,2756.617,68,Mahalanobis 距离=2756.6（阈值=18.5）。主要贡献特征：PC2 (71.8%); PC3 (27.2%); PC4 (1.1%)。
654,2024-04-06 19:32:00,2024-04-06 19:34:00,3.0,停机,IsolationForest; Mahalanobis; 单变量IQR+3σ; 残差,2514.887,102,Mahalanobis 距离=2514.9（阈值=18.5）。主要贡献特征：PC2 (72.9%); PC3 (27.0%)。
655,2024-04-06 19:53:00,2024-04-06 19:53:00,1.0,重载,IsolationForest; Mahalanobis; 单变量IQR+3σ; 残差,6.88,34,正常
656,2024-04-06 19:55:00,2024-04-06 19:55:00,1.0,重载,IsolationForest; Mahalanobis; 单变量IQR+3σ; 残差,3.193,34,残差异常：采煤机_油泵_左油箱_油压 偏高（残差 Z-score=3.2，实际=13.1 vs 预测=2.5）
657,2024-04-06 20:00:00,2024-04-06 20:00:00,1.0,重载,IsolationForest; Mahalanobis; 单变量IQR+3σ; 残差,8.361,34,正常
658,2024-04-06 20:11:00,2024-04-06 20:11:00,1.0,重载,IsolationForest; Mahalanobis; 单变量IQR+3σ; 残差,6.507,34,正常
659,2024-04-06 20:21:00,2024-04-06 20:22:00,2.0,停机,IsolationForest; Mahalanobis; 单变量IQR+3σ; 残差,4605.377,68,Mahalanobis 距离=4605.4（阈值=18.5）。主要贡献特征：PC2 (84.4%); PC3 (15.5%)。
660,2024-04-06 20:38:00,2024-04-06 20:38:00,1.0,重载,IsolationForest; Mahalanobis; 单变量IQR+3σ; 残差,11.416,34,残差异常：采煤机_破碎机_电机_电流 偏高（残差 Z-score=11.4，实际=133.0 vs 预测=5.6）
661,2024-04-06 20:47:00,2024-04-06 20:47:00,1.0,重载,IsolationForest; Mahalanobis; 单变量IQR+3σ; 残差,3.856,34,残差异常：采煤机_油泵_左电机_电流 偏高（残差 Z-score=3.9，实际=45.0 vs 预测=16.8）
662,2024-04-06 20:50:00,2024-04-06 20:50:00,1.0,重载,IsolationForest; Mahalanobis; 单变量IQR+3σ; 残差,5.211,34,正常
663,2024-04-06 21:00:00,2024-04-06 21:00:00,1.0,重载,IsolationForest; Mahalanobis; 单变量IQR+3σ; 残差,5.244,34,正常
664,2024-04-06 21:13:00,2024-04-06 21:13:00,1.0,重载,IsolationForest; Mahalanobis; 单变量IQR+3σ; 残差,6.016,34,残差异常：采煤机_油泵_左电机_电流 偏高（残差 Z-score=6.0，实际=61.0 vs 预测=17.0）
665,2024-04-06 21:19:00,2024-04-06 21:19:00,1.0,重载,IsolationForest; Mahalanobis; 单变量IQR+3σ; 残差,4.419,34,残差异常：采煤机_油泵_右电机_电流 偏高（残差 Z-score=4.4，实际=46.0 vs 预测=17.4）
666,2024-04-06 21:24:00,2024-04-06 21:28:00,5.0,停机,IsolationForest; Mahalanobis; 单变量IQR+3σ; 残差,2835.194,170,Mahalanobis 距离=2835.2（阈值=18.5）。主要贡献特征：PC2 (74.2%); PC3 (25.4%)。
667,2024-04-06 21:45:00,2024-04-06 21:47:00,3.0,重载,IsolationForest; Mahalanobis; 单变量IQR+3σ; 残差,15.262,102,正常
668,2024-04-06 21:51:00,2024-04-06 21:52:00,2.0,重载,IsolationForest; Mahalanobis; 单变量IQR+3σ; 残差,4.666,68,残差异常：采煤机_油泵_右电机_电流 偏高（残差 Z-score=4.7，实际=48.0 vs 预测=17.8）
669,2024-04-06 21:55:00,2024-04-06 21:57:00,3.0,停机,IsolationForest; Mahalanobis; 单变量IQR+3σ; 残差,2955.184,102,Mahalanobis 距离=2955.2（阈值=18.5）。主要贡献特征：PC2 (72.5%); PC3 (26.9%)。
670,2024-04-06 21:59:00,2024-04-06 21:59:00,1.0,重载,IsolationForest; Mahalanobis; 单变量IQR+3σ; 残差,3.964,34,残差异常：采煤机_截割部位_右滚筒_电机_电流 偏高（残差 Z-score=4.0，实际=310.0 vs 预测=73.2）
671,2024-04-06 22:01:00,2024-04-06 22:01:00,1.0,重载,IsolationForest; Mahalanobis; 单变量IQR+3σ; 残差,3.24,34,残差异常：采煤机_牵引部位_右电机_电流 偏高（残差 Z-score=3.2，实际=248.0 vs 预测=98.2）
672,2024-04-06 22:10:00,2024-04-06 22:10:00,1.0,重载,IsolationForest; Mahalanobis; 单变量IQR+3σ; 残差,6.658,34,正常
673,2024-04-06 22:18:00,2024-04-06 22:18:00,1.0,重载,IsolationForest; Mahalanobis; 单变量IQR+3σ; 残差,7.029,34,正常
674,2024-04-06 22:29:00,2024-04-06 22:32:00,4.0,停机,IsolationForest; Mahalanobis; 单变量IQR+3σ; 残差,4517.842,136,Mahalanobis 距离=4517.8（阈值=18.5）。主要贡献特征：PC2 (82.4%); PC3 (16.6%)。
675,2024-04-06 22:38:00,2024-04-06 22:41:00,4.0,重载,IsolationForest; Mahalanobis; 单变量IQR+3σ; 残差,3.266,136,正常
676,2024-04-06 22:52:00,2024-04-06 22:52:00,1.0,重载,IsolationForest; Mahalanobis; 单变量IQR+3σ; 残差,5.114,34,正常
677,2024-04-06 22:56:00,2024-04-06 23:02:00,7.0,停机,IsolationForest; Mahalanobis; 单变量IQR+3σ; 残差,3407.133,238,Mahalanobis 距离=3407.1（阈值=18.5）。主要贡献特征：PC2 (73.9%); PC3 (26.1%)。
678,2024-04-06 23:04:00,2024-04-06 23:04:00,1.0,重载,IsolationForest; Mahalanobis; 单变量IQR+3σ; 残差,5.438,34,正常
679,2024-04-06 23:06:00,2024-04-06 23:06:00,1.0,重载,IsolationForest; Mahalanobis; 单变量IQR+3σ; 残差,4.435,34,正常
680,2024-04-06 23:09:00,2024-04-06 23:12:00,4.0,停机,IsolationForest; Mahalanobis; 单变量IQR+3σ; 残差,4332.826,136,Mahalanobis 距离=4332.8（阈值=18.5）。主要贡献特征：PC2 (79.2%); PC3 (19.6%); PC4 (1.2%)。
681,2024-04-06 23:22:00,2024-04-06 23:26:00,5.0,重载,IsolationForest; Mahalanobis; 单变量IQR+3σ; 残差,5.528,170,正常
682,2024-04-06 23:29:00,2024-04-06 23:29:00,1.0,重载,IsolationForest; Mahalanobis; 单变量IQR+3σ; 残差,4.435,34,正常
683,2024-04-06 23:40:00,2024-04-06 23:40:00,1.0,重载,IsolationForest; Mahalanobis; 单变量IQR+3σ; 残差,3.736,34,正常
684,2024-04-06 23:45:00,2024-04-06 23:48:00,4.0,停机,IsolationForest; Mahalanobis; 单变量IQR+3σ; 残差,4402.616,136,Mahalanobis 距离=4402.6（阈值=18.5）。主要贡献特征：PC2 (81.5%); PC3 (18.0%)。
685,2024-04-06 23:51:00,2024-04-06 23:53:00,3.0,停机,IsolationForest; Mahalanobis; 单变量IQR+3σ; 残差,20.183,102,Mahalanobis 距离=20.2（阈值=18.5）。主要贡献特征：PC2 (63.8%); PC3 (26.5%); PC1 (8.4%)。
686,2024-04-06 23:55:00,2024-04-06 23:56:00,2.0,重载,IsolationForest; Mahalanobis; 单变量IQR+3σ; 残差,6.88,68,正常
687,2024-04-07 00:05:00,2024-04-07 00:05:00,1.0,轻载,IsolationForest; Mahalanobis; 单变量IQR+3σ; 残差,2528.643,34,Mahalanobis 距离=2528.6（阈值=18.5）。主要贡献特征：PC2 (70.5%); PC3 (29.3%)。
688,2024-04-07 00:20:00,2024-04-07 00:20:00,1.0,重载,IsolationForest; Mahalanobis; 单变量IQR+3σ; 残差,5.252,34,正常
689,2024-04-07 00:32:00,2024-04-07 00:35:00,4.0,停机,IsolationForest; Mahalanobis; 单变量IQR+3σ; 残差,3088.626,136,Mahalanobis 距离=3088.6（阈值=18.5）。主要贡献特征：PC2 (90.0%); PC4 (8.7%); PC3 (1.2%)。
690,2024-04-07 00:37:00,2024-04-07 00:38:00,2.0,重载,IsolationForest; Mahalanobis; 单变量IQR+3σ; 残差,5.487,68,正常
691,2024-04-07 00:40:00,2024-04-07 00:40:00,1.0,重载,IsolationForest; Mahalanobis; 单变量IQR+3σ; 残差,5.461,34,正常
692,2024-04-07 00:42:00,2024-04-07 00:42:00,1.0,重载,IsolationForest; Mahalanobis; 单变量IQR+3σ; 残差,5.955,34,正常
693,2024-04-07 01:08:00,2024-04-07 01:09:00,2.0,停机,IsolationForest; Mahalanobis; 单变量IQR+3σ; 残差,2607.568,68,Mahalanobis 距离=2607.6（阈值=18.5）。主要贡献特征：PC2 (79.5%); PC3 (20.5%)。
694,2024-04-07 01:12:00,2024-04-07 01:14:00,3.0,停机,IsolationForest; Mahalanobis; 单变量IQR+3σ; 残差,1042.731,102,Mahalanobis 距离=1042.7（阈值=18.5）。主要贡献特征：PC3 (57.9%); PC2 (24.8%); PC4 (17.3%)。
695,2024-04-07 01:40:00,2024-04-07 01:49:00,10.0,停机,IsolationForest; Mahalanobis; 单变量IQR+3σ; 残差,1158.648,340,Mahalanobis 距离=1158.6（阈值=18.5）。主要贡献特征：PC3 (59.2%); PC2 (22.1%); PC4 (18.6%)。
696,2024-04-07 02:16:00,2024-04-07 02:28:00,13.0,重载,IsolationForest; Mahalanobis; 单变量IQR+3σ; 残差,5.561,442,正常
697,2024-04-07 02:34:00,2024-04-07 02:34:00,1.0,重载,IsolationForest; Mahalanobis; 单变量IQR+3σ; 残差,6.701,34,正常
698,2024-04-07 02:40:00,2024-04-07 02:40:00,1.0,重载,IsolationForest; Mahalanobis; 单变量IQR+3σ; 残差,6.88,34,正常
699,2024-04-07 02:50:00,2024-04-07 02:50:00,1.0,重载,IsolationForest; Mahalanobis; 单变量IQR+3σ; 残差,5.223,34,残差异常：采煤机_油泵_右电机_电流 偏高（残差 Z-score=5.2，实际=52.0 vs 预测=18.2）
700,2024-04-07 02:58:00,2024-04-07 02:58:00,1.0,重载,IsolationForest; Mahalanobis; 单变量IQR+3σ; 残差,4.714,34,正常
701,2024-04-07 03:12:00,2024-04-07 03:12:00,1.0,重载,IsolationForest; Mahalanobis; 单变量IQR+3σ; 残差,8.189,34,残差异常：采煤机_油泵_右电机_电流 偏高（残差 Z-score=8.2，实际=70.0 vs 预测=17.0）
702,2024-04-07 03:15:00,2024-04-07 03:15:00,1.0,轻载,IsolationForest; Mahalanobis; 单变量IQR+3σ; 残差,6643.512,34,Mahalanobis 距离=6643.5（阈值=18.5）。主要贡献特征：PC2 (86.2%); PC3 (12.9%)。
703,2024-04-07 03:20:00,2024-04-07 03:21:00,2.0,停机,IsolationForest; Mahalanobis; 单变量IQR+3σ; 残差,6254.898,68,Mahalanobis 距离=6254.9（阈值=18.5）。主要贡献特征：PC2 (88.2%); PC3 (10.7%); PC4 (1.1%)。
704,2024-04-07 03:24:00,2024-04-07 03:24:00,1.0,停机,IsolationForest; Mahalanobis; 单变量IQR+3σ; 残差,3071.21,34,Mahalanobis 距离=3071.2（阈值=18.5）。主要贡献特征：PC2 (82.4%); PC3 (17.1%)。
705,2024-04-07 03:33:00,2024-04-07 03:33:00,1.0,重载,IsolationForest; Mahalanobis; 单变量IQR+3σ; 残差,1.69,34,正常
706,2024-04-07 03:39:00,2024-04-07 03:42:00,4.0,重载,IsolationForest; Mahalanobis; 单变量IQR+3σ; 残差,3.494,136,单变量异常：采煤机_油泵_左油箱_油压（z-score=3.5，实际=14.1，均值=3.3±3.1）
707,2024-04-07 03:50:00,2024-04-07 03:55:00,6.0,重载,IsolationForest; Mahalanobis; 单变量IQR+3σ; 残差,19.482,204,Mahalanobis 距离=19.5（阈值=18.5）。主要贡献特征：PC2 (79.1%); PC3 (15.2%); PC4 (3.9%)。
708,2024-04-07 04:20:00,2024-04-07 04:20:00,1.0,重载,IsolationForest; Mahalanobis; 单变量IQR+3σ; 残差,4.122,34,残差异常：采煤机_破碎机_电机_电流 偏高（残差 Z-score=4.1，实际=46.0 vs 预测=0.0）
709,2024-04-07 04:24:00,2024-04-07 04:26:00,3.0,停机,IsolationForest; Mahalanobis; 单变量IQR+3σ; 残差,2010.354,102,Mahalanobis 距离=2010.4（阈值=18.5）。主要贡献特征：PC2 (57.8%); PC3 (42.0%)。
710,2024-04-07 04:39:00,2024-04-07 04:39:00,1.0,重载,IsolationForest; Mahalanobis; 单变量IQR+3σ; 残差,4.481,34,残差异常：采煤机_油泵_右电机_电流 偏高（残差 Z-score=4.5，实际=46.0 vs 预测=17.0）
711,2024-04-07 05:04:00,2024-04-07 05:04:00,1.0,重载,IsolationForest; Mahalanobis; 单变量IQR+3σ; 残差,5.861,34,残差异常：采煤机_破碎机_电机_电流 偏高（残差 Z-score=5.9，实际=71.0 vs 预测=5.6）
712,2024-04-07 05:06:00,2024-04-07 05:06:00,1.0,重载,IsolationForest; Mahalanobis; 单变量IQR+3σ; 残差,5.059,34,残差异常：采煤机_油泵_左电机_电流 偏高（残差 Z-score=5.1，实际=54.0 vs 预测=17.0）
713,2024-04-07 05:11:00,2024-04-07 05:11:00,1.0,停机,IsolationForest; Mahalanobis; 单变量IQR+3σ; 残差,3145.917,34,Mahalanobis 距离=3145.9（阈值=18.5）。主要贡献特征：PC2 (75.6%); PC3 (23.3%); PC4 (1.1%)。
714,2024-04-07 05:13:00,2024-04-07 05:13:00,1.0,停机,IsolationForest; Mahalanobis; 单变量IQR+3σ; 残差,2512.185,34,Mahalanobis 距离=2512.2（阈值=18.5）。主要贡献特征：PC2 (76.1%); PC3 (22.9%); PC4 (1.1%)。
715,2024-04-07 05:19:00,2024-04-07 05:19:00,1.0,停机,IsolationForest; Mahalanobis; 单变量IQR+3σ; 残差,3564.567,34,Mahalanobis 距离=3564.6（阈值=18.5）。主要贡献特征：PC2 (79.7%); PC3 (19.8%)。
716,2024-04-07 05:27:00,2024-04-07 05:27:00,1.0,重载,IsolationForest; Mahalanobis; 单变量IQR+3σ; 残差,3.309,34,残差异常：采煤机_油泵_左电机_电流 偏高（残差 Z-score=3.3，实际=41.0 vs 预测=16.8）
717,2024-04-07 05:32:00,2024-04-07 05:32:00,1.0,重载,IsolationForest; Mahalanobis; 单变量IQR+3σ; 残差,5.47,34,正常
718,2024-04-07 05:47:00,2024-04-07 05:47:00,1.0,重载,IsolationForest; Mahalanobis; 单变量IQR+3σ; 残差,4.239,34,残差异常：采煤机_油泵_左电机_电流 偏高（残差 Z-score=4.2，实际=48.0 vs 预测=17.0）
719,2024-04-07 05:49:00,2024-04-07 05:49:00,1.0,重载,IsolationForest; Mahalanobis; 单变量IQR+3σ; 残差,6.399,34,正常
720,2024-04-07 05:55:00,2024-04-07 05:55:00,1.0,重载,IsolationForest; Mahalanobis; 单变量IQR+3σ; 残差,6.273,34,残差异常：采煤机_油泵_右电机_电流 偏高（残差 Z-score=6.3，实际=58.0 vs 预测=17.4）
721,2024-04-07 05:58:00,2024-04-07 05:58:00,1.0,重载,IsolationForest; Mahalanobis; 单变量IQR+3σ; 残差,28.407,34,残差异常：采煤机_破碎机_电机_电流 偏高（残差 Z-score=28.4，实际=317.0 vs 预测=0.0）
722,2024-04-07 06:00:00,2024-04-07 06:02:00,3.0,重载,IsolationForest; Mahalanobis; 单变量IQR+3σ; 残差,1.983,102,正常
723,2024-04-07 06:06:00,2024-04-07 06:06:00,1.0,重载,IsolationForest; Mahalanobis; 单变量IQR+3σ; 残差,1.475,34,正常
724,2024-04-07 06:09:00,2024-04-07 06:09:00,1.0,重载,IsolationForest; Mahalanobis; 单变量IQR+3σ; 残差,3.818,34,正常
725,2024-04-07 06:14:00,2024-04-07 06:14:00,1.0,重载,IsolationForest; Mahalanobis; 单变量IQR+3σ; 残差,3.316,34,残差异常：采煤机_破碎机_电机_电流 偏高（残差 Z-score=3.3，实际=37.0 vs 预测=0.0）
726,2024-04-07 06:17:00,2024-04-07 06:17:00,1.0,重载,IsolationForest; Mahalanobis; 单变量IQR+3σ; 残差,6.103,34,正常
727,2024-04-07 06:19:00,2024-04-07 06:19:00,1.0,重载,IsolationForest; Mahalanobis; 单变量IQR+3σ; 残差,3.608,34,残差异常：采煤机_油泵_左油箱_油压 偏高（残差 Z-score=3.6，实际=14.4 vs 预测=2.4）
728,2024-04-07 06:22:00,2024-04-07 06:22:00,1.0,重载,IsolationForest; Mahalanobis; 单变量IQR+3σ; 残差,3.569,34,残差异常：采煤机_截割部位_左滚筒_电机_电流 偏高（残差 Z-score=3.6，实际=291.0 vs 预测=79.6）
729,2024-04-07 06:26:00,2024-04-07 06:27:00,2.0,重载,IsolationForest; Mahalanobis; 单变量IQR+3σ; 残差,7.029,68,正常
730,2024-04-07 06:32:00,2024-04-07 06:33:00,2.0,停机,IsolationForest; Mahalanobis; 单变量IQR+3σ; 残差,2154.244,68,Mahalanobis 距离=2154.2（阈值=18.5）。主要贡献特征：PC2 (73.7%); PC3 (25.6%)。
731,2024-04-07 06:36:00,2024-04-07 06:36:00,1.0,重载,IsolationForest; Mahalanobis; 单变量IQR+3σ; 残差,6.658,34,正常
732,2024-04-07 06:50:00,2024-04-07 06:50:00,1.0,重载,IsolationForest; Mahalanobis; 单变量IQR+3σ; 残差,4.141,34,正常
733,2024-04-07 06:56:00,2024-04-07 06:56:00,1.0,重载,IsolationForest; Mahalanobis; 单变量IQR+3σ; 残差,3.801,34,残差异常：采煤机_油泵_左油箱_油压 偏高（残差 Z-score=3.8，实际=15.0 vs 预测=2.4）
734,2024-04-07 06:59:00,2024-04-07 06:59:00,1.0,重载,IsolationForest; Mahalanobis; 单变量IQR+3σ; 残差,7.252,34,正常
735,2024-04-07 07:01:00,2024-04-07 07:01:00,1.0,重载,IsolationForest; Mahalanobis; 单变量IQR+3σ; 残差,7.975,34,残差异常：采煤机_破碎机_电机_电流 偏高（残差 Z-score=8.0，实际=89.0 vs 预测=0.0）
736,2024-04-07 07:08:00,2024-04-07 07:08:00,1.0,停机,IsolationForest; Mahalanobis; 单变量IQR+3σ; 残差,4658.774,34,Mahalanobis 距离=4658.8（阈值=18.5）。主要贡献特征：PC2 (83.6%); PC3 (16.3%)。
737,2024-04-07 07:10:00,2024-04-07 07:12:00,3.0,停机,IsolationForest; Mahalanobis; 单变量IQR+3σ; 残差,3556.077,102,Mahalanobis 距离=3556.1（阈值=18.5）。主要贡献特征：PC2 (82.2%); PC3 (17.3%)。
738,2024-04-07 07:17:00,2024-04-07 07:18:00,2.0,停机,IsolationForest; Mahalanobis; 单变量IQR+3σ; 残差,4997.874,68,Mahalanobis 距离=4997.9（阈值=18.5）。主要贡献特征：PC2 (80.6%); PC3 (18.6%)。
739,2024-04-07 07:22:00,2024-04-07 07:22:00,1.0,停机,IsolationForest; Mahalanobis; 单变量IQR+3σ; 残差,2135.209,34,Mahalanobis 距离=2135.2（阈值=18.5）。主要贡献特征：PC2 (72.9%); PC3 (26.8%)。
740,2024-04-07 07:24:00,2024-04-07 07:24:00,1.0,重载,IsolationForest; Mahalanobis; 单变量IQR+3σ; 残差,4.92,34,正常
741,2024-04-07 07:26:00,2024-04-07 07:26:00,1.0,停机,IsolationForest; Mahalanobis; 单变量IQR+3σ; 残差,3360.992,34,Mahalanobis 距离=3361.0（阈值=18.5）。主要贡献特征：PC2 (79.9%); PC3 (19.4%)。
742,2024-04-07 07:36:00,2024-04-07 07:38:00,3.0,重载,IsolationForest; Mahalanobis; 单变量IQR+3σ; 残差,2.289,102,正常
743,2024-04-07 07:42:00,2024-04-07 07:44:00,3.0,重载,IsolationForest; Mahalanobis; 单变量IQR+3σ; 残差,4.854,102,正常
744,2024-04-07 07:46:00,2024-04-07 07:46:00,1.0,重载,IsolationForest; Mahalanobis; 单变量IQR+3σ; 残差,6.436,34,正常
745,2024-04-07 08:13:00,2024-04-07 08:13:00,1.0,重载,IsolationForest; Mahalanobis; 单变量IQR+3σ; 残差,5.511,34,正常
746,2024-04-07 08:21:00,2024-04-07 08:25:00,5.0,停机,IsolationForest; Mahalanobis; 单变量IQR+3σ; 残差,2070.41,170,Mahalanobis 距离=2070.4（阈值=18.5）。主要贡献特征：PC2 (64.7%); PC3 (35.3%)。
747,2024-04-07 08:34:00,2024-04-07 08:38:00,5.0,停机,IsolationForest; Mahalanobis; 单变量IQR+3σ; 残差,3235.596,170,Mahalanobis 距离=3235.6（阈值=18.5）。主要贡献特征：PC2 (86.8%); PC4 (11.4%); PC3 (1.9%)。
748,2024-04-07 08:47:00,2024-04-07 08:47:00,1.0,重载,IsolationForest; Mahalanobis; 单变量IQR+3σ; 残差,5.971,34,正常
749,2024-04-07 08:52:00,2024-04-07 08:52:00,1.0,停机,IsolationForest; Mahalanobis; 单变量IQR+3σ; 残差,2955.258,34,Mahalanobis 距离=2955.3（阈值=18.5）。主要贡献特征：PC2 (78.5%); PC3 (21.0%)。
750,2024-04-07 08:54:00,2024-04-07 08:57:00,4.0,停机,IsolationForest; Mahalanobis; 单变量IQR+3σ; 残差,1689.388,136,Mahalanobis 距离=1689.4（阈值=18.5）。主要贡献特征：PC2 (73.8%); PC3 (25.5%)。
751,2024-04-07 09:12:00,2024-04-07 09:12:00,1.0,重载,IsolationForest; Mahalanobis; 单变量IQR+3σ; 残差,6.52,34,残差异常：采煤机_油泵_右电机_电流 偏高（残差 Z-score=6.5，实际=60.0 vs 预测=17.8）
752,2024-04-07 09:23:00,2024-04-07 09:23:00,1.0,重载,IsolationForest; Mahalanobis; 单变量IQR+3σ; 残差,5.606,34,残差异常：采煤机_油泵_左电机_电流 偏高（残差 Z-score=5.6，实际=58.0 vs 预测=17.0）
753,2024-04-07 09:28:00,2024-04-07 09:28:00,1.0,重载,IsolationForest; Mahalanobis; 单变量IQR+3σ; 残差,4.854,34,正常
754,2024-04-07 09:31:00,2024-04-07 09:33:00,3.0,重载,IsolationForest; Mahalanobis; 单变量IQR+3σ; 残差,5.082,102,正常
755,2024-04-07 09:43:00,2024-04-07 09:43:00,1.0,停机,IsolationForest; Mahalanobis; 单变量IQR+3σ; 残差,2495.503,34,Mahalanobis 距离=2495.5（阈值=18.5）。主要贡献特征：PC2 (75.9%); PC3 (24.0%)。
756,2024-04-07 09:49:00,2024-04-07 09:49:00,1.0,重载,IsolationForest; Mahalanobis; 单变量IQR+3σ; 残差,6.397,34,残差异常：采煤机_油泵_右电机_电流 偏高（残差 Z-score=6.4，实际=60.0 vs 预测=18.6）
757,2024-04-07 09:51:00,2024-04-07 09:54:00,4.0,停机,IsolationForest; Mahalanobis; 单变量IQR+3σ; 残差,2998.342,136,Mahalanobis 距离=2998.3（阈值=18.5）。主要贡献特征：PC2 (86.7%); PC3 (12.3%)。
758,2024-04-07 10:30:00,2024-04-07 10:41:00,12.0,停机,IsolationForest; Mahalanobis; 单变量IQR+3σ; 残差,1435.162,408,Mahalanobis 距离=1435.2（阈值=18.5）。主要贡献特征：PC3 (59.5%); PC2 (21.0%); PC4 (19.5%)。
759,2024-04-07 14:53:00,2024-04-07 14:57:00,5.0,停机,IsolationForest; Mahalanobis; 单变量IQR+3σ; 残差,2391.64,170,Mahalanobis 距离=2391.6（阈值=18.5）。主要贡献特征：PC2 (87.4%); PC4 (12.3%)。
760,2024-04-07 15:17:00,2024-04-07 15:17:00,1.0,轻载,IsolationForest; Mahalanobis; 单变量IQR+3σ; 残差,3.098,34,正常
761,2024-04-07 15:27:00,2024-04-07 15:35:00,9.0,停机,IsolationForest; Mahalanobis; 单变量IQR+3σ; 残差,2747.253,306,Mahalanobis 距离=2747.3（阈值=18.5）。主要贡献特征：PC2 (80.5%); PC3 (19.5%)。
762,2024-04-07 15:38:00,2024-04-07 15:55:00,18.0,停机,IsolationForest; Mahalanobis; 单变量IQR+3σ; 残差,3965.923,612,Mahalanobis 距离=3965.9（阈值=18.5）。主要贡献特征：PC2 (81.2%); PC3 (17.7%); PC4 (1.1%)。
763,2024-04-07 15:57:00,2024-04-07 16:06:00,10.0,重载,IsolationForest; Mahalanobis; 单变量IQR+3σ; 残差,26.557,340,Mahalanobis 距离=26.6（阈值=18.5）。主要贡献特征：PC2 (61.7%); PC3 (35.2%); PC4 (1.7%)。
764,2024-04-07 16:08:00,2024-04-07 16:09:00,2.0,重载,IsolationForest; Mahalanobis; 单变量IQR+3σ; 残差,5.406,68,正常
765,2024-04-07 16:20:00,2024-04-07 16:20:00,1.0,重载,IsolationForest; Mahalanobis; 单变量IQR+3σ; 残差,5.655,34,残差异常：采煤机_油泵_右电机_电流 偏高（残差 Z-score=5.7，实际=55.0 vs 预测=18.4）
766,2024-04-07 16:46:00,2024-04-07 16:46:00,1.0,重载,IsolationForest; Mahalanobis; 单变量IQR+3σ; 残差,3.495,34,残差异常：采煤机_破碎机_电机_电流 偏高（残差 Z-score=3.5，实际=39.0 vs 预测=0.0）
767,2024-04-07 16:54:00,2024-04-07 16:54:00,1.0,重载,IsolationForest; Mahalanobis; 单变量IQR+3σ; 残差,3.308,34,残差异常：采煤机_油泵_左油箱_油压 偏高（残差 Z-score=3.3，实际=13.5 vs 预测=2.5）
768,2024-04-07 16:57:00,2024-04-07 16:57:00,1.0,重载,IsolationForest; Mahalanobis; 单变量IQR+3σ; 残差,4.984,34,正常
769,2024-04-07 17:06:00,2024-04-07 17:11:00,6.0,停机,IsolationForest; Mahalanobis; 单变量IQR+3σ; 残差,3534.883,204,Mahalanobis 距离=3534.9（阈值=18.5）。主要贡献特征：PC2 (67.6%); PC3 (32.1%)。
770,2024-04-07 17:13:00,2024-04-07 17:13:00,1.0,重载,IsolationForest; Mahalanobis; 单变量IQR+3σ; 残差,2.582,34,正常
771,2024-04-07 17:22:00,2024-04-07 17:25:00,4.0,停机,IsolationForest; Mahalanobis; 单变量IQR+3σ; 残差,6167.797,136,Mahalanobis 距离=6167.8（阈值=18.5）。主要贡献特征：PC2 (86.3%); PC3 (12.7%); PC4 (1.0%)。
772,2024-04-07 17:32:00,2024-04-07 17:33:00,2.0,重载,IsolationForest; Mahalanobis; 单变量IQR+3σ; 残差,5.027,68,正常
773,2024-04-07 17:35:00,2024-04-07 17:38:00,4.0,停机,IsolationForest; Mahalanobis; 单变量IQR+3σ; 残差,4974.508,136,Mahalanobis 距离=4974.5（阈值=18.5）。主要贡献特征：PC2 (90.3%); PC3 (9.6%)。
774,2024-04-07 17:41:00,2024-04-07 17:41:00,1.0,重载,IsolationForest; Mahalanobis; 单变量IQR+3σ; 残差,2.875,34,正常
775,2024-04-07 17:49:00,2024-04-07 17:49:00,1.0,重载,IsolationForest; Mahalanobis; 单变量IQR+3σ; 残差,6.863,34,正常
776,2024-04-07 18:00:00,2024-04-07 18:00:00,1.0,重载,IsolationForest; Mahalanobis; 单变量IQR+3σ; 残差,5.794,34,正常
777,2024-04-07 18:06:00,2024-04-07 18:08:00,3.0,重载,IsolationForest; Mahalanobis; 单变量IQR+3σ; 残差,7.288,102,正常
778,2024-04-07 18:25:00,2024-04-07 18:26:00,2.0,停机,IsolationForest; Mahalanobis; 单变量IQR+3σ; 残差,2735.361,68,Mahalanobis 距离=2735.4（阈值=18.5）。主要贡献特征：PC2 (64.9%); PC3 (34.6%)。
779,2024-04-07 18:34:00,2024-04-07 18:34:00,1.0,重载,IsolationForest; Mahalanobis; 单变量IQR+3σ; 残差,3.787,34,残差异常：采煤机_截割部位_右滚筒_电机_电流 偏高（残差 Z-score=3.8，实际=301.0 vs 预测=74.8）
780,2024-04-07 18:36:00,2024-04-07 18:36:00,1.0,重载,IsolationForest; Mahalanobis; 单变量IQR+3σ; 残差,5.474,34,正常
781,2024-04-07 18:43:00,2024-04-07 18:44:00,2.0,重载,IsolationForest; Mahalanobis; 单变量IQR+3σ; 残差,7.252,68,正常
782,2024-04-07 18:55:00,2024-04-07 18:58:00,4.0,停机,IsolationForest; Mahalanobis; 单变量IQR+3σ; 残差,5304.291,136,Mahalanobis 距离=5304.3（阈值=18.5）。主要贡献特征：PC2 (71.4%); PC3 (27.0%); PC4 (1.6%)。
783,2024-04-07 19:08:00,2024-04-07 19:10:00,3.0,重载,IsolationForest; Mahalanobis; 单变量IQR+3σ; 残差,2.688,102,正常
784,2024-04-07 19:19:00,2024-04-07 19:19:00,1.0,重载,IsolationForest; Mahalanobis; 单变量IQR+3σ; 残差,3.885,34,正常
785,2024-04-07 19:29:00,2024-04-07 19:29:00,1.0,重载,IsolationForest; Mahalanobis; 单变量IQR+3σ; 残差,7.399,34,正常
786,2024-04-07 19:39:00,2024-04-07 19:39:00,1.0,重载,IsolationForest; Mahalanobis; 单变量IQR+3σ; 残差,4.855,34,正常
787,2024-04-07 19:47:00,2024-04-07 19:59:00,13.0,停机,IsolationForest; Mahalanobis; 单变量IQR+3σ; 残差,5811.282,442,Mahalanobis 距离=5811.3（阈值=18.5）。主要贡献特征：PC2 (86.6%); PC3 (12.4%); PC4 (1.0%)。
788,2024-04-07 20:02:00,2024-04-07 20:04:00,3.0,重载,IsolationForest; Mahalanobis; 单变量IQR+3σ; 残差,5.59,102,正常
789,2024-04-07 20:08:00,2024-04-07 20:11:00,4.0,停机,IsolationForest; Mahalanobis; 单变量IQR+3σ; 残差,2447.97,136,Mahalanobis 距离=2448.0（阈值=18.5）。主要贡献特征：PC2 (72.0%); PC3 (26.8%); PC4 (1.1%)。
790,2024-04-07 20:16:00,2024-04-07 20:18:00,3.0,重载,IsolationForest; Mahalanobis; 单变量IQR+3σ; 残差,5.627,102,正常
791,2024-04-07 20:21:00,2024-04-07 20:29:00,9.0,停机,IsolationForest; Mahalanobis; 单变量IQR+3σ; 残差,3005.469,306,Mahalanobis 距离=3005.5（阈值=18.5）。主要贡献特征：PC2 (74.5%); PC3 (24.7%)。
792,2024-04-07 20:37:00,2024-04-07 20:37:00,1.0,重载,IsolationForest; Mahalanobis; 单变量IQR+3σ; 残差,3.965,34,残差异常：采煤机_油泵_左电机_电流 偏高（残差 Z-score=4.0，实际=46.0 vs 预测=17.0）
793,2024-04-07 20:43:00,2024-04-07 20:43:00,1.0,停机,IsolationForest; Mahalanobis; 单变量IQR+3σ; 残差,4988.133,34,Mahalanobis 距离=4988.1（阈值=18.5）。主要贡献特征：PC2 (82.3%); PC3 (16.7%)。
794,2024-04-07 20:45:00,2024-04-07 21:09:00,25.0,停机,IsolationForest; Mahalanobis; 单变量IQR+3σ; 残差,4282.235,850,Mahalanobis 距离=4282.2（阈值=18.5）。主要贡献特征：PC2 (85.4%); PC3 (13.3%); PC4 (1.3%)。
795,2024-04-07 21:11:00,2024-04-07 21:12:00,2.0,重载,IsolationForest; Mahalanobis; 单变量IQR+3σ; 残差,5.357,68,正常
796,2024-04-07 21:20:00,2024-04-07 21:20:00,1.0,重载,IsolationForest; Mahalanobis; 单变量IQR+3σ; 残差,4.499,34,正常
797,2024-04-07 21:47:00,2024-04-07 21:47:00,1.0,重载,IsolationForest; Mahalanobis; 单变量IQR+3σ; 残差,2.509,34,正常
798,2024-04-07 21:53:00,2024-04-07 21:56:00,4.0,重载,IsolationForest; Mahalanobis; 单变量IQR+3σ; 残差,6.362,136,正常
799,2024-04-07 22:07:00,2024-04-07 22:07:00,1.0,重载,IsolationForest; Mahalanobis; 单变量IQR+3σ; 残差,6.362,34,正常
800,2024-04-07 22:19:00,2024-04-07 22:19:00,1.0,重载,IsolationForest; Mahalanobis; 单变量IQR+3σ; 残差,4.483,34,正常
801,2024-04-07 22:24:00,2024-04-07 22:26:00,3.0,停机,IsolationForest; Mahalanobis; 单变量IQR+3σ; 残差,3291.979,102,Mahalanobis 距离=3292.0（阈值=18.5）。主要贡献特征：PC2 (66.5%); PC3 (32.9%)。
802,2024-04-07 22:29:00,2024-04-07 22:29:00,1.0,停机,IsolationForest; Mahalanobis; 单变量IQR+3σ; 残差,14.439,34,正常
803,2024-04-07 22:33:00,2024-04-07 22:33:00,1.0,重载,IsolationForest; Mahalanobis; 单变量IQR+3σ; 残差,27.152,34,残差异常：采煤机_破碎机_电机_电流 偏高（残差 Z-score=27.2，实际=303.0 vs 预测=0.0）
804,2024-04-07 22:36:00,2024-04-07 22:39:00,4.0,重载,IsolationForest; Mahalanobis; 单变量IQR+3σ; 残差,4.375,136,残差异常：采煤机_油泵_左电机_电流 偏高（残差 Z-score=4.4，实际=49.0 vs 预测=17.0）
805,2024-04-07 23:01:00,2024-04-07 23:01:00,1.0,停机,IsolationForest; Mahalanobis; 单变量IQR+3σ; 残差,2395.998,34,Mahalanobis 距离=2396.0（阈值=18.5）。主要贡献特征：PC2 (68.1%); PC3 (31.8%)。
806,2024-04-07 23:13:00,2024-04-07 23:14:00,2.0,轻载,IsolationForest; Mahalanobis; 单变量IQR+3σ; 残差,7061.163,68,Mahalanobis 距离=7061.2（阈值=18.5）。主要贡献特征：PC2 (89.6%); PC3 (10.1%)。
807,2024-04-07 23:24:00,2024-04-07 23:24:00,1.0,重载,IsolationForest; Mahalanobis; 单变量IQR+3σ; 残差,5.373,34,正常
808,2024-04-07 23:26:00,2024-04-07 23:28:00,3.0,停机,IsolationForest; Mahalanobis; 单变量IQR+3σ; 残差,3387.871,102,Mahalanobis 距离=3387.9（阈值=18.5）。主要贡献特征：PC2 (78.9%); PC3 (20.2%)。
809,2024-04-07 23:32:00,2024-04-07 23:36:00,5.0,轻载,IsolationForest; Mahalanobis; 单变量IQR+3σ; 残差,3521.943,170,Mahalanobis 距离=3521.9（阈值=18.5）。主要贡献特征：PC2 (80.0%); PC3 (19.8%)。
810,2024-04-07 23:45:00,2024-04-07 23:46:00,2.0,重载,IsolationForest; Mahalanobis; 单变量IQR+3σ; 残差,6.473,68,正常
811,2024-04-07 23:51:00,2024-04-07 23:51:00,1.0,停机,IsolationForest; Mahalanobis; 单变量IQR+3σ; 残差,2369.178,34,Mahalanobis 距离=2369.2（阈值=18.5）。主要贡献特征：PC2 (71.4%); PC3 (28.6%)。
812,2024-04-08 00:11:00,2024-04-08 00:13:00,3.0,重载,IsolationForest; Mahalanobis; 单变量IQR+3σ; 残差,3.645,102,正常
813,2024-04-08 00:18:00,2024-04-08 00:20:00,3.0,重载,IsolationForest; Mahalanobis; 单变量IQR+3σ; 残差,2.599,102,正常
814,2024-04-08 00:22:00,2024-04-08 00:22:00,1.0,停机,IsolationForest; Mahalanobis; 单变量IQR+3σ; 残差,2836.293,34,Mahalanobis 距离=2836.3（阈值=18.5）。主要贡献特征：PC2 (78.4%); PC3 (21.4%)。
815,2024-04-08 00:31:00,2024-04-08 00:31:00,1.0,重载,IsolationForest; Mahalanobis; 单变量IQR+3σ; 残差,5.84,34,残差异常：采煤机_油泵_右电机_电流 偏高（残差 Z-score=5.8，实际=55.0 vs 预测=17.2）
816,2024-04-08 00:38:00,2024-04-08 00:44:00,7.0,停机,IsolationForest; Mahalanobis; 单变量IQR+3σ; 残差,2851.333,238,Mahalanobis 距离=2851.3（阈值=18.5）。主要贡献特征：PC2 (65.8%); PC3 (34.2%)。
817,2024-04-08 00:49:00,2024-04-08 00:51:00,3.0,重载,IsolationForest; Mahalanobis; 单变量IQR+3σ; 残差,5.16,102,正常
818,2024-04-08 00:54:00,2024-04-08 00:59:00,6.0,重载,IsolationForest; Mahalanobis; 单变量IQR+3σ; 残差,4.952,204,正常
819,2024-04-08 01:01:00,2024-04-08 01:01:00,1.0,重载,IsolationForest; Mahalanobis; 单变量IQR+3σ; 残差,4.79,34,残差异常：采煤机_油泵_右电机_电流 偏高（残差 Z-score=4.8，实际=48.0 vs 预测=17.0）
820,2024-04-08 01:07:00,2024-04-08 01:09:00,3.0,重载,IsolationForest; Mahalanobis; 单变量IQR+3σ; 残差,4.435,102,正常
821,2024-04-08 01:15:00,2024-04-08 01:15:00,1.0,重载,IsolationForest; Mahalanobis; 单变量IQR+3σ; 残差,7.22,34,正常
822,2024-04-08 01:18:00,2024-04-08 01:19:00,2.0,停机,IsolationForest; Mahalanobis; 单变量IQR+3σ; 残差,2770.581,68,Mahalanobis 距离=2770.6（阈值=18.5）。主要贡献特征：PC2 (77.0%); PC3 (22.1%)。
823,2024-04-08 01:21:00,2024-04-08 01:21:00,1.0,重载,IsolationForest; Mahalanobis; 单变量IQR+3σ; 残差,5.373,34,正常
824,2024-04-08 01:23:00,2024-04-08 01:23:00,1.0,重载,IsolationForest; Mahalanobis; 单变量IQR+3σ; 残差,6.529,34,正常
825,2024-04-08 01:26:00,2024-04-08 01:26:00,1.0,停机,IsolationForest; Mahalanobis; 单变量IQR+3σ; 残差,2594.197,34,Mahalanobis 距离=2594.2（阈值=18.5）。主要贡献特征：PC2 (74.4%); PC3 (23.7%); PC4 (1.9%)。
826,2024-04-08 01:30:00,2024-04-08 01:35:00,6.0,停机,IsolationForest; Mahalanobis; 单变量IQR+3σ; 残差,5548.725,204,Mahalanobis 距离=5548.7（阈值=18.5）。主要贡献特征：PC2 (94.6%); PC3 (5.1%)。
827,2024-04-08 01:37:00,2024-04-08 01:37:00,1.0,重载,IsolationForest; Mahalanobis; 单变量IQR+3σ; 残差,4.895,34,残差异常：采煤机_油泵_左电机_电流 偏高（残差 Z-score=4.9，实际=53.0 vs 预测=17.2）
828,2024-04-08 01:50:00,2024-04-08 01:52:00,3.0,重载,IsolationForest; Mahalanobis; 单变量IQR+3σ; 残差,5.967,102,正常
829,2024-04-08 02:02:00,2024-04-08 02:05:00,4.0,重载,IsolationForest; Mahalanobis; 单变量IQR+3σ; 残差,6.49,136,正常
830,2024-04-08 02:08:00,2024-04-08 02:08:00,1.0,重载,IsolationForest; Mahalanobis; 单变量IQR+3σ; 残差,7.252,34,正常
831,2024-04-08 02:12:00,2024-04-08 02:12:00,1.0,重载,IsolationForest; Mahalanobis; 单变量IQR+3σ; 残差,4.295,34,正常
832,2024-04-08 02:19:00,2024-04-08 02:19:00,1.0,停机,IsolationForest; Mahalanobis; 单变量IQR+3σ; 残差,2227.928,34,Mahalanobis 距离=2227.9（阈值=18.5）。主要贡献特征：PC2 (71.2%); PC3 (28.3%)。
833,2024-04-08 02:23:00,2024-04-08 02:31:00,9.0,停机,IsolationForest; Mahalanobis; 单变量IQR+3σ; 残差,1635.406,306,Mahalanobis 距离=1635.4（阈值=18.5）。主要贡献特征：PC2 (67.2%); PC3 (31.8%); PC4 (1.1%)。
834,2024-04-08 02:42:00,2024-04-08 02:44:00,3.0,重载,IsolationForest; Mahalanobis; 单变量IQR+3σ; 残差,3.274,102,正常
835,2024-04-08 02:55:00,2024-04-08 02:55:00,1.0,重载,IsolationForest; Mahalanobis; 单变量IQR+3σ; 残差,6.288,34,正常
836,2024-04-08 03:20:00,2024-04-08 03:20:00,1.0,重载,IsolationForest; Mahalanobis; 单变量IQR+3σ; 残差,5.697,34,正常
837,2024-04-08 03:22:00,2024-04-08 03:22:00,1.0,重载,IsolationForest; Mahalanobis; 单变量IQR+3σ; 残差,5.762,34,正常
838,2024-04-08 03:38:00,2024-04-08 03:40:00,3.0,重载,IsolationForest; Mahalanobis; 单变量IQR+3σ; 残差,3.121,102,正常
839,2024-04-08 03:45:00,2024-04-08 03:46:00,2.0,停机,IsolationForest; Mahalanobis; 单变量IQR+3σ; 残差,5382.597,68,Mahalanobis 距离=5382.6（阈值=18.5）。主要贡献特征：PC2 (84.1%); PC3 (15.1%)。
840,2024-04-08 03:56:00,2024-04-08 03:57:00,2.0,重载,IsolationForest; Mahalanobis; 单变量IQR+3σ; 残差,8.033,68,正常
841,2024-04-08 04:08:00,2024-04-08 04:12:00,5.0,重载,IsolationForest; Mahalanobis; 单变量IQR+3σ; 残差,5.47,170,正常
842,2024-04-08 04:23:00,2024-04-08 04:24:00,2.0,重载,IsolationForest; Mahalanobis; 单变量IQR+3σ; 残差,6.181,68,残差异常：采煤机_油泵_右电机_电流 偏高（残差 Z-score=6.2，实际=57.0 vs 预测=17.0）
843,2024-04-08 04:29:00,2024-04-08 04:29:00,1.0,轻载,IsolationForest; Mahalanobis; 单变量IQR+3σ; 残差,2656.336,34,Mahalanobis 距离=2656.3（阈值=18.5）。主要贡献特征：PC2 (69.0%); PC3 (31.0%)。
844,2024-04-08 04:31:00,2024-04-08 04:31:00,1.0,停机,IsolationForest; Mahalanobis; 单变量IQR+3σ; 残差,2365.405,34,Mahalanobis 距离=2365.4（阈值=18.5）。主要贡献特征：PC2 (66.8%); PC3 (32.5%)。
845,2024-04-08 04:38:00,2024-04-08 04:39:00,2.0,停机,IsolationForest; Mahalanobis; 单变量IQR+3σ; 残差,1958.082,68,Mahalanobis 距离=1958.1（阈值=18.5）。主要贡献特征：PC2 (67.7%); PC3 (32.1%)。
846,2024-04-08 04:43:00,2024-04-08 04:43:00,1.0,重载,IsolationForest; Mahalanobis; 单变量IQR+3σ; 残差,4.499,34,正常
847,2024-04-08 04:48:00,2024-04-08 04:48:00,1.0,重载,IsolationForest; Mahalanobis; 单变量IQR+3σ; 残差,4.659,34,正常
848,2024-04-08 04:54:00,2024-04-08 04:54:00,1.0,重载,IsolationForest; Mahalanobis; 单变量IQR+3σ; 残差,6.769,34,正常
849,2024-04-08 05:00:00,2024-04-08 05:00:00,1.0,停机,IsolationForest; Mahalanobis; 单变量IQR+3σ; 残差,3096.916,34,Mahalanobis 距离=3096.9（阈值=18.5）。主要贡献特征：PC2 (61.4%); PC3 (37.9%)。
850,2024-04-08 05:03:00,2024-04-08 05:03:00,1.0,停机,IsolationForest; Mahalanobis; 单变量IQR+3σ; 残差,2274.639,34,Mahalanobis 距离=2274.6（阈值=18.5）。主要贡献特征：PC2 (65.7%); PC3 (34.2%)。
851,2024-04-08 05:05:00,2024-04-08 05:06:00,2.0,停机,IsolationForest; Mahalanobis; 单变量IQR+3σ; 残差,1429.054,68,Mahalanobis 距离=1429.1（阈值=18.5）。主要贡献特征：PC2 (63.5%); PC3 (36.5%)。
852,2024-04-08 05:15:00,2024-04-08 05:15:00,1.0,重载,IsolationForest; Mahalanobis; 单变量IQR+3σ; 残差,1.437,34,正常
853,2024-04-08 05:42:00,2024-04-08 05:42:00,1.0,重载,IsolationForest; Mahalanobis; 单变量IQR+3σ; 残差,5.696,34,正常
854,2024-04-08 05:48:00,2024-04-08 05:51:00,4.0,停机,IsolationForest; Mahalanobis; 单变量IQR+3σ; 残差,2634.443,136,Mahalanobis 距离=2634.4（阈值=18.5）。主要贡献特征：PC2 (72.7%); PC3 (26.0%); PC4 (1.3%)。
855,2024-04-08 06:14:00,2024-04-08 06:16:00,3.0,重载,IsolationForest; Mahalanobis; 单变量IQR+3σ; 残差,2.829,102,正常
856,2024-04-08 06:20:00,2024-04-08 06:23:00,4.0,停机,IsolationForest; Mahalanobis; 单变量IQR+3σ; 残差,4111.278,136,Mahalanobis 距离=4111.3（阈值=18.5）。主要贡献特征：PC2 (80.6%); PC3 (18.5%)。
857,2024-04-08 06:26:00,2024-04-08 06:29:00,4.0,停机,IsolationForest; Mahalanobis; 单变量IQR+3σ; 残差,2388.441,136,Mahalanobis 距离=2388.4（阈值=18.5）。主要贡献特征：PC2 (71.8%); PC3 (25.6%); PC4 (2.6%)。
858,2024-04-08 06:31:00,2024-04-08 06:31:00,1.0,重载,IsolationForest; Mahalanobis; 单变量IQR+3σ; 残差,5.41,34,正常
859,2024-04-08 06:33:00,2024-04-08 06:33:00,1.0,重载,IsolationForest; Mahalanobis; 单变量IQR+3σ; 残差,5.568,34,正常
860,2024-04-08 06:42:00,2024-04-08 06:42:00,1.0,停机,IsolationForest; Mahalanobis; 单变量IQR+3σ; 残差,1987.228,34,Mahalanobis 距离=1987.2（阈值=18.5）。主要贡献特征：PC2 (66.2%); PC3 (32.2%); PC4 (1.6%)。
861,2024-04-08 06:45:00,2024-04-08 06:54:00,10.0,停机,IsolationForest; Mahalanobis; 单变量IQR+3σ; 残差,7642.553,340,Mahalanobis 距离=7642.6（阈值=18.5）。主要贡献特征：PC2 (90.9%); PC3 (8.4%)。
862,2024-04-08 07:11:00,2024-04-08 07:17:00,7.0,停机,IsolationForest; Mahalanobis; 单变量IQR+3σ; 残差,5394.816,238,Mahalanobis 距离=5394.8（阈值=18.5）。主要贡献特征：PC2 (88.9%); PC3 (10.6%)。
863,2024-04-08 07:19:00,2024-04-08 07:19:00,1.0,重载,IsolationForest; Mahalanobis; 单变量IQR+3σ; 残差,3.184,34,残差异常：采煤机_牵引部位_右电机_电流 偏高（残差 Z-score=3.2，实际=186.0 vs 预测=38.8）
864,2024-04-08 07:22:00,2024-04-08 07:25:00,4.0,停机,IsolationForest; Mahalanobis; 单变量IQR+3σ; 残差,1487.289,136,Mahalanobis 距离=1487.3（阈值=18.5）。主要贡献特征：PC2 (65.7%); PC3 (31.5%); PC4 (2.7%)。
865,2024-04-08 08:18:00,2024-04-08 08:34:00,17.0,停机,IsolationForest; Mahalanobis; 单变量IQR+3σ; 残差,2380.538,578,Mahalanobis 距离=2380.5（阈值=18.5）。主要贡献特征：PC2 (88.4%); PC4 (11.1%)。
866,2024-04-08 08:55:00,2024-04-08 09:06:00,12.0,停机,IsolationForest; Mahalanobis; 单变量IQR+3σ; 残差,706.123,408,Mahalanobis 距离=706.1（阈值=18.5）。主要贡献特征：PC4 (52.4%); PC3 (33.6%); PC2 (14.0%)。
867,2024-04-08 09:11:00,2024-04-08 09:16:00,6.0,重载,IsolationForest; Mahalanobis; 单变量IQR+3σ; 残差,6.669,204,正常
868,2024-04-08 09:23:00,2024-04-08 09:23:00,1.0,重载,IsolationForest; Mahalanobis; 单变量IQR+3σ; 残差,4.016,34,正常
869,2024-04-08 09:35:00,2024-04-08 09:35:00,1.0,重载,IsolationForest; Mahalanobis; 单变量IQR+3σ; 残差,4.696,34,正常
870,2024-04-08 09:37:00,2024-04-08 09:37:00,1.0,重载,IsolationForest; Mahalanobis; 单变量IQR+3σ; 残差,7.252,34,正常
871,2024-04-08 09:45:00,2024-04-08 09:45:00,1.0,重载,IsolationForest; Mahalanobis; 单变量IQR+3σ; 残差,3.346,34,残差异常：采煤机_截割部位_左滚筒_电机_电流 偏高（残差 Z-score=3.3，实际=269.0 vs 预测=70.8）
872,2024-04-08 09:49:00,2024-04-08 09:49:00,1.0,重载,IsolationForest; Mahalanobis; 单变量IQR+3σ; 残差,5.844,34,正常
873,2024-04-08 10:03:00,2024-04-08 10:06:00,4.0,停机,IsolationForest; Mahalanobis; 单变量IQR+3σ; 残差,2781.485,136,Mahalanobis 距离=2781.5（阈值=18.5）。主要贡献特征：PC2 (77.6%); PC3 (21.8%)。
874,2024-04-08 10:10:00,2024-04-08 10:18:00,9.0,停机,IsolationForest; Mahalanobis; 单变量IQR+3σ; 残差,1657.684,306,Mahalanobis 距离=1657.7（阈值=18.5）。主要贡献特征：PC2 (80.9%); PC3 (18.9%)。
875,2024-04-08 11:47:00,2024-04-08 11:47:00,1.0,轻载,IsolationForest; Mahalanobis; 单变量IQR+3σ; 残差,1.026,34,正常
876,2024-04-08 11:51:00,2024-04-08 11:52:00,2.0,轻载,IsolationForest; Mahalanobis; 单变量IQR+3σ; 残差,1.898,68,正常
877,2024-04-08 13:15:00,2024-04-08 13:15:00,1.0,重载,IsolationForest; Mahalanobis; 单变量IQR+3σ; 残差,5.548,34,正常
878,2024-04-08 13:48:00,2024-04-08 13:55:00,8.0,停机,IsolationForest; Mahalanobis; 单变量IQR+3σ; 残差,29.717,272,Mahalanobis 距离=29.7（阈值=18.5）。主要贡献特征：PC3 (73.9%); PC2 (14.6%); PC4 (7.1%)。
879,2024-04-08 14:22:00,2024-04-08 14:22:00,1.0,停机,IsolationForest; Mahalanobis; 单变量IQR+3σ; 残差,14.4,34,残差异常：采煤机_油泵_左电机_电流 偏高（残差 Z-score=14.4，实际=21.0 vs 预测=0.0）
880,2024-04-08 14:38:00,2024-04-08 14:42:00,5.0,停机,IsolationForest; Mahalanobis; 单变量IQR+3σ; 残差,11018.446,170,Mahalanobis 距离=11018.4（阈值=18.5）。主要贡献特征：PC4 (55.4%); PC3 (31.2%); PC2 (13.4%)。
881,2024-04-08 15:58:00,2024-04-08 16:20:00,23.0,停机,IsolationForest; Mahalanobis; 单变量IQR+3σ; 残差,2306.904,782,Mahalanobis 距离=2306.9（阈值=18.5）。主要贡献特征：PC2 (72.7%); PC3 (27.2%)。
882,2024-04-08 16:22:00,2024-04-08 16:22:00,1.0,重载,IsolationForest; Mahalanobis; 单变量IQR+3σ; 残差,3.316,34,残差异常：采煤机_破碎机_电机_电流 偏高（残差 Z-score=3.3，实际=37.0 vs 预测=0.0）
883,2024-04-08 16:28:00,2024-04-08 16:30:00,3.0,重载,IsolationForest; Mahalanobis; 单变量IQR+3σ; 残差,4.563,102,正常
884,2024-04-08 16:41:00,2024-04-08 16:44:00,4.0,停机,IsolationForest; Mahalanobis; 单变量IQR+3σ; 残差,1020.867,136,Mahalanobis 距离=1020.9（阈值=18.5）。主要贡献特征：PC2 (61.0%); PC3 (37.3%); PC4 (1.6%)。
885,2024-04-08 16:46:00,2024-04-08 18:03:00,78.0,轻载,IsolationForest; Mahalanobis; 单变量IQR+3σ; 残差,49758.997,2652,Mahalanobis 距离=49759.0（阈值=18.5）。主要贡献特征：PC2 (99.7%)。
886,2024-04-08 18:05:00,2024-04-08 18:32:00,28.0,重载,IsolationForest; Mahalanobis; 单变量IQR+3σ; 残差,6.806,952,正常
887,2024-04-08 18:34:00,2024-04-08 18:35:00,2.0,停机,IsolationForest; Mahalanobis; 单变量IQR+3σ; 残差,3785.936,68,Mahalanobis 距离=3785.9（阈值=18.5）。主要贡献特征：PC2 (78.9%); PC3 (20.3%)。
888,2024-04-08 18:40:00,2024-04-08 18:43:00,4.0,停机,IsolationForest; Mahalanobis; 单变量IQR+3σ; 残差,1704.222,136,Mahalanobis 距离=1704.2（阈值=18.5）。主要贡献特征：PC2 (66.4%); PC3 (33.0%)。
889,2024-04-08 18:46:00,2024-04-08 18:49:00,4.0,停机,IsolationForest; Mahalanobis; 单变量IQR+3σ; 残差,1516.571,136,Mahalanobis 距离=1516.6（阈值=18.5）。主要贡献特征：PC2 (72.8%); PC3 (26.9%)。
890,2024-04-08 18:53:00,2024-04-08 18:53:00,1.0,重载,IsolationForest; Mahalanobis; 单变量IQR+3σ; 残差,4.186,34,正常
891,2024-04-08 18:59:00,2024-04-08 19:05:00,7.0,轻载,IsolationForest; Mahalanobis; 单变量IQR+3σ; 残差,4353.022,238,Mahalanobis 距离=4353.0（阈值=18.5）。主要贡献特征：PC2 (92.7%); PC3 (7.1%)。
892,2024-04-08 19:17:00,2024-04-08 19:18:00,2.0,重载,IsolationForest; Mahalanobis; 单变量IQR+3σ; 残差,18.281,68,残差异常：采煤机_破碎机_电机_电流 偏高（残差 Z-score=18.3，实际=204.0 vs 预测=0.0）
893,2024-04-08 19:20:00,2024-04-08 19:24:00,5.0,停机,IsolationForest; Mahalanobis; 单变量IQR+3σ; 残差,3871.341,170,Mahalanobis 距离=3871.3（阈值=18.5）。主要贡献特征：PC2 (90.3%); PC4 (8.7%); PC3 (1.0%)。
894,2024-04-08 19:27:00,2024-04-08 19:27:00,1.0,重载,IsolationForest; Mahalanobis; 单变量IQR+3σ; 残差,7.155,34,正常
895,2024-04-08 19:32:00,2024-04-08 19:32:00,1.0,重载,IsolationForest; Mahalanobis; 单变量IQR+3σ; 残差,1.382,34,正常
896,2024-04-08 19:39:00,2024-04-08 19:39:00,1.0,重载,IsolationForest; Mahalanobis; 单变量IQR+3σ; 残差,5.665,34,正常
897,2024-04-08 19:42:00,2024-04-08 19:46:00,5.0,停机,IsolationForest; Mahalanobis; 单变量IQR+3σ; 残差,11268.984,170,Mahalanobis 距离=11269.0（阈值=18.5）。主要贡献特征：PC4 (53.4%); PC3 (32.3%); PC2 (14.3%)。
898,2024-04-08 19:57:00,2024-04-08 20:01:00,5.0,重载,IsolationForest; Mahalanobis; 单变量IQR+3σ; 残差,4.93,170,正常
899,2024-04-08 20:10:00,2024-04-08 23:36:00,207.0,停机,IsolationForest; Mahalanobis; 单变量IQR+3σ; 残差,2761.503,7038,Mahalanobis 距离=2761.5（阈值=18.5）。主要贡献特征：PC2 (80.4%); PC3 (19.3%)。
900,2024-04-08 23:44:00,2024-04-08 23:54:00,11.0,轻载,IsolationForest; Mahalanobis; 单变量IQR+3σ; 残差,1672.367,374,Mahalanobis 距离=1672.4（阈值=18.5）。主要贡献特征：PC2 (66.8%); PC3 (32.1%); PC4 (1.1%)。
901,2024-04-08 23:56:00,2024-04-09 00:05:00,10.0,重载,IsolationForest; Mahalanobis; 单变量IQR+3σ; 残差,5.011,340,正常
902,2024-04-09 00:09:00,2024-04-09 00:09:00,1.0,重载,IsolationForest; Mahalanobis; 单变量IQR+3σ; 残差,5.691,34,正常
903,2024-04-09 00:11:00,2024-04-09 00:14:00,4.0,停机,IsolationForest; Mahalanobis; 单变量IQR+3σ; 残差,2171.525,136,Mahalanobis 距离=2171.5（阈值=18.5）。主要贡献特征：PC2 (74.8%); PC3 (24.9%)。
904,2024-04-09 01:10:00,2024-04-09 01:11:00,2.0,轻载,IsolationForest; Mahalanobis; 单变量IQR+3σ; 残差,3.058,68,正常
905,2024-04-09 01:13:00,2024-04-09 01:30:00,18.0,停机,IsolationForest; Mahalanobis; 单变量IQR+3σ; 残差,2393.988,612,Mahalanobis 距离=2394.0（阈值=18.5）。主要贡献特征：PC2 (81.0%); PC3 (18.5%)。
906,2024-04-09 01:37:00,2024-04-09 01:37:00,1.0,重载,IsolationForest; Mahalanobis; 单变量IQR+3σ; 残差,6.25,34,正常
907,2024-04-09 02:02:00,2024-04-09 02:06:00,5.0,停机,IsolationForest; Mahalanobis; 单变量IQR+3σ; 残差,3103.468,170,Mahalanobis 距离=3103.5（阈值=18.5）。主要贡献特征：PC2 (62.0%); PC3 (36.1%); PC4 (1.9%)。
908,2024-04-09 02:13:00,2024-04-09 02:13:00,1.0,停机,IsolationForest; Mahalanobis; 单变量IQR+3σ; 残差,3037.959,34,Mahalanobis 距离=3038.0（阈值=18.5）。主要贡献特征：PC2 (75.4%); PC3 (24.5%)。
909,2024-04-09 02:17:00,2024-04-09 02:19:00,3.0,停机,IsolationForest; Mahalanobis; 单变量IQR+3σ; 残差,1686.503,102,Mahalanobis 距离=1686.5（阈值=18.5）。主要贡献特征：PC2 (72.3%); PC3 (27.4%)。
910,2024-04-09 02:31:00,2024-04-09 02:36:00,6.0,停机,IsolationForest; Mahalanobis; 单变量IQR+3σ; 残差,2220.301,204,Mahalanobis 距离=2220.3（阈值=18.5）。主要贡献特征：PC2 (69.2%); PC3 (30.8%)。
911,2024-04-09 02:48:00,2024-04-09 02:48:00,1.0,重载,IsolationForest; Mahalanobis; 单变量IQR+3σ; 残差,3.662,34,残差异常：采煤机_油泵_左油箱_油压 偏高（残差 Z-score=3.7，实际=14.6 vs 预测=2.4）
912,2024-04-09 03:04:00,2024-04-09 03:04:00,1.0,重载,IsolationForest; Mahalanobis; 单变量IQR+3σ; 残差,7.252,34,正常
913,2024-04-09 03:23:00,2024-04-09 03:25:00,3.0,重载,IsolationForest; Mahalanobis; 单变量IQR+3σ; 残差,1.887,102,正常
914,2024-04-09 03:30:00,2024-04-09 03:31:00,2.0,停机,IsolationForest; Mahalanobis; 单变量IQR+3σ; 残差,1744.303,68,Mahalanobis 距离=1744.3（阈值=18.5）。主要贡献特征：PC2 (67.6%); PC3 (31.2%); PC4 (1.3%)。
915,2024-04-09 03:35:00,2024-04-09 03:35:00,1.0,重载,IsolationForest; Mahalanobis; 单变量IQR+3σ; 残差,4.45,34,残差异常：采煤机_油泵_右电机_电流 偏高（残差 Z-score=4.4，实际=46.0 vs 预测=17.2）
916,2024-04-09 03:37:00,2024-04-09 03:37:00,1.0,重载,IsolationForest; Mahalanobis; 单变量IQR+3σ; 残差,3.14,34,残差异常：采煤机_截割部位_左滚筒_电机_电流 偏高（残差 Z-score=3.1，实际=256.0 vs 预测=70.0）
917,2024-04-09 03:54:00,2024-04-09 03:54:00,1.0,重载,IsolationForest; Mahalanobis; 单变量IQR+3σ; 残差,2.511,34,正常
918,2024-04-09 03:56:00,2024-04-09 04:00:00,5.0,重载,IsolationForest; Mahalanobis; 单变量IQR+3σ; 残差,2.826,170,正常
919,2024-04-09 04:04:00,2024-04-09 04:04:00,1.0,重载,IsolationForest; Mahalanobis; 单变量IQR+3σ; 残差,6.806,34,正常
920,2024-04-09 04:07:00,2024-04-09 04:07:00,1.0,重载,IsolationForest; Mahalanobis; 单变量IQR+3σ; 残差,6.769,34,正常
921,2024-04-09 04:09:00,2024-04-09 04:16:00,8.0,停机,IsolationForest; Mahalanobis; 单变量IQR+3σ; 残差,9974.065,272,Mahalanobis 距离=9974.1（阈值=18.5）。主要贡献特征：PC4 (37.4%); PC3 (36.2%); PC2 (26.4%)。
922,2024-04-09 04:23:00,2024-04-09 04:23:00,1.0,重载,IsolationForest; Mahalanobis; 单变量IQR+3σ; 残差,3.438,34,正常
923,2024-04-09 04:37:00,2024-04-09 04:38:00,2.0,停机,IsolationForest; Mahalanobis; 单变量IQR+3σ; 残差,2150.436,68,Mahalanobis 距离=2150.4（阈值=18.5）。主要贡献特征：PC2 (71.4%); PC3 (27.3%); PC4 (1.3%)。
924,2024-04-09 04:44:00,2024-04-09 04:44:00,1.0,重载,IsolationForest; Mahalanobis; 单变量IQR+3σ; 残差,3.047,34,残差异常：采煤机_破碎机_电机_电流 偏高（残差 Z-score=3.0，实际=34.0 vs 预测=0.0）
925,2024-04-09 05:06:00,2024-04-09 05:06:00,1.0,重载,IsolationForest; Mahalanobis; 单变量IQR+3σ; 残差,5.503,34,正常
926,2024-04-09 05:15:00,2024-04-09 05:15:00,1.0,重载,IsolationForest; Mahalanobis; 单变量IQR+3σ; 残差,5.082,34,正常
927,2024-04-09 05:20:00,2024-04-09 05:20:00,1.0,重载,IsolationForest; Mahalanobis; 单变量IQR+3σ; 残差,3.586,34,正常
928,2024-04-09 05:26:00,2024-04-09 05:26:00,1.0,重载,IsolationForest; Mahalanobis; 单变量IQR+3σ; 残差,5.253,34,残差异常：采煤机_油泵_右电机_电流 偏高（残差 Z-score=5.3，实际=51.0 vs 预测=17.0）
929,2024-04-09 05:31:00,2024-04-09 05:33:00,3.0,重载,IsolationForest; Mahalanobis; 单变量IQR+3σ; 残差,1.518,102,单变量异常：采煤机_油泵_左油箱_油压（z-score=1.5，实际=8.0，均值=3.3±3.1）
930,2024-04-09 05:36:00,2024-04-09 05:36:00,1.0,停机,IsolationForest; Mahalanobis; 单变量IQR+3σ; 残差,2524.663,34,Mahalanobis 距离=2524.7（阈值=18.5）。主要贡献特征：PC2 (72.2%); PC3 (27.7%)。
931,2024-04-09 05:51:00,2024-04-09 05:54:00,4.0,停机,IsolationForest; Mahalanobis; 单变量IQR+3σ; 残差,2805.948,136,Mahalanobis 距离=2805.9（阈值=18.5）。主要贡献特征：PC2 (73.6%); PC3 (24.8%); PC4 (1.6%)。
932,2024-04-09 06:33:00,2024-04-09 06:35:00,3.0,重载,IsolationForest; Mahalanobis; 单变量IQR+3σ; 残差,6.551,102,残差异常：采煤机_油泵_右电机_电流 偏高（残差 Z-score=6.6，实际=60.0 vs 预测=17.6）
933,2024-04-09 06:57:00,2024-04-09 06:57:00,1.0,重载,IsolationForest; Mahalanobis; 单变量IQR+3σ; 残差,3.863,34,残差异常：采煤机_油泵_右电机_电流 偏高（残差 Z-score=3.9，实际=43.0 vs 预测=18.0）
934,2024-04-09 07:05:00,2024-04-09 07:05:00,1.0,重载,IsolationForest; Mahalanobis; 单变量IQR+3σ; 残差,5.284,34,残差异常：采煤机_油泵_右电机_电流 偏高（残差 Z-score=5.3，实际=52.0 vs 预测=17.8）
935,2024-04-09 07:11:00,2024-04-09 07:16:00,6.0,重载,IsolationForest; Mahalanobis; 单变量IQR+3σ; 残差,2.489,204,正常
936,2024-04-09 07:19:00,2024-04-09 07:19:00,1.0,重载,IsolationForest; Mahalanobis; 单变量IQR+3σ; 残差,4.881,34,正常
937,2024-04-09 07:33:00,2024-04-09 07:36:00,4.0,停机,IsolationForest; Mahalanobis; 单变量IQR+3σ; 残差,2227.294,136,Mahalanobis 距离=2227.3（阈值=18.5）。主要贡献特征：PC2 (73.8%); PC3 (25.5%)。
938,2024-04-09 07:48:00,2024-04-09 07:50:00,3.0,重载,IsolationForest; Mahalanobis; 单变量IQR+3σ; 残差,3.712,102,正常
939,2024-04-09 08:20:00,2024-04-09 08:20:00,1.0,重载,IsolationForest; Mahalanobis; 单变量IQR+3σ; 残差,5.406,34,正常
940,2024-04-09 08:24:00,2024-04-09 08:24:00,1.0,停机,IsolationForest; Mahalanobis; 单变量IQR+3σ; 残差,2413.068,34,Mahalanobis 距离=2413.1（阈值=18.5）。主要贡献特征：PC2 (73.9%); PC3 (25.5%)。
941,2024-04-09 08:28:00,2024-04-09 08:29:00,2.0,轻载,IsolationForest; Mahalanobis; 单变量IQR+3σ; 残差,1097.22,68,Mahalanobis 距离=1097.2（阈值=18.5）。主要贡献特征：PC2 (64.2%); PC3 (34.7%); PC4 (1.1%)。
942,2024-04-09 08:31:00,2024-04-09 08:42:00,12.0,轻载,IsolationForest; Mahalanobis; 单变量IQR+3σ; 残差,2598.491,408,Mahalanobis 距离=2598.5（阈值=18.5）。主要贡献特征：PC2 (91.6%); PC4 (6.7%); PC3 (1.7%)。
943,2024-04-09 10:17:00,2024-04-09 10:17:00,1.0,停机,IsolationForest; Mahalanobis; 单变量IQR+3σ; 残差,1.919,34,正常
944,2024-04-09 10:20:00,2024-04-09 10:23:00,4.0,轻载,IsolationForest; Mahalanobis; 单变量IQR+3σ; 残差,17.489,136,正常
945,2024-04-09 13:29:00,2024-04-09 13:29:00,1.0,重载,IsolationForest; Mahalanobis; 单变量IQR+3σ; 残差,5.622,34,正常
946,2024-04-09 15:36:00,2024-04-09 15:36:00,1.0,停机,IsolationForest; Mahalanobis; 单变量IQR+3σ; 残差,4.007,34,残差异常：采煤机_油泵_右油箱_油压 偏高（残差 Z-score=4.0，实际=1.0 vs 预测=0.1）
947,2024-04-09 15:54:00,2024-04-09 16:01:00,8.0,停机,IsolationForest; Mahalanobis; 单变量IQR+3σ; 残差,2612.099,272,Mahalanobis 距离=2612.1（阈值=18.5）。主要贡献特征：PC2 (60.6%); PC3 (21.8%); PC4 (17.6%)。
948,2024-04-09 16:10:00,2024-04-09 16:12:00,3.0,轻载,IsolationForest; Mahalanobis; 单变量IQR+3σ; 残差,17.021,102,正常
949,2024-04-09 17:00:00,2024-04-09 17:08:00,9.0,停机,IsolationForest; Mahalanobis; 单变量IQR+3σ; 残差,3398.331,306,Mahalanobis 距离=3398.3（阈值=18.5）。主要贡献特征：PC2 (78.2%); PC3 (21.8%)。
950,2024-04-09 17:11:00,2024-04-09 17:36:00,26.0,停机,IsolationForest; Mahalanobis; 单变量IQR+3σ; 残差,2544.052,884,Mahalanobis 距离=2544.1（阈值=18.5）。主要贡献特征：PC2 (69.7%); PC3 (30.2%)。
951,2024-04-09 17:43:00,2024-04-09 17:43:00,1.0,重载,IsolationForest; Mahalanobis; 单变量IQR+3σ; 残差,3.119,34,残差异常：采煤机_破碎机_电机_电流 偏高（残差 Z-score=3.1，实际=47.0 vs 预测=12.2）
952,2024-04-09 17:45:00,2024-04-09 17:45:00,1.0,重载,IsolationForest; Mahalanobis; 单变量IQR+3σ; 残差,4.141,34,正常
953,2024-04-09 17:50:00,2024-04-09 17:50:00,1.0,重载,IsolationForest; Mahalanobis; 单变量IQR+3σ; 残差,5.315,34,残差异常：采煤机_油泵_右电机_电流 偏高（残差 Z-score=5.3，实际=52.0 vs 预测=17.6）
954,2024-04-09 17:59:00,2024-04-09 17:59:00,1.0,重载,IsolationForest; Mahalanobis; 单变量IQR+3σ; 残差,3.771,34,正常
955,2024-04-09 18:04:00,2024-04-09 18:04:00,1.0,重载,IsolationForest; Mahalanobis; 单变量IQR+3σ; 残差,4.596,34,正常
956,2024-04-09 18:08:00,2024-04-09 18:11:00,4.0,停机,IsolationForest; Mahalanobis; 单变量IQR+3σ; 残差,2397.067,136,Mahalanobis 距离=2397.1（阈值=18.5）。主要贡献特征：PC2 (56.6%); PC3 (43.1%)。
957,2024-04-09 18:13:00,2024-04-09 18:21:00,9.0,轻载,IsolationForest; Mahalanobis; 单变量IQR+3σ; 残差,4351.502,306,Mahalanobis 距离=4351.5（阈值=18.5）。主要贡献特征：PC2 (82.9%); PC4 (13.6%); PC3 (3.5%)。
958,2024-04-09 18:48:00,2024-04-09 18:52:00,5.0,轻载,IsolationForest; Mahalanobis; 单变量IQR+3σ; 残差,4.477,170,残差异常：采煤机_油泵_右电机_温度 偏高（残差 Z-score=4.5，实际=46.0 vs 预测=40.0）
959,2024-04-09 21:25:00,2024-04-09 21:55:00,31.0,停机,IsolationForest; Mahalanobis; 单变量IQR+3σ; 残差,1462.781,1054,Mahalanobis 距离=1462.8（阈值=18.5）。主要贡献特征：PC2 (64.3%); PC3 (35.1%)。
960,2024-04-09 22:00:00,2024-04-09 22:00:00,1.0,停机,IsolationForest; Mahalanobis; 单变量IQR+3σ; 残差,5376.271,34,Mahalanobis 距离=5376.3（阈值=18.5）。主要贡献特征：PC2 (84.8%); PC3 (14.3%)。
961,2024-04-09 22:03:00,2024-04-09 22:03:00,1.0,重载,IsolationForest; Mahalanobis; 单变量IQR+3σ; 残差,3.136,34,残差异常：采煤机_破碎机_电机_电流 偏高（残差 Z-score=3.1，实际=35.0 vs 预测=0.0）
962,2024-04-09 22:13:00,2024-04-09 22:13:00,1.0,停机,IsolationForest; Mahalanobis; 单变量IQR+3σ; 残差,4993.895,34,Mahalanobis 距离=4993.9（阈值=18.5）。主要贡献特征：PC2 (82.8%); PC3 (16.2%); PC4 (1.0%)。
963,2024-04-09 22:20:00,2024-04-09 22:26:00,7.0,轻载,IsolationForest; Mahalanobis; 单变量IQR+3σ; 残差,5269.519,238,Mahalanobis 距离=5269.5（阈值=18.5）。主要贡献特征：PC2 (86.1%); PC3 (13.6%)。
964,2024-04-10 00:45:00,2024-04-10 00:45:00,1.0,轻载,IsolationForest; Mahalanobis; 单变量IQR+3σ; 残差,4.292,34,正常
965,2024-04-10 00:54:00,2024-04-10 01:23:00,30.0,重载,IsolationForest; Mahalanobis; 单变量IQR+3σ; 残差,6.768,1020,残差异常：采煤机_油泵_右电机_电流 偏高（残差 Z-score=6.8，实际=62.0 vs 预测=18.2）
966,2024-04-10 01:27:00,2024-04-10 01:27:00,1.0,重载,IsolationForest; Mahalanobis; 单变量IQR+3σ; 残差,13.415,34,正常
967,2024-04-10 01:33:00,2024-04-10 01:37:00,5.0,重载,IsolationForest; Mahalanobis; 单变量IQR+3σ; 残差,5.474,170,单变量异常：采煤机_油泵_右油箱_油压（z-score=5.5，实际=17.8，均值=3.0±2.7）
968,2024-04-10 02:01:00,2024-04-10 02:03:00,3.0,重载,IsolationForest; Mahalanobis; 单变量IQR+3σ; 残差,3.367,102,正常
969,2024-04-10 02:16:00,2024-04-10 02:16:00,1.0,重载,IsolationForest; Mahalanobis; 单变量IQR+3σ; 残差,5.415,34,残差异常：采煤机_油泵_左电机_电流 偏高（残差 Z-score=5.4，实际=56.0 vs 预测=16.4）
970,2024-04-10 02:18:00,2024-04-10 02:18:00,1.0,重载,IsolationForest; Mahalanobis; 单变量IQR+3σ; 残差,6.029,34,正常
971,2024-04-10 02:20:00,2024-04-10 02:20:00,1.0,停机,IsolationForest; Mahalanobis; 单变量IQR+3σ; 残差,2451.957,34,Mahalanobis 距离=2452.0（阈值=18.5）。主要贡献特征：PC2 (72.2%); PC3 (26.0%); PC4 (1.8%)。
972,2024-04-10 02:22:00,2024-04-10 02:25:00,4.0,重载,IsolationForest; Mahalanobis; 单变量IQR+3σ; 残差,5.665,136,正常
973,2024-04-10 02:32:00,2024-04-10 02:35:00,4.0,重载,IsolationForest; Mahalanobis; 单变量IQR+3σ; 残差,5.534,136,正常
974,2024-04-10 02:40:00,2024-04-10 02:40:00,1.0,停机,IsolationForest; Mahalanobis; 单变量IQR+3σ; 残差,3381.974,34,Mahalanobis 距离=3382.0（阈值=18.5）。主要贡献特征：PC2 (77.1%); PC3 (22.6%)。
975,2024-04-10 02:42:00,2024-04-10 02:42:00,1.0,停机,IsolationForest; Mahalanobis; 单变量IQR+3σ; 残差,2240.484,34,Mahalanobis 距离=2240.5（阈值=18.5）。主要贡献特征：PC2 (73.3%); PC3 (26.6%)。
976,2024-04-10 02:44:00,2024-04-10 02:45:00,2.0,轻载,IsolationForest; Mahalanobis; 单变量IQR+3σ; 残差,1436.428,68,Mahalanobis 距离=1436.4（阈值=18.5）。主要贡献特征：PC2 (71.5%); PC3 (28.4%)。
977,2024-04-10 02:55:00,2024-04-10 02:57:00,3.0,停机,IsolationForest; Mahalanobis; 单变量IQR+3σ; 残差,2025.396,102,Mahalanobis 距离=2025.4（阈值=18.5）。主要贡献特征：PC2 (67.1%); PC3 (32.8%)。
978,2024-04-10 03:09:00,2024-04-10 03:09:00,1.0,重载,IsolationForest; Mahalanobis; 单变量IQR+3σ; 残差,4.295,34,正常
979,2024-04-10 03:15:00,2024-04-10 03:18:00,4.0,停机,IsolationForest; Mahalanobis; 单变量IQR+3σ; 残差,4010.317,136,Mahalanobis 距离=4010.3（阈值=18.5）。主要贡献特征：PC2 (79.4%); PC3 (19.9%)。
980,2024-04-10 03:22:00,2024-04-10 03:22:00,1.0,重载,IsolationForest; Mahalanobis; 单变量IQR+3σ; 残差,7.047,34,正常
981,2024-04-10 03:24:00,2024-04-10 03:24:00,1.0,重载,IsolationForest; Mahalanobis; 单变量IQR+3σ; 残差,3.876,34,正常
982,2024-04-10 03:28:00,2024-04-10 03:28:00,1.0,重载,IsolationForest; Mahalanobis; 单变量IQR+3σ; 残差,5.326,34,正常
983,2024-04-10 03:40:00,2024-04-10 03:43:00,4.0,停机,IsolationForest; Mahalanobis; 单变量IQR+3σ; 残差,3193.916,136,Mahalanobis 距离=3193.9（阈值=18.5）。主要贡献特征：PC2 (74.2%); PC3 (25.7%)。
984,2024-04-10 04:13:00,2024-04-10 04:14:00,2.0,重载,IsolationForest; Mahalanobis; 单变量IQR+3σ; 残差,3.509,68,正常
985,2024-04-10 04:18:00,2024-04-10 04:18:00,1.0,重载,IsolationForest; Mahalanobis; 单变量IQR+3σ; 残差,3.037,34,残差异常：采煤机_牵引部位_左电机_温度 偏高（残差 Z-score=3.0，实际=61.0 vs 预测=52.6）
986,2024-04-10 04:20:00,2024-04-10 04:20:00,1.0,重载,IsolationForest; Mahalanobis; 单变量IQR+3σ; 残差,2.024,34,正常
987,2024-04-10 04:30:00,2024-04-10 12:32:00,483.0,轻载,IsolationForest; Mahalanobis; 单变量IQR+3σ; 残差,74089.398,16422,Mahalanobis 距离=74089.4（阈值=18.5）。主要贡献特征：PC2 (94.1%); PC3 (5.9%)。
988,2024-04-10 12:47:00,2024-04-10 13:59:00,73.0,轻载,IsolationForest; Mahalanobis; 单变量IQR+3σ; 残差,23.848,2482,Mahalanobis 距离=23.8（阈值=18.5）。主要贡献特征：PC2 (71.6%); PC3 (24.5%); PC4 (2.3%)。
989,2024-04-10 14:24:00,2024-04-10 14:26:00,3.0,停机,IsolationForest; Mahalanobis; 单变量IQR+3σ; 残差,7.693,102,残差异常：采煤机_油泵_左电机_温度 偏高（残差 Z-score=7.7，实际=45.0 vs 预测=8.8）
990,2024-04-10 14:31:00,2024-04-10 14:31:00,1.0,重载,IsolationForest; Mahalanobis; 单变量IQR+3σ; 残差,5.505,34,正常
991,2024-04-10 15:11:00,2024-04-10 15:15:00,5.0,停机,IsolationForest; Mahalanobis; 单变量IQR+3σ; 残差,2088.113,170,Mahalanobis 距离=2088.1（阈值=18.5）。主要贡献特征：PC2 (93.0%); PC3 (7.0%)。
992,2024-04-10 15:45:00,2024-04-10 15:48:00,4.0,停机,IsolationForest; Mahalanobis; 单变量IQR+3σ; 残差,15.773,136,正常
993,2024-04-10 15:52:00,2024-04-10 16:23:00,32.0,停机,IsolationForest; Mahalanobis; 单变量IQR+3σ; 残差,2340.166,1088,Mahalanobis 距离=2340.2（阈值=18.5）。主要贡献特征：PC2 (74.8%); PC3 (25.1%)。
994,2024-04-10 16:28:00,2024-04-10 16:29:00,2.0,重载,IsolationForest; Mahalanobis; 单变量IQR+3σ; 残差,5.305,68,残差异常：采煤机_破碎机_电机_电流 偏高（残差 Z-score=5.3，实际=66.0 vs 预测=6.8）
995,2024-04-10 17:02:00,2024-04-10 17:04:00,3.0,重载,IsolationForest; Mahalanobis; 单变量IQR+3σ; 残差,6.675,102,残差异常：采煤机_油泵_右电机_电流 偏高（残差 Z-score=6.7，实际=61.0 vs 预测=17.8）
996,2024-04-10 17:11:00,2024-04-10 17:11:00,1.0,重载,IsolationForest; Mahalanobis; 单变量IQR+3σ; 残差,7.251,34,正常
997,2024-04-10 17:17:00,2024-04-10 17:21:00,5.0,停机,IsolationForest; Mahalanobis; 单变量IQR+3σ; 残差,2758.763,170,Mahalanobis 距离=2758.8（阈值=18.5）。主要贡献特征：PC2 (73.5%); PC3 (25.7%)。
998,2024-04-10 17:23:00,2024-04-10 17:23:00,1.0,停机,IsolationForest; Mahalanobis; 单变量IQR+3σ; 残差,9.439,34,残差异常：采煤机_油泵_右油箱_油压 偏高（残差 Z-score=9.4，实际=2.3 vs 预测=0.2）
999,2024-04-10 17:35:00,2024-04-10 17:35:00,1.0,重载,IsolationForest; Mahalanobis; 单变量IQR+3σ; 残差,5.5,34,正常
1000,2024-04-10 17:43:00,2024-04-10 17:47:00,5.0,重载,IsolationForest; Mahalanobis; 单变量IQR+3σ; 残差,6.25,170,正常
1001,2024-04-10 17:50:00,2024-04-10 17:53:00,4.0,轻载,IsolationForest; Mahalanobis; 单变量IQR+3σ; 残差,2493.482,136,Mahalanobis 距离=2493.5（阈值=18.5）。主要贡献特征：PC2 (73.5%); PC3 (26.0%)。
1002,2024-04-10 19:44:00,2024-04-10 19:46:00,3.0,轻载,IsolationForest; Mahalanobis; 单变量IQR+3σ; 残差,2.832,102,正常
1003,2024-04-10 19:55:00,2024-04-10 20:14:00,20.0,停机,IsolationForest; Mahalanobis; 单变量IQR+3σ; 残差,3822.65,680,Mahalanobis 距离=3822.6（阈值=18.5）。主要贡献特征：PC2 (74.0%); PC3 (26.0%)。
1004,2024-04-10 20:42:00,2024-04-10 20:53:00,12.0,重载,IsolationForest; Mahalanobis; 单变量IQR+3σ; 残差,5.04,408,正常
1005,2024-04-10 20:58:00,2024-04-10 21:01:00,4.0,重载,IsolationForest; Mahalanobis; 单变量IQR+3σ; 残差,3.626,136,正常
1006,2024-04-10 21:06:00,2024-04-10 21:06:00,1.0,重载,IsolationForest; Mahalanobis; 单变量IQR+3σ; 残差,4.821,34,残差异常：采煤机_油泵_右电机_电流 偏高（残差 Z-score=4.8，实际=49.0 vs 预测=17.8）
1007,2024-04-10 21:08:00,2024-04-10 21:12:00,5.0,重载,IsolationForest; Mahalanobis; 单变量IQR+3σ; 残差,6.292,170,正常
1008,2024-04-10 21:52:00,2024-04-10 21:52:00,1.0,重载,IsolationForest; Mahalanobis; 单变量IQR+3σ; 残差,3.169,34,残差异常：采煤机_油泵_左油箱_油压 偏高（残差 Z-score=3.2，实际=13.0 vs 预测=2.5）
1009,2024-04-10 21:55:00,2024-04-10 21:55:00,1.0,重载,IsolationForest; Mahalanobis; 单变量IQR+3σ; 残差,1.81,34,正常
1010,2024-04-10 22:11:00,2024-04-10 22:11:00,1.0,重载,IsolationForest; Mahalanobis; 单变量IQR+3σ; 残差,4.984,34,正常
1011,2024-04-10 22:25:00,2024-04-10 22:25:00,1.0,重载,IsolationForest; Mahalanobis; 单变量IQR+3σ; 残差,5.346,34,残差异常：采煤机_油泵_右电机_电流 偏高（残差 Z-score=5.3，实际=52.0 vs 预测=17.4）
1012,2024-04-10 22:27:00,2024-04-10 22:27:00,1.0,重载,IsolationForest; Mahalanobis; 单变量IQR+3σ; 残差,6.41,34,正常
1013,2024-04-10 22:35:00,2024-04-10 22:35:00,1.0,重载,IsolationForest; Mahalanobis; 单变量IQR+3σ; 残差,4.016,34,正常
1014,2024-04-10 22:40:00,2024-04-10 22:41:00,2.0,停机,IsolationForest; Mahalanobis; 单变量IQR+3σ; 残差,2531.204,68,Mahalanobis 距离=2531.2（阈值=18.5）。主要贡献特征：PC2 (72.6%); PC3 (26.5%)。
1015,2024-04-10 22:50:00,2024-04-10 22:50:00,1.0,重载,IsolationForest; Mahalanobis; 单变量IQR+3σ; 残差,1.414,34,正常
1016,2024-04-10 22:52:00,2024-04-10 22:55:00,4.0,重载,IsolationForest; Mahalanobis; 单变量IQR+3σ; 残差,4.43,136,残差异常：采煤机_油泵_左电机_电流 偏高（残差 Z-score=4.4，实际=49.0 vs 预测=16.6）
1017,2024-04-10 23:15:00,2024-04-10 23:20:00,6.0,重载,IsolationForest; Mahalanobis; 单变量IQR+3σ; 残差,23.275,204,Mahalanobis 距离=23.3（阈值=18.5）。主要贡献特征：PC2 (84.6%); PC3 (13.6%); PC1 (1.3%)。
1018,2024-04-10 23:28:00,2024-04-10 23:28:00,1.0,重载,IsolationForest; Mahalanobis; 单变量IQR+3σ; 残差,5.032,34,残差异常：采煤机_油泵_左电机_电流 偏高（残差 Z-score=5.0，实际=54.0 vs 预测=17.2）
1019,2024-04-10 23:31:00,2024-04-10 23:31:00,1.0,重载,IsolationForest; Mahalanobis; 单变量IQR+3σ; 残差,4.388,34,残差异常：采煤机_油泵_右电机_电流 偏高（残差 Z-score=4.4，实际=46.0 vs 预测=17.6）
1020,2024-04-10 23:41:00,2024-04-10 23:41:00,1.0,重载,IsolationForest; Mahalanobis; 单变量IQR+3σ; 残差,7.122,34,正常
1021,2024-04-10 23:51:00,2024-04-10 23:55:00,5.0,停机,IsolationForest; Mahalanobis; 单变量IQR+3σ; 残差,4676.313,170,Mahalanobis 距离=4676.3（阈值=18.5）。主要贡献特征：PC2 (80.4%); PC3 (18.1%); PC4 (1.4%)。
1022,2024-04-10 23:57:00,2024-04-11 00:02:00,6.0,停机,IsolationForest; Mahalanobis; 单变量IQR+3σ; 残差,20.623,204,残差异常：采煤机_油泵_左油箱_油压 偏高（残差 Z-score=20.6，实际=8.7 vs 预测=0.2）
1023,2024-04-11 00:19:00,2024-04-11 00:20:00,2.0,停机,IsolationForest; Mahalanobis; 单变量IQR+3σ; 残差,1516.221,68,Mahalanobis 距离=1516.2（阈值=18.5）。主要贡献特征：PC2 (67.4%); PC3 (31.6%); PC4 (1.0%)。
1024,2024-04-11 00:27:00,2024-04-11 00:27:00,1.0,重载,IsolationForest; Mahalanobis; 单变量IQR+3σ; 残差,4.661,34,正常
1025,2024-04-11 00:30:00,2024-04-11 00:30:00,1.0,重载,IsolationForest; Mahalanobis; 单变量IQR+3σ; 残差,4.184,34,残差异常：采煤机_油泵_左电机_电流 偏高（残差 Z-score=4.2，实际=48.0 vs 预测=17.4）
1026,2024-04-11 00:45:00,2024-04-11 00:48:00,4.0,重载,IsolationForest; Mahalanobis; 单变量IQR+3σ; 残差,6.118,136,单变量异常：采煤机_油泵_左油箱_油压（z-score=6.1，实际=22.2，均值=3.3±3.1）
1027,2024-04-11 01:00:00,2024-04-11 01:01:00,2.0,重载,IsolationForest; Mahalanobis; 单变量IQR+3σ; 残差,6.345,68,正常
1028,2024-04-11 01:14:00,2024-04-11 01:21:00,8.0,停机,IsolationForest; Mahalanobis; 单变量IQR+3σ; 残差,2469.211,272,Mahalanobis 距离=2469.2（阈值=18.5）。主要贡献特征：PC2 (70.9%); PC3 (28.1%); PC4 (1.0%)。
1029,2024-04-11 01:38:00,2024-04-11 01:38:00,1.0,重载,IsolationForest; Mahalanobis; 单变量IQR+3σ; 残差,5.696,34,正常
1030,2024-04-11 01:42:00,2024-04-11 01:52:00,11.0,停机,IsolationForest; Mahalanobis; 单变量IQR+3σ; 残差,2276.854,374,Mahalanobis 距离=2276.9（阈值=18.5）。主要贡献特征：PC2 (63.2%); PC3 (36.7%)。
1031,2024-04-11 02:00:00,2024-04-11 02:07:00,8.0,重载,IsolationForest; Mahalanobis; 单变量IQR+3σ; 残差,7.058,272,单变量异常：采煤机_油泵_左油箱_油压（z-score=7.1，实际=25.1，均值=3.3±3.1）
1032,2024-04-11 02:10:00,2024-04-11 02:10:00,1.0,重载,IsolationForest; Mahalanobis; 单变量IQR+3σ; 残差,4.304,34,正常
1033,2024-04-11 02:12:00,2024-04-11 02:13:00,2.0,重载,IsolationForest; Mahalanobis; 单变量IQR+3σ; 残差,6.51,68,正常
1034,2024-04-11 02:15:00,2024-04-11 02:15:00,1.0,重载,IsolationForest; Mahalanobis; 单变量IQR+3σ; 残差,5.552,34,正常
1035,2024-04-11 02:19:00,2024-04-11 02:22:00,4.0,停机,IsolationForest; Mahalanobis; 单变量IQR+3σ; 残差,3860.396,136,Mahalanobis 距离=3860.4（阈值=18.5）。主要贡献特征：PC2 (77.2%); PC3 (22.1%)。
1036,2024-04-11 02:36:00,2024-04-11 02:38:00,3.0,重载,IsolationForest; Mahalanobis; 单变量IQR+3σ; 残差,6.529,102,正常
1037,2024-04-11 02:44:00,2024-04-11 02:44:00,1.0,停机,IsolationForest; Mahalanobis; 单变量IQR+3σ; 残差,1410.047,34,Mahalanobis 距离=1410.0（阈值=18.5）。主要贡献特征：PC2 (65.2%); PC3 (32.9%); PC4 (1.9%)。
1038,2024-04-11 02:48:00,2024-04-11 02:48:00,1.0,重载,IsolationForest; Mahalanobis; 单变量IQR+3σ; 残差,4.854,34,正常
1039,2024-04-11 02:51:00,2024-04-11 02:52:00,2.0,停机,IsolationForest; Mahalanobis; 单变量IQR+3σ; 残差,1712.564,68,Mahalanobis 距离=1712.6（阈值=18.5）。主要贡献特征：PC2 (69.9%); PC3 (28.7%); PC4 (1.4%)。
1040,2024-04-11 02:55:00,2024-04-11 02:58:00,4.0,轻载,IsolationForest; Mahalanobis; 单变量IQR+3σ; 残差,3633.104,136,Mahalanobis 距离=3633.1（阈值=18.5）。主要贡献特征：PC2 (77.8%); PC3 (20.2%); PC4 (2.0%)。
1041,2024-04-11 03:07:00,2024-04-11 03:07:00,1.0,重载,IsolationForest; Mahalanobis; 单变量IQR+3σ; 残差,4.207,34,正常
1042,2024-04-11 03:09:00,2024-04-11 03:09:00,1.0,停机,IsolationForest; Mahalanobis; 单变量IQR+3σ; 残差,912.02,34,Mahalanobis 距离=912.0（阈值=18.5）。主要贡献特征：PC2 (61.6%); PC3 (35.3%); PC4 (3.1%)。
1043,2024-04-11 03:15:00,2024-04-11 03:15:00,1.0,停机,IsolationForest; Mahalanobis; 单变量IQR+3σ; 残差,3987.481,34,Mahalanobis 距离=3987.5（阈值=18.5）。主要贡献特征：PC2 (81.4%); PC3 (18.3%)。
1044,2024-04-11 03:19:00,2024-04-11 03:19:00,1.0,重载,IsolationForest; Mahalanobis; 单变量IQR+3σ; 残差,6.426,34,残差异常：采煤机_油泵_左电机_电流 偏高（残差 Z-score=6.4，实际=64.0 vs 预测=17.0）
1045,2024-04-11 03:27:00,2024-04-11 03:34:00,8.0,停机,IsolationForest; Mahalanobis; 单变量IQR+3σ; 残差,5906.313,272,Mahalanobis 距离=5906.3（阈值=18.5）。主要贡献特征：PC2 (79.4%); PC3 (19.6%)。
1046,2024-04-11 03:46:00,2024-04-11 03:46:00,1.0,停机,IsolationForest; Mahalanobis; 单变量IQR+3σ; 残差,2094.703,34,Mahalanobis 距离=2094.7（阈值=18.5）。主要贡献特征：PC2 (69.7%); PC3 (29.4%)。
1047,2024-04-11 03:51:00,2024-04-11 03:51:00,1.0,重载,IsolationForest; Mahalanobis; 单变量IQR+3σ; 残差,5.697,34,正常
1048,2024-04-11 03:54:00,2024-04-11 03:56:00,3.0,重载,IsolationForest; Mahalanobis; 单变量IQR+3σ; 残差,2.259,102,正常
1049,2024-04-11 03:58:00,2024-04-11 03:58:00,1.0,重载,IsolationForest; Mahalanobis; 单变量IQR+3σ; 残差,7.187,34,正常
1050,2024-04-11 04:03:00,2024-04-11 04:06:00,4.0,停机,IsolationForest; Mahalanobis; 单变量IQR+3σ; 残差,3695.762,136,Mahalanobis 距离=3695.8（阈值=18.5）。主要贡献特征：PC2 (73.2%); PC3 (26.2%)。
1051,2024-04-11 04:24:00,2024-04-11 04:26:00,3.0,重载,IsolationForest; Mahalanobis; 单变量IQR+3σ; 残差,4.924,102,正常
1052,2024-04-11 04:49:00,2024-04-11 04:51:00,3.0,重载,IsolationForest; Mahalanobis; 单变量IQR+3σ; 残差,3.369,102,正常
1053,2024-04-11 04:54:00,2024-04-11 04:54:00,1.0,重载,IsolationForest; Mahalanobis; 单变量IQR+3σ; 残差,4.437,34,正常
1054,2024-04-11 05:11:00,2024-04-11 05:11:00,1.0,重载,IsolationForest; Mahalanobis; 单变量IQR+3σ; 残差,3.316,34,残差异常：采煤机_破碎机_电机_电流 偏高（残差 Z-score=3.3，实际=37.0 vs 预测=0.0）
1055,2024-04-11 05:13:00,2024-04-11 05:13:00,1.0,重载,IsolationForest; Mahalanobis; 单变量IQR+3σ; 残差,3.819,34,残差异常：采煤机_油泵_左油箱_油压 偏高（残差 Z-score=3.8，实际=15.1 vs 预测=2.4）
1056,2024-04-11 05:16:00,2024-04-11 05:20:00,5.0,重载,IsolationForest; Mahalanobis; 单变量IQR+3σ; 残差,6.896,170,正常
1057,2024-04-11 05:29:00,2024-04-11 05:29:00,1.0,重载,IsolationForest; Mahalanobis; 单变量IQR+3σ; 残差,7.473,34,正常
1058,2024-04-11 05:31:00,2024-04-11 05:35:00,5.0,重载,IsolationForest; Mahalanobis; 单变量IQR+3σ; 残差,7.187,170,单变量异常：采煤机_油泵_左油箱_油压（z-score=7.2，实际=25.5，均值=3.3±3.1）
1059,2024-04-11 05:37:00,2024-04-11 05:39:00,3.0,重载,IsolationForest; Mahalanobis; 单变量IQR+3σ; 残差,2.682,102,单变量异常：采煤机_油泵_左电机_温度（z-score=2.7，实际=61.0，均值=52.0±3.3）
1060,2024-04-11 05:45:00,2024-04-11 05:47:00,3.0,重载,IsolationForest; Mahalanobis; 单变量IQR+3σ; 残差,4.481,102,残差异常：采煤机_破碎机_电机_电流 偏高（残差 Z-score=4.5，实际=50.0 vs 预测=0.0）
1061,2024-04-11 05:50:00,2024-04-11 05:50:00,1.0,轻载,IsolationForest; Mahalanobis; 单变量IQR+3σ; 残差,2127.215,34,Mahalanobis 距离=2127.2（阈值=18.5）。主要贡献特征：PC2 (71.1%); PC3 (28.1%)。
1062,2024-04-11 05:52:00,2024-04-11 05:52:00,1.0,重载,IsolationForest; Mahalanobis; 单变量IQR+3σ; 残差,3.56,34,残差异常：采煤机_牵引部位_右电机_电流 偏高（残差 Z-score=3.6，实际=239.0 vs 预测=74.4）
1063,2024-04-11 05:58:00,2024-04-11 06:00:00,3.0,重载,IsolationForest; Mahalanobis; 单变量IQR+3σ; 残差,4.997,102,正常
1064,2024-04-11 06:02:00,2024-04-11 06:05:00,4.0,重载,IsolationForest; Mahalanobis; 单变量IQR+3σ; 残差,4.882,136,正常
1065,2024-04-11 06:11:00,2024-04-11 06:14:00,4.0,重载,IsolationForest; Mahalanobis; 单变量IQR+3σ; 残差,4.11,136,单变量异常：采煤机_油泵_左油箱_油压（z-score=4.1，实际=16.0，均值=3.3±3.1）
1066,2024-04-11 06:20:00,2024-04-11 06:23:00,4.0,重载,IsolationForest; Mahalanobis; 单变量IQR+3σ; 残差,3.997,136,正常
1067,2024-04-11 06:41:00,2024-04-11 06:43:00,3.0,重载,IsolationForest; Mahalanobis; 单变量IQR+3σ; 残差,6.88,102,单变量异常：采煤机_油泵_右油箱_油压（z-score=6.9，实际=21.6，均值=3.0±2.7）
1068,2024-04-11 06:46:00,2024-04-11 06:46:00,1.0,重载,IsolationForest; Mahalanobis; 单变量IQR+3σ; 残差,4.782,34,正常
1069,2024-04-11 06:50:00,2024-04-11 06:51:00,2.0,轻载,IsolationForest; Mahalanobis; 单变量IQR+3σ; 残差,4700.839,68,Mahalanobis 距离=4700.8（阈值=18.5）。主要贡献特征：PC2 (71.2%); PC3 (28.5%)。
1070,2024-04-11 06:59:00,2024-04-11 06:59:00,1.0,轻载,IsolationForest; Mahalanobis; 单变量IQR+3σ; 残差,2868.309,34,Mahalanobis 距离=2868.3（阈值=18.5）。主要贡献特征：PC2 (65.4%); PC3 (33.9%)。
1071,2024-04-11 07:11:00,2024-04-11 07:13:00,3.0,重载,IsolationForest; Mahalanobis; 单变量IQR+3σ; 残差,1.671,102,正常
1072,2024-04-11 07:15:00,2024-04-11 07:17:00,3.0,轻载,IsolationForest; Mahalanobis; 单变量IQR+3σ; 残差,5915.022,102,Mahalanobis 距离=5915.0（阈值=18.5）。主要贡献特征：PC2 (87.4%); PC3 (12.5%)。
1073,2024-04-11 07:19:00,2024-04-11 07:19:00,1.0,重载,IsolationForest; Mahalanobis; 单变量IQR+3σ; 残差,6.604,34,正常
1074,2024-04-11 07:21:00,2024-04-11 07:27:00,7.0,停机,IsolationForest; Mahalanobis; 单变量IQR+3σ; 残差,2568.573,238,Mahalanobis 距离=2568.6（阈值=18.5）。主要贡献特征：PC2 (92.2%); PC3 (7.6%)。
1075,2024-04-11 07:32:00,2024-04-11 07:34:00,3.0,重载,IsolationForest; Mahalanobis; 单变量IQR+3σ; 残差,8.25,102,正常
1076,2024-04-11 07:48:00,2024-04-11 07:49:00,2.0,重载,IsolationForest; Mahalanobis; 单变量IQR+3σ; 残差,4.032,68,残差异常：采煤机_破碎机_电机_电流 偏高（残差 Z-score=4.0，实际=45.0 vs 预测=0.0）
1077,2024-04-11 07:52:00,2024-04-11 07:54:00,3.0,停机,IsolationForest; Mahalanobis; 单变量IQR+3σ; 残差,2006.81,102,Mahalanobis 距离=2006.8（阈值=18.5）。主要贡献特征：PC2 (58.3%); PC3 (41.6%)。
1078,2024-04-11 08:13:00,2024-04-11 08:14:00,2.0,重载,IsolationForest; Mahalanobis; 单变量IQR+3σ; 残差,6.29,68,残差异常：采煤机_油泵_左电机_电流 偏高（残差 Z-score=6.3，实际=63.0 vs 预测=17.0）
1079,2024-04-11 08:17:00,2024-04-11 08:25:00,9.0,停机,IsolationForest; Mahalanobis; 单变量IQR+3σ; 残差,1438.857,306,Mahalanobis 距离=1438.9（阈值=18.5）。主要贡献特征：PC2 (67.6%); PC3 (30.9%); PC4 (1.4%)。
1080,2024-04-11 08:33:00,2024-04-11 08:36:00,4.0,轻载,IsolationForest; Mahalanobis; 单变量IQR+3σ; 残差,4603.488,136,Mahalanobis 距离=4603.5（阈值=18.5）。主要贡献特征：PC2 (82.2%); PC3 (17.5%)。
1081,2024-04-11 08:38:00,2024-04-11 08:40:00,3.0,停机,IsolationForest; Mahalanobis; 单变量IQR+3σ; 残差,4612.65,102,Mahalanobis 距离=4612.7（阈值=18.5）。主要贡献特征：PC2 (95.7%); PC4 (4.2%)。
1082,2024-04-11 08:46:00,2024-04-11 08:46:00,1.0,重载,IsolationForest; Mahalanobis; 单变量IQR+3σ; 残差,4.992,34,正常
1083,2024-04-11 09:10:00,2024-04-11 09:10:00,1.0,重载,IsolationForest; Mahalanobis; 单变量IQR+3σ; 残差,7.177,34,正常
1084,2024-04-11 09:22:00,2024-04-11 09:22:00,1.0,停机,IsolationForest; Mahalanobis; 单变量IQR+3σ; 残差,5697.626,34,Mahalanobis 距离=5697.6（阈值=18.5）。主要贡献特征：PC2 (82.8%); PC3 (17.2%)。
1085,2024-04-11 09:29:00,2024-04-11 09:29:00,1.0,重载,IsolationForest; Mahalanobis; 单变量IQR+3σ; 残差,5.827,34,正常
1086,2024-04-11 09:45:00,2024-04-11 09:45:00,1.0,重载,IsolationForest; Mahalanobis; 单变量IQR+3σ; 残差,4.337,34,正常
1087,2024-04-11 09:49:00,2024-04-11 09:49:00,1.0,重载,IsolationForest; Mahalanobis; 单变量IQR+3σ; 残差,6.547,34,正常
1088,2024-04-11 10:05:00,2024-04-11 10:05:00,1.0,重载,IsolationForest; Mahalanobis; 单变量IQR+3σ; 残差,5.585,34,正常
1089,2024-04-11 10:09:00,2024-04-11 10:12:00,4.0,停机,IsolationForest; Mahalanobis; 单变量IQR+3σ; 残差,3766.042,136,Mahalanobis 距离=3766.0（阈值=18.5）。主要贡献特征：PC2 (85.8%); PC3 (14.1%)。
1090,2024-04-11 10:14:00,2024-04-11 10:16:00,3.0,轻载,IsolationForest; Mahalanobis; 单变量IQR+3σ; 残差,4.149,102,正常
1091,2024-04-11 10:40:00,2024-04-11 10:43:00,4.0,轻载,IsolationForest; Mahalanobis; 单变量IQR+3σ; 残差,4.284,136,正常
1092,2024-04-11 14:11:00,2024-04-11 14:29:00,19.0,停机,IsolationForest; Mahalanobis; 单变量IQR+3σ; 残差,33559.767,646,Mahalanobis 距离=33559.8（阈值=18.5）。主要贡献特征：PC2 (94.3%); PC3 (5.6%)。
1093,2024-04-11 15:14:00,2024-04-11 15:14:00,1.0,重载,IsolationForest; Mahalanobis; 单变量IQR+3σ; 残差,5.51,34,正常
1094,2024-04-11 15:16:00,2024-04-11 15:16:00,1.0,轻载,IsolationForest; Mahalanobis; 单变量IQR+3σ; 残差,15.959,34,正常
1095,2024-04-11 15:45:00,2024-04-11 15:46:00,2.0,停机,IsolationForest; Mahalanobis; 单变量IQR+3σ; 残差,23.293,68,Mahalanobis 距离=23.3（阈值=18.5）。主要贡献特征：PC1 (41.0%); PC4 (40.6%); PC2 (13.6%)。
1096,2024-04-11 15:48:00,2024-04-11 15:48:00,1.0,停机,IsolationForest; Mahalanobis; 单变量IQR+3σ; 残差,18.755,34,Mahalanobis 距离=18.8（阈值=18.5）。主要贡献特征：PC2 (54.6%); PC3 (32.4%); PC1 (11.2%)。
1097,2024-04-11 15:50:00,2024-04-11 16:03:00,14.0,停机,IsolationForest; Mahalanobis; 单变量IQR+3σ; 残差,2004.916,476,Mahalanobis 距离=2004.9（阈值=18.5）。主要贡献特征：PC2 (60.5%); PC3 (39.5%)。
1098,2024-04-11 16:05:00,2024-04-11 16:07:00,3.0,重载,IsolationForest; Mahalanobis; 单变量IQR+3σ; 残差,1.858,102,正常
1099,2024-04-11 16:10:00,2024-04-11 16:32:00,23.0,停机,IsolationForest; Mahalanobis; 单变量IQR+3σ; 残差,3634.375,782,Mahalanobis 距离=3634.4（阈值=18.5）。主要贡献特征：PC2 (58.8%); PC3 (38.1%); PC4 (3.1%)。
1100,2024-04-11 16:38:00,2024-04-11 16:45:00,8.0,停机,IsolationForest; Mahalanobis; 单变量IQR+3σ; 残差,2767.099,272,Mahalanobis 距离=2767.1（阈值=18.5）。主要贡献特征：PC2 (65.5%); PC3 (34.3%)。
1101,2024-04-11 16:56:00,2024-04-11 16:56:00,1.0,重载,IsolationForest; Mahalanobis; 单变量IQR+3σ; 残差,2.563,34,正常
1102,2024-04-11 16:58:00,2024-04-11 17:02:00,5.0,停机,IsolationForest; Mahalanobis; 单变量IQR+3σ; 残差,2625.442,170,Mahalanobis 距离=2625.4（阈值=18.5）。主要贡献特征：PC2 (56.2%); PC3 (42.8%)。
1103,2024-04-11 17:04:00,2024-04-11 17:09:00,6.0,停机,IsolationForest; Mahalanobis; 单变量IQR+3σ; 残差,2716.689,204,Mahalanobis 距离=2716.7（阈值=18.5）。主要贡献特征：PC2 (63.8%); PC3 (35.5%)。
1104,2024-04-11 17:12:00,2024-04-11 17:12:00,1.0,轻载,IsolationForest; Mahalanobis; 单变量IQR+3σ; 残差,7.38,34,正常
1105,2024-04-11 19:21:00,2024-04-11 19:37:00,17.0,停机,IsolationForest; Mahalanobis; 单变量IQR+3σ; 残差,18.472,578,Mahalanobis 距离=18.5（阈值=18.5）。主要贡献特征：PC1 (52.0%); PC3 (29.0%); PC2 (14.9%)。
1106,2024-04-11 19:44:00,2024-04-11 20:07:00,24.0,重载,IsolationForest; Mahalanobis; 单变量IQR+3σ; 残差,25.306,816,Mahalanobis 距离=25.3（阈值=18.5）。主要贡献特征：PC2 (58.4%); PC3 (39.0%); PC1 (1.5%)。
1107,2024-04-11 20:16:00,2024-04-11 20:16:00,1.0,停机,IsolationForest; Mahalanobis; 单变量IQR+3σ; 残差,2426.862,34,Mahalanobis 距离=2426.9（阈值=18.5）。主要贡献特征：PC2 (73.6%); PC3 (26.0%)。
1108,2024-04-11 20:21:00,2024-04-11 20:21:00,1.0,停机,IsolationForest; Mahalanobis; 单变量IQR+3σ; 残差,1565.031,34,Mahalanobis 距离=1565.0（阈值=18.5）。主要贡献特征：PC2 (64.8%); PC3 (35.0%)。
1109,2024-04-11 20:24:00,2024-04-11 20:25:00,2.0,轻载,IsolationForest; Mahalanobis; 单变量IQR+3σ; 残差,3607.146,68,Mahalanobis 距离=3607.1（阈值=18.5）。主要贡献特征：PC2 (81.1%); PC3 (18.8%)。
1110,2024-04-11 21:10:00,2024-04-11 21:10:00,1.0,重载,IsolationForest; Mahalanobis; 单变量IQR+3σ; 残差,6.768,34,残差异常：采煤机_油泵_右电机_电流 偏高（残差 Z-score=6.8，实际=61.0 vs 预测=17.2）
1111,2024-04-11 21:16:00,2024-04-11 21:16:00,1.0,重载,IsolationForest; Mahalanobis; 单变量IQR+3σ; 残差,6.211,34,残差异常：采煤机_油泵_右电机_电流 偏高（残差 Z-score=6.2，实际=57.0 vs 预测=16.8）
1112,2024-04-11 21:20:00,2024-04-11 21:20:00,1.0,重载,IsolationForest; Mahalanobis; 单变量IQR+3σ; 残差,6.88,34,正常
1113,2024-04-11 21:30:00,2024-04-11 21:31:00,2.0,停机,IsolationForest; Mahalanobis; 单变量IQR+3σ; 残差,2343.642,68,Mahalanobis 距离=2343.6（阈值=18.5）。主要贡献特征：PC2 (71.7%); PC3 (28.2%)。
1114,2024-04-11 21:48:00,2024-04-11 21:56:00,9.0,停机,IsolationForest; Mahalanobis; 单变量IQR+3σ; 残差,3007.503,306,Mahalanobis 距离=3007.5（阈值=18.5）。主要贡献特征：PC2 (64.8%); PC3 (34.7%)。
1115,2024-04-11 22:05:00,2024-04-11 22:06:00,2.0,停机,IsolationForest; Mahalanobis; 单变量IQR+3σ; 残差,2299.969,68,Mahalanobis 距离=2300.0（阈值=18.5）。主要贡献特征：PC2 (68.4%); PC3 (31.2%)。
1116,2024-04-11 22:14:00,2024-04-11 22:14:00,1.0,重载,IsolationForest; Mahalanobis; 单变量IQR+3σ; 残差,6.917,34,正常
1117,2024-04-11 22:25:00,2024-04-11 22:33:00,9.0,停机,IsolationForest; Mahalanobis; 单变量IQR+3σ; 残差,3560.046,306,Mahalanobis 距离=3560.0（阈值=18.5）。主要贡献特征：PC2 (56.4%); PC3 (41.3%); PC4 (2.3%)。
1118,2024-04-11 22:49:00,2024-04-11 22:52:00,4.0,停机,IsolationForest; Mahalanobis; 单变量IQR+3σ; 残差,4360.107,136,Mahalanobis 距离=4360.1（阈值=18.5）。主要贡献特征：PC2 (88.6%); PC3 (11.3%)。
1119,2024-04-11 22:54:00,2024-04-11 22:54:00,1.0,停机,IsolationForest; Mahalanobis; 单变量IQR+3σ; 残差,1505.554,34,Mahalanobis 距离=1505.6（阈值=18.5）。主要贡献特征：PC2 (72.3%); PC3 (27.4%)。
1120,2024-04-11 23:02:00,2024-04-11 23:02:00,1.0,停机,IsolationForest; Mahalanobis; 单变量IQR+3σ; 残差,2139.43,34,Mahalanobis 距离=2139.4（阈值=18.5）。主要贡献特征：PC2 (73.4%); PC3 (26.2%)。
1121,2024-04-11 23:05:00,2024-04-11 23:05:00,1.0,重载,IsolationForest; Mahalanobis; 单变量IQR+3σ; 残差,3.336,34,残差异常：采煤机_油泵_左电机_电流 偏高（残差 Z-score=3.3，实际=42.0 vs 预测=17.6）
1122,2024-04-11 23:08:00,2024-04-11 23:15:00,8.0,停机,IsolationForest; Mahalanobis; 单变量IQR+3σ; 残差,1081.078,272,Mahalanobis 距离=1081.1（阈值=18.5）。主要贡献特征：PC2 (63.0%); PC3 (35.0%); PC4 (2.1%)。
1123,2024-04-11 23:29:00,2024-04-11 23:30:00,2.0,停机,IsolationForest; Mahalanobis; 单变量IQR+3σ; 残差,3232.729,68,Mahalanobis 距离=3232.7（阈值=18.5）。主要贡献特征：PC2 (78.4%); PC3 (21.2%)。
1124,2024-04-11 23:36:00,2024-04-11 23:36:00,1.0,停机,IsolationForest; Mahalanobis; 单变量IQR+3σ; 残差,1311.835,34,Mahalanobis 距离=1311.8（阈值=18.5）。主要贡献特征：PC2 (65.3%); PC3 (33.2%); PC4 (1.5%)。
1125,2024-04-11 23:49:00,2024-04-11 23:55:00,7.0,停机,IsolationForest; Mahalanobis; 单变量IQR+3σ; 残差,2456.609,238,Mahalanobis 距离=2456.6（阈值=18.5）。主要贡献特征：PC2 (73.3%); PC3 (25.7%); PC4 (1.0%)。
1126,2024-04-11 23:58:00,2024-04-11 23:58:00,1.0,重载,IsolationForest; Mahalanobis; 单变量IQR+3σ; 残差,1.675,34,正常
1127,2024-04-12 00:01:00,2024-04-12 00:01:00,1.0,停机,IsolationForest; Mahalanobis; 单变量IQR+3σ; 残差,3688.693,34,Mahalanobis 距离=3688.7（阈值=18.5）。主要贡献特征：PC2 (81.3%); PC3 (18.4%)。
1128,2024-04-12 00:27:00,2024-04-12 00:27:00,1.0,重载,IsolationForest; Mahalanobis; 单变量IQR+3σ; 残差,7.187,34,正常
1129,2024-04-12 00:36:00,2024-04-12 00:36:00,1.0,重载,IsolationForest; Mahalanobis; 单变量IQR+3σ; 残差,2.126,34,正常
1130,2024-04-12 00:42:00,2024-04-12 00:48:00,7.0,重载,IsolationForest; Mahalanobis; 单变量IQR+3σ; 残差,3.561,238,正常
1131,2024-04-12 00:52:00,2024-04-12 00:52:00,1.0,重载,IsolationForest; Mahalanobis; 单变量IQR+3σ; 残差,4.02,34,残差异常：采煤机_油泵_左电机_电流 偏高（残差 Z-score=4.0，实际=46.0 vs 预测=16.6）
1132,2024-04-12 00:58:00,2024-04-12 00:58:00,1.0,重载,IsolationForest; Mahalanobis; 单变量IQR+3σ; 残差,5.871,34,残差异常：采煤机_油泵_右电机_电流 偏高（残差 Z-score=5.9，实际=55.0 vs 预测=17.0）
1133,2024-04-12 01:03:00,2024-04-12 01:03:00,1.0,停机,IsolationForest; Mahalanobis; 单变量IQR+3σ; 残差,2820.795,34,Mahalanobis 距离=2820.8（阈值=18.5）。主要贡献特征：PC2 (73.9%); PC3 (25.8%)。
1134,2024-04-12 01:08:00,2024-04-12 01:08:00,1.0,重载,IsolationForest; Mahalanobis; 单变量IQR+3σ; 残差,5.844,34,正常
1135,2024-04-12 01:14:00,2024-04-12 01:14:00,1.0,重载,IsolationForest; Mahalanobis; 单变量IQR+3σ; 残差,4.881,34,正常
1136,2024-04-12 01:19:00,2024-04-12 01:21:00,3.0,重载,IsolationForest; Mahalanobis; 单变量IQR+3σ; 残差,4.66,102,残差异常：采煤机_破碎机_电机_电流 偏高（残差 Z-score=4.7，实际=52.0 vs 预测=0.0）
1137,2024-04-12 01:23:00,2024-04-12 01:26:00,4.0,停机,IsolationForest; Mahalanobis; 单变量IQR+3σ; 残差,3453.244,136,Mahalanobis 距离=3453.2（阈值=18.5）。主要贡献特征：PC2 (60.5%); PC3 (38.6%)。
1138,2024-04-12 01:31:00,2024-04-12 01:33:00,3.0,重载,IsolationForest; Mahalanobis; 单变量IQR+3σ; 残差,6.547,102,正常
1139,2024-04-12 01:37:00,2024-04-12 01:37:00,1.0,重载,IsolationForest; Mahalanobis; 单变量IQR+3σ; 残差,1.915,34,正常
1140,2024-04-12 01:45:00,2024-04-12 01:48:00,4.0,轻载,IsolationForest; Mahalanobis; 单变量IQR+3σ; 残差,1433.126,136,Mahalanobis 距离=1433.1（阈值=18.5）。主要贡献特征：PC2 (68.2%); PC3 (31.8%)。
1141,2024-04-12 01:50:00,2024-04-12 01:53:00,4.0,重载,IsolationForest; Mahalanobis; 单变量IQR+3σ; 残差,16.842,136,正常
1142,2024-04-12 01:55:00,2024-04-12 01:58:00,4.0,重载,IsolationForest; Mahalanobis; 单变量IQR+3σ; 残差,15.416,136,正常
1143,2024-04-12 02:04:00,2024-04-12 02:05:00,2.0,重载,IsolationForest; Mahalanobis; 单变量IQR+3σ; 残差,5.568,68,正常
1144,2024-04-12 02:10:00,2024-04-12 02:10:00,1.0,重载,IsolationForest; Mahalanobis; 单变量IQR+3σ; 残差,6.669,34,正常
1145,2024-04-12 02:13:00,2024-04-12 02:13:00,1.0,重载,IsolationForest; Mahalanobis; 单变量IQR+3σ; 残差,4.854,34,正常
1146,2024-04-12 02:15:00,2024-04-12 02:15:00,1.0,重载,IsolationForest; Mahalanobis; 单变量IQR+3σ; 残差,2.475,34,正常
1147,2024-04-12 02:22:00,2024-04-12 02:24:00,3.0,停机,IsolationForest; Mahalanobis; 单变量IQR+3σ; 残差,3783.514,102,Mahalanobis 距离=3783.5（阈值=18.5）。主要贡献特征：PC2 (76.6%); PC3 (22.5%)。
1148,2024-04-12 02:43:00,2024-04-12 02:43:00,1.0,重载,IsolationForest; Mahalanobis; 单变量IQR+3σ; 残差,4.045,34,正常
1149,2024-04-12 02:54:00,2024-04-12 02:55:00,2.0,重载,IsolationForest; Mahalanobis; 单变量IQR+3σ; 残差,5.503,68,正常
1150,2024-04-12 03:07:00,2024-04-12 03:07:00,1.0,重载,IsolationForest; Mahalanobis; 单变量IQR+3σ; 残差,3.103,34,残差异常：采煤机_油泵_左油箱_油压 偏高（残差 Z-score=3.1，实际=12.7 vs 预测=2.4）
1151,2024-04-12 03:25:00,2024-04-12 03:28:00,4.0,停机,IsolationForest; Mahalanobis; 单变量IQR+3σ; 残差,5638.525,136,Mahalanobis 距离=5638.5（阈值=18.5）。主要贡献特征：PC2 (81.4%); PC3 (18.4%)。
1152,2024-04-12 03:31:00,2024-04-12 03:32:00,2.0,重载,IsolationForest; Mahalanobis; 单变量IQR+3σ; 残差,3.152,68,正常
1153,2024-04-12 03:36:00,2024-04-12 03:37:00,2.0,停机,IsolationForest; Mahalanobis; 单变量IQR+3σ; 残差,4695.735,68,Mahalanobis 距离=4695.7（阈值=18.5）。主要贡献特征：PC2 (72.6%); PC3 (26.5%)。
1154,2024-04-12 03:40:00,2024-04-12 03:42:00,3.0,停机,IsolationForest; Mahalanobis; 单变量IQR+3σ; 残差,2962.756,102,Mahalanobis 距离=2962.8（阈值=18.5）。主要贡献特征：PC2 (78.0%); PC3 (21.2%)。
1155,2024-04-12 03:47:00,2024-04-12 03:52:00,6.0,重载,IsolationForest; Mahalanobis; 单变量IQR+3σ; 残差,6.083,204,正常
1156,2024-04-12 03:59:00,2024-04-12 04:00:00,2.0,停机,IsolationForest; Mahalanobis; 单变量IQR+3σ; 残差,4720.912,68,Mahalanobis 距离=4720.9（阈值=18.5）。主要贡献特征：PC2 (78.4%); PC3 (21.5%)。
1157,2024-04-12 04:02:00,2024-04-12 04:02:00,1.0,重载,IsolationForest; Mahalanobis; 单变量IQR+3σ; 残差,7.325,34,正常
1158,2024-04-12 04:18:00,2024-04-12 04:20:00,3.0,重载,IsolationForest; Mahalanobis; 单变量IQR+3σ; 残差,5.974,102,正常
1159,2024-04-12 04:23:00,2024-04-12 04:23:00,1.0,停机,IsolationForest; Mahalanobis; 单变量IQR+3σ; 残差,9927.612,34,Mahalanobis 距离=9927.6（阈值=18.5）。主要贡献特征：PC2 (90.4%); PC3 (8.9%)。
1160,2024-04-12 04:29:00,2024-04-12 04:32:00,4.0,重载,IsolationForest; Mahalanobis; 单变量IQR+3σ; 残差,4.481,136,残差异常：采煤机_破碎机_电机_电流 偏高（残差 Z-score=4.5，实际=50.0 vs 预测=0.0）
1161,2024-04-12 04:37:00,2024-04-12 04:42:00,6.0,停机,IsolationForest; Mahalanobis; 单变量IQR+3σ; 残差,3649.271,204,Mahalanobis 距离=3649.3（阈值=18.5）。主要贡献特征：PC2 (63.5%); PC3 (35.0%); PC4 (1.4%)。
1162,2024-04-12 04:44:00,2024-04-12 04:48:00,5.0,停机,IsolationForest; Mahalanobis; 单变量IQR+3σ; 残差,671.544,170,Mahalanobis 距离=671.5（阈值=18.5）。主要贡献特征：PC2 (61.8%); PC3 (37.9%)。
1163,2024-04-12 04:50:00,2024-04-12 04:50:00,1.0,重载,IsolationForest; Mahalanobis; 单变量IQR+3σ; 残差,5.377,34,残差异常：采煤机_油泵_右电机_电流 偏高（残差 Z-score=5.4，实际=52.0 vs 预测=17.2）
1164,2024-04-12 04:52:00,2024-04-12 04:57:00,6.0,重载,IsolationForest; Mahalanobis; 单变量IQR+3σ; 残差,4.432,204,正常
1165,2024-04-12 05:01:00,2024-04-12 05:01:00,1.0,重载,IsolationForest; Mahalanobis; 单变量IQR+3σ; 残差,5.881,34,正常
1166,2024-04-12 05:08:00,2024-04-12 05:11:00,4.0,停机,IsolationForest; Mahalanobis; 单变量IQR+3σ; 残差,1765.847,136,Mahalanobis 距离=1765.8（阈值=18.5）。主要贡献特征：PC2 (69.5%); PC3 (29.3%); PC4 (1.1%)。
1167,2024-04-12 05:21:00,2024-04-12 05:26:00,6.0,停机,IsolationForest; Mahalanobis; 单变量IQR+3σ; 残差,1155.375,204,Mahalanobis 距离=1155.4（阈值=18.5）。主要贡献特征：PC2 (70.3%); PC3 (27.7%); PC4 (1.9%)。
1168,2024-04-12 05:33:00,2024-04-12 05:33:00,1.0,重载,IsolationForest; Mahalanobis; 单变量IQR+3σ; 残差,5.632,34,正常
1169,2024-04-12 05:41:00,2024-04-12 05:41:00,1.0,重载,IsolationForest; Mahalanobis; 单变量IQR+3σ; 残差,6.529,34,正常
1170,2024-04-12 05:45:00,2024-04-12 05:45:00,1.0,重载,IsolationForest; Mahalanobis; 单变量IQR+3σ; 残差,2.538,34,正常
1171,2024-04-12 05:49:00,2024-04-12 05:50:00,2.0,停机,IsolationForest; Mahalanobis; 单变量IQR+3σ; 残差,3388.288,68,Mahalanobis 距离=3388.3（阈值=18.5）。主要贡献特征：PC2 (78.0%); PC3 (21.3%)。
1172,2024-04-12 05:56:00,2024-04-12 05:58:00,3.0,停机,IsolationForest; Mahalanobis; 单变量IQR+3σ; 残差,1902.554,102,Mahalanobis 距离=1902.6（阈值=18.5）。主要贡献特征：PC2 (70.1%); PC3 (29.5%)。
1173,2024-04-12 06:02:00,2024-04-12 06:02:00,1.0,重载,IsolationForest; Mahalanobis; 单变量IQR+3σ; 残差,4.016,34,正常
1174,2024-04-12 06:06:00,2024-04-12 06:07:00,2.0,停机,IsolationForest; Mahalanobis; 单变量IQR+3σ; 残差,1720.305,68,Mahalanobis 距离=1720.3（阈值=18.5）。主要贡献特征：PC2 (69.2%); PC3 (30.1%)。
1175,2024-04-12 06:29:00,2024-04-12 06:30:00,2.0,停机,IsolationForest; Mahalanobis; 单变量IQR+3σ; 残差,6706.035,68,Mahalanobis 距离=6706.0（阈值=18.5）。主要贡献特征：PC2 (90.1%); PC3 (9.6%)。
1176,2024-04-12 06:35:00,2024-04-12 06:38:00,4.0,重载,IsolationForest; Mahalanobis; 单变量IQR+3σ; 残差,6.769,136,单变量异常：采煤机_油泵_右油箱_油压（z-score=6.8，实际=21.3，均值=3.0±2.7）
1177,2024-04-12 06:40:00,2024-04-12 06:40:00,1.0,重载,IsolationForest; Mahalanobis; 单变量IQR+3σ; 残差,5.205,34,正常
1178,2024-04-12 06:53:00,2024-04-12 06:55:00,3.0,重载,IsolationForest; Mahalanobis; 单变量IQR+3σ; 残差,5.034,102,正常
1179,2024-04-12 07:08:00,2024-04-12 07:09:00,2.0,停机,IsolationForest; Mahalanobis; 单变量IQR+3σ; 残差,2246.092,68,Mahalanobis 距离=2246.1（阈值=18.5）。主要贡献特征：PC2 (67.2%); PC3 (32.6%)。
1180,2024-04-12 07:16:00,2024-04-12 07:18:00,3.0,重载,IsolationForest; Mahalanobis; 单变量IQR+3σ; 残差,2.268,102,正常
1181,2024-04-12 07:20:00,2024-04-12 07:25:00,6.0,停机,IsolationForest; Mahalanobis; 单变量IQR+3σ; 残差,2051.525,204,Mahalanobis 距离=2051.5（阈值=18.5）。主要贡献特征：PC2 (69.0%); PC3 (30.3%)。
1182,2024-04-12 07:28:00,2024-04-12 07:34:00,7.0,停机,IsolationForest; Mahalanobis; 单变量IQR+3σ; 残差,3820.336,238,Mahalanobis 距离=3820.3（阈值=18.5）。主要贡献特征：PC2 (89.6%); PC4 (9.0%); PC3 (1.3%)。
1183,2024-04-12 07:38:00,2024-04-12 07:38:00,1.0,重载,IsolationForest; Mahalanobis; 单变量IQR+3σ; 残差,2.698,34,正常
1184,2024-04-12 07:49:00,2024-04-12 07:51:00,3.0,重载,IsolationForest; Mahalanobis; 单变量IQR+3σ; 残差,6.399,102,单变量异常：采煤机_油泵_右油箱_油压（z-score=6.4，实际=20.3，均值=3.0±2.7）
1185,2024-04-12 08:02:00,2024-04-12 08:05:00,4.0,停机,IsolationForest; Mahalanobis; 单变量IQR+3σ; 残差,2786.888,136,Mahalanobis 距离=2786.9（阈值=18.5）。主要贡献特征：PC2 (79.3%); PC3 (20.4%)。
1186,2024-04-12 08:23:00,2024-04-12 08:23:00,1.0,停机,IsolationForest; Mahalanobis; 单变量IQR+3σ; 残差,2628.995,34,Mahalanobis 距离=2629.0（阈值=18.5）。主要贡献特征：PC2 (74.2%); PC3 (24.4%); PC4 (1.4%)。
1187,2024-04-12 08:31:00,2024-04-12 08:32:00,2.0,重载,IsolationForest; Mahalanobis; 单变量IQR+3σ; 残差,4.346,68,正常
1188,2024-04-12 08:34:00,2024-04-12 08:53:00,20.0,轻载,IsolationForest; Mahalanobis; 单变量IQR+3σ; 残差,3202.005,680,Mahalanobis 距离=3202.0（阈值=18.5）。主要贡献特征：PC2 (67.0%); PC3 (32.7%)。
1189,2024-04-12 09:00:00,2024-04-12 09:15:00,16.0,停机,IsolationForest; Mahalanobis; 单变量IQR+3σ; 残差,2162.482,544,Mahalanobis 距离=2162.5（阈值=18.5）。主要贡献特征：PC2 (75.9%); PC3 (23.8%)。
1190,2024-04-12 09:57:00,2024-04-12 10:00:00,4.0,轻载,IsolationForest; Mahalanobis; 单变量IQR+3σ; 残差,6.83,136,正常
1191,2024-04-12 12:55:00,2024-04-12 16:51:00,237.0,停机,IsolationForest; Mahalanobis; 单变量IQR+3σ; 残差,9.552,8058,正常
1192,2024-04-12 16:54:00,2024-04-12 17:12:00,19.0,停机,IsolationForest; Mahalanobis; 单变量IQR+3σ; 残差,2221.436,646,Mahalanobis 距离=2221.4（阈值=18.5）。主要贡献特征：PC2 (88.4%); PC4 (11.3%)。
1193,2024-04-12 17:14:00,2024-04-12 17:35:00,22.0,重载,IsolationForest; Mahalanobis; 单变量IQR+3σ; 残差,6.214,748,单变量异常：采煤机_油泵_右油箱_油压（z-score=6.2，实际=19.8，均值=3.0±2.7）
1194,2024-04-12 17:47:00,2024-04-12 17:47:00,1.0,重载,IsolationForest; Mahalanobis; 单变量IQR+3σ; 残差,5.794,34,正常
1195,2024-04-12 17:55:00,2024-04-12 17:55:00,1.0,重载,IsolationForest; Mahalanobis; 单变量IQR+3σ; 残差,4.676,34,残差异常：采煤机_油泵_左电机_电流 偏高（残差 Z-score=4.7，实际=51.0 vs 预测=16.8）
1196,2024-04-12 18:41:00,2024-04-12 18:52:00,12.0,停机,IsolationForest; Mahalanobis; 单变量IQR+3σ; 残差,1025.614,408,Mahalanobis 距离=1025.6（阈值=18.5）。主要贡献特征：PC2 (60.4%); PC3 (39.2%)。
1197,2024-04-12 19:01:00,2024-04-12 19:01:00,1.0,重载,IsolationForest; Mahalanobis; 单变量IQR+3σ; 残差,3.586,34,正常
1198,2024-04-12 19:04:00,2024-04-12 19:04:00,1.0,重载,IsolationForest; Mahalanobis; 单变量IQR+3σ; 残差,2.087,34,正常
1199,2024-04-12 19:08:00,2024-04-12 19:08:00,1.0,停机,IsolationForest; Mahalanobis; 单变量IQR+3σ; 残差,4650.418,34,Mahalanobis 距离=4650.4（阈值=18.5）。主要贡献特征：PC2 (81.9%); PC3 (17.7%)。
1200,2024-04-12 19:10:00,2024-04-12 19:10:00,1.0,重载,IsolationForest; Mahalanobis; 单变量IQR+3σ; 残差,3.66,34,正常
1201,2024-04-12 19:23:00,2024-04-12 19:26:00,4.0,重载,IsolationForest; Mahalanobis; 单变量IQR+3σ; 残差,7.252,136,正常
1202,2024-04-12 19:30:00,2024-04-12 19:30:00,1.0,停机,IsolationForest; Mahalanobis; 单变量IQR+3σ; 残差,1627.816,34,Mahalanobis 距离=1627.8（阈值=18.5）。主要贡献特征：PC2 (69.1%); PC3 (29.7%); PC4 (1.2%)。
1203,2024-04-12 19:38:00,2024-04-12 19:38:00,1.0,重载,IsolationForest; Mahalanobis; 单变量IQR+3σ; 残差,1.135,34,正常
1204,2024-04-12 19:59:00,2024-04-12 20:03:00,5.0,停机,IsolationForest; Mahalanobis; 单变量IQR+3σ; 残差,5853.315,170,Mahalanobis 距离=5853.3（阈值=18.5）。主要贡献特征：PC2 (88.6%); PC3 (11.3%)。
1205,2024-04-12 20:05:00,2024-04-12 20:07:00,3.0,重载,IsolationForest; Mahalanobis; 单变量IQR+3σ; 残差,17.083,102,正常
1206,2024-04-12 20:20:00,2024-04-12 20:20:00,1.0,重载,IsolationForest; Mahalanobis; 单变量IQR+3σ; 残差,6.251,34,正常
1207,2024-04-12 20:22:00,2024-04-12 20:22:00,1.0,重载,IsolationForest; Mahalanobis; 单变量IQR+3σ; 残差,4.239,34,残差异常：采煤机_油泵_左电机_电流 偏高（残差 Z-score=4.2，实际=48.0 vs 预测=17.0）
1208,2024-04-12 20:31:00,2024-04-12 20:31:00,1.0,停机,IsolationForest; Mahalanobis; 单变量IQR+3σ; 残差,2171.924,34,Mahalanobis 距离=2171.9（阈值=18.5）。主要贡献特征：PC2 (66.1%); PC3 (33.8%)。
1209,2024-04-12 20:40:00,2024-04-12 20:43:00,4.0,重载,IsolationForest; Mahalanobis; 单变量IQR+3σ; 残差,3.16,136,正常
1210,2024-04-12 20:52:00,2024-04-12 20:52:00,1.0,重载,IsolationForest; Mahalanobis; 单变量IQR+3σ; 残差,6.183,34,正常
1211,2024-04-12 21:01:00,2024-04-12 21:06:00,6.0,重载,IsolationForest; Mahalanobis; 单变量IQR+3σ; 残差,20.169,204,Mahalanobis 距离=20.2（阈值=18.5）。主要贡献特征：PC2 (85.5%); PC3 (12.9%); PC1 (1.6%)。
1212,2024-04-12 21:11:00,2024-04-12 21:11:00,1.0,重载,IsolationForest; Mahalanobis; 单变量IQR+3σ; 残差,5.511,34,正常
1213,2024-04-12 21:23:00,2024-04-12 21:23:00,1.0,停机,IsolationForest; Mahalanobis; 单变量IQR+3σ; 残差,2232.063,34,Mahalanobis 距离=2232.1（阈值=18.5）。主要贡献特征：PC2 (73.5%); PC3 (25.8%)。
1214,2024-04-12 21:36:00,2024-04-12 21:36:00,1.0,重载,IsolationForest; Mahalanobis; 单变量IQR+3σ; 残差,5.276,34,正常
1215,2024-04-12 21:50:00,2024-04-12 21:50:00,1.0,重载,IsolationForest; Mahalanobis; 单变量IQR+3σ; 残差,4.854,34,正常
1216,2024-04-12 22:02:00,2024-04-12 22:02:00,1.0,停机,IsolationForest; Mahalanobis; 单变量IQR+3σ; 残差,2611.75,34,Mahalanobis 距离=2611.7（阈值=18.5）。主要贡献特征：PC2 (77.6%); PC3 (21.9%)。
1217,2024-04-12 22:23:00,2024-04-12 22:23:00,1.0,重载,IsolationForest; Mahalanobis; 单变量IQR+3σ; 残差,4.304,34,正常
1218,2024-04-12 22:26:00,2024-04-12 22:26:00,1.0,重载,IsolationForest; Mahalanobis; 单变量IQR+3σ; 残差,4.854,34,正常
1219,2024-04-12 22:29:00,2024-04-12 22:29:00,1.0,停机,IsolationForest; Mahalanobis; 单变量IQR+3σ; 残差,1720.384,34,Mahalanobis 距离=1720.4（阈值=18.5）。主要贡献特征：PC2 (66.4%); PC3 (33.5%)。
1220,2024-04-12 22:40:00,2024-04-12 22:41:00,2.0,停机,IsolationForest; Mahalanobis; 单变量IQR+3σ; 残差,5015.187,68,Mahalanobis 距离=5015.2（阈值=18.5）。主要贡献特征：PC2 (68.5%); PC3 (30.0%); PC4 (1.4%)。
1221,2024-04-12 22:54:00,2024-04-12 22:54:00,1.0,重载,IsolationForest; Mahalanobis; 单变量IQR+3σ; 残差,4.363,34,正常
1222,2024-04-12 23:02:00,2024-04-12 23:12:00,11.0,重载,IsolationForest; Mahalanobis; 单变量IQR+3σ; 残差,4.585,374,单变量异常：采煤机_油泵_右油箱_油压（z-score=4.6，实际=15.4，均值=3.0±2.7）
1223,2024-04-12 23:14:00,2024-04-12 23:14:00,1.0,重载,IsolationForest; Mahalanobis; 单变量IQR+3σ; 残差,5.562,34,残差异常：采煤机_油泵_右电机_电流 偏高（残差 Z-score=5.6，实际=54.0 vs 预测=18.0）
1224,2024-04-12 23:18:00,2024-04-12 23:20:00,3.0,重载,IsolationForest; Mahalanobis; 单变量IQR+3σ; 残差,2.29,102,单变量异常：采煤机_油泵_右油箱_油压（z-score=2.3，实际=9.2，均值=3.0±2.7）
1225,2024-04-12 23:23:00,2024-04-12 23:25:00,3.0,重载,IsolationForest; Mahalanobis; 单变量IQR+3σ; 残差,3.538,102,残差异常：采煤机_截割部位_左滚筒_电机_电流 偏高（残差 Z-score=3.5，实际=285.0 vs 预测=75.4）
1226,2024-04-12 23:34:00,2024-04-12 23:35:00,2.0,重载,IsolationForest; Mahalanobis; 单变量IQR+3σ; 残差,7.547,68,正常
1227,2024-04-12 23:40:00,2024-04-12 23:40:00,1.0,重载,IsolationForest; Mahalanobis; 单变量IQR+3σ; 残差,7.547,34,正常
1228,2024-04-12 23:42:00,2024-04-12 23:42:00,1.0,停机,IsolationForest; Mahalanobis; 单变量IQR+3σ; 残差,2801.59,34,Mahalanobis 距离=2801.6（阈值=18.5）。主要贡献特征：PC2 (76.5%); PC3 (22.7%)。
1229,2024-04-12 23:48:00,2024-04-12 23:49:00,2.0,停机,IsolationForest; Mahalanobis; 单变量IQR+3σ; 残差,3168.34,68,Mahalanobis 距离=3168.3（阈值=18.5）。主要贡献特征：PC2 (77.7%); PC3 (21.2%); PC4 (1.0%)。
1230,2024-04-12 23:51:00,2024-04-12 23:56:00,6.0,停机,IsolationForest; Mahalanobis; 单变量IQR+3σ; 残差,3097.012,204,Mahalanobis 距离=3097.0（阈值=18.5）。主要贡献特征：PC2 (90.4%); PC4 (8.6%)。
1231,2024-04-13 00:09:00,2024-04-13 00:09:00,1.0,停机,IsolationForest; Mahalanobis; 单变量IQR+3σ; 残差,2180.491,34,Mahalanobis 距离=2180.5（阈值=18.5）。主要贡献特征：PC2 (70.9%); PC3 (27.2%); PC4 (1.9%)。
1232,2024-04-13 00:12:00,2024-04-13 00:12:00,1.0,重载,IsolationForest; Mahalanobis; 单变量IQR+3σ; 残差,3.316,34,残差异常：采煤机_破碎机_电机_电流 偏高（残差 Z-score=3.3，实际=37.0 vs 预测=0.0）
1233,2024-04-13 00:15:00,2024-04-13 00:16:00,2.0,停机,IsolationForest; Mahalanobis; 单变量IQR+3σ; 残差,4108.641,68,Mahalanobis 距离=4108.6（阈值=18.5）。主要贡献特征：PC2 (81.4%); PC3 (18.5%)。
1234,2024-04-13 00:28:00,2024-04-13 00:28:00,1.0,重载,IsolationForest; Mahalanobis; 单变量IQR+3σ; 残差,5.665,34,正常
1235,2024-04-13 00:40:00,2024-04-13 00:44:00,5.0,重载,IsolationForest; Mahalanobis; 单变量IQR+3σ; 残差,5.803,170,正常
1236,2024-04-13 00:53:00,2024-04-13 00:53:00,1.0,重载,IsolationForest; Mahalanobis; 单变量IQR+3σ; 残差,4.596,34,正常
1237,2024-04-13 00:57:00,2024-04-13 00:58:00,2.0,停机,IsolationForest; Mahalanobis; 单变量IQR+3σ; 残差,2541.823,68,Mahalanobis 距离=2541.8（阈值=18.5）。主要贡献特征：PC2 (73.0%); PC3 (26.8%)。
1238,2024-04-13 01:02:00,2024-04-13 01:02:00,1.0,重载,IsolationForest; Mahalanobis; 单变量IQR+3σ; 残差,3.397,34,正常
1239,2024-04-13 01:11:00,2024-04-13 01:29:00,19.0,停机,IsolationForest; Mahalanobis; 单变量IQR+3σ; 残差,7274.333,646,Mahalanobis 距离=7274.3（阈值=18.5）。主要贡献特征：PC2 (92.0%); PC3 (7.9%)。
1240,2024-04-13 01:31:00,2024-04-13 01:31:00,1.0,重载,IsolationForest; Mahalanobis; 单变量IQR+3σ; 残差,4.207,34,正常
1241,2024-04-13 01:43:00,2024-04-13 01:43:00,1.0,重载,IsolationForest; Mahalanobis; 单变量IQR+3σ; 残差,4.194,34,残差异常：采煤机_破碎机_电机_电流 偏高（残差 Z-score=4.2，实际=52.0 vs 预测=5.2）
1242,2024-04-13 01:53:00,2024-04-13 01:53:00,1.0,重载,IsolationForest; Mahalanobis; 单变量IQR+3σ; 残差,6.51,34,正常
1243,2024-04-13 02:03:00,2024-04-13 02:03:00,1.0,重载,IsolationForest; Mahalanobis; 单变量IQR+3σ; 残差,6.251,34,正常
1244,2024-04-13 02:07:00,2024-04-13 02:07:00,1.0,重载,IsolationForest; Mahalanobis; 单变量IQR+3σ; 残差,3.948,34,正常
1245,2024-04-13 02:20:00,2024-04-13 02:20:00,1.0,重载,IsolationForest; Mahalanobis; 单变量IQR+3σ; 残差,5.474,34,正常
1246,2024-04-13 02:24:00,2024-04-13 02:31:00,8.0,停机,IsolationForest; Mahalanobis; 单变量IQR+3σ; 残差,4781.994,272,Mahalanobis 距离=4782.0（阈值=18.5）。主要贡献特征：PC2 (89.8%); PC3 (9.7%)。
1247,2024-04-13 02:34:00,2024-04-13 02:35:00,2.0,停机,IsolationForest; Mahalanobis; 单变量IQR+3σ; 残差,2494.11,68,Mahalanobis 距离=2494.1（阈值=18.5）。主要贡献特征：PC2 (72.7%); PC3 (25.9%); PC4 (1.4%)。
1248,2024-04-13 02:37:00,2024-04-13 02:37:00,1.0,重载,IsolationForest; Mahalanobis; 单变量IQR+3σ; 残差,5.412,34,正常
1249,2024-04-13 03:02:00,2024-04-13 03:02:00,1.0,重载,IsolationForest; Mahalanobis; 单变量IQR+3σ; 残差,5.794,34,正常
1250,2024-04-13 03:05:00,2024-04-13 03:07:00,3.0,重载,IsolationForest; Mahalanobis; 单变量IQR+3σ; 残差,5.406,102,正常
1251,2024-04-13 03:14:00,2024-04-13 03:14:00,1.0,停机,IsolationForest; Mahalanobis; 单变量IQR+3σ; 残差,4162.82,34,Mahalanobis 距离=4162.8（阈值=18.5）。主要贡献特征：PC2 (80.7%); PC3 (19.2%)。
1252,2024-04-13 03:32:00,2024-04-13 03:32:00,1.0,重载,IsolationForest; Mahalanobis; 单变量IQR+3σ; 残差,5.305,34,残差异常：采煤机_油泵_左电机_电流 偏高（残差 Z-score=5.3，实际=56.0 vs 预测=17.2）
1253,2024-04-13 03:41:00,2024-04-13 03:43:00,3.0,重载,IsolationForest; Mahalanobis; 单变量IQR+3σ; 残差,5.686,102,残差异常：采煤机_油泵_右电机_电流 偏高（残差 Z-score=5.7，实际=54.0 vs 预测=17.2）
1254,2024-04-13 03:50:00,2024-04-13 03:52:00,3.0,重载,IsolationForest; Mahalanobis; 单变量IQR+3σ; 残差,1.683,102,正常
1255,2024-04-13 03:56:00,2024-04-13 03:56:00,1.0,重载,IsolationForest; Mahalanobis; 单变量IQR+3σ; 残差,6.436,34,正常
1256,2024-04-13 03:58:00,2024-04-13 03:58:00,1.0,重载,IsolationForest; Mahalanobis; 单变量IQR+3σ; 残差,1.737,34,正常
1257,2024-04-13 04:09:00,2024-04-13 04:09:00,1.0,重载,IsolationForest; Mahalanobis; 单变量IQR+3σ; 残差,6.399,34,正常
1258,2024-04-13 04:25:00,2024-04-13 04:25:00,1.0,重载,IsolationForest; Mahalanobis; 单变量IQR+3σ; 残差,6.473,34,正常
1259,2024-04-13 04:38:00,2024-04-13 04:38:00,1.0,停机,IsolationForest; Mahalanobis; 单变量IQR+3σ; 残差,2722.331,34,Mahalanobis 距离=2722.3（阈值=18.5）。主要贡献特征：PC2 (73.3%); PC3 (25.9%)。
1260,2024-04-13 04:41:00,2024-04-13 04:45:00,5.0,停机,IsolationForest; Mahalanobis; 单变量IQR+3σ; 残差,2330.85,170,Mahalanobis 距离=2330.9（阈值=18.5）。主要贡献特征：PC2 (76.5%); PC3 (23.2%)。
1261,2024-04-13 04:49:00,2024-04-13 04:49:00,1.0,重载,IsolationForest; Mahalanobis; 单变量IQR+3σ; 残差,3.385,34,残差异常：采煤机_截割部位_右滚筒_电机_电流 偏高（残差 Z-score=3.4，实际=273.0 vs 预测=70.8）
1262,2024-04-13 04:56:00,2024-04-13 04:58:00,3.0,停机,IsolationForest; Mahalanobis; 单变量IQR+3σ; 残差,3269.17,102,Mahalanobis 距离=3269.2（阈值=18.5）。主要贡献特征：PC2 (77.5%); PC3 (22.1%)。
1263,2024-04-13 05:01:00,2024-04-13 05:01:00,1.0,重载,IsolationForest; Mahalanobis; 单变量IQR+3σ; 残差,4.79,34,正常
1264,2024-04-13 05:12:00,2024-04-13 05:28:00,17.0,停机,IsolationForest; Mahalanobis; 单变量IQR+3σ; 残差,10790.718,578,Mahalanobis 距离=10790.7（阈值=18.5）。主要贡献特征：PC2 (93.7%); PC3 (5.3%)。
1265,2024-04-13 05:38:00,2024-04-13 05:41:00,4.0,重载,IsolationForest; Mahalanobis; 单变量IQR+3σ; 残差,6.41,136,单变量异常：采煤机_油泵_左油箱_油压（z-score=6.4，实际=23.1，均值=3.3±3.1）
1266,2024-04-13 05:58:00,2024-04-13 06:01:00,4.0,停机,IsolationForest; Mahalanobis; 单变量IQR+3σ; 残差,1654.226,136,Mahalanobis 距离=1654.2（阈值=18.5）。主要贡献特征：PC2 (58.6%); PC3 (41.4%)。
1267,2024-04-13 06:03:00,2024-04-13 06:03:00,1.0,重载,IsolationForest; Mahalanobis; 单变量IQR+3σ; 残差,3.065,34,正常
1268,2024-04-13 06:19:00,2024-04-13 06:20:00,2.0,重载,IsolationForest; Mahalanobis; 单变量IQR+3σ; 残差,5.289,68,正常
1269,2024-04-13 06:28:00,2024-04-13 06:28:00,1.0,重载,IsolationForest; Mahalanobis; 单变量IQR+3σ; 残差,6.992,34,正常
1270,2024-04-13 06:30:00,2024-04-13 06:35:00,6.0,重载,IsolationForest; Mahalanobis; 单变量IQR+3σ; 残差,5.442,204,正常
1271,2024-04-13 06:38:00,2024-04-13 06:38:00,1.0,重载,IsolationForest; Mahalanobis; 单变量IQR+3σ; 残差,3.401,34,正常
1272,2024-04-13 06:43:00,2024-04-13 06:43:00,1.0,重载,IsolationForest; Mahalanobis; 单变量IQR+3σ; 残差,3.266,34,正常
1273,2024-04-13 06:48:00,2024-04-13 06:48:00,1.0,重载,IsolationForest; Mahalanobis; 单变量IQR+3σ; 残差,3.818,34,正常
1274,2024-04-13 07:03:00,2024-04-13 07:03:00,1.0,停机,IsolationForest; Mahalanobis; 单变量IQR+3σ; 残差,2107.761,34,Mahalanobis 距离=2107.8（阈值=18.5）。主要贡献特征：PC2 (73.0%); PC3 (25.9%); PC4 (1.0%)。
1275,2024-04-13 07:05:00,2024-04-13 07:09:00,5.0,停机,IsolationForest; Mahalanobis; 单变量IQR+3σ; 残差,1769.226,170,Mahalanobis 距离=1769.2（阈值=18.5）。主要贡献特征：PC2 (72.3%); PC3 (26.5%); PC4 (1.2%)。
1276,2024-04-13 07:42:00,2024-04-13 07:43:00,2.0,停机,IsolationForest; Mahalanobis; 单变量IQR+3σ; 残差,4641.212,68,Mahalanobis 距离=4641.2（阈值=18.5）。主要贡献特征：PC2 (84.9%); PC3 (14.6%)。
1277,2024-04-13 07:48:00,2024-04-13 07:48:00,1.0,重载,IsolationForest; Mahalanobis; 单变量IQR+3σ; 残差,3.592,34,正常
1278,2024-04-13 07:50:00,2024-04-13 07:50:00,1.0,重载,IsolationForest; Mahalanobis; 单变量IQR+3σ; 残差,7.14,34,正常
1279,2024-04-13 07:52:00,2024-04-13 07:52:00,1.0,重载,IsolationForest; Mahalanobis; 单变量IQR+3σ; 残差,3.017,34,残差异常：采煤机_牵引部位_左电机_电流 偏高（残差 Z-score=3.0，实际=217.0 vs 预测=77.6）
1280,2024-04-13 08:04:00,2024-04-13 08:04:00,1.0,重载,IsolationForest; Mahalanobis; 单变量IQR+3σ; 残差,6.103,34,正常
1281,2024-04-13 08:11:00,2024-04-13 08:14:00,4.0,停机,IsolationForest; Mahalanobis; 单变量IQR+3σ; 残差,1807.439,136,Mahalanobis 距离=1807.4（阈值=18.5）。主要贡献特征：PC2 (66.4%); PC3 (33.3%)。
1282,2024-04-13 08:18:00,2024-04-13 08:20:00,3.0,重载,IsolationForest; Mahalanobis; 单变量IQR+3σ; 残差,3.964,102,残差异常：采煤机_截割部位_左滚筒_电机_温度 偏高（残差 Z-score=4.0，实际=83.0 vs 预测=75.0）
1283,2024-04-13 08:24:00,2024-04-13 08:25:00,2.0,停机,IsolationForest; Mahalanobis; 单变量IQR+3σ; 残差,3691.748,68,Mahalanobis 距离=3691.7（阈值=18.5）。主要贡献特征：PC2 (84.8%); PC3 (15.1%)。
1284,2024-04-13 08:27:00,2024-04-13 08:28:00,2.0,轻载,IsolationForest; Mahalanobis; 单变量IQR+3σ; 残差,3381.852,68,Mahalanobis 距离=3381.9（阈值=18.5）。主要贡献特征：PC2 (96.1%); PC3 (3.5%)。
1285,2024-04-13 08:55:00,2024-04-13 08:57:00,3.0,轻载,IsolationForest; Mahalanobis; 单变量IQR+3σ; 残差,2.82,102,正常
1286,2024-04-13 09:10:00,2024-04-13 09:11:00,2.0,重载,IsolationForest; Mahalanobis; 单变量IQR+3σ; 残差,5.484,68,正常
1287,2024-04-13 09:24:00,2024-04-13 09:24:00,1.0,重载,IsolationForest; Mahalanobis; 单变量IQR+3σ; 残差,5.479,34,正常
1288,2024-04-13 14:21:00,2024-04-13 14:52:00,32.0,停机,IsolationForest; Mahalanobis; 单变量IQR+3σ; 残差,3359.38,1088,Mahalanobis 距离=3359.4（阈值=18.5）。主要贡献特征：PC2 (88.5%); PC4 (11.1%)。
1289,2024-04-13 15:41:00,2024-04-13 15:41:00,1.0,轻载,IsolationForest; Mahalanobis; 单变量IQR+3σ; 残差,2.697,34,正常
1290,2024-04-13 15:43:00,2024-04-13 15:43:00,1.0,停机,IsolationForest; Mahalanobis; 单变量IQR+3σ; 残差,13.357,34,残差异常：采煤机_油泵_右油箱_油压 偏高（残差 Z-score=13.4，实际=3.1 vs 预测=0.1）
1291,2024-04-13 15:51:00,2024-04-13 16:20:00,30.0,停机,IsolationForest; Mahalanobis; 单变量IQR+3σ; 残差,2434.435,1020,Mahalanobis 距离=2434.4（阈值=18.5）。主要贡献特征：PC2 (59.1%); PC3 (40.5%)。
1292,2024-04-13 16:22:00,2024-04-13 16:30:00,9.0,停机,IsolationForest; Mahalanobis; 单变量IQR+3σ; 残差,1505.403,306,Mahalanobis 距离=1505.4（阈值=18.5）。主要贡献特征：PC2 (67.3%); PC3 (32.1%)。
1293,2024-04-13 16:35:00,2024-04-13 16:49:00,15.0,重载,IsolationForest; Mahalanobis; 单变量IQR+3σ; 残差,4.574,510,正常
1294,2024-04-13 16:53:00,2024-04-13 16:55:00,3.0,重载,IsolationForest; Mahalanobis; 单变量IQR+3σ; 残差,3.332,102,正常
1295,2024-04-13 17:03:00,2024-04-13 17:03:00,1.0,重载,IsolationForest; Mahalanobis; 单变量IQR+3σ; 残差,3.316,34,残差异常：采煤机_破碎机_电机_电流 偏高（残差 Z-score=3.3，实际=37.0 vs 预测=0.0）
1296,2024-04-13 17:05:00,2024-04-13 17:07:00,3.0,重载,IsolationForest; Mahalanobis; 单变量IQR+3σ; 残差,5.881,102,单变量异常：采煤机_油泵_右油箱_油压（z-score=5.9，实际=18.9，均值=3.0±2.7）
1297,2024-04-13 17:11:00,2024-04-13 17:11:00,1.0,重载,IsolationForest; Mahalanobis; 单变量IQR+3σ; 残差,2.148,34,正常
1298,2024-04-13 17:14:00,2024-04-13 17:16:00,3.0,停机,IsolationForest; Mahalanobis; 单变量IQR+3σ; 残差,1895.089,102,Mahalanobis 距离=1895.1（阈值=18.5）。主要贡献特征：PC2 (67.4%); PC3 (30.1%); PC4 (2.5%)。
1299,2024-04-13 17:25:00,2024-04-13 17:26:00,2.0,停机,IsolationForest; Mahalanobis; 单变量IQR+3σ; 残差,3419.44,68,Mahalanobis 距离=3419.4（阈值=18.5）。主要贡献特征：PC2 (77.7%); PC3 (20.8%); PC4 (1.5%)。
1300,2024-04-13 17:34:00,2024-04-13 17:34:00,1.0,重载,IsolationForest; Mahalanobis; 单变量IQR+3σ; 残差,2.466,34,正常
1301,2024-04-13 17:42:00,2024-04-13 17:43:00,2.0,停机,IsolationForest; Mahalanobis; 单变量IQR+3σ; 残差,2816.018,68,Mahalanobis 距离=2816.0（阈值=18.5）。主要贡献特征：PC2 (73.2%); PC3 (25.9%)。
1302,2024-04-13 17:48:00,2024-04-13 17:48:00,1.0,重载,IsolationForest; Mahalanobis; 单变量IQR+3σ; 残差,4.895,34,残差异常：采煤机_油泵_左电机_电流 偏高（残差 Z-score=4.9，实际=53.0 vs 预测=17.2）
1303,2024-04-13 17:51:00,2024-04-13 17:54:00,4.0,停机,IsolationForest; Mahalanobis; 单变量IQR+3σ; 残差,2909.773,136,Mahalanobis 距离=2909.8（阈值=18.5）。主要贡献特征：PC2 (75.1%); PC3 (23.4%); PC4 (1.5%)。
1304,2024-04-13 17:56:00,2024-04-13 18:01:00,6.0,重载,IsolationForest; Mahalanobis; 单变量IQR+3σ; 残差,25.314,204,Mahalanobis 距离=25.3（阈值=18.5）。主要贡献特征：PC2 (56.5%); PC3 (40.8%); PC1 (2.5%)。
1305,2024-04-13 18:05:00,2024-04-13 18:05:00,1.0,停机,IsolationForest; Mahalanobis; 单变量IQR+3σ; 残差,4995.006,34,Mahalanobis 距离=4995.0（阈值=18.5）。主要贡献特征：PC2 (83.4%); PC3 (15.5%); PC4 (1.1%)。
1306,2024-04-13 18:11:00,2024-04-13 18:13:00,3.0,重载,IsolationForest; Mahalanobis; 单变量IQR+3σ; 残差,7.803,102,正常
1307,2024-04-13 18:17:00,2024-04-13 18:17:00,1.0,重载,IsolationForest; Mahalanobis; 单变量IQR+3σ; 残差,5.928,34,正常
1308,2024-04-13 18:22:00,2024-04-13 18:24:00,3.0,重载,IsolationForest; Mahalanobis; 单变量IQR+3σ; 残差,3.559,102,正常
1309,2024-04-13 18:28:00,2024-04-13 18:28:00,1.0,重载,IsolationForest; Mahalanobis; 单变量IQR+3σ; 残差,5.114,34,正常
1310,2024-04-13 18:37:00,2024-04-13 18:37:00,1.0,重载,IsolationForest; Mahalanobis; 单变量IQR+3σ; 残差,4.295,34,残差异常：采煤机_油泵_右电机_电流 偏高（残差 Z-score=4.3，实际=45.0 vs 预测=17.2）
1311,2024-04-13 18:49:00,2024-04-13 18:49:00,1.0,重载,IsolationForest; Mahalanobis; 单变量IQR+3σ; 残差,3.559,34,正常
1312,2024-04-13 19:04:00,2024-04-13 20:29:00,86.0,重载,IsolationForest; Mahalanobis; 单变量IQR+3σ; 残差,1.849,2924,正常
1313,2024-04-13 20:34:00,2024-04-13 20:38:00,5.0,重载,IsolationForest; Mahalanobis; 单变量IQR+3σ; 残差,5.137,170,正常
1314,2024-04-13 20:50:00,2024-04-13 20:50:00,1.0,重载,IsolationForest; Mahalanobis; 单变量IQR+3σ; 残差,3.299,34,残差异常：采煤机_截割部位_左滚筒_电机_电流 偏高（残差 Z-score=3.3，实际=275.0 vs 预测=79.6）
1315,2024-04-13 20:57:00,2024-04-13 20:57:00,1.0,重载,IsolationForest; Mahalanobis; 单变量IQR+3σ; 残差,5.6,34,正常
1316,2024-04-13 21:09:00,2024-04-13 22:02:00,54.0,停机,IsolationForest; Mahalanobis; 单变量IQR+3σ; 残差,1840.329,1836,Mahalanobis 距离=1840.3（阈值=18.5）。主要贡献特征：PC2 (60.3%); PC3 (39.7%)。
1317,2024-04-13 23:01:00,2024-04-13 23:07:00,7.0,停机,IsolationForest; Mahalanobis; 单变量IQR+3σ; 残差,5.992,238,残差异常：采煤机_油泵_左电机_温度 偏高（残差 Z-score=6.0，实际=47.0 vs 预测=18.8）
1318,2024-04-13 23:11:00,2024-04-13 23:23:00,13.0,停机,IsolationForest; Mahalanobis; 单变量IQR+3σ; 残差,2007.049,442,Mahalanobis 距离=2007.0（阈值=18.5）。主要贡献特征：PC2 (66.0%); PC3 (33.4%)。
1319,2024-04-13 23:46:00,2024-04-13 23:49:00,4.0,停机,IsolationForest; Mahalanobis; 单变量IQR+3σ; 残差,4244.948,136,Mahalanobis 距离=4244.9（阈值=18.5）。主要贡献特征：PC2 (80.9%); PC3 (19.1%)。
1320,2024-04-13 23:55:00,2024-04-13 23:55:00,1.0,重载,IsolationForest; Mahalanobis; 单变量IQR+3σ; 残差,6.695,34,正常
1321,2024-04-14 00:05:00,2024-04-14 00:08:00,4.0,停机,IsolationForest; Mahalanobis; 单变量IQR+3σ; 残差,2044.445,136,Mahalanobis 距离=2044.4（阈值=18.5）。主要贡献特征：PC2 (72.2%); PC3 (27.4%)。
1322,2024-04-14 00:13:00,2024-04-14 00:17:00,5.0,停机,IsolationForest; Mahalanobis; 单变量IQR+3σ; 残差,2309.407,170,Mahalanobis 距离=2309.4（阈值=18.5）。主要贡献特征：PC2 (88.6%); PC4 (10.9%)。
1323,2024-04-14 00:19:00,2024-04-14 00:21:00,3.0,重载,IsolationForest; Mahalanobis; 单变量IQR+3σ; 残差,4.994,102,正常
1324,2024-04-14 00:23:00,2024-04-14 00:26:00,4.0,轻载,IsolationForest; Mahalanobis; 单变量IQR+3σ; 残差,2435.23,136,Mahalanobis 距离=2435.2（阈值=18.5）。主要贡献特征：PC2 (62.8%); PC3 (37.2%)。
1325,2024-04-14 00:36:00,2024-04-14 00:36:00,1.0,重载,IsolationForest; Mahalanobis; 单变量IQR+3σ; 残差,5.315,34,残差异常：采煤机_油泵_右电机_电流 偏高（残差 Z-score=5.3，实际=52.0 vs 预测=17.6）
1326,2024-04-14 00:47:00,2024-04-14 00:47:00,1.0,重载,IsolationForest; Mahalanobis; 单变量IQR+3σ; 残差,6.29,34,残差异常：采煤机_油泵_左电机_电流 偏高（残差 Z-score=6.3，实际=63.0 vs 预测=17.0）
1327,2024-04-14 00:51:00,2024-04-14 00:52:00,2.0,停机,IsolationForest; Mahalanobis; 单变量IQR+3σ; 残差,2078.157,68,Mahalanobis 距离=2078.2（阈值=18.5）。主要贡献特征：PC2 (71.6%); PC3 (27.6%)。
1328,2024-04-14 01:00:00,2024-04-14 01:00:00,1.0,停机,IsolationForest; Mahalanobis; 单变量IQR+3σ; 残差,6349.519,34,Mahalanobis 距离=6349.5（阈值=18.5）。主要贡献特征：PC2 (87.2%); PC3 (12.4%)。
1329,2024-04-14 01:09:00,2024-04-14 01:12:00,4.0,重载,IsolationForest; Mahalanobis; 单变量IQR+3σ; 残差,4.673,136,正常
1330,2024-04-14 01:21:00,2024-04-14 01:23:00,3.0,重载,IsolationForest; Mahalanobis; 单变量IQR+3σ; 残差,6.581,102,正常
1331,2024-04-14 01:41:00,2024-04-14 01:41:00,1.0,重载,IsolationForest; Mahalanobis; 单变量IQR+3σ; 残差,4.725,34,正常
1332,2024-04-14 01:52:00,2024-04-14 01:52:00,1.0,重载,IsolationForest; Mahalanobis; 单变量IQR+3σ; 残差,5.585,34,正常
1333,2024-04-14 01:57:00,2024-04-14 01:58:00,2.0,停机,IsolationForest; Mahalanobis; 单变量IQR+3σ; 残差,2749.971,68,Mahalanobis 距离=2750.0（阈值=18.5）。主要贡献特征：PC2 (66.3%); PC3 (33.6%)。
1334,2024-04-14 02:00:00,2024-04-14 02:03:00,4.0,重载,IsolationForest; Mahalanobis; 单变量IQR+3σ; 残差,3.567,136,正常
1335,2024-04-14 02:06:00,2024-04-14 02:06:00,1.0,重载,IsolationForest; Mahalanobis; 单变量IQR+3σ; 残差,2.409,34,正常
1336,2024-04-14 02:11:00,2024-04-14 02:15:00,5.0,重载,IsolationForest; Mahalanobis; 单变量IQR+3σ; 残差,6.547,170,正常
1337,2024-04-14 02:22:00,2024-04-14 02:22:00,1.0,重载,IsolationForest; Mahalanobis; 单变量IQR+3σ; 残差,4.419,34,残差异常：采煤机_油泵_右电机_电流 偏高（残差 Z-score=4.4，实际=45.0 vs 预测=16.4）
1338,2024-04-14 02:25:00,2024-04-14 02:38:00,14.0,停机,IsolationForest; Mahalanobis; 单变量IQR+3σ; 残差,1580.693,476,Mahalanobis 距离=1580.7（阈值=18.5）。主要贡献特征：PC2 (67.6%); PC3 (32.3%)。
1339,2024-04-14 02:40:00,2024-04-14 02:41:00,2.0,重载,IsolationForest; Mahalanobis; 单变量IQR+3σ; 残差,6.251,68,正常
1340,2024-04-14 02:43:00,2024-04-14 02:47:00,5.0,重载,IsolationForest; Mahalanobis; 单变量IQR+3σ; 残差,5.16,170,正常
1341,2024-04-14 03:07:00,2024-04-14 03:08:00,2.0,停机,IsolationForest; Mahalanobis; 单变量IQR+3σ; 残差,2458.421,68,Mahalanobis 距离=2458.4（阈值=18.5）。主要贡献特征：PC2 (74.0%); PC3 (24.7%); PC4 (1.3%)。
1342,2024-04-14 03:10:00,2024-04-14 03:10:00,1.0,重载,IsolationForest; Mahalanobis; 单变量IQR+3σ; 残差,6.613,34,残差异常：采煤机_油泵_右电机_电流 偏高（残差 Z-score=6.6，实际=60.0 vs 预测=17.2）
1343,2024-04-14 03:34:00,2024-04-14 03:52:00,19.0,停机,IsolationForest; Mahalanobis; 单变量IQR+3σ; 残差,8424.823,646,Mahalanobis 距离=8424.8（阈值=18.5）。主要贡献特征：PC2 (91.4%); PC3 (8.2%)。
1344,2024-04-14 03:54:00,2024-04-14 03:54:00,1.0,重载,IsolationForest; Mahalanobis; 单变量IQR+3σ; 残差,7.447,34,残差异常：采煤机_油泵_右电机_电流 偏高（残差 Z-score=7.4，实际=65.0 vs 预测=16.8）
1345,2024-04-14 03:57:00,2024-04-14 03:57:00,1.0,重载,IsolationForest; Mahalanobis; 单变量IQR+3σ; 残差,4.499,34,正常
1346,2024-04-14 04:07:00,2024-04-14 04:07:00,1.0,重载,IsolationForest; Mahalanobis; 单变量IQR+3σ; 残差,4.203,34,残差异常：采煤机_油泵_右电机_电流 偏高（残差 Z-score=4.2，实际=44.0 vs 预测=16.8）
1347,2024-04-14 04:10:00,2024-04-14 04:10:00,1.0,重载,IsolationForest; Mahalanobis; 单变量IQR+3σ; 残差,5.363,34,正常
1348,2024-04-14 04:13:00,2024-04-14 04:16:00,4.0,重载,IsolationForest; Mahalanobis; 单变量IQR+3σ; 残差,6.39,136,正常
1349,2024-04-14 04:23:00,2024-04-14 04:23:00,1.0,重载,IsolationForest; Mahalanobis; 单变量IQR+3σ; 残差,3.178,34,正常
1350,2024-04-14 04:29:00,2024-04-14 04:32:00,4.0,重载,IsolationForest; Mahalanobis; 单变量IQR+3σ; 残差,6.88,136,正常
1351,2024-04-14 04:35:00,2024-04-14 04:35:00,1.0,重载,IsolationForest; Mahalanobis; 单变量IQR+3σ; 残差,1.814,34,正常
1352,2024-04-14 04:37:00,2024-04-14 04:39:00,3.0,停机,IsolationForest; Mahalanobis; 单变量IQR+3σ; 残差,2331.397,102,Mahalanobis 距离=2331.4（阈值=18.5）。主要贡献特征：PC2 (61.0%); PC3 (38.9%)。
1353,2024-04-14 04:42:00,2024-04-14 04:55:00,14.0,停机,IsolationForest; Mahalanobis; 单变量IQR+3σ; 残差,2735.379,476,Mahalanobis 距离=2735.4（阈值=18.5）。主要贡献特征：PC2 (64.5%); PC3 (35.4%)。
1354,2024-04-14 05:04:00,2024-04-14 05:04:00,1.0,重载,IsolationForest; Mahalanobis; 单变量IQR+3σ; 残差,6.066,34,正常
1355,2024-04-14 05:14:00,2024-04-14 05:14:00,1.0,重载,IsolationForest; Mahalanobis; 单变量IQR+3σ; 残差,4.357,34,残差异常：采煤机_油泵_右电机_电流 偏高（残差 Z-score=4.4，实际=45.0 vs 预测=16.8）
1356,2024-04-14 05:20:00,2024-04-14 05:23:00,4.0,停机,IsolationForest; Mahalanobis; 单变量IQR+3σ; 残差,3981.148,136,Mahalanobis 距离=3981.1（阈值=18.5）。主要贡献特征：PC2 (84.3%); PC3 (15.0%)。
1357,2024-04-14 05:32:00,2024-04-14 05:34:00,3.0,重载,IsolationForest; Mahalanobis; 单变量IQR+3σ; 残差,3.444,102,正常
1358,2024-04-14 05:44:00,2024-04-14 05:44:00,1.0,停机,IsolationForest; Mahalanobis; 单变量IQR+3σ; 残差,5548.322,34,Mahalanobis 距离=5548.3（阈值=18.5）。主要贡献特征：PC2 (85.1%); PC3 (14.8%)。
1359,2024-04-14 05:54:00,2024-04-14 05:57:00,4.0,重载,IsolationForest; Mahalanobis; 单变量IQR+3σ; 残差,6.263,136,正常
1360,2024-04-14 06:11:00,2024-04-14 06:11:00,1.0,重载,IsolationForest; Mahalanobis; 单变量IQR+3σ; 残差,5.697,34,正常
1361,2024-04-14 06:19:00,2024-04-14 06:19:00,1.0,重载,IsolationForest; Mahalanobis; 单变量IQR+3σ; 残差,5.192,34,残差异常：采煤机_油泵_右电机_电流 偏高（残差 Z-score=5.2，实际=50.0 vs 预测=16.4）
1362,2024-04-14 06:25:00,2024-04-14 06:25:00,1.0,重载,IsolationForest; Mahalanobis; 单变量IQR+3σ; 残差,3.948,34,正常
1363,2024-04-14 06:31:00,2024-04-14 06:31:00,1.0,重载,IsolationForest; Mahalanobis; 单变量IQR+3σ; 残差,5.881,34,正常
1364,2024-04-14 06:33:00,2024-04-14 06:34:00,2.0,停机,IsolationForest; Mahalanobis; 单变量IQR+3σ; 残差,2051.098,68,Mahalanobis 距离=2051.1（阈值=18.5）。主要贡献特征：PC2 (60.0%); PC3 (39.8%)。
1365,2024-04-14 06:42:00,2024-04-14 06:42:00,1.0,重载,IsolationForest; Mahalanobis; 单变量IQR+3σ; 残差,3.346,34,残差异常：采煤机_截割部位_左滚筒_电机_电流 偏高（残差 Z-score=3.3，实际=279.0 vs 预测=80.8）
1366,2024-04-14 06:50:00,2024-04-14 06:57:00,8.0,重载,IsolationForest; Mahalanobis; 单变量IQR+3σ; 残差,6.401,272,正常
1367,2024-04-14 07:01:00,2024-04-14 07:01:00,1.0,重载,IsolationForest; Mahalanobis; 单变量IQR+3σ; 残差,5.511,34,正常
1368,2024-04-14 07:08:00,2024-04-14 07:08:00,1.0,重载,IsolationForest; Mahalanobis; 单变量IQR+3σ; 残差,4.304,34,正常
1369,2024-04-14 07:19:00,2024-04-14 07:22:00,4.0,轻载,IsolationForest; Mahalanobis; 单变量IQR+3σ; 残差,5366.957,136,Mahalanobis 距离=5367.0（阈值=18.5）。主要贡献特征：PC2 (89.8%); PC3 (10.1%)。
1370,2024-04-14 07:25:00,2024-04-14 07:25:00,1.0,重载,IsolationForest; Mahalanobis; 单变量IQR+3σ; 残差,14.049,34,残差异常：采煤机_截割部位_左滚筒_电机_电流 偏高（残差 Z-score=14.0，实际=918.0 vs 预测=85.8）
1371,2024-04-14 07:27:00,2024-04-14 07:31:00,5.0,重载,IsolationForest; Mahalanobis; 单变量IQR+3σ; 残差,12.55,170,正常
1372,2024-04-14 07:39:00,2024-04-14 07:42:00,4.0,停机,IsolationForest; Mahalanobis; 单变量IQR+3σ; 残差,3098.82,136,Mahalanobis 距离=3098.8（阈值=18.5）。主要贡献特征：PC2 (76.5%); PC3 (23.5%)。
1373,2024-04-14 07:44:00,2024-04-14 07:46:00,3.0,停机,IsolationForest; Mahalanobis; 单变量IQR+3σ; 残差,21.501,102,Mahalanobis 距离=21.5（阈值=18.5）。主要贡献特征：PC3 (52.0%); PC2 (45.4%); PC4 (2.2%)。
1374,2024-04-14 07:49:00,2024-04-14 07:52:00,4.0,重载,IsolationForest; Mahalanobis; 单变量IQR+3σ; 残差,7.22,136,正常
1375,2024-04-14 07:55:00,2024-04-14 07:55:00,1.0,停机,IsolationForest; Mahalanobis; 单变量IQR+3σ; 残差,5715.569,34,Mahalanobis 距离=5715.6（阈值=18.5）。主要贡献特征：PC2 (83.7%); PC3 (15.7%)。
1376,2024-04-14 07:58:00,2024-04-14 07:59:00,2.0,停机,IsolationForest; Mahalanobis; 单变量IQR+3σ; 残差,2295.497,68,Mahalanobis 距离=2295.5（阈值=18.5）。主要贡献特征：PC2 (68.1%); PC3 (31.9%)。
1377,2024-04-14 08:02:00,2024-04-14 08:04:00,3.0,停机,IsolationForest; Mahalanobis; 单变量IQR+3σ; 残差,1970.52,102,Mahalanobis 距离=1970.5（阈值=18.5）。主要贡献特征：PC2 (69.3%); PC3 (29.9%)。
1378,2024-04-14 08:15:00,2024-04-14 08:21:00,7.0,重载,IsolationForest; Mahalanobis; 单变量IQR+3σ; 残差,5.167,238,正常
1379,2024-04-14 08:26:00,2024-04-14 08:30:00,5.0,停机,IsolationForest; Mahalanobis; 单变量IQR+3σ; 残差,3816.497,170,Mahalanobis 距离=3816.5（阈值=18.5）。主要贡献特征：PC2 (76.5%); PC3 (22.0%); PC4 (1.5%)。
1380,2024-04-14 08:36:00,2024-04-14 08:39:00,4.0,轻载,IsolationForest; Mahalanobis; 单变量IQR+3σ; 残差,2385.187,136,Mahalanobis 距离=2385.2（阈值=18.5）。主要贡献特征：PC2 (73.2%); PC3 (26.6%)。
1381,2024-04-14 08:48:00,2024-04-14 08:54:00,7.0,轻载,IsolationForest; Mahalanobis; 单变量IQR+3σ; 残差,26.156,238,Mahalanobis 距离=26.2（阈值=18.5）。主要贡献特征：PC3 (56.2%); PC2 (41.7%); PC4 (1.8%)。
1382,2024-04-14 09:22:00,2024-04-14 09:59:00,38.0,停机,IsolationForest; Mahalanobis; 单变量IQR+3σ; 残差,16.544,1292,正常
1383,2024-04-14 10:03:00,2024-04-14 10:03:00,1.0,重载,IsolationForest; Mahalanobis; 单变量IQR+3σ; 残差,5.556,34,正常
1384,2024-04-14 10:05:00,2024-04-14 10:10:00,6.0,停机,IsolationForest; Mahalanobis; 单变量IQR+3σ; 残差,14.88,204,正常
1385,2024-04-14 10:35:00,2024-04-14 10:35:00,1.0,重载,IsolationForest; Mahalanobis; 单变量IQR+3σ; 残差,7.584,34,正常
1386,2024-04-14 10:37:00,2024-04-14 10:39:00,3.0,轻载,IsolationForest; Mahalanobis; 单变量IQR+3σ; 残差,40.65,102,Mahalanobis 距离=40.6（阈值=18.5）。主要贡献特征：PC3 (59.2%); PC2 (36.4%); PC4 (3.6%)。
1387,2024-04-14 12:42:00,2024-04-17 16:02:00,4521.0,轻载,IsolationForest; Mahalanobis; 单变量IQR+3σ; 残差,50991.421,153714,Mahalanobis 距离=50991.4（阈值=18.5）。主要贡献特征：PC2 (92.9%); PC3 (6.8%)。
1388,2024-04-17 16:39:00,2024-04-17 16:46:00,8.0,停机,IsolationForest; Mahalanobis; 单变量IQR+3σ; 残差,2408.034,272,Mahalanobis 距离=2408.0（阈值=18.5）。主要贡献特征：PC2 (79.1%); PC4 (18.2%); PC3 (2.7%)。
1389,2024-04-17 16:49:00,2024-04-17 17:12:00,24.0,停机,IsolationForest; Mahalanobis; 单变量IQR+3σ; 残差,3225.223,816,Mahalanobis 距离=3225.2（阈值=18.5）。主要贡献特征：PC2 (76.5%); PC3 (21.3%); PC4 (2.3%)。
1390,2024-04-17 17:14:00,2024-04-17 17:14:00,1.0,重载,IsolationForest; Mahalanobis; 单变量IQR+3σ; 残差,1.524,34,正常
1391,2024-04-17 17:19:00,2024-04-17 17:19:00,1.0,重载,IsolationForest; Mahalanobis; 单变量IQR+3σ; 残差,3.446,34,残差异常：采煤机_油泵_左电机_电流 偏高（残差 Z-score=3.4，实际=42.0 vs 预测=16.8）
1392,2024-04-17 17:25:00,2024-04-17 17:25:00,1.0,重载,IsolationForest; Mahalanobis; 单变量IQR+3σ; 残差,4.697,34,残差异常：采煤机_油泵_右电机_电流 偏高（残差 Z-score=4.7，实际=48.0 vs 预测=17.6）
1393,2024-04-17 17:30:00,2024-04-17 17:35:00,6.0,停机,IsolationForest; Mahalanobis; 单变量IQR+3σ; 残差,7483.443,204,Mahalanobis 距离=7483.4（阈值=18.5）。主要贡献特征：PC2 (92.8%); PC3 (6.7%)。
1394,2024-04-17 17:38:00,2024-04-17 17:42:00,5.0,重载,IsolationForest; Mahalanobis; 单变量IQR+3σ; 残差,5.739,170,正常
1395,2024-04-17 17:44:00,2024-04-17 17:44:00,1.0,重载,IsolationForest; Mahalanobis; 单变量IQR+3σ; 残差,3.756,34,正常
1396,2024-04-17 17:47:00,2024-04-17 17:47:00,1.0,停机,IsolationForest; Mahalanobis; 单变量IQR+3σ; 残差,2729.443,34,Mahalanobis 距离=2729.4（阈值=18.5）。主要贡献特征：PC2 (72.2%); PC3 (27.8%)。
1397,2024-04-17 17:49:00,2024-04-17 17:50:00,2.0,停机,IsolationForest; Mahalanobis; 单变量IQR+3σ; 残差,2388.118,68,Mahalanobis 距离=2388.1（阈值=18.5）。主要贡献特征：PC2 (79.5%); PC3 (20.4%)。
1398,2024-04-17 18:07:00,2024-04-17 18:07:00,1.0,重载,IsolationForest; Mahalanobis; 单变量IQR+3σ; 残差,4.215,34,正常
1399,2024-04-17 18:20:00,2024-04-17 18:20:00,1.0,重载,IsolationForest; Mahalanobis; 单变量IQR+3σ; 残差,5.593,34,残差异常：采煤机_油泵_右电机_电流 偏高（残差 Z-score=5.6，实际=54.0 vs 预测=17.8）
1400,2024-04-17 18:40:00,2024-04-17 18:40:00,1.0,重载,IsolationForest; Mahalanobis; 单变量IQR+3σ; 残差,5.827,34,正常
1401,2024-04-17 18:42:00,2024-04-17 18:42:00,1.0,停机,IsolationForest; Mahalanobis; 单变量IQR+3σ; 残差,3031.938,34,Mahalanobis 距离=3031.9（阈值=18.5）。主要贡献特征：PC2 (78.8%); PC3 (20.8%)。
1402,2024-04-17 18:44:00,2024-04-17 18:46:00,3.0,停机,IsolationForest; Mahalanobis; 单变量IQR+3σ; 残差,3051.761,102,Mahalanobis 距离=3051.8（阈值=18.5）。主要贡献特征：PC2 (80.3%); PC3 (18.6%); PC4 (1.0%)。
1403,2024-04-17 18:53:00,2024-04-17 18:58:00,6.0,重载,IsolationForest; Mahalanobis; 单变量IQR+3σ; 残差,3.648,204,正常
1404,2024-04-17 19:00:00,2024-04-17 19:05:00,6.0,停机,IsolationForest; Mahalanobis; 单变量IQR+3σ; 残差,4001.251,204,Mahalanobis 距离=4001.3（阈值=18.5）。主要贡献特征：PC2 (92.1%); PC4 (7.4%)。
1405,2024-04-17 19:07:00,2024-04-17 19:07:00,1.0,重载,IsolationForest; Mahalanobis; 单变量IQR+3σ; 残差,6.88,34,正常
1406,2024-04-17 19:09:00,2024-04-17 19:09:00,1.0,重载,IsolationForest; Mahalanobis; 单变量IQR+3σ; 残差,3.428,34,残差异常：采煤机_牵引部位_左电机_电流 偏高（残差 Z-score=3.4，实际=190.0 vs 预测=31.6）
1407,2024-04-17 19:14:00,2024-04-17 19:17:00,4.0,停机,IsolationForest; Mahalanobis; 单变量IQR+3σ; 残差,2453.514,136,Mahalanobis 距离=2453.5（阈值=18.5）。主要贡献特征：PC2 (75.0%); PC3 (24.4%)。
1408,2024-04-17 20:20:00,2024-04-17 20:21:00,2.0,重载,IsolationForest; Mahalanobis; 单变量IQR+3σ; 残差,5.292,68,正常
1409,2024-04-17 20:26:00,2024-04-17 20:26:00,1.0,重载,IsolationForest; Mahalanobis; 单变量IQR+3σ; 残差,3.116,34,残差异常：采煤机_油泵_右电机_温度 偏高（残差 Z-score=3.1，实际=53.0 vs 预测=49.0）
1410,2024-04-17 20:30:00,2024-04-17 20:36:00,7.0,停机,IsolationForest; Mahalanobis; 单变量IQR+3σ; 残差,3439.255,238,Mahalanobis 距离=3439.3（阈值=18.5）。主要贡献特征：PC2 (80.0%); PC3 (19.0%)。
1411,2024-04-17 20:43:00,2024-04-17 20:45:00,3.0,重载,IsolationForest; Mahalanobis; 单变量IQR+3σ; 残差,2.017,102,正常
1412,2024-04-17 20:47:00,2024-04-17 20:50:00,4.0,停机,IsolationForest; Mahalanobis; 单变量IQR+3σ; 残差,3067.719,136,Mahalanobis 距离=3067.7（阈值=18.5）。主要贡献特征：PC2 (85.3%); PC3 (14.1%)。
1413,2024-04-17 20:57:00,2024-04-17 21:50:00,54.0,停机,IsolationForest; Mahalanobis; 单变量IQR+3σ; 残差,3059.174,1836,Mahalanobis 距离=3059.2（阈值=18.5）。主要贡献特征：PC2 (90.7%); PC4 (8.8%)。
1414,2024-04-17 21:52:00,2024-04-17 21:52:00,1.0,停机,IsolationForest; Mahalanobis; 单变量IQR+3σ; 残差,3359.439,34,Mahalanobis 距离=3359.4（阈值=18.5）。主要贡献特征：PC2 (82.2%); PC3 (17.4%)。
1415,2024-04-17 21:55:00,2024-04-17 21:57:00,3.0,停机,IsolationForest; Mahalanobis; 单变量IQR+3σ; 残差,2959.295,102,Mahalanobis 距离=2959.3（阈值=18.5）。主要贡献特征：PC2 (79.7%); PC3 (20.0%)。
1416,2024-04-17 22:03:00,2024-04-17 22:09:00,7.0,停机,IsolationForest; Mahalanobis; 单变量IQR+3σ; 残差,30548.16,238,Mahalanobis 距离=30548.2（阈值=18.5）。主要贡献特征：PC2 (97.4%); PC3 (2.6%)。
1417,2024-04-17 22:29:00,2024-04-18 00:05:00,97.0,停机,IsolationForest; Mahalanobis; 单变量IQR+3σ; 残差,2904.844,3298,Mahalanobis 距离=2904.8（阈值=18.5）。主要贡献特征：PC2 (81.4%); PC3 (18.2%)。
1418,2024-04-18 00:17:00,2024-04-18 00:17:00,1.0,停机,IsolationForest; Mahalanobis; 单变量IQR+3σ; 残差,3147.07,34,Mahalanobis 距离=3147.1（阈值=18.5）。主要贡献特征：PC2 (73.4%); PC3 (26.3%)。
1419,2024-04-18 01:00:00,2024-04-18 01:00:00,1.0,重载,IsolationForest; Mahalanobis; 单变量IQR+3σ; 残差,6.732,34,正常
1420,2024-04-18 01:03:00,2024-04-18 01:05:00,3.0,重载,IsolationForest; Mahalanobis; 单变量IQR+3σ; 残差,5.179,102,单变量异常：采煤机_油泵_左油箱_油压（z-score=5.2，实际=19.3，均值=3.3±3.1）
1421,2024-04-18 01:17:00,2024-04-18 01:17:00,1.0,重载,IsolationForest; Mahalanobis; 单变量IQR+3σ; 残差,5.099,34,残差异常：采煤机_油泵_右电机_电流 偏高（残差 Z-score=5.1，实际=50.0 vs 预测=17.0）
1422,2024-04-18 01:30:00,2024-04-18 01:30:00,1.0,重载,IsolationForest; Mahalanobis; 单变量IQR+3σ; 残差,4.807,34,正常
1423,2024-04-18 01:40:00,2024-04-18 01:43:00,4.0,停机,IsolationForest; Mahalanobis; 单变量IQR+3σ; 残差,2061.668,136,Mahalanobis 距离=2061.7（阈值=18.5）。主要贡献特征：PC2 (89.5%); PC4 (8.5%); PC3 (2.0%)。
1424,2024-04-18 01:45:00,2024-04-18 01:46:00,2.0,重载,IsolationForest; Mahalanobis; 单变量IQR+3σ; 残差,3.086,68,残差异常：采煤机_牵引部位_左电机_电流 偏高（残差 Z-score=3.1，实际=208.0 vs 预测=65.4）
1425,2024-04-18 01:57:00,2024-04-18 02:00:00,4.0,停机,IsolationForest; Mahalanobis; 单变量IQR+3σ; 残差,2091.192,136,Mahalanobis 距离=2091.2（阈值=18.5）。主要贡献特征：PC2 (73.0%); PC3 (26.9%)。
1426,2024-04-18 02:12:00,2024-04-18 02:13:00,2.0,重载,IsolationForest; Mahalanobis; 单变量IQR+3σ; 残差,5.433,68,正常
1427,2024-04-18 02:15:00,2024-04-18 02:15:00,1.0,重载,IsolationForest; Mahalanobis; 单变量IQR+3σ; 残差,3.488,34,正常
1428,2024-04-18 02:17:00,2024-04-18 02:17:00,1.0,重载,IsolationForest; Mahalanobis; 单变量IQR+3σ; 残差,6.119,34,残差异常：采煤机_油泵_右电机_电流 偏高（残差 Z-score=6.1，实际=57.0 vs 预测=17.4）
1429,2024-04-18 02:19:00,2024-04-18 02:19:00,1.0,重载,IsolationForest; Mahalanobis; 单变量IQR+3σ; 残差,7.349,34,正常
1430,2024-04-18 02:32:00,2024-04-18 02:33:00,2.0,重载,IsolationForest; Mahalanobis; 单变量IQR+3σ; 残差,14.789,68,残差异常：采煤机_截割部位_左滚筒_电机_电流 偏高（残差 Z-score=14.8，实际=994.0 vs 预测=118.0）
1431,2024-04-18 02:36:00,2024-04-18 02:37:00,2.0,重载,IsolationForest; Mahalanobis; 单变量IQR+3σ; 残差,14.612,68,正常
1432,2024-04-18 02:54:00,2024-04-18 02:54:00,1.0,重载,IsolationForest; Mahalanobis; 单变量IQR+3σ; 残差,7.473,34,正常
1433,2024-04-18 03:02:00,2024-04-18 03:02:00,1.0,停机,IsolationForest; Mahalanobis; 单变量IQR+3σ; 残差,2506.959,34,Mahalanobis 距离=2507.0（阈值=18.5）。主要贡献特征：PC2 (73.9%); PC3 (25.7%)。
1434,2024-04-18 03:37:00,2024-04-18 03:37:00,1.0,重载,IsolationForest; Mahalanobis; 单变量IQR+3σ; 残差,5.879,34,残差异常：采煤机_油泵_左电机_电流 偏高（残差 Z-score=5.9，实际=59.0 vs 预测=16.0）
1435,2024-04-18 03:44:00,2024-04-18 03:48:00,5.0,停机,IsolationForest; Mahalanobis; 单变量IQR+3σ; 残差,1835.324,170,Mahalanobis 距离=1835.3（阈值=18.5）。主要贡献特征：PC2 (69.2%); PC3 (30.2%)。
1436,2024-04-18 03:54:00,2024-04-18 03:56:00,3.0,轻载,IsolationForest; Mahalanobis; 单变量IQR+3σ; 残差,5.805,102,残差异常：采煤机_截割部位_左滚筒_电机_温度 偏高（残差 Z-score=5.8，实际=67.0 vs 预测=51.4）
1437,2024-04-18 04:26:00,2024-04-18 04:26:00,1.0,重载,IsolationForest; Mahalanobis; 单变量IQR+3σ; 残差,3.482,34,残差异常：采煤机_油泵_左油箱_油压 偏高（残差 Z-score=3.5，实际=14.0 vs 预测=2.4）
1438,2024-04-18 04:30:00,2024-04-18 04:30:00,1.0,重载,IsolationForest; Mahalanobis; 单变量IQR+3σ; 残差,6.436,34,正常
1439,2024-04-18 04:49:00,2024-04-18 04:49:00,1.0,重载,IsolationForest; Mahalanobis; 单变量IQR+3σ; 残差,3.523,34,残差异常：采煤机_油泵_右电机_电流 偏高（残差 Z-score=3.5，实际=40.0 vs 预测=17.2）
1440,2024-04-18 04:53:00,2024-04-18 04:55:00,3.0,重载,IsolationForest; Mahalanobis; 单变量IQR+3σ; 残差,6.362,102,单变量异常：采煤机_油泵_右油箱_油压（z-score=6.4，实际=20.2，均值=3.0±2.7）
1441,2024-04-18 05:06:00,2024-04-18 05:13:00,8.0,停机,IsolationForest; Mahalanobis; 单变量IQR+3σ; 残差,2763.762,272,Mahalanobis 距离=2763.8（阈值=18.5）。主要贡献特征：PC2 (63.7%); PC3 (36.0%)。
1442,2024-04-18 05:16:00,2024-04-18 05:18:00,3.0,重载,IsolationForest; Mahalanobis; 单变量IQR+3σ; 残差,5.412,102,正常
1443,2024-04-18 05:24:00,2024-04-18 05:24:00,1.0,重载,IsolationForest; Mahalanobis; 单变量IQR+3σ; 残差,3.965,34,残差异常：采煤机_油泵_左电机_电流 偏高（残差 Z-score=4.0，实际=45.0 vs 预测=16.0）
1444,2024-04-18 05:28:00,2024-04-18 05:28:00,1.0,重载,IsolationForest; Mahalanobis; 单变量IQR+3σ; 残差,4.016,34,正常
1445,2024-04-18 05:32:00,2024-04-18 05:32:00,1.0,重载,IsolationForest; Mahalanobis; 单变量IQR+3σ; 残差,7.769,34,正常
1446,2024-04-18 05:52:00,2024-04-18 05:52:00,1.0,重载,IsolationForest; Mahalanobis; 单变量IQR+3σ; 残差,7.547,34,正常
1447,2024-04-18 06:05:00,2024-04-18 06:09:00,5.0,停机,IsolationForest; Mahalanobis; 单变量IQR+3σ; 残差,2682.184,170,Mahalanobis 距离=2682.2（阈值=18.5）。主要贡献特征：PC2 (72.7%); PC3 (26.8%)。
1448,2024-04-18 06:28:00,2024-04-18 06:28:00,1.0,重载,IsolationForest; Mahalanobis; 单变量IQR+3σ; 残差,5.537,34,残差异常：采煤机_截割部位_左滚筒_电机_电流 偏高（残差 Z-score=5.5，实际=400.0 vs 预测=72.0）
1449,2024-04-18 06:38:00,2024-04-18 06:38:00,1.0,重载,IsolationForest; Mahalanobis; 单变量IQR+3σ; 残差,6.41,34,正常
1450,2024-04-18 06:45:00,2024-04-18 06:46:00,2.0,停机,IsolationForest; Mahalanobis; 单变量IQR+3σ; 残差,1759.734,68,Mahalanobis 距离=1759.7（阈值=18.5）。主要贡献特征：PC2 (65.6%); PC3 (31.1%); PC4 (3.3%)。
1451,2024-04-18 06:49:00,2024-04-18 06:51:00,3.0,停机,IsolationForest; Mahalanobis; 单变量IQR+3σ; 残差,1901.183,102,Mahalanobis 距离=1901.2（阈值=18.5）。主要贡献特征：PC2 (72.4%); PC3 (27.2%)。
1452,2024-04-18 06:53:00,2024-04-18 07:00:00,8.0,停机,IsolationForest; Mahalanobis; 单变量IQR+3σ; 残差,5469.106,272,Mahalanobis 距离=5469.1（阈值=18.5）。主要贡献特征：PC2 (87.0%); PC3 (11.0%); PC4 (2.0%)。
1453,2024-04-18 07:06:00,2024-04-18 07:09:00,4.0,重载,IsolationForest; Mahalanobis; 单变量IQR+3σ; 残差,7.187,136,单变量异常：采煤机_油泵_左油箱_油压（z-score=7.2，实际=25.5，均值=3.3±3.1）
1454,2024-04-18 07:11:00,2024-04-18 07:13:00,3.0,重载,IsolationForest; Mahalanobis; 单变量IQR+3σ; 残差,4.875,102,正常
1455,2024-04-18 07:18:00,2024-04-18 07:18:00,1.0,重载,IsolationForest; Mahalanobis; 单变量IQR+3σ; 残差,3.38,34,残差异常：采煤机_油泵_左油箱_油压 偏高（残差 Z-score=3.4，实际=13.6 vs 预测=2.4）
1456,2024-04-18 07:20:00,2024-04-18 07:23:00,4.0,停机,IsolationForest; Mahalanobis; 单变量IQR+3σ; 残差,3015.904,136,Mahalanobis 距离=3015.9（阈值=18.5）。主要贡献特征：PC2 (73.5%); PC3 (26.1%)。
1457,2024-04-18 07:25:00,2024-04-18 07:25:00,1.0,重载,IsolationForest; Mahalanobis; 单变量IQR+3σ; 残差,5.412,34,正常
1458,2024-04-18 07:39:00,2024-04-18 07:39:00,1.0,重载,IsolationForest; Mahalanobis; 单变量IQR+3σ; 残差,4.758,34,正常
1459,2024-04-18 07:45:00,2024-04-18 07:45:00,1.0,重载,IsolationForest; Mahalanobis; 单变量IQR+3σ; 残差,5.585,34,正常
1460,2024-04-18 08:06:00,2024-04-18 08:13:00,8.0,停机,IsolationForest; Mahalanobis; 单变量IQR+3σ; 残差,5379.279,272,Mahalanobis 距离=5379.3（阈值=18.5）。主要贡献特征：PC2 (65.8%); PC4 (25.0%); PC3 (9.1%)。
1461,2024-04-18 08:19:00,2024-04-18 08:20:00,2.0,重载,IsolationForest; Mahalanobis; 单变量IQR+3σ; 残差,3.98,68,正常
1462,2024-04-18 08:27:00,2024-04-18 08:30:00,4.0,重载,IsolationForest; Mahalanobis; 单变量IQR+3σ; 残差,6.335,136,残差异常：采煤机_油泵_右电机_电流 偏高（残差 Z-score=6.3，实际=58.0 vs 预测=17.0）
1463,2024-04-18 08:42:00,2024-04-18 08:43:00,2.0,轻载,IsolationForest; Mahalanobis; 单变量IQR+3σ; 残差,2009.265,68,Mahalanobis 距离=2009.3（阈值=18.5）。主要贡献特征：PC2 (67.1%); PC3 (32.6%)。
1464,2024-04-18 08:47:00,2024-04-18 08:47:00,1.0,重载,IsolationForest; Mahalanobis; 单变量IQR+3σ; 残差,6.475,34,正常
1465,2024-04-18 08:49:00,2024-04-18 08:49:00,1.0,停机,IsolationForest; Mahalanobis; 单变量IQR+3σ; 残差,2167.278,34,Mahalanobis 距离=2167.3（阈值=18.5）。主要贡献特征：PC2 (71.7%); PC3 (27.6%)。
1466,2024-04-18 08:51:00,2024-04-18 08:52:00,2.0,停机,IsolationForest; Mahalanobis; 单变量IQR+3σ; 残差,1522.871,68,Mahalanobis 距离=1522.9（阈值=18.5）。主要贡献特征：PC2 (72.3%); PC3 (27.3%)。
1467,2024-04-18 08:58:00,2024-04-18 08:58:00,1.0,停机,IsolationForest; Mahalanobis; 单变量IQR+3σ; 残差,1942.449,34,Mahalanobis 距离=1942.4（阈值=18.5）。主要贡献特征：PC2 (69.4%); PC3 (30.4%)。
1468,2024-04-18 09:01:00,2024-04-18 09:01:00,1.0,停机,IsolationForest; Mahalanobis; 单变量IQR+3σ; 残差,1082.363,34,Mahalanobis 距离=1082.4（阈值=18.5）。主要贡献特征：PC2 (72.9%); PC3 (26.7%)。
1469,2024-04-18 09:03:00,2024-04-18 09:03:00,1.0,停机,IsolationForest; Mahalanobis; 单变量IQR+3σ; 残差,18.737,34,Mahalanobis 距离=18.7（阈值=18.5）。主要贡献特征：PC3 (53.8%); PC2 (43.8%); PC4 (1.8%)。
1470,2024-04-18 09:33:00,2024-04-18 09:38:00,6.0,轻载,IsolationForest; Mahalanobis; 单变量IQR+3σ; 残差,1226.415,204,Mahalanobis 距离=1226.4（阈值=18.5）。主要贡献特征：PC3 (63.6%); PC2 (22.3%); PC4 (14.1%)。
1471,2024-04-18 14:24:00,2024-04-18 14:29:00,6.0,停机,IsolationForest; Mahalanobis; 单变量IQR+3σ; 残差,21.807,204,Mahalanobis 距离=21.8（阈值=18.5）。主要贡献特征：PC1 (42.1%); PC3 (40.1%); PC2 (10.7%)。
1472,2024-04-18 15:16:00,2024-04-18 15:20:00,5.0,停机,IsolationForest; Mahalanobis; 单变量IQR+3σ; 残差,1466.598,170,Mahalanobis 距离=1466.6（阈值=18.5）。主要贡献特征：PC3 (59.9%); PC4 (21.1%); PC2 (19.0%)。
1473,2024-04-18 15:31:00,2024-04-18 15:31:00,1.0,轻载,IsolationForest; Mahalanobis; 单变量IQR+3σ; 残差,1.495,34,正常
1474,2024-04-18 15:33:00,2024-04-18 15:33:00,1.0,轻载,IsolationForest; Mahalanobis; 单变量IQR+3σ; 残差,1.588,34,正常
1475,2024-04-18 15:37:00,2024-04-18 15:56:00,20.0,轻载,IsolationForest; Mahalanobis; 单变量IQR+3σ; 残差,4062.688,680,Mahalanobis 距离=4062.7（阈值=18.5）。主要贡献特征：PC2 (93.3%); PC4 (6.5%)。
1476,2024-04-18 15:58:00,2024-04-18 16:15:00,18.0,停机,IsolationForest; Mahalanobis; 单变量IQR+3σ; 残差,6036.292,612,Mahalanobis 距离=6036.3（阈值=18.5）。主要贡献特征：PC2 (92.6%); PC3 (7.2%)。
1477,2024-04-18 16:17:00,2024-04-18 16:17:00,1.0,重载,IsolationForest; Mahalanobis; 单变量IQR+3σ; 残差,4.013,34,正常
1478,2024-04-18 16:19:00,2024-04-18 16:19:00,1.0,重载,IsolationForest; Mahalanobis; 单变量IQR+3σ; 残差,7.155,34,正常
1479,2024-04-18 16:21:00,2024-04-18 16:21:00,1.0,重载,IsolationForest; Mahalanobis; 单变量IQR+3σ; 残差,5.412,34,正常
1480,2024-04-18 16:23:00,2024-04-18 16:23:00,1.0,停机,IsolationForest; Mahalanobis; 单变量IQR+3σ; 残差,3314.221,34,Mahalanobis 距离=3314.2（阈值=18.5）。主要贡献特征：PC2 (79.5%); PC3 (20.2%)。
1481,2024-04-18 16:29:00,2024-04-18 16:32:00,4.0,停机,IsolationForest; Mahalanobis; 单变量IQR+3σ; 残差,2007.247,136,Mahalanobis 距离=2007.2（阈值=18.5）。主要贡献特征：PC2 (70.9%); PC3 (28.1%)。
1482,2024-04-18 16:34:00,2024-04-18 16:34:00,1.0,重载,IsolationForest; Mahalanobis; 单变量IQR+3σ; 残差,6.928,34,正常
1483,2024-04-18 16:37:00,2024-04-18 16:37:00,1.0,重载,IsolationForest; Mahalanobis; 单变量IQR+3σ; 残差,5.971,34,正常
1484,2024-04-18 16:47:00,2024-04-18 16:47:00,1.0,重载,IsolationForest; Mahalanobis; 单变量IQR+3σ; 残差,4.155,34,正常
1485,2024-04-18 16:54:00,2024-04-18 16:58:00,5.0,重载,IsolationForest; Mahalanobis; 单变量IQR+3σ; 残差,5.535,170,正常
1486,2024-04-18 17:01:00,2024-04-18 17:05:00,5.0,重载,IsolationForest; Mahalanobis; 单变量IQR+3σ; 残差,5.945,170,正常
1487,2024-04-18 17:09:00,2024-04-18 17:09:00,1.0,重载,IsolationForest; Mahalanobis; 单变量IQR+3σ; 残差,3.17,34,正常
1488,2024-04-18 17:20:00,2024-04-18 17:20:00,1.0,重载,IsolationForest; Mahalanobis; 单变量IQR+3σ; 残差,3.482,34,正常
1489,2024-04-18 17:24:00,2024-04-18 17:24:00,1.0,重载,IsolationForest; Mahalanobis; 单变量IQR+3σ; 残差,4.236,34,正常
1490,2024-04-18 17:28:00,2024-04-18 17:37:00,10.0,停机,IsolationForest; Mahalanobis; 单变量IQR+3σ; 残差,9567.021,340,Mahalanobis 距离=9567.0（阈值=18.5）。主要贡献特征：PC3 (38.6%); PC2 (31.8%); PC4 (29.6%)。
1491,2024-04-18 17:43:00,2024-04-18 17:43:00,1.0,重载,IsolationForest; Mahalanobis; 单变量IQR+3σ; 残差,4.714,34,正常
1492,2024-04-18 17:46:00,2024-04-18 17:46:00,1.0,轻载,IsolationForest; Mahalanobis; 单变量IQR+3σ; 残差,3419.941,34,Mahalanobis 距离=3419.9（阈值=18.5）。主要贡献特征：PC2 (76.7%); PC3 (23.2%)。
1493,2024-04-18 17:49:00,2024-04-18 17:49:00,1.0,停机,IsolationForest; Mahalanobis; 单变量IQR+3σ; 残差,1480.311,34,Mahalanobis 距离=1480.3（阈值=18.5）。主要贡献特征：PC2 (72.1%); PC3 (27.5%)。
1494,2024-04-18 17:55:00,2024-04-18 17:55:00,1.0,重载,IsolationForest; Mahalanobis; 单变量IQR+3σ; 残差,6.066,34,正常
1495,2024-04-18 18:01:00,2024-04-18 18:01:00,1.0,重载,IsolationForest; Mahalanobis; 单变量IQR+3σ; 残差,4.704,34,残差异常：采煤机_油泵_左电机_电流 偏高（残差 Z-score=4.7，实际=51.0 vs 预测=16.6）
1496,2024-04-18 18:08:00,2024-04-18 18:08:00,1.0,重载,IsolationForest; Mahalanobis; 单变量IQR+3σ; 残差,6.029,34,正常
1497,2024-04-18 18:22:00,2024-04-18 18:22:00,1.0,重载,IsolationForest; Mahalanobis; 单变量IQR+3σ; 残差,6.806,34,正常
1498,2024-04-18 18:44:00,2024-04-18 18:47:00,4.0,停机,IsolationForest; Mahalanobis; 单变量IQR+3σ; 残差,1477.221,136,Mahalanobis 距离=1477.2（阈值=18.5）。主要贡献特征：PC3 (52.9%); PC2 (44.2%); PC4 (3.0%)。
1499,2024-04-18 19:00:00,2024-04-18 19:09:00,10.0,停机,IsolationForest; Mahalanobis; 单变量IQR+3σ; 残差,1673.105,340,Mahalanobis 距离=1673.1（阈值=18.5）。主要贡献特征：PC2 (77.0%); PC3 (20.9%); PC4 (2.1%)。
1500,2024-04-18 19:11:00,2024-04-18 19:11:00,1.0,重载,IsolationForest; Mahalanobis; 单变量IQR+3σ; 残差,3.766,34,残差异常：采煤机_截割部位_左滚筒_电机_温度 偏高（残差 Z-score=3.8，实际=74.0 vs 预测=66.4）
1501,2024-04-18 19:13:00,2024-04-18 19:13:00,1.0,重载,IsolationForest; Mahalanobis; 单变量IQR+3σ; 残差,6.51,34,正常
1502,2024-04-18 19:24:00,2024-04-18 19:24:00,1.0,重载,IsolationForest; Mahalanobis; 单变量IQR+3σ; 残差,6.436,34,正常
1503,2024-04-18 19:32:00,2024-04-18 19:32:00,1.0,重载,IsolationForest; Mahalanobis; 单变量IQR+3σ; 残差,5.179,34,正常
1504,2024-04-18 19:40:00,2024-04-18 19:42:00,3.0,停机,IsolationForest; Mahalanobis; 单变量IQR+3σ; 残差,2948.547,102,Mahalanobis 距离=2948.5（阈值=18.5）。主要贡献特征：PC2 (75.2%); PC3 (24.2%)。
1505,2024-04-18 19:44:00,2024-04-18 19:48:00,5.0,重载,IsolationForest; Mahalanobis; 单变量IQR+3σ; 残差,19.422,170,Mahalanobis 距离=19.4（阈值=18.5）。主要贡献特征：PC2 (66.5%); PC3 (29.8%); PC1 (3.7%)。
1506,2024-04-18 19:54:00,2024-04-18 19:57:00,4.0,停机,IsolationForest; Mahalanobis; 单变量IQR+3σ; 残差,3139.552,136,Mahalanobis 距离=3139.6（阈值=18.5）。主要贡献特征：PC2 (77.8%); PC3 (21.2%)。
1507,2024-04-18 19:59:00,2024-04-18 19:59:00,1.0,重载,IsolationForest; Mahalanobis; 单变量IQR+3σ; 残差,4.919,34,正常
1508,2024-04-18 20:25:00,2024-04-18 20:25:00,1.0,重载,IsolationForest; Mahalanobis; 单变量IQR+3σ; 残差,5.497,34,残差异常：采煤机_油泵_左电机_电流 偏高（残差 Z-score=5.5，实际=57.0 vs 预测=16.8）
1509,2024-04-18 20:33:00,2024-04-18 20:33:00,1.0,重载,IsolationForest; Mahalanobis; 单变量IQR+3σ; 残差,4.563,34,正常
1510,2024-04-18 20:36:00,2024-04-18 20:36:00,1.0,重载,IsolationForest; Mahalanobis; 单变量IQR+3σ; 残差,6.215,34,正常
1511,2024-04-18 20:38:00,2024-04-18 20:38:00,1.0,停机,IsolationForest; Mahalanobis; 单变量IQR+3σ; 残差,2090.669,34,Mahalanobis 距离=2090.7（阈值=18.5）。主要贡献特征：PC2 (69.2%); PC3 (29.9%)。
1512,2024-04-18 20:53:00,2024-04-18 20:53:00,1.0,重载,IsolationForest; Mahalanobis; 单变量IQR+3σ; 残差,6.029,34,正常
1513,2024-04-18 21:12:00,2024-04-18 21:12:00,1.0,重载,IsolationForest; Mahalanobis; 单变量IQR+3σ; 残差,4.45,34,残差异常：采煤机_油泵_右电机_电流 偏高（残差 Z-score=4.4，实际=46.0 vs 预测=17.2）
1514,2024-04-18 21:27:00,2024-04-18 21:27:00,1.0,重载,IsolationForest; Mahalanobis; 单变量IQR+3σ; 残差,2.294,34,正常
1515,2024-04-18 21:32:00,2024-04-18 21:37:00,6.0,停机,IsolationForest; Mahalanobis; 单变量IQR+3σ; 残差,27773.384,204,Mahalanobis 距离=27773.4（阈值=18.5）。主要贡献特征：PC2 (99.6%)。
1516,2024-04-18 21:47:00,2024-04-18 21:47:00,1.0,重载,IsolationForest; Mahalanobis; 单变量IQR+3σ; 残差,6.798,34,残差异常：采煤机_油泵_右电机_电流 偏高（残差 Z-score=6.8，实际=61.0 vs 预测=17.0）
1517,2024-04-18 22:02:00,2024-04-18 22:02:00,1.0,重载,IsolationForest; Mahalanobis; 单变量IQR+3σ; 残差,3.332,34,正常
1518,2024-04-18 22:10:00,2024-04-18 22:10:00,1.0,重载,IsolationForest; Mahalanobis; 单变量IQR+3σ; 残差,5.049,34,正常
1519,2024-04-18 22:20:00,2024-04-18 22:24:00,5.0,重载,IsolationForest; Mahalanobis; 单变量IQR+3σ; 残差,5.245,170,正常
1520,2024-04-18 22:30:00,2024-04-18 22:31:00,2.0,停机,IsolationForest; Mahalanobis; 单变量IQR+3σ; 残差,5165.959,68,Mahalanobis 距离=5166.0（阈值=18.5）。主要贡献特征：PC2 (82.6%); PC3 (16.3%); PC4 (1.1%)。
1521,2024-04-18 22:36:00,2024-04-18 22:38:00,3.0,重载,IsolationForest; Mahalanobis; 单变量IQR+3σ; 残差,5.244,102,正常
1522,2024-04-18 22:43:00,2024-04-18 22:43:00,1.0,重载,IsolationForest; Mahalanobis; 单变量IQR+3σ; 残差,4.975,34,残差异常：采煤机_油泵_右电机_电流 偏高（残差 Z-score=5.0，实际=49.0 vs 预测=16.8）
1523,2024-04-18 22:46:00,2024-04-18 22:46:00,1.0,重载,IsolationForest; Mahalanobis; 单变量IQR+3σ; 残差,5.211,34,正常
1524,2024-04-18 22:50:00,2024-04-18 22:50:00,1.0,停机,IsolationForest; Mahalanobis; 单变量IQR+3σ; 残差,2368.657,34,Mahalanobis 距离=2368.7（阈值=18.5）。主要贡献特征：PC2 (68.6%); PC3 (30.3%); PC4 (1.1%)。
1525,2024-04-18 22:53:00,2024-04-18 22:53:00,1.0,停机,IsolationForest; Mahalanobis; 单变量IQR+3σ; 残差,2622.983,34,Mahalanobis 距离=2623.0（阈值=18.5）。主要贡献特征：PC2 (71.9%); PC3 (27.6%)。
1526,2024-04-18 23:04:00,2024-04-18 23:06:00,3.0,重载,IsolationForest; Mahalanobis; 单变量IQR+3σ; 残差,2.479,102,正常
1527,2024-04-18 23:09:00,2024-04-18 23:09:00,1.0,重载,IsolationForest; Mahalanobis; 单变量IQR+3σ; 残差,6.454,34,残差异常：采煤机_油泵_左电机_电流 偏高（残差 Z-score=6.5，实际=63.0 vs 预测=15.8）
1528,2024-04-18 23:16:00,2024-04-18 23:17:00,2.0,停机,IsolationForest; Mahalanobis; 单变量IQR+3σ; 残差,2344.678,68,Mahalanobis 距离=2344.7（阈值=18.5）。主要贡献特征：PC2 (62.6%); PC3 (37.1%)。
1529,2024-04-18 23:22:00,2024-04-18 23:25:00,4.0,停机,IsolationForest; Mahalanobis; 单变量IQR+3σ; 残差,1577.187,136,Mahalanobis 距离=1577.2（阈值=18.5）。主要贡献特征：PC2 (64.7%); PC3 (34.9%)。
1530,2024-04-18 23:43:00,2024-04-18 23:47:00,5.0,轻载,IsolationForest; Mahalanobis; 单变量IQR+3σ; 残差,4.614,170,残差异常：采煤机_截割部位_左滚筒_电机_温度 偏高（残差 Z-score=4.6，实际=66.0 vs 预测=53.6）
1531,2024-04-19 00:24:00,2024-04-19 00:24:00,1.0,重载,IsolationForest; Mahalanobis; 单变量IQR+3σ; 残差,5.517,34,正常
1532,2024-04-19 00:27:00,2024-04-19 00:27:00,1.0,重载,IsolationForest; Mahalanobis; 单变量IQR+3σ; 残差,5.211,34,正常
1533,2024-04-19 00:31:00,2024-04-19 00:31:00,1.0,重载,IsolationForest; Mahalanobis; 单变量IQR+3σ; 残差,3.37,34,残差异常：采煤机_截割部位_左滚筒_电机_温度 偏高（残差 Z-score=3.4，实际=75.0 vs 预测=68.2）
1534,2024-04-19 00:51:00,2024-04-19 00:51:00,1.0,停机,IsolationForest; Mahalanobis; 单变量IQR+3σ; 残差,1880.461,34,Mahalanobis 距离=1880.5（阈值=18.5）。主要贡献特征：PC2 (69.1%); PC3 (30.7%)。
1535,2024-04-19 00:56:00,2024-04-19 00:57:00,2.0,停机,IsolationForest; Mahalanobis; 单变量IQR+3σ; 残差,2669.175,68,Mahalanobis 距离=2669.2（阈值=18.5）。主要贡献特征：PC2 (79.7%); PC3 (19.7%)。
1536,2024-04-19 01:01:00,2024-04-19 01:02:00,2.0,停机,IsolationForest; Mahalanobis; 单变量IQR+3σ; 残差,3047.458,68,Mahalanobis 距离=3047.5（阈值=18.5）。主要贡献特征：PC2 (88.8%); PC3 (10.3%)。
1537,2024-04-19 01:19:00,2024-04-19 01:22:00,4.0,停机,IsolationForest; Mahalanobis; 单变量IQR+3σ; 残差,2879.369,136,Mahalanobis 距离=2879.4（阈值=18.5）。主要贡献特征：PC2 (76.4%); PC3 (22.7%)。
1538,2024-04-19 01:24:00,2024-04-19 01:25:00,2.0,重载,IsolationForest; Mahalanobis; 单变量IQR+3σ; 残差,5.444,68,正常
1539,2024-04-19 01:38:00,2024-04-19 01:38:00,1.0,重载,IsolationForest; Mahalanobis; 单变量IQR+3σ; 残差,4.922,34,残差异常：采煤机_油泵_左电机_电流 偏高（残差 Z-score=4.9，实际=52.0 vs 预测=16.0）
1540,2024-04-19 01:40:00,2024-04-19 01:40:00,1.0,停机,IsolationForest; Mahalanobis; 单变量IQR+3σ; 残差,3033.575,34,Mahalanobis 距离=3033.6（阈值=18.5）。主要贡献特征：PC2 (75.2%); PC3 (24.0%)。
1541,2024-04-19 01:59:00,2024-04-19 01:59:00,1.0,重载,IsolationForest; Mahalanobis; 单变量IQR+3σ; 残差,4.175,34,正常
1542,2024-04-19 02:20:00,2024-04-19 02:20:00,1.0,重载,IsolationForest; Mahalanobis; 单变量IQR+3σ; 残差,5.585,34,正常
1543,2024-04-19 02:53:00,2024-04-19 02:55:00,3.0,停机,IsolationForest; Mahalanobis; 单变量IQR+3σ; 残差,3802.68,102,Mahalanobis 距离=3802.7（阈值=18.5）。主要贡献特征：PC2 (74.0%); PC3 (25.8%)。
1544,2024-04-19 03:03:00,2024-04-19 03:03:00,1.0,重载,IsolationForest; Mahalanobis; 单变量IQR+3σ; 残差,4.207,34,正常
1545,2024-04-19 03:30:00,2024-04-19 03:30:00,1.0,重载,IsolationForest; Mahalanobis; 单变量IQR+3σ; 残差,7.025,34,正常
1546,2024-04-19 03:54:00,2024-04-19 03:54:00,1.0,重载,IsolationForest; Mahalanobis; 单变量IQR+3σ; 残差,2.978,34,正常
1547,2024-04-19 04:15:00,2024-04-19 04:15:00,1.0,重载,IsolationForest; Mahalanobis; 单变量IQR+3σ; 残差,4.855,34,正常
1548,2024-04-19 04:27:00,2024-04-19 04:31:00,5.0,重载,IsolationForest; Mahalanobis; 单变量IQR+3σ; 残差,5.056,170,正常
1549,2024-04-19 04:46:00,2024-04-19 04:49:00,4.0,停机,IsolationForest; Mahalanobis; 单变量IQR+3σ; 残差,3252.414,136,Mahalanobis 距离=3252.4（阈值=18.5）。主要贡献特征：PC2 (68.4%); PC3 (30.8%)。
1550,2024-04-19 04:51:00,2024-04-19 04:54:00,4.0,停机,IsolationForest; Mahalanobis; 单变量IQR+3σ; 残差,3173.799,136,Mahalanobis 距离=3173.8（阈值=18.5）。主要贡献特征：PC2 (61.6%); PC3 (38.1%)。
1551,2024-04-19 05:15:00,2024-04-19 05:16:00,2.0,重载,IsolationForest; Mahalanobis; 单变量IQR+3σ; 残差,5.253,68,残差异常：采煤机_油泵_右电机_电流 偏高（残差 Z-score=5.3，实际=51.0 vs 预测=17.0）
1552,2024-04-19 05:22:00,2024-04-19 05:22:00,1.0,重载,IsolationForest; Mahalanobis; 单变量IQR+3σ; 残差,5.733,34,正常
1553,2024-04-19 05:29:00,2024-04-19 05:29:00,1.0,重载,IsolationForest; Mahalanobis; 单变量IQR+3σ; 残差,6.547,34,正常
1554,2024-04-19 05:36:00,2024-04-19 05:36:00,1.0,重载,IsolationForest; Mahalanobis; 单变量IQR+3σ; 残差,3.863,34,残差异常：采煤机_油泵_右电机_电流 偏高（残差 Z-score=3.9，实际=42.0 vs 预测=17.0）
1555,2024-04-19 05:39:00,2024-04-19 05:41:00,3.0,停机,IsolationForest; Mahalanobis; 单变量IQR+3σ; 残差,2153.919,102,Mahalanobis 距离=2153.9（阈值=18.5）。主要贡献特征：PC2 (68.7%); PC3 (30.5%)。
1556,2024-04-19 05:49:00,2024-04-19 05:59:00,11.0,停机,IsolationForest; Mahalanobis; 单变量IQR+3σ; 残差,1424.791,374,Mahalanobis 距离=1424.8（阈值=18.5）。主要贡献特征：PC2 (65.5%); PC3 (32.0%); PC4 (2.4%)。
1557,2024-04-19 06:22:00,2024-04-19 06:24:00,3.0,重载,IsolationForest; Mahalanobis; 单变量IQR+3σ; 残差,5.114,102,正常
1558,2024-04-19 06:28:00,2024-04-19 06:30:00,3.0,重载,IsolationForest; Mahalanobis; 单变量IQR+3σ; 残差,3.19,102,正常
1559,2024-04-19 06:33:00,2024-04-19 06:34:00,2.0,停机,IsolationForest; Mahalanobis; 单变量IQR+3σ; 残差,4855.895,68,Mahalanobis 距离=4855.9（阈值=18.5）。主要贡献特征：PC2 (85.0%); PC3 (14.0%); PC4 (1.0%)。
1560,2024-04-19 06:37:00,2024-04-19 06:37:00,1.0,重载,IsolationForest; Mahalanobis; 单变量IQR+3σ; 残差,3.694,34,残差异常：采煤机_牵引部位_右电机_电流 偏高（残差 Z-score=3.7，实际=230.0 vs 预测=59.2）
1561,2024-04-19 06:46:00,2024-04-19 06:46:00,1.0,重载,IsolationForest; Mahalanobis; 单变量IQR+3σ; 残差,4.628,34,正常
1562,2024-04-19 06:59:00,2024-04-19 07:01:00,3.0,重载,IsolationForest; Mahalanobis; 单变量IQR+3σ; 残差,3.174,102,正常
1563,2024-04-19 07:17:00,2024-04-19 07:20:00,4.0,重载,IsolationForest; Mahalanobis; 单变量IQR+3σ; 残差,2.642,136,正常
1564,2024-04-19 07:22:00,2024-04-19 07:22:00,1.0,重载,IsolationForest; Mahalanobis; 单变量IQR+3σ; 残差,4.032,34,残差异常：采煤机_破碎机_电机_电流 偏高（残差 Z-score=4.0，实际=45.0 vs 预测=0.0）
1565,2024-04-19 07:35:00,2024-04-19 07:36:00,2.0,停机,IsolationForest; Mahalanobis; 单变量IQR+3σ; 残差,1987.343,68,Mahalanobis 距离=1987.3（阈值=18.5）。主要贡献特征：PC2 (60.1%); PC3 (39.9%)。
1566,2024-04-19 07:38:00,2024-04-19 07:45:00,8.0,重载,IsolationForest; Mahalanobis; 单变量IQR+3σ; 残差,3.759,272,残差异常：采煤机_油泵_左油箱_油压 偏高（残差 Z-score=3.8，实际=14.8 vs 预测=2.3）
1567,2024-04-19 07:51:00,2024-04-19 07:52:00,2.0,重载,IsolationForest; Mahalanobis; 单变量IQR+3σ; 残差,5.474,68,正常
1568,2024-04-19 07:59:00,2024-04-19 07:59:00,1.0,重载,IsolationForest; Mahalanobis; 单变量IQR+3σ; 残差,4.337,34,正常
1569,2024-04-19 08:03:00,2024-04-19 08:03:00,1.0,重载,IsolationForest; Mahalanobis; 单变量IQR+3σ; 残差,5.552,34,正常
1570,2024-04-19 08:09:00,2024-04-19 08:09:00,1.0,重载,IsolationForest; Mahalanobis; 单变量IQR+3σ; 残差,5.497,34,残差异常：采煤机_油泵_左电机_电流 偏高（残差 Z-score=5.5，实际=57.0 vs 预测=16.8）
1571,2024-04-19 08:24:00,2024-04-19 08:26:00,3.0,轻载,IsolationForest; Mahalanobis; 单变量IQR+3σ; 残差,3240.714,102,Mahalanobis 距离=3240.7（阈值=18.5）。主要贡献特征：PC2 (75.1%); PC3 (23.1%); PC4 (1.7%)。
1572,2024-04-19 08:30:00,2024-04-19 08:33:00,4.0,重载,IsolationForest; Mahalanobis; 单变量IQR+3σ; 残差,2.523,136,正常
1573,2024-04-19 08:38:00,2024-04-19 08:55:00,18.0,停机,IsolationForest; Mahalanobis; 单变量IQR+3σ; 残差,2062.648,612,Mahalanobis 距离=2062.6（阈值=18.5）。主要贡献特征：PC3 (59.0%); PC2 (23.4%); PC4 (17.6%)。
1574,2024-04-19 09:41:00,2024-04-19 10:15:00,35.0,停机,IsolationForest; Mahalanobis; 单变量IQR+3σ; 残差,2153.67,1190,Mahalanobis 距离=2153.7（阈值=18.5）。主要贡献特征：PC3 (58.9%); PC2 (22.7%); PC4 (18.4%)。
1575,2024-04-19 10:38:00,2024-04-19 10:44:00,7.0,停机,IsolationForest; Mahalanobis; 单变量IQR+3σ; 残差,1214.265,238,Mahalanobis 距离=1214.3（阈值=18.5）。主要贡献特征：PC3 (58.7%); PC2 (23.0%); PC4 (18.2%)。
1576,2024-04-19 10:47:00,2024-04-19 10:47:00,1.0,重载,IsolationForest; Mahalanobis; 单变量IQR+3σ; 残差,5.457,34,正常
1577,2024-04-19 10:50:00,2024-04-19 11:09:00,20.0,停机,IsolationForest; Mahalanobis; 单变量IQR+3σ; 残差,641.742,680,Mahalanobis 距离=641.7（阈值=18.5）。主要贡献特征：PC3 (58.8%); PC2 (24.7%); PC4 (16.5%)。
1578,2024-04-19 11:12:00,2024-04-19 11:22:00,11.0,停机,IsolationForest; Mahalanobis; 单变量IQR+3σ; 残差,18.701,374,Mahalanobis 距离=18.7（阈值=18.5）。主要贡献特征：PC3 (50.4%); PC2 (46.8%); PC4 (2.8%)。
1579,2024-04-19 11:25:00,2024-04-19 11:53:00,29.0,停机,IsolationForest; Mahalanobis; 单变量IQR+3σ; 残差,18.568,986,Mahalanobis 距离=18.6（阈值=18.5）。主要贡献特征：PC3 (50.3%); PC2 (46.8%); PC4 (2.8%)。
1580,2024-04-19 11:56:00,2024-04-19 12:40:00,45.0,停机,IsolationForest; Mahalanobis; 单变量IQR+3σ; 残差,19.623,1530,Mahalanobis 距离=19.6（阈值=18.5）。主要贡献特征：PC3 (51.0%); PC2 (45.9%); PC4 (3.1%)。
1581,2024-04-19 12:47:00,2024-04-19 12:58:00,12.0,停机,IsolationForest; Mahalanobis; 单变量IQR+3σ; 残差,544.91,408,Mahalanobis 距离=544.9（阈值=18.5）。主要贡献特征：PC3 (58.9%); PC2 (25.2%); PC4 (15.9%)。
1582,2024-04-19 13:01:00,2024-04-19 13:16:00,16.0,停机,IsolationForest; Mahalanobis; 单变量IQR+3σ; 残差,569.16,544,Mahalanobis 距离=569.2（阈值=18.5）。主要贡献特征：PC3 (58.9%); PC2 (24.1%); PC4 (17.0%)。
1583,2024-04-19 13:18:00,2024-04-19 16:10:00,173.0,轻载,IsolationForest; Mahalanobis; 单变量IQR+3σ; 残差,12720.642,5882,Mahalanobis 距离=12720.6（阈值=18.5）。主要贡献特征：PC2 (42.4%); PC4 (28.8%); PC3 (28.8%)。
1584,2024-04-19 16:12:00,2024-04-19 16:21:00,10.0,轻载,IsolationForest; Mahalanobis; 单变量IQR+3σ; 残差,16.555,340,正常
1585,2024-04-19 17:09:00,2024-04-19 17:27:00,19.0,重载,IsolationForest; Mahalanobis; 单变量IQR+3σ; 残差,4.976,646,正常
1586,2024-04-19 17:43:00,2024-04-19 17:43:00,1.0,重载,IsolationForest; Mahalanobis; 单变量IQR+3σ; 残差,7.2,34,残差异常：采煤机_油泵_右电机_电流 偏高（残差 Z-score=7.2，实际=64.0 vs 预测=17.4）
1587,2024-04-19 17:49:00,2024-04-19 17:49:00,1.0,重载,IsolationForest; Mahalanobis; 单变量IQR+3σ; 残差,4.474,34,正常
1588,2024-04-19 17:52:00,2024-04-19 17:52:00,1.0,重载,IsolationForest; Mahalanobis; 单变量IQR+3σ; 残差,5.017,34,正常
1589,2024-04-19 17:58:00,2024-04-19 18:01:00,4.0,重载,IsolationForest; Mahalanobis; 单变量IQR+3σ; 残差,6.539,136,单变量异常：采煤机_油泵_左油箱_油压（z-score=6.5，实际=23.5，均值=3.3±3.1）
1590,2024-04-19 18:20:00,2024-04-19 18:20:00,1.0,重载,IsolationForest; Mahalanobis; 单变量IQR+3σ; 残差,6.016,34,残差异常：采煤机_油泵_左电机_电流 偏高（残差 Z-score=6.0，实际=61.0 vs 预测=17.0）
1591,2024-04-19 18:22:00,2024-04-19 18:22:00,1.0,重载,IsolationForest; Mahalanobis; 单变量IQR+3σ; 残差,5.995,34,残差异常：采煤机_油泵_右电机_电流 偏高（残差 Z-score=6.0，实际=56.0 vs 预测=17.2）
1592,2024-04-19 18:30:00,2024-04-19 18:32:00,3.0,重载,IsolationForest; Mahalanobis; 单变量IQR+3σ; 残差,2.593,102,正常
1593,2024-04-19 18:36:00,2024-04-19 18:36:00,1.0,重载,IsolationForest; Mahalanobis; 单变量IQR+3σ; 残差,6.547,34,正常
1594,2024-04-19 18:56:00,2024-04-19 18:59:00,4.0,停机,IsolationForest; Mahalanobis; 单变量IQR+3σ; 残差,5827.035,136,Mahalanobis 距离=5827.0（阈值=18.5）。主要贡献特征：PC2 (89.0%); PC3 (10.8%)。
1595,2024-04-19 19:14:00,2024-04-19 19:14:00,1.0,重载,IsolationForest; Mahalanobis; 单变量IQR+3σ; 残差,5.479,34,正常
1596,2024-04-19 19:16:00,2024-04-19 19:24:00,9.0,停机,IsolationForest; Mahalanobis; 单变量IQR+3σ; 残差,3404.209,306,Mahalanobis 距离=3404.2（阈值=18.5）。主要贡献特征：PC2 (83.6%); PC3 (16.3%)。
1597,2024-04-19 19:36:00,2024-04-19 19:39:00,4.0,停机,IsolationForest; Mahalanobis; 单变量IQR+3σ; 残差,3000.087,136,Mahalanobis 距离=3000.1（阈值=18.5）。主要贡献特征：PC2 (80.8%); PC3 (19.1%)。
1598,2024-04-19 19:43:00,2024-04-19 19:46:00,4.0,停机,IsolationForest; Mahalanobis; 单变量IQR+3σ; 残差,3331.945,136,Mahalanobis 距离=3331.9（阈值=18.5）。主要贡献特征：PC2 (86.9%); PC4 (12.1%); PC3 (1.0%)。
1599,2024-04-19 20:14:00,2024-04-19 20:18:00,5.0,停机,IsolationForest; Mahalanobis; 单变量IQR+3σ; 残差,2277.81,170,Mahalanobis 距离=2277.8（阈值=18.5）。主要贡献特征：PC2 (86.6%); PC4 (12.7%)。
1600,2024-04-19 20:31:00,2024-04-19 20:34:00,4.0,重载,IsolationForest; Mahalanobis; 单变量IQR+3σ; 残差,5.545,136,正常
1601,2024-04-19 20:36:00,2024-04-19 20:36:00,1.0,重载,IsolationForest; Mahalanobis; 单变量IQR+3σ; 残差,3.116,34,残差异常：采煤机_油泵_右电机_温度 偏高（残差 Z-score=3.1，实际=47.0 vs 预测=43.0）
1602,2024-04-19 20:56:00,2024-04-19 20:57:00,2.0,停机,IsolationForest; Mahalanobis; 单变量IQR+3σ; 残差,2873.371,68,Mahalanobis 距离=2873.4（阈值=18.5）。主要贡献特征：PC2 (73.7%); PC3 (26.1%)。
1603,2024-04-19 21:02:00,2024-04-19 21:02:00,1.0,重载,IsolationForest; Mahalanobis; 单变量IQR+3σ; 残差,4.433,34,正常
1604,2024-04-19 21:18:00,2024-04-19 21:20:00,3.0,重载,IsolationForest; Mahalanobis; 单变量IQR+3σ; 残差,5.472,102,正常
1605,2024-04-19 21:27:00,2024-04-19 21:28:00,2.0,重载,IsolationForest; Mahalanobis; 单变量IQR+3σ; 残差,5.253,68,残差异常：采煤机_油泵_右电机_电流 偏高（残差 Z-score=5.3，实际=51.0 vs 预测=17.0）
1606,2024-04-19 21:30:00,2024-04-19 21:30:00,1.0,重载,IsolationForest; Mahalanobis; 单变量IQR+3σ; 残差,5.568,34,正常
1607,2024-04-19 21:50:00,2024-04-19 21:53:00,4.0,重载,IsolationForest; Mahalanobis; 单变量IQR+3σ; 残差,4.223,136,正常
1608,2024-04-19 22:01:00,2024-04-19 22:01:00,1.0,停机,IsolationForest; Mahalanobis; 单变量IQR+3σ; 残差,4874.77,34,Mahalanobis 距离=4874.8（阈值=18.5）。主要贡献特征：PC2 (75.4%); PC3 (24.6%)。
1609,2024-04-19 22:04:00,2024-04-19 22:10:00,7.0,停机,IsolationForest; Mahalanobis; 单变量IQR+3σ; 残差,4177.273,238,Mahalanobis 距离=4177.3（阈值=18.5）。主要贡献特征：PC2 (88.0%); PC4 (10.4%); PC3 (1.6%)。
1610,2024-04-19 22:13:00,2024-04-19 22:13:00,1.0,重载,IsolationForest; Mahalanobis; 单变量IQR+3σ; 残差,4.659,34,正常
1611,2024-04-19 22:27:00,2024-04-19 22:27:00,1.0,重载,IsolationForest; Mahalanobis; 单变量IQR+3σ; 残差,5.748,34,残差异常：采煤机_油泵_右电机_电流 偏高（残差 Z-score=5.7，实际=54.0 vs 预测=16.8）
1612,2024-04-19 22:34:00,2024-04-19 22:34:00,1.0,重载,IsolationForest; Mahalanobis; 单变量IQR+3σ; 残差,3.883,34,残差异常：采煤机_油泵_左电机_电流 偏高（残差 Z-score=3.9，实际=45.0 vs 预测=16.6）
1613,2024-04-19 22:41:00,2024-04-19 22:41:00,1.0,重载,IsolationForest; Mahalanobis; 单变量IQR+3σ; 残差,5.562,34,残差异常：采煤机_油泵_右电机_电流 偏高（残差 Z-score=5.6，实际=54.0 vs 预测=18.0）
1614,2024-04-19 22:45:00,2024-04-19 22:48:00,4.0,停机,IsolationForest; Mahalanobis; 单变量IQR+3σ; 残差,2711.163,136,Mahalanobis 距离=2711.2（阈值=18.5）。主要贡献特征：PC2 (74.9%); PC3 (25.1%)。
1615,2024-04-19 22:50:00,2024-04-19 22:51:00,2.0,重载,IsolationForest; Mahalanobis; 单变量IQR+3σ; 残差,3.587,68,正常
1616,2024-04-19 22:59:00,2024-04-19 22:59:00,1.0,重载,IsolationForest; Mahalanobis; 单变量IQR+3σ; 残差,5.244,34,正常
1617,2024-04-19 23:05:00,2024-04-19 23:05:00,1.0,重载,IsolationForest; Mahalanobis; 单变量IQR+3σ; 残差,4.499,34,正常
1618,2024-04-19 23:24:00,2024-04-19 23:24:00,1.0,重载,IsolationForest; Mahalanobis; 单变量IQR+3σ; 残差,3.993,34,残差异常：采煤机_油泵_左电机_电流 偏高（残差 Z-score=4.0，实际=46.0 vs 预测=16.8）
1619,2024-04-19 23:41:00,2024-04-19 23:44:00,4.0,停机,IsolationForest; Mahalanobis; 单变量IQR+3σ; 残差,2793.124,136,Mahalanobis 距离=2793.1（阈值=18.5）。主要贡献特征：PC2 (72.9%); PC3 (26.0%); PC4 (1.1%)。
1620,2024-04-19 23:46:00,2024-04-19 23:46:00,1.0,重载,IsolationForest; Mahalanobis; 单变量IQR+3σ; 残差,13.742,34,正常
1621,2024-04-19 23:49:00,2024-04-19 23:58:00,10.0,轻载,IsolationForest; Mahalanobis; 单变量IQR+3σ; 残差,7126.913,340,Mahalanobis 距离=7126.9（阈值=18.5）。主要贡献特征：PC2 (88.1%); PC3 (10.7%); PC4 (1.1%)。
1622,2024-04-20 00:00:00,2024-04-20 00:00:00,1.0,重载,IsolationForest; Mahalanobis; 单变量IQR+3σ; 残差,11.426,34,正常
1623,2024-04-20 00:13:00,2024-04-20 00:13:00,1.0,停机,IsolationForest; Mahalanobis; 单变量IQR+3σ; 残差,3684.025,34,Mahalanobis 距离=3684.0（阈值=18.5）。主要贡献特征：PC2 (76.8%); PC3 (22.6%)。
1624,2024-04-20 00:21:00,2024-04-20 00:21:00,1.0,重载,IsolationForest; Mahalanobis; 单变量IQR+3σ; 残差,3.767,34,正常
1625,2024-04-20 00:34:00,2024-04-20 00:37:00,4.0,停机,IsolationForest; Mahalanobis; 单变量IQR+3σ; 残差,2074.883,136,Mahalanobis 距离=2074.9（阈值=18.5）。主要贡献特征：PC2 (58.2%); PC3 (41.5%)。
1626,2024-04-20 00:39:00,2024-04-20 00:48:00,10.0,重载,IsolationForest; Mahalanobis; 单变量IQR+3σ; 残差,2.91,340,正常
1627,2024-04-20 00:50:00,2024-04-20 00:50:00,1.0,停机,IsolationForest; Mahalanobis; 单变量IQR+3σ; 残差,2559.614,34,Mahalanobis 距离=2559.6（阈值=18.5）。主要贡献特征：PC2 (64.3%); PC3 (35.4%)。
1628,2024-04-20 00:54:00,2024-04-20 00:57:00,4.0,停机,IsolationForest; Mahalanobis; 单变量IQR+3σ; 残差,1851.48,136,Mahalanobis 距离=1851.5（阈值=18.5）。主要贡献特征：PC2 (71.2%); PC3 (26.7%); PC4 (2.1%)。
1629,2024-04-20 01:01:00,2024-04-20 01:01:00,1.0,重载,IsolationForest; Mahalanobis; 单变量IQR+3σ; 残差,3.405,34,残差异常：采煤机_破碎机_电机_电流 偏高（残差 Z-score=3.4，实际=38.0 vs 预测=0.0）
1630,2024-04-20 01:04:00,2024-04-20 01:04:00,1.0,重载,IsolationForest; Mahalanobis; 单变量IQR+3σ; 残差,2.329,34,正常
1631,2024-04-20 01:08:00,2024-04-20 01:12:00,5.0,停机,IsolationForest; Mahalanobis; 单变量IQR+3σ; 残差,4454.863,170,Mahalanobis 距离=4454.9（阈值=18.5）。主要贡献特征：PC2 (78.1%); PC3 (21.6%)。
1632,2024-04-20 01:14:00,2024-04-20 01:14:00,1.0,重载,IsolationForest; Mahalanobis; 单变量IQR+3σ; 残差,3.047,34,残差异常：采煤机_破碎机_电机_电流 偏高（残差 Z-score=3.0，实际=34.0 vs 预测=0.0）
1633,2024-04-20 01:18:00,2024-04-20 01:20:00,3.0,重载,IsolationForest; Mahalanobis; 单变量IQR+3σ; 残差,3.445,102,正常
1634,2024-04-20 01:22:00,2024-04-20 01:26:00,5.0,重载,IsolationForest; Mahalanobis; 单变量IQR+3σ; 残差,7.22,170,单变量异常：采煤机_油泵_左油箱_油压（z-score=7.2，实际=25.6，均值=3.3±3.1）
1635,2024-04-20 01:38:00,2024-04-20 01:38:00,1.0,重载,IsolationForest; Mahalanobis; 单变量IQR+3σ; 残差,3.919,34,正常
1636,2024-04-20 01:50:00,2024-04-20 01:50:00,1.0,停机,IsolationForest; Mahalanobis; 单变量IQR+3σ; 残差,3001.305,34,Mahalanobis 距离=3001.3（阈值=18.5）。主要贡献特征：PC2 (77.3%); PC3 (21.8%)。
1637,2024-04-20 01:52:00,2024-04-20 01:52:00,1.0,停机,IsolationForest; Mahalanobis; 单变量IQR+3σ; 残差,2114.271,34,Mahalanobis 距离=2114.3（阈值=18.5）。主要贡献特征：PC2 (71.6%); PC3 (26.8%); PC4 (1.6%)。
1638,2024-04-20 01:59:00,2024-04-20 01:59:00,1.0,停机,IsolationForest; Mahalanobis; 单变量IQR+3σ; 残差,5982.282,34,Mahalanobis 距离=5982.3（阈值=18.5）。主要贡献特征：PC2 (85.9%); PC3 (14.1%)。
1639,2024-04-20 02:12:00,2024-04-20 02:13:00,2.0,停机,IsolationForest; Mahalanobis; 单变量IQR+3σ; 残差,2268.129,68,Mahalanobis 距离=2268.1（阈值=18.5）。主要贡献特征：PC2 (69.5%); PC3 (29.2%); PC4 (1.3%)。
1640,2024-04-20 02:19:00,2024-04-20 02:27:00,9.0,重载,IsolationForest; Mahalanobis; 单变量IQR+3σ; 残差,6.444,306,正常
1641,2024-04-20 02:32:00,2024-04-20 02:32:00,1.0,重载,IsolationForest; Mahalanobis; 单变量IQR+3σ; 残差,6.251,34,正常
1642,2024-04-20 02:49:00,2024-04-20 02:49:00,1.0,重载,IsolationForest; Mahalanobis; 单变量IQR+3σ; 残差,4.203,34,残差异常：采煤机_油泵_右电机_电流 偏高（残差 Z-score=4.2，实际=46.0 vs 预测=18.8）
1643,2024-04-20 03:02:00,2024-04-20 03:02:00,1.0,重载,IsolationForest; Mahalanobis; 单变量IQR+3σ; 残差,5.91,34,正常
1644,2024-04-20 03:25:00,2024-04-20 03:25:00,1.0,重载,IsolationForest; Mahalanobis; 单变量IQR+3σ; 残差,5.049,34,正常
1645,2024-04-20 03:44:00,2024-04-20 03:48:00,5.0,停机,IsolationForest; Mahalanobis; 单变量IQR+3σ; 残差,2655.515,170,Mahalanobis 距离=2655.5（阈值=18.5）。主要贡献特征：PC2 (61.8%); PC3 (37.3%)。
1646,2024-04-20 03:53:00,2024-04-20 03:56:00,4.0,停机,IsolationForest; Mahalanobis; 单变量IQR+3σ; 残差,1962.858,136,Mahalanobis 距离=1962.9（阈值=18.5）。主要贡献特征：PC2 (64.7%); PC3 (35.3%)。
1647,2024-04-20 04:15:00,2024-04-20 04:24:00,10.0,重载,IsolationForest; Mahalanobis; 单变量IQR+3σ; 残差,5.4,340,正常
1648,2024-04-20 04:37:00,2024-04-20 04:40:00,4.0,重载,IsolationForest; Mahalanobis; 单变量IQR+3σ; 残差,3.374,136,正常
1649,2024-04-20 04:42:00,2024-04-20 04:42:00,1.0,重载,IsolationForest; Mahalanobis; 单变量IQR+3σ; 残差,3.108,34,残差异常：采煤机_牵引部位_左电机_电流 偏高（残差 Z-score=3.1，实际=164.0 vs 预测=20.4）
1650,2024-04-20 04:58:00,2024-04-20 04:58:00,1.0,停机,IsolationForest; Mahalanobis; 单变量IQR+3σ; 残差,3103.444,34,Mahalanobis 距离=3103.4（阈值=18.5）。主要贡献特征：PC2 (78.0%); PC3 (22.0%)。
1651,2024-04-20 05:05:00,2024-04-20 05:12:00,8.0,停机,IsolationForest; Mahalanobis; 单变量IQR+3σ; 残差,2173.528,272,Mahalanobis 距离=2173.5（阈值=18.5）。主要贡献特征：PC2 (73.9%); PC3 (25.6%)。
1652,2024-04-20 05:22:00,2024-04-20 05:26:00,5.0,停机,IsolationForest; Mahalanobis; 单变量IQR+3σ; 残差,1862.785,170,Mahalanobis 距离=1862.8（阈值=18.5）。主要贡献特征：PC2 (82.0%); PC3 (17.4%)。
1653,2024-04-20 05:42:00,2024-04-20 05:42:00,1.0,重载,IsolationForest; Mahalanobis; 单变量IQR+3σ; 残差,7.436,34,正常
1654,2024-04-20 05:46:00,2024-04-20 05:49:00,4.0,重载,IsolationForest; Mahalanobis; 单变量IQR+3σ; 残差,4.079,136,正常
1655,2024-04-20 05:54:00,2024-04-20 05:57:00,4.0,重载,IsolationForest; Mahalanobis; 单变量IQR+3σ; 残差,5.191,136,正常
1656,2024-04-20 06:27:00,2024-04-20 06:27:00,1.0,重载,IsolationForest; Mahalanobis; 单变量IQR+3σ; 残差,2.316,34,正常
1657,2024-04-20 06:30:00,2024-04-20 06:30:00,1.0,重载,IsolationForest; Mahalanobis; 单变量IQR+3σ; 残差,5.215,34,正常
1658,2024-04-20 06:33:00,2024-04-20 06:37:00,5.0,停机,IsolationForest; Mahalanobis; 单变量IQR+3σ; 残差,2386.025,170,Mahalanobis 距离=2386.0（阈值=18.5）。主要贡献特征：PC2 (59.8%); PC3 (39.9%)。
1659,2024-04-20 07:04:00,2024-04-20 07:04:00,1.0,重载,IsolationForest; Mahalanobis; 单变量IQR+3σ; 残差,3.338,34,残差异常：采煤机_油泵_左油箱_油压 偏高（残差 Z-score=3.3，实际=13.5 vs 预测=2.4）
1660,2024-04-20 07:07:00,2024-04-20 07:07:00,1.0,重载,IsolationForest; Mahalanobis; 单变量IQR+3σ; 残差,7.029,34,正常
1661,2024-04-20 07:33:00,2024-04-20 07:33:00,1.0,停机,IsolationForest; Mahalanobis; 单变量IQR+3σ; 残差,2439.951,34,Mahalanobis 距离=2440.0（阈值=18.5）。主要贡献特征：PC2 (72.9%); PC3 (26.8%)。
1662,2024-04-20 07:37:00,2024-04-20 07:37:00,1.0,重载,IsolationForest; Mahalanobis; 单变量IQR+3σ; 残差,5.244,34,正常
1663,2024-04-20 07:50:00,2024-04-20 07:56:00,7.0,停机,IsolationForest; Mahalanobis; 单变量IQR+3σ; 残差,3811.598,238,Mahalanobis 距离=3811.6（阈值=18.5）。主要贡献特征：PC2 (77.7%); PC3 (20.4%); PC4 (1.9%)。
1664,2024-04-20 08:08:00,2024-04-20 08:08:00,1.0,停机,IsolationForest; Mahalanobis; 单变量IQR+3σ; 残差,3844.031,34,Mahalanobis 距离=3844.0（阈值=18.5）。主要贡献特征：PC2 (77.8%); PC3 (20.2%); PC4 (2.0%)。
1665,2024-04-20 08:15:00,2024-04-20 08:17:00,3.0,停机,IsolationForest; Mahalanobis; 单变量IQR+3σ; 残差,8571.351,102,Mahalanobis 距离=8571.4（阈值=18.5）。主要贡献特征：PC2 (91.2%); PC3 (7.6%); PC4 (1.2%)。
1666,2024-04-20 08:19:00,2024-04-20 08:19:00,1.0,重载,IsolationForest; Mahalanobis; 单变量IQR+3σ; 残差,4.194,34,残差异常：采煤机_截割部位_左滚筒_电机_电流 偏高（残差 Z-score=4.2，实际=316.0 vs 预测=67.6）
1667,2024-04-20 08:27:00,2024-04-20 08:30:00,4.0,停机,IsolationForest; Mahalanobis; 单变量IQR+3σ; 残差,2596.661,136,Mahalanobis 距离=2596.7（阈值=18.5）。主要贡献特征：PC2 (73.1%); PC3 (26.6%)。
1668,2024-04-20 08:33:00,2024-04-20 08:33:00,1.0,重载,IsolationForest; Mahalanobis; 单变量IQR+3σ; 残差,5.405,34,正常
1669,2024-04-20 09:24:00,2024-04-20 09:27:00,4.0,轻载,IsolationForest; Mahalanobis; 单变量IQR+3σ; 残差,1.661,136,正常
1670,2024-04-20 10:06:00,2024-04-20 10:10:00,5.0,停机,IsolationForest; Mahalanobis; 单变量IQR+3σ; 残差,484.478,170,Mahalanobis 距离=484.5（阈值=18.5）。主要贡献特征：PC3 (58.9%); PC2 (23.6%); PC4 (17.5%)。
1671,2024-04-20 10:26:00,2024-04-20 13:51:00,206.0,停机,IsolationForest; Mahalanobis; 单变量IQR+3σ; 残差,1271.504,7004,Mahalanobis 距离=1271.5（阈值=18.5）。主要贡献特征：PC3 (59.1%); PC2 (21.2%); PC4 (19.7%)。
1672,2024-04-20 13:53:00,2024-04-20 13:56:00,4.0,轻载,IsolationForest; Mahalanobis; 单变量IQR+3σ; 残差,1469.998,136,Mahalanobis 距离=1470.0（阈值=18.5）。主要贡献特征：PC3 (62.9%); PC2 (23.0%); PC4 (14.1%)。
1673,2024-04-20 16:14:00,2024-04-20 16:17:00,4.0,轻载,IsolationForest; Mahalanobis; 单变量IQR+3σ; 残差,2.269,136,正常
1674,2024-04-20 16:42:00,2024-04-20 16:45:00,4.0,轻载,IsolationForest; Mahalanobis; 单变量IQR+3σ; 残差,16.151,136,正常
1675,2024-04-20 18:23:00,2024-04-20 18:27:00,5.0,停机,IsolationForest; Mahalanobis; 单变量IQR+3σ; 残差,20.405,170,Mahalanobis 距离=20.4（阈值=18.5）。主要贡献特征：PC2 (70.0%); PC3 (27.0%); PC1 (3.0%)。
1676,2024-04-20 18:32:00,2024-04-20 19:08:00,37.0,停机,IsolationForest; Mahalanobis; 单变量IQR+3σ; 残差,1713.341,1258,Mahalanobis 距离=1713.3（阈值=18.5）。主要贡献特征：PC2 (55.2%); PC3 (44.7%)。
1677,2024-04-20 19:13:00,2024-04-20 19:24:00,12.0,停机,IsolationForest; Mahalanobis; 单变量IQR+3σ; 残差,3803.876,408,Mahalanobis 距离=3803.9（阈值=18.5）。主要贡献特征：PC2 (74.4%); PC3 (23.0%); PC4 (2.6%)。
1678,2024-04-20 19:26:00,2024-04-20 19:29:00,4.0,停机,IsolationForest; Mahalanobis; 单变量IQR+3σ; 残差,669.202,136,Mahalanobis 距离=669.2（阈值=18.5）。主要贡献特征：PC4 (51.8%); PC3 (34.8%); PC2 (13.3%)。
1679,2024-04-20 19:32:00,2024-04-20 19:40:00,9.0,停机,IsolationForest; Mahalanobis; 单变量IQR+3σ; 残差,2467.435,306,Mahalanobis 距离=2467.4（阈值=18.5）。主要贡献特征：PC2 (71.3%); PC3 (28.7%)。
1680,2024-04-20 19:46:00,2024-04-20 20:04:00,19.0,重载,IsolationForest; Mahalanobis; 单变量IQR+3σ; 残差,3.492,646,正常
1681,2024-04-20 20:06:00,2024-04-20 20:06:00,1.0,重载,IsolationForest; Mahalanobis; 单变量IQR+3σ; 残差,7.066,34,正常
1682,2024-04-20 20:11:00,2024-04-20 20:11:00,1.0,重载,IsolationForest; Mahalanobis; 单变量IQR+3σ; 残差,3.495,34,残差异常：采煤机_破碎机_电机_电流 偏高（残差 Z-score=3.5，实际=39.0 vs 预测=0.0）
1683,2024-04-20 20:23:00,2024-04-20 20:26:00,4.0,停机,IsolationForest; Mahalanobis; 单变量IQR+3σ; 残差,3734.036,136,Mahalanobis 距离=3734.0（阈值=18.5）。主要贡献特征：PC2 (80.9%); PC3 (18.3%)。
1684,2024-04-20 20:31:00,2024-04-20 20:35:00,5.0,重载,IsolationForest; Mahalanobis; 单变量IQR+3σ; 残差,5.762,170,正常
1685,2024-04-20 20:37:00,2024-04-20 20:40:00,4.0,停机,IsolationForest; Mahalanobis; 单变量IQR+3σ; 残差,2001.021,136,Mahalanobis 距离=2001.0（阈值=18.5）。主要贡献特征：PC2 (71.0%); PC3 (28.4%)。
1686,2024-04-20 20:42:00,2024-04-20 20:42:00,1.0,重载,IsolationForest; Mahalanobis; 单变量IQR+3σ; 残差,2.011,34,正常
1687,2024-04-20 20:51:00,2024-04-20 20:51:00,1.0,重载,IsolationForest; Mahalanobis; 单变量IQR+3σ; 残差,6.183,34,正常
1688,2024-04-20 20:55:00,2024-04-20 21:04:00,10.0,停机,IsolationForest; Mahalanobis; 单变量IQR+3σ; 残差,1092.188,340,Mahalanobis 距离=1092.2（阈值=18.5）。主要贡献特征：PC2 (62.5%); PC3 (35.1%); PC4 (2.4%)。
1689,2024-04-20 21:14:00,2024-04-20 21:14:00,1.0,重载,IsolationForest; Mahalanobis; 单变量IQR+3σ; 残差,3.008,34,残差异常：采煤机_油泵_左电机_电流 偏高（残差 Z-score=3.0，实际=39.0 vs 预测=17.0）
1690,2024-04-20 21:18:00,2024-04-20 21:18:00,1.0,停机,IsolationForest; Mahalanobis; 单变量IQR+3σ; 残差,3059.278,34,Mahalanobis 距离=3059.3（阈值=18.5）。主要贡献特征：PC2 (83.0%); PC3 (16.8%)。
1691,2024-04-20 21:44:00,2024-04-20 21:44:00,1.0,重载,IsolationForest; Mahalanobis; 单变量IQR+3σ; 残差,2.04,34,正常
1692,2024-04-20 21:51:00,2024-04-20 21:53:00,3.0,重载,IsolationForest; Mahalanobis; 单变量IQR+3σ; 残差,5.194,102,正常
1693,2024-04-20 21:57:00,2024-04-20 21:59:00,3.0,重载,IsolationForest; Mahalanobis; 单变量IQR+3σ; 残差,4.713,102,正常
1694,2024-04-20 22:01:00,2024-04-20 22:03:00,3.0,重载,IsolationForest; Mahalanobis; 单变量IQR+3σ; 残差,5.369,102,正常
1695,2024-04-20 22:05:00,2024-04-20 22:07:00,3.0,重载,IsolationForest; Mahalanobis; 单变量IQR+3σ; 残差,6.688,102,正常
1696,2024-04-20 22:12:00,2024-04-20 22:15:00,4.0,停机,IsolationForest; Mahalanobis; 单变量IQR+3σ; 残差,4426.284,136,Mahalanobis 距离=4426.3（阈值=18.5）。主要贡献特征：PC2 (82.8%); PC3 (16.8%)。
1697,2024-04-20 22:18:00,2024-04-20 22:20:00,3.0,重载,IsolationForest; Mahalanobis; 单变量IQR+3σ; 残差,16.104,102,正常
1698,2024-04-20 22:24:00,2024-04-20 22:24:00,1.0,重载,IsolationForest; Mahalanobis; 单变量IQR+3σ; 残差,5.211,34,正常
1699,2024-04-20 22:41:00,2024-04-20 22:45:00,5.0,停机,IsolationForest; Mahalanobis; 单变量IQR+3σ; 残差,2681.353,170,Mahalanobis 距离=2681.4（阈值=18.5）。主要贡献特征：PC2 (61.1%); PC3 (38.0%)。
1700,2024-04-20 22:48:00,2024-04-20 22:48:00,1.0,重载,IsolationForest; Mahalanobis; 单变量IQR+3σ; 残差,2.49,34,正常
1701,2024-04-20 22:50:00,2024-04-20 22:52:00,3.0,重载,IsolationForest; Mahalanobis; 单变量IQR+3σ; 残差,2.439,102,正常
1702,2024-04-20 22:57:00,2024-04-20 22:57:00,1.0,重载,IsolationForest; Mahalanobis; 单变量IQR+3σ; 残差,6.335,34,残差异常：采煤机_油泵_右电机_电流 偏高（残差 Z-score=6.3，实际=58.0 vs 预测=17.0）
1703,2024-04-20 23:13:00,2024-04-20 23:21:00,9.0,重载,IsolationForest; Mahalanobis; 单变量IQR+3σ; 残差,3.631,306,正常
1704,2024-04-20 23:28:00,2024-04-20 23:30:00,3.0,停机,IsolationForest; Mahalanobis; 单变量IQR+3σ; 残差,3896.703,102,Mahalanobis 距离=3896.7（阈值=18.5）。主要贡献特征：PC2 (77.4%); PC3 (21.8%)。
1705,2024-04-20 23:35:00,2024-04-20 23:35:00,1.0,重载,IsolationForest; Mahalanobis; 单变量IQR+3σ; 残差,5.029,34,正常
1706,2024-04-20 23:39:00,2024-04-20 23:41:00,3.0,重载,IsolationForest; Mahalanobis; 单变量IQR+3σ; 残差,3.183,102,残差异常：采煤机_油泵_右电机_电流 偏高（残差 Z-score=3.2，实际=39.0 vs 预测=18.4）
1707,2024-04-20 23:54:00,2024-04-20 23:58:00,5.0,停机,IsolationForest; Mahalanobis; 单变量IQR+3σ; 残差,2762.534,170,Mahalanobis 距离=2762.5（阈值=18.5）。主要贡献特征：PC2 (93.1%); PC4 (5.9%)。
1708,2024-04-21 00:03:00,2024-04-21 00:06:00,4.0,停机,IsolationForest; Mahalanobis; 单变量IQR+3σ; 残差,2147.904,136,Mahalanobis 距离=2147.9（阈值=18.5）。主要贡献特征：PC2 (70.3%); PC3 (29.0%)。
1709,2024-04-21 00:11:00,2024-04-21 00:11:00,1.0,重载,IsolationForest; Mahalanobis; 单变量IQR+3σ; 残差,4.043,34,正常
1710,2024-04-21 00:19:00,2024-04-21 00:19:00,1.0,重载,IsolationForest; Mahalanobis; 单变量IQR+3σ; 残差,5.6,34,正常
1711,2024-04-21 00:27:00,2024-04-21 00:27:00,1.0,重载,IsolationForest; Mahalanobis; 单变量IQR+3σ; 残差,3.692,34,残差异常：采煤机_油泵_左电机_电流 偏高（残差 Z-score=3.7，实际=44.0 vs 预测=17.0）
1712,2024-04-21 00:29:00,2024-04-21 00:29:00,1.0,停机,IsolationForest; Mahalanobis; 单变量IQR+3σ; 残差,5334.721,34,Mahalanobis 距离=5334.7（阈值=18.5）。主要贡献特征：PC2 (84.8%); PC3 (14.7%)。
1713,2024-04-21 00:31:00,2024-04-21 00:34:00,4.0,停机,IsolationForest; Mahalanobis; 单变量IQR+3σ; 残差,4404.903,136,Mahalanobis 距离=4404.9（阈值=18.5）。主要贡献特征：PC2 (86.4%); PC3 (13.4%)。
1714,2024-04-21 00:39:00,2024-04-21 00:41:00,3.0,重载,IsolationForest; Mahalanobis; 单变量IQR+3σ; 残差,5.443,102,正常
1715,2024-04-21 00:48:00,2024-04-21 00:48:00,1.0,重载,IsolationForest; Mahalanobis; 单变量IQR+3σ; 残差,4.868,34,残差异常：采煤机_油泵_左电机_电流 偏高（残差 Z-score=4.9，实际=52.0 vs 预测=16.4）
1716,2024-04-21 01:03:00,2024-04-21 01:03:00,1.0,重载,IsolationForest; Mahalanobis; 单变量IQR+3σ; 残差,4.11,34,正常
1717,2024-04-21 01:07:00,2024-04-21 01:12:00,6.0,重载,IsolationForest; Mahalanobis; 单变量IQR+3σ; 残差,6.189,204,正常
1718,2024-04-21 01:17:00,2024-04-21 01:19:00,3.0,重载,IsolationForest; Mahalanobis; 单变量IQR+3σ; 残差,3.43,102,正常
1719,2024-04-21 01:21:00,2024-04-21 01:21:00,1.0,重载,IsolationForest; Mahalanobis; 单变量IQR+3σ; 残差,5.859,34,正常
1720,2024-04-21 01:29:00,2024-04-21 01:29:00,1.0,重载,IsolationForest; Mahalanobis; 单变量IQR+3σ; 残差,3.235,34,残差异常：采煤机_油泵_左油箱_油压 偏高（残差 Z-score=3.2，实际=13.2 vs 预测=2.4）
1721,2024-04-21 01:35:00,2024-04-21 01:35:00,1.0,重载,IsolationForest; Mahalanobis; 单变量IQR+3σ; 残差,3.245,34,残差异常：采煤机_油泵_右电机_电流 偏高（残差 Z-score=3.2，实际=38.0 vs 预测=17.0）
1722,2024-04-21 01:38:00,2024-04-21 01:38:00,1.0,重载,IsolationForest; Mahalanobis; 单变量IQR+3σ; 残差,7.066,34,正常
1723,2024-04-21 01:41:00,2024-04-21 01:43:00,3.0,重载,IsolationForest; Mahalanobis; 单变量IQR+3σ; 残差,2.515,102,正常
1724,2024-04-21 01:46:00,2024-04-21 01:46:00,1.0,重载,IsolationForest; Mahalanobis; 单变量IQR+3σ; 残差,2.059,34,正常
1725,2024-04-21 01:53:00,2024-04-21 01:53:00,1.0,重载,IsolationForest; Mahalanobis; 单变量IQR+3σ; 残差,5.474,34,正常
1726,2024-04-21 01:56:00,2024-04-21 01:56:00,1.0,重载,IsolationForest; Mahalanobis; 单变量IQR+3σ; 残差,6.452,34,残差异常：采煤机_破碎机_电机_电流 偏高（残差 Z-score=6.5，实际=72.0 vs 预测=0.0）
1727,2024-04-21 02:09:00,2024-04-21 02:10:00,2.0,重载,IsolationForest; Mahalanobis; 单变量IQR+3σ; 残差,24.464,68,残差异常：采煤机_破碎机_电机_电流 偏高（残差 Z-score=24.5，实际=273.0 vs 预测=0.0）
1728,2024-04-21 02:12:00,2024-04-21 02:15:00,4.0,重载,IsolationForest; Mahalanobis; 单变量IQR+3σ; 残差,4.828,136,正常
1729,2024-04-21 02:23:00,2024-04-21 02:23:00,1.0,重载,IsolationForest; Mahalanobis; 单变量IQR+3σ; 残差,3.917,34,正常
1730,2024-04-21 02:26:00,2024-04-21 02:26:00,1.0,重载,IsolationForest; Mahalanobis; 单变量IQR+3σ; 残差,4.02,34,残差异常：采煤机_油泵_左电机_电流 偏高（残差 Z-score=4.0，实际=46.0 vs 预测=16.6）
1731,2024-04-21 02:34:00,2024-04-21 02:37:00,4.0,停机,IsolationForest; Mahalanobis; 单变量IQR+3σ; 残差,2372.085,136,Mahalanobis 距离=2372.1（阈值=18.5）。主要贡献特征：PC2 (90.2%); PC4 (7.8%); PC3 (2.0%)。
1732,2024-04-21 02:43:00,2024-04-21 02:45:00,3.0,重载,IsolationForest; Mahalanobis; 单变量IQR+3σ; 残差,5.444,102,正常
1733,2024-04-21 02:47:00,2024-04-21 02:47:00,1.0,重载,IsolationForest; Mahalanobis; 单变量IQR+3σ; 残差,4.357,34,残差异常：采煤机_油泵_右电机_电流 偏高（残差 Z-score=4.4，实际=46.0 vs 预测=17.8）
1734,2024-04-21 02:54:00,2024-04-21 02:54:00,1.0,重载,IsolationForest; Mahalanobis; 单变量IQR+3σ; 残差,3.965,34,残差异常：采煤机_油泵_左电机_电流 偏高（残差 Z-score=4.0，实际=46.0 vs 预测=17.0）
1735,2024-04-21 02:58:00,2024-04-21 03:00:00,3.0,重载,IsolationForest; Mahalanobis; 单变量IQR+3σ; 残差,2.4,102,正常
1736,2024-04-21 03:04:00,2024-04-21 03:08:00,5.0,停机,IsolationForest; Mahalanobis; 单变量IQR+3σ; 残差,2239.492,170,Mahalanobis 距离=2239.5（阈值=18.5）。主要贡献特征：PC2 (69.4%); PC3 (28.7%); PC4 (1.9%)。
1737,2024-04-21 03:15:00,2024-04-21 03:27:00,13.0,重载,IsolationForest; Mahalanobis; 单变量IQR+3σ; 残差,5.256,442,正常
1738,2024-04-21 03:30:00,2024-04-21 03:36:00,7.0,停机,IsolationForest; Mahalanobis; 单变量IQR+3σ; 残差,2976.105,238,Mahalanobis 距离=2976.1（阈值=18.5）。主要贡献特征：PC2 (81.6%); PC3 (18.4%)。
1739,2024-04-21 03:38:00,2024-04-21 03:38:00,1.0,重载,IsolationForest; Mahalanobis; 单变量IQR+3σ; 残差,6.86,34,残差异常：采煤机_油泵_右电机_电流 偏高（残差 Z-score=6.9，实际=62.0 vs 预测=17.6）
1740,2024-04-21 03:41:00,2024-04-21 03:41:00,1.0,重载,IsolationForest; Mahalanobis; 单变量IQR+3σ; 残差,3.56,34,正常
1741,2024-04-21 03:57:00,2024-04-21 03:57:00,1.0,重载,IsolationForest; Mahalanobis; 单变量IQR+3σ; 残差,6.053,34,正常
1742,2024-04-21 04:00:00,2024-04-21 04:01:00,2.0,停机,IsolationForest; Mahalanobis; 单变量IQR+3σ; 残差,3232.469,68,Mahalanobis 距离=3232.5（阈值=18.5）。主要贡献特征：PC2 (75.1%); PC3 (24.0%)。
1743,2024-04-21 04:03:00,2024-04-21 04:04:00,2.0,停机,IsolationForest; Mahalanobis; 单变量IQR+3σ; 残差,3306.292,68,Mahalanobis 距离=3306.3（阈值=18.5）。主要贡献特征：PC2 (81.0%); PC3 (17.1%); PC4 (1.9%)。
1744,2024-04-21 04:07:00,2024-04-21 04:07:00,1.0,停机,IsolationForest; Mahalanobis; 单变量IQR+3σ; 残差,3518.977,34,Mahalanobis 距离=3519.0（阈值=18.5）。主要贡献特征：PC2 (79.1%); PC3 (18.6%); PC4 (2.3%)。
1745,2024-04-21 04:14:00,2024-04-21 04:14:00,1.0,重载,IsolationForest; Mahalanobis; 单变量IQR+3σ; 残差,4.594,34,残差异常：采煤机_油泵_左电机_电流 偏高（残差 Z-score=4.6，实际=51.0 vs 预测=17.4）
1746,2024-04-21 04:18:00,2024-04-21 04:18:00,1.0,重载,IsolationForest; Mahalanobis; 单变量IQR+3σ; 残差,4.92,34,正常
1747,2024-04-21 04:23:00,2024-04-21 04:27:00,5.0,重载,IsolationForest; Mahalanobis; 单变量IQR+3σ; 残差,6.268,170,正常
1748,2024-04-21 04:34:00,2024-04-21 04:34:00,1.0,重载,IsolationForest; Mahalanobis; 单变量IQR+3σ; 残差,6.14,34,正常
1749,2024-04-21 04:36:00,2024-04-21 04:36:00,1.0,重载,IsolationForest; Mahalanobis; 单变量IQR+3σ; 残差,5.474,34,正常
1750,2024-04-21 04:51:00,2024-04-21 04:51:00,1.0,重载,IsolationForest; Mahalanobis; 单变量IQR+3σ; 残差,5.992,34,正常
1751,2024-04-21 04:54:00,2024-04-21 04:54:00,1.0,重载,IsolationForest; Mahalanobis; 单变量IQR+3σ; 残差,5.066,34,正常
1752,2024-04-21 05:05:00,2024-04-21 05:07:00,3.0,重载,IsolationForest; Mahalanobis; 单变量IQR+3σ; 残差,5.548,102,单变量异常：采煤机_油泵_右油箱_油压（z-score=5.5，实际=18.0，均值=3.0±2.7）
1753,2024-04-21 05:09:00,2024-04-21 05:09:00,1.0,停机,IsolationForest; Mahalanobis; 单变量IQR+3σ; 残差,2427.467,34,Mahalanobis 距离=2427.5（阈值=18.5）。主要贡献特征：PC2 (67.3%); PC3 (32.7%)。
1754,2024-04-21 05:12:00,2024-04-21 05:12:00,1.0,重载,IsolationForest; Mahalanobis; 单变量IQR+3σ; 残差,3.008,34,残差异常：采煤机_油泵_左电机_电流 偏高（残差 Z-score=3.0，实际=39.0 vs 预测=17.0）
1755,2024-04-21 05:27:00,2024-04-21 05:27:00,1.0,重载,IsolationForest; Mahalanobis; 单变量IQR+3σ; 残差,5.748,34,残差异常：采煤机_油泵_右电机_电流 偏高（残差 Z-score=5.7，实际=54.0 vs 预测=16.8）
1756,2024-04-21 05:41:00,2024-04-21 05:42:00,2.0,重载,IsolationForest; Mahalanobis; 单变量IQR+3σ; 残差,5.377,68,残差异常：采煤机_油泵_右电机_电流 偏高（残差 Z-score=5.4，实际=52.0 vs 预测=17.2）
1757,2024-04-21 06:04:00,2024-04-21 06:05:00,2.0,停机,IsolationForest; Mahalanobis; 单变量IQR+3σ; 残差,3843.346,68,Mahalanobis 距离=3843.3（阈值=18.5）。主要贡献特征：PC2 (85.1%); PC3 (14.8%)。
1758,2024-04-21 06:08:00,2024-04-21 06:08:00,1.0,重载,IsolationForest; Mahalanobis; 单变量IQR+3σ; 残差,4.596,34,正常
1759,2024-04-21 06:10:00,2024-04-21 06:10:00,1.0,停机,IsolationForest; Mahalanobis; 单变量IQR+3σ; 残差,2858.366,34,Mahalanobis 距离=2858.4（阈值=18.5）。主要贡献特征：PC2 (77.3%); PC3 (22.5%)。
1760,2024-04-21 06:22:00,2024-04-21 06:22:00,1.0,重载,IsolationForest; Mahalanobis; 单变量IQR+3σ; 残差,1.456,34,正常
1761,2024-04-21 06:28:00,2024-04-21 06:28:00,1.0,重载,IsolationForest; Mahalanobis; 单变量IQR+3σ; 残差,3.059,34,残差异常：采煤机_油泵_右电机_电流 偏高（残差 Z-score=3.1，实际=37.0 vs 预测=17.2）
1762,2024-04-21 06:32:00,2024-04-21 06:32:00,1.0,重载,IsolationForest; Mahalanobis; 单变量IQR+3σ; 残差,4.887,34,正常
1763,2024-04-21 06:34:00,2024-04-21 06:37:00,4.0,停机,IsolationForest; Mahalanobis; 单变量IQR+3σ; 残差,2368.766,136,Mahalanobis 距离=2368.8（阈值=18.5）。主要贡献特征：PC2 (93.0%); PC4 (6.0%)。
1764,2024-04-21 06:47:00,2024-04-21 06:49:00,3.0,重载,IsolationForest; Mahalanobis; 单变量IQR+3σ; 残差,5.458,102,正常
1765,2024-04-21 06:53:00,2024-04-21 06:53:00,1.0,停机,IsolationForest; Mahalanobis; 单变量IQR+3σ; 残差,1710.0,34,Mahalanobis 距离=1710.0（阈值=18.5）。主要贡献特征：PC2 (68.2%); PC3 (30.8%)。
1766,2024-04-21 07:11:00,2024-04-21 07:11:00,1.0,重载,IsolationForest; Mahalanobis; 单变量IQR+3σ; 残差,4.157,34,残差异常：采煤机_油泵_左电机_电流 偏高（残差 Z-score=4.2，实际=47.0 vs 预测=16.6）
1767,2024-04-21 07:13:00,2024-04-21 07:15:00,3.0,重载,IsolationForest; Mahalanobis; 单变量IQR+3σ; 残差,4.437,102,正常
1768,2024-04-21 07:19:00,2024-04-21 07:21:00,3.0,重载,IsolationForest; Mahalanobis; 单变量IQR+3σ; 残差,5.497,102,正常
1769,2024-04-21 07:28:00,2024-04-21 07:28:00,1.0,重载,IsolationForest; Mahalanobis; 单变量IQR+3σ; 残差,6.621,34,正常
1770,2024-04-21 07:31:00,2024-04-21 07:31:00,1.0,重载,IsolationForest; Mahalanobis; 单变量IQR+3σ; 残差,5.665,34,正常
1771,2024-04-21 07:43:00,2024-04-21 07:45:00,3.0,重载,IsolationForest; Mahalanobis; 单变量IQR+3σ; 残差,2.187,102,正常
1772,2024-04-21 08:10:00,2024-04-21 08:12:00,3.0,重载,IsolationForest; Mahalanobis; 单变量IQR+3σ; 残差,4.363,102,正常
1773,2024-04-21 08:14:00,2024-04-21 08:16:00,3.0,重载,IsolationForest; Mahalanobis; 单变量IQR+3σ; 残差,4.875,102,残差异常：采煤机_破碎机_电机_电流 偏高（残差 Z-score=4.9，实际=72.0 vs 预测=17.6）
1774,2024-04-21 08:18:00,2024-04-21 08:19:00,2.0,重载,IsolationForest; Mahalanobis; 单变量IQR+3σ; 残差,1.979,68,正常
1775,2024-04-21 08:21:00,2024-04-21 08:24:00,4.0,停机,IsolationForest; Mahalanobis; 单变量IQR+3σ; 残差,2492.547,136,Mahalanobis 距离=2492.5（阈值=18.5）。主要贡献特征：PC2 (75.0%); PC3 (24.9%)。
1776,2024-04-21 08:26:00,2024-04-21 08:26:00,1.0,轻载,IsolationForest; Mahalanobis; 单变量IQR+3σ; 残差,2.764,34,正常
1777,2024-04-21 08:28:00,2024-04-21 08:34:00,7.0,重载,IsolationForest; Mahalanobis; 单变量IQR+3σ; 残差,5.511,238,单变量异常：采煤机_油泵_右油箱_油压（z-score=5.5，实际=17.9，均值=3.0±2.7）
1778,2024-04-21 08:37:00,2024-04-21 08:37:00,1.0,重载,IsolationForest; Mahalanobis; 单变量IQR+3σ; 残差,6.029,34,正常
1779,2024-04-21 08:39:00,2024-04-21 08:39:00,1.0,重载,IsolationForest; Mahalanobis; 单变量IQR+3σ; 残差,3.801,34,残差异常：采煤机_油泵_左电机_电流 偏高（残差 Z-score=3.8，实际=44.0 vs 预测=16.2）
1780,2024-04-21 08:44:00,2024-04-21 08:51:00,8.0,停机,IsolationForest; Mahalanobis; 单变量IQR+3σ; 残差,4339.392,272,Mahalanobis 距离=4339.4（阈值=18.5）。主要贡献特征：PC2 (88.0%); PC4 (10.5%); PC3 (1.6%)。
1781,2024-04-21 08:54:00,2024-04-21 08:55:00,2.0,重载,IsolationForest; Mahalanobis; 单变量IQR+3σ; 残差,7.169,68,残差异常：采煤机_油泵_右电机_电流 偏高（残差 Z-score=7.2，实际=63.0 vs 预测=16.6）
1782,2024-04-21 09:02:00,2024-04-21 09:02:00,1.0,重载,IsolationForest; Mahalanobis; 单变量IQR+3σ; 残差,5.548,34,正常
1783,2024-04-21 09:07:00,2024-04-21 09:07:00,1.0,重载,IsolationForest; Mahalanobis; 单变量IQR+3σ; 残差,3.765,34,残差异常：采煤机_油泵_左油箱_油压 偏高（残差 Z-score=3.8，实际=14.9 vs 预测=2.4）
1784,2024-04-21 09:10:00,2024-04-21 09:10:00,1.0,重载,IsolationForest; Mahalanobis; 单变量IQR+3σ; 残差,5.659,34,正常
1785,2024-04-21 09:27:00,2024-04-21 09:27:00,1.0,重载,IsolationForest; Mahalanobis; 单变量IQR+3σ; 残差,3.555,34,残差异常：采煤机_油泵_左电机_电流 偏高（残差 Z-score=3.6，实际=43.0 vs 预测=17.0）
1786,2024-04-21 09:33:00,2024-04-21 09:35:00,3.0,停机,IsolationForest; Mahalanobis; 单变量IQR+3σ; 残差,5914.594,102,Mahalanobis 距离=5914.6（阈值=18.5）。主要贡献特征：PC2 (88.3%); PC3 (11.2%)。
1787,2024-04-21 09:47:00,2024-04-21 09:47:00,1.0,重载,IsolationForest; Mahalanobis; 单变量IQR+3σ; 残差,3.719,34,残差异常：采煤机_油泵_左电机_电流 偏高（残差 Z-score=3.7，实际=44.0 vs 预测=16.8）
1788,2024-04-21 10:03:00,2024-04-21 10:10:00,8.0,停机,IsolationForest; Mahalanobis; 单变量IQR+3σ; 残差,3067.243,272,Mahalanobis 距离=3067.2（阈值=18.5）。主要贡献特征：PC2 (71.4%); PC3 (28.5%)。
1789,2024-04-21 12:56:00,2024-04-21 13:17:00,22.0,停机,IsolationForest; Mahalanobis; 单变量IQR+3σ; 残差,17.879,748,正常
1790,2024-04-21 14:49:00,2024-04-21 14:58:00,10.0,停机,IsolationForest; Mahalanobis; 单变量IQR+3σ; 残差,21.409,340,Mahalanobis 距离=21.4（阈值=18.5）。主要贡献特征：PC3 (49.8%); PC2 (43.4%); PC4 (5.4%)。
1791,2024-04-21 15:18:00,2024-04-21 15:21:00,4.0,轻载,IsolationForest; Mahalanobis; 单变量IQR+3σ; 残差,1.81,136,正常
1792,2024-04-21 15:42:00,2024-04-21 15:46:00,5.0,停机,IsolationForest; Mahalanobis; 单变量IQR+3σ; 残差,8401.862,170,Mahalanobis 距离=8401.9（阈值=18.5）。主要贡献特征：PC4 (50.3%); PC2 (25.3%); PC3 (24.4%)。
1793,2024-04-21 16:05:00,2024-04-21 16:06:00,2.0,重载,IsolationForest; Mahalanobis; 单变量IQR+3σ; 残差,5.51,68,正常
1794,2024-04-21 16:13:00,2024-04-21 16:16:00,4.0,停机,IsolationForest; Mahalanobis; 单变量IQR+3σ; 残差,20.419,136,Mahalanobis 距离=20.4（阈值=18.5）。主要贡献特征：PC2 (84.1%); PC4 (8.1%); PC1 (7.3%)。
1795,2024-04-21 16:36:00,2024-04-21 16:58:00,23.0,停机,IsolationForest; Mahalanobis; 单变量IQR+3σ; 残差,5131.726,782,Mahalanobis 距离=5131.7（阈值=18.5）。主要贡献特征：PC2 (85.5%); PC3 (14.1%)。
1796,2024-04-21 17:01:00,2024-04-21 17:04:00,4.0,停机,IsolationForest; Mahalanobis; 单变量IQR+3σ; 残差,3018.698,136,Mahalanobis 距离=3018.7（阈值=18.5）。主要贡献特征：PC2 (82.7%); PC3 (17.3%)。
1797,2024-04-21 17:12:00,2024-04-21 17:16:00,5.0,停机,IsolationForest; Mahalanobis; 单变量IQR+3σ; 残差,1295.119,170,Mahalanobis 距离=1295.1（阈值=18.5）。主要贡献特征：PC2 (78.9%); PC3 (21.1%)。
1798,2024-04-21 17:28:00,2024-04-21 17:39:00,12.0,重载,IsolationForest; Mahalanobis; 单变量IQR+3σ; 残差,5.659,408,单变量异常：采煤机_油泵_右油箱_油压（z-score=5.7，实际=18.3，均值=3.0±2.7）
1799,2024-04-21 17:43:00,2024-04-21 17:43:00,1.0,重载,IsolationForest; Mahalanobis; 单变量IQR+3σ; 残差,2.022,34,正常
1800,2024-04-21 17:51:00,2024-04-21 17:51:00,1.0,重载,IsolationForest; Mahalanobis; 单变量IQR+3σ; 残差,2.555,34,正常
1801,2024-04-21 18:03:00,2024-04-21 18:03:00,1.0,重载,IsolationForest; Mahalanobis; 单变量IQR+3σ; 残差,3.119,34,残差异常：采煤机_破碎机_电机_电流 偏高（残差 Z-score=3.1，实际=39.0 vs 预测=4.2）
1802,2024-04-21 18:09:00,2024-04-21 18:12:00,4.0,停机,IsolationForest; Mahalanobis; 单变量IQR+3σ; 残差,1972.426,136,Mahalanobis 距离=1972.4（阈值=18.5）。主要贡献特征：PC2 (62.3%); PC3 (37.6%)。
1803,2024-04-21 18:14:00,2024-04-21 18:19:00,6.0,重载,IsolationForest; Mahalanobis; 单变量IQR+3σ; 残差,22.761,204,残差异常：采煤机_破碎机_电机_电流 偏高（残差 Z-score=22.8，实际=282.0 vs 预测=28.0）
1804,2024-04-21 18:21:00,2024-04-21 18:22:00,2.0,重载,IsolationForest; Mahalanobis; 单变量IQR+3σ; 残差,7.177,68,正常
1805,2024-04-21 18:27:00,2024-04-21 18:30:00,4.0,停机,IsolationForest; Mahalanobis; 单变量IQR+3σ; 残差,1714.757,136,Mahalanobis 距离=1714.8（阈值=18.5）。主要贡献特征：PC2 (68.8%); PC3 (30.6%)。
1806,2024-04-21 18:35:00,2024-04-21 18:40:00,6.0,重载,IsolationForest; Mahalanobis; 单变量IQR+3σ; 残差,23.613,204,Mahalanobis 距离=23.6（阈值=18.5）。主要贡献特征：PC2 (55.3%); PC3 (42.7%); PC1 (1.4%)。
1807,2024-04-21 18:44:00,2024-04-21 18:44:00,1.0,重载,IsolationForest; Mahalanobis; 单变量IQR+3σ; 残差,6.215,34,正常
1808,2024-04-21 18:47:00,2024-04-21 18:47:00,1.0,重载,IsolationForest; Mahalanobis; 单变量IQR+3σ; 残差,7.14,34,正常
1809,2024-04-21 18:55:00,2024-04-21 18:57:00,3.0,停机,IsolationForest; Mahalanobis; 单变量IQR+3σ; 残差,2317.831,102,Mahalanobis 距离=2317.8（阈值=18.5）。主要贡献特征：PC2 (75.1%); PC3 (23.6%); PC4 (1.3%)。
1810,2024-04-21 19:16:00,2024-04-21 19:16:00,1.0,重载,IsolationForest; Mahalanobis; 单变量IQR+3σ; 残差,3.488,34,正常
1811,2024-04-21 19:33:00,2024-04-21 19:38:00,6.0,重载,IsolationForest; Mahalanobis; 单变量IQR+3σ; 残差,6.441,204,正常
1812,2024-04-21 19:40:00,2024-04-21 19:44:00,5.0,停机,IsolationForest; Mahalanobis; 单变量IQR+3σ; 残差,9785.889,170,Mahalanobis 距离=9785.9（阈值=18.5）。主要贡献特征：PC2 (93.9%); PC3 (5.4%)。
1813,2024-04-21 19:49:00,2024-04-21 19:51:00,3.0,重载,IsolationForest; Mahalanobis; 单变量IQR+3σ; 残差,4.822,102,正常
1814,2024-04-21 19:56:00,2024-04-21 19:56:00,1.0,重载,IsolationForest; Mahalanobis; 单变量IQR+3σ; 残差,3.145,34,残差异常：采煤机_油泵_左电机_电流 偏高（残差 Z-score=3.1，实际=40.0 vs 预测=17.0）
1815,2024-04-21 19:58:00,2024-04-21 19:58:00,1.0,重载,IsolationForest; Mahalanobis; 单变量IQR+3σ; 残差,6.51,34,正常
1816,2024-04-21 20:01:00,2024-04-21 20:01:00,1.0,重载,IsolationForest; Mahalanobis; 单变量IQR+3σ; 残差,5.831,34,正常
1817,2024-04-21 20:07:00,2024-04-21 20:07:00,1.0,重载,IsolationForest; Mahalanobis; 单变量IQR+3σ; 残差,3.711,34,残差异常：采煤机_截割部位_左滚筒_电机_电流 偏高（残差 Z-score=3.7，实际=291.0 vs 预测=71.2）
1818,2024-04-21 20:14:00,2024-04-21 20:21:00,8.0,重载,IsolationForest; Mahalanobis; 单变量IQR+3σ; 残差,2.303,272,正常
1819,2024-04-21 20:53:00,2024-04-21 20:53:00,1.0,重载,IsolationForest; Mahalanobis; 单变量IQR+3σ; 残差,7.14,34,正常
1820,2024-04-21 20:58:00,2024-04-21 20:59:00,2.0,重载,IsolationForest; Mahalanobis; 单变量IQR+3σ; 残差,4.067,68,正常
1821,2024-04-21 21:04:00,2024-04-21 21:06:00,3.0,停机,IsolationForest; Mahalanobis; 单变量IQR+3σ; 残差,1810.049,102,Mahalanobis 距离=1810.0（阈值=18.5）。主要贡献特征：PC2 (69.6%); PC3 (28.8%); PC4 (1.6%)。
1822,2024-04-21 21:12:00,2024-04-21 21:16:00,5.0,停机,IsolationForest; Mahalanobis; 单变量IQR+3σ; 残差,2368.389,170,Mahalanobis 距离=2368.4（阈值=18.5）。主要贡献特征：PC2 (88.4%); PC3 (11.4%)。
1823,2024-04-21 21:19:00,2024-04-21 21:19:00,1.0,重载,IsolationForest; Mahalanobis; 单变量IQR+3σ; 残差,5.4,34,正常
1824,2024-04-21 21:25:00,2024-04-21 21:25:00,1.0,重载,IsolationForest; Mahalanobis; 单变量IQR+3σ; 残差,3.101,34,残差异常：采煤机_破碎机_电机_电流 偏高（残差 Z-score=3.1，实际=39.0 vs 预测=4.4）
1825,2024-04-21 21:28:00,2024-04-21 21:28:00,1.0,重载,IsolationForest; Mahalanobis; 单变量IQR+3σ; 残差,3.555,34,残差异常：采煤机_油泵_左电机_电流 偏高（残差 Z-score=3.6，实际=43.0 vs 预测=17.0）
1826,2024-04-21 21:54:00,2024-04-21 22:07:00,14.0,停机,IsolationForest; Mahalanobis; 单变量IQR+3σ; 残差,3429.453,476,Mahalanobis 距离=3429.5（阈值=18.5）。主要贡献特征：PC2 (74.8%); PC3 (24.4%)。
1827,2024-04-21 22:11:00,2024-04-21 22:11:00,1.0,重载,IsolationForest; Mahalanobis; 单变量IQR+3σ; 残差,3.337,34,残差异常：采煤机_油泵_右电机_电流 偏高（残差 Z-score=3.3，实际=39.0 vs 预测=17.4）
1828,2024-04-21 22:16:00,2024-04-21 22:16:00,1.0,重载,IsolationForest; Mahalanobis; 单变量IQR+3σ; 残差,3.32,34,残差异常：采煤机_油泵_左油箱_油压 偏高（残差 Z-score=3.3，实际=13.5 vs 预测=2.5）
1829,2024-04-21 22:27:00,2024-04-21 22:29:00,3.0,重载,IsolationForest; Mahalanobis; 单变量IQR+3σ; 残差,2.417,102,正常
1830,2024-04-21 22:32:00,2024-04-21 22:32:00,1.0,重载,IsolationForest; Mahalanobis; 单变量IQR+3σ; 残差,2.065,34,正常
1831,2024-04-21 22:45:00,2024-04-21 22:47:00,3.0,重载,IsolationForest; Mahalanobis; 单变量IQR+3σ; 残差,4.379,102,正常
1832,2024-04-21 22:50:00,2024-04-21 22:50:00,1.0,重载,IsolationForest; Mahalanobis; 单变量IQR+3σ; 残差,5.278,34,残差异常：采煤机_油泵_左电机_电流 偏高（残差 Z-score=5.3，实际=55.0 vs 预测=16.4）
1833,2024-04-21 22:54:00,2024-04-21 22:54:00,1.0,重载,IsolationForest; Mahalanobis; 单变量IQR+3σ; 残差,3.993,34,正常
1834,2024-04-21 23:00:00,2024-04-21 23:00:00,1.0,重载,IsolationForest; Mahalanobis; 单变量IQR+3σ; 残差,5.284,34,残差异常：采煤机_油泵_右电机_电流 偏高（残差 Z-score=5.3，实际=51.0 vs 预测=16.8）
1835,2024-04-21 23:04:00,2024-04-21 23:04:00,1.0,重载,IsolationForest; Mahalanobis; 单变量IQR+3σ; 残差,3.786,34,正常
1836,2024-04-21 23:13:00,2024-04-21 23:25:00,13.0,停机,IsolationForest; Mahalanobis; 单变量IQR+3σ; 残差,1736.657,442,Mahalanobis 距离=1736.7（阈值=18.5）。主要贡献特征：PC2 (86.3%); PC3 (12.6%); PC4 (1.0%)。
1837,2024-04-21 23:30:00,2024-04-21 23:33:00,4.0,停机,IsolationForest; Mahalanobis; 单变量IQR+3σ; 残差,1537.417,136,Mahalanobis 距离=1537.4（阈值=18.5）。主要贡献特征：PC2 (60.3%); PC3 (39.7%)。
1838,2024-04-21 23:40:00,2024-04-21 23:40:00,1.0,轻载,IsolationForest; Mahalanobis; 单变量IQR+3σ; 残差,6.624,34,残差异常：采煤机_截割部位_左滚筒_电机_温度 偏高（残差 Z-score=6.6，实际=67.0 vs 预测=49.2）
1839,2024-04-21 23:45:00,2024-04-21 23:49:00,5.0,停机,IsolationForest; Mahalanobis; 单变量IQR+3σ; 残差,1958.223,170,Mahalanobis 距离=1958.2（阈值=18.5）。主要贡献特征：PC2 (97.4%); PC3 (2.5%)。
1840,2024-04-21 23:54:00,2024-04-21 23:56:00,3.0,重载,IsolationForest; Mahalanobis; 单变量IQR+3σ; 残差,6.547,102,单变量异常：采煤机_油泵_右油箱_油压（z-score=6.5，实际=20.7，均值=3.0±2.7）
1841,2024-04-21 23:59:00,2024-04-21 23:59:00,1.0,重载,IsolationForest; Mahalanobis; 单变量IQR+3σ; 残差,3.413,34,残差异常：采煤机_牵引部位_右电机_电流 偏高（残差 Z-score=3.4，实际=239.0 vs 预测=81.2）
1842,2024-04-22 00:01:00,2024-04-22 00:02:00,2.0,重载,IsolationForest; Mahalanobis; 单变量IQR+3σ; 残差,6.582,68,残差异常：采煤机_油泵_右电机_电流 偏高（残差 Z-score=6.6，实际=61.0 vs 预测=18.4）
1843,2024-04-22 00:06:00,2024-04-22 00:08:00,3.0,停机,IsolationForest; Mahalanobis; 单变量IQR+3σ; 残差,4454.302,102,Mahalanobis 距离=4454.3（阈值=18.5）。主要贡献特征：PC2 (83.6%); PC3 (14.9%); PC4 (1.4%)。
1844,2024-04-22 00:13:00,2024-04-22 00:13:00,1.0,重载,IsolationForest; Mahalanobis; 单变量IQR+3σ; 残差,3.66,34,正常
1845,2024-04-22 00:18:00,2024-04-22 00:18:00,1.0,重载,IsolationForest; Mahalanobis; 单变量IQR+3σ; 残差,4.984,34,正常
1846,2024-04-22 00:24:00,2024-04-22 00:25:00,2.0,重载,IsolationForest; Mahalanobis; 单变量IQR+3σ; 残差,6.572,68,正常
1847,2024-04-22 00:28:00,2024-04-22 00:30:00,3.0,重载,IsolationForest; Mahalanobis; 单变量IQR+3σ; 残差,3.837,102,正常
1848,2024-04-22 00:33:00,2024-04-22 00:35:00,3.0,停机,IsolationForest; Mahalanobis; 单变量IQR+3σ; 残差,5505.193,102,Mahalanobis 距离=5505.2（阈值=18.5）。主要贡献特征：PC2 (83.6%); PC3 (15.6%)。
1849,2024-04-22 00:40:00,2024-04-22 00:40:00,1.0,重载,IsolationForest; Mahalanobis; 单变量IQR+3σ; 残差,6.251,34,正常
1850,2024-04-22 00:42:00,2024-04-22 00:43:00,2.0,重载,IsolationForest; Mahalanobis; 单变量IQR+3σ; 残差,6.262,68,残差异常：采煤机_油泵_左电机_电流 偏高（残差 Z-score=6.3，实际=62.0 vs 预测=16.2）
1851,2024-04-22 00:51:00,2024-04-22 00:57:00,7.0,停机,IsolationForest; Mahalanobis; 单变量IQR+3σ; 残差,4141.361,238,Mahalanobis 距离=4141.4（阈值=18.5）。主要贡献特征：PC2 (91.9%); PC4 (7.3%)。
1852,2024-04-22 01:12:00,2024-04-22 01:14:00,3.0,重载,IsolationForest; Mahalanobis; 单变量IQR+3σ; 残差,4.86,102,正常
1853,2024-04-22 01:16:00,2024-04-22 01:18:00,3.0,重载,IsolationForest; Mahalanobis; 单变量IQR+3σ; 残差,3.402,102,正常
1854,2024-04-22 01:23:00,2024-04-22 01:23:00,1.0,重载,IsolationForest; Mahalanobis; 单变量IQR+3σ; 残差,4.804,34,正常
1855,2024-04-22 01:28:00,2024-04-22 01:28:00,1.0,重载,IsolationForest; Mahalanobis; 单变量IQR+3σ; 残差,3.317,34,正常
1856,2024-04-22 01:30:00,2024-04-22 01:30:00,1.0,重载,IsolationForest; Mahalanobis; 单变量IQR+3σ; 残差,5.253,34,残差异常：采煤机_油泵_右电机_电流 偏高（残差 Z-score=5.3，实际=51.0 vs 预测=17.0）
1857,2024-04-22 01:32:00,2024-04-22 01:32:00,1.0,重载,IsolationForest; Mahalanobis; 单变量IQR+3σ; 残差,5.6,34,正常
1858,2024-04-22 01:39:00,2024-04-22 01:39:00,1.0,重载,IsolationForest; Mahalanobis; 单变量IQR+3σ; 残差,3.199,34,残差异常：采煤机_油泵_左电机_电流 偏高（残差 Z-score=3.2，实际=41.0 vs 预测=17.6）
1859,2024-04-22 01:43:00,2024-04-22 01:53:00,11.0,停机,IsolationForest; Mahalanobis; 单变量IQR+3σ; 残差,4412.634,374,Mahalanobis 距离=4412.6（阈值=18.5）。主要贡献特征：PC2 (86.2%); PC4 (11.8%); PC3 (2.1%)。
1860,2024-04-22 02:01:00,2024-04-22 02:01:00,1.0,重载,IsolationForest; Mahalanobis; 单变量IQR+3σ; 残差,5.688,34,残差异常：采煤机_油泵_左电机_电流 偏高（残差 Z-score=5.7，实际=58.0 vs 预测=16.4）
1861,2024-04-22 02:04:00,2024-04-22 02:04:00,1.0,重载,IsolationForest; Mahalanobis; 单变量IQR+3σ; 残差,4.326,34,正常
1862,2024-04-22 02:17:00,2024-04-22 02:17:00,1.0,停机,IsolationForest; Mahalanobis; 单变量IQR+3σ; 残差,2555.512,34,Mahalanobis 距离=2555.5（阈值=18.5）。主要贡献特征：PC2 (66.3%); PC3 (33.6%)。
1863,2024-04-22 02:22:00,2024-04-22 02:23:00,2.0,轻载,IsolationForest; Mahalanobis; 单变量IQR+3σ; 残差,2054.169,68,Mahalanobis 距离=2054.2（阈值=18.5）。主要贡献特征：PC2 (69.2%); PC3 (30.8%)。
1864,2024-04-22 02:29:00,2024-04-22 02:34:00,6.0,重载,IsolationForest; Mahalanobis; 单变量IQR+3σ; 残差,23.389,204,残差异常：采煤机_破碎机_电机_电流 偏高（残差 Z-score=23.4，实际=261.0 vs 预测=0.0）
1865,2024-04-22 02:42:00,2024-04-22 02:42:00,1.0,重载,IsolationForest; Mahalanobis; 单变量IQR+3σ; 残差,3.316,34,残差异常：采煤机_破碎机_电机_电流 偏高（残差 Z-score=3.3，实际=37.0 vs 预测=0.0）
1866,2024-04-22 02:48:00,2024-04-22 02:48:00,1.0,重载,IsolationForest; Mahalanobis; 单变量IQR+3σ; 残差,6.547,34,正常
1867,2024-04-22 02:56:00,2024-04-22 03:02:00,7.0,停机,IsolationForest; Mahalanobis; 单变量IQR+3σ; 残差,6933.163,238,Mahalanobis 距离=6933.2（阈值=18.5）。主要贡献特征：PC2 (97.6%); PC3 (2.3%)。
1868,2024-04-22 03:04:00,2024-04-22 03:05:00,2.0,重载,IsolationForest; Mahalanobis; 单变量IQR+3σ; 残差,4.792,68,正常
1869,2024-04-22 03:14:00,2024-04-22 03:16:00,3.0,重载,IsolationForest; Mahalanobis; 单变量IQR+3σ; 残差,3.728,102,正常
1870,2024-04-22 03:38:00,2024-04-22 03:38:00,1.0,重载,IsolationForest; Mahalanobis; 单变量IQR+3σ; 残差,4.102,34,残差异常：采煤机_油泵_左电机_电流 偏高（残差 Z-score=4.1，实际=47.0 vs 预测=17.0）
1871,2024-04-22 03:43:00,2024-04-22 03:43:00,1.0,重载,IsolationForest; Mahalanobis; 单变量IQR+3σ; 残差,4.272,34,正常
1872,2024-04-22 03:48:00,2024-04-22 03:57:00,10.0,重载,IsolationForest; Mahalanobis; 单变量IQR+3σ; 残差,5.406,340,正常
1873,2024-04-22 04:00:00,2024-04-22 04:00:00,1.0,重载,IsolationForest; Mahalanobis; 单变量IQR+3σ; 残差,5.665,34,正常
1874,2024-04-22 04:18:00,2024-04-22 04:20:00,3.0,重载,IsolationForest; Mahalanobis; 单变量IQR+3σ; 残差,3.026,102,正常
1875,2024-04-22 05:04:00,2024-04-22 05:07:00,4.0,停机,IsolationForest; Mahalanobis; 单变量IQR+3σ; 残差,2229.463,136,Mahalanobis 距离=2229.5（阈值=18.5）。主要贡献特征：PC2 (66.5%); PC3 (33.5%)。
1876,2024-04-22 05:10:00,2024-04-22 05:11:00,2.0,重载,IsolationForest; Mahalanobis; 单变量IQR+3σ; 残差,4.781,68,正常
1877,2024-04-22 05:14:00,2024-04-22 05:14:00,1.0,重载,IsolationForest; Mahalanobis; 单变量IQR+3σ; 残差,3.943,34,残差异常：采煤机_破碎机_电机_电流 偏高（残差 Z-score=3.9，实际=44.0 vs 预测=0.0）
1878,2024-04-22 05:25:00,2024-04-22 05:25:00,1.0,重载,IsolationForest; Mahalanobis; 单变量IQR+3σ; 残差,5.593,34,残差异常：采煤机_油泵_右电机_电流 偏高（残差 Z-score=5.6，实际=54.0 vs 预测=17.8）
1879,2024-04-22 05:29:00,2024-04-22 05:32:00,4.0,重载,IsolationForest; Mahalanobis; 单变量IQR+3σ; 残差,7.917,136,正常
1880,2024-04-22 05:53:00,2024-04-22 05:53:00,1.0,重载,IsolationForest; Mahalanobis; 单变量IQR+3σ; 残差,5.146,34,正常
1881,2024-04-22 06:00:00,2024-04-22 06:02:00,3.0,重载,IsolationForest; Mahalanobis; 单变量IQR+3σ; 残差,4.512,102,残差异常：采煤机_油泵_左电机_电流 偏高（残差 Z-score=4.5，实际=50.0 vs 预测=17.0）
1882,2024-04-22 06:08:00,2024-04-22 06:08:00,1.0,重载,IsolationForest; Mahalanobis; 单变量IQR+3σ; 残差,3.475,34,残差异常：采煤机_截割部位_右滚筒_电机_电流 偏高（残差 Z-score=3.5，实际=291.0 vs 预测=83.4）
1883,2024-04-22 06:14:00,2024-04-22 06:16:00,3.0,重载,IsolationForest; Mahalanobis; 单变量IQR+3σ; 残差,2.585,102,正常
1884,2024-04-22 06:26:00,2024-04-22 06:26:00,1.0,重载,IsolationForest; Mahalanobis; 单变量IQR+3σ; 残差,4.11,34,正常
1885,2024-04-22 06:33:00,2024-04-22 06:34:00,2.0,重载,IsolationForest; Mahalanobis; 单变量IQR+3σ; 残差,7.399,68,正常
1886,2024-04-22 06:37:00,2024-04-22 06:38:00,2.0,重载,IsolationForest; Mahalanobis; 单变量IQR+3σ; 残差,4.855,68,正常
1887,2024-04-22 06:44:00,2024-04-22 06:44:00,1.0,重载,IsolationForest; Mahalanobis; 单变量IQR+3σ; 残差,3.597,34,正常
1888,2024-04-22 06:46:00,2024-04-22 06:47:00,2.0,停机,IsolationForest; Mahalanobis; 单变量IQR+3σ; 残差,2816.852,68,Mahalanobis 距离=2816.9（阈值=18.5）。主要贡献特征：PC2 (65.9%); PC3 (33.6%)。
1889,2024-04-22 07:21:00,2024-04-22 07:21:00,1.0,重载,IsolationForest; Mahalanobis; 单变量IQR+3σ; 残差,5.548,34,正常
1890,2024-04-22 07:26:00,2024-04-22 07:28:00,3.0,重载,IsolationForest; Mahalanobis; 单变量IQR+3σ; 残差,2.055,102,单变量异常：采煤机_油泵_右电机_温度（z-score=2.1，实际=57.0，均值=50.5±3.1）
1891,2024-04-22 07:35:00,2024-04-22 07:35:00,1.0,重载,IsolationForest; Mahalanobis; 单变量IQR+3σ; 残差,6.806,34,正常
1892,2024-04-22 07:43:00,2024-04-22 07:43:00,1.0,重载,IsolationForest; Mahalanobis; 单变量IQR+3σ; 残差,4.032,34,残差异常：采煤机_破碎机_电机_电流 偏高（残差 Z-score=4.0，实际=45.0 vs 预测=0.0）
1893,2024-04-22 07:49:00,2024-04-22 07:50:00,2.0,停机,IsolationForest; Mahalanobis; 单变量IQR+3σ; 残差,1885.068,68,Mahalanobis 距离=1885.1（阈值=18.5）。主要贡献特征：PC2 (70.6%); PC3 (28.3%); PC4 (1.2%)。
1894,2024-04-22 07:54:00,2024-04-22 07:56:00,3.0,重载,IsolationForest; Mahalanobis; 单变量IQR+3σ; 残差,2.78,102,正常
1895,2024-04-22 08:00:00,2024-04-22 08:02:00,3.0,停机,IsolationForest; Mahalanobis; 单变量IQR+3σ; 残差,6051.737,102,Mahalanobis 距离=6051.7（阈值=18.5）。主要贡献特征：PC2 (88.6%); PC3 (10.7%)。
1896,2024-04-22 08:11:00,2024-04-22 08:14:00,4.0,停机,IsolationForest; Mahalanobis; 单变量IQR+3σ; 残差,1926.399,136,Mahalanobis 距离=1926.4（阈值=18.5）。主要贡献特征：PC2 (67.1%); PC3 (29.7%); PC4 (3.2%)。
1897,2024-04-22 08:17:00,2024-04-22 08:24:00,8.0,重载,IsolationForest; Mahalanobis; 单变量IQR+3σ; 残差,21.18,272,Mahalanobis 距离=21.2（阈值=18.5）。主要贡献特征：PC2 (82.8%); PC3 (17.1%)。
1898,2024-04-22 08:30:00,2024-04-22 08:33:00,4.0,重载,IsolationForest; Mahalanobis; 单变量IQR+3σ; 残差,5.73,136,正常
1899,2024-04-22 08:41:00,2024-04-22 08:49:00,9.0,停机,IsolationForest; Mahalanobis; 单变量IQR+3σ; 残差,4409.42,306,Mahalanobis 距离=4409.4（阈值=18.5）。主要贡献特征：PC2 (78.5%); PC3 (20.7%)。
1900,2024-04-22 08:53:00,2024-04-22 08:55:00,3.0,重载,IsolationForest; Mahalanobis; 单变量IQR+3σ; 残差,4.889,102,正常
1901,2024-04-22 09:18:00,2024-04-22 09:18:00,1.0,重载,IsolationForest; Mahalanobis; 单变量IQR+3σ; 残差,4.572,34,正常
1902,2024-04-22 09:21:00,2024-04-22 09:21:00,1.0,重载,IsolationForest; Mahalanobis; 单变量IQR+3σ; 残差,6.248,34,正常
1903,2024-04-22 09:28:00,2024-04-22 09:28:00,1.0,重载,IsolationForest; Mahalanobis; 单变量IQR+3σ; 残差,4.102,34,残差异常：采煤机_油泵_左电机_电流 偏高（残差 Z-score=4.1，实际=47.0 vs 预测=17.0）
1904,2024-04-22 09:38:00,2024-04-22 09:45:00,8.0,停机,IsolationForest; Mahalanobis; 单变量IQR+3σ; 残差,2603.543,272,Mahalanobis 距离=2603.5（阈值=18.5）。主要贡献特征：PC2 (54.0%); PC3 (44.7%); PC4 (1.3%)。
1905,2024-04-22 09:47:00,2024-04-22 09:48:00,2.0,重载,IsolationForest; Mahalanobis; 单变量IQR+3σ; 残差,3.691,68,正常
1906,2024-04-22 09:55:00,2024-04-22 09:55:00,1.0,重载,IsolationForest; Mahalanobis; 单变量IQR+3σ; 残差,3.494,34,残差异常：采煤机_油泵_左油箱_油压 偏高（残差 Z-score=3.5，实际=14.0 vs 预测=2.4）
1907,2024-04-22 09:58:00,2024-04-22 09:58:00,1.0,停机,IsolationForest; Mahalanobis; 单变量IQR+3σ; 残差,1468.594,34,Mahalanobis 距离=1468.6（阈值=18.5）。主要贡献特征：PC2 (65.5%); PC3 (33.9%)。
1908,2024-04-22 10:06:00,2024-04-22 10:06:00,1.0,重载,IsolationForest; Mahalanobis; 单变量IQR+3σ; 残差,5.992,34,正常
1909,2024-04-22 10:11:00,2024-04-22 10:11:00,1.0,重载,IsolationForest; Mahalanobis; 单变量IQR+3σ; 残差,7.09,34,正常
1910,2024-04-22 10:15:00,2024-04-22 10:17:00,3.0,停机,IsolationForest; Mahalanobis; 单变量IQR+3σ; 残差,2949.264,102,Mahalanobis 距离=2949.3（阈值=18.5）。主要贡献特征：PC2 (80.9%); PC3 (19.1%)。
1911,2024-04-22 10:20:00,2024-04-22 10:23:00,4.0,停机,IsolationForest; Mahalanobis; 单变量IQR+3σ; 残差,1772.26,136,Mahalanobis 距离=1772.3（阈值=18.5）。主要贡献特征：PC2 (73.4%); PC3 (26.6%)。
1912,2024-04-22 10:25:00,2024-04-22 10:32:00,8.0,轻载,IsolationForest; Mahalanobis; 单变量IQR+3σ; 残差,25.532,272,Mahalanobis 距离=25.5（阈值=18.5）。主要贡献特征：PC3 (49.7%); PC2 (49.0%); PC4 (1.3%)。
1913,2024-04-22 12:28:00,2024-04-22 14:32:00,125.0,停机,IsolationForest; Mahalanobis; 单变量IQR+3σ; 残差,23.198,4250,Mahalanobis 距离=23.2（阈值=18.5）。主要贡献特征：PC2 (71.5%); PC3 (23.8%); PC1 (4.6%)。
1914,2024-04-22 15:34:00,2024-04-22 15:49:00,16.0,停机,IsolationForest; Mahalanobis; 单变量IQR+3σ; 残差,30877.74,544,Mahalanobis 距离=30877.7（阈值=18.5）。主要贡献特征：PC2 (93.1%); PC3 (6.9%)。
1915,2024-04-22 16:04:00,2024-04-22 16:29:00,26.0,停机,IsolationForest; Mahalanobis; 单变量IQR+3σ; 残差,3080.082,884,Mahalanobis 距离=3080.1（阈值=18.5）。主要贡献特征：PC2 (69.9%); PC3 (30.0%)。
1916,2024-04-22 16:32:00,2024-04-22 16:43:00,12.0,停机,IsolationForest; Mahalanobis; 单变量IQR+3σ; 残差,1.784,408,正常
1917,2024-04-22 16:45:00,2024-04-22 17:01:00,17.0,停机,IsolationForest; Mahalanobis; 单变量IQR+3σ; 残差,2624.456,578,Mahalanobis 距离=2624.5（阈值=18.5）。主要贡献特征：PC2 (59.3%); PC3 (38.6%); PC4 (2.1%)。
1918,2024-04-22 17:04:00,2024-04-22 17:04:00,1.0,重载,IsolationForest; Mahalanobis; 单变量IQR+3σ; 残差,6.288,34,正常
1919,2024-04-22 17:12:00,2024-04-22 17:12:00,1.0,重载,IsolationForest; Mahalanobis; 单变量IQR+3σ; 残差,5.956,34,正常
1920,2024-04-22 17:20:00,2024-04-22 17:34:00,15.0,停机,IsolationForest; Mahalanobis; 单变量IQR+3σ; 残差,1815.735,510,Mahalanobis 距离=1815.7（阈值=18.5）。主要贡献特征：PC2 (69.2%); PC3 (30.0%)。
1921,2024-04-22 17:38:00,2024-04-22 17:44:00,7.0,停机,IsolationForest; Mahalanobis; 单变量IQR+3σ; 残差,4380.786,238,Mahalanobis 距离=4380.8（阈值=18.5）。主要贡献特征：PC2 (85.7%); PC3 (14.0%)。
1922,2024-04-22 17:47:00,2024-04-22 17:48:00,2.0,重载,IsolationForest; Mahalanobis; 单变量IQR+3σ; 残差,5.892,68,正常
1923,2024-04-22 17:53:00,2024-04-22 17:53:00,1.0,重载,IsolationForest; Mahalanobis; 单变量IQR+3σ; 残差,4.11,34,正常
1924,2024-04-22 17:56:00,2024-04-22 17:59:00,4.0,停机,IsolationForest; Mahalanobis; 单变量IQR+3σ; 残差,6837.712,136,Mahalanobis 距离=6837.7（阈值=18.5）。主要贡献特征：PC2 (88.8%); PC3 (10.5%)。
1925,2024-04-22 18:34:00,2024-04-22 18:34:00,1.0,重载,IsolationForest; Mahalanobis; 单变量IQR+3σ; 残差,5.527,34,正常
1926,2024-04-22 18:41:00,2024-04-22 18:48:00,8.0,重载,IsolationForest; Mahalanobis; 单变量IQR+3σ; 残差,17.458,272,正常
1927,2024-04-22 18:57:00,2024-04-22 18:58:00,2.0,重载,IsolationForest; Mahalanobis; 单变量IQR+3σ; 残差,4.479,68,正常
1928,2024-04-22 19:04:00,2024-04-22 19:05:00,2.0,停机,IsolationForest; Mahalanobis; 单变量IQR+3σ; 残差,9385.988,68,Mahalanobis 距离=9386.0（阈值=18.5）。主要贡献特征：PC2 (93.6%); PC3 (5.7%)。
1929,2024-04-22 19:07:00,2024-04-22 19:10:00,4.0,重载,IsolationForest; Mahalanobis; 单变量IQR+3σ; 残差,6.896,136,单变量异常：采煤机_油泵_左油箱_油压（z-score=6.9，实际=24.6，均值=3.3±3.1）
1930,2024-04-22 19:26:00,2024-04-22 19:26:00,1.0,重载,IsolationForest; Mahalanobis; 单变量IQR+3σ; 残差,4.77,34,正常
1931,2024-04-22 19:35:00,2024-04-22 19:35:00,1.0,重载,IsolationForest; Mahalanobis; 单变量IQR+3σ; 残差,4.918,34,正常
1932,2024-04-22 19:51:00,2024-04-22 19:54:00,4.0,停机,IsolationForest; Mahalanobis; 单变量IQR+3σ; 残差,3326.837,136,Mahalanobis 距离=3326.8（阈值=18.5）。主要贡献特征：PC2 (83.0%); PC3 (15.5%); PC4 (1.5%)。
1933,2024-04-22 19:57:00,2024-04-22 20:01:00,5.0,停机,IsolationForest; Mahalanobis; 单变量IQR+3σ; 残差,2322.826,170,Mahalanobis 距离=2322.8（阈值=18.5）。主要贡献特征：PC2 (88.7%); PC4 (10.2%); PC3 (1.1%)。
1934,2024-04-22 20:07:00,2024-04-22 20:09:00,3.0,重载,IsolationForest; Mahalanobis; 单变量IQR+3σ; 残差,3.472,102,残差异常：采煤机_牵引部位_左电机_电流 偏高（残差 Z-score=3.5，实际=186.0 vs 预测=25.6）
1935,2024-04-22 20:12:00,2024-04-22 20:12:00,1.0,重载,IsolationForest; Mahalanobis; 单变量IQR+3σ; 残差,3.208,34,残差异常：采煤机_破碎机_电机_电流 偏高（残差 Z-score=3.2，实际=40.0 vs 预测=4.2）
1936,2024-04-22 20:15:00,2024-04-22 20:15:00,1.0,停机,IsolationForest; Mahalanobis; 单变量IQR+3σ; 残差,2405.173,34,Mahalanobis 距离=2405.2（阈值=18.5）。主要贡献特征：PC2 (73.2%); PC3 (25.4%); PC4 (1.4%)。
1937,2024-04-22 20:17:00,2024-04-22 20:17:00,1.0,重载,IsolationForest; Mahalanobis; 单变量IQR+3σ; 残差,6.806,34,正常
1938,2024-04-22 20:27:00,2024-04-22 20:27:00,1.0,重载,IsolationForest; Mahalanobis; 单变量IQR+3σ; 残差,6.057,34,残差异常：采煤机_油泵_右电机_电流 偏高（残差 Z-score=6.1，实际=57.0 vs 预测=17.8）
1939,2024-04-22 20:44:00,2024-04-22 20:46:00,3.0,重载,IsolationForest; Mahalanobis; 单变量IQR+3σ; 残差,3.091,102,正常
1940,2024-04-22 20:52:00,2024-04-22 20:54:00,3.0,停机,IsolationForest; Mahalanobis; 单变量IQR+3σ; 残差,3629.327,102,Mahalanobis 距离=3629.3（阈值=18.5）。主要贡献特征：PC2 (78.7%); PC3 (20.9%)。
1941,2024-04-22 20:56:00,2024-04-22 21:02:00,7.0,重载,IsolationForest; Mahalanobis; 单变量IQR+3σ; 残差,5.622,238,单变量异常：采煤机_油泵_右油箱_油压（z-score=5.6，实际=18.2，均值=3.0±2.7）
1942,2024-04-22 21:09:00,2024-04-22 21:12:00,4.0,重载,IsolationForest; Mahalanobis; 单变量IQR+3σ; 残差,6.953,136,残差异常：采煤机_油泵_右电机_电流 偏高（残差 Z-score=7.0，实际=62.0 vs 预测=17.0）
1943,2024-04-22 21:16:00,2024-04-22 21:18:00,3.0,重载,IsolationForest; Mahalanobis; 单变量IQR+3σ; 残差,5.438,102,正常
1944,2024-04-22 21:27:00,2024-04-22 21:27:00,1.0,重载,IsolationForest; Mahalanobis; 单变量IQR+3σ; 残差,3.592,34,正常
1945,2024-04-22 21:36:00,2024-04-22 21:36:00,1.0,重载,IsolationForest; Mahalanobis; 单变量IQR+3σ; 残差,3.554,34,残差异常：采煤机_油泵_右电机_电流 偏高（残差 Z-score=3.6，实际=40.0 vs 预测=17.0）
1946,2024-04-22 21:48:00,2024-04-22 21:49:00,2.0,停机,IsolationForest; Mahalanobis; 单变量IQR+3σ; 残差,1732.342,68,Mahalanobis 距离=1732.3（阈值=18.5）。主要贡献特征：PC2 (64.3%); PC3 (35.5%)。
1947,2024-04-22 21:52:00,2024-04-22 21:54:00,3.0,重载,IsolationForest; Mahalanobis; 单变量IQR+3σ; 残差,3.038,102,正常
1948,2024-04-22 22:05:00,2024-04-22 22:05:00,1.0,重载,IsolationForest; Mahalanobis; 单变量IQR+3σ; 残差,3.245,34,残差异常：采煤机_油泵_右电机_电流 偏高（残差 Z-score=3.2，实际=38.0 vs 预测=17.0）
1949,2024-04-22 22:13:00,2024-04-22 22:13:00,1.0,重载,IsolationForest; Mahalanobis; 单变量IQR+3σ; 残差,3.004,34,正常
1950,2024-04-22 22:17:00,2024-04-22 22:17:00,1.0,重载,IsolationForest; Mahalanobis; 单变量IQR+3σ; 残差,4.11,34,正常
1951,2024-04-22 22:19:00,2024-04-22 22:20:00,2.0,重载,IsolationForest; Mahalanobis; 单变量IQR+3σ; 残差,7.806,68,正常
1952,2024-04-22 22:23:00,2024-04-22 22:28:00,6.0,停机,IsolationForest; Mahalanobis; 单变量IQR+3σ; 残差,1683.743,204,Mahalanobis 距离=1683.7（阈值=18.5）。主要贡献特征：PC2 (67.4%); PC3 (30.7%); PC4 (1.9%)。
1953,2024-04-22 22:50:00,2024-04-22 22:52:00,3.0,重载,IsolationForest; Mahalanobis; 单变量IQR+3σ; 残差,3.176,102,正常
1954,2024-04-22 22:59:00,2024-04-22 23:02:00,4.0,停机,IsolationForest; Mahalanobis; 单变量IQR+3σ; 残差,2846.113,136,Mahalanobis 距离=2846.1（阈值=18.5）。主要贡献特征：PC2 (76.5%); PC3 (22.1%); PC4 (1.4%)。
1955,2024-04-22 23:10:00,2024-04-22 23:11:00,2.0,重载,IsolationForest; Mahalanobis; 单变量IQR+3σ; 残差,3.641,68,正常
1956,2024-04-22 23:13:00,2024-04-22 23:13:00,1.0,重载,IsolationForest; Mahalanobis; 单变量IQR+3σ; 残差,5.406,34,正常
1957,2024-04-22 23:15:00,2024-04-22 23:21:00,7.0,重载,IsolationForest; Mahalanobis; 单变量IQR+3σ; 残差,5.834,238,正常
1958,2024-04-22 23:27:00,2024-04-22 23:29:00,3.0,重载,IsolationForest; Mahalanobis; 单变量IQR+3σ; 残差,4.318,102,正常
1959,2024-04-22 23:50:00,2024-04-22 23:53:00,4.0,停机,IsolationForest; Mahalanobis; 单变量IQR+3σ; 残差,4723.635,136,Mahalanobis 距离=4723.6（阈值=18.5）。主要贡献特征：PC2 (82.4%); PC3 (16.6%); PC4 (1.1%)。
1960,2024-04-22 23:57:00,2024-04-22 23:58:00,2.0,重载,IsolationForest; Mahalanobis; 单变量IQR+3σ; 残差,4.008,68,正常
1961,2024-04-23 00:00:00,2024-04-23 00:01:00,2.0,轻载,IsolationForest; Mahalanobis; 单变量IQR+3σ; 残差,4277.164,68,Mahalanobis 距离=4277.2（阈值=18.5）。主要贡献特征：PC2 (87.8%); PC3 (12.1%)。
1962,2024-04-23 00:03:00,2024-04-23 00:03:00,1.0,停机,IsolationForest; Mahalanobis; 单变量IQR+3σ; 残差,1178.845,34,Mahalanobis 距离=1178.8（阈值=18.5）。主要贡献特征：PC2 (76.7%); PC3 (23.0%)。
1963,2024-04-23 00:12:00,2024-04-23 00:12:00,1.0,重载,IsolationForest; Mahalanobis; 单变量IQR+3σ; 残差,6.475,34,正常
1964,2024-04-23 00:14:00,2024-04-23 00:14:00,1.0,重载,IsolationForest; Mahalanobis; 单变量IQR+3σ; 残差,5.25,34,残差异常：采煤机_截割部位_左滚筒_电机_电流 偏高（残差 Z-score=5.3，实际=410.0 vs 预测=99.0）
1965,2024-04-23 00:28:00,2024-04-23 00:28:00,1.0,重载,IsolationForest; Mahalanobis; 单变量IQR+3σ; 残差,5.585,34,正常
1966,2024-04-23 00:31:00,2024-04-23 00:42:00,12.0,重载,IsolationForest; Mahalanobis; 单变量IQR+3σ; 残差,3.554,408,残差异常：采煤机_油泵_右电机_电流 偏高（残差 Z-score=3.6，实际=40.0 vs 预测=17.0）
1967,2024-04-23 01:39:00,2024-04-23 01:39:00,1.0,重载,IsolationForest; Mahalanobis; 单变量IQR+3σ; 残差,5.892,34,正常
1968,2024-04-23 01:42:00,2024-04-23 01:42:00,1.0,重载,IsolationForest; Mahalanobis; 单变量IQR+3σ; 残差,6.288,34,正常
1969,2024-04-23 01:48:00,2024-04-23 01:52:00,5.0,停机,IsolationForest; Mahalanobis; 单变量IQR+3σ; 残差,927.19,170,Mahalanobis 距离=927.2（阈值=18.5）。主要贡献特征：PC2 (60.0%); PC3 (36.7%); PC4 (3.3%)。
1970,2024-04-23 01:57:00,2024-04-23 02:03:00,7.0,停机,IsolationForest; Mahalanobis; 单变量IQR+3σ; 残差,4055.481,238,Mahalanobis 距离=4055.5（阈值=18.5）。主要贡献特征：PC2 (91.9%); PC4 (7.5%)。
1971,2024-04-23 02:09:00,2024-04-23 02:14:00,6.0,停机,IsolationForest; Mahalanobis; 单变量IQR+3σ; 残差,2172.59,204,Mahalanobis 距离=2172.6（阈值=18.5）。主要贡献特征：PC2 (72.8%); PC3 (26.3%)。
1972,2024-04-23 02:16:00,2024-04-23 02:16:00,1.0,重载,IsolationForest; Mahalanobis; 单变量IQR+3σ; 残差,4.965,34,残差异常：采煤机_破碎机_电机_电流 偏高（残差 Z-score=5.0，实际=75.0 vs 预测=19.6）
1973,2024-04-23 02:24:00,2024-04-23 02:27:00,4.0,重载,IsolationForest; Mahalanobis; 单变量IQR+3σ; 残差,3.66,136,正常
1974,2024-04-23 02:39:00,2024-04-23 02:43:00,5.0,重载,IsolationForest; Mahalanobis; 单变量IQR+3σ; 残差,4.077,170,正常
1975,2024-04-23 02:45:00,2024-04-23 02:45:00,1.0,重载,IsolationForest; Mahalanobis; 单变量IQR+3σ; 残差,7.169,34,残差异常：采煤机_油泵_右电机_电流 偏高（残差 Z-score=7.2，实际=63.0 vs 预测=16.6）
1976,2024-04-23 02:52:00,2024-04-23 03:01:00,10.0,重载,IsolationForest; Mahalanobis; 单变量IQR+3σ; 残差,4.263,340,正常
1977,2024-04-23 03:03:00,2024-04-23 03:03:00,1.0,重载,IsolationForest; Mahalanobis; 单变量IQR+3σ; 残差,6.088,34,残差异常：采煤机_油泵_右电机_电流 偏高（残差 Z-score=6.1，实际=56.0 vs 预测=16.6）
1978,2024-04-23 03:05:00,2024-04-23 03:07:00,3.0,重载,IsolationForest; Mahalanobis; 单变量IQR+3σ; 残差,6.251,102,单变量异常：采煤机_油泵_右油箱_油压（z-score=6.3，实际=19.9，均值=3.0±2.7）
1979,2024-04-23 03:14:00,2024-04-23 03:16:00,3.0,重载,IsolationForest; Mahalanobis; 单变量IQR+3σ; 残差,3.914,102,正常
1980,2024-04-23 03:19:00,2024-04-23 03:19:00,1.0,重载,IsolationForest; Mahalanobis; 单变量IQR+3σ; 残差,6.14,34,正常
1981,2024-04-23 03:23:00,2024-04-23 03:26:00,4.0,重载,IsolationForest; Mahalanobis; 单变量IQR+3σ; 残差,3.694,136,正常
1982,2024-04-23 03:57:00,2024-04-23 04:04:00,8.0,停机,IsolationForest; Mahalanobis; 单变量IQR+3σ; 残差,3282.236,272,Mahalanobis 距离=3282.2（阈值=18.5）。主要贡献特征：PC2 (63.2%); PC3 (35.6%); PC4 (1.2%)。
1983,2024-04-23 04:07:00,2024-04-23 04:20:00,14.0,重载,IsolationForest; Mahalanobis; 单变量IQR+3σ; 残差,5.659,476,正常
1984,2024-04-23 04:24:00,2024-04-23 04:25:00,2.0,重载,IsolationForest; Mahalanobis; 单变量IQR+3σ; 残差,4.409,68,正常
1985,2024-04-23 04:27:00,2024-04-23 04:27:00,1.0,重载,IsolationForest; Mahalanobis; 单变量IQR+3σ; 残差,3.891,34,正常
1986,2024-04-23 04:36:00,2024-04-23 04:36:00,1.0,重载,IsolationForest; Mahalanobis; 单变量IQR+3σ; 残差,3.09,34,残差异常：采煤机_油泵_右电机_电流 偏高（残差 Z-score=3.1，实际=37.0 vs 预测=17.0）
1987,2024-04-23 04:39:00,2024-04-23 04:39:00,1.0,重载,IsolationForest; Mahalanobis; 单变量IQR+3σ; 残差,4.499,34,正常
1988,2024-04-23 04:42:00,2024-04-23 04:42:00,1.0,停机,IsolationForest; Mahalanobis; 单变量IQR+3σ; 残差,2529.942,34,Mahalanobis 距离=2529.9（阈值=18.5）。主要贡献特征：PC2 (72.5%); PC3 (26.8%)。
1989,2024-04-23 04:53:00,2024-04-23 05:39:00,47.0,停机,IsolationForest; Mahalanobis; 单变量IQR+3σ; 残差,4682.56,1598,Mahalanobis 距离=4682.6（阈值=18.5）。主要贡献特征：PC2 (76.4%); PC3 (23.2%)。
1990,2024-04-23 05:43:00,2024-04-23 05:45:00,3.0,重载,IsolationForest; Mahalanobis; 单变量IQR+3σ; 残差,2.1,102,正常
1991,2024-04-23 06:02:00,2024-04-23 06:02:00,1.0,重载,IsolationForest; Mahalanobis; 单变量IQR+3σ; 残差,6.053,34,正常
1992,2024-04-23 06:04:00,2024-04-23 06:04:00,1.0,重载,IsolationForest; Mahalanobis; 单变量IQR+3σ; 残差,5.179,34,正常
1993,2024-04-23 06:31:00,2024-04-23 06:53:00,23.0,重载,IsolationForest; Mahalanobis; 单变量IQR+3σ; 残差,6.151,782,单变量异常：采煤机_油泵_左油箱_油压（z-score=6.2，实际=22.3，均值=3.3±3.1）
1994,2024-04-23 06:57:00,2024-04-23 06:59:00,3.0,停机,IsolationForest; Mahalanobis; 单变量IQR+3σ; 残差,1608.798,102,Mahalanobis 距离=1608.8（阈值=18.5）。主要贡献特征：PC2 (67.3%); PC3 (31.4%); PC4 (1.3%)。
1995,2024-04-23 07:11:00,2024-04-23 07:12:00,2.0,停机,IsolationForest; Mahalanobis; 单变量IQR+3σ; 残差,3678.776,68,Mahalanobis 距离=3678.8（阈值=18.5）。主要贡献特征：PC2 (80.4%); PC3 (18.6%); PC4 (1.0%)。
1996,2024-04-23 07:17:00,2024-04-23 07:19:00,3.0,重载,IsolationForest; Mahalanobis; 单变量IQR+3σ; 残差,4.608,102,正常
1997,2024-04-23 07:24:00,2024-04-23 07:26:00,3.0,重载,IsolationForest; Mahalanobis; 单变量IQR+3σ; 残差,4.25,102,正常
1998,2024-04-23 07:29:00,2024-04-23 07:29:00,1.0,重载,IsolationForest; Mahalanobis; 单变量IQR+3σ; 残差,4.574,34,残差异常：采煤机_油泵_右电机_电流 偏高（残差 Z-score=4.6，实际=47.0 vs 预测=17.4）
1999,2024-04-23 07:31:00,2024-04-23 08:17:00,47.0,重载,IsolationForest; Mahalanobis; 单变量IQR+3σ; 残差,6.831,1598,正常
2000,2024-04-23 08:25:00,2024-04-23 08:25:00,1.0,重载,IsolationForest; Mahalanobis; 单变量IQR+3σ; 残差,5.548,34,正常
2001,2024-04-23 08:38:00,2024-04-23 08:43:00,6.0,停机,IsolationForest; Mahalanobis; 单变量IQR+3σ; 残差,2327.229,204,Mahalanobis 距离=2327.2（阈值=18.5）。主要贡献特征：PC2 (67.0%); PC3 (32.7%)。
2002,2024-04-23 08:50:00,2024-04-23 08:51:00,2.0,停机,IsolationForest; Mahalanobis; 单变量IQR+3σ; 残差,2240.831,68,Mahalanobis 距离=2240.8（阈值=18.5）。主要贡献特征：PC2 (65.8%); PC3 (33.9%)。
2003,2024-04-23 08:53:00,2024-04-23 08:53:00,1.0,停机,IsolationForest; Mahalanobis; 单变量IQR+3σ; 残差,1640.165,34,Mahalanobis 距离=1640.2（阈值=18.5）。主要贡献特征：PC2 (66.4%); PC3 (32.9%)。
2004,2024-04-23 08:56:00,2024-04-23 08:56:00,1.0,重载,IsolationForest; Mahalanobis; 单变量IQR+3σ; 残差,4.771,34,正常
2005,2024-04-23 09:01:00,2024-04-23 09:04:00,4.0,停机,IsolationForest; Mahalanobis; 单变量IQR+3σ; 残差,3730.873,136,Mahalanobis 距离=3730.9（阈值=18.5）。主要贡献特征：PC2 (84.9%); PC3 (15.0%)。
2006,2024-04-23 09:10:00,2024-04-23 15:59:00,410.0,轻载,IsolationForest; Mahalanobis; 单变量IQR+3σ; 残差,48067.111,13940,Mahalanobis 距离=48067.1（阈值=18.5）。主要贡献特征：PC2 (97.8%); PC3 (1.9%)。
2007,2024-04-23 16:05:00,2024-04-23 16:15:00,11.0,停机,IsolationForest; Mahalanobis; 单变量IQR+3σ; 残差,4986.473,374,Mahalanobis 距离=4986.5（阈值=18.5）。主要贡献特征：PC2 (79.4%); PC3 (19.8%)。
2008,2024-04-23 16:17:00,2024-04-23 16:58:00,42.0,停机,IsolationForest; Mahalanobis; 单变量IQR+3σ; 残差,3285.224,1428,Mahalanobis 距离=3285.2（阈值=18.5）。主要贡献特征：PC2 (63.5%); PC3 (36.5%)。
2009,2024-04-23 17:00:00,2024-04-23 17:01:00,2.0,重载,IsolationForest; Mahalanobis; 单变量IQR+3σ; 残差,8.879,68,正常
2010,2024-04-23 17:04:00,2024-04-23 17:08:00,5.0,重载,IsolationForest; Mahalanobis; 单变量IQR+3σ; 残差,6.584,170,单变量异常：采煤机_油泵_右油箱_油压（z-score=6.6，实际=20.8，均值=3.0±2.7）
2011,2024-04-23 17:12:00,2024-04-23 18:00:00,49.0,停机,IsolationForest; Mahalanobis; 单变量IQR+3σ; 残差,3809.458,1666,Mahalanobis 距离=3809.5（阈值=18.5）。主要贡献特征：PC2 (81.6%); PC3 (17.2%); PC4 (1.2%)。
2012,2024-04-23 18:02:00,2024-04-23 18:17:00,16.0,停机,IsolationForest; Mahalanobis; 单变量IQR+3σ; 残差,5499.67,544,Mahalanobis 距离=5499.7（阈值=18.5）。主要贡献特征：PC2 (87.7%); PC3 (11.2%); PC4 (1.1%)。
2013,2024-04-23 18:33:00,2024-04-23 18:33:00,1.0,重载,IsolationForest; Mahalanobis; 单变量IQR+3σ; 残差,2.876,34,正常
2014,2024-04-23 18:51:00,2024-04-23 18:51:00,1.0,重载,IsolationForest; Mahalanobis; 单变量IQR+3σ; 残差,6.25,34,正常
2015,2024-04-23 18:56:00,2024-04-23 19:00:00,5.0,重载,IsolationForest; Mahalanobis; 单变量IQR+3σ; 残差,6.215,170,正常
2016,2024-04-23 19:14:00,2024-04-23 19:16:00,3.0,停机,IsolationForest; Mahalanobis; 单变量IQR+3σ; 残差,2744.795,102,Mahalanobis 距离=2744.8（阈值=18.5）。主要贡献特征：PC2 (66.1%); PC3 (33.9%)。
2017,2024-04-23 19:21:00,2024-04-23 19:21:00,1.0,重载,IsolationForest; Mahalanobis; 单变量IQR+3σ; 残差,5.511,34,正常
2018,2024-04-23 19:28:00,2024-04-23 19:28:00,1.0,重载,IsolationForest; Mahalanobis; 单变量IQR+3σ; 残差,2.174,34,正常
2019,2024-04-23 19:36:00,2024-04-23 19:38:00,3.0,重载,IsolationForest; Mahalanobis; 单变量IQR+3σ; 残差,2.772,102,正常
2020,2024-04-23 19:40:00,2024-04-23 19:44:00,5.0,停机,IsolationForest; Mahalanobis; 单变量IQR+3σ; 残差,2041.67,170,Mahalanobis 距离=2041.7（阈值=18.5）。主要贡献特征：PC2 (54.9%); PC3 (44.8%)。
2021,2024-04-23 19:55:00,2024-04-23 20:00:00,6.0,停机,IsolationForest; Mahalanobis; 单变量IQR+3σ; 残差,948.352,204,Mahalanobis 距离=948.4（阈值=18.5）。主要贡献特征：PC2 (60.9%); PC3 (36.9%); PC4 (2.3%)。
2022,2024-04-23 20:04:00,2024-04-23 20:04:00,1.0,重载,IsolationForest; Mahalanobis; 单变量IQR+3σ; 残差,4.104,34,正常
2023,2024-04-23 20:07:00,2024-04-23 20:07:00,1.0,重载,IsolationForest; Mahalanobis; 单变量IQR+3σ; 残差,4.234,34,残差异常：采煤机_油泵_右电机_电流 偏高（残差 Z-score=4.2，实际=45.0 vs 预测=17.6）
2024,2024-04-23 20:09:00,2024-04-23 20:12:00,4.0,停机,IsolationForest; Mahalanobis; 单变量IQR+3σ; 残差,2638.104,136,Mahalanobis 距离=2638.1（阈值=18.5）。主要贡献特征：PC2 (72.0%); PC3 (27.0%)。
2025,2024-04-23 20:21:00,2024-04-23 20:21:00,1.0,重载,IsolationForest; Mahalanobis; 单变量IQR+3σ; 残差,3.418,34,残差异常：采煤机_油泵_左电机_电流 偏高（残差 Z-score=3.4，实际=42.0 vs 预测=17.0）
2026,2024-04-23 20:36:00,2024-04-23 20:36:00,1.0,重载,IsolationForest; Mahalanobis; 单变量IQR+3σ; 残差,2.541,34,正常
2027,2024-04-23 20:40:00,2024-04-23 20:43:00,4.0,重载,IsolationForest; Mahalanobis; 单变量IQR+3σ; 残差,5.559,136,正常
2028,2024-04-23 20:52:00,2024-04-23 20:56:00,5.0,停机,IsolationForest; Mahalanobis; 单变量IQR+3σ; 残差,5867.737,170,Mahalanobis 距离=5867.7（阈值=18.5）。主要贡献特征：PC2 (89.1%); PC3 (10.3%)。
2029,2024-04-23 21:10:00,2024-04-23 21:16:00,7.0,重载,IsolationForest; Mahalanobis; 单变量IQR+3σ; 残差,5.861,238,正常
2030,2024-04-23 21:27:00,2024-04-23 21:27:00,1.0,重载,IsolationForest; Mahalanobis; 单变量IQR+3σ; 残差,6.584,34,正常
2031,2024-04-23 21:30:00,2024-04-23 21:30:00,1.0,重载,IsolationForest; Mahalanobis; 单变量IQR+3σ; 残差,5.794,34,正常
2032,2024-04-23 21:42:00,2024-04-23 21:42:00,1.0,重载,IsolationForest; Mahalanobis; 单变量IQR+3σ; 残差,5.807,34,正常
2033,2024-04-23 21:45:00,2024-04-23 21:48:00,4.0,停机,IsolationForest; Mahalanobis; 单变量IQR+3σ; 残差,2414.687,136,Mahalanobis 距离=2414.7（阈值=18.5）。主要贡献特征：PC2 (67.4%); PC3 (32.6%)。
2034,2024-04-23 22:08:00,2024-04-23 22:08:00,1.0,重载,IsolationForest; Mahalanobis; 单变量IQR+3σ; 残差,5.661,34,残差异常：采煤机_油泵_左电机_电流 偏高（残差 Z-score=5.7，实际=58.0 vs 预测=16.6）
2035,2024-04-23 22:13:00,2024-04-23 22:16:00,4.0,重载,IsolationForest; Mahalanobis; 单变量IQR+3σ; 残差,3.405,136,残差异常：采煤机_破碎机_电机_电流 偏高（残差 Z-score=3.4，实际=38.0 vs 预测=0.0）
2036,2024-04-23 22:19:00,2024-04-23 22:29:00,11.0,停机,IsolationForest; Mahalanobis; 单变量IQR+3σ; 残差,4589.244,374,Mahalanobis 距离=4589.2（阈值=18.5）。主要贡献特征：PC2 (61.4%); PC3 (34.1%); PC4 (4.5%)。
2037,2024-04-23 22:36:00,2024-04-23 22:36:00,1.0,重载,IsolationForest; Mahalanobis; 单变量IQR+3σ; 残差,4.212,34,残差异常：采煤机_破碎机_电机_电流 偏高（残差 Z-score=4.2，实际=47.0 vs 预测=0.0）
2038,2024-04-23 22:46:00,2024-04-23 22:46:00,1.0,重载,IsolationForest; Mahalanobis; 单变量IQR+3σ; 残差,7.88,34,残差异常：采煤机_油泵_右电机_电流 偏高（残差 Z-score=7.9，实际=68.0 vs 预测=17.0）
2039,2024-04-23 23:05:00,2024-04-23 23:05:00,1.0,重载,IsolationForest; Mahalanobis; 单变量IQR+3σ; 残差,5.859,34,正常
2040,2024-04-23 23:13:00,2024-04-23 23:16:00,4.0,停机,IsolationForest; Mahalanobis; 单变量IQR+3σ; 残差,5960.458,136,Mahalanobis 距离=5960.5（阈值=18.5）。主要贡献特征：PC2 (88.1%); PC3 (11.0%)。
2041,2024-04-23 23:22:00,2024-04-23 23:22:00,1.0,重载,IsolationForest; Mahalanobis; 单变量IQR+3σ; 残差,3.739,34,残差异常：采煤机_油泵_右电机_电流 偏高（残差 Z-score=3.7，实际=41.0 vs 预测=16.8）
2042,2024-04-23 23:47:00,2024-04-23 23:53:00,7.0,轻载,IsolationForest; Mahalanobis; 单变量IQR+3σ; 残差,6136.921,238,Mahalanobis 距离=6136.9（阈值=18.5）。主要贡献特征：PC2 (78.7%); PC3 (20.3%)。
2043,2024-04-23 23:56:00,2024-04-23 23:58:00,3.0,重载,IsolationForest; Mahalanobis; 单变量IQR+3σ; 残差,3.211,102,正常
2044,2024-04-24 00:00:00,2024-04-24 00:00:00,1.0,重载,IsolationForest; Mahalanobis; 单变量IQR+3σ; 残差,3.694,34,正常
2045,2024-04-24 00:06:00,2024-04-24 00:08:00,3.0,重载,IsolationForest; Mahalanobis; 单变量IQR+3σ; 残差,5.052,102,正常
2046,2024-04-24 00:17:00,2024-04-24 00:32:00,16.0,停机,IsolationForest; Mahalanobis; 单变量IQR+3σ; 残差,8511.306,544,Mahalanobis 距离=8511.3（阈值=18.5）。主要贡献特征：PC2 (90.9%); PC3 (8.0%); PC4 (1.1%)。
2047,2024-04-24 00:40:00,2024-04-24 00:40:00,1.0,重载,IsolationForest; Mahalanobis; 单变量IQR+3σ; 残差,3.638,34,残差异常：采煤机_油泵_左油箱_油压 偏高（残差 Z-score=3.6，实际=14.5 vs 预测=2.4）
2048,2024-04-24 00:44:00,2024-04-24 00:44:00,1.0,重载,IsolationForest; Mahalanobis; 单变量IQR+3σ; 残差,6.288,34,正常
2049,2024-04-24 00:52:00,2024-04-24 00:52:00,1.0,停机,IsolationForest; Mahalanobis; 单变量IQR+3σ; 残差,2743.813,34,Mahalanobis 距离=2743.8（阈值=18.5）。主要贡献特征：PC2 (65.4%); PC3 (34.5%)。
2050,2024-04-24 01:16:00,2024-04-24 01:16:00,1.0,重载,IsolationForest; Mahalanobis; 单变量IQR+3σ; 残差,5.315,34,残差异常：采煤机_油泵_右电机_电流 偏高（残差 Z-score=5.3，实际=52.0 vs 预测=17.6）
2051,2024-04-24 01:21:00,2024-04-24 01:38:00,18.0,重载,IsolationForest; Mahalanobis; 单变量IQR+3σ; 残差,6.325,612,正常
2052,2024-04-24 01:41:00,2024-04-24 01:41:00,1.0,重载,IsolationForest; Mahalanobis; 单变量IQR+3σ; 残差,7.029,34,正常
2053,2024-04-24 02:05:00,2024-04-24 02:09:00,5.0,轻载,IsolationForest; Mahalanobis; 单变量IQR+3σ; 残差,3480.06,170,Mahalanobis 距离=3480.1（阈值=18.5）。主要贡献特征：PC2 (66.4%); PC3 (32.3%); PC4 (1.3%)。
2054,2024-04-24 02:11:00,2024-04-24 02:13:00,3.0,停机,IsolationForest; Mahalanobis; 单变量IQR+3σ; 残差,1886.173,102,Mahalanobis 距离=1886.2（阈值=18.5）。主要贡献特征：PC2 (73.9%); PC3 (26.1%)。
2055,2024-04-24 02:16:00,2024-04-24 02:18:00,3.0,重载,IsolationForest; Mahalanobis; 单变量IQR+3σ; 残差,3.638,102,正常
2056,2024-04-24 02:22:00,2024-04-24 02:30:00,9.0,停机,IsolationForest; Mahalanobis; 单变量IQR+3σ; 残差,5950.827,306,Mahalanobis 距离=5950.8（阈值=18.5）。主要贡献特征：PC2 (85.3%); PC3 (14.4%)。
2057,2024-04-24 02:41:00,2024-04-24 02:41:00,1.0,重载,IsolationForest; Mahalanobis; 单变量IQR+3σ; 残差,4.754,34,正常
2058,2024-04-24 02:52:00,2024-04-24 02:52:00,1.0,重载,IsolationForest; Mahalanobis; 单变量IQR+3σ; 残差,5.017,34,正常
2059,2024-04-24 02:54:00,2024-04-24 03:55:00,62.0,停机,IsolationForest; Mahalanobis; 单变量IQR+3σ; 残差,4135.141,2108,Mahalanobis 距离=4135.1（阈值=18.5）。主要贡献特征：PC2 (79.3%); PC3 (20.2%)。
2060,2024-04-24 03:57:00,2024-04-24 04:05:00,9.0,重载,IsolationForest; Mahalanobis; 单变量IQR+3σ; 残差,5.484,306,正常
2061,2024-04-24 04:14:00,2024-04-24 04:14:00,1.0,重载,IsolationForest; Mahalanobis; 单变量IQR+3σ; 残差,5.276,34,正常
2062,2024-04-24 05:04:00,2024-04-24 05:04:00,1.0,重载,IsolationForest; Mahalanobis; 单变量IQR+3σ; 残差,3.252,34,正常
2063,2024-04-24 05:07:00,2024-04-24 05:07:00,1.0,重载,IsolationForest; Mahalanobis; 单变量IQR+3σ; 残差,2.612,34,正常
2064,2024-04-24 05:44:00,2024-04-24 05:44:00,1.0,重载,IsolationForest; Mahalanobis; 单变量IQR+3σ; 残差,5.568,34,正常
2065,2024-04-24 05:48:00,2024-04-24 05:51:00,4.0,重载,IsolationForest; Mahalanobis; 单变量IQR+3σ; 残差,3.697,136,单变量异常：采煤机_油泵_右油箱_油压（z-score=3.7，实际=13.0，均值=3.0±2.7）
2066,2024-04-24 05:55:00,2024-04-24 05:55:00,1.0,重载,IsolationForest; Mahalanobis; 单变量IQR+3σ; 残差,5.918,34,正常
2067,2024-04-24 06:04:00,2024-04-24 06:07:00,4.0,停机,IsolationForest; Mahalanobis; 单变量IQR+3σ; 残差,4494.968,136,Mahalanobis 距离=4495.0（阈值=18.5）。主要贡献特征：PC2 (83.3%); PC3 (16.6%)。
2068,2024-04-24 06:10:00,2024-04-24 06:10:00,1.0,重载,IsolationForest; Mahalanobis; 单变量IQR+3σ; 残差,5.445,34,正常
2069,2024-04-24 07:18:00,2024-04-24 07:21:00,4.0,轻载,IsolationForest; Mahalanobis; 单变量IQR+3σ; 残差,1.698,136,正常
2070,2024-04-24 07:24:00,2024-04-24 07:30:00,7.0,轻载,IsolationForest; Mahalanobis; 单变量IQR+3σ; 残差,7.379,238,残差异常：采煤机_油泵_右油箱_油压 偏高（残差 Z-score=7.4，实际=0.5 vs 预测=0.2）
2071,2024-04-24 08:17:00,2024-04-24 08:19:00,3.0,轻载,IsolationForest; Mahalanobis; 单变量IQR+3σ; 残差,6.918,102,残差异常：采煤机_油泵_右油箱_油压 偏高（残差 Z-score=6.9，实际=0.3 vs 预测=0.0）
2072,2024-04-24 08:29:00,2024-04-24 08:33:00,5.0,轻载,IsolationForest; Mahalanobis; 单变量IQR+3σ; 残差,18.853,170,Mahalanobis 距离=18.9（阈值=18.5）。主要贡献特征：PC3 (54.8%); PC2 (42.3%); PC4 (2.7%)。
2073,2024-04-24 09:09:00,2024-04-24 09:14:00,6.0,停机,IsolationForest; Mahalanobis; 单变量IQR+3σ; 残差,27.32,204,Mahalanobis 距离=27.3（阈值=18.5）。主要贡献特征：PC3 (63.3%); PC2 (30.9%); PC4 (4.2%)。
2074,2024-04-24 09:50:00,2024-04-24 09:52:00,3.0,轻载,IsolationForest; Mahalanobis; 单变量IQR+3σ; 残差,6.918,102,残差异常：采煤机_油泵_右油箱_油压 偏高（残差 Z-score=6.9，实际=0.4 vs 预测=0.1）
2075,2024-04-24 10:30:00,2024-04-24 10:32:00,3.0,轻载,IsolationForest; Mahalanobis; 单变量IQR+3σ; 残差,3.569,102,残差异常：采煤机_油泵_左油箱_油压 偏高（残差 Z-score=3.6，实际=0.7 vs 预测=0.5）
2076,2024-04-24 14:20:00,2024-04-24 14:26:00,7.0,轻载,IsolationForest; Mahalanobis; 单变量IQR+3σ; 残差,28.274,238,Mahalanobis 距离=28.3（阈值=18.5）。主要贡献特征：PC3 (58.9%); PC1 (26.6%); PC4 (8.8%)。
2077,2024-04-24 15:02:00,2024-04-24 15:06:00,5.0,停机,IsolationForest; Mahalanobis; 单变量IQR+3σ; 残差,1868.439,170,Mahalanobis 距离=1868.4（阈值=18.5）。主要贡献特征：PC2 (88.5%); PC3 (9.3%); PC4 (2.2%)。
2078,2024-04-24 15:17:00,2024-04-24 15:23:00,7.0,停机,IsolationForest; Mahalanobis; 单变量IQR+3σ; 残差,2651.712,238,Mahalanobis 距离=2651.7（阈值=18.5）。主要贡献特征：PC2 (82.7%); PC3 (17.1%)。
2079,2024-04-24 15:31:00,2024-04-24 15:31:00,1.0,轻载,IsolationForest; Mahalanobis; 单变量IQR+3σ; 残差,2.845,34,正常
2080,2024-04-24 15:38:00,2024-04-24 15:49:00,12.0,停机,IsolationForest; Mahalanobis; 单变量IQR+3σ; 残差,3038.457,408,Mahalanobis 距离=3038.5（阈值=18.5）。主要贡献特征：PC2 (82.6%); PC3 (17.4%)。
2081,2024-04-24 15:51:00,2024-04-24 16:39:00,49.0,停机,IsolationForest; Mahalanobis; 单变量IQR+3σ; 残差,4265.003,1666,Mahalanobis 距离=4265.0（阈值=18.5）。主要贡献特征：PC2 (74.0%); PC3 (25.5%)。
2082,2024-04-24 16:43:00,2024-04-24 16:50:00,8.0,重载,IsolationForest; Mahalanobis; 单变量IQR+3σ; 残差,2.358,272,正常
2083,2024-04-24 16:53:00,2024-04-24 16:53:00,1.0,重载,IsolationForest; Mahalanobis; 单变量IQR+3σ; 残差,3.956,34,正常
2084,2024-04-24 16:56:00,2024-04-24 17:01:00,6.0,重载,IsolationForest; Mahalanobis; 单变量IQR+3σ; 残差,1.925,204,正常
2085,2024-04-24 17:09:00,2024-04-24 17:12:00,4.0,停机,IsolationForest; Mahalanobis; 单变量IQR+3σ; 残差,1786.764,136,Mahalanobis 距离=1786.8（阈值=18.5）。主要贡献特征：PC2 (69.3%); PC3 (29.8%)。
2086,2024-04-24 17:52:00,2024-04-24 18:03:00,12.0,停机,IsolationForest; Mahalanobis; 单变量IQR+3σ; 残差,1502.145,408,Mahalanobis 距离=1502.1（阈值=18.5）。主要贡献特征：PC2 (67.1%); PC3 (32.6%)。
2087,2024-04-24 18:22:00,2024-04-24 18:22:00,1.0,重载,IsolationForest; Mahalanobis; 单变量IQR+3σ; 残差,3.418,34,残差异常：采煤机_油泵_左电机_电流 偏高（残差 Z-score=3.4，实际=42.0 vs 预测=17.0）
2088,2024-04-24 18:25:00,2024-04-24 18:30:00,6.0,重载,IsolationForest; Mahalanobis; 单变量IQR+3σ; 残差,3.655,204,正常
2089,2024-04-24 18:41:00,2024-04-24 18:41:00,1.0,重载,IsolationForest; Mahalanobis; 单变量IQR+3σ; 残差,6.88,34,正常
2090,2024-04-24 18:44:00,2024-04-24 18:44:00,1.0,重载,IsolationForest; Mahalanobis; 单变量IQR+3σ; 残差,5.503,34,正常
2091,2024-04-24 18:46:00,2024-04-24 18:49:00,4.0,停机,IsolationForest; Mahalanobis; 单变量IQR+3σ; 残差,2281.958,136,Mahalanobis 距离=2282.0（阈值=18.5）。主要贡献特征：PC2 (69.9%); PC3 (29.7%)。
2092,2024-04-24 19:06:00,2024-04-24 19:11:00,6.0,重载,IsolationForest; Mahalanobis; 单变量IQR+3σ; 残差,3.817,204,正常
2093,2024-04-24 19:19:00,2024-04-24 19:22:00,4.0,停机,IsolationForest; Mahalanobis; 单变量IQR+3σ; 残差,2132.64,136,Mahalanobis 距离=2132.6（阈值=18.5）。主要贡献特征：PC2 (61.0%); PC3 (38.9%)。
2094,2024-04-24 19:28:00,2024-04-24 19:32:00,5.0,停机,IsolationForest; Mahalanobis; 单变量IQR+3σ; 残差,5983.531,170,Mahalanobis 距离=5983.5（阈值=18.5）。主要贡献特征：PC4 (53.9%); PC3 (32.1%); PC2 (14.0%)。
2095,2024-04-24 19:36:00,2024-04-24 19:36:00,1.0,重载,IsolationForest; Mahalanobis; 单变量IQR+3σ; 残差,5.312,34,正常
2096,2024-04-24 20:02:00,2024-04-24 20:03:00,2.0,轻载,IsolationForest; Mahalanobis; 单变量IQR+3σ; 残差,1922.494,68,Mahalanobis 距离=1922.5（阈值=18.5）。主要贡献特征：PC2 (67.2%); PC3 (32.5%)。
2097,2024-04-24 20:11:00,2024-04-24 20:14:00,4.0,重载,IsolationForest; Mahalanobis; 单变量IQR+3σ; 残差,4.211,136,残差异常：采煤机_油泵_左电机_电流 偏高（残差 Z-score=4.2，实际=47.0 vs 预测=16.2）
2098,2024-04-24 20:16:00,2024-04-24 20:16:00,1.0,重载,IsolationForest; Mahalanobis; 单变量IQR+3σ; 残差,3.092,34,正常
2099,2024-04-24 20:21:00,2024-04-24 20:27:00,7.0,重载,IsolationForest; Mahalanobis; 单变量IQR+3σ; 残差,5.859,238,正常
2100,2024-04-24 20:29:00,2024-04-24 20:31:00,3.0,停机,IsolationForest; Mahalanobis; 单变量IQR+3σ; 残差,3701.744,102,Mahalanobis 距离=3701.7（阈值=18.5）。主要贡献特征：PC2 (81.6%); PC3 (17.4%)。
2101,2024-04-24 20:45:00,2024-04-24 20:45:00,1.0,重载,IsolationForest; Mahalanobis; 单变量IQR+3σ; 残差,4.868,34,残差异常：采煤机_油泵_左电机_电流 偏高（残差 Z-score=4.9，实际=53.0 vs 预测=17.4）
2102,2024-04-24 20:53:00,2024-04-24 21:05:00,13.0,停机,IsolationForest; Mahalanobis; 单变量IQR+3σ; 残差,3937.554,442,Mahalanobis 距离=3937.6（阈值=18.5）。主要贡献特征：PC3 (68.5%); PC2 (26.9%); PC4 (4.6%)。
2103,2024-04-24 21:10:00,2024-04-24 21:10:00,1.0,重载,IsolationForest; Mahalanobis; 单变量IQR+3σ; 残差,3.692,34,残差异常：采煤机_油泵_左电机_电流 偏高（残差 Z-score=3.7，实际=44.0 vs 预测=17.0）
2104,2024-04-24 21:13:00,2024-04-24 21:14:00,2.0,停机,IsolationForest; Mahalanobis; 单变量IQR+3σ; 残差,4559.39,68,Mahalanobis 距离=4559.4（阈值=18.5）。主要贡献特征：PC2 (80.7%); PC3 (18.3%); PC4 (1.1%)。
2105,2024-04-24 21:16:00,2024-04-24 21:16:00,1.0,停机,IsolationForest; Mahalanobis; 单变量IQR+3σ; 残差,3693.631,34,Mahalanobis 距离=3693.6（阈值=18.5）。主要贡献特征：PC2 (88.8%); PC3 (10.3%)。
2106,2024-04-24 21:21:00,2024-04-24 21:22:00,2.0,重载,IsolationForest; Mahalanobis; 单变量IQR+3σ; 残差,5.435,68,正常
2107,2024-04-24 21:26:00,2024-04-24 21:26:00,1.0,重载,IsolationForest; Mahalanobis; 单变量IQR+3σ; 残差,3.187,34,残差异常：采煤机_油泵_左油箱_油压 偏高（残差 Z-score=3.2，实际=13.1 vs 预测=2.5）
2108,2024-04-24 21:37:00,2024-04-24 21:40:00,4.0,停机,IsolationForest; Mahalanobis; 单变量IQR+3σ; 残差,3687.051,136,Mahalanobis 距离=3687.1（阈值=18.5）。主要贡献特征：PC2 (77.9%); PC3 (21.3%)。
2109,2024-04-24 21:46:00,2024-04-24 21:48:00,3.0,重载,IsolationForest; Mahalanobis; 单变量IQR+3σ; 残差,5.425,102,正常
2110,2024-04-24 21:50:00,2024-04-24 21:51:00,2.0,停机,IsolationForest; Mahalanobis; 单变量IQR+3σ; 残差,3291.874,68,Mahalanobis 距离=3291.9（阈值=18.5）。主要贡献特征：PC2 (77.7%); PC3 (21.5%)。
2111,2024-04-24 22:05:00,2024-04-24 22:06:00,2.0,重载,IsolationForest; Mahalanobis; 单变量IQR+3σ; 残差,6.088,68,残差异常：采煤机_油泵_右电机_电流 偏高（残差 Z-score=6.1，实际=57.0 vs 预测=17.6）
2112,2024-04-24 22:08:00,2024-04-24 22:08:00,1.0,重载,IsolationForest; Mahalanobis; 单变量IQR+3σ; 残差,5.73,34,正常
2113,2024-04-24 22:19:00,2024-04-24 22:22:00,4.0,停机,IsolationForest; Mahalanobis; 单变量IQR+3σ; 残差,2122.313,136,Mahalanobis 距离=2122.3（阈值=18.5）。主要贡献特征：PC2 (63.0%); PC3 (36.8%)。
2114,2024-04-24 22:26:00,2024-04-24 22:26:00,1.0,重载,IsolationForest; Mahalanobis; 单变量IQR+3σ; 残差,3.446,34,残差异常：采煤机_油泵_左电机_电流 偏高（残差 Z-score=3.4，实际=42.0 vs 预测=16.8）
2115,2024-04-24 22:35:00,2024-04-24 22:35:00,1.0,重载,IsolationForest; Mahalanobis; 单变量IQR+3σ; 残差,4.474,34,正常
2116,2024-04-24 23:01:00,2024-04-24 23:05:00,5.0,重载,IsolationForest; Mahalanobis; 单变量IQR+3σ; 残差,6.11,170,正常
2117,2024-04-24 23:09:00,2024-04-24 23:09:00,1.0,重载,IsolationForest; Mahalanobis; 单变量IQR+3σ; 残差,4.563,34,正常
2118,2024-04-24 23:26:00,2024-04-24 23:30:00,5.0,停机,IsolationForest; Mahalanobis; 单变量IQR+3σ; 残差,1761.463,170,Mahalanobis 距离=1761.5（阈值=18.5）。主要贡献特征：PC2 (68.9%); PC3 (29.7%); PC4 (1.3%)。
2119,2024-04-24 23:34:00,2024-04-24 23:35:00,2.0,重载,IsolationForest; Mahalanobis; 单变量IQR+3σ; 残差,4.848,68,正常
2120,2024-04-24 23:39:00,2024-04-24 23:42:00,4.0,停机,IsolationForest; Mahalanobis; 单变量IQR+3σ; 残差,2296.21,136,Mahalanobis 距离=2296.2（阈值=18.5）。主要贡献特征：PC2 (68.0%); PC3 (32.0%)。
2121,2024-04-24 23:44:00,2024-04-24 23:45:00,2.0,轻载,IsolationForest; Mahalanobis; 单变量IQR+3σ; 残差,1501.548,68,Mahalanobis 距离=1501.5（阈值=18.5）。主要贡献特征：PC2 (73.4%); PC3 (26.4%)。
2122,2024-04-24 23:47:00,2024-04-24 23:49:00,3.0,轻载,IsolationForest; Mahalanobis; 单变量IQR+3σ; 残差,2638.891,102,Mahalanobis 距离=2638.9（阈值=18.5）。主要贡献特征：PC2 (85.9%); PC4 (9.7%); PC3 (4.4%)。
2123,2024-04-24 23:51:00,2024-04-24 23:54:00,4.0,停机,IsolationForest; Mahalanobis; 单变量IQR+3σ; 残差,2247.448,136,Mahalanobis 距离=2247.4（阈值=18.5）。主要贡献特征：PC2 (78.8%); PC3 (21.1%)。
2124,2024-04-25 00:04:00,2024-04-25 00:07:00,4.0,重载,IsolationForest; Mahalanobis; 单变量IQR+3σ; 残差,5.452,136,正常
2125,2024-04-25 00:09:00,2024-04-25 00:09:00,1.0,重载,IsolationForest; Mahalanobis; 单变量IQR+3σ; 残差,4.593,34,正常
2126,2024-04-25 00:14:00,2024-04-25 00:14:00,1.0,重载,IsolationForest; Mahalanobis; 单变量IQR+3σ; 残差,3.771,34,正常
2127,2024-04-25 00:20:00,2024-04-25 00:20:00,1.0,重载,IsolationForest; Mahalanobis; 单变量IQR+3σ; 残差,4.844,34,正常
2128,2024-04-25 00:26:00,2024-04-25 00:31:00,6.0,重载,IsolationForest; Mahalanobis; 单变量IQR+3σ; 残差,6.111,204,正常
2129,2024-04-25 00:38:00,2024-04-25 00:38:00,1.0,重载,IsolationForest; Mahalanobis; 单变量IQR+3σ; 残差,3.881,34,正常
2130,2024-04-25 00:40:00,2024-04-25 00:40:00,1.0,重载,IsolationForest; Mahalanobis; 单变量IQR+3σ; 残差,5.622,34,正常
2131,2024-04-25 00:43:00,2024-04-25 00:48:00,6.0,重载,IsolationForest; Mahalanobis; 单变量IQR+3σ; 残差,3.178,204,单变量异常：采煤机_油泵_左电机_电流（z-score=3.2，实际=41.0，均值=18.2±7.2）
2132,2024-04-25 01:05:00,2024-04-25 01:05:00,1.0,重载,IsolationForest; Mahalanobis; 单变量IQR+3σ; 残差,3.405,34,残差异常：采煤机_破碎机_电机_电流 偏高（残差 Z-score=3.4，实际=38.0 vs 预测=0.0）
2133,2024-04-25 01:14:00,2024-04-25 01:14:00,1.0,重载,IsolationForest; Mahalanobis; 单变量IQR+3σ; 残差,4.758,34,残差异常：采煤机_油泵_左电机_电流 偏高（残差 Z-score=4.8，实际=51.0 vs 预测=16.2）
2134,2024-04-25 01:27:00,2024-04-25 01:27:00,1.0,重载,IsolationForest; Mahalanobis; 单变量IQR+3σ; 残差,5.697,34,正常
2135,2024-04-25 01:51:00,2024-04-25 01:51:00,1.0,重载,IsolationForest; Mahalanobis; 单变量IQR+3σ; 残差,2.313,34,正常
2136,2024-04-25 01:56:00,2024-04-25 01:57:00,2.0,重载,IsolationForest; Mahalanobis; 单变量IQR+3σ; 残差,6.806,68,正常
2137,2024-04-25 02:11:00,2024-04-25 02:12:00,2.0,停机,IsolationForest; Mahalanobis; 单变量IQR+3σ; 残差,1503.362,68,Mahalanobis 距离=1503.4（阈值=18.5）。主要贡献特征：PC2 (66.4%); PC3 (32.3%); PC4 (1.3%)。
2138,2024-04-25 02:16:00,2024-04-25 02:16:00,1.0,重载,IsolationForest; Mahalanobis; 单变量IQR+3σ; 残差,4.887,34,正常
2139,2024-04-25 02:20:00,2024-04-25 02:22:00,3.0,重载,IsolationForest; Mahalanobis; 单变量IQR+3σ; 残差,4.017,102,残差异常：采煤机_油泵_右电机_电流 偏高（残差 Z-score=4.0，实际=43.0 vs 预测=17.0）
2140,2024-04-25 02:25:00,2024-04-25 02:33:00,9.0,停机,IsolationForest; Mahalanobis; 单变量IQR+3σ; 残差,3937.908,306,Mahalanobis 距离=3937.9（阈值=18.5）。主要贡献特征：PC2 (73.7%); PC3 (26.2%)。
2141,2024-04-25 02:35:00,2024-04-25 02:35:00,1.0,停机,IsolationForest; Mahalanobis; 单变量IQR+3σ; 残差,1073.763,34,Mahalanobis 距离=1073.8（阈值=18.5）。主要贡献特征：PC2 (65.0%); PC3 (33.5%); PC4 (1.5%)。
2142,2024-04-25 02:47:00,2024-04-25 02:49:00,3.0,重载,IsolationForest; Mahalanobis; 单变量IQR+3σ; 残差,3.875,102,正常
2143,2024-04-25 03:03:00,2024-04-25 03:03:00,1.0,重载,IsolationForest; Mahalanobis; 单变量IQR+3σ; 残差,6.15,34,残差异常：采煤机_油泵_右电机_电流 偏高（残差 Z-score=6.1，实际=57.0 vs 预测=17.2）
2144,2024-04-25 03:05:00,2024-04-25 03:05:00,1.0,重载,IsolationForest; Mahalanobis; 单变量IQR+3σ; 残差,3.736,34,正常
2145,2024-04-25 03:11:00,2024-04-25 03:11:00,1.0,停机,IsolationForest; Mahalanobis; 单变量IQR+3σ; 残差,1668.996,34,Mahalanobis 距离=1669.0（阈值=18.5）。主要贡献特征：PC2 (61.5%); PC3 (38.5%)。
2146,2024-04-25 03:15:00,2024-04-25 03:18:00,4.0,停机,IsolationForest; Mahalanobis; 单变量IQR+3σ; 残差,1423.335,136,Mahalanobis 距离=1423.3（阈值=18.5）。主要贡献特征：PC2 (72.9%); PC3 (26.9%)。
2147,2024-04-25 03:29:00,2024-04-25 03:31:00,3.0,轻载,IsolationForest; Mahalanobis; 单变量IQR+3σ; 残差,8.501,102,残差异常：采煤机_截割部位_右滚筒_电机_温度 偏高（残差 Z-score=8.5，实际=77.0 vs 预测=56.2）
2148,2024-04-25 03:33:00,2024-04-25 03:33:00,1.0,重载,IsolationForest; Mahalanobis; 单变量IQR+3σ; 残差,5.511,34,正常
2149,2024-04-25 03:35:00,2024-04-25 03:35:00,1.0,重载,IsolationForest; Mahalanobis; 单变量IQR+3σ; 残差,5.179,34,正常
2150,2024-04-25 03:58:00,2024-04-25 03:58:00,1.0,停机,IsolationForest; Mahalanobis; 单变量IQR+3σ; 残差,6560.113,34,Mahalanobis 距离=6560.1（阈值=18.5）。主要贡献特征：PC2 (85.9%); PC3 (13.1%)。
2151,2024-04-25 04:07:00,2024-04-25 04:07:00,1.0,重载,IsolationForest; Mahalanobis; 单变量IQR+3σ; 残差,5.77,34,正常
2152,2024-04-25 04:22:00,2024-04-25 04:24:00,3.0,停机,IsolationForest; Mahalanobis; 单变量IQR+3σ; 残差,2819.517,102,Mahalanobis 距离=2819.5（阈值=18.5）。主要贡献特征：PC2 (62.9%); PC3 (36.9%)。
2153,2024-04-25 04:27:00,2024-04-25 04:27:00,1.0,重载,IsolationForest; Mahalanobis; 单变量IQR+3σ; 残差,6.621,34,正常
2154,2024-04-25 04:29:00,2024-04-25 04:29:00,1.0,重载,IsolationForest; Mahalanobis; 单变量IQR+3σ; 残差,3.846,34,正常
2155,2024-04-25 04:31:00,2024-04-25 04:31:00,1.0,重载,IsolationForest; Mahalanobis; 单变量IQR+3σ; 残差,2.644,34,正常
2156,2024-04-25 04:37:00,2024-04-25 04:37:00,1.0,重载,IsolationForest; Mahalanobis; 单变量IQR+3σ; 残差,2.932,34,正常
2157,2024-04-25 04:43:00,2024-04-25 04:43:00,1.0,重载,IsolationForest; Mahalanobis; 单变量IQR+3σ; 残差,3.097,34,残差异常：采煤机_油泵_左油箱_油压 偏高（残差 Z-score=3.1，实际=12.7 vs 预测=2.4）
2158,2024-04-25 04:55:00,2024-04-25 04:55:00,1.0,重载,IsolationForest; Mahalanobis; 单变量IQR+3σ; 残差,5.73,34,正常
2159,2024-04-25 04:59:00,2024-04-25 04:59:00,1.0,重载,IsolationForest; Mahalanobis; 单变量IQR+3σ; 残差,4.918,34,正常
2160,2024-04-25 05:08:00,2024-04-25 05:08:00,1.0,重载,IsolationForest; Mahalanobis; 单变量IQR+3σ; 残差,3.955,34,残差异常：采煤机_油泵_右电机_电流 偏高（残差 Z-score=4.0，实际=43.0 vs 预测=17.4）
2161,2024-04-25 05:31:00,2024-04-25 05:33:00,3.0,重载,IsolationForest; Mahalanobis; 单变量IQR+3σ; 残差,2.603,102,正常
2162,2024-04-25 05:47:00,2024-04-25 05:48:00,2.0,停机,IsolationForest; Mahalanobis; 单变量IQR+3σ; 残差,4101.336,68,Mahalanobis 距离=4101.3（阈值=18.5）。主要贡献特征：PC2 (82.7%); PC3 (17.0%)。
2163,2024-04-25 06:01:00,2024-04-25 06:01:00,1.0,重载,IsolationForest; Mahalanobis; 单变量IQR+3σ; 残差,4.481,34,残差异常：采煤机_油泵_右电机_电流 偏高（残差 Z-score=4.5，实际=46.0 vs 预测=17.0）
2164,2024-04-25 06:16:00,2024-04-25 06:16:00,1.0,重载,IsolationForest; Mahalanobis; 单变量IQR+3σ; 残差,3.317,34,正常
2165,2024-04-25 06:18:00,2024-04-25 06:18:00,1.0,重载,IsolationForest; Mahalanobis; 单变量IQR+3σ; 残差,4.697,34,残差异常：采煤机_油泵_右电机_电流 偏高（残差 Z-score=4.7，实际=48.0 vs 预测=17.6）
2166,2024-04-25 06:24:00,2024-04-25 06:28:00,5.0,重载,IsolationForest; Mahalanobis; 单变量IQR+3σ; 残差,4.855,170,单变量异常：采煤机_油泵_左油箱_油压（z-score=4.9，实际=18.3，均值=3.3±3.1）
2167,2024-04-25 06:34:00,2024-04-25 06:36:00,3.0,停机,IsolationForest; Mahalanobis; 单变量IQR+3σ; 残差,3293.71,102,Mahalanobis 距离=3293.7（阈值=18.5）。主要贡献特征：PC2 (79.1%); PC3 (20.6%)。
2168,2024-04-25 06:43:00,2024-04-25 06:46:00,4.0,重载,IsolationForest; Mahalanobis; 单变量IQR+3σ; 残差,6.436,136,单变量异常：采煤机_油泵_右油箱_油压（z-score=6.4，实际=20.4，均值=3.0±2.7）
2169,2024-04-25 06:54:00,2024-04-25 06:56:00,3.0,重载,IsolationForest; Mahalanobis; 单变量IQR+3σ; 残差,4.635,102,残差异常：采煤机_油泵_右电机_电流 偏高（残差 Z-score=4.6，实际=47.0 vs 预测=17.0）
2170,2024-04-25 07:03:00,2024-04-25 07:03:00,1.0,重载,IsolationForest; Mahalanobis; 单变量IQR+3σ; 残差,7.547,34,正常
2171,2024-04-25 07:08:00,2024-04-25 07:08:00,1.0,重载,IsolationForest; Mahalanobis; 单变量IQR+3σ; 残差,3.332,34,正常
2172,2024-04-25 07:13:00,2024-04-25 07:13:00,1.0,停机,IsolationForest; Mahalanobis; 单变量IQR+3σ; 残差,3582.85,34,Mahalanobis 距离=3582.9（阈值=18.5）。主要贡献特征：PC2 (79.4%); PC3 (19.5%); PC4 (1.0%)。
2173,2024-04-25 07:31:00,2024-04-25 07:33:00,3.0,停机,IsolationForest; Mahalanobis; 单变量IQR+3σ; 残差,2605.917,102,Mahalanobis 距离=2605.9（阈值=18.5）。主要贡献特征：PC2 (67.9%); PC3 (32.0%)。
2174,2024-04-25 07:43:00,2024-04-25 07:44:00,2.0,停机,IsolationForest; Mahalanobis; 单变量IQR+3σ; 残差,1823.691,68,Mahalanobis 距离=1823.7（阈值=18.5）。主要贡献特征：PC2 (61.0%); PC3 (39.0%)。
2175,2024-04-25 07:56:00,2024-04-25 07:56:00,1.0,重载,IsolationForest; Mahalanobis; 单变量IQR+3σ; 残差,5.037,34,残差异常：采煤机_油泵_右电机_电流 偏高（残差 Z-score=5.0，实际=50.0 vs 预测=17.4）
2176,2024-04-25 08:06:00,2024-04-25 08:07:00,2.0,重载,IsolationForest; Mahalanobis; 单变量IQR+3σ; 残差,7.14,68,正常
2177,2024-04-25 08:09:00,2024-04-25 08:09:00,1.0,重载,IsolationForest; Mahalanobis; 单变量IQR+3σ; 残差,6.029,34,正常
2178,2024-04-25 08:35:00,2024-04-25 08:35:00,1.0,停机,IsolationForest; Mahalanobis; 单变量IQR+3σ; 残差,2643.489,34,Mahalanobis 距离=2643.5（阈值=18.5）。主要贡献特征：PC2 (66.5%); PC3 (33.2%)。
2179,2024-04-25 08:37:00,2024-04-25 08:38:00,2.0,停机,IsolationForest; Mahalanobis; 单变量IQR+3σ; 残差,2254.121,68,Mahalanobis 距离=2254.1（阈值=18.5）。主要贡献特征：PC2 (88.5%); PC4 (8.7%); PC3 (2.8%)。
2180,2024-04-25 08:46:00,2024-04-25 08:48:00,3.0,重载,IsolationForest; Mahalanobis; 单变量IQR+3σ; 残差,6.045,102,正常
2181,2024-04-25 09:05:00,2024-04-25 09:05:00,1.0,重载,IsolationForest; Mahalanobis; 单变量IQR+3σ; 残差,2.05,34,正常
2182,2024-04-25 09:11:00,2024-04-25 09:14:00,4.0,停机,IsolationForest; Mahalanobis; 单变量IQR+3σ; 残差,4238.303,136,Mahalanobis 距离=4238.3（阈值=18.5）。主要贡献特征：PC2 (74.2%); PC3 (24.9%)。
2183,2024-04-25 09:21:00,2024-04-25 09:42:00,22.0,停机,IsolationForest; Mahalanobis; 单变量IQR+3σ; 残差,3799.746,748,Mahalanobis 距离=3799.7（阈值=18.5）。主要贡献特征：PC2 (71.8%); PC3 (28.2%)。
2184,2024-04-25 09:46:00,2024-04-25 09:46:00,1.0,重载,IsolationForest; Mahalanobis; 单变量IQR+3σ; 残差,6.399,34,正常
2185,2024-04-25 09:48:00,2024-04-25 09:51:00,4.0,停机,IsolationForest; Mahalanobis; 单变量IQR+3σ; 残差,2463.72,136,Mahalanobis 距离=2463.7（阈值=18.5）。主要贡献特征：PC2 (61.1%); PC3 (38.6%)。
2186,2024-04-25 09:59:00,2024-04-25 10:01:00,3.0,重载,IsolationForest; Mahalanobis; 单变量IQR+3σ; 残差,5.552,102,正常
2187,2024-04-25 10:05:00,2024-04-25 10:05:00,1.0,重载,IsolationForest; Mahalanobis; 单变量IQR+3σ; 残差,5.406,34,正常
2188,2024-04-25 10:08:00,2024-04-25 10:10:00,3.0,重载,IsolationForest; Mahalanobis; 单变量IQR+3σ; 残差,3.365,102,单变量异常：采煤机_油泵_左油箱_油压（z-score=3.4，实际=13.7，均值=3.3±3.1）
2189,2024-04-25 10:12:00,2024-04-25 10:23:00,12.0,停机,IsolationForest; Mahalanobis; 单变量IQR+3σ; 残差,1722.163,408,Mahalanobis 距离=1722.2（阈值=18.5）。主要贡献特征：PC2 (68.2%); PC3 (31.4%)。
2190,2024-04-25 13:25:00,2024-04-25 13:35:00,11.0,轻载,IsolationForest; Mahalanobis; 单变量IQR+3σ; 残差,28.408,374,Mahalanobis 距离=28.4（阈值=18.5）。主要贡献特征：PC2 (51.4%); PC3 (45.3%); PC4 (1.7%)。
2191,2024-04-25 13:45:00,2024-04-25 13:50:00,6.0,轻载,IsolationForest; Mahalanobis; 单变量IQR+3σ; 残差,25.61,204,Mahalanobis 距离=25.6（阈值=18.5）。主要贡献特征：PC2 (51.5%); PC3 (44.6%); PC4 (2.1%)。
2192,2024-04-25 14:31:00,2024-04-25 14:34:00,4.0,轻载,IsolationForest; Mahalanobis; 单变量IQR+3σ; 残差,1756.228,136,Mahalanobis 距离=1756.2（阈值=18.5）。主要贡献特征：PC3 (62.6%); PC2 (23.4%); PC4 (14.0%)。
2193,2024-04-25 14:38:00,2024-04-25 15:37:00,60.0,轻载,IsolationForest; Mahalanobis; 单变量IQR+3σ; 残差,1504.406,2040,Mahalanobis 距离=1504.4（阈值=18.5）。主要贡献特征：PC3 (62.9%); PC2 (24.0%); PC4 (13.1%)。
2194,2024-04-25 15:42:00,2024-04-25 15:59:00,18.0,停机,IsolationForest; Mahalanobis; 单变量IQR+3σ; 残差,1270.506,612,Mahalanobis 距离=1270.5（阈值=18.5）。主要贡献特征：PC2 (64.6%); PC3 (34.1%); PC4 (1.3%)。
2195,2024-04-25 16:02:00,2024-04-25 16:05:00,4.0,停机,IsolationForest; Mahalanobis; 单变量IQR+3σ; 残差,2347.42,136,Mahalanobis 距离=2347.4（阈值=18.5）。主要贡献特征：PC2 (92.3%); PC3 (7.3%)。
2196,2024-04-25 16:14:00,2024-04-25 16:14:00,1.0,停机,IsolationForest; Mahalanobis; 单变量IQR+3σ; 残差,1768.052,34,Mahalanobis 距离=1768.1（阈值=18.5）。主要贡献特征：PC2 (70.1%); PC3 (29.1%)。
2197,2024-04-25 16:18:00,2024-04-25 16:18:00,1.0,重载,IsolationForest; Mahalanobis; 单变量IQR+3σ; 残差,3.47,34,残差异常：采煤机_油泵_左油箱_油压 偏高（残差 Z-score=3.5，实际=14.0 vs 预测=2.5）
2198,2024-04-25 16:21:00,2024-04-25 16:23:00,3.0,停机,IsolationForest; Mahalanobis; 单变量IQR+3σ; 残差,2009.233,102,Mahalanobis 距离=2009.2（阈值=18.5）。主要贡献特征：PC2 (70.9%); PC3 (28.5%)。
2199,2024-04-25 16:26:00,2024-04-25 16:26:00,1.0,重载,IsolationForest; Mahalanobis; 单变量IQR+3σ; 残差,6.507,34,正常
2200,2024-04-25 16:28:00,2024-04-25 16:29:00,2.0,停机,IsolationForest; Mahalanobis; 单变量IQR+3σ; 残差,818.143,68,Mahalanobis 距离=818.1（阈值=18.5）。主要贡献特征：PC2 (59.9%); PC3 (38.7%); PC4 (1.4%)。
2201,2024-04-25 16:45:00,2024-04-25 16:48:00,4.0,停机,IsolationForest; Mahalanobis; 单变量IQR+3σ; 残差,2614.303,136,Mahalanobis 距离=2614.3（阈值=18.5）。主要贡献特征：PC2 (69.6%); PC3 (30.4%)。
2202,2024-04-25 16:50:00,2024-04-25 16:52:00,3.0,重载,IsolationForest; Mahalanobis; 单变量IQR+3σ; 残差,1.739,102,正常
2203,2024-04-25 16:55:00,2024-04-25 16:58:00,4.0,重载,IsolationForest; Mahalanobis; 单变量IQR+3σ; 残差,1.41,136,正常
2204,2024-04-25 17:02:00,2024-04-25 17:05:00,4.0,停机,IsolationForest; Mahalanobis; 单变量IQR+3σ; 残差,3765.655,136,Mahalanobis 距离=3765.7（阈值=18.5）。主要贡献特征：PC2 (80.8%); PC3 (18.2%); PC4 (1.0%)。
2205,2024-04-25 17:59:00,2024-04-25 18:04:00,6.0,停机,IsolationForest; Mahalanobis; 单变量IQR+3σ; 残差,3581.077,204,Mahalanobis 距离=3581.1（阈值=18.5）。主要贡献特征：PC2 (90.1%); PC3 (9.2%)。
2206,2024-04-25 18:31:00,2024-04-25 18:38:00,8.0,重载,IsolationForest; Mahalanobis; 单变量IQR+3σ; 残差,5.859,272,正常
2207,2024-04-25 18:47:00,2024-04-25 18:47:00,1.0,重载,IsolationForest; Mahalanobis; 单变量IQR+3σ; 残差,6.029,34,正常
2208,2024-04-25 18:55:00,2024-04-25 18:58:00,4.0,重载,IsolationForest; Mahalanobis; 单变量IQR+3σ; 残差,7.199,136,正常
2209,2024-04-25 19:10:00,2024-04-25 19:11:00,2.0,停机,IsolationForest; Mahalanobis; 单变量IQR+3σ; 残差,2898.714,68,Mahalanobis 距离=2898.7（阈值=18.5）。主要贡献特征：PC2 (75.0%); PC3 (24.9%)。
2210,2024-04-25 19:13:00,2024-04-25 19:13:00,1.0,重载,IsolationForest; Mahalanobis; 单变量IQR+3σ; 残差,3.956,34,正常
2211,2024-04-25 19:16:00,2024-04-25 19:18:00,3.0,停机,IsolationForest; Mahalanobis; 单变量IQR+3σ; 残差,2577.31,102,Mahalanobis 距离=2577.3（阈值=18.5）。主要贡献特征：PC2 (69.7%); PC3 (30.1%)。
2212,2024-04-25 19:25:00,2024-04-25 19:28:00,4.0,停机,IsolationForest; Mahalanobis; 单变量IQR+3σ; 残差,1758.759,136,Mahalanobis 距离=1758.8（阈值=18.5）。主要贡献特征：PC2 (71.4%); PC3 (27.7%)。
2213,2024-04-25 19:30:00,2024-04-25 19:33:00,4.0,停机,IsolationForest; Mahalanobis; 单变量IQR+3σ; 残差,19.807,136,Mahalanobis 距离=19.8（阈值=18.5）。主要贡献特征：PC2 (51.7%); PC3 (45.1%); PC4 (2.8%)。
2214,2024-04-25 19:35:00,2024-04-25 19:40:00,6.0,重载,IsolationForest; Mahalanobis; 单变量IQR+3σ; 残差,6.88,204,单变量异常：采煤机_油泵_右油箱_油压（z-score=6.9，实际=21.6，均值=3.0±2.7）
2215,2024-04-25 20:26:00,2024-04-25 20:26:00,1.0,重载,IsolationForest; Mahalanobis; 单变量IQR+3σ; 残差,4.596,34,正常
2216,2024-04-25 20:28:00,2024-04-25 20:28:00,1.0,停机,IsolationForest; Mahalanobis; 单变量IQR+3σ; 残差,2675.113,34,Mahalanobis 距离=2675.1（阈值=18.5）。主要贡献特征：PC2 (64.3%); PC3 (35.4%)。
2217,2024-04-25 20:31:00,2024-04-25 20:33:00,3.0,重载,IsolationForest; Mahalanobis; 单变量IQR+3σ; 残差,2.002,102,正常
2218,2024-04-25 20:38:00,2024-04-25 20:38:00,1.0,重载,IsolationForest; Mahalanobis; 单变量IQR+3σ; 残差,4.635,34,残差异常：采煤机_油泵_右电机_电流 偏高（残差 Z-score=4.6，实际=47.0 vs 预测=17.0）
2219,2024-04-25 20:40:00,2024-04-25 20:43:00,4.0,重载,IsolationForest; Mahalanobis; 单变量IQR+3σ; 残差,4.207,136,正常
2220,2024-04-25 20:58:00,2024-04-25 20:58:00,1.0,重载,IsolationForest; Mahalanobis; 单变量IQR+3σ; 残差,3.689,34,正常
2221,2024-04-25 21:03:00,2024-04-25 21:03:00,1.0,停机,IsolationForest; Mahalanobis; 单变量IQR+3σ; 残差,1737.725,34,Mahalanobis 距离=1737.7（阈值=18.5）。主要贡献特征：PC2 (68.6%); PC3 (30.8%)。
2222,2024-04-25 21:07:00,2024-04-25 21:07:00,1.0,重载,IsolationForest; Mahalanobis; 单变量IQR+3σ; 残差,4.844,34,正常
2223,2024-04-25 21:27:00,2024-04-25 21:29:00,3.0,重载,IsolationForest; Mahalanobis; 单变量IQR+3σ; 残差,6.14,102,单变量异常：采煤机_油泵_右油箱_油压（z-score=6.1，实际=19.6，均值=3.0±2.7）
2224,2024-04-25 21:33:00,2024-04-25 21:36:00,4.0,停机,IsolationForest; Mahalanobis; 单变量IQR+3σ; 残差,4396.979,136,Mahalanobis 距离=4397.0（阈值=18.5）。主要贡献特征：PC2 (84.7%); PC3 (15.0%)。
2225,2024-04-25 21:40:00,2024-04-25 21:41:00,2.0,重载,IsolationForest; Mahalanobis; 单变量IQR+3σ; 残差,5.254,68,正常
2226,2024-04-25 21:47:00,2024-04-25 21:47:00,1.0,停机,IsolationForest; Mahalanobis; 单变量IQR+3σ; 残差,3481.458,34,Mahalanobis 距离=3481.5（阈值=18.5）。主要贡献特征：PC2 (72.5%); PC3 (27.1%)。
2227,2024-04-25 21:51:00,2024-04-25 21:51:00,1.0,停机,IsolationForest; Mahalanobis; 单变量IQR+3σ; 残差,3150.493,34,Mahalanobis 距离=3150.5（阈值=18.5）。主要贡献特征：PC2 (74.0%); PC3 (25.9%)。
2228,2024-04-25 21:53:00,2024-04-25 21:54:00,2.0,停机,IsolationForest; Mahalanobis; 单变量IQR+3σ; 残差,3230.395,68,Mahalanobis 距离=3230.4（阈值=18.5）。主要贡献特征：PC2 (72.5%); PC3 (27.4%)。
2229,2024-04-25 21:58:00,2024-04-25 21:58:00,1.0,重载,IsolationForest; Mahalanobis; 单变量IQR+3σ; 残差,6.584,34,正常
2230,2024-04-25 22:04:00,2024-04-25 22:07:00,4.0,重载,IsolationForest; Mahalanobis; 单变量IQR+3σ; 残差,3.117,136,残差异常：采煤机_油泵_左电机_电流 偏高（残差 Z-score=3.1，实际=39.0 vs 预测=16.2）
2231,2024-04-25 22:11:00,2024-04-25 22:11:00,1.0,重载,IsolationForest; Mahalanobis; 单变量IQR+3σ; 残差,3.876,34,正常
2232,2024-04-25 22:32:00,2024-04-25 22:32:00,1.0,停机,IsolationForest; Mahalanobis; 单变量IQR+3σ; 残差,1117.57,34,Mahalanobis 距离=1117.6（阈值=18.5）。主要贡献特征：PC2 (59.0%); PC3 (40.7%)。
2233,2024-04-25 22:41:00,2024-04-25 22:42:00,2.0,停机,IsolationForest; Mahalanobis; 单变量IQR+3σ; 残差,4299.913,68,Mahalanobis 距离=4299.9（阈值=18.5）。主要贡献特征：PC2 (79.7%); PC3 (20.1%)。
2234,2024-04-25 22:49:00,2024-04-25 22:50:00,2.0,重载,IsolationForest; Mahalanobis; 单变量IQR+3σ; 残差,3.883,68,残差异常：采煤机_油泵_左电机_电流 偏高（残差 Z-score=3.9，实际=46.0 vs 预测=17.6）
2235,2024-04-25 22:53:00,2024-04-25 22:55:00,3.0,停机,IsolationForest; Mahalanobis; 单变量IQR+3σ; 残差,3214.243,102,Mahalanobis 距离=3214.2（阈值=18.5）。主要贡献特征：PC2 (70.6%); PC3 (29.4%)。
2236,2024-04-25 23:00:00,2024-04-25 23:02:00,3.0,停机,IsolationForest; Mahalanobis; 单变量IQR+3σ; 残差,2873.707,102,Mahalanobis 距离=2873.7（阈值=18.5）。主要贡献特征：PC2 (69.0%); PC3 (31.0%)。
2237,2024-04-25 23:16:00,2024-04-25 23:16:00,1.0,重载,IsolationForest; Mahalanobis; 单变量IQR+3σ; 残差,3.559,34,正常
2238,2024-04-25 23:22:00,2024-04-25 23:26:00,5.0,停机,IsolationForest; Mahalanobis; 单变量IQR+3σ; 残差,2670.369,170,Mahalanobis 距离=2670.4（阈值=18.5）。主要贡献特征：PC2 (71.9%); PC3 (27.6%)。
2239,2024-04-25 23:33:00,2024-04-25 23:34:00,2.0,重载,IsolationForest; Mahalanobis; 单变量IQR+3σ; 残差,4.661,68,正常
2240,2024-04-25 23:43:00,2024-04-25 23:43:00,1.0,重载,IsolationForest; Mahalanobis; 单变量IQR+3σ; 残差,6.026,34,残差异常：采煤机_油泵_右电机_电流 偏高（残差 Z-score=6.0，实际=56.0 vs 预测=17.0）
2241,2024-04-25 23:46:00,2024-04-25 23:54:00,9.0,轻载,IsolationForest; Mahalanobis; 单变量IQR+3σ; 残差,4882.04,306,Mahalanobis 距离=4882.0（阈值=18.5）。主要贡献特征：PC2 (67.2%); PC3 (32.3%)。
2242,2024-04-26 00:04:00,2024-04-26 00:04:00,1.0,重载,IsolationForest; Mahalanobis; 单变量IQR+3σ; 残差,5.622,34,正常
2243,2024-04-26 00:09:00,2024-04-26 00:09:00,1.0,重载,IsolationForest; Mahalanobis; 单变量IQR+3σ; 残差,6.214,34,正常
2244,2024-04-26 00:12:00,2024-04-26 00:12:00,1.0,重载,IsolationForest; Mahalanobis; 单变量IQR+3σ; 残差,6.436,34,正常
2245,2024-04-26 00:14:00,2024-04-26 00:14:00,1.0,重载,IsolationForest; Mahalanobis; 单变量IQR+3σ; 残差,4.43,34,残差异常：采煤机_油泵_左电机_电流 偏高（残差 Z-score=4.4，实际=49.0 vs 预测=16.6）
2246,2024-04-26 00:17:00,2024-04-26 00:17:00,1.0,重载,IsolationForest; Mahalanobis; 单变量IQR+3σ; 残差,4.481,34,残差异常：采煤机_破碎机_电机_电流 偏高（残差 Z-score=4.5，实际=50.0 vs 预测=0.0）
2247,2024-04-26 00:22:00,2024-04-26 00:22:00,1.0,重载,IsolationForest; Mahalanobis; 单变量IQR+3σ; 残差,6.809,34,残差异常：采煤机_油泵_左电机_电流 偏高（残差 Z-score=6.8，实际=66.0 vs 预测=16.2）
2248,2024-04-26 00:24:00,2024-04-26 00:27:00,4.0,重载,IsolationForest; Mahalanobis; 单变量IQR+3σ; 残差,3.872,136,正常
2249,2024-04-26 00:30:00,2024-04-26 00:31:00,2.0,重载,IsolationForest; Mahalanobis; 单变量IQR+3σ; 残差,3.697,68,正常
2250,2024-04-26 00:34:00,2024-04-26 00:34:00,1.0,重载,IsolationForest; Mahalanobis; 单变量IQR+3σ; 残差,4.511,34,正常
2251,2024-04-26 00:39:00,2024-04-26 00:41:00,3.0,重载,IsolationForest; Mahalanobis; 单变量IQR+3σ; 残差,2.771,102,单变量异常：采煤机_油泵_右油箱_油压（z-score=2.8，实际=10.5，均值=3.0±2.7）
2252,2024-04-26 00:44:00,2024-04-26 00:44:00,1.0,停机,IsolationForest; Mahalanobis; 单变量IQR+3σ; 残差,2532.715,34,Mahalanobis 距离=2532.7（阈值=18.5）。主要贡献特征：PC2 (76.1%); PC3 (23.3%)。
2253,2024-04-26 00:47:00,2024-04-26 00:47:00,1.0,重载,IsolationForest; Mahalanobis; 单变量IQR+3σ; 残差,6.214,34,正常
2254,2024-04-26 00:57:00,2024-04-26 00:57:00,1.0,重载,IsolationForest; Mahalanobis; 单变量IQR+3σ; 残差,4.067,34,正常
2255,2024-04-26 01:03:00,2024-04-26 01:05:00,3.0,重载,IsolationForest; Mahalanobis; 单变量IQR+3σ; 残差,4.774,102,正常
2256,2024-04-26 01:10:00,2024-04-26 01:13:00,4.0,停机,IsolationForest; Mahalanobis; 单变量IQR+3σ; 残差,1395.757,136,Mahalanobis 距离=1395.8（阈值=18.5）。主要贡献特征：PC2 (62.1%); PC3 (37.4%)。
2257,2024-04-26 01:20:00,2024-04-26 01:20:00,1.0,重载,IsolationForest; Mahalanobis; 单变量IQR+3σ; 残差,5.341,34,正常
2258,2024-04-26 01:25:00,2024-04-26 01:27:00,3.0,停机,IsolationForest; Mahalanobis; 单变量IQR+3σ; 残差,2862.754,102,Mahalanobis 距离=2862.8（阈值=18.5）。主要贡献特征：PC2 (71.0%); PC3 (28.9%)。
2259,2024-04-26 01:32:00,2024-04-26 01:38:00,7.0,停机,IsolationForest; Mahalanobis; 单变量IQR+3σ; 残差,4360.959,238,Mahalanobis 距离=4361.0（阈值=18.5）。主要贡献特征：PC2 (91.2%); PC4 (8.0%)。
2260,2024-04-26 01:40:00,2024-04-26 01:41:00,2.0,停机,IsolationForest; Mahalanobis; 单变量IQR+3σ; 残差,3257.617,68,Mahalanobis 距离=3257.6（阈值=18.5）。主要贡献特征：PC2 (81.2%); PC3 (18.4%)。
2261,2024-04-26 01:46:00,2024-04-26 01:51:00,6.0,重载,IsolationForest; Mahalanobis; 单变量IQR+3σ; 残差,5.029,204,正常
2262,2024-04-26 01:53:00,2024-04-26 01:55:00,3.0,重载,IsolationForest; Mahalanobis; 单变量IQR+3σ; 残差,6.637,102,单变量异常：采煤机_油泵_左油箱_油压（z-score=6.6，实际=23.8，均值=3.3±3.1）
2263,2024-04-26 02:00:00,2024-04-26 02:12:00,13.0,重载,IsolationForest; Mahalanobis; 单变量IQR+3σ; 残差,6.25,442,正常
2264,2024-04-26 02:47:00,2024-04-26 02:50:00,4.0,停机,IsolationForest; Mahalanobis; 单变量IQR+3σ; 残差,3142.325,136,Mahalanobis 距离=3142.3（阈值=18.5）。主要贡献特征：PC2 (62.2%); PC3 (37.4%)。
2265,2024-04-26 02:55:00,2024-04-26 02:58:00,4.0,重载,IsolationForest; Mahalanobis; 单变量IQR+3σ; 残差,6.066,136,正常
2266,2024-04-26 03:00:00,2024-04-26 03:04:00,5.0,停机,IsolationForest; Mahalanobis; 单变量IQR+3σ; 残差,2128.578,170,Mahalanobis 距离=2128.6（阈值=18.5）。主要贡献特征：PC2 (67.1%); PC3 (32.7%)。
2267,2024-04-26 03:06:00,2024-04-26 03:10:00,5.0,重载,IsolationForest; Mahalanobis; 单变量IQR+3σ; 残差,4.542,170,正常
2268,2024-04-26 03:15:00,2024-04-26 03:17:00,3.0,重载,IsolationForest; Mahalanobis; 单变量IQR+3σ; 残差,4.952,102,单变量异常：采煤机_油泵_左油箱_油压（z-score=5.0，实际=18.6，均值=3.3±3.1）
2269,2024-04-26 03:23:00,2024-04-26 03:26:00,4.0,停机,IsolationForest; Mahalanobis; 单变量IQR+3σ; 残差,1632.895,136,Mahalanobis 距离=1632.9（阈值=18.5）。主要贡献特征：PC2 (65.1%); PC3 (34.6%)。
2270,2024-04-26 03:30:00,2024-04-26 03:32:00,3.0,重载,IsolationForest; Mahalanobis; 单变量IQR+3σ; 残差,4.666,102,残差异常：采煤机_油泵_右电机_电流 偏高（残差 Z-score=4.7，实际=48.0 vs 预测=17.8）
2271,2024-04-26 03:34:00,2024-04-26 03:34:00,1.0,停机,IsolationForest; Mahalanobis; 单变量IQR+3σ; 残差,2711.373,34,Mahalanobis 距离=2711.4（阈值=18.5）。主要贡献特征：PC2 (75.4%); PC3 (23.5%); PC4 (1.1%)。
2272,2024-04-26 03:37:00,2024-04-26 03:39:00,3.0,重载,IsolationForest; Mahalanobis; 单变量IQR+3σ; 残差,5.871,102,残差异常：采煤机_油泵_右电机_电流 偏高（残差 Z-score=5.9，实际=56.0 vs 预测=18.0）
2273,2024-04-26 03:49:00,2024-04-26 03:49:00,1.0,重载,IsolationForest; Mahalanobis; 单变量IQR+3σ; 残差,3.09,34,残差异常：采煤机_油泵_右电机_电流 偏高（残差 Z-score=3.1，实际=37.0 vs 预测=17.0）
2274,2024-04-26 03:58:00,2024-04-26 04:02:00,5.0,停机,IsolationForest; Mahalanobis; 单变量IQR+3σ; 残差,2373.906,170,Mahalanobis 距离=2373.9（阈值=18.5）。主要贡献特征：PC2 (71.9%); PC3 (27.8%)。
2275,2024-04-26 04:06:00,2024-04-26 04:06:00,1.0,停机,IsolationForest; Mahalanobis; 单变量IQR+3σ; 残差,2842.538,34,Mahalanobis 距离=2842.5（阈值=18.5）。主要贡献特征：PC2 (75.9%); PC3 (23.7%)。
2276,2024-04-26 04:23:00,2024-04-26 04:23:00,1.0,重载,IsolationForest; Mahalanobis; 单变量IQR+3σ; 残差,3.16,34,残差异常：采煤机_截割部位_左滚筒_电机_电流 偏高（残差 Z-score=3.2，实际=262.0 vs 预测=74.8）
2277,2024-04-26 04:29:00,2024-04-26 04:29:00,1.0,重载,IsolationForest; Mahalanobis; 单变量IQR+3σ; 残差,6.695,34,正常
2278,2024-04-26 04:34:00,2024-04-26 04:34:00,1.0,重载,IsolationForest; Mahalanobis; 单变量IQR+3σ; 残差,5.4,34,正常
2279,2024-04-26 04:49:00,2024-04-26 04:49:00,1.0,重载,IsolationForest; Mahalanobis; 单变量IQR+3σ; 残差,3.597,34,正常
2280,2024-04-26 04:53:00,2024-04-26 04:53:00,1.0,重载,IsolationForest; Mahalanobis; 单变量IQR+3σ; 残差,7.029,34,正常
2281,2024-04-26 04:56:00,2024-04-26 04:59:00,4.0,停机,IsolationForest; Mahalanobis; 单变量IQR+3σ; 残差,2175.401,136,Mahalanobis 距离=2175.4（阈值=18.5）。主要贡献特征：PC2 (68.4%); PC3 (31.0%)。
2282,2024-04-26 05:25:00,2024-04-26 05:28:00,4.0,重载,IsolationForest; Mahalanobis; 单变量IQR+3σ; 残差,5.5,136,正常
2283,2024-04-26 05:33:00,2024-04-26 05:33:00,1.0,重载,IsolationForest; Mahalanobis; 单变量IQR+3σ; 残差,4.79,34,残差异常：采煤机_油泵_右电机_电流 偏高（残差 Z-score=4.8，实际=48.0 vs 预测=17.0）
2284,2024-04-26 05:45:00,2024-04-26 05:45:00,1.0,停机,IsolationForest; Mahalanobis; 单变量IQR+3σ; 残差,2635.469,34,Mahalanobis 距离=2635.5（阈值=18.5）。主要贡献特征：PC2 (70.8%); PC3 (28.9%)。
2285,2024-04-26 05:53:00,2024-04-26 05:53:00,1.0,重载,IsolationForest; Mahalanobis; 单变量IQR+3σ; 残差,18.46,34,残差异常：采煤机_破碎机_电机_电流 偏高（残差 Z-score=18.5，实际=206.0 vs 预测=0.0）
2286,2024-04-26 05:57:00,2024-04-26 05:58:00,2.0,重载,IsolationForest; Mahalanobis; 单变量IQR+3σ; 残差,1.44,68,正常
2287,2024-04-26 06:13:00,2024-04-26 06:13:00,1.0,重载,IsolationForest; Mahalanobis; 单变量IQR+3σ; 残差,4.79,34,残差异常：采煤机_油泵_右电机_电流 偏高（残差 Z-score=4.8，实际=48.0 vs 预测=17.0）
2288,2024-04-26 06:20:00,2024-04-26 06:20:00,1.0,停机,IsolationForest; Mahalanobis; 单变量IQR+3σ; 残差,2025.915,34,Mahalanobis 距离=2025.9（阈值=18.5）。主要贡献特征：PC2 (73.1%); PC3 (26.3%)。
2289,2024-04-26 06:23:00,2024-04-26 06:23:00,1.0,重载,IsolationForest; Mahalanobis; 单变量IQR+3σ; 残差,12.172,34,残差异常：采煤机_截割部位_左滚筒_电机_电流 偏高（残差 Z-score=12.2，实际=781.0 vs 预测=60.0）
2290,2024-04-26 06:29:00,2024-04-26 06:29:00,1.0,重载,IsolationForest; Mahalanobis; 单变量IQR+3σ; 残差,4.852,34,残差异常：采煤机_油泵_右电机_电流 偏高（残差 Z-score=4.9，实际=49.0 vs 预测=17.6）
2291,2024-04-26 06:31:00,2024-04-26 06:33:00,3.0,重载,IsolationForest; Mahalanobis; 单变量IQR+3σ; 残差,4.479,102,正常
2292,2024-04-26 06:36:00,2024-04-26 06:36:00,1.0,重载,IsolationForest; Mahalanobis; 单变量IQR+3σ; 残差,4.026,34,正常
2293,2024-04-26 06:44:00,2024-04-26 06:44:00,1.0,重载,IsolationForest; Mahalanobis; 单变量IQR+3σ; 残差,4.887,34,正常
2294,2024-04-26 06:47:00,2024-04-26 06:47:00,1.0,重载,IsolationForest; Mahalanobis; 单变量IQR+3σ; 残差,6.529,34,正常
2295,2024-04-26 07:00:00,2024-04-26 07:02:00,3.0,停机,IsolationForest; Mahalanobis; 单变量IQR+3σ; 残差,1221.848,102,Mahalanobis 距离=1221.8（阈值=18.5）。主要贡献特征：PC2 (69.4%); PC3 (29.6%); PC4 (1.0%)。
2296,2024-04-26 07:06:00,2024-04-26 08:35:00,90.0,停机,IsolationForest; Mahalanobis; 单变量IQR+3σ; 残差,1.781,3060,正常
2297,2024-04-26 08:43:00,2024-04-26 08:44:00,2.0,重载,IsolationForest; Mahalanobis; 单变量IQR+3σ; 残差,5.479,68,正常
2298,2024-04-26 08:48:00,2024-04-26 08:48:00,1.0,停机,IsolationForest; Mahalanobis; 单变量IQR+3σ; 残差,18.517,34,Mahalanobis 距离=18.5（阈值=18.5）。主要贡献特征：PC3 (53.4%); PC2 (41.2%); PC4 (5.4%)。
2299,2024-04-26 10:30:00,2024-04-26 13:04:00,155.0,停机,IsolationForest; Mahalanobis; 单变量IQR+3σ; 残差,20.511,5270,Mahalanobis 距离=20.5（阈值=18.5）。主要贡献特征：PC3 (61.2%); PC2 (32.3%); PC4 (6.2%)。
2300,2024-04-26 13:11:00,2024-04-26 13:16:00,6.0,停机,IsolationForest; Mahalanobis; 单变量IQR+3σ; 残差,770.047,204,Mahalanobis 距离=770.0（阈值=18.5）。主要贡献特征：PC4 (55.2%); PC3 (32.2%); PC2 (12.5%)。
2301,2024-04-26 15:49:00,2024-04-26 16:09:00,21.0,轻载,IsolationForest; Mahalanobis; 单变量IQR+3σ; 残差,2831.814,714,Mahalanobis 距离=2831.8（阈值=18.5）。主要贡献特征：PC2 (82.2%); PC3 (16.8%); PC4 (1.0%)。
2302,2024-04-26 16:24:00,2024-04-26 16:29:00,6.0,轻载,IsolationForest; Mahalanobis; 单变量IQR+3σ; 残差,2518.699,204,Mahalanobis 距离=2518.7（阈值=18.5）。主要贡献特征：PC2 (80.7%); PC3 (19.2%)。
2303,2024-04-26 16:36:00,2024-04-26 17:15:00,40.0,停机,IsolationForest; Mahalanobis; 单变量IQR+3σ; 残差,2072.044,1360,Mahalanobis 距离=2072.0（阈值=18.5）。主要贡献特征：PC2 (71.3%); PC3 (27.7%); PC4 (1.0%)。
2304,2024-04-26 17:17:00,2024-04-26 17:28:00,12.0,停机,IsolationForest; Mahalanobis; 单变量IQR+3σ; 残差,1742.424,408,Mahalanobis 距离=1742.4（阈值=18.5）。主要贡献特征：PC2 (87.2%); PC3 (11.7%); PC4 (1.1%)。
2305,2024-04-26 17:30:00,2024-04-26 17:39:00,10.0,重载,IsolationForest; Mahalanobis; 单变量IQR+3σ; 残差,3.767,340,正常
2306,2024-04-26 17:45:00,2024-04-26 17:52:00,8.0,停机,IsolationForest; Mahalanobis; 单变量IQR+3σ; 残差,4223.563,272,Mahalanobis 距离=4223.6（阈值=18.5）。主要贡献特征：PC2 (86.3%); PC4 (12.2%); PC3 (1.5%)。
2307,2024-04-26 17:56:00,2024-04-26 17:56:00,1.0,重载,IsolationForest; Mahalanobis; 单变量IQR+3σ; 残差,5.215,34,正常
2308,2024-04-26 18:01:00,2024-04-26 18:04:00,4.0,停机,IsolationForest; Mahalanobis; 单变量IQR+3σ; 残差,1163.533,136,Mahalanobis 距离=1163.5（阈值=18.5）。主要贡献特征：PC2 (61.5%); PC3 (37.9%)。
2309,2024-04-26 18:10:00,2024-04-26 18:17:00,8.0,重载,IsolationForest; Mahalanobis; 单变量IQR+3σ; 残差,5.632,272,正常
2310,2024-04-26 18:28:00,2024-04-26 18:28:00,1.0,重载,IsolationForest; Mahalanobis; 单变量IQR+3σ; 残差,3.462,34,正常
2311,2024-04-26 18:37:00,2024-04-26 18:38:00,2.0,重载,IsolationForest; Mahalanobis; 单变量IQR+3σ; 残差,3.672,68,正常
2312,2024-04-26 18:53:00,2024-04-26 18:53:00,1.0,重载,IsolationForest; Mahalanobis; 单变量IQR+3σ; 残差,6.397,34,残差异常：采煤机_油泵_右电机_电流 偏高（残差 Z-score=6.4，实际=58.0 vs 预测=16.6）
2313,2024-04-26 18:55:00,2024-04-26 18:55:00,1.0,重载,IsolationForest; Mahalanobis; 单变量IQR+3σ; 残差,4.077,34,正常
2314,2024-04-26 19:00:00,2024-04-26 19:00:00,1.0,重载,IsolationForest; Mahalanobis; 单变量IQR+3σ; 残差,4.574,34,残差异常：采煤机_油泵_右电机_电流 偏高（残差 Z-score=4.6，实际=46.0 vs 预测=16.4）
2315,2024-04-26 19:18:00,2024-04-26 19:21:00,4.0,停机,IsolationForest; Mahalanobis; 单变量IQR+3σ; 残差,3871.288,136,Mahalanobis 距离=3871.3（阈值=18.5）。主要贡献特征：PC2 (81.1%); PC3 (18.9%)。
2316,2024-04-26 19:32:00,2024-04-26 19:34:00,3.0,重载,IsolationForest; Mahalanobis; 单变量IQR+3σ; 残差,2.856,102,正常
2317,2024-04-26 19:38:00,2024-04-26 19:38:00,1.0,重载,IsolationForest; Mahalanobis; 单变量IQR+3σ; 残差,5.992,34,正常
2318,2024-04-26 19:51:00,2024-04-26 19:51:00,1.0,重载,IsolationForest; Mahalanobis; 单变量IQR+3σ; 残差,3.647,34,残差异常：采煤机_油泵_右电机_电流 偏高（残差 Z-score=3.6，实际=40.0 vs 预测=16.4）
2319,2024-04-26 19:56:00,2024-04-26 19:56:00,1.0,重载,IsolationForest; Mahalanobis; 单变量IQR+3σ; 残差,5.032,34,残差异常：采煤机_油泵_左电机_电流 偏高（残差 Z-score=5.0，实际=53.0 vs 预测=16.2）
2320,2024-04-26 20:03:00,2024-04-26 20:04:00,2.0,停机,IsolationForest; Mahalanobis; 单变量IQR+3σ; 残差,1851.311,68,Mahalanobis 距离=1851.3（阈值=18.5）。主要贡献特征：PC2 (68.3%); PC3 (30.7%); PC4 (1.0%)。
2321,2024-04-26 20:15:00,2024-04-26 20:15:00,1.0,重载,IsolationForest; Mahalanobis; 单变量IQR+3σ; 残差,4.666,34,残差异常：采煤机_油泵_右电机_电流 偏高（残差 Z-score=4.7，实际=47.0 vs 预测=16.8）
2322,2024-04-26 20:18:00,2024-04-26 20:20:00,3.0,停机,IsolationForest; Mahalanobis; 单变量IQR+3σ; 残差,3104.977,102,Mahalanobis 距离=3105.0（阈值=18.5）。主要贡献特征：PC2 (71.8%); PC3 (27.2%); PC4 (1.0%)。
2323,2024-04-26 20:26:00,2024-04-26 20:26:00,1.0,重载,IsolationForest; Mahalanobis; 单变量IQR+3σ; 残差,5.289,34,正常
2324,2024-04-26 20:38:00,2024-04-26 20:38:00,1.0,重载,IsolationForest; Mahalanobis; 单变量IQR+3σ; 残差,4.391,34,残差异常：采煤机_破碎机_电机_电流 偏高（残差 Z-score=4.4，实际=49.0 vs 预测=0.0）
2325,2024-04-26 20:40:00,2024-04-26 20:41:00,2.0,重载,IsolationForest; Mahalanobis; 单变量IQR+3σ; 残差,4.539,68,残差异常：采煤机_油泵_左电机_电流 偏高（残差 Z-score=4.5，实际=49.0 vs 预测=15.8）
2326,2024-04-26 20:49:00,2024-04-26 20:49:00,1.0,重载,IsolationForest; Mahalanobis; 单变量IQR+3σ; 残差,5.585,34,正常
2327,2024-04-26 21:00:00,2024-04-26 21:00:00,1.0,停机,IsolationForest; Mahalanobis; 单变量IQR+3σ; 残差,1812.313,34,Mahalanobis 距离=1812.3（阈值=18.5）。主要贡献特征：PC2 (68.8%); PC3 (29.7%); PC4 (1.5%)。
2328,2024-04-26 21:09:00,2024-04-26 21:13:00,5.0,重载,IsolationForest; Mahalanobis; 单变量IQR+3σ; 残差,4.913,170,残差异常：采煤机_油泵_右电机_电流 偏高（残差 Z-score=4.9，实际=48.0 vs 预测=16.2）
2329,2024-04-26 21:17:00,2024-04-26 21:17:00,1.0,重载,IsolationForest; Mahalanobis; 单变量IQR+3σ; 残差,3.5,34,残差异常：采煤机_油泵_左电机_电流 偏高（残差 Z-score=3.5，实际=42.0 vs 预测=16.4）
2330,2024-04-26 21:19:00,2024-04-26 21:19:00,1.0,重载,IsolationForest; Mahalanobis; 单变量IQR+3σ; 残差,4.401,34,正常
2331,2024-04-26 21:33:00,2024-04-26 21:35:00,3.0,停机,IsolationForest; Mahalanobis; 单变量IQR+3σ; 残差,2846.274,102,Mahalanobis 距离=2846.3（阈值=18.5）。主要贡献特征：PC2 (76.9%); PC3 (22.5%)。
2332,2024-04-26 21:41:00,2024-04-26 21:41:00,1.0,重载,IsolationForest; Mahalanobis; 单变量IQR+3σ; 残差,6.021,34,正常
2333,2024-04-26 21:50:00,2024-04-26 21:50:00,1.0,重载,IsolationForest; Mahalanobis; 单变量IQR+3σ; 残差,3.194,34,残差异常：采煤机_截割部位_左滚筒_电机_电流 偏高（残差 Z-score=3.2，实际=273.0 vs 预测=83.8）
2334,2024-04-26 21:53:00,2024-04-26 21:53:00,1.0,重载,IsolationForest; Mahalanobis; 单变量IQR+3σ; 残差,5.568,34,正常
2335,2024-04-26 22:32:00,2024-04-26 22:33:00,2.0,重载,IsolationForest; Mahalanobis; 单变量IQR+3σ; 残差,6.473,68,正常
2336,2024-04-26 22:49:00,2024-04-26 22:52:00,4.0,重载,IsolationForest; Mahalanobis; 单变量IQR+3σ; 残差,3.212,136,正常
2337,2024-04-26 22:59:00,2024-04-26 22:59:00,1.0,重载,IsolationForest; Mahalanobis; 单变量IQR+3σ; 残差,5.438,34,正常
2338,2024-04-26 23:19:00,2024-04-26 23:20:00,2.0,停机,IsolationForest; Mahalanobis; 单变量IQR+3σ; 残差,1894.98,68,Mahalanobis 距离=1895.0（阈值=18.5）。主要贡献特征：PC2 (69.4%); PC3 (28.9%); PC4 (1.7%)。
2339,2024-04-26 23:22:00,2024-04-26 23:22:00,1.0,停机,IsolationForest; Mahalanobis; 单变量IQR+3σ; 残差,1201.136,34,Mahalanobis 距离=1201.1（阈值=18.5）。主要贡献特征：PC2 (66.4%); PC3 (32.5%); PC4 (1.1%)。
2340,2024-04-26 23:24:00,2024-04-26 23:25:00,2.0,停机,IsolationForest; Mahalanobis; 单变量IQR+3σ; 残差,4018.417,68,Mahalanobis 距离=4018.4（阈值=18.5）。主要贡献特征：PC2 (79.6%); PC3 (20.1%)。
2341,2024-04-26 23:27:00,2024-04-26 23:32:00,6.0,停机,IsolationForest; Mahalanobis; 单变量IQR+3σ; 残差,3741.351,204,Mahalanobis 距离=3741.4（阈值=18.5）。主要贡献特征：PC2 (79.4%); PC3 (20.0%)。
2342,2024-04-26 23:34:00,2024-04-26 23:34:00,1.0,停机,IsolationForest; Mahalanobis; 单变量IQR+3σ; 残差,6871.861,34,Mahalanobis 距离=6871.9（阈值=18.5）。主要贡献特征：PC2 (85.0%); PC3 (15.0%)。
2343,2024-04-26 23:46:00,2024-04-26 23:47:00,2.0,轻载,IsolationForest; Mahalanobis; 单变量IQR+3σ; 残差,4453.09,68,Mahalanobis 距离=4453.1（阈值=18.5）。主要贡献特征：PC2 (77.4%); PC3 (21.3%); PC4 (1.3%)。
2344,2024-04-26 23:49:00,2024-04-26 23:52:00,4.0,停机,IsolationForest; Mahalanobis; 单变量IQR+3σ; 残差,3362.146,136,Mahalanobis 距离=3362.1（阈值=18.5）。主要贡献特征：PC2 (85.0%); PC3 (14.2%)。
2345,2024-04-27 00:07:00,2024-04-27 00:11:00,5.0,重载,IsolationForest; Mahalanobis; 单变量IQR+3σ; 残差,3.446,170,残差异常：采煤机_油泵_左电机_电流 偏高（残差 Z-score=3.4，实际=42.0 vs 预测=16.8）
2346,2024-04-27 00:15:00,2024-04-27 00:15:00,1.0,重载,IsolationForest; Mahalanobis; 单变量IQR+3σ; 残差,6.955,34,正常
2347,2024-04-27 00:25:00,2024-04-27 00:27:00,3.0,重载,IsolationForest; Mahalanobis; 单变量IQR+3σ; 残差,5.794,102,单变量异常：采煤机_油泵_左油箱_油压（z-score=5.8，实际=21.2，均值=3.3±3.1）
2348,2024-04-27 00:34:00,2024-04-27 00:37:00,4.0,重载,IsolationForest; Mahalanobis; 单变量IQR+3σ; 残差,5.844,136,单变量异常：采煤机_油泵_右油箱_油压（z-score=5.8，实际=18.8，均值=3.0±2.7）
2349,2024-04-27 00:40:00,2024-04-27 00:40:00,1.0,停机,IsolationForest; Mahalanobis; 单变量IQR+3σ; 残差,2110.214,34,Mahalanobis 距离=2110.2（阈值=18.5）。主要贡献特征：PC2 (67.8%); PC3 (32.1%)。
2350,2024-04-27 00:50:00,2024-04-27 00:51:00,2.0,停机,IsolationForest; Mahalanobis; 单变量IQR+3σ; 残差,1310.41,68,Mahalanobis 距离=1310.4（阈值=18.5）。主要贡献特征：PC2 (63.0%); PC3 (36.1%)。
2351,2024-04-27 00:56:00,2024-04-27 01:01:00,6.0,停机,IsolationForest; Mahalanobis; 单变量IQR+3σ; 残差,1766.13,204,Mahalanobis 距离=1766.1（阈值=18.5）。主要贡献特征：PC2 (67.8%); PC3 (30.9%); PC4 (1.3%)。
2352,2024-04-27 01:03:00,2024-04-27 01:03:00,1.0,重载,IsolationForest; Mahalanobis; 单变量IQR+3σ; 残差,2.662,34,正常
2353,2024-04-27 01:08:00,2024-04-27 01:08:00,1.0,重载,IsolationForest; Mahalanobis; 单变量IQR+3σ; 残差,5.807,34,正常
2354,2024-04-27 01:15:00,2024-04-27 01:15:00,1.0,重载,IsolationForest; Mahalanobis; 单变量IQR+3σ; 残差,6.183,34,正常
2355,2024-04-27 01:20:00,2024-04-27 01:20:00,1.0,重载,IsolationForest; Mahalanobis; 单变量IQR+3σ; 残差,6.335,34,残差异常：采煤机_油泵_右电机_电流 偏高（残差 Z-score=6.3，实际=58.0 vs 预测=17.0）
2356,2024-04-27 01:22:00,2024-04-27 01:25:00,4.0,重载,IsolationForest; Mahalanobis; 单变量IQR+3σ; 残差,6.806,136,单变量异常：采煤机_油泵_右油箱_油压（z-score=6.8，实际=21.4，均值=3.0±2.7）
2357,2024-04-27 01:32:00,2024-04-27 01:33:00,2.0,重载,IsolationForest; Mahalanobis; 单变量IQR+3σ; 残差,4.676,68,残差异常：采煤机_油泵_左电机_电流 偏高（残差 Z-score=4.7，实际=51.0 vs 预测=16.8）
2358,2024-04-27 01:37:00,2024-04-27 01:37:00,1.0,重载,IsolationForest; Mahalanobis; 单变量IQR+3σ; 残差,4.807,34,正常
2359,2024-04-27 02:03:00,2024-04-27 02:07:00,5.0,重载,IsolationForest; Mahalanobis; 单变量IQR+3σ; 残差,3.586,170,正常
2360,2024-04-27 02:09:00,2024-04-27 02:17:00,9.0,重载,IsolationForest; Mahalanobis; 单变量IQR+3σ; 残差,5.289,306,正常
2361,2024-04-27 02:19:00,2024-04-27 02:28:00,10.0,重载,IsolationForest; Mahalanobis; 单变量IQR+3σ; 残差,5.748,340,残差异常：采煤机_油泵_右电机_电流 偏高（残差 Z-score=5.7，实际=54.0 vs 预测=16.8）
2362,2024-04-27 02:31:00,2024-04-27 02:31:00,1.0,重载,IsolationForest; Mahalanobis; 单变量IQR+3σ; 残差,6.584,34,正常
2363,2024-04-27 02:33:00,2024-04-27 02:49:00,17.0,重载,IsolationForest; Mahalanobis; 单变量IQR+3σ; 残差,5.503,578,正常
2364,2024-04-27 02:51:00,2024-04-27 02:51:00,1.0,停机,IsolationForest; Mahalanobis; 单变量IQR+3σ; 残差,2384.634,34,Mahalanobis 距离=2384.6（阈值=18.5）。主要贡献特征：PC2 (68.5%); PC3 (31.5%)。
2365,2024-04-27 02:55:00,2024-04-27 02:55:00,1.0,重载,IsolationForest; Mahalanobis; 单变量IQR+3σ; 残差,5.4,34,正常
2366,2024-04-27 03:00:00,2024-04-27 03:00:00,1.0,重载,IsolationForest; Mahalanobis; 单变量IQR+3σ; 残差,5.844,34,正常
2367,2024-04-27 03:03:00,2024-04-27 03:11:00,9.0,重载,IsolationForest; Mahalanobis; 单变量IQR+3σ; 残差,5.363,306,正常
2368,2024-04-27 03:16:00,2024-04-27 03:24:00,9.0,重载,IsolationForest; Mahalanobis; 单变量IQR+3σ; 残差,5.179,306,正常
2369,2024-04-27 03:26:00,2024-04-27 03:34:00,9.0,重载,IsolationForest; Mahalanobis; 单变量IQR+3σ; 残差,4.704,306,正常
2370,2024-04-27 03:48:00,2024-04-27 04:19:00,32.0,重载,IsolationForest; Mahalanobis; 单变量IQR+3σ; 残差,6.366,1088,残差异常：采煤机_油泵_右电机_电流 偏高（残差 Z-score=6.4，实际=58.0 vs 预测=16.8）
2371,2024-04-27 04:22:00,2024-04-27 04:30:00,9.0,重载,IsolationForest; Mahalanobis; 单变量IQR+3σ; 残差,3.134,306,正常
2372,2024-04-27 04:36:00,2024-04-27 04:40:00,5.0,重载,IsolationForest; Mahalanobis; 单变量IQR+3σ; 残差,2.231,170,正常
2373,2024-04-27 04:43:00,2024-04-27 04:43:00,1.0,重载,IsolationForest; Mahalanobis; 单变量IQR+3σ; 残差,3.993,34,残差异常：采煤机_油泵_左电机_电流 偏高（残差 Z-score=4.0，实际=46.0 vs 预测=16.8）
2374,2024-04-27 04:45:00,2024-04-27 04:50:00,6.0,重载,IsolationForest; Mahalanobis; 单变量IQR+3σ; 残差,6.029,204,正常
2375,2024-04-27 04:53:00,2024-04-27 04:59:00,7.0,重载,IsolationForest; Mahalanobis; 单变量IQR+3σ; 残差,4.758,238,残差异常：采煤机_油泵_左电机_电流 偏高（残差 Z-score=4.8，实际=52.0 vs 预测=17.2）
2376,2024-04-27 05:12:00,2024-04-27 05:12:00,1.0,重载,IsolationForest; Mahalanobis; 单变量IQR+3σ; 残差,3.141,34,正常
2377,2024-04-27 05:17:00,2024-04-27 05:17:00,1.0,重载,IsolationForest; Mahalanobis; 单变量IQR+3σ; 残差,3.965,34,残差异常：采煤机_油泵_左电机_电流 偏高（残差 Z-score=4.0，实际=46.0 vs 预测=17.0）
2378,2024-04-27 05:34:00,2024-04-27 05:35:00,2.0,重载,IsolationForest; Mahalanobis; 单变量IQR+3σ; 残差,4.175,68,正常
2379,2024-04-27 05:39:00,2024-04-27 05:41:00,3.0,轻载,IsolationForest; Mahalanobis; 单变量IQR+3σ; 残差,6248.93,102,Mahalanobis 距离=6248.9（阈值=18.5）。主要贡献特征：PC2 (82.9%); PC3 (16.6%)。
2380,2024-04-27 05:50:00,2024-04-27 05:51:00,2.0,停机,IsolationForest; Mahalanobis; 单变量IQR+3σ; 残差,2634.74,68,Mahalanobis 距离=2634.7（阈值=18.5）。主要贡献特征：PC2 (74.7%); PC3 (24.8%)。
2381,2024-04-27 05:53:00,2024-04-27 06:37:00,45.0,停机,IsolationForest; Mahalanobis; 单变量IQR+3σ; 残差,10834.674,1530,Mahalanobis 距离=10834.7（阈值=18.5）。主要贡献特征：PC3 (39.1%); PC2 (36.4%); PC4 (24.6%)。
2382,2024-04-27 06:47:00,2024-04-27 06:49:00,3.0,停机,IsolationForest; Mahalanobis; 单变量IQR+3σ; 残差,2253.318,102,Mahalanobis 距离=2253.3（阈值=18.5）。主要贡献特征：PC2 (81.2%); PC3 (18.7%)。
2383,2024-04-27 06:58:00,2024-04-27 06:58:00,1.0,停机,IsolationForest; Mahalanobis; 单变量IQR+3σ; 残差,3518.028,34,Mahalanobis 距离=3518.0（阈值=18.5）。主要贡献特征：PC2 (75.7%); PC3 (23.8%)。
2384,2024-04-27 07:13:00,2024-04-27 07:13:00,1.0,重载,IsolationForest; Mahalanobis; 单变量IQR+3σ; 残差,6.529,34,正常
2385,2024-04-27 07:19:00,2024-04-27 07:21:00,3.0,重载,IsolationForest; Mahalanobis; 单变量IQR+3σ; 残差,1.846,102,单变量异常：采煤机_油泵_右油箱_油压（z-score=1.8，实际=8.0，均值=3.0±2.7）
2386,2024-04-27 07:27:00,2024-04-27 07:29:00,3.0,停机,IsolationForest; Mahalanobis; 单变量IQR+3σ; 残差,2612.827,102,Mahalanobis 距离=2612.8（阈值=18.5）。主要贡献特征：PC2 (69.1%); PC3 (30.7%)。
2387,2024-04-27 07:34:00,2024-04-27 07:34:00,1.0,重载,IsolationForest; Mahalanobis; 单变量IQR+3σ; 残差,5.971,34,正常
2388,2024-04-27 07:38:00,2024-04-27 07:39:00,2.0,停机,IsolationForest; Mahalanobis; 单变量IQR+3σ; 残差,4800.257,68,Mahalanobis 距离=4800.3（阈值=18.5）。主要贡献特征：PC2 (79.3%); PC3 (20.3%)。
2389,2024-04-27 07:43:00,2024-04-27 07:43:00,1.0,重载,IsolationForest; Mahalanobis; 单变量IQR+3σ; 残差,1.24,34,正常
2390,2024-04-27 07:58:00,2024-04-27 07:59:00,2.0,重载,IsolationForest; Mahalanobis; 单变量IQR+3σ; 残差,5.879,68,残差异常：采煤机_油泵_左电机_电流 偏高（残差 Z-score=5.9，实际=60.0 vs 预测=17.0）
2391,2024-04-27 08:04:00,2024-04-27 08:06:00,3.0,重载,IsolationForest; Mahalanobis; 单变量IQR+3σ; 残差,2.671,102,正常
2392,2024-04-27 08:18:00,2024-04-27 08:21:00,4.0,停机,IsolationForest; Mahalanobis; 单变量IQR+3σ; 残差,1941.349,136,Mahalanobis 距离=1941.3（阈值=18.5）。主要贡献特征：PC2 (67.0%); PC3 (32.3%)。
2393,2024-04-27 08:33:00,2024-04-27 08:37:00,5.0,停机,IsolationForest; Mahalanobis; 单变量IQR+3σ; 残差,12.222,170,正常
2394,2024-04-27 08:39:00,2024-04-27 08:39:00,1.0,轻载,IsolationForest; Mahalanobis; 单变量IQR+3σ; 残差,12.973,34,正常
2395,2024-04-27 08:47:00,2024-04-27 08:50:00,4.0,重载,IsolationForest; Mahalanobis; 单变量IQR+3σ; 残差,3.602,136,正常
2396,2024-04-27 08:57:00,2024-04-27 08:59:00,3.0,重载,IsolationForest; Mahalanobis; 单变量IQR+3σ; 残差,2.773,102,正常
2397,2024-04-27 09:07:00,2024-04-27 09:07:00,1.0,重载,IsolationForest; Mahalanobis; 单变量IQR+3σ; 残差,3.554,34,残差异常：采煤机_油泵_右电机_电流 偏高（残差 Z-score=3.6，实际=40.0 vs 预测=17.0）
2398,2024-04-27 09:09:00,2024-04-27 09:09:00,1.0,重载,IsolationForest; Mahalanobis; 单变量IQR+3σ; 残差,5.326,34,正常
2399,2024-04-27 09:16:00,2024-04-27 09:16:00,1.0,重载,IsolationForest; Mahalanobis; 单变量IQR+3σ; 残差,4.725,34,正常
2400,2024-04-27 09:30:00,2024-04-27 09:30:00,1.0,停机,IsolationForest; Mahalanobis; 单变量IQR+3σ; 残差,2078.033,34,Mahalanobis 距离=2078.0（阈值=18.5）。主要贡献特征：PC2 (74.2%); PC3 (25.3%)。
2401,2024-04-27 09:51:00,2024-04-27 10:01:00,11.0,停机,IsolationForest; Mahalanobis; 单变量IQR+3σ; 残差,2409.686,374,Mahalanobis 距离=2409.7（阈值=18.5）。主要贡献特征：PC3 (68.5%); PC2 (28.8%); PC4 (2.8%)。
2402,2024-04-27 10:05:00,2024-04-27 10:17:00,13.0,停机,IsolationForest; Mahalanobis; 单变量IQR+3σ; 残差,3512.343,442,Mahalanobis 距离=3512.3（阈值=18.5）。主要贡献特征：PC2 (90.0%); PC4 (9.3%)。
2403,2024-04-27 14:47:00,2024-04-27 15:51:00,65.0,停机,IsolationForest; Mahalanobis; 单变量IQR+3σ; 残差,22.35,2210,Mahalanobis 距离=22.3（阈值=18.5）。主要贡献特征：PC2 (74.5%); PC3 (20.1%); PC1 (5.5%)。
2404,2024-04-27 15:53:00,2024-04-27 15:53:00,1.0,重载,IsolationForest; Mahalanobis; 单变量IQR+3σ; 残差,5.573,34,正常
2405,2024-04-27 15:56:00,2024-04-27 15:57:00,2.0,停机,IsolationForest; Mahalanobis; 单变量IQR+3σ; 残差,18.755,68,Mahalanobis 距离=18.8（阈值=18.5）。主要贡献特征：PC2 (79.4%); PC3 (14.0%); PC1 (6.2%)。
2406,2024-04-27 16:09:00,2024-04-27 16:14:00,6.0,停机,IsolationForest; Mahalanobis; 单变量IQR+3σ; 残差,2375.855,204,Mahalanobis 距离=2375.9（阈值=18.5）。主要贡献特征：PC2 (87.8%); PC4 (11.8%)。
2407,2024-04-27 16:44:00,2024-04-27 17:16:00,33.0,停机,IsolationForest; Mahalanobis; 单变量IQR+3σ; 残差,1.585,1122,正常
2408,2024-04-27 17:18:00,2024-04-27 17:21:00,4.0,停机,IsolationForest; Mahalanobis; 单变量IQR+3σ; 残差,707.963,136,Mahalanobis 距离=708.0（阈值=18.5）。主要贡献特征：PC4 (62.3%); PC3 (28.7%); PC2 (8.9%)。
2409,2024-04-27 17:40:00,2024-04-27 18:02:00,23.0,停机,IsolationForest; Mahalanobis; 单变量IQR+3σ; 残差,1623.254,782,Mahalanobis 距离=1623.3（阈值=18.5）。主要贡献特征：PC2 (69.9%); PC3 (29.0%); PC4 (1.2%)。
2410,2024-04-27 18:04:00,2024-04-27 18:07:00,4.0,停机,IsolationForest; Mahalanobis; 单变量IQR+3σ; 残差,2953.315,136,Mahalanobis 距离=2953.3（阈值=18.5）。主要贡献特征：PC2 (79.4%); PC3 (20.1%)。
2411,2024-04-27 18:16:00,2024-04-27 18:36:00,21.0,重载,IsolationForest; Mahalanobis; 单变量IQR+3σ; 残差,7.769,714,单变量异常：采煤机_油泵_右油箱_油压（z-score=7.8，实际=24.0，均值=3.0±2.7）
2412,2024-04-27 18:39:00,2024-04-27 18:40:00,2.0,停机,IsolationForest; Mahalanobis; 单变量IQR+3σ; 残差,1963.813,68,Mahalanobis 距离=1963.8（阈值=18.5）。主要贡献特征：PC2 (59.7%); PC3 (40.2%)。
2413,2024-04-27 18:48:00,2024-04-27 18:48:00,1.0,重载,IsolationForest; Mahalanobis; 单变量IQR+3σ; 残差,4.585,34,正常
2414,2024-04-27 18:56:00,2024-04-27 18:58:00,3.0,重载,IsolationForest; Mahalanobis; 单变量IQR+3σ; 残差,4.606,102,正常
2415,2024-04-27 19:00:00,2024-04-27 19:03:00,4.0,重载,IsolationForest; Mahalanobis; 单变量IQR+3σ; 残差,5.006,136,残差异常：采煤机_油泵_右电机_电流 偏高（残差 Z-score=5.0，实际=49.0 vs 预测=16.6）
2416,2024-04-27 19:06:00,2024-04-27 19:06:00,1.0,重载,IsolationForest; Mahalanobis; 单变量IQR+3σ; 残差,5.415,34,残差异常：采煤机_油泵_左电机_电流 偏高（残差 Z-score=5.4，实际=56.0 vs 预测=16.4）
2417,2024-04-27 19:13:00,2024-04-27 19:15:00,3.0,重载,IsolationForest; Mahalanobis; 单变量IQR+3σ; 残差,1.711,102,正常
2418,2024-04-27 19:17:00,2024-04-27 19:21:00,5.0,重载,IsolationForest; Mahalanobis; 单变量IQR+3σ; 残差,6.584,170,正常
2419,2024-04-27 19:28:00,2024-04-27 19:31:00,4.0,停机,IsolationForest; Mahalanobis; 单变量IQR+3σ; 残差,4437.201,136,Mahalanobis 距离=4437.2（阈值=18.5）。主要贡献特征：PC2 (77.9%); PC3 (21.9%)。
2420,2024-04-27 19:33:00,2024-04-27 19:33:00,1.0,重载,IsolationForest; Mahalanobis; 单变量IQR+3σ; 残差,2.936,34,正常
2421,2024-04-27 19:36:00,2024-04-27 19:36:00,1.0,重载,IsolationForest; Mahalanobis; 单变量IQR+3σ; 残差,3.461,34,残差异常：采煤机_油泵_右电机_电流 偏高（残差 Z-score=3.5，实际=39.0 vs 预测=16.6）
2422,2024-04-27 19:50:00,2024-04-27 19:52:00,3.0,轻载,IsolationForest; Mahalanobis; 单变量IQR+3σ; 残差,3551.862,102,Mahalanobis 距离=3551.9（阈值=18.5）。主要贡献特征：PC2 (79.1%); PC3 (19.8%); PC4 (1.1%)。
2423,2024-04-27 19:56:00,2024-04-27 19:56:00,1.0,重载,IsolationForest; Mahalanobis; 单变量IQR+3σ; 残差,6.325,34,正常
2424,2024-04-27 20:03:00,2024-04-27 20:03:00,1.0,重载,IsolationForest; Mahalanobis; 单变量IQR+3σ; 残差,5.253,34,残差异常：采煤机_油泵_右电机_电流 偏高（残差 Z-score=5.3，实际=51.0 vs 预测=17.0）
2425,2024-04-27 20:05:00,2024-04-27 20:05:00,1.0,重载,IsolationForest; Mahalanobis; 单变量IQR+3σ; 残差,4.434,34,正常
2426,2024-04-27 20:11:00,2024-04-27 20:14:00,4.0,停机,IsolationForest; Mahalanobis; 单变量IQR+3σ; 残差,1733.189,136,Mahalanobis 距离=1733.2（阈值=18.5）。主要贡献特征：PC2 (87.2%); PC3 (12.2%)。
2427,2024-04-27 20:17:00,2024-04-27 20:18:00,2.0,重载,IsolationForest; Mahalanobis; 单变量IQR+3σ; 残差,7.177,68,正常
2428,2024-04-27 20:59:00,2024-04-27 20:59:00,1.0,重载,IsolationForest; Mahalanobis; 单变量IQR+3σ; 残差,5.082,34,正常
2429,2024-04-27 21:05:00,2024-04-27 21:06:00,2.0,重载,IsolationForest; Mahalanobis; 单变量IQR+3σ; 残差,5.697,68,正常
2430,2024-04-27 21:21:00,2024-04-27 21:22:00,2.0,停机,IsolationForest; Mahalanobis; 单变量IQR+3σ; 残差,1477.564,68,Mahalanobis 距离=1477.6（阈值=18.5）。主要贡献特征：PC2 (65.1%); PC3 (34.4%)。
2431,2024-04-27 21:32:00,2024-04-27 21:34:00,3.0,停机,IsolationForest; Mahalanobis; 单变量IQR+3σ; 残差,2409.159,102,Mahalanobis 距离=2409.2（阈值=18.5）。主要贡献特征：PC2 (70.0%); PC3 (29.5%)。
2432,2024-04-27 21:42:00,2024-04-27 21:42:00,1.0,重载,IsolationForest; Mahalanobis; 单变量IQR+3σ; 残差,6.362,34,正常
2433,2024-04-27 21:47:00,2024-04-27 21:47:00,1.0,重载,IsolationForest; Mahalanobis; 单变量IQR+3σ; 残差,3.736,34,正常
2434,2024-04-27 21:56:00,2024-04-27 21:57:00,2.0,重载,IsolationForest; Mahalanobis; 单变量IQR+3σ; 残差,7.155,68,正常
2435,2024-04-27 22:02:00,2024-04-27 22:02:00,1.0,重载,IsolationForest; Mahalanobis; 单变量IQR+3σ; 残差,5.593,34,残差异常：采煤机_油泵_右电机_电流 偏高（残差 Z-score=5.6，实际=53.0 vs 预测=16.8）
2436,2024-04-27 22:04:00,2024-04-27 22:04:00,1.0,重载,IsolationForest; Mahalanobis; 单变量IQR+3σ; 残差,4.328,34,正常
2437,2024-04-27 22:10:00,2024-04-27 22:10:00,1.0,重载,IsolationForest; Mahalanobis; 单变量IQR+3σ; 残差,6.118,34,正常
2438,2024-04-27 22:13:00,2024-04-27 22:13:00,1.0,重载,IsolationForest; Mahalanobis; 单变量IQR+3σ; 残差,7.029,34,正常
2439,2024-04-27 22:21:00,2024-04-27 22:21:00,1.0,重载,IsolationForest; Mahalanobis; 单变量IQR+3σ; 残差,3.624,34,正常
2440,2024-04-27 22:36:00,2024-04-27 22:36:00,1.0,停机,IsolationForest; Mahalanobis; 单变量IQR+3σ; 残差,2164.674,34,Mahalanobis 距离=2164.7（阈值=18.5）。主要贡献特征：PC2 (68.1%); PC3 (31.8%)。
2441,2024-04-27 22:40:00,2024-04-27 22:40:00,1.0,重载,IsolationForest; Mahalanobis; 单变量IQR+3σ; 残差,4.84,34,残差异常：采煤机_油泵_左电机_电流 偏高（残差 Z-score=4.8，实际=52.0 vs 预测=16.6）
2442,2024-04-27 22:49:00,2024-04-27 22:59:00,11.0,停机,IsolationForest; Mahalanobis; 单变量IQR+3σ; 残差,2202.184,374,Mahalanobis 距离=2202.2（阈值=18.5）。主要贡献特征：PC2 (70.2%); PC3 (28.5%); PC4 (1.3%)。
2443,2024-04-27 23:01:00,2024-04-27 23:01:00,1.0,停机,IsolationForest; Mahalanobis; 单变量IQR+3σ; 残差,937.917,34,Mahalanobis 距离=937.9（阈值=18.5）。主要贡献特征：PC2 (61.9%); PC3 (35.4%); PC4 (2.7%)。
2444,2024-04-27 23:06:00,2024-04-27 23:09:00,4.0,停机,IsolationForest; Mahalanobis; 单变量IQR+3σ; 残差,4096.77,136,Mahalanobis 距离=4096.8（阈值=18.5）。主要贡献特征：PC2 (82.3%); PC3 (16.6%); PC4 (1.2%)。
2445,2024-04-27 23:23:00,2024-04-27 23:23:00,1.0,重载,IsolationForest; Mahalanobis; 单变量IQR+3σ; 残差,5.211,34,正常
2446,2024-04-27 23:26:00,2024-04-27 23:29:00,4.0,停机,IsolationForest; Mahalanobis; 单变量IQR+3σ; 残差,1388.221,136,Mahalanobis 距离=1388.2（阈值=18.5）。主要贡献特征：PC2 (65.1%); PC3 (33.6%); PC4 (1.3%)。
2447,2024-04-27 23:39:00,2024-04-27 23:41:00,3.0,停机,IsolationForest; Mahalanobis; 单变量IQR+3σ; 残差,2507.862,102,Mahalanobis 距离=2507.9（阈值=18.5）。主要贡献特征：PC2 (66.4%); PC3 (33.2%)。
2448,2024-04-27 23:43:00,2024-04-27 23:43:00,1.0,重载,IsolationForest; Mahalanobis; 单变量IQR+3σ; 残差,5.408,34,残差异常：采煤机_油泵_右电机_电流 偏高（残差 Z-score=5.4，实际=52.0 vs 预测=17.0）
2449,2024-04-27 23:54:00,2024-04-27 23:54:00,1.0,停机,IsolationForest; Mahalanobis; 单变量IQR+3σ; 残差,2577.158,34,Mahalanobis 距离=2577.2（阈值=18.5）。主要贡献特征：PC2 (68.7%); PC3 (31.1%)。
2450,2024-04-27 23:58:00,2024-04-28 00:02:00,5.0,轻载,IsolationForest; Mahalanobis; 单变量IQR+3σ; 残差,3260.057,170,Mahalanobis 距离=3260.1（阈值=18.5）。主要贡献特征：PC2 (82.0%); PC3 (17.4%)。
2451,2024-04-28 00:04:00,2024-04-28 00:04:00,1.0,重载,IsolationForest; Mahalanobis; 单变量IQR+3σ; 残差,5.203,34,正常
2452,2024-04-28 00:09:00,2024-04-28 00:09:00,1.0,重载,IsolationForest; Mahalanobis; 单变量IQR+3σ; 残差,6.992,34,正常
2453,2024-04-28 00:13:00,2024-04-28 00:13:00,1.0,重载,IsolationForest; Mahalanobis; 单变量IQR+3σ; 残差,3.235,34,正常
2454,2024-04-28 00:17:00,2024-04-28 00:17:00,1.0,重载,IsolationForest; Mahalanobis; 单变量IQR+3σ; 残差,5.103,34,正常
2455,2024-04-28 00:33:00,2024-04-28 00:33:00,1.0,重载,IsolationForest; Mahalanobis; 单变量IQR+3σ; 残差,4.944,34,残差异常：采煤机_油泵_右电机_电流 偏高（残差 Z-score=4.9，实际=51.0 vs 预测=19.0）
2456,2024-04-28 00:48:00,2024-04-28 00:49:00,2.0,重载,IsolationForest; Mahalanobis; 单变量IQR+3σ; 残差,6.695,68,正常
2457,2024-04-28 01:07:00,2024-04-28 01:09:00,3.0,停机,IsolationForest; Mahalanobis; 单变量IQR+3σ; 残差,2783.053,102,Mahalanobis 距离=2783.1（阈值=18.5）。主要贡献特征：PC2 (73.6%); PC3 (24.5%); PC4 (1.8%)。
2458,2024-04-28 01:12:00,2024-04-28 01:12:00,1.0,重载,IsolationForest; Mahalanobis; 单变量IQR+3σ; 残差,3.289,34,正常
2459,2024-04-28 01:30:00,2024-04-28 01:30:00,1.0,重载,IsolationForest; Mahalanobis; 单变量IQR+3σ; 残差,1.594,34,正常
2460,2024-04-28 01:32:00,2024-04-28 01:32:00,1.0,重载,IsolationForest; Mahalanobis; 单变量IQR+3σ; 残差,4.045,34,正常
2461,2024-04-28 01:34:00,2024-04-28 01:34:00,1.0,重载,IsolationForest; Mahalanobis; 单变量IQR+3σ; 残差,3.364,34,正常
2462,2024-04-28 01:42:00,2024-04-28 01:42:00,1.0,重载,IsolationForest; Mahalanobis; 单变量IQR+3σ; 残差,3.446,34,残差异常：采煤机_油泵_左电机_电流 偏高（残差 Z-score=3.4，实际=41.0 vs 预测=15.8）
2463,2024-04-28 01:44:00,2024-04-28 01:46:00,3.0,停机,IsolationForest; Mahalanobis; 单变量IQR+3σ; 残差,3137.222,102,Mahalanobis 距离=3137.2（阈值=18.5）。主要贡献特征：PC2 (68.9%); PC3 (31.1%)。
2464,2024-04-28 01:54:00,2024-04-28 01:54:00,1.0,重载,IsolationForest; Mahalanobis; 单变量IQR+3σ; 残差,3.528,34,残差异常：采煤机_油泵_左电机_电流 偏高（残差 Z-score=3.5，实际=43.0 vs 预测=17.2）
2465,2024-04-28 01:57:00,2024-04-28 01:57:00,1.0,重载,IsolationForest; Mahalanobis; 单变量IQR+3σ; 残差,3.527,34,正常
2466,2024-04-28 02:03:00,2024-04-28 02:03:00,1.0,重载,IsolationForest; Mahalanobis; 单变量IQR+3σ; 残差,5.992,34,正常
2467,2024-04-28 02:08:00,2024-04-28 02:08:00,1.0,重载,IsolationForest; Mahalanobis; 单变量IQR+3σ; 残差,4.84,34,残差异常：采煤机_油泵_左电机_电流 偏高（残差 Z-score=4.8，实际=52.0 vs 预测=16.6）
2468,2024-04-28 02:14:00,2024-04-28 02:14:00,1.0,重载,IsolationForest; Mahalanobis; 单变量IQR+3σ; 残差,4.142,34,正常
2469,2024-04-28 02:16:00,2024-04-28 02:17:00,2.0,重载,IsolationForest; Mahalanobis; 单变量IQR+3σ; 残差,5.971,68,正常
2470,2024-04-28 02:26:00,2024-04-28 02:26:00,1.0,重载,IsolationForest; Mahalanobis; 单变量IQR+3σ; 残差,6.399,34,残差异常：采煤机_油泵_左电机_电流 偏高（残差 Z-score=6.4，实际=63.0 vs 预测=16.2）
2471,2024-04-28 02:28:00,2024-04-28 02:28:00,1.0,重载,IsolationForest; Mahalanobis; 单变量IQR+3σ; 残差,4.714,34,正常
2472,2024-04-28 02:32:00,2024-04-28 02:34:00,3.0,停机,IsolationForest; Mahalanobis; 单变量IQR+3σ; 残差,4090.431,102,Mahalanobis 距离=4090.4（阈值=18.5）。主要贡献特征：PC2 (75.8%); PC3 (23.1%); PC4 (1.1%)。
2473,2024-04-28 02:42:00,2024-04-28 02:45:00,4.0,重载,IsolationForest; Mahalanobis; 单变量IQR+3σ; 残差,5.511,136,正常
2474,2024-04-28 02:48:00,2024-04-28 02:48:00,1.0,重载,IsolationForest; Mahalanobis; 单变量IQR+3σ; 残差,3.876,34,正常
2475,2024-04-28 02:51:00,2024-04-28 02:51:00,1.0,重载,IsolationForest; Mahalanobis; 单变量IQR+3σ; 残差,7.214,34,正常
2476,2024-04-28 02:57:00,2024-04-28 02:58:00,2.0,停机,IsolationForest; Mahalanobis; 单变量IQR+3σ; 残差,1365.663,68,Mahalanobis 距离=1365.7（阈值=18.5）。主要贡献特征：PC2 (66.0%); PC3 (33.0%)。
2477,2024-04-28 03:03:00,2024-04-28 03:04:00,2.0,重载,IsolationForest; Mahalanobis; 单变量IQR+3σ; 残差,5.178,68,正常
2478,2024-04-28 03:14:00,2024-04-28 03:19:00,6.0,停机,IsolationForest; Mahalanobis; 单变量IQR+3σ; 残差,4162.482,204,Mahalanobis 距离=4162.5（阈值=18.5）。主要贡献特征：PC2 (80.3%); PC3 (17.6%); PC4 (2.1%)。
2479,2024-04-28 03:29:00,2024-04-28 03:29:00,1.0,重载,IsolationForest; Mahalanobis; 单变量IQR+3σ; 残差,4.418,34,正常
2480,2024-04-28 03:45:00,2024-04-28 03:50:00,6.0,停机,IsolationForest; Mahalanobis; 单变量IQR+3σ; 残差,2333.675,204,Mahalanobis 距离=2333.7（阈值=18.5）。主要贡献特征：PC2 (71.9%); PC3 (28.1%)。
2481,2024-04-28 03:52:00,2024-04-28 03:54:00,3.0,重载,IsolationForest; Mahalanobis; 单变量IQR+3σ; 残差,4.868,102,残差异常：采煤机_油泵_左电机_电流 偏高（残差 Z-score=4.9，实际=52.0 vs 预测=16.4）
2482,2024-04-28 03:58:00,2024-04-28 04:00:00,3.0,重载,IsolationForest; Mahalanobis; 单变量IQR+3σ; 残差,4.481,102,残差异常：采煤机_油泵_右电机_电流 偏高（残差 Z-score=4.5，实际=46.0 vs 预测=17.0）
2483,2024-04-28 04:09:00,2024-04-28 04:09:00,1.0,重载,IsolationForest; Mahalanobis; 单变量IQR+3σ; 残差,6.103,34,正常
2484,2024-04-28 04:15:00,2024-04-28 04:15:00,1.0,重载,IsolationForest; Mahalanobis; 单变量IQR+3σ; 残差,3.876,34,正常
2485,2024-04-28 04:22:00,2024-04-28 04:22:00,1.0,重载,IsolationForest; Mahalanobis; 单变量IQR+3σ; 残差,4.016,34,正常
2486,2024-04-28 04:24:00,2024-04-28 04:24:00,1.0,停机,IsolationForest; Mahalanobis; 单变量IQR+3σ; 残差,2163.768,34,Mahalanobis 距离=2163.8（阈值=18.5）。主要贡献特征：PC2 (69.4%); PC3 (29.9%)。
2487,2024-04-28 04:26:00,2024-04-28 04:26:00,1.0,停机,IsolationForest; Mahalanobis; 单变量IQR+3σ; 残差,2337.355,34,Mahalanobis 距离=2337.4（阈值=18.5）。主要贡献特征：PC2 (71.6%); PC3 (27.3%); PC4 (1.1%)。
2488,2024-04-28 04:31:00,2024-04-28 04:34:00,4.0,重载,IsolationForest; Mahalanobis; 单变量IQR+3σ; 残差,3.965,136,残差异常：采煤机_油泵_左电机_电流 偏高（残差 Z-score=4.0，实际=45.0 vs 预测=16.0）
2489,2024-04-28 04:56:00,2024-04-28 04:56:00,1.0,重载,IsolationForest; Mahalanobis; 单变量IQR+3σ; 残差,5.73,34,正常
2490,2024-04-28 05:02:00,2024-04-28 05:02:00,1.0,重载,IsolationForest; Mahalanobis; 单变量IQR+3σ; 残差,4.211,34,残差异常：采煤机_油泵_左电机_电流 偏高（残差 Z-score=4.2，实际=48.0 vs 预测=17.2）
