事件ID,开始时间,结束时间,时长_分钟,工况,方法集,严重度,触发行数,归因摘要
0,2024-04-01 00:52:00,2024-04-01 00:55:00,4.0,待机,单变量IQR+3σ; 残差,3.469,54,残差异常：采煤机_截割部位_左滚筒_电机_温度 偏高（残差 Z-score=3.5，实际=62.0 vs 预测=53.0）
1,2024-04-01 00:58:00,2024-04-01 00:59:00,2.0,调架中,IsolationForest; Mahalanobis; 单变量IQR+3σ,1.408,32,正常
2,2024-04-01 01:01:00,2024-04-01 01:04:00,4.0,待机-高位,IsolationForest; Mahalanobis; 单变量IQR+3σ,2070.597,64,Mahalanobis 距离=2070.6（阈值=18.5）。主要贡献特征：PC2 (69.4%); PC3 (30.4%)。
3,2024-04-01 01:38:00,2024-04-01 01:38:00,1.0,待机-高位,IsolationForest; Mahalanobis; 单变量IQR+3σ; 残差,13.281,30,正常
4,2024-04-01 04:37:00,2024-04-01 04:43:00,7.0,割煤高位,IsolationForest; Mahalanobis; 单变量IQR+3σ; 残差,6.101,154,正常
5,2024-04-01 04:45:00,2024-04-01 04:50:00,6.0,割煤中位,IsolationForest; Mahalanobis; 单变量IQR+3σ; 残差,5.585,152,正常
6,2024-04-01 04:52:00,2024-04-01 04:52:00,1.0,割煤高位,IsolationForest; Mahalanobis; 单变量IQR+3σ; 残差,2.575,30,正常
7,2024-04-01 04:54:00,2024-04-01 04:59:00,6.0,割煤高位,IsolationForest; Mahalanobis; 单变量IQR+3σ; 残差,4.31,180,正常
8,2024-04-01 05:01:00,2024-04-01 05:01:00,1.0,割煤高位,IsolationForest; Mahalanobis; 单变量IQR+3σ; 残差,2.466,30,正常
9,2024-04-01 05:03:00,2024-04-01 05:04:00,2.0,割煤高位,IsolationForest; Mahalanobis; 单变量IQR+3σ; 残差,3.374,60,正常
10,2024-04-01 05:19:00,2024-04-01 05:19:00,1.0,割煤高位,IsolationForest; Mahalanobis; 单变量IQR+3σ; 残差,6.247,30,正常
11,2024-04-01 05:21:00,2024-04-01 05:21:00,1.0,割煤高位,IsolationForest; Mahalanobis; 单变量IQR+3σ; 残差,3.597,30,残差异常：采煤机_油泵_右电机_电流 偏高（残差 Z-score=3.6，实际=44.0 vs 预测=17.4）
12,2024-04-01 05:24:00,2024-04-01 05:24:00,1.0,割煤中位,IsolationForest; Mahalanobis; 单变量IQR+3σ; 残差,6.716,30,正常
13,2024-04-01 05:29:00,2024-04-01 05:29:00,1.0,调架中,IsolationForest; Mahalanobis; 单变量IQR+3σ; 残差,2.159,30,正常
14,2024-04-01 05:37:00,2024-04-01 05:37:00,1.0,割煤中位,IsolationForest; Mahalanobis; 单变量IQR+3σ; 残差,3.796,30,正常
15,2024-04-01 05:40:00,2024-04-01 05:40:00,1.0,割煤高位,IsolationForest; Mahalanobis; 单变量IQR+3σ; 残差,5.92,30,正常
16,2024-04-01 05:42:00,2024-04-01 05:42:00,1.0,调架中,IsolationForest; Mahalanobis; 单变量IQR+3σ; 残差,5.226,30,正常
17,2024-04-01 05:44:00,2024-04-01 05:44:00,1.0,割煤高位,IsolationForest; Mahalanobis; 单变量IQR+3σ; 残差,6.979,30,正常
18,2024-04-01 05:51:00,2024-04-01 05:51:00,1.0,割煤高位,IsolationForest; Mahalanobis; 单变量IQR+3σ; 残差,4.096,30,残差异常：采煤机_破碎机_电机_电流 偏高（残差 Z-score=4.1，实际=48.0 vs 预测=0.0）
19,2024-04-01 05:53:00,2024-04-01 05:53:00,1.0,割煤高位,IsolationForest; Mahalanobis; 单变量IQR+3σ; 残差,3.03,30,正常
20,2024-04-01 06:09:00,2024-04-01 06:09:00,1.0,调架中,IsolationForest; Mahalanobis; 单变量IQR+3σ; 残差,3.767,30,正常
21,2024-04-01 06:18:00,2024-04-01 06:18:00,1.0,割煤高位,IsolationForest; Mahalanobis; 单变量IQR+3σ; 残差,2.714,30,正常
22,2024-04-01 06:20:00,2024-04-01 06:20:00,1.0,调架中,IsolationForest; Mahalanobis; 单变量IQR+3σ; 残差,5.607,30,正常
23,2024-04-01 06:24:00,2024-04-01 06:25:00,2.0,割煤高位,IsolationForest; Mahalanobis; 单变量IQR+3σ; 残差,6.588,60,残差异常：采煤机_破碎机_电机_电流 偏高（残差 Z-score=6.6，实际=91.0 vs 预测=13.8）
24,2024-04-01 06:27:00,2024-04-01 06:29:00,3.0,割煤高位,IsolationForest; Mahalanobis; 单变量IQR+3σ; 残差,6.54,90,正常
25,2024-04-01 06:32:00,2024-04-01 06:32:00,1.0,割煤高位,IsolationForest; Mahalanobis; 单变量IQR+3σ; 残差,3.574,30,正常
26,2024-04-01 06:40:00,2024-04-01 06:40:00,1.0,割煤中位,IsolationForest; Mahalanobis; 单变量IQR+3σ; 残差,6.597,30,残差异常：采煤机_油泵_右电机_电流 偏高（残差 Z-score=6.6，实际=58.0 vs 预测=17.0）
27,2024-04-01 06:42:00,2024-04-01 06:45:00,4.0,待机,IsolationForest; Mahalanobis; 单变量IQR+3σ; 残差,2715.376,108,Mahalanobis 距离=2715.4（阈值=18.5）。主要贡献特征：PC2 (76.6%); PC3 (23.2%)。
28,2024-04-01 06:53:00,2024-04-01 06:55:00,3.0,待机,IsolationForest; Mahalanobis; 单变量IQR+3σ; 残差,13.614,90,正常
29,2024-04-01 07:06:00,2024-04-01 07:06:00,1.0,割煤中位,IsolationForest; Mahalanobis; 单变量IQR+3σ; 残差,6.597,30,残差异常：采煤机_油泵_右电机_电流 偏高（残差 Z-score=6.6，实际=58.0 vs 预测=17.0）
30,2024-04-01 07:09:00,2024-04-01 07:12:00,4.0,待机,IsolationForest; Mahalanobis; 单变量IQR+3σ; 残差,2283.88,120,Mahalanobis 距离=2283.9（阈值=18.5）。主要贡献特征：PC2 (76.0%); PC3 (23.9%)。
31,2024-04-01 07:24:00,2024-04-01 07:25:00,2.0,待机,IsolationForest; Mahalanobis; 单变量IQR+3σ; 残差,13.802,60,正常
32,2024-04-01 07:27:00,2024-04-01 07:30:00,4.0,待机,IsolationForest; Mahalanobis; 单变量IQR+3σ; 残差,1341.861,120,Mahalanobis 距离=1341.9（阈值=18.5）。主要贡献特征：PC2 (69.9%); PC3 (29.3%)。
33,2024-04-01 07:34:00,2024-04-01 07:35:00,2.0,待机,IsolationForest; Mahalanobis; 单变量IQR+3σ; 残差,14.85,60,正常
34,2024-04-01 07:37:00,2024-04-01 07:40:00,4.0,待机,IsolationForest; Mahalanobis; 单变量IQR+3σ; 残差,1408.791,120,Mahalanobis 距离=1408.8（阈值=18.5）。主要贡献特征：PC3 (71.7%); PC2 (26.3%); PC4 (2.0%)。
35,2024-04-01 07:42:00,2024-04-01 07:45:00,4.0,割煤中位,IsolationForest; Mahalanobis; 单变量IQR+3σ; 残差,5.023,120,正常
36,2024-04-01 07:47:00,2024-04-01 07:56:00,10.0,待机,IsolationForest; Mahalanobis; 单变量IQR+3σ; 残差,2110.81,300,Mahalanobis 距离=2110.8（阈值=18.5）。主要贡献特征：PC3 (72.4%); PC2 (27.4%)。
37,2024-04-01 07:59:00,2024-04-01 08:03:00,5.0,待机,IsolationForest; Mahalanobis; 单变量IQR+3σ; 残差,2168.246,150,Mahalanobis 距离=2168.2（阈值=18.5）。主要贡献特征：PC3 (72.3%); PC2 (27.4%)。
38,2024-04-01 08:05:00,2024-04-01 08:07:00,3.0,待机-高位,IsolationForest; Mahalanobis; 单变量IQR+3σ; 残差,1486.936,90,Mahalanobis 距离=1486.9（阈值=18.5）。主要贡献特征：PC2 (63.0%); PC3 (36.9%)。
39,2024-04-01 08:16:00,2024-04-01 08:27:00,12.0,割煤中位,IsolationForest; Mahalanobis; 单变量IQR+3σ; 残差,7.016,360,正常
40,2024-04-01 08:29:00,2024-04-01 09:04:00,36.0,待机,IsolationForest; Mahalanobis; 单变量IQR+3σ; 残差,2781.712,1080,Mahalanobis 距离=2781.7（阈值=18.5）。主要贡献特征：PC2 (77.1%); PC4 (16.6%); PC3 (6.3%)。
41,2024-04-01 09:09:00,2024-04-01 09:09:00,1.0,割煤中位,IsolationForest; Mahalanobis; 单变量IQR+3σ; 残差,2.168,30,正常
42,2024-04-01 09:11:00,2024-04-01 09:14:00,4.0,割煤中位,IsolationForest; Mahalanobis; 单变量IQR+3σ; 残差,4.375,120,残差异常：采煤机_截割部位_右滚筒_电机_电流 偏高（残差 Z-score=4.4，实际=238.0 vs 预测=85.4）
43,2024-04-01 09:16:00,2024-04-01 09:19:00,4.0,待机,IsolationForest; Mahalanobis; 单变量IQR+3σ; 残差,5961.438,120,Mahalanobis 距离=5961.4（阈值=18.5）。主要贡献特征：PC2 (82.3%); PC3 (17.5%)。
44,2024-04-01 09:21:00,2024-04-01 09:25:00,5.0,待机,IsolationForest; Mahalanobis; 单变量IQR+3σ; 残差,21424.659,150,Mahalanobis 距离=21424.7（阈值=18.5）。主要贡献特征：PC2 (96.7%); PC3 (3.3%)。
45,2024-04-01 11:24:00,2024-04-01 11:34:00,11.0,待机,IsolationForest; Mahalanobis; 单变量IQR+3σ; 残差,1807.926,330,Mahalanobis 距离=1807.9（阈值=18.5）。主要贡献特征：PC2 (67.1%); PC3 (31.5%); PC4 (1.4%)。
46,2024-04-01 11:40:00,2024-04-01 11:45:00,6.0,待机,IsolationForest; Mahalanobis; 单变量IQR+3σ; 残差,2893.222,180,Mahalanobis 距离=2893.2（阈值=18.5）。主要贡献特征：PC2 (77.6%); PC3 (22.3%)。
47,2024-04-01 13:36:00,2024-04-01 13:42:00,7.0,待机,IsolationForest; Mahalanobis; 单变量IQR+3σ; 残差,10768.17,210,Mahalanobis 距离=10768.2（阈值=18.5）。主要贡献特征：PC4 (52.6%); PC3 (33.8%); PC2 (13.6%)。
48,2024-04-01 13:58:00,2024-04-01 13:58:00,1.0,待机,IsolationForest; Mahalanobis; 单变量IQR+3σ; 残差,13.377,30,正常
49,2024-04-01 14:09:00,2024-04-01 14:09:00,1.0,待机,IsolationForest; Mahalanobis; 单变量IQR+3σ; 残差,13.837,30,正常
50,2024-04-01 14:12:00,2024-04-01 14:13:00,2.0,待机,IsolationForest; Mahalanobis; 单变量IQR+3σ; 残差,20.254,60,Mahalanobis 距离=20.3（阈值=18.5）。主要贡献特征：PC2 (77.2%); PC1 (13.3%); PC3 (9.5%)。
51,2024-04-01 15:08:00,2024-04-01 15:18:00,11.0,待机,IsolationForest; Mahalanobis; 单变量IQR+3σ; 残差,2951.762,330,Mahalanobis 距离=2951.8（阈值=18.5）。主要贡献特征：PC2 (78.3%); PC3 (21.4%)。
52,2024-04-01 15:39:00,2024-04-01 15:49:00,11.0,待机,IsolationForest; Mahalanobis; 单变量IQR+3σ; 残差,3870.883,330,Mahalanobis 距离=3870.9（阈值=18.5）。主要贡献特征：PC2 (80.9%); PC3 (19.0%)。
53,2024-04-01 15:51:00,2024-04-01 15:56:00,6.0,待机,IsolationForest; Mahalanobis; 单变量IQR+3σ; 残差,3139.514,180,Mahalanobis 距离=3139.5（阈值=18.5）。主要贡献特征：PC2 (72.7%); PC3 (26.5%)。
54,2024-04-01 15:58:00,2024-04-01 16:08:00,11.0,待机,IsolationForest; Mahalanobis; 单变量IQR+3σ; 残差,2630.777,330,Mahalanobis 距离=2630.8（阈值=18.5）。主要贡献特征：PC2 (80.6%); PC3 (19.1%)。
55,2024-04-01 16:17:00,2024-04-01 16:17:00,1.0,割煤中位,IsolationForest; Mahalanobis; 单变量IQR+3σ; 残差,3.791,30,正常
56,2024-04-01 16:19:00,2024-04-01 16:19:00,1.0,割煤中位,IsolationForest; Mahalanobis; 单变量IQR+3σ; 残差,4.525,30,残差异常：采煤机_破碎机_电机_电流 偏高（残差 Z-score=4.5，实际=61.0 vs 预测=10.8）
57,2024-04-01 16:21:00,2024-04-01 16:21:00,1.0,割煤中位,IsolationForest; Mahalanobis; 单变量IQR+3σ; 残差,2.284,30,正常
58,2024-04-01 16:30:00,2024-04-01 16:30:00,1.0,割煤高位,IsolationForest; Mahalanobis; 单变量IQR+3σ; 残差,4.489,30,正常
59,2024-04-01 16:40:00,2024-04-01 16:40:00,1.0,割煤高位,IsolationForest; Mahalanobis; 单变量IQR+3σ; 残差,4.196,30,正常
60,2024-04-01 16:44:00,2024-04-01 16:44:00,1.0,割煤中位,IsolationForest; Mahalanobis; 单变量IQR+3σ; 残差,3.997,30,残差异常：采煤机_截割部位_左滚筒_电机_电流 偏高（残差 Z-score=4.0，实际=264.0 vs 预测=96.0）
61,2024-04-01 16:46:00,2024-04-01 16:49:00,4.0,待机,IsolationForest; Mahalanobis; 单变量IQR+3σ; 残差,3589.523,120,Mahalanobis 距离=3589.5（阈值=18.5）。主要贡献特征：PC2 (59.1%); PC3 (30.5%); PC4 (10.3%)。
62,2024-04-01 16:55:00,2024-04-01 16:58:00,4.0,待机,IsolationForest; Mahalanobis; 单变量IQR+3σ; 残差,13.697,120,正常
63,2024-04-01 17:12:00,2024-04-01 17:14:00,3.0,割煤中位,IsolationForest; Mahalanobis; 单变量IQR+3σ; 残差,3.388,90,残差异常：采煤机_截割部位_左滚筒_电机_电流 偏高（残差 Z-score=3.4，实际=242.0 vs 预测=99.6）
64,2024-04-01 17:31:00,2024-04-01 17:37:00,7.0,待机-高位,IsolationForest; Mahalanobis; 单变量IQR+3σ; 残差,1151.078,210,Mahalanobis 距离=1151.1（阈值=18.5）。主要贡献特征：PC2 (55.9%); PC3 (44.1%)。
65,2024-04-01 17:52:00,2024-04-01 17:55:00,4.0,割煤中位,IsolationForest; Mahalanobis; 单变量IQR+3σ; 残差,2.934,120,正常
66,2024-04-01 18:00:00,2024-04-01 18:02:00,3.0,割煤中位,IsolationForest; Mahalanobis; 单变量IQR+3σ; 残差,5.633,90,正常
67,2024-04-01 18:21:00,2024-04-01 18:21:00,1.0,割煤中位,IsolationForest; Mahalanobis; 单变量IQR+3σ; 残差,5.326,30,正常
68,2024-04-01 18:27:00,2024-04-01 18:27:00,1.0,割煤高位,IsolationForest; Mahalanobis; 单变量IQR+3σ; 残差,3.831,30,残差异常：采煤机_截割部位_左滚筒_电机_电流 偏高（残差 Z-score=3.8，实际=226.0 vs 预测=73.2）
69,2024-04-01 18:45:00,2024-04-01 18:48:00,4.0,割煤中位,IsolationForest; Mahalanobis; 单变量IQR+3σ; 残差,5.859,120,残差异常：采煤机_破碎机_电机_电流 偏高（残差 Z-score=5.9，实际=65.0 vs 预测=0.0）
70,2024-04-01 18:50:00,2024-04-01 18:51:00,2.0,待机,IsolationForest; Mahalanobis; 单变量IQR+3σ; 残差,7622.155,60,Mahalanobis 距离=7622.2（阈值=18.5）。主要贡献特征：PC2 (85.5%); PC3 (14.2%)。
71,2024-04-01 18:55:00,2024-04-01 18:58:00,4.0,待机,IsolationForest; Mahalanobis; 单变量IQR+3σ; 残差,2432.756,120,Mahalanobis 距离=2432.8（阈值=18.5）。主要贡献特征：PC2 (70.8%); PC3 (28.9%)。
72,2024-04-01 19:09:00,2024-04-01 19:12:00,4.0,待机,IsolationForest; Mahalanobis; 单变量IQR+3σ; 残差,3728.503,120,Mahalanobis 距离=3728.5（阈值=18.5）。主要贡献特征：PC2 (83.5%); PC3 (16.4%)。
73,2024-04-01 19:18:00,2024-04-01 19:21:00,4.0,割煤高位,IsolationForest; Mahalanobis; 单变量IQR+3σ; 残差,4.489,120,正常
74,2024-04-01 19:26:00,2024-04-01 19:26:00,1.0,割煤中位,IsolationForest; Mahalanobis; 单变量IQR+3σ; 残差,4.558,30,正常
75,2024-04-01 19:28:00,2024-04-01 19:28:00,1.0,调架中,IsolationForest; Mahalanobis; 单变量IQR+3σ; 残差,1.772,30,正常
76,2024-04-01 19:30:00,2024-04-01 19:30:00,1.0,割煤高位,IsolationForest; Mahalanobis; 单变量IQR+3σ; 残差,5.222,30,正常
77,2024-04-01 19:33:00,2024-04-01 19:33:00,1.0,割煤高位,IsolationForest; Mahalanobis; 单变量IQR+3σ; 残差,4.197,30,残差异常：采煤机_截割部位_左滚筒_电机_电流 偏高（残差 Z-score=4.2，实际=242.0 vs 预测=74.6）
78,2024-04-01 19:42:00,2024-04-01 19:44:00,3.0,割煤中位,IsolationForest; Mahalanobis; 单变量IQR+3σ; 残差,1.892,90,正常
79,2024-04-01 19:47:00,2024-04-01 19:49:00,3.0,割煤中位,IsolationForest; Mahalanobis; 单变量IQR+3σ; 残差,1.285,90,正常
80,2024-04-01 19:54:00,2024-04-01 19:58:00,5.0,割煤中位,IsolationForest; Mahalanobis; 单变量IQR+3σ; 残差,3.188,150,残差异常：采煤机_截割部位_左滚筒_电机_电流 偏高（残差 Z-score=3.2，实际=209.0 vs 预测=75.0）
81,2024-04-01 20:03:00,2024-04-01 20:06:00,4.0,待机,IsolationForest; Mahalanobis; 单变量IQR+3σ; 残差,3337.818,120,Mahalanobis 距离=3337.8（阈值=18.5）。主要贡献特征：PC2 (86.3%); PC3 (10.8%); PC4 (2.9%)。
82,2024-04-01 20:10:00,2024-04-01 20:13:00,4.0,待机,IsolationForest; Mahalanobis; 单变量IQR+3σ; 残差,1851.71,120,Mahalanobis 距离=1851.7（阈值=18.5）。主要贡献特征：PC2 (71.2%); PC3 (27.4%); PC4 (1.4%)。
83,2024-04-01 20:21:00,2024-04-01 20:23:00,3.0,待机,IsolationForest; Mahalanobis; 单变量IQR+3σ; 残差,13.124,90,正常
84,2024-04-01 20:25:00,2024-04-01 20:25:00,1.0,割煤中位,IsolationForest; Mahalanobis; 单变量IQR+3σ; 残差,3.155,30,残差异常：采煤机_破碎机_电机_电流 偏高（残差 Z-score=3.2，实际=41.0 vs 预测=6.0）
85,2024-04-01 20:27:00,2024-04-01 20:27:00,1.0,割煤高位,IsolationForest; Mahalanobis; 单变量IQR+3σ; 残差,1.816,30,正常
86,2024-04-01 20:44:00,2024-04-01 20:44:00,1.0,调架中,IsolationForest; Mahalanobis; 单变量IQR+3σ; 残差,3.894,30,正常
87,2024-04-01 20:46:00,2024-04-01 20:46:00,1.0,割煤高位,IsolationForest; Mahalanobis; 单变量IQR+3σ; 残差,4.219,30,残差异常：采煤机_油泵_右电机_电流 偏高（残差 Z-score=4.2，实际=48.0 vs 预测=16.8）
88,2024-04-01 20:51:00,2024-04-01 20:52:00,2.0,待机-高位,IsolationForest; Mahalanobis; 单变量IQR+3σ; 残差,2128.495,60,Mahalanobis 距离=2128.5（阈值=18.5）。主要贡献特征：PC2 (68.8%); PC3 (30.9%)。
89,2024-04-01 21:10:00,2024-04-01 21:11:00,2.0,割煤中位,IsolationForest; Mahalanobis; 单变量IQR+3σ; 残差,6.854,60,残差异常：采煤机_油泵_右电机_电流 偏高（残差 Z-score=6.9，实际=59.0 vs 预测=16.4）
90,2024-04-01 21:21:00,2024-04-01 21:24:00,4.0,待机-高位,IsolationForest; Mahalanobis; 单变量IQR+3σ; 残差,2947.72,120,Mahalanobis 距离=2947.7（阈值=18.5）。主要贡献特征：PC2 (78.6%); PC3 (21.2%)。
91,2024-04-01 21:26:00,2024-04-01 21:26:00,1.0,割煤高位,IsolationForest; Mahalanobis; 单变量IQR+3σ; 残差,3.828,30,正常
92,2024-04-01 21:36:00,2024-04-01 21:39:00,4.0,待机,IsolationForest; Mahalanobis; 单变量IQR+3σ; 残差,3077.738,120,Mahalanobis 距离=3077.7（阈值=18.5）。主要贡献特征：PC2 (79.7%); PC3 (20.0%)。
93,2024-04-01 22:00:00,2024-04-01 22:01:00,2.0,待机,IsolationForest; Mahalanobis; 单变量IQR+3σ; 残差,14.075,60,正常
94,2024-04-01 22:19:00,2024-04-01 22:19:00,1.0,割煤中位,IsolationForest; Mahalanobis; 单变量IQR+3σ; 残差,3.155,30,残差异常：采煤机_油泵_左电机_温度 偏高（残差 Z-score=3.2，实际=54.0 vs 预测=49.2）
95,2024-04-01 22:27:00,2024-04-01 22:32:00,6.0,待机,IsolationForest; Mahalanobis; 单变量IQR+3σ; 残差,4623.892,180,Mahalanobis 距离=4623.9（阈值=18.5）。主要贡献特征：PC2 (77.7%); PC3 (22.2%)。
96,2024-04-01 22:38:00,2024-04-01 22:39:00,2.0,待机,IsolationForest; Mahalanobis; 单变量IQR+3σ; 残差,3216.524,60,Mahalanobis 距离=3216.5（阈值=18.5）。主要贡献特征：PC2 (74.6%); PC3 (25.0%)。
97,2024-04-01 22:57:00,2024-04-01 22:57:00,1.0,割煤中位,IsolationForest; Mahalanobis; 单变量IQR+3σ; 残差,4.146,30,残差异常：采煤机_破碎机_电机_电流 偏高（残差 Z-score=4.1，实际=46.0 vs 预测=0.0）
98,2024-04-01 23:00:00,2024-04-01 23:03:00,4.0,割煤中位,IsolationForest; Mahalanobis; 单变量IQR+3σ; 残差,2.791,120,正常
99,2024-04-01 23:08:00,2024-04-01 23:10:00,3.0,割煤中位,IsolationForest; Mahalanobis; 单变量IQR+3σ; 残差,2.565,90,正常
100,2024-04-01 23:18:00,2024-04-01 23:21:00,4.0,割煤中位,IsolationForest; Mahalanobis; 单变量IQR+3σ; 残差,3.044,120,正常
101,2024-04-01 23:25:00,2024-04-01 23:25:00,1.0,待机-高位,IsolationForest; Mahalanobis; 单变量IQR+3σ; 残差,1513.544,30,Mahalanobis 距离=1513.5（阈值=18.5）。主要贡献特征：PC2 (61.5%); PC3 (38.4%)。
102,2024-04-01 23:27:00,2024-04-01 23:30:00,4.0,割煤中位,IsolationForest; Mahalanobis; 单变量IQR+3σ; 残差,1.645,120,正常
103,2024-04-01 23:33:00,2024-04-01 23:33:00,1.0,待机,IsolationForest; Mahalanobis; 单变量IQR+3σ; 残差,3624.629,30,Mahalanobis 距离=3624.6（阈值=18.5）。主要贡献特征：PC2 (75.2%); PC3 (24.3%)。
104,2024-04-01 23:36:00,2024-04-01 23:36:00,1.0,割煤中位,IsolationForest; Mahalanobis; 单变量IQR+3σ; 残差,1.126,30,正常
105,2024-04-01 23:38:00,2024-04-01 23:48:00,11.0,待机-高位,IsolationForest; Mahalanobis; 单变量IQR+3σ; 残差,7184.673,330,Mahalanobis 距离=7184.7（阈值=18.5）。主要贡献特征：PC2 (56.4%); PC3 (35.2%); PC4 (8.3%)。
106,2024-04-01 23:50:00,2024-04-01 23:50:00,1.0,割煤高位,IsolationForest; Mahalanobis; 单变量IQR+3σ; 残差,4.728,30,正常
107,2024-04-01 23:57:00,2024-04-02 00:00:00,4.0,割煤高位,IsolationForest; Mahalanobis; 单变量IQR+3σ; 残差,5.291,120,残差异常：采煤机_破碎机_电机_电流 偏高（残差 Z-score=5.3，实际=62.0 vs 预测=0.0）
108,2024-04-02 00:04:00,2024-04-02 00:04:00,1.0,割煤高位,IsolationForest; Mahalanobis; 单变量IQR+3σ; 残差,5.923,30,残差异常：采煤机_油泵_右电机_电流 偏高（残差 Z-score=5.9，实际=60.0 vs 预测=16.2）
109,2024-04-02 00:06:00,2024-04-02 00:06:00,1.0,割煤高位,IsolationForest; Mahalanobis; 单变量IQR+3σ; 残差,1.97,30,正常
110,2024-04-02 00:12:00,2024-04-02 00:13:00,2.0,割煤中位,IsolationForest; Mahalanobis; 单变量IQR+3σ; 残差,5.052,60,残差异常：采煤机_油泵_右电机_电流 偏高（残差 Z-score=5.1，实际=48.0 vs 预测=16.6）
111,2024-04-02 00:16:00,2024-04-02 00:17:00,2.0,割煤中位,IsolationForest; Mahalanobis; 单变量IQR+3σ; 残差,5.326,60,单变量异常：采煤机_油泵_左电机_电流（z-score=5.3，实际=53.0，均值=18.3±6.5）
112,2024-04-02 00:25:00,2024-04-02 00:27:00,3.0,割煤中位,IsolationForest; Mahalanobis; 单变量IQR+3σ; 残差,1.807,90,正常
113,2024-04-02 00:37:00,2024-04-02 00:37:00,1.0,割煤高位,IsolationForest; Mahalanobis; 单变量IQR+3σ; 残差,4.395,30,正常
114,2024-04-02 00:41:00,2024-04-02 00:41:00,1.0,待机-高位,IsolationForest; Mahalanobis; 单变量IQR+3σ; 残差,7733.209,30,Mahalanobis 距离=7733.2（阈值=18.5）。主要贡献特征：PC2 (89.5%); PC3 (10.0%)。
115,2024-04-02 00:45:00,2024-04-02 00:46:00,2.0,割煤高位,IsolationForest; Mahalanobis; 单变量IQR+3σ; 残差,5.081,60,正常
116,2024-04-02 00:50:00,2024-04-02 00:52:00,3.0,待机-高位,IsolationForest; Mahalanobis; 单变量IQR+3σ; 残差,7901.384,90,Mahalanobis 距离=7901.4（阈值=18.5）。主要贡献特征：PC2 (89.4%); PC3 (10.3%)。
117,2024-04-02 00:54:00,2024-04-02 01:03:00,10.0,待机-高位,IsolationForest; Mahalanobis; 单变量IQR+3σ; 残差,2027.421,300,Mahalanobis 距离=2027.4（阈值=18.5）。主要贡献特征：PC2 (70.6%); PC3 (29.2%)。
118,2024-04-02 01:05:00,2024-04-02 01:11:00,7.0,割煤中位,IsolationForest; Mahalanobis; 单变量IQR+3σ; 残差,5.321,210,正常
119,2024-04-02 01:15:00,2024-04-02 01:18:00,4.0,待机,IsolationForest; Mahalanobis; 单变量IQR+3σ; 残差,2432.228,120,Mahalanobis 距离=2432.2（阈值=18.5）。主要贡献特征：PC2 (80.6%); PC3 (18.5%)。
120,2024-04-02 01:25:00,2024-04-02 01:25:00,1.0,割煤中位,IsolationForest; Mahalanobis; 单变量IQR+3σ; 残差,3.375,30,正常
121,2024-04-02 01:30:00,2024-04-02 01:30:00,1.0,待机,IsolationForest; Mahalanobis; 单变量IQR+3σ; 残差,4098.443,30,Mahalanobis 距离=4098.4（阈值=18.5）。主要贡献特征：PC2 (79.8%); PC3 (20.1%)。
122,2024-04-02 01:32:00,2024-04-02 01:33:00,2.0,割煤中位,IsolationForest; Mahalanobis; 单变量IQR+3σ; 残差,1.477,60,正常
123,2024-04-02 01:35:00,2024-04-02 01:37:00,3.0,割煤中位,IsolationForest; Mahalanobis; 单变量IQR+3σ; 残差,3.264,90,正常
124,2024-04-02 01:39:00,2024-04-02 01:39:00,1.0,割煤高位,IsolationForest; Mahalanobis; 单变量IQR+3σ; 残差,4.196,30,正常
125,2024-04-02 01:41:00,2024-04-02 01:44:00,4.0,割煤高位,IsolationForest; Mahalanobis; 单变量IQR+3σ; 残差,4.579,120,正常
126,2024-04-02 01:56:00,2024-04-02 01:58:00,3.0,割煤中位,IsolationForest; Mahalanobis; 单变量IQR+3σ; 残差,2.285,90,正常
127,2024-04-02 02:00:00,2024-04-02 02:00:00,1.0,割煤中位,IsolationForest; Mahalanobis; 单变量IQR+3σ; 残差,3.303,30,残差异常：采煤机_截割部位_右滚筒_电机_电流 偏高（残差 Z-score=3.3，实际=195.0 vs 预测=79.8）
128,2024-04-02 02:03:00,2024-04-02 02:03:00,1.0,割煤中位,IsolationForest; Mahalanobis; 单变量IQR+3σ; 残差,5.535,30,残差异常：采煤机_油泵_右电机_电流 偏高（残差 Z-score=5.5，实际=51.0 vs 预测=16.6）
129,2024-04-02 02:05:00,2024-04-02 02:07:00,3.0,割煤中位,IsolationForest; Mahalanobis; 单变量IQR+3σ; 残差,5.908,90,正常
130,2024-04-02 02:19:00,2024-04-02 02:19:00,1.0,割煤高位,IsolationForest; Mahalanobis; 单变量IQR+3σ; 残差,3.003,30,残差异常：采煤机_截割部位_左滚筒_电机_电流 偏高（残差 Z-score=3.0，实际=215.0 vs 预测=95.2）
131,2024-04-02 02:30:00,2024-04-02 02:31:00,2.0,割煤中位,IsolationForest; Mahalanobis; 单变量IQR+3σ; 残差,1.911,60,正常
132,2024-04-02 02:33:00,2024-04-02 02:33:00,1.0,割煤中位,IsolationForest; Mahalanobis; 单变量IQR+3σ; 残差,1.514,30,正常
133,2024-04-02 02:46:00,2024-04-02 02:46:00,1.0,调架中,IsolationForest; Mahalanobis; 单变量IQR+3σ; 残差,1.404,30,正常
134,2024-04-02 02:52:00,2024-04-02 02:54:00,3.0,割煤中位,IsolationForest; Mahalanobis; 单变量IQR+3σ; 残差,6.07,90,正常
135,2024-04-02 03:03:00,2024-04-02 03:03:00,1.0,割煤中位,IsolationForest; Mahalanobis; 单变量IQR+3σ; 残差,5.326,30,正常
136,2024-04-02 03:06:00,2024-04-02 03:13:00,8.0,待机-高位,IsolationForest; Mahalanobis; 单变量IQR+3σ; 残差,2120.721,240,Mahalanobis 距离=2120.7（阈值=18.5）。主要贡献特征：PC2 (69.2%); PC3 (30.4%)。
137,2024-04-02 03:24:00,2024-04-02 03:24:00,1.0,待机-高位,IsolationForest; Mahalanobis; 单变量IQR+3σ; 残差,13.116,30,正常
138,2024-04-02 03:35:00,2024-04-02 03:36:00,2.0,调架中,IsolationForest; Mahalanobis; 单变量IQR+3σ; 残差,3.239,60,正常
139,2024-04-02 03:41:00,2024-04-02 03:44:00,4.0,待机-高位,IsolationForest; Mahalanobis; 单变量IQR+3σ; 残差,3031.908,120,Mahalanobis 距离=3031.9（阈值=18.5）。主要贡献特征：PC2 (72.3%); PC3 (26.8%)。
140,2024-04-02 03:47:00,2024-04-02 03:49:00,3.0,割煤高位,IsolationForest; Mahalanobis; 单变量IQR+3σ; 残差,3.928,90,正常
141,2024-04-02 03:55:00,2024-04-02 03:57:00,3.0,割煤高位,IsolationForest; Mahalanobis; 单变量IQR+3σ; 残差,2.767,90,正常
142,2024-04-02 03:59:00,2024-04-02 03:59:00,1.0,割煤高位,IsolationForest; Mahalanobis; 单变量IQR+3σ; 残差,4.994,30,正常
143,2024-04-02 04:01:00,2024-04-02 04:01:00,1.0,割煤中位,IsolationForest; Mahalanobis; 单变量IQR+3σ; 残差,2.055,30,正常
144,2024-04-02 04:03:00,2024-04-02 04:05:00,3.0,割煤中位,IsolationForest; Mahalanobis; 单变量IQR+3σ; 残差,4.249,90,残差异常：采煤机_截割部位_右滚筒_电机_电流 偏高（残差 Z-score=4.2，实际=236.0 vs 预测=87.8）
145,2024-04-02 04:11:00,2024-04-02 04:12:00,2.0,割煤高位,IsolationForest; Mahalanobis; 单变量IQR+3σ; 残差,4.489,60,正常
146,2024-04-02 04:15:00,2024-04-02 04:21:00,7.0,割煤中位,IsolationForest; Mahalanobis; 单变量IQR+3σ; 残差,4.481,210,正常
147,2024-04-02 04:24:00,2024-04-02 04:27:00,4.0,割煤高位,IsolationForest; Mahalanobis; 单变量IQR+3σ; 残差,4.192,120,残差异常：采煤机_油泵_右电机_电流 偏高（残差 Z-score=4.2，实际=48.0 vs 预测=17.0）
148,2024-04-02 04:32:00,2024-04-02 04:32:00,1.0,割煤中位,IsolationForest; Mahalanobis; 单变量IQR+3σ; 残差,3.94,30,正常
149,2024-04-02 04:35:00,2024-04-02 04:37:00,3.0,割煤中位,IsolationForest; Mahalanobis; 单变量IQR+3σ; 残差,2.702,90,正常
150,2024-04-02 04:50:00,2024-04-02 04:50:00,1.0,待机-高位,IsolationForest; Mahalanobis; 单变量IQR+3σ; 残差,1403.053,30,Mahalanobis 距离=1403.1（阈值=18.5）。主要贡献特征：PC2 (62.7%); PC3 (37.0%)。
151,2024-04-02 04:52:00,2024-04-02 04:58:00,7.0,待机-高位,IsolationForest; Mahalanobis; 单变量IQR+3σ; 残差,1480.231,210,Mahalanobis 距离=1480.2（阈值=18.5）。主要贡献特征：PC2 (74.0%); PC3 (25.9%)。
152,2024-04-02 05:06:00,2024-04-02 05:06:00,1.0,割煤高位,IsolationForest; Mahalanobis; 单变量IQR+3σ; 残差,3.462,30,残差异常：采煤机_油泵_右电机_电流 偏高（残差 Z-score=3.5，实际=42.0 vs 预测=16.4）
153,2024-04-02 05:11:00,2024-04-02 05:11:00,1.0,割煤高位,IsolationForest; Mahalanobis; 单变量IQR+3σ; 残差,5.808,30,正常
154,2024-04-02 05:27:00,2024-04-02 05:27:00,1.0,割煤高位,IsolationForest; Mahalanobis; 单变量IQR+3σ; 残差,5.515,30,正常
155,2024-04-02 05:32:00,2024-04-02 05:32:00,1.0,待机-高位,IsolationForest; Mahalanobis; 单变量IQR+3σ; 残差,2515.015,30,Mahalanobis 距离=2515.0（阈值=18.5）。主要贡献特征：PC2 (64.8%); PC3 (35.2%)。
156,2024-04-02 05:40:00,2024-04-02 05:43:00,4.0,待机-高位,IsolationForest; Mahalanobis; 单变量IQR+3σ; 残差,2386.375,120,Mahalanobis 距离=2386.4（阈值=18.5）。主要贡献特征：PC2 (74.0%); PC3 (25.8%)。
157,2024-04-02 05:51:00,2024-04-02 05:51:00,1.0,割煤高位,IsolationForest; Mahalanobis; 单变量IQR+3σ; 残差,4.636,30,正常
158,2024-04-02 05:58:00,2024-04-02 06:00:00,3.0,待机-高位,IsolationForest; Mahalanobis; 单变量IQR+3σ; 残差,4429.604,90,Mahalanobis 距离=4429.6（阈值=18.5）。主要贡献特征：PC2 (81.1%); PC3 (18.4%)。
159,2024-04-02 06:03:00,2024-04-02 06:03:00,1.0,调架中,IsolationForest; Mahalanobis; 单变量IQR+3σ; 残差,3.102,30,残差异常：采煤机_牵引部位_右电机_电流 偏高（残差 Z-score=3.1，实际=186.0 vs 预测=38.6）
160,2024-04-02 06:08:00,2024-04-02 06:08:00,1.0,割煤高位,IsolationForest; Mahalanobis; 单变量IQR+3σ; 残差,3.895,30,残差异常：采煤机_油泵_右电机_电流 偏高（残差 Z-score=3.9，实际=45.0 vs 预测=16.2）
161,2024-04-02 06:16:00,2024-04-02 06:16:00,1.0,割煤中位,IsolationForest; Mahalanobis; 单变量IQR+3σ; 残差,5.47,30,残差异常：采煤机_截割部位_右滚筒_电机_电流 偏高（残差 Z-score=5.5，实际=281.0 vs 预测=90.2）
162,2024-04-02 06:18:00,2024-04-02 06:20:00,3.0,割煤中位,IsolationForest; Mahalanobis; 单变量IQR+3σ; 残差,4.443,90,正常
163,2024-04-02 06:22:00,2024-04-02 06:25:00,4.0,割煤中位,IsolationForest; Mahalanobis; 单变量IQR+3σ; 残差,3.683,120,正常
164,2024-04-02 06:27:00,2024-04-02 06:30:00,4.0,待机-高位,IsolationForest; Mahalanobis; 单变量IQR+3σ; 残差,6115.636,120,Mahalanobis 距离=6115.6（阈值=18.5）。主要贡献特征：PC2 (85.5%); PC3 (13.9%)。
165,2024-04-02 06:37:00,2024-04-02 06:41:00,5.0,待机-高位,IsolationForest; Mahalanobis; 单变量IQR+3σ; 残差,26.694,150,Mahalanobis 距离=26.7（阈值=18.5）。主要贡献特征：PC2 (50.4%); PC3 (47.4%); PC4 (1.2%)。
166,2024-04-02 06:43:00,2024-04-02 06:45:00,3.0,割煤中位,IsolationForest; Mahalanobis; 单变量IQR+3σ; 残差,2.355,90,正常
167,2024-04-02 06:47:00,2024-04-02 06:51:00,5.0,待机,IsolationForest; Mahalanobis; 单变量IQR+3σ; 残差,5400.443,150,Mahalanobis 距离=5400.4（阈值=18.5）。主要贡献特征：PC2 (82.3%); PC3 (17.3%)。
168,2024-04-02 06:53:00,2024-04-02 06:53:00,1.0,调架中,IsolationForest; Mahalanobis; 单变量IQR+3σ; 残差,4.189,30,残差异常：采煤机_油泵_左电机_电流 偏高（残差 Z-score=4.2，实际=50.0 vs 预测=16.2）
169,2024-04-02 06:57:00,2024-04-02 07:00:00,4.0,割煤中位,IsolationForest; Mahalanobis; 单变量IQR+3σ; 残差,1.987,120,正常
170,2024-04-02 07:03:00,2024-04-02 07:03:00,1.0,割煤高位,IsolationForest; Mahalanobis; 单变量IQR+3σ; 残差,3.171,30,正常
171,2024-04-02 07:24:00,2024-04-02 07:24:00,1.0,待机-高位,IsolationForest; Mahalanobis; 单变量IQR+3σ; 残差,2644.535,30,Mahalanobis 距离=2644.5（阈值=18.5）。主要贡献特征：PC2 (72.1%); PC3 (27.8%)。
172,2024-04-02 07:28:00,2024-04-02 07:28:00,1.0,割煤高位,IsolationForest; Mahalanobis; 单变量IQR+3σ; 残差,2.859,30,正常
173,2024-04-02 07:30:00,2024-04-02 07:30:00,1.0,割煤高位,IsolationForest; Mahalanobis; 单变量IQR+3σ; 残差,3.317,30,正常
174,2024-04-02 07:34:00,2024-04-02 07:34:00,1.0,割煤高位,IsolationForest; Mahalanobis; 单变量IQR+3σ; 残差,5.661,30,正常
175,2024-04-02 07:39:00,2024-04-02 07:39:00,1.0,割煤高位,IsolationForest; Mahalanobis; 单变量IQR+3σ; 残差,1.305,30,正常
176,2024-04-02 07:43:00,2024-04-02 07:46:00,4.0,待机-高位,IsolationForest; Mahalanobis; 单变量IQR+3σ; 残差,2311.842,120,Mahalanobis 距离=2311.8（阈值=18.5）。主要贡献特征：PC2 (68.4%); PC3 (31.3%)。
177,2024-04-02 08:09:00,2024-04-02 08:11:00,3.0,调架中,IsolationForest; Mahalanobis; 单变量IQR+3σ; 残差,4.033,90,正常
178,2024-04-02 08:14:00,2024-04-02 08:16:00,3.0,待机,IsolationForest; Mahalanobis; 单变量IQR+3σ; 残差,3050.235,90,Mahalanobis 距离=3050.2（阈值=18.5）。主要贡献特征：PC2 (74.4%); PC3 (25.0%)。
179,2024-04-02 08:18:00,2024-04-02 08:19:00,2.0,割煤中位,IsolationForest; Mahalanobis; 单变量IQR+3σ; 残差,7.476,60,单变量异常：采煤机_油泵_左电机_电流（z-score=7.5，实际=67.0，均值=18.3±6.5）
180,2024-04-02 08:22:00,2024-04-02 08:25:00,4.0,待机-高位,IsolationForest; Mahalanobis; 单变量IQR+3σ; 残差,1980.047,120,Mahalanobis 距离=1980.0（阈值=18.5）。主要贡献特征：PC2 (66.9%); PC3 (32.3%)。
181,2024-04-02 08:35:00,2024-04-02 08:35:00,1.0,割煤中位,IsolationForest; Mahalanobis; 单变量IQR+3σ; 残差,6.983,30,残差异常：采煤机_油泵_右电机_电流 偏高（残差 Z-score=7.0，实际=61.0 vs 预测=17.6）
182,2024-04-02 08:40:00,2024-04-02 08:41:00,2.0,待机-高位,IsolationForest; Mahalanobis; 单变量IQR+3σ; 残差,1887.752,60,Mahalanobis 距离=1887.8（阈值=18.5）。主要贡献特征：PC2 (66.2%); PC3 (33.1%)。
183,2024-04-02 08:46:00,2024-04-02 08:46:00,1.0,割煤高位,IsolationForest; Mahalanobis; 单变量IQR+3σ; 残差,3.135,30,残差异常：采煤机_截割部位_右滚筒_电机_电流 偏高（残差 Z-score=3.1，实际=217.0 vs 预测=88.0）
184,2024-04-02 08:54:00,2024-04-02 08:54:00,1.0,调架中,IsolationForest; Mahalanobis; 单变量IQR+3σ; 残差,3.116,30,残差异常：采煤机_截割部位_右滚筒_电机_温度 偏高（残差 Z-score=3.1，实际=74.0 vs 预测=62.6）
185,2024-04-02 09:00:00,2024-04-02 09:00:00,1.0,待机-高位,IsolationForest; Mahalanobis; 单变量IQR+3σ; 残差,1688.014,30,Mahalanobis 距离=1688.0（阈值=18.5）。主要贡献特征：PC2 (61.3%); PC3 (38.7%)。
186,2024-04-02 09:07:00,2024-04-02 09:08:00,2.0,割煤中位,IsolationForest; Mahalanobis; 单变量IQR+3σ; 残差,2.267,60,正常
187,2024-04-02 09:10:00,2024-04-02 09:11:00,2.0,割煤中位,IsolationForest; Mahalanobis; 单变量IQR+3σ; 残差,5.326,60,单变量异常：采煤机_油泵_左电机_电流（z-score=5.3，实际=53.0，均值=18.3±6.5）
188,2024-04-02 09:28:00,2024-04-02 09:28:00,1.0,割煤中位,IsolationForest; Mahalanobis; 单变量IQR+3σ; 残差,1.466,30,正常
189,2024-04-02 09:30:00,2024-04-02 09:31:00,2.0,割煤中位,IsolationForest; Mahalanobis; 单变量IQR+3σ; 残差,2.97,60,正常
190,2024-04-02 09:41:00,2024-04-02 09:43:00,3.0,割煤中位,IsolationForest; Mahalanobis; 单变量IQR+3σ; 残差,5.173,90,正常
191,2024-04-02 09:47:00,2024-04-02 09:47:00,1.0,调架中,IsolationForest; Mahalanobis; 单变量IQR+3σ; 残差,4.71,30,残差异常：采煤机_油泵_左电机_电流 偏高（残差 Z-score=4.7，实际=55.0 vs 预测=17.0）
192,2024-04-02 09:50:00,2024-04-02 09:50:00,1.0,割煤中位,IsolationForest; Mahalanobis; 单变量IQR+3σ; 残差,4.866,30,正常
193,2024-04-02 09:56:00,2024-04-02 09:56:00,1.0,割煤中位,IsolationForest; Mahalanobis; 单变量IQR+3σ; 残差,3.71,30,残差异常：采煤机_截割部位_右滚筒_电机_电流 偏高（残差 Z-score=3.7，实际=197.0 vs 预测=67.6）
194,2024-04-02 09:58:00,2024-04-02 09:58:00,1.0,割煤中位,IsolationForest; Mahalanobis; 单变量IQR+3σ; 残差,5.908,30,正常
195,2024-04-02 10:06:00,2024-04-02 10:06:00,1.0,割煤高位,IsolationForest; Mahalanobis; 单变量IQR+3σ; 残差,3.888,30,正常
196,2024-04-02 10:14:00,2024-04-02 10:14:00,1.0,待机-高位,IsolationForest; Mahalanobis; 单变量IQR+3σ; 残差,2598.508,30,Mahalanobis 距离=2598.5（阈值=18.5）。主要贡献特征：PC2 (72.9%); PC3 (27.1%)。
197,2024-04-02 10:18:00,2024-04-02 10:19:00,2.0,待机-高位,IsolationForest; Mahalanobis; 单变量IQR+3σ; 残差,1730.163,60,Mahalanobis 距离=1730.2（阈值=18.5）。主要贡献特征：PC2 (65.7%); PC3 (33.6%)。
198,2024-04-02 10:33:00,2024-04-02 10:33:00,1.0,割煤高位,IsolationForest; Mahalanobis; 单变量IQR+3σ; 残差,3.655,30,正常
199,2024-04-02 10:36:00,2024-04-02 10:36:00,1.0,割煤中位,IsolationForest; Mahalanobis; 单变量IQR+3σ; 残差,3.336,30,残差异常：采煤机_截割部位_左滚筒_电机_电流 偏高（残差 Z-score=3.3，实际=234.0 vs 预测=93.8）
200,2024-04-02 10:43:00,2024-04-02 10:43:00,1.0,割煤高位,IsolationForest; Mahalanobis; 单变量IQR+3σ; 残差,3.432,30,残差异常：采煤机_截割部位_右滚筒_电机_电流 偏高（残差 Z-score=3.4，实际=205.0 vs 预测=63.8）
201,2024-04-02 10:48:00,2024-04-02 10:49:00,2.0,待机,IsolationForest; Mahalanobis; 单变量IQR+3σ; 残差,2479.363,60,Mahalanobis 距离=2479.4（阈值=18.5）。主要贡献特征：PC2 (74.6%); PC3 (24.9%)。
202,2024-04-02 10:51:00,2024-04-02 10:55:00,5.0,待机,IsolationForest; Mahalanobis; 单变量IQR+3σ; 残差,2277.096,150,Mahalanobis 距离=2277.1（阈值=18.5）。主要贡献特征：PC2 (90.9%); PC4 (6.7%); PC3 (2.4%)。
203,2024-04-02 13:36:00,2024-04-02 13:41:00,6.0,停机,IsolationForest; Mahalanobis; 单变量IQR+3σ; 残差,11387.887,180,Mahalanobis 距离=11387.9（阈值=18.5）。主要贡献特征：PC2 (89.5%); PC3 (10.4%)。
204,2024-04-02 13:51:00,2024-04-02 13:53:00,3.0,待机,IsolationForest; Mahalanobis; 单变量IQR+3σ; 残差,14.917,90,正常
205,2024-04-02 16:06:00,2024-04-02 16:06:00,1.0,待机,IsolationForest; Mahalanobis; 单变量IQR+3σ; 残差,18.408,30,正常
206,2024-04-02 16:09:00,2024-04-02 16:09:00,1.0,待机,IsolationForest; Mahalanobis; 单变量IQR+3σ; 残差,19.472,30,Mahalanobis 距离=19.5（阈值=18.5）。主要贡献特征：PC2 (81.6%); PC1 (10.0%); PC3 (7.5%)。
207,2024-04-02 16:13:00,2024-04-02 16:17:00,5.0,停机,IsolationForest; Mahalanobis; 单变量IQR+3σ; 残差,576.461,150,Mahalanobis 距离=576.5（阈值=18.5）。主要贡献特征：PC4 (76.9%); PC3 (18.7%); PC2 (4.4%)。
208,2024-04-02 16:20:00,2024-04-02 16:24:00,5.0,割煤中位,IsolationForest; Mahalanobis; 单变量IQR+3σ; 残差,3.772,150,正常
209,2024-04-02 16:26:00,2024-04-02 16:29:00,4.0,待机,IsolationForest; Mahalanobis; 单变量IQR+3σ; 残差,2424.071,120,Mahalanobis 距离=2424.1（阈值=18.5）。主要贡献特征：PC2 (68.7%); PC3 (29.7%); PC4 (1.6%)。
210,2024-04-02 16:31:00,2024-04-02 16:38:00,8.0,割煤中位,IsolationForest; Mahalanobis; 单变量IQR+3σ; 残差,3.788,240,正常
211,2024-04-02 16:44:00,2024-04-02 16:44:00,1.0,割煤高位,IsolationForest; Mahalanobis; 单变量IQR+3σ; 残差,4.929,30,正常
212,2024-04-02 16:52:00,2024-04-02 16:53:00,2.0,待机-高位,IsolationForest; Mahalanobis; 单变量IQR+3σ; 残差,7199.764,60,Mahalanobis 距离=7199.8（阈值=18.5）。主要贡献特征：PC2 (88.9%); PC3 (10.6%)。
213,2024-04-02 16:58:00,2024-04-02 17:03:00,6.0,割煤高位,IsolationForest; Mahalanobis; 单变量IQR+3σ; 残差,4.981,180,单变量异常：采煤机_截割部位_左滚筒_电机_电流（z-score=5.0，实际=305.0，均值=98.4±41.5）
214,2024-04-02 17:11:00,2024-04-02 17:13:00,3.0,割煤中位,IsolationForest; Mahalanobis; 单变量IQR+3σ; 残差,3.061,90,正常
215,2024-04-02 17:15:00,2024-04-02 17:19:00,5.0,割煤中位,IsolationForest; Mahalanobis; 单变量IQR+3σ; 残差,7.664,150,正常
216,2024-04-02 17:21:00,2024-04-02 17:23:00,3.0,割煤中位,IsolationForest; Mahalanobis; 单变量IQR+3σ; 残差,5.238,90,正常
217,2024-04-02 17:25:00,2024-04-02 17:27:00,3.0,割煤中位,IsolationForest; Mahalanobis; 单变量IQR+3σ; 残差,3.095,90,残差异常：采煤机_油泵_左电机_电流 偏高（残差 Z-score=3.1，实际=38.0 vs 预测=16.2）
218,2024-04-02 17:35:00,2024-04-02 17:38:00,4.0,割煤中位,IsolationForest; Mahalanobis; 单变量IQR+3σ; 残差,3.916,120,残差异常：采煤机_截割部位_左滚筒_电机_电流 偏高（残差 Z-score=3.9，实际=240.0 vs 预测=75.4）
219,2024-04-02 17:43:00,2024-04-02 17:49:00,7.0,割煤中位,IsolationForest; Mahalanobis; 单变量IQR+3σ; 残差,6.248,210,单变量异常：采煤机_油泵_左电机_电流（z-score=6.2，实际=59.0，均值=18.3±6.5）
220,2024-04-02 17:52:00,2024-04-02 17:54:00,3.0,割煤中位,IsolationForest; Mahalanobis; 单变量IQR+3σ; 残差,2.368,90,正常
221,2024-04-02 17:56:00,2024-04-02 17:58:00,3.0,割煤中位,IsolationForest; Mahalanobis; 单变量IQR+3σ; 残差,4.023,90,残差异常：采煤机_油泵_右电机_电流 偏高（残差 Z-score=4.0，实际=42.0 vs 预测=17.0）
222,2024-04-02 18:00:00,2024-04-02 18:00:00,1.0,割煤高位,IsolationForest; Mahalanobis; 单变量IQR+3σ; 残差,3.299,30,残差异常：采煤机_截割部位_左滚筒_电机_电流 偏高（残差 Z-score=3.3，实际=219.0 vs 预测=87.4）
223,2024-04-02 18:05:00,2024-04-02 18:10:00,6.0,待机-高位,IsolationForest; Mahalanobis; 单变量IQR+3σ; 残差,1602.595,180,Mahalanobis 距离=1602.6（阈值=18.5）。主要贡献特征：PC2 (58.9%); PC3 (41.1%)。
224,2024-04-02 18:17:00,2024-04-02 18:17:00,1.0,割煤高位,IsolationForest; Mahalanobis; 单变量IQR+3σ; 残差,6.101,30,正常
225,2024-04-02 18:19:00,2024-04-02 18:22:00,4.0,割煤高位,IsolationForest; Mahalanobis; 单变量IQR+3σ; 残差,6.833,120,正常
226,2024-04-02 18:30:00,2024-04-02 18:30:00,1.0,调架中,IsolationForest; Mahalanobis; 单变量IQR+3σ; 残差,13.716,30,正常
227,2024-04-02 18:33:00,2024-04-02 18:36:00,4.0,割煤中位,IsolationForest; Mahalanobis; 单变量IQR+3σ; 残差,12.2,120,正常
228,2024-04-02 18:38:00,2024-04-02 18:38:00,1.0,割煤中位,IsolationForest; Mahalanobis; 单变量IQR+3σ; 残差,1.417,30,正常
229,2024-04-02 18:40:00,2024-04-02 18:40:00,1.0,割煤中位,IsolationForest; Mahalanobis; 单变量IQR+3σ; 残差,1.554,30,正常
230,2024-04-02 18:42:00,2024-04-02 18:42:00,1.0,割煤中位,IsolationForest; Mahalanobis; 单变量IQR+3σ; 残差,3.118,30,正常
231,2024-04-02 18:44:00,2024-04-02 18:46:00,3.0,割煤中位,IsolationForest; Mahalanobis; 单变量IQR+3σ; 残差,3.13,90,正常
232,2024-04-02 18:50:00,2024-04-02 18:57:00,8.0,割煤中位,IsolationForest; Mahalanobis; 单变量IQR+3σ; 残差,5.149,240,残差异常：采煤机_油泵_右电机_电流 偏高（残差 Z-score=5.1，实际=49.0 vs 预测=17.0）
233,2024-04-02 19:02:00,2024-04-02 19:06:00,5.0,割煤中位,IsolationForest; Mahalanobis; 单变量IQR+3σ; 残差,3.14,150,正常
234,2024-04-02 19:08:00,2024-04-02 19:12:00,5.0,割煤高位,IsolationForest; Mahalanobis; 单变量IQR+3σ; 残差,4.273,150,残差异常：采煤机_油泵_右电机_电流 偏高（残差 Z-score=4.3，实际=48.0 vs 预测=16.4）
235,2024-04-02 19:19:00,2024-04-02 19:23:00,5.0,割煤中位,IsolationForest; Mahalanobis; 单变量IQR+3σ; 残差,3.017,150,正常
236,2024-04-02 19:37:00,2024-04-02 19:41:00,5.0,待机-高位,IsolationForest; Mahalanobis; 单变量IQR+3σ; 残差,2936.591,150,Mahalanobis 距离=2936.6（阈值=18.5）。主要贡献特征：PC2 (66.9%); PC3 (33.1%)。
237,2024-04-02 19:48:00,2024-04-02 19:49:00,2.0,割煤高位,IsolationForest; Mahalanobis; 单变量IQR+3σ; 残差,4.105,60,正常
238,2024-04-02 19:53:00,2024-04-02 19:54:00,2.0,待机-高位,IsolationForest; Mahalanobis; 单变量IQR+3σ; 残差,7782.939,60,Mahalanobis 距离=7782.9（阈值=18.5）。主要贡献特征：PC2 (85.7%); PC3 (13.7%)。
239,2024-04-02 19:59:00,2024-04-02 19:59:00,1.0,割煤高位,IsolationForest; Mahalanobis; 单变量IQR+3σ; 残差,5.222,30,正常
240,2024-04-02 20:07:00,2024-04-02 20:07:00,1.0,割煤高位,IsolationForest; Mahalanobis; 单变量IQR+3σ; 残差,3.054,30,残差异常：采煤机_截割部位_左滚筒_电机_电流 偏高（残差 Z-score=3.1，实际=219.0 vs 预测=97.2）
241,2024-04-02 20:10:00,2024-04-02 20:10:00,1.0,调架中,IsolationForest; Mahalanobis; 单变量IQR+3σ; 残差,1.904,30,正常
242,2024-04-02 20:17:00,2024-04-02 20:18:00,2.0,待机-高位,IsolationForest; Mahalanobis; 单变量IQR+3σ; 残差,1726.468,60,Mahalanobis 距离=1726.5（阈值=18.5）。主要贡献特征：PC2 (63.3%); PC3 (36.5%)。
243,2024-04-02 20:23:00,2024-04-02 20:25:00,3.0,割煤高位,IsolationForest; Mahalanobis; 单变量IQR+3σ; 残差,4.553,90,残差异常：采煤机_截割部位_左滚筒_电机_电流 偏高（残差 Z-score=4.6，实际=287.0 vs 预测=105.4）
244,2024-04-02 20:28:00,2024-04-02 20:28:00,1.0,割煤高位,IsolationForest; Mahalanobis; 单变量IQR+3σ; 残差,4.111,30,残差异常：采煤机_油泵_右电机_电流 偏高（残差 Z-score=4.1，实际=47.0 vs 预测=16.6）
245,2024-04-02 20:32:00,2024-04-02 20:32:00,1.0,割煤中位,IsolationForest; Mahalanobis; 单变量IQR+3σ; 残差,7.362,30,正常
246,2024-04-02 20:39:00,2024-04-02 20:41:00,3.0,待机-高位,IsolationForest; Mahalanobis; 单变量IQR+3σ; 残差,2969.364,90,Mahalanobis 距离=2969.4（阈值=18.5）。主要贡献特征：PC2 (69.6%); PC3 (30.2%)。
247,2024-04-02 20:43:00,2024-04-02 20:43:00,1.0,割煤中位,IsolationForest; Mahalanobis; 单变量IQR+3σ; 残差,4.277,30,残差异常：采煤机_截割部位_右滚筒_电机_电流 偏高（残差 Z-score=4.3，实际=230.0 vs 预测=80.8）
248,2024-04-02 20:47:00,2024-04-02 20:47:00,1.0,割煤高位,IsolationForest; Mahalanobis; 单变量IQR+3σ; 残差,4.416,30,正常
249,2024-04-02 20:51:00,2024-04-02 20:54:00,4.0,割煤高位,IsolationForest; Mahalanobis; 单变量IQR+3σ; 残差,5.368,120,正常
250,2024-04-02 21:02:00,2024-04-02 21:03:00,2.0,割煤中位,IsolationForest; Mahalanobis; 单变量IQR+3σ; 残差,3.155,60,残差异常：采煤机_破碎机_电机_电流 偏高（残差 Z-score=3.2，实际=35.0 vs 预测=0.0）
251,2024-04-02 21:05:00,2024-04-02 21:12:00,8.0,割煤中位,IsolationForest; Mahalanobis; 单变量IQR+3σ; 残差,5.229,240,正常
252,2024-04-02 21:14:00,2024-04-02 21:17:00,4.0,割煤中位,IsolationForest; Mahalanobis; 单变量IQR+3σ; 残差,4.614,120,正常
253,2024-04-02 21:19:00,2024-04-02 21:20:00,2.0,割煤中位,IsolationForest; Mahalanobis; 单变量IQR+3σ; 残差,3.403,60,正常
254,2024-04-02 21:24:00,2024-04-02 21:28:00,5.0,割煤中位,IsolationForest; Mahalanobis; 单变量IQR+3σ; 残差,3.294,150,残差异常：采煤机_油泵_左电机_电流 偏高（残差 Z-score=3.3，实际=39.0 vs 预测=15.8）
255,2024-04-02 21:30:00,2024-04-02 21:31:00,2.0,割煤中位,IsolationForest; Mahalanobis; 单变量IQR+3σ; 残差,2.653,60,正常
256,2024-04-02 21:33:00,2024-04-02 21:37:00,5.0,割煤中位,IsolationForest; Mahalanobis; 单变量IQR+3σ; 残差,2.344,150,正常
257,2024-04-02 21:39:00,2024-04-02 21:41:00,3.0,割煤中位,IsolationForest; Mahalanobis; 单变量IQR+3σ; 残差,1.832,90,正常
258,2024-04-02 21:45:00,2024-04-02 21:46:00,2.0,割煤中位,IsolationForest; Mahalanobis; 单变量IQR+3σ; 残差,5.181,60,残差异常：采煤机_油泵_右电机_电流 偏高（残差 Z-score=5.2，实际=49.0 vs 预测=16.8）
259,2024-04-02 21:48:00,2024-04-02 21:49:00,2.0,割煤高位,IsolationForest; Mahalanobis; 单变量IQR+3σ; 残差,4.019,60,正常
260,2024-04-02 21:52:00,2024-04-02 21:52:00,1.0,割煤高位,IsolationForest; Mahalanobis; 单变量IQR+3σ; 残差,3.624,30,残差异常：采煤机_油泵_右电机_电流 偏高（残差 Z-score=3.6，实际=43.0 vs 预测=16.2）
261,2024-04-02 21:59:00,2024-04-02 22:02:00,4.0,待机-高位,IsolationForest; Mahalanobis; 单变量IQR+3σ; 残差,2429.484,120,Mahalanobis 距离=2429.5（阈值=18.5）。主要贡献特征：PC2 (63.7%); PC3 (36.1%)。
262,2024-04-02 22:15:00,2024-04-02 22:16:00,2.0,割煤高位,IsolationForest; Mahalanobis; 单变量IQR+3σ; 残差,2.583,60,正常
263,2024-04-02 22:24:00,2024-04-02 22:24:00,1.0,割煤中位,IsolationForest; Mahalanobis; 单变量IQR+3σ; 残差,7.523,30,正常
264,2024-04-02 22:27:00,2024-04-02 22:27:00,1.0,割煤高位,IsolationForest; Mahalanobis; 单变量IQR+3σ; 残差,3.594,30,残差异常：采煤机_油泵_右电机_温度 偏高（残差 Z-score=3.6，实际=54.0 vs 预测=48.2）
265,2024-04-02 22:30:00,2024-04-02 22:30:00,1.0,割煤中位,IsolationForest; Mahalanobis; 单变量IQR+3σ; 残差,5.571,30,残差异常：采煤机_破碎机_电机_电流 偏高（残差 Z-score=5.6，实际=78.0 vs 预测=16.2）
266,2024-04-02 22:32:00,2024-04-02 22:33:00,2.0,割煤高位,IsolationForest; Mahalanobis; 单变量IQR+3σ; 残差,4.636,60,正常
267,2024-04-02 22:40:00,2024-04-02 22:42:00,3.0,割煤中位,IsolationForest; Mahalanobis; 单变量IQR+3σ; 残差,1.87,90,正常
268,2024-04-02 22:44:00,2024-04-02 22:55:00,12.0,待机,IsolationForest; Mahalanobis; 单变量IQR+3σ; 残差,2598.867,360,Mahalanobis 距离=2598.9（阈值=18.5）。主要贡献特征：PC2 (72.3%); PC3 (27.0%)。
269,2024-04-02 22:58:00,2024-04-02 22:58:00,1.0,割煤高位,IsolationForest; Mahalanobis; 单变量IQR+3σ; 残差,4.05,30,正常
270,2024-04-02 23:00:00,2024-04-02 23:01:00,2.0,割煤中位,IsolationForest; Mahalanobis; 单变量IQR+3σ; 残差,2.657,60,正常
271,2024-04-02 23:03:00,2024-04-02 23:07:00,5.0,割煤中位,IsolationForest; Mahalanobis; 单变量IQR+3σ; 残差,5.326,150,单变量异常：采煤机_油泵_左电机_电流（z-score=5.3，实际=53.0，均值=18.3±6.5）
272,2024-04-02 23:14:00,2024-04-02 23:21:00,8.0,割煤中位,IsolationForest; Mahalanobis; 单变量IQR+3σ; 残差,7.002,240,正常
273,2024-04-02 23:24:00,2024-04-02 23:24:00,1.0,割煤中位,IsolationForest; Mahalanobis; 单变量IQR+3σ; 残差,4.82,30,残差异常：采煤机_截割部位_左滚筒_电机_电流 偏高（残差 Z-score=4.8，实际=277.0 vs 预测=74.4）
274,2024-04-02 23:35:00,2024-04-02 23:37:00,3.0,待机-高位,IsolationForest; Mahalanobis; 单变量IQR+3σ; 残差,1906.047,90,Mahalanobis 距离=1906.0（阈值=18.5）。主要贡献特征：PC2 (67.0%); PC3 (32.7%)。
275,2024-04-02 23:39:00,2024-04-02 23:42:00,4.0,待机,IsolationForest; Mahalanobis; 单变量IQR+3σ; 残差,1828.003,120,Mahalanobis 距离=1828.0（阈值=18.5）。主要贡献特征：PC2 (83.5%); PC3 (15.9%)。
276,2024-04-02 23:44:00,2024-04-02 23:46:00,3.0,割煤中位,IsolationForest; Mahalanobis; 单变量IQR+3σ; 残差,3.82,90,正常
277,2024-04-02 23:52:00,2024-04-02 23:52:00,1.0,割煤中位,IsolationForest; Mahalanobis; 单变量IQR+3σ; 残差,4.215,30,正常
278,2024-04-03 00:12:00,2024-04-03 00:16:00,5.0,待机,IsolationForest; Mahalanobis; 单变量IQR+3σ; 残差,2661.38,150,Mahalanobis 距离=2661.4（阈值=18.5）。主要贡献特征：PC2 (70.9%); PC3 (29.0%)。
279,2024-04-03 00:18:00,2024-04-03 00:26:00,9.0,待机,IsolationForest; Mahalanobis; 单变量IQR+3σ; 残差,3536.676,270,Mahalanobis 距离=3536.7（阈值=18.5）。主要贡献特征：PC2 (62.0%); PC3 (37.4%)。
280,2024-04-03 00:29:00,2024-04-03 00:53:00,25.0,割煤中位,IsolationForest; Mahalanobis; 单变量IQR+3σ; 残差,7.743,750,残差异常：采煤机_截割部位_左滚筒_电机_温度 偏高（残差 Z-score=7.7，实际=103.0 vs 预测=82.6）
281,2024-04-03 00:56:00,2024-04-03 01:06:00,11.0,割煤中位,IsolationForest; Mahalanobis; 单变量IQR+3σ; 残差,4.402,330,残差异常：采煤机_截割部位_左滚筒_电机_温度 偏高（残差 Z-score=4.4，实际=99.0 vs 预测=87.4）
282,2024-04-03 01:08:00,2024-04-03 01:12:00,5.0,割煤中位,IsolationForest; Mahalanobis; 单变量IQR+3σ; 残差,3.136,150,残差异常：采煤机_截割部位_右滚筒_电机_电流 偏高（残差 Z-score=3.1，实际=174.0 vs 预测=64.6）
283,2024-04-03 01:21:00,2024-04-03 01:21:00,1.0,调架中,IsolationForest; Mahalanobis; 单变量IQR+3σ; 残差,1.766,30,正常
284,2024-04-03 01:26:00,2024-04-03 01:26:00,1.0,割煤高位,IsolationForest; Mahalanobis; 单变量IQR+3σ; 残差,7.028,30,正常
285,2024-04-03 01:36:00,2024-04-03 01:36:00,1.0,割煤中位,IsolationForest; Mahalanobis; 单变量IQR+3σ; 残差,7.323,30,正常
286,2024-04-03 01:38:00,2024-04-03 01:38:00,1.0,割煤高位,IsolationForest; Mahalanobis; 单变量IQR+3σ; 残差,2.709,30,正常
287,2024-04-03 01:45:00,2024-04-03 01:45:00,1.0,割煤中位,IsolationForest; Mahalanobis; 单变量IQR+3σ; 残差,3.205,30,残差异常：采煤机_牵引部位_右电机_电流 偏高（残差 Z-score=3.2，实际=190.0 vs 预测=94.4）
288,2024-04-03 01:47:00,2024-04-03 01:47:00,1.0,调架中,IsolationForest; Mahalanobis; 单变量IQR+3σ; 残差,3.258,30,残差异常：采煤机_牵引部位_右电机_电流 偏高（残差 Z-score=3.3，实际=190.0 vs 预测=35.2）
289,2024-04-03 02:01:00,2024-04-03 02:05:00,5.0,割煤中位,IsolationForest; Mahalanobis; 单变量IQR+3σ; 残差,3.791,150,单变量异常：采煤机_油泵_左电机_电流（z-score=3.8，实际=43.0，均值=18.3±6.5）
290,2024-04-03 02:20:00,2024-04-03 02:20:00,1.0,割煤中位,IsolationForest; Mahalanobis; 单变量IQR+3σ; 残差,3.94,30,正常
291,2024-04-03 02:42:00,2024-04-03 02:42:00,1.0,割煤高位,IsolationForest; Mahalanobis; 单变量IQR+3σ; 残差,3.171,30,正常
292,2024-04-03 02:45:00,2024-04-03 02:46:00,2.0,调架中,IsolationForest; Mahalanobis; 单变量IQR+3σ; 残差,3.222,60,残差异常：采煤机_油泵_左电机_电流 偏高（残差 Z-score=3.2，实际=43.0 vs 预测=17.0）
293,2024-04-03 02:57:00,2024-04-03 03:07:00,11.0,待机,IsolationForest; Mahalanobis; 单变量IQR+3σ; 残差,10016.316,330,Mahalanobis 距离=10016.3（阈值=18.5）。主要贡献特征：PC4 (48.8%); PC3 (35.3%); PC2 (15.9%)。
294,2024-04-03 03:09:00,2024-04-03 03:10:00,2.0,割煤中位,IsolationForest; Mahalanobis; 单变量IQR+3σ; 残差,4.04,60,正常
295,2024-04-03 03:14:00,2024-04-03 03:18:00,5.0,割煤中位,IsolationForest; Mahalanobis; 单变量IQR+3σ; 残差,2.394,150,正常
296,2024-04-03 03:28:00,2024-04-03 03:28:00,1.0,割煤中位,IsolationForest; Mahalanobis; 单变量IQR+3σ; 残差,6.275,30,残差异常：采煤机_油泵_右电机_电流 偏高（残差 Z-score=6.3，实际=56.0 vs 预测=17.0）
297,2024-04-03 03:45:00,2024-04-03 03:46:00,2.0,待机-高位,IsolationForest; Mahalanobis; 单变量IQR+3σ; 残差,2822.7,60,Mahalanobis 距离=2822.7（阈值=18.5）。主要贡献特征：PC2 (69.6%); PC3 (30.4%)。
298,2024-04-03 03:48:00,2024-04-03 03:48:00,1.0,调架中,IsolationForest; Mahalanobis; 单变量IQR+3σ; 残差,3.073,30,残差异常：采煤机_牵引部位_右电机_电流 偏高（残差 Z-score=3.1，实际=146.0 vs 预测=0.0）
299,2024-04-03 03:51:00,2024-04-03 03:51:00,1.0,割煤高位,IsolationForest; Mahalanobis; 单变量IQR+3σ; 残差,3.159,30,残差异常：采煤机_截割部位_右滚筒_电机_电流 偏高（残差 Z-score=3.2，实际=209.0 vs 预测=79.0）
300,2024-04-03 03:54:00,2024-04-03 03:54:00,1.0,割煤高位,IsolationForest; Mahalanobis; 单变量IQR+3σ; 残差,3.607,30,正常
301,2024-04-03 03:59:00,2024-04-03 03:59:00,1.0,割煤中位,IsolationForest; Mahalanobis; 单变量IQR+3σ; 残差,3.198,30,正常
302,2024-04-03 04:01:00,2024-04-03 04:01:00,1.0,割煤高位,IsolationForest; Mahalanobis; 单变量IQR+3σ; 残差,3.78,30,正常
303,2024-04-03 04:33:00,2024-04-03 04:33:00,1.0,割煤中位,IsolationForest; Mahalanobis; 单变量IQR+3σ; 残差,6.629,30,残差异常：采煤机_油泵_右电机_电流 偏高（残差 Z-score=6.6，实际=58.0 vs 预测=16.8）
304,2024-04-03 04:35:00,2024-04-03 04:38:00,4.0,割煤中位,IsolationForest; Mahalanobis; 单变量IQR+3σ; 残差,5.019,120,单变量异常：采煤机_油泵_左电机_电流（z-score=5.0，实际=51.0，均值=18.3±6.5）
305,2024-04-03 04:43:00,2024-04-03 04:43:00,1.0,割煤高位,IsolationForest; Mahalanobis; 单变量IQR+3σ; 残差,4.489,30,正常
306,2024-04-03 04:47:00,2024-04-03 04:49:00,3.0,割煤中位,IsolationForest; Mahalanobis; 单变量IQR+3σ; 残差,2.871,90,正常
307,2024-04-03 04:51:00,2024-04-03 04:53:00,3.0,割煤中位,IsolationForest; Mahalanobis; 单变量IQR+3σ; 残差,2.766,90,正常
308,2024-04-03 05:05:00,2024-04-03 05:09:00,5.0,割煤中位,IsolationForest; Mahalanobis; 单变量IQR+3σ; 残差,9.444,150,正常
309,2024-04-03 05:12:00,2024-04-03 05:12:00,1.0,割煤高位,IsolationForest; Mahalanobis; 单变量IQR+3σ; 残差,4.253,30,正常
310,2024-04-03 05:16:00,2024-04-03 05:16:00,1.0,割煤中位,IsolationForest; Mahalanobis; 单变量IQR+3σ; 残差,6.597,30,残差异常：采煤机_油泵_右电机_电流 偏高（残差 Z-score=6.6，实际=58.0 vs 预测=17.0）
311,2024-04-03 05:18:00,2024-04-03 05:18:00,1.0,割煤高位,IsolationForest; Mahalanobis; 单变量IQR+3σ; 残差,4.743,30,正常
312,2024-04-03 05:20:00,2024-04-03 05:20:00,1.0,调架中,IsolationForest; Mahalanobis; 单变量IQR+3σ; 残差,4.453,30,正常
313,2024-04-03 05:23:00,2024-04-03 05:23:00,1.0,待机-高位,IsolationForest; Mahalanobis; 单变量IQR+3σ; 残差,3864.441,30,Mahalanobis 距离=3864.4（阈值=18.5）。主要贡献特征：PC2 (77.8%); PC3 (22.0%)。
314,2024-04-03 05:26:00,2024-04-03 05:26:00,1.0,割煤中位,IsolationForest; Mahalanobis; 单变量IQR+3σ; 残差,3.067,30,残差异常：采煤机_油泵_左电机_电流 偏高（残差 Z-score=3.1，实际=38.0 vs 预测=16.4）
315,2024-04-03 05:28:00,2024-04-03 05:28:00,1.0,割煤中位,IsolationForest; Mahalanobis; 单变量IQR+3σ; 残差,5.387,30,正常
316,2024-04-03 05:46:00,2024-04-03 05:46:00,1.0,割煤中位,IsolationForest; Mahalanobis; 单变量IQR+3σ; 残差,5.728,30,残差异常：采煤机_油泵_右电机_电流 偏高（残差 Z-score=5.7，实际=53.0 vs 预测=17.4）
317,2024-04-03 05:50:00,2024-04-03 05:52:00,3.0,割煤高位,IsolationForest; Mahalanobis; 单变量IQR+3σ; 残差,1.839,90,正常
318,2024-04-03 06:04:00,2024-04-03 06:04:00,1.0,割煤高位,IsolationForest; Mahalanobis; 单变量IQR+3σ; 残差,6.194,30,残差异常：采煤机_油泵_右电机_电流 偏高（残差 Z-score=6.2，实际=63.0 vs 预测=17.2）
319,2024-04-03 06:11:00,2024-04-03 06:11:00,1.0,割煤高位,IsolationForest; Mahalanobis; 单变量IQR+3σ; 残差,4.868,30,残差异常：采煤机_油泵_右电机_电流 偏高（残差 Z-score=4.9，实际=53.0 vs 预测=17.0）
320,2024-04-03 06:14:00,2024-04-03 06:14:00,1.0,割煤中位,IsolationForest; Mahalanobis; 单变量IQR+3σ; 残差,7.53,30,残差异常：采煤机_油泵_右电机_电流 偏高（残差 Z-score=7.5，实际=64.0 vs 预测=17.2）
321,2024-04-03 06:20:00,2024-04-03 06:25:00,6.0,待机,IsolationForest; Mahalanobis; 单变量IQR+3σ; 残差,8909.886,180,Mahalanobis 距离=8909.9（阈值=18.5）。主要贡献特征：PC2 (93.3%); PC3 (6.2%)。
322,2024-04-03 06:42:00,2024-04-03 06:42:00,1.0,割煤中位,IsolationForest; Mahalanobis; 单变量IQR+3σ; 残差,3.307,30,残差异常：采煤机_截割部位_左滚筒_电机_电流 偏高（残差 Z-score=3.3，实际=219.0 vs 预测=80.0）
323,2024-04-03 06:53:00,2024-04-03 06:53:00,1.0,割煤中位,IsolationForest; Mahalanobis; 单变量IQR+3σ; 残差,6.307,30,残差异常：采煤机_油泵_右电机_电流 偏高（残差 Z-score=6.3，实际=57.0 vs 预测=17.8）
324,2024-04-03 06:56:00,2024-04-03 06:56:00,1.0,割煤中位,IsolationForest; Mahalanobis; 单变量IQR+3σ; 残差,3.231,30,正常
325,2024-04-03 06:58:00,2024-04-03 06:58:00,1.0,割煤高位,IsolationForest; Mahalanobis; 单变量IQR+3σ; 残差,4.459,30,正常
326,2024-04-03 07:00:00,2024-04-03 07:00:00,1.0,割煤中位,IsolationForest; Mahalanobis; 单变量IQR+3σ; 残差,5.585,30,正常
327,2024-04-03 07:03:00,2024-04-03 07:03:00,1.0,割煤中位,IsolationForest; Mahalanobis; 单变量IQR+3σ; 残差,4.268,30,残差异常：采煤机_截割部位_左滚筒_电机_电流 偏高（残差 Z-score=4.3，实际=267.0 vs 预测=87.6）
328,2024-04-03 07:05:00,2024-04-03 07:06:00,2.0,待机-高位,IsolationForest; Mahalanobis; 单变量IQR+3σ; 残差,1583.679,60,Mahalanobis 距离=1583.7（阈值=18.5）。主要贡献特征：PC2 (55.5%); PC3 (43.8%)。
329,2024-04-03 07:35:00,2024-04-03 07:35:00,1.0,割煤中位,IsolationForest; Mahalanobis; 单变量IQR+3σ; 残差,4.024,30,残差异常：采煤机_牵引部位_右电机_电流 偏高（残差 Z-score=4.0，实际=235.0 vs 预测=115.0）
330,2024-04-03 07:39:00,2024-04-03 07:42:00,4.0,待机-高位,IsolationForest; Mahalanobis; 单变量IQR+3σ; 残差,3507.237,120,Mahalanobis 距离=3507.2（阈值=18.5）。主要贡献特征：PC2 (69.3%); PC3 (30.5%)。
331,2024-04-03 07:46:00,2024-04-03 07:47:00,2.0,割煤高位,IsolationForest; Mahalanobis; 单变量IQR+3σ; 残差,3.655,60,正常
332,2024-04-03 07:50:00,2024-04-03 07:50:00,1.0,割煤高位,IsolationForest; Mahalanobis; 单变量IQR+3σ; 残差,3.716,30,正常
333,2024-04-03 07:52:00,2024-04-03 07:52:00,1.0,待机-高位,IsolationForest; Mahalanobis; 单变量IQR+3σ; 残差,2131.906,30,Mahalanobis 距离=2131.9（阈值=18.5）。主要贡献特征：PC2 (63.2%); PC3 (36.2%)。
334,2024-04-03 07:55:00,2024-04-03 08:06:00,12.0,割煤高位,IsolationForest; Mahalanobis; 单变量IQR+3σ; 残差,6.085,360,残差异常：采煤机_油泵_右电机_电流 偏高（残差 Z-score=6.1，实际=62.0 vs 预测=17.0）
335,2024-04-03 08:08:00,2024-04-03 08:08:00,1.0,割煤中位,IsolationForest; Mahalanobis; 单变量IQR+3σ; 残差,2.929,30,正常
336,2024-04-03 08:10:00,2024-04-03 08:10:00,1.0,调架中,IsolationForest; Mahalanobis; 单变量IQR+3σ; 残差,4.61,30,残差异常：采煤机_油泵_左电机_电流 偏高（残差 Z-score=4.6，实际=54.0 vs 预测=16.8）
337,2024-04-03 08:12:00,2024-04-03 08:13:00,2.0,割煤中位,IsolationForest; Mahalanobis; 单变量IQR+3σ; 残差,5.921,60,残差异常：采煤机_油泵_右电机_电流 偏高（残差 Z-score=5.9，实际=54.0 vs 预测=17.2）
338,2024-04-03 08:15:00,2024-04-03 08:15:00,1.0,割煤中位,IsolationForest; Mahalanobis; 单变量IQR+3σ; 残差,6.716,30,正常
339,2024-04-03 08:20:00,2024-04-03 08:20:00,1.0,割煤中位,IsolationForest; Mahalanobis; 单变量IQR+3σ; 残差,7.039,30,正常
340,2024-04-03 08:22:00,2024-04-03 08:23:00,2.0,割煤中位,IsolationForest; Mahalanobis; 单变量IQR+3σ; 残差,2.596,60,正常
341,2024-04-03 08:25:00,2024-04-03 08:25:00,1.0,割煤中位,IsolationForest; Mahalanobis; 单变量IQR+3σ; 残差,1.546,30,正常
342,2024-04-03 08:28:00,2024-04-03 08:31:00,4.0,待机-高位,IsolationForest; Mahalanobis; 单变量IQR+3σ; 残差,3570.639,120,Mahalanobis 距离=3570.6（阈值=18.5）。主要贡献特征：PC2 (80.2%); PC3 (19.6%)。
343,2024-04-03 08:34:00,2024-04-03 08:37:00,4.0,割煤高位,IsolationForest; Mahalanobis; 单变量IQR+3σ; 残差,6.112,120,残差异常：采煤机_油泵_右电机_电流 偏高（残差 Z-score=6.1，实际=62.0 vs 预测=16.8）
344,2024-04-03 08:50:00,2024-04-03 08:52:00,3.0,待机-高位,IsolationForest; Mahalanobis; 单变量IQR+3σ; 残差,3510.599,90,Mahalanobis 距离=3510.6（阈值=18.5）。主要贡献特征：PC2 (80.1%); PC3 (19.4%)。
345,2024-04-03 08:59:00,2024-04-03 08:59:00,1.0,割煤高位,IsolationForest; Mahalanobis; 单变量IQR+3σ; 残差,6.154,30,正常
346,2024-04-03 09:08:00,2024-04-03 09:09:00,2.0,待机,IsolationForest; Mahalanobis; 单变量IQR+3σ; 残差,3533.781,60,Mahalanobis 距离=3533.8（阈值=18.5）。主要贡献特征：PC2 (82.2%); PC3 (17.8%)。
347,2024-04-03 09:20:00,2024-04-03 09:22:00,3.0,割煤中位,IsolationForest; Mahalanobis; 单变量IQR+3σ; 残差,5.941,90,单变量异常：采煤机_油泵_左电机_电流（z-score=5.9，实际=57.0，均值=18.3±6.5）
348,2024-04-03 09:24:00,2024-04-03 09:24:00,1.0,割煤中位,IsolationForest; Mahalanobis; 单变量IQR+3σ; 残差,2.696,30,正常
349,2024-04-03 09:30:00,2024-04-03 09:31:00,2.0,待机,IsolationForest; Mahalanobis; 单变量IQR+3σ; 残差,3606.624,60,Mahalanobis 距离=3606.6（阈值=18.5）。主要贡献特征：PC2 (78.2%); PC3 (21.5%)。
350,2024-04-03 09:34:00,2024-04-03 09:34:00,1.0,割煤高位,IsolationForest; Mahalanobis; 单变量IQR+3σ; 残差,4.343,30,正常
351,2024-04-03 09:40:00,2024-04-03 09:42:00,3.0,割煤中位,IsolationForest; Mahalanobis; 单变量IQR+3σ; 残差,3.907,90,正常
352,2024-04-03 09:44:00,2024-04-03 09:44:00,1.0,割煤高位,IsolationForest; Mahalanobis; 单变量IQR+3σ; 残差,4.192,30,残差异常：采煤机_油泵_右电机_电流 偏高（残差 Z-score=4.2，实际=48.0 vs 预测=17.0）
353,2024-04-03 09:47:00,2024-04-03 09:49:00,3.0,割煤高位,IsolationForest; Mahalanobis; 单变量IQR+3σ; 残差,2.742,90,正常
354,2024-04-03 09:55:00,2024-04-03 10:03:00,9.0,待机,IsolationForest; Mahalanobis; 单变量IQR+3σ; 残差,2996.5,270,Mahalanobis 距离=2996.5（阈值=18.5）。主要贡献特征：PC2 (77.2%); PC3 (22.6%)。
355,2024-04-03 13:59:00,2024-04-03 14:06:00,8.0,待机,IsolationForest; Mahalanobis; 单变量IQR+3σ; 残差,101.699,240,Mahalanobis 距离=101.7（阈值=18.5）。主要贡献特征：PC3 (55.7%); PC2 (36.7%); PC4 (7.5%)。
356,2024-04-03 15:27:00,2024-04-03 15:27:00,1.0,待机,IsolationForest; Mahalanobis; 单变量IQR+3σ; 残差,19.183,30,Mahalanobis 距离=19.2（阈值=18.5）。主要贡献特征：PC2 (82.5%); PC1 (10.5%); PC3 (3.8%)。
357,2024-04-03 15:30:00,2024-04-03 15:31:00,2.0,待机,IsolationForest; Mahalanobis; 单变量IQR+3σ; 残差,20.386,60,Mahalanobis 距离=20.4（阈值=18.5）。主要贡献特征：PC2 (84.9%); PC3 (8.7%); PC1 (3.6%)。
358,2024-04-03 16:25:00,2024-04-03 16:40:00,16.0,待机,IsolationForest; Mahalanobis; 单变量IQR+3σ; 残差,15.307,480,正常
359,2024-04-03 16:56:00,2024-04-03 16:58:00,3.0,割煤中位,IsolationForest; Mahalanobis; 单变量IQR+3σ; 残差,4.453,90,正常
360,2024-04-03 17:01:00,2024-04-03 17:07:00,7.0,待机-高位,IsolationForest; Mahalanobis; 单变量IQR+3σ; 残差,1348.973,210,Mahalanobis 距离=1349.0（阈值=18.5）。主要贡献特征：PC2 (55.2%); PC3 (44.7%)。
361,2024-04-03 17:13:00,2024-04-03 17:17:00,5.0,割煤高位,IsolationForest; Mahalanobis; 单变量IQR+3σ; 残差,3.659,150,正常
362,2024-04-03 17:27:00,2024-04-03 17:27:00,1.0,割煤中位,IsolationForest; Mahalanobis; 单变量IQR+3σ; 残差,5.633,30,正常
363,2024-04-03 17:35:00,2024-04-03 17:35:00,1.0,割煤中位,IsolationForest; Mahalanobis; 单变量IQR+3σ; 残差,3.606,30,残差异常：采煤机_破碎机_电机_电流 偏高（残差 Z-score=3.6，实际=40.0 vs 预测=0.0）
364,2024-04-03 17:40:00,2024-04-03 17:41:00,2.0,割煤中位,IsolationForest; Mahalanobis; 单变量IQR+3σ; 残差,5.941,60,正常
365,2024-04-03 17:57:00,2024-04-03 18:00:00,4.0,待机,IsolationForest; Mahalanobis; 单变量IQR+3σ; 残差,4637.454,120,Mahalanobis 距离=4637.5（阈值=18.5）。主要贡献特征：PC2 (77.0%); PC3 (22.4%)。
366,2024-04-03 18:18:00,2024-04-03 18:20:00,3.0,割煤中位,IsolationForest; Mahalanobis; 单变量IQR+3σ; 残差,4.196,90,正常
367,2024-04-03 18:27:00,2024-04-03 18:28:00,2.0,待机,IsolationForest; Mahalanobis; 单变量IQR+3σ; 残差,5094.373,60,Mahalanobis 距离=5094.4（阈值=18.5）。主要贡献特征：PC2 (79.6%); PC3 (20.0%)。
368,2024-04-03 18:34:00,2024-04-03 18:35:00,2.0,待机,IsolationForest; Mahalanobis; 单变量IQR+3σ; 残差,5477.967,60,Mahalanobis 距离=5478.0（阈值=18.5）。主要贡献特征：PC2 (82.4%); PC3 (17.5%)。
369,2024-04-03 18:39:00,2024-04-03 18:41:00,3.0,待机,IsolationForest; Mahalanobis; 单变量IQR+3σ; 残差,2280.802,90,Mahalanobis 距离=2280.8（阈值=18.5）。主要贡献特征：PC2 (73.1%); PC3 (26.6%)。
370,2024-04-03 18:44:00,2024-04-03 18:44:00,1.0,割煤中位,IsolationForest; Mahalanobis; 单变量IQR+3σ; 残差,3.061,30,正常
371,2024-04-03 18:51:00,2024-04-03 18:51:00,1.0,割煤高位,IsolationForest; Mahalanobis; 单变量IQR+3σ; 残差,4.636,30,正常
372,2024-04-03 19:05:00,2024-04-03 19:05:00,1.0,割煤中位,IsolationForest; Mahalanobis; 单变量IQR+3σ; 残差,3.733,30,正常
373,2024-04-03 19:14:00,2024-04-03 19:14:00,1.0,割煤中位,IsolationForest; Mahalanobis; 单变量IQR+3σ; 残差,5.76,30,残差异常：采煤机_油泵_右电机_电流 偏高（残差 Z-score=5.8，实际=53.0 vs 预测=17.2）
374,2024-04-03 19:18:00,2024-04-03 19:21:00,4.0,待机-高位,IsolationForest; Mahalanobis; 单变量IQR+3σ; 残差,1941.861,120,Mahalanobis 距离=1941.9（阈值=18.5）。主要贡献特征：PC2 (63.1%); PC3 (36.9%)。
375,2024-04-03 19:23:00,2024-04-03 19:23:00,1.0,割煤高位,IsolationForest; Mahalanobis; 单变量IQR+3σ; 残差,3.468,30,残差异常：采煤机_牵引部位_左电机_电流 偏高（残差 Z-score=3.5，实际=226.0 vs 预测=117.6）
376,2024-04-03 19:29:00,2024-04-03 19:29:00,1.0,待机,IsolationForest; Mahalanobis; 单变量IQR+3σ; 残差,5169.503,30,Mahalanobis 距离=5169.5（阈值=18.5）。主要贡献特征：PC2 (78.4%); PC3 (21.5%)。
377,2024-04-03 19:33:00,2024-04-03 19:33:00,1.0,待机,IsolationForest; Mahalanobis; 单变量IQR+3σ; 残差,1226.145,30,Mahalanobis 距离=1226.1（阈值=18.5）。主要贡献特征：PC2 (61.5%); PC3 (38.0%)。
378,2024-04-03 19:40:00,2024-04-03 19:40:00,1.0,割煤高位,IsolationForest; Mahalanobis; 单变量IQR+3σ; 残差,4.065,30,正常
379,2024-04-03 19:45:00,2024-04-03 19:45:00,1.0,割煤高位,IsolationForest; Mahalanobis; 单变量IQR+3σ; 残差,1.414,30,正常
380,2024-04-03 20:04:00,2024-04-03 20:05:00,2.0,待机-高位,IsolationForest; Mahalanobis; 单变量IQR+3σ; 残差,1519.668,60,Mahalanobis 距离=1519.7（阈值=18.5）。主要贡献特征：PC2 (61.8%); PC3 (38.2%)。
381,2024-04-03 20:11:00,2024-04-03 20:12:00,2.0,割煤中位,IsolationForest; Mahalanobis; 单变量IQR+3σ; 残差,7.039,60,正常
382,2024-04-03 20:14:00,2024-04-03 20:14:00,1.0,割煤中位,IsolationForest; Mahalanobis; 单变量IQR+3σ; 残差,1.352,30,正常
383,2024-04-03 20:23:00,2024-04-03 20:23:00,1.0,割煤高位,IsolationForest; Mahalanobis; 单变量IQR+3σ; 残差,4.489,30,正常
384,2024-04-03 20:33:00,2024-04-03 20:33:00,1.0,调架中,IsolationForest; Mahalanobis; 单变量IQR+3σ; 残差,3.421,30,残差异常：采煤机_油泵_左电机_电流 偏高（残差 Z-score=3.4，实际=44.0 vs 预测=16.4）
385,2024-04-03 20:40:00,2024-04-03 20:40:00,1.0,割煤高位,IsolationForest; Mahalanobis; 单变量IQR+3σ; 残差,1.591,30,正常
386,2024-04-03 20:50:00,2024-04-03 20:55:00,6.0,待机-高位,IsolationForest; Mahalanobis; 单变量IQR+3σ; 残差,1797.029,180,Mahalanobis 距离=1797.0（阈值=18.5）。主要贡献特征：PC2 (64.2%); PC3 (35.0%)。
387,2024-04-03 21:00:00,2024-04-03 21:00:00,1.0,割煤中位,IsolationForest; Mahalanobis; 单变量IQR+3σ; 残差,3.464,30,残差异常：采煤机_截割部位_左滚筒_电机_电流 偏高（残差 Z-score=3.5，实际=207.0 vs 预测=61.4）
388,2024-04-03 21:03:00,2024-04-03 21:06:00,4.0,待机-高位,IsolationForest; Mahalanobis; 单变量IQR+3σ; 残差,4687.929,120,Mahalanobis 距离=4687.9（阈值=18.5）。主要贡献特征：PC2 (75.1%); PC3 (24.8%)。
389,2024-04-03 21:37:00,2024-04-03 21:42:00,6.0,待机,IsolationForest; Mahalanobis; 单变量IQR+3σ; 残差,2695.622,180,Mahalanobis 距离=2695.6（阈值=18.5）。主要贡献特征：PC2 (76.9%); PC3 (22.3%)。
390,2024-04-03 21:47:00,2024-04-03 21:47:00,1.0,割煤中位,IsolationForest; Mahalanobis; 单变量IQR+3σ; 残差,3.439,30,正常
391,2024-04-03 21:56:00,2024-04-03 21:56:00,1.0,割煤中位,IsolationForest; Mahalanobis; 单变量IQR+3σ; 残差,3.257,30,残差异常：采煤机_截割部位_右滚筒_电机_电流 偏高（残差 Z-score=3.3，实际=203.0 vs 预测=89.4）
392,2024-04-03 22:00:00,2024-04-03 22:00:00,1.0,割煤高位,IsolationForest; Mahalanobis; 单变量IQR+3σ; 残差,4.196,30,正常
393,2024-04-03 22:11:00,2024-04-03 22:11:00,1.0,割煤高位,IsolationForest; Mahalanobis; 单变量IQR+3σ; 残差,5.544,30,残差异常：采煤机_油泵_右电机_电流 偏高（残差 Z-score=5.5，实际=58.0 vs 预测=17.0）
394,2024-04-03 22:16:00,2024-04-03 22:16:00,1.0,割煤中位,IsolationForest; Mahalanobis; 单变量IQR+3σ; 残差,4.491,30,正常
395,2024-04-03 22:18:00,2024-04-03 22:18:00,1.0,待机,IsolationForest; Mahalanobis; 单变量IQR+3σ; 残差,3216.332,30,Mahalanobis 距离=3216.3（阈值=18.5）。主要贡献特征：PC2 (54.1%); PC3 (43.5%); PC4 (2.4%)。
396,2024-04-03 22:29:00,2024-04-03 22:30:00,2.0,割煤中位,IsolationForest; Mahalanobis; 单变量IQR+3σ; 残差,3.733,60,单变量异常：采煤机_截割部位_左滚筒_电机_电流（z-score=3.7，实际=258.0，均值=95.5±43.5）
397,2024-04-03 22:32:00,2024-04-03 22:32:00,1.0,割煤中位,IsolationForest; Mahalanobis; 单变量IQR+3σ; 残差,3.874,30,正常
398,2024-04-03 22:34:00,2024-04-03 22:34:00,1.0,割煤高位,IsolationForest; Mahalanobis; 单变量IQR+3σ; 残差,3.27,30,残差异常：采煤机_截割部位_左滚筒_电机_温度 偏高（残差 Z-score=3.3，实际=85.0 vs 预测=75.6）
399,2024-04-03 22:37:00,2024-04-03 22:37:00,1.0,调架中,IsolationForest; Mahalanobis; 单变量IQR+3σ; 残差,2.074,30,正常
400,2024-04-03 22:40:00,2024-04-03 22:41:00,2.0,调架中,IsolationForest; Mahalanobis; 单变量IQR+3σ; 残差,5.985,60,正常
401,2024-04-03 22:44:00,2024-04-03 22:48:00,5.0,待机,IsolationForest; Mahalanobis; 单变量IQR+3σ; 残差,1520.729,150,Mahalanobis 距离=1520.7（阈值=18.5）。主要贡献特征：PC2 (59.3%); PC3 (40.7%)。
402,2024-04-03 22:55:00,2024-04-03 22:55:00,1.0,割煤高位,IsolationForest; Mahalanobis; 单变量IQR+3σ; 残差,2.389,30,正常
403,2024-04-03 22:58:00,2024-04-03 22:59:00,2.0,调架中,IsolationForest; Mahalanobis; 单变量IQR+3σ; 残差,1.594,60,正常
404,2024-04-03 23:01:00,2024-04-03 23:02:00,2.0,待机-高位,IsolationForest; Mahalanobis; 单变量IQR+3σ; 残差,1420.341,60,Mahalanobis 距离=1420.3（阈值=18.5）。主要贡献特征：PC2 (61.4%); PC3 (38.3%)。
405,2024-04-03 23:04:00,2024-04-03 23:04:00,1.0,调架中,IsolationForest; Mahalanobis; 单变量IQR+3σ; 残差,1.214,30,正常
406,2024-04-03 23:09:00,2024-04-03 23:09:00,1.0,割煤高位,IsolationForest; Mahalanobis; 单变量IQR+3σ; 残差,1.385,30,正常
407,2024-04-03 23:11:00,2024-04-03 23:11:00,1.0,割煤中位,IsolationForest; Mahalanobis; 单变量IQR+3σ; 残差,1.682,30,正常
408,2024-04-03 23:19:00,2024-04-03 23:19:00,1.0,割煤高位,IsolationForest; Mahalanobis; 单变量IQR+3σ; 残差,3.813,30,残差异常：采煤机_油泵_右电机_电流 偏高（残差 Z-score=3.8，实际=46.0 vs 预测=17.8）
409,2024-04-03 23:24:00,2024-04-03 23:24:00,1.0,割煤中位,IsolationForest; Mahalanobis; 单变量IQR+3σ; 残差,5.633,30,正常
410,2024-04-03 23:27:00,2024-04-03 23:32:00,6.0,割煤中位,IsolationForest; Mahalanobis; 单变量IQR+3σ; 残差,21.233,180,Mahalanobis 距离=21.2（阈值=18.5）。主要贡献特征：PC2 (83.6%); PC3 (13.6%); PC1 (2.5%)。
411,2024-04-03 23:49:00,2024-04-03 23:50:00,2.0,待机-高位,IsolationForest; Mahalanobis; 单变量IQR+3σ; 残差,4101.331,60,Mahalanobis 距离=4101.3（阈值=18.5）。主要贡献特征：PC2 (77.5%); PC3 (22.1%)。
412,2024-04-03 23:52:00,2024-04-03 23:52:00,1.0,待机-高位,IsolationForest; Mahalanobis; 单变量IQR+3σ; 残差,3138.828,30,Mahalanobis 距离=3138.8（阈值=18.5）。主要贡献特征：PC2 (79.6%); PC3 (20.4%)。
413,2024-04-03 23:56:00,2024-04-03 23:56:00,1.0,待机-高位,IsolationForest; Mahalanobis; 单变量IQR+3σ; 残差,3627.756,30,Mahalanobis 距离=3627.8（阈值=18.5）。主要贡献特征：PC2 (81.4%); PC3 (18.6%)。
414,2024-04-03 23:58:00,2024-04-03 23:58:00,1.0,割煤高位,IsolationForest; Mahalanobis; 单变量IQR+3σ; 残差,4.277,30,正常
415,2024-04-04 00:00:00,2024-04-04 00:03:00,4.0,待机,IsolationForest; Mahalanobis; 单变量IQR+3σ; 残差,8369.574,120,Mahalanobis 距离=8369.6（阈值=18.5）。主要贡献特征：PC2 (90.0%); PC3 (9.4%)。
416,2024-04-04 00:21:00,2024-04-04 00:23:00,3.0,割煤高位,IsolationForest; Mahalanobis; 单变量IQR+3σ; 残差,4.998,90,正常
417,2024-04-04 00:25:00,2024-04-04 00:25:00,1.0,割煤中位,IsolationForest; Mahalanobis; 单变量IQR+3σ; 残差,5.921,30,残差异常：采煤机_油泵_右电机_电流 偏高（残差 Z-score=5.9，实际=54.0 vs 预测=17.2）
418,2024-04-04 00:30:00,2024-04-04 00:30:00,1.0,割煤高位,IsolationForest; Mahalanobis; 单变量IQR+3σ; 残差,4.084,30,残差异常：采煤机_油泵_右电机_电流 偏高（残差 Z-score=4.1，实际=47.0 vs 预测=16.8）
419,2024-04-04 00:32:00,2024-04-04 00:34:00,3.0,待机-高位,IsolationForest; Mahalanobis; 单变量IQR+3σ; 残差,1939.784,90,Mahalanobis 距离=1939.8（阈值=18.5）。主要贡献特征：PC2 (65.1%); PC3 (34.9%)。
420,2024-04-04 00:38:00,2024-04-04 00:38:00,1.0,割煤高位,IsolationForest; Mahalanobis; 单变量IQR+3σ; 残差,3.8,30,正常
421,2024-04-04 00:40:00,2024-04-04 00:43:00,4.0,待机,IsolationForest; Mahalanobis; 单变量IQR+3σ; 残差,3616.784,120,Mahalanobis 距离=3616.8（阈值=18.5）。主要贡献特征：PC2 (57.7%); PC3 (39.3%); PC4 (3.0%)。
422,2024-04-04 00:45:00,2024-04-04 00:45:00,1.0,割煤中位,IsolationForest; Mahalanobis; 单变量IQR+3σ; 残差,3.044,30,正常
423,2024-04-04 01:30:00,2024-04-04 01:30:00,1.0,待机,IsolationForest; Mahalanobis; 单变量IQR+3σ; 残差,1589.42,30,Mahalanobis 距离=1589.4（阈值=18.5）。主要贡献特征：PC2 (59.8%); PC3 (40.2%)。
424,2024-04-04 01:49:00,2024-04-04 01:49:00,1.0,调架中,IsolationForest; Mahalanobis; 单变量IQR+3σ; 残差,6.552,30,正常
425,2024-04-04 01:58:00,2024-04-04 01:58:00,1.0,割煤高位,IsolationForest; Mahalanobis; 单变量IQR+3σ; 残差,4.782,30,正常
426,2024-04-04 02:01:00,2024-04-04 02:04:00,4.0,待机-高位,IsolationForest; Mahalanobis; 单变量IQR+3σ; 残差,5053.565,120,Mahalanobis 距离=5053.6（阈值=18.5）。主要贡献特征：PC2 (82.1%); PC3 (17.4%)。
427,2024-04-04 03:37:00,2024-04-04 03:42:00,6.0,停机,IsolationForest; Mahalanobis; 单变量IQR+3σ; 残差,8678.168,180,Mahalanobis 距离=8678.2（阈值=18.5）。主要贡献特征：PC4 (75.8%); PC3 (19.0%); PC2 (5.2%)。
428,2024-04-04 03:50:00,2024-04-04 03:50:00,1.0,割煤高位,IsolationForest; Mahalanobis; 单变量IQR+3σ; 残差,3.418,30,正常
429,2024-04-04 03:52:00,2024-04-04 03:52:00,1.0,割煤中位,IsolationForest; Mahalanobis; 单变量IQR+3σ; 残差,3.913,30,正常
430,2024-04-04 03:54:00,2024-04-04 03:54:00,1.0,调架中,IsolationForest; Mahalanobis; 单变量IQR+3σ; 残差,4.164,30,残差异常：采煤机_油泵_左电机_电流 偏高（残差 Z-score=4.2，实际=51.0 vs 预测=17.4）
431,2024-04-04 04:00:00,2024-04-04 04:03:00,4.0,待机,IsolationForest; Mahalanobis; 单变量IQR+3σ; 残差,4202.106,120,Mahalanobis 距离=4202.1（阈值=18.5）。主要贡献特征：PC2 (79.4%); PC3 (19.6%)。
432,2024-04-04 04:13:00,2024-04-04 04:16:00,4.0,待机,IsolationForest; Mahalanobis; 单变量IQR+3σ; 残差,3558.206,120,Mahalanobis 距离=3558.2（阈值=18.5）。主要贡献特征：PC2 (92.1%); PC4 (6.9%)。
433,2024-04-04 04:29:00,2024-04-04 04:33:00,5.0,待机,IsolationForest; Mahalanobis; 单变量IQR+3σ; 残差,19.934,150,Mahalanobis 距离=19.9（阈值=18.5）。主要贡献特征：PC2 (54.0%); PC3 (27.5%); PC1 (16.2%)。
434,2024-04-04 04:35:00,2024-04-04 04:35:00,1.0,割煤中位,IsolationForest; Mahalanobis; 单变量IQR+3σ; 残差,5.326,30,正常
435,2024-04-04 04:37:00,2024-04-04 04:38:00,2.0,割煤中位,IsolationForest; Mahalanobis; 单变量IQR+3σ; 残差,2.958,60,正常
436,2024-04-04 04:40:00,2024-04-04 04:40:00,1.0,割煤中位,IsolationForest; Mahalanobis; 单变量IQR+3σ; 残差,4.41,30,正常
437,2024-04-04 04:43:00,2024-04-04 04:43:00,1.0,割煤高位,IsolationForest; Mahalanobis; 单变量IQR+3σ; 残差,4.489,30,正常
438,2024-04-04 04:48:00,2024-04-04 04:48:00,1.0,待机,IsolationForest; Mahalanobis; 单变量IQR+3σ; 残差,3506.92,30,Mahalanobis 距离=3506.9（阈值=18.5）。主要贡献特征：PC2 (71.6%); PC3 (27.1%); PC4 (1.3%)。
439,2024-04-04 04:50:00,2024-04-04 04:50:00,1.0,割煤中位,IsolationForest; Mahalanobis; 单变量IQR+3σ; 残差,3.687,30,正常
440,2024-04-04 04:55:00,2024-04-04 05:02:00,8.0,割煤中位,IsolationForest; Mahalanobis; 单变量IQR+3σ; 残差,5.633,240,单变量异常：采煤机_油泵_左电机_电流（z-score=5.6，实际=55.0，均值=18.3±6.5）
441,2024-04-04 05:17:00,2024-04-04 05:18:00,2.0,割煤中位,IsolationForest; Mahalanobis; 单变量IQR+3σ; 残差,1.047,60,正常
442,2024-04-04 05:21:00,2024-04-04 05:23:00,3.0,割煤中位,IsolationForest; Mahalanobis; 单变量IQR+3σ; 残差,2.131,90,正常
443,2024-04-04 05:25:00,2024-04-04 05:25:00,1.0,割煤中位,IsolationForest; Mahalanobis; 单变量IQR+3σ; 残差,6.597,30,残差异常：采煤机_油泵_右电机_电流 偏高（残差 Z-score=6.6，实际=59.0 vs 预测=18.0）
444,2024-04-04 05:37:00,2024-04-04 05:37:00,1.0,调架中,IsolationForest; Mahalanobis; 单变量IQR+3σ; 残差,6.93,30,正常
445,2024-04-04 05:56:00,2024-04-04 05:56:00,1.0,待机-高位,IsolationForest; Mahalanobis; 单变量IQR+3σ; 残差,2383.301,30,Mahalanobis 距离=2383.3（阈值=18.5）。主要贡献特征：PC2 (64.9%); PC3 (34.8%)。
446,2024-04-04 06:01:00,2024-04-04 06:01:00,1.0,割煤高位,IsolationForest; Mahalanobis; 单变量IQR+3σ; 残差,3.688,30,正常
447,2024-04-04 06:14:00,2024-04-04 06:14:00,1.0,割煤中位,IsolationForest; Mahalanobis; 单变量IQR+3σ; 残差,3.683,30,正常
448,2024-04-04 06:18:00,2024-04-04 06:18:00,1.0,割煤中位,IsolationForest; Mahalanobis; 单变量IQR+3σ; 残差,4.189,30,正常
449,2024-04-04 06:21:00,2024-04-04 06:21:00,1.0,调架中,IsolationForest; Mahalanobis; 单变量IQR+3σ; 残差,4.619,30,正常
450,2024-04-04 06:24:00,2024-04-04 06:24:00,1.0,割煤中位,IsolationForest; Mahalanobis; 单变量IQR+3σ; 残差,6.281,30,残差异常：采煤机_截割部位_左滚筒_电机_电流 偏高（残差 Z-score=6.3，实际=334.0 vs 预测=70.0）
451,2024-04-04 06:31:00,2024-04-04 06:31:00,1.0,割煤高位,IsolationForest; Mahalanobis; 单变量IQR+3σ; 残差,4.05,30,正常
452,2024-04-04 06:36:00,2024-04-04 06:36:00,1.0,割煤中位,IsolationForest; Mahalanobis; 单变量IQR+3σ; 残差,7.169,30,正常
453,2024-04-04 06:55:00,2024-04-04 06:55:00,1.0,割煤中位,IsolationForest; Mahalanobis; 单变量IQR+3σ; 残差,3.155,30,残差异常：采煤机_破碎机_电机_电流 偏高（残差 Z-score=3.2，实际=35.0 vs 预测=0.0）
454,2024-04-04 07:02:00,2024-04-04 07:03:00,2.0,割煤高位,IsolationForest; Mahalanobis; 单变量IQR+3σ; 残差,6.833,60,正常
455,2024-04-04 07:19:00,2024-04-04 07:19:00,1.0,割煤高位,IsolationForest; Mahalanobis; 单变量IQR+3σ; 残差,1.612,30,正常
456,2024-04-04 07:22:00,2024-04-04 07:25:00,4.0,待机,IsolationForest; Mahalanobis; 单变量IQR+3σ; 残差,5795.518,120,Mahalanobis 距离=5795.5（阈值=18.5）。主要贡献特征：PC2 (98.3%); PC4 (1.3%)。
457,2024-04-04 07:37:00,2024-04-04 07:37:00,1.0,待机,IsolationForest; Mahalanobis; 单变量IQR+3σ; 残差,10555.033,30,Mahalanobis 距离=10555.0（阈值=18.5）。主要贡献特征：PC2 (43.3%); PC3 (40.0%); PC4 (16.8%)。
458,2024-04-04 07:39:00,2024-04-04 07:39:00,1.0,割煤高位,IsolationForest; Mahalanobis; 单变量IQR+3σ; 残差,15.114,30,正常
459,2024-04-04 07:55:00,2024-04-04 07:55:00,1.0,割煤高位,IsolationForest; Mahalanobis; 单变量IQR+3σ; 残差,3.171,30,正常
460,2024-04-04 08:04:00,2024-04-04 08:09:00,6.0,待机,IsolationForest; Mahalanobis; 单变量IQR+3σ; 残差,3628.969,180,Mahalanobis 距离=3629.0（阈值=18.5）。主要贡献特征：PC2 (75.5%); PC3 (24.4%)。
461,2024-04-04 08:18:00,2024-04-04 08:20:00,3.0,割煤高位,IsolationForest; Mahalanobis; 单变量IQR+3σ; 残差,3.461,90,正常
462,2024-04-04 08:23:00,2024-04-04 08:26:00,4.0,待机-高位,IsolationForest; Mahalanobis; 单变量IQR+3σ; 残差,3419.854,120,Mahalanobis 距离=3419.9（阈值=18.5）。主要贡献特征：PC2 (72.6%); PC3 (27.1%)。
463,2024-04-04 08:32:00,2024-04-04 08:32:00,1.0,割煤中位,IsolationForest; Mahalanobis; 单变量IQR+3σ; 残差,1.681,30,正常
464,2024-04-04 08:36:00,2024-04-04 08:36:00,1.0,割煤中位,IsolationForest; Mahalanobis; 单变量IQR+3σ; 残差,5.019,30,正常
465,2024-04-04 08:44:00,2024-04-04 08:48:00,5.0,待机-高位,IsolationForest; Mahalanobis; 单变量IQR+3σ; 残差,4329.712,150,Mahalanobis 距离=4329.7（阈值=18.5）。主要贡献特征：PC2 (79.4%); PC3 (20.0%)。
466,2024-04-04 08:53:00,2024-04-04 08:53:00,1.0,割煤高位,IsolationForest; Mahalanobis; 单变量IQR+3σ; 残差,4.023,30,正常
467,2024-04-04 08:58:00,2024-04-04 09:01:00,4.0,待机,IsolationForest; Mahalanobis; 单变量IQR+3σ; 残差,1796.338,120,Mahalanobis 距离=1796.3（阈值=18.5）。主要贡献特征：PC2 (67.0%); PC3 (32.2%)。
468,2024-04-04 09:03:00,2024-04-04 09:11:00,9.0,待机,IsolationForest; Mahalanobis; 单变量IQR+3σ; 残差,1502.396,270,Mahalanobis 距离=1502.4（阈值=18.5）。主要贡献特征：PC2 (72.0%); PC3 (27.7%)。
469,2024-04-04 13:11:00,2024-04-04 13:13:00,3.0,停机,IsolationForest; Mahalanobis; 单变量IQR+3σ; 残差,4.383,90,正常
470,2024-04-04 13:49:00,2024-04-04 13:53:00,5.0,待机,IsolationForest; Mahalanobis; 单变量IQR+3σ; 残差,15.395,150,正常
471,2024-04-04 13:55:00,2024-04-04 14:00:00,6.0,待机,IsolationForest; Mahalanobis; 单变量IQR+3σ; 残差,34759.247,180,Mahalanobis 距离=34759.2（阈值=18.5）。主要贡献特征：PC2 (93.1%); PC3 (6.9%)。
472,2024-04-04 14:11:00,2024-04-04 14:15:00,5.0,待机,IsolationForest; Mahalanobis; 单变量IQR+3σ; 残差,22.203,150,Mahalanobis 距离=22.2（阈值=18.5）。主要贡献特征：PC2 (77.0%); PC3 (19.1%); PC1 (4.0%)。
473,2024-04-04 14:30:00,2024-04-04 14:30:00,1.0,待机,IsolationForest; Mahalanobis; 单变量IQR+3σ; 残差,16.128,30,正常
474,2024-04-04 14:34:00,2024-04-04 14:34:00,1.0,待机,IsolationForest; Mahalanobis; 单变量IQR+3σ; 残差,18.543,30,Mahalanobis 距离=18.5（阈值=18.5）。主要贡献特征：PC2 (68.9%); PC3 (29.3%); PC1 (1.7%)。
475,2024-04-04 14:45:00,2024-04-04 14:45:00,1.0,待机,IsolationForest; Mahalanobis; 单变量IQR+3σ; 残差,16.607,30,正常
476,2024-04-04 14:55:00,2024-04-04 15:19:00,25.0,待机,IsolationForest; Mahalanobis; 单变量IQR+3σ; 残差,2772.875,750,Mahalanobis 距离=2772.9（阈值=18.5）。主要贡献特征：PC2 (90.0%); PC4 (9.9%)。
477,2024-04-04 15:24:00,2024-04-04 15:35:00,12.0,割煤高位,IsolationForest; Mahalanobis; 单变量IQR+3σ; 残差,4.636,360,正常
478,2024-04-04 15:38:00,2024-04-04 15:38:00,1.0,割煤高位,IsolationForest; Mahalanobis; 单变量IQR+3σ; 残差,2.585,30,正常
479,2024-04-04 15:41:00,2024-04-04 15:44:00,4.0,待机-高位,IsolationForest; Mahalanobis; 单变量IQR+3σ; 残差,3701.29,120,Mahalanobis 距离=3701.3（阈值=18.5）。主要贡献特征：PC2 (82.5%); PC3 (17.5%)。
480,2024-04-04 15:46:00,2024-04-04 16:09:00,24.0,待机-高位,IsolationForest; Mahalanobis; 单变量IQR+3σ; 残差,11.498,720,正常
481,2024-04-04 16:13:00,2024-04-04 16:13:00,1.0,割煤高位,IsolationForest; Mahalanobis; 单变量IQR+3σ; 残差,3.967,30,残差异常：采煤机_截割部位_左滚筒_电机_温度 偏高（残差 Z-score=4.0，实际=70.0 vs 预测=58.6）
482,2024-04-04 16:17:00,2024-04-04 16:17:00,1.0,割煤中位,IsolationForest; Mahalanobis; 单变量IQR+3σ; 残差,4.056,30,残差异常：采煤机_破碎机_电机_电流 偏高（残差 Z-score=4.1，实际=45.0 vs 预测=0.0）
483,2024-04-04 16:20:00,2024-04-04 16:20:00,1.0,割煤高位,IsolationForest; Mahalanobis; 单变量IQR+3σ; 残差,1.494,30,正常
484,2024-04-04 16:25:00,2024-04-04 16:25:00,1.0,调架中,IsolationForest; Mahalanobis; 单变量IQR+3σ; 残差,5.599,30,残差异常：采煤机_牵引部位_左电机_温度 偏高（残差 Z-score=5.6，实际=66.0 vs 预测=37.2）
485,2024-04-04 16:28:00,2024-04-04 16:28:00,1.0,调架中,IsolationForest; Mahalanobis; 单变量IQR+3σ; 残差,4.354,30,残差异常：采煤机_牵引部位_左电机_温度 偏高（残差 Z-score=4.4，实际=66.0 vs 预测=43.6）
486,2024-04-04 16:32:00,2024-04-04 16:32:00,1.0,调架中,IsolationForest; Mahalanobis; 单变量IQR+3σ; 残差,3.653,30,残差异常：采煤机_牵引部位_右电机_电流 偏高（残差 Z-score=3.7，实际=199.0 vs 预测=25.4）
487,2024-04-04 16:52:00,2024-04-04 16:52:00,1.0,调架中,IsolationForest; Mahalanobis; 单变量IQR+3σ; 残差,9.008,30,正常
488,2024-04-04 17:17:00,2024-04-04 17:20:00,4.0,待机-高位,IsolationForest; Mahalanobis; 单变量IQR+3σ; 残差,1805.955,120,Mahalanobis 距离=1806.0（阈值=18.5）。主要贡献特征：PC2 (69.9%); PC3 (29.7%)。
489,2024-04-04 17:38:00,2024-04-04 17:41:00,4.0,割煤高位,IsolationForest; Mahalanobis; 单变量IQR+3σ; 残差,4.157,120,正常
490,2024-04-04 17:54:00,2024-04-04 17:54:00,1.0,割煤高位,IsolationForest; Mahalanobis; 单变量IQR+3σ; 残差,4.929,30,正常
491,2024-04-04 18:00:00,2024-04-04 18:00:00,1.0,割煤高位,IsolationForest; Mahalanobis; 单变量IQR+3σ; 残差,3.903,30,正常
492,2024-04-04 18:02:00,2024-04-04 18:06:00,5.0,割煤中位,IsolationForest; Mahalanobis; 单变量IQR+3σ; 残差,5.631,150,残差异常：采煤机_油泵_右电机_电流 偏高（残差 Z-score=5.6，实际=52.0 vs 预测=17.0）
493,2024-04-04 18:08:00,2024-04-04 18:08:00,1.0,割煤高位,IsolationForest; Mahalanobis; 单变量IQR+3σ; 残差,4.636,30,正常
494,2024-04-04 18:12:00,2024-04-04 18:18:00,7.0,割煤中位,IsolationForest; Mahalanobis; 单变量IQR+3σ; 残差,4.675,210,单变量异常：采煤机_截割部位_左滚筒_电机_电流（z-score=4.7，实际=299.0，均值=95.5±43.5）
495,2024-04-04 18:24:00,2024-04-04 18:24:00,1.0,待机-高位,IsolationForest; Mahalanobis; 单变量IQR+3σ; 残差,1809.249,30,Mahalanobis 距离=1809.2（阈值=18.5）。主要贡献特征：PC2 (64.0%); PC3 (35.9%)。
496,2024-04-04 18:26:00,2024-04-04 18:26:00,1.0,调架中,IsolationForest; Mahalanobis; 单变量IQR+3σ; 残差,6.741,30,正常
497,2024-04-04 18:31:00,2024-04-04 18:31:00,1.0,割煤高位,IsolationForest; Mahalanobis; 单变量IQR+3σ; 残差,3.116,30,残差异常：采煤机_截割部位_右滚筒_电机_电流 偏高（残差 Z-score=3.1，实际=209.0 vs 预测=80.8）
498,2024-04-04 18:41:00,2024-04-04 18:41:00,1.0,割煤高位,IsolationForest; Mahalanobis; 单变量IQR+3σ; 残差,2.509,30,正常
499,2024-04-04 19:09:00,2024-04-04 19:09:00,1.0,割煤高位,IsolationForest; Mahalanobis; 单变量IQR+3σ; 残差,4.652,30,残差异常：采煤机_油泵_右电机_电流 偏高（残差 Z-score=4.7，实际=52.0 vs 预测=17.6）
500,2024-04-04 19:17:00,2024-04-04 19:17:00,1.0,割煤中位,IsolationForest; Mahalanobis; 单变量IQR+3σ; 残差,5.747,30,正常
501,2024-04-04 19:19:00,2024-04-04 19:19:00,1.0,割煤高位,IsolationForest; Mahalanobis; 单变量IQR+3σ; 残差,4.196,30,正常
502,2024-04-04 19:29:00,2024-04-04 19:29:00,1.0,割煤高位,IsolationForest; Mahalanobis; 单变量IQR+3σ; 残差,3.48,30,残差异常：采煤机_截割部位_左滚筒_电机_电流 偏高（残差 Z-score=3.5，实际=238.0 vs 预测=99.2）
503,2024-04-04 19:32:00,2024-04-04 19:32:00,1.0,待机-高位,IsolationForest; Mahalanobis; 单变量IQR+3σ; 残差,4176.23,30,Mahalanobis 距离=4176.2（阈值=18.5）。主要贡献特征：PC2 (75.0%); PC3 (25.0%)。
504,2024-04-04 19:35:00,2024-04-04 19:35:00,1.0,割煤高位,IsolationForest; Mahalanobis; 单变量IQR+3σ; 残差,3.896,30,正常
505,2024-04-04 19:47:00,2024-04-04 19:48:00,2.0,待机,IsolationForest; Mahalanobis; 单变量IQR+3σ; 残差,5389.916,60,Mahalanobis 距离=5389.9（阈值=18.5）。主要贡献特征：PC2 (82.6%); PC3 (15.9%); PC4 (1.6%)。
506,2024-04-04 19:51:00,2024-04-04 19:56:00,6.0,待机-高位,IsolationForest; Mahalanobis; 单变量IQR+3σ; 残差,4562.418,180,Mahalanobis 距离=4562.4（阈值=18.5）。主要贡献特征：PC2 (83.4%); PC3 (16.6%)。
507,2024-04-04 19:58:00,2024-04-04 19:58:00,1.0,调架中,IsolationForest; Mahalanobis; 单变量IQR+3σ; 残差,7.118,30,正常
508,2024-04-04 20:00:00,2024-04-04 20:00:00,1.0,待机-高位,IsolationForest; Mahalanobis; 单变量IQR+3σ; 残差,2033.231,30,Mahalanobis 距离=2033.2（阈值=18.5）。主要贡献特征：PC2 (69.9%); PC3 (29.8%)。
509,2024-04-04 20:12:00,2024-04-04 20:15:00,4.0,割煤中位,IsolationForest; Mahalanobis; 单变量IQR+3σ; 残差,6.094,120,单变量异常：采煤机_油泵_左电机_电流（z-score=6.1，实际=58.0，均值=18.3±6.5）
510,2024-04-04 20:24:00,2024-04-04 20:26:00,3.0,割煤中位,IsolationForest; Mahalanobis; 单变量IQR+3σ; 残差,3.595,90,正常
511,2024-04-04 20:30:00,2024-04-04 20:30:00,1.0,割煤高位,IsolationForest; Mahalanobis; 单变量IQR+3σ; 残差,4.598,30,残差异常：采煤机_油泵_右电机_电流 偏高（残差 Z-score=4.6，实际=52.0 vs 预测=18.0）
512,2024-04-04 20:32:00,2024-04-04 20:34:00,3.0,待机-高位,IsolationForest; Mahalanobis; 单变量IQR+3σ; 残差,1964.67,90,Mahalanobis 距离=1964.7（阈值=18.5）。主要贡献特征：PC2 (63.3%); PC3 (36.7%)。
513,2024-04-04 20:47:00,2024-04-04 20:47:00,1.0,割煤中位,IsolationForest; Mahalanobis; 单变量IQR+3σ; 残差,2.929,30,单变量异常：采煤机_截割部位_左滚筒_电机_电流（z-score=2.9，实际=223.0，均值=95.5±43.5）
514,2024-04-04 20:49:00,2024-04-04 20:57:00,9.0,待机-高位,IsolationForest; Mahalanobis; 单变量IQR+3σ; 残差,2355.472,270,Mahalanobis 距离=2355.5（阈值=18.5）。主要贡献特征：PC2 (58.6%); PC3 (40.8%)。
515,2024-04-04 21:00:00,2024-04-04 21:04:00,5.0,调架中,IsolationForest; Mahalanobis; 单变量IQR+3σ; 残差,3.776,150,正常
516,2024-04-04 21:21:00,2024-04-04 21:21:00,1.0,割煤中位,IsolationForest; Mahalanobis; 单变量IQR+3σ; 残差,3.218,30,残差异常：采煤机_油泵_右电机_电流 偏高（残差 Z-score=3.2，实际=37.0 vs 预测=17.0）
517,2024-04-04 21:24:00,2024-04-04 21:24:00,1.0,割煤中位,IsolationForest; Mahalanobis; 单变量IQR+3σ; 残差,2.181,30,正常
518,2024-04-04 21:30:00,2024-04-04 21:30:00,1.0,割煤高位,IsolationForest; Mahalanobis; 单变量IQR+3σ; 残差,5.745,30,残差异常：采煤机_截割部位_右滚筒_电机_电流 偏高（残差 Z-score=5.7，实际=320.0 vs 预测=83.6）
519,2024-04-04 21:55:00,2024-04-04 21:55:00,1.0,割煤高位,IsolationForest; Mahalanobis; 单变量IQR+3σ; 残差,6.979,30,正常
520,2024-04-04 21:58:00,2024-04-04 22:02:00,5.0,待机,IsolationForest; Mahalanobis; 单变量IQR+3σ; 残差,3436.081,150,Mahalanobis 距离=3436.1（阈值=18.5）。主要贡献特征：PC2 (75.3%); PC3 (23.6%); PC4 (1.1%)。
521,2024-04-04 22:04:00,2024-04-04 22:06:00,3.0,割煤中位,IsolationForest; Mahalanobis; 单变量IQR+3σ; 残差,3.373,90,正常
522,2024-04-04 22:08:00,2024-04-04 22:09:00,2.0,割煤中位,IsolationForest; Mahalanobis; 单变量IQR+3σ; 残差,4.244,60,正常
523,2024-04-04 22:20:00,2024-04-04 22:23:00,4.0,割煤中位,IsolationForest; Mahalanobis; 单变量IQR+3σ; 残差,3.644,120,正常
524,2024-04-04 22:28:00,2024-04-04 22:32:00,5.0,割煤中位,IsolationForest; Mahalanobis; 单变量IQR+3σ; 残差,7.39,150,残差异常：采煤机_截割部位_左滚筒_电机_电流 偏高（残差 Z-score=7.4，实际=394.0 vs 预测=83.4）
525,2024-04-04 22:34:00,2024-04-04 22:35:00,2.0,割煤高位,IsolationForest; Mahalanobis; 单变量IQR+3σ; 残差,4.409,60,残差异常：采煤机_油泵_右电机_电流 偏高（残差 Z-score=4.4，实际=50.0 vs 预测=17.4）
526,2024-04-04 22:56:00,2024-04-04 22:59:00,4.0,待机,IsolationForest; Mahalanobis; 单变量IQR+3σ; 残差,2280.963,120,Mahalanobis 距离=2281.0（阈值=18.5）。主要贡献特征：PC2 (66.0%); PC3 (34.0%)。
527,2024-04-04 23:04:00,2024-04-04 23:04:00,1.0,调架中,IsolationForest; Mahalanobis; 单变量IQR+3σ; 残差,1.953,30,正常
528,2024-04-04 23:06:00,2024-04-04 23:09:00,4.0,待机,IsolationForest; Mahalanobis; 单变量IQR+3σ; 残差,2951.786,120,Mahalanobis 距离=2951.8（阈值=18.5）。主要贡献特征：PC2 (56.7%); PC3 (41.9%); PC4 (1.4%)。
529,2024-04-04 23:11:00,2024-04-04 23:15:00,5.0,待机-高位,IsolationForest; Mahalanobis; 单变量IQR+3σ; 残差,3742.664,150,Mahalanobis 距离=3742.7（阈值=18.5）。主要贡献特征：PC2 (82.1%); PC3 (17.8%)。
530,2024-04-04 23:17:00,2024-04-04 23:17:00,1.0,调架中,IsolationForest; Mahalanobis; 单变量IQR+3σ; 残差,4.756,30,正常
531,2024-04-04 23:22:00,2024-04-04 23:22:00,1.0,割煤中位,IsolationForest; Mahalanobis; 单变量IQR+3σ; 残差,7.337,30,残差异常：采煤机_油泵_右电机_电流 偏高（残差 Z-score=7.3，实际=63.0 vs 预测=17.4）
532,2024-04-04 23:24:00,2024-04-04 23:24:00,1.0,割煤中位,IsolationForest; Mahalanobis; 单变量IQR+3σ; 残差,4.388,30,残差异常：采煤机_牵引部位_左电机_电流 偏高（残差 Z-score=4.4，实际=239.0 vs 预测=107.0）
533,2024-04-04 23:26:00,2024-04-04 23:27:00,2.0,割煤中位,IsolationForest; Mahalanobis; 单变量IQR+3σ; 残差,7.846,60,正常
534,2024-04-04 23:31:00,2024-04-04 23:32:00,2.0,待机-高位,IsolationForest; Mahalanobis; 单变量IQR+3σ; 残差,1541.279,60,Mahalanobis 距离=1541.3（阈值=18.5）。主要贡献特征：PC2 (54.0%); PC3 (45.6%)。
535,2024-04-04 23:34:00,2024-04-04 23:34:00,1.0,割煤高位,IsolationForest; Mahalanobis; 单变量IQR+3σ; 残差,3.131,30,残差异常：采煤机_截割部位_左滚筒_电机_温度 偏高（残差 Z-score=3.1，实际=87.0 vs 预测=78.0）
536,2024-04-04 23:37:00,2024-04-04 23:46:00,10.0,割煤高位,IsolationForest; Mahalanobis; 单变量IQR+3σ; 残差,4.856,300,正常
537,2024-04-04 23:49:00,2024-04-04 23:52:00,4.0,待机-高位,IsolationForest; Mahalanobis; 单变量IQR+3σ; 残差,1544.062,120,Mahalanobis 距离=1544.1（阈值=18.5）。主要贡献特征：PC2 (62.0%); PC3 (37.9%)。
538,2024-04-05 00:03:00,2024-04-05 00:04:00,2.0,割煤高位,IsolationForest; Mahalanobis; 单变量IQR+3σ; 残差,3.319,60,正常
539,2024-04-05 00:20:00,2024-04-05 00:20:00,1.0,割煤中位,IsolationForest; Mahalanobis; 单变量IQR+3σ; 残差,5.019,30,正常
540,2024-04-05 00:22:00,2024-04-05 00:22:00,1.0,割煤中位,IsolationForest; Mahalanobis; 单变量IQR+3σ; 残差,3.125,30,残差异常：采煤机_牵引部位_右电机_电流 偏高（残差 Z-score=3.1，实际=195.0 vs 预测=101.8）
541,2024-04-05 00:26:00,2024-04-05 00:26:00,1.0,割煤中位,IsolationForest; Mahalanobis; 单变量IQR+3σ; 残差,5.941,30,正常
542,2024-04-05 00:51:00,2024-04-05 00:52:00,2.0,割煤中位,IsolationForest; Mahalanobis; 单变量IQR+3σ; 残差,3.814,60,正常
543,2024-04-05 00:54:00,2024-04-05 00:54:00,1.0,割煤中位,IsolationForest; Mahalanobis; 单变量IQR+3σ; 残差,3.75,30,正常
544,2024-04-05 01:08:00,2024-04-05 01:08:00,1.0,割煤中位,IsolationForest; Mahalanobis; 单变量IQR+3σ; 残差,7.323,30,正常
545,2024-04-05 01:20:00,2024-04-05 01:23:00,4.0,割煤中位,IsolationForest; Mahalanobis; 单变量IQR+3σ; 残差,6.565,120,残差异常：采煤机_油泵_右电机_电流 偏高（残差 Z-score=6.6，实际=59.0 vs 预测=18.2）
546,2024-04-05 01:47:00,2024-04-05 01:47:00,1.0,待机,IsolationForest; Mahalanobis; 单变量IQR+3σ; 残差,3858.964,30,Mahalanobis 距离=3859.0（阈值=18.5）。主要贡献特征：PC2 (73.8%); PC3 (26.1%)。
547,2024-04-05 01:50:00,2024-04-05 01:50:00,1.0,割煤中位,IsolationForest; Mahalanobis; 单变量IQR+3σ; 残差,5.631,30,残差异常：采煤机_油泵_右电机_电流 偏高（残差 Z-score=5.6，实际=52.0 vs 预测=17.0）
548,2024-04-05 01:52:00,2024-04-05 01:52:00,1.0,割煤高位,IsolationForest; Mahalanobis; 单变量IQR+3σ; 残差,4.219,30,残差异常：采煤机_油泵_右电机_电流 偏高（残差 Z-score=4.2，实际=48.0 vs 预测=16.8）
549,2024-04-05 01:55:00,2024-04-05 01:58:00,4.0,待机-高位,IsolationForest; Mahalanobis; 单变量IQR+3σ; 残差,1868.506,120,Mahalanobis 距离=1868.5（阈值=18.5）。主要贡献特征：PC2 (73.0%); PC3 (26.5%)。
550,2024-04-05 02:09:00,2024-04-05 02:09:00,1.0,待机-高位,IsolationForest; Mahalanobis; 单变量IQR+3σ; 残差,2404.251,30,Mahalanobis 距离=2404.3（阈值=18.5）。主要贡献特征：PC2 (66.2%); PC3 (33.3%)。
551,2024-04-05 02:19:00,2024-04-05 02:19:00,1.0,待机,IsolationForest; Mahalanobis; 单变量IQR+3σ; 残差,3353.735,30,Mahalanobis 距离=3353.7（阈值=18.5）。主要贡献特征：PC2 (72.1%); PC3 (27.8%)。
552,2024-04-05 02:26:00,2024-04-05 02:26:00,1.0,割煤中位,IsolationForest; Mahalanobis; 单变量IQR+3σ; 残差,1.282,30,正常
553,2024-04-05 02:34:00,2024-04-05 02:38:00,5.0,待机,IsolationForest; Mahalanobis; 单变量IQR+3σ; 残差,2324.227,150,Mahalanobis 距离=2324.2（阈值=18.5）。主要贡献特征：PC2 (70.2%); PC3 (28.9%)。
554,2024-04-05 02:47:00,2024-04-05 02:47:00,1.0,调架中,IsolationForest; Mahalanobis; 单变量IQR+3σ; 残差,3.668,30,残差异常：采煤机_牵引部位_左电机_电流 偏高（残差 Z-score=3.7，实际=204.0 vs 预测=25.6）
555,2024-04-05 02:52:00,2024-04-05 02:58:00,7.0,待机-高位,IsolationForest; Mahalanobis; 单变量IQR+3σ; 残差,1656.841,210,Mahalanobis 距离=1656.8（阈值=18.5）。主要贡献特征：PC3 (49.8%); PC2 (49.1%); PC4 (1.1%)。
556,2024-04-05 03:04:00,2024-04-05 03:06:00,3.0,待机,IsolationForest; Mahalanobis; 单变量IQR+3σ; 残差,3480.289,90,Mahalanobis 距离=3480.3（阈值=18.5）。主要贡献特征：PC2 (69.2%); PC3 (30.6%)。
557,2024-04-05 03:09:00,2024-04-05 03:09:00,1.0,割煤中位,IsolationForest; Mahalanobis; 单变量IQR+3σ; 残差,3.119,30,残差异常：采煤机_破碎机_电机_电流 偏高（残差 Z-score=3.1，实际=47.0 vs 预测=12.4）
558,2024-04-05 03:11:00,2024-04-05 03:12:00,2.0,割煤高位,IsolationForest; Mahalanobis; 单变量IQR+3σ; 残差,4.76,60,残差异常：采煤机_油泵_右电机_电流 偏高（残差 Z-score=4.8，实际=53.0 vs 预测=17.8）
559,2024-04-05 03:16:00,2024-04-05 03:16:00,1.0,割煤中位,IsolationForest; Mahalanobis; 单变量IQR+3σ; 残差,3.791,30,正常
560,2024-04-05 03:24:00,2024-04-05 03:24:00,1.0,割煤中位,IsolationForest; Mahalanobis; 单变量IQR+3σ; 残差,2.97,30,正常
561,2024-04-05 03:26:00,2024-04-05 03:26:00,1.0,待机,IsolationForest; Mahalanobis; 单变量IQR+3σ; 残差,5498.916,30,Mahalanobis 距离=5498.9（阈值=18.5）。主要贡献特征：PC2 (84.8%); PC3 (14.4%)。
562,2024-04-05 03:38:00,2024-04-05 03:39:00,2.0,待机,IsolationForest; Mahalanobis; 单变量IQR+3σ; 残差,3419.796,60,Mahalanobis 距离=3419.8（阈值=18.5）。主要贡献特征：PC2 (75.1%); PC3 (24.2%)。
563,2024-04-05 03:44:00,2024-04-05 03:44:00,1.0,割煤中位,IsolationForest; Mahalanobis; 单变量IQR+3σ; 残差,5.173,30,正常
564,2024-04-05 03:47:00,2024-04-05 03:47:00,1.0,割煤中位,IsolationForest; Mahalanobis; 单变量IQR+3σ; 残差,3.199,30,残差异常：采煤机_截割部位_右滚筒_电机_电流 偏高（残差 Z-score=3.2，实际=199.0 vs 预测=87.4）
565,2024-04-05 04:03:00,2024-04-05 04:04:00,2.0,割煤中位,IsolationForest; Mahalanobis; 单变量IQR+3σ; 残差,5.832,60,正常
566,2024-04-05 04:09:00,2024-04-05 04:09:00,1.0,割煤中位,IsolationForest; Mahalanobis; 单变量IQR+3σ; 残差,5.326,30,正常
567,2024-04-05 04:13:00,2024-04-05 04:13:00,1.0,割煤中位,IsolationForest; Mahalanobis; 单变量IQR+3σ; 残差,4.559,30,正常
568,2024-04-05 04:20:00,2024-04-05 04:20:00,1.0,割煤高位,IsolationForest; Mahalanobis; 单变量IQR+3σ; 残差,5.808,30,正常
569,2024-04-05 04:23:00,2024-04-05 04:23:00,1.0,割煤高位,IsolationForest; Mahalanobis; 单变量IQR+3σ; 残差,4.636,30,正常
570,2024-04-05 04:25:00,2024-04-05 04:26:00,2.0,待机,IsolationForest; Mahalanobis; 单变量IQR+3σ; 残差,5733.365,60,Mahalanobis 距离=5733.4（阈值=18.5）。主要贡献特征：PC2 (87.0%); PC3 (12.7%)。
571,2024-04-05 04:29:00,2024-04-05 04:29:00,1.0,割煤高位,IsolationForest; Mahalanobis; 单变量IQR+3σ; 残差,5.929,30,正常
572,2024-04-05 04:31:00,2024-04-05 04:31:00,1.0,割煤高位,IsolationForest; Mahalanobis; 单变量IQR+3σ; 残差,4.436,30,残差异常：采煤机_油泵_右电机_电流 偏高（残差 Z-score=4.4，实际=50.0 vs 预测=17.2）
573,2024-04-05 04:40:00,2024-04-05 04:40:00,1.0,割煤中位,IsolationForest; Mahalanobis; 单变量IQR+3σ; 残差,6.094,30,正常
574,2024-04-05 05:05:00,2024-04-05 05:05:00,1.0,割煤高位,IsolationForest; Mahalanobis; 单变量IQR+3σ; 残差,3.47,30,残差异常：采煤机_截割部位_左滚筒_电机_电流 偏高（残差 Z-score=3.5，实际=219.0 vs 预测=80.6）
575,2024-04-05 05:09:00,2024-04-05 05:11:00,3.0,待机,IsolationForest; Mahalanobis; 单变量IQR+3σ; 残差,11441.062,90,Mahalanobis 距离=11441.1（阈值=18.5）。主要贡献特征：PC3 (34.8%); PC4 (34.2%); PC2 (31.0%)。
576,2024-04-05 05:15:00,2024-04-05 05:18:00,4.0,待机,IsolationForest; Mahalanobis; 单变量IQR+3σ; 残差,12615.169,120,Mahalanobis 距离=12615.2（阈值=18.5）。主要贡献特征：PC4 (42.7%); PC2 (30.2%); PC3 (27.2%)。
577,2024-04-05 05:23:00,2024-04-05 05:25:00,3.0,待机,IsolationForest; Mahalanobis; 单变量IQR+3σ; 残差,3458.478,90,Mahalanobis 距离=3458.5（阈值=18.5）。主要贡献特征：PC2 (86.6%); PC3 (11.6%); PC4 (1.8%)。
578,2024-04-05 05:27:00,2024-04-05 05:35:00,9.0,待机,IsolationForest; Mahalanobis; 单变量IQR+3σ; 残差,3139.12,270,Mahalanobis 距离=3139.1（阈值=18.5）。主要贡献特征：PC2 (80.8%); PC3 (19.2%)。
579,2024-04-05 05:57:00,2024-04-05 06:01:00,5.0,割煤高位,IsolationForest; Mahalanobis; 单变量IQR+3σ; 残差,6.686,150,正常
580,2024-04-05 06:07:00,2024-04-05 06:08:00,2.0,割煤中位,IsolationForest; Mahalanobis; 单变量IQR+3σ; 残差,4.243,60,残差异常：采煤机_牵引部位_左电机_温度 偏高（残差 Z-score=4.2，实际=66.0 vs 预测=50.4）
581,2024-04-05 06:10:00,2024-04-05 06:10:00,1.0,割煤中位,IsolationForest; Mahalanobis; 单变量IQR+3σ; 残差,3.59,30,残差异常：采煤机_牵引部位_左电机_温度 偏高（残差 Z-score=3.6，实际=67.0 vs 预测=53.8）
582,2024-04-05 06:12:00,2024-04-05 06:12:00,1.0,割煤高位,IsolationForest; Mahalanobis; 单变量IQR+3σ; 残差,4.625,30,残差异常：采煤机_油泵_右电机_电流 偏高（残差 Z-score=4.6，实际=52.0 vs 预测=17.8）
583,2024-04-05 06:14:00,2024-04-05 06:14:00,1.0,割煤中位,IsolationForest; Mahalanobis; 单变量IQR+3σ; 残差,3.798,30,残差异常：采煤机_油泵_右电机_温度 偏高（残差 Z-score=3.8，实际=52.0 vs 预测=46.2）
584,2024-04-05 06:27:00,2024-04-05 06:27:00,1.0,割煤中位,IsolationForest; Mahalanobis; 单变量IQR+3σ; 残差,7.479,30,正常
585,2024-04-05 06:48:00,2024-04-05 06:49:00,2.0,待机-高位,IsolationForest; Mahalanobis; 单变量IQR+3σ; 残差,2338.922,60,Mahalanobis 距离=2338.9（阈值=18.5）。主要贡献特征：PC2 (72.4%); PC3 (27.3%)。
586,2024-04-05 06:55:00,2024-04-05 06:55:00,1.0,待机,IsolationForest; Mahalanobis; 单变量IQR+3σ; 残差,3017.997,30,Mahalanobis 距离=3018.0（阈值=18.5）。主要贡献特征：PC2 (71.4%); PC3 (28.3%)。
587,2024-04-05 07:02:00,2024-04-05 07:06:00,5.0,待机,IsolationForest; Mahalanobis; 单变量IQR+3σ; 残差,5471.317,150,Mahalanobis 距离=5471.3（阈值=18.5）。主要贡献特征：PC2 (87.7%); PC3 (11.6%)。
588,2024-04-05 07:17:00,2024-04-05 07:19:00,3.0,割煤中位,IsolationForest; Mahalanobis; 单变量IQR+3σ; 残差,3.796,90,正常
589,2024-04-05 07:26:00,2024-04-05 07:28:00,3.0,割煤中位,IsolationForest; Mahalanobis; 单变量IQR+3σ; 残差,5.908,90,正常
590,2024-04-05 07:50:00,2024-04-05 07:50:00,1.0,待机-高位,IsolationForest; Mahalanobis; 单变量IQR+3σ; 残差,1746.785,30,Mahalanobis 距离=1746.8（阈值=18.5）。主要贡献特征：PC2 (63.3%); PC3 (36.5%)。
591,2024-04-05 08:03:00,2024-04-05 08:03:00,1.0,割煤中位,IsolationForest; Mahalanobis; 单变量IQR+3σ; 残差,4.939,30,正常
592,2024-04-05 08:07:00,2024-04-05 08:10:00,4.0,待机,IsolationForest; Mahalanobis; 单变量IQR+3σ; 残差,3226.766,120,Mahalanobis 距离=3226.8（阈值=18.5）。主要贡献特征：PC2 (79.1%); PC3 (20.9%)。
593,2024-04-05 08:13:00,2024-04-05 08:14:00,2.0,待机,IsolationForest; Mahalanobis; 单变量IQR+3σ; 残差,17.703,60,正常
594,2024-04-05 08:23:00,2024-04-05 08:26:00,4.0,待机,IsolationForest; Mahalanobis; 单变量IQR+3σ; 残差,3798.989,120,Mahalanobis 距离=3799.0（阈值=18.5）。主要贡献特征：PC2 (91.7%); PC4 (7.4%)。
595,2024-04-05 08:34:00,2024-04-05 08:34:00,1.0,待机,IsolationForest; Mahalanobis; 单变量IQR+3σ; 残差,14.999,30,正常
596,2024-04-05 08:37:00,2024-04-05 08:37:00,1.0,待机-高位,IsolationForest; Mahalanobis; 单变量IQR+3σ; 残差,13.087,30,正常
597,2024-04-05 08:56:00,2024-04-05 08:59:00,4.0,待机,IsolationForest; Mahalanobis; 单变量IQR+3σ; 残差,5059.782,120,Mahalanobis 距离=5059.8（阈值=18.5）。主要贡献特征：PC2 (91.0%); PC4 (8.1%)。
598,2024-04-05 09:04:00,2024-04-05 09:07:00,4.0,割煤中位,IsolationForest; Mahalanobis; 单变量IQR+3σ; 残差,3.592,120,正常
599,2024-04-05 09:13:00,2024-04-05 09:16:00,4.0,待机-高位,IsolationForest; Mahalanobis; 单变量IQR+3σ; 残差,3040.789,120,Mahalanobis 距离=3040.8（阈值=18.5）。主要贡献特征：PC2 (92.0%); PC4 (5.5%); PC3 (2.4%)。
600,2024-04-05 09:26:00,2024-04-05 09:30:00,5.0,调架中,IsolationForest; Mahalanobis; 单变量IQR+3σ; 残差,4.057,150,正常
601,2024-04-05 09:32:00,2024-04-05 09:32:00,1.0,割煤中位,IsolationForest; Mahalanobis; 单变量IQR+3σ; 残差,6.307,30,残差异常：采煤机_油泵_右电机_电流 偏高（残差 Z-score=6.3，实际=57.0 vs 预测=17.8）
602,2024-04-05 09:35:00,2024-04-05 09:35:00,1.0,割煤中位,IsolationForest; Mahalanobis; 单变量IQR+3σ; 残差,6.401,30,正常
603,2024-04-05 09:50:00,2024-04-05 09:50:00,1.0,割煤中位,IsolationForest; Mahalanobis; 单变量IQR+3σ; 残差,5.173,30,正常
604,2024-04-05 10:05:00,2024-04-05 10:06:00,2.0,待机,IsolationForest; Mahalanobis; 单变量IQR+3σ; 残差,2896.926,60,Mahalanobis 距离=2896.9（阈值=18.5）。主要贡献特征：PC2 (77.4%); PC3 (22.6%)。
605,2024-04-05 10:08:00,2024-04-05 10:18:00,11.0,待机,IsolationForest; Mahalanobis; 单变量IQR+3σ; 残差,2320.188,330,Mahalanobis 距离=2320.2（阈值=18.5）。主要贡献特征：PC2 (75.5%); PC3 (24.4%)。
606,2024-04-05 15:00:00,2024-04-05 15:02:00,3.0,待机,IsolationForest; Mahalanobis; 单变量IQR+3σ; 残差,19.232,90,Mahalanobis 距离=19.2（阈值=18.5）。主要贡献特征：PC2 (66.0%); PC3 (30.4%); PC1 (3.1%)。
607,2024-04-05 15:17:00,2024-04-05 15:22:00,6.0,待机,IsolationForest; Mahalanobis; 单变量IQR+3σ; 残差,29.16,180,Mahalanobis 距离=29.2（阈值=18.5）。主要贡献特征：PC2 (78.7%); PC1 (18.2%); PC4 (2.3%)。
608,2024-04-05 15:38:00,2024-04-05 15:46:00,9.0,待机,IsolationForest; Mahalanobis; 单变量IQR+3σ; 残差,1191.541,270,Mahalanobis 距离=1191.5（阈值=18.5）。主要贡献特征：PC2 (73.3%); PC3 (26.3%)。
609,2024-04-05 15:49:00,2024-04-05 15:53:00,5.0,待机,IsolationForest; Mahalanobis; 单变量IQR+3σ; 残差,1818.821,150,Mahalanobis 距离=1818.8（阈值=18.5）。主要贡献特征：PC2 (77.4%); PC3 (21.8%)。
610,2024-04-05 15:55:00,2024-04-05 16:21:00,27.0,待机-高位,IsolationForest; Mahalanobis; 单变量IQR+3σ; 残差,5989.709,810,Mahalanobis 距离=5989.7（阈值=18.5）。主要贡献特征：PC2 (92.0%); PC3 (8.0%)。
611,2024-04-05 16:23:00,2024-04-05 16:25:00,3.0,割煤中位,IsolationForest; Mahalanobis; 单变量IQR+3σ; 残差,1.716,90,正常
612,2024-04-05 16:33:00,2024-04-05 16:33:00,1.0,割煤中位,IsolationForest; Mahalanobis; 单变量IQR+3σ; 残差,7.2,30,正常
613,2024-04-05 16:39:00,2024-04-05 16:43:00,5.0,待机,IsolationForest; Mahalanobis; 单变量IQR+3σ; 残差,4462.898,150,Mahalanobis 距离=4462.9（阈值=18.5）。主要贡献特征：PC2 (59.5%); PC3 (34.8%); PC4 (5.7%)。
614,2024-04-05 16:50:00,2024-04-05 16:53:00,4.0,待机,IsolationForest; Mahalanobis; 单变量IQR+3σ; 残差,2282.9,120,Mahalanobis 距离=2282.9（阈值=18.5）。主要贡献特征：PC2 (71.5%); PC3 (28.1%)。
615,2024-04-05 17:04:00,2024-04-05 17:13:00,10.0,待机,IsolationForest; Mahalanobis; 单变量IQR+3σ; 残差,3030.416,300,Mahalanobis 距离=3030.4（阈值=18.5）。主要贡献特征：PC2 (79.3%); PC3 (20.7%)。
616,2024-04-05 17:15:00,2024-04-05 17:15:00,1.0,停机,IsolationForest; Mahalanobis; 单变量IQR+3σ; 残差,3.247,30,残差异常：采煤机_截割部位_右滚筒_电机_温度 偏高（残差 Z-score=3.2，实际=56.0 vs 预测=32.0）
617,2024-04-05 17:17:00,2024-04-05 17:20:00,4.0,割煤中位,IsolationForest; Mahalanobis; 单变量IQR+3σ; 残差,3.953,120,正常
618,2024-04-05 17:25:00,2024-04-05 17:25:00,1.0,割煤中位,IsolationForest; Mahalanobis; 单变量IQR+3σ; 残差,6.79,30,残差异常：采煤机_油泵_右电机_电流 偏高（残差 Z-score=6.8，实际=60.0 vs 预测=17.8）
619,2024-04-05 17:36:00,2024-04-05 17:36:00,1.0,割煤高位,IsolationForest; Mahalanobis; 单变量IQR+3σ; 残差,4.036,30,残差异常：采煤机_截割部位_左滚筒_电机_温度 偏高（残差 Z-score=4.0，实际=68.0 vs 预测=56.4）
620,2024-04-05 17:38:00,2024-04-05 17:39:00,2.0,待机-高位,IsolationForest; Mahalanobis; 单变量IQR+3σ; 残差,3296.327,60,Mahalanobis 距离=3296.3（阈值=18.5）。主要贡献特征：PC2 (72.5%); PC3 (27.4%)。
621,2024-04-05 17:48:00,2024-04-05 17:48:00,1.0,割煤中位,IsolationForest; Mahalanobis; 单变量IQR+3σ; 残差,5.921,30,残差异常：采煤机_油泵_右电机_电流 偏高（残差 Z-score=5.9，实际=54.0 vs 预测=17.2）
622,2024-04-05 18:03:00,2024-04-05 18:03:00,1.0,调架中,IsolationForest; Mahalanobis; 单变量IQR+3σ; 残差,5.899,30,残差异常：采煤机_油泵_左电机_电流 偏高（残差 Z-score=5.9，实际=65.0 vs 预测=17.4）
623,2024-04-05 18:05:00,2024-04-05 18:05:00,1.0,割煤中位,IsolationForest; Mahalanobis; 单变量IQR+3σ; 残差,3.886,30,正常
624,2024-04-05 18:08:00,2024-04-05 18:09:00,2.0,待机,IsolationForest; Mahalanobis; 单变量IQR+3σ; 残差,2790.812,60,Mahalanobis 距离=2790.8（阈值=18.5）。主要贡献特征：PC2 (76.5%); PC3 (23.1%)。
625,2024-04-05 18:14:00,2024-04-05 18:16:00,3.0,待机,IsolationForest; Mahalanobis; 单变量IQR+3σ; 残差,3090.269,90,Mahalanobis 距离=3090.3（阈值=18.5）。主要贡献特征：PC2 (76.5%); PC3 (22.9%)。
626,2024-04-05 18:19:00,2024-04-05 18:19:00,1.0,割煤高位,IsolationForest; Mahalanobis; 单变量IQR+3σ; 残差,2.65,30,正常
627,2024-04-05 18:29:00,2024-04-05 18:29:00,1.0,割煤中位,IsolationForest; Mahalanobis; 单变量IQR+3σ; 残差,3.365,30,正常
628,2024-04-05 18:33:00,2024-04-05 18:35:00,3.0,待机,IsolationForest; Mahalanobis; 单变量IQR+3σ; 残差,6548.909,90,Mahalanobis 距离=6548.9（阈值=18.5）。主要贡献特征：PC2 (80.2%); PC3 (19.7%)。
629,2024-04-05 18:38:00,2024-04-05 18:38:00,1.0,割煤中位,IsolationForest; Mahalanobis; 单变量IQR+3σ; 残差,3.663,30,正常
630,2024-04-05 18:41:00,2024-04-05 18:41:00,1.0,待机-高位,IsolationForest; Mahalanobis; 单变量IQR+3σ; 残差,4380.834,30,Mahalanobis 距离=4380.8（阈值=18.5）。主要贡献特征：PC2 (82.2%); PC3 (17.5%)。
631,2024-04-05 18:51:00,2024-04-05 18:51:00,1.0,割煤高位,IsolationForest; Mahalanobis; 单变量IQR+3σ; 残差,3.109,30,残差异常：采煤机_截割部位_右滚筒_电机_温度 偏高（残差 Z-score=3.1，实际=71.0 vs 预测=63.6）
632,2024-04-05 19:02:00,2024-04-05 19:02:00,1.0,割煤高位,IsolationForest; Mahalanobis; 单变量IQR+3σ; 残差,1.403,30,正常
633,2024-04-05 19:09:00,2024-04-05 19:09:00,1.0,割煤中位,IsolationForest; Mahalanobis; 单变量IQR+3σ; 残差,3.986,30,正常
634,2024-04-05 19:23:00,2024-04-05 19:24:00,2.0,待机-高位,IsolationForest; Mahalanobis; 单变量IQR+3σ; 残差,1534.145,60,Mahalanobis 距离=1534.1（阈值=18.5）。主要贡献特征：PC2 (61.7%); PC3 (38.2%)。
635,2024-04-05 19:29:00,2024-04-05 19:30:00,2.0,割煤高位,IsolationForest; Mahalanobis; 单变量IQR+3σ; 残差,8.02,60,残差异常：采煤机_截割部位_右滚筒_电机_电流 偏高（残差 Z-score=8.0，实际=402.0 vs 预测=72.0）
636,2024-04-05 19:39:00,2024-04-05 19:39:00,1.0,割煤高位,IsolationForest; Mahalanobis; 单变量IQR+3σ; 残差,2.426,30,正常
637,2024-04-05 19:42:00,2024-04-05 19:44:00,3.0,调架中,IsolationForest; Mahalanobis; 单变量IQR+3σ; 残差,2.408,90,正常
638,2024-04-05 19:48:00,2024-04-05 19:48:00,1.0,割煤高位,IsolationForest; Mahalanobis; 单变量IQR+3σ; 残差,5.842,30,残差异常：采煤机_油泵_右电机_电流 偏高（残差 Z-score=5.8，实际=60.0 vs 预测=16.8）
639,2024-04-05 19:53:00,2024-04-05 19:56:00,4.0,待机-高位,IsolationForest; Mahalanobis; 单变量IQR+3σ; 残差,1752.445,120,Mahalanobis 距离=1752.4（阈值=18.5）。主要贡献特征：PC2 (61.2%); PC3 (38.7%)。
640,2024-04-05 20:03:00,2024-04-05 20:03:00,1.0,调架中,IsolationForest; Mahalanobis; 单变量IQR+3σ; 残差,4.813,30,正常
641,2024-04-05 20:05:00,2024-04-05 20:06:00,2.0,割煤高位,IsolationForest; Mahalanobis; 单变量IQR+3σ; 残差,3.343,60,正常
642,2024-04-05 20:12:00,2024-04-05 20:12:00,1.0,调架中,IsolationForest; Mahalanobis; 单变量IQR+3σ; 残差,3.422,30,残差异常：采煤机_牵引部位_右电机_电流 偏高（残差 Z-score=3.4，实际=190.0 vs 预测=27.4）
643,2024-04-05 20:19:00,2024-04-05 20:20:00,2.0,割煤中位,IsolationForest; Mahalanobis; 单变量IQR+3σ; 残差,3.33,60,正常
644,2024-04-05 20:33:00,2024-04-05 20:33:00,1.0,待机,IsolationForest; Mahalanobis; 单变量IQR+3σ; 残差,2903.667,30,Mahalanobis 距离=2903.7（阈值=18.5）。主要贡献特征：PC2 (74.0%); PC3 (25.0%)。
645,2024-04-05 20:35:00,2024-04-05 20:36:00,2.0,割煤高位,IsolationForest; Mahalanobis; 单变量IQR+3σ; 残差,5.368,60,正常
646,2024-04-05 20:47:00,2024-04-05 20:48:00,2.0,割煤中位,IsolationForest; Mahalanobis; 单变量IQR+3σ; 残差,3.812,60,正常
647,2024-04-05 20:56:00,2024-04-05 20:56:00,1.0,割煤高位,IsolationForest; Mahalanobis; 单变量IQR+3σ; 残差,5.551,30,残差异常：采煤机_截割部位_右滚筒_电机_电流 偏高（残差 Z-score=5.6，实际=310.0 vs 预测=81.6）
648,2024-04-05 21:01:00,2024-04-05 21:04:00,4.0,待机-高位,IsolationForest; Mahalanobis; 单变量IQR+3σ; 残差,4819.087,120,Mahalanobis 距离=4819.1（阈值=18.5）。主要贡献特征：PC2 (79.5%); PC3 (20.2%)。
649,2024-04-05 21:07:00,2024-04-05 21:08:00,2.0,割煤高位,IsolationForest; Mahalanobis; 单变量IQR+3σ; 残差,3.293,60,正常
650,2024-04-05 21:14:00,2024-04-05 21:14:00,1.0,割煤中位,IsolationForest; Mahalanobis; 单变量IQR+3σ; 残差,1.691,30,正常
651,2024-04-05 21:17:00,2024-04-05 21:17:00,1.0,割煤高位,IsolationForest; Mahalanobis; 单变量IQR+3σ; 残差,3.61,30,正常
652,2024-04-05 21:20:00,2024-04-05 21:21:00,2.0,割煤中位,IsolationForest; Mahalanobis; 单变量IQR+3σ; 残差,6.372,60,残差异常：采煤机_油泵_右电机_电流 偏高（残差 Z-score=6.4，实际=57.0 vs 预测=17.4）
653,2024-04-05 21:24:00,2024-04-05 21:25:00,2.0,待机,IsolationForest; Mahalanobis; 单变量IQR+3σ; 残差,3182.434,60,Mahalanobis 距离=3182.4（阈值=18.5）。主要贡献特征：PC2 (62.8%); PC3 (36.0%); PC4 (1.2%)。
654,2024-04-05 21:36:00,2024-04-05 21:36:00,1.0,割煤中位,IsolationForest; Mahalanobis; 单变量IQR+3σ; 残差,5.787,30,正常
655,2024-04-05 21:42:00,2024-04-05 21:42:00,1.0,割煤高位,IsolationForest; Mahalanobis; 单变量IQR+3σ; 残差,3.813,30,残差异常：采煤机_油泵_右电机_电流 偏高（残差 Z-score=3.8，实际=46.0 vs 预测=17.8）
656,2024-04-05 21:45:00,2024-04-05 21:46:00,2.0,待机-高位,IsolationForest; Mahalanobis; 单变量IQR+3σ; 残差,1322.859,60,Mahalanobis 距离=1322.9（阈值=18.5）。主要贡献特征：PC2 (58.5%); PC3 (41.5%)。
657,2024-04-05 21:48:00,2024-04-05 21:52:00,5.0,待机-高位,IsolationForest; Mahalanobis; 单变量IQR+3σ; 残差,1107.97,150,Mahalanobis 距离=1108.0（阈值=18.5）。主要贡献特征：PC2 (64.9%); PC3 (34.8%)。
658,2024-04-05 21:55:00,2024-04-05 21:55:00,1.0,割煤高位,IsolationForest; Mahalanobis; 单变量IQR+3σ; 残差,5.808,30,正常
659,2024-04-05 22:16:00,2024-04-05 22:16:00,1.0,割煤高位,IsolationForest; Mahalanobis; 单变量IQR+3σ; 残差,4.666,30,正常
660,2024-04-05 22:19:00,2024-04-05 22:19:00,1.0,割煤中位,IsolationForest; Mahalanobis; 单变量IQR+3σ; 残差,5.908,30,正常
661,2024-04-05 22:22:00,2024-04-05 22:29:00,8.0,待机-高位,IsolationForest; Mahalanobis; 单变量IQR+3σ; 残差,1062.382,240,Mahalanobis 距离=1062.4（阈值=18.5）。主要贡献特征：PC2 (58.2%); PC3 (41.4%)。
662,2024-04-05 22:37:00,2024-04-05 22:37:00,1.0,调架中,IsolationForest; Mahalanobis; 单变量IQR+3σ; 残差,5.985,30,正常
663,2024-04-05 22:50:00,2024-04-05 22:54:00,5.0,待机,IsolationForest; Mahalanobis; 单变量IQR+3σ; 残差,4194.256,150,Mahalanobis 距离=4194.3（阈值=18.5）。主要贡献特征：PC2 (79.8%); PC3 (19.4%)。
664,2024-04-05 23:07:00,2024-04-05 23:07:00,1.0,割煤高位,IsolationForest; Mahalanobis; 单变量IQR+3σ; 残差,5.609,30,残差异常：采煤机_截割部位_右滚筒_电机_电流 偏高（残差 Z-score=5.6，实际=314.0 vs 预测=83.2）
665,2024-04-05 23:09:00,2024-04-05 23:12:00,4.0,待机-高位,IsolationForest; Mahalanobis; 单变量IQR+3σ; 残差,7203.965,120,Mahalanobis 距离=7204.0（阈值=18.5）。主要贡献特征：PC2 (91.9%); PC3 (7.7%)。
666,2024-04-05 23:19:00,2024-04-05 23:23:00,5.0,待机-高位,IsolationForest; Mahalanobis; 单变量IQR+3σ; 残差,1405.365,150,Mahalanobis 距离=1405.4（阈值=18.5）。主要贡献特征：PC2 (82.0%); PC3 (18.0%)。
667,2024-04-06 00:08:00,2024-04-06 00:12:00,5.0,待机-高位,IsolationForest; Mahalanobis; 单变量IQR+3σ; 残差,1842.037,150,Mahalanobis 距离=1842.0（阈值=18.5）。主要贡献特征：PC2 (94.5%); PC4 (5.0%)。
668,2024-04-06 00:14:00,2024-04-06 00:16:00,3.0,待机-高位,IsolationForest; Mahalanobis; 单变量IQR+3σ; 残差,11.256,90,正常
669,2024-04-06 00:19:00,2024-04-06 00:20:00,2.0,割煤中位,IsolationForest; Mahalanobis; 单变量IQR+3σ; 残差,4.158,60,正常
670,2024-04-06 00:31:00,2024-04-06 00:32:00,2.0,割煤高位,IsolationForest; Mahalanobis; 单变量IQR+3σ; 残差,4.636,60,正常
671,2024-04-06 00:37:00,2024-04-06 00:38:00,2.0,待机-高位,IsolationForest; Mahalanobis; 单变量IQR+3σ; 残差,2024.467,60,Mahalanobis 距离=2024.5（阈值=18.5）。主要贡献特征：PC2 (59.8%); PC3 (39.1%); PC4 (1.1%)。
672,2024-04-06 00:40:00,2024-04-06 00:40:00,1.0,割煤高位,IsolationForest; Mahalanobis; 单变量IQR+3σ; 残差,3.655,30,正常
673,2024-04-06 00:57:00,2024-04-06 00:59:00,3.0,待机-高位,IsolationForest; Mahalanobis; 单变量IQR+3σ; 残差,1939.42,90,Mahalanobis 距离=1939.4（阈值=18.5）。主要贡献特征：PC2 (63.9%); PC3 (36.0%)。
674,2024-04-06 01:01:00,2024-04-06 01:02:00,2.0,割煤高位,IsolationForest; Mahalanobis; 单变量IQR+3σ; 残差,5.721,60,残差异常：采煤机_截割部位_右滚筒_电机_电流 偏高（残差 Z-score=5.7，实际=334.0 vs 预测=98.6）
675,2024-04-06 01:11:00,2024-04-06 01:12:00,2.0,割煤中位,IsolationForest; Mahalanobis; 单变量IQR+3σ; 残差,2.05,60,正常
676,2024-04-06 01:14:00,2024-04-06 01:15:00,2.0,割煤中位,IsolationForest; Mahalanobis; 单变量IQR+3σ; 残差,7.476,60,单变量异常：采煤机_油泵_左电机_电流（z-score=7.5，实际=67.0，均值=18.3±6.5）
677,2024-04-06 01:35:00,2024-04-06 01:35:00,1.0,割煤高位,IsolationForest; Mahalanobis; 单变量IQR+3σ; 残差,4.192,30,残差异常：采煤机_油泵_右电机_电流 偏高（残差 Z-score=4.2，实际=48.0 vs 预测=17.0）
678,2024-04-06 01:46:00,2024-04-06 01:46:00,1.0,割煤高位,IsolationForest; Mahalanobis; 单变量IQR+3σ; 残差,4.706,30,残差异常：采煤机_油泵_右电机_电流 偏高（残差 Z-score=4.7，实际=52.0 vs 预测=17.2）
679,2024-04-06 01:57:00,2024-04-06 01:57:00,1.0,割煤中位,IsolationForest; Mahalanobis; 单变量IQR+3σ; 残差,6.248,30,正常
680,2024-04-06 02:06:00,2024-04-06 02:06:00,1.0,待机-高位,IsolationForest; Mahalanobis; 单变量IQR+3σ; 残差,5767.718,30,Mahalanobis 距离=5767.7（阈值=18.5）。主要贡献特征：PC2 (80.0%); PC3 (20.0%)。
681,2024-04-06 02:08:00,2024-04-06 02:11:00,4.0,待机-高位,IsolationForest; Mahalanobis; 单变量IQR+3σ; 残差,3235.943,120,Mahalanobis 距离=3235.9（阈值=18.5）。主要贡献特征：PC2 (72.8%); PC3 (27.2%)。
682,2024-04-06 02:16:00,2024-04-06 02:17:00,2.0,调架中,IsolationForest; Mahalanobis; 单变量IQR+3σ; 残差,8.546,60,正常
683,2024-04-06 02:28:00,2024-04-06 02:28:00,1.0,割煤高位,IsolationForest; Mahalanobis; 单变量IQR+3σ; 残差,4.05,30,正常
684,2024-04-06 02:42:00,2024-04-06 02:42:00,1.0,调架中,IsolationForest; Mahalanobis; 单变量IQR+3σ; 残差,4.585,30,残差异常：采煤机_油泵_左电机_电流 偏高（残差 Z-score=4.6，实际=54.0 vs 预测=17.0）
685,2024-04-06 02:51:00,2024-04-06 02:51:00,1.0,调架中,IsolationForest; Mahalanobis; 单变量IQR+3σ; 残差,7.118,30,正常
686,2024-04-06 03:03:00,2024-04-06 03:05:00,3.0,待机,IsolationForest; Mahalanobis; 单变量IQR+3σ; 残差,3687.419,90,Mahalanobis 距离=3687.4（阈值=18.5）。主要贡献特征：PC2 (87.2%); PC4 (10.1%); PC3 (2.7%)。
687,2024-04-06 03:08:00,2024-04-06 03:08:00,1.0,割煤中位,IsolationForest; Mahalanobis; 单变量IQR+3σ; 残差,5.117,30,残差异常：采煤机_油泵_右电机_电流 偏高（残差 Z-score=5.1，实际=49.0 vs 预测=17.2）
688,2024-04-06 03:10:00,2024-04-06 03:10:00,1.0,割煤高位,IsolationForest; Mahalanobis; 单变量IQR+3σ; 残差,4.53,30,残差异常：采煤机_截割部位_右滚筒_电机_电流 偏高（残差 Z-score=4.5，实际=273.0 vs 预测=86.6）
689,2024-04-06 03:22:00,2024-04-06 03:22:00,1.0,割煤高位,IsolationForest; Mahalanobis; 单变量IQR+3σ; 残差,1.95,30,正常
690,2024-04-06 03:30:00,2024-04-06 03:30:00,1.0,割煤中位,IsolationForest; Mahalanobis; 单变量IQR+3σ; 残差,5.585,30,正常
691,2024-04-06 03:36:00,2024-04-06 03:36:00,1.0,割煤中位,IsolationForest; Mahalanobis; 单变量IQR+3σ; 残差,5.585,30,正常
692,2024-04-06 03:47:00,2024-04-06 03:47:00,1.0,割煤高位,IsolationForest; Mahalanobis; 单变量IQR+3σ; 残差,4.636,30,正常
693,2024-04-06 03:54:00,2024-04-06 03:54:00,1.0,割煤中位,IsolationForest; Mahalanobis; 单变量IQR+3σ; 残差,5.48,30,正常
694,2024-04-06 04:00:00,2024-04-06 04:00:00,1.0,割煤中位,IsolationForest; Mahalanobis; 单变量IQR+3σ; 残差,2.64,30,正常
695,2024-04-06 04:03:00,2024-04-06 04:03:00,1.0,割煤高位,IsolationForest; Mahalanobis; 单变量IQR+3σ; 残差,4.05,30,正常
696,2024-04-06 04:05:00,2024-04-06 04:05:00,1.0,割煤高位,IsolationForest; Mahalanobis; 单变量IQR+3σ; 残差,5.139,30,残差异常：采煤机_油泵_右电机_电流 偏高（残差 Z-score=5.1，实际=55.0 vs 预测=17.0）
697,2024-04-06 04:07:00,2024-04-06 04:10:00,4.0,待机-高位,IsolationForest; Mahalanobis; 单变量IQR+3σ; 残差,3306.23,120,Mahalanobis 距离=3306.2（阈值=18.5）。主要贡献特征：PC2 (71.3%); PC3 (28.0%)。
698,2024-04-06 04:28:00,2024-04-06 04:30:00,3.0,割煤高位,IsolationForest; Mahalanobis; 单变量IQR+3σ; 残差,4.343,90,正常
699,2024-04-06 04:35:00,2024-04-06 04:38:00,4.0,待机-高位,IsolationForest; Mahalanobis; 单变量IQR+3σ; 残差,3507.391,120,Mahalanobis 距离=3507.4（阈值=18.5）。主要贡献特征：PC2 (80.3%); PC3 (19.4%)。
700,2024-04-06 04:44:00,2024-04-06 04:44:00,1.0,待机-高位,IsolationForest; Mahalanobis; 单变量IQR+3σ; 残差,3831.049,30,Mahalanobis 距离=3831.0（阈值=18.5）。主要贡献特征：PC2 (78.2%); PC3 (21.5%)。
701,2024-04-06 04:46:00,2024-04-06 04:48:00,3.0,待机,IsolationForest; Mahalanobis; 单变量IQR+3σ; 残差,3781.297,90,Mahalanobis 距离=3781.3（阈值=18.5）。主要贡献特征：PC2 (78.5%); PC3 (20.6%)。
702,2024-04-06 05:00:00,2024-04-06 05:00:00,1.0,割煤高位,IsolationForest; Mahalanobis; 单变量IQR+3σ; 残差,4.976,30,残差异常：采煤机_油泵_右电机_电流 偏高（残差 Z-score=5.0，实际=54.0 vs 预测=17.2）
703,2024-04-06 05:06:00,2024-04-06 05:09:00,4.0,待机-高位,IsolationForest; Mahalanobis; 单变量IQR+3σ; 残差,3239.168,120,Mahalanobis 距离=3239.2（阈值=18.5）。主要贡献特征：PC2 (74.3%); PC3 (25.2%)。
704,2024-04-06 05:36:00,2024-04-06 05:36:00,1.0,割煤高位,IsolationForest; Mahalanobis; 单变量IQR+3σ; 残差,3.032,30,正常
705,2024-04-06 05:41:00,2024-04-06 05:43:00,3.0,待机,IsolationForest; Mahalanobis; 单变量IQR+3σ; 残差,3978.786,90,Mahalanobis 距离=3978.8（阈值=18.5）。主要贡献特征：PC2 (73.1%); PC3 (26.9%)。
706,2024-04-06 06:01:00,2024-04-06 06:01:00,1.0,割煤高位,IsolationForest; Mahalanobis; 单变量IQR+3σ; 残差,4.3,30,残差异常：采煤机_油泵_右电机_电流 偏高（残差 Z-score=4.3，实际=49.0 vs 预测=17.2）
707,2024-04-06 06:15:00,2024-04-06 06:15:00,1.0,割煤高位,IsolationForest; Mahalanobis; 单变量IQR+3σ; 残差,5.661,30,正常
708,2024-04-06 06:17:00,2024-04-06 06:17:00,1.0,割煤中位,IsolationForest; Mahalanobis; 单变量IQR+3σ; 残差,5.787,30,正常
709,2024-04-06 06:23:00,2024-04-06 06:23:00,1.0,割煤高位,IsolationForest; Mahalanobis; 单变量IQR+3σ; 残差,4.679,30,残差异常：采煤机_油泵_右电机_电流 偏高（残差 Z-score=4.7，实际=52.0 vs 预测=17.4）
710,2024-04-06 06:29:00,2024-04-06 06:29:00,1.0,调架中,IsolationForest; Mahalanobis; 单变量IQR+3σ; 残差,3.07,30,残差异常：采煤机_牵引部位_左电机_温度 偏高（残差 Z-score=3.1，实际=73.0 vs 预测=57.2）
711,2024-04-06 06:39:00,2024-04-06 06:40:00,2.0,割煤中位,IsolationForest; Mahalanobis; 单变量IQR+3σ; 残差,5.787,60,单变量异常：采煤机_油泵_左电机_电流（z-score=5.8，实际=56.0，均值=18.3±6.5）
712,2024-04-06 06:43:00,2024-04-06 06:43:00,1.0,割煤中位,IsolationForest; Mahalanobis; 单变量IQR+3σ; 残差,2.569,30,正常
713,2024-04-06 06:50:00,2024-04-06 06:51:00,2.0,待机-高位,IsolationForest; Mahalanobis; 单变量IQR+3σ; 残差,3406.842,60,Mahalanobis 距离=3406.8（阈值=18.5）。主要贡献特征：PC2 (79.4%); PC3 (20.2%)。
714,2024-04-06 07:04:00,2024-04-06 07:04:00,1.0,待机-高位,IsolationForest; Mahalanobis; 单变量IQR+3σ; 残差,3100.56,30,Mahalanobis 距离=3100.6（阈值=18.5）。主要贡献特征：PC2 (71.4%); PC3 (27.8%)。
715,2024-04-06 07:07:00,2024-04-06 07:08:00,2.0,待机-高位,IsolationForest; Mahalanobis; 单变量IQR+3σ; 残差,2420.546,60,Mahalanobis 距离=2420.5（阈值=18.5）。主要贡献特征：PC2 (71.4%); PC3 (28.4%)。
716,2024-04-06 07:15:00,2024-04-06 07:15:00,1.0,割煤中位,IsolationForest; Mahalanobis; 单变量IQR+3σ; 残差,3.292,30,残差异常：采煤机_截割部位_右滚筒_电机_温度 偏高（残差 Z-score=3.3，实际=74.0 vs 预测=66.4）
717,2024-04-06 07:20:00,2024-04-06 07:20:00,1.0,割煤高位,IsolationForest; Mahalanobis; 单变量IQR+3σ; 残差,3.261,30,正常
718,2024-04-06 07:24:00,2024-04-06 07:24:00,1.0,待机-高位,IsolationForest; Mahalanobis; 单变量IQR+3σ; 残差,1719.571,30,Mahalanobis 距离=1719.6（阈值=18.5）。主要贡献特征：PC2 (62.3%); PC3 (37.6%)。
719,2024-04-06 07:28:00,2024-04-06 07:28:00,1.0,调架中,IsolationForest; Mahalanobis; 单变量IQR+3σ; 残差,10.709,30,正常
720,2024-04-06 07:59:00,2024-04-06 08:02:00,4.0,待机-高位,IsolationForest; Mahalanobis; 单变量IQR+3σ; 残差,1834.612,120,Mahalanobis 距离=1834.6（阈值=18.5）。主要贡献特征：PC2 (61.3%); PC3 (38.7%)。
721,2024-04-06 08:05:00,2024-04-06 08:05:00,1.0,割煤高位,IsolationForest; Mahalanobis; 单变量IQR+3σ; 残差,6.247,30,正常
722,2024-04-06 08:25:00,2024-04-06 08:25:00,1.0,割煤高位,IsolationForest; Mahalanobis; 单变量IQR+3σ; 残差,5.003,30,残差异常：采煤机_油泵_右电机_电流 偏高（残差 Z-score=5.0，实际=54.0 vs 预测=17.0）
723,2024-04-06 08:28:00,2024-04-06 08:28:00,1.0,割煤高位,IsolationForest; Mahalanobis; 单变量IQR+3σ; 残差,3.528,30,正常
724,2024-04-06 08:31:00,2024-04-06 08:31:00,1.0,割煤高位,IsolationForest; Mahalanobis; 单变量IQR+3σ; 残差,3.407,30,正常
725,2024-04-06 08:44:00,2024-04-06 08:44:00,1.0,割煤中位,IsolationForest; Mahalanobis; 单变量IQR+3σ; 残差,4.251,30,正常
726,2024-04-06 09:43:00,2024-04-06 09:43:00,1.0,割煤高位,IsolationForest; Mahalanobis; 单变量IQR+3σ; 残差,2.866,30,正常
727,2024-04-06 09:49:00,2024-04-06 09:50:00,2.0,割煤中位,IsolationForest; Mahalanobis; 单变量IQR+3σ; 残差,6.019,60,残差异常：采煤机_截割部位_左滚筒_电机_电流 偏高（残差 Z-score=6.0，实际=320.0 vs 预测=67.0）
728,2024-04-06 09:57:00,2024-04-06 09:59:00,3.0,待机,IsolationForest; Mahalanobis; 单变量IQR+3σ; 残差,3379.203,90,Mahalanobis 距离=3379.2（阈值=18.5）。主要贡献特征：PC2 (79.7%); PC3 (20.0%)。
729,2024-04-06 10:01:00,2024-04-06 10:08:00,8.0,待机,IsolationForest; Mahalanobis; 单变量IQR+3σ; 残差,3292.898,240,Mahalanobis 距离=3292.9（阈值=18.5）。主要贡献特征：PC2 (97.6%); PC3 (2.2%)。
730,2024-04-06 11:30:00,2024-04-06 11:32:00,3.0,待机,IsolationForest; Mahalanobis; 单变量IQR+3σ; 残差,4.588,90,正常
731,2024-04-06 12:51:00,2024-04-06 12:54:00,4.0,停机,IsolationForest; Mahalanobis; 单变量IQR+3σ; 残差,7.744,120,正常
732,2024-04-06 13:12:00,2024-04-06 13:17:00,6.0,待机,IsolationForest; Mahalanobis; 单变量IQR+3σ; 残差,2638.979,180,Mahalanobis 距离=2639.0（阈值=18.5）。主要贡献特征：PC2 (88.0%); PC4 (12.0%)。
733,2024-04-06 14:05:00,2024-04-06 14:11:00,7.0,待机,IsolationForest; Mahalanobis; 单变量IQR+3σ; 残差,30.734,210,Mahalanobis 距离=30.7（阈值=18.5）。主要贡献特征：PC2 (48.5%); PC3 (34.8%); PC1 (12.3%)。
734,2024-04-06 15:01:00,2024-04-06 15:08:00,8.0,待机,IsolationForest; Mahalanobis; 单变量IQR+3σ; 残差,2645.675,240,Mahalanobis 距离=2645.7（阈值=18.5）。主要贡献特征：PC2 (89.3%); PC4 (10.6%)。
735,2024-04-06 15:29:00,2024-04-06 15:44:00,16.0,待机,IsolationForest; Mahalanobis; 单变量IQR+3σ; 残差,3833.526,480,Mahalanobis 距离=3833.5（阈值=18.5）。主要贡献特征：PC2 (68.1%); PC3 (30.8%); PC4 (1.1%)。
736,2024-04-06 15:47:00,2024-04-06 16:00:00,14.0,待机-高位,IsolationForest; Mahalanobis; 单变量IQR+3σ; 残差,29434.59,420,Mahalanobis 距离=29434.6（阈值=18.5）。主要贡献特征：PC2 (98.9%); PC3 (1.1%)。
737,2024-04-06 16:02:00,2024-04-06 16:05:00,4.0,待机,IsolationForest; Mahalanobis; 单变量IQR+3σ; 残差,2501.794,120,Mahalanobis 距离=2501.8（阈值=18.5）。主要贡献特征：PC2 (89.4%); PC4 (9.7%)。
738,2024-04-06 16:09:00,2024-04-06 16:12:00,4.0,割煤中位,IsolationForest; Mahalanobis; 单变量IQR+3σ; 残差,3.025,120,正常
739,2024-04-06 16:14:00,2024-04-06 16:21:00,8.0,待机-高位,IsolationForest; Mahalanobis; 单变量IQR+3σ; 残差,2056.344,240,Mahalanobis 距离=2056.3（阈值=18.5）。主要贡献特征：PC2 (69.1%); PC3 (30.6%)。
740,2024-04-06 16:29:00,2024-04-06 16:29:00,1.0,割煤中位,IsolationForest; Mahalanobis; 单变量IQR+3σ; 残差,5.265,30,正常
741,2024-04-06 16:31:00,2024-04-06 16:37:00,7.0,待机-高位,IsolationForest; Mahalanobis; 单变量IQR+3σ; 残差,6268.426,210,Mahalanobis 距离=6268.4（阈值=18.5）。主要贡献特征：PC2 (80.9%); PC3 (18.8%)。
742,2024-04-06 16:41:00,2024-04-06 16:41:00,1.0,调架中,IsolationForest; Mahalanobis; 单变量IQR+3σ; 残差,3.074,30,残差异常：采煤机_油泵_左电机_电流 偏高（残差 Z-score=3.1，实际=42.0 vs 预测=17.2）
743,2024-04-06 16:56:00,2024-04-06 16:56:00,1.0,割煤高位,IsolationForest; Mahalanobis; 单变量IQR+3σ; 残差,3.542,30,残差异常：采煤机_牵引部位_左电机_温度 偏高（残差 Z-score=3.5，实际=61.0 vs 预测=46.6）
744,2024-04-06 17:02:00,2024-04-06 17:02:00,1.0,割煤高位,IsolationForest; Mahalanobis; 单变量IQR+3σ; 残差,4.856,30,正常
745,2024-04-06 17:14:00,2024-04-06 17:24:00,11.0,待机,IsolationForest; Mahalanobis; 单变量IQR+3σ; 残差,3896.992,330,Mahalanobis 距离=3897.0（阈值=18.5）。主要贡献特征：PC2 (76.6%); PC3 (23.2%)。
746,2024-04-06 17:35:00,2024-04-06 17:40:00,6.0,调架中,IsolationForest; Mahalanobis; 单变量IQR+3σ; 残差,5.712,180,正常
747,2024-04-06 17:44:00,2024-04-06 17:44:00,1.0,调架中,IsolationForest; Mahalanobis; 单变量IQR+3σ; 残差,3.547,30,残差异常：采煤机_破碎机_电机_电流 偏高（残差 Z-score=3.5，实际=63.0 vs 预测=6.6）
748,2024-04-06 17:46:00,2024-04-06 17:50:00,5.0,待机,IsolationForest; Mahalanobis; 单变量IQR+3σ; 残差,5074.335,150,Mahalanobis 距离=5074.3（阈值=18.5）。主要贡献特征：PC2 (90.2%); PC4 (8.7%); PC3 (1.1%)。
749,2024-04-06 17:52:00,2024-04-06 17:53:00,2.0,调架中,IsolationForest; Mahalanobis; 单变量IQR+3σ; 残差,5.473,60,单变量异常：采煤机_油泵_左电机_电流（z-score=5.5，实际=64.0，均值=18.2±8.4）
750,2024-04-06 17:56:00,2024-04-06 18:00:00,5.0,待机,IsolationForest; Mahalanobis; 单变量IQR+3σ; 残差,4296.608,150,Mahalanobis 距离=4296.6（阈值=18.5）。主要贡献特征：PC2 (82.5%); PC3 (17.4%)。
751,2024-04-06 18:03:00,2024-04-06 18:07:00,5.0,调架中,IsolationForest; Mahalanobis; 单变量IQR+3σ; 残差,2.636,150,正常
752,2024-04-06 18:23:00,2024-04-06 18:24:00,2.0,待机,IsolationForest; Mahalanobis; 单变量IQR+3σ; 残差,3197.849,60,Mahalanobis 距离=3197.8（阈值=18.5）。主要贡献特征：PC2 (73.8%); PC3 (26.0%)。
753,2024-04-06 18:48:00,2024-04-06 18:50:00,3.0,割煤中位,IsolationForest; Mahalanobis; 单变量IQR+3σ; 残差,4.896,90,残差异常：采煤机_截割部位_左滚筒_电机_电流 偏高（残差 Z-score=4.9，实际=277.0 vs 预测=71.2）
754,2024-04-06 18:52:00,2024-04-06 18:52:00,1.0,调架中,IsolationForest; Mahalanobis; 单变量IQR+3σ; 残差,7.496,30,正常
755,2024-04-06 19:16:00,2024-04-06 19:16:00,1.0,割煤中位,IsolationForest; Mahalanobis; 单变量IQR+3σ; 残差,3.896,30,残差异常：采煤机_牵引部位_左电机_电流 偏高（残差 Z-score=3.9，实际=226.0 vs 预测=108.8）
756,2024-04-06 19:18:00,2024-04-06 19:19:00,2.0,待机,IsolationForest; Mahalanobis; 单变量IQR+3σ; 残差,3120.688,60,Mahalanobis 距离=3120.7（阈值=18.5）。主要贡献特征：PC2 (71.8%); PC3 (27.3%)。
757,2024-04-06 19:27:00,2024-04-06 19:27:00,1.0,割煤高位,IsolationForest; Mahalanobis; 单变量IQR+3σ; 残差,3.021,30,残差异常：采煤机_破碎机_电机_电流 偏高（残差 Z-score=3.0，实际=42.0 vs 预测=6.6）
758,2024-04-06 19:30:00,2024-04-06 19:30:00,1.0,割煤中位,IsolationForest; Mahalanobis; 单变量IQR+3σ; 残差,2.059,30,正常
759,2024-04-06 19:32:00,2024-04-06 19:34:00,3.0,待机,IsolationForest; Mahalanobis; 单变量IQR+3σ; 残差,2813.738,90,Mahalanobis 距离=2813.7（阈值=18.5）。主要贡献特征：PC2 (72.8%); PC3 (27.1%)。
760,2024-04-06 19:53:00,2024-04-06 19:53:00,1.0,割煤高位,IsolationForest; Mahalanobis; 单变量IQR+3σ; 残差,5.572,30,残差异常：采煤机_油泵_右电机_电流 偏高（残差 Z-score=5.6，实际=59.0 vs 预测=17.8）
761,2024-04-06 19:55:00,2024-04-06 19:57:00,3.0,割煤中位,IsolationForest; Mahalanobis; 单变量IQR+3σ; 残差,3.065,90,残差异常：采煤机_破碎机_电机_电流 偏高（残差 Z-score=3.1，实际=34.0 vs 预测=0.0）
762,2024-04-06 20:00:00,2024-04-06 20:00:00,1.0,割煤中位,IsolationForest; Mahalanobis; 单变量IQR+3σ; 残差,7.846,30,正常
763,2024-04-06 20:11:00,2024-04-06 20:11:00,1.0,割煤高位,IsolationForest; Mahalanobis; 单变量IQR+3σ; 残差,5.661,30,正常
764,2024-04-06 20:21:00,2024-04-06 20:22:00,2.0,待机,IsolationForest; Mahalanobis; 单变量IQR+3σ; 残差,5181.011,60,Mahalanobis 距离=5181.0（阈值=18.5）。主要贡献特征：PC2 (84.3%); PC3 (15.5%)。
765,2024-04-06 20:38:00,2024-04-06 20:38:00,1.0,调架中,IsolationForest; Mahalanobis; 单变量IQR+3σ; 残差,8.365,30,残差异常：采煤机_破碎机_电机_电流 偏高（残差 Z-score=8.4，实际=133.0 vs 预测=0.0）
766,2024-04-06 20:50:00,2024-04-06 20:50:00,1.0,割煤中位,IsolationForest; Mahalanobis; 单变量IQR+3σ; 残差,4.866,30,单变量异常：采煤机_油泵_左电机_电流（z-score=4.9，实际=50.0，均值=18.3±6.5）
767,2024-04-06 20:52:00,2024-04-06 20:53:00,2.0,割煤中位,IsolationForest; Mahalanobis; 单变量IQR+3σ; 残差,3.031,60,残差异常：采煤机_截割部位_左滚筒_电机_电流 偏高（残差 Z-score=3.0，实际=199.0 vs 预测=71.6）
768,2024-04-06 21:00:00,2024-04-06 21:00:00,1.0,割煤中位,IsolationForest; Mahalanobis; 单变量IQR+3σ; 残差,4.712,30,正常
769,2024-04-06 21:13:00,2024-04-06 21:13:00,1.0,割煤中位,IsolationForest; Mahalanobis; 单变量IQR+3σ; 残差,6.555,30,正常
770,2024-04-06 21:19:00,2024-04-06 21:19:00,1.0,调架中,IsolationForest; Mahalanobis; 单变量IQR+3σ; 残差,5.418,30,正常
771,2024-04-06 21:25:00,2024-04-06 21:28:00,4.0,待机-高位,IsolationForest; Mahalanobis; 单变量IQR+3σ; 残差,2637.674,120,Mahalanobis 距离=2637.7（阈值=18.5）。主要贡献特征：PC2 (69.1%); PC3 (30.7%)。
772,2024-04-06 21:45:00,2024-04-06 21:45:00,1.0,调架中,IsolationForest; Mahalanobis; 单变量IQR+3σ; 残差,16.323,30,正常
773,2024-04-06 21:47:00,2024-04-06 21:48:00,2.0,割煤高位,IsolationForest; Mahalanobis; 单变量IQR+3σ; 残差,13.821,60,正常
774,2024-04-06 21:51:00,2024-04-06 21:51:00,1.0,割煤高位,IsolationForest; Mahalanobis; 单变量IQR+3σ; 残差,4.138,30,残差异常：采煤机_油泵_右电机_电流 偏高（残差 Z-score=4.1，实际=48.0 vs 预测=17.4）
775,2024-04-06 21:55:00,2024-04-06 22:01:00,7.0,待机-高位,IsolationForest; Mahalanobis; 单变量IQR+3σ; 残差,2736.939,210,Mahalanobis 距离=2736.9（阈值=18.5）。主要贡献特征：PC2 (69.3%); PC3 (30.5%)。
776,2024-04-06 22:05:00,2024-04-06 22:05:00,1.0,割煤中位,IsolationForest; Mahalanobis; 单变量IQR+3σ; 残差,5.28,30,正常
777,2024-04-06 22:10:00,2024-04-06 22:10:00,1.0,割煤中位,IsolationForest; Mahalanobis; 单变量IQR+3σ; 残差,5.889,30,残差异常：采煤机_油泵_右电机_电流 偏高（残差 Z-score=5.9，实际=54.0 vs 预测=17.4）
778,2024-04-06 22:18:00,2024-04-06 22:18:00,1.0,割煤高位,IsolationForest; Mahalanobis; 单变量IQR+3σ; 残差,5.842,30,残差异常：采煤机_油泵_右电机_电流 偏高（残差 Z-score=5.8，实际=60.0 vs 预测=16.8）
779,2024-04-06 22:21:00,2024-04-06 22:21:00,1.0,割煤中位,IsolationForest; Mahalanobis; 单变量IQR+3σ; 残差,2.882,30,正常
780,2024-04-06 22:29:00,2024-04-06 22:32:00,4.0,待机-高位,IsolationForest; Mahalanobis; 单变量IQR+3σ; 残差,4433.192,120,Mahalanobis 距离=4433.2（阈值=18.5）。主要贡献特征：PC2 (80.4%); PC3 (19.2%)。
781,2024-04-06 22:38:00,2024-04-06 22:41:00,4.0,割煤高位,IsolationForest; Mahalanobis; 单变量IQR+3σ; 残差,3.787,120,正常
782,2024-04-06 22:48:00,2024-04-06 22:50:00,3.0,割煤中位,IsolationForest; Mahalanobis; 单变量IQR+3σ; 残差,3.694,90,正常
783,2024-04-06 22:52:00,2024-04-06 22:52:00,1.0,调架中,IsolationForest; Mahalanobis; 单变量IQR+3σ; 残差,3.817,30,残差异常：采煤机_油泵_左电机_电流 偏高（残差 Z-score=3.8，实际=48.0 vs 预测=17.2）
784,2024-04-06 22:56:00,2024-04-06 23:00:00,5.0,待机,IsolationForest; Mahalanobis; 单变量IQR+3σ; 残差,3805.732,150,Mahalanobis 距离=3805.7（阈值=18.5）。主要贡献特征：PC2 (73.9%); PC3 (26.1%)。
785,2024-04-06 23:04:00,2024-04-06 23:04:00,1.0,割煤中位,IsolationForest; Mahalanobis; 单变量IQR+3σ; 残差,4.712,30,正常
786,2024-04-06 23:06:00,2024-04-06 23:06:00,1.0,割煤中位,IsolationForest; Mahalanobis; 单变量IQR+3σ; 残差,4.866,30,正常
787,2024-04-06 23:09:00,2024-04-06 23:12:00,4.0,待机-高位,IsolationForest; Mahalanobis; 单变量IQR+3σ; 残差,4314.03,120,Mahalanobis 距离=4314.0（阈值=18.5）。主要贡献特征：PC2 (77.0%); PC3 (22.5%)。
788,2024-04-06 23:29:00,2024-04-06 23:29:00,1.0,割煤中位,IsolationForest; Mahalanobis; 单变量IQR+3σ; 残差,4.866,30,正常
789,2024-04-06 23:34:00,2024-04-06 23:36:00,3.0,割煤中位,IsolationForest; Mahalanobis; 单变量IQR+3σ; 残差,2.465,90,正常
790,2024-04-06 23:40:00,2024-04-06 23:40:00,1.0,割煤高位,IsolationForest; Mahalanobis; 单变量IQR+3σ; 残差,3.903,30,正常
791,2024-04-06 23:46:00,2024-04-06 23:50:00,5.0,待机-高位,IsolationForest; Mahalanobis; 单变量IQR+3σ; 残差,4158.474,150,Mahalanobis 距离=4158.5（阈值=18.5）。主要贡献特征：PC2 (79.1%); PC3 (20.7%)。
792,2024-04-06 23:52:00,2024-04-06 23:53:00,2.0,待机,IsolationForest; Mahalanobis; 单变量IQR+3σ; 残差,21.985,60,Mahalanobis 距离=22.0（阈值=18.5）。主要贡献特征：PC2 (63.9%); PC3 (27.1%); PC1 (7.9%)。
793,2024-04-06 23:55:00,2024-04-06 23:56:00,2.0,割煤高位,IsolationForest; Mahalanobis; 单变量IQR+3σ; 残差,3.631,60,正常
794,2024-04-06 23:58:00,2024-04-06 23:59:00,2.0,割煤低位,IsolationForest; Mahalanobis; 单变量IQR+3σ; 残差,4.896,60,正常
795,2024-04-07 00:05:00,2024-04-07 00:06:00,2.0,待机-高位,IsolationForest; Mahalanobis; 单变量IQR+3σ; 残差,1929.722,60,Mahalanobis 距离=1929.7（阈值=18.5）。主要贡献特征：PC2 (67.3%); PC3 (32.6%)。
796,2024-04-07 00:12:00,2024-04-07 00:12:00,1.0,割煤低位,IsolationForest; Mahalanobis; 单变量IQR+3σ; 残差,5.035,30,正常
797,2024-04-07 00:18:00,2024-04-07 00:18:00,1.0,割煤高位,IsolationForest; Mahalanobis; 单变量IQR+3σ; 残差,3.514,30,残差异常：采煤机_截割部位_右滚筒_电机_电流 偏高（残差 Z-score=3.5，实际=215.0 vs 预测=70.4）
798,2024-04-07 00:32:00,2024-04-07 00:35:00,4.0,待机,IsolationForest; Mahalanobis; 单变量IQR+3σ; 残差,3421.524,120,Mahalanobis 距离=3421.5（阈值=18.5）。主要贡献特征：PC2 (91.4%); PC4 (7.3%); PC3 (1.3%)。
799,2024-04-07 00:37:00,2024-04-07 00:42:00,6.0,待机,IsolationForest; Mahalanobis; 单变量IQR+3σ; 残差,24.305,180,Mahalanobis 距离=24.3（阈值=18.5）。主要贡献特征：PC2 (58.2%); PC3 (36.6%); PC1 (3.7%)。
800,2024-04-07 00:45:00,2024-04-07 00:48:00,4.0,割煤中位,IsolationForest; Mahalanobis; 单变量IQR+3σ; 残差,2.189,120,正常
801,2024-04-07 00:55:00,2024-04-07 00:55:00,1.0,调架中,IsolationForest; Mahalanobis; 单变量IQR+3σ; 残差,3.978,30,正常
802,2024-04-07 00:58:00,2024-04-07 00:58:00,1.0,割煤高位,IsolationForest; Mahalanobis; 单变量IQR+3σ; 残差,3.956,30,正常
803,2024-04-07 01:04:00,2024-04-07 01:06:00,3.0,割煤中位,IsolationForest; Mahalanobis; 单变量IQR+3σ; 残差,1.747,90,正常
804,2024-04-07 01:08:00,2024-04-07 01:14:00,7.0,待机,IsolationForest; Mahalanobis; 单变量IQR+3σ; 残差,2918.273,210,Mahalanobis 距离=2918.3（阈值=18.5）。主要贡献特征：PC2 (79.5%); PC3 (20.5%)。
805,2024-04-07 01:40:00,2024-04-07 01:49:00,10.0,待机-高位,IsolationForest; Mahalanobis; 单变量IQR+3σ; 残差,836.388,300,Mahalanobis 距离=836.4（阈值=18.5）。主要贡献特征：PC3 (71.2%); PC2 (20.4%); PC4 (8.5%)。
806,2024-04-07 02:16:00,2024-04-07 02:25:00,10.0,待机-高位,IsolationForest; Mahalanobis; 单变量IQR+3σ; 残差,10.603,300,正常
807,2024-04-07 02:27:00,2024-04-07 02:34:00,8.0,割煤高位,IsolationForest; Mahalanobis; 单变量IQR+3σ; 残差,6.1,240,正常
808,2024-04-07 02:40:00,2024-04-07 02:40:00,1.0,割煤中位,IsolationForest; Mahalanobis; 单变量IQR+3σ; 残差,6.231,30,正常
809,2024-04-07 02:50:00,2024-04-07 02:50:00,1.0,割煤高位,IsolationForest; Mahalanobis; 单变量IQR+3σ; 残差,4.706,30,残差异常：采煤机_油泵_右电机_电流 偏高（残差 Z-score=4.7，实际=52.0 vs 预测=17.2）
810,2024-04-07 02:58:00,2024-04-07 02:58:00,1.0,割煤高位,IsolationForest; Mahalanobis; 单变量IQR+3σ; 残差,4.929,30,正常
811,2024-04-07 03:12:00,2024-04-07 03:12:00,1.0,调架中,IsolationForest; Mahalanobis; 单变量IQR+3σ; 残差,9.953,30,正常
812,2024-04-07 03:15:00,2024-04-07 03:15:00,1.0,待机-高位,IsolationForest; Mahalanobis; 单变量IQR+3σ; 残差,5655.152,30,Mahalanobis 距离=5655.2（阈值=18.5）。主要贡献特征：PC2 (84.8%); PC3 (14.7%)。
813,2024-04-07 03:20:00,2024-04-07 03:21:00,2.0,待机,IsolationForest; Mahalanobis; 单变量IQR+3σ; 残差,7067.04,60,Mahalanobis 距离=7067.0（阈值=18.5）。主要贡献特征：PC2 (88.3%); PC3 (10.7%)。
814,2024-04-07 03:23:00,2024-04-07 03:25:00,3.0,待机-高位,IsolationForest; Mahalanobis; 单变量IQR+3σ; 残差,2929.051,90,Mahalanobis 距离=2929.1（阈值=18.5）。主要贡献特征：PC2 (80.1%); PC3 (19.7%)。
815,2024-04-07 03:40:00,2024-04-07 03:42:00,3.0,割煤中位,IsolationForest; Mahalanobis; 单变量IQR+3σ; 残差,4.097,90,残差异常：采煤机_截割部位_左滚筒_电机_电流 偏高（残差 Z-score=4.1，实际=246.0 vs 预测=73.8）
816,2024-04-07 03:51:00,2024-04-07 03:55:00,5.0,割煤中位,IsolationForest; Mahalanobis; 单变量IQR+3σ; 残差,20.489,150,Mahalanobis 距离=20.5（阈值=18.5）。主要贡献特征：PC2 (80.7%); PC3 (14.6%); PC4 (3.0%)。
817,2024-04-07 04:04:00,2024-04-07 04:04:00,1.0,割煤高位,IsolationForest; Mahalanobis; 单变量IQR+3σ; 残差,3.455,30,残差异常：采煤机_截割部位_左滚筒_电机_电流 偏高（残差 Z-score=3.5，实际=230.0 vs 预测=92.2）
818,2024-04-07 04:20:00,2024-04-07 04:20:00,1.0,割煤高位,IsolationForest; Mahalanobis; 单变量IQR+3σ; 残差,3.925,30,残差异常：采煤机_破碎机_电机_电流 偏高（残差 Z-score=3.9，实际=46.0 vs 预测=0.0）
819,2024-04-07 04:24:00,2024-04-07 04:27:00,4.0,待机,IsolationForest; Mahalanobis; 单变量IQR+3σ; 残差,2099.138,120,Mahalanobis 距离=2099.1（阈值=18.5）。主要贡献特征：PC2 (57.7%); PC3 (42.1%)。
820,2024-04-07 04:39:00,2024-04-07 04:39:00,1.0,割煤高位,IsolationForest; Mahalanobis; 单变量IQR+3σ; 残差,3.922,30,残差异常：采煤机_油泵_右电机_电流 偏高（残差 Z-score=3.9，实际=46.0 vs 预测=17.0）
821,2024-04-07 04:59:00,2024-04-07 04:59:00,1.0,待机,IsolationForest; Mahalanobis; 单变量IQR+3σ; 残差,3377.652,30,Mahalanobis 距离=3377.7（阈值=18.5）。主要贡献特征：PC2 (78.0%); PC3 (21.1%)。
822,2024-04-07 05:04:00,2024-04-07 05:04:00,1.0,割煤中位,IsolationForest; Mahalanobis; 单变量IQR+3σ; 残差,5.39,30,残差异常：采煤机_破碎机_电机_电流 偏高（残差 Z-score=5.4，实际=71.0 vs 预测=11.2）
823,2024-04-07 05:06:00,2024-04-07 05:06:00,1.0,割煤中位,IsolationForest; Mahalanobis; 单变量IQR+3σ; 残差,5.48,30,正常
824,2024-04-07 05:11:00,2024-04-07 05:11:00,1.0,待机,IsolationForest; Mahalanobis; 单变量IQR+3σ; 残差,3558.698,30,Mahalanobis 距离=3558.7（阈值=18.5）。主要贡献特征：PC2 (75.7%); PC3 (23.4%)。
825,2024-04-07 05:13:00,2024-04-07 05:13:00,1.0,待机,IsolationForest; Mahalanobis; 单变量IQR+3σ; 残差,2842.204,30,Mahalanobis 距离=2842.2（阈值=18.5）。主要贡献特征：PC2 (76.1%); PC3 (23.0%)。
826,2024-04-07 05:15:00,2024-04-07 05:17:00,3.0,割煤中位,IsolationForest; Mahalanobis; 单变量IQR+3σ; 残差,2.614,90,正常
827,2024-04-07 05:19:00,2024-04-07 05:19:00,1.0,待机,IsolationForest; Mahalanobis; 单变量IQR+3σ; 残差,4019.048,30,Mahalanobis 距离=4019.0（阈值=18.5）。主要贡献特征：PC2 (79.7%); PC3 (19.8%)。
828,2024-04-07 05:29:00,2024-04-07 05:29:00,1.0,割煤中位,IsolationForest; Mahalanobis; 单变量IQR+3σ; 残差,3.64,30,残差异常：采煤机_截割部位_左滚筒_电机_电流 偏高（残差 Z-score=3.6，实际=228.0 vs 预测=75.0）
829,2024-04-07 05:32:00,2024-04-07 05:32:00,1.0,割煤高位,IsolationForest; Mahalanobis; 单变量IQR+3σ; 残差,4.782,30,正常
830,2024-04-07 05:47:00,2024-04-07 05:47:00,1.0,割煤中位,IsolationForest; Mahalanobis; 单变量IQR+3σ; 残差,4.558,30,正常
831,2024-04-07 05:49:00,2024-04-07 05:49:00,1.0,割煤高位,IsolationForest; Mahalanobis; 单变量IQR+3σ; 残差,4.679,30,残差异常：采煤机_油泵_右电机_电流 偏高（残差 Z-score=4.7，实际=52.0 vs 预测=17.4）
832,2024-04-07 05:55:00,2024-04-07 05:55:00,1.0,割煤中位,IsolationForest; Mahalanobis; 单变量IQR+3σ; 残差,6.393,30,正常
833,2024-04-07 05:58:00,2024-04-07 05:59:00,2.0,调架中,IsolationForest; Mahalanobis; 单变量IQR+3σ; 残差,19.597,60,残差异常：采煤机_破碎机_电机_电流 偏高（残差 Z-score=19.6，实际=317.0 vs 预测=5.4）
834,2024-04-07 06:03:00,2024-04-07 06:03:00,1.0,割煤中位,IsolationForest; Mahalanobis; 单变量IQR+3σ; 残差,3.93,30,残差异常：采煤机_破碎机_电机_电流 偏高（残差 Z-score=3.9，实际=57.0 vs 预测=13.4）
835,2024-04-07 06:06:00,2024-04-07 06:06:00,1.0,割煤中位,IsolationForest; Mahalanobis; 单变量IQR+3σ; 残差,1.487,30,正常
836,2024-04-07 06:09:00,2024-04-07 06:10:00,2.0,调架中,IsolationForest; Mahalanobis; 单变量IQR+3σ; 残差,2.963,60,正常
837,2024-04-07 06:13:00,2024-04-07 06:13:00,1.0,调架中,IsolationForest; Mahalanobis; 单变量IQR+3σ; 残差,2.016,30,正常
838,2024-04-07 06:17:00,2024-04-07 06:18:00,2.0,割煤高位,IsolationForest; Mahalanobis; 单变量IQR+3σ; 残差,4.544,60,残差异常：采煤机_油泵_右电机_电流 偏高（残差 Z-score=4.5，实际=51.0 vs 预测=17.4）
839,2024-04-07 06:22:00,2024-04-07 06:22:00,1.0,割煤高位,IsolationForest; Mahalanobis; 单变量IQR+3σ; 残差,5.089,30,残差异常：采煤机_截割部位_左滚筒_电机_电流 偏高（残差 Z-score=5.1，实际=291.0 vs 预测=88.0）
840,2024-04-07 06:26:00,2024-04-07 06:26:00,1.0,割煤高位,IsolationForest; Mahalanobis; 单变量IQR+3σ; 残差,5.409,30,正常
841,2024-04-07 06:31:00,2024-04-07 06:36:00,6.0,待机-高位,IsolationForest; Mahalanobis; 单变量IQR+3σ; 残差,2032.553,180,Mahalanobis 距离=2032.6（阈值=18.5）。主要贡献特征：PC2 (70.7%); PC3 (29.1%)。
842,2024-04-07 06:41:00,2024-04-07 06:41:00,1.0,割煤中位,IsolationForest; Mahalanobis; 单变量IQR+3σ; 残差,3.153,30,残差异常：采煤机_截割部位_右滚筒_电机_电流 偏高（残差 Z-score=3.2，实际=180.0 vs 预测=70.0）
843,2024-04-07 06:47:00,2024-04-07 06:49:00,3.0,割煤中位,IsolationForest; Mahalanobis; 单变量IQR+3σ; 残差,3.232,90,正常
844,2024-04-07 06:59:00,2024-04-07 06:59:00,1.0,割煤高位,IsolationForest; Mahalanobis; 单变量IQR+3σ; 残差,6.833,30,正常
845,2024-04-07 07:01:00,2024-04-07 07:01:00,1.0,割煤中位,IsolationForest; Mahalanobis; 单变量IQR+3σ; 残差,7.013,30,残差异常：采煤机_破碎机_电机_电流 偏高（残差 Z-score=7.0，实际=89.0 vs 预测=11.2）
846,2024-04-07 07:08:00,2024-04-07 07:08:00,1.0,待机,IsolationForest; Mahalanobis; 单变量IQR+3σ; 残差,5235.957,30,Mahalanobis 距离=5236.0（阈值=18.5）。主要贡献特征：PC2 (83.5%); PC3 (16.4%)。
847,2024-04-07 07:10:00,2024-04-07 07:12:00,3.0,待机,IsolationForest; Mahalanobis; 单变量IQR+3σ; 残差,4008.36,90,Mahalanobis 距离=4008.4（阈值=18.5）。主要贡献特征：PC2 (82.2%); PC3 (17.4%)。
848,2024-04-07 07:17:00,2024-04-07 07:18:00,2.0,待机,IsolationForest; Mahalanobis; 单变量IQR+3σ; 残差,5645.517,60,Mahalanobis 距离=5645.5（阈值=18.5）。主要贡献特征：PC2 (80.6%); PC3 (18.6%)。
849,2024-04-07 07:22:00,2024-04-07 07:22:00,1.0,待机,IsolationForest; Mahalanobis; 单变量IQR+3σ; 残差,2400.051,30,Mahalanobis 距离=2400.1（阈值=18.5）。主要贡献特征：PC2 (72.9%); PC3 (26.9%)。
850,2024-04-07 07:24:00,2024-04-07 07:27:00,4.0,待机,IsolationForest; Mahalanobis; 单变量IQR+3σ; 残差,3794.913,120,Mahalanobis 距离=3794.9（阈值=18.5）。主要贡献特征：PC2 (80.0%); PC3 (19.4%)。
851,2024-04-07 07:31:00,2024-04-07 07:31:00,1.0,割煤高位,IsolationForest; Mahalanobis; 单变量IQR+3σ; 残差,3.123,30,残差异常：采煤机_破碎机_电机_电流 偏高（残差 Z-score=3.1，实际=42.0 vs 预测=5.4）
852,2024-04-07 07:43:00,2024-04-07 07:43:00,1.0,割煤中位,IsolationForest; Mahalanobis; 单变量IQR+3σ; 残差,5.326,30,正常
853,2024-04-07 07:46:00,2024-04-07 07:46:00,1.0,割煤高位,IsolationForest; Mahalanobis; 单变量IQR+3σ; 残差,4.625,30,残差异常：采煤机_油泵_右电机_电流 偏高（残差 Z-score=4.6，实际=52.0 vs 预测=17.8）
854,2024-04-07 08:01:00,2024-04-07 08:01:00,1.0,割煤中位,IsolationForest; Mahalanobis; 单变量IQR+3σ; 残差,3.779,30,正常
855,2024-04-07 08:13:00,2024-04-07 08:13:00,1.0,调架中,IsolationForest; Mahalanobis; 单变量IQR+3σ; 残差,5.985,30,正常
856,2024-04-07 08:21:00,2024-04-07 08:24:00,4.0,待机-高位,IsolationForest; Mahalanobis; 单变量IQR+3σ; 残差,1668.813,120,Mahalanobis 距离=1668.8（阈值=18.5）。主要贡献特征：PC2 (68.9%); PC3 (30.9%)。
857,2024-04-07 08:34:00,2024-04-07 08:37:00,4.0,待机-高位,IsolationForest; Mahalanobis; 单变量IQR+3σ; 残差,2515.759,120,Mahalanobis 距离=2515.8（阈值=18.5）。主要贡献特征：PC2 (92.6%); PC4 (5.1%); PC3 (2.3%)。
858,2024-04-07 08:47:00,2024-04-07 08:47:00,1.0,割煤中位,IsolationForest; Mahalanobis; 单变量IQR+3σ; 残差,6.555,30,正常
859,2024-04-07 08:52:00,2024-04-07 08:57:00,6.0,待机,IsolationForest; Mahalanobis; 单变量IQR+3σ; 残差,3330.403,180,Mahalanobis 距离=3330.4（阈值=18.5）。主要贡献特征：PC2 (78.5%); PC3 (21.1%)。
860,2024-04-07 09:12:00,2024-04-07 09:12:00,1.0,割煤高位,IsolationForest; Mahalanobis; 单变量IQR+3σ; 残差,5.734,30,残差异常：采煤机_油泵_右电机_电流 偏高（残差 Z-score=5.7，实际=60.0 vs 预测=17.6）
861,2024-04-07 09:23:00,2024-04-07 09:23:00,1.0,割煤中位,IsolationForest; Mahalanobis; 单变量IQR+3σ; 残差,6.094,30,正常
862,2024-04-07 09:28:00,2024-04-07 09:28:00,1.0,割煤中位,IsolationForest; Mahalanobis; 单变量IQR+3σ; 残差,5.326,30,单变量异常：采煤机_油泵_左电机_电流（z-score=5.3，实际=53.0，均值=18.3±6.5）
863,2024-04-07 09:31:00,2024-04-07 09:33:00,3.0,割煤高位,IsolationForest; Mahalanobis; 单变量IQR+3σ; 残差,4.343,90,正常
864,2024-04-07 09:43:00,2024-04-07 09:44:00,2.0,待机,IsolationForest; Mahalanobis; 单变量IQR+3σ; 残差,2796.033,60,Mahalanobis 距离=2796.0（阈值=18.5）。主要贡献特征：PC2 (75.9%); PC3 (24.1%)。
865,2024-04-07 09:49:00,2024-04-07 09:54:00,6.0,待机,IsolationForest; Mahalanobis; 单变量IQR+3σ; 残差,3638.108,180,Mahalanobis 距离=3638.1（阈值=18.5）。主要贡献特征：PC2 (84.7%); PC3 (15.0%)。
866,2024-04-07 10:31:00,2024-04-07 10:41:00,11.0,待机,IsolationForest; Mahalanobis; 单变量IQR+3σ; 残差,1570.954,330,Mahalanobis 距离=1571.0（阈值=18.5）。主要贡献特征：PC3 (61.5%); PC2 (21.7%); PC4 (16.7%)。
867,2024-04-07 14:53:00,2024-04-07 14:57:00,5.0,待机,IsolationForest; Mahalanobis; 单变量IQR+3σ; 残差,2647.784,150,Mahalanobis 距离=2647.8（阈值=18.5）。主要贡献特征：PC2 (89.4%); PC4 (10.3%)。
868,2024-04-07 15:27:00,2024-04-07 15:35:00,9.0,待机,IsolationForest; Mahalanobis; 单变量IQR+3σ; 残差,3069.85,270,Mahalanobis 距离=3069.9（阈值=18.5）。主要贡献特征：PC2 (80.4%); PC3 (19.5%)。
869,2024-04-07 15:38:00,2024-04-07 15:55:00,18.0,待机-高位,IsolationForest; Mahalanobis; 单变量IQR+3σ; 残差,3926.013,540,Mahalanobis 距离=3926.0（阈值=18.5）。主要贡献特征：PC2 (79.2%); PC3 (20.4%)。
870,2024-04-07 15:57:00,2024-04-07 16:11:00,15.0,调架中,IsolationForest; Mahalanobis; 单变量IQR+3σ; 残差,26.493,450,Mahalanobis 距离=26.5（阈值=18.5）。主要贡献特征：PC2 (67.1%); PC3 (29.9%); PC4 (1.7%)。
871,2024-04-07 16:16:00,2024-04-07 16:20:00,5.0,割煤中位,IsolationForest; Mahalanobis; 单变量IQR+3σ; 残差,5.908,150,正常
872,2024-04-07 16:22:00,2024-04-07 16:22:00,1.0,割煤中位,IsolationForest; Mahalanobis; 单变量IQR+3σ; 残差,1.416,30,正常
873,2024-04-07 16:46:00,2024-04-07 16:46:00,1.0,割煤中位,IsolationForest; Mahalanobis; 单变量IQR+3σ; 残差,3.515,30,残差异常：采煤机_破碎机_电机_电流 偏高（残差 Z-score=3.5，实际=39.0 vs 预测=0.0）
874,2024-04-07 16:51:00,2024-04-07 16:51:00,1.0,割煤高位,IsolationForest; Mahalanobis; 单变量IQR+3σ; 残差,3.84,30,残差异常：采煤机_破碎机_电机_电流 偏高（残差 Z-score=3.8，实际=45.0 vs 预测=0.0）
875,2024-04-07 16:57:00,2024-04-07 16:57:00,1.0,割煤高位,IsolationForest; Mahalanobis; 单变量IQR+3σ; 残差,4.343,30,正常
876,2024-04-07 16:59:00,2024-04-07 16:59:00,1.0,割煤高位,IsolationForest; Mahalanobis; 单变量IQR+3σ; 残差,3.414,30,正常
877,2024-04-07 17:09:00,2024-04-07 17:11:00,3.0,待机-高位,IsolationForest; Mahalanobis; 单变量IQR+3σ; 残差,2540.566,90,Mahalanobis 距离=2540.6（阈值=18.5）。主要贡献特征：PC2 (63.9%); PC3 (36.0%)。
878,2024-04-07 17:13:00,2024-04-07 17:13:00,1.0,调架中,IsolationForest; Mahalanobis; 单变量IQR+3σ; 残差,4.036,30,残差异常：采煤机_截割部位_左滚筒_电机_温度 偏高（残差 Z-score=4.0，实际=72.0 vs 预测=53.4）
879,2024-04-07 17:22:00,2024-04-07 17:25:00,4.0,待机-高位,IsolationForest; Mahalanobis; 单变量IQR+3σ; 残差,6104.993,120,Mahalanobis 距离=6105.0（阈值=18.5）。主要贡献特征：PC2 (84.8%); PC3 (14.7%)。
880,2024-04-07 17:32:00,2024-04-07 17:38:00,7.0,待机,IsolationForest; Mahalanobis; 单变量IQR+3σ; 残差,5595.815,210,Mahalanobis 距离=5595.8（阈值=18.5）。主要贡献特征：PC2 (90.3%); PC3 (9.7%)。
881,2024-04-07 17:41:00,2024-04-07 17:41:00,1.0,割煤中位,IsolationForest; Mahalanobis; 单变量IQR+3σ; 残差,3.023,30,正常
882,2024-04-07 17:47:00,2024-04-07 17:47:00,1.0,割煤中位,IsolationForest; Mahalanobis; 单变量IQR+3σ; 残差,4.446,30,正常
883,2024-04-07 17:49:00,2024-04-07 17:49:00,1.0,割煤高位,IsolationForest; Mahalanobis; 单变量IQR+3σ; 残差,6.393,30,正常
884,2024-04-07 17:52:00,2024-04-07 17:52:00,1.0,调架中,IsolationForest; Mahalanobis; 单变量IQR+3σ; 残差,3.504,30,残差异常：采煤机_油泵_左电机_温度 偏高（残差 Z-score=3.5，实际=52.0 vs 预测=44.6）
885,2024-04-07 17:55:00,2024-04-07 17:55:00,1.0,调架中,IsolationForest; Mahalanobis; 单变量IQR+3σ; 残差,3.314,30,残差异常：采煤机_油泵_左电机_温度 偏高（残差 Z-score=3.3，实际=54.0 vs 预测=47.0）
886,2024-04-07 18:00:00,2024-04-07 18:00:00,1.0,割煤中位,IsolationForest; Mahalanobis; 单变量IQR+3σ; 残差,5.326,30,正常
887,2024-04-07 18:07:00,2024-04-07 18:07:00,1.0,割煤中位,IsolationForest; Mahalanobis; 单变量IQR+3σ; 残差,6.597,30,残差异常：采煤机_油泵_右电机_电流 偏高（残差 Z-score=6.6，实际=58.0 vs 预测=17.0）
888,2024-04-07 18:10:00,2024-04-07 18:10:00,1.0,割煤中位,IsolationForest; Mahalanobis; 单变量IQR+3σ; 残差,5.02,30,残差异常：采煤机_截割部位_左滚筒_电机_电流 偏高（残差 Z-score=5.0，实际=281.0 vs 预测=70.0）
889,2024-04-07 18:25:00,2024-04-07 18:26:00,2.0,待机-高位,IsolationForest; Mahalanobis; 单变量IQR+3σ; 残差,1835.242,60,Mahalanobis 距离=1835.2（阈值=18.5）。主要贡献特征：PC2 (61.2%); PC3 (38.6%)。
890,2024-04-07 18:34:00,2024-04-07 18:34:00,1.0,割煤高位,IsolationForest; Mahalanobis; 单变量IQR+3σ; 残差,5.39,30,残差异常：采煤机_截割部位_右滚筒_电机_电流 偏高（残差 Z-score=5.4，实际=301.0 vs 预测=79.2）
891,2024-04-07 18:36:00,2024-04-07 18:36:00,1.0,割煤高位,IsolationForest; Mahalanobis; 单变量IQR+3σ; 残差,4.517,30,残差异常：采煤机_油泵_右电机_电流 偏高（残差 Z-score=4.5，实际=51.0 vs 预测=17.6）
892,2024-04-07 18:41:00,2024-04-07 18:41:00,1.0,割煤高位,IsolationForest; Mahalanobis; 单变量IQR+3σ; 残差,3.269,30,正常
893,2024-04-07 18:43:00,2024-04-07 18:46:00,4.0,割煤中位,IsolationForest; Mahalanobis; 单变量IQR+3σ; 残差,7.783,120,单变量异常：采煤机_油泵_左电机_电流（z-score=7.8，实际=69.0，均值=18.3±6.5）
894,2024-04-07 18:49:00,2024-04-07 18:49:00,1.0,待机,IsolationForest; Mahalanobis; 单变量IQR+3σ; 残差,6692.305,30,Mahalanobis 距离=6692.3（阈值=18.5）。主要贡献特征：PC2 (72.4%); PC3 (25.9%); PC4 (1.6%)。
895,2024-04-07 18:52:00,2024-04-07 18:58:00,7.0,待机-高位,IsolationForest; Mahalanobis; 单变量IQR+3σ; 残差,3767.576,210,Mahalanobis 距离=3767.6（阈值=18.5）。主要贡献特征：PC2 (68.6%); PC3 (30.7%)。
896,2024-04-07 19:08:00,2024-04-07 19:12:00,5.0,割煤中位,IsolationForest; Mahalanobis; 单变量IQR+3σ; 残差,3.229,150,正常
897,2024-04-07 19:15:00,2024-04-07 19:15:00,1.0,割煤高位,IsolationForest; Mahalanobis; 单变量IQR+3σ; 残差,3.925,30,残差异常：采煤机_破碎机_电机_电流 偏高（残差 Z-score=3.9，实际=46.0 vs 预测=0.0）
898,2024-04-07 19:19:00,2024-04-07 19:20:00,2.0,割煤高位,IsolationForest; Mahalanobis; 单变量IQR+3σ; 残差,5.15,60,正常
899,2024-04-07 19:29:00,2024-04-07 19:29:00,1.0,割煤中位,IsolationForest; Mahalanobis; 单变量IQR+3σ; 残差,6.554,30,正常
900,2024-04-07 19:39:00,2024-04-07 19:39:00,1.0,割煤高位,IsolationForest; Mahalanobis; 单变量IQR+3σ; 残差,4.05,30,正常
901,2024-04-07 19:47:00,2024-04-07 19:50:00,4.0,待机-高位,IsolationForest; Mahalanobis; 单变量IQR+3σ; 残差,5753.475,120,Mahalanobis 距离=5753.5（阈值=18.5）。主要贡献特征：PC2 (85.2%); PC3 (14.4%)。
902,2024-04-07 19:54:00,2024-04-07 19:59:00,6.0,待机-高位,IsolationForest; Mahalanobis; 单变量IQR+3σ; 残差,4194.95,180,Mahalanobis 距离=4194.9（阈值=18.5）。主要贡献特征：PC2 (84.6%); PC3 (15.0%)。
903,2024-04-07 20:02:00,2024-04-07 20:04:00,3.0,待机-高位,IsolationForest; Mahalanobis; 单变量IQR+3σ; 残差,20.386,90,Mahalanobis 距离=20.4（阈值=18.5）。主要贡献特征：PC2 (58.3%); PC3 (34.3%); PC1 (6.9%)。
904,2024-04-07 20:07:00,2024-04-07 20:11:00,5.0,待机,IsolationForest; Mahalanobis; 单变量IQR+3σ; 残差,2772.951,150,Mahalanobis 距离=2773.0（阈值=18.5）。主要贡献特征：PC2 (72.1%); PC3 (27.0%)。
905,2024-04-07 20:16:00,2024-04-07 20:18:00,3.0,待机,IsolationForest; Mahalanobis; 单变量IQR+3σ; 残差,14.11,90,正常
906,2024-04-07 20:21:00,2024-04-07 20:22:00,2.0,待机,IsolationForest; Mahalanobis; 单变量IQR+3σ; 残差,3394.386,60,Mahalanobis 距离=3394.4（阈值=18.5）。主要贡献特征：PC2 (74.5%); PC3 (24.8%)。
907,2024-04-07 20:24:00,2024-04-07 20:26:00,3.0,调架中,IsolationForest; Mahalanobis; 单变量IQR+3σ; 残差,5.473,90,单变量异常：采煤机_油泵_左电机_电流（z-score=5.5，实际=64.0，均值=18.2±8.4）
908,2024-04-07 20:30:00,2024-04-07 20:30:00,1.0,割煤中位,IsolationForest; Mahalanobis; 单变量IQR+3σ; 残差,3.418,30,残差异常：采煤机_油泵_左电机_温度 偏高（残差 Z-score=3.4，实际=54.0 vs 预测=48.8）
909,2024-04-07 20:37:00,2024-04-07 20:38:00,2.0,割煤高位,IsolationForest; Mahalanobis; 单变量IQR+3σ; 残差,4.05,60,正常
910,2024-04-07 20:43:00,2024-04-07 20:46:00,4.0,待机-高位,IsolationForest; Mahalanobis; 单变量IQR+3σ; 残差,4892.179,120,Mahalanobis 距离=4892.2（阈值=18.5）。主要贡献特征：PC2 (80.3%); PC3 (19.3%)。
911,2024-04-07 21:09:00,2024-04-07 21:09:00,1.0,待机-高位,IsolationForest; Mahalanobis; 单变量IQR+3σ; 残差,12.257,30,正常
912,2024-04-07 21:11:00,2024-04-07 21:11:00,1.0,调架中,IsolationForest; Mahalanobis; 单变量IQR+3σ; 残差,4.7,30,正常
913,2024-04-07 21:54:00,2024-04-07 21:55:00,2.0,割煤中位,IsolationForest; Mahalanobis; 单变量IQR+3σ; 残差,5.953,60,残差异常：采煤机_油泵_右电机_电流 偏高（残差 Z-score=6.0，实际=54.0 vs 预测=17.0）
914,2024-04-07 21:57:00,2024-04-07 21:57:00,1.0,割煤中位,IsolationForest; Mahalanobis; 单变量IQR+3σ; 残差,3.101,30,残差异常：采煤机_破碎机_电机_电流 偏高（残差 Z-score=3.1，实际=45.0 vs 预测=10.6）
915,2024-04-07 22:04:00,2024-04-07 22:04:00,1.0,割煤高位,IsolationForest; Mahalanobis; 单变量IQR+3σ; 残差,3.758,30,残差异常：采煤机_截割部位_左滚筒_电机_温度 偏高（残差 Z-score=3.8，实际=82.0 vs 预测=71.2）
916,2024-04-07 22:06:00,2024-04-07 22:13:00,8.0,调架中,IsolationForest; Mahalanobis; 单变量IQR+3σ; 残差,5.74,240,正常
917,2024-04-07 22:17:00,2024-04-07 22:17:00,1.0,割煤高位,IsolationForest; Mahalanobis; 单变量IQR+3σ; 残差,3.798,30,正常
918,2024-04-07 22:20:00,2024-04-07 22:20:00,1.0,割煤高位,IsolationForest; Mahalanobis; 单变量IQR+3σ; 残差,4.776,30,正常
919,2024-04-07 22:22:00,2024-04-07 22:27:00,6.0,待机-高位,IsolationForest; Mahalanobis; 单变量IQR+3σ; 残差,2242.635,180,Mahalanobis 距离=2242.6（阈值=18.5）。主要贡献特征：PC2 (62.9%); PC3 (36.9%)。
920,2024-04-07 22:33:00,2024-04-07 22:33:00,1.0,割煤高位,IsolationForest; Mahalanobis; 单变量IQR+3σ; 残差,25.857,30,残差异常：采煤机_破碎机_电机_电流 偏高（残差 Z-score=25.9，实际=303.0 vs 预测=0.0）
921,2024-04-07 22:39:00,2024-04-07 22:41:00,3.0,割煤高位,IsolationForest; Mahalanobis; 单变量IQR+3σ; 残差,4.489,90,正常
922,2024-04-07 22:54:00,2024-04-07 22:54:00,1.0,割煤高位,IsolationForest; Mahalanobis; 单变量IQR+3σ; 残差,4.463,30,正常
923,2024-04-07 23:01:00,2024-04-07 23:02:00,2.0,待机-高位,IsolationForest; Mahalanobis; 单变量IQR+3σ; 残差,1902.053,60,Mahalanobis 距离=1902.1（阈值=18.5）。主要贡献特征：PC2 (64.4%); PC3 (35.6%)。
924,2024-04-07 23:12:00,2024-04-07 23:14:00,3.0,待机,IsolationForest; Mahalanobis; 单变量IQR+3σ; 残差,7671.566,90,Mahalanobis 距离=7671.6（阈值=18.5）。主要贡献特征：PC2 (89.7%); PC3 (9.9%)。
925,2024-04-07 23:22:00,2024-04-07 23:22:00,1.0,待机,IsolationForest; Mahalanobis; 单变量IQR+3σ; 残差,4287.712,30,Mahalanobis 距离=4287.7（阈值=18.5）。主要贡献特征：PC2 (81.4%); PC3 (18.1%)。
926,2024-04-07 23:24:00,2024-04-07 23:24:00,1.0,调架中,IsolationForest; Mahalanobis; 单变量IQR+3σ; 残差,4.04,30,残差异常：采煤机_油泵_左电机_电流 偏高（残差 Z-score=4.0，实际=51.0 vs 预测=18.4）
927,2024-04-07 23:26:00,2024-04-07 23:28:00,3.0,待机,IsolationForest; Mahalanobis; 单变量IQR+3σ; 残差,3829.67,90,Mahalanobis 距离=3829.7（阈值=18.5）。主要贡献特征：PC2 (79.0%); PC3 (20.3%)。
928,2024-04-07 23:32:00,2024-04-07 23:35:00,4.0,待机,IsolationForest; Mahalanobis; 单变量IQR+3σ; 残差,3436.344,120,Mahalanobis 距离=3436.3（阈值=18.5）。主要贡献特征：PC2 (80.2%); PC3 (19.6%)。
929,2024-04-07 23:45:00,2024-04-07 23:46:00,2.0,割煤中位,IsolationForest; Mahalanobis; 单变量IQR+3σ; 残差,5.728,60,残差异常：采煤机_油泵_右电机_电流 偏高（残差 Z-score=5.7，实际=53.0 vs 预测=17.4）
930,2024-04-07 23:50:00,2024-04-07 23:51:00,2.0,待机-高位,IsolationForest; Mahalanobis; 单变量IQR+3σ; 残差,1899.018,60,Mahalanobis 距离=1899.0（阈值=18.5）。主要贡献特征：PC2 (67.8%); PC3 (32.2%)。
931,2024-04-08 00:06:00,2024-04-08 00:06:00,1.0,割煤高位,IsolationForest; Mahalanobis; 单变量IQR+3σ; 残差,3.675,30,残差异常：采煤机_截割部位_左滚筒_电机_电流 偏高（残差 Z-score=3.7，实际=236.0 vs 预测=89.4）
932,2024-04-08 00:09:00,2024-04-08 00:09:00,1.0,割煤高位,IsolationForest; Mahalanobis; 单变量IQR+3σ; 残差,4.885,30,正常
933,2024-04-08 00:11:00,2024-04-08 00:13:00,3.0,割煤高位,IsolationForest; Mahalanobis; 单变量IQR+3σ; 残差,3.684,90,正常
934,2024-04-08 00:15:00,2024-04-08 00:15:00,1.0,割煤中位,IsolationForest; Mahalanobis; 单变量IQR+3σ; 残差,3.5,30,残差异常：采煤机_牵引部位_右电机_电流 偏高（残差 Z-score=3.5，实际=190.0 vs 预测=85.6）
935,2024-04-08 00:22:00,2024-04-08 00:22:00,1.0,待机-高位,IsolationForest; Mahalanobis; 单变量IQR+3σ; 残差,2308.369,30,Mahalanobis 距离=2308.4（阈值=18.5）。主要贡献特征：PC2 (75.6%); PC3 (24.4%)。
936,2024-04-08 00:31:00,2024-04-08 00:31:00,1.0,割煤高位,IsolationForest; Mahalanobis; 单变量IQR+3σ; 残差,5.139,30,残差异常：采煤机_油泵_右电机_电流 偏高（残差 Z-score=5.1，实际=55.0 vs 预测=17.0）
937,2024-04-08 00:38:00,2024-04-08 00:42:00,5.0,待机-高位,IsolationForest; Mahalanobis; 单变量IQR+3σ; 残差,2052.869,150,Mahalanobis 距离=2052.9（阈值=18.5）。主要贡献特征：PC2 (61.9%); PC3 (38.1%)。
938,2024-04-08 00:49:00,2024-04-08 00:51:00,3.0,调架中,IsolationForest; Mahalanobis; 单变量IQR+3σ; 残差,4.317,90,正常
939,2024-04-08 00:54:00,2024-04-08 00:55:00,2.0,割煤高位,IsolationForest; Mahalanobis; 单变量IQR+3σ; 残差,4.837,60,正常
940,2024-04-08 00:58:00,2024-04-08 00:58:00,1.0,割煤高位,IsolationForest; Mahalanobis; 单变量IQR+3σ; 残差,4.103,30,正常
941,2024-04-08 01:01:00,2024-04-08 01:01:00,1.0,割煤中位,IsolationForest; Mahalanobis; 单变量IQR+3σ; 残差,4.956,30,残差异常：采煤机_油泵_右电机_电流 偏高（残差 Z-score=5.0，实际=48.0 vs 预测=17.2）
942,2024-04-08 01:07:00,2024-04-08 01:07:00,1.0,割煤高位,IsolationForest; Mahalanobis; 单变量IQR+3σ; 残差,4.636,30,正常
943,2024-04-08 01:09:00,2024-04-08 01:09:00,1.0,割煤高位,IsolationForest; Mahalanobis; 单变量IQR+3σ; 残差,3.759,30,残差异常：采煤机_油泵_右电机_电流 偏高（残差 Z-score=3.8，实际=45.0 vs 预测=17.2）
944,2024-04-08 01:15:00,2024-04-08 01:15:00,1.0,割煤中位,IsolationForest; Mahalanobis; 单变量IQR+3σ; 残差,7.476,30,正常
945,2024-04-08 01:18:00,2024-04-08 01:19:00,2.0,待机-高位,IsolationForest; Mahalanobis; 单变量IQR+3σ; 残差,2681.262,60,Mahalanobis 距离=2681.3（阈值=18.5）。主要贡献特征：PC2 (74.5%); PC3 (25.2%)。
946,2024-04-08 01:21:00,2024-04-08 01:21:00,1.0,调架中,IsolationForest; Mahalanobis; 单变量IQR+3σ; 残差,4.288,30,残差异常：采煤机_油泵_左电机_电流 偏高（残差 Z-score=4.3，实际=53.0 vs 预测=18.4）
947,2024-04-08 01:23:00,2024-04-08 01:23:00,1.0,割煤中位,IsolationForest; Mahalanobis; 单变量IQR+3σ; 残差,7.169,30,正常
948,2024-04-08 01:26:00,2024-04-08 01:28:00,3.0,待机-高位,IsolationForest; Mahalanobis; 单变量IQR+3σ; 残差,2689.489,90,Mahalanobis 距离=2689.5（阈值=18.5）。主要贡献特征：PC2 (72.1%); PC3 (27.2%)。
949,2024-04-08 01:30:00,2024-04-08 01:34:00,5.0,待机,IsolationForest; Mahalanobis; 单变量IQR+3σ; 残差,6253.401,150,Mahalanobis 距离=6253.4（阈值=18.5）。主要贡献特征：PC2 (94.6%); PC3 (5.1%)。
950,2024-04-08 01:37:00,2024-04-08 01:37:00,1.0,割煤中位,IsolationForest; Mahalanobis; 单变量IQR+3σ; 残差,5.326,30,正常
951,2024-04-08 01:50:00,2024-04-08 01:51:00,2.0,割煤高位,IsolationForest; Mahalanobis; 单变量IQR+3σ; 残差,4.929,60,正常
952,2024-04-08 02:03:00,2024-04-08 02:06:00,4.0,割煤中位,IsolationForest; Mahalanobis; 单变量IQR+3σ; 残差,6.715,120,正常
953,2024-04-08 02:08:00,2024-04-08 02:09:00,2.0,割煤中位,IsolationForest; Mahalanobis; 单变量IQR+3σ; 残差,7.323,60,单变量异常：采煤机_油泵_左电机_电流（z-score=7.3，实际=66.0，均值=18.3±6.5）
954,2024-04-08 02:12:00,2024-04-08 02:12:00,1.0,割煤高位,IsolationForest; Mahalanobis; 单变量IQR+3σ; 残差,4.489,30,正常
955,2024-04-08 02:19:00,2024-04-08 02:19:00,1.0,待机,IsolationForest; Mahalanobis; 单变量IQR+3σ; 残差,2509.911,30,Mahalanobis 距离=2509.9（阈值=18.5）。主要贡献特征：PC2 (71.1%); PC3 (28.4%)。
956,2024-04-08 02:23:00,2024-04-08 02:23:00,1.0,割煤高位,IsolationForest; Mahalanobis; 单变量IQR+3σ; 残差,26.113,30,残差异常：采煤机_破碎机_电机_电流 偏高（残差 Z-score=26.1，实际=306.0 vs 预测=0.0）
957,2024-04-08 02:25:00,2024-04-08 02:28:00,4.0,待机-高位,IsolationForest; Mahalanobis; 单变量IQR+3σ; 残差,1580.797,120,Mahalanobis 距离=1580.8（阈值=18.5）。主要贡献特征：PC2 (63.8%); PC3 (35.7%)。
958,2024-04-08 02:34:00,2024-04-08 02:34:00,1.0,割煤高位,IsolationForest; Mahalanobis; 单变量IQR+3σ; 残差,2.28,30,正常
959,2024-04-08 02:36:00,2024-04-08 02:36:00,1.0,割煤高位,IsolationForest; Mahalanobis; 单变量IQR+3σ; 残差,3.417,30,残差异常：采煤机_截割部位_右滚筒_电机_电流 偏高（残差 Z-score=3.4，实际=215.0 vs 预测=74.4）
960,2024-04-08 02:42:00,2024-04-08 02:44:00,3.0,割煤中位,IsolationForest; Mahalanobis; 单变量IQR+3σ; 残差,3.273,90,单变量异常：采煤机_截割部位_左滚筒_电机_电流（z-score=3.3，实际=238.0，均值=95.5±43.5）
961,2024-04-08 02:55:00,2024-04-08 02:55:00,1.0,割煤中位,IsolationForest; Mahalanobis; 单变量IQR+3σ; 残差,5.792,30,残差异常：采煤机_油泵_右电机_电流 偏高（残差 Z-score=5.8，实际=53.0 vs 预测=17.0）
962,2024-04-08 03:20:00,2024-04-08 03:20:00,1.0,割煤中位,IsolationForest; Mahalanobis; 单变量IQR+3σ; 残差,5.173,30,正常
963,2024-04-08 03:22:00,2024-04-08 03:22:00,1.0,割煤高位,IsolationForest; Mahalanobis; 单变量IQR+3σ; 残差,4.636,30,正常
964,2024-04-08 03:45:00,2024-04-08 03:46:00,2.0,待机,IsolationForest; Mahalanobis; 单变量IQR+3σ; 残差,6076.997,60,Mahalanobis 距离=6077.0（阈值=18.5）。主要贡献特征：PC2 (84.2%); PC3 (15.2%)。
965,2024-04-08 03:49:00,2024-04-08 03:49:00,1.0,割煤中位,IsolationForest; Mahalanobis; 单变量IQR+3σ; 残差,5.095,30,正常
966,2024-04-08 03:56:00,2024-04-08 03:57:00,2.0,调架中,IsolationForest; Mahalanobis; 单变量IQR+3σ; 残差,8.384,60,正常
967,2024-04-08 04:00:00,2024-04-08 04:11:00,12.0,割煤中位,IsolationForest; Mahalanobis; 单变量IQR+3σ; 残差,7.395,360,正常
968,2024-04-08 04:23:00,2024-04-08 04:24:00,2.0,割煤中位,IsolationForest; Mahalanobis; 单变量IQR+3σ; 残差,6.436,60,残差异常：采煤机_油泵_右电机_电流 偏高（残差 Z-score=6.4，实际=57.0 vs 预测=17.0）
969,2024-04-08 04:29:00,2024-04-08 04:29:00,1.0,待机-高位,IsolationForest; Mahalanobis; 单变量IQR+3σ; 残差,1863.141,30,Mahalanobis 距离=1863.1（阈值=18.5）。主要贡献特征：PC2 (65.6%); PC3 (34.4%)。
970,2024-04-08 04:31:00,2024-04-08 04:31:00,1.0,待机,IsolationForest; Mahalanobis; 单变量IQR+3σ; 残差,2568.394,30,Mahalanobis 距离=2568.4（阈值=18.5）。主要贡献特征：PC2 (66.8%); PC3 (32.6%)。
971,2024-04-08 04:38:00,2024-04-08 04:39:00,2.0,待机-高位,IsolationForest; Mahalanobis; 单变量IQR+3σ; 残差,1649.827,60,Mahalanobis 距离=1649.8（阈值=18.5）。主要贡献特征：PC2 (64.0%); PC3 (35.9%)。
972,2024-04-08 04:54:00,2024-04-08 04:54:00,1.0,割煤高位,IsolationForest; Mahalanobis; 单变量IQR+3σ; 残差,4.026,30,正常
973,2024-04-08 05:00:00,2024-04-08 05:00:00,1.0,待机,IsolationForest; Mahalanobis; 单变量IQR+3σ; 残差,3299.899,30,Mahalanobis 距离=3299.9（阈值=18.5）。主要贡献特征：PC2 (61.4%); PC3 (38.0%)。
974,2024-04-08 05:03:00,2024-04-08 05:06:00,4.0,待机-高位,IsolationForest; Mahalanobis; 单变量IQR+3σ; 残差,1644.494,120,Mahalanobis 距离=1644.5（阈值=18.5）。主要贡献特征：PC2 (61.8%); PC3 (38.2%)。
975,2024-04-08 05:48:00,2024-04-08 05:51:00,4.0,待机-高位,IsolationForest; Mahalanobis; 单变量IQR+3σ; 残差,2624.179,120,Mahalanobis 距离=2624.2（阈值=18.5）。主要贡献特征：PC2 (69.9%); PC3 (29.6%)。
976,2024-04-08 06:14:00,2024-04-08 06:17:00,4.0,待机-高位,IsolationForest; Mahalanobis; 单变量IQR+3σ; 残差,2450.2,120,Mahalanobis 距离=2450.2（阈值=18.5）。主要贡献特征：PC2 (81.7%); PC3 (17.8%)。
977,2024-04-08 06:22:00,2024-04-08 06:23:00,2.0,待机-高位,IsolationForest; Mahalanobis; 单变量IQR+3σ; 残差,4000.324,60,Mahalanobis 距离=4000.3（阈值=18.5）。主要贡献特征：PC2 (78.4%); PC3 (21.3%)。
978,2024-04-08 06:26:00,2024-04-08 06:29:00,4.0,待机,IsolationForest; Mahalanobis; 单变量IQR+3σ; 残差,2714.227,120,Mahalanobis 距离=2714.2（阈值=18.5）。主要贡献特征：PC2 (72.1%); PC3 (25.8%); PC4 (2.2%)。
979,2024-04-08 06:31:00,2024-04-08 06:31:00,1.0,待机,IsolationForest; Mahalanobis; 单变量IQR+3σ; 残差,18.878,30,Mahalanobis 距离=18.9（阈值=18.5）。主要贡献特征：PC2 (49.6%); PC3 (48.6%); PC4 (1.8%)。
980,2024-04-08 06:33:00,2024-04-08 06:33:00,1.0,割煤中位,IsolationForest; Mahalanobis; 单变量IQR+3σ; 残差,5.173,30,正常
981,2024-04-08 06:37:00,2024-04-08 06:39:00,3.0,割煤中位,IsolationForest; Mahalanobis; 单变量IQR+3σ; 残差,3.511,90,正常
982,2024-04-08 06:42:00,2024-04-08 06:42:00,1.0,待机,IsolationForest; Mahalanobis; 单变量IQR+3σ; 残差,2262.546,30,Mahalanobis 距离=2262.5（阈值=18.5）。主要贡献特征：PC2 (66.3%); PC3 (32.4%); PC4 (1.3%)。
983,2024-04-08 06:44:00,2024-04-08 06:45:00,2.0,调架中,IsolationForest; Mahalanobis; 单变量IQR+3σ; 残差,5.473,60,正常
984,2024-04-08 06:47:00,2024-04-08 06:54:00,8.0,待机,IsolationForest; Mahalanobis; 单变量IQR+3σ; 残差,8625.99,240,Mahalanobis 距离=8626.0（阈值=18.5）。主要贡献特征：PC2 (91.0%); PC3 (8.4%)。
985,2024-04-08 06:57:00,2024-04-08 06:57:00,1.0,割煤中位,IsolationForest; Mahalanobis; 单变量IQR+3σ; 残差,3.474,30,残差异常：采煤机_截割部位_右滚筒_电机_电流 偏高（残差 Z-score=3.5，实际=197.0 vs 预测=75.8）
986,2024-04-08 07:15:00,2024-04-08 07:16:00,2.0,待机-高位,IsolationForest; Mahalanobis; 单变量IQR+3σ; 残差,5216.463,60,Mahalanobis 距离=5216.5（阈值=18.5）。主要贡献特征：PC2 (87.5%); PC3 (12.3%)。
987,2024-04-08 07:19:00,2024-04-08 07:19:00,1.0,调架中,IsolationForest; Mahalanobis; 单变量IQR+3σ; 残差,3.098,30,残差异常：采煤机_牵引部位_右电机_电流 偏高（残差 Z-score=3.1，实际=186.0 vs 预测=38.8）
988,2024-04-08 07:22:00,2024-04-08 07:25:00,4.0,待机-高位,IsolationForest; Mahalanobis; 单变量IQR+3σ; 残差,1677.996,120,Mahalanobis 距离=1678.0（阈值=18.5）。主要贡献特征：PC2 (63.1%); PC3 (35.8%); PC4 (1.1%)。
989,2024-04-08 08:28:00,2024-04-08 08:34:00,7.0,待机-高位,IsolationForest; Mahalanobis; 单变量IQR+3σ; 残差,1892.303,210,Mahalanobis 距离=1892.3（阈值=18.5）。主要贡献特征：PC2 (94.4%); PC4 (5.0%)。
990,2024-04-08 08:56:00,2024-04-08 08:56:00,1.0,待机-高位,IsolationForest; Mahalanobis; 单变量IQR+3σ; 残差,13.712,30,正常
991,2024-04-08 09:02:00,2024-04-08 09:06:00,5.0,待机-高位,IsolationForest; Mahalanobis; 单变量IQR+3σ; 残差,531.353,150,Mahalanobis 距离=531.4（阈值=18.5）。主要贡献特征：PC3 (52.9%); PC4 (29.8%); PC2 (17.2%)。
992,2024-04-08 09:11:00,2024-04-08 09:12:00,2.0,割煤高位,IsolationForest; Mahalanobis; 单变量IQR+3σ; 残差,6.979,60,正常
993,2024-04-08 09:14:00,2024-04-08 09:17:00,4.0,割煤中位,IsolationForest; Mahalanobis; 单变量IQR+3σ; 残差,2.614,120,正常
994,2024-04-08 09:23:00,2024-04-08 09:23:00,1.0,割煤中位,IsolationForest; Mahalanobis; 单变量IQR+3σ; 残差,4.405,30,正常
995,2024-04-08 09:28:00,2024-04-08 09:28:00,1.0,割煤高位,IsolationForest; Mahalanobis; 单变量IQR+3σ; 残差,1.941,30,正常
996,2024-04-08 09:42:00,2024-04-08 09:42:00,1.0,调架中,IsolationForest; Mahalanobis; 单变量IQR+3σ; 残差,3.186,30,残差异常：采煤机_牵引部位_右电机_电流 偏高（残差 Z-score=3.2，实际=190.0 vs 预测=38.6）
997,2024-04-08 09:49:00,2024-04-08 09:49:00,1.0,割煤高位,IsolationForest; Mahalanobis; 单变量IQR+3σ; 残差,4.057,30,残差异常：采煤机_油泵_右电机_电流 偏高（残差 Z-score=4.1，实际=48.0 vs 预测=18.0）
998,2024-04-08 10:03:00,2024-04-08 10:06:00,4.0,待机,IsolationForest; Mahalanobis; 单变量IQR+3σ; 残差,3138.609,120,Mahalanobis 距离=3138.6（阈值=18.5）。主要贡献特征：PC2 (77.6%); PC3 (21.8%)。
999,2024-04-08 10:08:00,2024-04-08 10:08:00,1.0,待机,IsolationForest; Mahalanobis; 单变量IQR+3σ; 残差,14.156,30,正常
1000,2024-04-08 10:10:00,2024-04-08 10:18:00,9.0,待机,IsolationForest; Mahalanobis; 单变量IQR+3σ; 残差,1848.574,270,Mahalanobis 距离=1848.6（阈值=18.5）。主要贡献特征：PC2 (80.9%); PC3 (19.0%)。
1001,2024-04-08 11:47:00,2024-04-08 11:49:00,3.0,待机,IsolationForest; Mahalanobis; 单变量IQR+3σ; 残差,0.968,90,正常
1002,2024-04-08 13:15:00,2024-04-08 13:15:00,1.0,待机,IsolationForest; Mahalanobis; 单变量IQR+3σ; 残差,15.98,30,正常
1003,2024-04-08 13:48:00,2024-04-08 13:55:00,8.0,待机,IsolationForest; Mahalanobis; 单变量IQR+3σ; 残差,31.781,240,Mahalanobis 距离=31.8（阈值=18.5）。主要贡献特征：PC3 (73.4%); PC2 (16.0%); PC4 (5.8%)。
1004,2024-04-08 14:22:00,2024-04-08 14:22:00,1.0,待机,IsolationForest; Mahalanobis; 单变量IQR+3σ; 残差,12.183,30,正常
1005,2024-04-08 14:38:00,2024-04-08 14:42:00,5.0,待机,IsolationForest; Mahalanobis; 单变量IQR+3σ; 残差,10939.451,150,Mahalanobis 距离=10939.5（阈值=18.5）。主要贡献特征：PC4 (50.6%); PC3 (34.6%); PC2 (14.8%)。
1006,2024-04-08 15:56:00,2024-04-08 16:17:00,22.0,待机-高位,IsolationForest; Mahalanobis; 单变量IQR+3σ; 残差,1981.72,660,Mahalanobis 距离=1981.7（阈值=18.5）。主要贡献特征：PC2 (69.3%); PC3 (30.6%)。
1007,2024-04-08 16:19:00,2024-04-08 16:20:00,2.0,割煤中位,IsolationForest; Mahalanobis; 单变量IQR+3σ; 残差,6.07,60,正常
1008,2024-04-08 16:22:00,2024-04-08 16:25:00,4.0,割煤中位,IsolationForest; Mahalanobis; 单变量IQR+3σ; 残差,3.335,120,残差异常：采煤机_破碎机_电机_电流 偏高（残差 Z-score=3.3，实际=37.0 vs 预测=0.0）
1009,2024-04-08 16:28:00,2024-04-08 16:30:00,3.0,割煤中位,IsolationForest; Mahalanobis; 单变量IQR+3σ; 残差,3.148,90,正常
1010,2024-04-08 16:34:00,2024-04-08 16:34:00,1.0,调架中,IsolationForest; Mahalanobis; 单变量IQR+3σ; 残差,3.428,30,残差异常：采煤机_截割部位_左滚筒_电机_温度 偏高（残差 Z-score=3.4，实际=73.0 vs 预测=57.2）
1011,2024-04-08 16:41:00,2024-04-08 16:44:00,4.0,待机,IsolationForest; Mahalanobis; 单变量IQR+3σ; 残差,1539.088,120,Mahalanobis 距离=1539.1（阈值=18.5）。主要贡献特征：PC2 (63.7%); PC3 (35.7%)。
1012,2024-04-08 16:47:00,2024-04-08 17:13:00,27.0,待机,IsolationForest; Mahalanobis; 单变量IQR+3σ; 残差,3640.293,810,Mahalanobis 距离=3640.3（阈值=18.5）。主要贡献特征：PC2 (97.6%); PC4 (2.1%)。
1013,2024-04-08 17:15:00,2024-04-08 17:59:00,45.0,待机,IsolationForest; Mahalanobis; 单变量IQR+3σ; 残差,4841.278,1350,Mahalanobis 距离=4841.3（阈值=18.5）。主要贡献特征：PC3 (61.2%); PC2 (22.8%); PC4 (16.1%)。
1014,2024-04-08 18:01:00,2024-04-08 18:07:00,7.0,调架中,IsolationForest; Mahalanobis; 单变量IQR+3σ; 残差,6.552,210,正常
1015,2024-04-08 18:11:00,2024-04-08 18:11:00,1.0,割煤中位,IsolationForest; Mahalanobis; 单变量IQR+3σ; 残差,3.637,30,正常
1016,2024-04-08 18:14:00,2024-04-08 18:14:00,1.0,割煤中位,IsolationForest; Mahalanobis; 单变量IQR+3σ; 残差,5.019,30,正常
1017,2024-04-08 18:18:00,2024-04-08 18:21:00,4.0,割煤高位,IsolationForest; Mahalanobis; 单变量IQR+3σ; 残差,8.145,120,残差异常：采煤机_截割部位_左滚筒_电机_温度 偏高（残差 Z-score=8.1，实际=91.0 vs 预测=67.6）
1018,2024-04-08 18:23:00,2024-04-08 18:23:00,1.0,调架中,IsolationForest; Mahalanobis; 单变量IQR+3σ; 残差,3.303,30,正常
1019,2024-04-08 18:25:00,2024-04-08 18:28:00,4.0,割煤高位,IsolationForest; Mahalanobis; 单变量IQR+3σ; 残差,4.608,120,残差异常：采煤机_破碎机_电机_电流 偏高（残差 Z-score=4.6，实际=54.0 vs 预测=0.0）
1020,2024-04-08 18:30:00,2024-04-08 18:30:00,1.0,割煤高位,IsolationForest; Mahalanobis; 单变量IQR+3σ; 残差,2.633,30,单变量异常：采煤机_截割部位_左滚筒_电机_温度（z-score=2.6，实际=90.0，均值=72.7±6.6）
1021,2024-04-08 18:34:00,2024-04-08 18:35:00,2.0,待机,IsolationForest; Mahalanobis; 单变量IQR+3σ; 残差,4275.488,60,Mahalanobis 距离=4275.5（阈值=18.5）。主要贡献特征：PC2 (78.9%); PC3 (20.4%)。
1022,2024-04-08 18:40:00,2024-04-08 18:43:00,4.0,待机,IsolationForest; Mahalanobis; 单变量IQR+3σ; 残差,1920.165,120,Mahalanobis 距离=1920.2（阈值=18.5）。主要贡献特征：PC2 (66.4%); PC3 (33.1%)。
1023,2024-04-08 18:46:00,2024-04-08 18:49:00,4.0,待机,IsolationForest; Mahalanobis; 单变量IQR+3σ; 残差,1704.783,120,Mahalanobis 距离=1704.8（阈值=18.5）。主要贡献特征：PC2 (72.7%); PC3 (27.0%)。
1024,2024-04-08 18:53:00,2024-04-08 18:53:00,1.0,调架中,IsolationForest; Mahalanobis; 单变量IQR+3σ; 残差,3.505,30,正常
1025,2024-04-08 18:56:00,2024-04-08 18:56:00,1.0,割煤高位,IsolationForest; Mahalanobis; 单变量IQR+3σ; 残差,2.865,30,正常
1026,2024-04-08 18:59:00,2024-04-08 19:03:00,5.0,待机-高位,IsolationForest; Mahalanobis; 单变量IQR+3σ; 残差,3399.163,150,Mahalanobis 距离=3399.2（阈值=18.5）。主要贡献特征：PC2 (91.9%); PC3 (7.9%)。
1027,2024-04-08 19:05:00,2024-04-08 19:06:00,2.0,割煤高位,IsolationForest; Mahalanobis; 单变量IQR+3σ; 残差,4.196,60,正常
1028,2024-04-08 19:08:00,2024-04-08 19:09:00,2.0,割煤高位,IsolationForest; Mahalanobis; 单变量IQR+3σ; 残差,1.734,60,正常
1029,2024-04-08 19:17:00,2024-04-08 19:17:00,1.0,调架中,IsolationForest; Mahalanobis; 单变量IQR+3σ; 残差,12.83,30,残差异常：采煤机_破碎机_电机_电流 偏高（残差 Z-score=12.8，实际=204.0 vs 预测=0.0）
1030,2024-04-08 19:23:00,2024-04-08 19:24:00,2.0,待机,IsolationForest; Mahalanobis; 单变量IQR+3σ; 残差,4291.962,60,Mahalanobis 距离=4292.0（阈值=18.5）。主要贡献特征：PC2 (91.6%); PC4 (7.3%); PC3 (1.0%)。
1031,2024-04-08 19:31:00,2024-04-08 19:31:00,1.0,割煤中位,IsolationForest; Mahalanobis; 单变量IQR+3σ; 残差,3.804,30,残差异常：采煤机_破碎机_电机_电流 偏高（残差 Z-score=3.8，实际=54.0 vs 预测=11.8）
1032,2024-04-08 19:39:00,2024-04-08 19:39:00,1.0,割煤中位,IsolationForest; Mahalanobis; 单变量IQR+3σ; 残差,3.477,30,残差异常：采煤机_牵引部位_左电机_电流 偏高（残差 Z-score=3.5，实际=199.0 vs 预测=94.4）
1033,2024-04-08 19:42:00,2024-04-08 19:47:00,6.0,待机,IsolationForest; Mahalanobis; 单变量IQR+3σ; 残差,11181.65,180,Mahalanobis 距离=11181.7（阈值=18.5）。主要贡献特征：PC4 (48.6%); PC3 (35.7%); PC2 (15.8%)。
1034,2024-04-08 19:57:00,2024-04-08 19:59:00,3.0,调架中,IsolationForest; Mahalanobis; 单变量IQR+3σ; 残差,4.082,90,正常
1035,2024-04-08 20:11:00,2024-04-08 20:16:00,6.0,待机,IsolationForest; Mahalanobis; 单变量IQR+3σ; 残差,3107.355,180,Mahalanobis 距离=3107.4（阈值=18.5）。主要贡献特征：PC2 (80.4%); PC3 (19.4%)。
1036,2024-04-08 23:18:00,2024-04-08 23:25:00,8.0,待机,IsolationForest; Mahalanobis; 单变量IQR+3σ; 残差,30.332,240,Mahalanobis 距离=30.3（阈值=18.5）。主要贡献特征：PC3 (67.2%); PC2 (25.6%); PC4 (5.2%)。
1037,2024-04-08 23:27:00,2024-04-08 23:29:00,3.0,割煤中位,IsolationForest; Mahalanobis; 单变量IQR+3σ; 残差,3.176,90,单变量异常：采煤机_油泵_左电机_电流（z-score=3.2，实际=39.0，均值=18.3±6.5）
1038,2024-04-08 23:45:00,2024-04-08 23:48:00,4.0,待机,IsolationForest; Mahalanobis; 单变量IQR+3σ; 残差,1848.866,120,Mahalanobis 距离=1848.9（阈值=18.5）。主要贡献特征：PC2 (67.2%); PC3 (31.3%); PC4 (1.6%)。
1039,2024-04-08 23:51:00,2024-04-08 23:54:00,4.0,待机,IsolationForest; Mahalanobis; 单变量IQR+3σ; 残差,944.925,120,Mahalanobis 距离=944.9（阈值=18.5）。主要贡献特征：PC4 (39.4%); PC3 (37.6%); PC2 (22.8%)。
1040,2024-04-08 23:57:00,2024-04-08 23:57:00,1.0,割煤中位,IsolationForest; Mahalanobis; 单变量IQR+3σ; 残差,3.394,30,正常
1041,2024-04-08 23:59:00,2024-04-08 23:59:00,1.0,割煤中位,IsolationForest; Mahalanobis; 单变量IQR+3σ; 残差,1.43,30,正常
1042,2024-04-09 00:05:00,2024-04-09 00:06:00,2.0,割煤中位,IsolationForest; Mahalanobis; 单变量IQR+3σ; 残差,2.562,60,单变量异常：采煤机_油泵_左电机_电流（z-score=2.6，实际=35.0，均值=18.3±6.5）
1043,2024-04-09 00:08:00,2024-04-09 00:09:00,2.0,割煤中位,IsolationForest; Mahalanobis; 单变量IQR+3σ; 残差,6.248,60,单变量异常：采煤机_油泵_左电机_电流（z-score=6.2，实际=59.0，均值=18.3±6.5）
1044,2024-04-09 00:11:00,2024-04-09 00:14:00,4.0,待机,IsolationForest; Mahalanobis; 单变量IQR+3σ; 残差,2441.207,120,Mahalanobis 距离=2441.2（阈值=18.5）。主要贡献特征：PC2 (74.8%); PC3 (25.0%)。
1045,2024-04-09 01:13:00,2024-04-09 01:30:00,18.0,待机,IsolationForest; Mahalanobis; 单变量IQR+3σ; 残差,2077.717,540,Mahalanobis 距离=2077.7（阈值=18.5）。主要贡献特征：PC2 (66.5%); PC3 (33.4%)。
1046,2024-04-09 01:32:00,2024-04-09 01:32:00,1.0,割煤中位,IsolationForest; Mahalanobis; 单变量IQR+3σ; 残差,1.613,30,正常
1047,2024-04-09 01:34:00,2024-04-09 01:35:00,2.0,割煤中位,IsolationForest; Mahalanobis; 单变量IQR+3σ; 残差,1.534,60,正常
1048,2024-04-09 01:37:00,2024-04-09 01:37:00,1.0,割煤中位,IsolationForest; Mahalanobis; 单变量IQR+3σ; 残差,6.862,30,正常
1049,2024-04-09 01:39:00,2024-04-09 01:39:00,1.0,割煤中位,IsolationForest; Mahalanobis; 单变量IQR+3σ; 残差,3.864,30,残差异常：采煤机_截割部位_左滚筒_电机_电流 偏高（残差 Z-score=3.9，实际=244.0 vs 预测=81.6）
1050,2024-04-09 02:01:00,2024-04-09 02:01:00,1.0,割煤中位,IsolationForest; Mahalanobis; 单变量IQR+3σ; 残差,4.097,30,残差异常：采煤机_截割部位_左滚筒_电机_电流 偏高（残差 Z-score=4.1，实际=252.0 vs 预测=79.8）
1051,2024-04-09 02:03:00,2024-04-09 02:05:00,3.0,待机,IsolationForest; Mahalanobis; 单变量IQR+3σ; 残差,3301.349,90,Mahalanobis 距离=3301.3（阈值=18.5）。主要贡献特征：PC2 (62.2%); PC3 (36.3%); PC4 (1.6%)。
1052,2024-04-09 02:13:00,2024-04-09 02:14:00,2.0,待机,IsolationForest; Mahalanobis; 单变量IQR+3σ; 残差,3399.983,60,Mahalanobis 距离=3400.0（阈值=18.5）。主要贡献特征：PC2 (75.3%); PC3 (24.6%)。
1053,2024-04-09 02:17:00,2024-04-09 02:19:00,3.0,待机,IsolationForest; Mahalanobis; 单变量IQR+3σ; 残差,1895.258,90,Mahalanobis 距离=1895.3（阈值=18.5）。主要贡献特征：PC2 (72.2%); PC3 (27.5%)。
1054,2024-04-09 02:31:00,2024-04-09 02:33:00,3.0,待机,IsolationForest; Mahalanobis; 单变量IQR+3σ; 残差,2467.03,90,Mahalanobis 距离=2467.0（阈值=18.5）。主要贡献特征：PC2 (69.2%); PC3 (30.8%)。
1055,2024-04-09 03:04:00,2024-04-09 03:04:00,1.0,调架中,IsolationForest; Mahalanobis; 单变量IQR+3σ; 残差,5.974,30,残差异常：采煤机_油泵_左电机_电流 偏高（残差 Z-score=6.0，实际=65.0 vs 预测=16.8）
1056,2024-04-09 03:30:00,2024-04-09 03:31:00,2.0,待机-高位,IsolationForest; Mahalanobis; 单变量IQR+3σ; 残差,1723.919,60,Mahalanobis 距离=1723.9（阈值=18.5）。主要贡献特征：PC2 (64.4%); PC3 (35.1%)。
1057,2024-04-09 03:35:00,2024-04-09 03:35:00,1.0,割煤高位,IsolationForest; Mahalanobis; 单变量IQR+3σ; 残差,3.868,30,残差异常：采煤机_油泵_右电机_电流 偏高（残差 Z-score=3.9，实际=46.0 vs 预测=17.4）
1058,2024-04-09 03:37:00,2024-04-09 03:37:00,1.0,割煤高位,IsolationForest; Mahalanobis; 单变量IQR+3σ; 残差,4.593,30,残差异常：采煤机_截割部位_左滚筒_电机_电流 偏高（残差 Z-score=4.6，实际=256.0 vs 预测=72.8）
1059,2024-04-09 03:51:00,2024-04-09 03:51:00,1.0,调架中,IsolationForest; Mahalanobis; 单变量IQR+3σ; 残差,3.339,30,正常
1060,2024-04-09 03:53:00,2024-04-09 03:54:00,2.0,调架中,IsolationForest; Mahalanobis; 单变量IQR+3σ; 残差,2.761,60,正常
1061,2024-04-09 04:04:00,2024-04-09 04:04:00,1.0,割煤高位,IsolationForest; Mahalanobis; 单变量IQR+3σ; 残差,4.994,30,正常
1062,2024-04-09 04:07:00,2024-04-09 04:07:00,1.0,割煤高位,IsolationForest; Mahalanobis; 单变量IQR+3σ; 残差,5.271,30,正常
1063,2024-04-09 04:09:00,2024-04-09 04:11:00,3.0,待机-高位,IsolationForest; Mahalanobis; 单变量IQR+3σ; 残差,6528.348,90,Mahalanobis 距离=6528.3（阈值=18.5）。主要贡献特征：PC3 (51.3%); PC2 (36.9%); PC4 (11.8%)。
1064,2024-04-09 04:13:00,2024-04-09 04:16:00,4.0,待机,IsolationForest; Mahalanobis; 单变量IQR+3σ; 残差,9974.729,120,Mahalanobis 距离=9974.7（阈值=18.5）。主要贡献特征：PC3 (38.8%); PC4 (33.0%); PC2 (28.2%)。
1065,2024-04-09 04:37:00,2024-04-09 04:38:00,2.0,待机-高位,IsolationForest; Mahalanobis; 单变量IQR+3σ; 残差,2140.568,60,Mahalanobis 距离=2140.6（阈值=18.5）。主要贡献特征：PC2 (68.5%); PC3 (31.0%)。
1066,2024-04-09 04:43:00,2024-04-09 04:43:00,1.0,割煤中位,IsolationForest; Mahalanobis; 单变量IQR+3σ; 残差,2.591,30,正常
1067,2024-04-09 04:46:00,2024-04-09 04:47:00,2.0,割煤中位,IsolationForest; Mahalanobis; 单变量IQR+3σ; 残差,3.826,60,正常
1068,2024-04-09 05:06:00,2024-04-09 05:06:00,1.0,割煤高位,IsolationForest; Mahalanobis; 单变量IQR+3σ; 残差,4.782,30,正常
1069,2024-04-09 05:15:00,2024-04-09 05:15:00,1.0,割煤高位,IsolationForest; Mahalanobis; 单变量IQR+3σ; 残差,4.489,30,正常
1070,2024-04-09 05:26:00,2024-04-09 05:26:00,1.0,割煤高位,IsolationForest; Mahalanobis; 单变量IQR+3σ; 残差,4.463,30,残差异常：采煤机_油泵_右电机_电流 偏高（残差 Z-score=4.5，实际=51.0 vs 预测=18.0）
1071,2024-04-09 05:36:00,2024-04-09 05:36:00,1.0,待机,IsolationForest; Mahalanobis; 单变量IQR+3σ; 残差,2825.872,30,Mahalanobis 距离=2825.9（阈值=18.5）。主要贡献特征：PC2 (72.2%); PC3 (27.8%)。
1072,2024-04-09 05:43:00,2024-04-09 05:43:00,1.0,割煤高位,IsolationForest; Mahalanobis; 单变量IQR+3σ; 残差,3.514,30,残差异常：采煤机_截割部位_右滚筒_电机_电流 偏高（残差 Z-score=3.5，实际=219.0 vs 预测=74.4）
1073,2024-04-09 05:51:00,2024-04-09 05:54:00,4.0,待机-高位,IsolationForest; Mahalanobis; 单变量IQR+3σ; 残差,2850.012,120,Mahalanobis 距离=2850.0（阈值=18.5）。主要贡献特征：PC2 (71.0%); PC3 (28.3%)。
1074,2024-04-09 06:33:00,2024-04-09 06:34:00,2.0,割煤高位,IsolationForest; Mahalanobis; 单变量IQR+3σ; 残差,5.761,60,残差异常：采煤机_油泵_右电机_电流 偏高（残差 Z-score=5.8，实际=60.0 vs 预测=17.4）
1075,2024-04-09 06:41:00,2024-04-09 06:41:00,1.0,割煤高位,IsolationForest; Mahalanobis; 单变量IQR+3σ; 残差,3.133,30,正常
1076,2024-04-09 06:57:00,2024-04-09 06:57:00,1.0,割煤高位,IsolationForest; Mahalanobis; 单变量IQR+3σ; 残差,3.381,30,残差异常：采煤机_油泵_右电机_电流 偏高（残差 Z-score=3.4，实际=43.0 vs 预测=18.0）
1077,2024-04-09 07:05:00,2024-04-09 07:05:00,1.0,割煤高位,IsolationForest; Mahalanobis; 单变量IQR+3σ; 残差,4.579,30,正常
1078,2024-04-09 07:15:00,2024-04-09 07:15:00,1.0,割煤高位,IsolationForest; Mahalanobis; 单变量IQR+3σ; 残差,3.931,30,残差异常：采煤机_截割部位_左滚筒_电机_电流 偏高（残差 Z-score=3.9，实际=248.0 vs 预测=91.2）
1079,2024-04-09 07:26:00,2024-04-09 07:26:00,1.0,待机-高位,IsolationForest; Mahalanobis; 单变量IQR+3σ; 残差,1243.108,30,Mahalanobis 距离=1243.1（阈值=18.5）。主要贡献特征：PC2 (61.0%); PC3 (38.4%)。
1080,2024-04-09 07:33:00,2024-04-09 07:36:00,4.0,待机-高位,IsolationForest; Mahalanobis; 单变量IQR+3σ; 残差,2087.44,120,Mahalanobis 距离=2087.4（阈值=18.5）。主要贡献特征：PC2 (70.8%); PC3 (29.0%)。
1081,2024-04-09 07:48:00,2024-04-09 07:52:00,5.0,割煤中位,IsolationForest; Mahalanobis; 单变量IQR+3σ; 残差,3.863,150,正常
1082,2024-04-09 08:02:00,2024-04-09 08:05:00,4.0,割煤中位,IsolationForest; Mahalanobis; 单变量IQR+3σ; 残差,1.702,120,正常
1083,2024-04-09 08:15:00,2024-04-09 08:18:00,4.0,割煤中位,IsolationForest; Mahalanobis; 单变量IQR+3σ; 残差,1.89,120,正常
1084,2024-04-09 08:20:00,2024-04-09 08:20:00,1.0,割煤中位,IsolationForest; Mahalanobis; 单变量IQR+3σ; 残差,5.787,30,正常
1085,2024-04-09 08:24:00,2024-04-09 08:25:00,2.0,待机-高位,IsolationForest; Mahalanobis; 单变量IQR+3σ; 残差,2279.102,60,Mahalanobis 距离=2279.1（阈值=18.5）。主要贡献特征：PC2 (70.9%); PC3 (28.9%)。
1086,2024-04-09 08:28:00,2024-04-09 08:29:00,2.0,待机,IsolationForest; Mahalanobis; 单变量IQR+3σ; 残差,1040.976,60,Mahalanobis 距离=1041.0（阈值=18.5）。主要贡献特征：PC2 (64.6%); PC3 (34.2%); PC4 (1.2%)。
1087,2024-04-09 08:31:00,2024-04-09 08:31:00,1.0,待机,IsolationForest; Mahalanobis; 单变量IQR+3σ; 残差,1246.126,30,Mahalanobis 距离=1246.1（阈值=18.5）。主要贡献特征：PC2 (66.9%); PC3 (31.9%); PC4 (1.1%)。
1088,2024-04-09 08:33:00,2024-04-09 08:35:00,3.0,待机,IsolationForest; Mahalanobis; 单变量IQR+3σ; 残差,2341.715,90,Mahalanobis 距离=2341.7（阈值=18.5）。主要贡献特征：PC2 (97.4%); PC3 (2.5%)。
1089,2024-04-09 08:38:00,2024-04-09 08:41:00,4.0,待机,IsolationForest; Mahalanobis; 单变量IQR+3σ; 残差,2627.662,120,Mahalanobis 距离=2627.7（阈值=18.5）。主要贡献特征：PC2 (90.4%); PC4 (8.1%); PC3 (1.5%)。
1090,2024-04-09 10:17:00,2024-04-09 10:20:00,4.0,待机,IsolationForest; Mahalanobis; 单变量IQR+3σ; 残差,16.847,120,正常
1091,2024-04-09 13:29:00,2024-04-09 13:29:00,1.0,待机,IsolationForest; Mahalanobis; 单变量IQR+3σ; 残差,15.334,30,正常
1092,2024-04-09 14:33:00,2024-04-09 14:35:00,3.0,待机-高位,IsolationForest; Mahalanobis; 单变量IQR+3σ; 残差,2.524,90,正常
1093,2024-04-09 15:36:00,2024-04-09 15:36:00,1.0,调架中,IsolationForest; Mahalanobis; 单变量IQR+3σ; 残差,5.032,30,正常
1094,2024-04-09 15:54:00,2024-04-09 15:59:00,6.0,待机,IsolationForest; Mahalanobis; 单变量IQR+3σ; 残差,2763.875,180,Mahalanobis 距离=2763.9（阈值=18.5）。主要贡献特征：PC2 (62.6%); PC3 (22.7%); PC4 (14.7%)。
1095,2024-04-09 16:10:00,2024-04-09 16:10:00,1.0,待机,IsolationForest; Mahalanobis; 单变量IQR+3σ; 残差,16.622,30,正常
1096,2024-04-09 17:00:00,2024-04-09 17:02:00,3.0,割煤中位,IsolationForest; Mahalanobis; 单变量IQR+3σ; 残差,4.083,90,正常
1097,2024-04-09 17:05:00,2024-04-09 17:08:00,4.0,待机-高位,IsolationForest; Mahalanobis; 单变量IQR+3σ; 残差,2928.813,120,Mahalanobis 距离=2928.8（阈值=18.5）。主要贡献特征：PC2 (75.2%); PC3 (24.8%)。
1098,2024-04-09 17:12:00,2024-04-09 17:25:00,14.0,割煤高位,IsolationForest; Mahalanobis; 单变量IQR+3σ; 残差,4.733,420,残差异常：采煤机_油泵_右电机_电流 偏高（残差 Z-score=4.7，实际=53.0 vs 预测=18.0）
1099,2024-04-09 17:27:00,2024-04-09 17:38:00,12.0,待机-高位,IsolationForest; Mahalanobis; 单变量IQR+3σ; 残差,1954.031,360,Mahalanobis 距离=1954.0（阈值=18.5）。主要贡献特征：PC2 (66.1%); PC3 (33.9%)。
1100,2024-04-09 17:42:00,2024-04-09 17:50:00,9.0,割煤高位,IsolationForest; Mahalanobis; 单变量IQR+3σ; 残差,4.625,270,残差异常：采煤机_油泵_右电机_电流 偏高（残差 Z-score=4.6，实际=52.0 vs 预测=17.8）
1101,2024-04-09 17:52:00,2024-04-09 17:59:00,8.0,割煤高位,IsolationForest; Mahalanobis; 单变量IQR+3σ; 残差,2.436,240,正常
1102,2024-04-09 18:01:00,2024-04-09 18:02:00,2.0,割煤高位,IsolationForest; Mahalanobis; 单变量IQR+3σ; 残差,2.467,60,正常
1103,2024-04-09 18:04:00,2024-04-09 18:04:00,1.0,割煤高位,IsolationForest; Mahalanobis; 单变量IQR+3σ; 残差,2.956,30,正常
1104,2024-04-09 18:08:00,2024-04-09 18:11:00,4.0,待机-高位,IsolationForest; Mahalanobis; 单变量IQR+3σ; 残差,1482.13,120,Mahalanobis 距离=1482.1（阈值=18.5）。主要贡献特征：PC2 (52.5%); PC3 (47.3%)。
1105,2024-04-09 18:13:00,2024-04-09 18:13:00,1.0,割煤高位,IsolationForest; Mahalanobis; 单变量IQR+3σ; 残差,2.921,30,正常
1106,2024-04-09 18:15:00,2024-04-09 18:21:00,7.0,待机-高位,IsolationForest; Mahalanobis; 单变量IQR+3σ; 残差,2962.199,210,Mahalanobis 距离=2962.2（阈值=18.5）。主要贡献特征：PC2 (87.3%); PC4 (8.7%); PC3 (4.1%)。
1107,2024-04-09 21:25:00,2024-04-09 21:25:00,1.0,待机,IsolationForest; Mahalanobis; 单变量IQR+3σ; 残差,5.242,30,残差异常：采煤机_截割部位_左滚筒_电机_温度 偏高（残差 Z-score=5.2，实际=55.0 vs 预测=41.4）
1108,2024-04-09 21:27:00,2024-04-09 21:36:00,10.0,待机-高位,IsolationForest; Mahalanobis; 单变量IQR+3σ; 残差,1283.567,300,Mahalanobis 距离=1283.6（阈值=18.5）。主要贡献特征：PC2 (60.6%); PC3 (39.2%)。
1109,2024-04-09 21:39:00,2024-04-09 21:40:00,2.0,割煤中位,IsolationForest; Mahalanobis; 单变量IQR+3σ; 残差,6.401,60,正常
1110,2024-04-09 21:42:00,2024-04-09 21:43:00,2.0,割煤高位,IsolationForest; Mahalanobis; 单变量IQR+3σ; 残差,1.609,60,正常
1111,2024-04-09 21:48:00,2024-04-09 21:51:00,4.0,割煤高位,IsolationForest; Mahalanobis; 单变量IQR+3σ; 残差,5.222,120,正常
1112,2024-04-09 21:56:00,2024-04-09 21:56:00,1.0,割煤中位,IsolationForest; Mahalanobis; 单变量IQR+3σ; 残差,3.887,30,残差异常：采煤机_截割部位_右滚筒_电机_电流 偏高（残差 Z-score=3.9，实际=219.0 vs 预测=83.4）
1113,2024-04-09 22:00:00,2024-04-09 22:01:00,2.0,待机,IsolationForest; Mahalanobis; 单变量IQR+3σ; 残差,6071.898,60,Mahalanobis 距离=6071.9（阈值=18.5）。主要贡献特征：PC2 (84.9%); PC3 (14.4%)。
1114,2024-04-09 22:08:00,2024-04-09 22:10:00,3.0,割煤中位,IsolationForest; Mahalanobis; 单变量IQR+3σ; 残差,3.407,90,正常
1115,2024-04-09 22:12:00,2024-04-09 22:14:00,3.0,待机-高位,IsolationForest; Mahalanobis; 单变量IQR+3σ; 残差,4917.062,90,Mahalanobis 距离=4917.1（阈值=18.5）。主要贡献特征：PC2 (80.9%); PC3 (18.7%)。
1116,2024-04-09 22:20:00,2024-04-09 22:20:00,1.0,调架中,IsolationForest; Mahalanobis; 单变量IQR+3σ; 残差,2.089,30,正常
1117,2024-04-09 22:22:00,2024-04-09 22:25:00,4.0,待机,IsolationForest; Mahalanobis; 单变量IQR+3σ; 残差,5117.684,120,Mahalanobis 距离=5117.7（阈值=18.5）。主要贡献特征：PC2 (86.2%); PC3 (13.4%)。
1118,2024-04-10 00:45:00,2024-04-10 00:46:00,2.0,待机,IsolationForest; Mahalanobis; 单变量IQR+3σ; 残差,2.286,60,正常
1119,2024-04-10 00:54:00,2024-04-10 00:58:00,5.0,割煤高位,IsolationForest; Mahalanobis; 单变量IQR+3σ; 残差,3.72,150,残差异常：采煤机_截割部位_左滚筒_电机_电流 偏高（残差 Z-score=3.7，实际=213.0 vs 预测=64.6）
1120,2024-04-10 01:00:00,2024-04-10 01:05:00,6.0,割煤高位,IsolationForest; Mahalanobis; 单变量IQR+3σ; 残差,5.409,180,正常
1121,2024-04-10 01:10:00,2024-04-10 01:10:00,1.0,割煤高位,IsolationForest; Mahalanobis; 单变量IQR+3σ; 残差,5.962,30,正常
1122,2024-04-10 01:19:00,2024-04-10 01:19:00,1.0,割煤中位,IsolationForest; Mahalanobis; 单变量IQR+3σ; 残差,3.687,30,正常
1123,2024-04-10 01:22:00,2024-04-10 01:22:00,1.0,割煤高位,IsolationForest; Mahalanobis; 单变量IQR+3σ; 残差,5.011,30,残差异常：采煤机_截割部位_右滚筒_电机_电流 偏高（残差 Z-score=5.0，实际=273.0 vs 预测=66.8）
1124,2024-04-10 01:27:00,2024-04-10 01:29:00,3.0,割煤高位,IsolationForest; Mahalanobis; 单变量IQR+3σ; 残差,14.226,90,正常
1125,2024-04-10 01:31:00,2024-04-10 01:32:00,2.0,割煤高位,IsolationForest; Mahalanobis; 单变量IQR+3σ; 残差,12.429,60,正常
1126,2024-04-10 01:36:00,2024-04-10 01:36:00,1.0,割煤高位,IsolationForest; Mahalanobis; 单变量IQR+3σ; 残差,4.733,30,残差异常：采煤机_油泵_右电机_电流 偏高（残差 Z-score=4.7，实际=52.0 vs 预测=17.0）
1127,2024-04-10 01:38:00,2024-04-10 01:38:00,1.0,割煤中位,IsolationForest; Mahalanobis; 单变量IQR+3σ; 残差,3.031,30,残差异常：采煤机_截割部位_右滚筒_电机_温度 偏高（残差 Z-score=3.0，实际=65.0 vs 预测=58.0）
1128,2024-04-10 01:41:00,2024-04-10 01:42:00,2.0,割煤中位,IsolationForest; Mahalanobis; 单变量IQR+3σ; 残差,3.779,60,正常
1129,2024-04-10 01:57:00,2024-04-10 01:57:00,1.0,调架中,IsolationForest; Mahalanobis; 单变量IQR+3σ; 残差,3.081,30,残差异常：采煤机_截割部位_左滚筒_电机_温度 偏高（残差 Z-score=3.1，实际=77.0 vs 预测=62.8）
1130,2024-04-10 02:01:00,2024-04-10 02:03:00,3.0,割煤高位,IsolationForest; Mahalanobis; 单变量IQR+3σ; 残差,3.239,90,正常
1131,2024-04-10 02:09:00,2024-04-10 02:09:00,1.0,割煤中位,IsolationForest; Mahalanobis; 单变量IQR+3σ; 残差,3.947,30,残差异常：采煤机_截割部位_左滚筒_电机_温度 偏高（残差 Z-score=3.9，实际=84.0 vs 预测=73.6）
1132,2024-04-10 02:14:00,2024-04-10 02:14:00,1.0,调架中,IsolationForest; Mahalanobis; 单变量IQR+3σ; 残差,3.081,30,残差异常：采煤机_截割部位_左滚筒_电机_温度 偏高（残差 Z-score=3.1，实际=80.0 vs 预测=65.8）
1133,2024-04-10 02:16:00,2024-04-10 02:16:00,1.0,割煤中位,IsolationForest; Mahalanobis; 单变量IQR+3σ; 残差,5.787,30,正常
1134,2024-04-10 02:18:00,2024-04-10 02:18:00,1.0,调架中,IsolationForest; Mahalanobis; 单变量IQR+3σ; 残差,6.174,30,正常
1135,2024-04-10 02:20:00,2024-04-10 02:20:00,1.0,待机-高位,IsolationForest; Mahalanobis; 单变量IQR+3σ; 残差,2530.799,30,Mahalanobis 距离=2530.8（阈值=18.5）。主要贡献特征：PC2 (69.6%); PC3 (29.7%)。
1136,2024-04-10 02:22:00,2024-04-10 02:22:00,1.0,割煤高位,IsolationForest; Mahalanobis; 单变量IQR+3σ; 残差,4.354,30,残差异常：采煤机_油泵_右电机_电流 偏高（残差 Z-score=4.4，实际=50.0 vs 预测=17.8）
1137,2024-04-10 02:24:00,2024-04-10 02:24:00,1.0,割煤中位,IsolationForest; Mahalanobis; 单变量IQR+3σ; 残差,3.796,30,正常
1138,2024-04-10 02:32:00,2024-04-10 02:35:00,4.0,割煤高位,IsolationForest; Mahalanobis; 单变量IQR+3σ; 残差,5.429,120,正常
1139,2024-04-10 02:40:00,2024-04-10 02:40:00,1.0,待机,IsolationForest; Mahalanobis; 单变量IQR+3σ; 残差,3804.845,30,Mahalanobis 距离=3804.8（阈值=18.5）。主要贡献特征：PC2 (77.1%); PC3 (22.7%)。
1140,2024-04-10 02:42:00,2024-04-10 02:44:00,3.0,待机,IsolationForest; Mahalanobis; 单变量IQR+3σ; 残差,2438.446,90,Mahalanobis 距离=2438.4（阈值=18.5）。主要贡献特征：PC2 (79.2%); PC3 (20.2%)。
1141,2024-04-10 02:50:00,2024-04-10 02:50:00,1.0,割煤中位,IsolationForest; Mahalanobis; 单变量IQR+3σ; 残差,1.734,30,正常
1142,2024-04-10 02:55:00,2024-04-10 02:57:00,3.0,待机,IsolationForest; Mahalanobis; 单变量IQR+3σ; 残差,2256.538,90,Mahalanobis 距离=2256.5（阈值=18.5）。主要贡献特征：PC2 (67.0%); PC3 (32.9%)。
1143,2024-04-10 03:09:00,2024-04-10 03:09:00,1.0,割煤中位,IsolationForest; Mahalanobis; 单变量IQR+3σ; 残差,4.712,30,正常
1144,2024-04-10 03:17:00,2024-04-10 03:18:00,2.0,待机-高位,IsolationForest; Mahalanobis; 单变量IQR+3σ; 残差,3828.203,60,Mahalanobis 距离=3828.2（阈值=18.5）。主要贡献特征：PC2 (76.9%); PC3 (22.8%)。
1145,2024-04-10 03:22:00,2024-04-10 03:22:00,1.0,割煤高位,IsolationForest; Mahalanobis; 单变量IQR+3σ; 残差,6.377,30,正常
1146,2024-04-10 03:24:00,2024-04-10 03:24:00,1.0,割煤高位,IsolationForest; Mahalanobis; 单变量IQR+3σ; 残差,4.05,30,正常
1147,2024-04-10 03:40:00,2024-04-10 03:43:00,4.0,待机-高位,IsolationForest; Mahalanobis; 单变量IQR+3σ; 残差,2781.578,120,Mahalanobis 距离=2781.6（阈值=18.5）。主要贡献特征：PC2 (73.7%); PC3 (26.2%)。
1148,2024-04-10 04:13:00,2024-04-10 04:14:00,2.0,割煤高位,IsolationForest; Mahalanobis; 单变量IQR+3σ; 残差,4.127,60,正常
1149,2024-04-10 04:24:00,2024-04-10 04:24:00,1.0,割煤高位,IsolationForest; Mahalanobis; 单变量IQR+3σ; 残差,3.751,30,正常
1150,2024-04-10 04:32:00,2024-04-10 12:32:00,481.0,待机,IsolationForest; Mahalanobis; 单变量IQR+3σ; 残差,72482.914,14430,Mahalanobis 距离=72482.9（阈值=18.5）。主要贡献特征：PC2 (94.2%); PC3 (5.8%)。
1151,2024-04-10 13:55:00,2024-04-10 13:59:00,5.0,待机,IsolationForest; Mahalanobis; 单变量IQR+3σ; 残差,24.396,150,Mahalanobis 距离=24.4（阈值=18.5）。主要贡献特征：PC2 (68.7%); PC3 (29.2%); PC1 (2.1%)。
1152,2024-04-10 14:31:00,2024-04-10 14:31:00,1.0,待机,IsolationForest; Mahalanobis; 单变量IQR+3σ; 残差,15.606,30,正常
1153,2024-04-10 15:11:00,2024-04-10 15:15:00,5.0,待机,IsolationForest; Mahalanobis; 单变量IQR+3σ; 残差,2353.128,150,Mahalanobis 距离=2353.1（阈值=18.5）。主要贡献特征：PC2 (93.1%); PC3 (6.8%)。
1154,2024-04-10 15:45:00,2024-04-10 15:45:00,1.0,待机,IsolationForest; Mahalanobis; 单变量IQR+3σ; 残差,15.896,30,正常
1155,2024-04-10 15:52:00,2024-04-10 16:04:00,13.0,待机,IsolationForest; Mahalanobis; 单变量IQR+3σ; 残差,15.591,390,正常
1156,2024-04-10 16:07:00,2024-04-10 16:17:00,11.0,待机,IsolationForest; Mahalanobis; 单变量IQR+3σ; 残差,2623.25,330,Mahalanobis 距离=2623.2（阈值=18.5）。主要贡献特征：PC2 (74.7%); PC3 (25.2%)。
1157,2024-04-10 16:19:00,2024-04-10 16:20:00,2.0,割煤高位,IsolationForest; Mahalanobis; 单变量IQR+3σ; 残差,6.576,60,正常
1158,2024-04-10 16:22:00,2024-04-10 16:34:00,13.0,割煤高位,IsolationForest; Mahalanobis; 单变量IQR+3σ; 残差,5.052,390,残差异常：采煤机_破碎机_电机_电流 偏高（残差 Z-score=5.1，实际=66.0 vs 预测=6.8）
1159,2024-04-10 16:50:00,2024-04-10 16:50:00,1.0,割煤中位,IsolationForest; Mahalanobis; 单变量IQR+3σ; 残差,3.023,30,残差异常：采煤机_油泵_左电机_温度 偏高（残差 Z-score=3.0，实际=49.0 vs 预测=44.4）
1160,2024-04-10 17:02:00,2024-04-10 17:02:00,1.0,割煤高位,IsolationForest; Mahalanobis; 单变量IQR+3σ; 残差,5.222,30,正常
1161,2024-04-10 17:04:00,2024-04-10 17:04:00,1.0,调架中,IsolationForest; Mahalanobis; 单变量IQR+3σ; 残差,8.252,30,正常
1162,2024-04-10 17:11:00,2024-04-10 17:11:00,1.0,割煤高位,IsolationForest; Mahalanobis; 单变量IQR+3σ; 残差,5.707,30,残差异常：采煤机_油泵_右电机_电流 偏高（残差 Z-score=5.7，实际=60.0 vs 预测=17.8）
1163,2024-04-10 17:18:00,2024-04-10 17:21:00,4.0,待机-高位,IsolationForest; Mahalanobis; 单变量IQR+3σ; 残差,2645.204,120,Mahalanobis 距离=2645.2（阈值=18.5）。主要贡献特征：PC2 (70.5%); PC3 (29.2%)。
1164,2024-04-10 17:43:00,2024-04-10 17:47:00,5.0,割煤中位,IsolationForest; Mahalanobis; 单变量IQR+3σ; 残差,6.862,150,正常
1165,2024-04-10 17:50:00,2024-04-10 17:53:00,4.0,待机,IsolationForest; Mahalanobis; 单变量IQR+3σ; 残差,2396.879,120,Mahalanobis 距离=2396.9（阈值=18.5）。主要贡献特征：PC2 (73.7%); PC3 (25.7%)。
1166,2024-04-10 19:55:00,2024-04-10 20:02:00,8.0,割煤高位,IsolationForest; Mahalanobis; 单变量IQR+3σ; 残差,3.663,240,正常
1167,2024-04-10 20:04:00,2024-04-10 20:07:00,4.0,待机-高位,IsolationForest; Mahalanobis; 单变量IQR+3σ; 残差,1488.368,120,Mahalanobis 距离=1488.4（阈值=18.5）。主要贡献特征：PC2 (61.5%); PC3 (38.2%)。
1168,2024-04-10 20:11:00,2024-04-10 20:14:00,4.0,待机,IsolationForest; Mahalanobis; 单变量IQR+3σ; 残差,4268.489,120,Mahalanobis 距离=4268.5（阈值=18.5）。主要贡献特征：PC2 (73.9%); PC3 (26.1%)。
1169,2024-04-10 20:42:00,2024-04-10 20:53:00,12.0,调架中,IsolationForest; Mahalanobis; 单变量IQR+3σ; 残差,4.174,360,正常
1170,2024-04-10 20:58:00,2024-04-10 21:10:00,13.0,割煤高位,IsolationForest; Mahalanobis; 单变量IQR+3σ; 残差,5.011,390,残差异常：采煤机_截割部位_左滚筒_电机_温度 偏高（残差 Z-score=5.0，实际=69.0 vs 预测=54.6）
1171,2024-04-10 21:12:00,2024-04-10 21:12:00,1.0,割煤中位,IsolationForest; Mahalanobis; 单变量IQR+3σ; 残差,6.716,30,正常
1172,2024-04-10 21:17:00,2024-04-10 21:17:00,1.0,待机,IsolationForest; Mahalanobis; 单变量IQR+3σ; 残差,2081.22,30,Mahalanobis 距离=2081.2（阈值=18.5）。主要贡献特征：PC2 (69.9%); PC3 (29.2%)。
1173,2024-04-10 21:22:00,2024-04-10 21:22:00,1.0,割煤中位,IsolationForest; Mahalanobis; 单变量IQR+3σ; 残差,3.142,30,残差异常：采煤机_截割部位_右滚筒_电机_电流 偏高（残差 Z-score=3.1，实际=191.0 vs 预测=81.4）
1174,2024-04-10 21:56:00,2024-04-10 21:56:00,1.0,割煤中位,IsolationForest; Mahalanobis; 单变量IQR+3σ; 残差,2.103,30,正常
1175,2024-04-10 22:04:00,2024-04-10 22:04:00,1.0,割煤高位,IsolationForest; Mahalanobis; 单变量IQR+3σ; 残差,3.445,30,残差异常：采煤机_油泵_左电机_温度 偏高（残差 Z-score=3.4，实际=52.0 vs 预测=46.8）
1176,2024-04-10 22:25:00,2024-04-10 22:25:00,1.0,割煤高位,IsolationForest; Mahalanobis; 单变量IQR+3σ; 残差,4.652,30,残差异常：采煤机_油泵_右电机_电流 偏高（残差 Z-score=4.7，实际=52.0 vs 预测=17.6）
1177,2024-04-10 22:27:00,2024-04-10 22:27:00,1.0,割煤高位,IsolationForest; Mahalanobis; 单变量IQR+3σ; 残差,5.954,30,正常
1178,2024-04-10 22:32:00,2024-04-10 22:33:00,2.0,待机,IsolationForest; Mahalanobis; 单变量IQR+3σ; 残差,3098.95,60,Mahalanobis 距离=3098.9（阈值=18.5）。主要贡献特征：PC2 (72.0%); PC3 (28.0%)。
1179,2024-04-10 22:35:00,2024-04-10 22:35:00,1.0,割煤中位,IsolationForest; Mahalanobis; 单变量IQR+3σ; 残差,4.405,30,正常
1180,2024-04-10 22:40:00,2024-04-10 22:41:00,2.0,待机-高位,IsolationForest; Mahalanobis; 单变量IQR+3σ; 残差,2447.318,60,Mahalanobis 距离=2447.3（阈值=18.5）。主要贡献特征：PC2 (69.6%); PC3 (30.0%)。
1181,2024-04-10 22:52:00,2024-04-10 22:52:00,1.0,割煤中位,IsolationForest; Mahalanobis; 单变量IQR+3σ; 残差,4.712,30,正常
1182,2024-04-10 22:58:00,2024-04-10 22:58:00,1.0,割煤中位,IsolationForest; Mahalanobis; 单变量IQR+3σ; 残差,3.474,30,残差异常：采煤机_截割部位_右滚筒_电机_电流 偏高（残差 Z-score=3.5，实际=209.0 vs 预测=87.8）
1183,2024-04-10 23:15:00,2024-04-10 23:19:00,5.0,割煤中位,IsolationForest; Mahalanobis; 单变量IQR+3σ; 残差,24.581,150,Mahalanobis 距离=24.6（阈值=18.5）。主要贡献特征：PC2 (85.4%); PC3 (13.1%); PC1 (1.2%)。
1184,2024-04-10 23:28:00,2024-04-10 23:28:00,1.0,割煤中位,IsolationForest; Mahalanobis; 单变量IQR+3σ; 残差,5.48,30,正常
1185,2024-04-10 23:31:00,2024-04-10 23:31:00,1.0,调架中,IsolationForest; Mahalanobis; 单变量IQR+3σ; 残差,5.418,30,正常
1186,2024-04-10 23:41:00,2024-04-10 23:41:00,1.0,割煤中位,IsolationForest; Mahalanobis; 单变量IQR+3σ; 残差,7.169,30,正常
1187,2024-04-10 23:51:00,2024-04-10 23:54:00,4.0,待机,IsolationForest; Mahalanobis; 单变量IQR+3σ; 残差,5292.018,120,Mahalanobis 距离=5292.0（阈值=18.5）。主要贡献特征：PC2 (80.6%); PC3 (18.3%); PC4 (1.2%)。
1188,2024-04-10 23:57:00,2024-04-10 23:57:00,1.0,待机,IsolationForest; Mahalanobis; 单变量IQR+3σ; 残差,15.14,30,正常
1189,2024-04-11 00:00:00,2024-04-11 00:02:00,3.0,割煤中位,IsolationForest; Mahalanobis; 单变量IQR+3σ; 残差,5.326,90,正常
1190,2024-04-11 00:19:00,2024-04-11 00:20:00,2.0,待机,IsolationForest; Mahalanobis; 单变量IQR+3σ; 残差,1717.753,60,Mahalanobis 距离=1717.8（阈值=18.5）。主要贡献特征：PC2 (67.4%); PC3 (31.7%)。
1191,2024-04-11 00:25:00,2024-04-11 00:25:00,1.0,割煤中位,IsolationForest; Mahalanobis; 单变量IQR+3σ; 残差,4.398,30,残差异常：采煤机_截割部位_右滚筒_电机_电流 偏高（残差 Z-score=4.4，实际=230.0 vs 预测=76.6）
1192,2024-04-11 00:30:00,2024-04-11 00:30:00,1.0,割煤中位,IsolationForest; Mahalanobis; 单变量IQR+3σ; 残差,4.558,30,正常
1193,2024-04-11 00:47:00,2024-04-11 00:48:00,2.0,调架中,IsolationForest; Mahalanobis; 单变量IQR+3σ; 残差,4.263,60,残差异常：采煤机_油泵_左电机_电流 偏高（残差 Z-score=4.3，实际=53.0 vs 预测=18.6）
1194,2024-04-11 00:58:00,2024-04-11 00:58:00,1.0,割煤高位,IsolationForest; Mahalanobis; 单变量IQR+3σ; 残差,3.004,30,残差异常：采煤机_截割部位_右滚筒_电机_电流 偏高（残差 Z-score=3.0，实际=217.0 vs 预测=93.4）
1195,2024-04-11 01:00:00,2024-04-11 01:01:00,2.0,割煤中位,IsolationForest; Mahalanobis; 单变量IQR+3σ; 残差,6.094,60,正常
1196,2024-04-11 01:14:00,2024-04-11 01:20:00,7.0,待机-高位,IsolationForest; Mahalanobis; 单变量IQR+3σ; 残差,2394.467,210,Mahalanobis 距离=2394.5（阈值=18.5）。主要贡献特征：PC2 (67.8%); PC3 (31.8%)。
1197,2024-04-11 01:35:00,2024-04-11 01:37:00,3.0,割煤中位,IsolationForest; Mahalanobis; 单变量IQR+3σ; 残差,1.932,90,正常
1198,2024-04-11 01:40:00,2024-04-11 01:40:00,1.0,割煤中位,IsolationForest; Mahalanobis; 单变量IQR+3σ; 残差,2.307,30,正常
1199,2024-04-11 01:42:00,2024-04-11 01:45:00,4.0,待机-高位,IsolationForest; Mahalanobis; 单变量IQR+3σ; 残差,666.403,120,Mahalanobis 距离=666.4（阈值=18.5）。主要贡献特征：PC2 (54.1%); PC3 (45.8%)。
1200,2024-04-11 01:48:00,2024-04-11 01:48:00,1.0,割煤中位,IsolationForest; Mahalanobis; 单变量IQR+3σ; 残差,2.846,30,正常
1201,2024-04-11 01:51:00,2024-04-11 01:52:00,2.0,待机-高位,IsolationForest; Mahalanobis; 单变量IQR+3σ; 残差,890.014,60,Mahalanobis 距离=890.0（阈值=18.5）。主要贡献特征：PC2 (57.3%); PC3 (42.6%)。
1202,2024-04-11 02:02:00,2024-04-11 02:02:00,1.0,割煤中位,IsolationForest; Mahalanobis; 单变量IQR+3σ; 残差,2.562,30,正常
1203,2024-04-11 02:04:00,2024-04-11 02:04:00,1.0,调架中,IsolationForest; Mahalanobis; 单变量IQR+3σ; 残差,5.473,30,正常
1204,2024-04-11 02:07:00,2024-04-11 02:07:00,1.0,割煤高位,IsolationForest; Mahalanobis; 单变量IQR+3σ; 残差,2.65,30,正常
1205,2024-04-11 02:12:00,2024-04-11 02:12:00,1.0,割煤高位,IsolationForest; Mahalanobis; 单变量IQR+3σ; 残差,4.733,30,残差异常：采煤机_油泵_右电机_电流 偏高（残差 Z-score=4.7，实际=52.0 vs 预测=17.0）
1206,2024-04-11 02:15:00,2024-04-11 02:15:00,1.0,割煤高位,IsolationForest; Mahalanobis; 单变量IQR+3σ; 残差,5.808,30,正常
1207,2024-04-11 02:19:00,2024-04-11 02:23:00,5.0,待机,IsolationForest; Mahalanobis; 单变量IQR+3σ; 残差,4359.238,150,Mahalanobis 距离=4359.2（阈值=18.5）。主要贡献特征：PC2 (77.3%); PC3 (22.2%)。
1208,2024-04-11 02:36:00,2024-04-11 02:38:00,3.0,割煤中位,IsolationForest; Mahalanobis; 单变量IQR+3σ; 残差,7.169,90,正常
1209,2024-04-11 02:40:00,2024-04-11 02:40:00,1.0,割煤高位,IsolationForest; Mahalanobis; 单变量IQR+3σ; 残差,2.015,30,正常
1210,2024-04-11 02:44:00,2024-04-11 02:44:00,1.0,待机,IsolationForest; Mahalanobis; 单变量IQR+3σ; 残差,1609.452,30,Mahalanobis 距离=1609.5（阈值=18.5）。主要贡献特征：PC2 (65.3%); PC3 (33.1%); PC4 (1.6%)。
1211,2024-04-11 02:46:00,2024-04-11 02:46:00,1.0,割煤中位,IsolationForest; Mahalanobis; 单变量IQR+3σ; 残差,2.487,30,正常
1212,2024-04-11 02:48:00,2024-04-11 02:48:00,1.0,割煤中位,IsolationForest; Mahalanobis; 单变量IQR+3σ; 残差,5.326,30,正常
1213,2024-04-11 02:51:00,2024-04-11 02:52:00,2.0,待机,IsolationForest; Mahalanobis; 单变量IQR+3σ; 残差,1944.85,60,Mahalanobis 距离=1944.8（阈值=18.5）。主要贡献特征：PC2 (70.0%); PC3 (28.9%); PC4 (1.2%)。
1214,2024-04-11 02:55:00,2024-04-11 02:59:00,5.0,待机,IsolationForest; Mahalanobis; 单变量IQR+3σ; 残差,3407.447,150,Mahalanobis 距离=3407.4（阈值=18.5）。主要贡献特征：PC2 (77.7%); PC3 (19.9%); PC4 (2.4%)。
1215,2024-04-11 03:02:00,2024-04-11 03:02:00,1.0,割煤中位,IsolationForest; Mahalanobis; 单变量IQR+3σ; 残差,3.245,30,残差异常：采煤机_截割部位_右滚筒_电机_电流 偏高（残差 Z-score=3.2，实际=195.0 vs 预测=81.8）
1216,2024-04-11 03:07:00,2024-04-11 03:07:00,1.0,调架中,IsolationForest; Mahalanobis; 单变量IQR+3σ; 残差,3.197,30,残差异常：采煤机_油泵_左电机_电流 偏高（残差 Z-score=3.2，实际=43.0 vs 预测=17.2）
1217,2024-04-11 03:09:00,2024-04-11 03:09:00,1.0,待机-高位,IsolationForest; Mahalanobis; 单变量IQR+3σ; 残差,1092.772,30,Mahalanobis 距离=1092.8（阈值=18.5）。主要贡献特征：PC2 (58.9%); PC3 (39.9%); PC4 (1.2%)。
1218,2024-04-11 03:15:00,2024-04-11 03:15:00,1.0,待机,IsolationForest; Mahalanobis; 单变量IQR+3σ; 残差,4489.08,30,Mahalanobis 距离=4489.1（阈值=18.5）。主要贡献特征：PC2 (81.4%); PC3 (18.3%)。
1219,2024-04-11 03:17:00,2024-04-11 03:17:00,1.0,割煤中位,IsolationForest; Mahalanobis; 单变量IQR+3σ; 残差,3.088,30,残差异常：采煤机_截割部位_左滚筒_电机_电流 偏高（残差 Z-score=3.1，实际=209.0 vs 预测=79.2）
1220,2024-04-11 03:19:00,2024-04-11 03:19:00,1.0,割煤中位,IsolationForest; Mahalanobis; 单变量IQR+3σ; 残差,7.016,30,单变量异常：采煤机_油泵_左电机_电流（z-score=7.0，实际=64.0，均值=18.3±6.5）
1221,2024-04-11 03:22:00,2024-04-11 03:23:00,2.0,割煤中位,IsolationForest; Mahalanobis; 单变量IQR+3σ; 残差,3.023,60,单变量异常：采煤机_油泵_左电机_电流（z-score=3.0，实际=38.0，均值=18.3±6.5）
1222,2024-04-11 03:25:00,2024-04-11 03:29:00,5.0,待机,IsolationForest; Mahalanobis; 单变量IQR+3σ; 残差,7823.209,150,Mahalanobis 距离=7823.2（阈值=18.5）。主要贡献特征：PC2 (88.3%); PC3 (11.4%)。
1223,2024-04-11 03:32:00,2024-04-11 03:32:00,1.0,割煤中位,IsolationForest; Mahalanobis; 单变量IQR+3σ; 残差,4.199,30,正常
1224,2024-04-11 03:34:00,2024-04-11 03:34:00,1.0,待机,IsolationForest; Mahalanobis; 单变量IQR+3σ; 残差,5318.344,30,Mahalanobis 距离=5318.3（阈值=18.5）。主要贡献特征：PC2 (78.8%); PC3 (21.2%)。
1225,2024-04-11 03:46:00,2024-04-11 03:46:00,1.0,待机-高位,IsolationForest; Mahalanobis; 单变量IQR+3σ; 残差,1994.504,30,Mahalanobis 距离=1994.5（阈值=18.5）。主要贡献特征：PC2 (66.4%); PC3 (33.2%)。
1226,2024-04-11 03:51:00,2024-04-11 03:51:00,1.0,割煤中位,IsolationForest; Mahalanobis; 单变量IQR+3σ; 残差,5.326,30,正常
1227,2024-04-11 04:01:00,2024-04-11 04:01:00,1.0,割煤高位,IsolationForest; Mahalanobis; 单变量IQR+3σ; 残差,3.301,30,残差异常：采煤机_牵引部位_左电机_电流 偏高（残差 Z-score=3.3，实际=230.0 vs 预测=126.8）
1228,2024-04-11 04:03:00,2024-04-11 04:06:00,4.0,待机-高位,IsolationForest; Mahalanobis; 单变量IQR+3σ; 残差,3477.715,120,Mahalanobis 距离=3477.7（阈值=18.5）。主要贡献特征：PC2 (73.9%); PC3 (25.6%)。
1229,2024-04-11 04:24:00,2024-04-11 04:26:00,3.0,调架中,IsolationForest; Mahalanobis; 单变量IQR+3σ; 残差,4.015,90,正常
1230,2024-04-11 04:38:00,2024-04-11 04:38:00,1.0,割煤中位,IsolationForest; Mahalanobis; 单变量IQR+3σ; 残差,3.564,30,残差异常：采煤机_截割部位_左滚筒_电机_电流 偏高（残差 Z-score=3.6，实际=250.0 vs 预测=100.2）
1231,2024-04-11 04:41:00,2024-04-11 04:43:00,3.0,割煤中位,IsolationForest; Mahalanobis; 单变量IQR+3σ; 残差,2.614,90,正常
1232,2024-04-11 04:47:00,2024-04-11 04:59:00,13.0,割煤高位,IsolationForest; Mahalanobis; 单变量IQR+3σ; 残差,4.232,390,残差异常：采煤机_牵引部位_左电机_温度 偏高（残差 Z-score=4.2，实际=74.0 vs 预测=56.8）
1233,2024-04-11 05:04:00,2024-04-11 05:04:00,1.0,割煤中位,IsolationForest; Mahalanobis; 单变量IQR+3σ; 残差,2.974,30,正常
1234,2024-04-11 05:06:00,2024-04-11 05:06:00,1.0,割煤中位,IsolationForest; Mahalanobis; 单变量IQR+3σ; 残差,3.779,30,正常
1235,2024-04-11 05:09:00,2024-04-11 05:09:00,1.0,割煤中位,IsolationForest; Mahalanobis; 单变量IQR+3σ; 残差,3.345,30,正常
1236,2024-04-11 05:16:00,2024-04-11 05:16:00,1.0,调架中,IsolationForest; Mahalanobis; 单变量IQR+3σ; 残差,5.04,30,正常
1237,2024-04-11 05:18:00,2024-04-11 05:20:00,3.0,割煤中位,IsolationForest; Mahalanobis; 单变量IQR+3σ; 残差,7.562,90,残差异常：采煤机_油泵_右电机_电流 偏高（残差 Z-score=7.6，实际=64.0 vs 预测=17.0）
1238,2024-04-11 05:22:00,2024-04-11 05:22:00,1.0,割煤高位,IsolationForest; Mahalanobis; 单变量IQR+3σ; 残差,3.047,30,残差异常：采煤机_油泵_左电机_温度 偏高（残差 Z-score=3.0，实际=56.0 vs 预测=51.4）
1239,2024-04-11 05:29:00,2024-04-11 05:33:00,5.0,割煤高位,IsolationForest; Mahalanobis; 单变量IQR+3σ; 残差,6.979,150,单变量异常：采煤机_油泵_左电机_电流（z-score=7.0，实际=66.0，均值=18.4±6.8）
1240,2024-04-11 05:35:00,2024-04-11 05:39:00,5.0,割煤中位,IsolationForest; Mahalanobis; 单变量IQR+3σ; 残差,5.019,150,正常
1241,2024-04-11 05:46:00,2024-04-11 05:46:00,1.0,割煤中位,IsolationForest; Mahalanobis; 单变量IQR+3σ; 残差,3.966,30,残差异常：采煤机_破碎机_电机_电流 偏高（残差 Z-score=4.0，实际=44.0 vs 预测=0.0）
1242,2024-04-11 05:50:00,2024-04-11 05:50:00,1.0,待机-高位,IsolationForest; Mahalanobis; 单变量IQR+3σ; 残差,1739.02,30,Mahalanobis 距离=1739.0（阈值=18.5）。主要贡献特征：PC2 (68.2%); PC3 (31.4%)。
1243,2024-04-11 05:52:00,2024-04-11 05:52:00,1.0,割煤高位,IsolationForest; Mahalanobis; 单变量IQR+3σ; 残差,3.508,30,正常
1244,2024-04-11 05:58:00,2024-04-11 06:00:00,3.0,割煤中位,IsolationForest; Mahalanobis; 单变量IQR+3σ; 残差,5.265,90,单变量异常：采煤机_截割部位_右滚筒_电机_电流（z-score=5.3，实际=275.0，均值=88.6±35.4）
1245,2024-04-11 06:02:00,2024-04-11 06:02:00,1.0,割煤高位,IsolationForest; Mahalanobis; 单变量IQR+3σ; 残差,4.921,30,正常
1246,2024-04-11 06:12:00,2024-04-11 06:12:00,1.0,调架中,IsolationForest; Mahalanobis; 单变量IQR+3σ; 残差,3.173,30,残差异常：采煤机_油泵_左电机_电流 偏高（残差 Z-score=3.2，实际=44.0 vs 预测=18.4）
1247,2024-04-11 06:16:00,2024-04-11 06:16:00,1.0,割煤中位,IsolationForest; Mahalanobis; 单变量IQR+3σ; 残差,4.672,30,正常
1248,2024-04-11 06:28:00,2024-04-11 06:28:00,1.0,割煤中位,IsolationForest; Mahalanobis; 单变量IQR+3σ; 残差,4.214,30,正常
1249,2024-04-11 06:30:00,2024-04-11 06:32:00,3.0,割煤高位,IsolationForest; Mahalanobis; 单变量IQR+3σ; 残差,3.698,90,残差异常：采煤机_截割部位_右滚筒_电机_温度 偏高（残差 Z-score=3.7，实际=76.0 vs 预测=67.2）
1250,2024-04-11 06:35:00,2024-04-11 06:38:00,4.0,割煤中位,IsolationForest; Mahalanobis; 单变量IQR+3σ; 残差,2.385,120,正常
1251,2024-04-11 06:41:00,2024-04-11 06:41:00,1.0,割煤中位,IsolationForest; Mahalanobis; 单变量IQR+3σ; 残差,2.222,30,正常
1252,2024-04-11 06:46:00,2024-04-11 06:46:00,1.0,割煤高位,IsolationForest; Mahalanobis; 单变量IQR+3σ; 残差,4.347,30,残差异常：采煤机_截割部位_左滚筒_电机_电流 偏高（残差 Z-score=4.3，实际=267.0 vs 预测=93.6）
1253,2024-04-11 06:50:00,2024-04-11 06:51:00,2.0,待机-高位,IsolationForest; Mahalanobis; 单变量IQR+3σ; 残差,3229.71,60,Mahalanobis 距离=3229.7（阈值=18.5）。主要贡献特征：PC2 (68.1%); PC3 (31.7%)。
1254,2024-04-11 06:54:00,2024-04-11 06:54:00,1.0,割煤高位,IsolationForest; Mahalanobis; 单变量IQR+3σ; 残差,4.242,30,残差异常：采煤机_截割部位_左滚筒_电机_电流 偏高（残差 Z-score=4.2，实际=254.0 vs 预测=84.8）
1255,2024-04-11 06:59:00,2024-04-11 06:59:00,1.0,待机-高位,IsolationForest; Mahalanobis; 单变量IQR+3σ; 残差,1823.554,30,Mahalanobis 距离=1823.6（阈值=18.5）。主要贡献特征：PC2 (62.1%); PC3 (37.5%)。
1256,2024-04-11 07:14:00,2024-04-11 07:17:00,4.0,待机,IsolationForest; Mahalanobis; 单变量IQR+3σ; 残差,6138.531,120,Mahalanobis 距离=6138.5（阈值=18.5）。主要贡献特征：PC2 (87.9%); PC3 (12.0%)。
1257,2024-04-11 07:21:00,2024-04-11 07:21:00,1.0,待机,IsolationForest; Mahalanobis; 单变量IQR+3σ; 残差,2290.256,30,Mahalanobis 距离=2290.3（阈值=18.5）。主要贡献特征：PC2 (70.2%); PC3 (29.0%)。
1258,2024-04-11 07:23:00,2024-04-11 07:25:00,3.0,待机,IsolationForest; Mahalanobis; 单变量IQR+3σ; 残差,2877.567,90,Mahalanobis 距离=2877.6（阈值=18.5）。主要贡献特征：PC2 (92.2%); PC3 (7.6%)。
1259,2024-04-11 07:32:00,2024-04-11 07:32:00,1.0,割煤中位,IsolationForest; Mahalanobis; 单变量IQR+3σ; 残差,8.302,30,残差异常：采煤机_油泵_右电机_电流 偏高（残差 Z-score=8.3，实际=69.0 vs 预测=17.4）
1260,2024-04-11 07:34:00,2024-04-11 07:34:00,1.0,待机,IsolationForest; Mahalanobis; 单变量IQR+3σ; 残差,11090.703,30,Mahalanobis 距离=11090.7（阈值=18.5）。主要贡献特征：PC2 (95.5%); PC3 (4.5%)。
1261,2024-04-11 07:47:00,2024-04-11 07:49:00,3.0,割煤中位,IsolationForest; Mahalanobis; 单变量IQR+3σ; 残差,4.056,90,残差异常：采煤机_破碎机_电机_电流 偏高（残差 Z-score=4.1，实际=45.0 vs 预测=0.0）
1262,2024-04-11 07:52:00,2024-04-11 07:54:00,3.0,待机,IsolationForest; Mahalanobis; 单变量IQR+3σ; 残差,2106.961,90,Mahalanobis 距离=2107.0（阈值=18.5）。主要贡献特征：PC2 (58.2%); PC3 (41.7%)。
1263,2024-04-11 08:01:00,2024-04-11 08:01:00,1.0,割煤高位,IsolationForest; Mahalanobis; 单变量IQR+3σ; 残差,3.465,30,残差异常：采煤机_截割部位_左滚筒_电机_电流 偏高（残差 Z-score=3.5，实际=242.0 vs 预测=103.8）
1264,2024-04-11 08:05:00,2024-04-11 08:05:00,1.0,割煤中位,IsolationForest; Mahalanobis; 单变量IQR+3σ; 残差,3.198,30,正常
1265,2024-04-11 08:14:00,2024-04-11 08:15:00,2.0,割煤中位,IsolationForest; Mahalanobis; 单变量IQR+3σ; 残差,6.862,60,单变量异常：采煤机_油泵_左电机_电流（z-score=6.9，实际=63.0，均值=18.3±6.5）
1266,2024-04-11 08:17:00,2024-04-11 08:18:00,2.0,割煤中位,IsolationForest; Mahalanobis; 单变量IQR+3σ; 残差,3.096,60,正常
1267,2024-04-11 08:21:00,2024-04-11 08:26:00,6.0,待机,IsolationForest; Mahalanobis; 单变量IQR+3σ; 残差,1636.929,180,Mahalanobis 距离=1636.9（阈值=18.5）。主要贡献特征：PC2 (67.7%); PC3 (31.1%); PC4 (1.2%)。
1268,2024-04-11 08:33:00,2024-04-11 08:36:00,4.0,待机,IsolationForest; Mahalanobis; 单变量IQR+3σ; 残差,4469.094,120,Mahalanobis 距离=4469.1（阈值=18.5）。主要贡献特征：PC2 (82.3%); PC3 (17.3%)。
1269,2024-04-11 08:39:00,2024-04-11 08:41:00,3.0,待机,IsolationForest; Mahalanobis; 单变量IQR+3σ; 残差,5157.798,90,Mahalanobis 距离=5157.8（阈值=18.5）。主要贡献特征：PC2 (96.4%); PC4 (3.5%)。
1270,2024-04-11 08:59:00,2024-04-11 08:59:00,1.0,割煤高位,IsolationForest; Mahalanobis; 单变量IQR+3σ; 残差,1.841,30,正常
1271,2024-04-11 09:09:00,2024-04-11 09:10:00,2.0,割煤中位,IsolationForest; Mahalanobis; 单变量IQR+3σ; 残差,6.565,60,残差异常：采煤机_油泵_右电机_电流 偏高（残差 Z-score=6.6，实际=58.0 vs 预测=17.2）
1272,2024-04-11 09:22:00,2024-04-11 09:22:00,1.0,待机,IsolationForest; Mahalanobis; 单变量IQR+3σ; 残差,6373.616,30,Mahalanobis 距离=6373.6（阈值=18.5）。主要贡献特征：PC2 (82.8%); PC3 (17.2%)。
1273,2024-04-11 09:29:00,2024-04-11 09:29:00,1.0,割煤高位,IsolationForest; Mahalanobis; 单变量IQR+3σ; 残差,5.661,30,正常
1274,2024-04-11 09:45:00,2024-04-11 09:45:00,1.0,割煤高位,IsolationForest; Mahalanobis; 单变量IQR+3σ; 残差,4.196,30,正常
1275,2024-04-11 09:49:00,2024-04-11 09:50:00,2.0,割煤中位,IsolationForest; Mahalanobis; 单变量IQR+3σ; 残差,4.553,60,正常
1276,2024-04-11 10:05:00,2024-04-11 10:05:00,1.0,割煤高位,IsolationForest; Mahalanobis; 单变量IQR+3σ; 残差,3.841,30,残差异常：采煤机_油泵_右电机_电流 偏高（残差 Z-score=3.8，实际=46.0 vs 预测=17.6）
1277,2024-04-11 10:09:00,2024-04-11 10:12:00,4.0,待机,IsolationForest; Mahalanobis; 单变量IQR+3σ; 残差,4231.484,120,Mahalanobis 距离=4231.5（阈值=18.5）。主要贡献特征：PC2 (85.8%); PC3 (14.2%)。
1278,2024-04-11 10:40:00,2024-04-11 10:42:00,3.0,待机,IsolationForest; Mahalanobis; 单变量IQR+3σ; 残差,2.48,90,正常
1279,2024-04-11 14:21:00,2024-04-11 14:29:00,9.0,待机,IsolationForest; Mahalanobis; 单变量IQR+3σ; 残差,37812.912,270,Mahalanobis 距离=37812.9（阈值=18.5）。主要贡献特征：PC2 (94.2%); PC3 (5.7%)。
1280,2024-04-11 15:14:00,2024-04-11 15:14:00,1.0,待机,IsolationForest; Mahalanobis; 单变量IQR+3σ; 残差,15.54,30,正常
1281,2024-04-11 15:42:00,2024-04-11 15:42:00,1.0,待机,IsolationForest; Mahalanobis; 单变量IQR+3σ; 残差,14.583,30,正常
1282,2024-04-11 15:44:00,2024-04-11 15:48:00,5.0,待机,IsolationForest; Mahalanobis; 单变量IQR+3σ; 残差,24.777,150,Mahalanobis 距离=24.8（阈值=18.5）。主要贡献特征：PC4 (43.0%); PC1 (35.5%); PC3 (18.0%)。
1283,2024-04-11 15:50:00,2024-04-11 15:55:00,6.0,割煤中位,IsolationForest; Mahalanobis; 单变量IQR+3σ; 残差,3.924,180,正常
1284,2024-04-11 15:57:00,2024-04-11 16:04:00,8.0,待机-高位,IsolationForest; Mahalanobis; 单变量IQR+3σ; 残差,1364.266,240,Mahalanobis 距离=1364.3（阈值=18.5）。主要贡献特征：PC2 (56.4%); PC3 (43.6%)。
1285,2024-04-11 16:10:00,2024-04-11 16:14:00,5.0,待机,IsolationForest; Mahalanobis; 单变量IQR+3σ; 残差,2820.442,150,Mahalanobis 距离=2820.4（阈值=18.5）。主要贡献特征：PC2 (65.3%); PC3 (34.6%)。
1286,2024-04-11 16:17:00,2024-04-11 16:23:00,7.0,待机,IsolationForest; Mahalanobis; 单变量IQR+3σ; 残差,3810.438,210,Mahalanobis 距离=3810.4（阈值=18.5）。主要贡献特征：PC2 (59.1%); PC3 (38.4%); PC4 (2.6%)。
1287,2024-04-11 16:25:00,2024-04-11 16:26:00,2.0,待机,IsolationForest; Mahalanobis; 单变量IQR+3σ; 残差,2353.519,60,Mahalanobis 距离=2353.5（阈值=18.5）。主要贡献特征：PC2 (95.6%); PC3 (4.4%)。
1288,2024-04-11 16:29:00,2024-04-11 16:29:00,1.0,割煤中位,IsolationForest; Mahalanobis; 单变量IQR+3σ; 残差,6.248,30,正常
1289,2024-04-11 16:38:00,2024-04-11 16:40:00,3.0,待机,IsolationForest; Mahalanobis; 单变量IQR+3σ; 残差,3009.461,90,Mahalanobis 距离=3009.5（阈值=18.5）。主要贡献特征：PC2 (65.5%); PC3 (34.4%)。
1290,2024-04-11 16:42:00,2024-04-11 16:48:00,7.0,割煤高位,IsolationForest; Mahalanobis; 单变量IQR+3σ; 残差,3.967,210,残差异常：采煤机_截割部位_左滚筒_电机_温度 偏高（残差 Z-score=4.0，实际=70.0 vs 预测=58.6）
1291,2024-04-11 16:58:00,2024-04-11 17:01:00,4.0,待机-高位,IsolationForest; Mahalanobis; 单变量IQR+3σ; 残差,1619.356,120,Mahalanobis 距离=1619.4（阈值=18.5）。主要贡献特征：PC2 (52.4%); PC3 (47.2%)。
1292,2024-04-11 17:03:00,2024-04-11 17:08:00,6.0,待机,IsolationForest; Mahalanobis; 单变量IQR+3σ; 残差,2389.173,180,Mahalanobis 距离=2389.2（阈值=18.5）。主要贡献特征：PC2 (72.3%); PC3 (27.7%)。
1293,2024-04-11 19:20:00,2024-04-11 19:25:00,6.0,待机,IsolationForest; Mahalanobis; 单变量IQR+3σ; 残差,19.416,180,Mahalanobis 距离=19.4（阈值=18.5）。主要贡献特征：PC1 (59.1%); PC3 (25.3%); PC2 (10.3%)。
1294,2024-04-11 19:44:00,2024-04-11 19:57:00,14.0,调架中,IsolationForest; Mahalanobis; 单变量IQR+3σ; 残差,25.276,420,Mahalanobis 距离=25.3（阈值=18.5）。主要贡献特征：PC2 (64.2%); PC3 (33.4%); PC1 (1.4%)。
1295,2024-04-11 19:59:00,2024-04-11 20:03:00,5.0,割煤中位,IsolationForest; Mahalanobis; 单变量IQR+3σ; 残差,3.155,150,残差异常：采煤机_油泵_左电机_温度 偏高（残差 Z-score=3.2，实际=51.0 vs 预测=46.2）
1296,2024-04-11 20:06:00,2024-04-11 20:07:00,2.0,割煤高位,IsolationForest; Mahalanobis; 单变量IQR+3σ; 残差,5.342,60,残差异常：采煤机_截割部位_右滚筒_电机_电流 偏高（残差 Z-score=5.3，实际=291.0 vs 预测=71.2）
1297,2024-04-11 20:09:00,2024-04-11 20:12:00,4.0,割煤中位,IsolationForest; Mahalanobis; 单变量IQR+3σ; 残差,4.53,120,正常
1298,2024-04-11 20:14:00,2024-04-11 20:14:00,1.0,割煤中位,IsolationForest; Mahalanobis; 单变量IQR+3σ; 残差,1.139,30,正常
1299,2024-04-11 20:16:00,2024-04-11 20:16:00,1.0,待机,IsolationForest; Mahalanobis; 单变量IQR+3σ; 残差,2728.801,30,Mahalanobis 距离=2728.8（阈值=18.5）。主要贡献特征：PC2 (73.6%); PC3 (26.1%)。
1300,2024-04-11 20:21:00,2024-04-11 20:21:00,1.0,待机,IsolationForest; Mahalanobis; 单变量IQR+3σ; 残差,1741.639,30,Mahalanobis 距离=1741.6（阈值=18.5）。主要贡献特征：PC2 (64.7%); PC3 (35.1%)。
1301,2024-04-11 20:24:00,2024-04-11 20:28:00,5.0,待机,IsolationForest; Mahalanobis; 单变量IQR+3σ; 残差,3535.071,150,Mahalanobis 距离=3535.1（阈值=18.5）。主要贡献特征：PC2 (81.3%); PC3 (18.6%)。
1302,2024-04-11 21:10:00,2024-04-11 21:10:00,1.0,割煤高位,IsolationForest; Mahalanobis; 单变量IQR+3σ; 残差,5.95,30,残差异常：采煤机_油泵_右电机_电流 偏高（残差 Z-score=6.0，实际=61.0 vs 预测=17.0）
1303,2024-04-11 21:16:00,2024-04-11 21:16:00,1.0,割煤中位,IsolationForest; Mahalanobis; 单变量IQR+3σ; 残差,6.372,30,残差异常：采煤机_油泵_右电机_电流 偏高（残差 Z-score=6.4，实际=57.0 vs 预测=17.4）
1304,2024-04-11 21:20:00,2024-04-11 21:20:00,1.0,割煤中位,IsolationForest; Mahalanobis; 单变量IQR+3σ; 残差,6.231,30,正常
1305,2024-04-11 21:31:00,2024-04-11 21:31:00,1.0,待机,IsolationForest; Mahalanobis; 单变量IQR+3σ; 残差,2622.673,30,Mahalanobis 距离=2622.7（阈值=18.5）。主要贡献特征：PC2 (71.7%); PC3 (28.2%)。
1306,2024-04-11 21:43:00,2024-04-11 21:44:00,2.0,割煤中位,IsolationForest; Mahalanobis; 单变量IQR+3σ; 残差,3.181,60,单变量异常：采煤机_截割部位_左滚筒_电机_电流（z-score=3.2，实际=234.0，均值=95.5±43.5）
1307,2024-04-11 21:46:00,2024-04-11 21:46:00,1.0,割煤中位,IsolationForest; Mahalanobis; 单变量IQR+3σ; 残差,2.673,30,正常
1308,2024-04-11 21:48:00,2024-04-11 21:55:00,8.0,待机,IsolationForest; Mahalanobis; 单变量IQR+3σ; 残差,3254.567,240,Mahalanobis 距离=3254.6（阈值=18.5）。主要贡献特征：PC2 (64.8%); PC3 (34.8%)。
1309,2024-04-11 22:05:00,2024-04-11 22:09:00,5.0,待机,IsolationForest; Mahalanobis; 单变量IQR+3σ; 残差,2580.901,150,Mahalanobis 距离=2580.9（阈值=18.5）。主要贡献特征：PC2 (68.4%); PC3 (31.3%)。
1310,2024-04-11 22:11:00,2024-04-11 22:12:00,2.0,割煤中位,IsolationForest; Mahalanobis; 单变量IQR+3σ; 残差,4.491,60,正常
1311,2024-04-11 22:14:00,2024-04-11 22:14:00,1.0,调架中,IsolationForest; Mahalanobis; 单变量IQR+3σ; 残差,7.118,30,正常
1312,2024-04-11 22:16:00,2024-04-11 22:16:00,1.0,割煤高位,IsolationForest; Mahalanobis; 单变量IQR+3σ; 残差,4.106,30,残差异常：采煤机_截割部位_左滚筒_电机_温度 偏高（残差 Z-score=4.1，实际=79.0 vs 预测=67.2）
1313,2024-04-11 22:20:00,2024-04-11 22:20:00,1.0,割煤中位,IsolationForest; Mahalanobis; 单变量IQR+3σ; 残差,3.716,30,残差异常：采煤机_牵引部位_左电机_电流 偏高（残差 Z-score=3.7，实际=217.0 vs 预测=105.2）
1314,2024-04-11 22:26:00,2024-04-11 22:26:00,1.0,割煤中位,IsolationForest; Mahalanobis; 单变量IQR+3σ; 残差,4.123,30,正常
1315,2024-04-11 22:28:00,2024-04-11 22:33:00,6.0,待机,IsolationForest; Mahalanobis; 单变量IQR+3σ; 残差,3688.549,180,Mahalanobis 距离=3688.5（阈值=18.5）。主要贡献特征：PC2 (56.5%); PC3 (41.6%); PC4 (1.9%)。
1316,2024-04-11 22:46:00,2024-04-11 22:52:00,7.0,待机,IsolationForest; Mahalanobis; 单变量IQR+3σ; 残差,4887.537,210,Mahalanobis 距离=4887.5（阈值=18.5）。主要贡献特征：PC2 (88.6%); PC3 (11.4%)。
1317,2024-04-11 22:54:00,2024-04-11 22:54:00,1.0,待机,IsolationForest; Mahalanobis; 单变量IQR+3σ; 残差,1695.33,30,Mahalanobis 距离=1695.3（阈值=18.5）。主要贡献特征：PC2 (72.3%); PC3 (27.4%)。
1318,2024-04-11 22:58:00,2024-04-11 22:58:00,1.0,割煤中位,IsolationForest; Mahalanobis; 单变量IQR+3σ; 残差,1.912,30,正常
1319,2024-04-11 23:02:00,2024-04-11 23:02:00,1.0,待机,IsolationForest; Mahalanobis; 单变量IQR+3σ; 残差,2406.209,30,Mahalanobis 距离=2406.2（阈值=18.5）。主要贡献特征：PC2 (73.4%); PC3 (26.3%)。
1320,2024-04-11 23:05:00,2024-04-11 23:05:00,1.0,调架中,IsolationForest; Mahalanobis; 单变量IQR+3σ; 残差,3.074,30,残差异常：采煤机_油泵_左电机_电流 偏高（残差 Z-score=3.1，实际=42.0 vs 预测=17.2）
1321,2024-04-11 23:08:00,2024-04-11 23:14:00,7.0,待机,IsolationForest; Mahalanobis; 单变量IQR+3σ; 残差,1237.538,210,Mahalanobis 距离=1237.5（阈值=18.5）。主要贡献特征：PC2 (63.1%); PC3 (35.2%); PC4 (1.7%)。
1322,2024-04-11 23:29:00,2024-04-11 23:30:00,2.0,待机,IsolationForest; Mahalanobis; 单变量IQR+3σ; 残差,3642.555,60,Mahalanobis 距离=3642.6（阈值=18.5）。主要贡献特征：PC2 (78.4%); PC3 (21.2%)。
1323,2024-04-11 23:36:00,2024-04-11 23:36:00,1.0,待机,IsolationForest; Mahalanobis; 单变量IQR+3σ; 残差,1494.529,30,Mahalanobis 距离=1494.5（阈值=18.5）。主要贡献特征：PC2 (65.4%); PC3 (33.4%); PC4 (1.3%)。
1324,2024-04-11 23:49:00,2024-04-11 23:51:00,3.0,待机,IsolationForest; Mahalanobis; 单变量IQR+3σ; 残差,2779.148,90,Mahalanobis 距离=2779.1（阈值=18.5）。主要贡献特征：PC2 (73.4%); PC3 (25.8%)。
1325,2024-04-11 23:53:00,2024-04-11 23:54:00,2.0,调架中,IsolationForest; Mahalanobis; 单变量IQR+3σ; 残差,18.747,60,Mahalanobis 距离=18.7（阈值=18.5）。主要贡献特征：PC4 (96.7%); PC3 (3.1%)。
1326,2024-04-12 00:01:00,2024-04-12 00:01:00,1.0,待机,IsolationForest; Mahalanobis; 单变量IQR+3σ; 残差,4153.539,30,Mahalanobis 距离=4153.5（阈值=18.5）。主要贡献特征：PC2 (81.2%); PC3 (18.5%)。
1327,2024-04-12 00:03:00,2024-04-12 00:03:00,1.0,割煤中位,IsolationForest; Mahalanobis; 单变量IQR+3σ; 残差,3.317,30,残差异常：采煤机_截割部位_左滚筒_电机_电流 偏高（残差 Z-score=3.3，实际=215.0 vs 预测=75.6）
1328,2024-04-12 00:14:00,2024-04-12 00:14:00,1.0,割煤中位,IsolationForest; Mahalanobis; 单变量IQR+3σ; 残差,3.521,30,正常
1329,2024-04-12 00:25:00,2024-04-12 00:28:00,4.0,调架中,IsolationForest; Mahalanobis; 单变量IQR+3σ; 残差,5.825,120,残差异常：采煤机_油泵_左电机_电流 偏高（残差 Z-score=5.8，实际=66.0 vs 预测=19.0）
1330,2024-04-12 00:33:00,2024-04-12 00:36:00,4.0,割煤中位,IsolationForest; Mahalanobis; 单变量IQR+3σ; 残差,3.662,120,正常
1331,2024-04-12 00:38:00,2024-04-12 00:38:00,1.0,割煤中位,IsolationForest; Mahalanobis; 单变量IQR+3σ; 残差,1.95,30,正常
1332,2024-04-12 00:40:00,2024-04-12 00:42:00,3.0,割煤中位,IsolationForest; Mahalanobis; 单变量IQR+3σ; 残差,2.442,90,正常
1333,2024-04-12 00:50:00,2024-04-12 00:52:00,3.0,割煤高位,IsolationForest; Mahalanobis; 单变量IQR+3σ; 残差,4.05,90,正常
1334,2024-04-12 00:54:00,2024-04-12 00:54:00,1.0,割煤中位,IsolationForest; Mahalanobis; 单变量IQR+3σ; 残差,2.333,30,正常
1335,2024-04-12 00:58:00,2024-04-12 00:58:00,1.0,割煤高位,IsolationForest; Mahalanobis; 单变量IQR+3σ; 残差,5.22,30,残差异常：采煤机_油泵_右电机_电流 偏高（残差 Z-score=5.2，实际=55.0 vs 预测=16.4）
1336,2024-04-12 01:03:00,2024-04-12 01:03:00,1.0,待机-高位,IsolationForest; Mahalanobis; 单变量IQR+3σ; 残差,2515.741,30,Mahalanobis 距离=2515.7（阈值=18.5）。主要贡献特征：PC2 (70.7%); PC3 (29.2%)。
1337,2024-04-12 01:08:00,2024-04-12 01:08:00,1.0,割煤高位,IsolationForest; Mahalanobis; 单变量IQR+3σ; 残差,4.463,30,残差异常：采煤机_油泵_右电机_电流 偏高（残差 Z-score=4.5，实际=50.0 vs 预测=17.0）
1338,2024-04-12 01:11:00,2024-04-12 01:11:00,1.0,割煤高位,IsolationForest; Mahalanobis; 单变量IQR+3σ; 残差,3.833,30,正常
1339,2024-04-12 01:13:00,2024-04-12 01:14:00,2.0,割煤高位,IsolationForest; Mahalanobis; 单变量IQR+3σ; 残差,4.909,60,正常
1340,2024-04-12 01:19:00,2024-04-12 01:20:00,2.0,割煤中位,IsolationForest; Mahalanobis; 单变量IQR+3σ; 残差,5.589,60,残差异常：采煤机_破碎机_电机_电流 偏高（残差 Z-score=5.6，实际=62.0 vs 预测=0.0）
1341,2024-04-12 01:23:00,2024-04-12 01:26:00,4.0,待机-高位,IsolationForest; Mahalanobis; 单变量IQR+3σ; 残差,2184.81,120,Mahalanobis 距离=2184.8（阈值=18.5）。主要贡献特征：PC2 (61.5%); PC3 (38.2%)。
1342,2024-04-12 01:31:00,2024-04-12 01:36:00,6.0,割煤中位,IsolationForest; Mahalanobis; 单变量IQR+3σ; 残差,3.144,180,正常
1343,2024-04-12 01:38:00,2024-04-12 01:38:00,1.0,割煤中位,IsolationForest; Mahalanobis; 单变量IQR+3σ; 残差,2.689,30,正常
1344,2024-04-12 01:45:00,2024-04-12 01:48:00,4.0,待机-高位,IsolationForest; Mahalanobis; 单变量IQR+3σ; 残差,1323.609,120,Mahalanobis 距离=1323.6（阈值=18.5）。主要贡献特征：PC2 (61.9%); PC3 (37.9%)。
1345,2024-04-12 01:50:00,2024-04-12 01:55:00,6.0,待机-高位,IsolationForest; Mahalanobis; 单变量IQR+3σ; 残差,19.076,180,Mahalanobis 距离=19.1（阈值=18.5）。主要贡献特征：PC2 (55.6%); PC3 (41.4%); PC1 (2.5%)。
1346,2024-04-12 01:58:00,2024-04-12 02:05:00,8.0,割煤高位,IsolationForest; Mahalanobis; 单变量IQR+3σ; 残差,5.344,240,正常
1347,2024-04-12 02:07:00,2024-04-12 02:07:00,1.0,割煤高位,IsolationForest; Mahalanobis; 单变量IQR+3σ; 残差,2.055,30,正常
1348,2024-04-12 02:10:00,2024-04-12 02:10:00,1.0,割煤中位,IsolationForest; Mahalanobis; 单变量IQR+3σ; 残差,7.323,30,单变量异常：采煤机_油泵_左电机_电流（z-score=7.3，实际=66.0，均值=18.3±6.5）
1349,2024-04-12 02:12:00,2024-04-12 02:14:00,3.0,割煤中位,IsolationForest; Mahalanobis; 单变量IQR+3σ; 残差,5.326,90,单变量异常：采煤机_油泵_左电机_电流（z-score=5.3，实际=53.0，均值=18.3±6.5）
1350,2024-04-12 02:22:00,2024-04-12 02:24:00,3.0,待机,IsolationForest; Mahalanobis; 单变量IQR+3σ; 残差,4276.24,90,Mahalanobis 距离=4276.2（阈值=18.5）。主要贡献特征：PC2 (76.6%); PC3 (22.6%)。
1351,2024-04-12 02:26:00,2024-04-12 02:26:00,1.0,割煤高位,IsolationForest; Mahalanobis; 单变量IQR+3σ; 残差,3.128,30,正常
1352,2024-04-12 02:34:00,2024-04-12 02:34:00,1.0,割煤中位,IsolationForest; Mahalanobis; 单变量IQR+3σ; 残差,3.108,30,残差异常：采煤机_截割部位_右滚筒_电机_电流 偏高（残差 Z-score=3.1，实际=178.0 vs 预测=69.6）
1353,2024-04-12 02:37:00,2024-04-12 02:37:00,1.0,割煤高位,IsolationForest; Mahalanobis; 单变量IQR+3σ; 残差,3.064,30,残差异常：采煤机_截割部位_左滚筒_电机_电流 偏高（残差 Z-score=3.1，实际=209.0 vs 预测=86.8）
1354,2024-04-12 02:43:00,2024-04-12 02:44:00,2.0,割煤中位,IsolationForest; Mahalanobis; 单变量IQR+3σ; 残差,3.33,60,单变量异常：采煤机_油泵_左电机_电流（z-score=3.3，实际=40.0，均值=18.3±6.5）
1355,2024-04-12 02:46:00,2024-04-12 02:47:00,2.0,割煤低位,IsolationForest; Mahalanobis; 单变量IQR+3σ; 残差,6.068,60,正常
1356,2024-04-12 02:54:00,2024-04-12 02:54:00,1.0,调架中,IsolationForest; Mahalanobis; 单变量IQR+3σ; 残差,3.919,30,正常
1357,2024-04-12 03:11:00,2024-04-12 03:11:00,1.0,割煤中位,IsolationForest; Mahalanobis; 单变量IQR+3σ; 残差,3.353,30,残差异常：采煤机_破碎机_电机_电流 偏高（残差 Z-score=3.4，实际=43.0 vs 预测=5.8）
1358,2024-04-12 03:18:00,2024-04-12 03:19:00,2.0,割煤中位,IsolationForest; Mahalanobis; 单变量IQR+3σ; 残差,4.77,60,残差异常：采煤机_截割部位_右滚筒_电机_电流 偏高（残差 Z-score=4.8，实际=234.0 vs 预测=67.6）
1359,2024-04-12 03:21:00,2024-04-12 03:21:00,1.0,割煤中位,IsolationForest; Mahalanobis; 单变量IQR+3σ; 残差,5.287,30,正常
1360,2024-04-12 03:23:00,2024-04-12 03:23:00,1.0,割煤中位,IsolationForest; Mahalanobis; 单变量IQR+3σ; 残差,4.072,30,正常
1361,2024-04-12 03:25:00,2024-04-12 03:28:00,4.0,待机,IsolationForest; Mahalanobis; 单变量IQR+3σ; 残差,6279.85,120,Mahalanobis 距离=6279.8（阈值=18.5）。主要贡献特征：PC2 (81.4%); PC3 (18.4%)。
1362,2024-04-12 03:31:00,2024-04-12 03:31:00,1.0,割煤中位,IsolationForest; Mahalanobis; 单变量IQR+3σ; 残差,3.367,30,正常
1363,2024-04-12 03:33:00,2024-04-12 03:34:00,2.0,割煤中位,IsolationForest; Mahalanobis; 单变量IQR+3σ; 残差,2.607,60,正常
1364,2024-04-12 03:36:00,2024-04-12 03:43:00,8.0,待机,IsolationForest; Mahalanobis; 单变量IQR+3σ; 残差,5155.192,240,Mahalanobis 距离=5155.2（阈值=18.5）。主要贡献特征：PC2 (72.7%); PC3 (26.6%)。
1365,2024-04-12 03:46:00,2024-04-12 03:49:00,4.0,割煤高位,IsolationForest; Mahalanobis; 单变量IQR+3σ; 残差,5.532,120,正常
1366,2024-04-12 03:55:00,2024-04-12 03:55:00,1.0,割煤高位,IsolationForest; Mahalanobis; 单变量IQR+3σ; 残差,3.977,30,正常
1367,2024-04-12 03:58:00,2024-04-12 04:00:00,3.0,待机,IsolationForest; Mahalanobis; 单变量IQR+3σ; 残差,5282.861,90,Mahalanobis 距离=5282.9（阈值=18.5）。主要贡献特征：PC2 (78.4%); PC3 (21.6%)。
1368,2024-04-12 04:02:00,2024-04-12 04:02:00,1.0,割煤中位,IsolationForest; Mahalanobis; 单变量IQR+3σ; 残差,6.716,30,正常
1369,2024-04-12 04:19:00,2024-04-12 04:19:00,1.0,割煤高位,IsolationForest; Mahalanobis; 单变量IQR+3σ; 残差,6.844,30,残差异常：采煤机_截割部位_右滚筒_电机_电流 偏高（残差 Z-score=6.8，实际=365.0 vs 预测=83.4）
1370,2024-04-12 04:23:00,2024-04-12 04:23:00,1.0,待机-高位,IsolationForest; Mahalanobis; 单变量IQR+3σ; 残差,9709.802,30,Mahalanobis 距离=9709.8（阈值=18.5）。主要贡献特征：PC2 (89.4%); PC3 (10.3%)。
1371,2024-04-12 04:25:00,2024-04-12 04:27:00,3.0,割煤中位,IsolationForest; Mahalanobis; 单变量IQR+3σ; 残差,1.757,90,正常
1372,2024-04-12 04:29:00,2024-04-12 04:42:00,14.0,待机,IsolationForest; Mahalanobis; 单变量IQR+3σ; 残差,3899.119,420,Mahalanobis 距离=3899.1（阈值=18.5）。主要贡献特征：PC2 (63.6%); PC3 (35.2%); PC4 (1.2%)。
1373,2024-04-12 04:44:00,2024-04-12 04:50:00,7.0,待机,IsolationForest; Mahalanobis; 单变量IQR+3σ; 残差,1119.482,210,Mahalanobis 距离=1119.5（阈值=18.5）。主要贡献特征：PC2 (61.5%); PC3 (38.4%)。
1374,2024-04-12 04:53:00,2024-04-12 04:54:00,2.0,调架中,IsolationForest; Mahalanobis; 单变量IQR+3σ; 残差,4.045,60,正常
1375,2024-04-12 04:56:00,2024-04-12 04:56:00,1.0,割煤高位,IsolationForest; Mahalanobis; 单变量IQR+3σ; 残差,4.621,30,正常
1376,2024-04-12 04:58:00,2024-04-12 05:01:00,4.0,割煤高位,IsolationForest; Mahalanobis; 单变量IQR+3σ; 残差,4.49,120,残差异常：采煤机_油泵_右电机_电流 偏高（残差 Z-score=4.5，实际=50.0 vs 预测=16.8）
1377,2024-04-12 05:03:00,2024-04-12 05:04:00,2.0,割煤中位,IsolationForest; Mahalanobis; 单变量IQR+3σ; 残差,2.892,60,正常
1378,2024-04-12 05:08:00,2024-04-12 05:13:00,6.0,待机,IsolationForest; Mahalanobis; 单变量IQR+3σ; 残差,2001.904,180,Mahalanobis 距离=2001.9（阈值=18.5）。主要贡献特征：PC2 (69.6%); PC3 (29.4%)。
1379,2024-04-12 05:21:00,2024-04-12 05:26:00,6.0,待机,IsolationForest; Mahalanobis; 单变量IQR+3σ; 残差,1313.978,180,Mahalanobis 距离=1314.0（阈值=18.5）。主要贡献特征：PC2 (70.5%); PC3 (27.9%); PC4 (1.6%)。
1380,2024-04-12 05:28:00,2024-04-12 05:29:00,2.0,割煤中位,IsolationForest; Mahalanobis; 单变量IQR+3σ; 残差,2.525,60,正常
1381,2024-04-12 05:33:00,2024-04-12 05:33:00,1.0,割煤中位,IsolationForest; Mahalanobis; 单变量IQR+3σ; 残差,5.173,30,正常
1382,2024-04-12 05:41:00,2024-04-12 05:41:00,1.0,调架中,IsolationForest; Mahalanobis; 单变量IQR+3σ; 残差,5.8,30,残差异常：采煤机_油泵_左电机_电流 偏高（残差 Z-score=5.8，实际=65.0 vs 预测=18.2）
1383,2024-04-12 05:49:00,2024-04-12 05:50:00,2.0,待机,IsolationForest; Mahalanobis; 单变量IQR+3σ; 残差,3825.494,60,Mahalanobis 距离=3825.5（阈值=18.5）。主要贡献特征：PC2 (78.0%); PC3 (21.4%)。
1384,2024-04-12 05:56:00,2024-04-12 05:58:00,3.0,待机,IsolationForest; Mahalanobis; 单变量IQR+3σ; 残差,2140.462,90,Mahalanobis 距离=2140.5（阈值=18.5）。主要贡献特征：PC2 (70.1%); PC3 (29.6%)。
1385,2024-04-12 06:01:00,2024-04-12 06:02:00,2.0,割煤中位,IsolationForest; Mahalanobis; 单变量IQR+3σ; 残差,3.966,60,残差异常：采煤机_破碎机_电机_电流 偏高（残差 Z-score=4.0，实际=51.0 vs 预测=7.0）
1386,2024-04-12 06:06:00,2024-04-12 06:07:00,2.0,待机,IsolationForest; Mahalanobis; 单变量IQR+3σ; 残差,1943.104,60,Mahalanobis 距离=1943.1（阈值=18.5）。主要贡献特征：PC2 (69.2%); PC3 (30.2%)。
1387,2024-04-12 06:11:00,2024-04-12 06:11:00,1.0,割煤中位,IsolationForest; Mahalanobis; 单变量IQR+3σ; 残差,3.007,30,残差异常：采煤机_截割部位_左滚筒_电机_电流 偏高（残差 Z-score=3.0，实际=191.0 vs 预测=64.6）
1388,2024-04-12 06:14:00,2024-04-12 06:14:00,1.0,割煤中位,IsolationForest; Mahalanobis; 单变量IQR+3σ; 残差,3.835,30,正常
1389,2024-04-12 06:17:00,2024-04-12 06:17:00,1.0,割煤中位,IsolationForest; Mahalanobis; 单变量IQR+3σ; 残差,3.937,30,正常
1390,2024-04-12 06:19:00,2024-04-12 06:23:00,5.0,割煤中位,IsolationForest; Mahalanobis; 单变量IQR+3σ; 残差,5.12,150,正常
1391,2024-04-12 06:25:00,2024-04-12 06:31:00,7.0,待机,IsolationForest; Mahalanobis; 单变量IQR+3σ; 残差,7558.24,210,Mahalanobis 距离=7558.2（阈值=18.5）。主要贡献特征：PC2 (90.1%); PC3 (9.6%)。
1392,2024-04-12 06:33:00,2024-04-12 06:33:00,1.0,割煤中位,IsolationForest; Mahalanobis; 单变量IQR+3σ; 残差,2.102,30,正常
1393,2024-04-12 06:40:00,2024-04-12 06:40:00,1.0,割煤高位,IsolationForest; Mahalanobis; 单变量IQR+3σ; 残差,5.489,30,正常
1394,2024-04-12 06:53:00,2024-04-12 06:54:00,2.0,待机-高位,IsolationForest; Mahalanobis; 单变量IQR+3σ; 残差,2931.011,60,Mahalanobis 距离=2931.0（阈值=18.5）。主要贡献特征：PC2 (69.4%); PC3 (30.5%)。
1395,2024-04-12 07:08:00,2024-04-12 07:09:00,2.0,待机,IsolationForest; Mahalanobis; 单变量IQR+3σ; 残差,2506.377,60,Mahalanobis 距离=2506.4（阈值=18.5）。主要贡献特征：PC2 (67.2%); PC3 (32.7%)。
1396,2024-04-12 07:20:00,2024-04-12 07:25:00,6.0,待机-高位,IsolationForest; Mahalanobis; 单变量IQR+3σ; 残差,1897.137,180,Mahalanobis 距离=1897.1（阈值=18.5）。主要贡献特征：PC2 (65.6%); PC3 (34.1%)。
1397,2024-04-12 07:31:00,2024-04-12 07:32:00,2.0,待机-高位,IsolationForest; Mahalanobis; 单变量IQR+3σ; 残差,3030.694,60,Mahalanobis 距离=3030.7（阈值=18.5）。主要贡献特征：PC2 (94.4%); PC4 (4.0%); PC3 (1.6%)。
1398,2024-04-12 07:34:00,2024-04-12 07:34:00,1.0,割煤高位,IsolationForest; Mahalanobis; 单变量IQR+3σ; 残差,2.741,30,正常
1399,2024-04-12 07:38:00,2024-04-12 07:38:00,1.0,割煤中位,IsolationForest; Mahalanobis; 单变量IQR+3σ; 残差,2.934,30,正常
1400,2024-04-12 07:49:00,2024-04-12 07:49:00,1.0,割煤中位,IsolationForest; Mahalanobis; 单变量IQR+3σ; 残差,6.243,30,残差异常：采煤机_油泵_右电机_电流 偏高（残差 Z-score=6.2，实际=56.0 vs 预测=17.2）
1401,2024-04-12 07:51:00,2024-04-12 07:51:00,1.0,割煤高位,IsolationForest; Mahalanobis; 单变量IQR+3σ; 残差,4.057,30,残差异常：采煤机_油泵_右电机_电流 偏高（残差 Z-score=4.1，实际=48.0 vs 预测=18.0）
1402,2024-04-12 08:02:00,2024-04-12 08:05:00,4.0,待机-高位,IsolationForest; Mahalanobis; 单变量IQR+3σ; 残差,2559.799,120,Mahalanobis 距离=2559.8（阈值=18.5）。主要贡献特征：PC2 (76.6%); PC3 (23.2%)。
1403,2024-04-12 08:13:00,2024-04-12 08:13:00,1.0,割煤中位,IsolationForest; Mahalanobis; 单变量IQR+3σ; 残差,3.262,30,残差异常：采煤机_截割部位_右滚筒_电机_电流 偏高（残差 Z-score=3.3，实际=191.0 vs 预测=77.2）
1404,2024-04-12 08:23:00,2024-04-12 08:23:00,1.0,待机-高位,IsolationForest; Mahalanobis; 单变量IQR+3σ; 残差,2649.535,30,Mahalanobis 距离=2649.5（阈值=18.5）。主要贡献特征：PC2 (71.6%); PC3 (27.8%)。
1405,2024-04-12 08:31:00,2024-04-12 08:32:00,2.0,割煤中位,IsolationForest; Mahalanobis; 单变量IQR+3σ; 残差,4.56,60,正常
1406,2024-04-12 08:34:00,2024-04-12 08:40:00,7.0,待机,IsolationForest; Mahalanobis; 单变量IQR+3σ; 残差,3573.054,210,Mahalanobis 距离=3573.1（阈值=18.5）。主要贡献特征：PC2 (76.5%); PC3 (22.7%)。
1407,2024-04-12 08:45:00,2024-04-12 08:50:00,6.0,待机,IsolationForest; Mahalanobis; 单变量IQR+3σ; 残差,3371.674,180,Mahalanobis 距离=3371.7（阈值=18.5）。主要贡献特征：PC2 (67.2%); PC3 (32.2%)。
1408,2024-04-12 09:00:00,2024-04-12 09:15:00,16.0,待机,IsolationForest; Mahalanobis; 单变量IQR+3σ; 残差,2433.359,480,Mahalanobis 距离=2433.4（阈值=18.5）。主要贡献特征：PC2 (75.8%); PC3 (23.9%)。
1409,2024-04-12 09:57:00,2024-04-12 09:59:00,3.0,待机,IsolationForest; Mahalanobis; 单变量IQR+3σ; 残差,3.893,90,正常
1410,2024-04-12 16:54:00,2024-04-12 17:01:00,8.0,待机,IsolationForest; Mahalanobis; 单变量IQR+3σ; 残差,2460.426,240,Mahalanobis 距离=2460.4（阈值=18.5）。主要贡献特征：PC2 (90.2%); PC4 (9.5%)。
1411,2024-04-12 17:14:00,2024-04-12 17:33:00,20.0,待机,IsolationForest; Mahalanobis; 单变量IQR+3σ; 残差,27.192,600,Mahalanobis 距离=27.2（阈值=18.5）。主要贡献特征：PC2 (53.4%); PC3 (25.2%); PC1 (18.7%)。
1412,2024-04-12 17:45:00,2024-04-12 17:47:00,3.0,调架中,IsolationForest; Mahalanobis; 单变量IQR+3σ; 残差,4.833,90,残差异常：采煤机_油泵_左电机_电流 偏高（残差 Z-score=4.8，实际=56.0 vs 预测=17.0）
1413,2024-04-12 17:49:00,2024-04-12 17:49:00,1.0,割煤高位,IsolationForest; Mahalanobis; 单变量IQR+3σ; 残差,2.014,30,正常
1414,2024-04-12 17:55:00,2024-04-12 17:55:00,1.0,割煤高位,IsolationForest; Mahalanobis; 单变量IQR+3σ; 残差,4.782,30,正常
1415,2024-04-12 18:41:00,2024-04-12 18:51:00,11.0,待机-高位,IsolationForest; Mahalanobis; 单变量IQR+3σ; 残差,1559.793,330,Mahalanobis 距离=1559.8（阈值=18.5）。主要贡献特征：PC2 (73.0%); PC3 (26.7%)。
1416,2024-04-12 18:56:00,2024-04-12 18:56:00,1.0,割煤高位,IsolationForest; Mahalanobis; 单变量IQR+3σ; 残差,4.113,30,正常
1417,2024-04-12 19:06:00,2024-04-12 19:06:00,1.0,割煤中位,IsolationForest; Mahalanobis; 单变量IQR+3σ; 残差,3.176,30,残差异常：采煤机_截割部位_右滚筒_电机_电流 偏高（残差 Z-score=3.2，实际=195.0 vs 预测=84.2）
1418,2024-04-12 19:08:00,2024-04-12 19:08:00,1.0,待机,IsolationForest; Mahalanobis; 单变量IQR+3σ; 残差,5237.148,30,Mahalanobis 距离=5237.1（阈值=18.5）。主要贡献特征：PC2 (81.9%); PC3 (17.8%)。
1419,2024-04-12 19:23:00,2024-04-12 19:23:00,1.0,割煤中位,IsolationForest; Mahalanobis; 单变量IQR+3σ; 残差,7.323,30,正常
1420,2024-04-12 19:30:00,2024-04-12 19:31:00,2.0,待机,IsolationForest; Mahalanobis; 单变量IQR+3σ; 残差,1846.13,60,Mahalanobis 距离=1846.1（阈值=18.5）。主要贡献特征：PC2 (69.1%); PC3 (29.9%)。
1421,2024-04-12 19:59:00,2024-04-12 20:03:00,5.0,待机,IsolationForest; Mahalanobis; 单变量IQR+3σ; 残差,6582.231,150,Mahalanobis 距离=6582.2（阈值=18.5）。主要贡献特征：PC2 (88.6%); PC3 (11.4%)。
1422,2024-04-12 20:05:00,2024-04-12 20:07:00,3.0,割煤中位,IsolationForest; Mahalanobis; 单变量IQR+3σ; 残差,16.338,90,正常
1423,2024-04-12 20:12:00,2024-04-12 20:12:00,1.0,割煤高位,IsolationForest; Mahalanobis; 单变量IQR+3σ; 残差,3.109,30,残差异常：采煤机_截割部位_右滚筒_电机_温度 偏高（残差 Z-score=3.1，实际=69.0 vs 预测=61.6）
1424,2024-04-12 20:20:00,2024-04-12 20:20:00,1.0,割煤高位,IsolationForest; Mahalanobis; 单变量IQR+3σ; 残差,4.598,30,残差异常：采煤机_油泵_右电机_电流 偏高（残差 Z-score=4.6，实际=51.0 vs 预测=17.0）
1425,2024-04-12 20:22:00,2024-04-12 20:22:00,1.0,割煤高位,IsolationForest; Mahalanobis; 单变量IQR+3σ; 残差,4.343,30,正常
1426,2024-04-12 20:31:00,2024-04-12 20:31:00,1.0,待机-高位,IsolationForest; Mahalanobis; 单变量IQR+3σ; 残差,1552.216,30,Mahalanobis 距离=1552.2（阈值=18.5）。主要贡献特征：PC2 (62.2%); PC3 (37.7%)。
1427,2024-04-12 20:39:00,2024-04-12 20:43:00,5.0,割煤中位,IsolationForest; Mahalanobis; 单变量IQR+3σ; 残差,3.075,150,正常
1428,2024-04-12 20:52:00,2024-04-12 20:52:00,1.0,割煤中位,IsolationForest; Mahalanobis; 单变量IQR+3σ; 残差,5.48,30,正常
1429,2024-04-12 21:00:00,2024-04-12 21:05:00,6.0,割煤中位,IsolationForest; Mahalanobis; 单变量IQR+3σ; 残差,21.356,180,Mahalanobis 距离=21.4（阈值=18.5）。主要贡献特征：PC2 (86.2%); PC3 (12.3%); PC1 (1.5%)。
1430,2024-04-12 21:23:00,2024-04-12 21:23:00,1.0,待机,IsolationForest; Mahalanobis; 单变量IQR+3σ; 残差,2520.001,30,Mahalanobis 距离=2520.0（阈值=18.5）。主要贡献特征：PC2 (73.5%); PC3 (25.9%)。
1431,2024-04-12 21:26:00,2024-04-12 21:26:00,1.0,割煤中位,IsolationForest; Mahalanobis; 单变量IQR+3σ; 残差,2.002,30,正常
1432,2024-04-12 21:50:00,2024-04-12 21:50:00,1.0,割煤中位,IsolationForest; Mahalanobis; 单变量IQR+3σ; 残差,5.326,30,正常
1433,2024-04-12 22:02:00,2024-04-12 22:02:00,1.0,待机,IsolationForest; Mahalanobis; 单变量IQR+3σ; 残差,2944.81,30,Mahalanobis 距离=2944.8（阈值=18.5）。主要贡献特征：PC2 (77.6%); PC3 (22.0%)。
1434,2024-04-12 22:23:00,2024-04-12 22:23:00,1.0,割煤中位,IsolationForest; Mahalanobis; 单变量IQR+3σ; 残差,3.791,30,正常
1435,2024-04-12 22:26:00,2024-04-12 22:26:00,1.0,割煤中位,IsolationForest; Mahalanobis; 单变量IQR+3σ; 残差,5.326,30,正常
1436,2024-04-12 22:29:00,2024-04-12 22:29:00,1.0,待机-高位,IsolationForest; Mahalanobis; 单变量IQR+3σ; 残差,1379.514,30,Mahalanobis 距离=1379.5（阈值=18.5）。主要贡献特征：PC2 (62.5%); PC3 (37.4%)。
1437,2024-04-12 22:36:00,2024-04-12 22:36:00,1.0,割煤中位,IsolationForest; Mahalanobis; 单变量IQR+3σ; 残差,2.912,30,正常
1438,2024-04-12 22:38:00,2024-04-12 22:44:00,7.0,待机,IsolationForest; Mahalanobis; 单变量IQR+3σ; 残差,5443.699,210,Mahalanobis 距离=5443.7（阈值=18.5）。主要贡献特征：PC2 (68.6%); PC3 (30.2%); PC4 (1.2%)。
1439,2024-04-12 22:48:00,2024-04-12 22:48:00,1.0,割煤中位,IsolationForest; Mahalanobis; 单变量IQR+3σ; 残差,1.07,30,正常
1440,2024-04-12 23:02:00,2024-04-12 23:12:00,11.0,割煤中位,IsolationForest; Mahalanobis; 单变量IQR+3σ; 残差,1.331,330,正常
1441,2024-04-12 23:14:00,2024-04-12 23:14:00,1.0,割煤高位,IsolationForest; Mahalanobis; 单变量IQR+3σ; 残差,5.003,30,残差异常：采煤机_油泵_右电机_电流 偏高（残差 Z-score=5.0，实际=54.0 vs 预测=17.0）
1442,2024-04-12 23:23:00,2024-04-12 23:23:00,1.0,割煤中位,IsolationForest; Mahalanobis; 单变量IQR+3σ; 残差,4.568,30,残差异常：采煤机_截割部位_左滚筒_电机_电流 偏高（残差 Z-score=4.6，实际=285.0 vs 预测=93.0）
1443,2024-04-12 23:25:00,2024-04-12 23:25:00,1.0,待机-高位,IsolationForest; Mahalanobis; 单变量IQR+3σ; 残差,1505.928,30,Mahalanobis 距离=1505.9（阈值=18.5）。主要贡献特征：PC2 (52.9%); PC3 (46.9%)。
1444,2024-04-12 23:35:00,2024-04-12 23:35:00,1.0,割煤中位,IsolationForest; Mahalanobis; 单变量IQR+3σ; 残差,7.015,30,残差异常：采煤机_油泵_右电机_电流 偏高（残差 Z-score=7.0，实际=61.0 vs 预测=17.4）
1445,2024-04-12 23:40:00,2024-04-12 23:40:00,1.0,割煤高位,IsolationForest; Mahalanobis; 单变量IQR+3σ; 残差,5.436,30,残差异常：采煤机_油泵_右电机_电流 偏高（残差 Z-score=5.4，实际=58.0 vs 预测=17.8）
1446,2024-04-12 23:42:00,2024-04-12 23:42:00,1.0,待机,IsolationForest; Mahalanobis; 单变量IQR+3σ; 残差,3165.59,30,Mahalanobis 距离=3165.6（阈值=18.5）。主要贡献特征：PC2 (76.6%); PC3 (22.8%)。
1447,2024-04-12 23:48:00,2024-04-12 23:51:00,4.0,待机,IsolationForest; Mahalanobis; 单变量IQR+3σ; 残差,3582.831,120,Mahalanobis 距离=3582.8（阈值=18.5）。主要贡献特征：PC2 (77.8%); PC3 (21.3%)。
1448,2024-04-12 23:54:00,2024-04-12 23:56:00,3.0,待机-高位,IsolationForest; Mahalanobis; 单变量IQR+3σ; 残差,2483.774,90,Mahalanobis 距离=2483.8（阈值=18.5）。主要贡献特征：PC2 (95.0%); PC4 (3.8%); PC3 (1.2%)。
1449,2024-04-13 00:02:00,2024-04-13 00:02:00,1.0,割煤中位,IsolationForest; Mahalanobis; 单变量IQR+3σ; 残差,2.581,30,正常
1450,2024-04-13 00:09:00,2024-04-13 00:09:00,1.0,待机,IsolationForest; Mahalanobis; 单变量IQR+3σ; 残差,2477.657,30,Mahalanobis 距离=2477.7（阈值=18.5）。主要贡献特征：PC2 (71.1%); PC3 (27.4%); PC4 (1.6%)。
1451,2024-04-13 00:11:00,2024-04-13 00:12:00,2.0,割煤中位,IsolationForest; Mahalanobis; 单变量IQR+3σ; 残差,2.83,60,正常
1452,2024-04-13 00:14:00,2024-04-13 00:16:00,3.0,待机,IsolationForest; Mahalanobis; 单变量IQR+3σ; 残差,4620.49,90,Mahalanobis 距离=4620.5（阈值=18.5）。主要贡献特征：PC2 (81.3%); PC3 (18.5%)。
1453,2024-04-13 00:18:00,2024-04-13 00:20:00,3.0,割煤中位,IsolationForest; Mahalanobis; 单变量IQR+3σ; 残差,2.669,90,正常
1454,2024-04-13 00:28:00,2024-04-13 00:28:00,1.0,割煤中位,IsolationForest; Mahalanobis; 单变量IQR+3σ; 残差,5.326,30,单变量异常：采煤机_油泵_左电机_电流（z-score=5.3，实际=53.0，均值=18.3±6.5）
1455,2024-04-13 00:31:00,2024-04-13 00:35:00,5.0,割煤中位,IsolationForest; Mahalanobis; 单变量IQR+3σ; 残差,3.814,150,正常
1456,2024-04-13 00:52:00,2024-04-13 00:53:00,2.0,割煤高位,IsolationForest; Mahalanobis; 单变量IQR+3σ; 残差,4.06,60,残差异常：采煤机_油泵_左电机_电流 偏高（残差 Z-score=4.1，实际=46.0 vs 预测=15.8）
1457,2024-04-13 00:57:00,2024-04-13 00:59:00,3.0,待机-高位,IsolationForest; Mahalanobis; 单变量IQR+3σ; 残差,2258.599,90,Mahalanobis 距离=2258.6（阈值=18.5）。主要贡献特征：PC2 (69.7%); PC3 (30.2%)。
1458,2024-04-13 01:11:00,2024-04-13 01:18:00,8.0,待机,IsolationForest; Mahalanobis; 单变量IQR+3σ; 残差,6786.045,240,Mahalanobis 距离=6786.0（阈值=18.5）。主要贡献特征：PC2 (78.0%); PC3 (21.4%)。
1459,2024-04-13 01:20:00,2024-04-13 01:26:00,7.0,待机,IsolationForest; Mahalanobis; 单变量IQR+3σ; 残差,8187.844,210,Mahalanobis 距离=8187.8（阈值=18.5）。主要贡献特征：PC2 (92.0%); PC3 (7.9%)。
1460,2024-04-13 01:28:00,2024-04-13 01:28:00,1.0,割煤中位,IsolationForest; Mahalanobis; 单变量IQR+3σ; 残差,12.588,30,正常
1461,2024-04-13 01:31:00,2024-04-13 01:31:00,1.0,调架中,IsolationForest; Mahalanobis; 单变量IQR+3σ; 残差,3.743,30,残差异常：采煤机_油泵_左电机_电流 偏高（残差 Z-score=3.7，实际=43.0 vs 预测=12.8）
1462,2024-04-13 01:35:00,2024-04-13 01:38:00,4.0,割煤中位,IsolationForest; Mahalanobis; 单变量IQR+3σ; 残差,3.681,120,残差异常：采煤机_油泵_左电机_温度 偏高（残差 Z-score=3.7，实际=55.0 vs 预测=49.4）
1463,2024-04-13 01:49:00,2024-04-13 01:53:00,5.0,割煤高位,IsolationForest; Mahalanobis; 单变量IQR+3σ; 残差,5.193,150,残差异常：采煤机_油泵_右电机_电流 偏高（残差 Z-score=5.2，实际=55.0 vs 预测=16.6）
1464,2024-04-13 01:55:00,2024-04-13 01:55:00,1.0,割煤中位,IsolationForest; Mahalanobis; 单变量IQR+3σ; 残差,3.579,30,正常
1465,2024-04-13 01:57:00,2024-04-13 01:59:00,3.0,割煤中位,IsolationForest; Mahalanobis; 单变量IQR+3σ; 残差,4.316,90,正常
1466,2024-04-13 02:03:00,2024-04-13 02:03:00,1.0,割煤高位,IsolationForest; Mahalanobis; 单变量IQR+3σ; 残差,4.856,30,正常
1467,2024-04-13 02:07:00,2024-04-13 02:07:00,1.0,割煤中位,IsolationForest; Mahalanobis; 单变量IQR+3σ; 残差,3.918,30,正常
1468,2024-04-13 02:13:00,2024-04-13 02:16:00,4.0,割煤中位,IsolationForest; Mahalanobis; 单变量IQR+3σ; 残差,3.62,120,正常
1469,2024-04-13 02:20:00,2024-04-13 02:20:00,1.0,割煤高位,IsolationForest; Mahalanobis; 单变量IQR+3σ; 残差,4.003,30,残差异常：采煤机_油泵_右电机_电流 偏高（残差 Z-score=4.0，实际=46.0 vs 预测=16.4）
1470,2024-04-13 02:24:00,2024-04-13 02:27:00,4.0,待机,IsolationForest; Mahalanobis; 单变量IQR+3σ; 残差,5393.397,120,Mahalanobis 距离=5393.4（阈值=18.5）。主要贡献特征：PC2 (89.8%); PC3 (9.7%)。
1471,2024-04-13 02:30:00,2024-04-13 02:31:00,2.0,割煤中位,IsolationForest; Mahalanobis; 单变量IQR+3σ; 残差,3.686,60,正常
1472,2024-04-13 02:33:00,2024-04-13 02:37:00,5.0,待机,IsolationForest; Mahalanobis; 单变量IQR+3σ; 残差,2828.896,150,Mahalanobis 距离=2828.9（阈值=18.5）。主要贡献特征：PC2 (72.8%); PC3 (26.0%); PC4 (1.2%)。
1473,2024-04-13 02:41:00,2024-04-13 02:42:00,2.0,割煤中位,IsolationForest; Mahalanobis; 单变量IQR+3σ; 残差,2.634,60,正常
1474,2024-04-13 02:45:00,2024-04-13 02:59:00,15.0,割煤中位,IsolationForest; Mahalanobis; 单变量IQR+3σ; 残差,5.349,450,正常
1475,2024-04-13 03:01:00,2024-04-13 03:02:00,2.0,割煤中位,IsolationForest; Mahalanobis; 单变量IQR+3σ; 残差,5.48,60,残差异常：采煤机_油泵_左电机_电流 偏高（残差 Z-score=5.5，实际=54.0 vs 预测=15.4）
1476,2024-04-13 03:05:00,2024-04-13 03:07:00,3.0,割煤高位,IsolationForest; Mahalanobis; 单变量IQR+3σ; 残差,5.083,90,正常
1477,2024-04-13 03:09:00,2024-04-13 03:09:00,1.0,割煤高位,IsolationForest; Mahalanobis; 单变量IQR+3σ; 残差,7.087,30,正常
1478,2024-04-13 03:14:00,2024-04-13 03:14:00,1.0,待机-高位,IsolationForest; Mahalanobis; 单变量IQR+3σ; 残差,3702.405,30,Mahalanobis 距离=3702.4（阈值=18.5）。主要贡献特征：PC2 (78.0%); PC3 (22.0%)。
1479,2024-04-13 03:18:00,2024-04-13 03:21:00,4.0,割煤中位,IsolationForest; Mahalanobis; 单变量IQR+3σ; 残差,3.079,120,正常
1480,2024-04-13 03:28:00,2024-04-13 03:30:00,3.0,割煤中位,IsolationForest; Mahalanobis; 单变量IQR+3σ; 残差,3.136,90,正常
1481,2024-04-13 03:32:00,2024-04-13 03:32:00,1.0,割煤中位,IsolationForest; Mahalanobis; 单变量IQR+3σ; 残差,5.787,30,正常
1482,2024-04-13 03:41:00,2024-04-13 03:47:00,7.0,割煤中位,IsolationForest; Mahalanobis; 单变量IQR+3σ; 残差,5.921,210,残差异常：采煤机_油泵_右电机_电流 偏高（残差 Z-score=5.9，实际=54.0 vs 预测=17.2）
1483,2024-04-13 03:52:00,2024-04-13 03:52:00,1.0,割煤高位,IsolationForest; Mahalanobis; 单变量IQR+3σ; 残差,1.567,30,正常
1484,2024-04-13 03:55:00,2024-04-13 03:56:00,2.0,割煤高位,IsolationForest; Mahalanobis; 单变量IQR+3σ; 残差,4.994,60,单变量异常：采煤机_油泵_右电机_电流（z-score=5.0，实际=55.0，均值=18.9±7.2）
1485,2024-04-13 04:06:00,2024-04-13 04:12:00,7.0,割煤中位,IsolationForest; Mahalanobis; 单变量IQR+3σ; 残差,6.178,210,残差异常：采煤机_油泵_右电机_电流 偏高（残差 Z-score=6.2，实际=55.0 vs 预测=16.6）
1486,2024-04-13 04:14:00,2024-04-13 04:15:00,2.0,割煤中位,IsolationForest; Mahalanobis; 单变量IQR+3σ; 残差,2.534,60,正常
1487,2024-04-13 04:20:00,2024-04-13 04:23:00,4.0,割煤中位,IsolationForest; Mahalanobis; 单变量IQR+3σ; 残差,2.364,120,正常
1488,2024-04-13 04:25:00,2024-04-13 04:25:00,1.0,割煤高位,IsolationForest; Mahalanobis; 单变量IQR+3σ; 残差,5.112,30,残差异常：采煤机_油泵_右电机_电流 偏高（残差 Z-score=5.1，实际=55.0 vs 预测=17.2）
1489,2024-04-13 04:30:00,2024-04-13 04:33:00,4.0,割煤中位,IsolationForest; Mahalanobis; 单变量IQR+3σ; 残差,3.061,120,正常
1490,2024-04-13 04:38:00,2024-04-13 04:38:00,1.0,待机,IsolationForest; Mahalanobis; 单变量IQR+3σ; 残差,3075.446,30,Mahalanobis 距离=3075.4（阈值=18.5）。主要贡献特征：PC2 (73.4%); PC3 (26.0%)。
1491,2024-04-13 04:41:00,2024-04-13 04:45:00,5.0,待机-高位,IsolationForest; Mahalanobis; 单变量IQR+3σ; 残差,2122.018,150,Mahalanobis 距离=2122.0（阈值=18.5）。主要贡献特征：PC2 (73.5%); PC3 (26.4%)。
1492,2024-04-13 04:49:00,2024-04-13 04:49:00,1.0,割煤中位,IsolationForest; Mahalanobis; 单变量IQR+3σ; 残差,5.739,30,残差异常：采煤机_截割部位_右滚筒_电机_电流 偏高（残差 Z-score=5.7，实际=273.0 vs 预测=72.8）
1493,2024-04-13 04:51:00,2024-04-13 04:51:00,1.0,调架中,IsolationForest; Mahalanobis; 单变量IQR+3σ; 残差,3.397,30,残差异常：采煤机_牵引部位_右电机_电流 偏高（残差 Z-score=3.4，实际=186.0 vs 预测=24.6）
1494,2024-04-13 04:56:00,2024-04-13 04:58:00,3.0,待机,IsolationForest; Mahalanobis; 单变量IQR+3σ; 残差,3681.906,90,Mahalanobis 距离=3681.9（阈值=18.5）。主要贡献特征：PC2 (77.5%); PC3 (22.2%)。
1495,2024-04-13 05:01:00,2024-04-13 05:02:00,2.0,割煤高位,IsolationForest; Mahalanobis; 单变量IQR+3σ; 残差,4.343,60,正常
1496,2024-04-13 05:09:00,2024-04-13 05:27:00,19.0,待机,IsolationForest; Mahalanobis; 单变量IQR+3σ; 残差,12183.326,570,Mahalanobis 距离=12183.3（阈值=18.5）。主要贡献特征：PC2 (93.9%); PC3 (5.4%)。
1497,2024-04-13 05:32:00,2024-04-13 05:34:00,3.0,割煤中位,IsolationForest; Mahalanobis; 单变量IQR+3σ; 残差,3.227,90,正常
1498,2024-04-13 05:38:00,2024-04-13 05:38:00,1.0,调架中,IsolationForest; Mahalanobis; 单变量IQR+3σ; 残差,4.756,30,正常
1499,2024-04-13 05:44:00,2024-04-13 05:44:00,1.0,割煤中位,IsolationForest; Mahalanobis; 单变量IQR+3σ; 残差,3.549,30,正常
1500,2024-04-13 05:58:00,2024-04-13 06:01:00,4.0,待机-高位,IsolationForest; Mahalanobis; 单变量IQR+3σ; 残差,1046.162,120,Mahalanobis 距离=1046.2（阈值=18.5）。主要贡献特征：PC2 (54.5%); PC3 (45.5%)。
1501,2024-04-13 06:06:00,2024-04-13 06:09:00,4.0,割煤中位,IsolationForest; Mahalanobis; 单变量IQR+3σ; 残差,3.825,120,正常
1502,2024-04-13 06:19:00,2024-04-13 06:21:00,3.0,割煤中位,IsolationForest; Mahalanobis; 单变量IQR+3σ; 残差,4.891,90,残差异常：采煤机_油泵_右电机_电流 偏高（残差 Z-score=4.9，实际=47.0 vs 预测=16.6）
1503,2024-04-13 06:28:00,2024-04-13 06:28:00,1.0,割煤高位,IsolationForest; Mahalanobis; 单变量IQR+3σ; 残差,5.896,30,残差异常：采煤机_油泵_右电机_电流 偏高（残差 Z-score=5.9，实际=60.0 vs 预测=16.4）
1504,2024-04-13 06:37:00,2024-04-13 06:41:00,5.0,调架中,IsolationForest; Mahalanobis; 单变量IQR+3σ; 残差,5.03,150,残差异常：采煤机_牵引部位_右电机_电流 偏高（残差 Z-score=5.0，实际=239.0 vs 预测=0.0）
1505,2024-04-13 06:43:00,2024-04-13 06:43:00,1.0,割煤中位,IsolationForest; Mahalanobis; 单变量IQR+3σ; 残差,3.362,30,正常
1506,2024-04-13 06:46:00,2024-04-13 06:48:00,3.0,割煤中位,IsolationForest; Mahalanobis; 单变量IQR+3σ; 残差,3.577,90,正常
1507,2024-04-13 06:50:00,2024-04-13 06:52:00,3.0,割煤中位,IsolationForest; Mahalanobis; 单变量IQR+3σ; 残差,3.556,90,正常
1508,2024-04-13 06:56:00,2024-04-13 07:00:00,5.0,割煤中位,IsolationForest; Mahalanobis; 单变量IQR+3σ; 残差,3.358,150,正常
1509,2024-04-13 07:03:00,2024-04-13 07:03:00,1.0,待机,IsolationForest; Mahalanobis; 单变量IQR+3σ; 残差,2385.68,30,Mahalanobis 距离=2385.7（阈值=18.5）。主要贡献特征：PC2 (73.1%); PC3 (26.1%)。
1510,2024-04-13 07:05:00,2024-04-13 07:11:00,7.0,待机,IsolationForest; Mahalanobis; 单变量IQR+3σ; 残差,2004.733,210,Mahalanobis 距离=2004.7（阈值=18.5）。主要贡献特征：PC2 (72.4%); PC3 (26.6%)。
1511,2024-04-13 07:13:00,2024-04-13 07:13:00,1.0,割煤中位,IsolationForest; Mahalanobis; 单变量IQR+3σ; 残差,2.29,30,正常
1512,2024-04-13 07:15:00,2024-04-13 07:15:00,1.0,割煤中位,IsolationForest; Mahalanobis; 单变量IQR+3σ; 残差,3.029,30,正常
1513,2024-04-13 07:19:00,2024-04-13 07:22:00,4.0,割煤中位,IsolationForest; Mahalanobis; 单变量IQR+3σ; 残差,3.716,120,正常
1514,2024-04-13 07:27:00,2024-04-13 07:32:00,6.0,割煤中位,IsolationForest; Mahalanobis; 单变量IQR+3σ; 残差,5.349,180,正常
1515,2024-04-13 07:34:00,2024-04-13 07:35:00,2.0,割煤中位,IsolationForest; Mahalanobis; 单变量IQR+3σ; 残差,4.338,60,正常
1516,2024-04-13 07:37:00,2024-04-13 07:39:00,3.0,割煤中位,IsolationForest; Mahalanobis; 单变量IQR+3σ; 残差,4.285,90,正常
1517,2024-04-13 07:42:00,2024-04-13 07:44:00,3.0,待机,IsolationForest; Mahalanobis; 单变量IQR+3σ; 残差,5232.368,90,Mahalanobis 距离=5232.4（阈值=18.5）。主要贡献特征：PC2 (85.0%); PC3 (14.7%)。
1518,2024-04-13 07:47:00,2024-04-13 07:50:00,4.0,割煤中位,IsolationForest; Mahalanobis; 单变量IQR+3σ; 残差,6.597,120,残差异常：采煤机_油泵_右电机_电流 偏高（残差 Z-score=6.6，实际=58.0 vs 预测=17.0）
1519,2024-04-13 07:52:00,2024-04-13 07:52:00,1.0,割煤高位,IsolationForest; Mahalanobis; 单变量IQR+3σ; 残差,3.097,30,残差异常：采煤机_牵引部位_左电机_电流 偏高（残差 Z-score=3.1，实际=217.0 vs 预测=120.2）
1520,2024-04-13 08:00:00,2024-04-13 08:02:00,3.0,割煤中位,IsolationForest; Mahalanobis; 单变量IQR+3σ; 残差,1.994,90,正常
1521,2024-04-13 08:04:00,2024-04-13 08:04:00,1.0,割煤高位,IsolationForest; Mahalanobis; 单变量IQR+3σ; 残差,4.733,30,残差异常：采煤机_油泵_右电机_电流 偏高（残差 Z-score=4.7，实际=52.0 vs 预测=17.0）
1522,2024-04-13 08:11:00,2024-04-13 08:15:00,5.0,待机,IsolationForest; Mahalanobis; 单变量IQR+3σ; 残差,2024.73,150,Mahalanobis 距离=2024.7（阈值=18.5）。主要贡献特征：PC2 (66.3%); PC3 (33.4%)。
1523,2024-04-13 08:19:00,2024-04-13 08:19:00,1.0,割煤中位,IsolationForest; Mahalanobis; 单变量IQR+3σ; 残差,3.491,30,残差异常：采煤机_截割部位_左滚筒_电机_温度 偏高（残差 Z-score=3.5，实际=83.0 vs 预测=73.8）
1524,2024-04-13 08:24:00,2024-04-13 08:27:00,4.0,待机,IsolationForest; Mahalanobis; 单变量IQR+3σ; 残差,4145.285,120,Mahalanobis 距离=4145.3（阈值=18.5）。主要贡献特征：PC2 (84.8%); PC3 (15.2%)。
1525,2024-04-13 08:55:00,2024-04-13 08:57:00,3.0,待机,IsolationForest; Mahalanobis; 单变量IQR+3σ; 残差,2.445,90,正常
1526,2024-04-13 09:11:00,2024-04-13 09:11:00,1.0,待机,IsolationForest; Mahalanobis; 单变量IQR+3σ; 残差,13.91,30,正常
1527,2024-04-13 09:24:00,2024-04-13 09:24:00,1.0,待机,IsolationForest; Mahalanobis; 单变量IQR+3σ; 残差,14.478,30,正常
1528,2024-04-13 14:38:00,2024-04-13 14:39:00,2.0,待机,IsolationForest; Mahalanobis; 单变量IQR+3σ; 残差,18.597,60,Mahalanobis 距离=18.6（阈值=18.5）。主要贡献特征：PC2 (65.1%); PC3 (31.7%); PC1 (2.7%)。
1529,2024-04-13 14:47:00,2024-04-13 14:52:00,6.0,待机,IsolationForest; Mahalanobis; 单变量IQR+3σ; 残差,3720.502,180,Mahalanobis 距离=3720.5（阈值=18.5）。主要贡献特征：PC2 (90.3%); PC4 (9.3%)。
1530,2024-04-13 15:41:00,2024-04-13 15:42:00,2.0,待机,IsolationForest; Mahalanobis; 单变量IQR+3σ; 残差,1.848,60,正常
1531,2024-04-13 15:51:00,2024-04-13 15:56:00,6.0,待机,IsolationForest; Mahalanobis; 单变量IQR+3σ; 残差,1228.121,180,Mahalanobis 距离=1228.1（阈值=18.5）。主要贡献特征：PC3 (72.7%); PC2 (27.3%)。
1532,2024-04-13 16:05:00,2024-04-13 16:20:00,16.0,待机,IsolationForest; Mahalanobis; 单变量IQR+3σ; 残差,1998.18,480,Mahalanobis 距离=1998.2（阈值=18.5）。主要贡献特征：PC2 (89.5%); PC3 (9.0%); PC4 (1.5%)。
1533,2024-04-13 16:22:00,2024-04-13 16:30:00,9.0,待机-高位,IsolationForest; Mahalanobis; 单变量IQR+3σ; 残差,1397.828,270,Mahalanobis 距离=1397.8（阈值=18.5）。主要贡献特征：PC2 (61.8%); PC3 (37.9%)。
1534,2024-04-13 16:35:00,2024-04-13 16:42:00,8.0,割煤中位,IsolationForest; Mahalanobis; 单变量IQR+3σ; 残差,5.019,240,单变量异常：采煤机_油泵_左电机_电流（z-score=5.0，实际=51.0，均值=18.3±6.5）
1535,2024-04-13 16:46:00,2024-04-13 16:51:00,6.0,割煤高位,IsolationForest; Mahalanobis; 单变量IQR+3σ; 残差,4.527,180,残差异常：采煤机_牵引部位_左电机_温度 偏高（残差 Z-score=4.5，实际=61.0 vs 预测=42.6）
1536,2024-04-13 16:53:00,2024-04-13 16:55:00,3.0,割煤中位,IsolationForest; Mahalanobis; 单变量IQR+3σ; 残差,3.163,90,正常
1537,2024-04-13 16:57:00,2024-04-13 16:59:00,3.0,调架中,IsolationForest; Mahalanobis; 单变量IQR+3σ; 残差,3.381,90,残差异常：采煤机_牵引部位_左电机_温度 偏高（残差 Z-score=3.4，实际=65.0 vs 预测=47.6）
1538,2024-04-13 17:05:00,2024-04-13 17:05:00,1.0,割煤高位,IsolationForest; Mahalanobis; 单变量IQR+3σ; 残差,4.192,30,残差异常：采煤机_油泵_右电机_电流 偏高（残差 Z-score=4.2，实际=49.0 vs 预测=18.0）
1539,2024-04-13 17:08:00,2024-04-13 17:08:00,1.0,割煤中位,IsolationForest; Mahalanobis; 单变量IQR+3σ; 残差,4.705,30,残差异常：采煤机_破碎机_电机_电流 偏高（残差 Z-score=4.7，实际=58.0 vs 预测=5.8）
1540,2024-04-13 17:10:00,2024-04-13 17:12:00,3.0,割煤中位,IsolationForest; Mahalanobis; 单变量IQR+3σ; 残差,2.622,90,正常
1541,2024-04-13 17:14:00,2024-04-13 17:15:00,2.0,待机,IsolationForest; Mahalanobis; 单变量IQR+3σ; 残差,2158.012,60,Mahalanobis 距离=2158.0（阈值=18.5）。主要贡献特征：PC2 (67.6%); PC3 (30.3%); PC4 (2.0%)。
1542,2024-04-13 17:25:00,2024-04-13 17:26:00,2.0,待机,IsolationForest; Mahalanobis; 单变量IQR+3σ; 残差,3872.802,60,Mahalanobis 距离=3872.8（阈值=18.5）。主要贡献特征：PC2 (77.8%); PC3 (20.9%); PC4 (1.3%)。
1543,2024-04-13 17:34:00,2024-04-13 17:34:00,1.0,割煤中位,IsolationForest; Mahalanobis; 单变量IQR+3σ; 残差,2.682,30,正常
1544,2024-04-13 17:42:00,2024-04-13 17:44:00,3.0,待机,IsolationForest; Mahalanobis; 单变量IQR+3σ; 残差,3182.487,90,Mahalanobis 距离=3182.5（阈值=18.5）。主要贡献特征：PC2 (73.3%); PC3 (26.0%)。
1545,2024-04-13 17:48:00,2024-04-13 17:48:00,1.0,割煤中位,IsolationForest; Mahalanobis; 单变量IQR+3σ; 残差,5.326,30,正常
1546,2024-04-13 17:51:00,2024-04-13 17:54:00,4.0,待机-高位,IsolationForest; Mahalanobis; 单变量IQR+3σ; 残差,2936.94,120,Mahalanobis 距离=2936.9（阈值=18.5）。主要贡献特征：PC2 (72.7%); PC3 (26.8%)。
1547,2024-04-13 17:56:00,2024-04-13 18:00:00,5.0,调架中,IsolationForest; Mahalanobis; 单变量IQR+3σ; 残差,25.386,150,Mahalanobis 距离=25.4（阈值=18.5）。主要贡献特征：PC2 (62.4%); PC3 (35.1%); PC1 (2.3%)。
1548,2024-04-13 18:05:00,2024-04-13 18:05:00,1.0,待机-高位,IsolationForest; Mahalanobis; 单变量IQR+3σ; 残差,4953.042,30,Mahalanobis 距离=4953.0（阈值=18.5）。主要贡献特征：PC2 (81.6%); PC3 (17.9%)。
1549,2024-04-13 18:09:00,2024-04-13 18:09:00,1.0,割煤高位,IsolationForest; Mahalanobis; 单变量IQR+3σ; 残差,3.893,30,正常
1550,2024-04-13 18:11:00,2024-04-13 18:11:00,1.0,割煤高位,IsolationForest; Mahalanobis; 单变量IQR+3σ; 残差,5.382,30,残差异常：采煤机_油泵_右电机_电流 偏高（残差 Z-score=5.4，实际=57.0 vs 预测=17.2）
1551,2024-04-13 18:13:00,2024-04-13 18:13:00,1.0,割煤高位,IsolationForest; Mahalanobis; 单变量IQR+3σ; 残差,7.81,30,正常
1552,2024-04-13 18:22:00,2024-04-13 18:24:00,3.0,割煤中位,IsolationForest; Mahalanobis; 单变量IQR+3σ; 残差,4.159,90,残差异常：采煤机_截割部位_右滚筒_电机_温度 偏高（残差 Z-score=4.2，实际=72.0 vs 预测=62.4）
1553,2024-04-13 18:28:00,2024-04-13 18:28:00,1.0,调架中,IsolationForest; Mahalanobis; 单变量IQR+3σ; 残差,3.941,30,残差异常：采煤机_油泵_左电机_电流 偏高（残差 Z-score=3.9，实际=48.0 vs 预测=16.2）
1554,2024-04-13 18:34:00,2024-04-13 18:34:00,1.0,割煤中位,IsolationForest; Mahalanobis; 单变量IQR+3σ; 残差,3.986,30,正常
1555,2024-04-13 18:37:00,2024-04-13 18:37:00,1.0,割煤高位,IsolationForest; Mahalanobis; 单变量IQR+3σ; 残差,3.732,30,残差异常：采煤机_油泵_右电机_电流 偏高（残差 Z-score=3.7，实际=45.0 vs 预测=17.4）
1556,2024-04-13 19:04:00,2024-04-13 20:28:00,85.0,割煤高位,IsolationForest; Mahalanobis; 单变量IQR+3σ; 残差,1.971,2550,正常
1557,2024-04-13 20:50:00,2024-04-13 20:50:00,1.0,割煤中位,IsolationForest; Mahalanobis; 单变量IQR+3σ; 残差,4.123,30,正常
1558,2024-04-13 20:57:00,2024-04-13 20:57:00,1.0,割煤高位,IsolationForest; Mahalanobis; 单变量IQR+3σ; 残差,4.343,30,正常
1559,2024-04-13 21:09:00,2024-04-13 22:02:00,54.0,待机-高位,IsolationForest; Mahalanobis; 单变量IQR+3σ; 残差,1207.731,1620,Mahalanobis 距离=1207.7（阈值=18.5）。主要贡献特征：PC2 (56.2%); PC3 (43.8%)。
1560,2024-04-13 23:11:00,2024-04-13 23:17:00,7.0,待机-高位,IsolationForest; Mahalanobis; 单变量IQR+3σ; 残差,1382.979,210,Mahalanobis 距离=1383.0（阈值=18.5）。主要贡献特征：PC2 (62.4%); PC3 (37.4%)。
1561,2024-04-13 23:25:00,2024-04-13 23:25:00,1.0,割煤中位,IsolationForest; Mahalanobis; 单变量IQR+3σ; 残差,1.702,30,正常
1562,2024-04-13 23:36:00,2024-04-13 23:36:00,1.0,割煤中位,IsolationForest; Mahalanobis; 单变量IQR+3σ; 残差,1.411,30,正常
1563,2024-04-13 23:38:00,2024-04-13 23:39:00,2.0,割煤中位,IsolationForest; Mahalanobis; 单变量IQR+3σ; 残差,1.636,60,正常
1564,2024-04-13 23:46:00,2024-04-13 23:49:00,4.0,待机-高位,IsolationForest; Mahalanobis; 单变量IQR+3σ; 残差,3800.994,120,Mahalanobis 距离=3801.0（阈值=18.5）。主要贡献特征：PC2 (78.2%); PC3 (21.8%)。
1565,2024-04-14 00:05:00,2024-04-14 00:08:00,4.0,待机-高位,IsolationForest; Mahalanobis; 单变量IQR+3σ; 残差,1844.804,120,Mahalanobis 距离=1844.8（阈值=18.5）。主要贡献特征：PC2 (68.9%); PC3 (31.0%)。
1566,2024-04-14 00:14:00,2024-04-14 00:17:00,4.0,待机-高位,IsolationForest; Mahalanobis; 单变量IQR+3σ; 残差,1842.789,120,Mahalanobis 距离=1842.8（阈值=18.5）。主要贡献特征：PC2 (94.5%); PC4 (4.9%)。
1567,2024-04-14 00:20:00,2024-04-14 00:20:00,1.0,割煤中位,IsolationForest; Mahalanobis; 单变量IQR+3σ; 残差,3.309,30,正常
1568,2024-04-14 00:23:00,2024-04-14 00:23:00,1.0,割煤高位,IsolationForest; Mahalanobis; 单变量IQR+3σ; 残差,4.718,30,正常
1569,2024-04-14 00:26:00,2024-04-14 00:26:00,1.0,调架中,IsolationForest; Mahalanobis; 单变量IQR+3σ; 残差,1.81,30,正常
1570,2024-04-14 00:28:00,2024-04-14 00:28:00,1.0,割煤中位,IsolationForest; Mahalanobis; 单变量IQR+3σ; 残差,3.457,30,残差异常：采煤机_截割部位_右滚筒_电机_电流 偏高（残差 Z-score=3.5，实际=191.0 vs 预测=70.4）
1571,2024-04-14 00:36:00,2024-04-14 00:36:00,1.0,割煤中位,IsolationForest; Mahalanobis; 单变量IQR+3σ; 残差,5.599,30,残差异常：采煤机_油泵_右电机_电流 偏高（残差 Z-score=5.6，实际=52.0 vs 预测=17.2）
1572,2024-04-14 00:47:00,2024-04-14 00:47:00,1.0,调架中,IsolationForest; Mahalanobis; 单变量IQR+3σ; 残差,6.122,30,残差异常：采煤机_油泵_左电机_电流 偏高（残差 Z-score=6.1，实际=63.0 vs 预测=13.6）
1573,2024-04-14 00:51:00,2024-04-14 00:52:00,2.0,待机,IsolationForest; Mahalanobis; 单变量IQR+3σ; 残差,2348.392,60,Mahalanobis 距离=2348.4（阈值=18.5）。主要贡献特征：PC2 (71.6%); PC3 (27.7%)。
1574,2024-04-14 00:57:00,2024-04-14 00:57:00,1.0,割煤中位,IsolationForest; Mahalanobis; 单变量IQR+3σ; 残差,4.575,30,残差异常：采煤机_截割部位_右滚筒_电机_电流 偏高（残差 Z-score=4.6，实际=230.0 vs 预测=70.4）
1575,2024-04-14 01:00:00,2024-04-14 01:00:00,1.0,待机,IsolationForest; Mahalanobis; 单变量IQR+3σ; 残差,7158.124,30,Mahalanobis 距离=7158.1（阈值=18.5）。主要贡献特征：PC2 (87.2%); PC3 (12.4%)。
1576,2024-04-14 01:05:00,2024-04-14 01:08:00,4.0,割煤中位,IsolationForest; Mahalanobis; 单变量IQR+3σ; 残差,3.951,120,正常
1577,2024-04-14 01:10:00,2024-04-14 01:12:00,3.0,割煤中位,IsolationForest; Mahalanobis; 单变量IQR+3σ; 残差,5.068,90,正常
1578,2024-04-14 01:14:00,2024-04-14 01:15:00,2.0,割煤高位,IsolationForest; Mahalanobis; 单变量IQR+3σ; 残差,5.112,60,正常
1579,2024-04-14 01:21:00,2024-04-14 01:21:00,1.0,割煤高位,IsolationForest; Mahalanobis; 单变量IQR+3σ; 残差,4.489,30,正常
1580,2024-04-14 01:34:00,2024-04-14 01:35:00,2.0,割煤中位,IsolationForest; Mahalanobis; 单变量IQR+3σ; 残差,3.388,60,残差异常：采煤机_截割部位_左滚筒_电机_电流 偏高（残差 Z-score=3.4，实际=219.0 vs 预测=76.6）
1581,2024-04-14 01:41:00,2024-04-14 01:41:00,1.0,割煤高位,IsolationForest; Mahalanobis; 单变量IQR+3σ; 残差,4.05,30,正常
1582,2024-04-14 01:52:00,2024-04-14 01:52:00,1.0,割煤高位,IsolationForest; Mahalanobis; 单变量IQR+3σ; 残差,4.192,30,残差异常：采煤机_油泵_右电机_电流 偏高（残差 Z-score=4.2，实际=48.0 vs 预测=17.0）
1583,2024-04-14 01:57:00,2024-04-14 01:58:00,2.0,待机-高位,IsolationForest; Mahalanobis; 单变量IQR+3σ; 残差,2212.864,60,Mahalanobis 距离=2212.9（阈值=18.5）。主要贡献特征：PC2 (62.5%); PC3 (37.5%)。
1584,2024-04-14 02:00:00,2024-04-14 02:04:00,5.0,割煤中位,IsolationForest; Mahalanobis; 单变量IQR+3σ; 残差,3.779,150,单变量异常：采煤机_截割部位_左滚筒_电机_电流（z-score=3.8，实际=260.0，均值=95.5±43.5）
1585,2024-04-14 02:07:00,2024-04-14 02:07:00,1.0,割煤高位,IsolationForest; Mahalanobis; 单变量IQR+3σ; 残差,3.201,30,残差异常：采煤机_截割部位_左滚筒_电机_温度 偏高（残差 Z-score=3.2，实际=80.0 vs 预测=70.8）
1586,2024-04-14 02:10:00,2024-04-14 02:15:00,6.0,割煤中位,IsolationForest; Mahalanobis; 单变量IQR+3σ; 残差,7.016,180,单变量异常：采煤机_油泵_左电机_电流（z-score=7.0，实际=64.0，均值=18.3±6.5）
1587,2024-04-14 02:17:00,2024-04-14 02:17:00,1.0,割煤高位,IsolationForest; Mahalanobis; 单变量IQR+3σ; 残差,4.788,30,正常
1588,2024-04-14 02:25:00,2024-04-14 02:25:00,1.0,割煤高位,IsolationForest; Mahalanobis; 单变量IQR+3σ; 残差,2.48,30,正常
1589,2024-04-14 02:27:00,2024-04-14 02:31:00,5.0,割煤中位,IsolationForest; Mahalanobis; 单变量IQR+3σ; 残差,4.583,150,单变量异常：采煤机_截割部位_左滚筒_电机_电流（z-score=4.6，实际=295.0，均值=95.5±43.5）
1590,2024-04-14 02:33:00,2024-04-14 02:34:00,2.0,割煤中位,IsolationForest; Mahalanobis; 单变量IQR+3σ; 残差,3.006,60,单变量异常：采煤机_截割部位_左滚筒_电机_温度（z-score=3.0，实际=92.0，均值=71.9±6.7）
1591,2024-04-14 02:36:00,2024-04-14 02:37:00,2.0,待机,IsolationForest; Mahalanobis; 单变量IQR+3σ; 残差,1766.188,60,Mahalanobis 距离=1766.2（阈值=18.5）。主要贡献特征：PC2 (66.4%); PC3 (33.4%)。
1592,2024-04-14 02:41:00,2024-04-14 02:41:00,1.0,割煤高位,IsolationForest; Mahalanobis; 单变量IQR+3σ; 残差,4.579,30,正常
1593,2024-04-14 02:51:00,2024-04-14 02:56:00,6.0,割煤中位,IsolationForest; Mahalanobis; 单变量IQR+3σ; 残差,1.803,180,正常
1594,2024-04-14 02:59:00,2024-04-14 03:05:00,7.0,割煤中位,IsolationForest; Mahalanobis; 单变量IQR+3σ; 残差,2.462,210,正常
1595,2024-04-14 03:07:00,2024-04-14 03:19:00,13.0,待机,IsolationForest; Mahalanobis; 单变量IQR+3σ; 残差,2784.732,390,Mahalanobis 距离=2784.7（阈值=18.5）。主要贡献特征：PC2 (74.1%); PC3 (24.9%); PC4 (1.1%)。
1596,2024-04-14 03:22:00,2024-04-14 03:26:00,5.0,割煤中位,IsolationForest; Mahalanobis; 单变量IQR+3σ; 残差,3.775,150,正常
1597,2024-04-14 03:28:00,2024-04-14 03:30:00,3.0,割煤中位,IsolationForest; Mahalanobis; 单变量IQR+3σ; 残差,4.11,90,正常
1598,2024-04-14 03:32:00,2024-04-14 03:39:00,8.0,待机,IsolationForest; Mahalanobis; 单变量IQR+3σ; 残差,9501.065,240,Mahalanobis 距离=9501.1（阈值=18.5）。主要贡献特征：PC2 (91.4%); PC3 (8.2%)。
1599,2024-04-14 03:41:00,2024-04-14 03:54:00,14.0,待机-高位,IsolationForest; Mahalanobis; 单变量IQR+3σ; 残差,9986.079,420,Mahalanobis 距离=9986.1（阈值=18.5）。主要贡献特征：PC2 (95.3%); PC3 (4.6%)。
1600,2024-04-14 03:57:00,2024-04-14 03:57:00,1.0,割煤高位,IsolationForest; Mahalanobis; 单变量IQR+3σ; 残差,4.05,30,正常
1601,2024-04-14 04:07:00,2024-04-14 04:08:00,2.0,割煤高位,IsolationForest; Mahalanobis; 单变量IQR+3σ; 残差,3.597,60,残差异常：采煤机_油泵_右电机_电流 偏高（残差 Z-score=3.6，实际=44.0 vs 预测=17.4）
1602,2024-04-14 04:10:00,2024-04-14 04:10:00,1.0,割煤高位,IsolationForest; Mahalanobis; 单变量IQR+3σ; 残差,3.75,30,单变量异常：采煤机_油泵_右电机_电流（z-score=3.7，实际=46.0，均值=18.9±7.2）
1603,2024-04-14 04:13:00,2024-04-14 04:16:00,4.0,调架中,IsolationForest; Mahalanobis; 单变量IQR+3σ; 残差,5.974,120,残差异常：采煤机_油泵_左电机_电流 偏高（残差 Z-score=6.0，实际=64.0 vs 预测=15.8）
1604,2024-04-14 04:19:00,2024-04-14 04:20:00,2.0,割煤中位,IsolationForest; Mahalanobis; 单变量IQR+3σ; 残差,3.641,60,单变量异常：采煤机_截割部位_左滚筒_电机_电流（z-score=3.6，实际=254.0，均值=95.5±43.5）
1605,2024-04-14 04:23:00,2024-04-14 04:26:00,4.0,割煤中位,IsolationForest; Mahalanobis; 单变量IQR+3σ; 残差,1.957,120,正常
1606,2024-04-14 04:30:00,2024-04-14 04:32:00,3.0,割煤中位,IsolationForest; Mahalanobis; 单变量IQR+3σ; 残差,2.718,90,正常
1607,2024-04-14 04:38:00,2024-04-14 04:40:00,3.0,待机-高位,IsolationForest; Mahalanobis; 单变量IQR+3σ; 残差,1532.058,90,Mahalanobis 距离=1532.1（阈值=18.5）。主要贡献特征：PC2 (56.9%); PC3 (43.0%)。
1608,2024-04-14 04:43:00,2024-04-14 04:55:00,13.0,待机,IsolationForest; Mahalanobis; 单变量IQR+3σ; 残差,2985.464,390,Mahalanobis 距离=2985.5（阈值=18.5）。主要贡献特征：PC2 (64.5%); PC3 (35.5%)。
1609,2024-04-14 04:57:00,2024-04-14 05:01:00,5.0,割煤中位,IsolationForest; Mahalanobis; 单变量IQR+3σ; 残差,3.74,150,残差异常：采煤机_截割部位_左滚筒_电机_电流 偏高（残差 Z-score=3.7，实际=209.0 vs 预测=51.8）
1610,2024-04-14 05:04:00,2024-04-14 05:04:00,1.0,调架中,IsolationForest; Mahalanobis; 单变量IQR+3σ; 残差,6.174,30,正常
1611,2024-04-14 05:06:00,2024-04-14 05:11:00,6.0,割煤中位,IsolationForest; Mahalanobis; 单变量IQR+3σ; 残差,3.182,180,残差异常：采煤机_截割部位_右滚筒_电机_电流 偏高（残差 Z-score=3.2，实际=189.0 vs 预测=78.0）
1612,2024-04-14 05:13:00,2024-04-14 05:23:00,11.0,待机,IsolationForest; Mahalanobis; 单变量IQR+3σ; 残差,4492.592,330,Mahalanobis 距离=4492.6（阈值=18.5）。主要贡献特征：PC2 (84.4%); PC3 (15.1%)。
1613,2024-04-14 05:33:00,2024-04-14 05:35:00,3.0,割煤中位,IsolationForest; Mahalanobis; 单变量IQR+3σ; 残差,3.57,90,正常
1614,2024-04-14 05:38:00,2024-04-14 05:40:00,3.0,割煤中位,IsolationForest; Mahalanobis; 单变量IQR+3σ; 残差,4.56,90,正常
1615,2024-04-14 05:44:00,2024-04-14 05:47:00,4.0,待机,IsolationForest; Mahalanobis; 单变量IQR+3σ; 残差,6240.513,120,Mahalanobis 距离=6240.5（阈值=18.5）。主要贡献特征：PC2 (85.0%); PC3 (14.8%)。
1616,2024-04-14 05:49:00,2024-04-14 05:50:00,2.0,割煤中位,IsolationForest; Mahalanobis; 单变量IQR+3σ; 残差,1.811,60,正常
1617,2024-04-14 05:52:00,2024-04-14 05:56:00,5.0,割煤高位,IsolationForest; Mahalanobis; 单变量IQR+3σ; 残差,6.131,150,正常
1618,2024-04-14 05:58:00,2024-04-14 06:05:00,8.0,割煤中位,IsolationForest; Mahalanobis; 单变量IQR+3σ; 残差,6.526,240,正常
1619,2024-04-14 06:07:00,2024-04-14 06:07:00,1.0,割煤中位,IsolationForest; Mahalanobis; 单变量IQR+3σ; 残差,2.421,30,正常
1620,2024-04-14 06:10:00,2024-04-14 06:11:00,2.0,割煤高位,IsolationForest; Mahalanobis; 单变量IQR+3σ; 残差,5.222,60,正常
1621,2024-04-14 06:15:00,2024-04-14 06:19:00,5.0,割煤中位,IsolationForest; Mahalanobis; 单变量IQR+3σ; 残差,5.133,150,正常
1622,2024-04-14 06:25:00,2024-04-14 06:28:00,4.0,割煤高位,IsolationForest; Mahalanobis; 单变量IQR+3σ; 残差,3.2,120,残差异常：采煤机_油泵_左电机_电流 偏高（残差 Z-score=3.2，实际=40.0 vs 预测=16.2）
1623,2024-04-14 06:31:00,2024-04-14 06:34:00,4.0,待机-高位,IsolationForest; Mahalanobis; 单变量IQR+3σ; 残差,1300.884,120,Mahalanobis 距离=1300.9（阈值=18.5）。主要贡献特征：PC2 (56.0%); PC3 (43.9%)。
1624,2024-04-14 06:36:00,2024-04-14 06:36:00,1.0,割煤中位,IsolationForest; Mahalanobis; 单变量IQR+3σ; 残差,2.377,30,正常
1625,2024-04-14 06:39:00,2024-04-14 06:40:00,2.0,割煤中位,IsolationForest; Mahalanobis; 单变量IQR+3σ; 残差,1.643,60,正常
1626,2024-04-14 06:42:00,2024-04-14 06:42:00,1.0,割煤高位,IsolationForest; Mahalanobis; 单变量IQR+3σ; 残差,4.477,30,残差异常：采煤机_截割部位_左滚筒_电机_电流 偏高（残差 Z-score=4.5，实际=279.0 vs 预测=100.4）
1627,2024-04-14 06:44:00,2024-04-14 06:44:00,1.0,割煤中位,IsolationForest; Mahalanobis; 单变量IQR+3σ; 残差,3.549,30,正常
1628,2024-04-14 06:50:00,2024-04-14 06:57:00,8.0,割煤中位,IsolationForest; Mahalanobis; 单变量IQR+3σ; 残差,6.801,240,正常
1629,2024-04-14 07:00:00,2024-04-14 07:00:00,1.0,割煤中位,IsolationForest; Mahalanobis; 单变量IQR+3σ; 残差,2.992,30,正常
1630,2024-04-14 07:04:00,2024-04-14 07:04:00,1.0,割煤中位,IsolationForest; Mahalanobis; 单变量IQR+3σ; 残差,5.563,30,残差异常：采煤机_截割部位_左滚筒_电机_电流 偏高（残差 Z-score=5.6，实际=322.0 vs 预测=88.2）
1631,2024-04-14 07:08:00,2024-04-14 07:08:00,1.0,割煤中位,IsolationForest; Mahalanobis; 单变量IQR+3σ; 残差,3.805,30,残差异常：采煤机_油泵_左电机_电流 偏高（残差 Z-score=3.8，实际=43.0 vs 预测=16.2）
1632,2024-04-14 07:15:00,2024-04-14 07:15:00,1.0,割煤高位,IsolationForest; Mahalanobis; 单变量IQR+3σ; 残差,2.182,30,正常
1633,2024-04-14 07:19:00,2024-04-14 07:23:00,5.0,待机,IsolationForest; Mahalanobis; 单变量IQR+3σ; 残差,5238.538,150,Mahalanobis 距离=5238.5（阈值=18.5）。主要贡献特征：PC2 (90.0%); PC3 (9.9%)。
1634,2024-04-14 07:25:00,2024-04-14 07:27:00,3.0,调架中,IsolationForest; Mahalanobis; 单变量IQR+3σ; 残差,14.305,90,正常
1635,2024-04-14 07:31:00,2024-04-14 07:31:00,1.0,割煤中位,IsolationForest; Mahalanobis; 单变量IQR+3σ; 残差,5.802,30,残差异常：采煤机_截割部位_右滚筒_电机_电流 偏高（残差 Z-score=5.8，实际=287.0 vs 预测=84.6）
1636,2024-04-14 07:39:00,2024-04-14 07:42:00,4.0,待机,IsolationForest; Mahalanobis; 单变量IQR+3σ; 残差,3450.742,120,Mahalanobis 距离=3450.7（阈值=18.5）。主要贡献特征：PC2 (76.4%); PC3 (23.6%)。
1637,2024-04-14 07:44:00,2024-04-14 07:47:00,4.0,待机,IsolationForest; Mahalanobis; 单变量IQR+3σ; 残差,26.122,120,Mahalanobis 距离=26.1（阈值=18.5）。主要贡献特征：PC3 (53.0%); PC2 (44.8%); PC4 (1.8%)。
1638,2024-04-14 07:49:00,2024-04-14 07:49:00,1.0,割煤中位,IsolationForest; Mahalanobis; 单变量IQR+3σ; 残差,7.169,30,正常
1639,2024-04-14 07:52:00,2024-04-14 07:52:00,1.0,割煤中位,IsolationForest; Mahalanobis; 单变量IQR+3σ; 残差,5.493,30,残差异常：采煤机_截割部位_右滚筒_电机_电流 偏高（残差 Z-score=5.5，实际=258.0 vs 预测=66.4）
1640,2024-04-14 07:55:00,2024-04-14 07:55:00,1.0,待机,IsolationForest; Mahalanobis; 单变量IQR+3σ; 残差,6448.638,30,Mahalanobis 距离=6448.6（阈值=18.5）。主要贡献特征：PC2 (83.7%); PC3 (15.8%)。
1641,2024-04-14 07:58:00,2024-04-14 07:59:00,2.0,待机,IsolationForest; Mahalanobis; 单变量IQR+3σ; 残差,2529.429,60,Mahalanobis 距离=2529.4（阈值=18.5）。主要贡献特征：PC2 (68.0%); PC3 (32.0%)。
1642,2024-04-14 08:02:00,2024-04-14 08:04:00,3.0,待机,IsolationForest; Mahalanobis; 单变量IQR+3σ; 残差,2228.582,90,Mahalanobis 距离=2228.6（阈值=18.5）。主要贡献特征：PC2 (69.3%); PC3 (30.0%)。
1643,2024-04-14 08:09:00,2024-04-14 08:09:00,1.0,割煤中位,IsolationForest; Mahalanobis; 单变量IQR+3σ; 残差,4.912,30,正常
1644,2024-04-14 08:15:00,2024-04-14 08:22:00,8.0,割煤中位,IsolationForest; Mahalanobis; 单变量IQR+3σ; 残差,5.529,240,正常
1645,2024-04-14 08:25:00,2024-04-14 08:29:00,5.0,待机,IsolationForest; Mahalanobis; 单变量IQR+3σ; 残差,4323.237,150,Mahalanobis 距离=4323.2（阈值=18.5）。主要贡献特征：PC2 (76.7%); PC3 (22.1%); PC4 (1.2%)。
1646,2024-04-14 08:36:00,2024-04-14 08:39:00,4.0,待机,IsolationForest; Mahalanobis; 单变量IQR+3σ; 残差,2323.035,120,Mahalanobis 距离=2323.0（阈值=18.5）。主要贡献特征：PC2 (73.4%); PC3 (26.3%)。
1647,2024-04-14 08:48:00,2024-04-14 08:52:00,5.0,待机,IsolationForest; Mahalanobis; 单变量IQR+3σ; 残差,26.727,150,Mahalanobis 距离=26.7（阈值=18.5）。主要贡献特征：PC3 (59.9%); PC2 (36.4%); PC4 (2.3%)。
1648,2024-04-14 09:21:00,2024-04-14 09:22:00,2.0,待机,IsolationForest; Mahalanobis; 单变量IQR+3σ; 残差,17.268,60,正常
1649,2024-04-14 10:03:00,2024-04-14 10:03:00,1.0,待机,IsolationForest; Mahalanobis; 单变量IQR+3σ; 残差,14.489,30,正常
1650,2024-04-14 10:35:00,2024-04-14 10:39:00,5.0,待机,IsolationForest; Mahalanobis; 单变量IQR+3σ; 残差,41.186,150,Mahalanobis 距离=41.2（阈值=18.5）。主要贡献特征：PC3 (63.0%); PC2 (29.7%); PC4 (5.0%)。
1651,2024-04-14 12:53:00,2024-04-15 10:05:00,1273.0,待机,IsolationForest; Mahalanobis; 单变量IQR+3σ; 残差,8991.736,38190,Mahalanobis 距离=8991.7（阈值=18.5）。主要贡献特征：PC2 (46.7%); PC3 (32.5%); PC4 (19.2%)。
1652,2024-04-15 15:03:00,2024-04-17 12:00:00,2698.0,待机,IsolationForest; Mahalanobis; 单变量IQR+3σ; 残差,49972.501,80940,Mahalanobis 距离=49972.5（阈值=18.5）。主要贡献特征：PC2 (93.0%); PC3 (6.7%)。
1653,2024-04-17 13:05:00,2024-04-17 15:24:00,140.0,待机,IsolationForest; Mahalanobis; 单变量IQR+3σ; 残差,37058.689,4200,Mahalanobis 距离=37058.7（阈值=18.5）。主要贡献特征：PC2 (92.8%); PC3 (6.7%)。
1654,2024-04-17 15:56:00,2024-04-17 16:02:00,7.0,停机,IsolationForest; Mahalanobis; 单变量IQR+3σ; 残差,7.934,210,残差异常：采煤机_油泵_左电机_温度 偏高（残差 Z-score=7.9，实际=54.0 vs 预测=0.0）
1655,2024-04-17 16:39:00,2024-04-17 16:46:00,8.0,停机,IsolationForest; Mahalanobis; 单变量IQR+3σ; 残差,559.567,240,Mahalanobis 距离=559.6（阈值=18.5）。主要贡献特征：PC2 (52.2%); PC4 (44.7%); PC3 (3.1%)。
1656,2024-04-17 16:49:00,2024-04-17 17:03:00,15.0,停机,IsolationForest; Mahalanobis; 单变量IQR+3σ; 残差,952.736,450,Mahalanobis 距离=952.7（阈值=18.5）。主要贡献特征：PC2 (59.1%); PC3 (36.1%); PC4 (4.8%)。
1657,2024-04-17 17:05:00,2024-04-17 17:09:00,5.0,停机,IsolationForest; Mahalanobis; 单变量IQR+3σ; 残差,1560.059,150,Mahalanobis 距离=1560.1（阈值=18.5）。主要贡献特征：PC2 (63.7%); PC3 (29.1%); PC4 (7.2%)。
1658,2024-04-17 17:14:00,2024-04-17 17:14:00,1.0,割煤高位,IsolationForest; Mahalanobis; 单变量IQR+3σ; 残差,1.364,30,正常
1659,2024-04-17 17:19:00,2024-04-17 17:19:00,1.0,割煤高位,IsolationForest; Mahalanobis; 单变量IQR+3σ; 残差,3.464,30,正常
1660,2024-04-17 17:24:00,2024-04-17 17:25:00,2.0,割煤高位,IsolationForest; Mahalanobis; 单变量IQR+3σ; 残差,4.111,60,残差异常：采煤机_油泵_右电机_电流 偏高（残差 Z-score=4.1，实际=48.0 vs 预测=17.6）
1661,2024-04-17 17:28:00,2024-04-17 17:28:00,1.0,割煤中位,IsolationForest; Mahalanobis; 单变量IQR+3σ; 残差,4.056,30,正常
1662,2024-04-17 17:30:00,2024-04-17 17:34:00,5.0,待机-高位,IsolationForest; Mahalanobis; 单变量IQR+3σ; 残差,7275.777,150,Mahalanobis 距离=7275.8（阈值=18.5）。主要贡献特征：PC2 (92.0%); PC3 (7.8%)。
1663,2024-04-17 17:37:00,2024-04-17 17:37:00,1.0,调架中,IsolationForest; Mahalanobis; 单变量IQR+3σ; 残差,2.71,30,正常
1664,2024-04-17 17:39:00,2024-04-17 17:42:00,4.0,割煤高位,IsolationForest; Mahalanobis; 单变量IQR+3σ; 残差,5.766,120,正常
1665,2024-04-17 17:44:00,2024-04-17 17:44:00,1.0,割煤高位,IsolationForest; Mahalanobis; 单变量IQR+3σ; 残差,3.832,30,正常
1666,2024-04-17 17:47:00,2024-04-17 17:50:00,4.0,待机,IsolationForest; Mahalanobis; 单变量IQR+3σ; 残差,3034.858,120,Mahalanobis 距离=3034.9（阈值=18.5）。主要贡献特征：PC2 (72.2%); PC3 (27.8%)。
1667,2024-04-17 17:52:00,2024-04-17 17:53:00,2.0,割煤中位,IsolationForest; Mahalanobis; 单变量IQR+3σ; 残差,3.716,60,残差异常：采煤机_截割部位_左滚筒_电机_电流 偏高（残差 Z-score=3.7，实际=252.0 vs 预测=95.8）
1668,2024-04-17 17:56:00,2024-04-17 17:57:00,2.0,割煤中位,IsolationForest; Mahalanobis; 单变量IQR+3σ; 残差,1.751,60,正常
1669,2024-04-17 18:20:00,2024-04-17 18:20:00,1.0,割煤中位,IsolationForest; Mahalanobis; 单变量IQR+3σ; 残差,5.824,30,残差异常：采煤机_油泵_右电机_电流 偏高（残差 Z-score=5.8，实际=54.0 vs 预测=17.8）
1670,2024-04-17 18:40:00,2024-04-17 18:40:00,1.0,割煤高位,IsolationForest; Mahalanobis; 单变量IQR+3σ; 残差,5.661,30,正常
1671,2024-04-17 18:42:00,2024-04-17 18:42:00,1.0,待机,IsolationForest; Mahalanobis; 单变量IQR+3σ; 残差,3415.622,30,Mahalanobis 距离=3415.6（阈值=18.5）。主要贡献特征：PC2 (78.8%); PC3 (20.8%)。
1672,2024-04-17 18:44:00,2024-04-17 18:46:00,3.0,待机,IsolationForest; Mahalanobis; 单变量IQR+3σ; 残差,3451.239,90,Mahalanobis 距离=3451.2（阈值=18.5）。主要贡献特征：PC2 (80.4%); PC3 (18.7%)。
1673,2024-04-17 18:52:00,2024-04-17 18:56:00,5.0,待机,IsolationForest; Mahalanobis; 单变量IQR+3σ; 残差,994.753,150,Mahalanobis 距离=994.8（阈值=18.5）。主要贡献特征：PC2 (59.1%); PC3 (37.1%); PC4 (3.8%)。
1674,2024-04-17 19:03:00,2024-04-17 19:04:00,2.0,待机,IsolationForest; Mahalanobis; 单变量IQR+3σ; 残差,4444.291,60,Mahalanobis 距离=4444.3（阈值=18.5）。主要贡献特征：PC2 (93.3%); PC4 (6.2%)。
1675,2024-04-17 19:07:00,2024-04-17 19:09:00,3.0,调架中,IsolationForest; Mahalanobis; 单变量IQR+3σ; 残差,6.93,90,正常
1676,2024-04-17 19:13:00,2024-04-17 19:17:00,5.0,待机,IsolationForest; Mahalanobis; 单变量IQR+3σ; 残差,2766.067,150,Mahalanobis 距离=2766.1（阈值=18.5）。主要贡献特征：PC2 (75.0%); PC3 (24.5%)。
1677,2024-04-17 19:31:00,2024-04-17 19:33:00,3.0,停机,IsolationForest; Mahalanobis; 单变量IQR+3σ; 残差,3.224,90,正常
1678,2024-04-17 20:20:00,2024-04-17 20:21:00,2.0,调架中,IsolationForest; Mahalanobis; 单变量IQR+3σ; 残差,4.635,60,正常
1679,2024-04-17 20:25:00,2024-04-17 20:25:00,1.0,割煤中位,IsolationForest; Mahalanobis; 单变量IQR+3σ; 残差,4.34,30,残差异常：采煤机_截割部位_右滚筒_电机_电流 偏高（残差 Z-score=4.3，实际=223.0 vs 预测=71.6）
1680,2024-04-17 20:27:00,2024-04-17 20:27:00,1.0,调架中,IsolationForest; Mahalanobis; 单变量IQR+3σ; 残差,3.371,30,残差异常：采煤机_牵引部位_右电机_电流 偏高（残差 Z-score=3.4，实际=190.0 vs 预测=29.8）
1681,2024-04-17 20:30:00,2024-04-17 20:34:00,5.0,停机,IsolationForest; Mahalanobis; 单变量IQR+3σ; 残差,1306.348,150,Mahalanobis 距离=1306.3（阈值=18.5）。主要贡献特征：PC2 (69.6%); PC3 (27.2%); PC4 (3.2%)。
1682,2024-04-17 20:36:00,2024-04-17 20:37:00,2.0,割煤中位,IsolationForest; Mahalanobis; 单变量IQR+3σ; 残差,4.631,60,正常
1683,2024-04-17 20:47:00,2024-04-17 20:52:00,6.0,待机,IsolationForest; Mahalanobis; 单变量IQR+3σ; 残差,6561.173,180,Mahalanobis 距离=6561.2（阈值=18.5）。主要贡献特征：PC3 (39.0%); PC2 (32.4%); PC4 (28.6%)。
1684,2024-04-17 20:57:00,2024-04-17 21:02:00,6.0,待机,IsolationForest; Mahalanobis; 单变量IQR+3σ; 残差,3394.8,180,Mahalanobis 距离=3394.8（阈值=18.5）。主要贡献特征：PC2 (92.1%); PC4 (7.4%)。
1685,2024-04-17 21:44:00,2024-04-17 21:47:00,4.0,停机,IsolationForest; Mahalanobis; 单变量IQR+3σ; 残差,5.661,120,残差异常：采煤机_油泵_右电机_电流 偏高（残差 Z-score=5.7，实际=28.0 vs 预测=0.0）
1686,2024-04-17 21:50:00,2024-04-17 21:50:00,1.0,调架中,IsolationForest; Mahalanobis; 单变量IQR+3σ; 残差,1.797,30,正常
1687,2024-04-17 21:52:00,2024-04-17 21:52:00,1.0,停机,IsolationForest; Mahalanobis; 单变量IQR+3σ; 残差,1114.976,30,Mahalanobis 距离=1115.0（阈值=18.5）。主要贡献特征：PC2 (73.1%); PC3 (25.5%); PC4 (1.3%)。
1688,2024-04-17 21:55:00,2024-04-17 21:55:00,1.0,调架中,IsolationForest; Mahalanobis; 单变量IQR+3σ; 残差,2.828,30,正常
1689,2024-04-17 22:03:00,2024-04-17 22:09:00,7.0,待机,IsolationForest; Mahalanobis; 单变量IQR+3σ; 残差,34402.032,210,Mahalanobis 距离=34402.0（阈值=18.5）。主要贡献特征：PC2 (97.4%); PC3 (2.6%)。
1690,2024-04-17 22:29:00,2024-04-17 23:29:00,61.0,待机,IsolationForest; Mahalanobis; 单变量IQR+3σ; 残差,1509.194,1830,Mahalanobis 距离=1509.2（阈值=18.5）。主要贡献特征：PC3 (65.2%); PC4 (27.0%); PC2 (6.8%)。
1691,2024-04-17 23:39:00,2024-04-17 23:48:00,10.0,待机,IsolationForest; Mahalanobis; 单变量IQR+3σ; 残差,14.481,300,正常
1692,2024-04-17 23:50:00,2024-04-18 00:00:00,11.0,待机,IsolationForest; Mahalanobis; 单变量IQR+3σ; 残差,2775.862,330,Mahalanobis 距离=2775.9（阈值=18.5）。主要贡献特征：PC2 (77.9%); PC3 (21.9%)。
1693,2024-04-18 00:04:00,2024-04-18 00:05:00,2.0,割煤中位,IsolationForest; Mahalanobis; 单变量IQR+3σ; 残差,6.886,60,残差异常：采煤机_油泵_右电机_电流 偏高（残差 Z-score=6.9，实际=60.0 vs 预测=17.2）
1694,2024-04-18 00:16:00,2024-04-18 00:17:00,2.0,待机,IsolationForest; Mahalanobis; 单变量IQR+3σ; 残差,3537.341,60,Mahalanobis 距离=3537.3（阈值=18.5）。主要贡献特征：PC2 (73.4%); PC3 (26.4%)。
1695,2024-04-18 00:35:00,2024-04-18 00:35:00,1.0,割煤中位,IsolationForest; Mahalanobis; 单变量IQR+3σ; 残差,3.113,30,残差异常：采煤机_截割部位_右滚筒_电机_电流 偏高（残差 Z-score=3.1，实际=185.0 vs 预测=76.4）
1696,2024-04-18 00:43:00,2024-04-18 00:45:00,3.0,割煤中位,IsolationForest; Mahalanobis; 单变量IQR+3σ; 残差,2.855,90,正常
1697,2024-04-18 00:57:00,2024-04-18 01:00:00,4.0,割煤中位,IsolationForest; Mahalanobis; 单变量IQR+3σ; 残差,6.597,120,残差异常：采煤机_油泵_右电机_电流 偏高（残差 Z-score=6.6，实际=58.0 vs 预测=17.0）
1698,2024-04-18 01:02:00,2024-04-18 01:02:00,1.0,调架中,IsolationForest; Mahalanobis; 单变量IQR+3σ; 残差,2.461,30,正常
1699,2024-04-18 01:05:00,2024-04-18 01:05:00,1.0,调架中,IsolationForest; Mahalanobis; 单变量IQR+3σ; 残差,4.09,30,残差异常：采煤机_油泵_左电机_电流 偏高（残差 Z-score=4.1，实际=49.0 vs 预测=16.0）
1700,2024-04-18 01:17:00,2024-04-18 01:17:00,1.0,割煤高位,IsolationForest; Mahalanobis; 单变量IQR+3σ; 残差,4.463,30,残差异常：采煤机_油泵_右电机_电流 偏高（残差 Z-score=4.5，实际=50.0 vs 预测=17.0）
1701,2024-04-18 01:19:00,2024-04-18 01:20:00,2.0,割煤高位,IsolationForest; Mahalanobis; 单变量IQR+3σ; 残差,3.558,60,正常
1702,2024-04-18 01:40:00,2024-04-18 01:43:00,4.0,待机,IsolationForest; Mahalanobis; 单变量IQR+3σ; 残差,2283.432,120,Mahalanobis 距离=2283.4（阈值=18.5）。主要贡献特征：PC2 (90.8%); PC4 (7.1%); PC3 (2.1%)。
1703,2024-04-18 01:45:00,2024-04-18 01:45:00,1.0,割煤中位,IsolationForest; Mahalanobis; 单变量IQR+3σ; 残差,3.161,30,正常
1704,2024-04-18 01:52:00,2024-04-18 01:52:00,1.0,割煤中位,IsolationForest; Mahalanobis; 单变量IQR+3σ; 残差,1.333,30,正常
1705,2024-04-18 01:57:00,2024-04-18 02:00:00,4.0,待机,IsolationForest; Mahalanobis; 单变量IQR+3σ; 残差,2335.993,120,Mahalanobis 距离=2336.0（阈值=18.5）。主要贡献特征：PC2 (73.0%); PC3 (27.0%)。
1706,2024-04-18 02:12:00,2024-04-18 02:12:00,1.0,待机,IsolationForest; Mahalanobis; 单变量IQR+3σ; 残差,12.659,30,正常
1707,2024-04-18 02:17:00,2024-04-18 02:21:00,5.0,割煤中位,IsolationForest; Mahalanobis; 单变量IQR+3σ; 残差,7.846,150,正常
1708,2024-04-18 02:27:00,2024-04-18 02:34:00,8.0,待机,IsolationForest; Mahalanobis; 单变量IQR+3σ; 残差,11297.423,240,Mahalanobis 距离=11297.4（阈值=18.5）。主要贡献特征：PC2 (44.5%); PC3 (36.6%); PC4 (18.9%)。
1709,2024-04-18 02:36:00,2024-04-18 02:39:00,4.0,割煤中位,IsolationForest; Mahalanobis; 单变量IQR+3σ; 残差,13.897,120,正常
1710,2024-04-18 02:41:00,2024-04-18 02:41:00,1.0,割煤中位,IsolationForest; Mahalanobis; 单变量IQR+3σ; 残差,1.976,30,正常
1711,2024-04-18 02:43:00,2024-04-18 02:48:00,6.0,割煤中位,IsolationForest; Mahalanobis; 单变量IQR+3σ; 残差,3.507,180,残差异常：采煤机_牵引部位_右电机_电流 偏高（残差 Z-score=3.5，实际=208.0 vs 预测=103.4）
1712,2024-04-18 02:53:00,2024-04-18 02:54:00,2.0,调架中,IsolationForest; Mahalanobis; 单变量IQR+3σ; 残差,8.819,60,正常
1713,2024-04-18 03:01:00,2024-04-18 03:02:00,2.0,待机,IsolationForest; Mahalanobis; 单变量IQR+3σ; 残差,2821.085,60,Mahalanobis 距离=2821.1（阈值=18.5）。主要贡献特征：PC2 (73.9%); PC3 (25.8%)。
1714,2024-04-18 03:04:00,2024-04-18 03:06:00,3.0,割煤中位,IsolationForest; Mahalanobis; 单变量IQR+3σ; 残差,1.847,90,正常
1715,2024-04-18 03:08:00,2024-04-18 03:12:00,5.0,割煤中位,IsolationForest; Mahalanobis; 单变量IQR+3σ; 残差,4.122,150,残差异常：采煤机_截割部位_右滚筒_电机_电流 偏高（残差 Z-score=4.1，实际=217.0 vs 预测=73.2）
1716,2024-04-18 03:16:00,2024-04-18 03:16:00,1.0,割煤中位,IsolationForest; Mahalanobis; 单变量IQR+3σ; 残差,1.982,30,正常
1717,2024-04-18 03:20:00,2024-04-18 03:22:00,3.0,割煤中位,IsolationForest; Mahalanobis; 单变量IQR+3σ; 残差,2.414,90,正常
1718,2024-04-18 03:31:00,2024-04-18 03:40:00,10.0,调架中,IsolationForest; Mahalanobis; 单变量IQR+3σ; 残差,4.957,300,残差异常：采煤机_油泵_左电机_电流 偏高（残差 Z-score=5.0，实际=59.0 vs 预测=19.0）
1719,2024-04-18 03:45:00,2024-04-18 03:48:00,4.0,待机,IsolationForest; Mahalanobis; 单变量IQR+3σ; 残差,2068.439,120,Mahalanobis 距离=2068.4（阈值=18.5）。主要贡献特征：PC2 (69.2%); PC3 (30.3%)。
1720,2024-04-18 04:12:00,2024-04-18 04:12:00,1.0,割煤高位,IsolationForest; Mahalanobis; 单变量IQR+3σ; 残差,2.453,30,正常
1721,2024-04-18 04:21:00,2024-04-18 04:21:00,1.0,割煤高位,IsolationForest; Mahalanobis; 单变量IQR+3σ; 残差,4.107,30,正常
1722,2024-04-18 04:25:00,2024-04-18 04:30:00,6.0,调架中,IsolationForest; Mahalanobis; 单变量IQR+3σ; 残差,6.93,180,正常
1723,2024-04-18 04:32:00,2024-04-18 04:32:00,1.0,割煤高位,IsolationForest; Mahalanobis; 单变量IQR+3σ; 残差,1.857,30,正常
1724,2024-04-18 04:37:00,2024-04-18 04:40:00,4.0,割煤中位,IsolationForest; Mahalanobis; 单变量IQR+3σ; 残差,1.575,120,正常
1725,2024-04-18 04:42:00,2024-04-18 04:44:00,3.0,割煤高位,IsolationForest; Mahalanobis; 单变量IQR+3σ; 残差,4.152,90,残差异常：采煤机_截割部位_左滚筒_电机_电流 偏高（残差 Z-score=4.2，实际=248.0 vs 预测=82.4）
1726,2024-04-18 04:49:00,2024-04-18 04:49:00,1.0,割煤高位,IsolationForest; Mahalanobis; 单变量IQR+3σ; 残差,3.083,30,残差异常：采煤机_油泵_右电机_电流 偏高（残差 Z-score=3.1，实际=40.0 vs 预测=17.2）
1727,2024-04-18 04:53:00,2024-04-18 04:56:00,4.0,割煤中位,IsolationForest; Mahalanobis; 单变量IQR+3σ; 残差,5.824,120,残差异常：采煤机_油泵_右电机_电流 偏高（残差 Z-score=5.8，实际=53.0 vs 预测=16.8）
1728,2024-04-18 04:59:00,2024-04-18 05:05:00,7.0,割煤中位,IsolationForest; Mahalanobis; 单变量IQR+3σ; 残差,1.803,210,正常
1729,2024-04-18 05:09:00,2024-04-18 05:13:00,5.0,待机,IsolationForest; Mahalanobis; 单变量IQR+3σ; 残差,2988.504,150,Mahalanobis 距离=2988.5（阈值=18.5）。主要贡献特征：PC2 (63.6%); PC3 (36.1%)。
1730,2024-04-18 05:16:00,2024-04-18 05:16:00,1.0,待机,IsolationForest; Mahalanobis; 单变量IQR+3σ; 残差,11.377,30,正常
1731,2024-04-18 05:18:00,2024-04-18 05:24:00,7.0,割煤中位,IsolationForest; Mahalanobis; 单变量IQR+3σ; 残差,4.117,210,残差异常：采煤机_油泵_左电机_电流 偏高（残差 Z-score=4.1，实际=45.0 vs 预测=16.0）
1732,2024-04-18 05:26:00,2024-04-18 05:35:00,10.0,割煤高位,IsolationForest; Mahalanobis; 单变量IQR+3σ; 残差,6.437,300,残差异常：采煤机_油泵_右电机_电流 偏高（残差 Z-score=6.4，实际=64.0 vs 预测=16.4）
1733,2024-04-18 05:45:00,2024-04-18 05:48:00,4.0,割煤中位,IsolationForest; Mahalanobis; 单变量IQR+3σ; 残差,2.294,120,正常
1734,2024-04-18 05:52:00,2024-04-18 05:52:00,1.0,割煤高位,IsolationForest; Mahalanobis; 单变量IQR+3σ; 残差,5.962,30,正常
1735,2024-04-18 06:05:00,2024-04-18 06:08:00,4.0,待机,IsolationForest; Mahalanobis; 单变量IQR+3σ; 残差,3020.629,120,Mahalanobis 距离=3020.6（阈值=18.5）。主要贡献特征：PC2 (72.7%); PC3 (26.9%)。
1736,2024-04-18 06:11:00,2024-04-18 06:11:00,1.0,割煤中位,IsolationForest; Mahalanobis; 单变量IQR+3σ; 残差,3.457,30,残差异常：采煤机_截割部位_右滚筒_电机_电流 偏高（残差 Z-score=3.5，实际=211.0 vs 预测=90.4）
1737,2024-04-18 06:28:00,2024-04-18 06:28:00,1.0,待机,IsolationForest; Mahalanobis; 单变量IQR+3σ; 残差,3660.367,30,Mahalanobis 距离=3660.4（阈值=18.5）。主要贡献特征：PC2 (55.0%); PC3 (42.3%); PC4 (2.7%)。
1738,2024-04-18 06:32:00,2024-04-18 06:32:00,1.0,割煤中位,IsolationForest; Mahalanobis; 单变量IQR+3σ; 残差,3.31,30,正常
1739,2024-04-18 06:38:00,2024-04-18 06:38:00,1.0,割煤高位,IsolationForest; Mahalanobis; 单变量IQR+3σ; 残差,6.1,30,正常
1740,2024-04-18 06:45:00,2024-04-18 06:45:00,1.0,待机-高位,IsolationForest; Mahalanobis; 单变量IQR+3σ; 残差,2050.123,30,Mahalanobis 距离=2050.1（阈值=18.5）。主要贡献特征：PC2 (63.2%); PC3 (35.4%); PC4 (1.3%)。
1741,2024-04-18 06:49:00,2024-04-18 06:51:00,3.0,待机,IsolationForest; Mahalanobis; 单变量IQR+3σ; 残差,2139.155,90,Mahalanobis 距离=2139.2（阈值=18.5）。主要贡献特征：PC2 (72.4%); PC3 (27.3%)。
1742,2024-04-18 06:53:00,2024-04-18 06:55:00,3.0,待机,IsolationForest; Mahalanobis; 单变量IQR+3σ; 残差,5297.69,90,Mahalanobis 距离=5297.7（阈值=18.5）。主要贡献特征：PC2 (87.8%); PC3 (11.2%); PC4 (1.1%)。
1743,2024-04-18 06:57:00,2024-04-18 06:59:00,3.0,待机,IsolationForest; Mahalanobis; 单变量IQR+3σ; 残差,6188.098,90,Mahalanobis 距离=6188.1（阈值=18.5）。主要贡献特征：PC2 (87.3%); PC3 (11.1%); PC4 (1.7%)。
1744,2024-04-18 07:06:00,2024-04-18 07:12:00,7.0,调架中,IsolationForest; Mahalanobis; 单变量IQR+3σ; 残差,6.073,210,残差异常：采煤机_油泵_左电机_电流 偏高（残差 Z-score=6.1，实际=66.0 vs 预测=17.0）
1745,2024-04-18 07:20:00,2024-04-18 07:23:00,4.0,待机,IsolationForest; Mahalanobis; 单变量IQR+3σ; 残差,3394.455,120,Mahalanobis 距离=3394.5（阈值=18.5）。主要贡献特征：PC2 (73.5%); PC3 (26.2%)。
1746,2024-04-18 07:25:00,2024-04-18 07:25:00,1.0,割煤中位,IsolationForest; Mahalanobis; 单变量IQR+3σ; 残差,5.941,30,正常
1747,2024-04-18 07:45:00,2024-04-18 07:45:00,1.0,割煤高位,IsolationForest; Mahalanobis; 单变量IQR+3σ; 残差,4.057,30,残差异常：采煤机_油泵_右电机_电流 偏高（残差 Z-score=4.1，实际=47.0 vs 预测=17.0）
1748,2024-04-18 07:55:00,2024-04-18 07:56:00,2.0,割煤中位,IsolationForest; Mahalanobis; 单变量IQR+3σ; 残差,2.998,60,单变量异常：采煤机_截割部位_左滚筒_电机_电流（z-score=3.0，实际=226.0，均值=95.5±43.5）
1749,2024-04-18 07:58:00,2024-04-18 07:59:00,2.0,割煤中位,IsolationForest; Mahalanobis; 单变量IQR+3σ; 残差,3.077,60,正常
1750,2024-04-18 08:06:00,2024-04-18 08:13:00,8.0,待机-高位,IsolationForest; Mahalanobis; 单变量IQR+3σ; 残差,3571.694,240,Mahalanobis 距离=3571.7（阈值=18.5）。主要贡献特征：PC2 (75.7%); PC3 (12.4%); PC4 (12.0%)。
1751,2024-04-18 08:19:00,2024-04-18 08:20:00,2.0,割煤中位,IsolationForest; Mahalanobis; 单变量IQR+3σ; 残差,3.176,60,正常
1752,2024-04-18 08:25:00,2024-04-18 08:28:00,4.0,割煤中位,IsolationForest; Mahalanobis; 单变量IQR+3σ; 残差,6.597,120,残差异常：采煤机_油泵_右电机_电流 偏高（残差 Z-score=6.6，实际=58.0 vs 预测=17.0）
1753,2024-04-18 08:43:00,2024-04-18 08:43:00,1.0,待机,IsolationForest; Mahalanobis; 单变量IQR+3σ; 残差,1949.71,30,Mahalanobis 距离=1949.7（阈值=18.5）。主要贡献特征：PC2 (67.4%); PC3 (32.3%)。
1754,2024-04-18 08:47:00,2024-04-18 08:47:00,1.0,割煤中位,IsolationForest; Mahalanobis; 单变量IQR+3σ; 残差,6.248,30,正常
1755,2024-04-18 08:49:00,2024-04-18 08:52:00,4.0,待机,IsolationForest; Mahalanobis; 单变量IQR+3σ; 残差,2447.329,120,Mahalanobis 距离=2447.3（阈值=18.5）。主要贡献特征：PC2 (71.7%); PC3 (27.7%)。
1756,2024-04-18 08:58:00,2024-04-18 09:03:00,6.0,待机,IsolationForest; Mahalanobis; 单变量IQR+3σ; 残差,2175.981,180,Mahalanobis 距离=2176.0（阈值=18.5）。主要贡献特征：PC2 (69.4%); PC3 (30.5%)。
1757,2024-04-18 09:33:00,2024-04-18 09:37:00,5.0,待机,IsolationForest; Mahalanobis; 单变量IQR+3σ; 残差,1275.891,150,Mahalanobis 距离=1275.9（阈值=18.5）。主要贡献特征：PC3 (62.0%); PC2 (21.3%); PC4 (16.7%)。
1758,2024-04-18 14:24:00,2024-04-18 14:25:00,2.0,停机,IsolationForest; Mahalanobis; 单变量IQR+3σ; 残差,4.349,60,正常
1759,2024-04-18 14:27:00,2024-04-18 14:28:00,2.0,停机,IsolationForest; Mahalanobis; 单变量IQR+3σ; 残差,4.086,60,正常
1760,2024-04-18 15:16:00,2024-04-18 15:20:00,5.0,停机,IsolationForest; Mahalanobis; 单变量IQR+3σ; 残差,366.418,150,Mahalanobis 距离=366.4（阈值=18.5）。主要贡献特征：PC3 (49.7%); PC4 (40.3%); PC2 (10.0%)。
1761,2024-04-18 15:31:00,2024-04-18 15:31:00,1.0,待机,IsolationForest; Mahalanobis; 单变量IQR+3σ; 残差,1.673,30,正常
1762,2024-04-18 15:37:00,2024-04-18 15:56:00,20.0,待机,IsolationForest; Mahalanobis; 单变量IQR+3σ; 残差,4092.847,600,Mahalanobis 距离=4092.8（阈值=18.5）。主要贡献特征：PC2 (92.1%); PC4 (7.7%)。
1763,2024-04-18 15:58:00,2024-04-18 15:58:00,1.0,停机,IsolationForest; Mahalanobis; 单变量IQR+3σ; 残差,3.75,30,正常
1764,2024-04-18 16:01:00,2024-04-18 16:06:00,6.0,停机,IsolationForest; Mahalanobis; 单变量IQR+3σ; 残差,1555.206,180,Mahalanobis 距离=1555.2（阈值=18.5）。主要贡献特征：PC2 (63.3%); PC3 (29.8%); PC4 (7.0%)。
1765,2024-04-18 16:08:00,2024-04-18 16:15:00,8.0,待机,IsolationForest; Mahalanobis; 单变量IQR+3σ; 残差,6800.916,240,Mahalanobis 距离=6800.9（阈值=18.5）。主要贡献特征：PC2 (92.6%); PC3 (7.2%)。
1766,2024-04-18 16:19:00,2024-04-18 16:23:00,5.0,停机,IsolationForest; Mahalanobis; 单变量IQR+3σ; 残差,1068.348,150,Mahalanobis 距离=1068.3（阈值=18.5）。主要贡献特征：PC2 (69.8%); PC3 (29.0%); PC4 (1.2%)。
1767,2024-04-18 16:29:00,2024-04-18 16:35:00,7.0,停机,IsolationForest; Mahalanobis; 单变量IQR+3σ; 残差,773.455,210,Mahalanobis 距离=773.5（阈值=18.5）。主要贡献特征：PC2 (58.7%); PC3 (38.2%); PC4 (3.1%)。
1768,2024-04-18 16:37:00,2024-04-18 16:37:00,1.0,割煤中位,IsolationForest; Mahalanobis; 单变量IQR+3σ; 残差,6.555,30,正常
1769,2024-04-18 16:40:00,2024-04-18 16:40:00,1.0,割煤高位,IsolationForest; Mahalanobis; 单变量IQR+3σ; 残差,4.489,30,正常
1770,2024-04-18 16:47:00,2024-04-18 16:47:00,1.0,割煤高位,IsolationForest; Mahalanobis; 单变量IQR+3σ; 残差,4.343,30,正常
1771,2024-04-18 16:56:00,2024-04-18 16:56:00,1.0,调架中,IsolationForest; Mahalanobis; 单变量IQR+3σ; 残差,5.157,30,正常
1772,2024-04-18 16:58:00,2024-04-18 16:58:00,1.0,割煤高位,IsolationForest; Mahalanobis; 单变量IQR+3σ; 残差,5.22,30,正常
1773,2024-04-18 17:01:00,2024-04-18 17:02:00,2.0,割煤中位,IsolationForest; Mahalanobis; 单变量IQR+3σ; 残差,3.828,60,正常
1774,2024-04-18 17:04:00,2024-04-18 17:05:00,2.0,割煤高位,IsolationForest; Mahalanobis; 单变量IQR+3σ; 残差,5.916,60,正常
1775,2024-04-18 17:18:00,2024-04-18 17:18:00,1.0,调架中,IsolationForest; Mahalanobis; 单变量IQR+3σ; 残差,3.254,30,残差异常：采煤机_牵引部位_右电机_电流 偏高（残差 Z-score=3.3，实际=204.0 vs 预测=49.4）
1776,2024-04-18 17:20:00,2024-04-18 17:20:00,1.0,调架中,IsolationForest; Mahalanobis; 单变量IQR+3σ; 残差,3.894,30,正常
1777,2024-04-18 17:24:00,2024-04-18 17:24:00,1.0,割煤中位,IsolationForest; Mahalanobis; 单变量IQR+3σ; 残差,4.842,30,残差异常：采煤机_牵引部位_右电机_电流 偏高（残差 Z-score=4.8，实际=239.0 vs 预测=94.6）
1778,2024-04-18 17:28:00,2024-04-18 17:33:00,6.0,待机,IsolationForest; Mahalanobis; 单变量IQR+3σ; 残差,9590.89,180,Mahalanobis 距离=9590.9（阈值=18.5）。主要贡献特征：PC3 (40.8%); PC2 (33.4%); PC4 (25.8%)。
1779,2024-04-18 17:36:00,2024-04-18 17:37:00,2.0,待机,IsolationForest; Mahalanobis; 单变量IQR+3σ; 残差,15.502,60,正常
1780,2024-04-18 17:39:00,2024-04-18 17:39:00,1.0,割煤高位,IsolationForest; Mahalanobis; 单变量IQR+3σ; 残差,3.319,30,残差异常：采煤机_截割部位_左滚筒_电机_电流 偏高（残差 Z-score=3.3，实际=219.0 vs 预测=86.6）
1781,2024-04-18 17:43:00,2024-04-18 17:43:00,1.0,割煤高位,IsolationForest; Mahalanobis; 单变量IQR+3σ; 残差,4.929,30,正常
1782,2024-04-18 17:45:00,2024-04-18 17:46:00,2.0,待机-高位,IsolationForest; Mahalanobis; 单变量IQR+3σ; 残差,2752.809,60,Mahalanobis 距离=2752.8（阈值=18.5）。主要贡献特征：PC2 (71.5%); PC3 (28.5%)。
1783,2024-04-18 17:49:00,2024-04-18 17:49:00,1.0,待机,IsolationForest; Mahalanobis; 单变量IQR+3σ; 残差,1666.671,30,Mahalanobis 距离=1666.7（阈值=18.5）。主要贡献特征：PC2 (72.0%); PC3 (27.6%)。
1784,2024-04-18 17:55:00,2024-04-18 17:55:00,1.0,割煤高位,IsolationForest; Mahalanobis; 单变量IQR+3σ; 残差,4.517,30,残差异常：采煤机_油泵_右电机_电流 偏高（残差 Z-score=4.5，实际=51.0 vs 预测=17.6）
1785,2024-04-18 18:01:00,2024-04-18 18:01:00,1.0,割煤高位,IsolationForest; Mahalanobis; 单变量IQR+3σ; 残差,4.782,30,正常
1786,2024-04-18 18:06:00,2024-04-18 18:06:00,1.0,割煤中位,IsolationForest; Mahalanobis; 单变量IQR+3σ; 残差,3.044,30,正常
1787,2024-04-18 18:08:00,2024-04-18 18:08:00,1.0,割煤高位,IsolationForest; Mahalanobis; 单变量IQR+3σ; 残差,4.463,30,残差异常：采煤机_油泵_右电机_电流 偏高（残差 Z-score=4.5，实际=51.0 vs 预测=18.0）
1788,2024-04-18 18:22:00,2024-04-18 18:22:00,1.0,割煤中位,IsolationForest; Mahalanobis; 单变量IQR+3σ; 残差,6.211,30,残差异常：采煤机_油泵_右电机_电流 偏高（残差 Z-score=6.2，实际=56.0 vs 预测=17.4）
1789,2024-04-18 18:44:00,2024-04-18 18:47:00,4.0,停机,IsolationForest; Mahalanobis; 单变量IQR+3σ; 残差,269.066,120,Mahalanobis 距离=269.1（阈值=18.5）。主要贡献特征：PC3 (60.9%); PC2 (31.1%); PC4 (8.0%)。
1790,2024-04-18 19:00:00,2024-04-18 19:01:00,2.0,停机,IsolationForest; Mahalanobis; 单变量IQR+3σ; 残差,3.554,60,正常
1791,2024-04-18 19:03:00,2024-04-18 19:04:00,2.0,停机,IsolationForest; Mahalanobis; 单变量IQR+3σ; 残差,12.836,60,残差异常：采煤机_油泵_左电机_电流 偏高（残差 Z-score=12.8，实际=63.0 vs 预测=0.0）
1792,2024-04-18 19:06:00,2024-04-18 19:10:00,5.0,停机,IsolationForest; Mahalanobis; 单变量IQR+3σ; 残差,397.463,150,Mahalanobis 距离=397.5（阈值=18.5）。主要贡献特征：PC2 (64.7%); PC3 (28.8%); PC4 (6.5%)。
1793,2024-04-18 19:13:00,2024-04-18 19:13:00,1.0,割煤中位,IsolationForest; Mahalanobis; 单变量IQR+3σ; 残差,4.795,30,残差异常：采煤机_油泵_右电机_电流 偏高（残差 Z-score=4.8，实际=47.0 vs 预测=17.2）
1794,2024-04-18 19:24:00,2024-04-18 19:25:00,2.0,割煤高位,IsolationForest; Mahalanobis; 单变量IQR+3σ; 残差,4.579,60,正常
1795,2024-04-18 19:37:00,2024-04-18 19:37:00,1.0,割煤中位,IsolationForest; Mahalanobis; 单变量IQR+3σ; 残差,3.33,30,正常
1796,2024-04-18 19:40:00,2024-04-18 19:42:00,3.0,待机,IsolationForest; Mahalanobis; 单变量IQR+3σ; 残差,3326.992,90,Mahalanobis 距离=3327.0（阈值=18.5）。主要贡献特征：PC2 (75.2%); PC3 (24.3%)。
1797,2024-04-18 19:44:00,2024-04-18 19:48:00,5.0,割煤中位,IsolationForest; Mahalanobis; 单变量IQR+3σ; 残差,20.359,150,Mahalanobis 距离=20.4（阈值=18.5）。主要贡献特征：PC2 (72.2%); PC3 (24.2%); PC1 (3.5%)。
1798,2024-04-18 19:51:00,2024-04-18 19:51:00,1.0,割煤中位,IsolationForest; Mahalanobis; 单变量IQR+3σ; 残差,3.33,30,正常
1799,2024-04-18 19:54:00,2024-04-18 19:57:00,4.0,待机-高位,IsolationForest; Mahalanobis; 单变量IQR+3σ; 残差,3054.257,120,Mahalanobis 距离=3054.3（阈值=18.5）。主要贡献特征：PC2 (75.3%); PC3 (24.3%)。
1800,2024-04-18 20:25:00,2024-04-18 20:25:00,1.0,割煤高位,IsolationForest; Mahalanobis; 单变量IQR+3σ; 残差,5.661,30,正常
1801,2024-04-18 20:36:00,2024-04-18 20:36:00,1.0,调架中,IsolationForest; Mahalanobis; 单变量IQR+3σ; 残差,4.685,30,残差异常：采煤机_油泵_左电机_电流 偏高（残差 Z-score=4.7，实际=56.0 vs 预测=18.2）
1802,2024-04-18 20:38:00,2024-04-18 20:39:00,2.0,待机-高位,IsolationForest; Mahalanobis; 单变量IQR+3σ; 残差,1980.465,60,Mahalanobis 距离=1980.5（阈值=18.5）。主要贡献特征：PC2 (65.9%); PC3 (33.7%)。
1803,2024-04-18 20:42:00,2024-04-18 20:42:00,1.0,割煤中位,IsolationForest; Mahalanobis; 单变量IQR+3σ; 残差,2.102,30,正常
1804,2024-04-18 20:46:00,2024-04-18 20:46:00,1.0,待机-高位,IsolationForest; Mahalanobis; 单变量IQR+3σ; 残差,2131.275,30,Mahalanobis 距离=2131.3（阈值=18.5）。主要贡献特征：PC2 (62.9%); PC3 (36.3%)。
1805,2024-04-18 20:53:00,2024-04-18 20:53:00,1.0,割煤高位,IsolationForest; Mahalanobis; 单变量IQR+3σ; 残差,4.544,30,残差异常：采煤机_油泵_右电机_电流 偏高（残差 Z-score=4.5，实际=51.0 vs 预测=17.4）
1806,2024-04-18 21:01:00,2024-04-18 21:03:00,3.0,割煤中位,IsolationForest; Mahalanobis; 单变量IQR+3σ; 残差,2.207,90,正常
1807,2024-04-18 21:12:00,2024-04-18 21:12:00,1.0,割煤高位,IsolationForest; Mahalanobis; 单变量IQR+3σ; 残差,3.75,30,正常
1808,2024-04-18 21:18:00,2024-04-18 21:18:00,1.0,割煤中位,IsolationForest; Mahalanobis; 单变量IQR+3σ; 残差,1.637,30,正常
1809,2024-04-18 21:27:00,2024-04-18 21:27:00,1.0,割煤中位,IsolationForest; Mahalanobis; 单变量IQR+3σ; 残差,2.3,30,正常
1810,2024-04-18 21:32:00,2024-04-18 21:36:00,5.0,待机,IsolationForest; Mahalanobis; 单变量IQR+3σ; 残差,31294.398,150,Mahalanobis 距离=31294.4（阈值=18.5）。主要贡献特征：PC2 (99.7%)。
1811,2024-04-18 21:47:00,2024-04-18 21:47:00,1.0,割煤中位,IsolationForest; Mahalanobis; 单变量IQR+3σ; 残差,7.079,30,残差异常：采煤机_油泵_右电机_电流 偏高（残差 Z-score=7.1，实际=61.0 vs 预测=17.0）
1812,2024-04-18 22:04:00,2024-04-18 22:04:00,1.0,割煤高位,IsolationForest; Mahalanobis; 单变量IQR+3σ; 残差,2.144,30,正常
1813,2024-04-18 22:10:00,2024-04-18 22:10:00,1.0,割煤高位,IsolationForest; Mahalanobis; 单变量IQR+3σ; 残差,4.489,30,正常
1814,2024-04-18 22:22:00,2024-04-18 22:24:00,3.0,割煤高位,IsolationForest; Mahalanobis; 单变量IQR+3σ; 残差,5.097,90,正常
1815,2024-04-18 22:30:00,2024-04-18 22:31:00,2.0,待机-高位,IsolationForest; Mahalanobis; 单变量IQR+3σ; 残差,5107.29,60,Mahalanobis 距离=5107.3（阈值=18.5）。主要贡献特征：PC2 (80.8%); PC3 (18.8%)。
1816,2024-04-18 22:40:00,2024-04-18 22:43:00,4.0,割煤高位,IsolationForest; Mahalanobis; 单变量IQR+3σ; 残差,4.782,120,正常
1817,2024-04-18 22:46:00,2024-04-18 22:46:00,1.0,调架中,IsolationForest; Mahalanobis; 单变量IQR+3σ; 残差,4.016,30,残差异常：采煤机_油泵_左电机_电流 偏高（残差 Z-score=4.0，实际=49.0 vs 预测=16.6）
1818,2024-04-18 22:50:00,2024-04-18 22:50:00,1.0,待机-高位,IsolationForest; Mahalanobis; 单变量IQR+3σ; 残差,1656.993,30,Mahalanobis 距离=1657.0（阈值=18.5）。主要贡献特征：PC2 (65.4%); PC3 (34.2%)。
1819,2024-04-18 22:53:00,2024-04-18 22:53:00,1.0,待机-高位,IsolationForest; Mahalanobis; 单变量IQR+3σ; 残差,1968.688,30,Mahalanobis 距离=1968.7（阈值=18.5）。主要贡献特征：PC2 (68.6%); PC3 (31.2%)。
1820,2024-04-18 22:56:00,2024-04-18 22:58:00,3.0,割煤中位,IsolationForest; Mahalanobis; 单变量IQR+3σ; 残差,1.643,90,正常
1821,2024-04-18 23:09:00,2024-04-18 23:09:00,1.0,调架中,IsolationForest; Mahalanobis; 单变量IQR+3σ; 残差,5.354,30,正常
1822,2024-04-18 23:16:00,2024-04-18 23:17:00,2.0,待机,IsolationForest; Mahalanobis; 单变量IQR+3σ; 残差,2523.043,60,Mahalanobis 距离=2523.0（阈值=18.5）。主要贡献特征：PC2 (62.6%); PC3 (37.2%)。
1823,2024-04-18 23:22:00,2024-04-18 23:25:00,4.0,待机-高位,IsolationForest; Mahalanobis; 单变量IQR+3σ; 残差,1327.319,120,Mahalanobis 距离=1327.3（阈值=18.5）。主要贡献特征：PC2 (60.9%); PC3 (39.0%)。
1824,2024-04-19 00:24:00,2024-04-19 00:24:00,1.0,待机-高位,IsolationForest; Mahalanobis; 单变量IQR+3σ; 残差,12.216,30,正常
1825,2024-04-19 00:27:00,2024-04-19 00:33:00,7.0,割煤高位,IsolationForest; Mahalanobis; 单变量IQR+3σ; 残差,4.343,210,正常
1826,2024-04-19 00:35:00,2024-04-19 00:49:00,15.0,割煤中位,IsolationForest; Mahalanobis; 单变量IQR+3σ; 残差,2.837,450,正常
1827,2024-04-19 00:51:00,2024-04-19 00:51:00,1.0,待机-高位,IsolationForest; Mahalanobis; 单变量IQR+3σ; 残差,1595.322,30,Mahalanobis 距离=1595.3（阈值=18.5）。主要贡献特征：PC2 (65.5%); PC3 (34.5%)。
1828,2024-04-19 00:56:00,2024-04-19 00:57:00,2.0,待机,IsolationForest; Mahalanobis; 单变量IQR+3σ; 残差,3011.521,60,Mahalanobis 距离=3011.5（阈值=18.5）。主要贡献特征：PC2 (79.7%); PC3 (19.8%)。
1829,2024-04-19 01:01:00,2024-04-19 01:02:00,2.0,待机,IsolationForest; Mahalanobis; 单变量IQR+3σ; 残差,3397.933,60,Mahalanobis 距离=3397.9（阈值=18.5）。主要贡献特征：PC2 (88.9%); PC3 (10.4%)。
1830,2024-04-19 01:04:00,2024-04-19 01:07:00,4.0,割煤中位,IsolationForest; Mahalanobis; 单变量IQR+3σ; 残差,2.797,120,正常
1831,2024-04-19 01:09:00,2024-04-19 01:12:00,4.0,割煤中位,IsolationForest; Mahalanobis; 单变量IQR+3σ; 残差,2.582,120,正常
1832,2024-04-19 01:14:00,2024-04-19 01:22:00,9.0,待机,IsolationForest; Mahalanobis; 单变量IQR+3σ; 残差,3254.431,270,Mahalanobis 距离=3254.4（阈值=18.5）。主要贡献特征：PC2 (76.5%); PC3 (22.8%)。
1833,2024-04-19 01:24:00,2024-04-19 01:40:00,17.0,待机-高位,IsolationForest; Mahalanobis; 单变量IQR+3σ; 残差,2897.577,510,Mahalanobis 距离=2897.6（阈值=18.5）。主要贡献特征：PC2 (72.4%); PC3 (27.3%)。
1834,2024-04-19 01:49:00,2024-04-19 01:49:00,1.0,割煤中位,IsolationForest; Mahalanobis; 单变量IQR+3σ; 残差,2.832,30,正常
1835,2024-04-19 01:52:00,2024-04-19 01:56:00,5.0,割煤中位,IsolationForest; Mahalanobis; 单变量IQR+3σ; 残差,3.207,150,正常
1836,2024-04-19 01:58:00,2024-04-19 01:59:00,2.0,割煤中位,IsolationForest; Mahalanobis; 单变量IQR+3σ; 残差,4.204,60,正常
1837,2024-04-19 02:16:00,2024-04-19 02:18:00,3.0,割煤中位,IsolationForest; Mahalanobis; 单变量IQR+3σ; 残差,1.898,90,正常
1838,2024-04-19 02:20:00,2024-04-19 02:20:00,1.0,割煤高位,IsolationForest; Mahalanobis; 单变量IQR+3σ; 残差,4.057,30,残差异常：采煤机_油泵_右电机_电流 偏高（残差 Z-score=4.1，实际=47.0 vs 预测=17.0）
1839,2024-04-19 02:30:00,2024-04-19 02:33:00,4.0,割煤中位,IsolationForest; Mahalanobis; 单变量IQR+3σ; 残差,1.749,120,正常
1840,2024-04-19 02:38:00,2024-04-19 02:46:00,9.0,割煤中位,IsolationForest; Mahalanobis; 单变量IQR+3σ; 残差,3.227,270,正常
1841,2024-04-19 02:48:00,2024-04-19 02:50:00,3.0,割煤中位,IsolationForest; Mahalanobis; 单变量IQR+3σ; 残差,1.654,90,正常
1842,2024-04-19 02:53:00,2024-04-19 02:55:00,3.0,待机-高位,IsolationForest; Mahalanobis; 单变量IQR+3σ; 残差,3344.169,90,Mahalanobis 距离=3344.2（阈值=18.5）。主要贡献特征：PC2 (70.7%); PC3 (29.2%)。
1843,2024-04-19 03:00:00,2024-04-19 03:00:00,1.0,割煤中位,IsolationForest; Mahalanobis; 单变量IQR+3σ; 残差,2.607,30,正常
1844,2024-04-19 03:02:00,2024-04-19 03:07:00,6.0,调架中,IsolationForest; Mahalanobis; 单变量IQR+3σ; 残差,3.197,180,残差异常：采煤机_油泵_左电机_电流 偏高（残差 Z-score=3.2，实际=42.0 vs 预测=16.2）
1845,2024-04-19 03:13:00,2024-04-19 03:15:00,3.0,割煤中位,IsolationForest; Mahalanobis; 单变量IQR+3σ; 残差,1.393,90,正常
1846,2024-04-19 03:21:00,2024-04-19 03:23:00,3.0,割煤中位,IsolationForest; Mahalanobis; 单变量IQR+3σ; 残差,1.683,90,正常
1847,2024-04-19 03:25:00,2024-04-19 03:30:00,6.0,割煤中位,IsolationForest; Mahalanobis; 单变量IQR+3σ; 残差,7.476,180,单变量异常：采煤机_油泵_左电机_电流（z-score=7.5，实际=67.0，均值=18.3±6.5）
1848,2024-04-19 03:37:00,2024-04-19 03:37:00,1.0,割煤中位,IsolationForest; Mahalanobis; 单变量IQR+3σ; 残差,1.546,30,正常
1849,2024-04-19 03:51:00,2024-04-19 03:53:00,3.0,割煤中位,IsolationForest; Mahalanobis; 单变量IQR+3σ; 残差,3.124,90,正常
1850,2024-04-19 03:55:00,2024-04-19 04:05:00,11.0,割煤中位,IsolationForest; Mahalanobis; 单变量IQR+3σ; 残差,4.622,330,正常
1851,2024-04-19 04:07:00,2024-04-19 04:07:00,1.0,割煤中位,IsolationForest; Mahalanobis; 单变量IQR+3σ; 残差,1.821,30,正常
1852,2024-04-19 04:10:00,2024-04-19 04:10:00,1.0,割煤低位,IsolationForest; Mahalanobis; 单变量IQR+3σ; 残差,5.09,30,正常
1853,2024-04-19 04:15:00,2024-04-19 04:15:00,1.0,割煤高位,IsolationForest; Mahalanobis; 单变量IQR+3σ; 残差,4.196,30,正常
1854,2024-04-19 04:27:00,2024-04-19 04:31:00,5.0,割煤中位,IsolationForest; Mahalanobis; 单变量IQR+3σ; 残差,6.072,150,残差异常：采煤机_截割部位_左滚筒_电机_电流 偏高（残差 Z-score=6.1，实际=357.0 vs 预测=101.8）
1855,2024-04-19 04:36:00,2024-04-19 04:36:00,1.0,割煤中位,IsolationForest; Mahalanobis; 单变量IQR+3σ; 残差,1.309,30,正常
1856,2024-04-19 04:46:00,2024-04-19 04:47:00,2.0,待机-高位,IsolationForest; Mahalanobis; 单变量IQR+3σ; 残差,2283.895,60,Mahalanobis 距离=2283.9（阈值=18.5）。主要贡献特征：PC2 (65.0%); PC3 (34.7%)。
1857,2024-04-19 04:51:00,2024-04-19 04:55:00,5.0,待机,IsolationForest; Mahalanobis; 单变量IQR+3σ; 残差,3394.875,150,Mahalanobis 距离=3394.9（阈值=18.5）。主要贡献特征：PC2 (61.5%); PC3 (38.2%)。
1858,2024-04-19 04:57:00,2024-04-19 04:57:00,1.0,割煤中位,IsolationForest; Mahalanobis; 单变量IQR+3σ; 残差,3.287,30,正常
1859,2024-04-19 05:00:00,2024-04-19 05:00:00,1.0,割煤高位,IsolationForest; Mahalanobis; 单变量IQR+3σ; 残差,1.715,30,正常
1860,2024-04-19 05:14:00,2024-04-19 05:16:00,3.0,割煤中位,IsolationForest; Mahalanobis; 单变量IQR+3σ; 残差,5.471,90,残差异常：采煤机_油泵_右电机_电流 偏高（残差 Z-score=5.5，实际=51.0 vs 预测=17.0）
1861,2024-04-19 05:22:00,2024-04-19 05:22:00,1.0,割煤高位,IsolationForest; Mahalanobis; 单变量IQR+3σ; 残差,4.084,30,残差异常：采煤机_油泵_右电机_电流 偏高（残差 Z-score=4.1，实际=48.0 vs 预测=17.8）
1862,2024-04-19 05:24:00,2024-04-19 05:24:00,1.0,割煤低位,IsolationForest; Mahalanobis; 单变量IQR+3σ; 残差,6.555,30,残差异常：采煤机_截割部位_右滚筒_电机_电流 偏高（残差 Z-score=6.6，实际=166.0 vs 预测=85.2）
1863,2024-04-19 05:29:00,2024-04-19 05:29:00,1.0,割煤中位,IsolationForest; Mahalanobis; 单变量IQR+3σ; 残差,5.792,30,残差异常：采煤机_油泵_右电机_电流 偏高（残差 Z-score=5.8，实际=53.0 vs 预测=17.0）
1864,2024-04-19 05:34:00,2024-04-19 05:35:00,2.0,割煤低位,IsolationForest; Mahalanobis; 单变量IQR+3σ; 残差,6.674,60,正常
1865,2024-04-19 05:39:00,2024-04-19 05:41:00,3.0,待机-高位,IsolationForest; Mahalanobis; 单变量IQR+3σ; 残差,2018.146,90,Mahalanobis 距离=2018.1（阈值=18.5）。主要贡献特征：PC2 (65.3%); PC3 (34.4%)。
1866,2024-04-19 05:44:00,2024-04-19 05:46:00,3.0,割煤中位,IsolationForest; Mahalanobis; 单变量IQR+3σ; 残差,1.546,90,正常
1867,2024-04-19 05:49:00,2024-04-19 05:53:00,5.0,待机-高位,IsolationForest; Mahalanobis; 单变量IQR+3σ; 残差,1577.319,150,Mahalanobis 距离=1577.3（阈值=18.5）。主要贡献特征：PC2 (62.7%); PC3 (36.3%)。
1868,2024-04-19 05:58:00,2024-04-19 05:58:00,1.0,割煤高位,IsolationForest; Mahalanobis; 单变量IQR+3σ; 残差,3.465,30,正常
1869,2024-04-19 06:00:00,2024-04-19 06:00:00,1.0,割煤中位,IsolationForest; Mahalanobis; 单变量IQR+3σ; 残差,1.803,30,正常
1870,2024-04-19 06:15:00,2024-04-19 06:15:00,1.0,待机-高位,IsolationForest; Mahalanobis; 单变量IQR+3σ; 残差,3825.984,30,Mahalanobis 距离=3826.0（阈值=18.5）。主要贡献特征：PC2 (75.7%); PC3 (24.0%)。
1871,2024-04-19 06:18:00,2024-04-19 06:23:00,6.0,割煤中位,IsolationForest; Mahalanobis; 单变量IQR+3σ; 残差,4.572,180,残差异常：采煤机_油泵_左电机_电流 偏高（残差 Z-score=4.6，实际=48.0 vs 预测=15.8）
1872,2024-04-19 06:33:00,2024-04-19 06:34:00,2.0,待机,IsolationForest; Mahalanobis; 单变量IQR+3σ; 残差,5486.95,60,Mahalanobis 距离=5486.9（阈值=18.5）。主要贡献特征：PC2 (85.1%); PC3 (14.1%)。
1873,2024-04-19 06:36:00,2024-04-19 06:37:00,2.0,割煤高位,IsolationForest; Mahalanobis; 单变量IQR+3σ; 残差,3.7,60,残差异常：采煤机_牵引部位_右电机_电流 偏高（残差 Z-score=3.7，实际=230.0 vs 预测=116.8）
1874,2024-04-19 06:39:00,2024-04-19 06:42:00,4.0,割煤中位,IsolationForest; Mahalanobis; 单变量IQR+3σ; 残差,3.079,120,残差异常：采煤机_截割部位_左滚筒_电机_电流 偏高（残差 Z-score=3.1，实际=209.0 vs 预测=79.6）
1875,2024-04-19 06:46:00,2024-04-19 06:46:00,1.0,割煤高位,IsolationForest; Mahalanobis; 单变量IQR+3σ; 残差,3.903,30,正常
1876,2024-04-19 06:59:00,2024-04-19 07:01:00,3.0,割煤高位,IsolationForest; Mahalanobis; 单变量IQR+3σ; 残差,3.076,90,单变量异常：采煤机_截割部位_左滚筒_电机_电流（z-score=3.1，实际=226.0，均值=98.4±41.5）
1877,2024-04-19 07:21:00,2024-04-19 07:22:00,2.0,割煤中位,IsolationForest; Mahalanobis; 单变量IQR+3σ; 残差,4.056,60,残差异常：采煤机_破碎机_电机_电流 偏高（残差 Z-score=4.1，实际=45.0 vs 预测=0.0）
1878,2024-04-19 07:24:00,2024-04-19 07:24:00,1.0,割煤中位,IsolationForest; Mahalanobis; 单变量IQR+3σ; 残差,2.283,30,正常
1879,2024-04-19 07:29:00,2024-04-19 07:29:00,1.0,割煤中位,IsolationForest; Mahalanobis; 单变量IQR+3σ; 残差,1.957,30,正常
1880,2024-04-19 07:31:00,2024-04-19 07:33:00,3.0,割煤中位,IsolationForest; Mahalanobis; 单变量IQR+3σ; 残差,1.957,90,正常
1881,2024-04-19 07:35:00,2024-04-19 07:36:00,2.0,待机-高位,IsolationForest; Mahalanobis; 单变量IQR+3σ; 残差,1291.948,60,Mahalanobis 距离=1291.9（阈值=18.5）。主要贡献特征：PC2 (56.0%); PC3 (44.0%)。
1882,2024-04-19 07:38:00,2024-04-19 07:40:00,3.0,割煤中位,IsolationForest; Mahalanobis; 单变量IQR+3σ; 残差,2.856,90,单变量异常：采煤机_截割部位_左滚筒_电机_温度（z-score=2.9，实际=91.0，均值=71.9±6.7）
1883,2024-04-19 07:42:00,2024-04-19 07:44:00,3.0,割煤中位,IsolationForest; Mahalanobis; 单变量IQR+3σ; 残差,2.669,90,正常
1884,2024-04-19 07:49:00,2024-04-19 07:49:00,1.0,调架中,IsolationForest; Mahalanobis; 单变量IQR+3σ; 残差,3.371,30,残差异常：采煤机_牵引部位_右电机_电流 偏高（残差 Z-score=3.4，实际=190.0 vs 预测=29.8）
1885,2024-04-19 07:53:00,2024-04-19 07:53:00,1.0,割煤低位,IsolationForest; Mahalanobis; 单变量IQR+3σ; 残差,12.498,30,残差异常：采煤机_破碎机_电机_电流 偏高（残差 Z-score=12.5，实际=20.0 vs 预测=0.0）
1886,2024-04-19 07:59:00,2024-04-19 07:59:00,1.0,割煤中位,IsolationForest; Mahalanobis; 单变量IQR+3σ; 残差,3.791,30,正常
1887,2024-04-19 08:03:00,2024-04-19 08:03:00,1.0,割煤中位,IsolationForest; Mahalanobis; 单变量IQR+3σ; 残差,6.094,30,正常
1888,2024-04-19 08:09:00,2024-04-19 08:09:00,1.0,割煤中位,IsolationForest; Mahalanobis; 单变量IQR+3σ; 残差,5.941,30,正常
1889,2024-04-19 08:24:00,2024-04-19 08:26:00,3.0,待机-高位,IsolationForest; Mahalanobis; 单变量IQR+3σ; 残差,3003.587,90,Mahalanobis 距离=3003.6（阈值=18.5）。主要贡献特征：PC2 (71.2%); PC3 (28.1%)。
1890,2024-04-19 08:28:00,2024-04-19 08:28:00,1.0,待机,IsolationForest; Mahalanobis; 单变量IQR+3σ; 残差,2554.37,30,Mahalanobis 距离=2554.4（阈值=18.5）。主要贡献特征：PC2 (91.5%); PC4 (6.4%); PC3 (2.1%)。
1891,2024-04-19 08:33:00,2024-04-19 08:33:00,1.0,调架中,IsolationForest; Mahalanobis; 单变量IQR+3σ; 残差,3.111,30,残差异常：采煤机_牵引部位_右电机_电流 偏高（残差 Z-score=3.1，实际=168.0 vs 预测=20.2）
1892,2024-04-19 08:38:00,2024-04-19 08:53:00,16.0,待机,IsolationForest; Mahalanobis; 单变量IQR+3σ; 残差,2247.037,480,Mahalanobis 距离=2247.0（阈值=18.5）。主要贡献特征：PC3 (60.9%); PC2 (24.1%); PC4 (15.0%)。
1893,2024-04-19 09:41:00,2024-04-19 09:52:00,12.0,停机,IsolationForest; Mahalanobis; 单变量IQR+3σ; 残差,724.945,360,Mahalanobis 距离=724.9（阈值=18.5）。主要贡献特征：PC3 (51.0%); PC4 (37.1%); PC2 (11.9%)。
1894,2024-04-19 09:54:00,2024-04-19 09:54:00,1.0,停机,IsolationForest; Mahalanobis; 单变量IQR+3σ; 残差,2.668,30,正常
1895,2024-04-19 10:09:00,2024-04-19 10:15:00,7.0,停机,IsolationForest; Mahalanobis; 单变量IQR+3σ; 残差,217.971,210,Mahalanobis 距离=218.0（阈值=18.5）。主要贡献特征：PC3 (51.2%); PC4 (35.7%); PC2 (13.0%)。
1896,2024-04-19 10:37:00,2024-04-19 10:42:00,6.0,停机,IsolationForest; Mahalanobis; 单变量IQR+3σ; 残差,301.846,180,Mahalanobis 距离=301.8（阈值=18.5）。主要贡献特征：PC3 (51.0%); PC4 (36.4%); PC2 (12.6%)。
1897,2024-04-19 10:47:00,2024-04-19 10:47:00,1.0,停机,IsolationForest; Mahalanobis; 单变量IQR+3σ; 残差,4.448,30,残差异常：采煤机_油泵_右电机_电流 偏高（残差 Z-score=4.4，实际=22.0 vs 预测=0.0）
1898,2024-04-19 10:50:00,2024-04-19 10:50:00,1.0,停机,IsolationForest; Mahalanobis; 单变量IQR+3σ; 残差,3.95,30,正常
1899,2024-04-19 10:52:00,2024-04-19 10:57:00,6.0,停机,IsolationForest; Mahalanobis; 单变量IQR+3σ; 残差,158.985,180,Mahalanobis 距离=159.0（阈值=18.5）。主要贡献特征：PC3 (52.3%); PC4 (33.5%); PC2 (14.2%)。
1900,2024-04-19 11:00:00,2024-04-19 11:00:00,1.0,停机,IsolationForest; Mahalanobis; 单变量IQR+3σ; 残差,3.95,30,正常
1901,2024-04-19 11:10:00,2024-04-19 11:11:00,2.0,停机,IsolationForest; Mahalanobis; 单变量IQR+3σ; 残差,4.246,60,残差异常：采煤机_油泵_右电机_电流 偏高（残差 Z-score=4.2，实际=21.0 vs 预测=0.0）
1902,2024-04-19 11:23:00,2024-04-19 11:24:00,2.0,停机,IsolationForest; Mahalanobis; 单变量IQR+3σ; 残差,4.246,60,残差异常：采煤机_油泵_右电机_电流 偏高（残差 Z-score=4.2，实际=21.0 vs 预测=0.0）
1903,2024-04-19 11:53:00,2024-04-19 11:55:00,3.0,停机,IsolationForest; Mahalanobis; 单变量IQR+3σ; 残差,4.448,90,残差异常：采煤机_油泵_右电机_电流 偏高（残差 Z-score=4.4，实际=22.0 vs 预测=0.0）
1904,2024-04-19 12:16:00,2024-04-19 12:19:00,4.0,停机,IsolationForest; Mahalanobis; 单变量IQR+3σ; 残差,7.925,120,正常
1905,2024-04-19 12:47:00,2024-04-19 12:55:00,9.0,停机,IsolationForest; Mahalanobis; 单变量IQR+3σ; 残差,303.877,270,Mahalanobis 距离=303.9（阈值=18.5）。主要贡献特征：PC3 (51.4%); PC4 (35.9%); PC2 (12.7%)。
1906,2024-04-19 12:59:00,2024-04-19 13:04:00,6.0,停机,IsolationForest; Mahalanobis; 单变量IQR+3σ; 残差,140.343,180,Mahalanobis 距离=140.3（阈值=18.5）。主要贡献特征：PC3 (51.5%); PC4 (35.2%); PC2 (13.4%)。
1907,2024-04-19 13:16:00,2024-04-19 13:21:00,6.0,停机,IsolationForest; Mahalanobis; 单变量IQR+3σ; 残差,188.262,180,Mahalanobis 距离=188.3（阈值=18.5）。主要贡献特征：PC3 (51.5%); PC4 (35.6%); PC2 (13.0%)。
1908,2024-04-19 13:25:00,2024-04-19 13:32:00,8.0,停机,IsolationForest; Mahalanobis; 单变量IQR+3σ; 残差,6.47,240,残差异常：采煤机_油泵_右电机_电流 偏高（残差 Z-score=6.5，实际=32.0 vs 预测=0.0）
1909,2024-04-19 13:36:00,2024-04-19 13:49:00,14.0,停机,IsolationForest; Mahalanobis; 单变量IQR+3σ; 残差,132.277,420,Mahalanobis 距离=132.3（阈值=18.5）。主要贡献特征：PC3 (51.9%); PC4 (34.6%); PC2 (13.5%)。
1910,2024-04-19 13:54:00,2024-04-19 13:58:00,5.0,停机,IsolationForest; Mahalanobis; 单变量IQR+3σ; 残差,133.533,150,Mahalanobis 距离=133.5（阈值=18.5）。主要贡献特征：PC3 (52.9%); PC4 (32.7%); PC2 (14.5%)。
1911,2024-04-19 14:00:00,2024-04-19 14:00:00,1.0,停机,IsolationForest; Mahalanobis; 单变量IQR+3σ; 残差,4.0,30,正常
1912,2024-04-19 14:02:00,2024-04-19 14:04:00,3.0,停机,IsolationForest; Mahalanobis; 单变量IQR+3σ; 残差,4.149,90,单变量异常：采煤机_油泵_右电机_电流（z-score=4.1，实际=22.0，均值=1.2±5.0）
1913,2024-04-19 14:06:00,2024-04-19 14:38:00,33.0,待机,IsolationForest; Mahalanobis; 单变量IQR+3σ; 残差,24.46,990,Mahalanobis 距离=24.5（阈值=18.5）。主要贡献特征：PC3 (53.0%); PC2 (44.9%); PC4 (2.1%)。
1914,2024-04-19 14:56:00,2024-04-19 15:01:00,6.0,停机,IsolationForest; Mahalanobis; 单变量IQR+3σ; 残差,425.021,180,Mahalanobis 距离=425.0（阈值=18.5）。主要贡献特征：PC3 (50.7%); PC4 (37.5%); PC2 (11.8%)。
1915,2024-04-19 15:21:00,2024-04-19 15:21:00,1.0,停机,IsolationForest; Mahalanobis; 单变量IQR+3σ; 残差,4.448,30,残差异常：采煤机_油泵_右电机_电流 偏高（残差 Z-score=4.4，实际=22.0 vs 预测=0.0）
1916,2024-04-19 16:01:00,2024-04-19 16:10:00,10.0,待机,IsolationForest; Mahalanobis; 单变量IQR+3σ; 残差,13510.038,300,Mahalanobis 距离=13510.0（阈值=18.5）。主要贡献特征：PC2 (40.4%); PC4 (32.5%); PC3 (27.1%)。
1917,2024-04-19 16:12:00,2024-04-19 16:21:00,10.0,待机,IsolationForest; Mahalanobis; 单变量IQR+3σ; 残差,16.973,300,正常
1918,2024-04-19 17:09:00,2024-04-19 17:30:00,22.0,割煤中位,IsolationForest; Mahalanobis; 单变量IQR+3σ; 残差,4.405,660,单变量异常：采煤机_油泵_左电机_电流（z-score=4.4，实际=47.0，均值=18.3±6.5）
1919,2024-04-19 17:32:00,2024-04-19 17:37:00,6.0,割煤高位,IsolationForest; Mahalanobis; 单变量IQR+3σ; 残差,4.592,180,正常
1920,2024-04-19 17:41:00,2024-04-19 17:41:00,1.0,调架中,IsolationForest; Mahalanobis; 单变量IQR+3σ; 残差,3.335,30,残差异常：采煤机_截割部位_右滚筒_电机_温度 偏高（残差 Z-score=3.3，实际=64.0 vs 预测=51.8）
1921,2024-04-19 17:43:00,2024-04-19 17:43:00,1.0,割煤高位,IsolationForest; Mahalanobis; 单变量IQR+3σ; 残差,6.275,30,残差异常：采煤机_油泵_右电机_电流 偏高（残差 Z-score=6.3，实际=64.0 vs 预测=17.6）
1922,2024-04-19 17:46:00,2024-04-19 17:48:00,3.0,割煤中位,IsolationForest; Mahalanobis; 单变量IQR+3σ; 残差,6.673,90,残差异常：采煤机_截割部位_右滚筒_电机_温度 偏高（残差 Z-score=6.7，实际=65.0 vs 预测=49.6）
1923,2024-04-19 17:52:00,2024-04-19 17:52:00,1.0,割煤高位,IsolationForest; Mahalanobis; 单变量IQR+3σ; 残差,4.489,30,正常
1924,2024-04-19 17:58:00,2024-04-19 18:01:00,4.0,割煤中位,IsolationForest; Mahalanobis; 单变量IQR+3σ; 残差,6.862,120,单变量异常：采煤机_油泵_左电机_电流（z-score=6.9，实际=63.0，均值=18.3±6.5）
1925,2024-04-19 18:04:00,2024-04-19 18:04:00,1.0,割煤中位,IsolationForest; Mahalanobis; 单变量IQR+3σ; 残差,4.078,30,残差异常：采煤机_截割部位_左滚筒_电机_电流 偏高（残差 Z-score=4.1，实际=256.0 vs 预测=84.6）
1926,2024-04-19 18:20:00,2024-04-19 18:20:00,1.0,割煤高位,IsolationForest; Mahalanobis; 单变量IQR+3σ; 残差,6.247,30,正常
1927,2024-04-19 18:22:00,2024-04-19 18:22:00,1.0,割煤中位,IsolationForest; Mahalanobis; 单变量IQR+3σ; 残差,6.146,30,残差异常：采煤机_油泵_右电机_电流 偏高（残差 Z-score=6.1，实际=56.0 vs 预测=17.8）
1928,2024-04-19 18:55:00,2024-04-19 18:59:00,5.0,待机,IsolationForest; Mahalanobis; 单变量IQR+3σ; 残差,6560.862,150,Mahalanobis 距离=6560.9（阈值=18.5）。主要贡献特征：PC2 (89.0%); PC3 (10.8%)。
1929,2024-04-19 19:14:00,2024-04-19 19:14:00,1.0,待机,IsolationForest; Mahalanobis; 单变量IQR+3σ; 残差,14.355,30,正常
1930,2024-04-19 19:16:00,2024-04-19 19:17:00,2.0,调架中,IsolationForest; Mahalanobis; 单变量IQR+3σ; 残差,4.022,60,正常
1931,2024-04-19 19:19:00,2024-04-19 19:24:00,6.0,待机,IsolationForest; Mahalanobis; 单变量IQR+3σ; 残差,3818.079,180,Mahalanobis 距离=3818.1（阈值=18.5）。主要贡献特征：PC2 (83.6%); PC3 (16.4%)。
1932,2024-04-19 19:27:00,2024-04-19 19:27:00,1.0,割煤中位,IsolationForest; Mahalanobis; 单变量IQR+3σ; 残差,3.384,30,正常
1933,2024-04-19 19:36:00,2024-04-19 19:39:00,4.0,待机,IsolationForest; Mahalanobis; 单变量IQR+3σ; 残差,3345.14,120,Mahalanobis 距离=3345.1（阈值=18.5）。主要贡献特征：PC2 (80.7%); PC3 (19.1%)。
1934,2024-04-19 19:43:00,2024-04-19 19:46:00,4.0,待机,IsolationForest; Mahalanobis; 单变量IQR+3σ; 残差,3682.284,120,Mahalanobis 距离=3682.3（阈值=18.5）。主要贡献特征：PC2 (88.7%); PC4 (10.2%); PC3 (1.1%)。
1935,2024-04-19 19:56:00,2024-04-19 19:57:00,2.0,停机,IsolationForest; Mahalanobis; 单变量IQR+3σ; 残差,2.021,60,正常
1936,2024-04-19 20:15:00,2024-04-19 20:18:00,4.0,待机,IsolationForest; Mahalanobis; 单变量IQR+3σ; 残差,2518.148,120,Mahalanobis 距离=2518.1（阈值=18.5）。主要贡献特征：PC2 (88.6%); PC4 (10.7%)。
1937,2024-04-19 20:31:00,2024-04-19 20:35:00,5.0,停机,IsolationForest; Mahalanobis; 单变量IQR+3σ; 残差,4.044,150,残差异常：采煤机_油泵_右电机_电流 偏高（残差 Z-score=4.0，实际=20.0 vs 预测=0.0）
1938,2024-04-19 20:56:00,2024-04-19 20:57:00,2.0,停机,IsolationForest; Mahalanobis; 单变量IQR+3σ; 残差,847.067,60,Mahalanobis 距离=847.1（阈值=18.5）。主要贡献特征：PC2 (62.8%); PC3 (36.5%)。
1939,2024-04-19 21:02:00,2024-04-19 21:02:00,1.0,割煤中位,IsolationForest; Mahalanobis; 单变量IQR+3σ; 残差,6.48,30,正常
1940,2024-04-19 21:18:00,2024-04-19 21:20:00,3.0,割煤高位,IsolationForest; Mahalanobis; 单变量IQR+3σ; 残差,5.486,90,正常
1941,2024-04-19 21:27:00,2024-04-19 21:28:00,2.0,割煤高位,IsolationForest; Mahalanobis; 单变量IQR+3σ; 残差,5.368,60,正常
1942,2024-04-19 21:30:00,2024-04-19 21:30:00,1.0,割煤高位,IsolationForest; Mahalanobis; 单变量IQR+3σ; 残差,4.929,30,正常
1943,2024-04-19 21:38:00,2024-04-19 21:38:00,1.0,割煤中位,IsolationForest; Mahalanobis; 单变量IQR+3σ; 残差,3.997,30,残差异常：采煤机_截割部位_左滚筒_电机_电流 偏高（残差 Z-score=4.0，实际=238.0 vs 预测=70.0）
1944,2024-04-19 21:50:00,2024-04-19 21:53:00,4.0,割煤中位,IsolationForest; Mahalanobis; 单变量IQR+3σ; 残差,4.882,120,单变量异常：采煤机_截割部位_左滚筒_电机_电流（z-score=4.9，实际=308.0，均值=95.5±43.5）
1945,2024-04-19 22:01:00,2024-04-19 22:01:00,1.0,待机-高位,IsolationForest; Mahalanobis; 单变量IQR+3σ; 残差,4053.978,30,Mahalanobis 距离=4054.0（阈值=18.5）。主要贡献特征：PC2 (72.2%); PC3 (27.8%)。
1946,2024-04-19 22:08:00,2024-04-19 22:09:00,2.0,待机-高位,IsolationForest; Mahalanobis; 单变量IQR+3σ; 残差,3285.834,60,Mahalanobis 距离=3285.8（阈值=18.5）。主要贡献特征：PC2 (93.4%); PC4 (4.6%); PC3 (2.0%)。
1947,2024-04-19 22:14:00,2024-04-19 22:15:00,2.0,割煤中位,IsolationForest; Mahalanobis; 单变量IQR+3σ; 残差,2.333,60,正常
1948,2024-04-19 22:27:00,2024-04-19 22:27:00,1.0,调架中,IsolationForest; Mahalanobis; 单变量IQR+3σ; 残差,6.93,30,正常
1949,2024-04-19 22:34:00,2024-04-19 22:34:00,1.0,调架中,IsolationForest; Mahalanobis; 单变量IQR+3σ; 残差,3.545,30,残差异常：采煤机_油泵_左电机_电流 偏高（残差 Z-score=3.5，实际=45.0 vs 预测=16.4）
1950,2024-04-19 22:41:00,2024-04-19 22:41:00,1.0,割煤中位,IsolationForest; Mahalanobis; 单变量IQR+3σ; 残差,5.792,30,残差异常：采煤机_油泵_右电机_电流 偏高（残差 Z-score=5.8，实际=54.0 vs 预测=18.0）
1951,2024-04-19 22:45:00,2024-04-19 22:48:00,4.0,待机-高位,IsolationForest; Mahalanobis; 单变量IQR+3σ; 残差,2336.395,120,Mahalanobis 距离=2336.4（阈值=18.5）。主要贡献特征：PC2 (71.6%); PC3 (28.4%)。
1952,2024-04-19 22:50:00,2024-04-19 22:50:00,1.0,割煤中位,IsolationForest; Mahalanobis; 单变量IQR+3σ; 残差,3.77,30,正常
1953,2024-04-19 23:05:00,2024-04-19 23:05:00,1.0,割煤高位,IsolationForest; Mahalanobis; 单变量IQR+3σ; 残差,3.903,30,正常
1954,2024-04-19 23:10:00,2024-04-19 23:11:00,2.0,割煤高位,IsolationForest; Mahalanobis; 单变量IQR+3σ; 残差,3.696,60,正常
1955,2024-04-19 23:23:00,2024-04-19 23:24:00,2.0,调架中,IsolationForest; Mahalanobis; 单变量IQR+3σ; 残差,3.396,60,残差异常：采煤机_油泵_左电机_电流 偏高（残差 Z-score=3.4，实际=46.0 vs 预测=18.6）
1956,2024-04-19 23:41:00,2024-04-19 23:42:00,2.0,待机-高位,IsolationForest; Mahalanobis; 单变量IQR+3σ; 残差,2743.748,60,Mahalanobis 距离=2743.7（阈值=18.5）。主要贡献特征：PC2 (70.0%); PC3 (29.6%)。
1957,2024-04-19 23:44:00,2024-04-19 23:44:00,1.0,待机-高位,IsolationForest; Mahalanobis; 单变量IQR+3σ; 残差,6654.766,30,Mahalanobis 距离=6654.8（阈值=18.5）。主要贡献特征：PC3 (44.5%); PC2 (32.5%); PC4 (23.0%)。
1958,2024-04-19 23:46:00,2024-04-19 23:57:00,12.0,待机-高位,IsolationForest; Mahalanobis; 单变量IQR+3σ; 残差,6134.342,360,Mahalanobis 距离=6134.3（阈值=18.5）。主要贡献特征：PC2 (87.1%); PC3 (12.3%)。
1959,2024-04-20 00:00:00,2024-04-20 00:01:00,2.0,割煤高位,IsolationForest; Mahalanobis; 单变量IQR+3σ; 残差,12.742,60,正常
1960,2024-04-20 00:13:00,2024-04-20 00:14:00,2.0,待机-高位,IsolationForest; Mahalanobis; 单变量IQR+3σ; 残差,3491.968,60,Mahalanobis 距离=3492.0（阈值=18.5）。主要贡献特征：PC2 (74.0%); PC3 (25.8%)。
1961,2024-04-20 00:23:00,2024-04-20 00:27:00,5.0,割煤中位,IsolationForest; Mahalanobis; 单变量IQR+3σ; 残差,3.406,150,残差异常：采煤机_截割部位_右滚筒_电机_电流 偏高（残差 Z-score=3.4，实际=209.0 vs 预测=90.2）
1962,2024-04-20 00:31:00,2024-04-20 00:31:00,1.0,割煤高位,IsolationForest; Mahalanobis; 单变量IQR+3σ; 残差,3.655,30,正常
1963,2024-04-20 00:34:00,2024-04-20 00:35:00,2.0,待机-高位,IsolationForest; Mahalanobis; 单变量IQR+3σ; 残差,1280.381,60,Mahalanobis 距离=1280.4（阈值=18.5）。主要贡献特征：PC2 (54.1%); PC3 (45.8%)。
1964,2024-04-20 00:42:00,2024-04-20 00:44:00,3.0,割煤中位,IsolationForest; Mahalanobis; 单变量IQR+3σ; 残差,2.245,90,正常
1965,2024-04-20 00:50:00,2024-04-20 00:51:00,2.0,待机-高位,IsolationForest; Mahalanobis; 单变量IQR+3σ; 残差,1870.662,60,Mahalanobis 距离=1870.7（阈值=18.5）。主要贡献特征：PC2 (63.4%); PC3 (36.2%)。
1966,2024-04-20 00:54:00,2024-04-20 00:54:00,1.0,待机-高位,IsolationForest; Mahalanobis; 单变量IQR+3σ; 残差,1954.691,30,Mahalanobis 距离=1954.7（阈值=18.5）。主要贡献特征：PC2 (68.7%); PC3 (30.5%)。
1967,2024-04-20 01:01:00,2024-04-20 01:01:00,1.0,割煤中位,IsolationForest; Mahalanobis; 单变量IQR+3σ; 残差,3.425,30,残差异常：采煤机_破碎机_电机_电流 偏高（残差 Z-score=3.4，实际=38.0 vs 预测=0.0）
1968,2024-04-20 01:04:00,2024-04-20 01:04:00,1.0,割煤高位,IsolationForest; Mahalanobis; 单变量IQR+3σ; 残差,2.729,30,正常
1969,2024-04-20 01:08:00,2024-04-20 01:11:00,4.0,待机-高位,IsolationForest; Mahalanobis; 单变量IQR+3σ; 残差,4114.819,120,Mahalanobis 距离=4114.8（阈值=18.5）。主要贡献特征：PC2 (75.3%); PC3 (24.6%)。
1970,2024-04-20 01:15:00,2024-04-20 01:15:00,1.0,割煤高位,IsolationForest; Mahalanobis; 单变量IQR+3σ; 残差,2.508,30,正常
1971,2024-04-20 01:21:00,2024-04-20 01:28:00,8.0,调架中,IsolationForest; Mahalanobis; 单变量IQR+3σ; 残差,5.974,240,残差异常：采煤机_油泵_左电机_电流 偏高（残差 Z-score=6.0，实际=65.0 vs 预测=16.8）
1972,2024-04-20 01:50:00,2024-04-20 01:50:00,1.0,待机,IsolationForest; Mahalanobis; 单变量IQR+3σ; 残差,3392.356,30,Mahalanobis 距离=3392.4（阈值=18.5）。主要贡献特征：PC2 (77.3%); PC3 (21.9%)。
1973,2024-04-20 01:52:00,2024-04-20 01:52:00,1.0,待机,IsolationForest; Mahalanobis; 单变量IQR+3σ; 残差,2399.498,30,Mahalanobis 距离=2399.5（阈值=18.5）。主要贡献特征：PC2 (71.7%); PC3 (27.0%); PC4 (1.3%)。
1974,2024-04-20 01:59:00,2024-04-20 01:59:00,1.0,待机,IsolationForest; Mahalanobis; 单变量IQR+3σ; 残差,6715.175,30,Mahalanobis 距离=6715.2（阈值=18.5）。主要贡献特征：PC2 (85.8%); PC3 (14.1%)。
1975,2024-04-20 02:04:00,2024-04-20 02:08:00,5.0,割煤中位,IsolationForest; Mahalanobis; 单变量IQR+3σ; 残差,3.217,150,残差异常：采煤机_截割部位_左滚筒_电机_电流 偏高（残差 Z-score=3.2，实际=217.0 vs 预测=81.8）
1976,2024-04-20 02:10:00,2024-04-20 02:14:00,5.0,待机,IsolationForest; Mahalanobis; 单变量IQR+3σ; 残差,2573.576,150,Mahalanobis 距离=2573.6（阈值=18.5）。主要贡献特征：PC2 (69.6%); PC3 (29.3%); PC4 (1.1%)。
1977,2024-04-20 02:17:00,2024-04-20 02:25:00,9.0,割煤中位,IsolationForest; Mahalanobis; 单变量IQR+3σ; 残差,6.817,270,正常
1978,2024-04-20 02:27:00,2024-04-20 02:29:00,3.0,割煤高位,IsolationForest; Mahalanobis; 单变量IQR+3σ; 残差,4.636,90,正常
1979,2024-04-20 02:32:00,2024-04-20 02:32:00,1.0,割煤中位,IsolationForest; Mahalanobis; 单变量IQR+3σ; 残差,5.438,30,残差异常：采煤机_油泵_右电机_电流 偏高（残差 Z-score=5.4，实际=51.0 vs 预测=17.2）
1980,2024-04-20 02:49:00,2024-04-20 02:49:00,1.0,割煤高位,IsolationForest; Mahalanobis; 单变量IQR+3σ; 残差,3.868,30,残差异常：采煤机_油泵_右电机_电流 偏高（残差 Z-score=3.9，实际=46.0 vs 预测=17.4）
1981,2024-04-20 03:02:00,2024-04-20 03:03:00,2.0,割煤中位,IsolationForest; Mahalanobis; 单变量IQR+3σ; 残差,6.995,60,残差异常：采煤机_截割部位_右滚筒_电机_电流 偏高（残差 Z-score=7.0，实际=336.0 vs 预测=92.0）
1982,2024-04-20 03:05:00,2024-04-20 03:05:00,1.0,割煤高位,IsolationForest; Mahalanobis; 单变量IQR+3σ; 残差,8.364,30,正常
1983,2024-04-20 03:13:00,2024-04-20 03:13:00,1.0,割煤中位,IsolationForest; Mahalanobis; 单变量IQR+3σ; 残差,4.077,30,正常
1984,2024-04-20 03:25:00,2024-04-20 03:25:00,1.0,割煤高位,IsolationForest; Mahalanobis; 单变量IQR+3σ; 残差,4.489,30,正常
1985,2024-04-20 03:44:00,2024-04-20 03:45:00,2.0,待机-高位,IsolationForest; Mahalanobis; 单变量IQR+3σ; 残差,1684.696,60,Mahalanobis 距离=1684.7（阈值=18.5）。主要贡献特征：PC2 (58.1%); PC3 (41.6%)。
1986,2024-04-20 03:53:00,2024-04-20 03:55:00,3.0,待机-高位,IsolationForest; Mahalanobis; 单变量IQR+3σ; 残差,1475.958,90,Mahalanobis 距离=1476.0（阈值=18.5）。主要贡献特征：PC2 (60.7%); PC3 (39.3%)。
1987,2024-04-20 04:15:00,2024-04-20 04:16:00,2.0,割煤中位,IsolationForest; Mahalanobis; 单变量IQR+3σ; 残差,2.706,60,单变量异常：采煤机_截割部位_左滚筒_电机_温度（z-score=2.7，实际=90.0，均值=71.9±6.7）
1988,2024-04-20 04:19:00,2024-04-20 04:21:00,3.0,割煤中位,IsolationForest; Mahalanobis; 单变量IQR+3σ; 残差,4.866,90,正常
1989,2024-04-20 04:23:00,2024-04-20 04:23:00,1.0,割煤中位,IsolationForest; Mahalanobis; 单变量IQR+3σ; 残差,2.557,30,单变量异常：采煤机_截割部位_左滚筒_电机_温度（z-score=2.6，实际=89.0，均值=71.9±6.7）
1990,2024-04-20 04:26:00,2024-04-20 04:26:00,1.0,割煤中位,IsolationForest; Mahalanobis; 单变量IQR+3σ; 残差,2.42,30,正常
1991,2024-04-20 04:53:00,2024-04-20 04:53:00,1.0,割煤高位,IsolationForest; Mahalanobis; 单变量IQR+3σ; 残差,1.524,30,正常
1992,2024-04-20 04:58:00,2024-04-20 04:58:00,1.0,待机-高位,IsolationForest; Mahalanobis; 单变量IQR+3σ; 残差,2651.435,30,Mahalanobis 距离=2651.4（阈值=18.5）。主要贡献特征：PC2 (75.0%); PC3 (25.0%)。
1993,2024-04-20 05:09:00,2024-04-20 05:12:00,4.0,待机,IsolationForest; Mahalanobis; 单变量IQR+3σ; 残差,2448.529,120,Mahalanobis 距离=2448.5（阈值=18.5）。主要贡献特征：PC2 (73.9%); PC3 (25.7%)。
1994,2024-04-20 05:22:00,2024-04-20 05:22:00,1.0,割煤中位,IsolationForest; Mahalanobis; 单变量IQR+3σ; 残差,4.2,30,正常
1995,2024-04-20 05:24:00,2024-04-20 05:26:00,3.0,待机,IsolationForest; Mahalanobis; 单变量IQR+3σ; 残差,2102.362,90,Mahalanobis 距离=2102.4（阈值=18.5）。主要贡献特征：PC2 (82.0%); PC3 (17.5%)。
1996,2024-04-20 05:30:00,2024-04-20 05:30:00,1.0,割煤高位,IsolationForest; Mahalanobis; 单变量IQR+3σ; 残差,3.432,30,残差异常：采煤机_牵引部位_右电机_电流 偏高（残差 Z-score=3.4，实际=195.0 vs 预测=90.0）
1997,2024-04-20 05:42:00,2024-04-20 05:42:00,1.0,割煤中位,IsolationForest; Mahalanobis; 单变量IQR+3σ; 残差,7.208,30,残差异常：采煤机_油泵_右电机_电流 偏高（残差 Z-score=7.2，实际=62.0 vs 预测=17.2）
1998,2024-04-20 05:51:00,2024-04-20 05:52:00,2.0,割煤高位,IsolationForest; Mahalanobis; 单变量IQR+3σ; 残差,4.798,60,正常
1999,2024-04-20 05:54:00,2024-04-20 05:59:00,6.0,割煤中位,IsolationForest; Mahalanobis; 单变量IQR+3σ; 残差,5.537,180,正常
2000,2024-04-20 06:02:00,2024-04-20 06:02:00,1.0,割煤中位,IsolationForest; Mahalanobis; 单变量IQR+3σ; 残差,3.411,30,正常
2001,2024-04-20 06:06:00,2024-04-20 06:06:00,1.0,割煤高位,IsolationForest; Mahalanobis; 单变量IQR+3σ; 残差,3.8,30,残差异常：采煤机_截割部位_左滚筒_电机_电流 偏高（残差 Z-score=3.8，实际=228.0 vs 预测=76.4）
2002,2024-04-20 06:13:00,2024-04-20 06:13:00,1.0,割煤低位,IsolationForest; Mahalanobis; 单变量IQR+3σ; 残差,3.241,30,正常
2003,2024-04-20 06:21:00,2024-04-20 06:21:00,1.0,割煤高位,IsolationForest; Mahalanobis; 单变量IQR+3σ; 残差,4.487,30,残差异常：采煤机_截割部位_左滚筒_电机_电流 偏高（残差 Z-score=4.5，实际=281.0 vs 预测=102.0）
2004,2024-04-20 06:30:00,2024-04-20 06:30:00,1.0,割煤高位,IsolationForest; Mahalanobis; 单变量IQR+3σ; 残差,4.733,30,残差异常：采煤机_油泵_右电机_电流 偏高（残差 Z-score=4.7，实际=52.0 vs 预测=17.0）
2005,2024-04-20 06:33:00,2024-04-20 06:34:00,2.0,待机-高位,IsolationForest; Mahalanobis; 单变量IQR+3σ; 残差,1502.808,60,Mahalanobis 距离=1502.8（阈值=18.5）。主要贡献特征：PC2 (55.8%); PC3 (44.1%)。
2006,2024-04-20 07:07:00,2024-04-20 07:07:00,1.0,割煤高位,IsolationForest; Mahalanobis; 单变量IQR+3σ; 残差,5.49,30,残差异常：采煤机_油泵_右电机_电流 偏高（残差 Z-score=5.5，实际=58.0 vs 预测=17.4）
2007,2024-04-20 07:09:00,2024-04-20 07:09:00,1.0,割煤低位,IsolationForest; Mahalanobis; 单变量IQR+3σ; 残差,3.404,30,正常
2008,2024-04-20 07:33:00,2024-04-20 07:33:00,1.0,待机,IsolationForest; Mahalanobis; 单变量IQR+3σ; 残差,2741.339,30,Mahalanobis 距离=2741.3（阈值=18.5）。主要贡献特征：PC2 (72.9%); PC3 (26.9%)。
2009,2024-04-20 07:37:00,2024-04-20 07:37:00,1.0,割煤高位,IsolationForest; Mahalanobis; 单变量IQR+3σ; 残差,4.489,30,正常
2010,2024-04-20 07:45:00,2024-04-20 07:45:00,1.0,割煤中位,IsolationForest; Mahalanobis; 单变量IQR+3σ; 残差,4.273,30,正常
2011,2024-04-20 07:50:00,2024-04-20 07:53:00,4.0,待机,IsolationForest; Mahalanobis; 单变量IQR+3σ; 残差,4320.294,120,Mahalanobis 距离=4320.3（阈值=18.5）。主要贡献特征：PC2 (77.9%); PC3 (20.5%); PC4 (1.6%)。
2012,2024-04-20 07:55:00,2024-04-20 07:56:00,2.0,调架中,IsolationForest; Mahalanobis; 单变量IQR+3σ; 残差,3.912,60,正常
2013,2024-04-20 07:58:00,2024-04-20 07:58:00,1.0,割煤中位,IsolationForest; Mahalanobis; 单变量IQR+3σ; 残差,1.295,30,正常
2014,2024-04-20 08:08:00,2024-04-20 08:08:00,1.0,待机-高位,IsolationForest; Mahalanobis; 单变量IQR+3σ; 残差,3991.856,30,Mahalanobis 距离=3991.9（阈值=18.5）。主要贡献特征：PC2 (75.9%); PC3 (23.3%)。
2015,2024-04-20 08:15:00,2024-04-20 08:19:00,5.0,待机-高位,IsolationForest; Mahalanobis; 单变量IQR+3σ; 残差,8571.88,150,Mahalanobis 距离=8571.9（阈值=18.5）。主要贡献特征：PC2 (90.6%); PC3 (8.9%)。
2016,2024-04-20 08:27:00,2024-04-20 08:30:00,4.0,待机,IsolationForest; Mahalanobis; 单变量IQR+3σ; 残差,2916.695,120,Mahalanobis 距离=2916.7（阈值=18.5）。主要贡献特征：PC2 (73.1%); PC3 (26.7%)。
2017,2024-04-20 08:33:00,2024-04-20 08:33:00,1.0,待机,IsolationForest; Mahalanobis; 单变量IQR+3σ; 残差,14.026,30,正常
2018,2024-04-20 09:24:00,2024-04-20 09:26:00,3.0,待机,IsolationForest; Mahalanobis; 单变量IQR+3σ; 残差,1.577,90,正常
2019,2024-04-20 10:06:00,2024-04-20 10:10:00,5.0,待机,IsolationForest; Mahalanobis; 单变量IQR+3σ; 残差,518.557,150,Mahalanobis 距离=518.6（阈值=18.5）。主要贡献特征：PC3 (61.2%); PC2 (24.1%); PC4 (14.6%)。
2020,2024-04-20 13:17:00,2024-04-20 13:21:00,5.0,停机,IsolationForest; Mahalanobis; 单变量IQR+3σ; 残差,317.738,150,Mahalanobis 距离=317.7（阈值=18.5）。主要贡献特征：PC3 (50.1%); PC4 (38.5%); PC2 (11.4%)。
2021,2024-04-20 13:51:00,2024-04-20 13:55:00,5.0,待机,IsolationForest; Mahalanobis; 单变量IQR+3σ; 残差,1530.103,150,Mahalanobis 距离=1530.1（阈值=18.5）。主要贡献特征：PC3 (61.3%); PC2 (22.1%); PC4 (16.6%)。
2022,2024-04-20 16:14:00,2024-04-20 16:40:00,27.0,待机,IsolationForest; Mahalanobis; 单变量IQR+3σ; 残差,2.433,810,正常
2023,2024-04-20 18:23:00,2024-04-20 18:25:00,3.0,停机,IsolationForest; Mahalanobis; 单变量IQR+3σ; 残差,5.943,90,正常
2024,2024-04-20 18:32:00,2024-04-20 19:04:00,33.0,待机,IsolationForest; Mahalanobis; 单变量IQR+3σ; 残差,3112.82,990,Mahalanobis 距离=3112.8（阈值=18.5）。主要贡献特征：PC2 (65.1%); PC3 (34.1%)。
2025,2024-04-20 19:06:00,2024-04-20 19:07:00,2.0,待机-高位,IsolationForest; Mahalanobis; 单变量IQR+3σ; 残差,1084.327,60,Mahalanobis 距离=1084.3（阈值=18.5）。主要贡献特征：PC2 (51.0%); PC3 (48.9%)。
2026,2024-04-20 19:09:00,2024-04-20 19:18:00,10.0,待机-高位,IsolationForest; Mahalanobis; 单变量IQR+3σ; 残差,1300.806,300,Mahalanobis 距离=1300.8（阈值=18.5）。主要贡献特征：PC3 (50.5%); PC2 (49.2%)。
2027,2024-04-20 19:20:00,2024-04-20 19:24:00,5.0,待机,IsolationForest; Mahalanobis; 单变量IQR+3σ; 残差,4162.778,150,Mahalanobis 距离=4162.8（阈值=18.5）。主要贡献特征：PC2 (74.7%); PC3 (23.2%); PC4 (2.2%)。
2028,2024-04-20 19:26:00,2024-04-20 19:29:00,4.0,停机,IsolationForest; Mahalanobis; 单变量IQR+3σ; 残差,561.875,120,Mahalanobis 距离=561.9（阈值=18.5）。主要贡献特征：PC4 (72.3%); PC3 (22.1%); PC2 (5.6%)。
2029,2024-04-20 19:32:00,2024-04-20 19:33:00,2.0,割煤中位,IsolationForest; Mahalanobis; 单变量IQR+3σ; 残差,4.017,60,正常
2030,2024-04-20 19:36:00,2024-04-20 19:40:00,5.0,待机,IsolationForest; Mahalanobis; 单变量IQR+3σ; 残差,2747.554,150,Mahalanobis 距离=2747.6（阈值=18.5）。主要贡献特征：PC2 (71.2%); PC3 (28.8%)。
2031,2024-04-20 19:46:00,2024-04-20 19:48:00,3.0,割煤中位,IsolationForest; Mahalanobis; 单变量IQR+3σ; 残差,3.604,90,正常
2032,2024-04-20 19:50:00,2024-04-20 20:04:00,15.0,割煤中位,IsolationForest; Mahalanobis; 单变量IQR+3σ; 残差,2.789,450,正常
2033,2024-04-20 20:06:00,2024-04-20 20:06:00,1.0,割煤中位,IsolationForest; Mahalanobis; 单变量IQR+3σ; 残差,6.5,30,残差异常：采煤机_油泵_右电机_电流 偏高（残差 Z-score=6.5，实际=58.0 vs 预测=17.6）
2034,2024-04-20 20:11:00,2024-04-20 20:11:00,1.0,割煤中位,IsolationForest; Mahalanobis; 单变量IQR+3σ; 残差,3.515,30,残差异常：采煤机_破碎机_电机_电流 偏高（残差 Z-score=3.5，实际=39.0 vs 预测=0.0）
2035,2024-04-20 20:15:00,2024-04-20 20:15:00,1.0,调架中,IsolationForest; Mahalanobis; 单变量IQR+3σ; 残差,3.094,30,残差异常：采煤机_牵引部位_右电机_温度 偏高（残差 Z-score=3.1，实际=62.0 vs 预测=46.6）
2036,2024-04-20 20:21:00,2024-04-20 20:26:00,6.0,待机,IsolationForest; Mahalanobis; 单变量IQR+3σ; 残差,4217.078,180,Mahalanobis 距离=4217.1（阈值=18.5）。主要贡献特征：PC2 (80.9%); PC3 (18.4%)。
2037,2024-04-20 20:31:00,2024-04-20 20:35:00,5.0,割煤中位,IsolationForest; Mahalanobis; 单变量IQR+3σ; 残差,5.941,150,单变量异常：采煤机_油泵_左电机_电流（z-score=5.9，实际=57.0，均值=18.3±6.5）
2038,2024-04-20 20:37:00,2024-04-20 20:42:00,6.0,待机,IsolationForest; Mahalanobis; 单变量IQR+3σ; 残差,2257.448,180,Mahalanobis 距离=2257.4（阈值=18.5）。主要贡献特征：PC2 (71.0%); PC3 (28.5%)。
2039,2024-04-20 20:46:00,2024-04-20 20:46:00,1.0,割煤中位,IsolationForest; Mahalanobis; 单变量IQR+3σ; 残差,2.094,30,正常
2040,2024-04-20 20:51:00,2024-04-20 20:51:00,1.0,割煤中位,IsolationForest; Mahalanobis; 单变量IQR+3σ; 残差,5.941,30,正常
2041,2024-04-20 20:54:00,2024-04-20 21:03:00,10.0,待机,IsolationForest; Mahalanobis; 单变量IQR+3σ; 残差,1249.681,300,Mahalanobis 距离=1249.7（阈值=18.5）。主要贡献特征：PC2 (62.7%); PC3 (35.3%); PC4 (2.0%)。
2042,2024-04-20 21:18:00,2024-04-20 21:19:00,2.0,待机,IsolationForest; Mahalanobis; 单变量IQR+3σ; 残差,3414.648,60,Mahalanobis 距离=3414.6（阈值=18.5）。主要贡献特征：PC2 (83.0%); PC3 (16.9%)。
2043,2024-04-20 21:36:00,2024-04-20 21:36:00,1.0,割煤中位,IsolationForest; Mahalanobis; 单变量IQR+3σ; 残差,3.937,30,正常
2044,2024-04-20 21:51:00,2024-04-20 21:53:00,3.0,割煤中位,IsolationForest; Mahalanobis; 单变量IQR+3σ; 残差,5.584,90,正常
2045,2024-04-20 21:58:00,2024-04-20 21:58:00,1.0,割煤中位,IsolationForest; Mahalanobis; 单变量IQR+3σ; 残差,4.558,30,正常
2046,2024-04-20 22:01:00,2024-04-20 22:03:00,3.0,割煤高位,IsolationForest; Mahalanobis; 单变量IQR+3σ; 残差,5.235,90,正常
2047,2024-04-20 22:05:00,2024-04-20 22:07:00,3.0,割煤高位,IsolationForest; Mahalanobis; 单变量IQR+3σ; 残差,6.553,90,正常
2048,2024-04-20 22:11:00,2024-04-20 22:15:00,5.0,待机,IsolationForest; Mahalanobis; 单变量IQR+3σ; 残差,4988.1,150,Mahalanobis 距离=4988.1（阈值=18.5）。主要贡献特征：PC2 (82.8%); PC3 (16.8%)。
2049,2024-04-20 22:18:00,2024-04-20 22:19:00,2.0,割煤中位,IsolationForest; Mahalanobis; 单变量IQR+3σ; 残差,15.858,60,正常
2050,2024-04-20 22:24:00,2024-04-20 22:24:00,1.0,割煤高位,IsolationForest; Mahalanobis; 单变量IQR+3σ; 残差,4.636,30,正常
2051,2024-04-20 22:36:00,2024-04-20 22:36:00,1.0,割煤中位,IsolationForest; Mahalanobis; 单变量IQR+3σ; 残差,3.067,30,残差异常：采煤机_截割部位_右滚筒_电机_电流 偏高（残差 Z-score=3.1，实际=180.0 vs 预测=73.0）
2052,2024-04-20 22:41:00,2024-04-20 22:45:00,5.0,待机-高位,IsolationForest; Mahalanobis; 单变量IQR+3σ; 残差,1684.107,150,Mahalanobis 距离=1684.1（阈值=18.5）。主要贡献特征：PC2 (57.4%); PC3 (42.3%)。
2053,2024-04-20 22:50:00,2024-04-20 22:52:00,3.0,割煤中位,IsolationForest; Mahalanobis; 单变量IQR+3σ; 残差,2.653,90,单变量异常：采煤机_截割部位_左滚筒_电机_电流（z-score=2.7，实际=211.0，均值=95.5±43.5）
2054,2024-04-20 22:57:00,2024-04-20 22:57:00,1.0,割煤中位,IsolationForest; Mahalanobis; 单变量IQR+3σ; 残差,6.597,30,残差异常：采煤机_油泵_右电机_电流 偏高（残差 Z-score=6.6，实际=58.0 vs 预测=17.0）
2055,2024-04-20 23:02:00,2024-04-20 23:02:00,1.0,割煤中位,IsolationForest; Mahalanobis; 单变量IQR+3σ; 残差,3.255,30,残差异常：采煤机_截割部位_左滚筒_电机_电流 偏高（残差 Z-score=3.3，实际=221.0 vs 预测=84.2）
2056,2024-04-20 23:14:00,2024-04-20 23:16:00,3.0,割煤中位,IsolationForest; Mahalanobis; 单变量IQR+3σ; 残差,3.319,90,单变量异常：采煤机_截割部位_左滚筒_电机_电流（z-score=3.3，实际=240.0，均值=95.5±43.5）
2057,2024-04-20 23:19:00,2024-04-20 23:22:00,4.0,割煤高位,IsolationForest; Mahalanobis; 单变量IQR+3σ; 残差,6.056,120,残差异常：采煤机_截割部位_左滚筒_电机_温度 偏高（残差 Z-score=6.1，实际=85.0 vs 预测=67.6）
2058,2024-04-20 23:28:00,2024-04-20 23:30:00,3.0,待机,IsolationForest; Mahalanobis; 单变量IQR+3σ; 残差,4303.73,90,Mahalanobis 距离=4303.7（阈值=18.5）。主要贡献特征：PC2 (77.4%); PC3 (21.9%)。
2059,2024-04-20 23:38:00,2024-04-20 23:39:00,2.0,割煤高位,IsolationForest; Mahalanobis; 单变量IQR+3σ; 残差,4.176,60,残差异常：采煤机_截割部位_左滚筒_电机_温度 偏高（残差 Z-score=4.2，实际=83.0 vs 预测=71.0）
2060,2024-04-20 23:48:00,2024-04-20 23:48:00,1.0,割煤低位,IsolationForest; Mahalanobis; 单变量IQR+3σ; 残差,3.288,30,残差异常：采煤机_牵引部位_右电机_电流 偏高（残差 Z-score=3.3，实际=119.0 vs 预测=74.0）
2061,2024-04-20 23:54:00,2024-04-20 23:58:00,5.0,待机-高位,IsolationForest; Mahalanobis; 单变量IQR+3σ; 残差,2281.629,150,Mahalanobis 距离=2281.6（阈值=18.5）。主要贡献特征：PC2 (96.4%); PC4 (2.6%); PC3 (1.0%)。
2062,2024-04-21 00:03:00,2024-04-21 00:06:00,4.0,待机,IsolationForest; Mahalanobis; 单变量IQR+3σ; 残差,2425.009,120,Mahalanobis 距离=2425.0（阈值=18.5）。主要贡献特征：PC2 (70.3%); PC3 (29.1%)。
2063,2024-04-21 00:12:00,2024-04-21 00:12:00,1.0,割煤中位,IsolationForest; Mahalanobis; 单变量IQR+3σ; 残差,2.614,30,正常
2064,2024-04-21 00:19:00,2024-04-21 00:19:00,1.0,割煤中位,IsolationForest; Mahalanobis; 单变量IQR+3σ; 残差,5.173,30,正常
2065,2024-04-21 00:27:00,2024-04-21 00:27:00,1.0,割煤中位,IsolationForest; Mahalanobis; 单变量IQR+3σ; 残差,3.944,30,正常
2066,2024-04-21 00:29:00,2024-04-21 00:29:00,1.0,待机-高位,IsolationForest; Mahalanobis; 单变量IQR+3σ; 残差,5100.925,30,Mahalanobis 距离=5100.9（阈值=18.5）。主要贡献特征：PC2 (82.9%); PC3 (16.9%)。
2067,2024-04-21 00:31:00,2024-04-21 00:34:00,4.0,待机,IsolationForest; Mahalanobis; 单变量IQR+3σ; 残差,4957.834,120,Mahalanobis 距离=4957.8（阈值=18.5）。主要贡献特征：PC2 (86.4%); PC3 (13.5%)。
2068,2024-04-21 00:39:00,2024-04-21 00:41:00,3.0,待机,IsolationForest; Mahalanobis; 单变量IQR+3σ; 残差,13.434,90,正常
2069,2024-04-21 00:44:00,2024-04-21 00:46:00,3.0,割煤中位,IsolationForest; Mahalanobis; 单变量IQR+3σ; 残差,1.902,90,正常
2070,2024-04-21 00:48:00,2024-04-21 00:48:00,1.0,割煤中位,IsolationForest; Mahalanobis; 单变量IQR+3σ; 残差,5.173,30,单变量异常：采煤机_油泵_左电机_电流（z-score=5.2，实际=52.0，均值=18.3±6.5）
2071,2024-04-21 01:07:00,2024-04-21 01:07:00,1.0,割煤高位,IsolationForest; Mahalanobis; 单变量IQR+3σ; 残差,3.466,30,正常
2072,2024-04-21 01:17:00,2024-04-21 01:19:00,3.0,割煤中位,IsolationForest; Mahalanobis; 单变量IQR+3σ; 残差,4.332,90,残差异常：采煤机_截割部位_右滚筒_电机_温度 偏高（残差 Z-score=4.3，实际=77.0 vs 预测=67.0）
2073,2024-04-21 01:21:00,2024-04-21 01:21:00,1.0,割煤高位,IsolationForest; Mahalanobis; 单变量IQR+3σ; 残差,4.929,30,正常
2074,2024-04-21 01:29:00,2024-04-21 01:29:00,1.0,割煤高位,IsolationForest; Mahalanobis; 单变量IQR+3σ; 残差,3.171,30,正常
2075,2024-04-21 01:35:00,2024-04-21 01:35:00,1.0,割煤中位,IsolationForest; Mahalanobis; 单变量IQR+3σ; 残差,3.379,30,残差异常：采煤机_油泵_右电机_电流 偏高（残差 Z-score=3.4，实际=38.0 vs 预测=17.0）
2076,2024-04-21 01:38:00,2024-04-21 01:38:00,1.0,割煤中位,IsolationForest; Mahalanobis; 单变量IQR+3σ; 残差,6.877,30,正常
2077,2024-04-21 01:41:00,2024-04-21 01:41:00,1.0,割煤高位,IsolationForest; Mahalanobis; 单变量IQR+3σ; 残差,3.565,30,残差异常：采煤机_截割部位_左滚筒_电机_电流 偏高（残差 Z-score=3.6，实际=207.0 vs 预测=64.8）
2078,2024-04-21 01:43:00,2024-04-21 01:45:00,3.0,割煤中位,IsolationForest; Mahalanobis; 单变量IQR+3σ; 残差,3.236,90,正常
2079,2024-04-21 01:53:00,2024-04-21 01:53:00,1.0,割煤高位,IsolationForest; Mahalanobis; 单变量IQR+3σ; 残差,3.922,30,残差异常：采煤机_油泵_右电机_电流 偏高（残差 Z-score=3.9，实际=46.0 vs 预测=17.0）
2080,2024-04-21 01:56:00,2024-04-21 01:56:00,1.0,割煤高位,IsolationForest; Mahalanobis; 单变量IQR+3σ; 残差,6.144,30,残差异常：采煤机_破碎机_电机_电流 偏高（残差 Z-score=6.1，实际=72.0 vs 预测=0.0）
2081,2024-04-21 01:58:00,2024-04-21 01:58:00,1.0,割煤中位,IsolationForest; Mahalanobis; 单变量IQR+3σ; 残差,4.237,30,残差异常：采煤机_破碎机_电机_电流 偏高（残差 Z-score=4.2，实际=47.0 vs 预测=0.0）
2082,2024-04-21 02:10:00,2024-04-21 02:10:00,1.0,割煤中位,IsolationForest; Mahalanobis; 单变量IQR+3σ; 残差,24.608,30,残差异常：采煤机_破碎机_电机_电流 偏高（残差 Z-score=24.6，实际=273.0 vs 预测=0.0）
2083,2024-04-21 02:12:00,2024-04-21 02:18:00,7.0,割煤中位,IsolationForest; Mahalanobis; 单变量IQR+3σ; 残差,5.525,210,正常
2084,2024-04-21 02:20:00,2024-04-21 02:20:00,1.0,割煤高位,IsolationForest; Mahalanobis; 单变量IQR+3σ; 残差,3.131,30,残差异常：采煤机_截割部位_左滚筒_电机_温度 偏高（残差 Z-score=3.1，实际=88.0 vs 预测=79.0）
2085,2024-04-21 02:22:00,2024-04-21 02:23:00,2.0,割煤中位,IsolationForest; Mahalanobis; 单变量IQR+3σ; 残差,5.174,60,残差异常：采煤机_破碎机_电机_电流 偏高（残差 Z-score=5.2，实际=62.0 vs 预测=4.6）
2086,2024-04-21 02:26:00,2024-04-21 02:26:00,1.0,割煤高位,IsolationForest; Mahalanobis; 单变量IQR+3σ; 残差,4.05,30,正常
2087,2024-04-21 02:34:00,2024-04-21 02:37:00,4.0,待机,IsolationForest; Mahalanobis; 单变量IQR+3σ; 残差,2627.034,120,Mahalanobis 距离=2627.0（阈值=18.5）。主要贡献特征：PC2 (91.4%); PC4 (6.5%); PC3 (2.1%)。
2088,2024-04-21 02:43:00,2024-04-21 02:48:00,6.0,待机,IsolationForest; Mahalanobis; 单变量IQR+3σ; 残差,10.211,180,正常
2089,2024-04-21 02:54:00,2024-04-21 02:54:00,1.0,调架中,IsolationForest; Mahalanobis; 单变量IQR+3σ; 残差,3.594,30,残差异常：采煤机_油泵_左电机_电流 偏高（残差 Z-score=3.6，实际=46.0 vs 预测=17.0）
2090,2024-04-21 03:05:00,2024-04-21 03:08:00,4.0,待机,IsolationForest; Mahalanobis; 单变量IQR+3σ; 残差,2546.808,120,Mahalanobis 距离=2546.8（阈值=18.5）。主要贡献特征：PC2 (69.5%); PC3 (28.9%); PC4 (1.6%)。
2091,2024-04-21 03:15:00,2024-04-21 03:15:00,1.0,调架中,IsolationForest; Mahalanobis; 单变量IQR+3σ; 残差,3.321,30,残差异常：采煤机_油泵_左电机_电流 偏高（残差 Z-score=3.3，实际=44.0 vs 预测=17.2）
2092,2024-04-21 03:28:00,2024-04-21 03:28:00,1.0,割煤中位,IsolationForest; Mahalanobis; 单变量IQR+3σ; 残差,3.199,30,正常
2093,2024-04-21 03:30:00,2024-04-21 03:33:00,4.0,待机-高位,IsolationForest; Mahalanobis; 单变量IQR+3σ; 残差,2629.189,120,Mahalanobis 距离=2629.2（阈值=18.5）。主要贡献特征：PC2 (79.0%); PC3 (21.0%)。
2094,2024-04-21 03:37:00,2024-04-21 03:38:00,2.0,割煤中位,IsolationForest; Mahalanobis; 单变量IQR+3σ; 残差,7.144,60,残差异常：采煤机_油泵_右电机_电流 偏高（残差 Z-score=7.1，实际=62.0 vs 预测=17.6）
2095,2024-04-21 03:41:00,2024-04-21 03:41:00,1.0,割煤中位,IsolationForest; Mahalanobis; 单变量IQR+3σ; 残差,3.737,30,正常
2096,2024-04-21 03:48:00,2024-04-21 03:48:00,1.0,割煤中位,IsolationForest; Mahalanobis; 单变量IQR+3σ; 残差,1.201,30,正常
2097,2024-04-21 03:52:00,2024-04-21 03:52:00,1.0,割煤中位,IsolationForest; Mahalanobis; 单变量IQR+3σ; 残差,3.91,30,残差异常：采煤机_截割部位_右滚筒_电机_电流 偏高（残差 Z-score=3.9，实际=223.0 vs 预测=86.6）
2098,2024-04-21 03:55:00,2024-04-21 03:55:00,1.0,割煤中位,IsolationForest; Mahalanobis; 单变量IQR+3σ; 残差,6.045,30,正常
2099,2024-04-21 03:57:00,2024-04-21 03:57:00,1.0,割煤高位,IsolationForest; Mahalanobis; 单变量IQR+3σ; 残差,5.954,30,正常
2100,2024-04-21 04:00:00,2024-04-21 04:01:00,2.0,待机,IsolationForest; Mahalanobis; 单变量IQR+3σ; 残差,3656.752,60,Mahalanobis 距离=3656.8（阈值=18.5）。主要贡献特征：PC2 (75.1%); PC3 (24.1%)。
2101,2024-04-21 04:03:00,2024-04-21 04:07:00,5.0,待机,IsolationForest; Mahalanobis; 单变量IQR+3σ; 残差,3990.072,150,Mahalanobis 距离=3990.1（阈值=18.5）。主要贡献特征：PC2 (79.4%); PC3 (18.7%); PC4 (1.9%)。
2102,2024-04-21 04:13:00,2024-04-21 04:16:00,4.0,割煤中位,IsolationForest; Mahalanobis; 单变量IQR+3σ; 残差,5.019,120,单变量异常：采煤机_油泵_左电机_电流（z-score=5.0，实际=51.0，均值=18.3±6.5）
2103,2024-04-21 04:24:00,2024-04-21 04:27:00,4.0,割煤高位,IsolationForest; Mahalanobis; 单变量IQR+3σ; 残差,6.308,120,正常
2104,2024-04-21 04:32:00,2024-04-21 04:32:00,1.0,调架中,IsolationForest; Mahalanobis; 单变量IQR+3σ; 残差,3.28,30,残差异常：采煤机_截割部位_右滚筒_电机_温度 偏高（残差 Z-score=3.3，实际=80.0 vs 预测=68.0）
2105,2024-04-21 04:34:00,2024-04-21 04:34:00,1.0,割煤高位,IsolationForest; Mahalanobis; 单变量IQR+3σ; 残差,4.733,30,残差异常：采煤机_油泵_右电机_电流 偏高（残差 Z-score=4.7，实际=52.0 vs 预测=17.0）
2106,2024-04-21 04:51:00,2024-04-21 04:52:00,2.0,割煤高位,IsolationForest; Mahalanobis; 单变量IQR+3σ; 残差,4.436,60,残差异常：采煤机_油泵_右电机_电流 偏高（残差 Z-score=4.4，实际=50.0 vs 预测=17.2）
2107,2024-04-21 05:07:00,2024-04-21 05:07:00,1.0,割煤中位,IsolationForest; Mahalanobis; 单变量IQR+3σ; 残差,5.921,30,残差异常：采煤机_油泵_右电机_电流 偏高（残差 Z-score=5.9，实际=55.0 vs 预测=18.2）
2108,2024-04-21 05:09:00,2024-04-21 05:09:00,1.0,待机-高位,IsolationForest; Mahalanobis; 单变量IQR+3σ; 残差,1801.597,30,Mahalanobis 距离=1801.6（阈值=18.5）。主要贡献特征：PC2 (63.5%); PC3 (36.5%)。
2109,2024-04-21 05:18:00,2024-04-21 05:19:00,2.0,割煤中位,IsolationForest; Mahalanobis; 单变量IQR+3σ; 残差,1.208,60,正常
2110,2024-04-21 05:21:00,2024-04-21 05:21:00,1.0,割煤中位,IsolationForest; Mahalanobis; 单变量IQR+3σ; 残差,1.358,30,正常
2111,2024-04-21 05:27:00,2024-04-21 05:27:00,1.0,割煤中位,IsolationForest; Mahalanobis; 单变量IQR+3σ; 残差,5.985,30,残差异常：采煤机_油泵_右电机_电流 偏高（残差 Z-score=6.0，实际=54.0 vs 预测=16.8）
2112,2024-04-21 05:38:00,2024-04-21 05:38:00,1.0,割煤中位,IsolationForest; Mahalanobis; 单变量IQR+3σ; 残差,3.065,30,残差异常：采煤机_截割部位_左滚筒_电机_电流 偏高（残差 Z-score=3.1，实际=217.0 vs 预测=88.2）
2113,2024-04-21 05:42:00,2024-04-21 05:42:00,1.0,割煤中位,IsolationForest; Mahalanobis; 单变量IQR+3σ; 残差,5.599,30,残差异常：采煤机_油泵_右电机_电流 偏高（残差 Z-score=5.6，实际=52.0 vs 预测=17.2）
2114,2024-04-21 06:05:00,2024-04-21 06:05:00,1.0,待机,IsolationForest; Mahalanobis; 单变量IQR+3σ; 残差,3984.634,30,Mahalanobis 距离=3984.6（阈值=18.5）。主要贡献特征：PC2 (86.6%); PC3 (13.4%)。
2115,2024-04-21 06:10:00,2024-04-21 06:10:00,1.0,待机-高位,IsolationForest; Mahalanobis; 单变量IQR+3σ; 残差,2610.439,30,Mahalanobis 距离=2610.4（阈值=18.5）。主要贡献特征：PC2 (74.3%); PC3 (25.6%)。
2116,2024-04-21 06:17:00,2024-04-21 06:17:00,1.0,割煤高位,IsolationForest; Mahalanobis; 单变量IQR+3σ; 残差,3.151,30,残差异常：采煤机_牵引部位_右电机_电流 偏高（残差 Z-score=3.2，实际=190.0 vs 预测=93.6）
2117,2024-04-21 06:28:00,2024-04-21 06:31:00,4.0,割煤中位,IsolationForest; Mahalanobis; 单变量IQR+3σ; 残差,3.186,120,残差异常：采煤机_油泵_右电机_电流 偏高（残差 Z-score=3.2，实际=37.0 vs 预测=17.2）
2118,2024-04-21 06:34:00,2024-04-21 06:37:00,4.0,待机-高位,IsolationForest; Mahalanobis; 单变量IQR+3σ; 残差,2010.504,120,Mahalanobis 距离=2010.5（阈值=18.5）。主要贡献特征：PC2 (65.6%); PC3 (34.1%)。
2119,2024-04-21 06:48:00,2024-04-21 06:50:00,3.0,调架中,IsolationForest; Mahalanobis; 单变量IQR+3σ; 残差,3.964,90,正常
2120,2024-04-21 06:53:00,2024-04-21 06:53:00,1.0,待机,IsolationForest; Mahalanobis; 单变量IQR+3σ; 残差,1936.647,30,Mahalanobis 距离=1936.6（阈值=18.5）。主要贡献特征：PC2 (68.3%); PC3 (30.9%)。
2121,2024-04-21 07:03:00,2024-04-21 07:04:00,2.0,割煤中位,IsolationForest; Mahalanobis; 单变量IQR+3σ; 残差,2.012,60,正常
2122,2024-04-21 07:06:00,2024-04-21 07:07:00,2.0,割煤中位,IsolationForest; Mahalanobis; 单变量IQR+3σ; 残差,1.861,60,正常
2123,2024-04-21 07:11:00,2024-04-21 07:11:00,1.0,调架中,IsolationForest; Mahalanobis; 单变量IQR+3σ; 残差,3.52,30,残差异常：采煤机_油泵_左电机_电流 偏高（残差 Z-score=3.5，实际=47.0 vs 预测=18.6）
2124,2024-04-21 07:19:00,2024-04-21 07:21:00,3.0,割煤高位,IsolationForest; Mahalanobis; 单变量IQR+3σ; 残差,5.497,90,正常
2125,2024-04-21 07:27:00,2024-04-21 07:28:00,2.0,割煤中位,IsolationForest; Mahalanobis; 单变量IQR+3σ; 残差,5.953,60,残差异常：采煤机_油泵_右电机_电流 偏高（残差 Z-score=6.0，实际=54.0 vs 预测=17.0）
2126,2024-04-21 07:31:00,2024-04-21 07:31:00,1.0,割煤中位,IsolationForest; Mahalanobis; 单变量IQR+3σ; 残差,5.326,30,正常
2127,2024-04-21 07:43:00,2024-04-21 07:43:00,1.0,割煤高位,IsolationForest; Mahalanobis; 单变量IQR+3σ; 残差,3.706,30,残差异常：采煤机_牵引部位_右电机_电流 偏高（残差 Z-score=3.7，实际=208.0 vs 预测=94.6）
2128,2024-04-21 07:51:00,2024-04-21 07:53:00,3.0,割煤中位,IsolationForest; Mahalanobis; 单变量IQR+3σ; 残差,3.319,90,正常
2129,2024-04-21 08:14:00,2024-04-21 08:16:00,3.0,割煤中位,IsolationForest; Mahalanobis; 单变量IQR+3σ; 残差,4.904,90,残差异常：采煤机_破碎机_电机_电流 偏高（残差 Z-score=4.9，实际=72.0 vs 预测=17.6）
2130,2024-04-21 08:21:00,2024-04-21 08:24:00,4.0,待机,IsolationForest; Mahalanobis; 单变量IQR+3σ; 残差,2786.392,120,Mahalanobis 距离=2786.4（阈值=18.5）。主要贡献特征：PC2 (75.0%); PC3 (25.0%)。
2131,2024-04-21 08:31:00,2024-04-21 08:31:00,1.0,割煤高位,IsolationForest; Mahalanobis; 单变量IQR+3σ; 残差,2.705,30,正常
2132,2024-04-21 08:33:00,2024-04-21 08:33:00,1.0,割煤高位,IsolationForest; Mahalanobis; 单变量IQR+3σ; 残差,3.75,30,正常
2133,2024-04-21 08:35:00,2024-04-21 08:37:00,3.0,割煤高位,IsolationForest; Mahalanobis; 单变量IQR+3σ; 残差,4.303,90,正常
2134,2024-04-21 08:39:00,2024-04-21 08:39:00,1.0,调架中,IsolationForest; Mahalanobis; 单变量IQR+3σ; 残差,3.445,30,残差异常：采煤机_油泵_左电机_电流 偏高（残差 Z-score=3.4，实际=44.0 vs 预测=16.2）
2135,2024-04-21 08:49:00,2024-04-21 08:49:00,1.0,待机-高位,IsolationForest; Mahalanobis; 单变量IQR+3σ; 残差,3402.188,30,Mahalanobis 距离=3402.2（阈值=18.5）。主要贡献特征：PC2 (93.5%); PC4 (4.6%); PC3 (1.9%)。
2136,2024-04-21 08:53:00,2024-04-21 08:54:00,2.0,割煤中位,IsolationForest; Mahalanobis; 单变量IQR+3σ; 残差,7.466,60,残差异常：采煤机_油泵_右电机_电流 偏高（残差 Z-score=7.5，实际=63.0 vs 预测=16.6）
2137,2024-04-21 08:57:00,2024-04-21 08:58:00,2.0,割煤高位,IsolationForest; Mahalanobis; 单变量IQR+3σ; 残差,2.809,60,正常
2138,2024-04-21 09:01:00,2024-04-21 09:01:00,1.0,割煤中位,IsolationForest; Mahalanobis; 单变量IQR+3σ; 残差,2.354,30,正常
2139,2024-04-21 09:06:00,2024-04-21 09:06:00,1.0,割煤高位,IsolationForest; Mahalanobis; 单变量IQR+3σ; 残差,2.129,30,正常
2140,2024-04-21 09:10:00,2024-04-21 09:10:00,1.0,割煤高位,IsolationForest; Mahalanobis; 单变量IQR+3σ; 残差,3.787,30,残差异常：采煤机_油泵_右电机_电流 偏高（残差 Z-score=3.8，实际=45.0 vs 预测=17.0）
2141,2024-04-21 09:12:00,2024-04-21 09:12:00,1.0,割煤高位,IsolationForest; Mahalanobis; 单变量IQR+3σ; 残差,2.529,30,正常
2142,2024-04-21 09:27:00,2024-04-21 09:27:00,1.0,割煤高位,IsolationForest; Mahalanobis; 单变量IQR+3σ; 残差,3.61,30,正常
2143,2024-04-21 09:29:00,2024-04-21 09:29:00,1.0,割煤高位,IsolationForest; Mahalanobis; 单变量IQR+3σ; 残差,3.305,30,残差异常：采煤机_截割部位_右滚筒_电机_电流 偏高（残差 Z-score=3.3，实际=217.0 vs 预测=81.0）
2144,2024-04-21 09:33:00,2024-04-21 09:35:00,3.0,待机,IsolationForest; Mahalanobis; 单变量IQR+3σ; 残差,6669.304,90,Mahalanobis 距离=6669.3（阈值=18.5）。主要贡献特征：PC2 (88.3%); PC3 (11.3%)。
2145,2024-04-21 09:42:00,2024-04-21 09:42:00,1.0,割煤中位,IsolationForest; Mahalanobis; 单变量IQR+3σ; 残差,4.672,30,正常
2146,2024-04-21 09:47:00,2024-04-21 09:47:00,1.0,割煤高位,IsolationForest; Mahalanobis; 单变量IQR+3σ; 残差,3.757,30,正常
2147,2024-04-21 10:03:00,2024-04-21 10:10:00,8.0,待机,IsolationForest; Mahalanobis; 单变量IQR+3σ; 残差,3394.242,240,Mahalanobis 距离=3394.2（阈值=18.5）。主要贡献特征：PC2 (71.3%); PC3 (28.6%)。
2148,2024-04-21 12:56:00,2024-04-21 12:58:00,3.0,停机,IsolationForest; Mahalanobis; 单变量IQR+3σ; 残差,3.44,90,正常
2149,2024-04-21 13:13:00,2024-04-21 13:16:00,4.0,停机,IsolationForest; Mahalanobis; 单变量IQR+3σ; 残差,8.945,120,正常
2150,2024-04-21 14:49:00,2024-04-21 14:49:00,1.0,停机,IsolationForest; Mahalanobis; 单变量IQR+3σ; 残差,6.268,30,残差异常：采煤机_油泵_右电机_电流 偏高（残差 Z-score=6.3，实际=31.0 vs 预测=0.0）
2151,2024-04-21 14:54:00,2024-04-21 14:55:00,2.0,停机,IsolationForest; Mahalanobis; 单变量IQR+3σ; 残差,4.149,60,正常
2152,2024-04-21 15:18:00,2024-04-21 15:20:00,3.0,待机,IsolationForest; Mahalanobis; 单变量IQR+3σ; 残差,1.271,90,正常
2153,2024-04-21 15:42:00,2024-04-21 15:46:00,5.0,待机,IsolationForest; Mahalanobis; 单变量IQR+3σ; 残差,8544.576,150,Mahalanobis 距离=8544.6（阈值=18.5）。主要贡献特征：PC4 (45.5%); PC2 (27.7%); PC3 (26.8%)。
2154,2024-04-21 16:05:00,2024-04-21 16:06:00,2.0,停机,IsolationForest; Mahalanobis; 单变量IQR+3σ; 残差,5.055,60,残差异常：采煤机_油泵_右电机_电流 偏高（残差 Z-score=5.1，实际=25.0 vs 预测=0.0）
2155,2024-04-21 16:12:00,2024-04-21 16:12:00,1.0,停机,IsolationForest; Mahalanobis; 单变量IQR+3σ; 残差,6.47,30,残差异常：采煤机_油泵_右电机_电流 偏高（残差 Z-score=6.5，实际=32.0 vs 预测=0.0）
2156,2024-04-21 16:34:00,2024-04-21 16:48:00,15.0,停机,IsolationForest; Mahalanobis; 单变量IQR+3σ; 残差,767.949,450,Mahalanobis 距离=767.9（阈值=18.5）。主要贡献特征：PC2 (74.1%); PC3 (25.3%)。
2157,2024-04-21 16:50:00,2024-04-21 16:53:00,4.0,停机,IsolationForest; Mahalanobis; 单变量IQR+3σ; 残差,1734.754,120,Mahalanobis 距离=1734.8（阈值=18.5）。主要贡献特征：PC2 (77.6%); PC3 (21.0%); PC4 (1.4%)。
2158,2024-04-21 16:55:00,2024-04-21 16:55:00,1.0,割煤中位,IsolationForest; Mahalanobis; 单变量IQR+3σ; 残差,5.117,30,残差异常：采煤机_油泵_右电机_电流 偏高（残差 Z-score=5.1，实际=50.0 vs 预测=18.2）
2159,2024-04-21 17:01:00,2024-04-21 17:04:00,4.0,待机-高位,IsolationForest; Mahalanobis; 单变量IQR+3σ; 残差,2637.729,120,Mahalanobis 距离=2637.7（阈值=18.5）。主要贡献特征：PC2 (80.2%); PC3 (19.8%)。
2160,2024-04-21 17:12:00,2024-04-21 17:16:00,5.0,待机,IsolationForest; Mahalanobis; 单变量IQR+3σ; 残差,1448.659,150,Mahalanobis 距离=1448.7（阈值=18.5）。主要贡献特征：PC2 (78.8%); PC3 (21.2%)。
2161,2024-04-21 17:28:00,2024-04-21 17:39:00,12.0,割煤高位,IsolationForest; Mahalanobis; 单变量IQR+3σ; 残差,4.671,360,正常
2162,2024-04-21 17:59:00,2024-04-21 17:59:00,1.0,割煤中位,IsolationForest; Mahalanobis; 单变量IQR+3σ; 残差,3.904,30,残差异常：采煤机_牵引部位_右电机_温度 偏高（残差 Z-score=3.9，实际=63.0 vs 预测=49.2）
2163,2024-04-21 18:03:00,2024-04-21 18:03:00,1.0,割煤中位,IsolationForest; Mahalanobis; 单变量IQR+3σ; 残差,3.137,30,残差异常：采煤机_破碎机_电机_电流 偏高（残差 Z-score=3.1，实际=39.0 vs 预测=4.2）
2164,2024-04-21 18:09:00,2024-04-21 18:12:00,4.0,待机,IsolationForest; Mahalanobis; 单变量IQR+3σ; 残差,2130.116,120,Mahalanobis 距离=2130.1（阈值=18.5）。主要贡献特征：PC2 (62.3%); PC3 (37.7%)。
2165,2024-04-21 18:14:00,2024-04-21 18:19:00,6.0,割煤中位,IsolationForest; Mahalanobis; 单变量IQR+3σ; 残差,22.607,180,残差异常：采煤机_破碎机_电机_电流 偏高（残差 Z-score=22.6，实际=282.0 vs 预测=31.2）
2166,2024-04-21 18:21:00,2024-04-21 18:22:00,2.0,割煤中位,IsolationForest; Mahalanobis; 单变量IQR+3σ; 残差,6.597,60,残差异常：采煤机_油泵_右电机_电流 偏高（残差 Z-score=6.6，实际=58.0 vs 预测=17.0）
2167,2024-04-21 18:27:00,2024-04-21 18:30:00,4.0,待机-高位,IsolationForest; Mahalanobis; 单变量IQR+3σ; 残差,1562.365,120,Mahalanobis 距离=1562.4（阈值=18.5）。主要贡献特征：PC2 (65.3%); PC3 (34.4%)。
2168,2024-04-21 18:35:00,2024-04-21 18:39:00,5.0,调架中,IsolationForest; Mahalanobis; 单变量IQR+3σ; 残差,23.61,150,Mahalanobis 距离=23.6（阈值=18.5）。主要贡献特征：PC2 (61.4%); PC3 (36.6%); PC1 (1.3%)。
2169,2024-04-21 18:44:00,2024-04-21 18:44:00,1.0,割煤中位,IsolationForest; Mahalanobis; 单变量IQR+3σ; 残差,5.326,30,正常
2170,2024-04-21 18:46:00,2024-04-21 18:47:00,2.0,割煤高位,IsolationForest; Mahalanobis; 单变量IQR+3σ; 残差,5.328,60,残差异常：采煤机_油泵_右电机_电流 偏高（残差 Z-score=5.3，实际=57.0 vs 预测=17.6）
2171,2024-04-21 18:55:00,2024-04-21 18:57:00,3.0,待机,IsolationForest; Mahalanobis; 单变量IQR+3σ; 残差,2625.719,90,Mahalanobis 距离=2625.7（阈值=18.5）。主要贡献特征：PC2 (75.2%); PC3 (23.7%); PC4 (1.1%)。
2172,2024-04-21 19:10:00,2024-04-21 19:10:00,1.0,割煤中位,IsolationForest; Mahalanobis; 单变量IQR+3σ; 残差,3.199,30,残差异常：采煤机_截割部位_右滚筒_电机_电流 偏高（残差 Z-score=3.2，实际=197.0 vs 预测=85.4）
2173,2024-04-21 19:16:00,2024-04-21 19:16:00,1.0,割煤中位,IsolationForest; Mahalanobis; 单变量IQR+3σ; 残差,3.662,30,正常
2174,2024-04-21 19:32:00,2024-04-21 19:38:00,7.0,割煤中位,IsolationForest; Mahalanobis; 单变量IQR+3σ; 残差,6.78,210,正常
2175,2024-04-21 19:40:00,2024-04-21 19:44:00,5.0,待机-高位,IsolationForest; Mahalanobis; 单变量IQR+3σ; 残差,9601.489,150,Mahalanobis 距离=9601.5（阈值=18.5）。主要贡献特征：PC2 (93.4%); PC3 (6.4%)。
2176,2024-04-21 19:50:00,2024-04-21 19:50:00,1.0,割煤高位,IsolationForest; Mahalanobis; 单变量IQR+3σ; 残差,3.667,30,正常
2177,2024-04-21 19:58:00,2024-04-21 19:58:00,1.0,割煤中位,IsolationForest; Mahalanobis; 单变量IQR+3σ; 残差,3.07,30,正常
2178,2024-04-21 20:01:00,2024-04-21 20:01:00,1.0,割煤高位,IsolationForest; Mahalanobis; 单变量IQR+3σ; 残差,6.1,30,正常
2179,2024-04-21 20:06:00,2024-04-21 20:07:00,2.0,割煤中位,IsolationForest; Mahalanobis; 单变量IQR+3σ; 残差,4.887,60,残差异常：采煤机_截割部位_左滚筒_电机_电流 偏高（残差 Z-score=4.9，实际=291.0 vs 预测=85.6）
2180,2024-04-21 20:49:00,2024-04-21 20:50:00,2.0,割煤中位,IsolationForest; Mahalanobis; 单变量IQR+3σ; 残差,3.953,60,正常
2181,2024-04-21 20:58:00,2024-04-21 20:58:00,1.0,割煤高位,IsolationForest; Mahalanobis; 单变量IQR+3σ; 残差,3.61,30,正常
2182,2024-04-21 21:04:00,2024-04-21 21:06:00,3.0,待机-高位,IsolationForest; Mahalanobis; 单变量IQR+3σ; 残差,1854.18,90,Mahalanobis 距离=1854.2（阈值=18.5）。主要贡献特征：PC2 (66.7%); PC3 (32.7%)。
2183,2024-04-21 21:12:00,2024-04-21 21:18:00,7.0,待机,IsolationForest; Mahalanobis; 单变量IQR+3σ; 残差,2665.69,210,Mahalanobis 距离=2665.7（阈值=18.5）。主要贡献特征：PC2 (88.4%); PC3 (11.5%)。
2184,2024-04-21 21:28:00,2024-04-21 21:28:00,1.0,割煤高位,IsolationForest; Mahalanobis; 单变量IQR+3σ; 残差,3.61,30,正常
2185,2024-04-21 21:54:00,2024-04-21 22:05:00,12.0,待机-高位,IsolationForest; Mahalanobis; 单变量IQR+3σ; 残差,3279.829,360,Mahalanobis 距离=3279.8（阈值=18.5）。主要贡献特征：PC2 (71.9%); PC3 (27.8%)。
2186,2024-04-21 22:07:00,2024-04-21 22:09:00,3.0,割煤中位,IsolationForest; Mahalanobis; 单变量IQR+3σ; 残差,4.521,90,正常
2187,2024-04-21 22:13:00,2024-04-21 22:13:00,1.0,割煤高位,IsolationForest; Mahalanobis; 单变量IQR+3σ; 残差,1.668,30,正常
2188,2024-04-21 22:27:00,2024-04-21 22:29:00,3.0,割煤中位,IsolationForest; Mahalanobis; 单变量IQR+3σ; 残差,3.365,90,单变量异常：采煤机_截割部位_左滚筒_电机_电流（z-score=3.4，实际=242.0，均值=95.5±43.5）
2189,2024-04-21 22:38:00,2024-04-21 22:38:00,1.0,割煤高位,IsolationForest; Mahalanobis; 单变量IQR+3σ; 残差,1.476,30,正常
2190,2024-04-21 22:45:00,2024-04-21 22:47:00,3.0,割煤高位,IsolationForest; Mahalanobis; 单变量IQR+3σ; 残差,4.247,90,正常
2191,2024-04-21 22:50:00,2024-04-21 22:50:00,1.0,割煤高位,IsolationForest; Mahalanobis; 单变量IQR+3σ; 残差,5.368,30,正常
2192,2024-04-21 23:00:00,2024-04-21 23:00:00,1.0,割煤高位,IsolationForest; Mahalanobis; 单变量IQR+3σ; 残差,4.652,30,残差异常：采煤机_油泵_右电机_电流 偏高（残差 Z-score=4.7，实际=51.0 vs 预测=16.6）
2193,2024-04-21 23:06:00,2024-04-21 23:06:00,1.0,调架中,IsolationForest; Mahalanobis; 单变量IQR+3σ; 残差,4.36,30,残差异常：采煤机_牵引部位_右电机_电流 偏高（残差 Z-score=4.4，实际=222.0 vs 预测=14.8）
2194,2024-04-21 23:13:00,2024-04-21 23:16:00,4.0,待机-高位,IsolationForest; Mahalanobis; 单变量IQR+3σ; 残差,1423.937,120,Mahalanobis 距离=1423.9（阈值=18.5）。主要贡献特征：PC2 (84.9%); PC3 (14.6%)。
2195,2024-04-21 23:24:00,2024-04-21 23:25:00,2.0,调架中,IsolationForest; Mahalanobis; 单变量IQR+3σ; 残差,3.988,60,正常
2196,2024-04-21 23:30:00,2024-04-21 23:33:00,4.0,待机,IsolationForest; Mahalanobis; 单变量IQR+3σ; 残差,1651.594,120,Mahalanobis 距离=1651.6（阈值=18.5）。主要贡献特征：PC2 (60.2%); PC3 (39.8%)。
2197,2024-04-21 23:45:00,2024-04-21 23:49:00,5.0,待机-高位,IsolationForest; Mahalanobis; 单变量IQR+3σ; 残差,1908.056,150,Mahalanobis 距离=1908.1（阈值=18.5）。主要贡献特征：PC2 (96.7%); PC3 (3.3%)。
2198,2024-04-21 23:54:00,2024-04-21 23:56:00,3.0,割煤高位,IsolationForest; Mahalanobis; 单变量IQR+3σ; 残差,4.922,90,残差异常：采煤机_油泵_右电机_电流 偏高（残差 Z-score=4.9，实际=54.0 vs 预测=17.6）
2199,2024-04-22 00:01:00,2024-04-22 00:02:00,2.0,割煤中位,IsolationForest; Mahalanobis; 单变量IQR+3σ; 残差,7.047,60,残差异常：采煤机_油泵_右电机_电流 偏高（残差 Z-score=7.0，实际=61.0 vs 预测=17.2）
2200,2024-04-22 00:06:00,2024-04-22 00:08:00,3.0,待机,IsolationForest; Mahalanobis; 单变量IQR+3σ; 残差,5039.515,90,Mahalanobis 距离=5039.5（阈值=18.5）。主要贡献特征：PC2 (83.8%); PC3 (15.0%); PC4 (1.2%)。
2201,2024-04-22 00:13:00,2024-04-22 00:15:00,3.0,割煤中位,IsolationForest; Mahalanobis; 单变量IQR+3σ; 残差,1.931,90,正常
2202,2024-04-22 00:18:00,2024-04-22 00:18:00,1.0,割煤高位,IsolationForest; Mahalanobis; 单变量IQR+3σ; 残差,4.636,30,正常
2203,2024-04-22 00:24:00,2024-04-22 00:25:00,2.0,调架中,IsolationForest; Mahalanobis; 单变量IQR+3σ; 残差,5.577,60,残差异常：采煤机_油泵_左电机_电流 偏高（残差 Z-score=5.6，实际=62.0 vs 预测=17.0）
2204,2024-04-22 00:33:00,2024-04-22 00:35:00,3.0,待机-高位,IsolationForest; Mahalanobis; 单变量IQR+3σ; 残差,5347.651,90,Mahalanobis 距离=5347.7（阈值=18.5）。主要贡献特征：PC2 (81.7%); PC3 (18.0%)。
2205,2024-04-22 00:39:00,2024-04-22 00:42:00,4.0,割煤中位,IsolationForest; Mahalanobis; 单变量IQR+3σ; 残差,6.708,120,单变量异常：采煤机_油泵_左电机_电流（z-score=6.7，实际=62.0，均值=18.3±6.5）
2206,2024-04-22 00:54:00,2024-04-22 00:57:00,4.0,待机-高位,IsolationForest; Mahalanobis; 单变量IQR+3σ; 残差,3371.168,120,Mahalanobis 距离=3371.2（阈值=18.5）。主要贡献特征：PC2 (95.9%); PC4 (3.2%)。
2207,2024-04-22 01:12:00,2024-04-22 01:12:00,1.0,调架中,IsolationForest; Mahalanobis; 单变量IQR+3σ; 残差,4.002,30,正常
2208,2024-04-22 01:14:00,2024-04-22 01:14:00,1.0,割煤高位,IsolationForest; Mahalanobis; 单变量IQR+3σ; 残差,3.802,30,正常
2209,2024-04-22 01:30:00,2024-04-22 01:30:00,1.0,割煤高位,IsolationForest; Mahalanobis; 单变量IQR+3σ; 残差,5.159,30,残差异常：采煤机_截割部位_左滚筒_电机_电流 偏高（残差 Z-score=5.2，实际=275.0 vs 预测=69.2）
2210,2024-04-22 01:32:00,2024-04-22 01:32:00,1.0,割煤中位,IsolationForest; Mahalanobis; 单变量IQR+3σ; 残差,5.173,30,正常
2211,2024-04-22 01:42:00,2024-04-22 01:43:00,2.0,割煤高位,IsolationForest; Mahalanobis; 单变量IQR+3σ; 残差,3.199,60,残差异常：采煤机_牵引部位_左电机_电流 偏高（残差 Z-score=3.2，实际=199.0 vs 预测=99.0）
2212,2024-04-22 01:48:00,2024-04-22 01:50:00,3.0,待机-高位,IsolationForest; Mahalanobis; 单变量IQR+3σ; 残差,3411.123,90,Mahalanobis 距离=3411.1（阈值=18.5）。主要贡献特征：PC2 (92.2%); PC4 (5.2%); PC3 (2.5%)。
2213,2024-04-22 01:53:00,2024-04-22 01:53:00,1.0,割煤高位,IsolationForest; Mahalanobis; 单变量IQR+3σ; 残差,2.54,30,正常
2214,2024-04-22 01:59:00,2024-04-22 02:01:00,3.0,割煤中位,IsolationForest; Mahalanobis; 单变量IQR+3σ; 残差,6.094,90,单变量异常：采煤机_油泵_左电机_电流（z-score=6.1，实际=58.0，均值=18.3±6.5）
2215,2024-04-22 02:17:00,2024-04-22 02:17:00,1.0,待机-高位,IsolationForest; Mahalanobis; 单变量IQR+3σ; 残差,1872.647,30,Mahalanobis 距离=1872.6（阈值=18.5）。主要贡献特征：PC2 (62.5%); PC3 (37.5%)。
2216,2024-04-22 02:22:00,2024-04-22 02:23:00,2.0,待机-高位,IsolationForest; Mahalanobis; 单变量IQR+3σ; 残差,1606.787,60,Mahalanobis 距离=1606.8（阈值=18.5）。主要贡献特征：PC2 (64.9%); PC3 (35.0%)。
2217,2024-04-22 02:29:00,2024-04-22 02:34:00,6.0,割煤中位,IsolationForest; Mahalanobis; 单变量IQR+3σ; 残差,23.527,180,残差异常：采煤机_破碎机_电机_电流 偏高（残差 Z-score=23.5，实际=261.0 vs 预测=0.0）
2218,2024-04-22 02:42:00,2024-04-22 02:42:00,1.0,割煤高位,IsolationForest; Mahalanobis; 单变量IQR+3σ; 残差,3.158,30,残差异常：采煤机_破碎机_电机_电流 偏高（残差 Z-score=3.2，实际=37.0 vs 预测=0.0）
2219,2024-04-22 02:48:00,2024-04-22 02:48:00,1.0,割煤高位,IsolationForest; Mahalanobis; 单变量IQR+3σ; 残差,4.841,30,残差异常：采煤机_油泵_右电机_电流 偏高（残差 Z-score=4.8，实际=53.0 vs 预测=17.2）
2220,2024-04-22 02:55:00,2024-04-22 02:56:00,2.0,割煤中位,IsolationForest; Mahalanobis; 单变量IQR+3σ; 残差,3.457,60,正常
2221,2024-04-22 02:59:00,2024-04-22 03:02:00,4.0,待机,IsolationForest; Mahalanobis; 单变量IQR+3σ; 残差,7785.937,120,Mahalanobis 距离=7785.9（阈值=18.5）。主要贡献特征：PC2 (97.6%); PC3 (2.3%)。
2222,2024-04-22 03:04:00,2024-04-22 03:07:00,4.0,调架中,IsolationForest; Mahalanobis; 单变量IQR+3σ; 残差,3.92,120,正常
2223,2024-04-22 03:14:00,2024-04-22 03:16:00,3.0,割煤中位,IsolationForest; Mahalanobis; 单变量IQR+3σ; 残差,3.949,90,正常
2224,2024-04-22 03:33:00,2024-04-22 03:33:00,1.0,割煤中位,IsolationForest; Mahalanobis; 单变量IQR+3σ; 残差,3.4,30,正常
2225,2024-04-22 03:38:00,2024-04-22 03:38:00,1.0,割煤高位,IsolationForest; Mahalanobis; 单变量IQR+3σ; 残差,4.196,30,正常
2226,2024-04-22 03:49:00,2024-04-22 03:49:00,1.0,割煤高位,IsolationForest; Mahalanobis; 单变量IQR+3σ; 残差,4.316,30,正常
2227,2024-04-22 03:51:00,2024-04-22 03:54:00,4.0,割煤高位,IsolationForest; Mahalanobis; 单变量IQR+3σ; 残差,5.053,120,正常
2228,2024-04-22 03:57:00,2024-04-22 03:59:00,3.0,调架中,IsolationForest; Mahalanobis; 单变量IQR+3σ; 残差,4.472,90,正常
2229,2024-04-22 04:11:00,2024-04-22 04:11:00,1.0,割煤低位,IsolationForest; Mahalanobis; 单变量IQR+3σ; 残差,13.558,30,残差异常：采煤机_截割部位_左滚筒_电机_电流 偏高（残差 Z-score=13.6，实际=242.0 vs 预测=64.2）
2230,2024-04-22 04:16:00,2024-04-22 04:16:00,1.0,割煤高位,IsolationForest; Mahalanobis; 单变量IQR+3σ; 残差,3.655,30,残差异常：采煤机_截割部位_左滚筒_电机_电流 偏高（残差 Z-score=3.7，实际=240.0 vs 预测=94.2）
2231,2024-04-22 04:18:00,2024-04-22 04:20:00,3.0,割煤高位,IsolationForest; Mahalanobis; 单变量IQR+3σ; 残差,2.903,90,正常
2232,2024-04-22 04:57:00,2024-04-22 04:57:00,1.0,割煤中位,IsolationForest; Mahalanobis; 单变量IQR+3σ; 残差,3.992,30,残差异常：采煤机_截割部位_左滚筒_电机_电流 偏高（残差 Z-score=4.0，实际=248.0 vs 预测=80.2）
2233,2024-04-22 05:04:00,2024-04-22 05:07:00,4.0,待机-高位,IsolationForest; Mahalanobis; 单变量IQR+3σ; 残差,1807.745,120,Mahalanobis 距离=1807.7（阈值=18.5）。主要贡献特征：PC2 (68.3%); PC3 (31.5%)。
2234,2024-04-22 05:11:00,2024-04-22 05:11:00,1.0,割煤高位,IsolationForest; Mahalanobis; 单变量IQR+3σ; 残差,2.763,30,正常
2235,2024-04-22 05:14:00,2024-04-22 05:14:00,1.0,割煤高位,IsolationForest; Mahalanobis; 单变量IQR+3σ; 残差,3.755,30,残差异常：采煤机_破碎机_电机_电流 偏高（残差 Z-score=3.8，实际=44.0 vs 预测=0.0）
2236,2024-04-22 05:16:00,2024-04-22 05:16:00,1.0,割煤中位,IsolationForest; Mahalanobis; 单变量IQR+3σ; 残差,3.479,30,残差异常：采煤机_破碎机_电机_电流 偏高（残差 Z-score=3.5，实际=45.0 vs 预测=6.4）
2237,2024-04-22 05:25:00,2024-04-22 05:25:00,1.0,割煤中位,IsolationForest; Mahalanobis; 单变量IQR+3σ; 残差,5.857,30,残差异常：采煤机_油泵_右电机_电流 偏高（残差 Z-score=5.9，实际=54.0 vs 预测=17.6）
2238,2024-04-22 05:29:00,2024-04-22 05:29:00,1.0,调架中,IsolationForest; Mahalanobis; 单变量IQR+3σ; 残差,8.819,30,正常
2239,2024-04-22 05:53:00,2024-04-22 05:53:00,1.0,割煤高位,IsolationForest; Mahalanobis; 单变量IQR+3σ; 残差,4.489,30,正常
2240,2024-04-22 06:00:00,2024-04-22 06:00:00,1.0,割煤中位,IsolationForest; Mahalanobis; 单变量IQR+3σ; 残差,4.866,30,正常
2241,2024-04-22 06:08:00,2024-04-22 06:08:00,1.0,割煤中位,IsolationForest; Mahalanobis; 单变量IQR+3σ; 残差,5.814,30,残差异常：采煤机_截割部位_右滚筒_电机_电流 偏高（残差 Z-score=5.8，实际=291.0 vs 预测=88.2）
2242,2024-04-22 06:26:00,2024-04-22 06:26:00,1.0,割煤高位,IsolationForest; Mahalanobis; 单变量IQR+3σ; 残差,4.131,30,正常
2243,2024-04-22 06:30:00,2024-04-22 06:30:00,1.0,割煤高位,IsolationForest; Mahalanobis; 单变量IQR+3σ; 残差,4.239,30,正常
2244,2024-04-22 06:33:00,2024-04-22 06:34:00,2.0,割煤中位,IsolationForest; Mahalanobis; 单变量IQR+3σ; 残差,6.565,60,残差异常：采煤机_油泵_右电机_电流 偏高（残差 Z-score=6.6，实际=58.0 vs 预测=17.2）
2245,2024-04-22 06:37:00,2024-04-22 06:38:00,2.0,割煤高位,IsolationForest; Mahalanobis; 单变量IQR+3σ; 残差,4.807,60,残差异常：采煤机_截割部位_右滚筒_电机_电流 偏高（残差 Z-score=4.8，实际=273.0 vs 预测=75.2）
2246,2024-04-22 06:42:00,2024-04-22 06:44:00,3.0,割煤中位,IsolationForest; Mahalanobis; 单变量IQR+3σ; 残差,4.073,90,正常
2247,2024-04-22 06:46:00,2024-04-22 06:47:00,2.0,待机,IsolationForest; Mahalanobis; 单变量IQR+3σ; 残差,3056.271,60,Mahalanobis 距离=3056.3（阈值=18.5）。主要贡献特征：PC2 (65.9%); PC3 (33.8%)。
2248,2024-04-22 07:21:00,2024-04-22 07:21:00,1.0,调架中,IsolationForest; Mahalanobis; 单变量IQR+3σ; 残差,6.174,30,正常
2249,2024-04-22 07:26:00,2024-04-22 07:28:00,3.0,割煤中位,IsolationForest; Mahalanobis; 单变量IQR+3σ; 残差,2.228,90,单变量异常：采煤机_油泵_右电机_温度（z-score=2.2，实际=57.0，均值=50.4±3.0）
2250,2024-04-22 07:35:00,2024-04-22 07:35:00,1.0,割煤中位,IsolationForest; Mahalanobis; 单变量IQR+3σ; 残差,6.114,30,残差异常：采煤机_油泵_右电机_电流 偏高（残差 Z-score=6.1，实际=55.0 vs 预测=17.0）
2251,2024-04-22 07:43:00,2024-04-22 07:43:00,1.0,割煤中位,IsolationForest; Mahalanobis; 单变量IQR+3σ; 残差,4.056,30,残差异常：采煤机_破碎机_电机_电流 偏高（残差 Z-score=4.1，实际=45.0 vs 预测=0.0）
2252,2024-04-22 07:49:00,2024-04-22 07:50:00,2.0,待机-高位,IsolationForest; Mahalanobis; 单变量IQR+3σ; 残差,1855.17,60,Mahalanobis 距离=1855.2（阈值=18.5）。主要贡献特征：PC2 (67.5%); PC3 (32.0%)。
2253,2024-04-22 07:58:00,2024-04-22 07:58:00,1.0,割煤中位,IsolationForest; Mahalanobis; 单变量IQR+3σ; 残差,3.513,30,正常
2254,2024-04-22 08:00:00,2024-04-22 08:02:00,3.0,待机,IsolationForest; Mahalanobis; 单变量IQR+3σ; 残差,6829.524,90,Mahalanobis 距离=6829.5（阈值=18.5）。主要贡献特征：PC2 (88.7%); PC3 (10.8%)。
2255,2024-04-22 08:11:00,2024-04-22 08:12:00,2.0,待机,IsolationForest; Mahalanobis; 单变量IQR+3σ; 残差,2188.352,60,Mahalanobis 距离=2188.4（阈值=18.5）。主要贡献特征：PC2 (67.4%); PC3 (29.9%); PC4 (2.6%)。
2256,2024-04-22 08:20:00,2024-04-22 08:24:00,5.0,割煤中位,IsolationForest; Mahalanobis; 单变量IQR+3σ; 残差,22.348,150,Mahalanobis 距离=22.3（阈值=18.5）。主要贡献特征：PC2 (83.4%); PC3 (16.4%)。
2257,2024-04-22 08:30:00,2024-04-22 08:37:00,8.0,调架中,IsolationForest; Mahalanobis; 单变量IQR+3σ; 残差,4.784,240,残差异常：采煤机_油泵_左电机_电流 偏高（残差 Z-score=4.8，实际=55.0 vs 预测=16.4）
2258,2024-04-22 08:41:00,2024-04-22 08:43:00,3.0,待机-高位,IsolationForest; Mahalanobis; 单变量IQR+3σ; 残差,4259.526,90,Mahalanobis 距离=4259.5（阈值=18.5）。主要贡献特征：PC2 (76.0%); PC3 (23.7%)。
2259,2024-04-22 08:45:00,2024-04-22 08:49:00,5.0,待机-高位,IsolationForest; Mahalanobis; 单变量IQR+3σ; 残差,2182.722,150,Mahalanobis 距离=2182.7（阈值=18.5）。主要贡献特征：PC2 (77.6%); PC3 (22.4%)。
2260,2024-04-22 08:54:00,2024-04-22 08:55:00,2.0,割煤高位,IsolationForest; Mahalanobis; 单变量IQR+3σ; 残差,3.392,60,正常
2261,2024-04-22 09:18:00,2024-04-22 09:18:00,1.0,割煤高位,IsolationForest; Mahalanobis; 单变量IQR+3σ; 残差,5.081,30,正常
2262,2024-04-22 09:21:00,2024-04-22 09:21:00,1.0,割煤中位,IsolationForest; Mahalanobis; 单变量IQR+3σ; 残差,5.941,30,正常
2263,2024-04-22 09:27:00,2024-04-22 09:27:00,1.0,割煤高位,IsolationForest; Mahalanobis; 单变量IQR+3σ; 残差,3.194,30,残差异常：采煤机_截割部位_左滚筒_电机_电流 偏高（残差 Z-score=3.2，实际=226.0 vs 预测=98.6）
2264,2024-04-22 09:39:00,2024-04-22 09:45:00,7.0,待机,IsolationForest; Mahalanobis; 单变量IQR+3σ; 残差,2647.181,210,Mahalanobis 距离=2647.2（阈值=18.5）。主要贡献特征：PC2 (54.0%); PC3 (44.8%); PC4 (1.1%)。
2265,2024-04-22 09:47:00,2024-04-22 09:47:00,1.0,割煤中位,IsolationForest; Mahalanobis; 单变量IQR+3σ; 残差,3.893,30,正常
2266,2024-04-22 09:58:00,2024-04-22 09:58:00,1.0,待机-高位,IsolationForest; Mahalanobis; 单变量IQR+3σ; 残差,1322.356,30,Mahalanobis 距离=1322.4（阈值=18.5）。主要贡献特征：PC2 (61.8%); PC3 (37.9%)。
2267,2024-04-22 10:06:00,2024-04-22 10:06:00,1.0,调架中,IsolationForest; Mahalanobis; 单变量IQR+3σ; 残差,5.985,30,正常
2268,2024-04-22 10:11:00,2024-04-22 10:11:00,1.0,割煤中位,IsolationForest; Mahalanobis; 单变量IQR+3σ; 残差,6.862,30,正常
2269,2024-04-22 10:15:00,2024-04-22 10:18:00,4.0,待机,IsolationForest; Mahalanobis; 单变量IQR+3σ; 残差,3295.87,120,Mahalanobis 距离=3295.9（阈值=18.5）。主要贡献特征：PC2 (80.8%); PC3 (19.1%)。
2270,2024-04-22 10:20:00,2024-04-22 10:23:00,4.0,待机,IsolationForest; Mahalanobis; 单变量IQR+3σ; 残差,1969.817,120,Mahalanobis 距离=1969.8（阈值=18.5）。主要贡献特征：PC2 (73.3%); PC3 (26.7%)。
2271,2024-04-22 10:25:00,2024-04-22 10:30:00,6.0,待机,IsolationForest; Mahalanobis; 单变量IQR+3σ; 残差,26.339,180,Mahalanobis 距离=26.3（阈值=18.5）。主要贡献特征：PC3 (52.2%); PC2 (46.1%); PC4 (1.6%)。
2272,2024-04-22 12:28:00,2024-04-22 12:31:00,4.0,停机,IsolationForest; Mahalanobis; 单变量IQR+3σ; 残差,7.664,120,正常
2273,2024-04-22 14:26:00,2024-04-22 14:31:00,6.0,待机,IsolationForest; Mahalanobis; 单变量IQR+3σ; 残差,27.194,180,Mahalanobis 距离=27.2（阈值=18.5）。主要贡献特征：PC3 (65.3%); PC2 (27.2%); PC4 (7.0%)。
2274,2024-04-22 15:34:00,2024-04-22 15:46:00,13.0,待机-高位,IsolationForest; Mahalanobis; 单变量IQR+3σ; 残差,29487.355,390,Mahalanobis 距离=29487.4（阈值=18.5）。主要贡献特征：PC2 (95.2%); PC3 (4.8%)。
2275,2024-04-22 16:05:00,2024-04-22 16:05:00,1.0,待机-高位,IsolationForest; Mahalanobis; 单变量IQR+3σ; 残差,1.71,30,正常
2276,2024-04-22 16:07:00,2024-04-22 16:07:00,1.0,停机,IsolationForest; Mahalanobis; 单变量IQR+3σ; 残差,4.246,30,残差异常：采煤机_油泵_右电机_电流 偏高（残差 Z-score=4.2，实际=21.0 vs 预测=0.0）
2277,2024-04-22 16:09:00,2024-04-22 16:19:00,11.0,割煤高位,IsolationForest; Mahalanobis; 单变量IQR+3σ; 残差,4.354,330,残差异常：采煤机_油泵_右电机_电流 偏高（残差 Z-score=4.4，实际=50.0 vs 预测=17.8）
2278,2024-04-22 16:22:00,2024-04-22 16:22:00,1.0,割煤高位,IsolationForest; Mahalanobis; 单变量IQR+3σ; 残差,22.188,30,残差异常：采煤机_破碎机_电机_电流 偏高（残差 Z-score=22.2，实际=260.0 vs 预测=0.0）
2279,2024-04-22 16:24:00,2024-04-22 16:24:00,1.0,割煤高位,IsolationForest; Mahalanobis; 单变量IQR+3σ; 残差,1.506,30,正常
2280,2024-04-22 16:26:00,2024-04-22 16:29:00,4.0,待机-高位,IsolationForest; Mahalanobis; 单变量IQR+3σ; 残差,2400.057,120,Mahalanobis 距离=2400.1（阈值=18.5）。主要贡献特征：PC2 (72.4%); PC3 (27.5%)。
2281,2024-04-22 16:45:00,2024-04-22 16:45:00,1.0,割煤高位,IsolationForest; Mahalanobis; 单变量IQR+3σ; 残差,3.707,30,正常
2282,2024-04-22 16:48:00,2024-04-22 16:57:00,10.0,待机-高位,IsolationForest; Mahalanobis; 单变量IQR+3σ; 残差,1449.934,300,Mahalanobis 距离=1449.9（阈值=18.5）。主要贡献特征：PC2 (58.5%); PC3 (40.4%); PC4 (1.2%)。
2283,2024-04-22 17:04:00,2024-04-22 17:07:00,4.0,割煤高位,IsolationForest; Mahalanobis; 单变量IQR+3σ; 残差,4.315,120,残差异常：采煤机_截割部位_左滚筒_电机_温度 偏高（残差 Z-score=4.3，实际=73.0 vs 预测=60.6）
2284,2024-04-22 17:12:00,2024-04-22 17:12:00,1.0,割煤高位,IsolationForest; Mahalanobis; 单变量IQR+3σ; 残差,5.368,30,正常
2285,2024-04-22 17:20:00,2024-04-22 17:23:00,4.0,待机-高位,IsolationForest; Mahalanobis; 单变量IQR+3σ; 残差,1794.479,120,Mahalanobis 距离=1794.5（阈值=18.5）。主要贡献特征：PC2 (64.2%); PC3 (35.3%)。
2286,2024-04-22 17:33:00,2024-04-22 17:36:00,4.0,割煤中位,IsolationForest; Mahalanobis; 单变量IQR+3σ; 残差,3.803,120,正常
2287,2024-04-22 17:41:00,2024-04-22 17:44:00,4.0,待机-高位,IsolationForest; Mahalanobis; 单变量IQR+3σ; 残差,4147.291,120,Mahalanobis 距离=4147.3（阈值=18.5）。主要贡献特征：PC2 (83.7%); PC3 (16.1%)。
2288,2024-04-22 17:47:00,2024-04-22 17:48:00,2.0,割煤高位,IsolationForest; Mahalanobis; 单变量IQR+3σ; 残差,5.515,60,正常
2289,2024-04-22 17:56:00,2024-04-22 17:59:00,4.0,待机,IsolationForest; Mahalanobis; 单变量IQR+3σ; 残差,7717.434,120,Mahalanobis 距离=7717.4（阈值=18.5）。主要贡献特征：PC2 (88.8%); PC3 (10.6%)。
2290,2024-04-22 18:34:00,2024-04-22 18:34:00,1.0,停机,IsolationForest; Mahalanobis; 单变量IQR+3σ; 残差,4.075,30,残差异常：采煤机_油泵_左电机_电流 偏高（残差 Z-score=4.1，实际=20.0 vs 预测=0.0）
2291,2024-04-22 18:41:00,2024-04-22 18:45:00,5.0,调架中,IsolationForest; Mahalanobis; 单变量IQR+3σ; 残差,19.089,150,Mahalanobis 距离=19.1（阈值=18.5）。主要贡献特征：PC4 (95.1%); PC3 (3.9%)。
2292,2024-04-22 18:58:00,2024-04-22 18:58:00,1.0,割煤中位,IsolationForest; Mahalanobis; 单变量IQR+3σ; 残差,4.859,30,残差异常：采煤机_油泵_右电机_电流 偏高（残差 Z-score=4.9，实际=48.0 vs 预测=17.8）
2293,2024-04-22 19:04:00,2024-04-22 19:06:00,3.0,待机-高位,IsolationForest; Mahalanobis; 单变量IQR+3σ; 残差,9183.932,90,Mahalanobis 距离=9183.9（阈值=18.5）。主要贡献特征：PC2 (93.0%); PC3 (6.7%)。
2294,2024-04-22 19:08:00,2024-04-22 19:12:00,5.0,割煤中位,IsolationForest; Mahalanobis; 单变量IQR+3σ; 残差,7.169,150,单变量异常：采煤机_油泵_左电机_电流（z-score=7.2，实际=65.0，均值=18.3±6.5）
2295,2024-04-22 19:26:00,2024-04-22 19:26:00,1.0,割煤中位,IsolationForest; Mahalanobis; 单变量IQR+3σ; 残差,4.859,30,残差异常：采煤机_油泵_右电机_电流 偏高（残差 Z-score=4.9，实际=48.0 vs 预测=17.8）
2296,2024-04-22 19:38:00,2024-04-22 19:38:00,1.0,割煤高位,IsolationForest; Mahalanobis; 单变量IQR+3σ; 残差,3.495,30,残差异常：采煤机_截割部位_左滚筒_电机_电流 偏高（残差 Z-score=3.5，实际=219.0 vs 预测=79.6）
2297,2024-04-22 19:48:00,2024-04-22 19:48:00,1.0,割煤高位,IsolationForest; Mahalanobis; 单变量IQR+3σ; 残差,1.378,30,正常
2298,2024-04-22 19:51:00,2024-04-22 19:54:00,4.0,待机-高位,IsolationForest; Mahalanobis; 单变量IQR+3σ; 残差,2652.533,120,Mahalanobis 距离=2652.5（阈值=18.5）。主要贡献特征：PC2 (81.4%); PC3 (18.0%)。
2299,2024-04-22 19:58:00,2024-04-22 20:01:00,4.0,待机-高位,IsolationForest; Mahalanobis; 单变量IQR+3σ; 残差,1843.917,120,Mahalanobis 距离=1843.9（阈值=18.5）。主要贡献特征：PC2 (94.1%); PC4 (4.6%); PC3 (1.3%)。
2300,2024-04-22 20:07:00,2024-04-22 20:08:00,2.0,割煤高位,IsolationForest; Mahalanobis; 单变量IQR+3σ; 残差,3.458,60,正常
2301,2024-04-22 20:12:00,2024-04-22 20:12:00,1.0,割煤高位,IsolationForest; Mahalanobis; 单变量IQR+3σ; 残差,3.413,30,残差异常：采煤机_破碎机_电机_电流 偏高（残差 Z-score=3.4，实际=40.0 vs 预测=0.0）
2302,2024-04-22 20:15:00,2024-04-22 20:17:00,3.0,待机,IsolationForest; Mahalanobis; 单变量IQR+3σ; 残差,2726.593,90,Mahalanobis 距离=2726.6（阈值=18.5）。主要贡献特征：PC2 (73.3%); PC3 (25.5%); PC4 (1.2%)。
2303,2024-04-22 20:27:00,2024-04-22 20:27:00,1.0,割煤中位,IsolationForest; Mahalanobis; 单变量IQR+3σ; 残差,6.372,30,残差异常：采煤机_油泵_右电机_电流 偏高（残差 Z-score=6.4，实际=57.0 vs 预测=17.4）
2304,2024-04-22 20:35:00,2024-04-22 20:35:00,1.0,割煤高位,IsolationForest; Mahalanobis; 单变量IQR+3σ; 残差,3.743,30,残差异常：采煤机_截割部位_右滚筒_电机_电流 偏高（残差 Z-score=3.7，实际=244.0 vs 预测=90.0）
2305,2024-04-22 20:52:00,2024-04-22 20:54:00,3.0,待机,IsolationForest; Mahalanobis; 单变量IQR+3σ; 残差,4089.57,90,Mahalanobis 距离=4089.6（阈值=18.5）。主要贡献特征：PC2 (78.7%); PC3 (21.0%)。
2306,2024-04-22 20:57:00,2024-04-22 20:57:00,1.0,割煤高位,IsolationForest; Mahalanobis; 单变量IQR+3σ; 残差,3.464,30,正常
2307,2024-04-22 21:00:00,2024-04-22 21:00:00,1.0,割煤高位,IsolationForest; Mahalanobis; 单变量IQR+3σ; 残差,4.003,30,残差异常：采煤机_油泵_右电机_电流 偏高（残差 Z-score=4.0，实际=47.0 vs 预测=17.4）
2308,2024-04-22 21:05:00,2024-04-22 21:05:00,1.0,割煤中位,IsolationForest; Mahalanobis; 单变量IQR+3σ; 残差,4.107,30,正常
2309,2024-04-22 21:09:00,2024-04-22 21:09:00,1.0,割煤高位,IsolationForest; Mahalanobis; 单变量IQR+3σ; 残差,4.489,30,正常
2310,2024-04-22 21:11:00,2024-04-22 21:11:00,1.0,割煤中位,IsolationForest; Mahalanobis; 单变量IQR+3σ; 残差,7.24,30,残差异常：采煤机_油泵_右电机_电流 偏高（残差 Z-score=7.2，实际=62.0 vs 预测=17.0）
2311,2024-04-22 21:18:00,2024-04-22 21:18:00,1.0,割煤高位,IsolationForest; Mahalanobis; 单变量IQR+3σ; 残差,4.929,30,正常
2312,2024-04-22 21:48:00,2024-04-22 21:49:00,2.0,待机-高位,IsolationForest; Mahalanobis; 单变量IQR+3σ; 残差,1401.754,60,Mahalanobis 距离=1401.8（阈值=18.5）。主要贡献特征：PC2 (60.4%); PC3 (39.5%)。
2313,2024-04-22 22:02:00,2024-04-22 22:02:00,1.0,调架中,IsolationForest; Mahalanobis; 单变量IQR+3σ; 残差,3.162,30,残差异常：采煤机_牵引部位_左电机_电流 偏高（残差 Z-score=3.2，实际=190.0 vs 预测=36.2）
2314,2024-04-22 22:19:00,2024-04-22 22:20:00,2.0,割煤高位,IsolationForest; Mahalanobis; 单变量IQR+3σ; 残差,4.489,60,正常
2315,2024-04-22 22:22:00,2024-04-22 22:22:00,1.0,割煤高位,IsolationForest; Mahalanobis; 单变量IQR+3σ; 残差,1.627,30,正常
2316,2024-04-22 22:24:00,2024-04-22 22:24:00,1.0,割煤高位,IsolationForest; Mahalanobis; 单变量IQR+3σ; 残差,4.192,30,残差异常：采煤机_油泵_右电机_电流 偏高（残差 Z-score=4.2，实际=48.0 vs 预测=17.0）
2317,2024-04-22 22:26:00,2024-04-22 22:28:00,3.0,待机-高位,IsolationForest; Mahalanobis; 单变量IQR+3σ; 残差,1434.767,90,Mahalanobis 距离=1434.8（阈值=18.5）。主要贡献特征：PC2 (62.3%); PC3 (36.7%); PC4 (1.0%)。
2318,2024-04-22 22:50:00,2024-04-22 22:51:00,2.0,割煤高位,IsolationForest; Mahalanobis; 单变量IQR+3σ; 残差,3.763,60,正常
2319,2024-04-22 22:57:00,2024-04-22 23:02:00,6.0,待机,IsolationForest; Mahalanobis; 单变量IQR+3σ; 残差,3223.604,180,Mahalanobis 距离=3223.6（阈值=18.5）。主要贡献特征：PC2 (76.6%); PC3 (22.2%); PC4 (1.2%)。
2320,2024-04-22 23:10:00,2024-04-22 23:11:00,2.0,割煤中位,IsolationForest; Mahalanobis; 单变量IQR+3σ; 残差,3.816,60,正常
2321,2024-04-22 23:13:00,2024-04-22 23:13:00,1.0,割煤高位,IsolationForest; Mahalanobis; 单变量IQR+3σ; 残差,4.782,30,正常
2322,2024-04-22 23:15:00,2024-04-22 23:15:00,1.0,割煤高位,IsolationForest; Mahalanobis; 单变量IQR+3σ; 残差,3.11,30,残差异常：采煤机_油泵_右电机_电流 偏高（残差 Z-score=3.1，实际=40.0 vs 预测=17.0）
2323,2024-04-22 23:20:00,2024-04-22 23:21:00,2.0,割煤中位,IsolationForest; Mahalanobis; 单变量IQR+3σ; 残差,6.246,60,正常
2324,2024-04-22 23:26:00,2024-04-22 23:30:00,5.0,割煤中位,IsolationForest; Mahalanobis; 单变量IQR+3σ; 残差,5.042,150,正常
2325,2024-04-22 23:32:00,2024-04-22 23:33:00,2.0,割煤高位,IsolationForest; Mahalanobis; 单变量IQR+3σ; 残差,4.96,60,残差异常：采煤机_截割部位_右滚筒_电机_温度 偏高（残差 Z-score=5.0，实际=77.0 vs 预测=65.2）
2326,2024-04-22 23:50:00,2024-04-22 23:53:00,4.0,待机-高位,IsolationForest; Mahalanobis; 单变量IQR+3σ; 残差,4665.184,120,Mahalanobis 距离=4665.2（阈值=18.5）。主要贡献特征：PC2 (80.5%); PC3 (19.1%)。
2327,2024-04-22 23:57:00,2024-04-22 23:58:00,2.0,割煤高位,IsolationForest; Mahalanobis; 单变量IQR+3σ; 残差,3.829,60,正常
2328,2024-04-23 00:00:00,2024-04-23 00:03:00,4.0,待机-高位,IsolationForest; Mahalanobis; 单变量IQR+3σ; 残差,3441.486,120,Mahalanobis 距离=3441.5（阈值=18.5）。主要贡献特征：PC2 (86.3%); PC3 (13.7%)。
2329,2024-04-23 00:07:00,2024-04-23 00:08:00,2.0,割煤高位,IsolationForest; Mahalanobis; 单变量IQR+3σ; 残差,3.874,60,正常
2330,2024-04-23 00:11:00,2024-04-23 00:12:00,2.0,割煤中位,IsolationForest; Mahalanobis; 单变量IQR+3σ; 残差,7.016,60,正常
2331,2024-04-23 00:14:00,2024-04-23 00:14:00,1.0,割煤高位,IsolationForest; Mahalanobis; 单变量IQR+3σ; 残差,8.368,30,残差异常：采煤机_截割部位_左滚筒_电机_电流 偏高（残差 Z-score=8.4，实际=410.0 vs 预测=76.2）
2332,2024-04-23 00:28:00,2024-04-23 00:28:00,1.0,割煤高位,IsolationForest; Mahalanobis; 单变量IQR+3σ; 残差,4.057,30,残差异常：采煤机_油泵_右电机_电流 偏高（残差 Z-score=4.1，实际=47.0 vs 预测=17.0）
2333,2024-04-23 00:41:00,2024-04-23 00:41:00,1.0,割煤高位,IsolationForest; Mahalanobis; 单变量IQR+3σ; 残差,3.11,30,残差异常：采煤机_油泵_右电机_电流 偏高（残差 Z-score=3.1，实际=40.0 vs 预测=17.0）
2334,2024-04-23 01:05:00,2024-04-23 01:05:00,1.0,割煤高位,IsolationForest; Mahalanobis; 单变量IQR+3σ; 残差,3.425,30,残差异常：采煤机_截割部位_左滚筒_电机_电流 偏高（残差 Z-score=3.4，实际=234.0 vs 预测=97.4）
2335,2024-04-23 01:18:00,2024-04-23 01:18:00,1.0,割煤高位,IsolationForest; Mahalanobis; 单变量IQR+3σ; 残差,3.944,30,正常
2336,2024-04-23 01:39:00,2024-04-23 01:39:00,1.0,割煤中位,IsolationForest; Mahalanobis; 单变量IQR+3σ; 残差,5.633,30,正常
2337,2024-04-23 01:42:00,2024-04-23 01:42:00,1.0,割煤高位,IsolationForest; Mahalanobis; 单变量IQR+3σ; 残差,4.598,30,残差异常：采煤机_油泵_右电机_电流 偏高（残差 Z-score=4.6，实际=51.0 vs 预测=17.0）
2338,2024-04-23 01:48:00,2024-04-23 01:51:00,4.0,待机,IsolationForest; Mahalanobis; 单变量IQR+3σ; 残差,1031.62,120,Mahalanobis 距离=1031.6（阈值=18.5）。主要贡献特征：PC2 (60.2%); PC3 (37.0%); PC4 (2.8%)。
2339,2024-04-23 02:00:00,2024-04-23 02:03:00,4.0,待机,IsolationForest; Mahalanobis; 单变量IQR+3σ; 残差,4502.886,120,Mahalanobis 距离=4502.9（阈值=18.5）。主要贡献特征：PC2 (93.1%); PC4 (6.2%)。
2340,2024-04-23 02:09:00,2024-04-23 02:09:00,1.0,割煤中位,IsolationForest; Mahalanobis; 单变量IQR+3σ; 残差,3.631,30,正常
2341,2024-04-23 02:12:00,2024-04-23 02:13:00,2.0,待机-高位,IsolationForest; Mahalanobis; 单变量IQR+3σ; 残差,2097.992,60,Mahalanobis 距离=2098.0（阈值=18.5）。主要贡献特征：PC2 (69.8%); PC3 (29.8%)。
2342,2024-04-23 02:16:00,2024-04-23 02:16:00,1.0,割煤高位,IsolationForest; Mahalanobis; 单变量IQR+3σ; 残差,4.757,30,正常
2343,2024-04-23 02:18:00,2024-04-23 02:18:00,1.0,割煤高位,IsolationForest; Mahalanobis; 单变量IQR+3σ; 残差,4.154,30,正常
2344,2024-04-23 02:30:00,2024-04-23 02:30:00,1.0,割煤高位,IsolationForest; Mahalanobis; 单变量IQR+3σ; 残差,3.899,30,正常
2345,2024-04-23 02:39:00,2024-04-23 02:45:00,7.0,割煤高位,IsolationForest; Mahalanobis; 单变量IQR+3σ; 残差,6.275,210,残差异常：采煤机_油泵_右电机_电流 偏高（残差 Z-score=6.3，实际=63.0 vs 预测=16.6）
2346,2024-04-23 02:54:00,2024-04-23 02:58:00,5.0,割煤高位,IsolationForest; Mahalanobis; 单变量IQR+3σ; 残差,3.072,150,正常
2347,2024-04-23 03:01:00,2024-04-23 03:05:00,5.0,割煤中位,IsolationForest; Mahalanobis; 单变量IQR+3σ; 残差,6.082,150,残差异常：采煤机_油泵_右电机_电流 偏高（残差 Z-score=6.1，实际=56.0 vs 预测=18.2）
2348,2024-04-23 03:15:00,2024-04-23 03:15:00,1.0,割煤中位,IsolationForest; Mahalanobis; 单变量IQR+3σ; 残差,3.986,30,正常
2349,2024-04-23 03:19:00,2024-04-23 03:19:00,1.0,割煤高位,IsolationForest; Mahalanobis; 单变量IQR+3σ; 残差,4.598,30,残差异常：采煤机_油泵_右电机_电流 偏高（残差 Z-score=4.6，实际=51.0 vs 预测=17.0）
2350,2024-04-23 03:21:00,2024-04-23 03:21:00,1.0,割煤高位,IsolationForest; Mahalanobis; 单变量IQR+3σ; 残差,3.46,30,残差异常：采煤机_截割部位_左滚筒_电机_电流 偏高（残差 Z-score=3.5，实际=203.0 vs 预测=65.0）
2351,2024-04-23 03:23:00,2024-04-23 03:26:00,4.0,割煤高位,IsolationForest; Mahalanobis; 单变量IQR+3σ; 残差,4.187,120,残差异常：采煤机_截割部位_左滚筒_电机_电流 偏高（残差 Z-score=4.2，实际=264.0 vs 预测=97.0）
2352,2024-04-23 03:28:00,2024-04-23 03:28:00,1.0,割煤中位,IsolationForest; Mahalanobis; 单变量IQR+3σ; 残差,4.402,30,残差异常：采煤机_截割部位_左滚筒_电机_温度 偏高（残差 Z-score=4.4，实际=87.0 vs 预测=75.4）
2353,2024-04-23 03:53:00,2024-04-23 03:55:00,3.0,割煤高位,IsolationForest; Mahalanobis; 单变量IQR+3σ; 残差,3.655,90,正常
2354,2024-04-23 03:57:00,2024-04-23 04:00:00,4.0,待机-高位,IsolationForest; Mahalanobis; 单变量IQR+3σ; 残差,2111.332,120,Mahalanobis 距离=2111.3（阈值=18.5）。主要贡献特征：PC2 (59.7%); PC3 (39.8%)。
2355,2024-04-23 04:03:00,2024-04-23 04:11:00,9.0,割煤高位,IsolationForest; Mahalanobis; 单变量IQR+3σ; 残差,6.393,270,正常
2356,2024-04-23 04:13:00,2024-04-23 04:13:00,1.0,割煤中位,IsolationForest; Mahalanobis; 单变量IQR+3σ; 残差,3.188,30,残差异常：采煤机_截割部位_左滚筒_电机_温度 偏高（残差 Z-score=3.2，实际=91.0 vs 预测=82.6）
2357,2024-04-23 04:15:00,2024-04-23 04:18:00,4.0,割煤高位,IsolationForest; Mahalanobis; 单变量IQR+3σ; 残差,4.354,120,残差异常：采煤机_油泵_右电机_电流 偏高（残差 Z-score=4.4，实际=49.0 vs 预测=16.8）
2358,2024-04-23 04:20:00,2024-04-23 04:22:00,3.0,割煤高位,IsolationForest; Mahalanobis; 单变量IQR+3σ; 残差,2.48,90,单变量异常：采煤机_截割部位_左滚筒_电机_温度（z-score=2.5，实际=89.0，均值=72.7±6.6）
2359,2024-04-23 04:24:00,2024-04-23 04:24:00,1.0,割煤中位,IsolationForest; Mahalanobis; 单变量IQR+3σ; 残差,7.408,30,残差异常：采煤机_截割部位_右滚筒_电机_电流 偏高（残差 Z-score=7.4，实际=308.0 vs 预测=49.6）
2360,2024-04-23 04:27:00,2024-04-23 04:27:00,1.0,割煤高位,IsolationForest; Mahalanobis; 单变量IQR+3σ; 残差,3.912,30,正常
2361,2024-04-23 04:36:00,2024-04-23 04:36:00,1.0,割煤中位,IsolationForest; Mahalanobis; 单变量IQR+3σ; 残差,3.057,30,残差异常：采煤机_油泵_右电机_电流 偏高（残差 Z-score=3.1，实际=37.0 vs 预测=18.0）
2362,2024-04-23 04:39:00,2024-04-23 04:39:00,1.0,割煤高位,IsolationForest; Mahalanobis; 单变量IQR+3σ; 残差,3.757,30,正常
2363,2024-04-23 04:42:00,2024-04-23 04:42:00,1.0,待机-高位,IsolationForest; Mahalanobis; 单变量IQR+3σ; 残差,2384.823,30,Mahalanobis 距离=2384.8（阈值=18.5）。主要贡献特征：PC2 (69.4%); PC3 (30.3%)。
2364,2024-04-23 04:44:00,2024-04-23 04:45:00,2.0,割煤高位,IsolationForest; Mahalanobis; 单变量IQR+3σ; 残差,3.75,60,正常
2365,2024-04-23 04:53:00,2024-04-23 05:07:00,15.0,待机,IsolationForest; Mahalanobis; 单变量IQR+3σ; 残差,5275.981,450,Mahalanobis 距离=5276.0（阈值=18.5）。主要贡献特征：PC2 (76.4%); PC3 (23.3%)。
2366,2024-04-23 05:09:00,2024-04-23 05:10:00,2.0,待机-高位,IsolationForest; Mahalanobis; 单变量IQR+3σ; 残差,3073.847,60,Mahalanobis 距离=3073.8（阈值=18.5）。主要贡献特征：PC2 (67.9%); PC3 (32.0%)。
2367,2024-04-23 05:14:00,2024-04-23 05:16:00,3.0,割煤高位,IsolationForest; Mahalanobis; 单变量IQR+3σ; 残差,2.536,90,单变量异常：采煤机_截割部位_右滚筒_电机_温度（z-score=2.5，实际=83.0，均值=68.4±5.8）
2368,2024-04-23 05:25:00,2024-04-23 05:35:00,11.0,割煤高位,IsolationForest; Mahalanobis; 单变量IQR+3σ; 残差,7.041,330,正常
2369,2024-04-23 05:53:00,2024-04-23 05:53:00,1.0,割煤高位,IsolationForest; Mahalanobis; 单变量IQR+3σ; 残差,3.049,30,残差异常：采煤机_截割部位_左滚筒_电机_电流 偏高（残差 Z-score=3.0，实际=209.0 vs 预测=87.4）
2370,2024-04-23 06:02:00,2024-04-23 06:02:00,1.0,割煤中位,IsolationForest; Mahalanobis; 单变量IQR+3σ; 残差,5.941,30,正常
2371,2024-04-23 06:29:00,2024-04-23 06:49:00,21.0,割煤高位,IsolationForest; Mahalanobis; 单变量IQR+3σ; 残差,6.38,630,单变量异常：采煤机_截割部位_左滚筒_电机_电流（z-score=6.4，实际=363.0，均值=98.4±41.5）
2372,2024-04-23 06:51:00,2024-04-23 06:53:00,3.0,割煤中位,IsolationForest; Mahalanobis; 单变量IQR+3σ; 残差,6.094,90,正常
2373,2024-04-23 06:57:00,2024-04-23 06:59:00,3.0,待机-高位,IsolationForest; Mahalanobis; 单变量IQR+3σ; 残差,1596.123,90,Mahalanobis 距离=1596.1（阈值=18.5）。主要贡献特征：PC2 (64.1%); PC3 (35.4%)。
2374,2024-04-23 07:11:00,2024-04-23 07:12:00,2.0,待机-高位,IsolationForest; Mahalanobis; 单变量IQR+3σ; 残差,3615.294,60,Mahalanobis 距离=3615.3（阈值=18.5）。主要贡献特征：PC2 (78.2%); PC3 (21.4%)。
2375,2024-04-23 07:17:00,2024-04-23 07:17:00,1.0,割煤高位,IsolationForest; Mahalanobis; 单变量IQR+3σ; 残差,4.297,30,正常
2376,2024-04-23 07:29:00,2024-04-23 07:29:00,1.0,割煤高位,IsolationForest; Mahalanobis; 单变量IQR+3σ; 残差,4.003,30,残差异常：采煤机_油泵_右电机_电流 偏高（残差 Z-score=4.0，实际=47.0 vs 预测=17.4）
2377,2024-04-23 07:32:00,2024-04-23 07:36:00,5.0,割煤高位,IsolationForest; Mahalanobis; 单变量IQR+3σ; 残差,5.171,150,正常
2378,2024-04-23 07:39:00,2024-04-23 07:48:00,10.0,割煤中位,IsolationForest; Mahalanobis; 单变量IQR+3σ; 残差,5.459,300,残差异常：采煤机_截割部位_右滚筒_电机_温度 偏高（残差 Z-score=5.5，实际=86.0 vs 预测=73.4）
2379,2024-04-23 07:50:00,2024-04-23 08:05:00,16.0,割煤高位,IsolationForest; Mahalanobis; 单变量IQR+3σ; 残差,6.798,480,正常
2380,2024-04-23 08:10:00,2024-04-23 08:17:00,8.0,割煤高位,IsolationForest; Mahalanobis; 单变量IQR+3σ; 残差,3.575,240,残差异常：采煤机_截割部位_左滚筒_电机_电流 偏高（残差 Z-score=3.6，实际=211.0 vs 预测=68.4）
2381,2024-04-23 08:20:00,2024-04-23 08:22:00,3.0,割煤中位,IsolationForest; Mahalanobis; 单变量IQR+3σ; 残差,2.351,90,单变量异常：采煤机_截割部位_右滚筒_电机_温度（z-score=2.4，实际=80.0，均值=66.7±5.7）
2382,2024-04-23 08:25:00,2024-04-23 08:25:00,1.0,割煤高位,IsolationForest; Mahalanobis; 单变量IQR+3σ; 残差,4.165,30,残差异常：采煤机_油泵_右电机_电流 偏高（残差 Z-score=4.2，实际=48.0 vs 预测=17.2）
2383,2024-04-23 08:33:00,2024-04-23 08:43:00,11.0,待机-高位,IsolationForest; Mahalanobis; 单变量IQR+3σ; 残差,1968.723,330,Mahalanobis 距离=1968.7（阈值=18.5）。主要贡献特征：PC2 (63.3%); PC3 (36.6%)。
2384,2024-04-23 08:49:00,2024-04-23 08:53:00,5.0,待机-高位,IsolationForest; Mahalanobis; 单变量IQR+3σ; 残差,1860.996,150,Mahalanobis 距离=1861.0（阈值=18.5）。主要贡献特征：PC2 (62.0%); PC3 (37.9%)。
2385,2024-04-23 08:56:00,2024-04-23 08:56:00,1.0,调架中,IsolationForest; Mahalanobis; 单变量IQR+3σ; 残差,3.932,30,正常
2386,2024-04-23 08:58:00,2024-04-23 08:59:00,2.0,割煤中位,IsolationForest; Mahalanobis; 单变量IQR+3σ; 残差,2.79,60,正常
2387,2024-04-23 09:01:00,2024-04-23 09:04:00,4.0,待机,IsolationForest; Mahalanobis; 单变量IQR+3σ; 残差,4195.901,120,Mahalanobis 距离=4195.9（阈值=18.5）。主要贡献特征：PC2 (84.9%); PC3 (15.0%)。
2388,2024-04-23 09:10:00,2024-04-23 15:59:00,410.0,待机,IsolationForest; Mahalanobis; 单变量IQR+3σ; 残差,46790.661,12300,Mahalanobis 距离=46790.7（阈值=18.5）。主要贡献特征：PC2 (97.7%); PC3 (1.9%)。
2389,2024-04-23 16:05:00,2024-04-23 16:15:00,11.0,待机-高位,IsolationForest; Mahalanobis; 单变量IQR+3σ; 残差,4804.574,330,Mahalanobis 距离=4804.6（阈值=18.5）。主要贡献特征：PC2 (77.0%); PC3 (22.7%)。
2390,2024-04-23 16:17:00,2024-04-23 16:31:00,15.0,待机-高位,IsolationForest; Mahalanobis; 单变量IQR+3σ; 残差,2263.015,450,Mahalanobis 距离=2263.0（阈值=18.5）。主要贡献特征：PC2 (59.5%); PC3 (40.5%)。
2391,2024-04-23 16:45:00,2024-04-23 16:53:00,9.0,待机-高位,IsolationForest; Mahalanobis; 单变量IQR+3σ; 残差,903.877,270,Mahalanobis 距离=903.9（阈值=18.5）。主要贡献特征：PC2 (54.5%); PC3 (45.4%)。
2392,2024-04-23 16:56:00,2024-04-23 16:56:00,1.0,割煤高位,IsolationForest; Mahalanobis; 单变量IQR+3σ; 残差,4.976,30,残差异常：采煤机_油泵_右电机_电流 偏高（残差 Z-score=5.0，实际=54.0 vs 预测=17.2）
2393,2024-04-23 16:58:00,2024-04-23 16:58:00,1.0,割煤中位,IsolationForest; Mahalanobis; 单变量IQR+3σ; 残差,12.431,30,残差异常：采煤机_截割部位_右滚筒_电机_电流 偏高（残差 Z-score=12.4，实际=506.0 vs 预测=72.4）
2394,2024-04-23 17:00:00,2024-04-23 17:00:00,1.0,割煤中位,IsolationForest; Mahalanobis; 单变量IQR+3σ; 残差,8.803,30,正常
2395,2024-04-23 17:04:00,2024-04-23 17:04:00,1.0,割煤高位,IsolationForest; Mahalanobis; 单变量IQR+3σ; 残差,4.579,30,正常
2396,2024-04-23 17:10:00,2024-04-23 17:10:00,1.0,调架中,IsolationForest; Mahalanobis; 单变量IQR+3σ; 残差,3.394,30,残差异常：采煤机_油泵_右电机_温度 偏高（残差 Z-score=3.4，实际=49.0 vs 预测=41.8）
2397,2024-04-23 17:12:00,2024-04-23 17:15:00,4.0,待机,IsolationForest; Mahalanobis; 单变量IQR+3σ; 残差,4308.561,120,Mahalanobis 距离=4308.6（阈值=18.5）。主要贡献特征：PC2 (81.7%); PC3 (17.3%); PC4 (1.0%)。
2398,2024-04-23 17:33:00,2024-04-23 17:35:00,3.0,停机,IsolationForest; Mahalanobis; 单变量IQR+3σ; 残差,6.331,90,残差异常：采煤机_截割部位_左滚筒_电机_温度 偏高（残差 Z-score=6.3，实际=59.0 vs 预测=10.2）
2399,2024-04-23 17:54:00,2024-04-23 18:01:00,8.0,割煤中位,IsolationForest; Mahalanobis; 单变量IQR+3σ; 残差,3.858,240,正常
2400,2024-04-23 18:03:00,2024-04-23 18:05:00,3.0,割煤高位,IsolationForest; Mahalanobis; 单变量IQR+3σ; 残差,2.94,90,正常
2401,2024-04-23 18:09:00,2024-04-23 18:11:00,3.0,待机-高位,IsolationForest; Mahalanobis; 单变量IQR+3σ; 残差,5462.766,90,Mahalanobis 距离=5462.8（阈值=18.5）。主要贡献特征：PC2 (86.5%); PC3 (13.1%)。
2402,2024-04-23 18:13:00,2024-04-23 18:19:00,7.0,割煤高位,IsolationForest; Mahalanobis; 单变量IQR+3σ; 残差,15.025,210,正常
2403,2024-04-23 18:21:00,2024-04-23 18:22:00,2.0,割煤高位,IsolationForest; Mahalanobis; 单变量IQR+3σ; 残差,4.782,60,正常
2404,2024-04-23 18:24:00,2024-04-23 18:25:00,2.0,割煤高位,IsolationForest; Mahalanobis; 单变量IQR+3σ; 残差,3.6,60,正常
2405,2024-04-23 18:33:00,2024-04-23 18:33:00,1.0,待机,IsolationForest; Mahalanobis; 单变量IQR+3σ; 残差,6415.902,30,Mahalanobis 距离=6415.9（阈值=18.5）。主要贡献特征：PC2 (84.0%); PC3 (14.8%); PC4 (1.2%)。
2406,2024-04-23 18:50:00,2024-04-23 18:53:00,4.0,割煤中位,IsolationForest; Mahalanobis; 单变量IQR+3σ; 残差,7.973,120,残差异常：采煤机_截割部位_右滚筒_电机_温度 偏高（残差 Z-score=8.0，实际=78.0 vs 预测=59.6）
2407,2024-04-23 18:56:00,2024-04-23 18:57:00,2.0,割煤高位,IsolationForest; Mahalanobis; 单变量IQR+3σ; 残差,4.793,60,残差异常：采煤机_截割部位_左滚筒_电机_电流 偏高（残差 Z-score=4.8，实际=264.0 vs 预测=72.8）
2408,2024-04-23 19:00:00,2024-04-23 19:00:00,1.0,割煤高位,IsolationForest; Mahalanobis; 单变量IQR+3σ; 残差,3.171,30,正常
2409,2024-04-23 19:09:00,2024-04-23 19:09:00,1.0,割煤高位,IsolationForest; Mahalanobis; 单变量IQR+3σ; 残差,3.655,30,正常
2410,2024-04-23 19:14:00,2024-04-23 19:16:00,3.0,待机,IsolationForest; Mahalanobis; 单变量IQR+3σ; 残差,3006.233,90,Mahalanobis 距离=3006.2（阈值=18.5）。主要贡献特征：PC2 (66.0%); PC3 (34.0%)。
2411,2024-04-23 19:21:00,2024-04-23 19:21:00,1.0,割煤高位,IsolationForest; Mahalanobis; 单变量IQR+3σ; 残差,3.624,30,残差异常：采煤机_油泵_右电机_电流 偏高（残差 Z-score=3.6，实际=44.0 vs 预测=17.2）
2412,2024-04-23 19:41:00,2024-04-23 19:45:00,5.0,待机-高位,IsolationForest; Mahalanobis; 单变量IQR+3σ; 残差,1298.196,150,Mahalanobis 距离=1298.2（阈值=18.5）。主要贡献特征：PC2 (50.8%); PC3 (49.1%)。
2413,2024-04-23 19:47:00,2024-04-23 19:49:00,3.0,割煤高位,IsolationForest; Mahalanobis; 单变量IQR+3σ; 残差,2.862,90,正常
2414,2024-04-23 19:55:00,2024-04-23 19:58:00,4.0,待机,IsolationForest; Mahalanobis; 单变量IQR+3σ; 残差,1087.215,120,Mahalanobis 距离=1087.2（阈值=18.5）。主要贡献特征：PC2 (61.0%); PC3 (37.1%); PC4 (1.9%)。
2415,2024-04-23 20:07:00,2024-04-23 20:07:00,1.0,割煤高位,IsolationForest; Mahalanobis; 单变量IQR+3σ; 残差,3.705,30,残差异常：采煤机_油泵_右电机_电流 偏高（残差 Z-score=3.7，实际=45.0 vs 预测=17.6）
2416,2024-04-23 20:09:00,2024-04-23 20:12:00,4.0,待机-高位,IsolationForest; Mahalanobis; 单变量IQR+3σ; 残差,2542.37,120,Mahalanobis 距离=2542.4（阈值=18.5）。主要贡献特征：PC2 (69.0%); PC3 (30.6%)。
2417,2024-04-23 20:21:00,2024-04-23 20:21:00,1.0,割煤中位,IsolationForest; Mahalanobis; 单变量IQR+3σ; 残差,3.637,30,正常
2418,2024-04-23 20:33:00,2024-04-23 20:33:00,1.0,割煤高位,IsolationForest; Mahalanobis; 单变量IQR+3σ; 残差,3.38,30,正常
2419,2024-04-23 20:36:00,2024-04-23 20:36:00,1.0,割煤高位,IsolationForest; Mahalanobis; 单变量IQR+3σ; 残差,2.417,30,正常
2420,2024-04-23 20:41:00,2024-04-23 20:43:00,3.0,割煤高位,IsolationForest; Mahalanobis; 单变量IQR+3σ; 残差,5.472,90,正常
2421,2024-04-23 20:45:00,2024-04-23 20:45:00,1.0,割煤高位,IsolationForest; Mahalanobis; 单变量IQR+3σ; 残差,6.339,30,正常
2422,2024-04-23 20:49:00,2024-04-23 20:56:00,8.0,待机,IsolationForest; Mahalanobis; 单变量IQR+3σ; 残差,6620.806,240,Mahalanobis 距离=6620.8（阈值=18.5）。主要贡献特征：PC2 (89.2%); PC3 (10.3%)。
2423,2024-04-23 21:22:00,2024-04-23 21:22:00,1.0,割煤中位,IsolationForest; Mahalanobis; 单变量IQR+3σ; 残差,2.675,30,正常
2424,2024-04-23 21:27:00,2024-04-23 21:27:00,1.0,割煤中位,IsolationForest; Mahalanobis; 单变量IQR+3σ; 残差,6.114,30,残差异常：采煤机_油泵_右电机_电流 偏高（残差 Z-score=6.1，实际=55.0 vs 预测=17.0）
2425,2024-04-23 21:30:00,2024-04-23 21:30:00,1.0,调架中,IsolationForest; Mahalanobis; 单变量IQR+3σ; 残差,4.362,30,残差异常：采煤机_油泵_左电机_电流 偏高（残差 Z-score=4.4，实际=54.0 vs 预测=18.8）
2426,2024-04-23 21:42:00,2024-04-23 21:42:00,1.0,割煤高位,IsolationForest; Mahalanobis; 单变量IQR+3σ; 残差,4.192,30,残差异常：采煤机_油泵_右电机_电流 偏高（残差 Z-score=4.2，实际=48.0 vs 预测=17.0）
2427,2024-04-23 21:45:00,2024-04-23 21:45:00,1.0,待机-高位,IsolationForest; Mahalanobis; 单变量IQR+3σ; 残差,1867.857,30,Mahalanobis 距离=1867.9（阈值=18.5）。主要贡献特征：PC2 (63.6%); PC3 (36.4%)。
2428,2024-04-23 22:06:00,2024-04-23 22:06:00,1.0,割煤高位,IsolationForest; Mahalanobis; 单变量IQR+3σ; 残差,3.655,30,正常
2429,2024-04-23 22:08:00,2024-04-23 22:08:00,1.0,割煤高位,IsolationForest; Mahalanobis; 单变量IQR+3σ; 残差,5.808,30,正常
2430,2024-04-23 22:16:00,2024-04-23 22:16:00,1.0,割煤中位,IsolationForest; Mahalanobis; 单变量IQR+3σ; 残差,4.251,30,残差异常：采煤机_截割部位_左滚筒_电机_温度 偏高（残差 Z-score=4.3，实际=84.0 vs 预测=72.8）
2431,2024-04-23 22:19:00,2024-04-23 22:32:00,14.0,待机-高位,IsolationForest; Mahalanobis; 单变量IQR+3σ; 残差,2830.565,420,Mahalanobis 距离=2830.6（阈值=18.5）。主要贡献特征：PC2 (59.3%); PC3 (38.9%); PC4 (1.8%)。
2432,2024-04-23 22:34:00,2024-04-23 22:39:00,6.0,割煤高位,IsolationForest; Mahalanobis; 单变量IQR+3σ; 残差,4.011,180,残差异常：采煤机_破碎机_电机_电流 偏高（残差 Z-score=4.0，实际=47.0 vs 预测=0.0）
2433,2024-04-23 22:43:00,2024-04-23 22:43:00,1.0,割煤中位,IsolationForest; Mahalanobis; 单变量IQR+3σ; 残差,2.969,30,正常
2434,2024-04-23 22:46:00,2024-04-23 22:46:00,1.0,调架中,IsolationForest; Mahalanobis; 单变量IQR+3σ; 残差,9.575,30,正常
2435,2024-04-23 22:48:00,2024-04-23 22:48:00,1.0,割煤低位,IsolationForest; Mahalanobis; 单变量IQR+3σ; 残差,8.646,30,正常
2436,2024-04-23 22:59:00,2024-04-23 23:00:00,2.0,割煤低位,IsolationForest; Mahalanobis; 单变量IQR+3σ; 残差,8.908,60,正常
2437,2024-04-23 23:05:00,2024-04-23 23:05:00,1.0,割煤中位,IsolationForest; Mahalanobis; 单变量IQR+3σ; 残差,5.48,30,正常
2438,2024-04-23 23:11:00,2024-04-23 23:11:00,1.0,割煤中位,IsolationForest; Mahalanobis; 单变量IQR+3σ; 残差,3.09,30,残差异常：采煤机_截割部位_右滚筒_电机_电流 偏高（残差 Z-score=3.1，实际=195.0 vs 预测=87.2）
2439,2024-04-23 23:14:00,2024-04-23 23:15:00,2.0,待机,IsolationForest; Mahalanobis; 单变量IQR+3σ; 残差,6730.935,60,Mahalanobis 距离=6730.9（阈值=18.5）。主要贡献特征：PC2 (88.2%); PC3 (11.1%)。
2440,2024-04-23 23:17:00,2024-04-23 23:19:00,3.0,割煤中位,IsolationForest; Mahalanobis; 单变量IQR+3σ; 残差,2.892,90,正常
2441,2024-04-23 23:21:00,2024-04-23 23:23:00,3.0,割煤中位,IsolationForest; Mahalanobis; 单变量IQR+3σ; 残差,3.894,90,残差异常：采煤机_油泵_右电机_电流 偏高（残差 Z-score=3.9，实际=41.0 vs 预测=16.8）
2442,2024-04-23 23:29:00,2024-04-23 23:29:00,1.0,割煤高位,IsolationForest; Mahalanobis; 单变量IQR+3σ; 残差,3.145,30,残差异常：采煤机_截割部位_右滚筒_电机_电流 偏高（残差 Z-score=3.1，实际=203.0 vs 预测=73.6）
2443,2024-04-23 23:40:00,2024-04-23 23:40:00,1.0,割煤高位,IsolationForest; Mahalanobis; 单变量IQR+3σ; 残差,2.293,30,正常
2444,2024-04-23 23:47:00,2024-04-23 23:53:00,7.0,待机-高位,IsolationForest; Mahalanobis; 单变量IQR+3σ; 残差,5183.027,210,Mahalanobis 距离=5183.0（阈值=18.5）。主要贡献特征：PC2 (76.5%); PC3 (22.9%)。
2445,2024-04-23 23:56:00,2024-04-23 23:58:00,3.0,割煤高位,IsolationForest; Mahalanobis; 单变量IQR+3σ; 残差,3.75,90,正常
2446,2024-04-24 00:00:00,2024-04-24 00:00:00,1.0,割煤高位,IsolationForest; Mahalanobis; 单变量IQR+3σ; 残差,4.154,30,正常
2447,2024-04-24 00:07:00,2024-04-24 00:07:00,1.0,割煤高位,IsolationForest; Mahalanobis; 单变量IQR+3σ; 残差,4.489,30,正常
2448,2024-04-24 00:17:00,2024-04-24 00:23:00,7.0,待机-高位,IsolationForest; Mahalanobis; 单变量IQR+3σ; 残差,8466.23,210,Mahalanobis 距离=8466.2（阈值=18.5）。主要贡献特征：PC2 (90.2%); PC3 (9.4%)。
2449,2024-04-24 00:26:00,2024-04-24 00:27:00,2.0,割煤中位,IsolationForest; Mahalanobis; 单变量IQR+3σ; 残差,5.101,60,正常
2450,2024-04-24 00:29:00,2024-04-24 00:32:00,4.0,割煤高位,IsolationForest; Mahalanobis; 单变量IQR+3σ; 残差,5.085,120,残差异常：采煤机_油泵_右电机_电流 偏高（残差 Z-score=5.1，实际=54.0 vs 预测=16.4）
2451,2024-04-24 00:40:00,2024-04-24 00:44:00,5.0,割煤高位,IsolationForest; Mahalanobis; 单变量IQR+3σ; 残差,4.598,150,残差异常：采煤机_油泵_右电机_电流 偏高（残差 Z-score=4.6，实际=52.0 vs 预测=18.0）
2452,2024-04-24 00:52:00,2024-04-24 00:53:00,2.0,待机-高位,IsolationForest; Mahalanobis; 单变量IQR+3σ; 残差,1943.43,60,Mahalanobis 距离=1943.4（阈值=18.5）。主要贡献特征：PC2 (61.5%); PC3 (38.5%)。
2453,2024-04-24 01:04:00,2024-04-24 01:07:00,4.0,割煤高位,IsolationForest; Mahalanobis; 单变量IQR+3σ; 残差,2.176,120,单变量异常：采煤机_截割部位_左滚筒_电机_温度（z-score=2.2，实际=87.0，均值=72.7±6.6）
2454,2024-04-24 01:13:00,2024-04-24 01:25:00,13.0,割煤中位,IsolationForest; Mahalanobis; 单变量IQR+3σ; 残差,5.664,390,残差异常：采煤机_油泵_右电机_电流 偏高（残差 Z-score=5.7，实际=52.0 vs 预测=16.8）
2455,2024-04-24 01:27:00,2024-04-24 01:36:00,10.0,割煤高位,IsolationForest; Mahalanobis; 单变量IQR+3σ; 残差,4.787,300,残差异常：采煤机_油泵_右电机_电流 偏高（残差 Z-score=4.8，实际=52.0 vs 预测=16.6）
2456,2024-04-24 01:39:00,2024-04-24 01:39:00,1.0,割煤中位,IsolationForest; Mahalanobis; 单变量IQR+3σ; 残差,5.126,30,残差异常：采煤机_截割部位_右滚筒_电机_电流 偏高（残差 Z-score=5.1，实际=250.0 vs 预测=71.2）
2457,2024-04-24 01:47:00,2024-04-24 01:50:00,4.0,割煤中位,IsolationForest; Mahalanobis; 单变量IQR+3σ; 残差,2.304,120,正常
2458,2024-04-24 01:56:00,2024-04-24 01:56:00,1.0,割煤中位,IsolationForest; Mahalanobis; 单变量IQR+3σ; 残差,1.988,30,正常
2459,2024-04-24 02:05:00,2024-04-24 02:09:00,5.0,待机-高位,IsolationForest; Mahalanobis; 单变量IQR+3σ; 残差,2204.131,150,Mahalanobis 距离=2204.1（阈值=18.5）。主要贡献特征：PC2 (63.3%); PC3 (35.9%)。
2460,2024-04-24 02:12:00,2024-04-24 02:14:00,3.0,待机-高位,IsolationForest; Mahalanobis; 单变量IQR+3σ; 残差,1507.456,90,Mahalanobis 距离=1507.5（阈值=18.5）。主要贡献特征：PC2 (70.5%); PC3 (29.5%)。
2461,2024-04-24 02:16:00,2024-04-24 02:18:00,3.0,割煤中位,IsolationForest; Mahalanobis; 单变量IQR+3σ; 残差,3.899,90,正常
2462,2024-04-24 02:23:00,2024-04-24 02:26:00,4.0,待机,IsolationForest; Mahalanobis; 单变量IQR+3σ; 残差,6706.72,120,Mahalanobis 距离=6706.7（阈值=18.5）。主要贡献特征：PC2 (85.3%); PC3 (14.4%)。
2463,2024-04-24 02:30:00,2024-04-24 02:30:00,1.0,割煤中位,IsolationForest; Mahalanobis; 单变量IQR+3σ; 残差,4.405,30,正常
2464,2024-04-24 02:39:00,2024-04-24 02:39:00,1.0,割煤高位,IsolationForest; Mahalanobis; 单变量IQR+3σ; 残差,3.418,30,正常
2465,2024-04-24 02:41:00,2024-04-24 02:41:00,1.0,割煤高位,IsolationForest; Mahalanobis; 单变量IQR+3σ; 残差,4.747,30,正常
2466,2024-04-24 02:43:00,2024-04-24 02:43:00,1.0,割煤高位,IsolationForest; Mahalanobis; 单变量IQR+3σ; 残差,4.934,30,正常
2467,2024-04-24 02:51:00,2024-04-24 02:52:00,2.0,割煤高位,IsolationForest; Mahalanobis; 单变量IQR+3σ; 残差,4.343,60,正常
2468,2024-04-24 02:54:00,2024-04-24 02:59:00,6.0,待机,IsolationForest; Mahalanobis; 单变量IQR+3σ; 残差,4662.604,180,Mahalanobis 距离=4662.6（阈值=18.5）。主要贡献特征：PC2 (79.3%); PC3 (20.3%)。
2469,2024-04-24 03:50:00,2024-04-24 03:50:00,1.0,待机,IsolationForest; Mahalanobis; 单变量IQR+3σ; 残差,2.505,30,正常
2470,2024-04-24 03:57:00,2024-04-24 04:05:00,9.0,停机,IsolationForest; Mahalanobis; 单变量IQR+3σ; 残差,5.007,270,正常
2471,2024-04-24 04:08:00,2024-04-24 04:08:00,1.0,割煤中位,IsolationForest; Mahalanobis; 单变量IQR+3σ; 残差,1.469,30,正常
2472,2024-04-24 04:14:00,2024-04-24 04:14:00,1.0,割煤高位,IsolationForest; Mahalanobis; 单变量IQR+3σ; 残差,4.782,30,正常
2473,2024-04-24 04:19:00,2024-04-24 04:19:00,1.0,割煤中位,IsolationForest; Mahalanobis; 单变量IQR+3σ; 残差,2.46,30,正常
2474,2024-04-24 04:21:00,2024-04-24 04:21:00,1.0,割煤中位,IsolationForest; Mahalanobis; 单变量IQR+3σ; 残差,3.733,30,正常
2475,2024-04-24 04:27:00,2024-04-24 04:30:00,4.0,割煤高位,IsolationForest; Mahalanobis; 单变量IQR+3σ; 残差,3.131,120,残差异常：采煤机_截割部位_左滚筒_电机_温度 偏高（残差 Z-score=3.1，实际=80.0 vs 预测=71.0）
2476,2024-04-24 04:43:00,2024-04-24 04:46:00,4.0,割煤中位,IsolationForest; Mahalanobis; 单变量IQR+3σ; 残差,4.184,120,正常
2477,2024-04-24 04:52:00,2024-04-24 04:52:00,1.0,割煤高位,IsolationForest; Mahalanobis; 单变量IQR+3σ; 残差,3.558,30,正常
2478,2024-04-24 05:35:00,2024-04-24 05:35:00,1.0,割煤高位,IsolationForest; Mahalanobis; 单变量IQR+3σ; 残差,1.967,30,正常
2479,2024-04-24 05:44:00,2024-04-24 05:44:00,1.0,割煤高位,IsolationForest; Mahalanobis; 单变量IQR+3σ; 残差,5.515,30,正常
2480,2024-04-24 05:55:00,2024-04-24 05:55:00,1.0,割煤高位,IsolationForest; Mahalanobis; 单变量IQR+3σ; 残差,4.303,30,正常
2481,2024-04-24 05:58:00,2024-04-24 05:58:00,1.0,割煤高位,IsolationForest; Mahalanobis; 单变量IQR+3σ; 残差,3.455,30,残差异常：采煤机_截割部位_左滚筒_电机_电流 偏高（残差 Z-score=3.5，实际=201.0 vs 预测=63.2）
2482,2024-04-24 06:04:00,2024-04-24 06:07:00,4.0,待机,IsolationForest; Mahalanobis; 单变量IQR+3σ; 残差,5050.057,120,Mahalanobis 距离=5050.1（阈值=18.5）。主要贡献特征：PC2 (83.3%); PC3 (16.7%)。
2483,2024-04-24 06:10:00,2024-04-24 06:10:00,1.0,待机,IsolationForest; Mahalanobis; 单变量IQR+3σ; 残差,13.41,30,正常
2484,2024-04-24 07:13:00,2024-04-24 07:15:00,3.0,待机,IsolationForest; Mahalanobis; 单变量IQR+3σ; 残差,1.641,90,正常
2485,2024-04-24 07:19:00,2024-04-24 07:20:00,2.0,停机,IsolationForest; Mahalanobis; 单变量IQR+3σ; 残差,1.385,60,正常
2486,2024-04-24 08:29:00,2024-04-24 08:29:00,1.0,待机,IsolationForest; Mahalanobis; 单变量IQR+3σ; 残差,18.188,30,正常
2487,2024-04-24 08:31:00,2024-04-24 08:33:00,3.0,待机,IsolationForest; Mahalanobis; 单变量IQR+3σ; 残差,19.179,90,Mahalanobis 距离=19.2（阈值=18.5）。主要贡献特征：PC3 (62.1%); PC2 (31.7%); PC4 (4.0%)。
2488,2024-04-24 09:09:00,2024-04-24 09:14:00,6.0,待机,IsolationForest; Mahalanobis; 单变量IQR+3σ; 残差,29.423,180,Mahalanobis 距离=29.4（阈值=18.5）。主要贡献特征：PC3 (63.1%); PC2 (31.7%); PC4 (3.4%)。
2489,2024-04-24 09:49:00,2024-04-24 09:51:00,3.0,待机,IsolationForest; Mahalanobis; 单变量IQR+3σ; 残差,1.048,90,正常
2490,2024-04-24 14:20:00,2024-04-24 14:21:00,2.0,待机,IsolationForest; Mahalanobis; 单变量IQR+3σ; 残差,16.031,60,正常
2491,2024-04-24 14:23:00,2024-04-24 14:25:00,3.0,待机,IsolationForest; Mahalanobis; 单变量IQR+3σ; 残差,28.648,90,Mahalanobis 距离=28.6（阈值=18.5）。主要贡献特征：PC2 (45.4%); PC1 (36.7%); PC3 (13.0%)。
2492,2024-04-24 15:02:00,2024-04-24 15:06:00,5.0,待机,IsolationForest; Mahalanobis; 单变量IQR+3σ; 残差,2060.584,150,Mahalanobis 距离=2060.6（阈值=18.5）。主要贡献特征：PC2 (88.9%); PC3 (9.4%); PC4 (1.7%)。
2493,2024-04-24 15:17:00,2024-04-24 15:23:00,7.0,待机,IsolationForest; Mahalanobis; 单变量IQR+3σ; 残差,2959.461,210,Mahalanobis 距离=2959.5（阈值=18.5）。主要贡献特征：PC2 (82.7%); PC3 (17.2%)。
2494,2024-04-24 15:35:00,2024-04-24 15:49:00,15.0,待机-高位,IsolationForest; Mahalanobis; 单变量IQR+3σ; 残差,2647.338,450,Mahalanobis 距离=2647.3（阈值=18.5）。主要贡献特征：PC2 (80.0%); PC3 (20.0%)。
2495,2024-04-24 15:51:00,2024-04-24 15:58:00,8.0,待机-高位,IsolationForest; Mahalanobis; 单变量IQR+3σ; 残差,1459.122,240,Mahalanobis 距离=1459.1（阈值=18.5）。主要贡献特征：PC3 (71.8%); PC2 (19.8%); PC4 (8.4%)。
2496,2024-04-24 16:00:00,2024-04-24 16:25:00,26.0,割煤中位,IsolationForest; Mahalanobis; 单变量IQR+3σ; 残差,3.96,780,残差异常：采煤机_牵引部位_右电机_温度 偏高（残差 Z-score=4.0，实际=59.0 vs 预测=45.0）
2497,2024-04-24 16:27:00,2024-04-24 16:33:00,7.0,待机,IsolationForest; Mahalanobis; 单变量IQR+3σ; 残差,4709.194,210,Mahalanobis 距离=4709.2（阈值=18.5）。主要贡献特征：PC2 (74.0%); PC3 (25.6%)。
2498,2024-04-24 16:36:00,2024-04-24 16:36:00,1.0,调架中,IsolationForest; Mahalanobis; 单变量IQR+3σ; 残差,3.583,30,残差异常：采煤机_油泵_右电机_温度 偏高（残差 Z-score=3.6，实际=46.0 vs 预测=38.4）
2499,2024-04-24 16:38:00,2024-04-24 16:41:00,4.0,待机-高位,IsolationForest; Mahalanobis; 单变量IQR+3σ; 残差,2637.59,120,Mahalanobis 距离=2637.6（阈值=18.5）。主要贡献特征：PC2 (69.2%); PC3 (30.8%)。
2500,2024-04-24 16:43:00,2024-04-24 16:50:00,8.0,割煤中位,IsolationForest; Mahalanobis; 单变量IQR+3σ; 残差,2.505,240,正常
2501,2024-04-24 17:09:00,2024-04-24 17:12:00,4.0,待机,IsolationForest; Mahalanobis; 单变量IQR+3σ; 残差,2022.148,120,Mahalanobis 距离=2022.1（阈值=18.5）。主要贡献特征：PC2 (69.3%); PC3 (29.9%)。
2502,2024-04-24 17:52:00,2024-04-24 17:57:00,6.0,割煤高位,IsolationForest; Mahalanobis; 单变量IQR+3σ; 残差,4.929,180,正常
2503,2024-04-24 18:00:00,2024-04-24 18:00:00,1.0,割煤高位,IsolationForest; Mahalanobis; 单变量IQR+3σ; 残差,2.775,30,正常
2504,2024-04-24 18:02:00,2024-04-24 18:03:00,2.0,待机-高位,IsolationForest; Mahalanobis; 单变量IQR+3σ; 残差,1292.502,60,Mahalanobis 距离=1292.5（阈值=18.5）。主要贡献特征：PC2 (63.4%); PC3 (36.5%)。
2505,2024-04-24 18:08:00,2024-04-24 18:08:00,1.0,割煤高位,IsolationForest; Mahalanobis; 单变量IQR+3σ; 残差,3.529,30,残差异常：采煤机_截割部位_右滚筒_电机_电流 偏高（残差 Z-score=3.5，实际=238.0 vs 预测=92.8）
2506,2024-04-24 18:22:00,2024-04-24 18:22:00,1.0,割煤中位,IsolationForest; Mahalanobis; 单变量IQR+3σ; 残差,3.637,30,正常
2507,2024-04-24 18:25:00,2024-04-24 18:27:00,3.0,割煤高位,IsolationForest; Mahalanobis; 单变量IQR+3σ; 残差,3.173,90,单变量异常：采煤机_截割部位_左滚筒_电机_电流（z-score=3.2，实际=230.0，均值=98.4±41.5）
2508,2024-04-24 18:41:00,2024-04-24 18:41:00,1.0,割煤高位,IsolationForest; Mahalanobis; 单变量IQR+3σ; 残差,5.139,30,残差异常：采煤机_油泵_右电机_电流 偏高（残差 Z-score=5.1，实际=55.0 vs 预测=17.0）
2509,2024-04-24 18:44:00,2024-04-24 18:44:00,1.0,调架中,IsolationForest; Mahalanobis; 单变量IQR+3σ; 残差,4.189,30,残差异常：采煤机_油泵_左电机_电流 偏高（残差 Z-score=4.2，实际=52.0 vs 预测=18.2）
2510,2024-04-24 18:46:00,2024-04-24 18:49:00,4.0,待机-高位,IsolationForest; Mahalanobis; 单变量IQR+3σ; 残差,2031.194,120,Mahalanobis 距离=2031.2（阈值=18.5）。主要贡献特征：PC2 (66.5%); PC3 (33.4%)。
2511,2024-04-24 19:06:00,2024-04-24 19:10:00,5.0,割煤高位,IsolationForest; Mahalanobis; 单变量IQR+3σ; 残差,4.62,150,正常
2512,2024-04-24 19:18:00,2024-04-24 19:22:00,5.0,待机-高位,IsolationForest; Mahalanobis; 单变量IQR+3σ; 残差,1405.341,150,Mahalanobis 距离=1405.3（阈值=18.5）。主要贡献特征：PC2 (56.9%); PC3 (43.0%)。
2513,2024-04-24 19:28:00,2024-04-24 19:32:00,5.0,待机-高位,IsolationForest; Mahalanobis; 单变量IQR+3σ; 残差,4457.121,150,Mahalanobis 距离=4457.1（阈值=18.5）。主要贡献特征：PC3 (51.2%); PC4 (30.1%); PC2 (18.8%)。
2514,2024-04-24 19:37:00,2024-04-24 19:39:00,3.0,割煤高位,IsolationForest; Mahalanobis; 单变量IQR+3σ; 残差,3.382,90,正常
2515,2024-04-24 19:59:00,2024-04-24 19:59:00,1.0,割煤中位,IsolationForest; Mahalanobis; 单变量IQR+3σ; 残差,3.225,30,残差异常：采煤机_牵引部位_右电机_温度 偏高（残差 Z-score=3.2，实际=66.0 vs 预测=54.6）
2516,2024-04-24 20:02:00,2024-04-24 20:03:00,2.0,待机-高位,IsolationForest; Mahalanobis; 单变量IQR+3σ; 残差,1459.013,60,Mahalanobis 距离=1459.0（阈值=18.5）。主要贡献特征：PC2 (63.8%); PC3 (36.0%)。
2517,2024-04-24 20:11:00,2024-04-24 20:14:00,4.0,割煤高位,IsolationForest; Mahalanobis; 单变量IQR+3σ; 残差,4.196,120,正常
2518,2024-04-24 20:27:00,2024-04-24 20:27:00,1.0,割煤中位,IsolationForest; Mahalanobis; 单变量IQR+3σ; 残差,5.787,30,正常
2519,2024-04-24 20:29:00,2024-04-24 20:31:00,3.0,待机,IsolationForest; Mahalanobis; 单变量IQR+3σ; 残差,4184.571,90,Mahalanobis 距离=4184.6（阈值=18.5）。主要贡献特征：PC2 (81.7%); PC3 (17.5%)。
2520,2024-04-24 20:43:00,2024-04-24 20:45:00,3.0,割煤中位,IsolationForest; Mahalanobis; 单变量IQR+3σ; 残差,5.326,90,单变量异常：采煤机_油泵_左电机_电流（z-score=5.3，实际=53.0，均值=18.3±6.5）
2521,2024-04-24 20:53:00,2024-04-24 21:05:00,13.0,待机-高位,IsolationForest; Mahalanobis; 单变量IQR+3σ; 残差,3423.453,390,Mahalanobis 距离=3423.5（阈值=18.5）。主要贡献特征：PC3 (73.9%); PC2 (24.4%); PC4 (1.7%)。
2522,2024-04-24 21:10:00,2024-04-24 21:10:00,1.0,割煤高位,IsolationForest; Mahalanobis; 单变量IQR+3σ; 残差,3.757,30,正常
2523,2024-04-24 21:13:00,2024-04-24 21:16:00,4.0,待机,IsolationForest; Mahalanobis; 单变量IQR+3σ; 残差,5154.102,120,Mahalanobis 距离=5154.1（阈值=18.5）。主要贡献特征：PC2 (80.8%); PC3 (18.4%)。
2524,2024-04-24 21:19:00,2024-04-24 21:19:00,1.0,待机,IsolationForest; Mahalanobis; 单变量IQR+3σ; 残差,18.523,30,Mahalanobis 距离=18.5（阈值=18.5）。主要贡献特征：PC2 (50.5%); PC3 (47.6%); PC4 (1.9%)。
2525,2024-04-24 21:21:00,2024-04-24 21:22:00,2.0,待机,IsolationForest; Mahalanobis; 单变量IQR+3σ; 残差,14.148,60,正常
2526,2024-04-24 21:37:00,2024-04-24 21:40:00,4.0,待机-高位,IsolationForest; Mahalanobis; 单变量IQR+3σ; 残差,3577.85,120,Mahalanobis 距离=3577.8（阈值=18.5）。主要贡献特征：PC2 (75.3%); PC3 (24.3%)。
2527,2024-04-24 21:46:00,2024-04-24 21:46:00,1.0,待机-高位,IsolationForest; Mahalanobis; 单变量IQR+3σ; 残差,12.999,30,正常
2528,2024-04-24 21:50:00,2024-04-24 21:51:00,2.0,待机-高位,IsolationForest; Mahalanobis; 单变量IQR+3σ; 残差,3151.376,60,Mahalanobis 距离=3151.4（阈值=18.5）。主要贡献特征：PC2 (75.1%); PC3 (24.6%)。
2529,2024-04-24 21:58:00,2024-04-24 21:58:00,1.0,割煤高位,IsolationForest; Mahalanobis; 单变量IQR+3σ; 残差,3.56,30,正常
2530,2024-04-24 22:05:00,2024-04-24 22:05:00,1.0,割煤中位,IsolationForest; Mahalanobis; 单变量IQR+3σ; 残差,6.231,30,正常
2531,2024-04-24 22:08:00,2024-04-24 22:08:00,1.0,调架中,IsolationForest; Mahalanobis; 单变量IQR+3σ; 残差,4.462,30,残差异常：采煤机_油泵_左电机_电流 偏高（残差 Z-score=4.5，实际=53.0 vs 预测=17.0）
2532,2024-04-24 22:19:00,2024-04-24 22:21:00,3.0,割煤高位,IsolationForest; Mahalanobis; 单变量IQR+3σ; 残差,4.281,90,残差异常：采煤机_牵引部位_右电机_电流 偏高（残差 Z-score=4.3，实际=213.0 vs 预测=82.0）
2533,2024-04-24 22:26:00,2024-04-24 22:26:00,1.0,割煤高位,IsolationForest; Mahalanobis; 单变量IQR+3σ; 残差,3.464,30,正常
2534,2024-04-24 22:29:00,2024-04-24 22:29:00,1.0,割煤高位,IsolationForest; Mahalanobis; 单变量IQR+3σ; 残差,3.171,30,正常
2535,2024-04-24 22:52:00,2024-04-24 22:56:00,5.0,割煤中位,IsolationForest; Mahalanobis; 单变量IQR+3σ; 残差,3.465,150,正常
2536,2024-04-24 22:59:00,2024-04-24 22:59:00,1.0,割煤高位,IsolationForest; Mahalanobis; 单变量IQR+3σ; 残差,3.072,30,残差异常：采煤机_破碎机_电机_电流 偏高（残差 Z-score=3.1，实际=36.0 vs 预测=0.0）
2537,2024-04-24 23:03:00,2024-04-24 23:04:00,2.0,调架中,IsolationForest; Mahalanobis; 单变量IQR+3σ; 残差,5.234,60,正常
2538,2024-04-24 23:09:00,2024-04-24 23:09:00,1.0,割煤高位,IsolationForest; Mahalanobis; 单变量IQR+3σ; 残差,4.489,30,正常
2539,2024-04-24 23:26:00,2024-04-24 23:29:00,4.0,待机,IsolationForest; Mahalanobis; 单变量IQR+3σ; 残差,1999.73,120,Mahalanobis 距离=1999.7（阈值=18.5）。主要贡献特征：PC2 (69.0%); PC3 (29.9%); PC4 (1.1%)。
2540,2024-04-24 23:34:00,2024-04-24 23:34:00,1.0,调架中,IsolationForest; Mahalanobis; 单变量IQR+3σ; 残差,3.999,30,正常
2541,2024-04-24 23:36:00,2024-04-24 23:37:00,2.0,割煤中位,IsolationForest; Mahalanobis; 单变量IQR+3σ; 残差,2.885,60,正常
2542,2024-04-24 23:39:00,2024-04-24 23:42:00,4.0,待机-高位,IsolationForest; Mahalanobis; 单变量IQR+3σ; 残差,1856.895,120,Mahalanobis 距离=1856.9（阈值=18.5）。主要贡献特征：PC2 (64.2%); PC3 (35.8%)。
2543,2024-04-24 23:44:00,2024-04-24 23:45:00,2.0,待机-高位,IsolationForest; Mahalanobis; 单变量IQR+3σ; 残差,1186.922,60,Mahalanobis 距离=1186.9（阈值=18.5）。主要贡献特征：PC2 (70.4%); PC3 (29.4%)。
2544,2024-04-24 23:47:00,2024-04-24 23:49:00,3.0,待机-高位,IsolationForest; Mahalanobis; 单变量IQR+3σ; 残差,1829.51,90,Mahalanobis 距离=1829.5（阈值=18.5）。主要贡献特征：PC2 (88.9%); PC4 (6.2%); PC3 (4.9%)。
2545,2024-04-24 23:51:00,2024-04-24 23:54:00,4.0,待机-高位,IsolationForest; Mahalanobis; 单变量IQR+3σ; 残差,1989.791,120,Mahalanobis 距离=1989.8（阈值=18.5）。主要贡献特征：PC2 (76.0%); PC3 (24.0%)。
2546,2024-04-25 00:04:00,2024-04-25 00:05:00,2.0,停机,IsolationForest; Mahalanobis; 单变量IQR+3σ; 残差,3.979,60,正常
2547,2024-04-25 00:20:00,2024-04-25 00:20:00,1.0,割煤高位,IsolationForest; Mahalanobis; 单变量IQR+3σ; 残差,3.197,30,正常
2548,2024-04-25 00:28:00,2024-04-25 00:31:00,4.0,割煤高位,IsolationForest; Mahalanobis; 单变量IQR+3σ; 残差,6.253,120,正常
2549,2024-04-25 00:37:00,2024-04-25 00:38:00,2.0,割煤中位,IsolationForest; Mahalanobis; 单变量IQR+3σ; 残差,4.332,60,残差异常：采煤机_截割部位_右滚筒_电机_温度 偏高（残差 Z-score=4.3，实际=76.0 vs 预测=66.0）
2550,2024-04-25 00:43:00,2024-04-25 00:46:00,4.0,割煤高位,IsolationForest; Mahalanobis; 单变量IQR+3σ; 残差,3.317,120,正常
2551,2024-04-25 00:49:00,2024-04-25 00:49:00,1.0,割煤中位,IsolationForest; Mahalanobis; 单变量IQR+3σ; 残差,3.303,30,残差异常：采煤机_截割部位_左滚筒_电机_电流 偏高（残差 Z-score=3.3，实际=223.0 vs 预测=84.2）
2552,2024-04-25 00:55:00,2024-04-25 00:55:00,1.0,割煤高位,IsolationForest; Mahalanobis; 单变量IQR+3σ; 残差,3.4,30,残差异常：采煤机_截割部位_左滚筒_电机_电流 偏高（残差 Z-score=3.4，实际=228.0 vs 预测=92.4）
2553,2024-04-25 01:05:00,2024-04-25 01:05:00,1.0,割煤高位,IsolationForest; Mahalanobis; 单变量IQR+3σ; 残差,3.243,30,残差异常：采煤机_破碎机_电机_电流 偏高（残差 Z-score=3.2，实际=38.0 vs 预测=0.0）
2554,2024-04-25 01:14:00,2024-04-25 01:14:00,1.0,割煤高位,IsolationForest; Mahalanobis; 单变量IQR+3σ; 残差,4.782,30,正常
2555,2024-04-25 01:34:00,2024-04-25 01:34:00,1.0,割煤高位,IsolationForest; Mahalanobis; 单变量IQR+3σ; 残差,3.845,30,正常
2556,2024-04-25 01:39:00,2024-04-25 01:39:00,1.0,割煤中位,IsolationForest; Mahalanobis; 单变量IQR+3σ; 残差,3.426,30,正常
2557,2024-04-25 01:56:00,2024-04-25 01:57:00,2.0,割煤高位,IsolationForest; Mahalanobis; 单变量IQR+3σ; 残差,5.274,60,残差异常：采煤机_油泵_右电机_电流 偏高（残差 Z-score=5.3，实际=56.0 vs 预测=17.0）
2558,2024-04-25 02:04:00,2024-04-25 02:04:00,1.0,割煤中位,IsolationForest; Mahalanobis; 单变量IQR+3σ; 残差,1.883,30,正常
2559,2024-04-25 02:11:00,2024-04-25 02:12:00,2.0,待机,IsolationForest; Mahalanobis; 单变量IQR+3σ; 残差,1709.483,60,Mahalanobis 距离=1709.5（阈值=18.5）。主要贡献特征：PC2 (66.5%); PC3 (32.4%); PC4 (1.1%)。
2560,2024-04-25 02:16:00,2024-04-25 02:16:00,1.0,割煤高位,IsolationForest; Mahalanobis; 单变量IQR+3σ; 残差,4.343,30,正常
2561,2024-04-25 02:20:00,2024-04-25 02:21:00,2.0,割煤高位,IsolationForest; Mahalanobis; 单变量IQR+3σ; 残差,3.516,60,残差异常：采煤机_油泵_右电机_电流 偏高（残差 Z-score=3.5，实际=43.0 vs 预测=17.0）
2562,2024-04-25 02:25:00,2024-04-25 02:29:00,5.0,待机,IsolationForest; Mahalanobis; 单变量IQR+3σ; 残差,4407.756,150,Mahalanobis 距离=4407.8（阈值=18.5）。主要贡献特征：PC2 (73.7%); PC3 (26.2%)。
2563,2024-04-25 02:31:00,2024-04-25 02:31:00,1.0,待机,IsolationForest; Mahalanobis; 单变量IQR+3σ; 残差,1148.701,30,Mahalanobis 距离=1148.7（阈值=18.5）。主要贡献特征：PC3 (58.6%); PC2 (28.5%); PC4 (12.9%)。
2564,2024-04-25 02:35:00,2024-04-25 02:35:00,1.0,待机-高位,IsolationForest; Mahalanobis; 单变量IQR+3σ; 残差,1088.514,30,Mahalanobis 距离=1088.5（阈值=18.5）。主要贡献特征：PC2 (61.7%); PC3 (37.7%)。
2565,2024-04-25 02:49:00,2024-04-25 02:49:00,1.0,割煤高位,IsolationForest; Mahalanobis; 单变量IQR+3σ; 残差,3.473,30,正常
2566,2024-04-25 02:58:00,2024-04-25 02:58:00,1.0,割煤高位,IsolationForest; Mahalanobis; 单变量IQR+3σ; 残差,4.202,30,正常
2567,2024-04-25 03:03:00,2024-04-25 03:03:00,1.0,割煤高位,IsolationForest; Mahalanobis; 单变量IQR+3σ; 残差,5.382,30,残差异常：采煤机_油泵_右电机_电流 偏高（残差 Z-score=5.4，实际=57.0 vs 预测=17.2）
2568,2024-04-25 03:05:00,2024-04-25 03:05:00,1.0,割煤高位,IsolationForest; Mahalanobis; 单变量IQR+3σ; 残差,3.903,30,正常
2569,2024-04-25 03:11:00,2024-04-25 03:11:00,1.0,待机,IsolationForest; Mahalanobis; 单变量IQR+3σ; 残差,1798.379,30,Mahalanobis 距离=1798.4（阈值=18.5）。主要贡献特征：PC2 (61.4%); PC3 (38.6%)。
2570,2024-04-25 03:15:00,2024-04-25 03:18:00,4.0,待机,IsolationForest; Mahalanobis; 单变量IQR+3σ; 残差,1598.779,120,Mahalanobis 距离=1598.8（阈值=18.5）。主要贡献特征：PC2 (72.8%); PC3 (27.0%)。
2571,2024-04-25 03:29:00,2024-04-25 03:33:00,5.0,割煤中位,IsolationForest; Mahalanobis; 单变量IQR+3σ; 残差,3.925,150,正常
2572,2024-04-25 03:35:00,2024-04-25 03:35:00,1.0,割煤高位,IsolationForest; Mahalanobis; 单变量IQR+3σ; 残差,4.489,30,正常
2573,2024-04-25 03:55:00,2024-04-25 03:55:00,1.0,割煤高位,IsolationForest; Mahalanobis; 单变量IQR+3σ; 残差,3.5,30,残差异常：采煤机_截割部位_右滚筒_电机_电流 偏高（残差 Z-score=3.5，实际=238.0 vs 预测=94.0）
2574,2024-04-25 03:58:00,2024-04-25 03:58:00,1.0,待机-高位,IsolationForest; Mahalanobis; 单变量IQR+3σ; 残差,6462.226,30,Mahalanobis 距离=6462.2（阈值=18.5）。主要贡献特征：PC2 (84.4%); PC3 (15.2%)。
2575,2024-04-25 04:07:00,2024-04-25 04:07:00,1.0,割煤高位,IsolationForest; Mahalanobis; 单变量IQR+3σ; 残差,4.441,30,正常
2576,2024-04-25 04:22:00,2024-04-25 04:24:00,3.0,待机,IsolationForest; Mahalanobis; 单变量IQR+3σ; 残差,3035.332,90,Mahalanobis 距离=3035.3（阈值=18.5）。主要贡献特征：PC2 (62.9%); PC3 (37.0%)。
2577,2024-04-25 04:26:00,2024-04-25 04:29:00,4.0,割煤中位,IsolationForest; Mahalanobis; 单变量IQR+3σ; 残差,6.307,120,残差异常：采煤机_油泵_右电机_电流 偏高（残差 Z-score=6.3，实际=57.0 vs 预测=17.8）
2578,2024-04-25 04:39:00,2024-04-25 04:39:00,1.0,待机,IsolationForest; Mahalanobis; 单变量IQR+3σ; 残差,2393.242,30,Mahalanobis 距离=2393.2（阈值=18.5）。主要贡献特征：PC2 (68.8%); PC3 (30.8%)。
2579,2024-04-25 04:44:00,2024-04-25 04:44:00,1.0,割煤中位,IsolationForest; Mahalanobis; 单变量IQR+3σ; 残差,3.057,30,残差异常：采煤机_油泵_右电机_电流 偏高（残差 Z-score=3.1，实际=36.0 vs 预测=17.0）
2580,2024-04-25 04:55:00,2024-04-25 04:55:00,1.0,割煤中位,IsolationForest; Mahalanobis; 单变量IQR+3σ; 残差,5.941,30,正常
2581,2024-04-25 05:05:00,2024-04-25 05:05:00,1.0,待机,IsolationForest; Mahalanobis; 单变量IQR+3σ; 残差,2728.042,30,Mahalanobis 距离=2728.0（阈值=18.5）。主要贡献特征：PC2 (71.2%); PC3 (28.3%)。
2582,2024-04-25 05:08:00,2024-04-25 05:08:00,1.0,割煤中位,IsolationForest; Mahalanobis; 单变量IQR+3σ; 残差,4.151,30,残差异常：采煤机_油泵_右电机_电流 偏高（残差 Z-score=4.2，实际=43.0 vs 预测=17.2）
2583,2024-04-25 05:38:00,2024-04-25 05:38:00,1.0,割煤高位,IsolationForest; Mahalanobis; 单变量IQR+3σ; 残差,3.085,30,正常
2584,2024-04-25 05:47:00,2024-04-25 05:49:00,3.0,待机,IsolationForest; Mahalanobis; 单变量IQR+3σ; 残差,4614.766,90,Mahalanobis 距离=4614.8（阈值=18.5）。主要贡献特征：PC2 (82.7%); PC3 (17.1%)。
2585,2024-04-25 06:01:00,2024-04-25 06:01:00,1.0,割煤高位,IsolationForest; Mahalanobis; 单变量IQR+3σ; 残差,3.787,30,残差异常：采煤机_油泵_右电机_电流 偏高（残差 Z-score=3.8，实际=46.0 vs 预测=18.0）
2586,2024-04-25 06:08:00,2024-04-25 06:08:00,1.0,割煤高位,IsolationForest; Mahalanobis; 单变量IQR+3σ; 残差,3.655,30,正常
2587,2024-04-25 06:16:00,2024-04-25 06:16:00,1.0,割煤高位,IsolationForest; Mahalanobis; 单变量IQR+3σ; 残差,3.464,30,正常
2588,2024-04-25 06:18:00,2024-04-25 06:18:00,1.0,割煤中位,IsolationForest; Mahalanobis; 单变量IQR+3σ; 残差,4.956,30,残差异常：采煤机_油泵_右电机_电流 偏高（残差 Z-score=5.0，实际=48.0 vs 预测=17.2）
2589,2024-04-25 06:26:00,2024-04-25 06:26:00,1.0,割煤中位,IsolationForest; Mahalanobis; 单变量IQR+3σ; 残差,3.228,30,残差异常：采煤机_截割部位_右滚筒_电机_电流 偏高（残差 Z-score=3.2，实际=199.0 vs 预测=86.4）
2590,2024-04-25 06:34:00,2024-04-25 06:37:00,4.0,待机,IsolationForest; Mahalanobis; 单变量IQR+3σ; 残差,3706.006,120,Mahalanobis 距离=3706.0（阈值=18.5）。主要贡献特征：PC2 (79.1%); PC3 (20.7%)。
2591,2024-04-25 06:44:00,2024-04-25 06:47:00,4.0,割煤中位,IsolationForest; Mahalanobis; 单变量IQR+3σ; 残差,5.747,120,正常
2592,2024-04-25 06:54:00,2024-04-25 06:56:00,3.0,调架中,IsolationForest; Mahalanobis; 单变量IQR+3σ; 残差,5.607,90,单变量异常：采煤机_油泵_右电机_电流（z-score=5.6，实际=47.0，均值=17.3±5.3）
2593,2024-04-25 06:58:00,2024-04-25 06:58:00,1.0,割煤中位,IsolationForest; Mahalanobis; 单变量IQR+3σ; 残差,3.432,30,正常
2594,2024-04-25 07:03:00,2024-04-25 07:03:00,1.0,割煤中位,IsolationForest; Mahalanobis; 单变量IQR+3σ; 残差,6.877,30,正常
2595,2024-04-25 07:08:00,2024-04-25 07:08:00,1.0,割煤中位,IsolationForest; Mahalanobis; 单变量IQR+3σ; 残差,3.469,30,残差异常：采煤机_截割部位_右滚筒_电机_电流 偏高（残差 Z-score=3.5，实际=199.0 vs 预测=78.0）
2596,2024-04-25 07:13:00,2024-04-25 07:13:00,1.0,待机,IsolationForest; Mahalanobis; 单变量IQR+3σ; 残差,4050.607,30,Mahalanobis 距离=4050.6（阈值=18.5）。主要贡献特征：PC2 (79.5%); PC3 (19.6%)。
2597,2024-04-25 07:31:00,2024-04-25 07:33:00,3.0,待机-高位,IsolationForest; Mahalanobis; 单变量IQR+3σ; 残差,1919.978,90,Mahalanobis 距离=1920.0（阈值=18.5）。主要贡献特征：PC2 (64.1%); PC3 (35.8%)。
2598,2024-04-25 07:43:00,2024-04-25 07:44:00,2.0,待机,IsolationForest; Mahalanobis; 单变量IQR+3σ; 残差,1960.481,60,Mahalanobis 距离=1960.5（阈值=18.5）。主要贡献特征：PC2 (60.9%); PC3 (39.1%)。
2599,2024-04-25 07:56:00,2024-04-25 07:56:00,1.0,割煤高位,IsolationForest; Mahalanobis; 单变量IQR+3σ; 残差,4.463,30,残差异常：采煤机_油泵_右电机_电流 偏高（残差 Z-score=4.5，实际=50.0 vs 预测=17.0）
2600,2024-04-25 08:06:00,2024-04-25 08:06:00,1.0,割煤中位,IsolationForest; Mahalanobis; 单变量IQR+3σ; 残差,4.251,30,正常
2601,2024-04-25 08:09:00,2024-04-25 08:09:00,1.0,割煤高位,IsolationForest; Mahalanobis; 单变量IQR+3σ; 残差,4.273,30,残差异常：采煤机_油泵_右电机_电流 偏高（残差 Z-score=4.3，实际=49.0 vs 预测=17.4）
2602,2024-04-25 08:35:00,2024-04-25 08:38:00,4.0,待机-高位,IsolationForest; Mahalanobis; 单变量IQR+3σ; 残差,1946.866,120,Mahalanobis 距离=1946.9（阈值=18.5）。主要贡献特征：PC2 (69.7%); PC3 (30.3%)。
2603,2024-04-25 08:46:00,2024-04-25 08:49:00,4.0,调架中,IsolationForest; Mahalanobis; 单变量IQR+3σ; 残差,5.761,120,正常
2604,2024-04-25 08:57:00,2024-04-25 08:58:00,2.0,割煤中位,IsolationForest; Mahalanobis; 单变量IQR+3σ; 残差,1.713,60,正常
2605,2024-04-25 09:11:00,2024-04-25 09:14:00,4.0,待机-高位,IsolationForest; Mahalanobis; 单变量IQR+3σ; 残差,4083.965,120,Mahalanobis 距离=4084.0（阈值=18.5）。主要贡献特征：PC2 (71.3%); PC3 (28.3%)。
2606,2024-04-25 09:21:00,2024-04-25 09:41:00,21.0,待机,IsolationForest; Mahalanobis; 单变量IQR+3σ; 残差,4219.943,630,Mahalanobis 距离=4219.9（阈值=18.5）。主要贡献特征：PC2 (71.7%); PC3 (28.3%)。
2607,2024-04-25 09:46:00,2024-04-25 09:46:00,1.0,调架中,IsolationForest; Mahalanobis; 单变量IQR+3σ; 残差,7.322,30,残差异常：采煤机_油泵_右电机_电流 偏高（残差 Z-score=7.3，实际=54.0 vs 预测=14.0）
2608,2024-04-25 09:48:00,2024-04-25 09:51:00,4.0,待机-高位,IsolationForest; Mahalanobis; 单变量IQR+3σ; 残差,1573.498,120,Mahalanobis 距离=1573.5（阈值=18.5）。主要贡献特征：PC2 (57.1%); PC3 (42.8%)。
2609,2024-04-25 09:54:00,2024-04-25 09:54:00,1.0,调架中,IsolationForest; Mahalanobis; 单变量IQR+3σ; 残差,2.201,30,正常
2610,2024-04-25 10:01:00,2024-04-25 10:01:00,1.0,割煤中位,IsolationForest; Mahalanobis; 单变量IQR+3σ; 残差,6.094,30,正常
2611,2024-04-25 10:04:00,2024-04-25 10:05:00,2.0,割煤高位,IsolationForest; Mahalanobis; 单变量IQR+3σ; 残差,4.782,60,正常
2612,2024-04-25 10:08:00,2024-04-25 10:10:00,3.0,割煤中位,IsolationForest; Mahalanobis; 单变量IQR+3σ; 残差,2.869,90,单变量异常：采煤机_油泵_左电机_电流（z-score=2.9，实际=37.0，均值=18.3±6.5）
2613,2024-04-25 10:12:00,2024-04-25 10:16:00,5.0,待机,IsolationForest; Mahalanobis; 单变量IQR+3σ; 残差,1934.238,150,Mahalanobis 距离=1934.2（阈值=18.5）。主要贡献特征：PC2 (68.2%); PC3 (31.5%)。
2614,2024-04-25 10:19:00,2024-04-25 10:20:00,2.0,待机,IsolationForest; Mahalanobis; 单变量IQR+3σ; 残差,18.888,60,Mahalanobis 距离=18.9（阈值=18.5）。主要贡献特征：PC2 (59.8%); PC3 (36.3%); PC1 (2.6%)。
2615,2024-04-25 13:25:00,2024-04-25 13:26:00,2.0,停机,IsolationForest; Mahalanobis; 单变量IQR+3σ; 残差,4.279,60,残差异常：采煤机_油泵_左电机_电流 偏高（残差 Z-score=4.3，实际=21.0 vs 预测=0.0）
2616,2024-04-25 13:30:00,2024-04-25 13:35:00,6.0,待机,IsolationForest; Mahalanobis; 单变量IQR+3σ; 残差,28.147,180,Mahalanobis 距离=28.1（阈值=18.5）。主要贡献特征：PC3 (49.3%); PC2 (47.6%); PC4 (2.4%)。
2617,2024-04-25 13:47:00,2024-04-25 13:47:00,1.0,停机,IsolationForest; Mahalanobis; 单变量IQR+3σ; 残差,3.295,30,正常
2618,2024-04-25 13:49:00,2024-04-25 13:50:00,2.0,待机,IsolationForest; Mahalanobis; 单变量IQR+3σ; 残差,25.24,60,Mahalanobis 距离=25.2（阈值=18.5）。主要贡献特征：PC3 (49.4%); PC2 (46.9%); PC4 (3.1%)。
2619,2024-04-25 14:27:00,2024-04-25 14:27:00,1.0,停机,IsolationForest; Mahalanobis; 单变量IQR+3σ; 残差,1.217,30,正常
2620,2024-04-25 14:29:00,2024-04-25 14:34:00,6.0,待机,IsolationForest; Mahalanobis; 单变量IQR+3σ; 残差,1828.004,180,Mahalanobis 距离=1828.0（阈值=18.5）。主要贡献特征：PC3 (60.9%); PC2 (22.7%); PC4 (16.4%)。
2621,2024-04-25 14:38:00,2024-04-25 14:40:00,3.0,停机,IsolationForest; Mahalanobis; 单变量IQR+3σ; 残差,5.208,90,正常
2622,2024-04-25 15:26:00,2024-04-25 15:28:00,3.0,停机,IsolationForest; Mahalanobis; 单变量IQR+3σ; 残差,8.688,90,正常
2623,2024-04-25 15:30:00,2024-04-25 15:37:00,8.0,待机,IsolationForest; Mahalanobis; 单变量IQR+3σ; 残差,1563.621,240,Mahalanobis 距离=1563.6（阈值=18.5）。主要贡献特征：PC3 (61.4%); PC2 (23.1%); PC4 (15.4%)。
2624,2024-04-25 15:43:00,2024-04-25 15:48:00,6.0,停机,IsolationForest; Mahalanobis; 单变量IQR+3σ; 残差,578.333,180,Mahalanobis 距离=578.3（阈值=18.5）。主要贡献特征：PC4 (72.9%); PC3 (21.0%); PC2 (6.1%)。
2625,2024-04-25 15:50:00,2024-04-25 15:51:00,2.0,割煤高位,IsolationForest; Mahalanobis; 单变量IQR+3σ; 残差,2.629,60,正常
2626,2024-04-25 15:53:00,2024-04-25 15:53:00,1.0,割煤高位,IsolationForest; Mahalanobis; 单变量IQR+3σ; 残差,1.914,30,正常
2627,2024-04-25 15:55:00,2024-04-25 15:55:00,1.0,割煤高位,IsolationForest; Mahalanobis; 单变量IQR+3σ; 残差,3.954,30,残差异常：采煤机_牵引部位_左电机_电流 偏高（残差 Z-score=4.0，实际=235.0 vs 预测=111.4）
2628,2024-04-25 15:58:00,2024-04-25 15:58:00,1.0,待机-高位,IsolationForest; Mahalanobis; 单变量IQR+3σ; 残差,1257.997,30,Mahalanobis 距离=1258.0（阈值=18.5）。主要贡献特征：PC2 (61.2%); PC3 (38.3%)。
2629,2024-04-25 16:00:00,2024-04-25 16:00:00,1.0,割煤高位,IsolationForest; Mahalanobis; 单变量IQR+3σ; 残差,3.319,30,正常
2630,2024-04-25 16:02:00,2024-04-25 16:09:00,8.0,待机,IsolationForest; Mahalanobis; 单变量IQR+3σ; 残差,4351.015,240,Mahalanobis 距离=4351.0（阈值=18.5）。主要贡献特征：PC2 (89.2%); PC3 (10.4%)。
2631,2024-04-25 16:14:00,2024-04-25 16:15:00,2.0,待机,IsolationForest; Mahalanobis; 单变量IQR+3σ; 残差,1997.837,60,Mahalanobis 距离=1997.8（阈值=18.5）。主要贡献特征：PC2 (70.1%); PC3 (29.2%)。
2632,2024-04-25 16:21:00,2024-04-25 16:23:00,3.0,待机,IsolationForest; Mahalanobis; 单变量IQR+3σ; 残差,2264.888,90,Mahalanobis 距离=2264.9（阈值=18.5）。主要贡献特征：PC2 (70.9%); PC3 (28.6%)。
2633,2024-04-25 16:26:00,2024-04-25 16:30:00,5.0,待机,IsolationForest; Mahalanobis; 单变量IQR+3σ; 残差,941.09,150,Mahalanobis 距离=941.1（阈值=18.5）。主要贡献特征：PC2 (60.0%); PC3 (38.9%); PC4 (1.1%)。
2634,2024-04-25 16:34:00,2024-04-25 16:36:00,3.0,割煤中位,IsolationForest; Mahalanobis; 单变量IQR+3σ; 残差,3.79,90,残差异常：采煤机_截割部位_右滚筒_电机_电流 偏高（残差 Z-score=3.8，实际=205.0 vs 预测=72.8）
2635,2024-04-25 16:48:00,2024-04-25 16:49:00,2.0,待机,IsolationForest; Mahalanobis; 单变量IQR+3σ; 残差,2902.13,60,Mahalanobis 距离=2902.1（阈值=18.5）。主要贡献特征：PC2 (69.5%); PC3 (30.4%)。
2636,2024-04-25 17:02:00,2024-04-25 17:05:00,4.0,待机-高位,IsolationForest; Mahalanobis; 单变量IQR+3σ; 残差,3708.964,120,Mahalanobis 距离=3709.0（阈值=18.5）。主要贡献特征：PC2 (78.6%); PC3 (20.9%)。
2637,2024-04-25 17:59:00,2024-04-25 18:04:00,6.0,待机-高位,IsolationForest; Mahalanobis; 单变量IQR+3σ; 残差,3506.055,180,Mahalanobis 距离=3506.1（阈值=18.5）。主要贡献特征：PC2 (89.0%); PC3 (10.7%)。
2638,2024-04-25 18:31:00,2024-04-25 18:35:00,5.0,割煤高位,IsolationForest; Mahalanobis; 单变量IQR+3σ; 残差,5.515,150,正常
2639,2024-04-25 18:46:00,2024-04-25 18:48:00,3.0,割煤高位,IsolationForest; Mahalanobis; 单变量IQR+3σ; 残差,4.441,90,正常
2640,2024-04-25 18:53:00,2024-04-25 18:54:00,2.0,割煤高位,IsolationForest; Mahalanobis; 单变量IQR+3σ; 残差,5.929,60,正常
2641,2024-04-25 18:56:00,2024-04-25 19:01:00,6.0,割煤高位,IsolationForest; Mahalanobis; 单变量IQR+3σ; 残差,7.09,180,正常
2642,2024-04-25 19:04:00,2024-04-25 19:04:00,1.0,割煤中位,IsolationForest; Mahalanobis; 单变量IQR+3σ; 残差,3.023,30,正常
2643,2024-04-25 19:10:00,2024-04-25 19:11:00,2.0,待机,IsolationForest; Mahalanobis; 单变量IQR+3σ; 残差,3251.298,60,Mahalanobis 距离=3251.3（阈值=18.5）。主要贡献特征：PC2 (74.9%); PC3 (25.0%)。
2644,2024-04-25 19:17:00,2024-04-25 19:19:00,3.0,待机,IsolationForest; Mahalanobis; 单变量IQR+3σ; 残差,2883.24,90,Mahalanobis 距离=2883.2（阈值=18.5）。主要贡献特征：PC2 (69.7%); PC3 (30.2%)。
2645,2024-04-25 19:26:00,2024-04-25 19:29:00,4.0,待机-高位,IsolationForest; Mahalanobis; 单变量IQR+3σ; 残差,1699.351,120,Mahalanobis 距离=1699.4（阈值=18.5）。主要贡献特征：PC2 (68.3%); PC3 (31.3%)。
2646,2024-04-25 19:35:00,2024-04-25 19:41:00,7.0,待机-高位,IsolationForest; Mahalanobis; 单变量IQR+3σ; 残差,14.597,210,正常
2647,2024-04-25 20:11:00,2024-04-25 20:11:00,1.0,割煤中位,IsolationForest; Mahalanobis; 单变量IQR+3σ; 残差,3.549,30,残差异常：采煤机_截割部位_右滚筒_电机_电流 偏高（残差 Z-score=3.5，实际=203.0 vs 预测=79.2）
2648,2024-04-25 20:24:00,2024-04-25 20:24:00,1.0,割煤中位,IsolationForest; Mahalanobis; 单变量IQR+3σ; 残差,1.577,30,正常
2649,2024-04-25 20:26:00,2024-04-25 20:26:00,1.0,割煤高位,IsolationForest; Mahalanobis; 单变量IQR+3σ; 残差,3.903,30,正常
2650,2024-04-25 20:28:00,2024-04-25 20:28:00,1.0,待机-高位,IsolationForest; Mahalanobis; 单变量IQR+3σ; 残差,1804.906,30,Mahalanobis 距离=1804.9（阈值=18.5）。主要贡献特征：PC2 (60.5%); PC3 (39.4%)。
2651,2024-04-25 20:38:00,2024-04-25 20:38:00,1.0,割煤高位,IsolationForest; Mahalanobis; 单变量IQR+3σ; 残差,4.057,30,残差异常：采煤机_油泵_右电机_电流 偏高（残差 Z-score=4.1，实际=47.0 vs 预测=17.0）
2652,2024-04-25 20:43:00,2024-04-25 20:43:00,1.0,割煤高位,IsolationForest; Mahalanobis; 单变量IQR+3σ; 残差,3.439,30,正常
2653,2024-04-25 20:58:00,2024-04-25 20:58:00,1.0,割煤中位,IsolationForest; Mahalanobis; 单变量IQR+3σ; 残差,3.33,30,正常
2654,2024-04-25 21:02:00,2024-04-25 21:05:00,4.0,待机,IsolationForest; Mahalanobis; 单变量IQR+3σ; 残差,1957.379,120,Mahalanobis 距离=1957.4（阈值=18.5）。主要贡献特征：PC2 (68.6%); PC3 (30.9%)。
2655,2024-04-25 21:07:00,2024-04-25 21:07:00,1.0,割煤高位,IsolationForest; Mahalanobis; 单变量IQR+3σ; 残差,3.61,30,正常
2656,2024-04-25 21:27:00,2024-04-25 21:27:00,1.0,割煤高位,IsolationForest; Mahalanobis; 单变量IQR+3σ; 残差,4.895,30,残差异常：采煤机_油泵_右电机_电流 偏高（残差 Z-score=4.9，实际=53.0 vs 预测=16.8）
2657,2024-04-25 21:29:00,2024-04-25 21:29:00,1.0,割煤中位,IsolationForest; Mahalanobis; 单变量IQR+3σ; 残差,3.004,30,残差异常：采煤机_截割部位_右滚筒_电机_电流 偏高（残差 Z-score=3.0，实际=176.0 vs 预测=71.2）
2658,2024-04-25 21:33:00,2024-04-25 21:36:00,4.0,待机-高位,IsolationForest; Mahalanobis; 单变量IQR+3σ; 残差,4114.29,120,Mahalanobis 距离=4114.3（阈值=18.5）。主要贡献特征：PC2 (82.6%); PC3 (17.3%)。
2659,2024-04-25 21:41:00,2024-04-25 21:41:00,1.0,割煤高位,IsolationForest; Mahalanobis; 单变量IQR+3σ; 残差,3.728,30,正常
2660,2024-04-25 21:47:00,2024-04-25 21:47:00,1.0,待机-高位,IsolationForest; Mahalanobis; 单变量IQR+3σ; 残差,3140.423,30,Mahalanobis 距离=3140.4（阈值=18.5）。主要贡献特征：PC2 (69.2%); PC3 (30.6%)。
2661,2024-04-25 21:50:00,2024-04-25 21:55:00,6.0,待机,IsolationForest; Mahalanobis; 单变量IQR+3σ; 残差,3608.255,180,Mahalanobis 距离=3608.3（阈值=18.5）。主要贡献特征：PC2 (72.5%); PC3 (27.5%)。
2662,2024-04-25 21:58:00,2024-04-25 21:58:00,1.0,割煤高位,IsolationForest; Mahalanobis; 单变量IQR+3σ; 残差,5.058,30,残差异常：采煤机_油泵_右电机_电流 偏高（残差 Z-score=5.1，实际=54.0 vs 预测=16.6）
2663,2024-04-25 22:06:00,2024-04-25 22:07:00,2.0,割煤高位,IsolationForest; Mahalanobis; 单变量IQR+3σ; 残差,3.024,60,正常
2664,2024-04-25 22:11:00,2024-04-25 22:11:00,1.0,割煤高位,IsolationForest; Mahalanobis; 单变量IQR+3σ; 残差,4.05,30,正常
2665,2024-04-25 22:31:00,2024-04-25 22:32:00,2.0,待机-高位,IsolationForest; Mahalanobis; 单变量IQR+3σ; 残差,797.587,60,Mahalanobis 距离=797.6（阈值=18.5）。主要贡献特征：PC2 (54.9%); PC3 (45.0%)。
2666,2024-04-25 22:41:00,2024-04-25 22:42:00,2.0,待机,IsolationForest; Mahalanobis; 单变量IQR+3σ; 残差,2544.682,60,Mahalanobis 距离=2544.7（阈值=18.5）。主要贡献特征：PC2 (70.4%); PC3 (29.6%)。
2667,2024-04-25 22:50:00,2024-04-25 22:50:00,1.0,割煤高位,IsolationForest; Mahalanobis; 单变量IQR+3σ; 残差,4.05,30,正常
2668,2024-04-25 22:53:00,2024-04-25 22:55:00,3.0,待机-高位,IsolationForest; Mahalanobis; 单变量IQR+3σ; 残差,2669.18,90,Mahalanobis 距离=2669.2（阈值=18.5）。主要贡献特征：PC2 (67.0%); PC3 (33.0%)。
2669,2024-04-25 23:00:00,2024-04-25 23:02:00,3.0,待机,IsolationForest; Mahalanobis; 单变量IQR+3σ; 残差,3192.296,90,Mahalanobis 距离=3192.3（阈值=18.5）。主要贡献特征：PC2 (68.9%); PC3 (31.1%)。
2670,2024-04-25 23:17:00,2024-04-25 23:17:00,1.0,割煤中位,IsolationForest; Mahalanobis; 单变量IQR+3σ; 残差,3.445,30,残差异常：采煤机_截割部位_左滚筒_电机_电流 偏高（残差 Z-score=3.4，实际=207.0 vs 预测=62.2）
2671,2024-04-25 23:22:00,2024-04-25 23:26:00,5.0,待机-高位,IsolationForest; Mahalanobis; 单变量IQR+3σ; 残差,2431.329,150,Mahalanobis 距离=2431.3（阈值=18.5）。主要贡献特征：PC2 (68.6%); PC3 (31.2%)。
2672,2024-04-25 23:33:00,2024-04-25 23:33:00,1.0,割煤高位,IsolationForest; Mahalanobis; 单变量IQR+3σ; 残差,4.13,30,正常
2673,2024-04-25 23:43:00,2024-04-25 23:43:00,1.0,割煤中位,IsolationForest; Mahalanobis; 单变量IQR+3σ; 残差,6.275,30,残差异常：采煤机_油泵_右电机_电流 偏高（残差 Z-score=6.3，实际=56.0 vs 预测=17.0）
2674,2024-04-25 23:46:00,2024-04-25 23:47:00,2.0,割煤高位,IsolationForest; Mahalanobis; 单变量IQR+3σ; 残差,3.8,60,正常
2675,2024-04-25 23:50:00,2024-04-25 23:54:00,5.0,待机-高位,IsolationForest; Mahalanobis; 单变量IQR+3σ; 残差,3176.965,150,Mahalanobis 距离=3177.0（阈值=18.5）。主要贡献特征：PC2 (63.9%); PC3 (35.7%)。
2676,2024-04-26 00:00:00,2024-04-26 00:00:00,1.0,割煤高位,IsolationForest; Mahalanobis; 单变量IQR+3σ; 残差,3.75,30,正常
2677,2024-04-26 00:04:00,2024-04-26 00:04:00,1.0,割煤高位,IsolationForest; Mahalanobis; 单变量IQR+3σ; 残差,4.381,30,残差异常：采煤机_油泵_右电机_电流 偏高（残差 Z-score=4.4，实际=49.0 vs 预测=16.6）
2678,2024-04-26 00:09:00,2024-04-26 00:09:00,1.0,割煤高位,IsolationForest; Mahalanobis; 单变量IQR+3σ; 残差,4.579,30,正常
2679,2024-04-26 00:12:00,2024-04-26 00:12:00,1.0,调架中,IsolationForest; Mahalanobis; 单变量IQR+3σ; 残差,6.741,30,正常
2680,2024-04-26 00:14:00,2024-04-26 00:14:00,1.0,割煤高位,IsolationForest; Mahalanobis; 单变量IQR+3σ; 残差,4.489,30,正常
2681,2024-04-26 00:17:00,2024-04-26 00:17:00,1.0,割煤中位,IsolationForest; Mahalanobis; 单变量IQR+3σ; 残差,4.507,30,残差异常：采煤机_破碎机_电机_电流 偏高（残差 Z-score=4.5，实际=50.0 vs 预测=0.0）
2682,2024-04-26 00:19:00,2024-04-26 00:19:00,1.0,割煤高位,IsolationForest; Mahalanobis; 单变量IQR+3σ; 残差,2.406,30,正常
2683,2024-04-26 00:22:00,2024-04-26 00:22:00,1.0,割煤高位,IsolationForest; Mahalanobis; 单变量IQR+3σ; 残差,6.979,30,正常
2684,2024-04-26 00:25:00,2024-04-26 00:27:00,3.0,割煤高位,IsolationForest; Mahalanobis; 单变量IQR+3σ; 残差,4.066,90,正常
2685,2024-04-26 00:31:00,2024-04-26 00:31:00,1.0,割煤高位,IsolationForest; Mahalanobis; 单变量IQR+3σ; 残差,2.708,30,正常
2686,2024-04-26 00:44:00,2024-04-26 00:44:00,1.0,待机-高位,IsolationForest; Mahalanobis; 单变量IQR+3σ; 残差,2374.244,30,Mahalanobis 距离=2374.2（阈值=18.5）。主要贡献特征：PC2 (73.2%); PC3 (26.6%)。
2687,2024-04-26 00:47:00,2024-04-26 00:47:00,1.0,割煤高位,IsolationForest; Mahalanobis; 单变量IQR+3σ; 残差,4.76,30,残差异常：采煤机_油泵_右电机_电流 偏高（残差 Z-score=4.8，实际=52.0 vs 预测=16.8）
2688,2024-04-26 00:51:00,2024-04-26 00:54:00,4.0,割煤中位,IsolationForest; Mahalanobis; 单变量IQR+3σ; 残差,2.232,120,正常
2689,2024-04-26 01:02:00,2024-04-26 01:05:00,4.0,割煤高位,IsolationForest; Mahalanobis; 单变量IQR+3σ; 残差,4.895,120,正常
2690,2024-04-26 01:10:00,2024-04-26 01:12:00,3.0,待机-高位,IsolationForest; Mahalanobis; 单变量IQR+3σ; 残差,1157.615,90,Mahalanobis 距离=1157.6（阈值=18.5）。主要贡献特征：PC2 (58.2%); PC3 (41.6%)。
2691,2024-04-26 01:20:00,2024-04-26 01:20:00,1.0,割煤高位,IsolationForest; Mahalanobis; 单变量IQR+3σ; 残差,4.782,30,正常
2692,2024-04-26 01:25:00,2024-04-26 01:28:00,4.0,待机,IsolationForest; Mahalanobis; 单变量IQR+3σ; 残差,3197.883,120,Mahalanobis 距离=3197.9（阈值=18.5）。主要贡献特征：PC2 (70.9%); PC3 (29.0%)。
2693,2024-04-26 01:36:00,2024-04-26 01:38:00,3.0,待机,IsolationForest; Mahalanobis; 单变量IQR+3σ; 残差,4838.207,90,Mahalanobis 距离=4838.2（阈值=18.5）。主要贡献特征：PC2 (92.5%); PC4 (6.7%)。
2694,2024-04-26 01:40:00,2024-04-26 01:41:00,2.0,割煤高位,IsolationForest; Mahalanobis; 单变量IQR+3σ; 残差,4.084,60,残差异常：采煤机_油泵_右电机_电流 偏高（残差 Z-score=4.1，实际=47.0 vs 预测=16.8）
2695,2024-04-26 01:51:00,2024-04-26 01:52:00,2.0,割煤中位,IsolationForest; Mahalanobis; 单变量IQR+3σ; 残差,2.398,60,正常
2696,2024-04-26 01:54:00,2024-04-26 01:55:00,2.0,割煤中位,IsolationForest; Mahalanobis; 单变量IQR+3σ; 残差,6.401,60,单变量异常：采煤机_油泵_左电机_电流（z-score=6.4，实际=60.0，均值=18.3±6.5）
2697,2024-04-26 02:02:00,2024-04-26 02:12:00,11.0,割煤中位,IsolationForest; Mahalanobis; 单变量IQR+3σ; 残差,6.862,330,正常
2698,2024-04-26 02:33:00,2024-04-26 02:33:00,1.0,调架中,IsolationForest; Mahalanobis; 单变量IQR+3σ; 残差,3.262,30,残差异常：采煤机_牵引部位_右电机_电流 偏高（残差 Z-score=3.3，实际=186.0 vs 预测=31.0）
2699,2024-04-26 02:37:00,2024-04-26 02:37:00,1.0,割煤高位,IsolationForest; Mahalanobis; 单变量IQR+3σ; 残差,3.244,30,残差异常：采煤机_截割部位_左滚筒_电机_电流 偏高（残差 Z-score=3.2，实际=230.0 vs 预测=100.6）
2700,2024-04-26 02:39:00,2024-04-26 02:39:00,1.0,割煤高位,IsolationForest; Mahalanobis; 单变量IQR+3σ; 残差,1.766,30,正常
2701,2024-04-26 02:47:00,2024-04-26 02:50:00,4.0,待机-高位,IsolationForest; Mahalanobis; 单变量IQR+3σ; 残差,2041.955,120,Mahalanobis 距离=2042.0（阈值=18.5）。主要贡献特征：PC2 (58.3%); PC3 (41.5%)。
2702,2024-04-26 02:55:00,2024-04-26 02:55:00,1.0,调架中,IsolationForest; Mahalanobis; 单变量IQR+3σ; 残差,4.557,30,正常
2703,2024-04-26 02:57:00,2024-04-26 03:00:00,4.0,调架中,IsolationForest; Mahalanobis; 单变量IQR+3σ; 残差,17.559,120,残差异常：采煤机_破碎机_电机_电流 偏高（残差 Z-score=17.6，实际=283.0 vs 预测=3.8）
2704,2024-04-26 03:02:00,2024-04-26 03:02:00,1.0,待机-高位,IsolationForest; Mahalanobis; 单变量IQR+3σ; 残差,1756.065,30,Mahalanobis 距离=1756.1（阈值=18.5）。主要贡献特征：PC2 (63.4%); PC3 (36.6%)。
2705,2024-04-26 03:06:00,2024-04-26 03:13:00,8.0,调架中,IsolationForest; Mahalanobis; 单变量IQR+3σ; 残差,4.943,240,正常
2706,2024-04-26 03:15:00,2024-04-26 03:18:00,4.0,割煤中位,IsolationForest; Mahalanobis; 单变量IQR+3σ; 残差,3.944,120,正常
2707,2024-04-26 03:23:00,2024-04-26 03:25:00,3.0,待机-高位,IsolationForest; Mahalanobis; 单变量IQR+3σ; 残差,1356.766,90,Mahalanobis 距离=1356.8（阈值=18.5）。主要贡献特征：PC2 (61.3%); PC3 (38.6%)。
2708,2024-04-26 03:31:00,2024-04-26 03:31:00,1.0,割煤中位,IsolationForest; Mahalanobis; 单变量IQR+3σ; 残差,4.956,30,残差异常：采煤机_油泵_右电机_电流 偏高（残差 Z-score=5.0，实际=48.0 vs 预测=17.2）
2709,2024-04-26 03:34:00,2024-04-26 03:34:00,1.0,待机-高位,IsolationForest; Mahalanobis; 单变量IQR+3σ; 残差,2667.134,30,Mahalanobis 距离=2667.1（阈值=18.5）。主要贡献特征：PC2 (72.8%); PC3 (26.8%)。
2710,2024-04-26 03:37:00,2024-04-26 03:38:00,2.0,割煤高位,IsolationForest; Mahalanobis; 单变量IQR+3σ; 残差,5.496,60,残差异常：采煤机_破碎机_电机_电流 偏高（残差 Z-score=5.5，实际=76.0 vs 预测=11.6）
2711,2024-04-26 03:40:00,2024-04-26 03:40:00,1.0,割煤高位,IsolationForest; Mahalanobis; 单变量IQR+3σ; 残差,3.339,30,残差异常：采煤机_截割部位_左滚筒_电机_电流 偏高（残差 Z-score=3.3，实际=203.0 vs 预测=69.8）
2712,2024-04-26 03:43:00,2024-04-26 03:43:00,1.0,调架中,IsolationForest; Mahalanobis; 单变量IQR+3σ; 残差,4.284,30,正常
2713,2024-04-26 03:58:00,2024-04-26 04:01:00,4.0,待机,IsolationForest; Mahalanobis; 单变量IQR+3σ; 残差,2668.714,120,Mahalanobis 距离=2668.7（阈值=18.5）。主要贡献特征：PC2 (71.8%); PC3 (27.9%)。
2714,2024-04-26 04:06:00,2024-04-26 04:06:00,1.0,待机,IsolationForest; Mahalanobis; 单变量IQR+3σ; 残差,3200.063,30,Mahalanobis 距离=3200.1（阈值=18.5）。主要贡献特征：PC2 (75.9%); PC3 (23.8%)。
2715,2024-04-26 04:23:00,2024-04-26 04:27:00,5.0,割煤低位,IsolationForest; Mahalanobis; 单变量IQR+3σ; 残差,7.785,150,正常
2716,2024-04-26 04:29:00,2024-04-26 04:29:00,1.0,割煤中位,IsolationForest; Mahalanobis; 单变量IQR+3σ; 残差,6.114,30,残差异常：采煤机_油泵_右电机_电流 偏高（残差 Z-score=6.1，实际=55.0 vs 预测=17.0）
2717,2024-04-26 04:49:00,2024-04-26 04:49:00,1.0,割煤高位,IsolationForest; Mahalanobis; 单变量IQR+3σ; 残差,3.757,30,正常
2718,2024-04-26 04:53:00,2024-04-26 04:53:00,1.0,割煤高位,IsolationForest; Mahalanobis; 单变量IQR+3σ; 残差,5.436,30,残差异常：采煤机_油泵_右电机_电流 偏高（残差 Z-score=5.4，实际=57.0 vs 预测=16.8）
2719,2024-04-26 04:56:00,2024-04-26 04:59:00,4.0,待机-高位,IsolationForest; Mahalanobis; 单变量IQR+3σ; 残差,1987.199,120,Mahalanobis 距离=1987.2（阈值=18.5）。主要贡献特征：PC2 (64.9%); PC3 (34.8%)。
2720,2024-04-26 05:27:00,2024-04-26 05:29:00,3.0,调架中,IsolationForest; Mahalanobis; 单变量IQR+3σ; 残差,3.253,90,正常
2721,2024-04-26 05:33:00,2024-04-26 05:33:00,1.0,割煤高位,IsolationForest; Mahalanobis; 单变量IQR+3σ; 残差,4.192,30,残差异常：采煤机_油泵_右电机_电流 偏高（残差 Z-score=4.2，实际=48.0 vs 预测=17.0）
2722,2024-04-26 05:45:00,2024-04-26 05:46:00,2.0,待机,IsolationForest; Mahalanobis; 单变量IQR+3σ; 残差,2954.661,60,Mahalanobis 距离=2954.7（阈值=18.5）。主要贡献特征：PC2 (70.8%); PC3 (29.0%)。
2723,2024-04-26 05:53:00,2024-04-26 05:53:00,1.0,割煤高位,IsolationForest; Mahalanobis; 单变量IQR+3σ; 残差,17.579,30,残差异常：采煤机_破碎机_电机_电流 偏高（残差 Z-score=17.6，实际=206.0 vs 预测=0.0）
2724,2024-04-26 05:57:00,2024-04-26 05:58:00,2.0,割煤高位,IsolationForest; Mahalanobis; 单变量IQR+3σ; 残差,1.308,60,正常
2725,2024-04-26 06:13:00,2024-04-26 06:13:00,1.0,割煤中位,IsolationForest; Mahalanobis; 单变量IQR+3σ; 残差,4.988,30,残差异常：采煤机_油泵_右电机_电流 偏高（残差 Z-score=5.0，实际=48.0 vs 预测=17.0）
2726,2024-04-26 06:20:00,2024-04-26 06:20:00,1.0,待机,IsolationForest; Mahalanobis; 单变量IQR+3σ; 残差,2284.981,30,Mahalanobis 距离=2285.0（阈值=18.5）。主要贡献特征：PC2 (73.1%); PC3 (26.4%)。
2727,2024-04-26 06:23:00,2024-04-26 06:23:00,1.0,待机,IsolationForest; Mahalanobis; 单变量IQR+3σ; 残差,8113.238,30,Mahalanobis 距离=8113.2（阈值=18.5）。主要贡献特征：PC3 (39.6%); PC2 (39.3%); PC4 (21.0%)。
2728,2024-04-26 06:29:00,2024-04-26 06:29:00,1.0,割煤中位,IsolationForest; Mahalanobis; 单变量IQR+3σ; 残差,4.956,30,残差异常：采煤机_油泵_右电机_电流 偏高（残差 Z-score=5.0，实际=49.0 vs 预测=18.2）
2729,2024-04-26 06:32:00,2024-04-26 06:32:00,1.0,割煤中位,IsolationForest; Mahalanobis; 单变量IQR+3σ; 残差,4.778,30,正常
2730,2024-04-26 06:36:00,2024-04-26 06:36:00,1.0,割煤中位,IsolationForest; Mahalanobis; 单变量IQR+3σ; 残差,4.293,30,正常
2731,2024-04-26 06:44:00,2024-04-26 06:44:00,1.0,割煤高位,IsolationForest; Mahalanobis; 单变量IQR+3σ; 残差,4.196,30,正常
2732,2024-04-26 06:47:00,2024-04-26 06:47:00,1.0,割煤中位,IsolationForest; Mahalanobis; 单变量IQR+3σ; 残差,7.169,30,正常
2733,2024-04-26 06:55:00,2024-04-26 06:56:00,2.0,待机,IsolationForest; Mahalanobis; 单变量IQR+3σ; 残差,4381.653,60,Mahalanobis 距离=4381.7（阈值=18.5）。主要贡献特征：PC2 (83.6%); PC3 (16.4%)。
2734,2024-04-26 06:59:00,2024-04-26 07:02:00,4.0,待机,IsolationForest; Mahalanobis; 单变量IQR+3σ; 残差,1403.054,120,Mahalanobis 距离=1403.1（阈值=18.5）。主要贡献特征：PC2 (69.4%); PC3 (29.8%)。
2735,2024-04-26 08:35:00,2024-04-26 08:35:00,1.0,待机,IsolationForest; Mahalanobis; 单变量IQR+3σ; 残差,2.028,30,正常
2736,2024-04-26 08:44:00,2024-04-26 08:48:00,5.0,待机,IsolationForest; Mahalanobis; 单变量IQR+3σ; 残差,19.413,150,Mahalanobis 距离=19.4（阈值=18.5）。主要贡献特征：PC3 (53.6%); PC2 (42.0%); PC4 (4.4%)。
2737,2024-04-26 10:30:00,2024-04-26 10:31:00,2.0,停机,IsolationForest; Mahalanobis; 单变量IQR+3σ; 残差,4.279,60,残差异常：采煤机_油泵_左电机_电流 偏高（残差 Z-score=4.3，实际=21.0 vs 预测=0.0）
2738,2024-04-26 13:12:00,2024-04-26 13:16:00,5.0,停机,IsolationForest; Mahalanobis; 单变量IQR+3σ; 残差,646.532,150,Mahalanobis 距离=646.5（阈值=18.5）。主要贡献特征：PC4 (75.1%); PC3 (19.8%); PC2 (5.1%)。
2739,2024-04-26 15:49:00,2024-04-26 16:03:00,15.0,停机,IsolationForest; Mahalanobis; 单变量IQR+3σ; 残差,807.832,450,Mahalanobis 距离=807.8（阈值=18.5）。主要贡献特征：PC2 (56.4%); PC4 (26.2%); PC3 (17.4%)。
2740,2024-04-26 16:05:00,2024-04-26 16:09:00,5.0,待机,IsolationForest; Mahalanobis; 单变量IQR+3σ; 残差,2849.671,150,Mahalanobis 距离=2849.7（阈值=18.5）。主要贡献特征：PC2 (82.2%); PC3 (16.5%); PC4 (1.3%)。
2741,2024-04-26 16:24:00,2024-04-26 16:29:00,6.0,待机,IsolationForest; Mahalanobis; 单变量IQR+3σ; 残差,2500.431,180,Mahalanobis 距离=2500.4（阈值=18.5）。主要贡献特征：PC2 (80.9%); PC3 (19.0%)。
2742,2024-04-26 16:36:00,2024-04-26 16:54:00,19.0,调架中,IsolationForest; Mahalanobis; 单变量IQR+3σ; 残差,4.787,570,正常
2743,2024-04-26 16:56:00,2024-04-26 17:08:00,13.0,待机-高位,IsolationForest; Mahalanobis; 单变量IQR+3σ; 残差,1923.849,390,Mahalanobis 距离=1923.8（阈值=18.5）。主要贡献特征：PC2 (65.4%); PC3 (34.2%)。
2744,2024-04-26 17:11:00,2024-04-26 17:15:00,5.0,待机,IsolationForest; Mahalanobis; 单变量IQR+3σ; 残差,2346.466,150,Mahalanobis 距离=2346.5（阈值=18.5）。主要贡献特征：PC2 (71.3%); PC3 (27.8%)。
2745,2024-04-26 17:17:00,2024-04-26 17:19:00,3.0,待机-高位,IsolationForest; Mahalanobis; 单变量IQR+3σ; 残差,1447.354,90,Mahalanobis 距离=1447.4（阈值=18.5）。主要贡献特征：PC2 (86.0%); PC3 (13.5%)。
2746,2024-04-26 17:21:00,2024-04-26 17:28:00,8.0,待机-高位,IsolationForest; Mahalanobis; 单变量IQR+3σ; 残差,501.887,240,Mahalanobis 距离=501.9（阈值=18.5）。主要贡献特征：PC3 (54.8%); PC4 (26.6%); PC2 (18.5%)。
2747,2024-04-26 17:34:00,2024-04-26 17:36:00,3.0,割煤高位,IsolationForest; Mahalanobis; 单变量IQR+3σ; 残差,3.091,90,正常
2748,2024-04-26 17:41:00,2024-04-26 17:43:00,3.0,割煤中位,IsolationForest; Mahalanobis; 单变量IQR+3σ; 残差,5.997,90,残差异常：采煤机_截割部位_左滚筒_电机_温度 偏高（残差 Z-score=6.0，实际=70.0 vs 预测=54.2）
2749,2024-04-26 17:50:00,2024-04-26 17:56:00,7.0,待机,IsolationForest; Mahalanobis; 单变量IQR+3σ; 残差,4664.864,210,Mahalanobis 距离=4664.9（阈值=18.5）。主要贡献特征：PC2 (88.2%); PC4 (10.3%); PC3 (1.5%)。
2750,2024-04-26 18:01:00,2024-04-26 18:04:00,4.0,待机-高位,IsolationForest; Mahalanobis; 单变量IQR+3σ; 残差,984.945,120,Mahalanobis 距离=984.9（阈值=18.5）。主要贡献特征：PC2 (57.7%); PC3 (42.1%)。
2751,2024-04-26 18:10:00,2024-04-26 18:10:00,1.0,割煤高位,IsolationForest; Mahalanobis; 单变量IQR+3σ; 残差,3.959,30,正常
2752,2024-04-26 18:15:00,2024-04-26 18:15:00,1.0,割煤高位,IsolationForest; Mahalanobis; 单变量IQR+3σ; 残差,5.368,30,正常
2753,2024-04-26 18:25:00,2024-04-26 18:27:00,3.0,割煤中位,IsolationForest; Mahalanobis; 单变量IQR+3σ; 残差,1.877,90,正常
2754,2024-04-26 18:36:00,2024-04-26 18:39:00,4.0,割煤中位,IsolationForest; Mahalanobis; 单变量IQR+3σ; 残差,5.831,120,残差异常：采煤机_截割部位_右滚筒_电机_电流 偏高（残差 Z-score=5.8，实际=279.0 vs 预测=75.6）
2755,2024-04-26 18:41:00,2024-04-26 18:41:00,1.0,割煤中位,IsolationForest; Mahalanobis; 单变量IQR+3σ; 残差,4.626,30,正常
2756,2024-04-26 18:43:00,2024-04-26 18:46:00,4.0,割煤中位,IsolationForest; Mahalanobis; 单变量IQR+3σ; 残差,1.803,120,正常
2757,2024-04-26 18:48:00,2024-04-26 18:50:00,3.0,割煤中位,IsolationForest; Mahalanobis; 单变量IQR+3σ; 残差,2.053,90,正常
2758,2024-04-26 18:53:00,2024-04-26 18:53:00,1.0,割煤中位,IsolationForest; Mahalanobis; 单变量IQR+3σ; 残差,6.661,30,残差异常：采煤机_油泵_右电机_电流 偏高（残差 Z-score=6.7，实际=58.0 vs 预测=16.6）
2759,2024-04-26 19:00:00,2024-04-26 19:00:00,1.0,割煤高位,IsolationForest; Mahalanobis; 单变量IQR+3σ; 残差,4.03,30,残差异常：采煤机_油泵_右电机_电流 偏高（残差 Z-score=4.0，实际=46.0 vs 预测=16.2）
2760,2024-04-26 19:03:00,2024-04-26 19:03:00,1.0,割煤高位,IsolationForest; Mahalanobis; 单变量IQR+3σ; 残差,1.875,30,正常
2761,2024-04-26 19:18:00,2024-04-26 19:21:00,4.0,待机-高位,IsolationForest; Mahalanobis; 单变量IQR+3σ; 残差,3445.348,120,Mahalanobis 距离=3445.3（阈值=18.5）。主要贡献特征：PC2 (78.4%); PC3 (21.6%)。
2762,2024-04-26 19:32:00,2024-04-26 19:34:00,3.0,割煤高位,IsolationForest; Mahalanobis; 单变量IQR+3σ; 残差,3.514,90,正常
2763,2024-04-26 19:38:00,2024-04-26 19:38:00,1.0,割煤高位,IsolationForest; Mahalanobis; 单变量IQR+3σ; 残差,4.652,30,残差异常：采煤机_油泵_右电机_电流 偏高（残差 Z-score=4.7，实际=51.0 vs 预测=16.6）
2764,2024-04-26 19:49:00,2024-04-26 19:51:00,3.0,割煤中位,IsolationForest; Mahalanobis; 单变量IQR+3σ; 残差,3.797,90,残差异常：采煤机_油泵_右电机_电流 偏高（残差 Z-score=3.8，实际=40.0 vs 预测=16.4）
2765,2024-04-26 19:56:00,2024-04-26 19:56:00,1.0,割煤高位,IsolationForest; Mahalanobis; 单变量IQR+3σ; 残差,5.075,30,正常
2766,2024-04-26 20:03:00,2024-04-26 20:04:00,2.0,待机-高位,IsolationForest; Mahalanobis; 单变量IQR+3σ; 残差,1781.299,60,Mahalanobis 距离=1781.3（阈值=18.5）。主要贡献特征：PC2 (65.0%); PC3 (34.6%)。
2767,2024-04-26 20:12:00,2024-04-26 20:16:00,5.0,割煤中位,IsolationForest; Mahalanobis; 单变量IQR+3σ; 残差,4.859,150,残差异常：采煤机_油泵_右电机_电流 偏高（残差 Z-score=4.9，实际=47.0 vs 预测=16.8）
2768,2024-04-26 20:18:00,2024-04-26 20:20:00,3.0,待机-高位,IsolationForest; Mahalanobis; 单变量IQR+3σ; 残差,3106.733,90,Mahalanobis 距离=3106.7（阈值=18.5）。主要贡献特征：PC2 (72.2%); PC3 (27.0%)。
2769,2024-04-26 20:25:00,2024-04-26 20:26:00,2.0,割煤高位,IsolationForest; Mahalanobis; 单变量IQR+3σ; 残差,4.003,60,残差异常：采煤机_油泵_右电机_电流 偏高（残差 Z-score=4.0，实际=47.0 vs 预测=17.4）
2770,2024-04-26 20:36:00,2024-04-26 20:36:00,1.0,割煤中位,IsolationForest; Mahalanobis; 单变量IQR+3σ; 残差,2.626,30,正常
2771,2024-04-26 20:38:00,2024-04-26 20:39:00,2.0,割煤高位,IsolationForest; Mahalanobis; 单变量IQR+3σ; 残差,4.181,60,残差异常：采煤机_破碎机_电机_电流 偏高（残差 Z-score=4.2，实际=49.0 vs 预测=0.0）
2772,2024-04-26 20:41:00,2024-04-26 20:41:00,1.0,调架中,IsolationForest; Mahalanobis; 单变量IQR+3σ; 残差,4.09,30,残差异常：采煤机_油泵_左电机_电流 偏高（残差 Z-score=4.1，实际=49.0 vs 预测=16.0）
2773,2024-04-26 20:49:00,2024-04-26 20:49:00,1.0,调架中,IsolationForest; Mahalanobis; 单变量IQR+3σ; 残差,5.796,30,正常
2774,2024-04-26 20:53:00,2024-04-26 20:56:00,4.0,割煤中位,IsolationForest; Mahalanobis; 单变量IQR+3σ; 残差,1.832,120,正常
2775,2024-04-26 21:00:00,2024-04-26 21:00:00,1.0,待机-高位,IsolationForest; Mahalanobis; 单变量IQR+3σ; 残差,1833.661,30,Mahalanobis 距离=1833.7（阈值=18.5）。主要贡献特征：PC2 (65.8%); PC3 (33.6%)。
2776,2024-04-26 21:05:00,2024-04-26 21:09:00,5.0,割煤高位,IsolationForest; Mahalanobis; 单变量IQR+3σ; 残差,3.299,150,残差异常：采煤机_截割部位_左滚筒_电机_电流 偏高（残差 Z-score=3.3，实际=209.0 vs 预测=77.4）
2777,2024-04-26 21:13:00,2024-04-26 21:13:00,1.0,割煤高位,IsolationForest; Mahalanobis; 单变量IQR+3σ; 残差,4.3,30,残差异常：采煤机_油泵_右电机_电流 偏高（残差 Z-score=4.3，实际=48.0 vs 预测=16.2）
2778,2024-04-26 21:17:00,2024-04-26 21:18:00,2.0,割煤中位,IsolationForest; Mahalanobis; 单变量IQR+3σ; 残差,3.72,60,残差异常：采煤机_油泵_左电机_电流 偏高（残差 Z-score=3.7，实际=42.0 vs 预测=15.8）
2779,2024-04-26 21:20:00,2024-04-26 21:24:00,5.0,割煤中位,IsolationForest; Mahalanobis; 单变量IQR+3σ; 残差,1.472,150,正常
2780,2024-04-26 21:26:00,2024-04-26 21:27:00,2.0,割煤中位,IsolationForest; Mahalanobis; 单变量IQR+3σ; 残差,2.243,60,正常
2781,2024-04-26 21:30:00,2024-04-26 21:31:00,2.0,割煤中位,IsolationForest; Mahalanobis; 单变量IQR+3σ; 残差,1.16,60,正常
2782,2024-04-26 21:33:00,2024-04-26 21:35:00,3.0,待机-高位,IsolationForest; Mahalanobis; 单变量IQR+3σ; 残差,2689.255,90,Mahalanobis 距离=2689.3（阈值=18.5）。主要贡献特征：PC2 (74.1%); PC3 (25.7%)。
2783,2024-04-26 21:40:00,2024-04-26 21:41:00,2.0,割煤高位,IsolationForest; Mahalanobis; 单变量IQR+3σ; 残差,5.954,60,正常
2784,2024-04-26 21:43:00,2024-04-26 21:44:00,2.0,割煤中位,IsolationForest; Mahalanobis; 单变量IQR+3σ; 残差,1.655,60,正常
2785,2024-04-26 21:47:00,2024-04-26 21:50:00,4.0,割煤中位,IsolationForest; Mahalanobis; 单变量IQR+3σ; 残差,4.601,120,残差异常：采煤机_截割部位_左滚筒_电机_电流 偏高（残差 Z-score=4.6，实际=273.0 vs 预测=79.6）
2786,2024-04-26 21:53:00,2024-04-26 21:53:00,1.0,调架中,IsolationForest; Mahalanobis; 单变量IQR+3σ; 残差,4.039,30,正常
2787,2024-04-26 21:57:00,2024-04-26 22:00:00,4.0,割煤中位,IsolationForest; Mahalanobis; 单变量IQR+3σ; 残差,1.308,120,正常
2788,2024-04-26 22:18:00,2024-04-26 22:18:00,1.0,割煤高位,IsolationForest; Mahalanobis; 单变量IQR+3σ; 残差,3.12,30,残差异常：采煤机_截割部位_右滚筒_电机_电流 偏高（残差 Z-score=3.1，实际=215.0 vs 预测=86.6）
2789,2024-04-26 22:20:00,2024-04-26 22:20:00,1.0,割煤高位,IsolationForest; Mahalanobis; 单变量IQR+3σ; 残差,2.425,30,正常
2790,2024-04-26 22:26:00,2024-04-26 22:31:00,6.0,割煤中位,IsolationForest; Mahalanobis; 单变量IQR+3σ; 残差,2.896,180,正常
2791,2024-04-26 22:33:00,2024-04-26 22:33:00,1.0,割煤高位,IsolationForest; Mahalanobis; 单变量IQR+3σ; 残差,4.922,30,残差异常：采煤机_油泵_右电机_电流 偏高（残差 Z-score=4.9，实际=54.0 vs 预测=17.6）
2792,2024-04-26 22:55:00,2024-04-26 22:55:00,1.0,割煤高位,IsolationForest; Mahalanobis; 单变量IQR+3σ; 残差,3.601,30,残差异常：采煤机_破碎机_电机_电流 偏高（残差 Z-score=3.6，实际=46.0 vs 预测=3.8）
2793,2024-04-26 22:59:00,2024-04-26 22:59:00,1.0,割煤高位,IsolationForest; Mahalanobis; 单变量IQR+3σ; 残差,4.929,30,正常
2794,2024-04-26 23:07:00,2024-04-26 23:10:00,4.0,割煤中位,IsolationForest; Mahalanobis; 单变量IQR+3σ; 残差,1.905,120,正常
2795,2024-04-26 23:13:00,2024-04-26 23:13:00,1.0,割煤中位,IsolationForest; Mahalanobis; 单变量IQR+3σ; 残差,1.803,30,正常
2796,2024-04-26 23:19:00,2024-04-26 23:20:00,2.0,待机-高位,IsolationForest; Mahalanobis; 单变量IQR+3σ; 残差,1952.677,60,Mahalanobis 距离=1952.7（阈值=18.5）。主要贡献特征：PC2 (66.5%); PC3 (32.8%)。
2797,2024-04-26 23:22:00,2024-04-26 23:22:00,1.0,待机-高位,IsolationForest; Mahalanobis; 单变量IQR+3σ; 残差,1163.771,30,Mahalanobis 距离=1163.8（阈值=18.5）。主要贡献特征：PC2 (63.0%); PC3 (36.6%)。
2798,2024-04-26 23:24:00,2024-04-26 23:25:00,2.0,待机,IsolationForest; Mahalanobis; 单变量IQR+3σ; 残差,4523.822,60,Mahalanobis 距离=4523.8（阈值=18.5）。主要贡献特征：PC2 (79.6%); PC3 (20.2%)。
2799,2024-04-26 23:27:00,2024-04-26 23:29:00,3.0,待机-高位,IsolationForest; Mahalanobis; 单变量IQR+3σ; 残差,3564.081,90,Mahalanobis 距离=3564.1（阈值=18.5）。主要贡献特征：PC2 (76.9%); PC3 (22.9%)。
2800,2024-04-26 23:32:00,2024-04-26 23:36:00,5.0,待机,IsolationForest; Mahalanobis; 单变量IQR+3σ; 残差,7700.606,150,Mahalanobis 距离=7700.6（阈值=18.5）。主要贡献特征：PC2 (84.9%); PC3 (15.1%)。
2801,2024-04-26 23:38:00,2024-04-26 23:42:00,5.0,割煤中位,IsolationForest; Mahalanobis; 单变量IQR+3σ; 残差,2.546,150,正常
2802,2024-04-26 23:46:00,2024-04-26 23:47:00,2.0,待机-高位,IsolationForest; Mahalanobis; 单变量IQR+3σ; 残差,3835.603,60,Mahalanobis 距离=3835.6（阈值=18.5）。主要贡献特征：PC2 (75.2%); PC3 (24.1%)。
2803,2024-04-26 23:49:00,2024-04-26 23:51:00,3.0,待机-高位,IsolationForest; Mahalanobis; 单变量IQR+3σ; 残差,3279.291,90,Mahalanobis 距离=3279.3（阈值=18.5）。主要贡献特征：PC2 (83.2%); PC3 (16.4%)。
2804,2024-04-27 00:07:00,2024-04-27 00:07:00,1.0,割煤高位,IsolationForest; Mahalanobis; 单变量IQR+3σ; 残差,3.464,30,正常
2805,2024-04-27 00:09:00,2024-04-27 00:09:00,1.0,割煤中位,IsolationForest; Mahalanobis; 单变量IQR+3σ; 残差,3.18,30,残差异常：采煤机_油泵_左电机_电流 偏高（残差 Z-score=3.2，实际=39.0 vs 预测=16.6）
2806,2024-04-27 00:15:00,2024-04-27 00:15:00,1.0,割煤高位,IsolationForest; Mahalanobis; 单变量IQR+3σ; 残差,5.274,30,残差异常：采煤机_油泵_右电机_电流 偏高（残差 Z-score=5.3，实际=56.0 vs 预测=17.0）
2807,2024-04-27 00:25:00,2024-04-27 00:25:00,1.0,割煤高位,IsolationForest; Mahalanobis; 单变量IQR+3σ; 残差,5.222,30,正常
2808,2024-04-27 00:34:00,2024-04-27 00:34:00,1.0,割煤高位,IsolationForest; Mahalanobis; 单变量IQR+3σ; 残差,4.381,30,残差异常：采煤机_油泵_右电机_电流 偏高（残差 Z-score=4.4，实际=49.0 vs 预测=16.6）
2809,2024-04-27 00:40:00,2024-04-27 00:40:00,1.0,待机-高位,IsolationForest; Mahalanobis; 单变量IQR+3σ; 残差,1686.573,30,Mahalanobis 距离=1686.6（阈值=18.5）。主要贡献特征：PC2 (64.1%); PC3 (35.9%)。
2810,2024-04-27 00:43:00,2024-04-27 00:46:00,4.0,割煤中位,IsolationForest; Mahalanobis; 单变量IQR+3σ; 残差,2.447,120,正常
2811,2024-04-27 00:50:00,2024-04-27 00:51:00,2.0,待机-高位,IsolationForest; Mahalanobis; 单变量IQR+3σ; 残差,1195.232,60,Mahalanobis 距离=1195.2（阈值=18.5）。主要贡献特征：PC2 (59.4%); PC3 (40.3%)。
2812,2024-04-27 00:56:00,2024-04-27 00:59:00,4.0,待机-高位,IsolationForest; Mahalanobis; 单变量IQR+3σ; 残差,1758.586,120,Mahalanobis 距离=1758.6（阈值=18.5）。主要贡献特征：PC2 (64.6%); PC3 (34.9%)。
2813,2024-04-27 01:01:00,2024-04-27 01:01:00,1.0,割煤高位,IsolationForest; Mahalanobis; 单变量IQR+3σ; 残差,5.272,30,正常
2814,2024-04-27 01:03:00,2024-04-27 01:03:00,1.0,割煤高位,IsolationForest; Mahalanobis; 单变量IQR+3σ; 残差,2.651,30,正常
2815,2024-04-27 01:08:00,2024-04-27 01:08:00,1.0,割煤高位,IsolationForest; Mahalanobis; 单变量IQR+3σ; 残差,4.165,30,正常
2816,2024-04-27 01:15:00,2024-04-27 01:15:00,1.0,割煤高位,IsolationForest; Mahalanobis; 单变量IQR+3σ; 残差,5.075,30,正常
2817,2024-04-27 01:19:00,2024-04-27 01:20:00,2.0,割煤中位,IsolationForest; Mahalanobis; 单变量IQR+3σ; 残差,6.597,60,残差异常：采煤机_油泵_右电机_电流 偏高（残差 Z-score=6.6，实际=58.0 vs 预测=17.0）
2818,2024-04-27 01:22:00,2024-04-27 01:23:00,2.0,割煤中位,IsolationForest; Mahalanobis; 单变量IQR+3σ; 残差,5.585,60,正常
2819,2024-04-27 01:32:00,2024-04-27 01:33:00,2.0,割煤中位,IsolationForest; Mahalanobis; 单变量IQR+3σ; 残差,5.019,60,正常
2820,2024-04-27 01:57:00,2024-04-27 01:57:00,1.0,割煤中位,IsolationForest; Mahalanobis; 单变量IQR+3σ; 残差,1.89,30,正常
2821,2024-04-27 01:59:00,2024-04-27 02:00:00,2.0,割煤中位,IsolationForest; Mahalanobis; 单变量IQR+3σ; 残差,2.05,60,正常
2822,2024-04-27 02:05:00,2024-04-27 02:05:00,1.0,割煤高位,IsolationForest; Mahalanobis; 单变量IQR+3σ; 残差,3.2,30,残差异常：采煤机_油泵_左电机_电流 偏高（残差 Z-score=3.2，实际=40.0 vs 预测=16.2）
2823,2024-04-27 02:19:00,2024-04-27 02:19:00,1.0,割煤高位,IsolationForest; Mahalanobis; 单变量IQR+3σ; 残差,5.003,30,残差异常：采煤机_油泵_右电机_电流 偏高（残差 Z-score=5.0，实际=54.0 vs 预测=17.0）
2824,2024-04-27 02:26:00,2024-04-27 02:26:00,1.0,割煤中位,IsolationForest; Mahalanobis; 单变量IQR+3σ; 残差,3.512,30,残差异常：采煤机_截割部位_左滚筒_电机_电流 偏高（残差 Z-score=3.5，实际=246.0 vs 预测=98.4）
2825,2024-04-27 02:31:00,2024-04-27 02:31:00,1.0,割煤中位,IsolationForest; Mahalanobis; 单变量IQR+3σ; 残差,5.953,30,残差异常：采煤机_油泵_右电机_电流 偏高（残差 Z-score=6.0，实际=54.0 vs 预测=17.0）
2826,2024-04-27 02:46:00,2024-04-27 02:49:00,4.0,割煤中位,IsolationForest; Mahalanobis; 单变量IQR+3σ; 残差,5.326,120,正常
2827,2024-04-27 02:51:00,2024-04-27 02:51:00,1.0,待机,IsolationForest; Mahalanobis; 单变量IQR+3σ; 残差,2657.415,30,Mahalanobis 距离=2657.4（阈值=18.5）。主要贡献特征：PC2 (68.4%); PC3 (31.5%)。
2828,2024-04-27 02:55:00,2024-04-27 02:55:00,1.0,割煤高位,IsolationForest; Mahalanobis; 单变量IQR+3σ; 残差,4.929,30,正常
2829,2024-04-27 03:00:00,2024-04-27 03:00:00,1.0,割煤高位,IsolationForest; Mahalanobis; 单变量IQR+3σ; 残差,4.303,30,正常
2830,2024-04-27 03:07:00,2024-04-27 03:07:00,1.0,割煤高位,IsolationForest; Mahalanobis; 单变量IQR+3σ; 残差,3.732,30,残差异常：采煤机_油泵_右电机_电流 偏高（残差 Z-score=3.7，实际=45.0 vs 预测=17.4）
2831,2024-04-27 03:09:00,2024-04-27 03:11:00,3.0,割煤高位,IsolationForest; Mahalanobis; 单变量IQR+3σ; 残差,2.115,90,正常
2832,2024-04-27 03:16:00,2024-04-27 03:16:00,1.0,割煤高位,IsolationForest; Mahalanobis; 单变量IQR+3σ; 残差,4.636,30,正常
2833,2024-04-27 03:20:00,2024-04-27 03:20:00,1.0,割煤高位,IsolationForest; Mahalanobis; 单变量IQR+3σ; 残差,4.636,30,正常
2834,2024-04-27 03:26:00,2024-04-27 03:28:00,3.0,割煤中位,IsolationForest; Mahalanobis; 单变量IQR+3σ; 残差,5.012,90,残差异常：采煤机_破碎机_电机_电流 偏高（残差 Z-score=5.0，实际=73.0 vs 预测=17.4）
2835,2024-04-27 03:33:00,2024-04-27 03:33:00,1.0,割煤高位,IsolationForest; Mahalanobis; 单变量IQR+3σ; 残差,3.489,30,残差异常：采煤机_油泵_右电机_电流 偏高（残差 Z-score=3.5，实际=43.0 vs 预测=17.2）
2836,2024-04-27 03:44:00,2024-04-27 03:44:00,1.0,割煤中位,IsolationForest; Mahalanobis; 单变量IQR+3σ; 残差,1.89,30,正常
2837,2024-04-27 03:46:00,2024-04-27 03:54:00,9.0,割煤高位,IsolationForest; Mahalanobis; 单变量IQR+3σ; 残差,5.409,270,正常
2838,2024-04-27 03:56:00,2024-04-27 04:05:00,10.0,割煤高位,IsolationForest; Mahalanobis; 单变量IQR+3σ; 残差,4.05,300,正常
2839,2024-04-27 04:07:00,2024-04-27 04:10:00,4.0,割煤中位,IsolationForest; Mahalanobis; 单变量IQR+3σ; 残差,3.242,120,单变量异常：采煤机_油泵_右电机_温度（z-score=3.2，实际=60.0，均值=50.4±3.0）
2840,2024-04-27 04:12:00,2024-04-27 04:12:00,1.0,割煤高位,IsolationForest; Mahalanobis; 单变量IQR+3σ; 残差,5.515,30,正常
2841,2024-04-27 04:14:00,2024-04-27 04:15:00,2.0,割煤中位,IsolationForest; Mahalanobis; 单变量IQR+3σ; 残差,2.904,60,单变量异常：采煤机_油泵_右电机_温度（z-score=2.9，实际=59.0，均值=50.4±3.0）
2842,2024-04-27 04:18:00,2024-04-27 04:20:00,3.0,割煤中位,IsolationForest; Mahalanobis; 单变量IQR+3σ; 残差,4.882,90,正常
2843,2024-04-27 04:43:00,2024-04-27 04:43:00,1.0,割煤中位,IsolationForest; Mahalanobis; 单变量IQR+3σ; 残差,4.251,30,正常
2844,2024-04-27 04:45:00,2024-04-27 04:45:00,1.0,调架中,IsolationForest; Mahalanobis; 单变量IQR+3σ; 残差,5.985,30,正常
2845,2024-04-27 04:48:00,2024-04-27 04:54:00,7.0,割煤高位,IsolationForest; Mahalanobis; 单变量IQR+3σ; 残差,4.929,210,单变量异常：采煤机_油泵_左电机_电流（z-score=4.9，实际=52.0，均值=18.4±6.8）
2846,2024-04-27 04:56:00,2024-04-27 04:56:00,1.0,割煤高位,IsolationForest; Mahalanobis; 单变量IQR+3σ; 残差,4.636,30,单变量异常：采煤机_油泵_左电机_电流（z-score=4.6，实际=50.0，均值=18.4±6.8）
2847,2024-04-27 05:17:00,2024-04-27 05:17:00,1.0,割煤高位,IsolationForest; Mahalanobis; 单变量IQR+3σ; 残差,4.05,30,正常
2848,2024-04-27 05:25:00,2024-04-27 05:27:00,3.0,割煤高位,IsolationForest; Mahalanobis; 单变量IQR+3σ; 残差,2.512,90,正常
2849,2024-04-27 05:34:00,2024-04-27 05:34:00,1.0,割煤高位,IsolationForest; Mahalanobis; 单变量IQR+3σ; 残差,3.173,30,残差异常：采煤机_油泵_左电机_电流 偏高（残差 Z-score=3.2，实际=40.0 vs 预测=16.4）
2850,2024-04-27 05:39:00,2024-04-27 05:41:00,3.0,待机-高位,IsolationForest; Mahalanobis; 单变量IQR+3σ; 残差,5271.396,90,Mahalanobis 距离=5271.4（阈值=18.5）。主要贡献特征：PC2 (80.4%); PC3 (19.3%)。
2851,2024-04-27 05:43:00,2024-04-27 05:47:00,5.0,割煤中位,IsolationForest; Mahalanobis; 单变量IQR+3σ; 残差,2.772,150,正常
2852,2024-04-27 05:49:00,2024-04-27 05:51:00,3.0,待机-高位,IsolationForest; Mahalanobis; 单变量IQR+3σ; 残差,2442.465,90,Mahalanobis 距离=2442.5（阈值=18.5）。主要贡献特征：PC2 (71.6%); PC3 (28.2%)。
2853,2024-04-27 05:53:00,2024-04-27 05:56:00,4.0,待机,IsolationForest; Mahalanobis; 单变量IQR+3σ; 残差,10897.202,120,Mahalanobis 距离=10897.2（阈值=18.5）。主要贡献特征：PC3 (40.9%); PC2 (37.9%); PC4 (21.2%)。
2854,2024-04-27 06:34:00,2024-04-27 06:34:00,1.0,调架中,IsolationForest; Mahalanobis; 单变量IQR+3σ; 残差,4.004,30,正常
2855,2024-04-27 06:36:00,2024-04-27 06:37:00,2.0,割煤中位,IsolationForest; Mahalanobis; 单变量IQR+3σ; 残差,3.726,60,正常
2856,2024-04-27 06:40:00,2024-04-27 06:40:00,1.0,割煤高位,IsolationForest; Mahalanobis; 单变量IQR+3σ; 残差,2.833,30,正常
2857,2024-04-27 06:46:00,2024-04-27 06:50:00,5.0,待机,IsolationForest; Mahalanobis; 单变量IQR+3σ; 残差,3141.738,150,Mahalanobis 距离=3141.7（阈值=18.5）。主要贡献特征：PC2 (83.4%); PC3 (16.3%)。
2858,2024-04-27 06:53:00,2024-04-27 06:54:00,2.0,割煤高位,IsolationForest; Mahalanobis; 单变量IQR+3σ; 残差,2.313,60,正常
2859,2024-04-27 06:58:00,2024-04-27 06:59:00,2.0,待机-高位,IsolationForest; Mahalanobis; 单变量IQR+3σ; 残差,3270.701,60,Mahalanobis 距离=3270.7（阈值=18.5）。主要贡献特征：PC2 (72.7%); PC3 (27.1%)。
2860,2024-04-27 07:13:00,2024-04-27 07:13:00,1.0,割煤中位,IsolationForest; Mahalanobis; 单变量IQR+3σ; 残差,7.169,30,正常
2861,2024-04-27 07:27:00,2024-04-27 07:31:00,5.0,待机,IsolationForest; Mahalanobis; 单变量IQR+3σ; 残差,2865.861,150,Mahalanobis 距离=2865.9（阈值=18.5）。主要贡献特征：PC2 (69.0%); PC3 (30.8%)。
2862,2024-04-27 07:34:00,2024-04-27 07:34:00,1.0,割煤高位,IsolationForest; Mahalanobis; 单变量IQR+3σ; 残差,6.247,30,正常
2863,2024-04-27 07:38:00,2024-04-27 07:39:00,2.0,待机-高位,IsolationForest; Mahalanobis; 单变量IQR+3σ; 残差,4480.477,60,Mahalanobis 距离=4480.5（阈值=18.5）。主要贡献特征：PC2 (76.7%); PC3 (23.1%)。
2864,2024-04-27 07:53:00,2024-04-27 07:53:00,1.0,割煤高位,IsolationForest; Mahalanobis; 单变量IQR+3σ; 残差,3.226,30,残差异常：采煤机_破碎机_电机_电流 偏高（残差 Z-score=3.2，实际=48.0 vs 预测=10.2）
2865,2024-04-27 07:58:00,2024-04-27 07:59:00,2.0,割煤中位,IsolationForest; Mahalanobis; 单变量IQR+3σ; 残差,6.401,60,正常
2866,2024-04-27 08:10:00,2024-04-27 08:10:00,1.0,割煤高位,IsolationForest; Mahalanobis; 单变量IQR+3σ; 残差,1.518,30,正常
2867,2024-04-27 08:18:00,2024-04-27 08:21:00,4.0,待机-高位,IsolationForest; Mahalanobis; 单变量IQR+3σ; 残差,1774.522,120,Mahalanobis 距离=1774.5（阈值=18.5）。主要贡献特征：PC2 (63.5%); PC3 (36.2%)。
2868,2024-04-27 08:33:00,2024-04-27 08:34:00,2.0,待机-高位,IsolationForest; Mahalanobis; 单变量IQR+3σ; 残差,3.075,60,正常
2869,2024-04-27 08:47:00,2024-04-27 08:49:00,3.0,割煤高位,IsolationForest; Mahalanobis; 单变量IQR+3σ; 残差,4.275,90,正常
2870,2024-04-27 08:59:00,2024-04-27 08:59:00,1.0,割煤中位,IsolationForest; Mahalanobis; 单变量IQR+3σ; 残差,3.317,30,残差异常：采煤机_破碎机_电机_电流 偏高（残差 Z-score=3.3，实际=46.0 vs 预测=9.2）
2871,2024-04-27 09:07:00,2024-04-27 09:07:00,1.0,割煤高位,IsolationForest; Mahalanobis; 单变量IQR+3σ; 残差,3.11,30,残差异常：采煤机_油泵_右电机_电流 偏高（残差 Z-score=3.1，实际=40.0 vs 预测=17.0）
2872,2024-04-27 09:09:00,2024-04-27 09:09:00,1.0,割煤高位,IsolationForest; Mahalanobis; 单变量IQR+3σ; 残差,3.75,30,正常
2873,2024-04-27 09:13:00,2024-04-27 09:16:00,4.0,割煤高位,IsolationForest; Mahalanobis; 单变量IQR+3σ; 残差,4.05,120,正常
2874,2024-04-27 09:30:00,2024-04-27 09:30:00,1.0,待机-高位,IsolationForest; Mahalanobis; 单变量IQR+3σ; 残差,1905.061,30,Mahalanobis 距离=1905.1（阈值=18.5）。主要贡献特征：PC2 (71.1%); PC3 (28.7%)。
2875,2024-04-27 09:34:00,2024-04-27 09:34:00,1.0,割煤高位,IsolationForest; Mahalanobis; 单变量IQR+3σ; 残差,3.901,30,正常
2876,2024-04-27 09:51:00,2024-04-27 10:01:00,11.0,待机,IsolationForest; Mahalanobis; 单变量IQR+3σ; 残差,2695.929,330,Mahalanobis 距离=2695.9（阈值=18.5）。主要贡献特征：PC3 (68.9%); PC2 (28.8%); PC4 (2.3%)。
2877,2024-04-27 10:07:00,2024-04-27 10:17:00,11.0,待机,IsolationForest; Mahalanobis; 单变量IQR+3σ; 残差,3892.937,330,Mahalanobis 距离=3892.9（阈值=18.5）。主要贡献特征：PC2 (91.5%); PC4 (7.8%)。
2878,2024-04-27 14:47:00,2024-04-27 14:49:00,3.0,停机,IsolationForest; Mahalanobis; 单变量IQR+3σ; 残差,4.242,90,正常
2879,2024-04-27 15:45:00,2024-04-27 15:48:00,4.0,停机,IsolationForest; Mahalanobis; 单变量IQR+3σ; 残差,7.405,120,正常
2880,2024-04-27 15:53:00,2024-04-27 15:53:00,1.0,停机,IsolationForest; Mahalanobis; 单变量IQR+3σ; 残差,5.864,30,残差异常：采煤机_油泵_右电机_电流 偏高（残差 Z-score=5.9，实际=29.0 vs 预测=0.0）
2881,2024-04-27 16:09:00,2024-04-27 16:14:00,6.0,停机,IsolationForest; Mahalanobis; 单变量IQR+3σ; 残差,510.534,180,Mahalanobis 距离=510.5（阈值=18.5）。主要贡献特征：PC2 (65.8%); PC4 (33.7%)。
2882,2024-04-27 17:17:00,2024-04-27 17:21:00,5.0,待机,IsolationForest; Mahalanobis; 单变量IQR+3σ; 残差,702.574,150,Mahalanobis 距离=702.6（阈值=18.5）。主要贡献特征：PC4 (57.3%); PC3 (32.5%); PC2 (10.2%)。
2883,2024-04-27 17:40:00,2024-04-27 17:47:00,8.0,待机,IsolationForest; Mahalanobis; 单变量IQR+3σ; 残差,1478.941,240,Mahalanobis 距离=1478.9（阈值=18.5）。主要贡献特征：PC2 (69.0%); PC3 (29.8%); PC4 (1.2%)。
2884,2024-04-27 17:49:00,2024-04-27 18:07:00,19.0,停机,IsolationForest; Mahalanobis; 单变量IQR+3σ; 残差,978.462,570,Mahalanobis 距离=978.5（阈值=18.5）。主要贡献特征：PC2 (69.6%); PC3 (29.0%); PC4 (1.5%)。
2885,2024-04-27 18:16:00,2024-04-27 18:17:00,2.0,调架中,IsolationForest; Mahalanobis; 单变量IQR+3σ; 残差,4.094,60,正常
2886,2024-04-27 18:19:00,2024-04-27 18:26:00,8.0,割煤中位,IsolationForest; Mahalanobis; 单变量IQR+3σ; 残差,5.747,240,正常
2887,2024-04-27 18:37:00,2024-04-27 18:40:00,4.0,待机-高位,IsolationForest; Mahalanobis; 单变量IQR+3σ; 残差,1253.109,120,Mahalanobis 距离=1253.1（阈值=18.5）。主要贡献特征：PC2 (55.6%); PC3 (44.4%)。
2888,2024-04-27 18:52:00,2024-04-27 18:52:00,1.0,割煤高位,IsolationForest; Mahalanobis; 单变量IQR+3σ; 残差,3.198,30,残差异常：采煤机_截割部位_右滚筒_电机_电流 偏高（残差 Z-score=3.2，实际=215.0 vs 预测=83.4）
2889,2024-04-27 18:56:00,2024-04-27 18:58:00,3.0,割煤高位,IsolationForest; Mahalanobis; 单变量IQR+3σ; 残差,4.592,90,正常
2890,2024-04-27 19:00:00,2024-04-27 19:02:00,3.0,割煤高位,IsolationForest; Mahalanobis; 单变量IQR+3σ; 残差,4.381,90,残差异常：采煤机_油泵_右电机_电流 偏高（残差 Z-score=4.4，实际=49.0 vs 预测=16.6）
2891,2024-04-27 19:06:00,2024-04-27 19:06:00,1.0,割煤高位,IsolationForest; Mahalanobis; 单变量IQR+3σ; 残差,5.515,30,正常
2892,2024-04-27 19:08:00,2024-04-27 19:08:00,1.0,调架中,IsolationForest; Mahalanobis; 单变量IQR+3σ; 残差,4.261,30,残差异常：采煤机_牵引部位_右电机_温度 偏高（残差 Z-score=4.3，实际=69.0 vs 预测=47.8）
2893,2024-04-27 19:10:00,2024-04-27 19:10:00,1.0,调架中,IsolationForest; Mahalanobis; 单变量IQR+3σ; 残差,3.335,30,残差异常：采煤机_牵引部位_右电机_温度 偏高（残差 Z-score=3.3，实际=67.0 vs 预测=50.4）
2894,2024-04-27 19:21:00,2024-04-27 19:21:00,1.0,调架中,IsolationForest; Mahalanobis; 单变量IQR+3σ; 残差,6.93,30,正常
2895,2024-04-27 19:28:00,2024-04-27 19:31:00,4.0,待机,IsolationForest; Mahalanobis; 单变量IQR+3σ; 残差,4981.468,120,Mahalanobis 距离=4981.5（阈值=18.5）。主要贡献特征：PC2 (77.9%); PC3 (22.0%)。
2896,2024-04-27 19:36:00,2024-04-27 19:36:00,1.0,割煤高位,IsolationForest; Mahalanobis; 单变量IQR+3σ; 残差,3.029,30,残差异常：采煤机_油泵_右电机_电流 偏高（残差 Z-score=3.0，实际=39.0 vs 预测=16.6）
2897,2024-04-27 19:50:00,2024-04-27 19:52:00,3.0,待机-高位,IsolationForest; Mahalanobis; 单变量IQR+3σ; 残差,3443.312,90,Mahalanobis 距离=3443.3（阈值=18.5）。主要贡献特征：PC2 (76.3%); PC3 (23.1%)。
2898,2024-04-27 19:56:00,2024-04-27 19:56:00,1.0,割煤高位,IsolationForest; Mahalanobis; 单变量IQR+3σ; 残差,4.922,30,残差异常：采煤机_油泵_右电机_电流 偏高（残差 Z-score=4.9，实际=54.0 vs 预测=17.6）
2899,2024-04-27 20:03:00,2024-04-27 20:03:00,1.0,割煤高位,IsolationForest; Mahalanobis; 单变量IQR+3σ; 残差,4.571,30,残差异常：采煤机_油泵_右电机_电流 偏高（残差 Z-score=4.6，实际=51.0 vs 预测=17.2）
2900,2024-04-27 20:05:00,2024-04-27 20:05:00,1.0,割煤中位,IsolationForest; Mahalanobis; 单变量IQR+3σ; 残差,4.098,30,正常
2901,2024-04-27 20:08:00,2024-04-27 20:08:00,1.0,割煤高位,IsolationForest; Mahalanobis; 单变量IQR+3σ; 残差,3.757,30,正常
2902,2024-04-27 20:11:00,2024-04-27 20:14:00,4.0,待机,IsolationForest; Mahalanobis; 单变量IQR+3σ; 残差,1968.205,120,Mahalanobis 距离=1968.2（阈值=18.5）。主要贡献特征：PC2 (66.0%); PC3 (32.6%); PC4 (1.4%)。
2903,2024-04-27 20:17:00,2024-04-27 20:17:00,1.0,割煤中位,IsolationForest; Mahalanobis; 单变量IQR+3σ; 残差,6.597,30,残差异常：采煤机_油泵_右电机_电流 偏高（残差 Z-score=6.6，实际=58.0 vs 预测=17.0）
2904,2024-04-27 20:59:00,2024-04-27 20:59:00,1.0,割煤高位,IsolationForest; Mahalanobis; 单变量IQR+3σ; 残差,3.903,30,正常
2905,2024-04-27 21:05:00,2024-04-27 21:06:00,2.0,割煤中位,IsolationForest; Mahalanobis; 单变量IQR+3σ; 残差,6.094,60,正常
2906,2024-04-27 21:21:00,2024-04-27 21:22:00,2.0,待机,IsolationForest; Mahalanobis; 单变量IQR+3σ; 残差,1656.88,60,Mahalanobis 距离=1656.9（阈值=18.5）。主要贡献特征：PC2 (65.1%); PC3 (34.5%)。
2907,2024-04-27 21:32:00,2024-04-27 21:34:00,3.0,待机-高位,IsolationForest; Mahalanobis; 单变量IQR+3σ; 残差,2207.417,90,Mahalanobis 距离=2207.4（阈值=18.5）。主要贡献特征：PC2 (66.6%); PC3 (33.2%)。
2908,2024-04-27 21:42:00,2024-04-27 21:42:00,1.0,割煤高位,IsolationForest; Mahalanobis; 单变量IQR+3σ; 残差,4.868,30,残差异常：采煤机_油泵_右电机_电流 偏高（残差 Z-score=4.9，实际=53.0 vs 预测=17.0）
2909,2024-04-27 21:47:00,2024-04-27 21:47:00,1.0,割煤高位,IsolationForest; Mahalanobis; 单变量IQR+3σ; 残差,3.903,30,正常
2910,2024-04-27 21:56:00,2024-04-27 21:57:00,2.0,割煤中位,IsolationForest; Mahalanobis; 单变量IQR+3σ; 残差,7.476,60,正常
2911,2024-04-27 21:59:00,2024-04-27 21:59:00,1.0,割煤中位,IsolationForest; Mahalanobis; 单变量IQR+3σ; 残差,2.729,30,正常
2912,2024-04-27 22:02:00,2024-04-27 22:02:00,1.0,割煤中位,IsolationForest; Mahalanobis; 单变量IQR+3σ; 残差,5.824,30,残差异常：采煤机_油泵_右电机_电流 偏高（残差 Z-score=5.8，实际=53.0 vs 预测=16.8）
2913,2024-04-27 22:04:00,2024-04-27 22:04:00,1.0,割煤高位,IsolationForest; Mahalanobis; 单变量IQR+3σ; 残差,4.057,30,残差异常：采煤机_油泵_右电机_电流 偏高（残差 Z-score=4.1，实际=47.0 vs 预测=17.0）
2914,2024-04-27 22:06:00,2024-04-27 22:10:00,5.0,割煤高位,IsolationForest; Mahalanobis; 单变量IQR+3σ; 残差,5.661,150,正常
2915,2024-04-27 22:13:00,2024-04-27 22:13:00,1.0,调架中,IsolationForest; Mahalanobis; 单变量IQR+3σ; 残差,7.307,30,正常
2916,2024-04-27 22:23:00,2024-04-27 22:25:00,3.0,割煤中位,IsolationForest; Mahalanobis; 单变量IQR+3σ; 残差,1.576,90,正常
2917,2024-04-27 22:27:00,2024-04-27 22:29:00,3.0,割煤中位,IsolationForest; Mahalanobis; 单变量IQR+3σ; 残差,2.635,90,正常
2918,2024-04-27 22:36:00,2024-04-27 22:36:00,1.0,待机,IsolationForest; Mahalanobis; 单变量IQR+3σ; 残差,2414.213,30,Mahalanobis 距离=2414.2（阈值=18.5）。主要贡献特征：PC2 (68.1%); PC3 (31.9%)。
2919,2024-04-27 22:40:00,2024-04-27 22:40:00,1.0,割煤高位,IsolationForest; Mahalanobis; 单变量IQR+3σ; 残差,4.929,30,正常
2920,2024-04-27 22:50:00,2024-04-27 22:50:00,1.0,调架中,IsolationForest; Mahalanobis; 单变量IQR+3σ; 残差,4.536,30,残差异常：采煤机_油泵_左电机_电流 偏高（残差 Z-score=4.5，实际=53.0 vs 预测=16.4）
2921,2024-04-27 22:52:00,2024-04-27 22:56:00,5.0,待机,IsolationForest; Mahalanobis; 单变量IQR+3σ; 残差,2499.241,150,Mahalanobis 距离=2499.2（阈值=18.5）。主要贡献特征：PC2 (70.3%); PC3 (28.6%); PC4 (1.1%)。
2922,2024-04-27 22:58:00,2024-04-27 22:59:00,2.0,待机-高位,IsolationForest; Mahalanobis; 单变量IQR+3σ; 残差,931.892,60,Mahalanobis 距离=931.9（阈值=18.5）。主要贡献特征：PC2 (68.0%); PC3 (31.7%)。
2923,2024-04-27 23:01:00,2024-04-27 23:01:00,1.0,待机-高位,IsolationForest; Mahalanobis; 单变量IQR+3σ; 残差,1097.548,30,Mahalanobis 距离=1097.5（阈值=18.5）。主要贡献特征：PC2 (59.0%); PC3 (39.9%); PC4 (1.1%)。
2924,2024-04-27 23:06:00,2024-04-27 23:09:00,4.0,待机-高位,IsolationForest; Mahalanobis; 单变量IQR+3σ; 残差,4067.633,120,Mahalanobis 距离=4067.6（阈值=18.5）。主要贡献特征：PC2 (80.4%); PC3 (19.1%)。
2925,2024-04-27 23:26:00,2024-04-27 23:29:00,4.0,待机-高位,IsolationForest; Mahalanobis; 单变量IQR+3σ; 残差,1378.006,120,Mahalanobis 距离=1378.0（阈值=18.5）。主要贡献特征：PC2 (61.7%); PC3 (37.8%)。
2926,2024-04-27 23:34:00,2024-04-27 23:36:00,3.0,割煤中位,IsolationForest; Mahalanobis; 单变量IQR+3σ; 残差,1.599,90,正常
2927,2024-04-27 23:39:00,2024-04-27 23:41:00,3.0,待机-高位,IsolationForest; Mahalanobis; 单变量IQR+3σ; 残差,1749.772,90,Mahalanobis 距离=1749.8（阈值=18.5）。主要贡献特征：PC2 (62.7%); PC3 (37.2%)。
2928,2024-04-27 23:43:00,2024-04-27 23:43:00,1.0,割煤中位,IsolationForest; Mahalanobis; 单变量IQR+3σ; 残差,5.631,30,残差异常：采煤机_油泵_右电机_电流 偏高（残差 Z-score=5.6，实际=52.0 vs 预测=17.0）
2929,2024-04-27 23:54:00,2024-04-27 23:54:00,1.0,待机,IsolationForest; Mahalanobis; 单变量IQR+3σ; 残差,2876.155,30,Mahalanobis 距离=2876.2（阈值=18.5）。主要贡献特征：PC2 (68.7%); PC3 (31.2%)。
2930,2024-04-27 23:58:00,2024-04-28 00:01:00,4.0,待机,IsolationForest; Mahalanobis; 单变量IQR+3σ; 残差,3321.071,120,Mahalanobis 距离=3321.1（阈值=18.5）。主要贡献特征：PC2 (79.4%); PC3 (20.0%)。
2931,2024-04-28 00:05:00,2024-04-28 00:05:00,1.0,割煤中位,IsolationForest; Mahalanobis; 单变量IQR+3σ; 残差,3.05,30,正常
2932,2024-04-28 00:09:00,2024-04-28 00:09:00,1.0,割煤中位,IsolationForest; Mahalanobis; 单变量IQR+3σ; 残差,6.661,30,残差异常：采煤机_油泵_右电机_电流 偏高（残差 Z-score=6.7，实际=59.0 vs 预测=17.6）
2933,2024-04-28 00:17:00,2024-04-28 00:17:00,1.0,割煤高位,IsolationForest; Mahalanobis; 单变量IQR+3σ; 残差,3.678,30,残差异常：采煤机_油泵_右电机_电流 偏高（残差 Z-score=3.7，实际=44.0 vs 预测=16.8）
2934,2024-04-28 00:20:00,2024-04-28 00:20:00,1.0,割煤高位,IsolationForest; Mahalanobis; 单变量IQR+3σ; 残差,3.072,30,残差异常：采煤机_截割部位_右滚筒_电机_电流 偏高（残差 Z-score=3.1，实际=221.0 vs 预测=94.6）
2935,2024-04-28 00:32:00,2024-04-28 00:33:00,2.0,割煤高位,IsolationForest; Mahalanobis; 单变量IQR+3σ; 残差,4.441,60,正常
2936,2024-04-28 00:48:00,2024-04-28 00:49:00,2.0,割煤高位,IsolationForest; Mahalanobis; 单变量IQR+3σ; 残差,5.808,60,正常
2937,2024-04-28 00:59:00,2024-04-28 01:01:00,3.0,割煤中位,IsolationForest; Mahalanobis; 单变量IQR+3σ; 残差,1.552,90,正常
2938,2024-04-28 01:07:00,2024-04-28 01:12:00,6.0,待机-高位,IsolationForest; Mahalanobis; 单变量IQR+3σ; 残差,2873.081,180,Mahalanobis 距离=2873.1（阈值=18.5）。主要贡献特征：PC2 (71.2%); PC3 (28.1%)。
2939,2024-04-28 01:14:00,2024-04-28 01:15:00,2.0,割煤中位,IsolationForest; Mahalanobis; 单变量IQR+3σ; 残差,1.609,60,正常
2940,2024-04-28 01:33:00,2024-04-28 01:37:00,5.0,割煤中位,IsolationForest; Mahalanobis; 单变量IQR+3σ; 残差,2.844,150,正常
2941,2024-04-28 01:42:00,2024-04-28 01:42:00,1.0,割煤高位,IsolationForest; Mahalanobis; 单变量IQR+3σ; 残差,3.415,30,残差异常：采煤机_油泵_左电机_电流 偏高（残差 Z-score=3.4，实际=41.0 vs 预测=15.6）
2942,2024-04-28 01:44:00,2024-04-28 01:47:00,4.0,待机-高位,IsolationForest; Mahalanobis; 单变量IQR+3σ; 残差,2781.005,120,Mahalanobis 距离=2781.0（阈值=18.5）。主要贡献特征：PC2 (70.9%); PC3 (29.0%)。
2943,2024-04-28 01:57:00,2024-04-28 01:57:00,1.0,割煤中位,IsolationForest; Mahalanobis; 单变量IQR+3σ; 残差,3.935,30,残差异常：采煤机_截割部位_左滚筒_电机_电流 偏高（残差 Z-score=3.9，实际=252.0 vs 预测=86.6）
2944,2024-04-28 02:03:00,2024-04-28 02:03:00,1.0,割煤高位,IsolationForest; Mahalanobis; 单变量IQR+3σ; 残差,4.706,30,残差异常：采煤机_油泵_右电机_电流 偏高（残差 Z-score=4.7，实际=52.0 vs 预测=17.2）
2945,2024-04-28 02:08:00,2024-04-28 02:08:00,1.0,割煤中位,IsolationForest; Mahalanobis; 单变量IQR+3σ; 残差,5.173,30,正常
2946,2024-04-28 02:12:00,2024-04-28 02:12:00,1.0,割煤中位,IsolationForest; Mahalanobis; 单变量IQR+3σ; 残差,1.808,30,正常
2947,2024-04-28 02:14:00,2024-04-28 02:17:00,4.0,调架中,IsolationForest; Mahalanobis; 单变量IQR+3σ; 残差,5.115,120,正常
2948,2024-04-28 02:19:00,2024-04-28 02:20:00,2.0,割煤中位,IsolationForest; Mahalanobis; 单变量IQR+3σ; 残差,1.235,60,正常
2949,2024-04-28 02:23:00,2024-04-28 02:23:00,1.0,割煤中位,IsolationForest; Mahalanobis; 单变量IQR+3σ; 残差,1.901,30,正常
2950,2024-04-28 02:25:00,2024-04-28 02:26:00,2.0,待机-高位,IsolationForest; Mahalanobis; 单变量IQR+3σ; 残差,3218.117,60,Mahalanobis 距离=3218.1（阈值=18.5）。主要贡献特征：PC2 (77.7%); PC3 (22.2%)。
2951,2024-04-28 02:28:00,2024-04-28 02:28:00,1.0,割煤中位,IsolationForest; Mahalanobis; 单变量IQR+3σ; 残差,5.173,30,单变量异常：采煤机_油泵_左电机_电流（z-score=5.2，实际=52.0，均值=18.3±6.5）
2952,2024-04-28 02:32:00,2024-04-28 02:34:00,3.0,待机-高位,IsolationForest; Mahalanobis; 单变量IQR+3σ; 残差,4040.411,90,Mahalanobis 距离=4040.4（阈值=18.5）。主要贡献特征：PC2 (75.7%); PC3 (23.8%)。
2953,2024-04-28 02:42:00,2024-04-28 02:42:00,1.0,割煤高位,IsolationForest; Mahalanobis; 单变量IQR+3σ; 残差,4.152,30,残差异常：采煤机_截割部位_左滚筒_电机_电流 偏高（残差 Z-score=4.2，实际=238.0 vs 预测=72.4）
2954,2024-04-28 02:45:00,2024-04-28 02:45:00,1.0,割煤高位,IsolationForest; Mahalanobis; 单变量IQR+3σ; 残差,4.652,30,残差异常：采煤机_油泵_右电机_电流 偏高（残差 Z-score=4.7，实际=52.0 vs 预测=17.6）
2955,2024-04-28 02:48:00,2024-04-28 02:48:00,1.0,割煤高位,IsolationForest; Mahalanobis; 单变量IQR+3σ; 残差,4.05,30,正常
2956,2024-04-28 02:51:00,2024-04-28 02:51:00,1.0,调架中,IsolationForest; Mahalanobis; 单变量IQR+3σ; 残差,7.685,30,正常
2957,2024-04-28 02:57:00,2024-04-28 02:58:00,2.0,待机-高位,IsolationForest; Mahalanobis; 单变量IQR+3σ; 残差,1294.659,60,Mahalanobis 距离=1294.7（阈值=18.5）。主要贡献特征：PC2 (62.6%); PC3 (37.1%)。
2958,2024-04-28 03:04:00,2024-04-28 03:04:00,1.0,割煤中位,IsolationForest; Mahalanobis; 单变量IQR+3σ; 残差,4.698,30,残差异常：采煤机_油泵_右电机_电流 偏高（残差 Z-score=4.7，实际=46.0 vs 预测=16.8）
2959,2024-04-28 03:09:00,2024-04-28 03:09:00,1.0,割煤高位,IsolationForest; Mahalanobis; 单变量IQR+3σ; 残差,3.34,30,残差异常：采煤机_牵引部位_左电机_电流 偏高（残差 Z-score=3.3，实际=199.0 vs 预测=94.6）
2960,2024-04-28 03:14:00,2024-04-28 03:14:00,1.0,待机,IsolationForest; Mahalanobis; 单变量IQR+3σ; 残差,4716.131,30,Mahalanobis 距离=4716.1（阈值=18.5）。主要贡献特征：PC2 (80.5%); PC3 (17.8%); PC4 (1.7%)。
2961,2024-04-28 03:22:00,2024-04-28 03:22:00,1.0,割煤高位,IsolationForest; Mahalanobis; 单变量IQR+3σ; 残差,2.317,30,正常
2962,2024-04-28 03:29:00,2024-04-28 03:29:00,1.0,割煤中位,IsolationForest; Mahalanobis; 单变量IQR+3σ; 残差,4.635,30,正常
2963,2024-04-28 03:33:00,2024-04-28 03:36:00,4.0,割煤中位,IsolationForest; Mahalanobis; 单变量IQR+3σ; 残差,2.245,120,正常
2964,2024-04-28 03:38:00,2024-04-28 03:38:00,1.0,割煤中位,IsolationForest; Mahalanobis; 单变量IQR+3σ; 残差,2.161,30,正常
2965,2024-04-28 03:40:00,2024-04-28 03:42:00,3.0,割煤中位,IsolationForest; Mahalanobis; 单变量IQR+3σ; 残差,1.911,90,正常
2966,2024-04-28 03:45:00,2024-04-28 03:48:00,4.0,待机,IsolationForest; Mahalanobis; 单变量IQR+3σ; 残差,2602.16,120,Mahalanobis 距离=2602.2（阈值=18.5）。主要贡献特征：PC2 (71.8%); PC3 (28.2%)。
2967,2024-04-28 03:51:00,2024-04-28 03:51:00,1.0,割煤高位,IsolationForest; Mahalanobis; 单变量IQR+3σ; 残差,3.323,30,正常
2968,2024-04-28 03:54:00,2024-04-28 03:54:00,1.0,割煤中位,IsolationForest; Mahalanobis; 单变量IQR+3σ; 残差,5.173,30,正常
2969,2024-04-28 04:00:00,2024-04-28 04:00:00,1.0,割煤中位,IsolationForest; Mahalanobis; 单变量IQR+3σ; 残差,4.634,30,残差异常：采煤机_油泵_右电机_电流 偏高（残差 Z-score=4.6，实际=46.0 vs 预测=17.2）
2970,2024-04-28 04:03:00,2024-04-28 04:03:00,1.0,割煤中位,IsolationForest; Mahalanobis; 单变量IQR+3σ; 残差,2.689,30,正常
2971,2024-04-28 04:05:00,2024-04-28 04:05:00,1.0,割煤中位,IsolationForest; Mahalanobis; 单变量IQR+3σ; 残差,1.939,30,正常
2972,2024-04-28 04:08:00,2024-04-28 04:09:00,2.0,调架中,IsolationForest; Mahalanobis; 单变量IQR+3σ; 残差,6.187,60,残差异常：采煤机_油泵_右电机_电流 偏高（残差 Z-score=6.2，实际=50.0 vs 预测=16.2）
2973,2024-04-28 04:11:00,2024-04-28 04:12:00,2.0,割煤中位,IsolationForest; Mahalanobis; 单变量IQR+3σ; 残差,1.89,60,正常
2974,2024-04-28 04:15:00,2024-04-28 04:20:00,6.0,割煤中位,IsolationForest; Mahalanobis; 单变量IQR+3σ; 残差,3.833,180,残差异常：采煤机_油泵_左电机_电流 偏高（残差 Z-score=3.8，实际=43.0 vs 预测=16.0）
2975,2024-04-28 04:22:00,2024-04-28 04:22:00,1.0,割煤高位,IsolationForest; Mahalanobis; 单变量IQR+3σ; 残差,4.196,30,正常
2976,2024-04-28 04:24:00,2024-04-28 04:24:00,1.0,待机-高位,IsolationForest; Mahalanobis; 单变量IQR+3σ; 残差,2025.341,30,Mahalanobis 距离=2025.3（阈值=18.5）。主要贡献特征：PC2 (66.0%); PC3 (33.7%)。
2977,2024-04-28 04:26:00,2024-04-28 04:26:00,1.0,待机-高位,IsolationForest; Mahalanobis; 单变量IQR+3σ; 残差,2294.448,30,Mahalanobis 距离=2294.4（阈值=18.5）。主要贡献特征：PC2 (68.6%); PC3 (30.9%)。
2978,2024-04-28 04:28:00,2024-04-28 04:28:00,1.0,割煤高位,IsolationForest; Mahalanobis; 单变量IQR+3σ; 残差,4.312,30,残差异常：采煤机_截割部位_左滚筒_电机_电流 偏高（残差 Z-score=4.3，实际=258.0 vs 预测=86.0）
2979,2024-04-28 04:31:00,2024-04-28 04:31:00,1.0,割煤高位,IsolationForest; Mahalanobis; 单变量IQR+3σ; 残差,3.903,30,正常
2980,2024-04-28 04:40:00,2024-04-28 04:41:00,2.0,割煤中位,IsolationForest; Mahalanobis; 单变量IQR+3σ; 残差,2.122,60,正常
2981,2024-04-28 04:43:00,2024-04-28 04:43:00,1.0,割煤中位,IsolationForest; Mahalanobis; 单变量IQR+3σ; 残差,1.544,30,正常
2982,2024-04-28 04:45:00,2024-04-28 04:45:00,1.0,割煤中位,IsolationForest; Mahalanobis; 单变量IQR+3σ; 残差,1.715,30,正常
2983,2024-04-28 04:47:00,2024-04-28 04:47:00,1.0,割煤中位,IsolationForest; Mahalanobis; 单变量IQR+3σ; 残差,1.214,30,正常
2984,2024-04-28 04:49:00,2024-04-28 04:52:00,4.0,待机,IsolationForest; Mahalanobis; 单变量IQR+3σ; 残差,3736.773,120,Mahalanobis 距离=3736.8（阈值=18.5）。主要贡献特征：PC2 (78.7%); PC3 (20.9%)。
2985,2024-04-28 04:56:00,2024-04-28 04:59:00,4.0,割煤中位,IsolationForest; Mahalanobis; 单变量IQR+3σ; 残差,5.019,120,单变量异常：采煤机_油泵_左电机_电流（z-score=5.0，实际=51.0，均值=18.3±6.5）
2986,2024-04-28 05:02:00,2024-04-28 05:02:00,1.0,割煤高位,IsolationForest; Mahalanobis; 单变量IQR+3σ; 残差,4.343,30,正常
