事件ID,开始时间,结束时间,时长_分钟,工况,方法集,严重度,触发行数,归因摘要
0,2024-04-01 00:52:00,2024-04-01 00:52:00,1.0,停机,单变量IQR+3σ; 残差,3.45,26,残差异常：采煤机_牵引部位_右电机_电压 偏高（残差 Z-score=3.4，实际=980.0 vs 预测=0.0）
1,2024-04-01 00:56:00,2024-04-01 01:05:00,10.0,停机,IsolationForest; Mahalanobis; 单变量IQR+3σ; 残差,1417.511,280,Mahalanobis 距离=1417.5（阈值=18.5）。主要贡献特征：PC1 (86.8%); PC3 (13.0%)。
2,2024-04-01 01:38:00,2024-04-01 01:42:00,5.0,停机,IsolationForest; Mahalanobis; 单变量IQR+3σ; 残差,370.402,190,Mahalanobis 距离=370.4（阈值=18.5）。主要贡献特征：PC1 (75.0%); PC3 (23.7%); PC4 (1.2%)。
3,2024-04-01 04:37:00,2024-04-01 05:08:00,32.0,待机,IsolationForest; Mahalanobis; 单变量IQR+3σ; 残差,4726.823,1183,Mahalanobis 距离=4726.8（阈值=18.5）。主要贡献特征：PC1 (86.6%); PC4 (13.3%)。
4,2024-04-01 05:11:00,2024-04-01 05:11:00,1.0,待机,IsolationForest; Mahalanobis; 单变量IQR+3σ; 残差,4704.858,38,Mahalanobis 距离=4704.9（阈值=18.5）。主要贡献特征：PC1 (86.5%); PC4 (13.5%)。
5,2024-04-01 05:16:00,2024-04-01 05:17:00,2.0,待机,IsolationForest; Mahalanobis; 单变量IQR+3σ; 残差,4567.988,76,Mahalanobis 距离=4568.0（阈值=18.5）。主要贡献特征：PC1 (88.0%); PC4 (12.0%)。
6,2024-04-01 05:19:00,2024-04-01 05:19:00,1.0,重载牵引,IsolationForest; Mahalanobis; 单变量IQR+3σ; 残差,6.329,38,正常
7,2024-04-01 05:21:00,2024-04-01 05:21:00,1.0,重载牵引,IsolationForest; Mahalanobis; 单变量IQR+3σ; 残差,3.978,38,残差异常：采煤机_油泵_右电机_电流 偏高（残差 Z-score=4.0，实际=44.0 vs 预测=17.6）
8,2024-04-01 05:23:00,2024-04-01 05:24:00,2.0,停机,IsolationForest; Mahalanobis; 单变量IQR+3σ; 残差,2140.718,76,Mahalanobis 距离=2140.7（阈值=18.5）。主要贡献特征：PC1 (96.4%); PC4 (3.4%)。
9,2024-04-01 05:29:00,2024-04-01 05:29:00,1.0,停机,IsolationForest; Mahalanobis; 单变量IQR+3σ; 残差,2107.914,38,Mahalanobis 距离=2107.9（阈值=18.5）。主要贡献特征：PC1 (97.7%); PC4 (2.3%)。
10,2024-04-01 05:37:00,2024-04-01 05:40:00,4.0,重载牵引,IsolationForest; Mahalanobis; 单变量IQR+3σ; 残差,6.444,152,正常
11,2024-04-01 05:42:00,2024-04-01 05:42:00,1.0,重载牵引,IsolationForest; Mahalanobis; 单变量IQR+3σ; 残差,4.812,38,正常
12,2024-04-01 05:51:00,2024-04-01 05:51:00,1.0,重载牵引,IsolationForest; Mahalanobis; 单变量IQR+3σ; 残差,4.281,38,残差异常：采煤机_破碎机_电机_电流 偏高（残差 Z-score=4.3，实际=48.0 vs 预测=0.0）
13,2024-04-01 05:53:00,2024-04-01 05:53:00,1.0,重载牵引,IsolationForest; Mahalanobis; 单变量IQR+3σ; 残差,1.785,38,正常
14,2024-04-01 06:03:00,2024-04-01 06:03:00,1.0,重载牵引,IsolationForest; Mahalanobis; 单变量IQR+3σ; 残差,2.115,38,正常
15,2024-04-01 06:08:00,2024-04-01 06:09:00,2.0,待机,IsolationForest; Mahalanobis; 单变量IQR+3σ; 残差,3541.585,76,Mahalanobis 距离=3541.6（阈值=18.5）。主要贡献特征：PC1 (68.7%); PC3 (29.0%); PC4 (2.3%)。
16,2024-04-01 06:12:00,2024-04-01 06:14:00,3.0,待机,IsolationForest; Mahalanobis; 单变量IQR+3σ; 残差,3616.521,114,Mahalanobis 距离=3616.5（阈值=18.5）。主要贡献特征：PC1 (74.9%); PC3 (22.8%); PC4 (2.3%)。
17,2024-04-01 06:17:00,2024-04-01 06:17:00,1.0,待机,IsolationForest; Mahalanobis; 单变量IQR+3σ; 残差,3673.979,38,Mahalanobis 距离=3674.0（阈值=18.5）。主要贡献特征：PC1 (74.3%); PC3 (23.7%); PC4 (2.0%)。
18,2024-04-01 06:19:00,2024-04-01 06:21:00,3.0,待机,IsolationForest; Mahalanobis; 单变量IQR+3σ; 残差,3577.26,114,Mahalanobis 距离=3577.3（阈值=18.5）。主要贡献特征：PC1 (74.1%); PC3 (23.7%); PC4 (2.2%)。
19,2024-04-01 06:24:00,2024-04-01 06:25:00,2.0,重载牵引,IsolationForest; Mahalanobis; 单变量IQR+3σ; 残差,5.909,76,正常
20,2024-04-01 06:27:00,2024-04-01 06:28:00,2.0,重载牵引,IsolationForest; Mahalanobis; 单变量IQR+3σ; 残差,6.625,76,正常
21,2024-04-01 06:32:00,2024-04-01 06:34:00,3.0,待机,IsolationForest; Mahalanobis; 单变量IQR+3σ; 残差,3676.889,114,Mahalanobis 距离=3676.9（阈值=18.5）。主要贡献特征：PC1 (76.9%); PC3 (21.3%); PC4 (1.9%)。
22,2024-04-01 06:36:00,2024-04-01 06:37:00,2.0,待机,IsolationForest; Mahalanobis; 单变量IQR+3σ; 残差,3853.128,76,Mahalanobis 距离=3853.1（阈值=18.5）。主要贡献特征：PC1 (82.5%); PC3 (15.7%); PC4 (1.8%)。
23,2024-04-01 06:40:00,2024-04-01 06:56:00,17.0,停机,IsolationForest; Mahalanobis; 单变量IQR+3σ; 残差,1530.587,646,Mahalanobis 距离=1530.6（阈值=18.5）。主要贡献特征：PC1 (87.5%); PC3 (12.5%)。
24,2024-04-01 07:06:00,2024-04-01 07:06:00,1.0,重载牵引,IsolationForest; Mahalanobis; 单变量IQR+3σ; 残差,6.177,38,残差异常：采煤机_油泵_右电机_电流 偏高（残差 Z-score=6.2，实际=58.0 vs 预测=17.0）
25,2024-04-01 07:09:00,2024-04-01 07:12:00,4.0,停机,IsolationForest; Mahalanobis; 单变量IQR+3σ; 残差,1149.262,152,Mahalanobis 距离=1149.3（阈值=18.5）。主要贡献特征：PC1 (81.4%); PC3 (18.6%)。
26,2024-04-01 07:17:00,2024-04-01 07:21:00,5.0,停机,IsolationForest; Mahalanobis; 单变量IQR+3σ; 残差,388.352,190,Mahalanobis 距离=388.4（阈值=18.5）。主要贡献特征：PC1 (70.8%); PC3 (29.0%)。
27,2024-04-01 07:24:00,2024-04-01 07:31:00,8.0,停机,IsolationForest; Mahalanobis; 单变量IQR+3σ; 残差,1029.882,304,Mahalanobis 距离=1029.9（阈值=18.5）。主要贡献特征：PC1 (80.3%); PC3 (19.6%)。
28,2024-04-01 07:34:00,2024-04-01 07:35:00,2.0,停机,IsolationForest; Mahalanobis; 单变量IQR+3σ; 残差,376.33,76,Mahalanobis 距离=376.3（阈值=18.5）。主要贡献特征：PC1 (70.8%); PC3 (29.0%)。
29,2024-04-01 07:37:00,2024-04-01 08:27:00,51.0,待机,IsolationForest; Mahalanobis; 单变量IQR+3σ; 残差,4982.602,1938,Mahalanobis 距离=4982.6（阈值=18.5）。主要贡献特征：PC3 (58.1%); PC1 (40.7%); PC4 (1.2%)。
30,2024-04-01 08:30:00,2024-04-01 08:49:00,20.0,停机,IsolationForest; Mahalanobis; 单变量IQR+3σ; 残差,1097.747,760,Mahalanobis 距离=1097.7（阈值=18.5）。主要贡献特征：PC1 (73.4%); PC3 (26.6%)。
31,2024-04-01 08:51:00,2024-04-01 08:59:00,9.0,重载牵引,IsolationForest; Mahalanobis; 单变量IQR+3σ; 残差,6.922,342,正常
32,2024-04-01 09:04:00,2024-04-01 09:04:00,1.0,重载牵引,IsolationForest; Mahalanobis; 单变量IQR+3σ; 残差,4.697,38,正常
33,2024-04-01 09:13:00,2024-04-01 09:26:00,14.0,停机,IsolationForest; Mahalanobis; 单变量IQR+3σ; 残差,6717.419,532,Mahalanobis 距离=6717.4（阈值=18.5）。主要贡献特征：PC3 (73.6%); PC1 (25.9%)。
34,2024-04-01 09:41:00,2024-04-01 09:46:00,6.0,待机,IsolationForest; Mahalanobis; 单变量IQR+3σ; 残差,2092.74,228,Mahalanobis 距离=2092.7（阈值=18.5）。主要贡献特征：PC3 (63.8%); PC1 (36.1%)。
35,2024-04-01 11:23:00,2024-04-01 11:34:00,12.0,停机,IsolationForest; Mahalanobis; 单变量IQR+3σ; 残差,1277.591,456,Mahalanobis 距离=1277.6（阈值=18.5）。主要贡献特征：PC1 (76.8%); PC3 (22.5%)。
36,2024-04-01 11:36:00,2024-04-01 11:50:00,15.0,待机,IsolationForest; Mahalanobis; 单变量IQR+3σ; 残差,3633.702,570,Mahalanobis 距离=3633.7（阈值=18.5）。主要贡献特征：PC3 (63.8%); PC1 (36.1%)。
37,2024-04-01 12:00:00,2024-04-01 13:42:00,103.0,停机,IsolationForest; Mahalanobis; 单变量IQR+3σ; 残差,583.169,3914,Mahalanobis 距离=583.2（阈值=18.5）。主要贡献特征：PC3 (67.8%); PC1 (31.7%)。
38,2024-04-01 13:58:00,2024-04-01 14:02:00,5.0,停机,IsolationForest; Mahalanobis; 单变量IQR+3σ; 残差,391.188,190,Mahalanobis 距离=391.2（阈值=18.5）。主要贡献特征：PC1 (56.6%); PC3 (41.9%); PC4 (1.4%)。
39,2024-04-01 14:09:00,2024-04-01 14:16:00,8.0,待机,IsolationForest; Mahalanobis; 单变量IQR+3σ; 残差,3559.108,304,Mahalanobis 距离=3559.1（阈值=18.5）。主要贡献特征：PC3 (61.2%); PC1 (38.8%)。
40,2024-04-01 15:08:00,2024-04-01 15:18:00,11.0,待机,IsolationForest; Mahalanobis; 单变量IQR+3σ; 残差,4106.056,418,Mahalanobis 距离=4106.1（阈值=18.5）。主要贡献特征：PC1 (77.5%); PC3 (22.5%)。
41,2024-04-01 15:39:00,2024-04-01 15:44:00,6.0,待机,IsolationForest; Mahalanobis; 单变量IQR+3σ; 残差,2229.008,228,Mahalanobis 距离=2229.0（阈值=18.5）。主要贡献特征：PC1 (92.8%); PC3 (7.1%)。
42,2024-04-01 15:46:00,2024-04-01 16:14:00,29.0,待机,IsolationForest; Mahalanobis; 单变量IQR+3σ; 残差,3868.329,1102,Mahalanobis 距离=3868.3（阈值=18.5）。主要贡献特征：PC1 (75.7%); PC3 (24.3%)。
43,2024-04-01 16:16:00,2024-04-01 16:17:00,2.0,重载牵引,IsolationForest; Mahalanobis; 单变量IQR+3σ; 残差,3.659,76,正常
44,2024-04-01 16:19:00,2024-04-01 16:19:00,1.0,重载牵引,IsolationForest; Mahalanobis; 单变量IQR+3σ; 残差,3.996,38,残差异常：采煤机_破碎机_电机_电流 偏高（残差 Z-score=4.0，实际=61.0 vs 预测=16.2）
45,2024-04-01 16:21:00,2024-04-01 16:21:00,1.0,重载牵引,IsolationForest; Mahalanobis; 单变量IQR+3σ; 残差,1.502,38,正常
46,2024-04-01 16:26:00,2024-04-01 16:26:00,1.0,待机,IsolationForest; Mahalanobis; 单变量IQR+3σ; 残差,3802.064,38,Mahalanobis 距离=3802.1（阈值=18.5）。主要贡献特征：PC1 (65.3%); PC3 (33.6%); PC4 (1.1%)。
47,2024-04-01 16:30:00,2024-04-01 16:32:00,3.0,停机,IsolationForest; Mahalanobis; 单变量IQR+3σ; 残差,1555.008,114,Mahalanobis 距离=1555.0（阈值=18.5）。主要贡献特征：PC1 (71.4%); PC3 (25.6%); PC4 (3.0%)。
48,2024-04-01 16:40:00,2024-04-01 16:40:00,1.0,重载牵引,IsolationForest; Mahalanobis; 单变量IQR+3σ; 残差,4.252,38,正常
49,2024-04-01 16:44:00,2024-04-01 16:50:00,7.0,停机,IsolationForest; Mahalanobis; 单变量IQR+3σ; 残差,1377.037,266,Mahalanobis 距离=1377.0（阈值=18.5）。主要贡献特征：PC1 (66.1%); PC3 (30.8%); PC4 (3.0%)。
50,2024-04-01 16:55:00,2024-04-01 16:58:00,4.0,停机,IsolationForest; Mahalanobis; 单变量IQR+3σ; 残差,368.349,152,Mahalanobis 距离=368.3（阈值=18.5）。主要贡献特征：PC3 (53.2%); PC1 (38.5%); PC4 (8.3%)。
51,2024-04-01 17:14:00,2024-04-01 17:14:00,1.0,重载牵引,IsolationForest; Mahalanobis; 单变量IQR+3σ; 残差,3.534,38,残差异常：采煤机_截割部位_左滚筒_电机_电流 偏高（残差 Z-score=3.5，实际=242.0 vs 预测=99.6）
52,2024-04-01 17:23:00,2024-04-01 17:23:00,1.0,待机,IsolationForest; Mahalanobis; 单变量IQR+3σ; 残差,4648.788,38,Mahalanobis 距离=4648.8（阈值=18.5）。主要贡献特征：PC1 (94.4%); PC3 (3.7%); PC4 (1.9%)。
53,2024-04-01 17:34:00,2024-04-01 17:37:00,4.0,停机,IsolationForest; Mahalanobis; 单变量IQR+3σ; 残差,1077.635,152,Mahalanobis 距离=1077.6（阈值=18.5）。主要贡献特征：PC1 (84.9%); PC3 (14.2%)。
54,2024-04-01 17:51:00,2024-04-01 17:56:00,6.0,停机,IsolationForest; Mahalanobis; 单变量IQR+3σ; 残差,371.125,228,Mahalanobis 距离=371.1（阈值=18.5）。主要贡献特征：PC1 (79.9%); PC3 (15.6%); PC4 (4.5%)。
55,2024-04-01 18:00:00,2024-04-01 18:00:00,1.0,重载牵引,IsolationForest; Mahalanobis; 单变量IQR+3σ; 残差,3.511,38,正常
56,2024-04-01 18:02:00,2024-04-01 18:03:00,2.0,重载牵引,IsolationForest; Mahalanobis; 单变量IQR+3σ; 残差,5.439,76,正常
57,2024-04-01 18:18:00,2024-04-01 18:18:00,1.0,待机,IsolationForest; Mahalanobis; 单变量IQR+3σ; 残差,4577.3,38,Mahalanobis 距离=4577.3（阈值=18.5）。主要贡献特征：PC1 (91.2%); PC4 (8.6%)。
58,2024-04-01 18:21:00,2024-04-01 18:23:00,3.0,重载牵引,IsolationForest; Mahalanobis; 单变量IQR+3σ; 残差,5.142,114,正常
59,2024-04-01 18:27:00,2024-04-01 18:27:00,1.0,重载牵引,IsolationForest; Mahalanobis; 单变量IQR+3σ; 残差,3.792,38,残差异常：采煤机_截割部位_左滚筒_电机_电流 偏高（残差 Z-score=3.8，实际=226.0 vs 预测=73.2）
60,2024-04-01 18:38:00,2024-04-01 18:38:00,1.0,待机,IsolationForest; Mahalanobis; 单变量IQR+3σ; 残差,4278.733,38,Mahalanobis 距离=4278.7（阈值=18.5）。主要贡献特征：PC1 (87.3%); PC3 (12.2%)。
61,2024-04-01 18:41:00,2024-04-01 18:42:00,2.0,停机,IsolationForest; Mahalanobis; 单变量IQR+3σ; 残差,1915.999,76,Mahalanobis 距离=1916.0（阈值=18.5）。主要贡献特征：PC1 (90.9%); PC3 (8.7%)。
62,2024-04-01 18:47:00,2024-04-01 18:48:00,2.0,重载牵引,IsolationForest; Mahalanobis; 单变量IQR+3σ; 残差,5.798,76,残差异常：采煤机_破碎机_电机_电流 偏高（残差 Z-score=5.8，实际=65.0 vs 预测=0.0）
63,2024-04-01 18:50:00,2024-04-01 18:51:00,2.0,停机,IsolationForest; Mahalanobis; 单变量IQR+3σ; 残差,2932.378,76,Mahalanobis 距离=2932.4（阈值=18.5）。主要贡献特征：PC1 (96.7%); PC3 (1.9%); PC4 (1.4%)。
64,2024-04-01 18:54:00,2024-04-01 18:59:00,6.0,待机,IsolationForest; Mahalanobis; 单变量IQR+3σ; 残差,3568.039,228,Mahalanobis 距离=3568.0（阈值=18.5）。主要贡献特征：PC1 (80.9%); PC3 (19.1%)。
65,2024-04-01 19:02:00,2024-04-01 19:03:00,2.0,待机,IsolationForest; Mahalanobis; 单变量IQR+3σ; 残差,6490.997,76,Mahalanobis 距离=6491.0（阈值=18.5）。主要贡献特征：PC1 (98.5%)。
66,2024-04-01 19:08:00,2024-04-01 19:13:00,6.0,停机,IsolationForest; Mahalanobis; 单变量IQR+3σ; 残差,1854.039,228,Mahalanobis 距离=1854.0（阈值=18.5）。主要贡献特征：PC1 (82.0%); PC3 (15.5%); PC4 (2.5%)。
67,2024-04-01 19:18:00,2024-04-01 19:21:00,4.0,重载牵引,IsolationForest; Mahalanobis; 单变量IQR+3σ; 残差,34.6,152,Mahalanobis 距离=34.6（阈值=18.5）。主要贡献特征：PC1 (99.6%)。
68,2024-04-01 19:26:00,2024-04-01 19:26:00,1.0,重载牵引,IsolationForest; Mahalanobis; 单变量IQR+3σ; 残差,4.401,38,正常
69,2024-04-01 19:28:00,2024-04-01 19:28:00,1.0,待机,IsolationForest; Mahalanobis; 单变量IQR+3σ; 残差,3780.051,38,Mahalanobis 距离=3780.1（阈值=18.5）。主要贡献特征：PC1 (61.1%); PC3 (37.3%); PC4 (1.7%)。
70,2024-04-01 19:30:00,2024-04-01 19:30:00,1.0,重载牵引,IsolationForest; Mahalanobis; 单变量IQR+3σ; 残差,5.291,38,正常
71,2024-04-01 19:33:00,2024-04-01 19:33:00,1.0,重载牵引,IsolationForest; Mahalanobis; 单变量IQR+3σ; 残差,4.17,38,残差异常：采煤机_截割部位_左滚筒_电机_电流 偏高（残差 Z-score=4.2，实际=242.0 vs 预测=74.0）
72,2024-04-01 19:45:00,2024-04-01 19:45:00,1.0,待机,IsolationForest; Mahalanobis; 单变量IQR+3σ; 残差,4498.097,38,Mahalanobis 距离=4498.1（阈值=18.5）。主要贡献特征：PC1 (82.2%); PC3 (17.3%)。
73,2024-04-01 19:50:00,2024-04-01 19:50:00,1.0,待机,IsolationForest; Mahalanobis; 单变量IQR+3σ; 残差,4136.182,38,Mahalanobis 距离=4136.2（阈值=18.5）。主要贡献特征：PC1 (80.4%); PC3 (19.6%)。
74,2024-04-01 19:53:00,2024-04-01 19:54:00,2.0,待机,IsolationForest; Mahalanobis; 单变量IQR+3σ; 残差,3756.649,76,Mahalanobis 距离=3756.6（阈值=18.5）。主要贡献特征：PC1 (74.5%); PC3 (25.5%)。
75,2024-04-01 20:00:00,2024-04-01 20:14:00,15.0,待机,IsolationForest; Mahalanobis; 单变量IQR+3σ; 残差,3528.074,570,Mahalanobis 距离=3528.1（阈值=18.5）。主要贡献特征：PC1 (68.0%); PC3 (31.7%)。
76,2024-04-01 20:21:00,2024-04-01 20:23:00,3.0,停机,IsolationForest; Mahalanobis; 单变量IQR+3σ; 残差,369.573,114,Mahalanobis 距离=369.6（阈值=18.5）。主要贡献特征：PC1 (60.8%); PC3 (38.4%)。
77,2024-04-01 20:27:00,2024-04-01 20:27:00,1.0,重载牵引,IsolationForest; Mahalanobis; 单变量IQR+3σ; 残差,2.248,38,正常
78,2024-04-01 20:29:00,2024-04-01 20:31:00,3.0,重载牵引,IsolationForest; Mahalanobis; 单变量IQR+3σ; 残差,3.571,114,正常
79,2024-04-01 20:33:00,2024-04-01 20:33:00,1.0,待机,IsolationForest; Mahalanobis; 单变量IQR+3σ; 残差,7765.853,38,Mahalanobis 距离=7765.9（阈值=18.5）。主要贡献特征：PC1 (87.2%); PC3 (11.9%)。
80,2024-04-01 20:40:00,2024-04-01 20:40:00,1.0,待机,IsolationForest; Mahalanobis; 单变量IQR+3σ; 残差,7191.057,38,Mahalanobis 距离=7191.1（阈值=18.5）。主要贡献特征：PC1 (90.2%); PC3 (8.4%); PC4 (1.4%)。
81,2024-04-01 20:44:00,2024-04-01 20:44:00,1.0,重载牵引,IsolationForest; Mahalanobis; 单变量IQR+3σ; 残差,3.614,38,正常
82,2024-04-01 20:46:00,2024-04-01 20:46:00,1.0,重载牵引,IsolationForest; Mahalanobis; 单变量IQR+3σ; 残差,4.671,38,残差异常：采煤机_油泵_右电机_电流 偏高（残差 Z-score=4.7，实际=48.0 vs 预测=17.0）
83,2024-04-01 20:48:00,2024-04-01 20:48:00,1.0,停机,IsolationForest; Mahalanobis; 单变量IQR+3σ; 残差,1090.33,38,Mahalanobis 距离=1090.3（阈值=18.5）。主要贡献特征：PC1 (78.8%); PC3 (21.1%)。
84,2024-04-01 20:51:00,2024-04-01 20:52:00,2.0,停机,IsolationForest; Mahalanobis; 单变量IQR+3σ; 残差,1456.148,76,Mahalanobis 距离=1456.1（阈值=18.5）。主要贡献特征：PC1 (89.7%); PC3 (10.0%)。
85,2024-04-01 20:55:00,2024-04-01 20:55:00,1.0,待机,IsolationForest; Mahalanobis; 单变量IQR+3σ; 残差,3079.123,38,Mahalanobis 距离=3079.1（阈值=18.5）。主要贡献特征：PC1 (79.7%); PC3 (14.0%); PC4 (6.2%)。
86,2024-04-01 20:57:00,2024-04-01 20:57:00,1.0,待机,IsolationForest; Mahalanobis; 单变量IQR+3σ; 残差,3566.366,38,Mahalanobis 距离=3566.4（阈值=18.5）。主要贡献特征：PC1 (79.2%); PC3 (15.8%); PC4 (5.0%)。
87,2024-04-01 21:08:00,2024-04-01 21:08:00,1.0,待机,IsolationForest; Mahalanobis; 单变量IQR+3σ; 残差,3719.8,38,Mahalanobis 距离=3719.8（阈值=18.5）。主要贡献特征：PC1 (83.4%); PC4 (11.7%); PC3 (4.8%)。
88,2024-04-01 21:10:00,2024-04-01 21:11:00,2.0,重载牵引,IsolationForest; Mahalanobis; 单变量IQR+3σ; 残差,6.328,76,残差异常：采煤机_油泵_右电机_电流 偏高（残差 Z-score=6.3，实际=59.0 vs 预测=17.0）
89,2024-04-01 21:19:00,2024-04-01 21:24:00,6.0,停机,IsolationForest; Mahalanobis; 单变量IQR+3σ; 残差,1744.369,228,Mahalanobis 距离=1744.4（阈值=18.5）。主要贡献特征：PC1 (95.6%); PC4 (2.7%); PC3 (1.7%)。
90,2024-04-01 21:26:00,2024-04-01 21:28:00,3.0,待机,IsolationForest; Mahalanobis; 单变量IQR+3σ; 残差,3950.282,114,Mahalanobis 距离=3950.3（阈值=18.5）。主要贡献特征：PC1 (75.5%); PC4 (19.4%); PC3 (5.1%)。
91,2024-04-01 21:30:00,2024-04-01 21:32:00,3.0,待机,IsolationForest; Mahalanobis; 单变量IQR+3σ; 残差,4354.55,114,Mahalanobis 距离=4354.5（阈值=18.5）。主要贡献特征：PC1 (86.1%); PC4 (13.8%)。
92,2024-04-01 21:35:00,2024-04-01 21:40:00,6.0,待机,IsolationForest; Mahalanobis; 单变量IQR+3σ; 残差,4160.089,228,Mahalanobis 距离=4160.1（阈值=18.5）。主要贡献特征：PC1 (86.2%); PC4 (13.0%)。
93,2024-04-01 21:59:00,2024-04-01 22:01:00,3.0,停机,IsolationForest; Mahalanobis; 单变量IQR+3σ; 残差,455.456,114,Mahalanobis 距离=455.5（阈值=18.5）。主要贡献特征：PC1 (82.3%); PC3 (8.9%); PC4 (8.7%)。
94,2024-04-01 22:13:00,2024-04-01 22:13:00,1.0,待机,IsolationForest; Mahalanobis; 单变量IQR+3σ; 残差,5290.757,38,Mahalanobis 距离=5290.8（阈值=18.5）。主要贡献特征：PC1 (94.8%); PC4 (5.0%)。
95,2024-04-01 22:15:00,2024-04-01 22:15:00,1.0,待机,IsolationForest; Mahalanobis; 单变量IQR+3σ; 残差,4520.491,38,Mahalanobis 距离=4520.5（阈值=18.5）。主要贡献特征：PC1 (93.2%); PC4 (4.5%); PC3 (2.4%)。
96,2024-04-01 22:20:00,2024-04-01 22:20:00,1.0,待机,IsolationForest; Mahalanobis; 单变量IQR+3σ; 残差,5480.356,38,Mahalanobis 距离=5480.4（阈值=18.5）。主要贡献特征：PC1 (97.1%); PC4 (2.8%)。
97,2024-04-01 22:27:00,2024-04-01 22:32:00,6.0,待机,IsolationForest; Mahalanobis; 单变量IQR+3σ; 残差,27509.168,228,Mahalanobis 距离=27509.2（阈值=18.5）。主要贡献特征：PC3 (95.1%); PC1 (4.9%)。
98,2024-04-01 22:38:00,2024-04-01 22:41:00,4.0,待机,IsolationForest; Mahalanobis; 单变量IQR+3σ; 残差,3220.744,152,Mahalanobis 距离=3220.7（阈值=18.5）。主要贡献特征：PC1 (82.6%); PC3 (17.1%)。
99,2024-04-01 22:46:00,2024-04-01 22:46:00,1.0,待机,IsolationForest; Mahalanobis; 单变量IQR+3σ; 残差,5201.486,38,Mahalanobis 距离=5201.5（阈值=18.5）。主要贡献特征：PC1 (96.0%); PC3 (4.0%)。
100,2024-04-01 22:49:00,2024-04-01 22:50:00,2.0,待机,IsolationForest; Mahalanobis; 单变量IQR+3σ; 残差,4299.627,76,Mahalanobis 距离=4299.6（阈值=18.5）。主要贡献特征：PC1 (82.9%); PC3 (17.1%)。
101,2024-04-01 22:52:00,2024-04-01 23:01:00,10.0,待机,IsolationForest; Mahalanobis; 单变量IQR+3σ; 残差,4095.993,380,Mahalanobis 距离=4096.0（阈值=18.5）。主要贡献特征：PC1 (79.8%); PC3 (20.2%)。
102,2024-04-01 23:07:00,2024-04-01 23:07:00,1.0,重载牵引,IsolationForest; Mahalanobis; 单变量IQR+3σ; 残差,2.057,38,正常
103,2024-04-01 23:20:00,2024-04-01 23:20:00,1.0,重载牵引,IsolationForest; Mahalanobis; 单变量IQR+3σ; 残差,3.951,38,残差异常：采煤机_截割部位_左滚筒_电机_电流 偏高（残差 Z-score=4.0，实际=228.0 vs 预测=68.8）
104,2024-04-01 23:24:00,2024-04-01 23:25:00,2.0,停机,IsolationForest; Mahalanobis; 单变量IQR+3σ; 残差,1234.086,76,Mahalanobis 距离=1234.1（阈值=18.5）。主要贡献特征：PC1 (63.9%); PC3 (33.2%); PC4 (2.9%)。
105,2024-04-01 23:33:00,2024-04-01 23:33:00,1.0,停机,IsolationForest; Mahalanobis; 单变量IQR+3σ; 残差,1674.916,38,Mahalanobis 距离=1674.9（阈值=18.5）。主要贡献特征：PC1 (83.8%); PC3 (14.4%); PC4 (1.8%)。
106,2024-04-01 23:37:00,2024-04-01 23:37:00,1.0,待机,IsolationForest; Mahalanobis; 单变量IQR+3σ; 残差,3802.57,38,Mahalanobis 距离=3802.6（阈值=18.5）。主要贡献特征：PC1 (80.6%); PC3 (19.4%)。
107,2024-04-01 23:39:00,2024-04-01 23:39:00,1.0,重载牵引,IsolationForest; Mahalanobis; 单变量IQR+3σ; 残差,3.956,38,残差异常：采煤机_截割部位_左滚筒_电机_电流 偏高（残差 Z-score=4.0，实际=250.0 vs 预测=90.6）
108,2024-04-01 23:43:00,2024-04-01 23:48:00,6.0,停机,IsolationForest; Mahalanobis; 单变量IQR+3σ; 残差,2490.918,228,Mahalanobis 距离=2490.9（阈值=18.5）。主要贡献特征：PC1 (99.4%)。
109,2024-04-01 23:50:00,2024-04-01 23:52:00,3.0,重载牵引,IsolationForest; Mahalanobis; 单变量IQR+3σ; 残差,7.324,114,正常
110,2024-04-01 23:57:00,2024-04-02 00:00:00,4.0,待机,IsolationForest; Mahalanobis; 单变量IQR+3σ; 残差,3503.521,152,Mahalanobis 距离=3503.5（阈值=18.5）。主要贡献特征：PC1 (77.7%); PC3 (18.6%); PC4 (3.7%)。
111,2024-04-02 00:04:00,2024-04-02 00:04:00,1.0,重载牵引,IsolationForest; Mahalanobis; 单变量IQR+3σ; 残差,6.539,38,残差异常：采煤机_油泵_右电机_电流 偏高（残差 Z-score=6.5，实际=60.0 vs 预测=16.6）
112,2024-04-02 00:13:00,2024-04-02 00:13:00,1.0,重载牵引,IsolationForest; Mahalanobis; 单变量IQR+3σ; 残差,4.701,38,残差异常：采煤机_油泵_右电机_电流 偏高（残差 Z-score=4.7，实际=48.0 vs 预测=16.8）
113,2024-04-02 00:15:00,2024-04-02 00:17:00,3.0,重载牵引,IsolationForest; Mahalanobis; 单变量IQR+3σ; 残差,5.291,114,正常
114,2024-04-02 00:28:00,2024-04-02 00:30:00,3.0,待机,IsolationForest; Mahalanobis; 单变量IQR+3σ; 残差,4334.238,114,Mahalanobis 距离=4334.2（阈值=18.5）。主要贡献特征：PC1 (87.5%); PC4 (12.5%)。
115,2024-04-02 00:37:00,2024-04-02 00:37:00,1.0,重载牵引,IsolationForest; Mahalanobis; 单变量IQR+3σ; 残差,4.834,38,正常
116,2024-04-02 00:40:00,2024-04-02 00:42:00,3.0,待机,IsolationForest; Mahalanobis; 单变量IQR+3σ; 残差,10366.181,114,Mahalanobis 距离=10366.2（阈值=18.5）。主要贡献特征：PC1 (50.7%); PC3 (47.0%); PC4 (2.3%)。
117,2024-04-02 00:45:00,2024-04-02 00:47:00,3.0,停机,IsolationForest; Mahalanobis; 单变量IQR+3σ; 残差,3464.51,114,Mahalanobis 距离=3464.5（阈值=18.5）。主要贡献特征：PC1 (84.4%); PC3 (15.6%)。
118,2024-04-02 00:50:00,2024-04-02 01:02:00,13.0,停机,IsolationForest; Mahalanobis; 单变量IQR+3σ; 残差,9809.925,494,Mahalanobis 距离=9809.9（阈值=18.5）。主要贡献特征：PC3 (91.2%); PC1 (8.7%)。
119,2024-04-02 01:10:00,2024-04-02 01:10:00,1.0,重载牵引,IsolationForest; Mahalanobis; 单变量IQR+3σ; 残差,4.783,38,正常
120,2024-04-02 01:13:00,2024-04-02 01:13:00,1.0,停机,IsolationForest; Mahalanobis; 单变量IQR+3σ; 残差,2833.197,38,Mahalanobis 距离=2833.2（阈值=18.5）。主要贡献特征：PC1 (98.5%); PC4 (1.1%)。
121,2024-04-02 01:15:00,2024-04-02 01:23:00,9.0,停机,IsolationForest; Mahalanobis; 单变量IQR+3σ; 残差,1010.467,342,Mahalanobis 距离=1010.5（阈值=18.5）。主要贡献特征：PC1 (69.2%); PC3 (30.0%)。
122,2024-04-02 01:25:00,2024-04-02 01:26:00,2.0,重载牵引,IsolationForest; Mahalanobis; 单变量IQR+3σ; 残差,35.489,76,Mahalanobis 距离=35.5（阈值=18.5）。主要贡献特征：PC1 (99.9%)。
123,2024-04-02 01:30:00,2024-04-02 01:30:00,1.0,停机,IsolationForest; Mahalanobis; 单变量IQR+3σ; 残差,1763.046,38,Mahalanobis 距离=1763.0（阈值=18.5）。主要贡献特征：PC1 (84.6%); PC3 (13.6%); PC4 (1.8%)。
124,2024-04-02 01:34:00,2024-04-02 01:34:00,1.0,待机,IsolationForest; Mahalanobis; 单变量IQR+3σ; 残差,4596.547,38,Mahalanobis 距离=4596.5（阈值=18.5）。主要贡献特征：PC1 (85.9%); PC3 (13.4%)。
125,2024-04-02 01:39:00,2024-04-02 01:39:00,1.0,重载牵引,IsolationForest; Mahalanobis; 单变量IQR+3σ; 残差,4.252,38,正常
126,2024-04-02 01:43:00,2024-04-02 01:44:00,2.0,重载牵引,IsolationForest; Mahalanobis; 单变量IQR+3σ; 残差,5.303,76,残差异常：采煤机_油泵_右电机_电流 偏高（残差 Z-score=5.3，实际=52.0 vs 预测=16.8）
127,2024-04-02 02:00:00,2024-04-02 02:00:00,1.0,重载牵引,IsolationForest; Mahalanobis; 单变量IQR+3σ; 残差,3.124,38,残差异常：采煤机_截割部位_右滚筒_电机_电流 偏高（残差 Z-score=3.1，实际=195.0 vs 预测=79.4）
128,2024-04-02 02:03:00,2024-04-02 02:03:00,1.0,重载牵引,IsolationForest; Mahalanobis; 单变量IQR+3σ; 残差,5.183,38,残差异常：采煤机_油泵_右电机_电流 偏高（残差 Z-score=5.2，实际=51.0 vs 预测=16.6）
129,2024-04-02 02:07:00,2024-04-02 02:07:00,1.0,重载牵引,IsolationForest; Mahalanobis; 单变量IQR+3σ; 残差,5.54,38,正常
130,2024-04-02 02:20:00,2024-04-02 02:20:00,1.0,待机,IsolationForest; Mahalanobis; 单变量IQR+3σ; 残差,4880.447,38,Mahalanobis 距离=4880.4（阈值=18.5）。主要贡献特征：PC1 (96.2%); PC4 (2.4%); PC3 (1.4%)。
131,2024-04-02 02:23:00,2024-04-02 02:23:00,1.0,待机,IsolationForest; Mahalanobis; 单变量IQR+3σ; 残差,4161.9,38,Mahalanobis 距离=4161.9（阈值=18.5）。主要贡献特征：PC1 (89.2%); PC3 (7.9%); PC4 (2.8%)。
132,2024-04-02 02:25:00,2024-04-02 02:25:00,1.0,待机,IsolationForest; Mahalanobis; 单变量IQR+3σ; 残差,3880.008,38,Mahalanobis 距离=3880.0（阈值=18.5）。主要贡献特征：PC1 (84.8%); PC3 (12.1%); PC4 (3.1%)。
133,2024-04-02 02:32:00,2024-04-02 02:32:00,1.0,待机,IsolationForest; Mahalanobis; 单变量IQR+3σ; 残差,3542.881,38,Mahalanobis 距离=3542.9（阈值=18.5）。主要贡献特征：PC1 (79.5%); PC3 (16.2%); PC4 (4.3%)。
134,2024-04-02 02:40:00,2024-04-02 02:40:00,1.0,待机,IsolationForest; Mahalanobis; 单变量IQR+3σ; 残差,4947.898,38,Mahalanobis 距离=4947.9（阈值=18.5）。主要贡献特征：PC1 (92.7%); PC4 (7.3%)。
135,2024-04-02 02:43:00,2024-04-02 02:43:00,1.0,待机,IsolationForest; Mahalanobis; 单变量IQR+3σ; 残差,4679.997,38,Mahalanobis 距离=4680.0（阈值=18.5）。主要贡献特征：PC1 (91.2%); PC4 (8.7%)。
136,2024-04-02 02:46:00,2024-04-02 02:47:00,2.0,待机,IsolationForest; Mahalanobis; 单变量IQR+3σ; 残差,3607.95,76,Mahalanobis 距离=3607.9（阈值=18.5）。主要贡献特征：PC1 (85.3%); PC4 (12.7%); PC3 (2.0%)。
137,2024-04-02 02:52:00,2024-04-02 02:55:00,4.0,待机,IsolationForest; Mahalanobis; 单变量IQR+3σ; 残差,4154.564,152,Mahalanobis 距离=4154.6（阈值=18.5）。主要贡献特征：PC1 (86.9%); PC4 (12.5%)。
138,2024-04-02 03:03:00,2024-04-02 03:03:00,1.0,重载牵引,IsolationForest; Mahalanobis; 单变量IQR+3σ; 残差,5.142,38,正常
139,2024-04-02 03:06:00,2024-04-02 03:15:00,10.0,待机,IsolationForest; Mahalanobis; 单变量IQR+3σ; 残差,4076.531,380,Mahalanobis 距离=4076.5（阈值=18.5）。主要贡献特征：PC1 (87.4%); PC4 (10.4%); PC3 (2.2%)。
140,2024-04-02 03:24:00,2024-04-02 03:28:00,5.0,停机,IsolationForest; Mahalanobis; 单变量IQR+3σ; 残差,397.449,190,Mahalanobis 距离=397.4（阈值=18.5）。主要贡献特征：PC1 (81.0%); PC3 (12.7%); PC4 (6.3%)。
141,2024-04-02 03:34:00,2024-04-02 03:37:00,4.0,待机,IsolationForest; Mahalanobis; 单变量IQR+3σ; 残差,2481.096,152,Mahalanobis 距离=2481.1（阈值=18.5）。主要贡献特征：PC1 (78.8%); PC4 (20.7%)。
142,2024-04-02 03:41:00,2024-04-02 03:51:00,11.0,停机,IsolationForest; Mahalanobis; 单变量IQR+3σ; 残差,1691.116,418,Mahalanobis 距离=1691.1（阈值=18.5）。主要贡献特征：PC1 (97.3%); PC3 (1.7%); PC4 (1.0%)。
143,2024-04-02 03:55:00,2024-04-02 03:57:00,3.0,重载牵引,IsolationForest; Mahalanobis; 单变量IQR+3σ; 残差,2.682,114,正常
144,2024-04-02 03:59:00,2024-04-02 03:59:00,1.0,重载牵引,IsolationForest; Mahalanobis; 单变量IQR+3σ; 残差,5.54,38,正常
145,2024-04-02 04:02:00,2024-04-02 04:03:00,2.0,待机,IsolationForest; Mahalanobis; 单变量IQR+3σ; 残差,5342.744,76,Mahalanobis 距离=5342.7（阈值=18.5）。主要贡献特征：PC1 (98.6%)。
146,2024-04-02 04:06:00,2024-04-02 04:06:00,1.0,待机,IsolationForest; Mahalanobis; 单变量IQR+3σ; 残差,7363.749,38,Mahalanobis 距离=7363.7（阈值=18.5）。主要贡献特征：PC1 (94.3%); PC3 (5.6%)。
147,2024-04-02 04:08:00,2024-04-02 04:08:00,1.0,停机,IsolationForest; Mahalanobis; 单变量IQR+3σ; 残差,2273.035,38,Mahalanobis 距离=2273.0（阈值=18.5）。主要贡献特征：PC1 (96.5%); PC3 (2.8%)。
148,2024-04-02 04:11:00,2024-04-02 04:12:00,2.0,重载牵引,IsolationForest; Mahalanobis; 单变量IQR+3σ; 残差,4.549,76,正常
149,2024-04-02 04:22:00,2024-04-02 04:22:00,1.0,重载牵引,IsolationForest; Mahalanobis; 单变量IQR+3σ; 残差,4.285,38,残差异常：采煤机_油泵_左电机_电流 偏高（残差 Z-score=4.3，实际=47.0 vs 预测=15.8）
150,2024-04-02 04:26:00,2024-04-02 04:27:00,2.0,重载牵引,IsolationForest; Mahalanobis; 单变量IQR+3σ; 残差,4.671,76,残差异常：采煤机_油泵_右电机_电流 偏高（残差 Z-score=4.7，实际=48.0 vs 预测=17.0）
151,2024-04-02 04:32:00,2024-04-02 04:32:00,1.0,重载牵引,IsolationForest; Mahalanobis; 单变量IQR+3σ; 残差,4.924,38,残差异常：采煤机_截割部位_左滚筒_电机_电流 偏高（残差 Z-score=4.9，实际=267.0 vs 预测=68.6）
152,2024-04-02 04:48:00,2024-04-02 04:48:00,1.0,待机,IsolationForest; Mahalanobis; 单变量IQR+3σ; 残差,3574.765,38,Mahalanobis 距离=3574.8（阈值=18.5）。主要贡献特征：PC1 (67.8%); PC3 (32.2%)。
153,2024-04-02 04:50:00,2024-04-02 04:58:00,9.0,停机,IsolationForest; Mahalanobis; 单变量IQR+3σ; 残差,10463.415,342,Mahalanobis 距离=10463.4（阈值=18.5）。主要贡献特征：PC3 (92.4%); PC1 (7.3%)。
154,2024-04-02 05:01:00,2024-04-02 05:01:00,1.0,停机,IsolationForest; Mahalanobis; 单变量IQR+3σ; 残差,1383.104,38,Mahalanobis 距离=1383.1（阈值=18.5）。主要贡献特征：PC1 (80.3%); PC3 (19.5%)。
155,2024-04-02 05:05:00,2024-04-02 05:08:00,4.0,待机,IsolationForest; Mahalanobis; 单变量IQR+3σ; 残差,3804.702,152,Mahalanobis 距离=3804.7（阈值=18.5）。主要贡献特征：PC1 (82.7%); PC3 (16.0%); PC4 (1.3%)。
156,2024-04-02 05:11:00,2024-04-02 05:11:00,1.0,重载牵引,IsolationForest; Mahalanobis; 单变量IQR+3σ; 残差,5.884,38,正常
157,2024-04-02 05:16:00,2024-04-02 05:16:00,1.0,待机,IsolationForest; Mahalanobis; 单变量IQR+3σ; 残差,3494.217,38,Mahalanobis 距离=3494.2（阈值=18.5）。主要贡献特征：PC1 (76.7%); PC3 (19.6%); PC4 (3.8%)。
158,2024-04-02 05:21:00,2024-04-02 05:21:00,1.0,待机,IsolationForest; Mahalanobis; 单变量IQR+3σ; 残差,3611.389,38,Mahalanobis 距离=3611.4（阈值=18.5）。主要贡献特征：PC1 (80.7%); PC3 (13.6%); PC4 (5.7%)。
159,2024-04-02 05:27:00,2024-04-02 05:27:00,1.0,重载牵引,IsolationForest; Mahalanobis; 单变量IQR+3σ; 残差,5.587,38,正常
160,2024-04-02 05:34:00,2024-04-02 05:35:00,2.0,待机,IsolationForest; Mahalanobis; 单变量IQR+3σ; 残差,3981.253,76,Mahalanobis 距离=3981.3（阈值=18.5）。主要贡献特征：PC1 (85.5%); PC4 (13.3%); PC3 (1.2%)。
161,2024-04-02 05:38:00,2024-04-02 05:38:00,1.0,待机,IsolationForest; Mahalanobis; 单变量IQR+3σ; 残差,4169.041,38,Mahalanobis 距离=4169.0（阈值=18.5）。主要贡献特征：PC1 (86.9%); PC4 (12.8%)。
162,2024-04-02 05:40:00,2024-04-02 05:45:00,6.0,待机,IsolationForest; Mahalanobis; 单变量IQR+3σ; 残差,2220.505,228,Mahalanobis 距离=2220.5（阈值=18.5）。主要贡献特征：PC1 (62.7%); PC4 (30.5%); PC3 (6.7%)。
163,2024-04-02 05:51:00,2024-04-02 05:51:00,1.0,重载牵引,IsolationForest; Mahalanobis; 单变量IQR+3σ; 残差,4.697,38,正常
164,2024-04-02 05:57:00,2024-04-02 06:00:00,4.0,待机,IsolationForest; Mahalanobis; 单变量IQR+3σ; 残差,6529.343,152,Mahalanobis 距离=6529.3（阈值=18.5）。主要贡献特征：PC1 (83.9%); PC3 (10.0%); PC4 (6.1%)。
165,2024-04-02 06:05:00,2024-04-02 06:05:00,1.0,待机,IsolationForest; Mahalanobis; 单变量IQR+3σ; 残差,6919.607,38,Mahalanobis 距离=6919.6（阈值=18.5）。主要贡献特征：PC1 (85.0%); PC3 (11.0%); PC4 (4.0%)。
166,2024-04-02 06:08:00,2024-04-02 06:08:00,1.0,重载牵引,IsolationForest; Mahalanobis; 单变量IQR+3σ; 残差,4.339,38,残差异常：采煤机_油泵_右电机_电流 偏高（残差 Z-score=4.3，实际=45.0 vs 预测=16.2）
167,2024-04-02 06:15:00,2024-04-02 06:17:00,3.0,待机,IsolationForest; Mahalanobis; 单变量IQR+3σ; 残差,4196.576,114,Mahalanobis 距离=4196.6（阈值=18.5）。主要贡献特征：PC1 (88.5%); PC3 (10.9%)。
168,2024-04-02 06:26:00,2024-04-02 06:30:00,5.0,待机,IsolationForest; Mahalanobis; 单变量IQR+3σ; 残差,8627.091,190,Mahalanobis 距离=8627.1（阈值=18.5）。主要贡献特征：PC1 (88.2%); PC3 (11.0%)。
169,2024-04-02 06:37:00,2024-04-02 06:42:00,6.0,停机,IsolationForest; Mahalanobis; 单变量IQR+3σ; 残差,1364.319,228,Mahalanobis 距离=1364.3（阈值=18.5）。主要贡献特征：PC1 (76.1%); PC3 (20.8%); PC4 (3.0%)。
170,2024-04-02 06:47:00,2024-04-02 06:48:00,2.0,停机,IsolationForest; Mahalanobis; 单变量IQR+3σ; 残差,2267.395,76,Mahalanobis 距离=2267.4（阈值=18.5）。主要贡献特征：PC1 (89.1%); PC3 (6.1%); PC4 (4.8%)。
171,2024-04-02 06:50:00,2024-04-02 06:51:00,2.0,重载牵引,IsolationForest; Mahalanobis; 单变量IQR+3σ; 残差,3.819,76,正常
172,2024-04-02 06:53:00,2024-04-02 06:53:00,1.0,停机,IsolationForest; Mahalanobis; 单变量IQR+3σ; 残差,1469.613,38,Mahalanobis 距离=1469.6（阈值=18.5）。主要贡献特征：PC1 (69.8%); PC3 (27.1%); PC4 (3.2%)。
173,2024-04-02 07:03:00,2024-04-02 07:03:00,1.0,重载牵引,IsolationForest; Mahalanobis; 单变量IQR+3σ; 残差,3.214,38,正常
174,2024-04-02 07:09:00,2024-04-02 07:09:00,1.0,待机,IsolationForest; Mahalanobis; 单变量IQR+3σ; 残差,3561.798,38,Mahalanobis 距离=3561.8（阈值=18.5）。主要贡献特征：PC1 (63.8%); PC3 (36.1%)。
175,2024-04-02 07:12:00,2024-04-02 07:12:00,1.0,待机,IsolationForest; Mahalanobis; 单变量IQR+3σ; 残差,3824.691,38,Mahalanobis 距离=3824.7（阈值=18.5）。主要贡献特征：PC1 (75.4%); PC3 (24.6%)。
176,2024-04-02 07:20:00,2024-04-02 07:20:00,1.0,待机,IsolationForest; Mahalanobis; 单变量IQR+3σ; 残差,7602.26,38,Mahalanobis 距离=7602.3（阈值=18.5）。主要贡献特征：PC1 (88.5%); PC3 (10.7%)。
177,2024-04-02 07:23:00,2024-04-02 07:24:00,2.0,待机,IsolationForest; Mahalanobis; 单变量IQR+3σ; 残差,6185.367,76,Mahalanobis 距离=6185.4（阈值=18.5）。主要贡献特征：PC1 (97.0%); PC4 (1.6%); PC3 (1.4%)。
178,2024-04-02 07:28:00,2024-04-02 07:28:00,1.0,重载牵引,IsolationForest; Mahalanobis; 单变量IQR+3σ; 残差,2.856,38,正常
179,2024-04-02 07:30:00,2024-04-02 07:30:00,1.0,重载牵引,IsolationForest; Mahalanobis; 单变量IQR+3σ; 残差,3.362,38,正常
180,2024-04-02 07:32:00,2024-04-02 07:32:00,1.0,待机,IsolationForest; Mahalanobis; 单变量IQR+3σ; 残差,3566.318,38,Mahalanobis 距离=3566.3（阈值=18.5）。主要贡献特征：PC1 (78.4%); PC3 (16.7%); PC4 (4.9%)。
181,2024-04-02 07:34:00,2024-04-02 07:34:00,1.0,重载牵引,IsolationForest; Mahalanobis; 单变量IQR+3σ; 残差,5.736,38,正常
182,2024-04-02 07:38:00,2024-04-02 07:39:00,2.0,待机,IsolationForest; Mahalanobis; 单变量IQR+3σ; 残差,3649.548,76,Mahalanobis 距离=3649.5（阈值=18.5）。主要贡献特征：PC1 (81.0%); PC3 (11.1%); PC4 (8.0%)。
183,2024-04-02 07:43:00,2024-04-02 07:47:00,5.0,待机,IsolationForest; Mahalanobis; 单变量IQR+3σ; 残差,2667.29,190,Mahalanobis 距离=2667.3（阈值=18.5）。主要贡献特征：PC1 (71.8%); PC4 (16.5%); PC3 (11.7%)。
184,2024-04-02 07:58:00,2024-04-02 07:58:00,1.0,待机,IsolationForest; Mahalanobis; 单变量IQR+3σ; 残差,18.03,38,正常
185,2024-04-02 08:08:00,2024-04-02 08:11:00,4.0,待机,IsolationForest; Mahalanobis; 单变量IQR+3σ; 残差,2843.543,152,Mahalanobis 距离=2843.5（阈值=18.5）。主要贡献特征：PC1 (76.0%); PC4 (23.2%)。
186,2024-04-02 08:13:00,2024-04-02 08:13:00,1.0,停机,IsolationForest; Mahalanobis; 单变量IQR+3σ; 残差,1945.986,38,Mahalanobis 距离=1946.0（阈值=18.5）。主要贡献特征：PC1 (96.5%); PC4 (3.3%)。
187,2024-04-02 08:16:00,2024-04-02 08:19:00,4.0,停机,IsolationForest; Mahalanobis; 单变量IQR+3σ; 残差,1582.719,152,Mahalanobis 距离=1582.7（阈值=18.5）。主要贡献特征：PC1 (94.2%); PC4 (3.5%); PC3 (2.3%)。
188,2024-04-02 08:22:00,2024-04-02 08:28:00,7.0,待机,IsolationForest; Mahalanobis; 单变量IQR+3σ; 残差,3260.796,266,Mahalanobis 距离=3260.8（阈值=18.5）。主要贡献特征：PC1 (84.3%); PC4 (15.2%)。
189,2024-04-02 08:35:00,2024-04-02 08:35:00,1.0,重载牵引,IsolationForest; Mahalanobis; 单变量IQR+3σ; 残差,6.453,38,正常
190,2024-04-02 08:40:00,2024-04-02 08:41:00,2.0,停机,IsolationForest; Mahalanobis; 单变量IQR+3σ; 残差,1413.37,76,Mahalanobis 距离=1413.4（阈值=18.5）。主要贡献特征：PC1 (90.9%); PC3 (7.1%); PC4 (2.0%)。
191,2024-04-02 08:46:00,2024-04-02 08:46:00,1.0,重载牵引,IsolationForest; Mahalanobis; 单变量IQR+3σ; 残差,3.486,38,残差异常：采煤机_截割部位_右滚筒_电机_电流 偏高（残差 Z-score=3.5，实际=217.0 vs 预测=88.0）
192,2024-04-02 08:54:00,2024-04-02 08:54:00,1.0,待机,IsolationForest; Mahalanobis; 单变量IQR+3σ; 残差,4841.766,38,Mahalanobis 距离=4841.8（阈值=18.5）。主要贡献特征：PC1 (95.8%); PC4 (2.9%); PC3 (1.3%)。
193,2024-04-02 09:00:00,2024-04-02 09:00:00,1.0,停机,IsolationForest; Mahalanobis; 单变量IQR+3σ; 残差,1213.897,38,Mahalanobis 距离=1213.9（阈值=18.5）。主要贡献特征：PC1 (83.1%); PC3 (16.9%)。
194,2024-04-02 09:11:00,2024-04-02 09:11:00,1.0,重载牵引,IsolationForest; Mahalanobis; 单变量IQR+3σ; 残差,5.142,38,正常
195,2024-04-02 09:25:00,2024-04-02 09:26:00,2.0,停机,IsolationForest; Mahalanobis; 单变量IQR+3σ; 残差,2549.831,76,Mahalanobis 距离=2549.8（阈值=18.5）。主要贡献特征：PC1 (92.3%); PC4 (4.1%); PC3 (3.5%)。
196,2024-04-02 09:33:00,2024-04-02 09:36:00,4.0,停机,IsolationForest; Mahalanobis; 单变量IQR+3σ; 残差,1679.43,152,Mahalanobis 距离=1679.4（阈值=18.5）。主要贡献特征：PC1 (72.2%); PC3 (24.4%); PC4 (3.4%)。
197,2024-04-02 09:41:00,2024-04-02 09:43:00,3.0,重载牵引,IsolationForest; Mahalanobis; 单变量IQR+3σ; 残差,4.994,114,正常
198,2024-04-02 09:47:00,2024-04-02 09:47:00,1.0,空载牵引,IsolationForest; Mahalanobis; 单变量IQR+3σ; 残差,4.463,38,残差异常：采煤机_油泵_左电机_电流 偏高（残差 Z-score=4.5，实际=55.0 vs 预测=14.2）
199,2024-04-02 09:50:00,2024-04-02 09:50:00,1.0,重载牵引,IsolationForest; Mahalanobis; 单变量IQR+3σ; 残差,4.697,38,正常
200,2024-04-02 09:54:00,2024-04-02 09:54:00,1.0,待机,IsolationForest; Mahalanobis; 单变量IQR+3σ; 残差,3667.227,38,Mahalanobis 距离=3667.2（阈值=18.5）。主要贡献特征：PC1 (59.7%); PC3 (39.1%); PC4 (1.2%)。
201,2024-04-02 09:56:00,2024-04-02 09:56:00,1.0,重载牵引,IsolationForest; Mahalanobis; 单变量IQR+3σ; 残差,3.519,38,残差异常：采煤机_截割部位_右滚筒_电机_电流 偏高（残差 Z-score=3.5，实际=197.0 vs 预测=66.8）
202,2024-04-02 09:58:00,2024-04-02 09:58:00,1.0,重载牵引,IsolationForest; Mahalanobis; 单变量IQR+3σ; 残差,5.695,38,残差异常：采煤机_油泵_右电机_电流 偏高（残差 Z-score=5.7，实际=55.0 vs 预测=17.2）
203,2024-04-02 10:02:00,2024-04-02 10:02:00,1.0,待机,IsolationForest; Mahalanobis; 单变量IQR+3σ; 残差,4027.568,38,Mahalanobis 距离=4027.6（阈值=18.5）。主要贡献特征：PC1 (75.5%); PC3 (24.3%)。
204,2024-04-02 10:06:00,2024-04-02 10:06:00,1.0,重载牵引,IsolationForest; Mahalanobis; 单变量IQR+3σ; 残差,4.52,38,残差异常：采煤机_油泵_右电机_电流 偏高（残差 Z-score=4.5，实际=47.0 vs 预测=17.0）
205,2024-04-02 10:14:00,2024-04-02 10:14:00,1.0,停机,IsolationForest; Mahalanobis; 单变量IQR+3σ; 残差,1548.689,38,Mahalanobis 距离=1548.7（阈值=18.5）。主要贡献特征：PC1 (86.4%); PC3 (13.5%)。
206,2024-04-02 10:17:00,2024-04-02 10:21:00,5.0,待机,IsolationForest; Mahalanobis; 单变量IQR+3σ; 残差,3872.135,190,Mahalanobis 距离=3872.1（阈值=18.5）。主要贡献特征：PC1 (81.9%); PC3 (17.1%)。
207,2024-04-02 10:33:00,2024-04-02 10:33:00,1.0,重载牵引,IsolationForest; Mahalanobis; 单变量IQR+3σ; 残差,3.631,38,正常
208,2024-04-02 10:43:00,2024-04-02 10:43:00,1.0,重载牵引,IsolationForest; Mahalanobis; 单变量IQR+3σ; 残差,3.676,38,残差异常：采煤机_截割部位_右滚筒_电机_电流 偏高（残差 Z-score=3.7，实际=205.0 vs 预测=69.0）
209,2024-04-02 10:48:00,2024-04-02 10:56:00,9.0,待机,IsolationForest; Mahalanobis; 单变量IQR+3σ; 残差,3674.691,342,Mahalanobis 距离=3674.7（阈值=18.5）。主要贡献特征：PC1 (84.2%); PC4 (11.4%); PC3 (4.4%)。
210,2024-04-02 13:36:00,2024-04-02 13:42:00,7.0,停机,IsolationForest; Mahalanobis; 单变量IQR+3σ; 残差,11499.134,266,Mahalanobis 距离=11499.1（阈值=18.5）。主要贡献特征：PC3 (96.3%); PC1 (3.6%)。
211,2024-04-02 13:50:00,2024-04-02 13:55:00,6.0,停机,IsolationForest; Mahalanobis; 单变量IQR+3σ; 残差,399.673,228,Mahalanobis 距离=399.7（阈值=18.5）。主要贡献特征：PC1 (81.5%); PC3 (9.4%); PC4 (9.1%)。
212,2024-04-02 16:05:00,2024-04-02 16:17:00,13.0,停机,IsolationForest; Mahalanobis; 单变量IQR+3σ; 残差,461.476,494,Mahalanobis 距离=461.5（阈值=18.5）。主要贡献特征：PC1 (80.2%); PC3 (13.4%); PC4 (6.4%)。
213,2024-04-02 16:21:00,2024-04-02 16:41:00,21.0,停机,IsolationForest; Mahalanobis; 单变量IQR+3σ; 残差,1607.014,798,Mahalanobis 距离=1607.0（阈值=18.5）。主要贡献特征：PC1 (94.2%); PC4 (3.8%); PC3 (2.1%)。
214,2024-04-02 16:44:00,2024-04-02 16:44:00,1.0,重载牵引,IsolationForest; Mahalanobis; 单变量IQR+3σ; 残差,4.994,38,正常
215,2024-04-02 16:50:00,2024-04-02 16:54:00,5.0,停机,IsolationForest; Mahalanobis; 单变量IQR+3σ; 残差,3153.073,190,Mahalanobis 距离=3153.1（阈值=18.5）。主要贡献特征：PC1 (82.1%); PC3 (17.4%)。
216,2024-04-02 16:57:00,2024-04-02 17:04:00,8.0,待机,IsolationForest; Mahalanobis; 单变量IQR+3σ; 残差,4575.903,304,Mahalanobis 距离=4575.9（阈值=18.5）。主要贡献特征：PC1 (92.8%); PC3 (6.0%); PC4 (1.3%)。
217,2024-04-02 17:08:00,2024-04-02 17:10:00,3.0,待机,IsolationForest; Mahalanobis; 单变量IQR+3σ; 残差,5208.21,114,Mahalanobis 距离=5208.2（阈值=18.5）。主要贡献特征：PC1 (96.9%); PC3 (2.8%)。
218,2024-04-02 17:15:00,2024-04-02 17:18:00,4.0,重载牵引,IsolationForest; Mahalanobis; 单变量IQR+3σ; 残差,7.313,152,正常
219,2024-04-02 17:20:00,2024-04-02 17:20:00,1.0,停机,IsolationForest; Mahalanobis; 单变量IQR+3σ; 残差,4126.589,38,Mahalanobis 距离=4126.6（阈值=18.5）。主要贡献特征：PC1 (79.6%); PC3 (17.3%); PC4 (3.1%)。
220,2024-04-02 17:23:00,2024-04-02 17:23:00,1.0,重载牵引,IsolationForest; Mahalanobis; 单变量IQR+3σ; 残差,4.549,38,正常
221,2024-04-02 17:36:00,2024-04-02 17:36:00,1.0,重载牵引,IsolationForest; Mahalanobis; 单变量IQR+3σ; 残差,4.309,38,残差异常：采煤机_截割部位_左滚筒_电机_电流 偏高（残差 Z-score=4.3，实际=240.0 vs 预测=66.4）
222,2024-04-02 17:45:00,2024-04-02 17:45:00,1.0,重载牵引,IsolationForest; Mahalanobis; 单变量IQR+3σ; 残差,5.575,38,残差异常：采煤机_油泵_右电机_电流 偏高（残差 Z-score=5.6，实际=54.0 vs 预测=17.0）
223,2024-04-02 17:49:00,2024-04-02 17:49:00,1.0,重载牵引,IsolationForest; Mahalanobis; 单变量IQR+3σ; 残差,6.032,38,正常
224,2024-04-02 17:58:00,2024-04-02 17:58:00,1.0,重载牵引,IsolationForest; Mahalanobis; 单变量IQR+3σ; 残差,3.767,38,残差异常：采煤机_油泵_右电机_电流 偏高（残差 Z-score=3.8，实际=42.0 vs 预测=17.0）
225,2024-04-02 18:00:00,2024-04-02 18:00:00,1.0,重载牵引,IsolationForest; Mahalanobis; 单变量IQR+3σ; 残差,3.49,38,残差异常：采煤机_截割部位_左滚筒_电机_电流 偏高（残差 Z-score=3.5，实际=219.0 vs 预测=78.4）
226,2024-04-02 18:04:00,2024-04-02 18:05:00,2.0,空载牵引,IsolationForest; Mahalanobis; 单变量IQR+3σ; 残差,4.984,76,残差异常：采煤机_破碎机_电机_电流 偏高（残差 Z-score=5.0，实际=63.0 vs 预测=0.0）
227,2024-04-02 18:09:00,2024-04-02 18:10:00,2.0,待机,IsolationForest; Mahalanobis; 单变量IQR+3σ; 残差,3404.82,76,Mahalanobis 距离=3404.8（阈值=18.5）。主要贡献特征：PC1 (80.7%); PC3 (13.4%); PC4 (5.8%)。
228,2024-04-02 18:14:00,2024-04-02 18:14:00,1.0,重载牵引,IsolationForest; Mahalanobis; 单变量IQR+3σ; 残差,3.033,38,残差异常：采煤机_破碎机_电机_电流 偏高（残差 Z-score=3.0，实际=40.0 vs 预测=6.0）
229,2024-04-02 18:17:00,2024-04-02 18:17:00,1.0,重载牵引,IsolationForest; Mahalanobis; 单变量IQR+3σ; 残差,6.961,38,残差异常：采煤机_油泵_右电机_电流 偏高（残差 Z-score=7.0，实际=63.0 vs 预测=16.8）
230,2024-04-02 18:22:00,2024-04-02 18:22:00,1.0,重载牵引,IsolationForest; Mahalanobis; 单变量IQR+3σ; 残差,6.922,38,正常
231,2024-04-02 18:27:00,2024-04-02 18:28:00,2.0,待机,IsolationForest; Mahalanobis; 单变量IQR+3σ; 残差,4476.411,76,Mahalanobis 距离=4476.4（阈值=18.5）。主要贡献特征：PC1 (87.8%); PC4 (12.2%)。
232,2024-04-02 18:30:00,2024-04-02 18:30:00,1.0,停机,IsolationForest; Mahalanobis; 单变量IQR+3σ; 残差,1024.169,38,Mahalanobis 距离=1024.2（阈值=18.5）。主要贡献特征：PC1 (82.8%); PC3 (14.6%); PC4 (2.6%)。
233,2024-04-02 18:56:00,2024-04-02 18:56:00,1.0,重载牵引,IsolationForest; Mahalanobis; 单变量IQR+3σ; 残差,4.821,38,残差异常：采煤机_油泵_右电机_电流 偏高（残差 Z-score=4.8，实际=49.0 vs 预测=17.0）
234,2024-04-02 19:09:00,2024-04-02 19:09:00,1.0,重载牵引,IsolationForest; Mahalanobis; 单变量IQR+3σ; 残差,3.232,38,残差异常：采煤机_截割部位_左滚筒_电机_电流 偏高（残差 Z-score=3.2，实际=226.0 vs 预测=95.8）
235,2024-04-02 19:12:00,2024-04-02 19:12:00,1.0,重载牵引,IsolationForest; Mahalanobis; 单变量IQR+3σ; 残差,4.731,38,残差异常：采煤机_油泵_右电机_电流 偏高（残差 Z-score=4.7，实际=48.0 vs 预测=16.6）
236,2024-04-02 19:31:00,2024-04-02 19:33:00,3.0,停机,IsolationForest; Mahalanobis; 单变量IQR+3σ; 残差,1919.709,114,Mahalanobis 距离=1919.7（阈值=18.5）。主要贡献特征：PC1 (87.0%); PC3 (11.5%); PC4 (1.5%)。
237,2024-04-02 19:37:00,2024-04-02 19:41:00,5.0,停机,IsolationForest; Mahalanobis; 单变量IQR+3σ; 残差,1722.276,190,Mahalanobis 距离=1722.3（阈值=18.5）。主要贡献特征：PC1 (89.9%); PC3 (9.4%)。
238,2024-04-02 19:48:00,2024-04-02 19:49:00,2.0,重载牵引,IsolationForest; Mahalanobis; 单变量IQR+3σ; 残差,34.448,76,Mahalanobis 距离=34.4（阈值=18.5）。主要贡献特征：PC1 (99.9%)。
239,2024-04-02 19:51:00,2024-04-02 19:55:00,5.0,停机,IsolationForest; Mahalanobis; 单变量IQR+3σ; 残差,3478.409,190,Mahalanobis 距离=3478.4（阈值=18.5）。主要贡献特征：PC1 (84.6%); PC3 (15.2%)。
240,2024-04-02 19:59:00,2024-04-02 19:59:00,1.0,重载牵引,IsolationForest; Mahalanobis; 单变量IQR+3σ; 残差,5.291,38,正常
241,2024-04-02 20:01:00,2024-04-02 20:01:00,1.0,停机,IsolationForest; Mahalanobis; 单变量IQR+3σ; 残差,1441.275,38,Mahalanobis 距离=1441.3（阈值=18.5）。主要贡献特征：PC1 (86.9%); PC3 (13.0%)。
242,2024-04-02 20:07:00,2024-04-02 20:08:00,2.0,待机,IsolationForest; Mahalanobis; 单变量IQR+3σ; 残差,4000.131,76,Mahalanobis 距离=4000.1（阈值=18.5）。主要贡献特征：PC1 (89.0%); PC4 (5.8%); PC3 (5.1%)。
243,2024-04-02 20:10:00,2024-04-02 20:11:00,2.0,待机,IsolationForest; Mahalanobis; 单变量IQR+3σ; 残差,3796.998,76,Mahalanobis 距离=3797.0（阈值=18.5）。主要贡献特征：PC1 (85.8%); PC3 (7.4%); PC4 (6.8%)。
244,2024-04-02 20:17:00,2024-04-02 20:18:00,2.0,停机,IsolationForest; Mahalanobis; 单变量IQR+3σ; 残差,1382.72,76,Mahalanobis 距离=1382.7（阈值=18.5）。主要贡献特征：PC1 (91.0%); PC3 (6.6%); PC4 (2.4%)。
245,2024-04-02 20:23:00,2024-04-02 20:25:00,3.0,重载牵引,IsolationForest; Mahalanobis; 单变量IQR+3σ; 残差,4.795,114,残差异常：采煤机_截割部位_左滚筒_电机_电流 偏高（残差 Z-score=4.8，实际=287.0 vs 预测=93.8）
246,2024-04-02 20:28:00,2024-04-02 20:28:00,1.0,重载牵引,IsolationForest; Mahalanobis; 单变量IQR+3σ; 残差,4.324,38,正常
247,2024-04-02 20:32:00,2024-04-02 20:32:00,1.0,重载牵引,IsolationForest; Mahalanobis; 单变量IQR+3σ; 残差,6.909,38,正常
248,2024-04-02 20:39:00,2024-04-02 20:41:00,3.0,停机,IsolationForest; Mahalanobis; 单变量IQR+3σ; 残差,1849.685,114,Mahalanobis 距离=1849.7（阈值=18.5）。主要贡献特征：PC1 (96.4%); PC3 (2.4%); PC4 (1.2%)。
249,2024-04-02 20:43:00,2024-04-02 20:43:00,1.0,重载牵引,IsolationForest; Mahalanobis; 单变量IQR+3σ; 残差,4.902,38,正常
250,2024-04-02 20:54:00,2024-04-02 20:56:00,3.0,待机,IsolationForest; Mahalanobis; 单变量IQR+3σ; 残差,7075.485,114,Mahalanobis 距离=7075.5（阈值=18.5）。主要贡献特征：PC1 (92.9%); PC3 (6.3%)。
251,2024-04-02 20:58:00,2024-04-02 20:59:00,2.0,待机,IsolationForest; Mahalanobis; 单变量IQR+3σ; 残差,6057.032,76,Mahalanobis 距离=6057.0（阈值=18.5）。主要贡献特征：PC1 (99.7%)。
252,2024-04-02 21:02:00,2024-04-02 21:02:00,1.0,重载牵引,IsolationForest; Mahalanobis; 单变量IQR+3σ; 残差,3.122,38,残差异常：采煤机_破碎机_电机_电流 偏高（残差 Z-score=3.1，实际=35.0 vs 预测=0.0）
253,2024-04-02 21:04:00,2024-04-02 21:04:00,1.0,待机,IsolationForest; Mahalanobis; 单变量IQR+3σ; 残差,4640.149,38,Mahalanobis 距离=4640.1（阈值=18.5）。主要贡献特征：PC1 (90.9%); PC3 (9.1%)。
254,2024-04-02 21:08:00,2024-04-02 21:11:00,4.0,重载牵引,IsolationForest; Mahalanobis; 单变量IQR+3σ; 残差,5.671,152,正常
255,2024-04-02 21:14:00,2024-04-02 21:15:00,2.0,重载牵引,IsolationForest; Mahalanobis; 单变量IQR+3σ; 残差,4.077,76,正常
256,2024-04-02 21:20:00,2024-04-02 21:20:00,1.0,停机,IsolationForest; Mahalanobis; 单变量IQR+3σ; 残差,1623.995,38,Mahalanobis 距离=1624.0（阈值=18.5）。主要贡献特征：PC1 (73.6%); PC3 (23.1%); PC4 (3.3%)。
257,2024-04-02 21:24:00,2024-04-02 21:24:00,1.0,重载牵引,IsolationForest; Mahalanobis; 单变量IQR+3σ; 残差,3.131,38,残差异常：采煤机_油泵_左电机_电流 偏高（残差 Z-score=3.1，实际=39.0 vs 预测=16.2）
258,2024-04-02 21:42:00,2024-04-02 21:42:00,1.0,待机,IsolationForest; Mahalanobis; 单变量IQR+3σ; 残差,5181.904,38,Mahalanobis 距离=5181.9（阈值=18.5）。主要贡献特征：PC1 (96.8%); PC3 (3.1%)。
259,2024-04-02 21:45:00,2024-04-02 21:49:00,5.0,停机,IsolationForest; Mahalanobis; 单变量IQR+3σ; 残差,2399.906,190,Mahalanobis 距离=2399.9（阈值=18.5）。主要贡献特征：PC1 (99.6%)。
260,2024-04-02 21:52:00,2024-04-02 21:52:00,1.0,重载牵引,IsolationForest; Mahalanobis; 单变量IQR+3σ; 残差,4.038,38,残差异常：采煤机_油泵_右电机_电流 偏高（残差 Z-score=4.0，实际=43.0 vs 预测=16.2）
261,2024-04-02 21:59:00,2024-04-02 22:02:00,4.0,停机,IsolationForest; Mahalanobis; 单变量IQR+3σ; 残差,1611.77,152,Mahalanobis 距离=1611.8（阈值=18.5）。主要贡献特征：PC1 (95.6%); PC3 (3.7%)。
262,2024-04-02 22:14:00,2024-04-02 22:16:00,3.0,停机,IsolationForest; Mahalanobis; 单变量IQR+3σ; 残差,368.158,114,Mahalanobis 距离=368.2（阈值=18.5）。主要贡献特征：PC1 (78.6%); PC3 (18.4%); PC4 (3.1%)。
263,2024-04-02 22:22:00,2024-04-02 22:22:00,1.0,停机,IsolationForest; Mahalanobis; 单变量IQR+3σ; 残差,1604.248,38,Mahalanobis 距离=1604.2（阈值=18.5）。主要贡献特征：PC1 (94.2%); PC3 (4.1%); PC4 (1.7%)。
264,2024-04-02 22:24:00,2024-04-02 22:25:00,2.0,待机,IsolationForest; Mahalanobis; 单变量IQR+3σ; 残差,3639.298,76,Mahalanobis 距离=3639.3（阈值=18.5）。主要贡献特征：PC1 (82.7%); PC4 (9.7%); PC3 (7.6%)。
265,2024-04-02 22:30:00,2024-04-02 22:30:00,1.0,重载牵引,IsolationForest; Mahalanobis; 单变量IQR+3σ; 残差,4.987,38,正常
266,2024-04-02 22:32:00,2024-04-02 22:34:00,3.0,重载牵引,IsolationForest; Mahalanobis; 单变量IQR+3σ; 残差,4.697,114,正常
267,2024-04-02 22:49:00,2024-04-02 22:50:00,2.0,停机,IsolationForest; Mahalanobis; 单变量IQR+3σ; 残差,1390.101,76,Mahalanobis 距离=1390.1（阈值=18.5）。主要贡献特征：PC1 (93.1%); PC3 (5.0%); PC4 (1.9%)。
268,2024-04-02 22:54:00,2024-04-02 22:54:00,1.0,重载牵引,IsolationForest; Mahalanobis; 单变量IQR+3σ; 残差,7.209,38,正常
269,2024-04-02 22:58:00,2024-04-02 22:58:00,1.0,重载牵引,IsolationForest; Mahalanobis; 单变量IQR+3σ; 残差,4.12,38,残差异常：采煤机_油泵_左电机_电流 偏高（残差 Z-score=4.1，实际=46.0 vs 预测=16.0）
270,2024-04-02 23:06:00,2024-04-02 23:06:00,1.0,重载牵引,IsolationForest; Mahalanobis; 单变量IQR+3σ; 残差,5.142,38,正常
271,2024-04-02 23:08:00,2024-04-02 23:09:00,2.0,重载牵引,IsolationForest; Mahalanobis; 单变量IQR+3σ; 残差,4.366,76,正常
272,2024-04-02 23:13:00,2024-04-02 23:18:00,6.0,待机,IsolationForest; Mahalanobis; 单变量IQR+3σ; 残差,8417.375,228,Mahalanobis 距离=8417.4（阈值=18.5）。主要贡献特征：PC1 (88.2%); PC3 (11.8%)。
273,2024-04-02 23:24:00,2024-04-02 23:24:00,1.0,重载牵引,IsolationForest; Mahalanobis; 单变量IQR+3σ; 残差,5.038,38,残差异常：采煤机_截割部位_左滚筒_电机_电流 偏高（残差 Z-score=5.0，实际=277.0 vs 预测=74.0）
274,2024-04-02 23:34:00,2024-04-02 23:36:00,3.0,停机,IsolationForest; Mahalanobis; 单变量IQR+3σ; 残差,1524.844,114,Mahalanobis 距离=1524.8（阈值=18.5）。主要贡献特征：PC1 (70.7%); PC3 (26.4%); PC4 (2.8%)。
275,2024-04-02 23:39:00,2024-04-02 23:45:00,7.0,待机,IsolationForest; Mahalanobis; 单变量IQR+3σ; 残差,2710.309,266,Mahalanobis 距离=2710.3（阈值=18.5）。主要贡献特征：PC1 (55.7%); PC3 (40.9%); PC4 (3.4%)。
276,2024-04-02 23:47:00,2024-04-02 23:47:00,1.0,停机,IsolationForest; Mahalanobis; 单变量IQR+3σ; 残差,1374.55,38,Mahalanobis 距离=1374.5（阈值=18.5）。主要贡献特征：PC1 (66.8%); PC3 (29.5%); PC4 (3.7%)。
277,2024-04-02 23:52:00,2024-04-02 23:52:00,1.0,重载牵引,IsolationForest; Mahalanobis; 单变量IQR+3σ; 残差,4.312,38,正常
278,2024-04-02 23:56:00,2024-04-02 23:57:00,2.0,待机,IsolationForest; Mahalanobis; 单变量IQR+3σ; 残差,3808.354,76,Mahalanobis 距离=3808.4（阈值=18.5）。主要贡献特征：PC1 (70.2%); PC3 (29.5%)。
279,2024-04-03 00:04:00,2024-04-03 00:05:00,2.0,停机,IsolationForest; Mahalanobis; 单变量IQR+3σ; 残差,1427.278,76,Mahalanobis 距离=1427.3（阈值=18.5）。主要贡献特征：PC1 (78.0%); PC3 (21.4%)。
280,2024-04-03 00:09:00,2024-04-03 00:11:00,3.0,待机,IsolationForest; Mahalanobis; 单变量IQR+3σ; 残差,3713.676,114,Mahalanobis 距离=3713.7（阈值=18.5）。主要贡献特征：PC1 (69.6%); PC3 (30.4%)。
281,2024-04-03 00:13:00,2024-04-03 00:59:00,47.0,待机,IsolationForest; Mahalanobis; 单变量IQR+3σ; 残差,3617.847,1786,Mahalanobis 距离=3617.8（阈值=18.5）。主要贡献特征：PC1 (82.1%); PC4 (12.6%); PC3 (5.3%)。
282,2024-04-03 01:01:00,2024-04-03 01:15:00,15.0,重载牵引,IsolationForest; Mahalanobis; 单变量IQR+3σ; 残差,3.222,570,单变量异常：采煤机_截割部位_左滚筒_电机_温度（z-score=3.2，实际=94.0，均值=72.2±6.8）
283,2024-04-03 01:23:00,2024-04-03 01:23:00,1.0,待机,IsolationForest; Mahalanobis; 单变量IQR+3σ; 残差,4887.536,38,Mahalanobis 距离=4887.5（阈值=18.5）。主要贡献特征：PC1 (94.0%); PC4 (6.0%)。
284,2024-04-03 01:26:00,2024-04-03 01:26:00,1.0,重载牵引,IsolationForest; Mahalanobis; 单变量IQR+3σ; 残差,7.798,38,正常
285,2024-04-03 01:28:00,2024-04-03 01:28:00,1.0,待机,IsolationForest; Mahalanobis; 单变量IQR+3σ; 残差,12164.152,38,Mahalanobis 距离=12164.2（阈值=18.5）。主要贡献特征：PC3 (59.1%); PC1 (39.7%); PC4 (1.2%)。
286,2024-04-03 01:30:00,2024-04-03 01:32:00,3.0,待机,IsolationForest; Mahalanobis; 单变量IQR+3σ; 残差,4104.525,114,Mahalanobis 距离=4104.5（阈值=18.5）。主要贡献特征：PC1 (89.2%); PC3 (8.4%); PC4 (2.3%)。
287,2024-04-03 01:34:00,2024-04-03 01:36:00,3.0,待机,IsolationForest; Mahalanobis; 单变量IQR+3σ; 残差,3797.718,114,Mahalanobis 距离=3797.7（阈值=18.5）。主要贡献特征：PC1 (82.7%); PC3 (15.4%); PC4 (1.8%)。
288,2024-04-03 01:39:00,2024-04-03 01:39:00,1.0,重载牵引,IsolationForest; Mahalanobis; 单变量IQR+3σ; 残差,3.437,38,残差异常：采煤机_牵引部位_右电机_电流 偏高（残差 Z-score=3.4，实际=186.0 vs 预测=82.0）
289,2024-04-03 01:42:00,2024-04-03 01:43:00,2.0,停机,IsolationForest; Mahalanobis; 单变量IQR+3σ; 残差,1394.273,76,Mahalanobis 距离=1394.3（阈值=18.5）。主要贡献特征：PC1 (84.0%); PC3 (16.0%)。
290,2024-04-03 01:46:00,2024-04-03 01:46:00,1.0,待机,IsolationForest; Mahalanobis; 单变量IQR+3σ; 残差,4644.227,38,Mahalanobis 距离=4644.2（阈值=18.5）。主要贡献特征：PC1 (93.5%); PC3 (4.8%); PC4 (1.7%)。
291,2024-04-03 01:49:00,2024-04-03 01:49:00,1.0,待机,IsolationForest; Mahalanobis; 单变量IQR+3σ; 残差,3555.544,38,Mahalanobis 距离=3555.5（阈值=18.5）。主要贡献特征：PC1 (73.2%); PC3 (25.3%); PC4 (1.5%)。
292,2024-04-03 01:51:00,2024-04-03 01:51:00,1.0,待机,IsolationForest; Mahalanobis; 单变量IQR+3σ; 残差,3598.039,38,Mahalanobis 距离=3598.0（阈值=18.5）。主要贡献特征：PC1 (75.0%); PC3 (23.6%); PC4 (1.5%)。
293,2024-04-03 01:56:00,2024-04-03 01:56:00,1.0,待机,IsolationForest; Mahalanobis; 单变量IQR+3σ; 残差,3730.038,38,Mahalanobis 距离=3730.0（阈值=18.5）。主要贡献特征：PC1 (79.8%); PC3 (18.8%); PC4 (1.5%)。
294,2024-04-03 01:59:00,2024-04-03 02:08:00,10.0,待机,IsolationForest; Mahalanobis; 单变量IQR+3σ; 残差,5388.347,380,Mahalanobis 距离=5388.3（阈值=18.5）。主要贡献特征：PC1 (98.1%); PC3 (1.2%)。
295,2024-04-03 02:13:00,2024-04-03 02:13:00,1.0,停机,IsolationForest; Mahalanobis; 单变量IQR+3σ; 残差,2159.837,38,Mahalanobis 距离=2159.8（阈值=18.5）。主要贡献特征：PC1 (95.2%); PC3 (4.3%)。
296,2024-04-03 02:15:00,2024-04-03 02:15:00,1.0,待机,IsolationForest; Mahalanobis; 单变量IQR+3σ; 残差,4120.994,38,Mahalanobis 距离=4121.0（阈值=18.5）。主要贡献特征：PC1 (80.6%); PC3 (19.4%)。
297,2024-04-03 02:31:00,2024-04-03 02:31:00,1.0,待机,IsolationForest; Mahalanobis; 单变量IQR+3σ; 残差,4887.682,38,Mahalanobis 距离=4887.7（阈值=18.5）。主要贡献特征：PC1 (86.6%); PC3 (13.0%)。
298,2024-04-03 02:39:00,2024-04-03 02:39:00,1.0,待机,IsolationForest; Mahalanobis; 单变量IQR+3σ; 残差,7421.768,38,Mahalanobis 距离=7421.8（阈值=18.5）。主要贡献特征：PC1 (97.8%); PC4 (1.6%)。
299,2024-04-03 02:42:00,2024-04-03 02:42:00,1.0,重载牵引,IsolationForest; Mahalanobis; 单变量IQR+3σ; 残差,3.214,38,正常
300,2024-04-03 02:50:00,2024-04-03 02:50:00,1.0,重载牵引,IsolationForest; Mahalanobis; 单变量IQR+3σ; 残差,1.837,38,正常
301,2024-04-03 02:52:00,2024-04-03 02:52:00,1.0,待机,IsolationForest; Mahalanobis; 单变量IQR+3σ; 残差,3643.62,38,Mahalanobis 距离=3643.6（阈值=18.5）。主要贡献特征：PC1 (59.1%); PC3 (39.7%); PC4 (1.2%)。
302,2024-04-03 02:56:00,2024-04-03 03:11:00,16.0,待机,IsolationForest; Mahalanobis; 单变量IQR+3σ; 残差,3202.98,608,Mahalanobis 距离=3203.0（阈值=18.5）。主要贡献特征：PC1 (51.1%); PC3 (47.0%); PC4 (2.0%)。
303,2024-04-03 03:23:00,2024-04-03 03:23:00,1.0,待机,IsolationForest; Mahalanobis; 单变量IQR+3σ; 残差,3839.176,38,Mahalanobis 距离=3839.2（阈值=18.5）。主要贡献特征：PC1 (73.6%); PC3 (26.4%)。
304,2024-04-03 03:26:00,2024-04-03 03:28:00,3.0,待机,IsolationForest; Mahalanobis; 单变量IQR+3σ; 残差,4074.465,114,Mahalanobis 距离=4074.5（阈值=18.5）。主要贡献特征：PC1 (79.8%); PC3 (20.2%)。
305,2024-04-03 03:37:00,2024-04-03 03:41:00,5.0,停机,IsolationForest; Mahalanobis; 单变量IQR+3σ; 残差,2544.421,190,Mahalanobis 距离=2544.4（阈值=18.5）。主要贡献特征：PC1 (98.9%)。
306,2024-04-03 03:45:00,2024-04-03 03:46:00,2.0,停机,IsolationForest; Mahalanobis; 单变量IQR+3σ; 残差,1676.031,76,Mahalanobis 距离=1676.0（阈值=18.5）。主要贡献特征：PC1 (88.4%); PC3 (11.4%)。
307,2024-04-03 03:51:00,2024-04-03 03:51:00,1.0,重载牵引,IsolationForest; Mahalanobis; 单变量IQR+3σ; 残差,3.438,38,残差异常：采煤机_截割部位_右滚筒_电机_电流 偏高（残差 Z-score=3.4，实际=209.0 vs 预测=81.8）
308,2024-04-03 03:54:00,2024-04-03 03:54:00,1.0,重载牵引,IsolationForest; Mahalanobis; 单变量IQR+3σ; 残差,3.584,38,正常
309,2024-04-03 03:57:00,2024-04-03 04:01:00,5.0,重载牵引,IsolationForest; Mahalanobis; 单变量IQR+3σ; 残差,3.772,190,单变量异常：采煤机_截割部位_左滚筒_电机_电流（z-score=3.8，实际=256.0，均值=95.4±42.6）
310,2024-04-03 04:10:00,2024-04-03 04:10:00,1.0,待机,IsolationForest; Mahalanobis; 单变量IQR+3σ; 残差,3659.622,38,Mahalanobis 距离=3659.6（阈值=18.5）。主要贡献特征：PC1 (81.8%); PC4 (12.8%); PC3 (5.5%)。
311,2024-04-03 04:20:00,2024-04-03 04:20:00,1.0,停机,IsolationForest; Mahalanobis; 单变量IQR+3σ; 残差,1563.094,38,Mahalanobis 距离=1563.1（阈值=18.5）。主要贡献特征：PC1 (93.6%); PC3 (3.2%); PC4 (3.2%)。
312,2024-04-03 04:27:00,2024-04-03 04:27:00,1.0,待机,IsolationForest; Mahalanobis; 单变量IQR+3σ; 残差,3972.023,38,Mahalanobis 距离=3972.0（阈值=18.5）。主要贡献特征：PC1 (87.4%); PC4 (9.8%); PC3 (2.8%)。
313,2024-04-03 04:33:00,2024-04-03 04:34:00,2.0,待机,IsolationForest; Mahalanobis; 单变量IQR+3σ; 残差,4086.445,76,Mahalanobis 距离=4086.4（阈值=18.5）。主要贡献特征：PC1 (89.6%); PC4 (7.2%); PC3 (3.2%)。
314,2024-04-03 04:38:00,2024-04-03 04:38:00,1.0,重载牵引,IsolationForest; Mahalanobis; 单变量IQR+3σ; 残差,4.846,38,正常
315,2024-04-03 04:43:00,2024-04-03 04:43:00,1.0,重载牵引,IsolationForest; Mahalanobis; 单变量IQR+3σ; 残差,4.549,38,正常
316,2024-04-03 05:00:00,2024-04-03 05:00:00,1.0,待机,IsolationForest; Mahalanobis; 单变量IQR+3σ; 残差,3996.627,38,Mahalanobis 距离=3996.6（阈值=18.5）。主要贡献特征：PC1 (76.8%); PC3 (23.2%)。
317,2024-04-03 05:05:00,2024-04-03 05:16:00,12.0,重载牵引,IsolationForest; Mahalanobis; 单变量IQR+3σ; 残差,9.588,456,正常
318,2024-04-03 05:18:00,2024-04-03 05:18:00,1.0,重载牵引,IsolationForest; Mahalanobis; 单变量IQR+3σ; 残差,4.476,38,正常
319,2024-04-03 05:20:00,2024-04-03 05:21:00,2.0,待机,IsolationForest; Mahalanobis; 单变量IQR+3σ; 残差,5136.417,76,Mahalanobis 距离=5136.4（阈值=18.5）。主要贡献特征：PC1 (83.4%); PC3 (14.2%); PC4 (2.4%)。
320,2024-04-03 05:23:00,2024-04-03 05:23:00,1.0,停机,IsolationForest; Mahalanobis; 单变量IQR+3σ; 残差,2064.88,38,Mahalanobis 距离=2064.9（阈值=18.5）。主要贡献特征：PC1 (84.3%); PC3 (12.0%); PC4 (3.7%)。
321,2024-04-03 05:28:00,2024-04-03 05:28:00,1.0,重载牵引,IsolationForest; Mahalanobis; 单变量IQR+3σ; 残差,6.15,38,残差异常：采煤机_截割部位_左滚筒_电机_电流 偏高（残差 Z-score=6.2，实际=330.0 vs 预测=82.2）
322,2024-04-03 05:32:00,2024-04-03 05:34:00,3.0,重载牵引,IsolationForest; Mahalanobis; 单变量IQR+3σ; 残差,4.923,114,单变量异常：采煤机_截割部位_左滚筒_电机_电流（z-score=4.9，实际=305.0，均值=95.4±42.6）
323,2024-04-03 05:46:00,2024-04-03 05:46:00,1.0,重载牵引,IsolationForest; Mahalanobis; 单变量IQR+3σ; 残差,5.364,38,残差异常：采煤机_油泵_右电机_电流 偏高（残差 Z-score=5.4，实际=53.0 vs 预测=17.4）
324,2024-04-03 05:50:00,2024-04-03 05:52:00,3.0,重载牵引,IsolationForest; Mahalanobis; 单变量IQR+3σ; 残差,1.892,114,单变量异常：采煤机_油泵_右电机_电流（z-score=1.9，实际=31.0，均值=18.6±6.6）
325,2024-04-03 06:04:00,2024-04-03 06:04:00,1.0,重载牵引,IsolationForest; Mahalanobis; 单变量IQR+3σ; 残差,6.87,38,残差异常：采煤机_油泵_右电机_电流 偏高（残差 Z-score=6.9，实际=63.0 vs 预测=17.4）
326,2024-04-03 06:11:00,2024-04-03 06:11:00,1.0,重载牵引,IsolationForest; Mahalanobis; 单变量IQR+3σ; 残差,5.424,38,残差异常：采煤机_油泵_右电机_电流 偏高（残差 Z-score=5.4，实际=53.0 vs 预测=17.0）
327,2024-04-03 06:14:00,2024-04-03 06:14:00,1.0,重载牵引,IsolationForest; Mahalanobis; 单变量IQR+3σ; 残差,6.909,38,正常
328,2024-04-03 06:20:00,2024-04-03 06:21:00,2.0,重载牵引,IsolationForest; Mahalanobis; 单变量IQR+3σ; 残差,6.75,76,残差异常：采煤机_油泵_右电机_电流 偏高（残差 Z-score=6.7，实际=62.0 vs 预测=17.2）
329,2024-04-03 06:25:00,2024-04-03 06:25:00,1.0,停机,IsolationForest; Mahalanobis; 单变量IQR+3σ; 残差,3380.229,38,Mahalanobis 距离=3380.2（阈值=18.5）。主要贡献特征：PC1 (78.0%); PC3 (19.9%); PC4 (2.1%)。
330,2024-04-03 06:42:00,2024-04-03 06:42:00,1.0,重载牵引,IsolationForest; Mahalanobis; 单变量IQR+3σ; 残差,3.45,38,残差异常：采煤机_截割部位_左滚筒_电机_电流 偏高（残差 Z-score=3.4，实际=219.0 vs 预测=80.0）
331,2024-04-03 06:48:00,2024-04-03 06:48:00,1.0,待机,IsolationForest; Mahalanobis; 单变量IQR+3σ; 残差,4011.744,38,Mahalanobis 距离=4011.7（阈值=18.5）。主要贡献特征：PC1 (78.5%); PC3 (21.5%)。
332,2024-04-03 06:53:00,2024-04-03 06:53:00,1.0,重载牵引,IsolationForest; Mahalanobis; 单变量IQR+3σ; 残差,5.906,38,残差异常：采煤机_油泵_右电机_电流 偏高（残差 Z-score=5.9，实际=57.0 vs 预测=17.8）
333,2024-04-03 06:56:00,2024-04-03 06:56:00,1.0,重载牵引,IsolationForest; Mahalanobis; 单变量IQR+3σ; 残差,3.005,38,残差异常：采煤机_截割部位_右滚筒_电机_电流 偏高（残差 Z-score=3.0，实际=203.0 vs 预测=91.8）
334,2024-04-03 06:58:00,2024-04-03 07:01:00,4.0,待机,IsolationForest; Mahalanobis; 单变量IQR+3σ; 残差,8993.603,152,Mahalanobis 距离=8993.6（阈值=18.5）。主要贡献特征：PC1 (90.6%); PC3 (6.7%); PC4 (2.6%)。
335,2024-04-03 07:03:00,2024-04-03 07:03:00,1.0,重载牵引,IsolationForest; Mahalanobis; 单变量IQR+3σ; 残差,4.626,38,残差异常：采煤机_截割部位_左滚筒_电机_电流 偏高（残差 Z-score=4.6，实际=267.0 vs 预测=80.6）
336,2024-04-03 07:05:00,2024-04-03 07:06:00,2.0,停机,IsolationForest; Mahalanobis; 单变量IQR+3σ; 残差,1008.113,76,Mahalanobis 距离=1008.1（阈值=18.5）。主要贡献特征：PC1 (58.2%); PC3 (39.2%); PC4 (2.7%)。
337,2024-04-03 07:12:00,2024-04-03 07:12:00,1.0,重载牵引,IsolationForest; Mahalanobis; 单变量IQR+3σ; 残差,3.797,38,残差异常：采煤机_截割部位_左滚筒_电机_电流 偏高（残差 Z-score=3.8，实际=236.0 vs 预测=83.0）
338,2024-04-03 07:28:00,2024-04-03 07:28:00,1.0,待机,IsolationForest; Mahalanobis; 单变量IQR+3σ; 残差,4427.634,38,Mahalanobis 距离=4427.6（阈值=18.5）。主要贡献特征：PC1 (85.0%); PC3 (15.0%)。
339,2024-04-03 07:35:00,2024-04-03 07:36:00,2.0,待机,IsolationForest; Mahalanobis; 单变量IQR+3σ; 残差,4031.664,76,Mahalanobis 距离=4031.7（阈值=18.5）。主要贡献特征：PC1 (84.1%); PC3 (15.0%)。
340,2024-04-03 07:39:00,2024-04-03 07:44:00,6.0,停机,IsolationForest; Mahalanobis; 单变量IQR+3σ; 残差,2063.836,228,Mahalanobis 距离=2063.8（阈值=18.5）。主要贡献特征：PC1 (97.4%); PC3 (2.5%)。
341,2024-04-03 07:50:00,2024-04-03 07:52:00,3.0,待机,IsolationForest; Mahalanobis; 单变量IQR+3σ; 残差,4696.751,114,Mahalanobis 距离=4696.8（阈值=18.5）。主要贡献特征：PC1 (94.3%); PC4 (3.2%); PC3 (2.4%)。
342,2024-04-03 07:55:00,2024-04-03 08:12:00,18.0,待机,IsolationForest; Mahalanobis; 单变量IQR+3σ; 残差,3990.608,684,Mahalanobis 距离=3990.6（阈值=18.5）。主要贡献特征：PC1 (86.0%); PC4 (12.8%); PC3 (1.1%)。
343,2024-04-03 08:15:00,2024-04-03 08:15:00,1.0,重载牵引,IsolationForest; Mahalanobis; 单变量IQR+3σ; 残差,6.301,38,正常
344,2024-04-03 08:20:00,2024-04-03 08:21:00,2.0,待机,IsolationForest; Mahalanobis; 单变量IQR+3σ; 残差,4442.862,76,Mahalanobis 距离=4442.9（阈值=18.5）。主要贡献特征：PC1 (86.6%); PC4 (13.3%)。
345,2024-04-03 08:27:00,2024-04-03 08:31:00,5.0,待机,IsolationForest; Mahalanobis; 单变量IQR+3σ; 残差,5402.333,190,Mahalanobis 距离=5402.3（阈值=18.5）。主要贡献特征：PC1 (89.4%); PC4 (8.4%); PC3 (2.2%)。
346,2024-04-03 08:33:00,2024-04-03 08:37:00,5.0,停机,IsolationForest; Mahalanobis; 单变量IQR+3σ; 残差,2105.299,190,Mahalanobis 距离=2105.3（阈值=18.5）。主要贡献特征：PC1 (99.0%)。
347,2024-04-03 08:41:00,2024-04-03 08:41:00,1.0,待机,IsolationForest; Mahalanobis; 单变量IQR+3σ; 残差,4719.515,38,Mahalanobis 距离=4719.5（阈值=18.5）。主要贡献特征：PC1 (94.2%); PC4 (4.5%); PC3 (1.2%)。
348,2024-04-03 08:44:00,2024-04-03 08:44:00,1.0,待机,IsolationForest; Mahalanobis; 单变量IQR+3σ; 残差,4332.371,38,Mahalanobis 距离=4332.4（阈值=18.5）。主要贡献特征：PC1 (91.8%); PC3 (4.3%); PC4 (3.9%)。
349,2024-04-03 08:50:00,2024-04-03 08:52:00,3.0,停机,IsolationForest; Mahalanobis; 单变量IQR+3σ; 残差,2012.935,114,Mahalanobis 距离=2012.9（阈值=18.5）。主要贡献特征：PC1 (96.8%); PC3 (3.2%)。
350,2024-04-03 08:59:00,2024-04-03 08:59:00,1.0,重载牵引,IsolationForest; Mahalanobis; 单变量IQR+3σ; 残差,6.355,38,正常
351,2024-04-03 09:05:00,2024-04-03 09:09:00,5.0,待机,IsolationForest; Mahalanobis; 单变量IQR+3σ; 残差,4747.454,190,Mahalanobis 距离=4747.5（阈值=18.5）。主要贡献特征：PC1 (89.5%); PC3 (10.5%)。
352,2024-04-03 09:11:00,2024-04-03 09:12:00,2.0,待机,IsolationForest; Mahalanobis; 单变量IQR+3σ; 残差,3522.84,76,Mahalanobis 距离=3522.8（阈值=18.5）。主要贡献特征：PC1 (65.5%); PC3 (34.5%)。
353,2024-04-03 09:21:00,2024-04-03 09:21:00,1.0,重载牵引,IsolationForest; Mahalanobis; 单变量IQR+3σ; 残差,5.736,38,正常
354,2024-04-03 09:24:00,2024-04-03 09:31:00,8.0,停机,IsolationForest; Mahalanobis; 单变量IQR+3σ; 残差,2071.973,304,Mahalanobis 距离=2072.0（阈值=18.5）。主要贡献特征：PC1 (88.5%); PC3 (9.5%); PC4 (2.0%)。
355,2024-04-03 09:34:00,2024-04-03 09:34:00,1.0,重载牵引,IsolationForest; Mahalanobis; 单变量IQR+3σ; 残差,11.13,38,正常
356,2024-04-03 09:36:00,2024-04-03 09:36:00,1.0,重载牵引,IsolationForest; Mahalanobis; 单变量IQR+3σ; 残差,3.303,38,正常
357,2024-04-03 09:42:00,2024-04-03 09:42:00,1.0,重载牵引,IsolationForest; Mahalanobis; 单变量IQR+3σ; 残差,3.852,38,残差异常：采煤机_截割部位_左滚筒_电机_电流 偏高（残差 Z-score=3.9，实际=232.0 vs 预测=76.8）
358,2024-04-03 09:44:00,2024-04-03 09:44:00,1.0,重载牵引,IsolationForest; Mahalanobis; 单变量IQR+3σ; 残差,4.701,38,残差异常：采煤机_油泵_右电机_电流 偏高（残差 Z-score=4.7，实际=48.0 vs 预测=16.8）
359,2024-04-03 09:47:00,2024-04-03 10:07:00,21.0,待机,IsolationForest; Mahalanobis; 单变量IQR+3σ; 残差,6088.652,798,Mahalanobis 距离=6088.7（阈值=18.5）。主要贡献特征：PC1 (95.0%); PC3 (3.3%); PC4 (1.6%)。
360,2024-04-03 13:59:00,2024-04-03 14:07:00,9.0,待机,IsolationForest; Mahalanobis; 单变量IQR+3σ; 残差,3500.589,342,Mahalanobis 距离=3500.6（阈值=18.5）。主要贡献特征：PC3 (66.0%); PC1 (33.2%)。
361,2024-04-03 15:26:00,2024-04-03 15:32:00,7.0,停机,IsolationForest; Mahalanobis; 单变量IQR+3σ; 残差,449.219,266,Mahalanobis 距离=449.2（阈值=18.5）。主要贡献特征：PC3 (48.6%); PC1 (47.1%); PC4 (4.3%)。
362,2024-04-03 15:49:00,2024-04-03 15:50:00,2.0,待机,IsolationForest; Mahalanobis; 单变量IQR+3σ; 残差,27.458,76,Mahalanobis 距离=27.5（阈值=18.5）。主要贡献特征：PC3 (55.3%); PC4 (44.5%)。
363,2024-04-03 16:05:00,2024-04-03 16:09:00,5.0,停机,IsolationForest; Mahalanobis; 单变量IQR+3σ; 残差,360.132,190,Mahalanobis 距离=360.1（阈值=18.5）。主要贡献特征：PC3 (51.2%); PC1 (42.2%); PC4 (6.6%)。
364,2024-04-03 16:25:00,2024-04-03 16:45:00,21.0,停机,IsolationForest; Mahalanobis; 单变量IQR+3σ; 残差,374.585,798,Mahalanobis 距离=374.6（阈值=18.5）。主要贡献特征：PC3 (50.7%); PC1 (43.1%); PC4 (6.1%)。
365,2024-04-03 16:53:00,2024-04-03 16:53:00,1.0,重载牵引,IsolationForest; Mahalanobis; 单变量IQR+3σ; 残差,3.013,38,残差异常：采煤机_油泵_右电机_电流 偏高（残差 Z-score=3.0，实际=37.0 vs 预测=17.0）
366,2024-04-03 16:55:00,2024-04-03 16:58:00,4.0,停机,IsolationForest; Mahalanobis; 单变量IQR+3σ; 残差,2339.634,152,Mahalanobis 距离=2339.6（阈值=18.5）。主要贡献特征：PC1 (99.4%)。
367,2024-04-03 17:04:00,2024-04-03 17:17:00,14.0,待机,IsolationForest; Mahalanobis; 单变量IQR+3σ; 残差,3474.952,532,Mahalanobis 距离=3475.0（阈值=18.5）。主要贡献特征：PC1 (77.9%); PC3 (17.3%); PC4 (4.8%)。
368,2024-04-03 17:27:00,2024-04-03 17:27:00,1.0,重载牵引,IsolationForest; Mahalanobis; 单变量IQR+3σ; 残差,5.439,38,正常
369,2024-04-03 17:30:00,2024-04-03 17:30:00,1.0,待机,IsolationForest; Mahalanobis; 单变量IQR+3σ; 残差,3939.502,38,Mahalanobis 距离=3939.5（阈值=18.5）。主要贡献特征：PC1 (85.5%); PC4 (11.3%); PC3 (3.2%)。
370,2024-04-03 17:38:00,2024-04-03 17:41:00,4.0,待机,IsolationForest; Mahalanobis; 单变量IQR+3σ; 残差,4433.447,152,Mahalanobis 距离=4433.4（阈值=18.5）。主要贡献特征：PC1 (86.0%); PC4 (13.8%)。
371,2024-04-03 17:44:00,2024-04-03 17:44:00,1.0,重载牵引,IsolationForest; Mahalanobis; 单变量IQR+3σ; 残差,2.157,38,正常
372,2024-04-03 17:57:00,2024-04-03 18:01:00,5.0,停机,IsolationForest; Mahalanobis; 单变量IQR+3σ; 残差,2169.893,190,Mahalanobis 距离=2169.9（阈值=18.5）。主要贡献特征：PC1 (99.1%)。
373,2024-04-03 18:17:00,2024-04-03 18:19:00,3.0,停机,IsolationForest; Mahalanobis; 单变量IQR+3σ; 残差,372.368,114,Mahalanobis 距离=372.4（阈值=18.5）。主要贡献特征：PC1 (74.0%); PC3 (25.3%)。
374,2024-04-03 18:27:00,2024-04-03 18:28:00,2.0,停机,IsolationForest; Mahalanobis; 单变量IQR+3σ; 残差,2152.405,76,Mahalanobis 距离=2152.4（阈值=18.5）。主要贡献特征：PC1 (99.1%)。
375,2024-04-03 18:34:00,2024-04-03 18:35:00,2.0,停机,IsolationForest; Mahalanobis; 单变量IQR+3σ; 残差,2188.813,76,Mahalanobis 距离=2188.8（阈值=18.5）。主要贡献特征：PC1 (97.0%); PC3 (2.3%)。
376,2024-04-03 18:39:00,2024-04-03 18:41:00,3.0,停机,IsolationForest; Mahalanobis; 单变量IQR+3σ; 残差,1267.111,114,Mahalanobis 距离=1267.1（阈值=18.5）。主要贡献特征：PC1 (76.7%); PC3 (22.4%)。
377,2024-04-03 18:49:00,2024-04-03 18:49:00,1.0,待机,IsolationForest; Mahalanobis; 单变量IQR+3σ; 残差,7284.566,38,Mahalanobis 距离=7284.6（阈值=18.5）。主要贡献特征：PC1 (98.4%); PC4 (1.5%)。
378,2024-04-03 18:51:00,2024-04-03 18:51:00,1.0,重载牵引,IsolationForest; Mahalanobis; 单变量IQR+3σ; 残差,4.697,38,正常
379,2024-04-03 18:54:00,2024-04-03 18:54:00,1.0,重载牵引,IsolationForest; Mahalanobis; 单变量IQR+3σ; 残差,3.078,38,残差异常：采煤机_截割部位_左滚筒_电机_电流 偏高（残差 Z-score=3.1，实际=211.0 vs 预测=87.0）
380,2024-04-03 19:05:00,2024-04-03 19:05:00,1.0,重载牵引,IsolationForest; Mahalanobis; 单变量IQR+3σ; 残差,4.612,38,残差异常：采煤机_截割部位_左滚筒_电机_电流 偏高（残差 Z-score=4.6，实际=258.0 vs 预测=72.2）
381,2024-04-03 19:14:00,2024-04-03 19:14:00,1.0,重载牵引,IsolationForest; Mahalanobis; 单变量IQR+3σ; 残差,5.394,38,残差异常：采煤机_油泵_右电机_电流 偏高（残差 Z-score=5.4，实际=53.0 vs 预测=17.2）
382,2024-04-03 19:18:00,2024-04-03 19:21:00,4.0,停机,IsolationForest; Mahalanobis; 单变量IQR+3σ; 残差,1349.757,152,Mahalanobis 距离=1349.8（阈值=18.5）。主要贡献特征：PC1 (74.0%); PC3 (24.8%); PC4 (1.2%)。
383,2024-04-03 19:23:00,2024-04-03 19:23:00,1.0,重载牵引,IsolationForest; Mahalanobis; 单变量IQR+3σ; 残差,12.866,38,正常
384,2024-04-03 19:26:00,2024-04-03 19:26:00,1.0,待机,IsolationForest; Mahalanobis; 单变量IQR+3σ; 残差,4734.477,38,Mahalanobis 距离=4734.5（阈值=18.5）。主要贡献特征：PC1 (89.3%); PC3 (10.7%)。
385,2024-04-03 19:29:00,2024-04-03 19:29:00,1.0,停机,IsolationForest; Mahalanobis; 单变量IQR+3σ; 残差,2086.305,38,Mahalanobis 距离=2086.3（阈值=18.5）。主要贡献特征：PC1 (93.4%); PC3 (5.8%)。
386,2024-04-03 19:33:00,2024-04-03 19:33:00,1.0,停机,IsolationForest; Mahalanobis; 单变量IQR+3σ; 残差,985.219,38,Mahalanobis 距离=985.2（阈值=18.5）。主要贡献特征：PC1 (70.6%); PC3 (29.0%)。
387,2024-04-03 19:40:00,2024-04-03 19:40:00,1.0,重载牵引,IsolationForest; Mahalanobis; 单变量IQR+3σ; 残差,4.03,38,正常
388,2024-04-03 20:03:00,2024-04-03 20:05:00,3.0,待机,IsolationForest; Mahalanobis; 单变量IQR+3σ; 残差,3720.459,114,Mahalanobis 距离=3720.5（阈值=18.5）。主要贡献特征：PC1 (82.9%); PC4 (9.2%); PC3 (7.9%)。
389,2024-04-03 20:11:00,2024-04-03 20:12:00,2.0,重载牵引,IsolationForest; Mahalanobis; 单变量IQR+3σ; 残差,6.605,76,正常
390,2024-04-03 20:23:00,2024-04-03 20:23:00,1.0,重载牵引,IsolationForest; Mahalanobis; 单变量IQR+3σ; 残差,4.549,38,正常
391,2024-04-03 20:26:00,2024-04-03 20:26:00,1.0,待机,IsolationForest; Mahalanobis; 单变量IQR+3σ; 残差,5093.083,38,Mahalanobis 距离=5093.1（阈值=18.5）。主要贡献特征：PC1 (89.9%); PC4 (9.6%)。
392,2024-04-03 20:33:00,2024-04-03 20:35:00,3.0,待机,IsolationForest; Mahalanobis; 单变量IQR+3σ; 残差,6327.205,114,Mahalanobis 距离=6327.2（阈值=18.5）。主要贡献特征：PC1 (91.9%); PC4 (4.2%); PC3 (3.9%)。
393,2024-04-03 20:40:00,2024-04-03 20:40:00,1.0,重载牵引,IsolationForest; Mahalanobis; 单变量IQR+3σ; 残差,2.679,38,正常
394,2024-04-03 20:42:00,2024-04-03 20:42:00,1.0,待机,IsolationForest; Mahalanobis; 单变量IQR+3σ; 残差,4037.794,38,Mahalanobis 距离=4037.8（阈值=18.5）。主要贡献特征：PC1 (84.5%); PC3 (12.8%); PC4 (2.7%)。
395,2024-04-03 20:50:00,2024-04-03 20:51:00,2.0,停机,IsolationForest; Mahalanobis; 单变量IQR+3σ; 残差,1298.914,76,Mahalanobis 距离=1298.9（阈值=18.5）。主要贡献特征：PC1 (85.9%); PC3 (13.9%)。
396,2024-04-03 20:53:00,2024-04-03 20:57:00,5.0,待机,IsolationForest; Mahalanobis; 单变量IQR+3σ; 残差,3218.82,190,Mahalanobis 距离=3218.8（阈值=18.5）。主要贡献特征：PC1 (86.4%); PC3 (9.6%); PC4 (3.9%)。
397,2024-04-03 21:00:00,2024-04-03 21:00:00,1.0,重载牵引,IsolationForest; Mahalanobis; 单变量IQR+3σ; 残差,3.713,38,残差异常：采煤机_截割部位_左滚筒_电机_电流 偏高（残差 Z-score=3.7，实际=207.0 vs 预测=57.4）
398,2024-04-03 21:03:00,2024-04-03 21:07:00,5.0,停机,IsolationForest; Mahalanobis; 单变量IQR+3σ; 残差,2421.604,190,Mahalanobis 距离=2421.6（阈值=18.5）。主要贡献特征：PC1 (100.0%)。
399,2024-04-03 21:36:00,2024-04-03 21:43:00,8.0,停机,IsolationForest; Mahalanobis; 单变量IQR+3σ; 残差,1578.434,304,Mahalanobis 距离=1578.4（阈值=18.5）。主要贡献特征：PC1 (96.3%); PC3 (3.7%)。
400,2024-04-03 21:45:00,2024-04-03 21:45:00,1.0,待机,IsolationForest; Mahalanobis; 单变量IQR+3σ; 残差,6278.357,38,Mahalanobis 距离=6278.4（阈值=18.5）。主要贡献特征：PC1 (96.1%); PC3 (3.3%)。
401,2024-04-03 21:48:00,2024-04-03 21:48:00,1.0,重载牵引,IsolationForest; Mahalanobis; 单变量IQR+3σ; 残差,3.001,38,正常
402,2024-04-03 21:55:00,2024-04-03 21:56:00,2.0,待机,IsolationForest; Mahalanobis; 单变量IQR+3σ; 残差,4773.73,76,Mahalanobis 距离=4773.7（阈值=18.5）。主要贡献特征：PC1 (88.3%); PC3 (11.7%)。
403,2024-04-03 22:00:00,2024-04-03 22:00:00,1.0,重载牵引,IsolationForest; Mahalanobis; 单变量IQR+3σ; 残差,4.672,38,正常
404,2024-04-03 22:05:00,2024-04-03 22:05:00,1.0,重载牵引,IsolationForest; Mahalanobis; 单变量IQR+3σ; 残差,3.683,38,残差异常：采煤机_截割部位_左滚筒_电机_电流 偏高（残差 Z-score=3.7，实际=226.0 vs 预测=77.6）
405,2024-04-03 22:11:00,2024-04-03 22:11:00,1.0,重载牵引,IsolationForest; Mahalanobis; 单变量IQR+3σ; 残差,6.177,38,残差异常：采煤机_油泵_右电机_电流 偏高（残差 Z-score=6.2，实际=58.0 vs 预测=17.0）
406,2024-04-03 22:16:00,2024-04-03 22:16:00,1.0,重载牵引,IsolationForest; Mahalanobis; 单变量IQR+3σ; 残差,4.85,38,残差异常：采煤机_截割部位_左滚筒_电机_电流 偏高（残差 Z-score=4.8，实际=291.0 vs 预测=95.6）
407,2024-04-03 22:18:00,2024-04-03 22:18:00,1.0,停机,IsolationForest; Mahalanobis; 单变量IQR+3σ; 残差,978.889,38,Mahalanobis 距离=978.9（阈值=18.5）。主要贡献特征：PC1 (57.3%); PC3 (40.1%); PC4 (2.6%)。
408,2024-04-03 22:23:00,2024-04-03 22:23:00,1.0,待机,IsolationForest; Mahalanobis; 单变量IQR+3σ; 残差,4451.204,38,Mahalanobis 距离=4451.2（阈值=18.5）。主要贡献特征：PC1 (78.3%); PC3 (20.8%)。
409,2024-04-03 22:29:00,2024-04-03 22:33:00,5.0,待机,IsolationForest; Mahalanobis; 单变量IQR+3σ; 残差,3631.702,190,Mahalanobis 距离=3631.7（阈值=18.5）。主要贡献特征：PC1 (65.3%); PC3 (34.6%)。
410,2024-04-03 22:37:00,2024-04-03 22:37:00,1.0,重载牵引,IsolationForest; Mahalanobis; 单变量IQR+3σ; 残差,1.742,38,正常
411,2024-04-03 22:40:00,2024-04-03 22:40:00,1.0,重载牵引,IsolationForest; Mahalanobis; 单变量IQR+3σ; 残差,4.821,38,残差异常：采煤机_油泵_右电机_电流 偏高（残差 Z-score=4.8，实际=49.0 vs 预测=17.0）
412,2024-04-03 22:44:00,2024-04-03 22:45:00,2.0,待机,IsolationForest; Mahalanobis; 单变量IQR+3σ; 残差,3854.837,76,Mahalanobis 距离=3854.8（阈值=18.5）。主要贡献特征：PC1 (82.4%); PC3 (16.1%); PC4 (1.6%)。
413,2024-04-03 22:47:00,2024-04-03 22:52:00,6.0,停机,IsolationForest; Mahalanobis; 单变量IQR+3σ; 残差,1063.249,228,Mahalanobis 距离=1063.2（阈值=18.5）。主要贡献特征：PC1 (76.8%); PC3 (23.1%)。
414,2024-04-03 22:55:00,2024-04-03 22:55:00,1.0,重载牵引,IsolationForest; Mahalanobis; 单变量IQR+3σ; 残差,3.03,38,残差异常：采煤机_牵引部位_左电机_电压 偏高（残差 Z-score=3.0，实际=940.0 vs 预测=856.0）
415,2024-04-03 23:01:00,2024-04-03 23:02:00,2.0,停机,IsolationForest; Mahalanobis; 单变量IQR+3σ; 残差,1251.128,76,Mahalanobis 距离=1251.1（阈值=18.5）。主要贡献特征：PC1 (86.5%); PC3 (12.5%); PC4 (1.0%)。
416,2024-04-03 23:04:00,2024-04-03 23:04:00,1.0,待机,IsolationForest; Mahalanobis; 单变量IQR+3σ; 残差,3971.218,38,Mahalanobis 距离=3971.2（阈值=18.5）。主要贡献特征：PC1 (87.1%); PC4 (8.3%); PC3 (4.7%)。
417,2024-04-03 23:09:00,2024-04-03 23:09:00,1.0,重载牵引,IsolationForest; Mahalanobis; 单变量IQR+3σ; 残差,3.174,38,残差异常：采煤机_牵引部位_左电机_电压 偏高（残差 Z-score=3.2，实际=960.0 vs 预测=872.0）
418,2024-04-03 23:19:00,2024-04-03 23:19:00,1.0,重载牵引,IsolationForest; Mahalanobis; 单变量IQR+3σ; 残差,4.249,38,残差异常：采煤机_油泵_右电机_电流 偏高（残差 Z-score=4.2，实际=46.0 vs 预测=17.8）
419,2024-04-03 23:24:00,2024-04-03 23:24:00,1.0,重载牵引,IsolationForest; Mahalanobis; 单变量IQR+3σ; 残差,5.439,38,正常
420,2024-04-03 23:27:00,2024-04-03 23:32:00,6.0,待机,IsolationForest; Mahalanobis; 单变量IQR+3σ; 残差,31293.949,228,Mahalanobis 距离=31293.9（阈值=18.5）。主要贡献特征：PC3 (94.0%); PC1 (5.7%)。
421,2024-04-03 23:49:00,2024-04-03 23:50:00,2.0,停机,IsolationForest; Mahalanobis; 单变量IQR+3σ; 残差,2163.229,76,Mahalanobis 距离=2163.2（阈值=18.5）。主要贡献特征：PC1 (96.7%); PC3 (3.0%)。
422,2024-04-03 23:52:00,2024-04-03 23:53:00,2.0,停机,IsolationForest; Mahalanobis; 单变量IQR+3σ; 残差,1536.193,76,Mahalanobis 距离=1536.2（阈值=18.5）。主要贡献特征：PC1 (91.2%); PC3 (8.2%)。
423,2024-04-03 23:55:00,2024-04-03 23:59:00,5.0,停机,IsolationForest; Mahalanobis; 单变量IQR+3σ; 残差,1944.889,190,Mahalanobis 距离=1944.9（阈值=18.5）。主要贡献特征：PC1 (93.7%); PC3 (5.8%)。
424,2024-04-04 00:01:00,2024-04-04 00:05:00,5.0,停机,IsolationForest; Mahalanobis; 单变量IQR+3σ; 残差,3137.328,190,Mahalanobis 距离=3137.3（阈值=18.5）。主要贡献特征：PC1 (93.6%); PC3 (5.5%)。
425,2024-04-04 00:12:00,2024-04-04 00:16:00,5.0,待机,IsolationForest; Mahalanobis; 单变量IQR+3σ; 残差,6658.455,190,Mahalanobis 距离=6658.5（阈值=18.5）。主要贡献特征：PC1 (99.2%)。
426,2024-04-04 00:18:00,2024-04-04 00:23:00,6.0,待机,IsolationForest; Mahalanobis; 单变量IQR+3σ; 残差,4593.541,228,Mahalanobis 距离=4593.5（阈值=18.5）。主要贡献特征：PC1 (77.6%); PC3 (21.6%)。
427,2024-04-04 00:25:00,2024-04-04 00:26:00,2.0,停机,IsolationForest; Mahalanobis; 单变量IQR+3σ; 残差,3632.089,76,Mahalanobis 距离=3632.1（阈值=18.5）。主要贡献特征：PC1 (90.6%); PC3 (4.7%); PC4 (4.7%)。
428,2024-04-04 00:30:00,2024-04-04 00:30:00,1.0,重载牵引,IsolationForest; Mahalanobis; 单变量IQR+3σ; 残差,4.55,38,残差异常：采煤机_油泵_右电机_电流 偏高（残差 Z-score=4.6，实际=47.0 vs 预测=16.8）
429,2024-04-04 00:32:00,2024-04-04 00:34:00,3.0,停机,IsolationForest; Mahalanobis; 单变量IQR+3σ; 残差,1234.918,114,Mahalanobis 距离=1234.9（阈值=18.5）。主要贡献特征：PC1 (64.7%); PC3 (31.6%); PC4 (3.6%)。
430,2024-04-04 00:38:00,2024-04-04 00:38:00,1.0,重载牵引,IsolationForest; Mahalanobis; 单变量IQR+3σ; 残差,3.847,38,残差异常：采煤机_截割部位_左滚筒_电机_电流 偏高（残差 Z-score=3.8，实际=256.0 vs 预测=101.0）
431,2024-04-04 00:40:00,2024-04-04 00:43:00,4.0,停机,IsolationForest; Mahalanobis; 单变量IQR+3σ; 残差,1081.548,152,Mahalanobis 距离=1081.5（阈值=18.5）。主要贡献特征：PC1 (59.3%); PC3 (37.6%); PC4 (3.1%)。
432,2024-04-04 01:07:00,2024-04-04 01:10:00,4.0,待机,IsolationForest; Mahalanobis; 单变量IQR+3σ; 残差,3792.685,152,Mahalanobis 距离=3792.7（阈值=18.5）。主要贡献特征：PC1 (74.1%); PC3 (25.5%)。
433,2024-04-04 01:12:00,2024-04-04 01:12:00,1.0,停机,IsolationForest; Mahalanobis; 单变量IQR+3σ; 残差,1483.792,38,Mahalanobis 距离=1483.8（阈值=18.5）。主要贡献特征：PC1 (81.8%); PC3 (18.1%)。
434,2024-04-04 01:30:00,2024-04-04 01:30:00,1.0,停机,IsolationForest; Mahalanobis; 单变量IQR+3σ; 残差,966.438,38,Mahalanobis 距离=966.4（阈值=18.5）。主要贡献特征：PC1 (82.2%); PC3 (16.9%)。
435,2024-04-04 01:35:00,2024-04-04 01:35:00,1.0,待机,IsolationForest; Mahalanobis; 单变量IQR+3σ; 残差,4310.162,38,Mahalanobis 距离=4310.2（阈值=18.5）。主要贡献特征：PC1 (89.3%); PC4 (9.5%); PC3 (1.2%)。
436,2024-04-04 01:38:00,2024-04-04 01:41:00,4.0,待机,IsolationForest; Mahalanobis; 单变量IQR+3σ; 残差,4329.787,152,Mahalanobis 距离=4329.8（阈值=18.5）。主要贡献特征：PC1 (88.0%); PC4 (11.2%)。
437,2024-04-04 01:43:00,2024-04-04 01:43:00,1.0,空载牵引,IsolationForest; Mahalanobis; 单变量IQR+3σ; 残差,3.635,38,正常
438,2024-04-04 01:45:00,2024-04-04 01:46:00,2.0,待机,IsolationForest; Mahalanobis; 单变量IQR+3σ; 残差,4411.852,76,Mahalanobis 距离=4411.9（阈值=18.5）。主要贡献特征：PC1 (87.0%); PC4 (12.9%)。
439,2024-04-04 01:49:00,2024-04-04 01:49:00,1.0,空载牵引,IsolationForest; Mahalanobis; 单变量IQR+3σ; 残差,5.869,38,正常
440,2024-04-04 01:58:00,2024-04-04 01:58:00,1.0,重载牵引,IsolationForest; Mahalanobis; 单变量IQR+3σ; 残差,4.846,38,正常
441,2024-04-04 02:01:00,2024-04-04 03:42:00,102.0,待机,IsolationForest; Mahalanobis; 单变量IQR+3σ; 残差,4903.46,3876,Mahalanobis 距离=4903.5（阈值=18.5）。主要贡献特征：PC1 (82.1%); PC4 (10.8%); PC3 (7.0%)。
442,2024-04-04 03:50:00,2024-04-04 03:52:00,3.0,重载牵引,IsolationForest; Mahalanobis; 单变量IQR+3σ; 残差,3.88,114,单变量异常：采煤机_截割部位_右滚筒_电机_电流（z-score=3.9，实际=242.0，均值=91.5±38.8）
443,2024-04-04 03:54:00,2024-04-04 03:54:00,1.0,重载牵引,IsolationForest; Mahalanobis; 单变量IQR+3σ; 残差,4.846,38,正常
444,2024-04-04 03:57:00,2024-04-04 04:04:00,8.0,待机,IsolationForest; Mahalanobis; 单变量IQR+3σ; 残差,3467.68,304,Mahalanobis 距离=3467.7（阈值=18.5）。主要贡献特征：PC1 (83.8%); PC3 (16.0%)。
445,2024-04-04 04:10:00,2024-04-04 04:16:00,7.0,待机,IsolationForest; Mahalanobis; 单变量IQR+3σ; 残差,5630.089,266,Mahalanobis 距离=5630.1（阈值=18.5）。主要贡献特征：PC1 (97.8%); PC3 (2.2%)。
446,2024-04-04 04:29:00,2024-04-04 04:33:00,5.0,停机,IsolationForest; Mahalanobis; 单变量IQR+3σ; 残差,380.11,190,Mahalanobis 距离=380.1（阈值=18.5）。主要贡献特征：PC1 (54.3%); PC3 (43.4%); PC4 (2.3%)。
447,2024-04-04 04:35:00,2024-04-04 04:35:00,1.0,重载牵引,IsolationForest; Mahalanobis; 单变量IQR+3σ; 残差,5.142,38,正常
448,2024-04-04 04:39:00,2024-04-04 04:39:00,1.0,停机,IsolationForest; Mahalanobis; 单变量IQR+3σ; 残差,2909.361,38,Mahalanobis 距离=2909.4（阈值=18.5）。主要贡献特征：PC1 (96.4%); PC4 (3.3%)。
449,2024-04-04 04:43:00,2024-04-04 04:44:00,2.0,待机,IsolationForest; Mahalanobis; 单变量IQR+3σ; 残差,7455.878,76,Mahalanobis 距离=7455.9（阈值=18.5）。主要贡献特征：PC1 (96.9%); PC4 (2.9%)。
450,2024-04-04 04:48:00,2024-04-04 04:48:00,1.0,待机,IsolationForest; Mahalanobis; 单变量IQR+3σ; 残差,3411.124,38,Mahalanobis 距离=3411.1（阈值=18.5）。主要贡献特征：PC1 (56.6%); PC3 (41.0%); PC4 (2.4%)。
451,2024-04-04 04:50:00,2024-04-04 04:50:00,1.0,重载牵引,IsolationForest; Mahalanobis; 单变量IQR+3σ; 残差,5.27,38,正常
452,2024-04-04 04:58:00,2024-04-04 04:58:00,1.0,重载牵引,IsolationForest; Mahalanobis; 单变量IQR+3σ; 残差,5.439,38,正常
453,2024-04-04 05:03:00,2024-04-04 05:03:00,1.0,重载牵引,IsolationForest; Mahalanobis; 单变量IQR+3σ; 残差,1.835,38,正常
454,2024-04-04 05:12:00,2024-04-04 05:12:00,1.0,停机,IsolationForest; Mahalanobis; 单变量IQR+3σ; 残差,1582.579,38,Mahalanobis 距离=1582.6（阈值=18.5）。主要贡献特征：PC1 (88.5%); PC3 (11.5%)。
455,2024-04-04 05:19:00,2024-04-04 05:20:00,2.0,停机,IsolationForest; Mahalanobis; 单变量IQR+3σ; 残差,1427.4,76,Mahalanobis 距离=1427.4（阈值=18.5）。主要贡献特征：PC1 (89.0%); PC3 (10.0%); PC4 (1.1%)。
456,2024-04-04 05:25:00,2024-04-04 05:25:00,1.0,重载牵引,IsolationForest; Mahalanobis; 单变量IQR+3σ; 残差,6.207,38,残差异常：采煤机_油泵_右电机_电流 偏高（残差 Z-score=6.2，实际=59.0 vs 预测=17.8）
457,2024-04-04 05:37:00,2024-04-04 05:37:00,1.0,重载牵引,IsolationForest; Mahalanobis; 单变量IQR+3σ; 残差,5.484,38,残差异常：采煤机_油泵_右电机_电流 偏高（残差 Z-score=5.5，实际=54.0 vs 预测=17.6）
458,2024-04-04 05:41:00,2024-04-04 05:41:00,1.0,待机,IsolationForest; Mahalanobis; 单变量IQR+3σ; 残差,5653.598,38,Mahalanobis 距离=5653.6（阈值=18.5）。主要贡献特征：PC1 (83.3%); PC4 (11.6%); PC3 (5.1%)。
459,2024-04-04 05:56:00,2024-04-04 05:56:00,1.0,停机,IsolationForest; Mahalanobis; 单变量IQR+3σ; 残差,1572.287,38,Mahalanobis 距离=1572.3（阈值=18.5）。主要贡献特征：PC1 (94.2%); PC3 (5.5%)。
460,2024-04-04 06:01:00,2024-04-04 06:01:00,1.0,重载牵引,IsolationForest; Mahalanobis; 单变量IQR+3σ; 残差,3.983,38,正常
461,2024-04-04 06:06:00,2024-04-04 06:06:00,1.0,重载牵引,IsolationForest; Mahalanobis; 单变量IQR+3σ; 残差,3.983,38,正常
462,2024-04-04 06:14:00,2024-04-04 06:14:00,1.0,重载牵引,IsolationForest; Mahalanobis; 单变量IQR+3σ; 残差,3.288,38,正常
463,2024-04-04 06:18:00,2024-04-04 06:20:00,3.0,重载牵引,IsolationForest; Mahalanobis; 单变量IQR+3σ; 残差,4.948,114,正常
464,2024-04-04 06:24:00,2024-04-04 06:24:00,1.0,空载牵引,IsolationForest; Mahalanobis; 单变量IQR+3σ; 残差,3.957,38,正常
465,2024-04-04 06:29:00,2024-04-04 06:29:00,1.0,重载牵引,IsolationForest; Mahalanobis; 单变量IQR+3σ; 残差,3.285,38,残差异常：采煤机_油泵_右电机_电流 偏高（残差 Z-score=3.3，实际=39.0 vs 预测=17.2）
466,2024-04-04 06:31:00,2024-04-04 06:31:00,1.0,重载牵引,IsolationForest; Mahalanobis; 单变量IQR+3σ; 残差,4.104,38,正常
467,2024-04-04 06:36:00,2024-04-04 06:36:00,1.0,重载牵引,IsolationForest; Mahalanobis; 单变量IQR+3σ; 残差,6.922,38,正常
468,2024-04-04 06:55:00,2024-04-04 06:55:00,1.0,重载牵引,IsolationForest; Mahalanobis; 单变量IQR+3σ; 残差,3.122,38,残差异常：采煤机_破碎机_电机_电流 偏高（残差 Z-score=3.1，实际=35.0 vs 预测=0.0）
469,2024-04-04 06:58:00,2024-04-04 06:58:00,1.0,待机,IsolationForest; Mahalanobis; 单变量IQR+3σ; 残差,3635.34,38,Mahalanobis 距离=3635.3（阈值=18.5）。主要贡献特征：PC1 (71.2%); PC3 (28.6%)。
470,2024-04-04 07:02:00,2024-04-04 07:03:00,2.0,重载牵引,IsolationForest; Mahalanobis; 单变量IQR+3σ; 残差,6.922,76,正常
471,2024-04-04 07:05:00,2024-04-04 07:05:00,1.0,待机,IsolationForest; Mahalanobis; 单变量IQR+3σ; 残差,3674.057,38,Mahalanobis 距离=3674.1（阈值=18.5）。主要贡献特征：PC1 (73.4%); PC3 (25.1%); PC4 (1.5%)。
472,2024-04-04 07:14:00,2024-04-04 07:14:00,1.0,待机,IsolationForest; Mahalanobis; 单变量IQR+3σ; 残差,4274.539,38,Mahalanobis 距离=4274.5（阈值=18.5）。主要贡献特征：PC1 (90.7%); PC3 (5.2%); PC4 (4.2%)。
473,2024-04-04 07:21:00,2024-04-04 07:26:00,6.0,停机,IsolationForest; Mahalanobis; 单变量IQR+3σ; 残差,2243.666,228,Mahalanobis 距离=2243.7（阈值=18.5）。主要贡献特征：PC1 (99.0%)。
474,2024-04-04 07:36:00,2024-04-04 07:37:00,2.0,待机,IsolationForest; Mahalanobis; 单变量IQR+3σ; 残差,4254.498,76,Mahalanobis 距离=4254.5（阈值=18.5）。主要贡献特征：PC1 (86.9%); PC4 (12.6%)。
475,2024-04-04 07:39:00,2024-04-04 07:39:00,1.0,重载牵引,IsolationForest; Mahalanobis; 单变量IQR+3σ; 残差,4.104,38,正常
476,2024-04-04 07:43:00,2024-04-04 07:43:00,1.0,停机,IsolationForest; Mahalanobis; 单变量IQR+3σ; 残差,1700.579,38,Mahalanobis 距离=1700.6（阈值=18.5）。主要贡献特征：PC1 (95.3%); PC4 (2.9%); PC3 (1.8%)。
477,2024-04-04 07:55:00,2024-04-04 07:55:00,1.0,重载牵引,IsolationForest; Mahalanobis; 单变量IQR+3σ; 残差,3.214,38,正常
478,2024-04-04 08:04:00,2024-04-04 08:07:00,4.0,停机,IsolationForest; Mahalanobis; 单变量IQR+3σ; 残差,1461.949,152,Mahalanobis 距离=1461.9（阈值=18.5）。主要贡献特征：PC1 (91.6%); PC3 (8.1%)。
479,2024-04-04 08:09:00,2024-04-04 08:20:00,12.0,待机,IsolationForest; Mahalanobis; 单变量IQR+3σ; 残差,360.001,456,Mahalanobis 距离=360.0（阈值=18.5）。主要贡献特征：PC4 (66.9%); PC3 (21.2%); PC1 (11.0%)。
480,2024-04-04 08:23:00,2024-04-04 08:29:00,7.0,停机,IsolationForest; Mahalanobis; 单变量IQR+3σ; 残差,2006.322,266,Mahalanobis 距离=2006.3（阈值=18.5）。主要贡献特征：PC1 (96.8%); PC3 (3.2%)。
481,2024-04-04 08:34:00,2024-04-04 08:36:00,3.0,待机,IsolationForest; Mahalanobis; 单变量IQR+3σ; 残差,4809.729,114,Mahalanobis 距离=4809.7（阈值=18.5）。主要贡献特征：PC1 (94.4%); PC3 (4.7%)。
482,2024-04-04 08:44:00,2024-04-04 08:50:00,7.0,待机,IsolationForest; Mahalanobis; 单变量IQR+3σ; 残差,3066.329,266,Mahalanobis 距离=3066.3（阈值=18.5）。主要贡献特征：PC1 (64.2%); PC3 (35.2%)。
483,2024-04-04 08:52:00,2024-04-04 08:54:00,3.0,停机,IsolationForest; Mahalanobis; 单变量IQR+3σ; 残差,269.902,114,Mahalanobis 距离=269.9（阈值=18.5）。主要贡献特征：PC3 (50.3%); PC1 (42.5%); PC4 (7.2%)。
484,2024-04-04 08:58:00,2024-04-04 09:12:00,15.0,待机,IsolationForest; Mahalanobis; 单变量IQR+3σ; 残差,2836.889,570,Mahalanobis 距离=2836.9（阈值=18.5）。主要贡献特征：PC3 (69.4%); PC1 (30.0%)。
485,2024-04-04 13:11:00,2024-04-04 14:01:00,51.0,停机,IsolationForest; Mahalanobis; 单变量IQR+3σ; 残差,10750.156,1938,Mahalanobis 距离=10750.2（阈值=18.5）。主要贡献特征：PC3 (90.8%); PC1 (8.8%)。
486,2024-04-04 14:11:00,2024-04-04 14:16:00,6.0,停机,IsolationForest; Mahalanobis; 单变量IQR+3σ; 残差,573.199,228,Mahalanobis 距离=573.2（阈值=18.5）。主要贡献特征：PC1 (55.3%); PC3 (42.7%); PC4 (2.0%)。
487,2024-04-04 14:30:00,2024-04-04 14:34:00,5.0,停机,IsolationForest; Mahalanobis; 单变量IQR+3σ; 残差,397.885,190,Mahalanobis 距离=397.9（阈值=18.5）。主要贡献特征：PC1 (49.4%); PC3 (46.9%); PC4 (3.7%)。
488,2024-04-04 14:43:00,2024-04-04 14:49:00,7.0,停机,IsolationForest; Mahalanobis; 单变量IQR+3σ; 残差,500.981,266,Mahalanobis 距离=501.0（阈值=18.5）。主要贡献特征：PC1 (53.3%); PC3 (44.0%); PC4 (2.6%)。
489,2024-04-04 15:08:00,2024-04-04 15:19:00,12.0,待机,IsolationForest; Mahalanobis; 单变量IQR+3σ; 残差,3297.084,456,Mahalanobis 距离=3297.1（阈值=18.5）。主要贡献特征：PC1 (69.0%); PC3 (30.6%)。
490,2024-04-04 15:32:00,2024-04-04 16:05:00,34.0,待机,IsolationForest; Mahalanobis; 单变量IQR+3σ; 残差,4089.184,1292,Mahalanobis 距离=4089.2（阈值=18.5）。主要贡献特征：PC1 (69.4%); PC3 (30.0%)。
491,2024-04-04 16:09:00,2024-04-04 16:09:00,1.0,重载牵引,IsolationForest; Mahalanobis; 单变量IQR+3σ; 残差,5.54,38,正常
492,2024-04-04 16:20:00,2024-04-04 16:20:00,1.0,重载牵引,IsolationForest; Mahalanobis; 单变量IQR+3σ; 残差,1.443,38,正常
493,2024-04-04 16:28:00,2024-04-04 16:28:00,1.0,停机,IsolationForest; Mahalanobis; 单变量IQR+3σ; 残差,1496.339,38,Mahalanobis 距离=1496.3（阈值=18.5）。主要贡献特征：PC1 (85.9%); PC3 (14.1%)。
494,2024-04-04 16:39:00,2024-04-04 16:39:00,1.0,停机,IsolationForest; Mahalanobis; 单变量IQR+3σ; 残差,1631.184,38,Mahalanobis 距离=1631.2（阈值=18.5）。主要贡献特征：PC1 (93.8%); PC3 (4.9%); PC4 (1.3%)。
495,2024-04-04 16:45:00,2024-04-04 16:45:00,1.0,待机,IsolationForest; Mahalanobis; 单变量IQR+3σ; 残差,5015.009,38,Mahalanobis 距离=5015.0（阈值=18.5）。主要贡献特征：PC1 (87.0%); PC4 (11.8%); PC3 (1.1%)。
496,2024-04-04 16:52:00,2024-04-04 16:52:00,1.0,停机,IsolationForest; Mahalanobis; 单变量IQR+3σ; 残差,1608.41,38,Mahalanobis 距离=1608.4（阈值=18.5）。主要贡献特征：PC1 (94.1%); PC3 (3.2%); PC4 (2.7%)。
497,2024-04-04 17:02:00,2024-04-04 17:02:00,1.0,待机,IsolationForest; Mahalanobis; 单变量IQR+3σ; 残差,4642.276,38,Mahalanobis 距离=4642.3（阈值=18.5）。主要贡献特征：PC1 (89.3%); PC4 (10.7%)。
498,2024-04-04 17:17:00,2024-04-04 17:21:00,5.0,停机,IsolationForest; Mahalanobis; 单变量IQR+3σ; 残差,1351.47,190,Mahalanobis 距离=1351.5（阈值=18.5）。主要贡献特征：PC1 (84.9%); PC3 (15.1%)。
499,2024-04-04 17:35:00,2024-04-04 17:46:00,12.0,待机,IsolationForest; Mahalanobis; 单变量IQR+3σ; 残差,10387.84,456,Mahalanobis 距离=10387.8（阈值=18.5）。主要贡献特征：PC1 (64.1%); PC3 (35.8%)。
500,2024-04-04 17:54:00,2024-04-04 17:54:00,1.0,重载牵引,IsolationForest; Mahalanobis; 单变量IQR+3σ; 残差,4.994,38,正常
501,2024-04-04 18:00:00,2024-04-04 18:00:00,1.0,重载牵引,IsolationForest; Mahalanobis; 单变量IQR+3σ; 残差,3.956,38,正常
502,2024-04-04 18:02:00,2024-04-04 18:08:00,7.0,重载牵引,IsolationForest; Mahalanobis; 单变量IQR+3σ; 残差,5.213,266,残差异常：采煤机_油泵_右电机_电流 偏高（残差 Z-score=5.2，实际=52.0 vs 预测=17.4）
503,2024-04-04 18:13:00,2024-04-04 18:18:00,6.0,重载牵引,IsolationForest; Mahalanobis; 单变量IQR+3σ; 残差,4.782,228,单变量异常：采煤机_截割部位_左滚筒_电机_电流（z-score=4.8，实际=299.0，均值=95.4±42.6）
504,2024-04-04 18:24:00,2024-04-04 18:24:00,1.0,停机,IsolationForest; Mahalanobis; 单变量IQR+3σ; 残差,1396.312,38,Mahalanobis 距离=1396.3（阈值=18.5）。主要贡献特征：PC1 (72.5%); PC3 (26.0%); PC4 (1.4%)。
505,2024-04-04 18:26:00,2024-04-04 18:26:00,1.0,重载牵引,IsolationForest; Mahalanobis; 单变量IQR+3σ; 残差,5.236,38,正常
506,2024-04-04 18:29:00,2024-04-04 18:29:00,1.0,待机,IsolationForest; Mahalanobis; 单变量IQR+3σ; 残差,3838.352,38,Mahalanobis 距离=3838.4（阈值=18.5）。主要贡献特征：PC1 (70.1%); PC3 (29.9%)。
507,2024-04-04 18:31:00,2024-04-04 18:31:00,1.0,重载牵引,IsolationForest; Mahalanobis; 单变量IQR+3σ; 残差,3.692,38,残差异常：采煤机_截割部位_右滚筒_电机_电流 偏高（残差 Z-score=3.7，实际=209.0 vs 预测=72.4）
508,2024-04-04 18:39:00,2024-04-04 18:39:00,1.0,待机,IsolationForest; Mahalanobis; 单变量IQR+3σ; 残差,4165.987,38,Mahalanobis 距离=4166.0（阈值=18.5）。主要贡献特征：PC1 (86.2%); PC3 (12.9%)。
509,2024-04-04 18:47:00,2024-04-04 18:47:00,1.0,待机,IsolationForest; Mahalanobis; 单变量IQR+3σ; 残差,4688.385,38,Mahalanobis 距离=4688.4（阈值=18.5）。主要贡献特征：PC1 (94.1%); PC4 (3.3%); PC3 (2.5%)。
510,2024-04-04 18:50:00,2024-04-04 18:50:00,1.0,待机,IsolationForest; Mahalanobis; 单变量IQR+3σ; 残差,4295.644,38,Mahalanobis 距离=4295.6（阈值=18.5）。主要贡献特征：PC1 (90.7%); PC3 (4.9%); PC4 (4.4%)。
511,2024-04-04 19:09:00,2024-04-04 19:09:00,1.0,重载牵引,IsolationForest; Mahalanobis; 单变量IQR+3σ; 残差,5.213,38,残差异常：采煤机_油泵_右电机_电流 偏高（残差 Z-score=5.2，实际=52.0 vs 预测=17.4）
512,2024-04-04 19:17:00,2024-04-04 19:17:00,1.0,重载牵引,IsolationForest; Mahalanobis; 单变量IQR+3σ; 残差,5.388,38,正常
513,2024-04-04 19:19:00,2024-04-04 19:19:00,1.0,重载牵引,IsolationForest; Mahalanobis; 单变量IQR+3σ; 残差,4.252,38,正常
514,2024-04-04 19:28:00,2024-04-04 19:30:00,3.0,待机,IsolationForest; Mahalanobis; 单变量IQR+3σ; 残差,6424.516,114,Mahalanobis 距离=6424.5（阈值=18.5）。主要贡献特征：PC1 (90.9%); PC3 (4.8%); PC4 (4.3%)。
515,2024-04-04 19:32:00,2024-04-04 19:32:00,1.0,停机,IsolationForest; Mahalanobis; 单变量IQR+3σ; 残差,2046.094,38,Mahalanobis 距离=2046.1（阈值=18.5）。主要贡献特征：PC1 (99.5%)。
516,2024-04-04 19:35:00,2024-04-04 19:35:00,1.0,重载牵引,IsolationForest; Mahalanobis; 单变量IQR+3σ; 残差,5.182,38,正常
517,2024-04-04 19:39:00,2024-04-04 19:39:00,1.0,待机,IsolationForest; Mahalanobis; 单变量IQR+3σ; 残差,4814.475,38,Mahalanobis 距离=4814.5（阈值=18.5）。主要贡献特征：PC1 (95.3%); PC3 (2.5%); PC4 (2.1%)。
518,2024-04-04 19:42:00,2024-04-04 19:42:00,1.0,待机,IsolationForest; Mahalanobis; 单变量IQR+3σ; 残差,5210.904,38,Mahalanobis 距离=5210.9（阈值=18.5）。主要贡献特征：PC1 (97.5%); PC3 (1.5%); PC4 (1.0%)。
519,2024-04-04 19:47:00,2024-04-04 19:49:00,3.0,停机,IsolationForest; Mahalanobis; 单变量IQR+3σ; 残差,2401.892,114,Mahalanobis 距离=2401.9（阈值=18.5）。主要贡献特征：PC1 (99.1%)。
520,2024-04-04 19:51:00,2024-04-04 19:56:00,6.0,停机,IsolationForest; Mahalanobis; 单变量IQR+3σ; 残差,2278.571,228,Mahalanobis 距离=2278.6（阈值=18.5）。主要贡献特征：PC1 (98.9%)。
521,2024-04-04 19:58:00,2024-04-04 19:58:00,1.0,待机,IsolationForest; Mahalanobis; 单变量IQR+3σ; 残差,3835.377,38,Mahalanobis 距离=3835.4（阈值=18.5）。主要贡献特征：PC1 (83.8%); PC3 (16.2%)。
522,2024-04-04 20:00:00,2024-04-04 20:00:00,1.0,停机,IsolationForest; Mahalanobis; 单变量IQR+3σ; 残差,1378.53,38,Mahalanobis 距离=1378.5（阈值=18.5）。主要贡献特征：PC1 (76.3%); PC3 (22.8%)。
523,2024-04-04 20:07:00,2024-04-04 20:08:00,2.0,停机,IsolationForest; Mahalanobis; 单变量IQR+3σ; 残差,3073.859,76,Mahalanobis 距离=3073.9（阈值=18.5）。主要贡献特征：PC1 (96.8%); PC4 (3.0%)。
524,2024-04-04 20:12:00,2024-04-04 20:15:00,4.0,重载牵引,IsolationForest; Mahalanobis; 单变量IQR+3σ; 残差,5.884,152,正常
525,2024-04-04 20:24:00,2024-04-04 20:24:00,1.0,重载牵引,IsolationForest; Mahalanobis; 单变量IQR+3σ; 残差,4.046,38,残差异常：采煤机_截割部位_左滚筒_电机_电流 偏高（残差 Z-score=4.0，实际=252.0 vs 预测=89.0）
526,2024-04-04 20:30:00,2024-04-04 20:30:00,1.0,重载牵引,IsolationForest; Mahalanobis; 单变量IQR+3σ; 残差,5.273,38,残差异常：采煤机_油泵_右电机_电流 偏高（残差 Z-score=5.3，实际=52.0 vs 预测=17.0）
527,2024-04-04 20:32:00,2024-04-04 20:34:00,3.0,停机,IsolationForest; Mahalanobis; 单变量IQR+3σ; 残差,1374.19,114,Mahalanobis 距离=1374.2（阈值=18.5）。主要贡献特征：PC1 (68.9%); PC3 (28.4%); PC4 (2.6%)。
528,2024-04-04 20:49:00,2024-04-04 20:51:00,3.0,重载牵引,IsolationForest; Mahalanobis; 单变量IQR+3σ; 残差,3.913,114,单变量异常：采煤机_截割部位_左滚筒_电机_电流（z-score=3.9，实际=262.0，均值=95.4±42.6）
529,2024-04-04 20:54:00,2024-04-04 20:57:00,4.0,停机,IsolationForest; Mahalanobis; 单变量IQR+3σ; 残差,1405.674,152,Mahalanobis 距离=1405.7（阈值=18.5）。主要贡献特征：PC1 (84.1%); PC3 (15.9%)。
530,2024-04-04 20:59:00,2024-04-04 21:01:00,3.0,重载牵引,IsolationForest; Mahalanobis; 单变量IQR+3σ; 残差,3.746,114,残差异常：采煤机_破碎机_电机_电流 偏高（残差 Z-score=3.7，实际=42.0 vs 预测=0.0）
531,2024-04-04 21:03:00,2024-04-04 21:06:00,4.0,重载牵引,IsolationForest; Mahalanobis; 单变量IQR+3σ; 残差,2.334,152,单变量异常：采煤机_截割部位_左滚筒_电机_温度（z-score=2.3，实际=88.0，均值=72.2±6.8）
532,2024-04-04 21:09:00,2024-04-04 21:09:00,1.0,待机,IsolationForest; Mahalanobis; 单变量IQR+3σ; 残差,3949.164,38,Mahalanobis 距离=3949.2（阈值=18.5）。主要贡献特征：PC1 (87.8%); PC3 (8.2%); PC4 (4.1%)。
533,2024-04-04 21:14:00,2024-04-04 21:15:00,2.0,待机,IsolationForest; Mahalanobis; 单变量IQR+3σ; 残差,3717.288,76,Mahalanobis 距离=3717.3（阈值=18.5）。主要贡献特征：PC1 (83.6%); PC3 (10.1%); PC4 (6.3%)。
534,2024-04-04 21:24:00,2024-04-04 21:24:00,1.0,重载牵引,IsolationForest; Mahalanobis; 单变量IQR+3σ; 残差,2.105,38,正常
535,2024-04-04 21:30:00,2024-04-04 21:30:00,1.0,重载牵引,IsolationForest; Mahalanobis; 单变量IQR+3σ; 残差,6.362,38,残差异常：采煤机_截割部位_右滚筒_电机_电流 偏高（残差 Z-score=6.4，实际=320.0 vs 预测=84.6）
536,2024-04-04 21:36:00,2024-04-04 21:36:00,1.0,待机,IsolationForest; Mahalanobis; 单变量IQR+3σ; 残差,4856.872,38,Mahalanobis 距离=4856.9（阈值=18.5）。主要贡献特征：PC1 (85.9%); PC4 (13.0%); PC3 (1.1%)。
537,2024-04-04 21:54:00,2024-04-04 21:55:00,2.0,待机,IsolationForest; Mahalanobis; 单变量IQR+3σ; 残差,4180.32,76,Mahalanobis 距离=4180.3（阈值=18.5）。主要贡献特征：PC1 (88.7%); PC3 (9.2%); PC4 (2.2%)。
538,2024-04-04 21:58:00,2024-04-04 22:10:00,13.0,待机,IsolationForest; Mahalanobis; 单变量IQR+3σ; 残差,8357.932,494,Mahalanobis 距离=8357.9（阈值=18.5）。主要贡献特征：PC1 (84.3%); PC3 (15.4%)。
539,2024-04-04 22:12:00,2024-04-04 22:12:00,1.0,待机,IsolationForest; Mahalanobis; 单变量IQR+3σ; 残差,4645.785,38,Mahalanobis 距离=4645.8（阈值=18.5）。主要贡献特征：PC1 (89.7%); PC3 (10.3%)。
540,2024-04-04 22:17:00,2024-04-04 22:17:00,1.0,待机,IsolationForest; Mahalanobis; 单变量IQR+3σ; 残差,4059.546,38,Mahalanobis 距离=4059.5（阈值=18.5）。主要贡献特征：PC1 (78.5%); PC3 (21.5%)。
541,2024-04-04 22:20:00,2024-04-04 22:20:00,1.0,重载牵引,IsolationForest; Mahalanobis; 单变量IQR+3σ; 残差,3.016,38,残差异常：采煤机_截割部位_右滚筒_电机_电流 偏高（残差 Z-score=3.0，实际=187.0 vs 预测=75.4）
542,2024-04-04 22:29:00,2024-04-04 22:31:00,3.0,重载牵引,IsolationForest; Mahalanobis; 单变量IQR+3σ; 残差,7.942,114,残差异常：采煤机_截割部位_左滚筒_电机_电流 偏高（残差 Z-score=7.9，实际=394.0 vs 预测=74.0）
543,2024-04-04 22:34:00,2024-04-04 22:35:00,2.0,重载牵引,IsolationForest; Mahalanobis; 单变量IQR+3σ; 残差,4.972,76,残差异常：采煤机_油泵_右电机_电流 偏高（残差 Z-score=5.0，实际=50.0 vs 预测=17.0）
544,2024-04-04 22:51:00,2024-04-04 22:51:00,1.0,待机,IsolationForest; Mahalanobis; 单变量IQR+3σ; 残差,4028.726,38,Mahalanobis 距离=4028.7（阈值=18.5）。主要贡献特征：PC1 (72.3%); PC3 (27.2%)。
545,2024-04-04 22:56:00,2024-04-04 23:01:00,6.0,停机,IsolationForest; Mahalanobis; 单变量IQR+3σ; 残差,1282.169,228,Mahalanobis 距离=1282.2（阈值=18.5）。主要贡献特征：PC1 (71.9%); PC3 (27.2%)。
546,2024-04-04 23:04:00,2024-04-04 23:04:00,1.0,待机,IsolationForest; Mahalanobis; 单变量IQR+3σ; 残差,3791.473,38,Mahalanobis 距离=3791.5（阈值=18.5）。主要贡献特征：PC1 (74.8%); PC3 (25.2%)。
547,2024-04-04 23:06:00,2024-04-04 23:09:00,4.0,停机,IsolationForest; Mahalanobis; 单变量IQR+3σ; 残差,1045.474,152,Mahalanobis 距离=1045.5（阈值=18.5）。主要贡献特征：PC1 (71.1%); PC3 (28.7%)。
548,2024-04-04 23:11:00,2024-04-04 23:17:00,7.0,停机,IsolationForest; Mahalanobis; 单变量IQR+3σ; 残差,1898.259,266,Mahalanobis 距离=1898.3（阈值=18.5）。主要贡献特征：PC1 (97.2%); PC3 (2.8%)。
549,2024-04-04 23:20:00,2024-04-04 23:20:00,1.0,重载牵引,IsolationForest; Mahalanobis; 单变量IQR+3σ; 残差,2.241,38,正常
550,2024-04-04 23:22:00,2024-04-04 23:22:00,1.0,重载牵引,IsolationForest; Mahalanobis; 单变量IQR+3σ; 残差,6.87,38,残差异常：采煤机_油泵_右电机_电流 偏高（残差 Z-score=6.9，实际=63.0 vs 预测=17.4）
551,2024-04-04 23:24:00,2024-04-04 23:24:00,1.0,重载牵引,IsolationForest; Mahalanobis; 单变量IQR+3σ; 残差,4.365,38,残差异常：采煤机_牵引部位_左电机_电流 偏高（残差 Z-score=4.4，实际=239.0 vs 预测=107.0）
552,2024-04-04 23:26:00,2024-04-04 23:27:00,2.0,重载牵引,IsolationForest; Mahalanobis; 单变量IQR+3σ; 残差,7.365,76,正常
553,2024-04-04 23:29:00,2024-04-04 23:29:00,1.0,停机,IsolationForest; Mahalanobis; 单变量IQR+3σ; 残差,1735.769,38,Mahalanobis 距离=1735.8（阈值=18.5）。主要贡献特征：PC1 (93.1%); PC3 (6.7%)。
554,2024-04-04 23:31:00,2024-04-04 23:32:00,2.0,停机,IsolationForest; Mahalanobis; 单变量IQR+3σ; 残差,1350.638,76,Mahalanobis 距离=1350.6（阈值=18.5）。主要贡献特征：PC1 (85.0%); PC3 (14.8%)。
555,2024-04-04 23:37:00,2024-04-05 00:00:00,24.0,待机,IsolationForest; Mahalanobis; 单变量IQR+3σ; 残差,4713.916,912,Mahalanobis 距离=4713.9（阈值=18.5）。主要贡献特征：PC1 (90.9%); PC4 (9.1%)。
556,2024-04-05 00:02:00,2024-04-05 00:05:00,4.0,停机,IsolationForest; Mahalanobis; 单变量IQR+3σ; 残差,1377.218,152,Mahalanobis 距离=1377.2（阈值=18.5）。主要贡献特征：PC1 (92.5%); PC3 (4.5%); PC4 (3.0%)。
557,2024-04-05 00:10:00,2024-04-05 00:10:00,1.0,重载牵引,IsolationForest; Mahalanobis; 单变量IQR+3σ; 残差,2.109,38,正常
558,2024-04-05 00:20:00,2024-04-05 00:20:00,1.0,重载牵引,IsolationForest; Mahalanobis; 单变量IQR+3σ; 残差,4.846,38,正常
559,2024-04-05 00:26:00,2024-04-05 00:26:00,1.0,重载牵引,IsolationForest; Mahalanobis; 单变量IQR+3σ; 残差,5.736,38,正常
560,2024-04-05 00:29:00,2024-04-05 00:30:00,2.0,待机,IsolationForest; Mahalanobis; 单变量IQR+3σ; 残差,6219.26,76,Mahalanobis 距离=6219.3（阈值=18.5）。主要贡献特征：PC1 (87.3%); PC3 (6.5%); PC4 (6.2%)。
561,2024-04-05 00:32:00,2024-04-05 00:32:00,1.0,待机,IsolationForest; Mahalanobis; 单变量IQR+3σ; 残差,3819.509,38,Mahalanobis 距离=3819.5（阈值=18.5）。主要贡献特征：PC1 (85.6%); PC3 (9.5%); PC4 (4.9%)。
562,2024-04-05 00:36:00,2024-04-05 00:36:00,1.0,待机,IsolationForest; Mahalanobis; 单变量IQR+3σ; 残差,5007.675,38,Mahalanobis 距离=5007.7（阈值=18.5）。主要贡献特征：PC1 (95.7%); PC4 (4.1%)。
563,2024-04-05 00:38:00,2024-04-05 00:38:00,1.0,待机,IsolationForest; Mahalanobis; 单变量IQR+3σ; 残差,4913.126,38,Mahalanobis 距离=4913.1（阈值=18.5）。主要贡献特征：PC1 (95.8%); PC4 (3.6%)。
564,2024-04-05 00:40:00,2024-04-05 00:40:00,1.0,待机,IsolationForest; Mahalanobis; 单变量IQR+3σ; 残差,4235.302,38,Mahalanobis 距离=4235.3（阈值=18.5）。主要贡献特征：PC1 (90.9%); PC3 (5.8%); PC4 (3.2%)。
565,2024-04-05 00:53:00,2024-04-05 00:53:00,1.0,待机,IsolationForest; Mahalanobis; 单变量IQR+3σ; 残差,7254.156,38,Mahalanobis 距离=7254.2（阈值=18.5）。主要贡献特征：PC1 (94.2%); PC3 (5.5%)。
566,2024-04-05 00:56:00,2024-04-05 00:56:00,1.0,待机,IsolationForest; Mahalanobis; 单变量IQR+3σ; 残差,6335.083,38,Mahalanobis 距离=6335.1（阈值=18.5）。主要贡献特征：PC1 (99.7%)。
567,2024-04-05 01:01:00,2024-04-05 01:05:00,5.0,待机,IsolationForest; Mahalanobis; 单变量IQR+3σ; 残差,5116.52,190,Mahalanobis 距离=5116.5（阈值=18.5）。主要贡献特征：PC1 (95.3%); PC3 (4.7%)。
568,2024-04-05 01:08:00,2024-04-05 01:08:00,1.0,重载牵引,IsolationForest; Mahalanobis; 单变量IQR+3σ; 残差,7.07,38,正常
569,2024-04-05 01:11:00,2024-04-05 01:12:00,2.0,停机,IsolationForest; Mahalanobis; 单变量IQR+3σ; 残差,1350.056,76,Mahalanobis 距离=1350.1（阈值=18.5）。主要贡献特征：PC1 (75.7%); PC3 (23.6%)。
570,2024-04-05 01:21:00,2024-04-05 01:26:00,6.0,停机,IsolationForest; Mahalanobis; 单变量IQR+3σ; 残差,2056.873,228,Mahalanobis 距离=2056.9（阈值=18.5）。主要贡献特征：PC1 (90.4%); PC3 (8.1%); PC4 (1.6%)。
571,2024-04-05 01:38:00,2024-04-05 01:42:00,5.0,停机,IsolationForest; Mahalanobis; 单变量IQR+3σ; 残差,3302.648,190,Mahalanobis 距离=3302.6（阈值=18.5）。主要贡献特征：PC1 (94.6%); PC4 (4.4%)。
572,2024-04-05 01:47:00,2024-04-05 01:47:00,1.0,停机,IsolationForest; Mahalanobis; 单变量IQR+3σ; 残差,1522.178,38,Mahalanobis 距离=1522.2（阈值=18.5）。主要贡献特征：PC1 (71.8%); PC3 (23.9%); PC4 (4.3%)。
573,2024-04-05 01:50:00,2024-04-05 01:50:00,1.0,重载牵引,IsolationForest; Mahalanobis; 单变量IQR+3σ; 残差,5.286,38,正常
574,2024-04-05 01:52:00,2024-04-05 01:52:00,1.0,重载牵引,IsolationForest; Mahalanobis; 单变量IQR+3σ; 残差,4.476,38,正常
575,2024-04-05 01:55:00,2024-04-05 01:58:00,4.0,停机,IsolationForest; Mahalanobis; 单变量IQR+3σ; 残差,1188.449,152,Mahalanobis 距离=1188.4（阈值=18.5）。主要贡献特征：PC1 (64.1%); PC3 (32.5%); PC4 (3.4%)。
576,2024-04-05 02:01:00,2024-04-05 02:04:00,4.0,待机,IsolationForest; Mahalanobis; 单变量IQR+3σ; 残差,3286.778,152,Mahalanobis 距离=3286.8（阈值=18.5）。主要贡献特征：PC1 (65.9%); PC3 (32.3%); PC4 (1.8%)。
577,2024-04-05 02:08:00,2024-04-05 02:09:00,2.0,停机,IsolationForest; Mahalanobis; 单变量IQR+3σ; 残差,1448.854,76,Mahalanobis 距离=1448.9（阈值=18.5）。主要贡献特征：PC1 (67.8%); PC3 (29.0%); PC4 (3.2%)。
578,2024-04-05 02:19:00,2024-04-05 02:19:00,1.0,停机,IsolationForest; Mahalanobis; 单变量IQR+3σ; 残差,1670.523,38,Mahalanobis 距离=1670.5（阈值=18.5）。主要贡献特征：PC1 (78.0%); PC3 (19.9%); PC4 (2.0%)。
579,2024-04-05 02:22:00,2024-04-05 02:23:00,2.0,待机,IsolationForest; Mahalanobis; 单变量IQR+3σ; 残差,4075.326,76,Mahalanobis 距离=4075.3（阈值=18.5）。主要贡献特征：PC1 (73.9%); PC3 (25.9%)。
580,2024-04-05 02:26:00,2024-04-05 02:30:00,5.0,停机,IsolationForest; Mahalanobis; 单变量IQR+3σ; 残差,2220.729,190,Mahalanobis 距离=2220.7（阈值=18.5）。主要贡献特征：PC1 (93.7%); PC3 (5.4%)。
581,2024-04-05 02:32:00,2024-04-05 02:32:00,1.0,停机,IsolationForest; Mahalanobis; 单变量IQR+3σ; 残差,1646.809,38,Mahalanobis 距离=1646.8（阈值=18.5）。主要贡献特征：PC1 (81.8%); PC3 (17.6%)。
582,2024-04-05 02:35:00,2024-04-05 02:38:00,4.0,停机,IsolationForest; Mahalanobis; 单变量IQR+3σ; 残差,1332.265,152,Mahalanobis 距离=1332.3（阈值=18.5）。主要贡献特征：PC1 (78.3%); PC3 (21.2%)。
583,2024-04-05 02:44:00,2024-04-05 02:45:00,2.0,停机,IsolationForest; Mahalanobis; 单变量IQR+3σ; 残差,1950.056,76,Mahalanobis 距离=1950.1（阈值=18.5）。主要贡献特征：PC1 (93.1%); PC3 (6.8%)。
584,2024-04-05 02:47:00,2024-04-05 02:47:00,1.0,重载牵引,IsolationForest; Mahalanobis; 单变量IQR+3σ; 残差,4.121,38,残差异常：采煤机_破碎机_电机_电流 偏高（残差 Z-score=4.1，实际=52.0 vs 预测=5.8）
585,2024-04-05 02:49:00,2024-04-05 02:49:00,1.0,待机,IsolationForest; Mahalanobis; 单变量IQR+3σ; 残差,3750.203,38,Mahalanobis 距离=3750.2（阈值=18.5）。主要贡献特征：PC1 (74.4%); PC3 (24.6%)。
586,2024-04-05 02:53:00,2024-04-05 02:58:00,6.0,停机,IsolationForest; Mahalanobis; 单变量IQR+3σ; 残差,1025.95,228,Mahalanobis 距离=1026.0（阈值=18.5）。主要贡献特征：PC1 (73.9%); PC3 (26.1%)。
587,2024-04-05 03:01:00,2024-04-05 03:01:00,1.0,停机,IsolationForest; Mahalanobis; 单变量IQR+3σ; 残差,985.329,38,Mahalanobis 距离=985.3（阈值=18.5）。主要贡献特征：PC1 (73.0%); PC3 (27.0%)。
588,2024-04-05 03:04:00,2024-04-05 03:07:00,4.0,停机,IsolationForest; Mahalanobis; 单变量IQR+3σ; 残差,1470.486,152,Mahalanobis 距离=1470.5（阈值=18.5）。主要贡献特征：PC1 (87.1%); PC3 (12.8%)。
589,2024-04-05 03:09:00,2024-04-05 03:09:00,1.0,重载牵引,IsolationForest; Mahalanobis; 单变量IQR+3σ; 残差,11.637,38,正常
590,2024-04-05 03:11:00,2024-04-05 03:12:00,2.0,重载牵引,IsolationForest; Mahalanobis; 单变量IQR+3σ; 残差,5.394,76,残差异常：采煤机_油泵_右电机_电流 偏高（残差 Z-score=5.4，实际=53.0 vs 预测=17.2）
591,2024-04-05 03:16:00,2024-04-05 03:18:00,3.0,待机,IsolationForest; Mahalanobis; 单变量IQR+3σ; 残差,3623.87,114,Mahalanobis 距离=3623.9（阈值=18.5）。主要贡献特征：PC1 (81.4%); PC3 (10.0%); PC4 (8.6%)。
592,2024-04-05 03:20:00,2024-04-05 03:20:00,1.0,重载牵引,IsolationForest; Mahalanobis; 单变量IQR+3σ; 残差,2.791,38,正常
593,2024-04-05 03:22:00,2024-04-05 03:23:00,2.0,待机,IsolationForest; Mahalanobis; 单变量IQR+3σ; 残差,3638.875,76,Mahalanobis 距离=3638.9（阈值=18.5）。主要贡献特征：PC1 (81.1%); PC4 (10.9%); PC3 (8.0%)。
594,2024-04-05 03:26:00,2024-04-05 03:26:00,1.0,停机,IsolationForest; Mahalanobis; 单变量IQR+3σ; 残差,2375.836,38,Mahalanobis 距离=2375.8（阈值=18.5）。主要贡献特征：PC1 (94.8%); PC4 (3.0%); PC3 (2.2%)。
595,2024-04-05 03:30:00,2024-04-05 03:30:00,1.0,待机,IsolationForest; Mahalanobis; 单变量IQR+3σ; 残差,3751.586,38,Mahalanobis 距离=3751.6（阈值=18.5）。主要贡献特征：PC1 (84.9%); PC4 (10.0%); PC3 (5.0%)。
596,2024-04-05 03:38:00,2024-04-05 03:39:00,2.0,停机,IsolationForest; Mahalanobis; 单变量IQR+3σ; 残差,1782.516,76,Mahalanobis 距离=1782.5（阈值=18.5）。主要贡献特征：PC1 (95.8%); PC4 (3.3%)。
597,2024-04-05 03:44:00,2024-04-05 03:44:00,1.0,重载牵引,IsolationForest; Mahalanobis; 单变量IQR+3σ; 残差,4.994,38,正常
598,2024-04-05 03:50:00,2024-04-05 03:50:00,1.0,待机,IsolationForest; Mahalanobis; 单变量IQR+3σ; 残差,6185.416,38,Mahalanobis 距离=6185.4（阈值=18.5）。主要贡献特征：PC1 (90.5%); PC4 (4.9%); PC3 (4.6%)。
599,2024-04-05 04:03:00,2024-04-05 04:04:00,2.0,重载牵引,IsolationForest; Mahalanobis; 单变量IQR+3σ; 残差,5.483,76,正常
600,2024-04-05 04:08:00,2024-04-05 04:09:00,2.0,待机,IsolationForest; Mahalanobis; 单变量IQR+3σ; 残差,5435.023,76,Mahalanobis 距离=5435.0（阈值=18.5）。主要贡献特征：PC1 (97.8%); PC3 (2.0%)。
601,2024-04-05 04:13:00,2024-04-05 04:13:00,1.0,重载牵引,IsolationForest; Mahalanobis; 单变量IQR+3σ; 残差,4.168,38,残差异常：采煤机_截割部位_右滚筒_电机_电流 偏高（残差 Z-score=4.2，实际=250.0 vs 预测=95.8）
602,2024-04-05 04:20:00,2024-04-05 04:20:00,1.0,重载牵引,IsolationForest; Mahalanobis; 单变量IQR+3σ; 残差,5.884,38,正常
603,2024-04-05 04:23:00,2024-04-05 04:23:00,1.0,重载牵引,IsolationForest; Mahalanobis; 单变量IQR+3σ; 残差,4.697,38,正常
604,2024-04-05 04:25:00,2024-04-05 04:26:00,2.0,待机,IsolationForest; Mahalanobis; 单变量IQR+3σ; 残差,5749.433,76,Mahalanobis 距离=5749.4（阈值=18.5）。主要贡献特征：PC1 (91.2%); PC3 (5.6%); PC4 (3.2%)。
605,2024-04-05 04:29:00,2024-04-05 04:29:00,1.0,重载牵引,IsolationForest; Mahalanobis; 单变量IQR+3σ; 残差,4.006,38,残差异常：采煤机_截割部位_左滚筒_电机_电流 偏高（残差 Z-score=4.0，实际=260.0 vs 预测=98.6）
606,2024-04-05 04:31:00,2024-04-05 04:31:00,1.0,重载牵引,IsolationForest; Mahalanobis; 单变量IQR+3σ; 残差,4.972,38,残差异常：采煤机_油泵_右电机_电流 偏高（残差 Z-score=5.0，实际=50.0 vs 预测=17.0）
607,2024-04-05 04:35:00,2024-04-05 04:35:00,1.0,停机,IsolationForest; Mahalanobis; 单变量IQR+3σ; 残差,1396.458,38,Mahalanobis 距离=1396.5（阈值=18.5）。主要贡献特征：PC1 (70.5%); PC3 (27.3%); PC4 (2.2%)。
608,2024-04-05 04:40:00,2024-04-05 04:40:00,1.0,重载牵引,IsolationForest; Mahalanobis; 单变量IQR+3σ; 残差,5.884,38,正常
609,2024-04-05 04:43:00,2024-04-05 04:43:00,1.0,待机,IsolationForest; Mahalanobis; 单变量IQR+3σ; 残差,3772.586,38,Mahalanobis 距离=3772.6（阈值=18.5）。主要贡献特征：PC1 (73.2%); PC3 (26.8%)。
610,2024-04-05 04:58:00,2024-04-05 04:58:00,1.0,待机,IsolationForest; Mahalanobis; 单变量IQR+3σ; 残差,3919.335,38,Mahalanobis 距离=3919.3（阈值=18.5）。主要贡献特征：PC1 (86.5%); PC3 (8.0%); PC4 (5.5%)。
611,2024-04-05 05:05:00,2024-04-05 05:05:00,1.0,重载牵引,IsolationForest; Mahalanobis; 单变量IQR+3σ; 残差,3.465,38,残差异常：采煤机_截割部位_左滚筒_电机_电流 偏高（残差 Z-score=3.5，实际=219.0 vs 预测=79.4）
612,2024-04-05 05:09:00,2024-04-05 05:20:00,12.0,待机,IsolationForest; Mahalanobis; 单变量IQR+3σ; 残差,2967.37,456,Mahalanobis 距离=2967.4（阈值=18.5）。主要贡献特征：PC1 (77.4%); PC4 (20.3%); PC3 (2.2%)。
613,2024-04-05 05:23:00,2024-04-05 05:37:00,15.0,停机,IsolationForest; Mahalanobis; 单变量IQR+3σ; 残差,10869.947,570,Mahalanobis 距离=10869.9（阈值=18.5）。主要贡献特征：PC3 (95.8%); PC1 (4.1%)。
614,2024-04-05 05:57:00,2024-04-05 06:00:00,4.0,重载牵引,IsolationForest; Mahalanobis; 单变量IQR+3σ; 残差,33.601,152,Mahalanobis 距离=33.6（阈值=18.5）。主要贡献特征：PC1 (98.7%)。
615,2024-04-05 06:02:00,2024-04-05 06:04:00,3.0,待机,IsolationForest; Mahalanobis; 单变量IQR+3σ; 残差,4148.213,114,Mahalanobis 距离=4148.2（阈值=18.5）。主要贡献特征：PC1 (87.3%); PC4 (11.2%); PC3 (1.5%)。
616,2024-04-05 06:07:00,2024-04-05 06:07:00,1.0,重载牵引,IsolationForest; Mahalanobis; 单变量IQR+3σ; 残差,2.27,38,正常
617,2024-04-05 06:11:00,2024-04-05 06:12:00,2.0,待机,IsolationForest; Mahalanobis; 单变量IQR+3σ; 残差,4852.368,76,Mahalanobis 距离=4852.4（阈值=18.5）。主要贡献特征：PC1 (94.1%); PC4 (5.3%)。
618,2024-04-05 06:25:00,2024-04-05 06:25:00,1.0,待机,IsolationForest; Mahalanobis; 单变量IQR+3σ; 残差,5136.949,38,Mahalanobis 距离=5136.9（阈值=18.5）。主要贡献特征：PC1 (85.2%); PC4 (12.8%); PC3 (2.0%)。
619,2024-04-05 06:27:00,2024-04-05 06:27:00,1.0,重载牵引,IsolationForest; Mahalanobis; 单变量IQR+3σ; 残差,7.046,38,残差异常：采煤机_破碎机_电机_电流 偏高（残差 Z-score=7.0，实际=107.0 vs 预测=28.0）
620,2024-04-05 06:43:00,2024-04-05 06:43:00,1.0,待机,IsolationForest; Mahalanobis; 单变量IQR+3σ; 残差,3949.521,38,Mahalanobis 距离=3949.5（阈值=18.5）。主要贡献特征：PC1 (85.8%); PC3 (10.0%); PC4 (4.2%)。
621,2024-04-05 06:45:00,2024-04-05 06:45:00,1.0,待机,IsolationForest; Mahalanobis; 单变量IQR+3σ; 残差,3941.342,38,Mahalanobis 距离=3941.3（阈值=18.5）。主要贡献特征：PC1 (86.1%); PC3 (10.5%); PC4 (3.4%)。
622,2024-04-05 06:48:00,2024-04-05 06:50:00,3.0,待机,IsolationForest; Mahalanobis; 单变量IQR+3σ; 残差,3200.516,114,Mahalanobis 距离=3200.5（阈值=18.5）。主要贡献特征：PC1 (86.9%); PC3 (9.8%); PC4 (3.2%)。
623,2024-04-05 06:52:00,2024-04-05 06:52:00,1.0,待机,IsolationForest; Mahalanobis; 单变量IQR+3σ; 残差,3890.508,38,Mahalanobis 距离=3890.5（阈值=18.5）。主要贡献特征：PC1 (95.4%); PC4 (3.2%); PC3 (1.3%)。
624,2024-04-05 06:54:00,2024-04-05 06:55:00,2.0,待机,IsolationForest; Mahalanobis; 单变量IQR+3σ; 残差,4408.075,76,Mahalanobis 距离=4408.1（阈值=18.5）。主要贡献特征：PC1 (89.7%); PC3 (8.9%); PC4 (1.5%)。
625,2024-04-05 07:02:00,2024-04-05 07:06:00,5.0,待机,IsolationForest; Mahalanobis; 单变量IQR+3σ; 残差,5281.405,190,Mahalanobis 距离=5281.4（阈值=18.5）。主要贡献特征：PC1 (99.5%)。
626,2024-04-05 07:13:00,2024-04-05 07:13:00,1.0,待机,IsolationForest; Mahalanobis; 单变量IQR+3σ; 残差,16.614,38,正常
627,2024-04-05 07:17:00,2024-04-05 07:19:00,3.0,重载牵引,IsolationForest; Mahalanobis; 单变量IQR+3σ; 残差,33.48,114,Mahalanobis 距离=33.5（阈值=18.5）。主要贡献特征：PC1 (99.8%)。
628,2024-04-05 07:26:00,2024-04-05 07:26:00,1.0,重载牵引,IsolationForest; Mahalanobis; 单变量IQR+3σ; 残差,5.54,38,正常
629,2024-04-05 07:34:00,2024-04-05 07:37:00,4.0,待机,IsolationForest; Mahalanobis; 单变量IQR+3σ; 残差,4284.128,152,Mahalanobis 距离=4284.1（阈值=18.5）。主要贡献特征：PC1 (64.6%); PC3 (33.5%); PC4 (1.9%)。
630,2024-04-05 07:50:00,2024-04-05 07:50:00,1.0,停机,IsolationForest; Mahalanobis; 单变量IQR+3σ; 残差,1161.838,38,Mahalanobis 距离=1161.8（阈值=18.5）。主要贡献特征：PC1 (61.6%); PC3 (35.0%); PC4 (3.4%)。
631,2024-04-05 07:55:00,2024-04-05 07:55:00,1.0,停机,IsolationForest; Mahalanobis; 单变量IQR+3σ; 残差,1349.074,38,Mahalanobis 距离=1349.1（阈值=18.5）。主要贡献特征：PC1 (65.8%); PC3 (31.4%); PC4 (2.8%)。
632,2024-04-05 08:03:00,2024-04-05 08:04:00,2.0,停机,IsolationForest; Mahalanobis; 单变量IQR+3σ; 残差,1516.483,76,Mahalanobis 距离=1516.5（阈值=18.5）。主要贡献特征：PC1 (78.0%); PC3 (21.0%)。
633,2024-04-05 08:06:00,2024-04-05 08:15:00,10.0,停机,IsolationForest; Mahalanobis; 单变量IQR+3σ; 残差,1586.704,380,Mahalanobis 距离=1586.7（阈值=18.5）。主要贡献特征：PC1 (80.8%); PC3 (18.4%)。
634,2024-04-05 08:18:00,2024-04-05 08:18:00,1.0,停机,IsolationForest; Mahalanobis; 单变量IQR+3σ; 残差,2048.27,38,Mahalanobis 距离=2048.3（阈值=18.5）。主要贡献特征：PC1 (93.2%); PC3 (6.5%)。
635,2024-04-05 08:21:00,2024-04-05 08:26:00,6.0,停机,IsolationForest; Mahalanobis; 单变量IQR+3σ; 残差,1904.76,228,Mahalanobis 距离=1904.8（阈值=18.5）。主要贡献特征：PC1 (90.6%); PC3 (9.2%)。
636,2024-04-05 08:34:00,2024-04-05 08:42:00,9.0,停机,IsolationForest; Mahalanobis; 单变量IQR+3σ; 残差,395.09,342,Mahalanobis 距离=395.1（阈值=18.5）。主要贡献特征：PC1 (63.0%); PC3 (36.7%)。
637,2024-04-05 08:51:00,2024-04-05 08:59:00,9.0,停机,IsolationForest; Mahalanobis; 单变量IQR+3σ; 残差,1843.085,342,Mahalanobis 距离=1843.1（阈值=18.5）。主要贡献特征：PC1 (92.9%); PC3 (6.9%)。
638,2024-04-05 09:04:00,2024-04-05 09:06:00,3.0,重载牵引,IsolationForest; Mahalanobis; 单变量IQR+3σ; 残差,33.154,114,Mahalanobis 距离=33.2（阈值=18.5）。主要贡献特征：PC1 (99.7%)。
639,2024-04-05 09:10:00,2024-04-05 09:18:00,9.0,停机,IsolationForest; Mahalanobis; 单变量IQR+3σ; 残差,1707.576,342,Mahalanobis 距离=1707.6（阈值=18.5）。主要贡献特征：PC1 (93.9%); PC3 (5.3%)。
640,2024-04-05 09:22:00,2024-04-05 09:29:00,8.0,待机,IsolationForest; Mahalanobis; 单变量IQR+3σ; 残差,2415.836,304,Mahalanobis 距离=2415.8（阈值=18.5）。主要贡献特征：PC1 (82.6%); PC4 (14.2%); PC3 (3.1%)。
641,2024-04-05 09:32:00,2024-04-05 09:32:00,1.0,重载牵引,IsolationForest; Mahalanobis; 单变量IQR+3σ; 残差,5.844,38,正常
642,2024-04-05 09:35:00,2024-04-05 09:35:00,1.0,重载牵引,IsolationForest; Mahalanobis; 单变量IQR+3σ; 残差,6.181,38,正常
643,2024-04-05 09:50:00,2024-04-05 09:50:00,1.0,重载牵引,IsolationForest; Mahalanobis; 单变量IQR+3σ; 残差,4.994,38,正常
644,2024-04-05 09:56:00,2024-04-05 09:56:00,1.0,重载牵引,IsolationForest; Mahalanobis; 单变量IQR+3σ; 残差,2.153,38,正常
645,2024-04-05 09:58:00,2024-04-05 09:58:00,1.0,待机,IsolationForest; Mahalanobis; 单变量IQR+3σ; 残差,4570.897,38,Mahalanobis 距离=4570.9（阈值=18.5）。主要贡献特征：PC1 (92.3%); PC4 (5.7%); PC3 (2.0%)。
646,2024-04-05 10:00:00,2024-04-05 10:00:00,1.0,待机,IsolationForest; Mahalanobis; 单变量IQR+3σ; 残差,3894.534,38,Mahalanobis 距离=3894.5（阈值=18.5）。主要贡献特征：PC1 (84.3%); PC3 (11.3%); PC4 (4.5%)。
647,2024-04-05 10:02:00,2024-04-05 10:02:00,1.0,待机,IsolationForest; Mahalanobis; 单变量IQR+3σ; 残差,4003.985,38,Mahalanobis 距离=4004.0（阈值=18.5）。主要贡献特征：PC1 (87.2%); PC3 (8.7%); PC4 (4.1%)。
648,2024-04-05 10:04:00,2024-04-05 10:04:00,1.0,待机,IsolationForest; Mahalanobis; 单变量IQR+3σ; 残差,3890.22,38,Mahalanobis 距离=3890.2（阈值=18.5）。主要贡献特征：PC1 (84.5%); PC3 (11.7%); PC4 (3.8%)。
649,2024-04-05 10:06:00,2024-04-05 10:07:00,2.0,待机,IsolationForest; Mahalanobis; 单变量IQR+3σ; 残差,3653.249,76,Mahalanobis 距离=3653.2（阈值=18.5）。主要贡献特征：PC1 (82.9%); PC3 (13.1%); PC4 (4.0%)。
650,2024-04-05 10:09:00,2024-04-05 10:10:00,2.0,停机,IsolationForest; Mahalanobis; 单变量IQR+3σ; 残差,1238.824,76,Mahalanobis 距离=1238.8（阈值=18.5）。主要贡献特征：PC1 (84.8%); PC3 (14.9%)。
651,2024-04-05 10:12:00,2024-04-05 10:12:00,1.0,停机,IsolationForest; Mahalanobis; 单变量IQR+3σ; 残差,996.546,38,Mahalanobis 距离=996.5（阈值=18.5）。主要贡献特征：PC1 (78.3%); PC3 (21.4%)。
652,2024-04-05 10:15:00,2024-04-05 10:23:00,9.0,待机,IsolationForest; Mahalanobis; 单变量IQR+3σ; 残差,4477.682,342,Mahalanobis 距离=4477.7（阈值=18.5）。主要贡献特征：PC3 (54.8%); PC1 (42.5%); PC4 (2.7%)。
653,2024-04-05 14:00:00,2024-04-05 15:05:00,66.0,停机,IsolationForest; Mahalanobis; 单变量IQR+3σ; 残差,403.75,2508,Mahalanobis 距离=403.8（阈值=18.5）。主要贡献特征：PC1 (80.5%); PC3 (11.8%); PC4 (7.7%)。
654,2024-04-05 15:17:00,2024-04-05 15:23:00,7.0,停机,IsolationForest; Mahalanobis; 单变量IQR+3σ; 残差,649.556,266,Mahalanobis 距离=649.6（阈值=18.5）。主要贡献特征：PC1 (71.4%); PC3 (28.1%)。
655,2024-04-05 15:36:00,2024-04-05 15:36:00,1.0,待机,IsolationForest; Mahalanobis; 单变量IQR+3σ; 残差,9.646,38,正常
656,2024-04-05 15:38:00,2024-04-05 16:27:00,50.0,待机,IsolationForest; Mahalanobis; 单变量IQR+3σ; 残差,10327.629,1900,Mahalanobis 距离=10327.6（阈值=18.5）。主要贡献特征：PC1 (68.0%); PC3 (31.9%)。
657,2024-04-05 16:32:00,2024-04-05 16:33:00,2.0,重载牵引,IsolationForest; Mahalanobis; 单变量IQR+3σ; 残差,6.757,76,正常
658,2024-04-05 16:35:00,2024-04-05 16:35:00,1.0,待机,IsolationForest; Mahalanobis; 单变量IQR+3σ; 残差,4662.69,38,Mahalanobis 距离=4662.7（阈值=18.5）。主要贡献特征：PC1 (75.7%); PC3 (22.1%); PC4 (2.2%)。
659,2024-04-05 16:39:00,2024-04-05 16:43:00,5.0,停机,IsolationForest; Mahalanobis; 单变量IQR+3σ; 残差,1092.316,190,Mahalanobis 距离=1092.3（阈值=18.5）。主要贡献特征：PC1 (60.0%); PC3 (36.5%); PC4 (3.6%)。
660,2024-04-05 16:46:00,2024-04-05 16:48:00,3.0,重载牵引,IsolationForest; Mahalanobis; 单变量IQR+3σ; 残差,33.634,114,Mahalanobis 距离=33.6（阈值=18.5）。主要贡献特征：PC1 (99.3%)。
661,2024-04-05 16:50:00,2024-04-05 16:53:00,4.0,停机,IsolationForest; Mahalanobis; 单变量IQR+3σ; 残差,1212.161,152,Mahalanobis 距离=1212.2（阈值=18.5）。主要贡献特征：PC1 (65.7%); PC3 (31.5%); PC4 (2.8%)。
662,2024-04-05 17:04:00,2024-04-05 17:06:00,3.0,重载牵引,IsolationForest; Mahalanobis; 单变量IQR+3σ; 残差,33.171,114,Mahalanobis 距离=33.2（阈值=18.5）。主要贡献特征：PC1 (99.4%)。
663,2024-04-05 17:08:00,2024-04-05 17:12:00,5.0,停机,IsolationForest; Mahalanobis; 单变量IQR+3σ; 残差,1386.681,190,Mahalanobis 距离=1386.7（阈值=18.5）。主要贡献特征：PC1 (67.1%); PC3 (30.0%); PC4 (2.8%)。
664,2024-04-05 17:17:00,2024-04-05 17:21:00,5.0,重载牵引,IsolationForest; Mahalanobis; 单变量IQR+3σ; 残差,33.97,190,Mahalanobis 距离=34.0（阈值=18.5）。主要贡献特征：PC1 (99.1%)。
665,2024-04-05 17:25:00,2024-04-05 17:25:00,1.0,重载牵引,IsolationForest; Mahalanobis; 单变量IQR+3σ; 残差,6.358,38,残差异常：采煤机_油泵_右电机_电流 偏高（残差 Z-score=6.4，实际=60.0 vs 预测=17.8）
666,2024-04-05 17:29:00,2024-04-05 17:29:00,1.0,待机,IsolationForest; Mahalanobis; 单变量IQR+3σ; 残差,5619.015,38,Mahalanobis 距离=5619.0（阈值=18.5）。主要贡献特征：PC1 (97.0%); PC3 (3.0%)。
667,2024-04-05 17:35:00,2024-04-05 17:35:00,1.0,待机,IsolationForest; Mahalanobis; 单变量IQR+3σ; 残差,3713.996,38,Mahalanobis 距离=3714.0（阈值=18.5）。主要贡献特征：PC1 (74.9%); PC3 (24.5%)。
668,2024-04-05 17:39:00,2024-04-05 17:39:00,1.0,停机,IsolationForest; Mahalanobis; 单变量IQR+3σ; 残差,1876.647,38,Mahalanobis 距离=1876.6（阈值=18.5）。主要贡献特征：PC1 (95.4%); PC3 (4.6%)。
669,2024-04-05 17:46:00,2024-04-05 17:46:00,1.0,待机,IsolationForest; Mahalanobis; 单变量IQR+3σ; 残差,3644.806,38,Mahalanobis 距离=3644.8（阈值=18.5）。主要贡献特征：PC1 (80.2%); PC3 (16.1%); PC4 (3.7%)。
670,2024-04-05 17:48:00,2024-04-05 17:48:00,1.0,重载牵引,IsolationForest; Mahalanobis; 单变量IQR+3σ; 残差,5.545,38,残差异常：采煤机_油泵_右电机_电流 偏高（残差 Z-score=5.5，实际=54.0 vs 预测=17.2）
671,2024-04-05 17:52:00,2024-04-05 17:52:00,1.0,重载牵引,IsolationForest; Mahalanobis; 单变量IQR+3σ; 残差,1.878,38,正常
672,2024-04-05 17:55:00,2024-04-05 17:55:00,1.0,待机,IsolationForest; Mahalanobis; 单变量IQR+3σ; 残差,3798.488,38,Mahalanobis 距离=3798.5（阈值=18.5）。主要贡献特征：PC1 (83.8%); PC4 (9.8%); PC3 (6.3%)。
673,2024-04-05 18:03:00,2024-04-05 18:10:00,8.0,待机,IsolationForest; Mahalanobis; 单变量IQR+3σ; 残差,4129.39,304,Mahalanobis 距离=4129.4（阈值=18.5）。主要贡献特征：PC1 (86.3%); PC4 (12.2%); PC3 (1.4%)。
674,2024-04-05 18:14:00,2024-04-05 18:16:00,3.0,停机,IsolationForest; Mahalanobis; 单变量IQR+3σ; 残差,1589.804,114,Mahalanobis 距离=1589.8（阈值=18.5）。主要贡献特征：PC1 (94.0%); PC3 (4.3%); PC4 (1.7%)。
675,2024-04-05 18:21:00,2024-04-05 18:22:00,2.0,待机,IsolationForest; Mahalanobis; 单变量IQR+3σ; 残差,4154.02,76,Mahalanobis 距离=4154.0（阈值=18.5）。主要贡献特征：PC1 (89.6%); PC3 (5.6%); PC4 (4.9%)。
676,2024-04-05 18:29:00,2024-04-05 18:29:00,1.0,重载牵引,IsolationForest; Mahalanobis; 单变量IQR+3σ; 残差,3.443,38,正常
677,2024-04-05 18:33:00,2024-04-05 18:35:00,3.0,停机,IsolationForest; Mahalanobis; 单变量IQR+3σ; 残差,2345.739,114,Mahalanobis 距离=2345.7（阈值=18.5）。主要贡献特征：PC1 (99.4%)。
678,2024-04-05 18:41:00,2024-04-05 18:41:00,1.0,停机,IsolationForest; Mahalanobis; 单变量IQR+3σ; 残差,2142.272,38,Mahalanobis 距离=2142.3（阈值=18.5）。主要贡献特征：PC1 (96.2%); PC3 (3.0%)。
679,2024-04-05 18:55:00,2024-04-05 18:55:00,1.0,停机,IsolationForest; Mahalanobis; 单变量IQR+3σ; 残差,2235.057,38,Mahalanobis 距离=2235.1（阈值=18.5）。主要贡献特征：PC1 (85.8%); PC3 (9.9%); PC4 (4.3%)。
680,2024-04-05 19:06:00,2024-04-05 19:06:00,1.0,待机,IsolationForest; Mahalanobis; 单变量IQR+3σ; 残差,4084.458,38,Mahalanobis 距离=4084.5（阈值=18.5）。主要贡献特征：PC1 (68.3%); PC3 (30.3%); PC4 (1.4%)。
681,2024-04-05 19:09:00,2024-04-05 19:09:00,1.0,重载牵引,IsolationForest; Mahalanobis; 单变量IQR+3σ; 残差,4.497,38,残差异常：采煤机_截割部位_左滚筒_电机_电流 偏高（残差 Z-score=4.5，实际=269.0 vs 预测=87.8）
682,2024-04-05 19:23:00,2024-04-05 19:24:00,2.0,停机,IsolationForest; Mahalanobis; 单变量IQR+3σ; 残差,1180.085,76,Mahalanobis 距离=1180.1（阈值=18.5）。主要贡献特征：PC1 (72.7%); PC3 (26.3%)。
683,2024-04-05 19:27:00,2024-04-05 19:27:00,1.0,重载牵引,IsolationForest; Mahalanobis; 单变量IQR+3σ; 残差,3.96,38,残差异常：采煤机_破碎机_电机_电流 偏高（残差 Z-score=4.0，实际=50.0 vs 预测=5.6）
684,2024-04-05 19:30:00,2024-04-05 19:30:00,1.0,重载牵引,IsolationForest; Mahalanobis; 单变量IQR+3σ; 残差,8.551,38,残差异常：采煤机_截割部位_右滚筒_电机_电流 偏高（残差 Z-score=8.6，实际=402.0 vs 预测=85.6）
685,2024-04-05 19:39:00,2024-04-05 19:39:00,1.0,重载牵引,IsolationForest; Mahalanobis; 单变量IQR+3σ; 残差,2.268,38,正常
686,2024-04-05 19:43:00,2024-04-05 19:45:00,3.0,停机,IsolationForest; Mahalanobis; 单变量IQR+3σ; 残差,1556.458,114,Mahalanobis 距离=1556.5（阈值=18.5）。主要贡献特征：PC1 (91.0%); PC3 (8.6%)。
687,2024-04-05 19:47:00,2024-04-05 19:48:00,2.0,停机,IsolationForest; Mahalanobis; 单变量IQR+3σ; 残差,1553.733,76,Mahalanobis 距离=1553.7（阈值=18.5）。主要贡献特征：PC1 (89.9%); PC3 (9.7%)。
688,2024-04-05 19:51:00,2024-04-05 19:51:00,1.0,重载牵引,IsolationForest; Mahalanobis; 单变量IQR+3σ; 残差,2.496,38,正常
689,2024-04-05 19:53:00,2024-04-05 19:58:00,6.0,停机,IsolationForest; Mahalanobis; 单变量IQR+3σ; 残差,1176.319,228,Mahalanobis 距离=1176.3（阈值=18.5）。主要贡献特征：PC1 (88.2%); PC3 (10.5%); PC4 (1.3%)。
690,2024-04-05 20:03:00,2024-04-05 20:06:00,4.0,停机,IsolationForest; Mahalanobis; 单变量IQR+3σ; 残差,1096.129,152,Mahalanobis 距离=1096.1（阈值=18.5）。主要贡献特征：PC1 (94.8%); PC4 (3.0%); PC3 (2.1%)。
691,2024-04-05 20:11:00,2024-04-05 20:12:00,2.0,待机,IsolationForest; Mahalanobis; 单变量IQR+3σ; 残差,3777.151,76,Mahalanobis 距离=3777.2（阈值=18.5）。主要贡献特征：PC1 (84.2%); PC4 (11.5%); PC3 (4.3%)。
692,2024-04-05 20:16:00,2024-04-05 20:16:00,1.0,重载牵引,IsolationForest; Mahalanobis; 单变量IQR+3σ; 残差,2.365,38,正常
693,2024-04-05 20:20:00,2024-04-05 20:20:00,1.0,重载牵引,IsolationForest; Mahalanobis; 单变量IQR+3σ; 残差,3.362,38,正常
694,2024-04-05 20:33:00,2024-04-05 20:33:00,1.0,停机,IsolationForest; Mahalanobis; 单变量IQR+3σ; 残差,1492.438,38,Mahalanobis 距离=1492.4（阈值=18.5）。主要贡献特征：PC1 (94.2%); PC3 (4.1%); PC4 (1.6%)。
695,2024-04-05 20:35:00,2024-04-05 20:35:00,1.0,重载牵引,IsolationForest; Mahalanobis; 单变量IQR+3σ; 残差,5.439,38,正常
696,2024-04-05 20:40:00,2024-04-05 20:40:00,1.0,待机,IsolationForest; Mahalanobis; 单变量IQR+3σ; 残差,4108.64,38,Mahalanobis 距离=4108.6（阈值=18.5）。主要贡献特征：PC1 (89.0%); PC3 (5.7%); PC4 (5.2%)。
697,2024-04-05 20:42:00,2024-04-05 20:42:00,1.0,待机,IsolationForest; Mahalanobis; 单变量IQR+3σ; 残差,4309.118,38,Mahalanobis 距离=4309.1（阈值=18.5）。主要贡献特征：PC1 (91.3%); PC4 (4.7%); PC3 (4.0%)。
698,2024-04-05 20:45:00,2024-04-05 20:45:00,1.0,待机,IsolationForest; Mahalanobis; 单变量IQR+3σ; 残差,4401.181,38,Mahalanobis 距离=4401.2（阈值=18.5）。主要贡献特征：PC1 (92.8%); PC3 (3.7%); PC4 (3.5%)。
699,2024-04-05 20:49:00,2024-04-05 20:54:00,6.0,待机,IsolationForest; Mahalanobis; 单变量IQR+3σ; 残差,4006.169,228,Mahalanobis 距离=4006.2（阈值=18.5）。主要贡献特征：PC1 (86.3%); PC3 (11.5%); PC4 (2.1%)。
700,2024-04-05 20:56:00,2024-04-05 20:56:00,1.0,重载牵引,IsolationForest; Mahalanobis; 单变量IQR+3σ; 残差,5.633,38,正常
701,2024-04-05 20:59:00,2024-04-05 20:59:00,1.0,待机,IsolationForest; Mahalanobis; 单变量IQR+3σ; 残差,10743.295,38,Mahalanobis 距离=10743.3（阈值=18.5）。主要贡献特征：PC1 (62.1%); PC3 (37.9%)。
702,2024-04-05 21:01:00,2024-04-05 21:04:00,4.0,停机,IsolationForest; Mahalanobis; 单变量IQR+3σ; 残差,2341.359,152,Mahalanobis 距离=2341.4（阈值=18.5）。主要贡献特征：PC1 (98.1%); PC4 (1.1%)。
703,2024-04-05 21:06:00,2024-04-05 21:09:00,4.0,停机,IsolationForest; Mahalanobis; 单变量IQR+3σ; 残差,307.231,152,Mahalanobis 距离=307.2（阈值=18.5）。主要贡献特征：PC1 (52.0%); PC3 (45.5%); PC4 (2.4%)。
704,2024-04-05 21:12:00,2024-04-05 21:12:00,1.0,停机,IsolationForest; Mahalanobis; 单变量IQR+3σ; 残差,2126.322,38,Mahalanobis 距离=2126.3（阈值=18.5）。主要贡献特征：PC1 (90.3%); PC3 (7.9%); PC4 (1.8%)。
705,2024-04-05 21:17:00,2024-04-05 21:17:00,1.0,重载牵引,IsolationForest; Mahalanobis; 单变量IQR+3σ; 残差,3.659,38,正常
706,2024-04-05 21:20:00,2024-04-05 21:21:00,2.0,重载牵引,IsolationForest; Mahalanobis; 单变量IQR+3σ; 残差,5.997,76,残差异常：采煤机_油泵_右电机_电流 偏高（残差 Z-score=6.0，实际=57.0 vs 预测=17.2）
707,2024-04-05 21:24:00,2024-04-05 21:25:00,2.0,停机,IsolationForest; Mahalanobis; 单变量IQR+3σ; 残差,1226.67,76,Mahalanobis 距离=1226.7（阈值=18.5）。主要贡献特征：PC1 (62.7%); PC3 (34.2%); PC4 (3.1%)。
708,2024-04-05 21:36:00,2024-04-05 21:36:00,1.0,重载牵引,IsolationForest; Mahalanobis; 单变量IQR+3σ; 残差,5.587,38,正常
709,2024-04-05 21:42:00,2024-04-05 21:42:00,1.0,重载牵引,IsolationForest; Mahalanobis; 单变量IQR+3σ; 残差,4.279,38,残差异常：采煤机_油泵_右电机_电流 偏高（残差 Z-score=4.3，实际=46.0 vs 预测=17.6）
710,2024-04-05 21:45:00,2024-04-05 21:46:00,2.0,停机,IsolationForest; Mahalanobis; 单变量IQR+3σ; 残差,1036.598,76,Mahalanobis 距离=1036.6（阈值=18.5）。主要贡献特征：PC1 (67.3%); PC3 (31.4%); PC4 (1.3%)。
711,2024-04-05 21:48:00,2024-04-05 21:53:00,6.0,停机,IsolationForest; Mahalanobis; 单变量IQR+3σ; 残差,873.883,228,Mahalanobis 距离=873.9（阈值=18.5）。主要贡献特征：PC1 (67.7%); PC3 (30.4%); PC4 (1.9%)。
712,2024-04-05 21:55:00,2024-04-05 21:55:00,1.0,重载牵引,IsolationForest; Mahalanobis; 单变量IQR+3σ; 残差,6.081,38,正常
713,2024-04-05 22:04:00,2024-04-05 22:04:00,1.0,重载牵引,IsolationForest; Mahalanobis; 单变量IQR+3σ; 残差,3.254,38,残差异常：采煤机_截割部位_右滚筒_电机_电流 偏高（残差 Z-score=3.3，实际=199.0 vs 预测=78.6）
714,2024-04-05 22:12:00,2024-04-05 22:14:00,3.0,停机,IsolationForest; Mahalanobis; 单变量IQR+3σ; 残差,3347.093,114,Mahalanobis 距离=3347.1（阈值=18.5）。主要贡献特征：PC1 (88.7%); PC3 (11.2%)。
715,2024-04-05 22:16:00,2024-04-05 22:16:00,1.0,重载牵引,IsolationForest; Mahalanobis; 单变量IQR+3σ; 残差,4.667,38,正常
716,2024-04-05 22:19:00,2024-04-05 22:19:00,1.0,重载牵引,IsolationForest; Mahalanobis; 单变量IQR+3σ; 残差,5.54,38,正常
717,2024-04-05 22:22:00,2024-04-05 22:29:00,8.0,停机,IsolationForest; Mahalanobis; 单变量IQR+3σ; 残差,10342.563,304,Mahalanobis 距离=10342.6（阈值=18.5）。主要贡献特征：PC3 (93.9%); PC1 (6.1%)。
718,2024-04-05 22:37:00,2024-04-05 22:37:00,1.0,待机,IsolationForest; Mahalanobis; 单变量IQR+3σ; 残差,4263.048,38,Mahalanobis 距离=4263.0（阈值=18.5）。主要贡献特征：PC1 (87.8%); PC4 (11.5%)。
719,2024-04-05 22:50:00,2024-04-05 22:54:00,5.0,停机,IsolationForest; Mahalanobis; 单变量IQR+3σ; 残差,2022.625,190,Mahalanobis 距离=2022.6（阈值=18.5）。主要贡献特征：PC1 (97.7%); PC4 (1.9%)。
720,2024-04-05 22:59:00,2024-04-05 22:59:00,1.0,停机,IsolationForest; Mahalanobis; 单变量IQR+3σ; 残差,1708.207,38,Mahalanobis 距离=1708.2（阈值=18.5）。主要贡献特征：PC1 (93.6%); PC3 (6.0%)。
721,2024-04-05 23:05:00,2024-04-05 23:05:00,1.0,待机,IsolationForest; Mahalanobis; 单变量IQR+3σ; 残差,5059.667,38,Mahalanobis 距离=5059.7（阈值=18.5）。主要贡献特征：PC1 (96.7%); PC4 (2.2%); PC3 (1.0%)。
722,2024-04-05 23:07:00,2024-04-05 23:07:00,1.0,重载牵引,IsolationForest; Mahalanobis; 单变量IQR+3σ; 残差,5.762,38,残差异常：采煤机_截割部位_右滚筒_电机_电流 偏高（残差 Z-score=5.8，实际=314.0 vs 预测=100.8）
723,2024-04-05 23:09:00,2024-04-05 23:13:00,5.0,停机,IsolationForest; Mahalanobis; 单变量IQR+3σ; 残差,3249.543,190,Mahalanobis 距离=3249.5（阈值=18.5）。主要贡献特征：PC1 (94.8%); PC3 (5.1%)。
724,2024-04-05 23:18:00,2024-04-05 23:25:00,8.0,停机,IsolationForest; Mahalanobis; 单变量IQR+3σ; 残差,1008.082,304,Mahalanobis 距离=1008.1（阈值=18.5）。主要贡献特征：PC1 (83.6%); PC3 (16.2%)。
725,2024-04-05 23:58:00,2024-04-06 00:05:00,8.0,待机,IsolationForest; Mahalanobis; 单变量IQR+3σ; 残差,26.932,304,Mahalanobis 距离=26.9（阈值=18.5）。主要贡献特征：PC3 (50.3%); PC4 (48.8%)。
726,2024-04-06 00:07:00,2024-04-06 00:16:00,10.0,停机,IsolationForest; Mahalanobis; 单变量IQR+3σ; 残差,1162.194,380,Mahalanobis 距离=1162.2（阈值=18.5）。主要贡献特征：PC1 (89.0%); PC3 (10.8%)。
727,2024-04-06 00:31:00,2024-04-06 00:33:00,3.0,重载牵引,IsolationForest; Mahalanobis; 单变量IQR+3σ; 残差,4.697,114,单变量异常：采煤机_油泵_左电机_电流（z-score=4.7，实际=50.0，均值=18.3±6.7）
728,2024-04-06 00:37:00,2024-04-06 00:38:00,2.0,停机,IsolationForest; Mahalanobis; 单变量IQR+3σ; 残差,1135.073,76,Mahalanobis 距离=1135.1（阈值=18.5）。主要贡献特征：PC1 (61.2%); PC3 (35.4%); PC4 (3.3%)。
729,2024-04-06 00:40:00,2024-04-06 00:40:00,1.0,重载牵引,IsolationForest; Mahalanobis; 单变量IQR+3σ; 残差,5.038,38,残差异常：采煤机_截割部位_右滚筒_电机_电流 偏高（残差 Z-score=5.0，实际=252.0 vs 预测=65.6）
730,2024-04-06 00:57:00,2024-04-06 01:02:00,6.0,停机,IsolationForest; Mahalanobis; 单变量IQR+3σ; 残差,1438.302,228,Mahalanobis 距离=1438.3（阈值=18.5）。主要贡献特征：PC1 (77.0%); PC3 (22.0%)。
731,2024-04-06 01:10:00,2024-04-06 01:10:00,1.0,停机,IsolationForest; Mahalanobis; 单变量IQR+3σ; 残差,1352.685,38,Mahalanobis 距离=1352.7（阈值=18.5）。主要贡献特征：PC1 (80.2%); PC3 (19.7%)。
732,2024-04-06 01:13:00,2024-04-06 01:15:00,3.0,停机,IsolationForest; Mahalanobis; 单变量IQR+3σ; 残差,1589.575,114,Mahalanobis 距离=1589.6（阈值=18.5）。主要贡献特征：PC1 (86.3%); PC3 (13.6%)。
733,2024-04-06 01:19:00,2024-04-06 01:25:00,7.0,停机,IsolationForest; Mahalanobis; 单变量IQR+3σ; 残差,1742.207,266,Mahalanobis 距离=1742.2（阈值=18.5）。主要贡献特征：PC1 (92.0%); PC3 (8.0%)。
734,2024-04-06 01:35:00,2024-04-06 01:35:00,1.0,重载牵引,IsolationForest; Mahalanobis; 单变量IQR+3σ; 残差,4.671,38,残差异常：采煤机_油泵_右电机_电流 偏高（残差 Z-score=4.7，实际=48.0 vs 预测=17.0）
735,2024-04-06 01:46:00,2024-04-06 01:46:00,1.0,重载牵引,IsolationForest; Mahalanobis; 单变量IQR+3σ; 残差,5.153,38,残差异常：采煤机_油泵_右电机_电流 偏高（残差 Z-score=5.2，实际=52.0 vs 预测=17.8）
736,2024-04-06 01:57:00,2024-04-06 01:57:00,1.0,重载牵引,IsolationForest; Mahalanobis; 单变量IQR+3σ; 残差,6.032,38,正常
737,2024-04-06 02:06:00,2024-04-06 02:06:00,1.0,停机,IsolationForest; Mahalanobis; 单变量IQR+3σ; 残差,2692.421,38,Mahalanobis 距离=2692.4（阈值=18.5）。主要贡献特征：PC1 (94.6%); PC3 (5.1%)。
738,2024-04-06 02:08:00,2024-04-06 02:11:00,4.0,停机,IsolationForest; Mahalanobis; 单变量IQR+3σ; 残差,1693.23,152,Mahalanobis 距离=1693.2（阈值=18.5）。主要贡献特征：PC1 (98.1%); PC3 (1.7%)。
739,2024-04-06 02:16:00,2024-04-06 02:18:00,3.0,停机,IsolationForest; Mahalanobis; 单变量IQR+3σ; 残差,132.901,114,Mahalanobis 距离=132.9（阈值=18.5）。主要贡献特征：PC1 (61.5%); PC3 (38.1%)。
740,2024-04-06 02:28:00,2024-04-06 02:28:00,1.0,重载牵引,IsolationForest; Mahalanobis; 单变量IQR+3σ; 残差,4.104,38,正常
741,2024-04-06 02:42:00,2024-04-06 02:42:00,1.0,停机,IsolationForest; Mahalanobis; 单变量IQR+3σ; 残差,2501.609,38,Mahalanobis 距离=2501.6（阈值=18.5）。主要贡献特征：PC1 (91.1%); PC4 (4.6%); PC3 (4.3%)。
742,2024-04-06 02:51:00,2024-04-06 02:51:00,1.0,重载牵引,IsolationForest; Mahalanobis; 单变量IQR+3σ; 残差,5.665,38,残差异常：采煤机_油泵_右电机_电流 偏高（残差 Z-score=5.7，实际=55.0 vs 预测=17.4）
743,2024-04-06 02:54:00,2024-04-06 02:54:00,1.0,重载牵引,IsolationForest; Mahalanobis; 单变量IQR+3σ; 残差,3.063,38,残差异常：采煤机_截割部位_左滚筒_电机_电流 偏高（残差 Z-score=3.1，实际=219.0 vs 预测=95.6）
744,2024-04-06 02:56:00,2024-04-06 02:56:00,1.0,待机,IsolationForest; Mahalanobis; 单变量IQR+3σ; 残差,3691.788,38,Mahalanobis 距离=3691.8（阈值=18.5）。主要贡献特征：PC1 (58.5%); PC3 (39.9%); PC4 (1.6%)。
745,2024-04-06 03:01:00,2024-04-06 03:08:00,8.0,停机,IsolationForest; Mahalanobis; 单变量IQR+3σ; 残差,1661.076,304,Mahalanobis 距离=1661.1（阈值=18.5）。主要贡献特征：PC1 (77.8%); PC3 (20.3%); PC4 (1.9%)。
746,2024-04-06 03:10:00,2024-04-06 03:10:00,1.0,重载牵引,IsolationForest; Mahalanobis; 单变量IQR+3σ; 残差,5.216,38,残差异常：采煤机_截割部位_右滚筒_电机_电流 偏高（残差 Z-score=5.2，实际=273.0 vs 预测=80.0）
747,2024-04-06 03:27:00,2024-04-06 03:27:00,1.0,待机,IsolationForest; Mahalanobis; 单变量IQR+3σ; 残差,3730.279,38,Mahalanobis 距离=3730.3（阈值=18.5）。主要贡献特征：PC1 (81.8%); PC3 (16.0%); PC4 (2.2%)。
748,2024-04-06 03:30:00,2024-04-06 03:30:00,1.0,重载牵引,IsolationForest; Mahalanobis; 单变量IQR+3σ; 残差,5.243,38,残差异常：采煤机_油泵_右电机_电流 偏高（残差 Z-score=5.2，实际=53.0 vs 预测=18.2）
749,2024-04-06 03:34:00,2024-04-06 03:34:00,1.0,待机,IsolationForest; Mahalanobis; 单变量IQR+3σ; 残差,3760.609,38,Mahalanobis 距离=3760.6（阈值=18.5）。主要贡献特征：PC1 (83.2%); PC3 (11.6%); PC4 (5.2%)。
750,2024-04-06 03:36:00,2024-04-06 03:36:00,1.0,重载牵引,IsolationForest; Mahalanobis; 单变量IQR+3σ; 残差,5.236,38,正常
751,2024-04-06 03:47:00,2024-04-06 03:47:00,1.0,重载牵引,IsolationForest; Mahalanobis; 单变量IQR+3σ; 残差,4.697,38,正常
752,2024-04-06 03:53:00,2024-04-06 03:54:00,2.0,待机,IsolationForest; Mahalanobis; 单变量IQR+3σ; 残差,4114.592,76,Mahalanobis 距离=4114.6（阈值=18.5）。主要贡献特征：PC1 (86.8%); PC4 (12.4%)。
753,2024-04-06 04:00:00,2024-04-06 04:00:00,1.0,停机,IsolationForest; Mahalanobis; 单变量IQR+3σ; 残差,2403.044,38,Mahalanobis 距离=2403.0（阈值=18.5）。主要贡献特征：PC1 (97.3%); PC4 (1.6%); PC3 (1.1%)。
754,2024-04-06 04:03:00,2024-04-06 04:03:00,1.0,重载牵引,IsolationForest; Mahalanobis; 单变量IQR+3σ; 残差,4.104,38,正常
755,2024-04-06 04:05:00,2024-04-06 04:05:00,1.0,重载牵引,IsolationForest; Mahalanobis; 单变量IQR+3σ; 残差,5.725,38,残差异常：采煤机_油泵_右电机_电流 偏高（残差 Z-score=5.7，实际=55.0 vs 预测=17.0）
756,2024-04-06 04:07:00,2024-04-06 04:11:00,5.0,停机,IsolationForest; Mahalanobis; 单变量IQR+3σ; 残差,1987.278,190,Mahalanobis 距离=1987.3（阈值=18.5）。主要贡献特征：PC1 (98.1%); PC3 (1.4%)。
757,2024-04-06 04:26:00,2024-04-06 04:30:00,5.0,待机,IsolationForest; Mahalanobis; 单变量IQR+3σ; 残差,2223.363,190,Mahalanobis 距离=2223.4（阈值=18.5）。主要贡献特征：PC1 (84.7%); PC4 (15.1%)。
758,2024-04-06 04:32:00,2024-04-06 04:38:00,7.0,待机,IsolationForest; Mahalanobis; 单变量IQR+3σ; 残差,4841.612,266,Mahalanobis 距离=4841.6（阈值=18.5）。主要贡献特征：PC1 (95.2%); PC4 (2.9%); PC3 (1.9%)。
759,2024-04-06 04:40:00,2024-04-06 04:41:00,2.0,待机,IsolationForest; Mahalanobis; 单变量IQR+3σ; 残差,2485.207,76,Mahalanobis 距离=2485.2（阈值=18.5）。主要贡献特征：PC1 (90.1%); PC4 (9.0%)。
760,2024-04-06 04:44:00,2024-04-06 04:44:00,1.0,停机,IsolationForest; Mahalanobis; 单变量IQR+3σ; 残差,2009.916,38,Mahalanobis 距离=2009.9（阈值=18.5）。主要贡献特征：PC1 (97.1%); PC3 (2.9%)。
761,2024-04-06 04:46:00,2024-04-06 04:48:00,3.0,停机,IsolationForest; Mahalanobis; 单变量IQR+3σ; 残差,1839.943,114,Mahalanobis 距离=1839.9（阈值=18.5）。主要贡献特征：PC1 (95.4%); PC3 (4.6%)。
762,2024-04-06 04:53:00,2024-04-06 04:55:00,3.0,重载牵引,IsolationForest; Mahalanobis; 单变量IQR+3σ; 残差,4.545,114,正常
763,2024-04-06 05:00:00,2024-04-06 05:00:00,1.0,重载牵引,IsolationForest; Mahalanobis; 单变量IQR+3σ; 残差,5.545,38,残差异常：采煤机_油泵_右电机_电流 偏高（残差 Z-score=5.5，实际=54.0 vs 预测=17.2）
764,2024-04-06 05:06:00,2024-04-06 05:10:00,5.0,停机,IsolationForest; Mahalanobis; 单变量IQR+3σ; 残差,1881.167,190,Mahalanobis 距离=1881.2（阈值=18.5）。主要贡献特征：PC1 (84.2%); PC3 (13.4%); PC4 (2.4%)。
765,2024-04-06 05:34:00,2024-04-06 05:37:00,4.0,待机,IsolationForest; Mahalanobis; 单变量IQR+3σ; 残差,3061.262,152,Mahalanobis 距离=3061.3（阈值=18.5）。主要贡献特征：PC1 (77.3%); PC3 (19.7%); PC4 (3.0%)。
766,2024-04-06 05:40:00,2024-04-06 05:43:00,4.0,停机,IsolationForest; Mahalanobis; 单变量IQR+3σ; 残差,1853.75,152,Mahalanobis 距离=1853.7（阈值=18.5）。主要贡献特征：PC1 (79.2%); PC3 (17.1%); PC4 (3.7%)。
767,2024-04-06 05:51:00,2024-04-06 05:51:00,1.0,重载牵引,IsolationForest; Mahalanobis; 单变量IQR+3σ; 残差,3.549,38,残差异常：采煤机_截割部位_左滚筒_电机_电流 偏高（残差 Z-score=3.5，实际=219.0 vs 预测=76.0）
768,2024-04-06 06:01:00,2024-04-06 06:01:00,1.0,重载牵引,IsolationForest; Mahalanobis; 单变量IQR+3σ; 残差,4.761,38,残差异常：采煤机_油泵_右电机_电流 偏高（残差 Z-score=4.8，实际=49.0 vs 预测=17.4）
769,2024-04-06 06:13:00,2024-04-06 06:13:00,1.0,待机,IsolationForest; Mahalanobis; 单变量IQR+3σ; 残差,3721.346,38,Mahalanobis 距离=3721.3（阈值=18.5）。主要贡献特征：PC1 (75.7%); PC3 (23.8%)。
770,2024-04-06 06:15:00,2024-04-06 06:15:00,1.0,重载牵引,IsolationForest; Mahalanobis; 单变量IQR+3σ; 残差,5.736,38,正常
771,2024-04-06 06:17:00,2024-04-06 06:17:00,1.0,重载牵引,IsolationForest; Mahalanobis; 单变量IQR+3σ; 残差,5.587,38,正常
772,2024-04-06 06:23:00,2024-04-06 06:23:00,1.0,重载牵引,IsolationForest; Mahalanobis; 单变量IQR+3σ; 残差,5.273,38,残差异常：采煤机_油泵_右电机_电流 偏高（残差 Z-score=5.3，实际=52.0 vs 预测=17.0）
773,2024-04-06 06:26:00,2024-04-06 06:26:00,1.0,重载牵引,IsolationForest; Mahalanobis; 单变量IQR+3σ; 残差,3.033,38,残差异常：采煤机_破碎机_电机_电流 偏高（残差 Z-score=3.0，实际=34.0 vs 预测=0.0）
774,2024-04-06 06:29:00,2024-04-06 06:29:00,1.0,待机,IsolationForest; Mahalanobis; 单变量IQR+3σ; 残差,3590.972,38,Mahalanobis 距离=3591.0（阈值=18.5）。主要贡献特征：PC1 (80.6%); PC3 (12.6%); PC4 (6.8%)。
775,2024-04-06 06:36:00,2024-04-06 06:36:00,1.0,重载牵引,IsolationForest; Mahalanobis; 单变量IQR+3σ; 残差,3.674,38,正常
776,2024-04-06 06:39:00,2024-04-06 06:40:00,2.0,重载牵引,IsolationForest; Mahalanobis; 单变量IQR+3σ; 残差,5.587,76,正常
777,2024-04-06 06:50:00,2024-04-06 06:52:00,3.0,停机,IsolationForest; Mahalanobis; 单变量IQR+3σ; 残差,1785.858,114,Mahalanobis 距离=1785.9（阈值=18.5）。主要贡献特征：PC1 (96.5%); PC4 (3.4%)。
778,2024-04-06 07:04:00,2024-04-06 07:04:00,1.0,停机,IsolationForest; Mahalanobis; 单变量IQR+3σ; 残差,1892.531,38,Mahalanobis 距离=1892.5（阈值=18.5）。主要贡献特征：PC1 (96.4%); PC3 (3.4%)。
779,2024-04-06 07:07:00,2024-04-06 07:08:00,2.0,停机,IsolationForest; Mahalanobis; 单变量IQR+3σ; 残差,1547.485,76,Mahalanobis 距离=1547.5（阈值=18.5）。主要贡献特征：PC1 (89.1%); PC3 (10.8%)。
780,2024-04-06 07:13:00,2024-04-06 07:13:00,1.0,待机,IsolationForest; Mahalanobis; 单变量IQR+3σ; 残差,4696.031,38,Mahalanobis 距离=4696.0（阈值=18.5）。主要贡献特征：PC1 (94.0%); PC3 (5.1%)。
781,2024-04-06 07:18:00,2024-04-06 07:18:00,1.0,待机,IsolationForest; Mahalanobis; 单变量IQR+3σ; 残差,7914.316,38,Mahalanobis 距离=7914.3（阈值=18.5）。主要贡献特征：PC1 (89.9%); PC3 (10.0%)。
782,2024-04-06 07:20:00,2024-04-06 07:20:00,1.0,重载牵引,IsolationForest; Mahalanobis; 单变量IQR+3σ; 残差,3.063,38,残差异常：采煤机_截割部位_左滚筒_电机_电流 偏高（残差 Z-score=3.1，实际=201.0 vs 预测=77.6）
783,2024-04-06 07:24:00,2024-04-06 07:25:00,2.0,待机,IsolationForest; Mahalanobis; 单变量IQR+3σ; 残差,3735.34,76,Mahalanobis 距离=3735.3（阈值=18.5）。主要贡献特征：PC1 (74.6%); PC3 (25.3%)。
784,2024-04-06 07:28:00,2024-04-06 07:29:00,2.0,待机,IsolationForest; Mahalanobis; 单变量IQR+3σ; 残差,4656.192,76,Mahalanobis 距离=4656.2（阈值=18.5）。主要贡献特征：PC1 (83.3%); PC3 (16.1%)。
785,2024-04-06 07:36:00,2024-04-06 07:36:00,1.0,停机,IsolationForest; Mahalanobis; 单变量IQR+3σ; 残差,1922.752,38,Mahalanobis 距离=1922.8（阈值=18.5）。主要贡献特征：PC1 (79.4%); PC3 (16.9%); PC4 (3.7%)。
786,2024-04-06 07:47:00,2024-04-06 07:47:00,1.0,重载牵引,IsolationForest; Mahalanobis; 单变量IQR+3σ; 残差,3.122,38,残差异常：采煤机_截割部位_左滚筒_电机_电流 偏高（残差 Z-score=3.1，实际=197.0 vs 预测=71.2）
787,2024-04-06 07:59:00,2024-04-06 08:02:00,4.0,停机,IsolationForest; Mahalanobis; 单变量IQR+3σ; 残差,1301.209,152,Mahalanobis 距离=1301.2（阈值=18.5）。主要贡献特征：PC1 (73.8%); PC3 (25.2%); PC4 (1.1%)。
788,2024-04-06 08:05:00,2024-04-06 08:05:00,1.0,重载牵引,IsolationForest; Mahalanobis; 单变量IQR+3σ; 残差,12.441,38,正常
789,2024-04-06 08:07:00,2024-04-06 08:09:00,3.0,待机,IsolationForest; Mahalanobis; 单变量IQR+3σ; 残差,6479.563,114,Mahalanobis 距离=6479.6（阈值=18.5）。主要贡献特征：PC1 (99.9%)。
790,2024-04-06 08:14:00,2024-04-06 08:14:00,1.0,待机,IsolationForest; Mahalanobis; 单变量IQR+3σ; 残差,4180.014,38,Mahalanobis 距离=4180.0（阈值=18.5）。主要贡献特征：PC1 (85.2%); PC3 (14.5%)。
791,2024-04-06 08:16:00,2024-04-06 08:16:00,1.0,重载牵引,IsolationForest; Mahalanobis; 单变量IQR+3σ; 残差,3.015,38,残差异常：采煤机_破碎机_电机_电流 偏高（残差 Z-score=3.0，实际=49.0 vs 预测=15.2）
792,2024-04-06 08:25:00,2024-04-06 08:25:00,1.0,重载牵引,IsolationForest; Mahalanobis; 单变量IQR+3σ; 残差,5.575,38,残差异常：采煤机_油泵_右电机_电流 偏高（残差 Z-score=5.6，实际=54.0 vs 预测=17.0）
793,2024-04-06 08:28:00,2024-04-06 08:29:00,2.0,待机,IsolationForest; Mahalanobis; 单变量IQR+3σ; 残差,4129.144,76,Mahalanobis 距离=4129.1（阈值=18.5）。主要贡献特征：PC1 (90.0%); PC4 (5.2%); PC3 (4.8%)。
794,2024-04-06 08:37:00,2024-04-06 08:37:00,1.0,待机,IsolationForest; Mahalanobis; 单变量IQR+3σ; 残差,3734.032,38,Mahalanobis 距离=3734.0（阈值=18.5）。主要贡献特征：PC1 (84.5%); PC4 (9.8%); PC3 (5.6%)。
795,2024-04-06 08:42:00,2024-04-06 08:42:00,1.0,重载牵引,IsolationForest; Mahalanobis; 单变量IQR+3σ; 残差,3.624,38,正常
796,2024-04-06 08:44:00,2024-04-06 08:44:00,1.0,重载牵引,IsolationForest; Mahalanobis; 单变量IQR+3σ; 残差,4.104,38,正常
797,2024-04-06 08:47:00,2024-04-06 09:40:00,54.0,重载牵引,IsolationForest; Mahalanobis; 单变量IQR+3σ; 残差,11.268,2052,残差异常：采煤机_牵引部位_位置米数 偏高（残差 Z-score=11.3，实际=266.5 vs 预测=38.1）
798,2024-04-06 09:43:00,2024-04-06 09:43:00,1.0,重载牵引,IsolationForest; Mahalanobis; 单变量IQR+3σ; 残差,3.359,38,正常
799,2024-04-06 09:49:00,2024-04-06 09:50:00,2.0,重载牵引,IsolationForest; Mahalanobis; 单变量IQR+3σ; 残差,6.096,76,残差异常：采煤机_截割部位_左滚筒_电机_电流 偏高（残差 Z-score=6.1，实际=320.0 vs 预测=74.4）
800,2024-04-06 09:53:00,2024-04-06 09:54:00,2.0,待机,IsolationForest; Mahalanobis; 单变量IQR+3σ; 残差,3698.606,76,Mahalanobis 距离=3698.6（阈值=18.5）。主要贡献特征：PC1 (61.8%); PC3 (36.9%); PC4 (1.3%)。
801,2024-04-06 09:56:00,2024-04-06 10:08:00,13.0,待机,IsolationForest; Mahalanobis; 单变量IQR+3σ; 残差,4175.006,494,Mahalanobis 距离=4175.0（阈值=18.5）。主要贡献特征：PC1 (72.2%); PC3 (26.4%); PC4 (1.4%)。
802,2024-04-06 11:30:00,2024-04-06 11:32:00,3.0,待机,IsolationForest; Mahalanobis; 单变量IQR+3σ; 残差,3.341,114,正常
803,2024-04-06 12:51:00,2024-04-06 13:19:00,29.0,待机,IsolationForest; Mahalanobis; 单变量IQR+3σ; 残差,3260.492,1102,Mahalanobis 距离=3260.5（阈值=18.5）。主要贡献特征：PC3 (70.8%); PC1 (27.9%); PC4 (1.2%)。
804,2024-04-06 14:05:00,2024-04-06 14:12:00,8.0,待机,IsolationForest; Mahalanobis; 单变量IQR+3σ; 残差,4591.814,304,Mahalanobis 距离=4591.8（阈值=18.5）。主要贡献特征：PC3 (65.5%); PC1 (34.0%)。
805,2024-04-06 15:01:00,2024-04-06 15:08:00,8.0,停机,IsolationForest; Mahalanobis; 单变量IQR+3σ; 残差,1028.209,304,Mahalanobis 距离=1028.2（阈值=18.5）。主要贡献特征：PC1 (67.8%); PC3 (22.1%); PC4 (10.1%)。
806,2024-04-06 15:29:00,2024-04-06 16:06:00,38.0,停机,IsolationForest; Mahalanobis; 单变量IQR+3σ; 残差,10777.93,1444,Mahalanobis 距离=10777.9（阈值=18.5）。主要贡献特征：PC3 (89.2%); PC1 (10.0%)。
807,2024-04-06 16:09:00,2024-04-06 16:29:00,21.0,停机,IsolationForest; Mahalanobis; 单变量IQR+3σ; 残差,1692.774,798,Mahalanobis 距离=1692.8（阈值=18.5）。主要贡献特征：PC1 (81.9%); PC3 (17.1%); PC4 (1.0%)。
808,2024-04-06 16:31:00,2024-04-06 16:41:00,11.0,待机,IsolationForest; Mahalanobis; 单变量IQR+3σ; 残差,4950.178,418,Mahalanobis 距离=4950.2（阈值=18.5）。主要贡献特征：PC1 (95.7%); PC4 (3.7%)。
809,2024-04-06 16:51:00,2024-04-06 16:51:00,1.0,停机,IsolationForest; Mahalanobis; 单变量IQR+3σ; 残差,1465.918,38,Mahalanobis 距离=1465.9（阈值=18.5）。主要贡献特征：PC1 (91.6%); PC3 (6.8%); PC4 (1.6%)。
810,2024-04-06 17:02:00,2024-04-06 17:02:00,1.0,重载牵引,IsolationForest; Mahalanobis; 单变量IQR+3σ; 残差,5.388,38,正常
811,2024-04-06 17:14:00,2024-04-06 17:25:00,12.0,停机,IsolationForest; Mahalanobis; 单变量IQR+3σ; 残差,10381.213,456,Mahalanobis 距离=10381.2（阈值=18.5）。主要贡献特征：PC3 (93.6%); PC1 (6.3%)。
812,2024-04-06 17:35:00,2024-04-06 17:53:00,19.0,待机,IsolationForest; Mahalanobis; 单变量IQR+3σ; 残差,4829.341,722,Mahalanobis 距离=4829.3（阈值=18.5）。主要贡献特征：PC1 (93.6%); PC4 (6.2%)。
813,2024-04-06 17:56:00,2024-04-06 18:00:00,5.0,停机,IsolationForest; Mahalanobis; 单变量IQR+3σ; 残差,1737.464,190,Mahalanobis 距离=1737.5（阈值=18.5）。主要贡献特征：PC1 (96.9%); PC3 (2.5%)。
814,2024-04-06 18:02:00,2024-04-06 18:10:00,9.0,待机,IsolationForest; Mahalanobis; 单变量IQR+3σ; 残差,4080.113,342,Mahalanobis 距离=4080.1（阈值=18.5）。主要贡献特征：PC1 (88.0%); PC3 (6.9%); PC4 (5.1%)。
815,2024-04-06 18:18:00,2024-04-06 18:18:00,1.0,待机,IsolationForest; Mahalanobis; 单变量IQR+3σ; 残差,4764.599,38,Mahalanobis 距离=4764.6（阈值=18.5）。主要贡献特征：PC1 (95.1%); PC4 (3.2%); PC3 (1.6%)。
816,2024-04-06 18:23:00,2024-04-06 18:24:00,2.0,停机,IsolationForest; Mahalanobis; 单变量IQR+3σ; 残差,1501.85,76,Mahalanobis 距离=1501.9（阈值=18.5）。主要贡献特征：PC1 (88.7%); PC3 (11.3%)。
817,2024-04-06 18:31:00,2024-04-06 18:31:00,1.0,停机,IsolationForest; Mahalanobis; 单变量IQR+3σ; 残差,2070.564,38,Mahalanobis 距离=2070.6（阈值=18.5）。主要贡献特征：PC1 (94.3%); PC3 (5.3%)。
818,2024-04-06 18:49:00,2024-04-06 18:49:00,1.0,重载牵引,IsolationForest; Mahalanobis; 单变量IQR+3σ; 残差,5.128,38,残差异常：采煤机_截割部位_左滚筒_电机_电流 偏高（残差 Z-score=5.1，实际=277.0 vs 预测=70.4）
819,2024-04-06 18:52:00,2024-04-06 18:52:00,1.0,重载牵引,IsolationForest; Mahalanobis; 单变量IQR+3σ; 残差,5.844,38,正常
820,2024-04-06 19:16:00,2024-04-06 19:16:00,1.0,重载牵引,IsolationForest; Mahalanobis; 单变量IQR+3σ; 残差,3.875,38,残差异常：采煤机_牵引部位_左电机_电流 偏高（残差 Z-score=3.9，实际=226.0 vs 预测=108.8）
821,2024-04-06 19:18:00,2024-04-06 19:19:00,2.0,停机,IsolationForest; Mahalanobis; 单变量IQR+3σ; 残差,1716.008,76,Mahalanobis 距离=1716.0（阈值=18.5）。主要贡献特征：PC1 (85.0%); PC3 (13.9%); PC4 (1.1%)。
822,2024-04-06 19:31:00,2024-04-06 19:35:00,5.0,停机,IsolationForest; Mahalanobis; 单变量IQR+3σ; 残差,1501.423,190,Mahalanobis 距离=1501.4（阈值=18.5）。主要贡献特征：PC1 (86.6%); PC3 (13.3%)。
823,2024-04-06 19:47:00,2024-04-06 19:47:00,1.0,空载牵引,IsolationForest; Mahalanobis; 单变量IQR+3σ; 残差,5.143,38,正常
824,2024-04-06 19:53:00,2024-04-06 19:53:00,1.0,重载牵引,IsolationForest; Mahalanobis; 单变量IQR+3σ; 残差,6.207,38,残差异常：采煤机_油泵_右电机_电流 偏高（残差 Z-score=6.2，实际=59.0 vs 预测=17.8）
825,2024-04-06 19:55:00,2024-04-06 19:55:00,1.0,重载牵引,IsolationForest; Mahalanobis; 单变量IQR+3σ; 残差,3.033,38,残差异常：采煤机_破碎机_电机_电流 偏高（残差 Z-score=3.0，实际=34.0 vs 预测=0.0）
826,2024-04-06 20:00:00,2024-04-06 20:00:00,1.0,重载牵引,IsolationForest; Mahalanobis; 单变量IQR+3σ; 残差,7.365,38,正常
827,2024-04-06 20:11:00,2024-04-06 20:11:00,1.0,重载牵引,IsolationForest; Mahalanobis; 单变量IQR+3σ; 残差,5.736,38,正常
828,2024-04-06 20:20:00,2024-04-06 20:22:00,3.0,停机,IsolationForest; Mahalanobis; 单变量IQR+3σ; 残差,2641.951,114,Mahalanobis 距离=2642.0（阈值=18.5）。主要贡献特征：PC1 (97.8%); PC3 (1.6%)。
829,2024-04-06 20:37:00,2024-04-06 20:38:00,2.0,待机,IsolationForest; Mahalanobis; 单变量IQR+3σ; 残差,5136.427,76,Mahalanobis 距离=5136.4（阈值=18.5）。主要贡献特征：PC1 (95.9%); PC3 (4.1%)。
830,2024-04-06 20:47:00,2024-04-06 20:47:00,1.0,重载牵引,IsolationForest; Mahalanobis; 单变量IQR+3σ; 残差,3.956,38,正常
831,2024-04-06 20:49:00,2024-04-06 20:50:00,2.0,待机,IsolationForest; Mahalanobis; 单变量IQR+3σ; 残差,4664.564,76,Mahalanobis 距离=4664.6（阈值=18.5）。主要贡献特征：PC1 (80.5%); PC3 (18.4%); PC4 (1.2%)。
832,2024-04-06 20:53:00,2024-04-06 20:53:00,1.0,重载牵引,IsolationForest; Mahalanobis; 单变量IQR+3σ; 残差,3.241,38,残差异常：采煤机_截割部位_左滚筒_电机_电流 偏高（残差 Z-score=3.2，实际=199.0 vs 预测=68.4）
833,2024-04-06 21:00:00,2024-04-06 21:00:00,1.0,重载牵引,IsolationForest; Mahalanobis; 单变量IQR+3σ; 残差,4.549,38,正常
834,2024-04-06 21:13:00,2024-04-06 21:13:00,1.0,重载牵引,IsolationForest; Mahalanobis; 单变量IQR+3σ; 残差,6.329,38,正常
835,2024-04-06 21:19:00,2024-04-06 21:19:00,1.0,待机,IsolationForest; Mahalanobis; 单变量IQR+3σ; 残差,6116.651,38,Mahalanobis 距离=6116.7（阈值=18.5）。主要贡献特征：PC1 (98.5%); PC3 (1.1%)。
836,2024-04-06 21:24:00,2024-04-06 21:28:00,5.0,停机,IsolationForest; Mahalanobis; 单变量IQR+3σ; 残差,1976.395,190,Mahalanobis 距离=1976.4（阈值=18.5）。主要贡献特征：PC1 (90.4%); PC3 (8.9%)。
837,2024-04-06 21:45:00,2024-04-06 21:48:00,4.0,待机,IsolationForest; Mahalanobis; 单变量IQR+3σ; 残差,2873.165,152,Mahalanobis 距离=2873.2（阈值=18.5）。主要贡献特征：PC3 (68.5%); PC1 (31.4%)。
838,2024-04-06 21:51:00,2024-04-06 21:52:00,2.0,停机,IsolationForest; Mahalanobis; 单变量IQR+3σ; 残差,1760.734,76,Mahalanobis 距离=1760.7（阈值=18.5）。主要贡献特征：PC1 (90.1%); PC3 (9.8%)。
839,2024-04-06 21:55:00,2024-04-06 22:01:00,7.0,停机,IsolationForest; Mahalanobis; 单变量IQR+3σ; 残差,1667.514,266,Mahalanobis 距离=1667.5（阈值=18.5）。主要贡献特征：PC1 (91.4%); PC3 (8.6%)。
840,2024-04-06 22:06:00,2024-04-06 22:06:00,1.0,重载牵引,IsolationForest; Mahalanobis; 单变量IQR+3σ; 残差,1.856,38,正常
841,2024-04-06 22:10:00,2024-04-06 22:10:00,1.0,重载牵引,IsolationForest; Mahalanobis; 单变量IQR+3σ; 残差,5.514,38,残差异常：采煤机_油泵_右电机_电流 偏高（残差 Z-score=5.5，实际=54.0 vs 预测=17.4）
842,2024-04-06 22:18:00,2024-04-06 22:18:00,1.0,重载牵引,IsolationForest; Mahalanobis; 单变量IQR+3σ; 残差,6.509,38,残差异常：采煤机_油泵_右电机_电流 偏高（残差 Z-score=6.5，实际=60.0 vs 预测=16.8）
843,2024-04-06 22:20:00,2024-04-06 22:20:00,1.0,重载牵引,IsolationForest; Mahalanobis; 单变量IQR+3σ; 残差,2.432,38,正常
844,2024-04-06 22:28:00,2024-04-06 22:32:00,5.0,待机,IsolationForest; Mahalanobis; 单变量IQR+3σ; 残差,5796.104,190,Mahalanobis 距离=5796.1（阈值=18.5）。主要贡献特征：PC1 (83.9%); PC4 (10.5%); PC3 (5.6%)。
845,2024-04-06 22:38:00,2024-04-06 22:40:00,3.0,重载牵引,IsolationForest; Mahalanobis; 单变量IQR+3σ; 残差,34.541,114,Mahalanobis 距离=34.5（阈值=18.5）。主要贡献特征：PC1 (98.5%)。
846,2024-04-06 22:48:00,2024-04-06 22:48:00,1.0,重载牵引,IsolationForest; Mahalanobis; 单变量IQR+3σ; 残差,3.308,38,残差异常：采煤机_截割部位_右滚筒_电机_电流 偏高（残差 Z-score=3.3，实际=219.0 vs 预测=96.6）
847,2024-04-06 22:52:00,2024-04-06 22:52:00,1.0,待机,IsolationForest; Mahalanobis; 单变量IQR+3σ; 残差,8396.695,38,Mahalanobis 距离=8396.7（阈值=18.5）。主要贡献特征：PC1 (67.1%); PC3 (28.6%); PC4 (4.3%)。
848,2024-04-06 22:56:00,2024-04-06 23:01:00,6.0,停机,IsolationForest; Mahalanobis; 单变量IQR+3σ; 残差,1730.503,228,Mahalanobis 距离=1730.5（阈值=18.5）。主要贡献特征：PC1 (94.7%); PC3 (5.0%)。
849,2024-04-06 23:04:00,2024-04-06 23:04:00,1.0,重载牵引,IsolationForest; Mahalanobis; 单变量IQR+3σ; 残差,4.549,38,正常
850,2024-04-06 23:06:00,2024-04-06 23:06:00,1.0,重载牵引,IsolationForest; Mahalanobis; 单变量IQR+3σ; 残差,4.697,38,正常
851,2024-04-06 23:09:00,2024-04-06 23:12:00,4.0,停机,IsolationForest; Mahalanobis; 单变量IQR+3σ; 残差,2182.808,152,Mahalanobis 距离=2182.8（阈值=18.5）。主要贡献特征：PC1 (99.7%)。
852,2024-04-06 23:22:00,2024-04-06 23:25:00,4.0,停机,IsolationForest; Mahalanobis; 单变量IQR+3σ; 残差,370.159,152,Mahalanobis 距离=370.2（阈值=18.5）。主要贡献特征：PC1 (65.4%); PC3 (34.4%)。
853,2024-04-06 23:29:00,2024-04-06 23:29:00,1.0,重载牵引,IsolationForest; Mahalanobis; 单变量IQR+3σ; 残差,4.697,38,正常
854,2024-04-06 23:40:00,2024-04-06 23:40:00,1.0,重载牵引,IsolationForest; Mahalanobis; 单变量IQR+3σ; 残差,3.956,38,正常
855,2024-04-06 23:45:00,2024-04-06 23:57:00,13.0,待机,IsolationForest; Mahalanobis; 单变量IQR+3σ; 残差,3672.133,494,Mahalanobis 距离=3672.1（阈值=18.5）。主要贡献特征：PC1 (76.5%); PC3 (17.7%); PC4 (5.8%)。
856,2024-04-07 00:05:00,2024-04-07 00:06:00,2.0,停机,IsolationForest; Mahalanobis; 单变量IQR+3σ; 残差,1271.343,76,Mahalanobis 距离=1271.3（阈值=18.5）。主要贡献特征：PC1 (67.5%); PC3 (29.6%); PC4 (2.9%)。
857,2024-04-07 00:09:00,2024-04-07 00:09:00,1.0,待机,IsolationForest; Mahalanobis; 单变量IQR+3σ; 残差,3599.596,38,Mahalanobis 距离=3599.6（阈值=18.5）。主要贡献特征：PC1 (63.8%); PC3 (34.7%); PC4 (1.6%)。
858,2024-04-07 00:18:00,2024-04-07 00:18:00,1.0,重载牵引,IsolationForest; Mahalanobis; 单变量IQR+3σ; 残差,3.773,38,残差异常：采煤机_截割部位_右滚筒_电机_电流 偏高（残差 Z-score=3.8，实际=215.0 vs 预测=75.4）
859,2024-04-07 00:28:00,2024-04-07 00:28:00,1.0,待机,IsolationForest; Mahalanobis; 单变量IQR+3σ; 残差,4801.546,38,Mahalanobis 距离=4801.5（阈值=18.5）。主要贡献特征：PC1 (91.2%); PC3 (8.8%)。
860,2024-04-07 00:30:00,2024-04-07 00:42:00,13.0,停机,IsolationForest; Mahalanobis; 单变量IQR+3σ; 残差,1749.576,494,Mahalanobis 距离=1749.6（阈值=18.5）。主要贡献特征：PC1 (86.2%); PC3 (13.2%)。
861,2024-04-07 00:53:00,2024-04-07 00:53:00,1.0,待机,IsolationForest; Mahalanobis; 单变量IQR+3σ; 残差,4149.982,38,Mahalanobis 距离=4150.0（阈值=18.5）。主要贡献特征：PC1 (89.0%); PC3 (9.8%); PC4 (1.3%)。
862,2024-04-07 00:55:00,2024-04-07 00:55:00,1.0,待机,IsolationForest; Mahalanobis; 单变量IQR+3σ; 残差,3773.939,38,Mahalanobis 距离=3773.9（阈值=18.5）。主要贡献特征：PC1 (83.3%); PC3 (14.8%); PC4 (1.9%)。
863,2024-04-07 00:58:00,2024-04-07 00:58:00,1.0,重载牵引,IsolationForest; Mahalanobis; 单变量IQR+3σ; 残差,3.787,38,残差异常：采煤机_牵引部位_右电机_电流 偏高（残差 Z-score=3.8，实际=235.0 vs 预测=120.4）
864,2024-04-07 01:07:00,2024-04-07 01:09:00,3.0,待机,IsolationForest; Mahalanobis; 单变量IQR+3σ; 残差,3900.456,114,Mahalanobis 距离=3900.5（阈值=18.5）。主要贡献特征：PC1 (83.8%); PC3 (13.8%); PC4 (2.4%)。
865,2024-04-07 01:11:00,2024-04-07 01:15:00,5.0,停机,IsolationForest; Mahalanobis; 单变量IQR+3σ; 残差,734.134,190,Mahalanobis 距离=734.1（阈值=18.5）。主要贡献特征：PC1 (72.3%); PC3 (27.6%)。
866,2024-04-07 01:40:00,2024-04-07 01:52:00,13.0,停机,IsolationForest; Mahalanobis; 单变量IQR+3σ; 残差,394.983,494,Mahalanobis 距离=395.0（阈值=18.5）。主要贡献特征：PC1 (72.8%); PC3 (26.9%)。
867,2024-04-07 02:17:00,2024-04-07 02:34:00,18.0,待机,IsolationForest; Mahalanobis; 单变量IQR+3σ; 残差,3786.39,684,Mahalanobis 距离=3786.4（阈值=18.5）。主要贡献特征：PC1 (84.1%); PC3 (9.8%); PC4 (6.0%)。
868,2024-04-07 02:40:00,2024-04-07 02:40:00,1.0,重载牵引,IsolationForest; Mahalanobis; 单变量IQR+3σ; 残差,5.876,38,残差异常：采煤机_油泵_右电机_电流 偏高（残差 Z-score=5.9，实际=57.0 vs 预测=18.0）
869,2024-04-07 02:50:00,2024-04-07 02:50:00,1.0,重载牵引,IsolationForest; Mahalanobis; 单变量IQR+3σ; 残差,5.093,38,残差异常：采煤机_油泵_右电机_电流 偏高（残差 Z-score=5.1，实际=52.0 vs 预测=18.2）
870,2024-04-07 02:54:00,2024-04-07 02:54:00,1.0,待机,IsolationForest; Mahalanobis; 单变量IQR+3σ; 残差,4727.09,38,Mahalanobis 距离=4727.1（阈值=18.5）。主要贡献特征：PC1 (90.6%); PC4 (9.4%)。
871,2024-04-07 02:58:00,2024-04-07 02:58:00,1.0,重载牵引,IsolationForest; Mahalanobis; 单变量IQR+3σ; 残差,4.994,38,正常
872,2024-04-07 03:07:00,2024-04-07 03:07:00,1.0,待机,IsolationForest; Mahalanobis; 单变量IQR+3σ; 残差,5013.819,38,Mahalanobis 距离=5013.8（阈值=18.5）。主要贡献特征：PC1 (97.1%); PC4 (1.7%); PC3 (1.2%)。
873,2024-04-07 03:09:00,2024-04-07 03:09:00,1.0,停机,IsolationForest; Mahalanobis; 单变量IQR+3σ; 残差,2068.806,38,Mahalanobis 距离=2068.8（阈值=18.5）。主要贡献特征：PC1 (96.9%); PC3 (3.1%)。
874,2024-04-07 03:12:00,2024-04-07 03:12:00,1.0,停机,IsolationForest; Mahalanobis; 单变量IQR+3σ; 残差,2643.694,38,Mahalanobis 距离=2643.7（阈值=18.5）。主要贡献特征：PC1 (99.9%)。
875,2024-04-07 03:15:00,2024-04-07 03:15:00,1.0,停机,IsolationForest; Mahalanobis; 单变量IQR+3σ; 残差,2661.187,38,Mahalanobis 距离=2661.2（阈值=18.5）。主要贡献特征：PC1 (99.5%)。
876,2024-04-07 03:20:00,2024-04-07 03:21:00,2.0,停机,IsolationForest; Mahalanobis; 单变量IQR+3σ; 残差,2866.436,76,Mahalanobis 距离=2866.4（阈值=18.5）。主要贡献特征：PC1 (98.4%); PC3 (1.2%)。
877,2024-04-07 03:24:00,2024-04-07 03:24:00,1.0,停机,IsolationForest; Mahalanobis; 单变量IQR+3σ; 残差,1600.114,38,Mahalanobis 距离=1600.1（阈值=18.5）。主要贡献特征：PC1 (89.0%); PC3 (10.3%)。
878,2024-04-07 03:33:00,2024-04-07 03:34:00,2.0,待机,IsolationForest; Mahalanobis; 单变量IQR+3σ; 残差,5588.338,76,Mahalanobis 距离=5588.3（阈值=18.5）。主要贡献特征：PC1 (91.7%); PC3 (7.3%)。
879,2024-04-07 03:39:00,2024-04-07 03:42:00,4.0,待机,IsolationForest; Mahalanobis; 单变量IQR+3σ; 残差,4423.249,152,Mahalanobis 距离=4423.2（阈值=18.5）。主要贡献特征：PC1 (75.3%); PC3 (23.0%); PC4 (1.7%)。
880,2024-04-07 03:51:00,2024-04-07 03:53:00,3.0,停机,IsolationForest; Mahalanobis; 单变量IQR+3σ; 残差,9013.322,114,Mahalanobis 距离=9013.3（阈值=18.5）。主要贡献特征：PC3 (82.0%); PC1 (16.7%); PC4 (1.2%)。
881,2024-04-07 04:01:00,2024-04-07 04:01:00,1.0,停机,IsolationForest; Mahalanobis; 单变量IQR+3σ; 残差,1632.307,38,Mahalanobis 距离=1632.3（阈值=18.5）。主要贡献特征：PC1 (78.0%); PC3 (20.1%); PC4 (1.8%)。
882,2024-04-07 04:04:00,2024-04-07 04:04:00,1.0,重载牵引,IsolationForest; Mahalanobis; 单变量IQR+3σ; 残差,3.51,38,残差异常：采煤机_截割部位_左滚筒_电机_电流 偏高（残差 Z-score=3.5，实际=230.0 vs 预测=88.6）
883,2024-04-07 04:17:00,2024-04-07 04:17:00,1.0,待机,IsolationForest; Mahalanobis; 单变量IQR+3σ; 残差,3490.224,38,Mahalanobis 距离=3490.2（阈值=18.5）。主要贡献特征：PC1 (66.9%); PC3 (32.0%); PC4 (1.0%)。
884,2024-04-07 04:20:00,2024-04-07 04:20:00,1.0,重载牵引,IsolationForest; Mahalanobis; 单变量IQR+3σ; 残差,4.103,38,残差异常：采煤机_破碎机_电机_电流 偏高（残差 Z-score=4.1，实际=46.0 vs 预测=0.0）
885,2024-04-07 04:24:00,2024-04-07 04:28:00,5.0,待机,IsolationForest; Mahalanobis; 单变量IQR+3σ; 残差,2692.608,190,Mahalanobis 距离=2692.6（阈值=18.5）。主要贡献特征：PC1 (86.9%); PC4 (7.7%); PC3 (5.4%)。
886,2024-04-07 04:33:00,2024-04-07 04:33:00,1.0,重载牵引,IsolationForest; Mahalanobis; 单变量IQR+3σ; 残差,3.49,38,正常
887,2024-04-07 04:39:00,2024-04-07 04:39:00,1.0,重载牵引,IsolationForest; Mahalanobis; 单变量IQR+3σ; 残差,4.369,38,残差异常：采煤机_油泵_右电机_电流 偏高（残差 Z-score=4.4，实际=46.0 vs 预测=17.0）
888,2024-04-07 04:48:00,2024-04-07 04:48:00,1.0,待机,IsolationForest; Mahalanobis; 单变量IQR+3σ; 残差,4229.268,38,Mahalanobis 距离=4229.3（阈值=18.5）。主要贡献特征：PC1 (87.8%); PC4 (11.8%)。
889,2024-04-07 04:59:00,2024-04-07 04:59:00,1.0,停机,IsolationForest; Mahalanobis; 单变量IQR+3σ; 残差,1738.803,38,Mahalanobis 距离=1738.8（阈值=18.5）。主要贡献特征：PC1 (93.4%); PC3 (6.4%)。
890,2024-04-07 05:04:00,2024-04-07 05:04:00,1.0,空载牵引,IsolationForest; Mahalanobis; 单变量IQR+3σ; 残差,5.617,38,残差异常：采煤机_破碎机_电机_电流 偏高（残差 Z-score=5.6，实际=71.0 vs 预测=0.0）
891,2024-04-07 05:06:00,2024-04-07 05:06:00,1.0,重载牵引,IsolationForest; Mahalanobis; 单变量IQR+3σ; 残差,5.291,38,正常
892,2024-04-07 05:11:00,2024-04-07 05:11:00,1.0,停机,IsolationForest; Mahalanobis; 单变量IQR+3σ; 残差,1800.273,38,Mahalanobis 距离=1800.3（阈值=18.5）。主要贡献特征：PC1 (90.6%); PC3 (9.1%)。
893,2024-04-07 05:13:00,2024-04-07 05:13:00,1.0,停机,IsolationForest; Mahalanobis; 单变量IQR+3σ; 残差,1445.029,38,Mahalanobis 距离=1445.0（阈值=18.5）。主要贡献特征：PC1 (82.9%); PC3 (16.5%)。
894,2024-04-07 05:19:00,2024-04-07 05:19:00,1.0,停机,IsolationForest; Mahalanobis; 单变量IQR+3σ; 残差,1869.252,38,Mahalanobis 距离=1869.3（阈值=18.5）。主要贡献特征：PC1 (86.2%); PC3 (12.2%); PC4 (1.6%)。
895,2024-04-07 05:29:00,2024-04-07 05:29:00,1.0,重载牵引,IsolationForest; Mahalanobis; 单变量IQR+3σ; 残差,3.395,38,残差异常：采煤机_截割部位_左滚筒_电机_电流 偏高（残差 Z-score=3.4，实际=228.0 vs 预测=91.2）
896,2024-04-07 05:32:00,2024-04-07 05:32:00,1.0,重载牵引,IsolationForest; Mahalanobis; 单变量IQR+3σ; 残差,4.846,38,正常
897,2024-04-07 05:39:00,2024-04-07 05:39:00,1.0,重载牵引,IsolationForest; Mahalanobis; 单变量IQR+3σ; 残差,3.554,38,残差异常：采煤机_截割部位_左滚筒_电机_电流 偏高（残差 Z-score=3.6，实际=232.0 vs 预测=88.8）
898,2024-04-07 05:47:00,2024-04-07 05:47:00,1.0,重载牵引,IsolationForest; Mahalanobis; 单变量IQR+3σ; 残差,4.401,38,正常
899,2024-04-07 05:49:00,2024-04-07 05:49:00,1.0,重载牵引,IsolationForest; Mahalanobis; 单变量IQR+3σ; 残差,5.084,38,正常
900,2024-04-07 05:55:00,2024-04-07 05:55:00,1.0,重载牵引,IsolationForest; Mahalanobis; 单变量IQR+3σ; 残差,6.117,38,残差异常：采煤机_油泵_右电机_电流 偏高（残差 Z-score=6.1，实际=58.0 vs 预测=17.4）
901,2024-04-07 05:58:00,2024-04-07 06:04:00,7.0,停机,IsolationForest; Mahalanobis; 单变量IQR+3σ; 残差,1283.737,266,Mahalanobis 距离=1283.7（阈值=18.5）。主要贡献特征：PC1 (80.2%); PC3 (19.8%)。
902,2024-04-07 06:09:00,2024-04-07 06:10:00,2.0,停机,IsolationForest; Mahalanobis; 单变量IQR+3σ; 残差,1403.128,76,Mahalanobis 距离=1403.1（阈值=18.5）。主要贡献特征：PC1 (86.0%); PC3 (13.8%)。
903,2024-04-07 06:14:00,2024-04-07 06:14:00,1.0,重载牵引,IsolationForest; Mahalanobis; 单变量IQR+3σ; 残差,3.3,38,残差异常：采煤机_破碎机_电机_电流 偏高（残差 Z-score=3.3，实际=37.0 vs 预测=0.0）
904,2024-04-07 06:17:00,2024-04-07 06:17:00,1.0,重载牵引,IsolationForest; Mahalanobis; 单变量IQR+3σ; 残差,4.932,38,正常
905,2024-04-07 06:19:00,2024-04-07 06:19:00,1.0,停机,IsolationForest; Mahalanobis; 单变量IQR+3σ; 残差,1349.383,38,Mahalanobis 距离=1349.4（阈值=18.5）。主要贡献特征：PC1 (88.4%); PC3 (10.5%); PC4 (1.0%)。
906,2024-04-07 06:22:00,2024-04-07 06:22:00,1.0,重载牵引,IsolationForest; Mahalanobis; 单变量IQR+3σ; 残差,4.914,38,残差异常：采煤机_截割部位_左滚筒_电机_电流 偏高（残差 Z-score=4.9，实际=291.0 vs 预测=93.0）
907,2024-04-07 06:26:00,2024-04-07 06:27:00,2.0,重载牵引,IsolationForest; Mahalanobis; 单变量IQR+3σ; 残差,6.147,76,残差异常：采煤机_油泵_右电机_电流 偏高（残差 Z-score=6.1，实际=58.0 vs 预测=17.2）
908,2024-04-07 06:30:00,2024-04-07 06:30:00,1.0,停机,IsolationForest; Mahalanobis; 单变量IQR+3σ; 残差,1609.176,38,Mahalanobis 距离=1609.2（阈值=18.5）。主要贡献特征：PC1 (94.4%); PC4 (3.5%); PC3 (2.1%)。
909,2024-04-07 06:32:00,2024-04-07 06:33:00,2.0,停机,IsolationForest; Mahalanobis; 单变量IQR+3σ; 残差,1233.657,76,Mahalanobis 距离=1233.7（阈值=18.5）。主要贡献特征：PC1 (91.0%); PC3 (5.1%); PC4 (3.9%)。
910,2024-04-07 06:35:00,2024-04-07 06:36:00,2.0,重载牵引,IsolationForest; Mahalanobis; 单变量IQR+3σ; 残差,12.64,76,正常
911,2024-04-07 06:40:00,2024-04-07 06:40:00,1.0,待机,IsolationForest; Mahalanobis; 单变量IQR+3σ; 残差,4294.886,38,Mahalanobis 距离=4294.9（阈值=18.5）。主要贡献特征：PC1 (87.5%); PC4 (12.2%)。
912,2024-04-07 06:51:00,2024-04-07 06:51:00,1.0,待机,IsolationForest; Mahalanobis; 单变量IQR+3σ; 残差,7185.351,38,Mahalanobis 距离=7185.4（阈值=18.5）。主要贡献特征：PC1 (79.3%); PC3 (15.4%); PC4 (5.3%)。
913,2024-04-07 06:59:00,2024-04-07 07:01:00,3.0,待机,IsolationForest; Mahalanobis; 单变量IQR+3σ; 残差,4440.344,114,Mahalanobis 距离=4440.3（阈值=18.5）。主要贡献特征：PC1 (92.0%); PC3 (5.4%); PC4 (2.5%)。
914,2024-04-07 07:08:00,2024-04-07 07:08:00,1.0,停机,IsolationForest; Mahalanobis; 单变量IQR+3σ; 残差,2092.764,38,Mahalanobis 距离=2092.8（阈值=18.5）。主要贡献特征：PC1 (97.5%); PC3 (2.2%)。
915,2024-04-07 07:10:00,2024-04-07 07:12:00,3.0,停机,IsolationForest; Mahalanobis; 单变量IQR+3σ; 残差,1756.684,114,Mahalanobis 距离=1756.7（阈值=18.5）。主要贡献特征：PC1 (92.4%); PC3 (7.1%)。
916,2024-04-07 07:17:00,2024-04-07 07:18:00,2.0,停机,IsolationForest; Mahalanobis; 单变量IQR+3σ; 残差,2443.071,76,Mahalanobis 距离=2443.1（阈值=18.5）。主要贡献特征：PC1 (98.3%); PC4 (1.1%)。
917,2024-04-07 07:21:00,2024-04-07 07:22:00,2.0,待机,IsolationForest; Mahalanobis; 单变量IQR+3σ; 残差,3512.754,76,Mahalanobis 距离=3512.8（阈值=18.5）。主要贡献特征：PC1 (78.4%); PC3 (21.6%)。
918,2024-04-07 07:24:00,2024-04-07 07:24:00,1.0,重载牵引,IsolationForest; Mahalanobis; 单变量IQR+3σ; 残差,4.104,38,正常
919,2024-04-07 07:26:00,2024-04-07 07:26:00,1.0,停机,IsolationForest; Mahalanobis; 单变量IQR+3σ; 残差,1788.834,38,Mahalanobis 距离=1788.8（阈值=18.5）。主要贡献特征：PC1 (83.3%); PC3 (14.7%); PC4 (1.9%)。
920,2024-04-07 07:43:00,2024-04-07 07:43:00,1.0,重载牵引,IsolationForest; Mahalanobis; 单变量IQR+3σ; 残差,5.142,38,正常
921,2024-04-07 07:46:00,2024-04-07 07:46:00,1.0,重载牵引,IsolationForest; Mahalanobis; 单变量IQR+3σ; 残差,5.213,38,残差异常：采煤机_油泵_右电机_电流 偏高（残差 Z-score=5.2，实际=52.0 vs 预测=17.4）
922,2024-04-07 08:01:00,2024-04-07 08:01:00,1.0,重载牵引,IsolationForest; Mahalanobis; 单变量IQR+3σ; 残差,3.866,38,正常
923,2024-04-07 08:13:00,2024-04-07 08:14:00,2.0,待机,IsolationForest; Mahalanobis; 单变量IQR+3σ; 残差,6295.671,76,Mahalanobis 距离=6295.7（阈值=18.5）。主要贡献特征：PC1 (92.8%); PC4 (3.9%); PC3 (3.3%)。
924,2024-04-07 08:21:00,2024-04-07 08:24:00,4.0,停机,IsolationForest; Mahalanobis; 单变量IQR+3σ; 残差,1301.06,152,Mahalanobis 距离=1301.1（阈值=18.5）。主要贡献特征：PC1 (89.1%); PC3 (9.5%); PC4 (1.4%)。
925,2024-04-07 08:31:00,2024-04-07 08:39:00,9.0,待机,IsolationForest; Mahalanobis; 单变量IQR+3σ; 残差,3921.763,342,Mahalanobis 距离=3921.8（阈值=18.5）。主要贡献特征：PC1 (84.5%); PC4 (9.3%); PC3 (6.2%)。
926,2024-04-07 08:47:00,2024-04-07 08:47:00,1.0,重载牵引,IsolationForest; Mahalanobis; 单变量IQR+3σ; 残差,6.329,38,正常
927,2024-04-07 08:52:00,2024-04-07 08:57:00,6.0,停机,IsolationForest; Mahalanobis; 单变量IQR+3σ; 残差,1610.598,228,Mahalanobis 距离=1610.6（阈值=18.5）。主要贡献特征：PC1 (94.2%); PC4 (3.3%); PC3 (2.5%)。
928,2024-04-07 09:12:00,2024-04-07 09:12:00,1.0,重载牵引,IsolationForest; Mahalanobis; 单变量IQR+3σ; 残差,6.388,38,残差异常：采煤机_油泵_右电机_电流 偏高（残差 Z-score=6.4，实际=60.0 vs 预测=17.6）
929,2024-04-07 09:23:00,2024-04-07 09:23:00,1.0,重载牵引,IsolationForest; Mahalanobis; 单变量IQR+3σ; 残差,5.884,38,正常
930,2024-04-07 09:27:00,2024-04-07 09:28:00,2.0,待机,IsolationForest; Mahalanobis; 单变量IQR+3σ; 残差,4342.635,76,Mahalanobis 距离=4342.6（阈值=18.5）。主要贡献特征：PC1 (90.2%); PC3 (8.3%); PC4 (1.5%)。
931,2024-04-07 09:31:00,2024-04-07 09:33:00,3.0,重载牵引,IsolationForest; Mahalanobis; 单变量IQR+3σ; 残差,4.401,114,单变量异常：采煤机_油泵_左电机_电流（z-score=4.4，实际=48.0，均值=18.3±6.7）
932,2024-04-07 09:40:00,2024-04-07 09:40:00,1.0,停机,IsolationForest; Mahalanobis; 单变量IQR+3σ; 残差,1806.15,38,Mahalanobis 距离=1806.1（阈值=18.5）。主要贡献特征：PC1 (84.8%); PC3 (14.1%); PC4 (1.1%)。
933,2024-04-07 09:43:00,2024-04-07 09:45:00,3.0,停机,IsolationForest; Mahalanobis; 单变量IQR+3σ; 残差,1317.945,114,Mahalanobis 距离=1317.9（阈值=18.5）。主要贡献特征：PC1 (73.6%); PC3 (25.3%); PC4 (1.1%)。
934,2024-04-07 09:47:00,2024-04-07 09:56:00,10.0,待机,IsolationForest; Mahalanobis; 单变量IQR+3σ; 残差,4248.35,380,Mahalanobis 距离=4248.3（阈值=18.5）。主要贡献特征：PC1 (77.1%); PC3 (22.8%)。
935,2024-04-07 10:30:00,2024-04-07 10:41:00,12.0,待机,IsolationForest; Mahalanobis; 单变量IQR+3σ; 残差,3759.454,456,Mahalanobis 距离=3759.5（阈值=18.5）。主要贡献特征：PC3 (70.2%); PC1 (29.7%)。
936,2024-04-07 11:30:00,2024-04-07 11:30:00,1.0,待机,IsolationForest; Mahalanobis; 单变量IQR+3σ; 残差,19.6,38,Mahalanobis 距离=19.6（阈值=18.5）。主要贡献特征：PC3 (60.6%); PC4 (38.7%)。
937,2024-04-07 14:53:00,2024-04-07 14:57:00,5.0,停机,IsolationForest; Mahalanobis; 单变量IQR+3σ; 残差,1035.975,190,Mahalanobis 距离=1036.0（阈值=18.5）。主要贡献特征：PC1 (79.1%); PC3 (17.3%); PC4 (3.6%)。
938,2024-04-07 15:17:00,2024-04-07 15:17:00,1.0,待机,IsolationForest; Mahalanobis; 单变量IQR+3σ; 残差,10.274,38,正常
939,2024-04-07 15:27:00,2024-04-07 15:36:00,10.0,停机,IsolationForest; Mahalanobis; 单变量IQR+3σ; 残差,1324.951,380,Mahalanobis 距离=1325.0（阈值=18.5）。主要贡献特征：PC1 (74.2%); PC3 (24.6%); PC4 (1.1%)。
940,2024-04-07 15:38:00,2024-04-07 16:09:00,32.0,待机,IsolationForest; Mahalanobis; 单变量IQR+3σ; 残差,38828.169,1216,Mahalanobis 距离=38828.2（阈值=18.5）。主要贡献特征：PC3 (97.8%); PC1 (2.0%)。
941,2024-04-07 16:20:00,2024-04-07 16:20:00,1.0,重载牵引,IsolationForest; Mahalanobis; 单变量IQR+3σ; 残差,5.54,38,正常
942,2024-04-07 16:46:00,2024-04-07 16:46:00,1.0,重载牵引,IsolationForest; Mahalanobis; 单变量IQR+3σ; 残差,3.478,38,残差异常：采煤机_破碎机_电机_电流 偏高（残差 Z-score=3.5，实际=39.0 vs 预测=0.0）
943,2024-04-07 16:57:00,2024-04-07 16:57:00,1.0,重载牵引,IsolationForest; Mahalanobis; 单变量IQR+3σ; 残差,4.401,38,正常
944,2024-04-07 16:59:00,2024-04-07 16:59:00,1.0,重载牵引,IsolationForest; Mahalanobis; 单变量IQR+3σ; 残差,3.693,38,残差异常：采煤机_截割部位_左滚筒_电机_电流 偏高（残差 Z-score=3.7，实际=240.0 vs 预测=91.2）
945,2024-04-07 17:09:00,2024-04-07 17:11:00,3.0,停机,IsolationForest; Mahalanobis; 单变量IQR+3σ; 残差,1523.131,114,Mahalanobis 距离=1523.1（阈值=18.5）。主要贡献特征：PC1 (94.9%); PC3 (2.7%); PC4 (2.4%)。
946,2024-04-07 17:13:00,2024-04-07 17:13:00,1.0,停机,IsolationForest; Mahalanobis; 单变量IQR+3σ; 残差,1527.381,38,Mahalanobis 距离=1527.4（阈值=18.5）。主要贡献特征：PC1 (94.1%); PC3 (3.8%); PC4 (2.0%)。
947,2024-04-07 17:22:00,2024-04-07 17:26:00,5.0,停机,IsolationForest; Mahalanobis; 单变量IQR+3σ; 残差,2810.022,190,Mahalanobis 距离=2810.0（阈值=18.5）。主要贡献特征：PC1 (93.7%); PC3 (5.9%)。
948,2024-04-07 17:32:00,2024-04-07 17:33:00,2.0,停机,IsolationForest; Mahalanobis; 单变量IQR+3σ; 残差,1712.218,76,Mahalanobis 距离=1712.2（阈值=18.5）。主要贡献特征：PC1 (76.2%); PC3 (23.1%)。
949,2024-04-07 17:35:00,2024-04-07 17:38:00,4.0,停机,IsolationForest; Mahalanobis; 单变量IQR+3σ; 残差,2189.498,152,Mahalanobis 距离=2189.5（阈值=18.5）。主要贡献特征：PC1 (97.8%); PC3 (2.0%)。
950,2024-04-07 17:41:00,2024-04-07 17:42:00,2.0,重载牵引,IsolationForest; Mahalanobis; 单变量IQR+3σ; 残差,33.915,76,Mahalanobis 距离=33.9（阈值=18.5）。主要贡献特征：PC1 (99.2%)。
951,2024-04-07 17:47:00,2024-04-07 17:47:00,1.0,重载牵引,IsolationForest; Mahalanobis; 单变量IQR+3σ; 残差,3.983,38,正常
952,2024-04-07 17:49:00,2024-04-07 17:49:00,1.0,重载牵引,IsolationForest; Mahalanobis; 单变量IQR+3σ; 残差,6.477,38,正常
953,2024-04-07 17:52:00,2024-04-07 17:52:00,1.0,待机,IsolationForest; Mahalanobis; 单变量IQR+3σ; 残差,6566.198,38,Mahalanobis 距离=6566.2（阈值=18.5）。主要贡献特征：PC1 (99.8%)。
954,2024-04-07 17:55:00,2024-04-07 17:55:00,1.0,待机,IsolationForest; Mahalanobis; 单变量IQR+3σ; 残差,6289.987,38,Mahalanobis 距离=6290.0（阈值=18.5）。主要贡献特征：PC1 (99.6%)。
955,2024-04-07 18:00:00,2024-04-07 18:00:00,1.0,重载牵引,IsolationForest; Mahalanobis; 单变量IQR+3σ; 残差,5.142,38,正常
956,2024-04-07 18:07:00,2024-04-07 18:07:00,1.0,重载牵引,IsolationForest; Mahalanobis; 单变量IQR+3σ; 残差,6.087,38,残差异常：采煤机_油泵_右电机_电流 偏高（残差 Z-score=6.1，实际=58.0 vs 预测=17.6）
957,2024-04-07 18:10:00,2024-04-07 18:10:00,1.0,重载牵引,IsolationForest; Mahalanobis; 单变量IQR+3σ; 残差,4.537,38,残差异常：采煤机_截割部位_左滚筒_电机_电流 偏高（残差 Z-score=4.5，实际=281.0 vs 预测=98.2）
958,2024-04-07 18:25:00,2024-04-07 18:29:00,5.0,待机,IsolationForest; Mahalanobis; 单变量IQR+3σ; 残差,3241.661,190,Mahalanobis 距离=3241.7（阈值=18.5）。主要贡献特征：PC1 (55.1%); PC3 (43.9%)。
959,2024-04-07 18:34:00,2024-04-07 18:34:00,1.0,重载牵引,IsolationForest; Mahalanobis; 单变量IQR+3σ; 残差,6.07,38,残差异常：采煤机_截割部位_右滚筒_电机_电流 偏高（残差 Z-score=6.1，实际=301.0 vs 预测=76.4）
960,2024-04-07 18:36:00,2024-04-07 18:36:00,1.0,重载牵引,IsolationForest; Mahalanobis; 单变量IQR+3σ; 残差,5.032,38,残差异常：采煤机_油泵_右电机_电流 偏高（残差 Z-score=5.0，实际=51.0 vs 预测=17.6）
961,2024-04-07 18:41:00,2024-04-07 18:41:00,1.0,重载牵引,IsolationForest; Mahalanobis; 单变量IQR+3σ; 残差,3.255,38,正常
962,2024-04-07 18:43:00,2024-04-07 18:44:00,2.0,重载牵引,IsolationForest; Mahalanobis; 单变量IQR+3σ; 残差,7.515,76,正常
963,2024-04-07 18:46:00,2024-04-07 18:46:00,1.0,重载牵引,IsolationForest; Mahalanobis; 单变量IQR+3σ; 残差,5.369,38,正常
964,2024-04-07 18:48:00,2024-04-07 18:49:00,2.0,停机,IsolationForest; Mahalanobis; 单变量IQR+3σ; 残差,2211.172,76,Mahalanobis 距离=2211.2（阈值=18.5）。主要贡献特征：PC1 (97.1%); PC3 (2.7%)。
965,2024-04-07 18:55:00,2024-04-07 19:04:00,10.0,停机,IsolationForest; Mahalanobis; 单变量IQR+3σ; 残差,1935.188,380,Mahalanobis 距离=1935.2（阈值=18.5）。主要贡献特征：PC1 (97.6%); PC3 (2.4%)。
966,2024-04-07 19:08:00,2024-04-07 19:10:00,3.0,重载牵引,IsolationForest; Mahalanobis; 单变量IQR+3σ; 残差,33.448,114,Mahalanobis 距离=33.4（阈值=18.5）。主要贡献特征：PC1 (99.6%)。
967,2024-04-07 19:14:00,2024-04-07 19:14:00,1.0,待机,IsolationForest; Mahalanobis; 单变量IQR+3σ; 残差,5454.768,38,Mahalanobis 距离=5454.8（阈值=18.5）。主要贡献特征：PC1 (93.7%); PC4 (5.6%)。
968,2024-04-07 19:19:00,2024-04-07 19:19:00,1.0,重载牵引,IsolationForest; Mahalanobis; 单变量IQR+3σ; 残差,5.087,38,正常
969,2024-04-07 19:29:00,2024-04-07 19:29:00,1.0,重载牵引,IsolationForest; Mahalanobis; 单变量IQR+3σ; 残差,6.149,38,正常
970,2024-04-07 19:39:00,2024-04-07 19:39:00,1.0,重载牵引,IsolationForest; Mahalanobis; 单变量IQR+3σ; 残差,4.104,38,正常
971,2024-04-07 19:47:00,2024-04-07 19:59:00,13.0,停机,IsolationForest; Mahalanobis; 单变量IQR+3σ; 残差,2628.65,494,Mahalanobis 距离=2628.6（阈值=18.5）。主要贡献特征：PC1 (94.0%); PC3 (5.4%)。
972,2024-04-07 20:02:00,2024-04-07 20:05:00,4.0,待机,IsolationForest; Mahalanobis; 单变量IQR+3σ; 残差,2645.436,152,Mahalanobis 距离=2645.4（阈值=18.5）。主要贡献特征：PC1 (87.2%); PC4 (10.2%); PC3 (2.5%)。
973,2024-04-07 20:08:00,2024-04-07 20:12:00,5.0,停机,IsolationForest; Mahalanobis; 单变量IQR+3σ; 残差,1606.966,190,Mahalanobis 距离=1607.0（阈值=18.5）。主要贡献特征：PC1 (91.6%); PC3 (8.2%)。
974,2024-04-07 20:16:00,2024-04-07 20:17:00,2.0,停机,IsolationForest; Mahalanobis; 单变量IQR+3σ; 残差,371.769,76,Mahalanobis 距离=371.8（阈值=18.5）。主要贡献特征：PC1 (74.0%); PC3 (25.5%)。
975,2024-04-07 20:20:00,2024-04-07 20:22:00,3.0,待机,IsolationForest; Mahalanobis; 单变量IQR+3σ; 残差,4456.565,114,Mahalanobis 距离=4456.6（阈值=18.5）。主要贡献特征：PC1 (91.7%); PC3 (6.1%); PC4 (2.2%)。
976,2024-04-07 20:24:00,2024-04-07 20:33:00,10.0,待机,IsolationForest; Mahalanobis; 单变量IQR+3σ; 残差,6265.849,380,Mahalanobis 距离=6265.8（阈值=18.5）。主要贡献特征：PC1 (98.9%)。
977,2024-04-07 20:37:00,2024-04-07 20:37:00,1.0,重载牵引,IsolationForest; Mahalanobis; 单变量IQR+3σ; 残差,4.104,38,正常
978,2024-04-07 20:40:00,2024-04-07 20:48:00,9.0,停机,IsolationForest; Mahalanobis; 单变量IQR+3σ; 残差,2432.569,342,Mahalanobis 距离=2432.6（阈值=18.5）。主要贡献特征：PC1 (96.1%); PC3 (2.0%); PC4 (1.9%)。
979,2024-04-07 21:09:00,2024-04-07 21:14:00,6.0,待机,IsolationForest; Mahalanobis; 单变量IQR+3σ; 残差,3513.659,228,Mahalanobis 距离=3513.7（阈值=18.5）。主要贡献特征：PC1 (60.7%); PC3 (39.0%)。
980,2024-04-07 21:16:00,2024-04-07 21:16:00,1.0,待机,IsolationForest; Mahalanobis; 单变量IQR+3σ; 残差,4128.067,38,Mahalanobis 距离=4128.1（阈值=18.5）。主要贡献特征：PC1 (73.5%); PC3 (26.0%)。
981,2024-04-07 21:20:00,2024-04-07 21:20:00,1.0,重载牵引,IsolationForest; Mahalanobis; 单变量IQR+3σ; 残差,4.104,38,正常
982,2024-04-07 21:51:00,2024-04-07 21:51:00,1.0,停机,IsolationForest; Mahalanobis; 单变量IQR+3σ; 残差,1736.197,38,Mahalanobis 距离=1736.2（阈值=18.5）。主要贡献特征：PC1 (84.8%); PC3 (14.5%)。
983,2024-04-07 21:53:00,2024-04-07 21:56:00,4.0,待机,IsolationForest; Mahalanobis; 单变量IQR+3σ; 残差,3533.567,152,Mahalanobis 距离=3533.6（阈值=18.5）。主要贡献特征：PC1 (67.3%); PC3 (32.4%)。
984,2024-04-07 22:00:00,2024-04-07 22:00:00,1.0,停机,IsolationForest; Mahalanobis; 单变量IQR+3σ; 残差,1995.137,38,Mahalanobis 距离=1995.1（阈值=18.5）。主要贡献特征：PC1 (96.1%); PC3 (3.9%)。
985,2024-04-07 22:07:00,2024-04-07 22:15:00,9.0,停机,IsolationForest; Mahalanobis; 单变量IQR+3σ; 残差,1413.036,342,Mahalanobis 距离=1413.0（阈值=18.5）。主要贡献特征：PC1 (88.0%); PC3 (11.8%)。
986,2024-04-07 22:18:00,2024-04-07 22:29:00,12.0,停机,IsolationForest; Mahalanobis; 单变量IQR+3σ; 残差,1318.931,456,Mahalanobis 距离=1318.9（阈值=18.5）。主要贡献特征：PC1 (91.2%); PC3 (7.4%); PC4 (1.4%)。
987,2024-04-07 22:33:00,2024-04-07 22:33:00,1.0,重载牵引,IsolationForest; Mahalanobis; 单变量IQR+3σ; 残差,27.025,38,残差异常：采煤机_破碎机_电机_电流 偏高（残差 Z-score=27.0，实际=303.0 vs 预测=0.0）
988,2024-04-07 22:36:00,2024-04-07 22:39:00,4.0,重载牵引,IsolationForest; Mahalanobis; 单变量IQR+3σ; 残差,4.549,152,正常
989,2024-04-07 22:44:00,2024-04-07 22:44:00,1.0,重载牵引,IsolationForest; Mahalanobis; 单变量IQR+3σ; 残差,2.671,38,正常
990,2024-04-07 22:54:00,2024-04-07 22:56:00,3.0,待机,IsolationForest; Mahalanobis; 单变量IQR+3σ; 残差,8738.646,114,Mahalanobis 距离=8738.6（阈值=18.5）。主要贡献特征：PC1 (64.9%); PC3 (30.8%); PC4 (4.2%)。
991,2024-04-07 22:59:00,2024-04-07 22:59:00,1.0,重载牵引,IsolationForest; Mahalanobis; 单变量IQR+3σ; 残差,2.972,38,正常
992,2024-04-07 23:01:00,2024-04-07 23:02:00,2.0,停机,IsolationForest; Mahalanobis; 单变量IQR+3σ; 残差,1276.407,76,Mahalanobis 距离=1276.4（阈值=18.5）。主要贡献特征：PC1 (88.8%); PC3 (10.7%)。
993,2024-04-07 23:12:00,2024-04-07 23:14:00,3.0,停机,IsolationForest; Mahalanobis; 单变量IQR+3σ; 残差,3220.83,114,Mahalanobis 距离=3220.8（阈值=18.5）。主要贡献特征：PC1 (94.5%); PC3 (5.2%)。
994,2024-04-07 23:16:00,2024-04-07 23:16:00,1.0,停机,IsolationForest; Mahalanobis; 单变量IQR+3σ; 残差,1599.135,38,Mahalanobis 距离=1599.1（阈值=18.5）。主要贡献特征：PC1 (87.3%); PC3 (12.3%)。
995,2024-04-07 23:19:00,2024-04-07 23:19:00,1.0,待机,IsolationForest; Mahalanobis; 单变量IQR+3σ; 残差,5438.805,38,Mahalanobis 距离=5438.8（阈值=18.5）。主要贡献特征：PC1 (97.1%); PC3 (2.8%)。
996,2024-04-07 23:22:00,2024-04-07 23:22:00,1.0,停机,IsolationForest; Mahalanobis; 单变量IQR+3σ; 残差,1981.359,38,Mahalanobis 距离=1981.4（阈值=18.5）。主要贡献特征：PC1 (90.1%); PC3 (9.0%)。
997,2024-04-07 23:24:00,2024-04-07 23:24:00,1.0,待机,IsolationForest; Mahalanobis; 单变量IQR+3σ; 残差,4458.061,38,Mahalanobis 距离=4458.1（阈值=18.5）。主要贡献特征：PC1 (84.0%); PC3 (16.0%)。
998,2024-04-07 23:26:00,2024-04-07 23:29:00,4.0,待机,IsolationForest; Mahalanobis; 单变量IQR+3σ; 残差,4196.711,152,Mahalanobis 距离=4196.7（阈值=18.5）。主要贡献特征：PC1 (93.3%); PC3 (6.0%)。
999,2024-04-07 23:32:00,2024-04-07 23:36:00,5.0,待机,IsolationForest; Mahalanobis; 单变量IQR+3σ; 残差,4019.114,190,Mahalanobis 距离=4019.1（阈值=18.5）。主要贡献特征：PC1 (86.1%); PC3 (13.3%)。
1000,2024-04-07 23:41:00,2024-04-07 23:41:00,1.0,待机,IsolationForest; Mahalanobis; 单变量IQR+3σ; 残差,5962.859,38,Mahalanobis 距离=5962.9（阈值=18.5）。主要贡献特征：PC1 (92.7%); PC3 (5.1%); PC4 (2.2%)。
1001,2024-04-07 23:45:00,2024-04-07 23:46:00,2.0,重载牵引,IsolationForest; Mahalanobis; 单变量IQR+3σ; 残差,5.394,76,残差异常：采煤机_油泵_右电机_电流 偏高（残差 Z-score=5.4，实际=53.0 vs 预测=17.2）
1002,2024-04-07 23:50:00,2024-04-07 23:51:00,2.0,停机,IsolationForest; Mahalanobis; 单变量IQR+3σ; 残差,1501.437,76,Mahalanobis 距离=1501.4（阈值=18.5）。主要贡献特征：PC1 (70.2%); PC3 (26.7%); PC4 (3.1%)。
1003,2024-04-08 00:06:00,2024-04-08 00:06:00,1.0,重载牵引,IsolationForest; Mahalanobis; 单变量IQR+3σ; 残差,3.639,38,残差异常：采煤机_截割部位_左滚筒_电机_电流 偏高（残差 Z-score=3.6，实际=236.0 vs 预测=89.4）
1004,2024-04-08 00:09:00,2024-04-08 00:09:00,1.0,重载牵引,IsolationForest; Mahalanobis; 单变量IQR+3σ; 残差,4.829,38,正常
1005,2024-04-08 00:11:00,2024-04-08 00:13:00,3.0,重载牵引,IsolationForest; Mahalanobis; 单变量IQR+3σ; 残差,1.881,114,正常
1006,2024-04-08 00:18:00,2024-04-08 00:20:00,3.0,停机,IsolationForest; Mahalanobis; 单变量IQR+3σ; 残差,1373.119,114,Mahalanobis 距离=1373.1（阈值=18.5）。主要贡献特征：PC1 (82.2%); PC3 (17.8%)。
1007,2024-04-08 00:22:00,2024-04-08 00:22:00,1.0,停机,IsolationForest; Mahalanobis; 单变量IQR+3σ; 残差,1268.639,38,Mahalanobis 距离=1268.6（阈值=18.5）。主要贡献特征：PC1 (81.9%); PC3 (18.1%)。
1008,2024-04-08 00:26:00,2024-04-08 00:27:00,2.0,停机,IsolationForest; Mahalanobis; 单变量IQR+3σ; 残差,1612.509,76,Mahalanobis 距离=1612.5（阈值=18.5）。主要贡献特征：PC1 (90.0%); PC3 (10.0%)。
1009,2024-04-08 00:30:00,2024-04-08 00:32:00,3.0,待机,IsolationForest; Mahalanobis; 单变量IQR+3σ; 残差,3989.654,114,Mahalanobis 距离=3989.7（阈值=18.5）。主要贡献特征：PC1 (85.8%); PC3 (11.4%); PC4 (2.7%)。
1010,2024-04-08 00:34:00,2024-04-08 00:34:00,1.0,待机,IsolationForest; Mahalanobis; 单变量IQR+3σ; 残差,3589.713,38,Mahalanobis 距离=3589.7（阈值=18.5）。主要贡献特征：PC1 (77.3%); PC3 (18.8%); PC4 (3.8%)。
1011,2024-04-08 00:38:00,2024-04-08 00:43:00,6.0,停机,IsolationForest; Mahalanobis; 单变量IQR+3σ; 残差,1436.409,228,Mahalanobis 距离=1436.4（阈值=18.5）。主要贡献特征：PC1 (91.4%); PC3 (7.8%)。
1012,2024-04-08 00:49:00,2024-04-08 00:51:00,3.0,停机,IsolationForest; Mahalanobis; 单变量IQR+3σ; 残差,938.191,114,Mahalanobis 距离=938.2（阈值=18.5）。主要贡献特征：PC1 (95.7%); PC4 (4.0%)。
1013,2024-04-08 00:53:00,2024-04-08 00:53:00,1.0,停机,IsolationForest; Mahalanobis; 单变量IQR+3σ; 残差,1346.241,38,Mahalanobis 距离=1346.2（阈值=18.5）。主要贡献特征：PC1 (88.7%); PC3 (10.2%); PC4 (1.1%)。
1014,2024-04-08 00:55:00,2024-04-08 00:55:00,1.0,重载牵引,IsolationForest; Mahalanobis; 单变量IQR+3σ; 残差,4.782,38,正常
1015,2024-04-08 00:58:00,2024-04-08 00:58:00,1.0,重载牵引,IsolationForest; Mahalanobis; 单变量IQR+3σ; 残差,3.818,38,残差异常：采煤机_油泵_左电机_电流 偏高（残差 Z-score=3.8，实际=44.0 vs 预测=16.2）
1016,2024-04-08 01:01:00,2024-04-08 01:01:00,1.0,重载牵引,IsolationForest; Mahalanobis; 单变量IQR+3σ; 残差,4.671,38,残差异常：采煤机_油泵_右电机_电流 偏高（残差 Z-score=4.7，实际=48.0 vs 预测=17.0）
1017,2024-04-08 01:04:00,2024-04-08 01:04:00,1.0,待机,IsolationForest; Mahalanobis; 单变量IQR+3σ; 残差,3775.548,38,Mahalanobis 距离=3775.5（阈值=18.5）。主要贡献特征：PC1 (84.5%); PC4 (12.9%); PC3 (2.5%)。
1018,2024-04-08 01:07:00,2024-04-08 01:07:00,1.0,重载牵引,IsolationForest; Mahalanobis; 单变量IQR+3σ; 残差,4.697,38,正常
1019,2024-04-08 01:09:00,2024-04-08 01:09:00,1.0,重载牵引,IsolationForest; Mahalanobis; 单变量IQR+3σ; 残差,4.189,38,残差异常：采煤机_油泵_右电机_电流 偏高（残差 Z-score=4.2，实际=45.0 vs 预测=17.2）
1020,2024-04-08 01:15:00,2024-04-08 01:15:00,1.0,重载牵引,IsolationForest; Mahalanobis; 单变量IQR+3σ; 残差,7.219,38,正常
1021,2024-04-08 01:18:00,2024-04-08 01:21:00,4.0,停机,IsolationForest; Mahalanobis; 单变量IQR+3σ; 残差,1631.818,152,Mahalanobis 距离=1631.8（阈值=18.5）。主要贡献特征：PC1 (94.9%); PC4 (2.6%); PC3 (2.4%)。
1022,2024-04-08 01:23:00,2024-04-08 01:23:00,1.0,重载牵引,IsolationForest; Mahalanobis; 单变量IQR+3σ; 残差,6.922,38,正常
1023,2024-04-08 01:26:00,2024-04-08 01:34:00,9.0,停机,IsolationForest; Mahalanobis; 单变量IQR+3σ; 残差,2500.415,342,Mahalanobis 距离=2500.4（阈值=18.5）。主要贡献特征：PC1 (96.3%); PC3 (2.4%); PC4 (1.2%)。
1024,2024-04-08 01:37:00,2024-04-08 01:37:00,1.0,重载牵引,IsolationForest; Mahalanobis; 单变量IQR+3σ; 残差,5.142,38,正常
1025,2024-04-08 01:48:00,2024-04-08 01:48:00,1.0,待机,IsolationForest; Mahalanobis; 单变量IQR+3σ; 残差,3916.999,38,Mahalanobis 距离=3917.0（阈值=18.5）。主要贡献特征：PC1 (85.9%); PC3 (12.4%); PC4 (1.6%)。
1026,2024-04-08 01:50:00,2024-04-08 01:52:00,3.0,重载牵引,IsolationForest; Mahalanobis; 单变量IQR+3σ; 残差,6.305,114,正常
1027,2024-04-08 02:02:00,2024-04-08 02:06:00,5.0,重载牵引,IsolationForest; Mahalanobis; 单变量IQR+3σ; 残差,6.812,190,正常
1028,2024-04-08 02:08:00,2024-04-08 02:08:00,1.0,重载牵引,IsolationForest; Mahalanobis; 单变量IQR+3σ; 残差,7.07,38,正常
1029,2024-04-08 02:12:00,2024-04-08 02:12:00,1.0,重载牵引,IsolationForest; Mahalanobis; 单变量IQR+3σ; 残差,4.549,38,正常
1030,2024-04-08 02:17:00,2024-04-08 02:17:00,1.0,待机,IsolationForest; Mahalanobis; 单变量IQR+3σ; 残差,4818.765,38,Mahalanobis 距离=4818.8（阈值=18.5）。主要贡献特征：PC1 (80.5%); PC3 (17.2%); PC4 (2.3%)。
1031,2024-04-08 02:19:00,2024-04-08 02:19:00,1.0,停机,IsolationForest; Mahalanobis; 单变量IQR+3σ; 残差,1365.744,38,Mahalanobis 距离=1365.7（阈值=18.5）。主要贡献特征：PC1 (67.2%); PC3 (29.0%); PC4 (3.9%)。
1032,2024-04-08 02:23:00,2024-04-08 02:29:00,7.0,停机,IsolationForest; Mahalanobis; 单变量IQR+3σ; 残差,1266.05,266,Mahalanobis 距离=1266.1（阈值=18.5）。主要贡献特征：PC1 (65.7%); PC3 (31.2%); PC4 (3.1%)。
1033,2024-04-08 02:36:00,2024-04-08 02:36:00,1.0,重载牵引,IsolationForest; Mahalanobis; 单变量IQR+3σ; 残差,3.984,38,残差异常：采煤机_截割部位_右滚筒_电机_电流 偏高（残差 Z-score=4.0，实际=215.0 vs 预测=67.6）
1034,2024-04-08 02:42:00,2024-04-08 02:44:00,3.0,重载牵引,IsolationForest; Mahalanobis; 单变量IQR+3σ; 残差,3.49,114,残差异常：采煤机_截割部位_左滚筒_电机_电流 偏高（残差 Z-score=3.5，实际=238.0 vs 预测=97.4）
1035,2024-04-08 02:48:00,2024-04-08 02:48:00,1.0,待机,IsolationForest; Mahalanobis; 单变量IQR+3σ; 残差,3708.856,38,Mahalanobis 距离=3708.9（阈值=18.5）。主要贡献特征：PC1 (71.5%); PC3 (28.5%)。
1036,2024-04-08 02:52:00,2024-04-08 02:52:00,1.0,重载牵引,IsolationForest; Mahalanobis; 单变量IQR+3σ; 残差,3.614,38,残差异常：采煤机_截割部位_左滚筒_电机_电流 偏高（残差 Z-score=3.6，实际=240.0 vs 预测=94.4）
1037,2024-04-08 02:55:00,2024-04-08 02:55:00,1.0,重载牵引,IsolationForest; Mahalanobis; 单变量IQR+3σ; 残差,5.424,38,残差异常：采煤机_油泵_右电机_电流 偏高（残差 Z-score=5.4，实际=53.0 vs 预测=17.0）
1038,2024-04-08 02:59:00,2024-04-08 03:00:00,2.0,停机,IsolationForest; Mahalanobis; 单变量IQR+3σ; 残差,1684.405,76,Mahalanobis 距离=1684.4（阈值=18.5）。主要贡献特征：PC1 (91.7%); PC3 (8.2%)。
1039,2024-04-08 03:03:00,2024-04-08 03:03:00,1.0,待机,IsolationForest; Mahalanobis; 单变量IQR+3σ; 残差,4233.11,38,Mahalanobis 距离=4233.1（阈值=18.5）。主要贡献特征：PC1 (88.2%); PC3 (8.8%); PC4 (3.1%)。
1040,2024-04-08 03:20:00,2024-04-08 03:20:00,1.0,重载牵引,IsolationForest; Mahalanobis; 单变量IQR+3σ; 残差,4.994,38,正常
1041,2024-04-08 03:22:00,2024-04-08 03:24:00,3.0,待机,IsolationForest; Mahalanobis; 单变量IQR+3σ; 残差,5220.162,114,Mahalanobis 距离=5220.2（阈值=18.5）。主要贡献特征：PC1 (86.0%); PC4 (11.7%); PC3 (2.3%)。
1042,2024-04-08 03:29:00,2024-04-08 03:29:00,1.0,待机,IsolationForest; Mahalanobis; 单变量IQR+3σ; 残差,4399.334,38,Mahalanobis 距离=4399.3（阈值=18.5）。主要贡献特征：PC1 (87.4%); PC4 (12.6%)。
1043,2024-04-08 03:37:00,2024-04-08 03:40:00,4.0,待机,IsolationForest; Mahalanobis; 单变量IQR+3σ; 残差,4198.828,152,Mahalanobis 距离=4198.8（阈值=18.5）。主要贡献特征：PC1 (88.9%); PC4 (9.3%); PC3 (1.8%)。
1044,2024-04-08 03:45:00,2024-04-08 03:47:00,3.0,待机,IsolationForest; Mahalanobis; 单变量IQR+3σ; 残差,3811.078,114,Mahalanobis 距离=3811.1（阈值=18.5）。主要贡献特征：PC1 (92.9%); PC4 (6.8%)。
1045,2024-04-08 03:49:00,2024-04-08 03:49:00,1.0,重载牵引,IsolationForest; Mahalanobis; 单变量IQR+3σ; 残差,12.588,38,正常
1046,2024-04-08 03:56:00,2024-04-08 03:57:00,2.0,待机,IsolationForest; Mahalanobis; 单变量IQR+3σ; 残差,14627.799,76,Mahalanobis 距离=14627.8（阈值=18.5）。主要贡献特征：PC3 (67.1%); PC1 (32.7%)。
1047,2024-04-08 04:08:00,2024-04-08 04:12:00,5.0,重载牵引,IsolationForest; Mahalanobis; 单变量IQR+3σ; 残差,5.271,190,正常
1048,2024-04-08 04:23:00,2024-04-08 04:24:00,2.0,重载牵引,IsolationForest; Mahalanobis; 单变量IQR+3σ; 残差,6.027,76,残差异常：采煤机_油泵_右电机_电流 偏高（残差 Z-score=6.0，实际=57.0 vs 预测=17.0）
1049,2024-04-08 04:29:00,2024-04-08 04:29:00,1.0,待机,IsolationForest; Mahalanobis; 单变量IQR+3σ; 残差,3361.616,38,Mahalanobis 距离=3361.6（阈值=18.5）。主要贡献特征：PC1 (55.4%); PC3 (42.6%); PC4 (2.0%)。
1050,2024-04-08 04:31:00,2024-04-08 04:31:00,1.0,停机,IsolationForest; Mahalanobis; 单变量IQR+3σ; 残差,1072.057,38,Mahalanobis 距离=1072.1（阈值=18.5）。主要贡献特征：PC1 (59.5%); PC3 (36.7%); PC4 (3.8%)。
1051,2024-04-08 04:38:00,2024-04-08 04:39:00,2.0,停机,IsolationForest; Mahalanobis; 单变量IQR+3σ; 残差,1268.144,76,Mahalanobis 距离=1268.1（阈值=18.5）。主要贡献特征：PC1 (66.3%); PC3 (31.1%); PC4 (2.5%)。
1052,2024-04-08 04:54:00,2024-04-08 04:54:00,1.0,重载牵引,IsolationForest; Mahalanobis; 单变量IQR+3σ; 残差,4.701,38,残差异常：采煤机_油泵_右电机_电流 偏高（残差 Z-score=4.7，实际=48.0 vs 预测=16.8）
1053,2024-04-08 05:00:00,2024-04-08 05:00:00,1.0,停机,IsolationForest; Mahalanobis; 单变量IQR+3σ; 残差,1276.436,38,Mahalanobis 距离=1276.4（阈值=18.5）。主要贡献特征：PC1 (80.1%); PC3 (19.8%)。
1054,2024-04-08 05:03:00,2024-04-08 05:06:00,4.0,停机,IsolationForest; Mahalanobis; 单变量IQR+3σ; 残差,1252.162,152,Mahalanobis 距离=1252.2（阈值=18.5）。主要贡献特征：PC1 (80.2%); PC3 (19.8%)。
1055,2024-04-08 05:15:00,2024-04-08 05:16:00,2.0,待机,IsolationForest; Mahalanobis; 单变量IQR+3σ; 残差,5116.283,76,Mahalanobis 距离=5116.3（阈值=18.5）。主要贡献特征：PC1 (95.2%); PC4 (4.8%)。
1056,2024-04-08 05:34:00,2024-04-08 05:35:00,2.0,待机,IsolationForest; Mahalanobis; 单变量IQR+3σ; 残差,4970.281,76,Mahalanobis 距离=4970.3（阈值=18.5）。主要贡献特征：PC1 (87.0%); PC4 (12.1%)。
1057,2024-04-08 05:41:00,2024-04-08 05:41:00,1.0,待机,IsolationForest; Mahalanobis; 单变量IQR+3σ; 残差,5910.186,38,Mahalanobis 距离=5910.2（阈值=18.5）。主要贡献特征：PC1 (80.9%); PC4 (11.7%); PC3 (7.5%)。
1058,2024-04-08 05:48:00,2024-04-08 05:52:00,5.0,停机,IsolationForest; Mahalanobis; 单变量IQR+3σ; 残差,1706.704,190,Mahalanobis 距离=1706.7（阈值=18.5）。主要贡献特征：PC1 (94.9%); PC3 (3.4%); PC4 (1.8%)。
1059,2024-04-08 06:14:00,2024-04-08 06:17:00,4.0,停机,IsolationForest; Mahalanobis; 单变量IQR+3σ; 残差,1552.395,152,Mahalanobis 距离=1552.4（阈值=18.5）。主要贡献特征：PC1 (94.8%); PC4 (3.3%); PC3 (1.9%)。
1060,2024-04-08 06:20:00,2024-04-08 06:24:00,5.0,待机,IsolationForest; Mahalanobis; 单变量IQR+3σ; 残差,6168.744,190,Mahalanobis 距离=6168.7（阈值=18.5）。主要贡献特征：PC1 (90.4%); PC4 (5.7%); PC3 (4.0%)。
1061,2024-04-08 06:26:00,2024-04-08 06:29:00,4.0,停机,IsolationForest; Mahalanobis; 单变量IQR+3σ; 残差,1587.925,152,Mahalanobis 距离=1587.9（阈值=18.5）。主要贡献特征：PC1 (94.3%); PC3 (5.4%)。
1062,2024-04-08 06:31:00,2024-04-08 06:34:00,4.0,待机,IsolationForest; Mahalanobis; 单变量IQR+3σ; 残差,4324.853,152,Mahalanobis 距离=4324.9（阈值=18.5）。主要贡献特征：PC1 (94.1%); PC4 (4.6%); PC3 (1.4%)。
1063,2024-04-08 06:37:00,2024-04-08 06:37:00,1.0,重载牵引,IsolationForest; Mahalanobis; 单变量IQR+3σ; 残差,3.399,38,残差异常：采煤机_牵引部位_左电机_电流 偏高（残差 Z-score=3.4，实际=208.0 vs 预测=105.2）
1064,2024-04-08 06:42:00,2024-04-08 06:42:00,1.0,停机,IsolationForest; Mahalanobis; 单变量IQR+3σ; 残差,1515.787,38,Mahalanobis 距离=1515.8（阈值=18.5）。主要贡献特征：PC1 (89.3%); PC3 (10.7%)。
1065,2024-04-08 06:44:00,2024-04-08 06:45:00,2.0,待机,IsolationForest; Mahalanobis; 单变量IQR+3σ; 残差,7907.231,76,Mahalanobis 距离=7907.2（阈值=18.5）。主要贡献特征：PC1 (81.7%); PC3 (17.4%)。
1066,2024-04-08 06:47:00,2024-04-08 06:54:00,8.0,停机,IsolationForest; Mahalanobis; 单变量IQR+3σ; 残差,3265.556,304,Mahalanobis 距离=3265.6（阈值=18.5）。主要贡献特征：PC1 (90.1%); PC3 (9.7%)。
1067,2024-04-08 06:57:00,2024-04-08 06:57:00,1.0,重载牵引,IsolationForest; Mahalanobis; 单变量IQR+3σ; 残差,10.146,38,正常
1068,2024-04-08 07:00:00,2024-04-08 07:00:00,1.0,待机,IsolationForest; Mahalanobis; 单变量IQR+3σ; 残差,6823.274,38,Mahalanobis 距离=6823.3（阈值=18.5）。主要贡献特征：PC1 (97.6%); PC3 (2.0%)。
1069,2024-04-08 07:03:00,2024-04-08 07:03:00,1.0,待机,IsolationForest; Mahalanobis; 单变量IQR+3σ; 残差,4418.805,38,Mahalanobis 距离=4418.8（阈值=18.5）。主要贡献特征：PC1 (86.8%); PC3 (13.0%)。
1070,2024-04-08 07:06:00,2024-04-08 07:08:00,3.0,待机,IsolationForest; Mahalanobis; 单变量IQR+3σ; 残差,4894.024,114,Mahalanobis 距离=4894.0（阈值=18.5）。主要贡献特征：PC1 (91.7%); PC3 (8.3%)。
1071,2024-04-08 07:11:00,2024-04-08 07:19:00,9.0,待机,IsolationForest; Mahalanobis; 单变量IQR+3σ; 残差,6463.565,342,Mahalanobis 距离=6463.6（阈值=18.5）。主要贡献特征：PC1 (99.6%)。
1072,2024-04-08 07:22:00,2024-04-08 07:25:00,4.0,停机,IsolationForest; Mahalanobis; 单变量IQR+3σ; 残差,1281.567,152,Mahalanobis 距离=1281.6（阈值=18.5）。主要贡献特征：PC1 (73.6%); PC3 (25.3%); PC4 (1.0%)。
1073,2024-04-08 07:42:00,2024-04-08 07:45:00,4.0,待机,IsolationForest; Mahalanobis; 单变量IQR+3σ; 残差,29.296,152,Mahalanobis 距离=29.3（阈值=18.5）。主要贡献特征：PC3 (62.7%); PC4 (36.1%)。
1074,2024-04-08 08:18:00,2024-04-08 08:36:00,19.0,停机,IsolationForest; Mahalanobis; 单变量IQR+3σ; 残差,1208.901,722,Mahalanobis 距离=1208.9（阈值=18.5）。主要贡献特征：PC1 (83.7%); PC3 (16.1%)。
1075,2024-04-08 08:55:00,2024-04-08 09:00:00,6.0,停机,IsolationForest; Mahalanobis; 单变量IQR+3σ; 残差,372.01,228,Mahalanobis 距离=372.0（阈值=18.5）。主要贡献特征：PC1 (52.0%); PC3 (45.1%); PC4 (2.8%)。
1076,2024-04-08 09:02:00,2024-04-08 09:07:00,6.0,停机,IsolationForest; Mahalanobis; 单变量IQR+3σ; 残差,472.27,228,Mahalanobis 距离=472.3（阈值=18.5）。主要贡献特征：PC1 (55.1%); PC3 (43.4%); PC4 (1.5%)。
1077,2024-04-08 09:11:00,2024-04-08 09:17:00,7.0,停机,IsolationForest; Mahalanobis; 单变量IQR+3σ; 残差,1631.935,266,Mahalanobis 距离=1631.9（阈值=18.5）。主要贡献特征：PC1 (88.7%); PC3 (9.4%); PC4 (1.9%)。
1078,2024-04-08 09:23:00,2024-04-08 09:23:00,1.0,重载牵引,IsolationForest; Mahalanobis; 单变量IQR+3σ; 残差,4.252,38,正常
1079,2024-04-08 09:27:00,2024-04-08 09:28:00,2.0,待机,IsolationForest; Mahalanobis; 单变量IQR+3σ; 残差,4115.225,76,Mahalanobis 距离=4115.2（阈值=18.5）。主要贡献特征：PC1 (70.9%); PC3 (27.8%); PC4 (1.3%)。
1080,2024-04-08 09:36:00,2024-04-08 09:36:00,1.0,待机,IsolationForest; Mahalanobis; 单变量IQR+3σ; 残差,4343.726,38,Mahalanobis 距离=4343.7（阈值=18.5）。主要贡献特征：PC1 (71.0%); PC3 (27.1%); PC4 (1.9%)。
1081,2024-04-08 09:38:00,2024-04-08 09:39:00,2.0,待机,IsolationForest; Mahalanobis; 单变量IQR+3σ; 残差,4270.256,76,Mahalanobis 距离=4270.3（阈值=18.5）。主要贡献特征：PC1 (70.8%); PC3 (27.8%); PC4 (1.4%)。
1082,2024-04-08 09:45:00,2024-04-08 09:45:00,1.0,重载牵引,IsolationForest; Mahalanobis; 单变量IQR+3σ; 残差,4.686,38,残差异常：采煤机_截割部位_左滚筒_电机_电流 偏高（残差 Z-score=4.7，实际=269.0 vs 预测=80.2）
1083,2024-04-08 09:49:00,2024-04-08 09:49:00,1.0,重载牵引,IsolationForest; Mahalanobis; 单变量IQR+3σ; 残差,4.58,38,残差异常：采煤机_油泵_右电机_电流 偏高（残差 Z-score=4.6，实际=48.0 vs 预测=17.6）
1084,2024-04-08 09:53:00,2024-04-08 09:53:00,1.0,待机,IsolationForest; Mahalanobis; 单变量IQR+3σ; 残差,3979.048,38,Mahalanobis 距离=3979.0（阈值=18.5）。主要贡献特征：PC1 (65.7%); PC3 (33.3%)。
1085,2024-04-08 09:58:00,2024-04-08 09:58:00,1.0,停机,IsolationForest; Mahalanobis; 单变量IQR+3σ; 残差,1877.598,38,Mahalanobis 距离=1877.6（阈值=18.5）。主要贡献特征：PC1 (82.6%); PC3 (15.1%); PC4 (2.3%)。
1086,2024-04-08 10:03:00,2024-04-08 10:11:00,9.0,停机,IsolationForest; Mahalanobis; 单变量IQR+3σ; 残差,1511.8,342,Mahalanobis 距离=1511.8（阈值=18.5）。主要贡献特征：PC1 (76.1%); PC3 (21.7%); PC4 (2.2%)。
1087,2024-04-08 10:13:00,2024-04-08 10:19:00,7.0,待机,IsolationForest; Mahalanobis; 单变量IQR+3σ; 残差,4537.331,266,Mahalanobis 距离=4537.3（阈值=18.5）。主要贡献特征：PC3 (64.8%); PC1 (35.0%)。
1088,2024-04-08 11:47:00,2024-04-08 11:54:00,8.0,待机,IsolationForest; Mahalanobis; 单变量IQR+3σ; 残差,2592.953,304,Mahalanobis 距离=2593.0（阈值=18.5）。主要贡献特征：PC3 (70.0%); PC1 (29.1%)。
1089,2024-04-08 13:14:00,2024-04-08 13:19:00,6.0,待机,IsolationForest; Mahalanobis; 单变量IQR+3σ; 残差,2812.444,228,Mahalanobis 距离=2812.4（阈值=18.5）。主要贡献特征：PC3 (69.1%); PC1 (30.2%)。
1090,2024-04-08 13:29:00,2024-04-08 13:35:00,7.0,停机,IsolationForest; Mahalanobis; 单变量IQR+3σ; 残差,339.629,266,Mahalanobis 距离=339.6（阈值=18.5）。主要贡献特征：PC3 (50.3%); PC1 (45.4%); PC4 (4.3%)。
1091,2024-04-08 13:40:00,2024-04-08 13:43:00,4.0,待机,IsolationForest; Mahalanobis; 单变量IQR+3σ; 残差,27.014,152,Mahalanobis 距离=27.0（阈值=18.5）。主要贡献特征：PC3 (56.7%); PC4 (43.0%)。
1092,2024-04-08 13:48:00,2024-04-08 13:57:00,10.0,待机,IsolationForest; Mahalanobis; 单变量IQR+3σ; 残差,4492.612,380,Mahalanobis 距离=4492.6（阈值=18.5）。主要贡献特征：PC3 (64.5%); PC1 (35.3%)。
1093,2024-04-08 14:21:00,2024-04-08 14:26:00,6.0,待机,IsolationForest; Mahalanobis; 单变量IQR+3σ; 残差,2494.076,228,Mahalanobis 距离=2494.1（阈值=18.5）。主要贡献特征：PC3 (70.0%); PC1 (29.0%)。
1094,2024-04-08 14:38:00,2024-04-08 14:44:00,7.0,待机,IsolationForest; Mahalanobis; 单变量IQR+3σ; 残差,5448.914,266,Mahalanobis 距离=5448.9（阈值=18.5）。主要贡献特征：PC3 (78.5%); PC1 (21.1%)。
1095,2024-04-08 15:56:00,2024-04-08 16:15:00,20.0,待机,IsolationForest; Mahalanobis; 单变量IQR+3σ; 残差,3446.484,760,Mahalanobis 距离=3446.5（阈值=18.5）。主要贡献特征：PC3 (61.1%); PC1 (38.6%)。
1096,2024-04-08 16:17:00,2024-04-08 16:26:00,10.0,待机,IsolationForest; Mahalanobis; 单变量IQR+3σ; 残差,3717.998,380,Mahalanobis 距离=3718.0（阈值=18.5）。主要贡献特征：PC1 (73.0%); PC3 (26.7%)。
1097,2024-04-08 16:28:00,2024-04-08 16:30:00,3.0,重载牵引,IsolationForest; Mahalanobis; 单变量IQR+3σ; 残差,3.208,114,单变量异常：采煤机_截割部位_左滚筒_电机_电流（z-score=3.2，实际=232.0，均值=95.4±42.6）
1098,2024-04-08 16:34:00,2024-04-08 16:35:00,2.0,停机,IsolationForest; Mahalanobis; 单变量IQR+3σ; 残差,2090.683,76,Mahalanobis 距离=2090.7（阈值=18.5）。主要贡献特征：PC1 (96.0%); PC3 (4.0%)。
1099,2024-04-08 16:39:00,2024-04-08 16:39:00,1.0,待机,IsolationForest; Mahalanobis; 单变量IQR+3σ; 残差,4038.117,38,Mahalanobis 距离=4038.1（阈值=18.5）。主要贡献特征：PC1 (84.7%); PC3 (13.6%); PC4 (1.6%)。
1100,2024-04-08 16:41:00,2024-04-08 17:00:00,20.0,待机,IsolationForest; Mahalanobis; 单变量IQR+3σ; 残差,6240.158,760,Mahalanobis 距离=6240.2（阈值=18.5）。主要贡献特征：PC3 (70.6%); PC1 (28.6%)。
1101,2024-04-08 17:02:00,2024-04-08 17:26:00,25.0,待机,IsolationForest; Mahalanobis; 单变量IQR+3σ; 残差,4562.233,950,Mahalanobis 距离=4562.2（阈值=18.5）。主要贡献特征：PC3 (53.7%); PC1 (44.7%); PC4 (1.6%)。
1102,2024-04-08 17:28:00,2024-04-08 17:28:00,1.0,停机,IsolationForest; Mahalanobis; 单变量IQR+3σ; 残差,70.356,38,Mahalanobis 距离=70.4（阈值=18.5）。主要贡献特征：PC1 (52.5%); PC3 (47.4%)。
1103,2024-04-08 17:31:00,2024-04-08 18:07:00,37.0,待机,IsolationForest; Mahalanobis; 单变量IQR+3σ; 残差,48654.772,1406,Mahalanobis 距离=48654.8（阈值=18.5）。主要贡献特征：PC3 (97.8%); PC1 (2.2%)。
1104,2024-04-08 18:11:00,2024-04-08 18:11:00,1.0,重载牵引,IsolationForest; Mahalanobis; 单变量IQR+3σ; 残差,3.511,38,正常
1105,2024-04-08 18:14:00,2024-04-08 18:35:00,22.0,停机,IsolationForest; Mahalanobis; 单变量IQR+3σ; 残差,1892.242,836,Mahalanobis 距离=1892.2（阈值=18.5）。主要贡献特征：PC1 (96.0%); PC4 (3.8%)。
1106,2024-04-08 18:40:00,2024-04-08 18:50:00,11.0,停机,IsolationForest; Mahalanobis; 单变量IQR+3σ; 残差,1205.944,418,Mahalanobis 距离=1205.9（阈值=18.5）。主要贡献特征：PC1 (89.2%); PC3 (7.7%); PC4 (3.1%)。
1107,2024-04-08 18:53:00,2024-04-08 19:03:00,11.0,待机,IsolationForest; Mahalanobis; 单变量IQR+3σ; 残差,3777.856,418,Mahalanobis 距离=3777.9（阈值=18.5）。主要贡献特征：PC1 (80.1%); PC4 (18.1%); PC3 (1.8%)。
1108,2024-04-08 19:05:00,2024-04-08 19:08:00,4.0,重载牵引,IsolationForest; Mahalanobis; 单变量IQR+3σ; 残差,34.233,152,Mahalanobis 距离=34.2（阈值=18.5）。主要贡献特征：PC1 (98.9%)。
1109,2024-04-08 19:17:00,2024-04-08 19:18:00,2.0,重载牵引,IsolationForest; Mahalanobis; 单变量IQR+3σ; 残差,18.195,76,残差异常：采煤机_破碎机_电机_电流 偏高（残差 Z-score=18.2，实际=204.0 vs 预测=0.0）
1110,2024-04-08 19:20:00,2024-04-08 19:26:00,7.0,待机,IsolationForest; Mahalanobis; 单变量IQR+3σ; 残差,3425.511,266,Mahalanobis 距离=3425.5（阈值=18.5）。主要贡献特征：PC1 (81.3%); PC4 (9.8%); PC3 (8.9%)。
1111,2024-04-08 19:30:00,2024-04-08 19:30:00,1.0,待机,IsolationForest; Mahalanobis; 单变量IQR+3σ; 残差,3806.566,38,Mahalanobis 距离=3806.6（阈值=18.5）。主要贡献特征：PC1 (84.1%); PC4 (8.1%); PC3 (7.8%)。
1112,2024-04-08 19:32:00,2024-04-08 19:32:00,1.0,待机,IsolationForest; Mahalanobis; 单变量IQR+3σ; 残差,3901.388,38,Mahalanobis 距离=3901.4（阈值=18.5）。主要贡献特征：PC1 (85.9%); PC4 (8.2%); PC3 (5.8%)。
1113,2024-04-08 19:42:00,2024-04-08 19:46:00,5.0,待机,IsolationForest; Mahalanobis; 单变量IQR+3σ; 残差,3711.508,190,Mahalanobis 距离=3711.5（阈值=18.5）。主要贡献特征：PC1 (71.8%); PC3 (23.5%); PC4 (4.6%)。
1114,2024-04-08 19:57:00,2024-04-08 19:59:00,3.0,停机,IsolationForest; Mahalanobis; 单变量IQR+3σ; 残差,930.875,114,Mahalanobis 距离=930.9（阈值=18.5）。主要贡献特征：PC1 (95.6%); PC4 (4.4%)。
1115,2024-04-08 20:05:00,2024-04-08 20:05:00,1.0,重载牵引,IsolationForest; Mahalanobis; 单变量IQR+3σ; 残差,3.389,38,残差异常：采煤机_截割部位_右滚筒_电机_电流 偏高（残差 Z-score=3.4，实际=191.0 vs 预测=65.6）
1116,2024-04-08 20:10:00,2024-04-08 23:26:00,197.0,停机,IsolationForest; Mahalanobis; 单变量IQR+3σ; 残差,2176.748,7486,Mahalanobis 距离=2176.7（阈值=18.5）。主要贡献特征：PC1 (98.0%); PC4 (2.0%)。
1117,2024-04-08 23:30:00,2024-04-08 23:30:00,1.0,待机,IsolationForest; Mahalanobis; 单变量IQR+3σ; 残差,3753.954,38,Mahalanobis 距离=3754.0（阈值=18.5）。主要贡献特征：PC1 (82.7%); PC4 (9.0%); PC3 (8.3%)。
1118,2024-04-08 23:43:00,2024-04-09 00:01:00,19.0,待机,IsolationForest; Mahalanobis; 单变量IQR+3σ; 残差,4492.614,722,Mahalanobis 距离=4492.6（阈值=18.5）。主要贡献特征：PC1 (89.7%); PC4 (9.8%)。
1119,2024-04-09 00:07:00,2024-04-09 00:07:00,1.0,待机,IsolationForest; Mahalanobis; 单变量IQR+3σ; 残差,3811.102,38,Mahalanobis 距离=3811.1（阈值=18.5）。主要贡献特征：PC1 (84.5%); PC4 (9.2%); PC3 (6.3%)。
1120,2024-04-09 00:09:00,2024-04-09 00:14:00,6.0,待机,IsolationForest; Mahalanobis; 单变量IQR+3σ; 残差,3854.564,228,Mahalanobis 距离=3854.6（阈值=18.5）。主要贡献特征：PC1 (84.4%); PC4 (9.0%); PC3 (6.6%)。
1121,2024-04-09 01:10:00,2024-04-09 01:10:00,1.0,待机,IsolationForest; Mahalanobis; 单变量IQR+3σ; 残差,10.576,38,正常
1122,2024-04-09 01:12:00,2024-04-09 01:13:00,2.0,停机,IsolationForest; Mahalanobis; 单变量IQR+3σ; 残差,272.338,76,Mahalanobis 距离=272.3（阈值=18.5）。主要贡献特征：PC1 (80.5%); PC4 (15.5%); PC3 (3.9%)。
1123,2024-04-09 01:15:00,2024-04-09 01:35:00,21.0,待机,IsolationForest; Mahalanobis; 单变量IQR+3σ; 残差,3695.996,798,Mahalanobis 距离=3696.0（阈值=18.5）。主要贡献特征：PC1 (82.3%); PC4 (9.5%); PC3 (8.2%)。
1124,2024-04-09 01:37:00,2024-04-09 01:37:00,1.0,重载牵引,IsolationForest; Mahalanobis; 单变量IQR+3σ; 残差,6.625,38,正常
1125,2024-04-09 01:39:00,2024-04-09 01:39:00,1.0,重载牵引,IsolationForest; Mahalanobis; 单变量IQR+3σ; 残差,4.031,38,残差异常：采煤机_截割部位_左滚筒_电机_电流 偏高（残差 Z-score=4.0，实际=244.0 vs 预测=81.6）
1126,2024-04-09 01:45:00,2024-04-09 01:46:00,2.0,停机,IsolationForest; Mahalanobis; 单变量IQR+3σ; 残差,1984.818,76,Mahalanobis 距离=1984.8（阈值=18.5）。主要贡献特征：PC1 (96.9%); PC3 (2.5%)。
1127,2024-04-09 01:52:00,2024-04-09 01:53:00,2.0,待机,IsolationForest; Mahalanobis; 单变量IQR+3σ; 残差,4185.909,76,Mahalanobis 距离=4185.9（阈值=18.5）。主要贡献特征：PC1 (89.9%); PC3 (5.6%); PC4 (4.5%)。
1128,2024-04-09 02:01:00,2024-04-09 02:23:00,23.0,待机,IsolationForest; Mahalanobis; 单变量IQR+3σ; 残差,4019.092,874,Mahalanobis 距离=4019.1（阈值=18.5）。主要贡献特征：PC1 (85.5%); PC3 (12.1%); PC4 (2.4%)。
1129,2024-04-09 02:26:00,2024-04-09 02:26:00,1.0,待机,IsolationForest; Mahalanobis; 单变量IQR+3σ; 残差,3760.958,38,Mahalanobis 距离=3761.0（阈值=18.5）。主要贡献特征：PC1 (78.9%); PC3 (20.0%); PC4 (1.1%)。
1130,2024-04-09 02:31:00,2024-04-09 02:33:00,3.0,停机,IsolationForest; Mahalanobis; 单变量IQR+3σ; 残差,1270.54,114,Mahalanobis 距离=1270.5（阈值=18.5）。主要贡献特征：PC1 (79.1%); PC3 (20.9%)。
1131,2024-04-09 02:47:00,2024-04-09 02:47:00,1.0,停机,IsolationForest; Mahalanobis; 单变量IQR+3σ; 残差,1204.861,38,Mahalanobis 距离=1204.9（阈值=18.5）。主要贡献特征：PC1 (72.3%); PC3 (27.2%)。
1132,2024-04-09 03:04:00,2024-04-09 03:04:00,1.0,待机,IsolationForest; Mahalanobis; 单变量IQR+3σ; 残差,3674.461,38,Mahalanobis 距离=3674.5（阈值=18.5）。主要贡献特征：PC1 (64.3%); PC3 (35.3%)。
1133,2024-04-09 03:30:00,2024-04-09 03:32:00,3.0,停机,IsolationForest; Mahalanobis; 单变量IQR+3σ; 残差,1376.755,114,Mahalanobis 距离=1376.8（阈值=18.5）。主要贡献特征：PC1 (72.1%); PC3 (26.6%); PC4 (1.4%)。
1134,2024-04-09 03:35:00,2024-04-09 03:35:00,1.0,重载牵引,IsolationForest; Mahalanobis; 单变量IQR+3σ; 残差,4.825,38,正常
1135,2024-04-09 03:37:00,2024-04-09 03:37:00,1.0,重载牵引,IsolationForest; Mahalanobis; 单变量IQR+3σ; 残差,4.478,38,残差异常：采煤机_截割部位_左滚筒_电机_电流 偏高（残差 Z-score=4.5，实际=256.0 vs 预测=75.6）
1136,2024-04-09 03:49:00,2024-04-09 03:49:00,1.0,待机,IsolationForest; Mahalanobis; 单变量IQR+3σ; 残差,3918.951,38,Mahalanobis 距离=3919.0（阈值=18.5）。主要贡献特征：PC1 (83.3%); PC3 (15.8%)。
1137,2024-04-09 03:51:00,2024-04-09 03:51:00,1.0,重载牵引,IsolationForest; Mahalanobis; 单变量IQR+3σ; 残差,3.168,38,残差异常：采煤机_截割部位_右滚筒_电机_电流 偏高（残差 Z-score=3.2，实际=199.0 vs 预测=81.8）
1138,2024-04-09 03:53:00,2024-04-09 03:55:00,3.0,待机,IsolationForest; Mahalanobis; 单变量IQR+3σ; 残差,6136.201,114,Mahalanobis 距离=6136.2（阈值=18.5）。主要贡献特征：PC1 (98.0%); PC4 (1.3%)。
1139,2024-04-09 04:04:00,2024-04-09 04:05:00,2.0,待机,IsolationForest; Mahalanobis; 单变量IQR+3σ; 残差,4566.542,76,Mahalanobis 距离=4566.5（阈值=18.5）。主要贡献特征：PC1 (94.1%); PC4 (3.1%); PC3 (2.8%)。
1140,2024-04-09 04:07:00,2024-04-09 04:11:00,5.0,待机,IsolationForest; Mahalanobis; 单变量IQR+3σ; 残差,4465.349,190,Mahalanobis 距离=4465.3（阈值=18.5）。主要贡献特征：PC1 (92.8%); PC4 (4.6%); PC3 (2.6%)。
1141,2024-04-09 04:13:00,2024-04-09 04:17:00,5.0,停机,IsolationForest; Mahalanobis; 单变量IQR+3σ; 残差,373.202,190,Mahalanobis 距离=373.2（阈值=18.5）。主要贡献特征：PC1 (65.2%); PC3 (34.3%)。
1142,2024-04-09 04:30:00,2024-04-09 04:30:00,1.0,待机,IsolationForest; Mahalanobis; 单变量IQR+3σ; 残差,3965.755,38,Mahalanobis 距离=3965.8（阈值=18.5）。主要贡献特征：PC1 (85.2%); PC4 (11.9%); PC3 (2.9%)。
1143,2024-04-09 04:37:00,2024-04-09 04:38:00,2.0,停机,IsolationForest; Mahalanobis; 单变量IQR+3σ; 残差,1383.945,76,Mahalanobis 距离=1383.9（阈值=18.5）。主要贡献特征：PC1 (92.7%); PC3 (4.5%); PC4 (2.8%)。
1144,2024-04-09 04:44:00,2024-04-09 04:44:00,1.0,重载牵引,IsolationForest; Mahalanobis; 单变量IQR+3σ; 残差,3.033,38,残差异常：采煤机_破碎机_电机_电流 偏高（残差 Z-score=3.0，实际=34.0 vs 预测=0.0）
1145,2024-04-09 05:06:00,2024-04-09 05:06:00,1.0,重载牵引,IsolationForest; Mahalanobis; 单变量IQR+3σ; 残差,4.846,38,正常
1146,2024-04-09 05:15:00,2024-04-09 05:15:00,1.0,重载牵引,IsolationForest; Mahalanobis; 单变量IQR+3σ; 残差,4.549,38,正常
1147,2024-04-09 05:23:00,2024-04-09 05:23:00,1.0,待机,IsolationForest; Mahalanobis; 单变量IQR+3σ; 残差,4397.327,38,Mahalanobis 距离=4397.3（阈值=18.5）。主要贡献特征：PC1 (72.5%); PC3 (25.7%); PC4 (1.8%)。
1148,2024-04-09 05:26:00,2024-04-09 05:26:00,1.0,重载牵引,IsolationForest; Mahalanobis; 单变量IQR+3σ; 残差,5.032,38,残差异常：采煤机_油泵_右电机_电流 偏高（残差 Z-score=5.0，实际=51.0 vs 预测=17.6）
1149,2024-04-09 05:33:00,2024-04-09 05:33:00,1.0,待机,IsolationForest; Mahalanobis; 单变量IQR+3σ; 残差,4078.689,38,Mahalanobis 距离=4078.7（阈值=18.5）。主要贡献特征：PC1 (67.1%); PC3 (31.3%); PC4 (1.6%)。
1150,2024-04-09 05:36:00,2024-04-09 05:37:00,2.0,停机,IsolationForest; Mahalanobis; 单变量IQR+3σ; 残差,1421.631,76,Mahalanobis 距离=1421.6（阈值=18.5）。主要贡献特征：PC1 (67.1%); PC3 (29.4%); PC4 (3.5%)。
1151,2024-04-09 05:43:00,2024-04-09 05:43:00,1.0,重载牵引,IsolationForest; Mahalanobis; 单变量IQR+3σ; 残差,4.146,38,残差异常：采煤机_截割部位_右滚筒_电机_电流 偏高（残差 Z-score=4.1，实际=219.0 vs 预测=65.6）
1152,2024-04-09 05:51:00,2024-04-09 05:55:00,5.0,停机,IsolationForest; Mahalanobis; 单变量IQR+3σ; 残差,1714.254,190,Mahalanobis 距离=1714.3（阈值=18.5）。主要贡献特征：PC1 (81.7%); PC3 (16.4%); PC4 (1.8%)。
1153,2024-04-09 06:33:00,2024-04-09 06:36:00,4.0,停机,IsolationForest; Mahalanobis; 单变量IQR+3σ; 残差,1688.025,152,Mahalanobis 距离=1688.0（阈值=18.5）。主要贡献特征：PC1 (84.0%); PC3 (14.5%); PC4 (1.5%)。
1154,2024-04-09 06:41:00,2024-04-09 06:41:00,1.0,重载牵引,IsolationForest; Mahalanobis; 单变量IQR+3σ; 残差,3.773,38,残差异常：采煤机_截割部位_右滚筒_电机_电流 偏高（残差 Z-score=3.8，实际=230.0 vs 预测=90.4）
1155,2024-04-09 06:49:00,2024-04-09 06:49:00,1.0,待机,IsolationForest; Mahalanobis; 单变量IQR+3σ; 残差,3844.576,38,Mahalanobis 距离=3844.6（阈值=18.5）。主要贡献特征：PC1 (77.4%); PC3 (22.1%)。
1156,2024-04-09 06:57:00,2024-04-09 06:57:00,1.0,重载牵引,IsolationForest; Mahalanobis; 单变量IQR+3σ; 残差,3.767,38,残差异常：采煤机_油泵_右电机_电流 偏高（残差 Z-score=3.8，实际=43.0 vs 预测=18.0）
1157,2024-04-09 07:05:00,2024-04-09 07:05:00,1.0,重载牵引,IsolationForest; Mahalanobis; 单变量IQR+3σ; 残差,5.153,38,残差异常：采煤机_油泵_右电机_电流 偏高（残差 Z-score=5.2，实际=52.0 vs 预测=17.8）
1158,2024-04-09 07:10:00,2024-04-09 07:10:00,1.0,待机,IsolationForest; Mahalanobis; 单变量IQR+3σ; 残差,4616.86,38,Mahalanobis 距离=4616.9（阈值=18.5）。主要贡献特征：PC1 (93.2%); PC4 (4.6%); PC3 (2.2%)。
1159,2024-04-09 07:15:00,2024-04-09 07:15:00,1.0,重载牵引,IsolationForest; Mahalanobis; 单变量IQR+3σ; 残差,3.584,38,正常
1160,2024-04-09 07:19:00,2024-04-09 07:19:00,1.0,重载牵引,IsolationForest; Mahalanobis; 单变量IQR+3σ; 残差,3.917,38,残差异常：采煤机_油泵_右电机_电流 偏高（残差 Z-score=3.9，实际=44.0 vs 预测=18.0）
1161,2024-04-09 07:24:00,2024-04-09 07:24:00,1.0,待机,IsolationForest; Mahalanobis; 单变量IQR+3σ; 残差,4755.909,38,Mahalanobis 距离=4755.9（阈值=18.5）。主要贡献特征：PC1 (87.4%); PC4 (12.4%)。
1162,2024-04-09 07:26:00,2024-04-09 07:26:00,1.0,停机,IsolationForest; Mahalanobis; 单变量IQR+3σ; 残差,1203.132,38,Mahalanobis 距离=1203.1（阈值=18.5）。主要贡献特征：PC1 (86.8%); PC3 (10.1%); PC4 (3.1%)。
1163,2024-04-09 07:32:00,2024-04-09 07:37:00,6.0,待机,IsolationForest; Mahalanobis; 单变量IQR+3σ; 残差,3995.171,228,Mahalanobis 距离=3995.2（阈值=18.5）。主要贡献特征：PC1 (85.8%); PC4 (11.6%); PC3 (2.6%)。
1164,2024-04-09 07:48:00,2024-04-09 07:52:00,5.0,重载牵引,IsolationForest; Mahalanobis; 单变量IQR+3σ; 残差,33.592,190,Mahalanobis 距离=33.6（阈值=18.5）。主要贡献特征：PC1 (99.1%)。
1165,2024-04-09 08:00:00,2024-04-09 08:00:00,1.0,待机,IsolationForest; Mahalanobis; 单变量IQR+3σ; 残差,4609.212,38,Mahalanobis 距离=4609.2（阈值=18.5）。主要贡献特征：PC1 (90.4%); PC4 (9.3%)。
1166,2024-04-09 08:20:00,2024-04-09 08:20:00,1.0,重载牵引,IsolationForest; Mahalanobis; 单变量IQR+3σ; 残差,5.587,38,正常
1167,2024-04-09 08:22:00,2024-04-09 08:22:00,1.0,待机,IsolationForest; Mahalanobis; 单变量IQR+3σ; 残差,4447.132,38,Mahalanobis 距离=4447.1（阈值=18.5）。主要贡献特征：PC1 (82.3%); PC3 (17.5%)。
1168,2024-04-09 08:24:00,2024-04-09 08:25:00,2.0,停机,IsolationForest; Mahalanobis; 单变量IQR+3σ; 残差,1480.975,76,Mahalanobis 距离=1481.0（阈值=18.5）。主要贡献特征：PC1 (75.1%); PC3 (23.4%); PC4 (1.5%)。
1169,2024-04-09 08:28:00,2024-04-09 08:29:00,2.0,停机,IsolationForest; Mahalanobis; 单变量IQR+3σ; 残差,858.804,76,Mahalanobis 距离=858.8（阈值=18.5）。主要贡献特征：PC1 (60.2%); PC3 (38.2%); PC4 (1.6%)。
1170,2024-04-09 08:31:00,2024-04-09 08:43:00,13.0,待机,IsolationForest; Mahalanobis; 单变量IQR+3σ; 残差,3703.868,494,Mahalanobis 距离=3703.9（阈值=18.5）。主要贡献特征：PC1 (53.4%); PC3 (46.3%)。
1171,2024-04-09 10:17:00,2024-04-09 10:24:00,8.0,待机,IsolationForest; Mahalanobis; 单变量IQR+3σ; 残差,2550.313,304,Mahalanobis 距离=2550.3（阈值=18.5）。主要贡献特征：PC3 (65.2%); PC1 (34.4%)。
1172,2024-04-09 11:57:00,2024-04-09 13:33:00,97.0,待机,IsolationForest; Mahalanobis; 单变量IQR+3σ; 残差,3316.523,3686,Mahalanobis 距离=3316.5（阈值=18.5）。主要贡献特征：PC3 (66.5%); PC1 (33.3%)。
1173,2024-04-09 14:33:00,2024-04-09 14:37:00,5.0,停机,IsolationForest; Mahalanobis; 单变量IQR+3σ; 残差,320.323,190,Mahalanobis 距离=320.3（阈值=18.5）。主要贡献特征：PC3 (49.2%); PC1 (45.7%); PC4 (5.0%)。
1174,2024-04-09 15:36:00,2024-04-09 15:40:00,5.0,停机,IsolationForest; Mahalanobis; 单变量IQR+3σ; 残差,385.428,190,Mahalanobis 距离=385.4（阈值=18.5）。主要贡献特征：PC1 (49.4%); PC3 (46.9%); PC4 (3.6%)。
1175,2024-04-09 15:54:00,2024-04-09 15:59:00,6.0,待机,IsolationForest; Mahalanobis; 单变量IQR+3σ; 残差,1722.593,228,Mahalanobis 距离=1722.6（阈值=18.5）。主要贡献特征：PC1 (54.1%); PC3 (44.8%); PC4 (1.1%)。
1176,2024-04-09 16:01:00,2024-04-09 16:05:00,5.0,停机,IsolationForest; Mahalanobis; 单变量IQR+3σ; 残差,307.237,190,Mahalanobis 距离=307.2（阈值=18.5）。主要贡献特征：PC3 (49.9%); PC1 (45.5%); PC4 (4.7%)。
1177,2024-04-09 16:09:00,2024-04-09 16:15:00,7.0,待机,IsolationForest; Mahalanobis; 单变量IQR+3σ; 残差,2890.484,266,Mahalanobis 距离=2890.5（阈值=18.5）。主要贡献特征：PC3 (67.7%); PC1 (32.0%)。
1178,2024-04-09 17:00:00,2024-04-09 17:09:00,10.0,停机,IsolationForest; Mahalanobis; 单变量IQR+3σ; 残差,1794.057,380,Mahalanobis 距离=1794.1（阈值=18.5）。主要贡献特征：PC1 (80.3%); PC3 (17.9%); PC4 (1.8%)。
1179,2024-04-09 17:11:00,2024-04-09 18:04:00,54.0,待机,IsolationForest; Mahalanobis; 单变量IQR+3σ; 残差,3732.172,2052,Mahalanobis 距离=3732.2（阈值=18.5）。主要贡献特征：PC1 (74.8%); PC3 (24.9%)。
1180,2024-04-09 18:08:00,2024-04-09 18:11:00,4.0,停机,IsolationForest; Mahalanobis; 单变量IQR+3σ; 残差,1006.538,152,Mahalanobis 距离=1006.5（阈值=18.5）。主要贡献特征：PC1 (84.4%); PC3 (14.1%); PC4 (1.5%)。
1181,2024-04-09 18:13:00,2024-04-09 18:22:00,10.0,待机,IsolationForest; Mahalanobis; 单变量IQR+3σ; 残差,3427.22,380,Mahalanobis 距离=3427.2（阈值=18.5）。主要贡献特征：PC1 (81.8%); PC4 (16.8%); PC3 (1.4%)。
1182,2024-04-09 18:47:00,2024-04-09 18:54:00,8.0,停机,IsolationForest; Mahalanobis; 单变量IQR+3σ; 残差,404.238,304,Mahalanobis 距离=404.2（阈值=18.5）。主要贡献特征：PC1 (76.0%); PC3 (19.5%); PC4 (4.4%)。
1183,2024-04-09 21:25:00,2024-04-09 21:25:00,1.0,待机,IsolationForest; Mahalanobis; 单变量IQR+3σ; 残差,10.267,38,正常
1184,2024-04-09 21:27:00,2024-04-09 21:42:00,16.0,待机,IsolationForest; Mahalanobis; 单变量IQR+3σ; 残差,3467.385,608,Mahalanobis 距离=3467.4（阈值=18.5）。主要贡献特征：PC1 (80.3%); PC4 (13.6%); PC3 (6.1%)。
1185,2024-04-09 21:44:00,2024-04-09 21:51:00,8.0,重载牵引,IsolationForest; Mahalanobis; 单变量IQR+3σ; 残差,5.291,304,正常
1186,2024-04-09 21:56:00,2024-04-09 21:57:00,2.0,待机,IsolationForest; Mahalanobis; 单变量IQR+3σ; 残差,6835.142,76,Mahalanobis 距离=6835.1（阈值=18.5）。主要贡献特征：PC1 (81.6%); PC3 (11.8%); PC4 (6.6%)。
1187,2024-04-09 22:00:00,2024-04-09 22:01:00,2.0,停机,IsolationForest; Mahalanobis; 单变量IQR+3σ; 残差,2499.792,76,Mahalanobis 距离=2499.8（阈值=18.5）。主要贡献特征：PC1 (97.2%); PC3 (2.2%)。
1188,2024-04-09 22:03:00,2024-04-09 22:03:00,1.0,重载牵引,IsolationForest; Mahalanobis; 单变量IQR+3σ; 残差,3.122,38,残差异常：采煤机_破碎机_电机_电流 偏高（残差 Z-score=3.1，实际=35.0 vs 预测=0.0）
1189,2024-04-09 22:11:00,2024-04-09 22:11:00,1.0,待机,IsolationForest; Mahalanobis; 单变量IQR+3σ; 残差,7916.28,38,Mahalanobis 距离=7916.3（阈值=18.5）。主要贡献特征：PC1 (87.7%); PC3 (11.8%)。
1190,2024-04-09 22:13:00,2024-04-09 22:13:00,1.0,停机,IsolationForest; Mahalanobis; 单变量IQR+3σ; 残差,2456.454,38,Mahalanobis 距离=2456.5（阈值=18.5）。主要贡献特征：PC1 (99.2%)。
1191,2024-04-09 22:15:00,2024-04-09 22:15:00,1.0,待机,IsolationForest; Mahalanobis; 单变量IQR+3σ; 残差,4271.108,38,Mahalanobis 距离=4271.1（阈值=18.5）。主要贡献特征：PC1 (85.6%); PC3 (14.3%)。
1192,2024-04-09 22:20:00,2024-04-09 22:25:00,6.0,待机,IsolationForest; Mahalanobis; 单变量IQR+3σ; 残差,5515.346,228,Mahalanobis 距离=5515.3（阈值=18.5）。主要贡献特征：PC1 (97.0%); PC3 (2.9%)。
1193,2024-04-10 00:45:00,2024-04-10 00:45:00,1.0,待机,IsolationForest; Mahalanobis; 单变量IQR+3σ; 残差,10.603,38,正常
1194,2024-04-10 00:52:00,2024-04-10 01:05:00,14.0,待机,IsolationForest; Mahalanobis; 单变量IQR+3σ; 残差,2282.184,532,Mahalanobis 距离=2282.2（阈值=18.5）。主要贡献特征：PC1 (76.6%); PC3 (22.9%)。
1195,2024-04-10 01:10:00,2024-04-10 01:11:00,2.0,待机,IsolationForest; Mahalanobis; 单变量IQR+3σ; 残差,3818.922,76,Mahalanobis 距离=3818.9（阈值=18.5）。主要贡献特征：PC1 (63.0%); PC3 (35.7%); PC4 (1.3%)。
1196,2024-04-10 01:19:00,2024-04-10 01:19:00,1.0,重载牵引,IsolationForest; Mahalanobis; 单变量IQR+3σ; 残差,3.772,38,正常
1197,2024-04-10 01:22:00,2024-04-10 01:22:00,1.0,重载牵引,IsolationForest; Mahalanobis; 单变量IQR+3σ; 残差,5.627,38,残差异常：采煤机_截割部位_右滚筒_电机_电流 偏高（残差 Z-score=5.6，实际=273.0 vs 预测=64.8）
1198,2024-04-10 01:27:00,2024-04-10 01:28:00,2.0,重载牵引,IsolationForest; Mahalanobis; 单变量IQR+3σ; 残差,15.609,76,正常
1199,2024-04-10 01:31:00,2024-04-10 01:32:00,2.0,重载牵引,IsolationForest; Mahalanobis; 单变量IQR+3σ; 残差,13.261,76,正常
1200,2024-04-10 01:36:00,2024-04-10 01:36:00,1.0,重载牵引,IsolationForest; Mahalanobis; 单变量IQR+3σ; 残差,5.273,38,残差异常：采煤机_油泵_右电机_电流 偏高（残差 Z-score=5.3，实际=52.0 vs 预测=17.0）
1201,2024-04-10 01:42:00,2024-04-10 01:42:00,1.0,重载牵引,IsolationForest; Mahalanobis; 单变量IQR+3σ; 残差,3.866,38,正常
1202,2024-04-10 01:57:00,2024-04-10 01:57:00,1.0,待机,IsolationForest; Mahalanobis; 单变量IQR+3σ; 残差,3684.224,38,Mahalanobis 距离=3684.2（阈值=18.5）。主要贡献特征：PC1 (81.3%); PC3 (14.7%); PC4 (4.1%)。
1203,2024-04-10 02:01:00,2024-04-10 02:03:00,3.0,重载牵引,IsolationForest; Mahalanobis; 单变量IQR+3σ; 残差,3.067,114,单变量异常：采煤机_截割部位_左滚筒_电机_电流（z-score=3.1，实际=226.0，均值=95.4±42.6）
1204,2024-04-10 02:16:00,2024-04-10 02:16:00,1.0,重载牵引,IsolationForest; Mahalanobis; 单变量IQR+3σ; 残差,5.587,38,正常
1205,2024-04-10 02:18:00,2024-04-10 02:18:00,1.0,待机,IsolationForest; Mahalanobis; 单变量IQR+3σ; 残差,5003.584,38,Mahalanobis 距离=5003.6（阈值=18.5）。主要贡献特征：PC1 (85.9%); PC4 (12.7%); PC3 (1.4%)。
1206,2024-04-10 02:20:00,2024-04-10 02:20:00,1.0,停机,IsolationForest; Mahalanobis; 单变量IQR+3σ; 残差,1579.856,38,Mahalanobis 距离=1579.9（阈值=18.5）。主要贡献特征：PC1 (94.8%); PC4 (3.2%); PC3 (2.0%)。
1207,2024-04-10 02:22:00,2024-04-10 02:22:00,1.0,重载牵引,IsolationForest; Mahalanobis; 单变量IQR+3σ; 残差,4.972,38,残差异常：采煤机_油泵_右电机_电流 偏高（残差 Z-score=5.0，实际=50.0 vs 预测=17.0）
1208,2024-04-10 02:24:00,2024-04-10 02:24:00,1.0,重载牵引,IsolationForest; Mahalanobis; 单变量IQR+3σ; 残差,4.73,38,正常
1209,2024-04-10 02:32:00,2024-04-10 02:35:00,4.0,重载牵引,IsolationForest; Mahalanobis; 单变量IQR+3σ; 残差,6.013,152,正常
1210,2024-04-10 02:39:00,2024-04-10 02:46:00,8.0,待机,IsolationForest; Mahalanobis; 单变量IQR+3σ; 残差,3756.685,304,Mahalanobis 距离=3756.7（阈值=18.5）。主要贡献特征：PC1 (88.1%); PC3 (8.2%); PC4 (3.7%)。
1211,2024-04-10 02:50:00,2024-04-10 02:50:00,1.0,停机,IsolationForest; Mahalanobis; 单变量IQR+3σ; 残差,1348.052,38,Mahalanobis 距离=1348.1（阈值=18.5）。主要贡献特征：PC1 (83.9%); PC3 (16.0%)。
1212,2024-04-10 02:55:00,2024-04-10 02:57:00,3.0,停机,IsolationForest; Mahalanobis; 单变量IQR+3σ; 残差,1313.858,114,Mahalanobis 距离=1313.9（阈值=18.5）。主要贡献特征：PC1 (82.6%); PC3 (17.3%)。
1213,2024-04-10 02:59:00,2024-04-10 02:59:00,1.0,待机,IsolationForest; Mahalanobis; 单变量IQR+3σ; 残差,2965.545,38,Mahalanobis 距离=2965.5（阈值=18.5）。主要贡献特征：PC1 (80.7%); PC3 (16.0%); PC4 (3.4%)。
1214,2024-04-10 03:01:00,2024-04-10 03:01:00,1.0,待机,IsolationForest; Mahalanobis; 单变量IQR+3σ; 残差,3681.224,38,Mahalanobis 距离=3681.2（阈值=18.5）。主要贡献特征：PC1 (89.0%); PC3 (7.8%); PC4 (3.2%)。
1215,2024-04-10 03:09:00,2024-04-10 03:09:00,1.0,重载牵引,IsolationForest; Mahalanobis; 单变量IQR+3σ; 残差,4.549,38,正常
1216,2024-04-10 03:17:00,2024-04-10 03:18:00,2.0,停机,IsolationForest; Mahalanobis; 单变量IQR+3σ; 残差,1954.419,76,Mahalanobis 距离=1954.4（阈值=18.5）。主要贡献特征：PC1 (88.6%); PC3 (8.9%); PC4 (2.5%)。
1217,2024-04-10 03:22:00,2024-04-10 03:22:00,1.0,重载牵引,IsolationForest; Mahalanobis; 单变量IQR+3σ; 残差,7.061,38,正常
1218,2024-04-10 03:24:00,2024-04-10 03:25:00,2.0,待机,IsolationForest; Mahalanobis; 单变量IQR+3σ; 残差,4019.07,76,Mahalanobis 距离=4019.1（阈值=18.5）。主要贡献特征：PC1 (68.5%); PC3 (29.9%); PC4 (1.6%)。
1219,2024-04-10 03:38:00,2024-04-10 03:52:00,15.0,待机,IsolationForest; Mahalanobis; 单变量IQR+3σ; 残差,4344.92,570,Mahalanobis 距离=4344.9（阈值=18.5）。主要贡献特征：PC1 (73.7%); PC3 (24.5%); PC4 (1.7%)。
1220,2024-04-10 04:13:00,2024-04-10 04:14:00,2.0,重载牵引,IsolationForest; Mahalanobis; 单变量IQR+3σ; 残差,34.389,76,Mahalanobis 距离=34.4（阈值=18.5）。主要贡献特征：PC1 (99.3%)。
1221,2024-04-10 04:20:00,2024-04-10 04:20:00,1.0,停机,IsolationForest; Mahalanobis; 单变量IQR+3σ; 残差,1417.009,38,Mahalanobis 距离=1417.0（阈值=18.5）。主要贡献特征：PC1 (74.8%); PC3 (24.1%); PC4 (1.1%)。
1222,2024-04-10 04:24:00,2024-04-10 04:24:00,1.0,重载牵引,IsolationForest; Mahalanobis; 单变量IQR+3σ; 残差,3.725,38,正常
1223,2024-04-10 04:30:00,2024-04-10 12:40:00,491.0,待机,IsolationForest; Mahalanobis; 单变量IQR+3σ; 残差,72040.858,18658,Mahalanobis 距离=72040.9（阈值=18.5）。主要贡献特征：PC3 (99.1%)。
1224,2024-04-10 12:47:00,2024-04-10 14:01:00,75.0,待机,IsolationForest; Mahalanobis; 单变量IQR+3σ; 残差,4007.159,2850,Mahalanobis 距离=4007.2（阈值=18.5）。主要贡献特征：PC3 (48.1%); PC1 (47.1%); PC4 (4.8%)。
1225,2024-04-10 14:24:00,2024-04-10 14:29:00,6.0,停机,IsolationForest; Mahalanobis; 单变量IQR+3σ; 残差,261.286,228,Mahalanobis 距离=261.3（阈值=18.5）。主要贡献特征：PC1 (82.1%); PC3 (10.5%); PC4 (7.5%)。
1226,2024-04-10 14:31:00,2024-04-10 14:35:00,5.0,待机,IsolationForest; Mahalanobis; 单变量IQR+3σ; 残差,2494.439,190,Mahalanobis 距离=2494.4（阈值=18.5）。主要贡献特征：PC1 (51.4%); PC3 (34.9%); PC4 (13.6%)。
1227,2024-04-10 15:10:00,2024-04-10 15:15:00,6.0,停机,IsolationForest; Mahalanobis; 单变量IQR+3σ; 残差,1217.213,228,Mahalanobis 距离=1217.2（阈值=18.5）。主要贡献特征：PC1 (97.1%); PC4 (2.4%)。
1228,2024-04-10 15:45:00,2024-04-10 16:34:00,50.0,待机,IsolationForest; Mahalanobis; 单变量IQR+3σ; 残差,11953.196,1900,Mahalanobis 距离=11953.2（阈值=18.5）。主要贡献特征：PC1 (50.0%); PC3 (49.8%)。
1229,2024-04-10 16:37:00,2024-04-10 16:37:00,1.0,待机,IsolationForest; Mahalanobis; 单变量IQR+3σ; 残差,5118.287,38,Mahalanobis 距离=5118.3（阈值=18.5）。主要贡献特征：PC1 (89.7%); PC3 (9.7%)。
1230,2024-04-10 16:56:00,2024-04-10 16:57:00,2.0,停机,IsolationForest; Mahalanobis; 单变量IQR+3σ; 残差,1789.065,76,Mahalanobis 距离=1789.1（阈值=18.5）。主要贡献特征：PC1 (78.1%); PC3 (19.2%); PC4 (2.7%)。
1231,2024-04-10 17:02:00,2024-04-10 17:02:00,1.0,重载牵引,IsolationForest; Mahalanobis; 单变量IQR+3σ; 残差,5.291,38,正常
1232,2024-04-10 17:04:00,2024-04-10 17:04:00,1.0,待机,IsolationForest; Mahalanobis; 单变量IQR+3σ; 残差,3953.404,38,Mahalanobis 距离=3953.4（阈值=18.5）。主要贡献特征：PC1 (64.6%); PC3 (33.7%); PC4 (1.7%)。
1233,2024-04-10 17:11:00,2024-04-10 17:11:00,1.0,重载牵引,IsolationForest; Mahalanobis; 单变量IQR+3σ; 残差,6.449,38,残差异常：采煤机_油泵_右电机_电流 偏高（残差 Z-score=6.4，实际=60.0 vs 预测=17.2）
1234,2024-04-10 17:18:00,2024-04-10 17:29:00,12.0,待机,IsolationForest; Mahalanobis; 单变量IQR+3σ; 残差,3283.915,456,Mahalanobis 距离=3283.9（阈值=18.5）。主要贡献特征：PC1 (65.3%); PC3 (34.1%)。
1235,2024-04-10 17:35:00,2024-04-10 17:39:00,5.0,停机,IsolationForest; Mahalanobis; 单变量IQR+3σ; 残差,396.587,190,Mahalanobis 距离=396.6（阈值=18.5）。主要贡献特征：PC1 (49.9%); PC3 (46.9%); PC4 (3.2%)。
1236,2024-04-10 17:43:00,2024-04-10 17:54:00,12.0,待机,IsolationForest; Mahalanobis; 单变量IQR+3σ; 残差,2744.987,456,Mahalanobis 距离=2745.0（阈值=18.5）。主要贡献特征：PC1 (74.6%); PC3 (25.4%)。
1237,2024-04-10 19:45:00,2024-04-10 19:49:00,5.0,待机,IsolationForest; Mahalanobis; 单变量IQR+3σ; 残差,27.132,190,Mahalanobis 距离=27.1（阈值=18.5）。主要贡献特征：PC3 (73.4%); PC1 (25.4%); PC2 (1.0%)。
1238,2024-04-10 19:51:00,2024-04-10 20:14:00,24.0,待机,IsolationForest; Mahalanobis; 单变量IQR+3σ; 残差,3807.848,912,Mahalanobis 距离=3807.8（阈值=18.5）。主要贡献特征：PC1 (75.5%); PC3 (24.3%)。
1239,2024-04-10 20:42:00,2024-04-10 21:09:00,28.0,待机,IsolationForest; Mahalanobis; 单变量IQR+3σ; 残差,4126.915,1064,Mahalanobis 距离=4126.9（阈值=18.5）。主要贡献特征：PC1 (87.4%); PC3 (10.8%); PC4 (1.9%)。
1240,2024-04-10 21:12:00,2024-04-10 21:12:00,1.0,重载牵引,IsolationForest; Mahalanobis; 单变量IQR+3σ; 残差,6.301,38,正常
1241,2024-04-10 21:17:00,2024-04-10 21:17:00,1.0,停机,IsolationForest; Mahalanobis; 单变量IQR+3σ; 残差,1360.563,38,Mahalanobis 距离=1360.6（阈值=18.5）。主要贡献特征：PC1 (89.9%); PC3 (7.5%); PC4 (2.6%)。
1242,2024-04-10 21:29:00,2024-04-10 21:29:00,1.0,待机,IsolationForest; Mahalanobis; 单变量IQR+3σ; 残差,3867.845,38,Mahalanobis 距离=3867.8（阈值=18.5）。主要贡献特征：PC1 (85.7%); PC4 (9.5%); PC3 (4.8%)。
1243,2024-04-10 21:39:00,2024-04-10 21:41:00,3.0,待机,IsolationForest; Mahalanobis; 单变量IQR+3σ; 残差,4839.011,114,Mahalanobis 距离=4839.0（阈值=18.5）。主要贡献特征：PC1 (94.7%); PC4 (4.8%)。
1244,2024-04-10 21:44:00,2024-04-10 21:45:00,2.0,待机,IsolationForest; Mahalanobis; 单变量IQR+3σ; 残差,3653.659,76,Mahalanobis 距离=3653.7（阈值=18.5）。主要贡献特征：PC1 (76.2%); PC3 (20.9%); PC4 (2.9%)。
1245,2024-04-10 21:47:00,2024-04-10 21:49:00,3.0,待机,IsolationForest; Mahalanobis; 单变量IQR+3σ; 残差,3789.345,114,Mahalanobis 距离=3789.3（阈值=18.5）。主要贡献特征：PC1 (82.0%); PC3 (15.3%); PC4 (2.6%)。
1246,2024-04-10 21:55:00,2024-04-10 21:55:00,1.0,重载牵引,IsolationForest; Mahalanobis; 单变量IQR+3σ; 残差,1.979,38,正常
1247,2024-04-10 22:00:00,2024-04-10 22:00:00,1.0,停机,IsolationForest; Mahalanobis; 单变量IQR+3σ; 残差,2154.166,38,Mahalanobis 距离=2154.2（阈值=18.5）。主要贡献特征：PC1 (97.5%); PC3 (2.4%)。
1248,2024-04-10 22:13:00,2024-04-10 22:13:00,1.0,待机,IsolationForest; Mahalanobis; 单变量IQR+3σ; 残差,4447.533,38,Mahalanobis 距离=4447.5（阈值=18.5）。主要贡献特征：PC1 (82.5%); PC3 (17.3%)。
1249,2024-04-10 22:16:00,2024-04-10 22:16:00,1.0,待机,IsolationForest; Mahalanobis; 单变量IQR+3σ; 残差,4198.184,38,Mahalanobis 距离=4198.2（阈值=18.5）。主要贡献特征：PC1 (75.4%); PC3 (23.9%)。
1250,2024-04-10 22:22:00,2024-04-10 22:22:00,1.0,待机,IsolationForest; Mahalanobis; 单变量IQR+3σ; 残差,4177.138,38,Mahalanobis 距离=4177.1（阈值=18.5）。主要贡献特征：PC1 (68.4%); PC3 (29.7%); PC4 (1.9%)。
1251,2024-04-10 22:25:00,2024-04-10 22:25:00,1.0,重载牵引,IsolationForest; Mahalanobis; 单变量IQR+3σ; 残差,5.213,38,残差异常：采煤机_油泵_右电机_电流 偏高（残差 Z-score=5.2，实际=52.0 vs 预测=17.4）
1252,2024-04-10 22:27:00,2024-04-10 22:27:00,1.0,重载牵引,IsolationForest; Mahalanobis; 单变量IQR+3σ; 残差,6.032,38,正常
1253,2024-04-10 22:33:00,2024-04-10 22:33:00,1.0,停机,IsolationForest; Mahalanobis; 单变量IQR+3σ; 残差,1438.839,38,Mahalanobis 距离=1438.8（阈值=18.5）。主要贡献特征：PC1 (67.9%); PC3 (28.9%); PC4 (3.2%)。
1254,2024-04-10 22:35:00,2024-04-10 22:35:00,1.0,重载牵引,IsolationForest; Mahalanobis; 单变量IQR+3σ; 残差,4.252,38,正常
1255,2024-04-10 22:40:00,2024-04-10 22:42:00,3.0,停机,IsolationForest; Mahalanobis; 单变量IQR+3σ; 残差,1577.921,114,Mahalanobis 距离=1577.9（阈值=18.5）。主要贡献特征：PC1 (75.0%); PC3 (22.4%); PC4 (2.6%)。
1256,2024-04-10 22:50:00,2024-04-10 22:50:00,1.0,停机,IsolationForest; Mahalanobis; 单变量IQR+3σ; 残差,1670.561,38,Mahalanobis 距离=1670.6（阈值=18.5）。主要贡献特征：PC1 (82.9%); PC3 (16.2%)。
1257,2024-04-10 22:52:00,2024-04-10 22:52:00,1.0,重载牵引,IsolationForest; Mahalanobis; 单变量IQR+3σ; 残差,4.549,38,正常
1258,2024-04-10 22:55:00,2024-04-10 22:55:00,1.0,待机,IsolationForest; Mahalanobis; 单变量IQR+3σ; 残差,3939.4,38,Mahalanobis 距离=3939.4（阈值=18.5）。主要贡献特征：PC1 (80.8%); PC3 (19.0%)。
1259,2024-04-10 22:58:00,2024-04-10 22:58:00,1.0,重载牵引,IsolationForest; Mahalanobis; 单变量IQR+3σ; 残差,3.438,38,残差异常：采煤机_截割部位_右滚筒_电机_电流 偏高（残差 Z-score=3.4，实际=209.0 vs 预测=81.8）
1260,2024-04-10 23:07:00,2024-04-10 23:07:00,1.0,待机,IsolationForest; Mahalanobis; 单变量IQR+3σ; 残差,4673.495,38,Mahalanobis 距离=4673.5（阈值=18.5）。主要贡献特征：PC1 (94.6%); PC4 (3.4%); PC3 (1.9%)。
1261,2024-04-10 23:15:00,2024-04-10 23:19:00,5.0,停机,IsolationForest; Mahalanobis; 单变量IQR+3σ; 残差,10691.263,190,Mahalanobis 距离=10691.3（阈值=18.5）。主要贡献特征：PC3 (90.9%); PC1 (9.1%)。
1262,2024-04-10 23:28:00,2024-04-10 23:28:00,1.0,重载牵引,IsolationForest; Mahalanobis; 单变量IQR+3σ; 残差,5.291,38,正常
1263,2024-04-10 23:31:00,2024-04-10 23:31:00,1.0,待机,IsolationForest; Mahalanobis; 单变量IQR+3σ; 残差,4183.903,38,Mahalanobis 距离=4183.9（阈值=18.5）。主要贡献特征：PC1 (87.0%); PC4 (12.2%)。
1264,2024-04-10 23:36:00,2024-04-10 23:36:00,1.0,待机,IsolationForest; Mahalanobis; 单变量IQR+3σ; 残差,4306.101,38,Mahalanobis 距离=4306.1（阈值=18.5）。主要贡献特征：PC1 (86.9%); PC4 (12.9%)。
1265,2024-04-10 23:41:00,2024-04-10 23:43:00,3.0,待机,IsolationForest; Mahalanobis; 单变量IQR+3σ; 残差,3856.692,114,Mahalanobis 距离=3856.7（阈值=18.5）。主要贡献特征：PC1 (85.0%); PC4 (11.0%); PC3 (4.0%)。
1266,2024-04-10 23:51:00,2024-04-11 00:02:00,12.0,待机,IsolationForest; Mahalanobis; 单变量IQR+3σ; 残差,3206.296,456,Mahalanobis 距离=3206.3（阈值=18.5）。主要贡献特征：PC1 (61.5%); PC3 (22.7%); PC4 (15.9%)。
1267,2024-04-11 00:11:00,2024-04-11 00:11:00,1.0,待机,IsolationForest; Mahalanobis; 单变量IQR+3σ; 残差,5287.828,38,Mahalanobis 距离=5287.8（阈值=18.5）。主要贡献特征：PC1 (97.0%); PC4 (2.9%)。
1268,2024-04-11 00:15:00,2024-04-11 00:15:00,1.0,待机,IsolationForest; Mahalanobis; 单变量IQR+3σ; 残差,3958.177,38,Mahalanobis 距离=3958.2（阈值=18.5）。主要贡献特征：PC1 (85.6%); PC3 (11.7%); PC4 (2.7%)。
1269,2024-04-11 00:17:00,2024-04-11 00:20:00,4.0,待机,IsolationForest; Mahalanobis; 单变量IQR+3σ; 残差,3796.563,152,Mahalanobis 距离=3796.6（阈值=18.5）。主要贡献特征：PC1 (81.6%); PC3 (16.2%); PC4 (2.2%)。
1270,2024-04-11 00:22:00,2024-04-11 00:23:00,2.0,待机,IsolationForest; Mahalanobis; 单变量IQR+3σ; 残差,3131.23,76,Mahalanobis 距离=3131.2（阈值=18.5）。主要贡献特征：PC1 (82.2%); PC3 (14.6%); PC4 (3.2%)。
1271,2024-04-11 00:25:00,2024-04-11 00:25:00,1.0,重载牵引,IsolationForest; Mahalanobis; 单变量IQR+3σ; 残差,4.146,38,残差异常：采煤机_截割部位_右滚筒_电机_电流 偏高（残差 Z-score=4.1，实际=230.0 vs 预测=76.6）
1272,2024-04-11 00:27:00,2024-04-11 00:28:00,2.0,停机,IsolationForest; Mahalanobis; 单变量IQR+3σ; 残差,2769.857,76,Mahalanobis 距离=2769.9（阈值=18.5）。主要贡献特征：PC1 (99.6%)。
1273,2024-04-11 00:30:00,2024-04-11 00:30:00,1.0,重载牵引,IsolationForest; Mahalanobis; 单变量IQR+3σ; 残差,4.401,38,正常
1274,2024-04-11 00:32:00,2024-04-11 00:33:00,2.0,待机,IsolationForest; Mahalanobis; 单变量IQR+3σ; 残差,6873.789,76,Mahalanobis 距离=6873.8（阈值=18.5）。主要贡献特征：PC1 (97.0%); PC3 (2.4%)。
1275,2024-04-11 00:45:00,2024-04-11 00:48:00,4.0,重载牵引,IsolationForest; Mahalanobis; 单变量IQR+3σ; 残差,5.142,152,单变量异常：采煤机_油泵_左电机_电流（z-score=5.1，实际=53.0，均值=18.3±6.7）
1276,2024-04-11 00:58:00,2024-04-11 00:58:00,1.0,重载牵引,IsolationForest; Mahalanobis; 单变量IQR+3σ; 残差,3.784,38,残差异常：采煤机_截割部位_右滚筒_电机_电流 偏高（残差 Z-score=3.8，实际=217.0 vs 预测=77.0）
1277,2024-04-11 01:00:00,2024-04-11 01:01:00,2.0,重载牵引,IsolationForest; Mahalanobis; 单变量IQR+3σ; 残差,5.123,76,残差异常：采煤机_油泵_右电机_电流 偏高（残差 Z-score=5.1，实际=51.0 vs 预测=17.0）
1278,2024-04-11 01:14:00,2024-04-11 01:20:00,7.0,停机,IsolationForest; Mahalanobis; 单变量IQR+3σ; 残差,10205.236,266,Mahalanobis 距离=10205.2（阈值=18.5）。主要贡献特征：PC3 (92.3%); PC1 (7.2%)。
1279,2024-04-11 01:31:00,2024-04-11 01:31:00,1.0,待机,IsolationForest; Mahalanobis; 单变量IQR+3σ; 残差,4054.529,38,Mahalanobis 距离=4054.5（阈值=18.5）。主要贡献特征：PC1 (84.8%); PC3 (14.6%)。
1280,2024-04-11 01:34:00,2024-04-11 01:34:00,1.0,待机,IsolationForest; Mahalanobis; 单变量IQR+3σ; 残差,3933.174,38,Mahalanobis 距离=3933.2（阈值=18.5）。主要贡献特征：PC1 (83.8%); PC3 (15.1%); PC4 (1.1%)。
1281,2024-04-11 01:41:00,2024-04-11 01:45:00,5.0,待机,IsolationForest; Mahalanobis; 单变量IQR+3σ; 残差,3276.168,190,Mahalanobis 距离=3276.2（阈值=18.5）。主要贡献特征：PC1 (76.6%); PC3 (18.5%); PC4 (4.9%)。
1282,2024-04-11 01:50:00,2024-04-11 01:50:00,1.0,停机,IsolationForest; Mahalanobis; 单变量IQR+3σ; 残差,1228.588,38,Mahalanobis 距离=1228.6（阈值=18.5）。主要贡献特征：PC1 (86.5%); PC3 (12.3%); PC4 (1.2%)。
1283,2024-04-11 01:52:00,2024-04-11 01:53:00,2.0,待机,IsolationForest; Mahalanobis; 单变量IQR+3σ; 残差,3355.503,76,Mahalanobis 距离=3355.5（阈值=18.5）。主要贡献特征：PC1 (78.0%); PC3 (13.8%); PC4 (8.1%)。
1284,2024-04-11 02:00:00,2024-04-11 02:02:00,3.0,停机,IsolationForest; Mahalanobis; 单变量IQR+3σ; 残差,1747.903,114,Mahalanobis 距离=1747.9（阈值=18.5）。主要贡献特征：PC1 (95.8%); PC4 (3.2%)。
1285,2024-04-11 02:04:00,2024-04-11 02:04:00,1.0,重载牵引,IsolationForest; Mahalanobis; 单变量IQR+3σ; 残差,6.774,38,正常
1286,2024-04-11 02:06:00,2024-04-11 02:06:00,1.0,待机,IsolationForest; Mahalanobis; 单变量IQR+3σ; 残差,3962.987,38,Mahalanobis 距离=3963.0（阈值=18.5）。主要贡献特征：PC1 (85.3%); PC4 (13.1%); PC3 (1.6%)。
1287,2024-04-11 02:10:00,2024-04-11 02:10:00,1.0,待机,IsolationForest; Mahalanobis; 单变量IQR+3σ; 残差,3688.056,38,Mahalanobis 距离=3688.1（阈值=18.5）。主要贡献特征：PC1 (82.7%); PC4 (11.7%); PC3 (5.5%)。
1288,2024-04-11 02:12:00,2024-04-11 02:13:00,2.0,重载牵引,IsolationForest; Mahalanobis; 单变量IQR+3σ; 残差,5.273,76,残差异常：采煤机_油泵_右电机_电流 偏高（残差 Z-score=5.3，实际=52.0 vs 预测=17.0）
1289,2024-04-11 02:15:00,2024-04-11 02:15:00,1.0,重载牵引,IsolationForest; Mahalanobis; 单变量IQR+3σ; 残差,5.884,38,正常
1290,2024-04-11 02:19:00,2024-04-11 02:23:00,5.0,停机,IsolationForest; Mahalanobis; 单变量IQR+3σ; 残差,2075.553,190,Mahalanobis 距离=2075.6（阈值=18.5）。主要贡献特征：PC1 (96.6%); PC4 (3.3%)。
1291,2024-04-11 02:36:00,2024-04-11 02:38:00,3.0,重载牵引,IsolationForest; Mahalanobis; 单变量IQR+3σ; 残差,34.34,114,Mahalanobis 距离=34.3（阈值=18.5）。主要贡献特征：PC1 (98.2%)。
1292,2024-04-11 02:43:00,2024-04-11 02:49:00,7.0,待机,IsolationForest; Mahalanobis; 单变量IQR+3σ; 残差,3932.336,266,Mahalanobis 距离=3932.3（阈值=18.5）。主要贡献特征：PC1 (85.6%); PC4 (7.9%); PC3 (6.5%)。
1293,2024-04-11 02:51:00,2024-04-11 02:52:00,2.0,停机,IsolationForest; Mahalanobis; 单变量IQR+3σ; 残差,1207.127,76,Mahalanobis 距离=1207.1（阈值=18.5）。主要贡献特征：PC1 (89.0%); PC3 (9.4%); PC4 (1.6%)。
1294,2024-04-11 02:55:00,2024-04-11 02:59:00,5.0,停机,IsolationForest; Mahalanobis; 单变量IQR+3σ; 残差,1904.562,190,Mahalanobis 距离=1904.6（阈值=18.5）。主要贡献特征：PC1 (98.0%); PC4 (1.4%)。
1295,2024-04-11 03:03:00,2024-04-11 03:03:00,1.0,待机,IsolationForest; Mahalanobis; 单变量IQR+3σ; 残差,5570.684,38,Mahalanobis 距离=5570.7（阈值=18.5）。主要贡献特征：PC1 (94.3%); PC4 (5.3%)。
1296,2024-04-11 03:07:00,2024-04-11 03:07:00,1.0,重载牵引,IsolationForest; Mahalanobis; 单变量IQR+3σ; 残差,3.659,38,正常
1297,2024-04-11 03:09:00,2024-04-11 03:09:00,1.0,停机,IsolationForest; Mahalanobis; 单变量IQR+3σ; 残差,1050.657,38,Mahalanobis 距离=1050.7（阈值=18.5）。主要贡献特征：PC1 (82.1%); PC3 (17.4%)。
1298,2024-04-11 03:15:00,2024-04-11 03:17:00,3.0,停机,IsolationForest; Mahalanobis; 单变量IQR+3σ; 残差,1938.766,114,Mahalanobis 距离=1938.8（阈值=18.5）。主要贡献特征：PC1 (97.0%); PC3 (2.9%)。
1299,2024-04-11 03:19:00,2024-04-11 03:19:00,1.0,停机,IsolationForest; Mahalanobis; 单变量IQR+3σ; 残差,1835.557,38,Mahalanobis 距离=1835.6（阈值=18.5）。主要贡献特征：PC1 (93.7%); PC3 (6.3%)。
1300,2024-04-11 03:21:00,2024-04-11 03:21:00,1.0,待机,IsolationForest; Mahalanobis; 单变量IQR+3σ; 残差,4705.926,38,Mahalanobis 距离=4705.9（阈值=18.5）。主要贡献特征：PC1 (93.3%); PC3 (5.6%); PC4 (1.1%)。
1301,2024-04-11 03:24:00,2024-04-11 03:24:00,1.0,待机,IsolationForest; Mahalanobis; 单变量IQR+3σ; 残差,5862.377,38,Mahalanobis 距离=5862.4（阈值=18.5）。主要贡献特征：PC1 (99.2%)。
1302,2024-04-11 03:27:00,2024-04-11 03:29:00,3.0,停机,IsolationForest; Mahalanobis; 单变量IQR+3σ; 残差,2746.212,114,Mahalanobis 距离=2746.2（阈值=18.5）。主要贡献特征：PC1 (98.5%); PC3 (1.2%)。
1303,2024-04-11 03:33:00,2024-04-11 03:34:00,2.0,待机,IsolationForest; Mahalanobis; 单变量IQR+3σ; 残差,5375.337,76,Mahalanobis 距离=5375.3（阈值=18.5）。主要贡献特征：PC1 (98.0%); PC3 (1.7%)。
1304,2024-04-11 03:46:00,2024-04-11 03:46:00,1.0,停机,IsolationForest; Mahalanobis; 单变量IQR+3σ; 残差,1398.63,38,Mahalanobis 距离=1398.6（阈值=18.5）。主要贡献特征：PC1 (75.7%); PC3 (22.8%); PC4 (1.5%)。
1305,2024-04-11 03:51:00,2024-04-11 03:51:00,1.0,重载牵引,IsolationForest; Mahalanobis; 单变量IQR+3σ; 残差,5.142,38,正常
1306,2024-04-11 03:54:00,2024-04-11 03:55:00,2.0,停机,IsolationForest; Mahalanobis; 单变量IQR+3σ; 残差,1736.654,76,Mahalanobis 距离=1736.7（阈值=18.5）。主要贡献特征：PC1 (76.5%); PC3 (19.9%); PC4 (3.7%)。
1307,2024-04-11 04:01:00,2024-04-11 04:01:00,1.0,重载牵引,IsolationForest; Mahalanobis; 单变量IQR+3σ; 残差,3.862,38,残差异常：采煤机_牵引部位_左电机_电流 偏高（残差 Z-score=3.9，实际=230.0 vs 预测=113.2）
1308,2024-04-11 04:03:00,2024-04-11 04:06:00,4.0,待机,IsolationForest; Mahalanobis; 单变量IQR+3σ; 残差,4907.92,152,Mahalanobis 距离=4907.9（阈值=18.5）。主要贡献特征：PC1 (84.1%); PC3 (13.1%); PC4 (2.8%)。
1309,2024-04-11 04:24:00,2024-04-11 04:26:00,3.0,停机,IsolationForest; Mahalanobis; 单变量IQR+3σ; 残差,1220.78,114,Mahalanobis 距离=1220.8（阈值=18.5）。主要贡献特征：PC1 (75.1%); PC4 (13.8%); PC3 (11.2%)。
1310,2024-04-11 04:38:00,2024-04-11 04:38:00,1.0,重载牵引,IsolationForest; Mahalanobis; 单变量IQR+3σ; 残差,3.986,38,残差异常：采煤机_截割部位_左滚筒_电机_电流 偏高（残差 Z-score=4.0，实际=250.0 vs 预测=89.4）
1311,2024-04-11 04:49:00,2024-04-11 04:51:00,3.0,重载牵引,IsolationForest; Mahalanobis; 单变量IQR+3σ; 残差,3.067,114,单变量异常：采煤机_截割部位_左滚筒_电机_电流（z-score=3.1，实际=226.0，均值=95.4±42.6）
1312,2024-04-11 05:00:00,2024-04-11 05:00:00,1.0,停机,IsolationForest; Mahalanobis; 单变量IQR+3σ; 残差,1358.042,38,Mahalanobis 距离=1358.0（阈值=18.5）。主要贡献特征：PC1 (86.5%); PC3 (13.3%)。
1313,2024-04-11 05:05:00,2024-04-11 05:06:00,2.0,待机,IsolationForest; Mahalanobis; 单变量IQR+3σ; 残差,3570.578,76,Mahalanobis 距离=3570.6（阈值=18.5）。主要贡献特征：PC1 (81.1%); PC3 (13.5%); PC4 (5.4%)。
1314,2024-04-11 05:11:00,2024-04-11 05:11:00,1.0,重载牵引,IsolationForest; Mahalanobis; 单变量IQR+3σ; 残差,3.3,38,残差异常：采煤机_破碎机_电机_电流 偏高（残差 Z-score=3.3，实际=37.0 vs 预测=0.0）
1315,2024-04-11 05:16:00,2024-04-11 05:16:00,1.0,停机,IsolationForest; Mahalanobis; 单变量IQR+3σ; 残差,2730.191,38,Mahalanobis 距离=2730.2（阈值=18.5）。主要贡献特征：PC1 (90.1%); PC3 (7.1%); PC4 (2.7%)。
1316,2024-04-11 05:19:00,2024-04-11 05:21:00,3.0,待机,IsolationForest; Mahalanobis; 单变量IQR+3σ; 残差,4266.753,114,Mahalanobis 距离=4266.8（阈值=18.5）。主要贡献特征：PC1 (86.2%); PC4 (13.7%)。
1317,2024-04-11 05:23:00,2024-04-11 05:23:00,1.0,待机,IsolationForest; Mahalanobis; 单变量IQR+3σ; 残差,3936.082,38,Mahalanobis 距离=3936.1（阈值=18.5）。主要贡献特征：PC1 (85.5%); PC4 (13.1%); PC3 (1.3%)。
1318,2024-04-11 05:27:00,2024-04-11 05:27:00,1.0,重载牵引,IsolationForest; Mahalanobis; 单变量IQR+3σ; 残差,2.873,38,正常
1319,2024-04-11 05:29:00,2024-04-11 05:29:00,1.0,重载牵引,IsolationForest; Mahalanobis; 单变量IQR+3σ; 残差,6.479,38,残差异常：采煤机_油泵_右电机_电流 偏高（残差 Z-score=6.5，实际=60.0 vs 预测=17.0）
1320,2024-04-11 05:31:00,2024-04-11 05:47:00,17.0,待机,IsolationForest; Mahalanobis; 单变量IQR+3σ; 残差,3713.581,646,Mahalanobis 距离=3713.6（阈值=18.5）。主要贡献特征：PC1 (83.2%); PC4 (10.5%); PC3 (6.2%)。
1321,2024-04-11 05:50:00,2024-04-11 05:52:00,3.0,待机,IsolationForest; Mahalanobis; 单变量IQR+3σ; 残差,3785.183,114,Mahalanobis 距离=3785.2（阈值=18.5）。主要贡献特征：PC1 (83.6%); PC4 (9.5%); PC3 (6.8%)。
1322,2024-04-11 05:58:00,2024-04-11 06:00:00,3.0,重载牵引,IsolationForest; Mahalanobis; 单变量IQR+3σ; 残差,5.259,114,正常
1323,2024-04-11 06:02:00,2024-04-11 06:02:00,1.0,重载牵引,IsolationForest; Mahalanobis; 单变量IQR+3σ; 残差,5.166,38,正常
1324,2024-04-11 06:10:00,2024-04-11 06:12:00,3.0,待机,IsolationForest; Mahalanobis; 单变量IQR+3σ; 残差,6041.043,114,Mahalanobis 距离=6041.0（阈值=18.5）。主要贡献特征：PC1 (98.0%); PC4 (1.5%)。
1325,2024-04-11 06:14:00,2024-04-11 06:23:00,10.0,待机,IsolationForest; Mahalanobis; 单变量IQR+3σ; 残差,7933.583,380,Mahalanobis 距离=7933.6（阈值=18.5）。主要贡献特征：PC1 (90.2%); PC3 (9.5%)。
1326,2024-04-11 06:29:00,2024-04-11 06:29:00,1.0,待机,IsolationForest; Mahalanobis; 单变量IQR+3σ; 残差,8324.31,38,Mahalanobis 距离=8324.3（阈值=18.5）。主要贡献特征：PC1 (88.2%); PC3 (11.8%)。
1327,2024-04-11 06:33:00,2024-04-11 06:33:00,1.0,待机,IsolationForest; Mahalanobis; 单变量IQR+3σ; 残差,6099.132,38,Mahalanobis 距离=6099.1（阈值=18.5）。主要贡献特征：PC1 (98.9%)。
1328,2024-04-11 06:43:00,2024-04-11 06:43:00,1.0,待机,IsolationForest; Mahalanobis; 单变量IQR+3σ; 残差,5144.856,38,Mahalanobis 距离=5144.9（阈值=18.5）。主要贡献特征：PC1 (82.4%); PC3 (14.9%); PC4 (2.7%)。
1329,2024-04-11 06:46:00,2024-04-11 06:46:00,1.0,重载牵引,IsolationForest; Mahalanobis; 单变量IQR+3σ; 残差,4.78,38,正常
1330,2024-04-11 06:50:00,2024-04-11 06:51:00,2.0,停机,IsolationForest; Mahalanobis; 单变量IQR+3σ; 残差,1833.027,76,Mahalanobis 距离=1833.0（阈值=18.5）。主要贡献特征：PC1 (78.7%); PC3 (17.7%); PC4 (3.6%)。
1331,2024-04-11 06:54:00,2024-04-11 06:54:00,1.0,重载牵引,IsolationForest; Mahalanobis; 单变量IQR+3σ; 残差,4.199,38,残差异常：采煤机_截割部位_左滚筒_电机_电流 偏高（残差 Z-score=4.2，实际=254.0 vs 预测=84.8）
1332,2024-04-11 06:59:00,2024-04-11 06:59:00,1.0,待机,IsolationForest; Mahalanobis; 单变量IQR+3σ; 残差,3272.843,38,Mahalanobis 距离=3272.8（阈值=18.5）。主要贡献特征：PC1 (51.5%); PC3 (46.3%); PC4 (2.1%)。
1333,2024-04-11 07:03:00,2024-04-11 07:03:00,1.0,重载牵引,IsolationForest; Mahalanobis; 单变量IQR+3σ; 残差,5.853,38,正常
1334,2024-04-11 07:11:00,2024-04-11 07:17:00,7.0,停机,IsolationForest; Mahalanobis; 单变量IQR+3σ; 残差,2336.726,266,Mahalanobis 距离=2336.7（阈值=18.5）。主要贡献特征：PC1 (95.7%); PC3 (2.8%); PC4 (1.5%)。
1335,2024-04-11 07:21:00,2024-04-11 07:25:00,5.0,待机,IsolationForest; Mahalanobis; 单变量IQR+3σ; 残差,3884.227,190,Mahalanobis 距离=3884.2（阈值=18.5）。主要贡献特征：PC1 (81.9%); PC3 (18.0%)。
1336,2024-04-11 07:29:00,2024-04-11 07:29:00,1.0,停机,IsolationForest; Mahalanobis; 单变量IQR+3σ; 残差,2702.637,38,Mahalanobis 距离=2702.6（阈值=18.5）。主要贡献特征：PC1 (99.1%)。
1337,2024-04-11 07:31:00,2024-04-11 07:32:00,2.0,待机,IsolationForest; Mahalanobis; 单变量IQR+3σ; 残差,5655.288,76,Mahalanobis 距离=5655.3（阈值=18.5）。主要贡献特征：PC1 (98.8%)。
1338,2024-04-11 07:34:00,2024-04-11 07:34:00,1.0,停机,IsolationForest; Mahalanobis; 单变量IQR+3σ; 残差,3839.855,38,Mahalanobis 距离=3839.9（阈值=18.5）。主要贡献特征：PC1 (82.3%); PC3 (17.4%)。
1339,2024-04-11 07:43:00,2024-04-11 07:43:00,1.0,待机,IsolationForest; Mahalanobis; 单变量IQR+3σ; 残差,6341.105,38,Mahalanobis 距离=6341.1（阈值=18.5）。主要贡献特征：PC1 (97.6%); PC3 (1.2%); PC4 (1.2%)。
1340,2024-04-11 07:45:00,2024-04-11 07:45:00,1.0,待机,IsolationForest; Mahalanobis; 单变量IQR+3σ; 残差,4617.98,38,Mahalanobis 距离=4618.0（阈值=18.5）。主要贡献特征：PC1 (93.5%); PC3 (4.6%); PC4 (1.9%)。
1341,2024-04-11 07:47:00,2024-04-11 07:49:00,3.0,重载牵引,IsolationForest; Mahalanobis; 单变量IQR+3σ; 残差,4.014,114,残差异常：采煤机_破碎机_电机_电流 偏高（残差 Z-score=4.0，实际=45.0 vs 预测=0.0）
1342,2024-04-11 07:52:00,2024-04-11 07:54:00,3.0,待机,IsolationForest; Mahalanobis; 单变量IQR+3σ; 残差,3579.09,114,Mahalanobis 距离=3579.1（阈值=18.5）。主要贡献特征：PC1 (75.2%); PC3 (20.9%); PC4 (3.9%)。
1343,2024-04-11 07:59:00,2024-04-11 07:59:00,1.0,待机,IsolationForest; Mahalanobis; 单变量IQR+3σ; 残差,4671.78,38,Mahalanobis 距离=4671.8（阈值=18.5）。主要贡献特征：PC1 (92.9%); PC4 (6.8%)。
1344,2024-04-11 08:01:00,2024-04-11 08:01:00,1.0,重载牵引,IsolationForest; Mahalanobis; 单变量IQR+3σ; 残差,3.443,38,正常
1345,2024-04-11 08:06:00,2024-04-11 08:17:00,12.0,重载牵引,IsolationForest; Mahalanobis; 单变量IQR+3σ; 残差,11.619,456,正常
1346,2024-04-11 08:20:00,2024-04-11 08:26:00,7.0,待机,IsolationForest; Mahalanobis; 单变量IQR+3σ; 残差,3753.242,266,Mahalanobis 距离=3753.2（阈值=18.5）。主要贡献特征：PC1 (83.3%); PC4 (13.3%); PC3 (3.3%)。
1347,2024-04-11 08:28:00,2024-04-11 08:28:00,1.0,待机,IsolationForest; Mahalanobis; 单变量IQR+3σ; 残差,4713.908,38,Mahalanobis 距离=4713.9（阈值=18.5）。主要贡献特征：PC1 (80.6%); PC4 (14.4%); PC3 (4.9%)。
1348,2024-04-11 08:33:00,2024-04-11 08:41:00,9.0,待机,IsolationForest; Mahalanobis; 单变量IQR+3σ; 残差,4731.421,342,Mahalanobis 距离=4731.4（阈值=18.5）。主要贡献特征：PC1 (85.3%); PC4 (12.6%); PC3 (2.0%)。
1349,2024-04-11 08:43:00,2024-04-11 08:43:00,1.0,待机,IsolationForest; Mahalanobis; 单变量IQR+3σ; 残差,3427.481,38,Mahalanobis 距离=3427.5（阈值=18.5）。主要贡献特征：PC1 (79.7%); PC4 (12.8%); PC3 (7.5%)。
1350,2024-04-11 08:58:00,2024-04-11 08:58:00,1.0,待机,IsolationForest; Mahalanobis; 单变量IQR+3σ; 残差,4741.64,38,Mahalanobis 距离=4741.6（阈值=18.5）。主要贡献特征：PC1 (92.5%); PC4 (7.3%)。
1351,2024-04-11 09:00:00,2024-04-11 09:00:00,1.0,停机,IsolationForest; Mahalanobis; 单变量IQR+3σ; 残差,1632.317,38,Mahalanobis 距离=1632.3（阈值=18.5）。主要贡献特征：PC1 (93.4%); PC3 (5.7%)。
1352,2024-04-11 09:02:00,2024-04-11 09:02:00,1.0,停机,IsolationForest; Mahalanobis; 单变量IQR+3σ; 残差,1749.868,38,Mahalanobis 距离=1749.9（阈值=18.5）。主要贡献特征：PC1 (94.9%); PC3 (4.3%)。
1353,2024-04-11 09:09:00,2024-04-11 09:10:00,2.0,重载牵引,IsolationForest; Mahalanobis; 单变量IQR+3σ; 残差,6.117,76,残差异常：采煤机_油泵_右电机_电流 偏高（残差 Z-score=6.1，实际=58.0 vs 预测=17.4）
1354,2024-04-11 09:22:00,2024-04-11 09:23:00,2.0,停机,IsolationForest; Mahalanobis; 单变量IQR+3σ; 残差,2408.785,76,Mahalanobis 距离=2408.8（阈值=18.5）。主要贡献特征：PC1 (99.5%)。
1355,2024-04-11 09:28:00,2024-04-11 09:29:00,2.0,重载牵引,IsolationForest; Mahalanobis; 单变量IQR+3σ; 残差,5.736,76,正常
1356,2024-04-11 09:31:00,2024-04-11 09:31:00,1.0,待机,IsolationForest; Mahalanobis; 单变量IQR+3σ; 残差,6529.89,38,Mahalanobis 距离=6529.9（阈值=18.5）。主要贡献特征：PC1 (99.9%)。
1357,2024-04-11 09:45:00,2024-04-11 09:45:00,1.0,重载牵引,IsolationForest; Mahalanobis; 单变量IQR+3σ; 残差,4.252,38,正常
1358,2024-04-11 09:47:00,2024-04-11 09:47:00,1.0,待机,IsolationForest; Mahalanobis; 单变量IQR+3σ; 残差,3784.265,38,Mahalanobis 距离=3784.3（阈值=18.5）。主要贡献特征：PC1 (61.7%); PC3 (36.4%); PC4 (1.9%)。
1359,2024-04-11 09:50:00,2024-04-11 09:50:00,1.0,重载牵引,IsolationForest; Mahalanobis; 单变量IQR+3σ; 残差,4.218,38,正常
1360,2024-04-11 10:05:00,2024-04-11 10:05:00,1.0,重载牵引,IsolationForest; Mahalanobis; 单变量IQR+3σ; 残差,4.339,38,残差异常：采煤机_油泵_右电机_电流 偏高（残差 Z-score=4.3，实际=46.0 vs 预测=17.2）
1361,2024-04-11 10:08:00,2024-04-11 10:21:00,14.0,待机,IsolationForest; Mahalanobis; 单变量IQR+3σ; 残差,2876.807,532,Mahalanobis 距离=2876.8（阈值=18.5）。主要贡献特征：PC3 (67.6%); PC1 (31.2%); PC4 (1.2%)。
1362,2024-04-11 10:40:00,2024-04-11 11:08:00,29.0,待机,IsolationForest; Mahalanobis; 单变量IQR+3σ; 残差,27.808,1102,Mahalanobis 距离=27.8（阈值=18.5）。主要贡献特征：PC3 (53.1%); PC4 (46.8%)。
1363,2024-04-11 14:11:00,2024-04-11 14:32:00,22.0,待机,IsolationForest; Mahalanobis; 单变量IQR+3σ; 残差,38301.934,836,Mahalanobis 距离=38301.9（阈值=18.5）。主要贡献特征：PC3 (98.1%); PC1 (1.9%)。
1364,2024-04-11 15:11:00,2024-04-11 15:19:00,9.0,待机,IsolationForest; Mahalanobis; 单变量IQR+3σ; 残差,3628.685,342,Mahalanobis 距离=3628.7（阈值=18.5）。主要贡献特征：PC3 (68.5%); PC1 (30.8%)。
1365,2024-04-11 15:42:00,2024-04-11 16:14:00,33.0,待机,IsolationForest; Mahalanobis; 单变量IQR+3σ; 残差,3976.927,1254,Mahalanobis 距离=3976.9（阈值=18.5）。主要贡献特征：PC1 (70.5%); PC3 (29.3%)。
1366,2024-04-11 16:20:00,2024-04-11 16:33:00,14.0,待机,IsolationForest; Mahalanobis; 单变量IQR+3σ; 残差,3675.617,532,Mahalanobis 距离=3675.6（阈值=18.5）。主要贡献特征：PC1 (67.4%); PC3 (32.3%)。
1367,2024-04-11 16:38:00,2024-04-11 16:42:00,5.0,待机,IsolationForest; Mahalanobis; 单变量IQR+3σ; 残差,2634.163,190,Mahalanobis 距离=2634.2（阈值=18.5）。主要贡献特征：PC1 (81.3%); PC3 (16.7%); PC4 (2.0%)。
1368,2024-04-11 16:46:00,2024-04-11 16:48:00,3.0,待机,IsolationForest; Mahalanobis; 单变量IQR+3σ; 残差,3917.643,114,Mahalanobis 距离=3917.6（阈值=18.5）。主要贡献特征：PC1 (85.0%); PC3 (13.2%); PC4 (1.8%)。
1369,2024-04-11 16:55:00,2024-04-11 16:56:00,2.0,停机,IsolationForest; Mahalanobis; 单变量IQR+3σ; 残差,1950.01,76,Mahalanobis 距离=1950.0（阈值=18.5）。主要贡献特征：PC1 (97.5%); PC3 (2.0%)。
1370,2024-04-11 16:58:00,2024-04-11 17:14:00,17.0,待机,IsolationForest; Mahalanobis; 单变量IQR+3σ; 残差,3538.449,646,Mahalanobis 距离=3538.4（阈值=18.5）。主要贡献特征：PC1 (76.5%); PC3 (17.0%); PC4 (6.5%)。
1371,2024-04-11 17:17:00,2024-04-11 17:20:00,4.0,停机,IsolationForest; Mahalanobis; 单变量IQR+3σ; 残差,118.917,152,Mahalanobis 距离=118.9（阈值=18.5）。主要贡献特征：PC1 (55.5%); PC4 (40.4%); PC3 (3.5%)。
1372,2024-04-11 19:21:00,2024-04-11 19:25:00,5.0,停机,IsolationForest; Mahalanobis; 单变量IQR+3σ; 残差,395.436,190,Mahalanobis 距离=395.4（阈值=18.5）。主要贡献特征：PC1 (80.0%); PC3 (14.1%); PC4 (5.8%)。
1373,2024-04-11 19:35:00,2024-04-11 20:01:00,27.0,停机,IsolationForest; Mahalanobis; 单变量IQR+3σ; 残差,11409.852,1026,Mahalanobis 距离=11409.9（阈值=18.5）。主要贡献特征：PC3 (96.5%); PC1 (3.5%)。
1374,2024-04-11 20:06:00,2024-04-11 20:07:00,2.0,重载牵引,IsolationForest; Mahalanobis; 单变量IQR+3σ; 残差,5.844,76,正常
1375,2024-04-11 20:13:00,2024-04-11 20:13:00,1.0,待机,IsolationForest; Mahalanobis; 单变量IQR+3σ; 残差,4273.11,38,Mahalanobis 距离=4273.1（阈值=18.5）。主要贡献特征：PC1 (88.1%); PC4 (10.9%)。
1376,2024-04-11 20:16:00,2024-04-11 20:16:00,1.0,停机,IsolationForest; Mahalanobis; 单变量IQR+3σ; 残差,1308.621,38,Mahalanobis 距离=1308.6（阈值=18.5）。主要贡献特征：PC1 (91.0%); PC3 (7.0%); PC4 (1.9%)。
1377,2024-04-11 20:19:00,2024-04-11 20:19:00,1.0,待机,IsolationForest; Mahalanobis; 单变量IQR+3σ; 残差,3407.347,38,Mahalanobis 距离=3407.3（阈值=18.5）。主要贡献特征：PC1 (82.2%); PC4 (9.1%); PC3 (8.7%)。
1378,2024-04-11 20:21:00,2024-04-11 20:21:00,1.0,停机,IsolationForest; Mahalanobis; 单变量IQR+3σ; 残差,1022.082,38,Mahalanobis 距离=1022.1（阈值=18.5）。主要贡献特征：PC1 (83.4%); PC3 (15.3%); PC4 (1.3%)。
1379,2024-04-11 20:23:00,2024-04-11 20:25:00,3.0,待机,IsolationForest; Mahalanobis; 单变量IQR+3σ; 残差,4272.898,114,Mahalanobis 距离=4272.9（阈值=18.5）。主要贡献特征：PC1 (91.4%); PC4 (8.5%)。
1380,2024-04-11 20:35:00,2024-04-11 20:35:00,1.0,待机,IsolationForest; Mahalanobis; 单变量IQR+3σ; 残差,3823.354,38,Mahalanobis 距离=3823.4（阈值=18.5）。主要贡献特征：PC1 (82.0%); PC3 (14.7%); PC4 (3.3%)。
1381,2024-04-11 20:43:00,2024-04-11 20:43:00,1.0,停机,IsolationForest; Mahalanobis; 单变量IQR+3σ; 残差,1892.457,38,Mahalanobis 距离=1892.5（阈值=18.5）。主要贡献特征：PC1 (93.3%); PC3 (6.7%)。
1382,2024-04-11 21:03:00,2024-04-11 21:03:00,1.0,待机,IsolationForest; Mahalanobis; 单变量IQR+3σ; 残差,5456.94,38,Mahalanobis 距离=5456.9（阈值=18.5）。主要贡献特征：PC1 (95.2%); PC3 (4.6%)。
1383,2024-04-11 21:10:00,2024-04-11 21:10:00,1.0,重载牵引,IsolationForest; Mahalanobis; 单变量IQR+3σ; 残差,6.599,38,残差异常：采煤机_油泵_右电机_电流 偏高（残差 Z-score=6.6，实际=61.0 vs 预测=17.2）
1384,2024-04-11 21:16:00,2024-04-11 21:16:00,1.0,重载牵引,IsolationForest; Mahalanobis; 单变量IQR+3σ; 残差,6.057,38,残差异常：采煤机_油泵_右电机_电流 偏高（残差 Z-score=6.1，实际=57.0 vs 预测=16.8）
1385,2024-04-11 21:20:00,2024-04-11 21:20:00,1.0,重载牵引,IsolationForest; Mahalanobis; 单变量IQR+3σ; 残差,5.844,38,正常
1386,2024-04-11 21:31:00,2024-04-11 21:31:00,1.0,停机,IsolationForest; Mahalanobis; 单变量IQR+3σ; 残差,1306.836,38,Mahalanobis 距离=1306.8（阈值=18.5）。主要贡献特征：PC1 (65.6%); PC3 (30.9%); PC4 (3.5%)。
1387,2024-04-11 21:40:00,2024-04-11 21:40:00,1.0,停机,IsolationForest; Mahalanobis; 单变量IQR+3σ; 残差,1409.347,38,Mahalanobis 距离=1409.3（阈值=18.5）。主要贡献特征：PC1 (72.4%); PC3 (25.8%); PC4 (1.8%)。
1388,2024-04-11 21:48:00,2024-04-11 21:55:00,8.0,停机,IsolationForest; Mahalanobis; 单变量IQR+3σ; 残差,10750.701,304,Mahalanobis 距离=10750.7（阈值=18.5）。主要贡献特征：PC3 (95.8%); PC1 (4.0%)。
1389,2024-04-11 22:05:00,2024-04-11 22:06:00,2.0,停机,IsolationForest; Mahalanobis; 单变量IQR+3σ; 残差,1449.992,76,Mahalanobis 距离=1450.0（阈值=18.5）。主要贡献特征：PC1 (85.5%); PC3 (14.5%)。
1390,2024-04-11 22:11:00,2024-04-11 22:16:00,6.0,待机,IsolationForest; Mahalanobis; 单变量IQR+3σ; 残差,3913.809,228,Mahalanobis 距离=3913.8（阈值=18.5）。主要贡献特征：PC1 (83.3%); PC3 (14.2%); PC4 (2.5%)。
1391,2024-04-11 22:21:00,2024-04-11 22:21:00,1.0,待机,IsolationForest; Mahalanobis; 单变量IQR+3σ; 残差,4030.773,38,Mahalanobis 距离=4030.8（阈值=18.5）。主要贡献特征：PC1 (88.2%); PC3 (7.3%); PC4 (4.5%)。
1392,2024-04-11 22:23:00,2024-04-11 22:23:00,1.0,重载牵引,IsolationForest; Mahalanobis; 单变量IQR+3σ; 残差,1.587,38,正常
1393,2024-04-11 22:25:00,2024-04-11 22:26:00,2.0,待机,IsolationForest; Mahalanobis; 单变量IQR+3σ; 残差,3869.814,76,Mahalanobis 距离=3869.8（阈值=18.5）。主要贡献特征：PC1 (85.7%); PC3 (9.1%); PC4 (5.2%)。
1394,2024-04-11 22:28:00,2024-04-11 22:33:00,6.0,待机,IsolationForest; Mahalanobis; 单变量IQR+3σ; 残差,3292.323,228,Mahalanobis 距离=3292.3（阈值=18.5）。主要贡献特征：PC1 (71.4%); PC3 (22.5%); PC4 (6.1%)。
1395,2024-04-11 22:47:00,2024-04-11 22:47:00,1.0,待机,IsolationForest; Mahalanobis; 单变量IQR+3σ; 残差,3763.743,38,Mahalanobis 距离=3763.7（阈值=18.5）。主要贡献特征：PC1 (83.1%); PC4 (12.5%); PC3 (4.4%)。
1396,2024-04-11 22:49:00,2024-04-11 22:52:00,4.0,停机,IsolationForest; Mahalanobis; 单变量IQR+3σ; 残差,1929.954,152,Mahalanobis 距离=1930.0（阈值=18.5）。主要贡献特征：PC1 (95.7%); PC4 (3.9%)。
1397,2024-04-11 22:54:00,2024-04-11 22:54:00,1.0,停机,IsolationForest; Mahalanobis; 单变量IQR+3σ; 残差,1011.963,38,Mahalanobis 距离=1012.0（阈值=18.5）。主要贡献特征：PC1 (87.2%); PC3 (8.7%); PC4 (4.1%)。
1398,2024-04-11 22:58:00,2024-04-11 22:59:00,2.0,待机,IsolationForest; Mahalanobis; 单变量IQR+3σ; 残差,3889.316,76,Mahalanobis 距离=3889.3（阈值=18.5）。主要贡献特征：PC1 (83.7%); PC4 (13.1%); PC3 (3.1%)。
1399,2024-04-11 23:02:00,2024-04-11 23:03:00,2.0,待机,IsolationForest; Mahalanobis; 单变量IQR+3σ; 残差,3499.188,76,Mahalanobis 距离=3499.2（阈值=18.5）。主要贡献特征：PC1 (82.0%); PC4 (14.5%); PC3 (3.5%)。
1400,2024-04-11 23:05:00,2024-04-11 23:05:00,1.0,停机,IsolationForest; Mahalanobis; 单变量IQR+3σ; 残差,1257.983,38,Mahalanobis 距离=1258.0（阈值=18.5）。主要贡献特征：PC1 (90.1%); PC3 (6.3%); PC4 (3.7%)。
1401,2024-04-11 23:08:00,2024-04-11 23:14:00,7.0,停机,IsolationForest; Mahalanobis; 单变量IQR+3σ; 残差,10420.829,266,Mahalanobis 距离=10420.8（阈值=18.5）。主要贡献特征：PC3 (93.6%); PC1 (6.3%)。
1402,2024-04-11 23:22:00,2024-04-11 23:22:00,1.0,待机,IsolationForest; Mahalanobis; 单变量IQR+3σ; 残差,5320.691,38,Mahalanobis 距离=5320.7（阈值=18.5）。主要贡献特征：PC1 (83.7%); PC4 (13.1%); PC3 (3.2%)。
1403,2024-04-11 23:24:00,2024-04-11 23:24:00,1.0,待机,IsolationForest; Mahalanobis; 单变量IQR+3σ; 残差,4303.22,38,Mahalanobis 距离=4303.2（阈值=18.5）。主要贡献特征：PC1 (86.7%); PC4 (13.1%)。
1404,2024-04-11 23:26:00,2024-04-11 23:26:00,1.0,待机,IsolationForest; Mahalanobis; 单变量IQR+3σ; 残差,4556.921,38,Mahalanobis 距离=4556.9（阈值=18.5）。主要贡献特征：PC1 (88.2%); PC4 (11.8%)。
1405,2024-04-11 23:28:00,2024-04-11 23:30:00,3.0,待机,IsolationForest; Mahalanobis; 单变量IQR+3σ; 残差,4606.893,114,Mahalanobis 距离=4606.9（阈值=18.5）。主要贡献特征：PC1 (89.4%); PC4 (10.5%)。
1406,2024-04-11 23:32:00,2024-04-11 23:32:00,1.0,待机,IsolationForest; Mahalanobis; 单变量IQR+3σ; 残差,3451.788,38,Mahalanobis 距离=3451.8（阈值=18.5）。主要贡献特征：PC1 (85.6%); PC4 (11.4%); PC3 (3.0%)。
1407,2024-04-11 23:36:00,2024-04-11 23:36:00,1.0,停机,IsolationForest; Mahalanobis; 单变量IQR+3σ; 残差,1172.208,38,Mahalanobis 距离=1172.2（阈值=18.5）。主要贡献特征：PC1 (85.4%); PC3 (13.2%); PC4 (1.4%)。
1408,2024-04-11 23:38:00,2024-04-11 23:38:00,1.0,待机,IsolationForest; Mahalanobis; 单变量IQR+3σ; 残差,3580.313,38,Mahalanobis 距离=3580.3（阈值=18.5）。主要贡献特征：PC1 (79.8%); PC3 (13.0%); PC4 (7.2%)。
1409,2024-04-11 23:43:00,2024-04-11 23:43:00,1.0,待机,IsolationForest; Mahalanobis; 单变量IQR+3σ; 残差,4629.196,38,Mahalanobis 距离=4629.2（阈值=18.5）。主要贡献特征：PC1 (92.5%); PC4 (6.5%)。
1410,2024-04-11 23:49:00,2024-04-11 23:55:00,7.0,待机,IsolationForest; Mahalanobis; 单变量IQR+3σ; 残差,2926.579,266,Mahalanobis 距离=2926.6（阈值=18.5）。主要贡献特征：PC1 (77.1%); PC3 (17.7%); PC4 (5.3%)。
1411,2024-04-11 23:59:00,2024-04-11 23:59:00,1.0,待机,IsolationForest; Mahalanobis; 单变量IQR+3σ; 残差,4779.816,38,Mahalanobis 距离=4779.8（阈值=18.5）。主要贡献特征：PC1 (95.2%); PC4 (3.2%); PC3 (1.6%)。
1412,2024-04-12 00:01:00,2024-04-12 00:01:00,1.0,停机,IsolationForest; Mahalanobis; 单变量IQR+3σ; 残差,1787.285,38,Mahalanobis 距离=1787.3（阈值=18.5）。主要贡献特征：PC1 (95.6%); PC3 (4.3%)。
1413,2024-04-12 00:03:00,2024-04-12 00:04:00,2.0,待机,IsolationForest; Mahalanobis; 单变量IQR+3σ; 残差,5071.531,76,Mahalanobis 距离=5071.5（阈值=18.5）。主要贡献特征：PC1 (97.8%); PC4 (2.0%)。
1414,2024-04-12 00:06:00,2024-04-12 00:06:00,1.0,待机,IsolationForest; Mahalanobis; 单变量IQR+3σ; 残差,5218.596,38,Mahalanobis 距离=5218.6（阈值=18.5）。主要贡献特征：PC1 (97.3%); PC4 (1.4%); PC3 (1.2%)。
1415,2024-04-12 00:25:00,2024-04-12 00:27:00,3.0,重载牵引,IsolationForest; Mahalanobis; 单变量IQR+3σ; 残差,7.07,114,正常
1416,2024-04-12 00:30:00,2024-04-12 00:30:00,1.0,待机,IsolationForest; Mahalanobis; 单变量IQR+3σ; 残差,4561.439,38,Mahalanobis 距离=4561.4（阈值=18.5）。主要贡献特征：PC1 (92.0%); PC3 (7.6%)。
1417,2024-04-12 00:36:00,2024-04-12 00:36:00,1.0,重载牵引,IsolationForest; Mahalanobis; 单变量IQR+3σ; 残差,1.443,38,正常
1418,2024-04-12 00:42:00,2024-04-12 00:44:00,3.0,重载牵引,IsolationForest; Mahalanobis; 单变量IQR+3σ; 残差,3.072,114,正常
1419,2024-04-12 00:52:00,2024-04-12 00:52:00,1.0,重载牵引,IsolationForest; Mahalanobis; 单变量IQR+3σ; 残差,4.104,38,正常
1420,2024-04-12 00:58:00,2024-04-12 00:58:00,1.0,重载牵引,IsolationForest; Mahalanobis; 单变量IQR+3σ; 残差,5.725,38,残差异常：采煤机_油泵_右电机_电流 偏高（残差 Z-score=5.7，实际=55.0 vs 预测=17.0）
1421,2024-04-12 01:03:00,2024-04-12 01:03:00,1.0,停机,IsolationForest; Mahalanobis; 单变量IQR+3σ; 残差,1527.659,38,Mahalanobis 距离=1527.7（阈值=18.5）。主要贡献特征：PC1 (73.6%); PC3 (23.4%); PC4 (3.0%)。
1422,2024-04-12 01:08:00,2024-04-12 01:08:00,1.0,重载牵引,IsolationForest; Mahalanobis; 单变量IQR+3σ; 残差,4.972,38,残差异常：采煤机_油泵_右电机_电流 偏高（残差 Z-score=5.0，实际=50.0 vs 预测=17.0）
1423,2024-04-12 01:14:00,2024-04-12 01:14:00,1.0,重载牵引,IsolationForest; Mahalanobis; 单变量IQR+3σ; 残差,4.916,38,正常
1424,2024-04-12 01:19:00,2024-04-12 01:20:00,2.0,重载牵引,IsolationForest; Mahalanobis; 单变量IQR+3σ; 残差,4.638,76,残差异常：采煤机_破碎机_电机_电流 偏高（残差 Z-score=4.6，实际=52.0 vs 预测=0.0）
1425,2024-04-12 01:23:00,2024-04-12 01:28:00,6.0,停机,IsolationForest; Mahalanobis; 单变量IQR+3σ; 残差,1418.853,228,Mahalanobis 距离=1418.9（阈值=18.5）。主要贡献特征：PC1 (84.0%); PC3 (16.0%)。
1426,2024-04-12 01:31:00,2024-04-12 01:32:00,2.0,重载牵引,IsolationForest; Mahalanobis; 单变量IQR+3σ; 残差,34.953,76,Mahalanobis 距离=35.0（阈值=18.5）。主要贡献特征：PC1 (99.9%)。
1427,2024-04-12 01:37:00,2024-04-12 01:37:00,1.0,待机,IsolationForest; Mahalanobis; 单变量IQR+3σ; 残差,3558.568,38,Mahalanobis 距离=3558.6（阈值=18.5）。主要贡献特征：PC1 (76.3%); PC3 (21.1%); PC4 (2.6%)。
1428,2024-04-12 01:40:00,2024-04-12 01:42:00,3.0,待机,IsolationForest; Mahalanobis; 单变量IQR+3σ; 残差,3684.421,114,Mahalanobis 距离=3684.4（阈值=18.5）。主要贡献特征：PC1 (77.9%); PC3 (18.6%); PC4 (3.5%)。
1429,2024-04-12 01:45:00,2024-04-12 01:55:00,11.0,停机,IsolationForest; Mahalanobis; 单变量IQR+3σ; 残差,1207.063,418,Mahalanobis 距离=1207.1（阈值=18.5）。主要贡献特征：PC1 (82.9%); PC3 (16.7%)。
1430,2024-04-12 02:00:00,2024-04-12 02:00:00,1.0,重载牵引,IsolationForest; Mahalanobis; 单变量IQR+3σ; 残差,1.89,38,正常
1431,2024-04-12 02:04:00,2024-04-12 02:05:00,2.0,空载牵引,IsolationForest; Mahalanobis; 单变量IQR+3σ; 残差,4.15,76,正常
1432,2024-04-12 02:10:00,2024-04-12 02:10:00,1.0,重载牵引,IsolationForest; Mahalanobis; 单变量IQR+3σ; 残差,7.07,38,正常
1433,2024-04-12 02:13:00,2024-04-12 02:15:00,3.0,重载牵引,IsolationForest; Mahalanobis; 单变量IQR+3σ; 残差,5.142,114,正常
1434,2024-04-12 02:22:00,2024-04-12 02:24:00,3.0,停机,IsolationForest; Mahalanobis; 单变量IQR+3σ; 残差,1994.293,114,Mahalanobis 距离=1994.3（阈值=18.5）。主要贡献特征：PC1 (98.4%); PC4 (1.6%)。
1435,2024-04-12 02:26:00,2024-04-12 02:26:00,1.0,重载牵引,IsolationForest; Mahalanobis; 单变量IQR+3σ; 残差,18.603,38,Mahalanobis 距离=18.6（阈值=18.5）。主要贡献特征：PC1 (97.9%)。
1436,2024-04-12 02:37:00,2024-04-12 02:37:00,1.0,重载牵引,IsolationForest; Mahalanobis; 单变量IQR+3σ; 残差,3.558,38,残差异常：采煤机_牵引部位_左电机_电流 偏高（残差 Z-score=3.6，实际=204.0 vs 预测=96.4）
1437,2024-04-12 02:43:00,2024-04-12 02:43:00,1.0,重载牵引,IsolationForest; Mahalanobis; 单变量IQR+3σ; 残差,3.214,38,正常
1438,2024-04-12 02:54:00,2024-04-12 02:55:00,2.0,重载牵引,IsolationForest; Mahalanobis; 单变量IQR+3σ; 残差,4.846,76,正常
1439,2024-04-12 02:59:00,2024-04-12 02:59:00,1.0,停机,IsolationForest; Mahalanobis; 单变量IQR+3σ; 残差,1963.476,38,Mahalanobis 距离=1963.5（阈值=18.5）。主要贡献特征：PC1 (98.0%); PC3 (1.2%)。
1440,2024-04-12 03:04:00,2024-04-12 03:04:00,1.0,待机,IsolationForest; Mahalanobis; 单变量IQR+3σ; 残差,4340.126,38,Mahalanobis 距离=4340.1（阈值=18.5）。主要贡献特征：PC1 (92.6%); PC4 (4.2%); PC3 (3.3%)。
1441,2024-04-12 03:06:00,2024-04-12 03:08:00,3.0,待机,IsolationForest; Mahalanobis; 单变量IQR+3σ; 残差,4137.586,114,Mahalanobis 距离=4137.6（阈值=18.5）。主要贡献特征：PC1 (90.5%); PC3 (6.1%); PC4 (3.4%)。
1442,2024-04-12 03:12:00,2024-04-12 03:12:00,1.0,待机,IsolationForest; Mahalanobis; 单变量IQR+3σ; 残差,3620.221,38,Mahalanobis 距离=3620.2（阈值=18.5）。主要贡献特征：PC1 (79.9%); PC3 (17.7%); PC4 (2.4%)。
1443,2024-04-12 03:16:00,2024-04-12 03:21:00,6.0,待机,IsolationForest; Mahalanobis; 单变量IQR+3σ; 残差,8591.988,228,Mahalanobis 距离=8592.0（阈值=18.5）。主要贡献特征：PC1 (76.4%); PC3 (22.5%); PC4 (1.1%)。
1444,2024-04-12 03:25:00,2024-04-12 03:29:00,5.0,停机,IsolationForest; Mahalanobis; 单变量IQR+3σ; 残差,2250.383,190,Mahalanobis 距离=2250.4（阈值=18.5）。主要贡献特征：PC1 (99.3%)。
1445,2024-04-12 03:31:00,2024-04-12 03:32:00,2.0,待机,IsolationForest; Mahalanobis; 单变量IQR+3σ; 残差,2699.848,76,Mahalanobis 距离=2699.8（阈值=18.5）。主要贡献特征：PC1 (90.9%); PC3 (6.5%); PC4 (2.6%)。
1446,2024-04-12 03:36:00,2024-04-12 03:38:00,3.0,停机,IsolationForest; Mahalanobis; 单变量IQR+3σ; 残差,1876.004,114,Mahalanobis 距离=1876.0（阈值=18.5）。主要贡献特征：PC1 (91.5%); PC3 (8.2%)。
1447,2024-04-12 03:40:00,2024-04-12 03:45:00,6.0,待机,IsolationForest; Mahalanobis; 单变量IQR+3σ; 残差,3293.306,228,Mahalanobis 距离=3293.3（阈值=18.5）。主要贡献特征：PC1 (69.9%); PC3 (30.0%)。
1448,2024-04-12 03:47:00,2024-04-12 03:52:00,6.0,待机,IsolationForest; Mahalanobis; 单变量IQR+3σ; 残差,10973.684,228,Mahalanobis 距离=10973.7（阈值=18.5）。主要贡献特征：PC1 (61.8%); PC3 (38.0%)。
1449,2024-04-12 03:55:00,2024-04-12 03:55:00,1.0,重载牵引,IsolationForest; Mahalanobis; 单变量IQR+3σ; 残差,4.028,38,正常
1450,2024-04-12 03:59:00,2024-04-12 04:00:00,2.0,停机,IsolationForest; Mahalanobis; 单变量IQR+3σ; 残差,2052.529,76,Mahalanobis 距离=2052.5（阈值=18.5）。主要贡献特征：PC1 (85.5%); PC3 (9.5%); PC4 (5.0%)。
1451,2024-04-12 04:02:00,2024-04-12 04:02:00,1.0,重载牵引,IsolationForest; Mahalanobis; 单变量IQR+3σ; 残差,12.665,38,正常
1452,2024-04-12 04:19:00,2024-04-12 04:20:00,2.0,重载牵引,IsolationForest; Mahalanobis; 单变量IQR+3σ; 残差,8.135,76,残差异常：采煤机_截割部位_右滚筒_电机_电流 偏高（残差 Z-score=8.1，实际=365.0 vs 预测=64.0）
1453,2024-04-12 04:23:00,2024-04-12 04:23:00,1.0,停机,IsolationForest; Mahalanobis; 单变量IQR+3σ; 残差,4140.901,38,Mahalanobis 距离=4140.9（阈值=18.5）。主要贡献特征：PC1 (72.6%); PC3 (24.3%); PC4 (3.1%)。
1454,2024-04-12 04:25:00,2024-04-12 04:25:00,1.0,重载牵引,IsolationForest; Mahalanobis; 单变量IQR+3σ; 残差,4.744,38,正常
1455,2024-04-12 04:29:00,2024-04-12 04:32:00,4.0,重载牵引,IsolationForest; Mahalanobis; 单变量IQR+3σ; 残差,4.46,152,残差异常：采煤机_破碎机_电机_电流 偏高（残差 Z-score=4.5，实际=50.0 vs 预测=0.0）
1456,2024-04-12 04:34:00,2024-04-12 04:51:00,18.0,停机,IsolationForest; Mahalanobis; 单变量IQR+3σ; 残差,1384.639,684,Mahalanobis 距离=1384.6（阈值=18.5）。主要贡献特征：PC1 (85.9%); PC3 (14.0%)。
1457,2024-04-12 04:53:00,2024-04-12 05:01:00,9.0,待机,IsolationForest; Mahalanobis; 单变量IQR+3σ; 残差,3500.847,342,Mahalanobis 距离=3500.8（阈值=18.5）。主要贡献特征：PC1 (77.5%); PC3 (15.3%); PC4 (7.1%)。
1458,2024-04-12 05:03:00,2024-04-12 05:03:00,1.0,重载牵引,IsolationForest; Mahalanobis; 单变量IQR+3σ; 残差,3.389,38,残差异常：采煤机_截割部位_右滚筒_电机_电流 偏高（残差 Z-score=3.4，实际=191.0 vs 预测=65.6）
1459,2024-04-12 05:08:00,2024-04-12 05:16:00,9.0,停机,IsolationForest; Mahalanobis; 单变量IQR+3σ; 残差,1217.125,342,Mahalanobis 距离=1217.1（阈值=18.5）。主要贡献特征：PC1 (90.3%); PC3 (6.6%); PC4 (3.1%)。
1460,2024-04-12 05:21:00,2024-04-12 05:26:00,6.0,停机,IsolationForest; Mahalanobis; 单变量IQR+3σ; 残差,1060.163,228,Mahalanobis 距离=1060.2（阈值=18.5）。主要贡献特征：PC1 (93.1%); PC4 (5.6%); PC3 (1.2%)。
1461,2024-04-12 05:33:00,2024-04-12 05:33:00,1.0,重载牵引,IsolationForest; Mahalanobis; 单变量IQR+3σ; 残差,4.994,38,正常
1462,2024-04-12 05:38:00,2024-04-12 05:38:00,1.0,停机,IsolationForest; Mahalanobis; 单变量IQR+3σ; 残差,1708.214,38,Mahalanobis 距离=1708.2（阈值=18.5）。主要贡献特征：PC1 (95.3%); PC3 (2.9%); PC4 (1.7%)。
1463,2024-04-12 05:41:00,2024-04-12 05:41:00,1.0,停机,IsolationForest; Mahalanobis; 单变量IQR+3σ; 残差,1733.253,38,Mahalanobis 距离=1733.3（阈值=18.5）。主要贡献特征：PC1 (95.1%); PC3 (3.7%); PC4 (1.3%)。
1464,2024-04-12 05:45:00,2024-04-12 05:46:00,2.0,待机,IsolationForest; Mahalanobis; 单变量IQR+3σ; 残差,6678.343,76,Mahalanobis 距离=6678.3（阈值=18.5）。主要贡献特征：PC1 (85.5%); PC3 (8.9%); PC4 (5.6%)。
1465,2024-04-12 05:49:00,2024-04-12 05:50:00,2.0,停机,IsolationForest; Mahalanobis; 单变量IQR+3σ; 残差,1707.594,76,Mahalanobis 距离=1707.6（阈值=18.5）。主要贡献特征：PC1 (96.8%); PC3 (2.4%)。
1466,2024-04-12 05:53:00,2024-04-12 05:53:00,1.0,待机,IsolationForest; Mahalanobis; 单变量IQR+3σ; 残差,3320.793,38,Mahalanobis 距离=3320.8（阈值=18.5）。主要贡献特征：PC1 (89.5%); PC4 (7.9%); PC3 (2.5%)。
1467,2024-04-12 05:55:00,2024-04-12 06:03:00,9.0,待机,IsolationForest; Mahalanobis; 单变量IQR+3σ; 残差,4194.86,342,Mahalanobis 距离=4194.9（阈值=18.5）。主要贡献特征：PC1 (89.6%); PC3 (7.7%); PC4 (2.7%)。
1468,2024-04-12 06:06:00,2024-04-12 06:07:00,2.0,停机,IsolationForest; Mahalanobis; 单变量IQR+3σ; 残差,1257.032,76,Mahalanobis 距离=1257.0（阈值=18.5）。主要贡献特征：PC1 (83.0%); PC3 (17.0%)。
1469,2024-04-12 06:11:00,2024-04-12 06:11:00,1.0,重载牵引,IsolationForest; Mahalanobis; 单变量IQR+3σ; 残差,6.8,38,正常
1470,2024-04-12 06:14:00,2024-04-12 06:14:00,1.0,重载牵引,IsolationForest; Mahalanobis; 单变量IQR+3σ; 残差,3.537,38,正常
1471,2024-04-12 06:17:00,2024-04-12 06:17:00,1.0,重载牵引,IsolationForest; Mahalanobis; 单变量IQR+3σ; 残差,3.519,38,正常
1472,2024-04-12 06:24:00,2024-04-12 06:24:00,1.0,停机,IsolationForest; Mahalanobis; 单变量IQR+3σ; 残差,3335.398,38,Mahalanobis 距离=3335.4（阈值=18.5）。主要贡献特征：PC1 (94.1%); PC3 (3.6%); PC4 (2.3%)。
1473,2024-04-12 06:29:00,2024-04-12 06:30:00,2.0,停机,IsolationForest; Mahalanobis; 单变量IQR+3σ; 残差,2823.378,76,Mahalanobis 距离=2823.4（阈值=18.5）。主要贡献特征：PC1 (95.7%); PC4 (4.3%)。
1474,2024-04-12 06:40:00,2024-04-12 06:40:00,1.0,重载牵引,IsolationForest; Mahalanobis; 单变量IQR+3σ; 残差,6.692,38,残差异常：采煤机_截割部位_右滚筒_电机_电流 偏高（残差 Z-score=6.7，实际=328.0 vs 预测=80.4）
1475,2024-04-12 06:53:00,2024-04-12 06:54:00,2.0,停机,IsolationForest; Mahalanobis; 单变量IQR+3σ; 残差,1832.088,76,Mahalanobis 距离=1832.1（阈值=18.5）。主要贡献特征：PC1 (80.1%); PC3 (17.2%); PC4 (2.7%)。
1476,2024-04-12 07:02:00,2024-04-12 07:02:00,1.0,停机,IsolationForest; Mahalanobis; 单变量IQR+3σ; 残差,1378.384,38,Mahalanobis 距离=1378.4（阈值=18.5）。主要贡献特征：PC1 (76.9%); PC3 (22.6%)。
1477,2024-04-12 07:08:00,2024-04-12 07:09:00,2.0,停机,IsolationForest; Mahalanobis; 单变量IQR+3σ; 残差,1277.717,76,Mahalanobis 距离=1277.7（阈值=18.5）。主要贡献特征：PC1 (81.7%); PC3 (18.2%)。
1478,2024-04-12 07:16:00,2024-04-12 07:18:00,3.0,停机,IsolationForest; Mahalanobis; 单变量IQR+3σ; 残差,1605.992,114,Mahalanobis 距离=1606.0（阈值=18.5）。主要贡献特征：PC1 (89.1%); PC3 (10.9%)。
1479,2024-04-12 07:20:00,2024-04-12 07:33:00,14.0,待机,IsolationForest; Mahalanobis; 单变量IQR+3σ; 残差,3638.619,532,Mahalanobis 距离=3638.6（阈值=18.5）。主要贡献特征：PC1 (81.8%); PC3 (15.5%); PC4 (2.7%)。
1480,2024-04-12 07:36:00,2024-04-12 07:36:00,1.0,待机,IsolationForest; Mahalanobis; 单变量IQR+3σ; 残差,3575.735,38,Mahalanobis 距离=3575.7（阈值=18.5）。主要贡献特征：PC1 (88.1%); PC3 (6.2%); PC4 (5.7%)。
1481,2024-04-12 07:38:00,2024-04-12 07:39:00,2.0,停机,IsolationForest; Mahalanobis; 单变量IQR+3σ; 残差,1295.191,76,Mahalanobis 距离=1295.2（阈值=18.5）。主要贡献特征：PC1 (86.4%); PC3 (13.0%)。
1482,2024-04-12 07:43:00,2024-04-12 07:43:00,1.0,停机,IsolationForest; Mahalanobis; 单变量IQR+3σ; 残差,1131.01,38,Mahalanobis 距离=1131.0（阈值=18.5）。主要贡献特征：PC1 (82.8%); PC3 (16.4%)。
1483,2024-04-12 07:47:00,2024-04-12 07:49:00,3.0,待机,IsolationForest; Mahalanobis; 单变量IQR+3σ; 残差,3926.442,114,Mahalanobis 距离=3926.4（阈值=18.5）。主要贡献特征：PC1 (86.8%); PC4 (7.0%); PC3 (6.1%)。
1484,2024-04-12 07:51:00,2024-04-12 07:52:00,2.0,停机,IsolationForest; Mahalanobis; 单变量IQR+3σ; 残差,1374.437,76,Mahalanobis 距离=1374.4（阈值=18.5）。主要贡献特征：PC1 (90.8%); PC3 (7.1%); PC4 (2.0%)。
1485,2024-04-12 07:54:00,2024-04-12 07:55:00,2.0,待机,IsolationForest; Mahalanobis; 单变量IQR+3σ; 残差,3759.985,76,Mahalanobis 距离=3760.0（阈值=18.5）。主要贡献特征：PC1 (83.8%); PC4 (11.1%); PC3 (5.1%)。
1486,2024-04-12 08:01:00,2024-04-12 08:07:00,7.0,待机,IsolationForest; Mahalanobis; 单变量IQR+3σ; 残差,4371.805,266,Mahalanobis 距离=4371.8（阈值=18.5）。主要贡献特征：PC1 (87.2%); PC4 (12.7%)。
1487,2024-04-12 08:09:00,2024-04-12 08:10:00,2.0,待机,IsolationForest; Mahalanobis; 单变量IQR+3σ; 残差,3958.543,76,Mahalanobis 距离=3958.5（阈值=18.5）。主要贡献特征：PC1 (85.6%); PC4 (14.3%)。
1488,2024-04-12 08:13:00,2024-04-12 08:13:00,1.0,重载牵引,IsolationForest; Mahalanobis; 单变量IQR+3σ; 残差,3.103,38,残差异常：采煤机_截割部位_右滚筒_电机_电流 偏高（残差 Z-score=3.1，实际=191.0 vs 预测=76.2）
1489,2024-04-12 08:15:00,2024-04-12 08:15:00,1.0,待机,IsolationForest; Mahalanobis; 单变量IQR+3σ; 残差,5565.865,38,Mahalanobis 距离=5565.9（阈值=18.5）。主要贡献特征：PC1 (81.8%); PC4 (12.3%); PC3 (5.8%)。
1490,2024-04-12 08:18:00,2024-04-12 08:18:00,1.0,待机,IsolationForest; Mahalanobis; 单变量IQR+3σ; 残差,4105.896,38,Mahalanobis 距离=4105.9（阈值=18.5）。主要贡献特征：PC1 (87.2%); PC4 (12.1%)。
1491,2024-04-12 08:23:00,2024-04-12 08:24:00,2.0,停机,IsolationForest; Mahalanobis; 单变量IQR+3σ; 残差,1619.968,76,Mahalanobis 距离=1620.0（阈值=18.5）。主要贡献特征：PC1 (95.6%); PC3 (2.8%); PC4 (1.6%)。
1492,2024-04-12 08:31:00,2024-04-12 08:32:00,2.0,重载牵引,IsolationForest; Mahalanobis; 单变量IQR+3σ; 残差,4.278,76,正常
1493,2024-04-12 08:34:00,2024-04-12 08:57:00,24.0,待机,IsolationForest; Mahalanobis; 单变量IQR+3σ; 残差,4679.071,912,Mahalanobis 距离=4679.1（阈值=18.5）。主要贡献特征：PC1 (95.4%); PC4 (2.4%); PC3 (2.1%)。
1494,2024-04-12 09:00:00,2024-04-12 09:17:00,18.0,待机,IsolationForest; Mahalanobis; 单变量IQR+3σ; 残差,3095.464,684,Mahalanobis 距离=3095.5（阈值=18.5）。主要贡献特征：PC3 (49.1%); PC1 (48.6%); PC4 (2.3%)。
1495,2024-04-12 09:57:00,2024-04-12 09:58:00,2.0,待机,IsolationForest; Mahalanobis; 单变量IQR+3σ; 残差,14.364,76,正常
1496,2024-04-12 10:00:00,2024-04-12 10:49:00,50.0,待机,IsolationForest; Mahalanobis; 单变量IQR+3σ; 残差,26.794,1900,Mahalanobis 距离=26.8（阈值=18.5）。主要贡献特征：PC3 (52.1%); PC4 (47.3%)。
1497,2024-04-12 12:55:00,2024-04-12 16:51:00,237.0,停机,IsolationForest; Mahalanobis; 单变量IQR+3σ; 残差,9.117,9006,残差异常：采煤机_油泵_左电机_温度 偏高（残差 Z-score=9.1，实际=39.0 vs 预测=0.0）
1498,2024-04-12 16:54:00,2024-04-12 17:02:00,9.0,停机,IsolationForest; Mahalanobis; 单变量IQR+3σ; 残差,1188.743,342,Mahalanobis 距离=1188.7（阈值=18.5）。主要贡献特征：PC1 (81.5%); PC3 (18.4%)。
1499,2024-04-12 17:14:00,2024-04-12 17:52:00,39.0,待机,IsolationForest; Mahalanobis; 单变量IQR+3σ; 残差,4352.136,1482,Mahalanobis 距离=4352.1（阈值=18.5）。主要贡献特征：PC1 (89.4%); PC3 (9.8%)。
1500,2024-04-12 17:55:00,2024-04-12 17:55:00,1.0,重载牵引,IsolationForest; Mahalanobis; 单变量IQR+3σ; 残差,4.846,38,正常
1501,2024-04-12 18:10:00,2024-04-12 18:11:00,2.0,待机,IsolationForest; Mahalanobis; 单变量IQR+3σ; 残差,3617.032,76,Mahalanobis 距离=3617.0（阈值=18.5）。主要贡献特征：PC1 (61.5%); PC3 (38.1%)。
1502,2024-04-12 18:24:00,2024-04-12 18:24:00,1.0,待机,IsolationForest; Mahalanobis; 单变量IQR+3σ; 残差,4627.145,38,Mahalanobis 距离=4627.1（阈值=18.5）。主要贡献特征：PC1 (92.2%); PC3 (7.5%)。
1503,2024-04-12 18:38:00,2024-04-12 18:38:00,1.0,待机,IsolationForest; Mahalanobis; 单变量IQR+3σ; 残差,3507.459,38,Mahalanobis 距离=3507.5（阈值=18.5）。主要贡献特征：PC1 (74.1%); PC3 (22.1%); PC4 (3.7%)。
1504,2024-04-12 18:40:00,2024-04-12 18:51:00,12.0,待机,IsolationForest; Mahalanobis; 单变量IQR+3σ; 残差,34721.501,456,Mahalanobis 距离=34721.5（阈值=18.5）。主要贡献特征：PC3 (95.7%); PC1 (4.3%)。
1505,2024-04-12 18:56:00,2024-04-12 18:56:00,1.0,重载牵引,IsolationForest; Mahalanobis; 单变量IQR+3σ; 残差,4.077,38,正常
1506,2024-04-12 18:58:00,2024-04-12 18:58:00,1.0,待机,IsolationForest; Mahalanobis; 单变量IQR+3σ; 残差,3806.758,38,Mahalanobis 距离=3806.8（阈值=18.5）。主要贡献特征：PC1 (85.1%); PC4 (7.7%); PC3 (7.2%)。
1507,2024-04-12 19:04:00,2024-04-12 19:04:00,1.0,待机,IsolationForest; Mahalanobis; 单变量IQR+3σ; 残差,3809.346,38,Mahalanobis 距离=3809.3（阈值=18.5）。主要贡献特征：PC1 (84.3%); PC4 (11.7%); PC3 (4.0%)。
1508,2024-04-12 19:07:00,2024-04-12 19:09:00,3.0,停机,IsolationForest; Mahalanobis; 单变量IQR+3σ; 残差,2208.437,114,Mahalanobis 距离=2208.4（阈值=18.5）。主要贡献特征：PC1 (95.7%); PC4 (3.5%)。
1509,2024-04-12 19:23:00,2024-04-12 19:23:00,1.0,重载牵引,IsolationForest; Mahalanobis; 单变量IQR+3σ; 残差,7.07,38,正常
1510,2024-04-12 19:27:00,2024-04-12 19:27:00,1.0,待机,IsolationForest; Mahalanobis; 单变量IQR+3σ; 残差,4020.416,38,Mahalanobis 距离=4020.4（阈值=18.5）。主要贡献特征：PC1 (87.5%); PC4 (9.6%); PC3 (2.9%)。
1511,2024-04-12 19:30:00,2024-04-12 19:31:00,2.0,停机,IsolationForest; Mahalanobis; 单变量IQR+3σ; 残差,1119.762,76,Mahalanobis 距离=1119.8（阈值=18.5）。主要贡献特征：PC1 (87.9%); PC3 (10.0%); PC4 (2.0%)。
1512,2024-04-12 19:38:00,2024-04-12 19:38:00,1.0,停机,IsolationForest; Mahalanobis; 单变量IQR+3σ; 残差,1980.646,38,Mahalanobis 距离=1980.6（阈值=18.5）。主要贡献特征：PC1 (97.8%); PC3 (1.3%)。
1513,2024-04-12 19:44:00,2024-04-12 19:44:00,1.0,待机,IsolationForest; Mahalanobis; 单变量IQR+3σ; 残差,4048.347,38,Mahalanobis 距离=4048.3（阈值=18.5）。主要贡献特征：PC1 (88.0%); PC3 (8.1%); PC4 (3.8%)。
1514,2024-04-12 19:48:00,2024-04-12 19:48:00,1.0,停机,IsolationForest; Mahalanobis; 单变量IQR+3σ; 残差,1603.072,38,Mahalanobis 距离=1603.1（阈值=18.5）。主要贡献特征：PC1 (89.8%); PC3 (10.2%)。
1515,2024-04-12 19:59:00,2024-04-12 20:03:00,5.0,停机,IsolationForest; Mahalanobis; 单变量IQR+3σ; 残差,2471.968,190,Mahalanobis 距离=2472.0（阈值=18.5）。主要贡献特征：PC1 (99.3%)。
1516,2024-04-12 20:05:00,2024-04-12 20:07:00,3.0,重载牵引,IsolationForest; Mahalanobis; 单变量IQR+3σ; 残差,4.101,114,正常
1517,2024-04-12 20:20:00,2024-04-12 20:20:00,1.0,重载牵引,IsolationForest; Mahalanobis; 单变量IQR+3σ; 残差,5.123,38,残差异常：采煤机_油泵_右电机_电流 偏高（残差 Z-score=5.1，实际=51.0 vs 预测=17.0）
1518,2024-04-12 20:22:00,2024-04-12 20:22:00,1.0,重载牵引,IsolationForest; Mahalanobis; 单变量IQR+3σ; 残差,4.401,38,正常
1519,2024-04-12 20:27:00,2024-04-12 20:27:00,1.0,停机,IsolationForest; Mahalanobis; 单变量IQR+3σ; 残差,1704.286,38,Mahalanobis 距离=1704.3（阈值=18.5）。主要贡献特征：PC1 (75.3%); PC3 (21.3%); PC4 (3.4%)。
1520,2024-04-12 20:31:00,2024-04-12 20:31:00,1.0,停机,IsolationForest; Mahalanobis; 单变量IQR+3σ; 残差,1169.181,38,Mahalanobis 距离=1169.2（阈值=18.5）。主要贡献特征：PC1 (61.7%); PC3 (35.3%); PC4 (3.0%)。
1521,2024-04-12 20:52:00,2024-04-12 20:52:00,1.0,重载牵引,IsolationForest; Mahalanobis; 单变量IQR+3σ; 残差,5.291,38,正常
1522,2024-04-12 21:01:00,2024-04-12 21:05:00,5.0,停机,IsolationForest; Mahalanobis; 单变量IQR+3σ; 残差,9839.79,190,Mahalanobis 距离=9839.8（阈值=18.5）。主要贡献特征：PC3 (88.7%); PC1 (11.3%)。
1523,2024-04-12 21:12:00,2024-04-12 21:12:00,1.0,待机,IsolationForest; Mahalanobis; 单变量IQR+3σ; 残差,3568.539,38,Mahalanobis 距离=3568.5（阈值=18.5）。主要贡献特征：PC1 (80.1%); PC4 (12.0%); PC3 (8.0%)。
1524,2024-04-12 21:20:00,2024-04-12 21:20:00,1.0,待机,IsolationForest; Mahalanobis; 单变量IQR+3σ; 残差,3986.41,38,Mahalanobis 距离=3986.4（阈值=18.5）。主要贡献特征：PC1 (86.7%); PC4 (11.9%); PC3 (1.4%)。
1525,2024-04-12 21:22:00,2024-04-12 21:23:00,2.0,待机,IsolationForest; Mahalanobis; 单变量IQR+3σ; 残差,3913.736,76,Mahalanobis 距离=3913.7（阈值=18.5）。主要贡献特征：PC1 (85.5%); PC4 (13.0%); PC3 (1.4%)。
1526,2024-04-12 21:26:00,2024-04-12 21:26:00,1.0,停机,IsolationForest; Mahalanobis; 单变量IQR+3σ; 残差,1641.12,38,Mahalanobis 距离=1641.1（阈值=18.5）。主要贡献特征：PC1 (94.8%); PC4 (3.4%); PC3 (1.8%)。
1527,2024-04-12 21:45:00,2024-04-12 21:45:00,1.0,待机,IsolationForest; Mahalanobis; 单变量IQR+3σ; 残差,4320.773,38,Mahalanobis 距离=4320.8（阈值=18.5）。主要贡献特征：PC1 (91.8%); PC3 (5.9%); PC4 (2.3%)。
1528,2024-04-12 21:50:00,2024-04-12 21:51:00,2.0,待机,IsolationForest; Mahalanobis; 单变量IQR+3σ; 残差,3766.436,76,Mahalanobis 距离=3766.4（阈值=18.5）。主要贡献特征：PC1 (81.1%); PC3 (18.1%)。
1529,2024-04-12 21:56:00,2024-04-12 21:57:00,2.0,待机,IsolationForest; Mahalanobis; 单变量IQR+3σ; 残差,4983.508,76,Mahalanobis 距离=4983.5（阈值=18.5）。主要贡献特征：PC1 (95.8%); PC3 (4.1%)。
1530,2024-04-12 21:59:00,2024-04-12 21:59:00,1.0,待机,IsolationForest; Mahalanobis; 单变量IQR+3σ; 残差,4109.649,38,Mahalanobis 距离=4109.6（阈值=18.5）。主要贡献特征：PC1 (81.6%); PC3 (18.4%)。
1531,2024-04-12 22:01:00,2024-04-12 22:02:00,2.0,待机,IsolationForest; Mahalanobis; 单变量IQR+3σ; 残差,4132.904,76,Mahalanobis 距离=4132.9（阈值=18.5）。主要贡献特征：PC1 (80.7%); PC3 (19.3%)。
1532,2024-04-12 22:10:00,2024-04-12 22:10:00,1.0,重载牵引,IsolationForest; Mahalanobis; 单变量IQR+3σ; 残差,2.498,38,正常
1533,2024-04-12 22:13:00,2024-04-12 22:13:00,1.0,停机,IsolationForest; Mahalanobis; 单变量IQR+3σ; 残差,1861.215,38,Mahalanobis 距离=1861.2（阈值=18.5）。主要贡献特征：PC1 (79.1%); PC3 (17.1%); PC4 (3.8%)。
1534,2024-04-12 22:19:00,2024-04-12 22:19:00,1.0,待机,IsolationForest; Mahalanobis; 单变量IQR+3σ; 残差,4009.717,38,Mahalanobis 距离=4009.7（阈值=18.5）。主要贡献特征：PC1 (68.3%); PC3 (30.0%); PC4 (1.6%)。
1535,2024-04-12 22:23:00,2024-04-12 22:23:00,1.0,重载牵引,IsolationForest; Mahalanobis; 单变量IQR+3σ; 残差,3.659,38,正常
1536,2024-04-12 22:26:00,2024-04-12 22:26:00,1.0,重载牵引,IsolationForest; Mahalanobis; 单变量IQR+3σ; 残差,5.142,38,正常
1537,2024-04-12 22:29:00,2024-04-12 22:29:00,1.0,停机,IsolationForest; Mahalanobis; 单变量IQR+3σ; 残差,1085.964,38,Mahalanobis 距离=1086.0（阈值=18.5）。主要贡献特征：PC1 (61.8%); PC3 (35.0%); PC4 (3.1%)。
1538,2024-04-12 22:38:00,2024-04-12 22:38:00,1.0,重载牵引,IsolationForest; Mahalanobis; 单变量IQR+3σ; 残差,4.077,38,正常
1539,2024-04-12 22:40:00,2024-04-12 22:41:00,2.0,停机,IsolationForest; Mahalanobis; 单变量IQR+3σ; 残差,1770.048,76,Mahalanobis 距离=1770.0（阈值=18.5）。主要贡献特征：PC1 (88.1%); PC3 (10.7%); PC4 (1.2%)。
1540,2024-04-12 22:45:00,2024-04-12 22:45:00,1.0,重载牵引,IsolationForest; Mahalanobis; 单变量IQR+3σ; 残差,7.058,38,正常
1541,2024-04-12 22:48:00,2024-04-12 22:48:00,1.0,停机,IsolationForest; Mahalanobis; 单变量IQR+3σ; 残差,1447.976,38,Mahalanobis 距离=1448.0（阈值=18.5）。主要贡献特征：PC1 (82.7%); PC3 (17.2%)。
1542,2024-04-12 22:55:00,2024-04-12 22:56:00,2.0,停机,IsolationForest; Mahalanobis; 单变量IQR+3σ; 残差,1595.461,76,Mahalanobis 距离=1595.5（阈值=18.5）。主要贡献特征：PC1 (87.9%); PC3 (12.1%)。
1543,2024-04-12 23:02:00,2024-04-12 23:15:00,14.0,重载牵引,IsolationForest; Mahalanobis; 单变量IQR+3σ; 残差,10.063,532,正常
1544,2024-04-12 23:23:00,2024-04-12 23:23:00,1.0,重载牵引,IsolationForest; Mahalanobis; 单变量IQR+3σ; 残差,5.202,38,残差异常：采煤机_截割部位_左滚筒_电机_电流 偏高（残差 Z-score=5.2，实际=285.0 vs 预测=75.4）
1545,2024-04-12 23:25:00,2024-04-12 23:25:00,1.0,停机,IsolationForest; Mahalanobis; 单变量IQR+3σ; 残差,1083.649,38,Mahalanobis 距离=1083.6（阈值=18.5）。主要贡献特征：PC1 (83.5%); PC3 (14.8%); PC4 (1.7%)。
1546,2024-04-12 23:35:00,2024-04-12 23:35:00,1.0,重载牵引,IsolationForest; Mahalanobis; 单变量IQR+3σ; 残差,6.453,38,正常
1547,2024-04-12 23:38:00,2024-04-12 23:38:00,1.0,待机,IsolationForest; Mahalanobis; 单变量IQR+3σ; 残差,3819.947,38,Mahalanobis 距离=3819.9（阈值=18.5）。主要贡献特征：PC1 (83.8%); PC4 (11.6%); PC3 (4.6%)。
1548,2024-04-12 23:40:00,2024-04-12 23:40:00,1.0,重载牵引,IsolationForest; Mahalanobis; 单变量IQR+3σ; 残差,5.996,38,正常
1549,2024-04-12 23:42:00,2024-04-12 23:42:00,1.0,停机,IsolationForest; Mahalanobis; 单变量IQR+3σ; 残差,1619.808,38,Mahalanobis 距离=1619.8（阈值=18.5）。主要贡献特征：PC1 (94.4%); PC4 (3.5%); PC3 (2.2%)。
1550,2024-04-12 23:46:00,2024-04-12 23:46:00,1.0,待机,IsolationForest; Mahalanobis; 单变量IQR+3σ; 残差,4593.612,38,Mahalanobis 距离=4593.6（阈值=18.5）。主要贡献特征：PC1 (87.4%); PC4 (12.4%)。
1551,2024-04-12 23:48:00,2024-04-12 23:57:00,10.0,停机,IsolationForest; Mahalanobis; 单变量IQR+3σ; 残差,1696.672,380,Mahalanobis 距离=1696.7（阈值=18.5）。主要贡献特征：PC1 (96.7%); PC4 (2.7%)。
1552,2024-04-13 00:09:00,2024-04-13 00:09:00,1.0,停机,IsolationForest; Mahalanobis; 单变量IQR+3σ; 残差,1554.993,38,Mahalanobis 距离=1555.0（阈值=18.5）。主要贡献特征：PC1 (91.1%); PC3 (8.8%)。
1553,2024-04-13 00:12:00,2024-04-13 00:12:00,1.0,重载牵引,IsolationForest; Mahalanobis; 单变量IQR+3σ; 残差,3.3,38,残差异常：采煤机_破碎机_电机_电流 偏高（残差 Z-score=3.3，实际=37.0 vs 预测=0.0）
1554,2024-04-13 00:15:00,2024-04-13 00:16:00,2.0,停机,IsolationForest; Mahalanobis; 单变量IQR+3σ; 残差,1880.246,76,Mahalanobis 距离=1880.2（阈值=18.5）。主要贡献特征：PC1 (97.7%); PC3 (2.3%)。
1555,2024-04-13 00:21:00,2024-04-13 00:21:00,1.0,停机,IsolationForest; Mahalanobis; 单变量IQR+3σ; 残差,1602.109,38,Mahalanobis 距离=1602.1（阈值=18.5）。主要贡献特征：PC1 (89.0%); PC3 (11.0%)。
1556,2024-04-13 00:28:00,2024-04-13 00:28:00,1.0,重载牵引,IsolationForest; Mahalanobis; 单变量IQR+3σ; 残差,5.142,38,正常
1557,2024-04-13 00:32:00,2024-04-13 00:32:00,1.0,重载牵引,IsolationForest; Mahalanobis; 单变量IQR+3σ; 残差,3.022,38,残差异常：采煤机_截割部位_右滚筒_电机_电流 偏高（残差 Z-score=3.0，实际=201.0 vs 预测=89.2）
1558,2024-04-13 00:41:00,2024-04-13 00:44:00,4.0,重载牵引,IsolationForest; Mahalanobis; 单变量IQR+3σ; 残差,5.763,152,正常
1559,2024-04-13 00:46:00,2024-04-13 00:46:00,1.0,重载牵引,IsolationForest; Mahalanobis; 单变量IQR+3σ; 残差,5.348,38,正常
1560,2024-04-13 00:52:00,2024-04-13 00:53:00,2.0,重载牵引,IsolationForest; Mahalanobis; 单变量IQR+3σ; 残差,4.104,76,正常
1561,2024-04-13 00:57:00,2024-04-13 00:59:00,3.0,停机,IsolationForest; Mahalanobis; 单变量IQR+3σ; 残差,1445.323,114,Mahalanobis 距离=1445.3（阈值=18.5）。主要贡献特征：PC1 (70.5%); PC3 (26.2%); PC4 (3.3%)。
1562,2024-04-13 01:11:00,2024-04-13 01:11:00,1.0,重载牵引,IsolationForest; Mahalanobis; 单变量IQR+3σ; 残差,3.319,38,残差异常：采煤机_截割部位_右滚筒_电机_电流 偏高（残差 Z-score=3.3，实际=201.0 vs 预测=78.2）
1563,2024-04-13 01:14:00,2024-04-13 01:24:00,11.0,停机,IsolationForest; Mahalanobis; 单变量IQR+3σ; 残差,3025.466,418,Mahalanobis 距离=3025.5（阈值=18.5）。主要贡献特征：PC1 (82.6%); PC3 (15.7%); PC4 (1.7%)。
1564,2024-04-13 01:28:00,2024-04-13 01:28:00,1.0,重载牵引,IsolationForest; Mahalanobis; 单变量IQR+3σ; 残差,3.076,38,残差异常：采煤机_油泵_左电机_电流 偏高（残差 Z-score=3.1，实际=38.0 vs 预测=15.6）
1565,2024-04-13 01:31:00,2024-04-13 01:35:00,5.0,待机,IsolationForest; Mahalanobis; 单变量IQR+3σ; 残差,4074.656,190,Mahalanobis 距离=4074.7（阈值=18.5）。主要贡献特征：PC1 (81.7%); PC3 (18.2%)。
1566,2024-04-13 01:43:00,2024-04-13 01:43:00,1.0,重载牵引,IsolationForest; Mahalanobis; 单变量IQR+3σ; 残差,4.174,38,残差异常：采煤机_破碎机_电机_电流 偏高（残差 Z-score=4.2，实际=52.0 vs 预测=5.2）
1567,2024-04-13 01:46:00,2024-04-13 01:46:00,1.0,待机,IsolationForest; Mahalanobis; 单变量IQR+3σ; 残差,3609.28,38,Mahalanobis 距离=3609.3（阈值=18.5）。主要贡献特征：PC1 (78.8%); PC3 (19.0%); PC4 (2.2%)。
1568,2024-04-13 01:53:00,2024-04-13 01:53:00,1.0,重载牵引,IsolationForest; Mahalanobis; 单变量IQR+3σ; 残差,5.876,38,残差异常：采煤机_油泵_右电机_电流 偏高（残差 Z-score=5.9，实际=55.0 vs 预测=16.0）
1569,2024-04-13 01:56:00,2024-04-13 01:56:00,1.0,待机,IsolationForest; Mahalanobis; 单变量IQR+3σ; 残差,3681.575,38,Mahalanobis 距离=3681.6（阈值=18.5）。主要贡献特征：PC1 (86.0%); PC4 (7.1%); PC3 (6.9%)。
1570,2024-04-13 02:03:00,2024-04-13 02:03:00,1.0,重载牵引,IsolationForest; Mahalanobis; 单变量IQR+3σ; 残差,5.725,38,残差异常：采煤机_油泵_右电机_电流 偏高（残差 Z-score=5.7，实际=54.0 vs 预测=16.0）
1571,2024-04-13 02:07:00,2024-04-13 02:07:00,1.0,重载牵引,IsolationForest; Mahalanobis; 单变量IQR+3σ; 残差,3.79,38,正常
1572,2024-04-13 02:09:00,2024-04-13 02:15:00,7.0,待机,IsolationForest; Mahalanobis; 单变量IQR+3σ; 残差,4198.182,266,Mahalanobis 距离=4198.2（阈值=18.5）。主要贡献特征：PC1 (85.6%); PC4 (14.2%)。
1573,2024-04-13 02:19:00,2024-04-13 02:20:00,2.0,待机,IsolationForest; Mahalanobis; 单变量IQR+3σ; 残差,4317.038,76,Mahalanobis 距离=4317.0（阈值=18.5）。主要贡献特征：PC1 (87.7%); PC4 (12.2%)。
1574,2024-04-13 02:22:00,2024-04-13 02:22:00,1.0,重载牵引,IsolationForest; Mahalanobis; 单变量IQR+3σ; 残差,3.351,38,残差异常：采煤机_截割部位_右滚筒_电机_电流 偏高（残差 Z-score=3.4，实际=191.0 vs 预测=67.0）
1575,2024-04-13 02:24:00,2024-04-13 02:28:00,5.0,停机,IsolationForest; Mahalanobis; 单变量IQR+3σ; 残差,2121.193,190,Mahalanobis 距离=2121.2（阈值=18.5）。主要贡献特征：PC1 (94.9%); PC4 (3.5%); PC3 (1.5%)。
1576,2024-04-13 02:30:00,2024-04-13 02:31:00,2.0,重载牵引,IsolationForest; Mahalanobis; 单变量IQR+3σ; 残差,34.797,76,Mahalanobis 距离=34.8（阈值=18.5）。主要贡献特征：PC1 (97.4%); PC2 (1.1%)。
1577,2024-04-13 02:34:00,2024-04-13 02:35:00,2.0,停机,IsolationForest; Mahalanobis; 单变量IQR+3σ; 残差,1583.194,76,Mahalanobis 距离=1583.2（阈值=18.5）。主要贡献特征：PC1 (95.3%); PC3 (2.5%); PC4 (2.1%)。
1578,2024-04-13 02:37:00,2024-04-13 02:37:00,1.0,重载牵引,IsolationForest; Mahalanobis; 单变量IQR+3σ; 残差,5.736,38,正常
1579,2024-04-13 02:48:00,2024-04-13 02:48:00,1.0,重载牵引,IsolationForest; Mahalanobis; 单变量IQR+3σ; 残差,3.907,38,正常
1580,2024-04-13 02:55:00,2024-04-13 02:55:00,1.0,重载牵引,IsolationForest; Mahalanobis; 单变量IQR+3σ; 残差,4.735,38,正常
1581,2024-04-13 03:00:00,2024-04-13 03:00:00,1.0,待机,IsolationForest; Mahalanobis; 单变量IQR+3σ; 残差,4227.971,38,Mahalanobis 距离=4228.0（阈值=18.5）。主要贡献特征：PC1 (86.8%); PC3 (13.2%)。
1582,2024-04-13 03:02:00,2024-04-13 03:02:00,1.0,重载牵引,IsolationForest; Mahalanobis; 单变量IQR+3σ; 残差,5.301,38,残差异常：采煤机_油泵_左电机_电流 偏高（残差 Z-score=5.3，实际=54.0 vs 预测=15.4）
1583,2024-04-13 03:05:00,2024-04-13 03:07:00,3.0,重载牵引,IsolationForest; Mahalanobis; 单变量IQR+3σ; 残差,5.63,114,正常
1584,2024-04-13 03:09:00,2024-04-13 03:09:00,1.0,重载牵引,IsolationForest; Mahalanobis; 单变量IQR+3σ; 残差,6.605,38,正常
1585,2024-04-13 03:11:00,2024-04-13 03:11:00,1.0,重载牵引,IsolationForest; Mahalanobis; 单变量IQR+3σ; 残差,5.245,38,正常
1586,2024-04-13 03:13:00,2024-04-13 03:14:00,2.0,待机,IsolationForest; Mahalanobis; 单变量IQR+3σ; 残差,7424.785,76,Mahalanobis 距离=7424.8（阈值=18.5）。主要贡献特征：PC1 (97.0%); PC4 (2.1%)。
1587,2024-04-13 03:19:00,2024-04-13 03:19:00,1.0,重载牵引,IsolationForest; Mahalanobis; 单变量IQR+3σ; 残差,3.194,38,正常
1588,2024-04-13 03:22:00,2024-04-13 03:22:00,1.0,重载牵引,IsolationForest; Mahalanobis; 单变量IQR+3σ; 残差,3.708,38,残差异常：采煤机_截割部位_右滚筒_电机_电流 偏高（残差 Z-score=3.7，实际=207.0 vs 预测=69.8）
1589,2024-04-13 03:29:00,2024-04-13 03:29:00,1.0,重载牵引,IsolationForest; Mahalanobis; 单变量IQR+3σ; 残差,3.812,38,残差异常：采煤机_截割部位_左滚筒_电机_电流 偏高（残差 Z-score=3.8，实际=232.0 vs 预测=78.4）
1590,2024-04-13 03:32:00,2024-04-13 03:32:00,1.0,重载牵引,IsolationForest; Mahalanobis; 单变量IQR+3σ; 残差,5.587,38,正常
1591,2024-04-13 03:41:00,2024-04-13 03:43:00,3.0,重载牵引,IsolationForest; Mahalanobis; 单变量IQR+3σ; 残差,5.575,114,残差异常：采煤机_油泵_右电机_电流 偏高（残差 Z-score=5.6，实际=54.0 vs 预测=17.0）
1592,2024-04-13 03:50:00,2024-04-13 03:50:00,1.0,空载牵引,IsolationForest; Mahalanobis; 单变量IQR+3σ; 残差,4.801,38,正常
1593,2024-04-13 03:54:00,2024-04-13 03:54:00,1.0,待机,IsolationForest; Mahalanobis; 单变量IQR+3σ; 残差,4048.891,38,Mahalanobis 距离=4048.9（阈值=18.5）。主要贡献特征：PC1 (87.0%); PC3 (12.1%)。
1594,2024-04-13 03:56:00,2024-04-13 03:56:00,1.0,重载牵引,IsolationForest; Mahalanobis; 单变量IQR+3σ; 残差,5.575,38,残差异常：采煤机_油泵_右电机_电流 偏高（残差 Z-score=5.6，实际=55.0 vs 预测=18.0）
1595,2024-04-13 03:58:00,2024-04-13 03:58:00,1.0,停机,IsolationForest; Mahalanobis; 单变量IQR+3σ; 残差,1271.94,38,Mahalanobis 距离=1271.9（阈值=18.5）。主要贡献特征：PC1 (82.5%); PC3 (17.5%)。
1596,2024-04-13 04:03:00,2024-04-13 04:03:00,1.0,待机,IsolationForest; Mahalanobis; 单变量IQR+3σ; 残差,4267.792,38,Mahalanobis 距离=4267.8（阈值=18.5）。主要贡献特征：PC1 (92.8%); PC4 (4.2%); PC3 (3.0%)。
1597,2024-04-13 04:09:00,2024-04-13 04:09:00,1.0,重载牵引,IsolationForest; Mahalanobis; 单变量IQR+3σ; 残差,5.816,38,残差异常：采煤机_油泵_右电机_电流 偏高（残差 Z-score=5.8，实际=55.0 vs 预测=16.4）
1598,2024-04-13 04:13:00,2024-04-13 04:13:00,1.0,待机,IsolationForest; Mahalanobis; 单变量IQR+3σ; 残差,3964.162,38,Mahalanobis 距离=3964.2（阈值=18.5）。主要贡献特征：PC1 (88.7%); PC4 (9.8%); PC3 (1.5%)。
1599,2024-04-13 04:16:00,2024-04-13 04:16:00,1.0,待机,IsolationForest; Mahalanobis; 单变量IQR+3σ; 残差,4292.327,38,Mahalanobis 距离=4292.3（阈值=18.5）。主要贡献特征：PC1 (88.6%); PC4 (11.3%)。
1600,2024-04-13 04:19:00,2024-04-13 04:19:00,1.0,待机,IsolationForest; Mahalanobis; 单变量IQR+3σ; 残差,3933.591,38,Mahalanobis 距离=3933.6（阈值=18.5）。主要贡献特征：PC1 (86.1%); PC4 (13.0%)。
1601,2024-04-13 04:25:00,2024-04-13 04:25:00,1.0,重载牵引,IsolationForest; Mahalanobis; 单变量IQR+3σ; 残差,5.816,38,残差异常：采煤机_油泵_右电机_电流 偏高（残差 Z-score=5.8，实际=55.0 vs 预测=16.4）
1602,2024-04-13 04:27:00,2024-04-13 04:27:00,1.0,停机,IsolationForest; Mahalanobis; 单变量IQR+3σ; 残差,1987.442,38,Mahalanobis 距离=1987.4（阈值=18.5）。主要贡献特征：PC1 (97.4%); PC4 (2.6%)。
1603,2024-04-13 04:38:00,2024-04-13 04:39:00,2.0,停机,IsolationForest; Mahalanobis; 单变量IQR+3σ; 残差,1629.703,76,Mahalanobis 距离=1629.7（阈值=18.5）。主要贡献特征：PC1 (95.3%); PC4 (2.4%); PC3 (2.2%)。
1604,2024-04-13 04:41:00,2024-04-13 04:45:00,5.0,停机,IsolationForest; Mahalanobis; 单变量IQR+3σ; 残差,1299.714,190,Mahalanobis 距离=1299.7（阈值=18.5）。主要贡献特征：PC1 (90.7%); PC3 (7.5%); PC4 (1.8%)。
1605,2024-04-13 04:49:00,2024-04-13 04:49:00,1.0,重载牵引,IsolationForest; Mahalanobis; 单变量IQR+3σ; 残差,5.465,38,残差异常：采煤机_截割部位_右滚筒_电机_电流 偏高（残差 Z-score=5.5，实际=273.0 vs 预测=70.8）
1606,2024-04-13 04:56:00,2024-04-13 04:59:00,4.0,待机,IsolationForest; Mahalanobis; 单变量IQR+3σ; 残差,4595.816,152,Mahalanobis 距离=4595.8（阈值=18.5）。主要贡献特征：PC1 (94.4%); PC4 (4.7%)。
1607,2024-04-13 05:01:00,2024-04-13 05:02:00,2.0,重载牵引,IsolationForest; Mahalanobis; 单变量IQR+3σ; 残差,12.478,76,正常
1608,2024-04-13 05:12:00,2024-04-13 05:27:00,16.0,停机,IsolationForest; Mahalanobis; 单变量IQR+3σ; 残差,4431.411,608,Mahalanobis 距离=4431.4（阈值=18.5）。主要贡献特征：PC1 (61.9%); PC3 (36.9%); PC4 (1.2%)。
1609,2024-04-13 05:33:00,2024-04-13 05:33:00,1.0,重载牵引,IsolationForest; Mahalanobis; 单变量IQR+3σ; 残差,3.302,38,正常
1610,2024-04-13 05:38:00,2024-04-13 05:38:00,1.0,重载牵引,IsolationForest; Mahalanobis; 单变量IQR+3σ; 残差,5.884,38,正常
1611,2024-04-13 05:43:00,2024-04-13 05:44:00,2.0,待机,IsolationForest; Mahalanobis; 单变量IQR+3σ; 残差,3937.469,76,Mahalanobis 距离=3937.5（阈值=18.5）。主要贡献特征：PC1 (65.7%); PC3 (32.6%); PC4 (1.8%)。
1612,2024-04-13 05:58:00,2024-04-13 06:04:00,7.0,停机,IsolationForest; Mahalanobis; 单变量IQR+3σ; 残差,988.735,266,Mahalanobis 距离=988.7（阈值=18.5）。主要贡献特征：PC1 (66.1%); PC3 (32.7%); PC4 (1.2%)。
1613,2024-04-13 06:16:00,2024-04-13 06:17:00,2.0,停机,IsolationForest; Mahalanobis; 单变量IQR+3σ; 残差,1422.88,76,Mahalanobis 距离=1422.9（阈值=18.5）。主要贡献特征：PC1 (85.0%); PC3 (15.0%)。
1614,2024-04-13 06:19:00,2024-04-13 06:20:00,2.0,重载牵引,IsolationForest; Mahalanobis; 单变量IQR+3σ; 残差,4.58,76,残差异常：采煤机_油泵_右电机_电流 偏高（残差 Z-score=4.6，实际=47.0 vs 预测=16.6）
1615,2024-04-13 06:22:00,2024-04-13 06:22:00,1.0,待机,IsolationForest; Mahalanobis; 单变量IQR+3σ; 残差,4794.137,38,Mahalanobis 距离=4794.1（阈值=18.5）。主要贡献特征：PC1 (96.0%); PC4 (3.4%)。
1616,2024-04-13 06:28:00,2024-04-13 06:28:00,1.0,重载牵引,IsolationForest; Mahalanobis; 单变量IQR+3σ; 残差,6.358,38,残差异常：采煤机_油泵_右电机_电流 偏高（残差 Z-score=6.4，实际=60.0 vs 预测=17.8）
1617,2024-04-13 06:30:00,2024-04-13 06:35:00,6.0,停机,IsolationForest; Mahalanobis; 单变量IQR+3σ; 残差,1646.425,228,Mahalanobis 距离=1646.4（阈值=18.5）。主要贡献特征：PC1 (93.7%); PC3 (5.4%)。
1618,2024-04-13 06:38:00,2024-04-13 06:38:00,1.0,重载牵引,IsolationForest; Mahalanobis; 单变量IQR+3σ; 残差,3.743,38,正常
1619,2024-04-13 06:43:00,2024-04-13 06:45:00,3.0,待机,IsolationForest; Mahalanobis; 单变量IQR+3σ; 残差,3530.465,114,Mahalanobis 距离=3530.5（阈值=18.5）。主要贡献特征：PC1 (81.6%); PC4 (13.0%); PC3 (5.3%)。
1620,2024-04-13 06:47:00,2024-04-13 06:49:00,3.0,停机,IsolationForest; Mahalanobis; 单变量IQR+3σ; 残差,1503.968,114,Mahalanobis 距离=1504.0（阈值=18.5）。主要贡献特征：PC1 (93.5%); PC4 (3.5%); PC3 (2.9%)。
1621,2024-04-13 06:58:00,2024-04-13 06:58:00,1.0,重载牵引,IsolationForest; Mahalanobis; 单变量IQR+3σ; 残差,3.692,38,残差异常：采煤机_截割部位_右滚筒_电机_电流 偏高（残差 Z-score=3.7，实际=205.0 vs 预测=68.4）
1622,2024-04-13 07:03:00,2024-04-13 07:03:00,1.0,停机,IsolationForest; Mahalanobis; 单变量IQR+3σ; 残差,1379.376,38,Mahalanobis 距离=1379.4（阈值=18.5）。主要贡献特征：PC1 (92.3%); PC3 (5.0%); PC4 (2.6%)。
1623,2024-04-13 07:05:00,2024-04-13 07:10:00,6.0,停机,IsolationForest; Mahalanobis; 单变量IQR+3σ; 残差,1160.126,228,Mahalanobis 距离=1160.1（阈值=18.5）。主要贡献特征：PC1 (89.9%); PC3 (7.6%); PC4 (2.4%)。
1624,2024-04-13 07:20:00,2024-04-13 07:20:00,1.0,重载牵引,IsolationForest; Mahalanobis; 单变量IQR+3σ; 残差,3.704,38,正常
1625,2024-04-13 07:26:00,2024-04-13 07:26:00,1.0,待机,IsolationForest; Mahalanobis; 单变量IQR+3σ; 残差,6647.769,38,Mahalanobis 距离=6647.8（阈值=18.5）。主要贡献特征：PC1 (96.0%); PC3 (3.5%)。
1626,2024-04-13 07:33:00,2024-04-13 07:33:00,1.0,待机,IsolationForest; Mahalanobis; 单变量IQR+3σ; 残差,8479.651,38,Mahalanobis 距离=8479.7（阈值=18.5）。主要贡献特征：PC1 (85.9%); PC3 (13.8%)。
1627,2024-04-13 07:40:00,2024-04-13 07:40:00,1.0,待机,IsolationForest; Mahalanobis; 单变量IQR+3σ; 残差,8008.721,38,Mahalanobis 距离=8008.7（阈值=18.5）。主要贡献特征：PC1 (93.5%); PC3 (5.1%); PC4 (1.4%)。
1628,2024-04-13 07:42:00,2024-04-13 07:44:00,3.0,停机,IsolationForest; Mahalanobis; 单变量IQR+3σ; 残差,2098.371,114,Mahalanobis 距离=2098.4（阈值=18.5）。主要贡献特征：PC1 (89.4%); PC3 (6.3%); PC4 (4.3%)。
1629,2024-04-13 07:50:00,2024-04-13 07:50:00,1.0,重载牵引,IsolationForest; Mahalanobis; 单变量IQR+3σ; 残差,6.207,38,残差异常：采煤机_油泵_右电机_电流 偏高（残差 Z-score=6.2，实际=58.0 vs 预测=16.8）
1630,2024-04-13 07:52:00,2024-04-13 07:52:00,1.0,重载牵引,IsolationForest; Mahalanobis; 单变量IQR+3σ; 残差,3.789,38,残差异常：采煤机_牵引部位_左电机_电流 偏高（残差 Z-score=3.8，实际=217.0 vs 预测=102.4）
1631,2024-04-13 08:04:00,2024-04-13 08:04:00,1.0,重载牵引,IsolationForest; Mahalanobis; 单变量IQR+3σ; 残差,5.243,38,残差异常：采煤机_油泵_右电机_电流 偏高（残差 Z-score=5.2，实际=52.0 vs 预测=17.2）
1632,2024-04-13 08:07:00,2024-04-13 08:07:00,1.0,待机,IsolationForest; Mahalanobis; 单变量IQR+3σ; 残差,4740.58,38,Mahalanobis 距离=4740.6（阈值=18.5）。主要贡献特征：PC1 (83.5%); PC3 (15.3%); PC4 (1.2%)。
1633,2024-04-13 08:11:00,2024-04-13 08:20:00,10.0,待机,IsolationForest; Mahalanobis; 单变量IQR+3σ; 残差,3135.873,380,Mahalanobis 距离=3135.9（阈值=18.5）。主要贡献特征：PC1 (59.8%); PC3 (40.0%)。
1634,2024-04-13 08:24:00,2024-04-13 08:31:00,8.0,待机,IsolationForest; Mahalanobis; 单变量IQR+3σ; 残差,3170.182,304,Mahalanobis 距离=3170.2（阈值=18.5）。主要贡献特征：PC1 (74.8%); PC3 (24.9%)。
1635,2024-04-13 08:55:00,2024-04-13 09:28:00,34.0,待机,IsolationForest; Mahalanobis; 单变量IQR+3σ; 残差,3092.941,1292,Mahalanobis 距离=3092.9（阈值=18.5）。主要贡献特征：PC3 (67.3%); PC1 (32.5%)。
1636,2024-04-13 14:21:00,2024-04-13 14:43:00,23.0,停机,IsolationForest; Mahalanobis; 单变量IQR+3σ; 残差,467.574,874,Mahalanobis 距离=467.6（阈值=18.5）。主要贡献特征：PC1 (68.5%); PC3 (31.5%)。
1637,2024-04-13 14:47:00,2024-04-13 14:52:00,6.0,停机,IsolationForest; Mahalanobis; 单变量IQR+3σ; 残差,1460.228,228,Mahalanobis 距离=1460.2（阈值=18.5）。主要贡献特征：PC1 (87.3%); PC3 (10.0%); PC4 (2.7%)。
1638,2024-04-13 15:41:00,2024-04-13 15:41:00,1.0,待机,IsolationForest; Mahalanobis; 单变量IQR+3σ; 残差,9.502,38,正常
1639,2024-04-13 15:43:00,2024-04-13 15:47:00,5.0,停机,IsolationForest; Mahalanobis; 单变量IQR+3σ; 残差,395.672,190,Mahalanobis 距离=395.7（阈值=18.5）。主要贡献特征：PC1 (52.5%); PC3 (44.8%); PC4 (2.8%)。
1640,2024-04-13 15:51:00,2024-04-13 15:58:00,8.0,待机,IsolationForest; Mahalanobis; 单变量IQR+3σ; 残差,2515.057,304,Mahalanobis 距离=2515.1（阈值=18.5）。主要贡献特征：PC3 (59.7%); PC1 (40.3%)。
1641,2024-04-13 16:05:00,2024-04-13 16:31:00,27.0,停机,IsolationForest; Mahalanobis; 单变量IQR+3σ; 残差,10349.996,1026,Mahalanobis 距离=10350.0（阈值=18.5）。主要贡献特征：PC3 (97.6%); PC1 (2.2%)。
1642,2024-04-13 16:35:00,2024-04-13 16:47:00,13.0,重载牵引,IsolationForest; Mahalanobis; 单变量IQR+3σ; 残差,33.868,494,Mahalanobis 距离=33.9（阈值=18.5）。主要贡献特征：PC1 (99.8%)。
1643,2024-04-13 16:49:00,2024-04-13 16:54:00,6.0,重载牵引,IsolationForest; Mahalanobis; 单变量IQR+3σ; 残差,3.208,228,正常
1644,2024-04-13 16:59:00,2024-04-13 17:00:00,2.0,待机,IsolationForest; Mahalanobis; 单变量IQR+3σ; 残差,3776.463,76,Mahalanobis 距离=3776.5（阈值=18.5）。主要贡献特征：PC1 (82.2%); PC4 (11.4%); PC3 (6.4%)。
1645,2024-04-13 17:02:00,2024-04-13 17:03:00,2.0,待机,IsolationForest; Mahalanobis; 单变量IQR+3σ; 残差,3789.249,76,Mahalanobis 距离=3789.2（阈值=18.5）。主要贡献特征：PC1 (81.7%); PC4 (11.7%); PC3 (6.7%)。
1646,2024-04-13 17:05:00,2024-04-13 17:05:00,1.0,重载牵引,IsolationForest; Mahalanobis; 单变量IQR+3σ; 残差,4.628,38,正常
1647,2024-04-13 17:07:00,2024-04-13 17:07:00,1.0,待机,IsolationForest; Mahalanobis; 单变量IQR+3σ; 残差,3910.96,38,Mahalanobis 距离=3911.0（阈值=18.5）。主要贡献特征：PC1 (84.0%); PC4 (13.4%); PC3 (2.6%)。
1648,2024-04-13 17:11:00,2024-04-13 17:11:00,1.0,重载牵引,IsolationForest; Mahalanobis; 单变量IQR+3σ; 残差,2.157,38,正常
1649,2024-04-13 17:14:00,2024-04-13 17:16:00,3.0,停机,IsolationForest; Mahalanobis; 单变量IQR+3σ; 残差,1413.464,114,Mahalanobis 距离=1413.5（阈值=18.5）。主要贡献特征：PC1 (93.8%); PC4 (3.7%); PC3 (2.5%)。
1650,2024-04-13 17:20:00,2024-04-13 17:20:00,1.0,待机,IsolationForest; Mahalanobis; 单变量IQR+3σ; 残差,4163.381,38,Mahalanobis 距离=4163.4（阈值=18.5）。主要贡献特征：PC1 (87.1%); PC4 (11.3%); PC3 (1.6%)。
1651,2024-04-13 17:25:00,2024-04-13 17:26:00,2.0,停机,IsolationForest; Mahalanobis; 单变量IQR+3σ; 残差,1859.506,76,Mahalanobis 距离=1859.5（阈值=18.5）。主要贡献特征：PC1 (96.2%); PC4 (3.8%)。
1652,2024-04-13 17:34:00,2024-04-13 17:35:00,2.0,停机,IsolationForest; Mahalanobis; 单变量IQR+3σ; 残差,2392.17,76,Mahalanobis 距离=2392.2（阈值=18.5）。主要贡献特征：PC1 (98.9%); PC4 (1.1%)。
1653,2024-04-13 17:42:00,2024-04-13 17:44:00,3.0,停机,IsolationForest; Mahalanobis; 单变量IQR+3σ; 残差,1707.841,114,Mahalanobis 距离=1707.8（阈值=18.5）。主要贡献特征：PC1 (93.6%); PC3 (6.0%)。
1654,2024-04-13 17:48:00,2024-04-13 17:48:00,1.0,重载牵引,IsolationForest; Mahalanobis; 单变量IQR+3σ; 残差,5.142,38,正常
1655,2024-04-13 17:51:00,2024-04-13 18:00:00,10.0,停机,IsolationForest; Mahalanobis; 单变量IQR+3σ; 残差,11299.495,380,Mahalanobis 距离=11299.5（阈值=18.5）。主要贡献特征：PC3 (98.3%); PC1 (1.7%)。
1656,2024-04-13 18:05:00,2024-04-13 18:05:00,1.0,停机,IsolationForest; Mahalanobis; 单变量IQR+3σ; 残差,2434.774,38,Mahalanobis 距离=2434.8（阈值=18.5）。主要贡献特征：PC1 (99.4%)。
1657,2024-04-13 18:09:00,2024-04-13 18:14:00,6.0,停机,IsolationForest; Mahalanobis; 单变量IQR+3σ; 残差,3200.351,228,Mahalanobis 距离=3200.4（阈值=18.5）。主要贡献特征：PC1 (96.3%); PC3 (2.8%)。
1658,2024-04-13 18:18:00,2024-04-13 18:18:00,1.0,停机,IsolationForest; Mahalanobis; 单变量IQR+3σ; 残差,2415.365,38,Mahalanobis 距离=2415.4（阈值=18.5）。主要贡献特征：PC1 (92.2%); PC3 (4.8%); PC4 (3.0%)。
1659,2024-04-13 18:20:00,2024-04-13 18:20:00,1.0,待机,IsolationForest; Mahalanobis; 单变量IQR+3σ; 残差,4540.119,38,Mahalanobis 距离=4540.1（阈值=18.5）。主要贡献特征：PC1 (77.0%); PC3 (21.6%); PC4 (1.4%)。
1660,2024-04-13 18:28:00,2024-04-13 18:28:00,1.0,停机,IsolationForest; Mahalanobis; 单变量IQR+3σ; 残差,1580.686,38,Mahalanobis 距离=1580.7（阈值=18.5）。主要贡献特征：PC1 (71.9%); PC3 (25.0%); PC4 (3.1%)。
1661,2024-04-13 18:32:00,2024-04-13 18:32:00,1.0,重载牵引,IsolationForest; Mahalanobis; 单变量IQR+3σ; 残差,3.152,38,残差异常：采煤机_截割部位_左滚筒_电机_电流 偏高（残差 Z-score=3.2，实际=219.0 vs 预测=92.0）
1662,2024-04-13 18:34:00,2024-04-13 18:34:00,1.0,重载牵引,IsolationForest; Mahalanobis; 单变量IQR+3σ; 残差,4.077,38,正常
1663,2024-04-13 18:37:00,2024-04-13 18:37:00,1.0,重载牵引,IsolationForest; Mahalanobis; 单变量IQR+3σ; 残差,4.189,38,残差异常：采煤机_油泵_右电机_电流 偏高（残差 Z-score=4.2，实际=45.0 vs 预测=17.2）
1664,2024-04-13 19:04:00,2024-04-13 20:31:00,88.0,停机,IsolationForest; Mahalanobis; 单变量IQR+3σ; 残差,1613.075,3344,Mahalanobis 距离=1613.1（阈值=18.5）。主要贡献特征：PC1 (91.8%); PC3 (8.2%)。
1665,2024-04-13 20:34:00,2024-04-13 20:38:00,5.0,重载牵引,IsolationForest; Mahalanobis; 单变量IQR+3σ; 残差,5.513,190,正常
1666,2024-04-13 20:41:00,2024-04-13 20:41:00,1.0,待机,IsolationForest; Mahalanobis; 单变量IQR+3σ; 残差,8557.693,38,Mahalanobis 距离=8557.7（阈值=18.5）。主要贡献特征：PC1 (90.6%); PC3 (8.8%)。
1667,2024-04-13 20:47:00,2024-04-13 20:48:00,2.0,待机,IsolationForest; Mahalanobis; 单变量IQR+3σ; 残差,4858.026,76,Mahalanobis 距离=4858.0（阈值=18.5）。主要贡献特征：PC1 (82.3%); PC3 (15.9%); PC4 (1.7%)。
1668,2024-04-13 20:50:00,2024-04-13 20:50:00,1.0,重载牵引,IsolationForest; Mahalanobis; 单变量IQR+3σ; 残差,4.651,38,残差异常：采煤机_截割部位_左滚筒_电机_电流 偏高（残差 Z-score=4.7，实际=275.0 vs 预测=87.6）
1669,2024-04-13 20:57:00,2024-04-13 20:57:00,1.0,重载牵引,IsolationForest; Mahalanobis; 单变量IQR+3σ; 残差,4.401,38,正常
1670,2024-04-13 21:09:00,2024-04-13 22:02:00,54.0,停机,IsolationForest; Mahalanobis; 单变量IQR+3σ; 残差,855.45,2052,Mahalanobis 距离=855.5（阈值=18.5）。主要贡献特征：PC1 (65.4%); PC3 (31.2%); PC4 (3.4%)。
1671,2024-04-13 23:01:00,2024-04-13 23:07:00,7.0,停机,IsolationForest; Mahalanobis; 单变量IQR+3σ; 残差,6.592,266,残差异常：采煤机_油泵_左电机_温度 偏高（残差 Z-score=6.6，实际=47.0 vs 预测=18.8）
1672,2024-04-13 23:11:00,2024-04-13 23:17:00,7.0,待机,IsolationForest; Mahalanobis; 单变量IQR+3σ; 残差,2468.252,266,Mahalanobis 距离=2468.3（阈值=18.5）。主要贡献特征：PC1 (80.5%); PC4 (15.8%); PC3 (3.7%)。
1673,2024-04-13 23:24:00,2024-04-13 23:24:00,1.0,待机,IsolationForest; Mahalanobis; 单变量IQR+3σ; 残差,3659.695,38,Mahalanobis 距离=3659.7（阈值=18.5）。主要贡献特征：PC1 (71.3%); PC3 (28.2%)。
1674,2024-04-13 23:26:00,2024-04-13 23:26:00,1.0,待机,IsolationForest; Mahalanobis; 单变量IQR+3σ; 残差,3756.022,38,Mahalanobis 距离=3756.0（阈值=18.5）。主要贡献特征：PC1 (76.1%); PC3 (23.2%)。
1675,2024-04-13 23:29:00,2024-04-13 23:29:00,1.0,停机,IsolationForest; Mahalanobis; 单变量IQR+3σ; 残差,1491.424,38,Mahalanobis 距离=1491.4（阈值=18.5）。主要贡献特征：PC1 (84.4%); PC3 (15.6%)。
1676,2024-04-13 23:31:00,2024-04-13 23:31:00,1.0,待机,IsolationForest; Mahalanobis; 单变量IQR+3σ; 残差,4024.815,38,Mahalanobis 距离=4024.8（阈值=18.5）。主要贡献特征：PC1 (82.9%); PC3 (15.8%); PC4 (1.3%)。
1677,2024-04-13 23:35:00,2024-04-13 23:35:00,1.0,待机,IsolationForest; Mahalanobis; 单变量IQR+3σ; 残差,3854.105,38,Mahalanobis 距离=3854.1（阈值=18.5）。主要贡献特征：PC1 (82.0%); PC3 (16.1%); PC4 (1.9%)。
1678,2024-04-13 23:45:00,2024-04-13 23:51:00,7.0,待机,IsolationForest; Mahalanobis; 单变量IQR+3σ; 残差,5131.843,266,Mahalanobis 距离=5131.8（阈值=18.5）。主要贡献特征：PC1 (94.9%); PC4 (5.1%)。
1679,2024-04-14 00:00:00,2024-04-14 00:01:00,2.0,待机,IsolationForest; Mahalanobis; 单变量IQR+3σ; 残差,3733.09,76,Mahalanobis 距离=3733.1（阈值=18.5）。主要贡献特征：PC1 (83.5%); PC4 (8.5%); PC3 (8.0%)。
1680,2024-04-14 00:05:00,2024-04-14 00:11:00,7.0,待机,IsolationForest; Mahalanobis; 单变量IQR+3σ; 残差,2912.238,266,Mahalanobis 距离=2912.2（阈值=18.5）。主要贡献特征：PC1 (77.0%); PC4 (12.0%); PC3 (11.0%)。
1681,2024-04-14 00:13:00,2024-04-14 00:24:00,12.0,待机,IsolationForest; Mahalanobis; 单变量IQR+3σ; 残差,3546.439,456,Mahalanobis 距离=3546.4（阈值=18.5）。主要贡献特征：PC1 (79.2%); PC4 (11.7%); PC3 (9.1%)。
1682,2024-04-14 00:26:00,2024-04-14 00:28:00,3.0,停机,IsolationForest; Mahalanobis; 单变量IQR+3σ; 残差,1335.292,114,Mahalanobis 距离=1335.3（阈值=18.5）。主要贡献特征：PC1 (90.4%); PC3 (6.1%); PC4 (3.5%)。
1683,2024-04-14 00:32:00,2024-04-14 00:33:00,2.0,待机,IsolationForest; Mahalanobis; 单变量IQR+3σ; 残差,6460.15,76,Mahalanobis 距离=6460.2（阈值=18.5）。主要贡献特征：PC1 (75.6%); PC3 (13.5%); PC4 (10.8%)。
1684,2024-04-14 00:36:00,2024-04-14 00:36:00,1.0,重载牵引,IsolationForest; Mahalanobis; 单变量IQR+3σ; 残差,5.243,38,残差异常：采煤机_油泵_右电机_电流 偏高（残差 Z-score=5.2，实际=52.0 vs 预测=17.2）
1685,2024-04-14 00:47:00,2024-04-14 00:47:00,1.0,重载牵引,IsolationForest; Mahalanobis; 单变量IQR+3σ; 残差,6.625,38,正常
1686,2024-04-14 00:51:00,2024-04-14 01:01:00,11.0,停机,IsolationForest; Mahalanobis; 单变量IQR+3σ; 残差,2895.711,418,Mahalanobis 距离=2895.7（阈值=18.5）。主要贡献特征：PC1 (92.6%); PC3 (6.7%)。
1687,2024-04-14 01:09:00,2024-04-14 01:12:00,4.0,待机,IsolationForest; Mahalanobis; 单变量IQR+3σ; 残差,6645.414,152,Mahalanobis 距离=6645.4（阈值=18.5）。主要贡献特征：PC1 (95.8%); PC3 (2.7%); PC4 (1.5%)。
1688,2024-04-14 01:16:00,2024-04-14 01:16:00,1.0,待机,IsolationForest; Mahalanobis; 单变量IQR+3σ; 残差,7715.422,38,Mahalanobis 距离=7715.4（阈值=18.5）。主要贡献特征：PC1 (92.6%); PC3 (7.3%)。
1689,2024-04-14 01:21:00,2024-04-14 01:25:00,5.0,停机,IsolationForest; Mahalanobis; 单变量IQR+3σ; 残差,3897.906,190,Mahalanobis 距离=3897.9（阈值=18.5）。主要贡献特征：PC1 (84.6%); PC3 (13.7%); PC4 (1.6%)。
1690,2024-04-14 01:28:00,2024-04-14 01:29:00,2.0,停机,IsolationForest; Mahalanobis; 单变量IQR+3σ; 残差,3043.112,76,Mahalanobis 距离=3043.1（阈值=18.5）。主要贡献特征：PC1 (97.4%); PC4 (2.5%)。
1691,2024-04-14 01:41:00,2024-04-14 01:41:00,1.0,重载牵引,IsolationForest; Mahalanobis; 单变量IQR+3σ; 残差,4.104,38,正常
1692,2024-04-14 01:52:00,2024-04-14 01:52:00,1.0,重载牵引,IsolationForest; Mahalanobis; 单变量IQR+3σ; 残差,4.671,38,残差异常：采煤机_油泵_右电机_电流 偏高（残差 Z-score=4.7，实际=48.0 vs 预测=17.0）
1693,2024-04-14 01:57:00,2024-04-14 01:58:00,2.0,停机,IsolationForest; Mahalanobis; 单变量IQR+3σ; 残差,1543.495,76,Mahalanobis 距离=1543.5（阈值=18.5）。主要贡献特征：PC1 (77.9%); PC3 (20.1%); PC4 (2.0%)。
1694,2024-04-14 02:00:00,2024-04-14 02:03:00,4.0,重载牵引,IsolationForest; Mahalanobis; 单变量IQR+3σ; 残差,10.993,152,正常
1695,2024-04-14 02:05:00,2024-04-14 02:06:00,2.0,待机,IsolationForest; Mahalanobis; 单变量IQR+3σ; 残差,3862.639,76,Mahalanobis 距离=3862.6（阈值=18.5）。主要贡献特征：PC1 (78.7%); PC3 (21.2%)。
1696,2024-04-14 02:11:00,2024-04-14 02:11:00,1.0,重载牵引,IsolationForest; Mahalanobis; 单变量IQR+3σ; 残差,6.774,38,正常
1697,2024-04-14 02:13:00,2024-04-14 02:13:00,1.0,重载牵引,IsolationForest; Mahalanobis; 单变量IQR+3σ; 残差,4.594,38,正常
1698,2024-04-14 02:15:00,2024-04-14 02:15:00,1.0,重载牵引,IsolationForest; Mahalanobis; 单变量IQR+3σ; 残差,5.786,38,残差异常：采煤机_油泵_右电机_电流 偏高（残差 Z-score=5.8，实际=55.0 vs 预测=16.6）
1699,2024-04-14 02:22:00,2024-04-14 02:24:00,3.0,重载牵引,IsolationForest; Mahalanobis; 单变量IQR+3σ; 残差,4.279,114,残差异常：采煤机_油泵_右电机_电流 偏高（残差 Z-score=4.3，实际=45.0 vs 预测=16.6）
1700,2024-04-14 02:26:00,2024-04-14 02:47:00,22.0,待机,IsolationForest; Mahalanobis; 单变量IQR+3σ; 残差,4225.247,836,Mahalanobis 距离=4225.2（阈值=18.5）。主要贡献特征：PC1 (86.3%); PC4 (12.5%); PC3 (1.2%)。
1701,2024-04-14 03:07:00,2024-04-14 03:10:00,4.0,停机,IsolationForest; Mahalanobis; 单变量IQR+3σ; 残差,1502.026,152,Mahalanobis 距离=1502.0（阈值=18.5）。主要贡献特征：PC1 (94.1%); PC3 (3.4%); PC4 (2.5%)。
1702,2024-04-14 03:15:00,2024-04-14 03:15:00,1.0,重载牵引,IsolationForest; Mahalanobis; 单变量IQR+3σ; 残差,4.447,38,正常
1703,2024-04-14 03:27:00,2024-04-14 03:27:00,1.0,重载牵引,IsolationForest; Mahalanobis; 单变量IQR+3σ; 残差,3.443,38,正常
1704,2024-04-14 03:32:00,2024-04-14 03:32:00,1.0,停机,IsolationForest; Mahalanobis; 单变量IQR+3σ; 残差,2522.442,38,Mahalanobis 距离=2522.4（阈值=18.5）。主要贡献特征：PC1 (99.3%)。
1705,2024-04-14 03:34:00,2024-04-14 03:52:00,19.0,停机,IsolationForest; Mahalanobis; 单变量IQR+3σ; 残差,4157.388,722,Mahalanobis 距离=4157.4（阈值=18.5）。主要贡献特征：PC1 (79.2%); PC3 (18.9%); PC4 (1.9%)。
1706,2024-04-14 03:54:00,2024-04-14 03:55:00,2.0,重载牵引,IsolationForest; Mahalanobis; 单变量IQR+3σ; 残差,7.262,76,残差异常：采煤机_油泵_右电机_电流 偏高（残差 Z-score=7.3，实际=65.0 vs 预测=16.8）
1707,2024-04-14 03:57:00,2024-04-14 03:57:00,1.0,重载牵引,IsolationForest; Mahalanobis; 单变量IQR+3σ; 残差,4.104,38,正常
1708,2024-04-14 04:07:00,2024-04-14 04:07:00,1.0,重载牵引,IsolationForest; Mahalanobis; 单变量IQR+3σ; 残差,4.098,38,残差异常：采煤机_油泵_右电机_电流 偏高（残差 Z-score=4.1，实际=44.0 vs 预测=16.8）
1709,2024-04-14 04:09:00,2024-04-14 04:10:00,2.0,重载牵引,IsolationForest; Mahalanobis; 单变量IQR+3σ; 残差,4.172,76,正常
1710,2024-04-14 04:13:00,2024-04-14 04:16:00,4.0,停机,IsolationForest; Mahalanobis; 单变量IQR+3σ; 残差,1559.061,152,Mahalanobis 距离=1559.1（阈值=18.5）。主要贡献特征：PC1 (77.4%); PC3 (21.0%); PC4 (1.6%)。
1711,2024-04-14 04:22:00,2024-04-14 04:22:00,1.0,待机,IsolationForest; Mahalanobis; 单变量IQR+3σ; 残差,3547.299,38,Mahalanobis 距离=3547.3（阈值=18.5）。主要贡献特征：PC1 (70.5%); PC3 (29.4%)。
1712,2024-04-14 04:31:00,2024-04-14 04:35:00,5.0,停机,IsolationForest; Mahalanobis; 单变量IQR+3σ; 残差,1136.928,190,Mahalanobis 距离=1136.9（阈值=18.5）。主要贡献特征：PC1 (81.1%); PC3 (18.6%)。
1713,2024-04-14 04:37:00,2024-04-14 04:40:00,4.0,待机,IsolationForest; Mahalanobis; 单变量IQR+3σ; 残差,3434.689,152,Mahalanobis 距离=3434.7（阈值=18.5）。主要贡献特征：PC1 (79.4%); PC3 (15.5%); PC4 (5.2%)。
1714,2024-04-14 04:44:00,2024-04-14 05:04:00,21.0,待机,IsolationForest; Mahalanobis; 单变量IQR+3σ; 残差,3960.734,798,Mahalanobis 距离=3960.7（阈值=18.5）。主要贡献特征：PC1 (87.0%); PC3 (6.7%); PC4 (6.4%)。
1715,2024-04-14 05:12:00,2024-04-14 05:12:00,1.0,待机,IsolationForest; Mahalanobis; 单变量IQR+3σ; 残差,4377.063,38,Mahalanobis 距离=4377.1（阈值=18.5）。主要贡献特征：PC1 (87.5%); PC4 (12.5%)。
1716,2024-04-14 05:14:00,2024-04-14 05:14:00,1.0,重载牵引,IsolationForest; Mahalanobis; 单变量IQR+3σ; 残差,4.219,38,残差异常：采煤机_油泵_右电机_电流 偏高（残差 Z-score=4.2，实际=45.0 vs 预测=17.0）
1717,2024-04-14 05:20:00,2024-04-14 05:28:00,9.0,停机,IsolationForest; Mahalanobis; 单变量IQR+3σ; 残差,1855.85,342,Mahalanobis 距离=1855.8（阈值=18.5）。主要贡献特征：PC1 (96.1%); PC4 (3.8%)。
1718,2024-04-14 05:33:00,2024-04-14 05:34:00,2.0,重载牵引,IsolationForest; Mahalanobis; 单变量IQR+3σ; 残差,35.526,76,Mahalanobis 距离=35.5（阈值=18.5）。主要贡献特征：PC1 (99.0%)。
1719,2024-04-14 05:39:00,2024-04-14 05:39:00,1.0,重载牵引,IsolationForest; Mahalanobis; 单变量IQR+3σ; 残差,4.011,38,残差异常：采煤机_截割部位_右滚筒_电机_电流 偏高（残差 Z-score=4.0，实际=232.0 vs 预测=83.6）
1720,2024-04-14 05:44:00,2024-04-14 05:44:00,1.0,停机,IsolationForest; Mahalanobis; 单变量IQR+3σ; 残差,2350.168,38,Mahalanobis 距离=2350.2（阈值=18.5）。主要贡献特征：PC1 (97.7%); PC3 (1.8%)。
1721,2024-04-14 05:54:00,2024-04-14 05:58:00,5.0,停机,IsolationForest; Mahalanobis; 单变量IQR+3σ; 残差,4102.7,190,Mahalanobis 距离=4102.7（阈值=18.5）。主要贡献特征：PC1 (73.5%); PC3 (26.2%)。
1722,2024-04-14 06:06:00,2024-04-14 06:06:00,1.0,停机,IsolationForest; Mahalanobis; 单变量IQR+3σ; 残差,2515.447,38,Mahalanobis 距离=2515.4（阈值=18.5）。主要贡献特征：PC1 (97.0%); PC4 (1.9%); PC3 (1.1%)。
1723,2024-04-14 06:11:00,2024-04-14 06:11:00,1.0,重载牵引,IsolationForest; Mahalanobis; 单变量IQR+3σ; 残差,5.291,38,正常
1724,2024-04-14 06:14:00,2024-04-14 06:14:00,1.0,重载牵引,IsolationForest; Mahalanobis; 单变量IQR+3σ; 残差,5.068,38,正常
1725,2024-04-14 06:19:00,2024-04-14 06:19:00,1.0,重载牵引,IsolationForest; Mahalanobis; 单变量IQR+3σ; 残差,5.062,38,残差异常：采煤机_油泵_右电机_电流 偏高（残差 Z-score=5.1，实际=50.0 vs 预测=16.4）
1726,2024-04-14 06:25:00,2024-04-14 06:25:00,1.0,重载牵引,IsolationForest; Mahalanobis; 单变量IQR+3σ; 残差,3.269,38,残差异常：采煤机_油泵_左电机_电流 偏高（残差 Z-score=3.3，实际=40.0 vs 预测=16.2）
1727,2024-04-14 06:31:00,2024-04-14 06:34:00,4.0,停机,IsolationForest; Mahalanobis; 单变量IQR+3σ; 残差,973.467,152,Mahalanobis 距离=973.5（阈值=18.5）。主要贡献特征：PC1 (59.7%); PC3 (37.6%); PC4 (2.7%)。
1728,2024-04-14 06:42:00,2024-04-14 06:42:00,1.0,重载牵引,IsolationForest; Mahalanobis; 单变量IQR+3σ; 残差,4.919,38,残差异常：采煤机_截割部位_左滚筒_电机_电流 偏高（残差 Z-score=4.9，实际=279.0 vs 预测=80.8）
1729,2024-04-14 06:50:00,2024-04-14 06:58:00,9.0,重载牵引,IsolationForest; Mahalanobis; 单变量IQR+3σ; 残差,6.364,342,正常
1730,2024-04-14 07:03:00,2024-04-14 07:04:00,2.0,重载牵引,IsolationForest; Mahalanobis; 单变量IQR+3σ; 残差,5.322,76,正常
1731,2024-04-14 07:07:00,2024-04-14 07:08:00,2.0,待机,IsolationForest; Mahalanobis; 单变量IQR+3σ; 残差,3766.154,76,Mahalanobis 距离=3766.2（阈值=18.5）。主要贡献特征：PC1 (84.9%); PC4 (7.7%); PC3 (7.4%)。
1732,2024-04-14 07:12:00,2024-04-14 07:14:00,3.0,重载牵引,IsolationForest; Mahalanobis; 单变量IQR+3σ; 残差,2.235,114,正常
1733,2024-04-14 07:19:00,2024-04-14 07:25:00,7.0,停机,IsolationForest; Mahalanobis; 单变量IQR+3σ; 残差,2068.481,266,Mahalanobis 距离=2068.5（阈值=18.5）。主要贡献特征：PC1 (94.9%); PC4 (4.0%); PC3 (1.1%)。
1734,2024-04-14 07:27:00,2024-04-14 07:27:00,1.0,重载牵引,IsolationForest; Mahalanobis; 单变量IQR+3σ; 残差,5.575,38,残差异常：采煤机_油泵_右电机_电流 偏高（残差 Z-score=5.6，实际=54.0 vs 预测=17.0）
1735,2024-04-14 07:31:00,2024-04-14 07:31:00,1.0,重载牵引,IsolationForest; Mahalanobis; 单变量IQR+3σ; 残差,5.54,38,残差异常：采煤机_截割部位_右滚筒_电机_电流 偏高（残差 Z-score=5.5，实际=287.0 vs 预测=82.0）
1736,2024-04-14 07:38:00,2024-04-14 07:47:00,10.0,待机,IsolationForest; Mahalanobis; 单变量IQR+3σ; 残差,4100.058,380,Mahalanobis 距离=4100.1（阈值=18.5）。主要贡献特征：PC1 (88.2%); PC4 (9.7%); PC3 (2.1%)。
1737,2024-04-14 07:49:00,2024-04-14 07:49:00,1.0,重载牵引,IsolationForest; Mahalanobis; 单变量IQR+3σ; 残差,6.922,38,正常
1738,2024-04-14 07:52:00,2024-04-14 07:52:00,1.0,重载牵引,IsolationForest; Mahalanobis; 单变量IQR+3σ; 残差,5.178,38,残差异常：采煤机_截割部位_右滚筒_电机_电流 偏高（残差 Z-score=5.2，实际=258.0 vs 预测=66.4）
1739,2024-04-14 07:55:00,2024-04-14 07:55:00,1.0,停机,IsolationForest; Mahalanobis; 单变量IQR+3σ; 残差,2581.823,38,Mahalanobis 距离=2581.8（阈值=18.5）。主要贡献特征：PC1 (95.4%); PC3 (3.9%)。
1740,2024-04-14 07:58:00,2024-04-14 07:59:00,2.0,停机,IsolationForest; Mahalanobis; 单变量IQR+3σ; 残差,1223.727,76,Mahalanobis 距离=1223.7（阈值=18.5）。主要贡献特征：PC1 (89.8%); PC3 (9.6%)。
1741,2024-04-14 08:02:00,2024-04-14 08:04:00,3.0,待机,IsolationForest; Mahalanobis; 单变量IQR+3σ; 残差,3630.357,114,Mahalanobis 距离=3630.4（阈值=18.5）。主要贡献特征：PC1 (92.7%); PC4 (5.5%); PC3 (1.8%)。
1742,2024-04-14 08:09:00,2024-04-14 08:09:00,1.0,重载牵引,IsolationForest; Mahalanobis; 单变量IQR+3σ; 残差,4.185,38,正常
1743,2024-04-14 08:13:00,2024-04-14 08:13:00,1.0,待机,IsolationForest; Mahalanobis; 单变量IQR+3σ; 残差,9170.47,38,Mahalanobis 距离=9170.5（阈值=18.5）。主要贡献特征：PC1 (77.1%); PC3 (22.8%)。
1744,2024-04-14 08:15:00,2024-04-14 08:18:00,4.0,重载牵引,IsolationForest; Mahalanobis; 单变量IQR+3σ; 残差,5.407,152,正常
1745,2024-04-14 08:26:00,2024-04-14 08:27:00,2.0,停机,IsolationForest; Mahalanobis; 单变量IQR+3σ; 残差,2047.978,76,Mahalanobis 距离=2048.0（阈值=18.5）。主要贡献特征：PC1 (89.7%); PC3 (7.5%); PC4 (2.8%)。
1746,2024-04-14 08:36:00,2024-04-14 08:56:00,21.0,待机,IsolationForest; Mahalanobis; 单变量IQR+3σ; 残差,3937.686,798,Mahalanobis 距离=3937.7（阈值=18.5）。主要贡献特征：PC3 (64.4%); PC1 (35.1%)。
1747,2024-04-14 09:22:00,2024-04-14 09:26:00,5.0,停机,IsolationForest; Mahalanobis; 单变量IQR+3σ; 残差,387.85,190,Mahalanobis 距离=387.9（阈值=18.5）。主要贡献特征：PC3 (49.4%); PC1 (45.4%); PC4 (5.2%)。
1748,2024-04-14 09:58:00,2024-04-14 09:59:00,2.0,待机,IsolationForest; Mahalanobis; 单变量IQR+3σ; 残差,11.851,76,正常
1749,2024-04-14 10:03:00,2024-04-14 10:08:00,6.0,停机,IsolationForest; Mahalanobis; 单变量IQR+3σ; 残差,461.365,228,Mahalanobis 距离=461.4（阈值=18.5）。主要贡献特征：PC1 (48.9%); PC3 (47.4%); PC4 (3.7%)。
1750,2024-04-14 10:35:00,2024-04-14 10:41:00,7.0,待机,IsolationForest; Mahalanobis; 单变量IQR+3σ; 残差,3927.162,266,Mahalanobis 距离=3927.2（阈值=18.5）。主要贡献特征：PC3 (68.6%); PC1 (30.9%)。
1751,2024-04-14 12:42:00,2024-04-17 16:03:00,4522.0,待机,IsolationForest; Mahalanobis; 单变量IQR+3σ; 残差,49986.438,171836,Mahalanobis 距离=49986.4（阈值=18.5）。主要贡献特征：PC3 (98.1%); PC1 (1.6%)。
1752,2024-04-17 16:39:00,2024-04-17 16:46:00,8.0,停机,IsolationForest; Mahalanobis; 单变量IQR+3σ; 残差,1103.711,304,Mahalanobis 距离=1103.7（阈值=18.5）。主要贡献特征：PC1 (92.5%); PC3 (5.0%); PC4 (2.5%)。
1753,2024-04-17 16:49:00,2024-04-17 17:09:00,21.0,待机,IsolationForest; Mahalanobis; 单变量IQR+3σ; 残差,4158.011,798,Mahalanobis 距离=4158.0（阈值=18.5）。主要贡献特征：PC1 (92.0%); PC4 (5.2%); PC3 (2.8%)。
1754,2024-04-17 17:19:00,2024-04-17 17:19:00,1.0,重载牵引,IsolationForest; Mahalanobis; 单变量IQR+3σ; 残差,3.511,38,正常
1755,2024-04-17 17:24:00,2024-04-17 17:25:00,2.0,重载牵引,IsolationForest; Mahalanobis; 单变量IQR+3σ; 残差,4.58,76,残差异常：采煤机_油泵_右电机_电流 偏高（残差 Z-score=4.6，实际=48.0 vs 预测=17.6）
1756,2024-04-17 17:30:00,2024-04-17 17:35:00,6.0,停机,IsolationForest; Mahalanobis; 单变量IQR+3σ; 残差,3550.871,228,Mahalanobis 距离=3550.9（阈值=18.5）。主要贡献特征：PC1 (92.2%); PC3 (5.9%); PC4 (1.9%)。
1757,2024-04-17 17:38:00,2024-04-17 17:42:00,5.0,重载牵引,IsolationForest; Mahalanobis; 单变量IQR+3σ; 残差,6.126,190,正常
1758,2024-04-17 17:44:00,2024-04-17 17:47:00,4.0,待机,IsolationForest; Mahalanobis; 单变量IQR+3σ; 残差,5435.649,152,Mahalanobis 距离=5435.6（阈值=18.5）。主要贡献特征：PC1 (85.6%); PC3 (11.5%); PC4 (2.8%)。
1759,2024-04-17 17:49:00,2024-04-17 17:50:00,2.0,待机,IsolationForest; Mahalanobis; 单变量IQR+3σ; 残差,2617.415,76,Mahalanobis 距离=2617.4（阈值=18.5）。主要贡献特征：PC1 (51.4%); PC3 (47.0%); PC4 (1.6%)。
1760,2024-04-17 17:53:00,2024-04-17 17:53:00,1.0,重载牵引,IsolationForest; Mahalanobis; 单变量IQR+3σ; 残差,10.918,38,正常
1761,2024-04-17 18:01:00,2024-04-17 18:01:00,1.0,待机,IsolationForest; Mahalanobis; 单变量IQR+3σ; 残差,3753.892,38,Mahalanobis 距离=3753.9（阈值=18.5）。主要贡献特征：PC1 (63.8%); PC3 (35.6%)。
1762,2024-04-17 18:07:00,2024-04-17 18:07:00,1.0,重载牵引,IsolationForest; Mahalanobis; 单变量IQR+3σ; 残差,3.104,38,残差异常：采煤机_油泵_右电机_电流 偏高（残差 Z-score=3.1，实际=38.0 vs 预测=17.4）
1763,2024-04-17 18:15:00,2024-04-17 18:15:00,1.0,重载牵引,IsolationForest; Mahalanobis; 单变量IQR+3σ; 残差,3.349,38,正常
1764,2024-04-17 18:18:00,2024-04-17 18:18:00,1.0,待机,IsolationForest; Mahalanobis; 单变量IQR+3σ; 残差,4491.655,38,Mahalanobis 距离=4491.7（阈值=18.5）。主要贡献特征：PC1 (93.1%); PC3 (5.3%); PC4 (1.6%)。
1765,2024-04-17 18:20:00,2024-04-17 18:20:00,1.0,重载牵引,IsolationForest; Mahalanobis; 单变量IQR+3σ; 残差,5.454,38,残差异常：采煤机_油泵_右电机_电流 偏高（残差 Z-score=5.5，实际=54.0 vs 预测=17.8）
1766,2024-04-17 18:24:00,2024-04-17 18:25:00,2.0,待机,IsolationForest; Mahalanobis; 单变量IQR+3σ; 残差,3745.342,76,Mahalanobis 距离=3745.3（阈值=18.5）。主要贡献特征：PC1 (84.7%); PC3 (11.1%); PC4 (4.1%)。
1767,2024-04-17 18:38:00,2024-04-17 18:40:00,3.0,待机,IsolationForest; Mahalanobis; 单变量IQR+3σ; 残差,3626.606,114,Mahalanobis 距离=3626.6（阈值=18.5）。主要贡献特征：PC1 (83.0%); PC4 (12.3%); PC3 (4.6%)。
1768,2024-04-17 18:42:00,2024-04-17 18:42:00,1.0,停机,IsolationForest; Mahalanobis; 单变量IQR+3σ; 残差,1604.068,38,Mahalanobis 距离=1604.1（阈值=18.5）。主要贡献特征：PC1 (95.1%); PC4 (3.7%); PC3 (1.2%)。
1769,2024-04-17 18:44:00,2024-04-17 18:46:00,3.0,停机,IsolationForest; Mahalanobis; 单变量IQR+3σ; 残差,1638.959,114,Mahalanobis 距离=1639.0（阈值=18.5）。主要贡献特征：PC1 (95.7%); PC4 (3.9%)。
1770,2024-04-17 18:51:00,2024-04-17 18:51:00,1.0,停机,IsolationForest; Mahalanobis; 单变量IQR+3σ; 残差,1461.183,38,Mahalanobis 距离=1461.2（阈值=18.5）。主要贡献特征：PC1 (92.4%); PC3 (5.2%); PC4 (2.4%)。
1771,2024-04-17 18:53:00,2024-04-17 19:07:00,15.0,待机,IsolationForest; Mahalanobis; 单变量IQR+3σ; 残差,4076.066,570,Mahalanobis 距离=4076.1（阈值=18.5）。主要贡献特征：PC1 (86.3%); PC4 (9.9%); PC3 (3.8%)。
1772,2024-04-17 19:10:00,2024-04-17 19:11:00,2.0,待机,IsolationForest; Mahalanobis; 单变量IQR+3σ; 残差,6449.865,76,Mahalanobis 距离=6449.9（阈值=18.5）。主要贡献特征：PC1 (79.0%); PC3 (11.1%); PC4 (9.9%)。
1773,2024-04-17 19:13:00,2024-04-17 19:18:00,6.0,停机,IsolationForest; Mahalanobis; 单变量IQR+3σ; 残差,1481.47,228,Mahalanobis 距离=1481.5（阈值=18.5）。主要贡献特征：PC1 (92.2%); PC3 (5.1%); PC4 (2.7%)。
1774,2024-04-17 20:20:00,2024-04-17 20:26:00,7.0,待机,IsolationForest; Mahalanobis; 单变量IQR+3σ; 残差,3772.354,266,Mahalanobis 距离=3772.4（阈值=18.5）。主要贡献特征：PC1 (81.9%); PC4 (11.9%); PC3 (6.2%)。
1775,2024-04-17 20:28:00,2024-04-17 20:37:00,10.0,待机,IsolationForest; Mahalanobis; 单变量IQR+3σ; 残差,7058.295,380,Mahalanobis 距离=7058.3（阈值=18.5）。主要贡献特征：PC1 (70.0%); PC3 (19.6%); PC4 (10.4%)。
1776,2024-04-17 20:40:00,2024-04-17 20:40:00,1.0,停机,IsolationForest; Mahalanobis; 单变量IQR+3σ; 残差,1272.067,38,Mahalanobis 距离=1272.1（阈值=18.5）。主要贡献特征：PC1 (88.9%); PC3 (7.9%); PC4 (3.2%)。
1777,2024-04-17 20:43:00,2024-04-17 20:45:00,3.0,停机,IsolationForest; Mahalanobis; 单变量IQR+3σ; 残差,1501.104,114,Mahalanobis 距离=1501.1（阈值=18.5）。主要贡献特征：PC1 (92.7%); PC3 (4.0%); PC4 (3.3%)。
1778,2024-04-17 20:47:00,2024-04-17 21:01:00,15.0,停机,IsolationForest; Mahalanobis; 单变量IQR+3σ; 残差,2047.63,570,Mahalanobis 距离=2047.6（阈值=18.5）。主要贡献特征：PC1 (96.5%); PC4 (3.5%)。
1779,2024-04-17 21:44:00,2024-04-17 21:47:00,4.0,停机,IsolationForest; Mahalanobis; 单变量IQR+3σ; 残差,1396.331,152,Mahalanobis 距离=1396.3（阈值=18.5）。主要贡献特征：PC1 (92.4%); PC4 (3.9%); PC3 (3.7%)。
1780,2024-04-17 21:49:00,2024-04-17 21:50:00,2.0,待机,IsolationForest; Mahalanobis; 单变量IQR+3σ; 残差,4620.529,76,Mahalanobis 距离=4620.5（阈值=18.5）。主要贡献特征：PC1 (86.7%); PC4 (13.3%)。
1781,2024-04-17 21:52:00,2024-04-17 21:52:00,1.0,停机,IsolationForest; Mahalanobis; 单变量IQR+3σ; 残差,1636.256,38,Mahalanobis 距离=1636.3（阈值=18.5）。主要贡献特征：PC1 (95.3%); PC4 (4.2%)。
1782,2024-04-17 21:55:00,2024-04-17 21:57:00,3.0,停机,IsolationForest; Mahalanobis; 单变量IQR+3σ; 残差,1629.873,114,Mahalanobis 距离=1629.9（阈值=18.5）。主要贡献特征：PC1 (95.4%); PC4 (4.4%)。
1783,2024-04-17 22:03:00,2024-04-17 22:10:00,8.0,停机,IsolationForest; Mahalanobis; 单变量IQR+3σ; 残差,10584.859,304,Mahalanobis 距离=10584.9（阈值=18.5）。主要贡献特征：PC3 (90.8%); PC1 (9.1%)。
1784,2024-04-17 22:29:00,2024-04-17 23:24:00,56.0,待机,IsolationForest; Mahalanobis; 单变量IQR+3σ; 残差,4101.375,2128,Mahalanobis 距离=4101.4（阈值=18.5）。主要贡献特征：PC1 (85.1%); PC4 (13.0%); PC3 (1.9%)。
1785,2024-04-17 23:26:00,2024-04-17 23:30:00,5.0,停机,IsolationForest; Mahalanobis; 单变量IQR+3σ; 残差,1105.171,190,Mahalanobis 距离=1105.2（阈值=18.5）。主要贡献特征：PC1 (87.1%); PC3 (9.2%); PC4 (3.7%)。
1786,2024-04-17 23:39:00,2024-04-18 00:07:00,29.0,待机,IsolationForest; Mahalanobis; 单变量IQR+3σ; 残差,18790.12,1102,Mahalanobis 距离=18790.1（阈值=18.5）。主要贡献特征：PC3 (81.9%); PC1 (16.8%); PC4 (1.3%)。
1787,2024-04-18 00:15:00,2024-04-18 00:17:00,3.0,待机,IsolationForest; Mahalanobis; 单变量IQR+3σ; 残差,4715.099,114,Mahalanobis 距离=4715.1（阈值=18.5）。主要贡献特征：PC1 (93.5%); PC4 (6.1%)。
1788,2024-04-18 00:23:00,2024-04-18 00:23:00,1.0,待机,IsolationForest; Mahalanobis; 单变量IQR+3σ; 残差,3821.91,38,Mahalanobis 距离=3821.9（阈值=18.5）。主要贡献特征：PC1 (85.2%); PC3 (10.6%); PC4 (4.2%)。
1789,2024-04-18 01:00:00,2024-04-18 01:00:00,1.0,重载牵引,IsolationForest; Mahalanobis; 单变量IQR+3σ; 残差,6.177,38,残差异常：采煤机_油泵_右电机_电流 偏高（残差 Z-score=6.2，实际=58.0 vs 预测=17.0）
1790,2024-04-18 01:05:00,2024-04-18 01:05:00,1.0,待机,IsolationForest; Mahalanobis; 单变量IQR+3σ; 残差,4121.526,38,Mahalanobis 距离=4121.5（阈值=18.5）。主要贡献特征：PC1 (70.3%); PC3 (28.3%); PC4 (1.4%)。
1791,2024-04-18 01:17:00,2024-04-18 01:17:00,1.0,重载牵引,IsolationForest; Mahalanobis; 单变量IQR+3σ; 残差,4.972,38,残差异常：采煤机_油泵_右电机_电流 偏高（残差 Z-score=5.0，实际=50.0 vs 预测=17.0）
1792,2024-04-18 01:19:00,2024-04-18 01:20:00,2.0,重载牵引,IsolationForest; Mahalanobis; 单变量IQR+3σ; 残差,3.758,76,残差异常：采煤机_截割部位_左滚筒_电机_电流 偏高（残差 Z-score=3.8，实际=236.0 vs 预测=84.6）
1793,2024-04-18 01:35:00,2024-04-18 01:37:00,3.0,待机,IsolationForest; Mahalanobis; 单变量IQR+3σ; 残差,4556.989,114,Mahalanobis 距离=4557.0（阈值=18.5）。主要贡献特征：PC1 (93.0%); PC3 (6.1%)。
1794,2024-04-18 01:39:00,2024-04-18 01:43:00,5.0,停机,IsolationForest; Mahalanobis; 单变量IQR+3σ; 残差,1431.329,190,Mahalanobis 距离=1431.3（阈值=18.5）。主要贡献特征：PC1 (83.6%); PC3 (16.3%)。
1795,2024-04-18 01:45:00,2024-04-18 01:46:00,2.0,重载牵引,IsolationForest; Mahalanobis; 单变量IQR+3σ; 残差,35.047,76,Mahalanobis 距离=35.0（阈值=18.5）。主要贡献特征：PC1 (99.8%)。
1796,2024-04-18 01:48:00,2024-04-18 01:48:00,1.0,待机,IsolationForest; Mahalanobis; 单变量IQR+3σ; 残差,3304.317,38,Mahalanobis 距离=3304.3（阈值=18.5）。主要贡献特征：PC1 (80.7%); PC3 (16.6%); PC4 (2.8%)。
1797,2024-04-18 01:53:00,2024-04-18 02:01:00,9.0,待机,IsolationForest; Mahalanobis; 单变量IQR+3σ; 残差,3782.064,342,Mahalanobis 距离=3782.1（阈值=18.5）。主要贡献特征：PC1 (84.0%); PC3 (12.5%); PC4 (3.4%)。
1798,2024-04-18 02:12:00,2024-04-18 02:13:00,2.0,停机,IsolationForest; Mahalanobis; 单变量IQR+3σ; 残差,1086.437,76,Mahalanobis 距离=1086.4（阈值=18.5）。主要贡献特征：PC1 (93.3%); PC3 (5.8%)。
1799,2024-04-18 02:17:00,2024-04-18 02:17:00,1.0,重载牵引,IsolationForest; Mahalanobis; 单变量IQR+3σ; 残差,6.027,38,残差异常：采煤机_油泵_右电机_电流 偏高（残差 Z-score=6.0，实际=57.0 vs 预测=17.0）
1800,2024-04-18 02:19:00,2024-04-18 02:19:00,1.0,重载牵引,IsolationForest; Mahalanobis; 单变量IQR+3σ; 残差,7.365,38,正常
1801,2024-04-18 02:23:00,2024-04-18 02:24:00,2.0,待机,IsolationForest; Mahalanobis; 单变量IQR+3σ; 残差,3674.966,76,Mahalanobis 距离=3675.0（阈值=18.5）。主要贡献特征：PC1 (83.1%); PC3 (9.0%); PC4 (7.8%)。
1802,2024-04-18 02:32:00,2024-04-18 02:32:00,1.0,停机,IsolationForest; Mahalanobis; 单变量IQR+3σ; 残差,1302.878,38,Mahalanobis 距离=1302.9（阈值=18.5）。主要贡献特征：PC1 (88.9%); PC3 (9.0%); PC4 (2.1%)。
1803,2024-04-18 02:37:00,2024-04-18 02:37:00,1.0,重载牵引,IsolationForest; Mahalanobis; 单变量IQR+3σ; 残差,3.384,38,残差异常：采煤机_牵引部位_右电机_电流 偏高（残差 Z-score=3.4，实际=204.0 vs 预测=101.6）
1804,2024-04-18 02:50:00,2024-04-18 02:50:00,1.0,停机,IsolationForest; Mahalanobis; 单变量IQR+3σ; 残差,1491.101,38,Mahalanobis 距离=1491.1（阈值=18.5）。主要贡献特征：PC1 (92.8%); PC3 (4.8%); PC4 (2.3%)。
1805,2024-04-18 02:53:00,2024-04-18 02:55:00,3.0,待机,IsolationForest; Mahalanobis; 单变量IQR+3σ; 残差,7317.307,114,Mahalanobis 距离=7317.3（阈值=18.5）。主要贡献特征：PC1 (66.2%); PC3 (24.2%); PC4 (9.6%)。
1806,2024-04-18 03:02:00,2024-04-18 03:03:00,2.0,停机,IsolationForest; Mahalanobis; 单变量IQR+3σ; 残差,1374.011,76,Mahalanobis 距离=1374.0（阈值=18.5）。主要贡献特征：PC1 (93.0%); PC3 (4.6%); PC4 (2.4%)。
1807,2024-04-18 03:08:00,2024-04-18 03:08:00,1.0,重载牵引,IsolationForest; Mahalanobis; 单变量IQR+3σ; 残差,3.886,38,残差异常：采煤机_截割部位_右滚筒_电机_电流 偏高（残差 Z-score=3.9，实际=217.0 vs 预测=73.2）
1808,2024-04-18 03:16:00,2024-04-18 03:16:00,1.0,重载牵引,IsolationForest; Mahalanobis; 单变量IQR+3σ; 残差,1.283,38,正常
1809,2024-04-18 03:37:00,2024-04-18 03:37:00,1.0,停机,IsolationForest; Mahalanobis; 单变量IQR+3σ; 残差,1712.388,38,Mahalanobis 距离=1712.4（阈值=18.5）。主要贡献特征：PC1 (89.0%); PC3 (10.9%)。
1810,2024-04-18 03:45:00,2024-04-18 03:56:00,12.0,停机,IsolationForest; Mahalanobis; 单变量IQR+3σ; 残差,1264.703,456,Mahalanobis 距离=1264.7（阈值=18.5）。主要贡献特征：PC1 (77.5%); PC3 (22.3%)。
1811,2024-04-18 04:07:00,2024-04-18 04:07:00,1.0,待机,IsolationForest; Mahalanobis; 单变量IQR+3σ; 残差,4097.931,38,Mahalanobis 距离=4097.9（阈值=18.5）。主要贡献特征：PC1 (80.2%); PC3 (19.8%)。
1812,2024-04-18 04:18:00,2024-04-18 04:18:00,1.0,待机,IsolationForest; Mahalanobis; 单变量IQR+3σ; 残差,5943.599,38,Mahalanobis 距离=5943.6（阈值=18.5）。主要贡献特征：PC1 (96.7%); PC3 (2.4%)。
1813,2024-04-18 04:21:00,2024-04-18 04:21:00,1.0,重载牵引,IsolationForest; Mahalanobis; 单变量IQR+3σ; 残差,4.628,38,正常
1814,2024-04-18 04:30:00,2024-04-18 04:30:00,1.0,重载牵引,IsolationForest; Mahalanobis; 单变量IQR+3σ; 残差,5.635,38,残差异常：采煤机_油泵_右电机_电流 偏高（残差 Z-score=5.6，实际=54.0 vs 预测=16.6）
1815,2024-04-18 04:42:00,2024-04-18 04:43:00,2.0,重载牵引,IsolationForest; Mahalanobis; 单变量IQR+3σ; 残差,3.976,76,残差异常：采煤机_截割部位_左滚筒_电机_电流 偏高（残差 Z-score=4.0，实际=248.0 vs 预测=87.8）
1816,2024-04-18 04:45:00,2024-04-18 04:45:00,1.0,停机,IsolationForest; Mahalanobis; 单变量IQR+3σ; 残差,1361.713,38,Mahalanobis 距离=1361.7（阈值=18.5）。主要贡献特征：PC1 (70.2%); PC3 (27.8%); PC4 (2.0%)。
1817,2024-04-18 04:49:00,2024-04-18 04:49:00,1.0,重载牵引,IsolationForest; Mahalanobis; 单变量IQR+3σ; 残差,3.405,38,残差异常：采煤机_油泵_右电机_电流 偏高（残差 Z-score=3.4，实际=40.0 vs 预测=17.4）
1818,2024-04-18 04:53:00,2024-04-18 04:55:00,3.0,重载牵引,IsolationForest; Mahalanobis; 单变量IQR+3σ; 残差,5.236,114,单变量异常：采煤机_油泵_右电机_电流（z-score=5.2，实际=53.0，均值=18.6±6.6）
1819,2024-04-18 05:09:00,2024-04-18 05:14:00,6.0,停机,IsolationForest; Mahalanobis; 单变量IQR+3σ; 残差,1350.003,228,Mahalanobis 距离=1350.0（阈值=18.5）。主要贡献特征：PC1 (86.2%); PC3 (13.4%)。
1820,2024-04-18 05:16:00,2024-04-18 05:18:00,3.0,停机,IsolationForest; Mahalanobis; 单变量IQR+3σ; 残差,529.351,114,Mahalanobis 距离=529.4（阈值=18.5）。主要贡献特征：PC1 (76.0%); PC3 (22.7%); PC4 (1.4%)。
1821,2024-04-18 05:24:00,2024-04-18 05:25:00,2.0,待机,IsolationForest; Mahalanobis; 单变量IQR+3σ; 残差,3669.9,76,Mahalanobis 距离=3669.9（阈值=18.5）。主要贡献特征：PC1 (83.7%); PC4 (8.9%); PC3 (7.4%)。
1822,2024-04-18 05:28:00,2024-04-18 05:28:00,1.0,重载牵引,IsolationForest; Mahalanobis; 单变量IQR+3σ; 残差,4.252,38,正常
1823,2024-04-18 05:32:00,2024-04-18 05:32:00,1.0,重载牵引,IsolationForest; Mahalanobis; 单变量IQR+3σ; 残差,7.112,38,残差异常：采煤机_油泵_右电机_电流 偏高（残差 Z-score=7.1，实际=64.0 vs 预测=16.8）
1824,2024-04-18 05:37:00,2024-04-18 05:37:00,1.0,待机,IsolationForest; Mahalanobis; 单变量IQR+3σ; 残差,3576.536,38,Mahalanobis 距离=3576.5（阈值=18.5）。主要贡献特征：PC1 (80.4%); PC4 (13.8%); PC3 (5.7%)。
1825,2024-04-18 05:50:00,2024-04-18 05:50:00,1.0,待机,IsolationForest; Mahalanobis; 单变量IQR+3σ; 残差,4375.221,38,Mahalanobis 距离=4375.2（阈值=18.5）。主要贡献特征：PC1 (88.1%); PC4 (11.9%)。
1826,2024-04-18 05:52:00,2024-04-18 05:52:00,1.0,重载牵引,IsolationForest; Mahalanobis; 单变量IQR+3σ; 残差,6.78,38,残差异常：采煤机_油泵_右电机_电流 偏高（残差 Z-score=6.8，实际=62.0 vs 预测=17.0）
1827,2024-04-18 05:57:00,2024-04-18 05:57:00,1.0,待机,IsolationForest; Mahalanobis; 单变量IQR+3σ; 残差,4873.288,38,Mahalanobis 距离=4873.3（阈值=18.5）。主要贡献特征：PC1 (85.8%); PC4 (13.1%); PC3 (1.1%)。
1828,2024-04-18 06:05:00,2024-04-18 06:08:00,4.0,停机,IsolationForest; Mahalanobis; 单变量IQR+3σ; 残差,1598.92,152,Mahalanobis 距离=1598.9（阈值=18.5）。主要贡献特征：PC1 (93.2%); PC3 (5.6%); PC4 (1.2%)。
1829,2024-04-18 06:11:00,2024-04-18 06:11:00,1.0,重载牵引,IsolationForest; Mahalanobis; 单变量IQR+3σ; 残差,3.738,38,正常
1830,2024-04-18 06:22:00,2024-04-18 06:22:00,1.0,待机,IsolationForest; Mahalanobis; 单变量IQR+3σ; 残差,3890.517,38,Mahalanobis 距离=3890.5（阈值=18.5）。主要贡献特征：PC1 (84.2%); PC3 (12.4%); PC4 (3.4%)。
1831,2024-04-18 06:26:00,2024-04-18 06:28:00,3.0,待机,IsolationForest; Mahalanobis; 单变量IQR+3σ; 残差,3688.402,114,Mahalanobis 距离=3688.4（阈值=18.5）。主要贡献特征：PC1 (80.0%); PC3 (17.2%); PC4 (2.8%)。
1832,2024-04-18 06:32:00,2024-04-18 06:32:00,1.0,重载牵引,IsolationForest; Mahalanobis; 单变量IQR+3σ; 残差,2.592,38,正常
1833,2024-04-18 06:38:00,2024-04-18 06:38:00,1.0,重载牵引,IsolationForest; Mahalanobis; 单变量IQR+3σ; 残差,6.181,38,正常
1834,2024-04-18 06:45:00,2024-04-18 06:46:00,2.0,停机,IsolationForest; Mahalanobis; 单变量IQR+3σ; 残差,1505.977,76,Mahalanobis 距离=1506.0（阈值=18.5）。主要贡献特征：PC1 (83.4%); PC3 (16.1%)。
1835,2024-04-18 06:48:00,2024-04-18 06:55:00,8.0,停机,IsolationForest; Mahalanobis; 单变量IQR+3σ; 残差,2376.37,304,Mahalanobis 距离=2376.4（阈值=18.5）。主要贡献特征：PC1 (96.2%); PC3 (2.3%); PC4 (1.5%)。
1836,2024-04-18 06:57:00,2024-04-18 07:01:00,5.0,待机,IsolationForest; Mahalanobis; 单变量IQR+3σ; 残差,5458.297,190,Mahalanobis 距离=5458.3（阈值=18.5）。主要贡献特征：PC1 (99.9%)。
1837,2024-04-18 07:06:00,2024-04-18 07:14:00,9.0,待机,IsolationForest; Mahalanobis; 单变量IQR+3σ; 残差,10231.716,342,Mahalanobis 距离=10231.7（阈值=18.5）。主要贡献特征：PC1 (76.1%); PC3 (22.6%); PC4 (1.2%)。
1838,2024-04-18 07:20:00,2024-04-18 07:25:00,6.0,停机,IsolationForest; Mahalanobis; 单变量IQR+3σ; 残差,1660.246,228,Mahalanobis 距离=1660.2（阈值=18.5）。主要贡献特征：PC1 (74.5%); PC3 (21.6%); PC4 (3.8%)。
1839,2024-04-18 07:45:00,2024-04-18 07:45:00,1.0,重载牵引,IsolationForest; Mahalanobis; 单变量IQR+3σ; 残差,4.52,38,残差异常：采煤机_油泵_右电机_电流 偏高（残差 Z-score=4.5，实际=47.0 vs 预测=17.0）
1840,2024-04-18 08:06:00,2024-04-18 08:14:00,9.0,停机,IsolationForest; Mahalanobis; 单变量IQR+3σ; 残差,1479.106,342,Mahalanobis 距离=1479.1（阈值=18.5）。主要贡献特征：PC1 (88.1%); PC3 (11.6%)。
1841,2024-04-18 08:19:00,2024-04-18 08:21:00,3.0,重载牵引,IsolationForest; Mahalanobis; 单变量IQR+3σ; 残差,34.589,114,Mahalanobis 距离=34.6（阈值=18.5）。主要贡献特征：PC1 (99.2%)。
1842,2024-04-18 08:23:00,2024-04-18 08:23:00,1.0,待机,IsolationForest; Mahalanobis; 单变量IQR+3σ; 残差,4600.132,38,Mahalanobis 距离=4600.1（阈值=18.5）。主要贡献特征：PC1 (93.2%); PC4 (5.9%)。
1843,2024-04-18 08:27:00,2024-04-18 08:27:00,1.0,重载牵引,IsolationForest; Mahalanobis; 单变量IQR+3σ; 残差,6.177,38,残差异常：采煤机_油泵_右电机_电流 偏高（残差 Z-score=6.2，实际=58.0 vs 预测=17.0）
1844,2024-04-18 08:31:00,2024-04-18 08:32:00,2.0,待机,IsolationForest; Mahalanobis; 单变量IQR+3σ; 残差,3781.75,76,Mahalanobis 距离=3781.7（阈值=18.5）。主要贡献特征：PC1 (84.0%); PC4 (10.9%); PC3 (5.1%)。
1845,2024-04-18 08:40:00,2024-04-18 08:40:00,1.0,待机,IsolationForest; Mahalanobis; 单变量IQR+3σ; 残差,5817.496,38,Mahalanobis 距离=5817.5（阈值=18.5）。主要贡献特征：PC1 (82.5%); PC4 (11.2%); PC3 (6.3%)。
1846,2024-04-18 08:42:00,2024-04-18 08:44:00,3.0,待机,IsolationForest; Mahalanobis; 单变量IQR+3σ; 残差,3313.298,114,Mahalanobis 距离=3313.3（阈值=18.5）。主要贡献特征：PC1 (79.6%); PC4 (11.3%); PC3 (9.1%)。
1847,2024-04-18 08:47:00,2024-04-18 08:47:00,1.0,重载牵引,IsolationForest; Mahalanobis; 单变量IQR+3σ; 残差,6.032,38,正常
1848,2024-04-18 08:49:00,2024-04-18 08:52:00,4.0,停机,IsolationForest; Mahalanobis; 单变量IQR+3σ; 残差,1339.722,152,Mahalanobis 距离=1339.7（阈值=18.5）。主要贡献特征：PC1 (90.3%); PC3 (7.7%); PC4 (1.9%)。
1849,2024-04-18 08:55:00,2024-04-18 08:55:00,1.0,待机,IsolationForest; Mahalanobis; 单变量IQR+3σ; 残差,3292.8,38,Mahalanobis 距离=3292.8（阈值=18.5）。主要贡献特征：PC1 (85.0%); PC4 (14.2%)。
1850,2024-04-18 08:58:00,2024-04-18 09:05:00,8.0,停机,IsolationForest; Mahalanobis; 单变量IQR+3σ; 残差,1148.622,304,Mahalanobis 距离=1148.6（阈值=18.5）。主要贡献特征：PC1 (87.4%); PC3 (10.5%); PC4 (2.1%)。
1851,2024-04-18 09:33:00,2024-04-18 09:38:00,6.0,待机,IsolationForest; Mahalanobis; 单变量IQR+3σ; 残差,3652.833,228,Mahalanobis 距离=3652.8（阈值=18.5）。主要贡献特征：PC1 (45.1%); PC3 (44.2%); PC4 (10.7%)。
1852,2024-04-18 14:24:00,2024-04-18 14:31:00,8.0,停机,IsolationForest; Mahalanobis; 单变量IQR+3σ; 残差,591.23,304,Mahalanobis 距离=591.2（阈值=18.5）。主要贡献特征：PC1 (79.0%); PC3 (17.7%); PC4 (3.2%)。
1853,2024-04-18 15:16:00,2024-04-18 15:20:00,5.0,停机,IsolationForest; Mahalanobis; 单变量IQR+3σ; 残差,167.432,190,Mahalanobis 距离=167.4（阈值=18.5）。主要贡献特征：PC1 (56.2%); PC3 (38.6%); PC4 (5.2%)。
1854,2024-04-18 15:31:00,2024-04-18 16:19:00,49.0,待机,IsolationForest; Mahalanobis; 单变量IQR+3σ; 残差,6214.196,1862,Mahalanobis 距离=6214.2（阈值=18.5）。主要贡献特征：PC1 (78.7%); PC4 (11.8%); PC3 (9.5%)。
1855,2024-04-18 16:21:00,2024-04-18 16:21:00,1.0,重载牵引,IsolationForest; Mahalanobis; 单变量IQR+3σ; 残差,5.736,38,正常
1856,2024-04-18 16:23:00,2024-04-18 16:23:00,1.0,停机,IsolationForest; Mahalanobis; 单变量IQR+3σ; 残差,1707.115,38,Mahalanobis 距离=1707.1（阈值=18.5）。主要贡献特征：PC1 (93.9%); PC3 (5.5%)。
1857,2024-04-18 16:26:00,2024-04-18 16:26:00,1.0,待机,IsolationForest; Mahalanobis; 单变量IQR+3σ; 残差,4181.474,38,Mahalanobis 距离=4181.5（阈值=18.5）。主要贡献特征：PC1 (90.4%); PC3 (5.0%); PC4 (4.6%)。
1858,2024-04-18 16:29:00,2024-04-18 16:34:00,6.0,停机,IsolationForest; Mahalanobis; 单变量IQR+3σ; 残差,1353.209,228,Mahalanobis 距离=1353.2（阈值=18.5）。主要贡献特征：PC1 (86.4%); PC3 (13.3%)。
1859,2024-04-18 16:37:00,2024-04-18 16:37:00,1.0,重载牵引,IsolationForest; Mahalanobis; 单变量IQR+3σ; 残差,6.329,38,正常
1860,2024-04-18 16:47:00,2024-04-18 16:47:00,1.0,重载牵引,IsolationForest; Mahalanobis; 单变量IQR+3σ; 残差,4.401,38,正常
1861,2024-04-18 16:54:00,2024-04-18 16:58:00,5.0,重载牵引,IsolationForest; Mahalanobis; 单变量IQR+3σ; 残差,5.846,190,正常
1862,2024-04-18 17:01:00,2024-04-18 17:05:00,5.0,重载牵引,IsolationForest; Mahalanobis; 单变量IQR+3σ; 残差,6.397,190,正常
1863,2024-04-18 17:15:00,2024-04-18 17:16:00,2.0,待机,IsolationForest; Mahalanobis; 单变量IQR+3σ; 残差,3904.735,76,Mahalanobis 距离=3904.7（阈值=18.5）。主要贡献特征：PC1 (61.6%); PC3 (36.6%); PC4 (1.8%)。
1864,2024-04-18 17:18:00,2024-04-18 17:18:00,1.0,重载牵引,IsolationForest; Mahalanobis; 单变量IQR+3σ; 残差,3.604,38,残差异常：采煤机_牵引部位_左电机_电流 偏高（残差 Z-score=3.6，实际=208.0 vs 预测=99.0）
1865,2024-04-18 17:20:00,2024-04-18 17:21:00,2.0,重载牵引,IsolationForest; Mahalanobis; 单变量IQR+3σ; 残差,3.75,76,残差异常：采煤机_牵引部位_左电机_电流 偏高（残差 Z-score=3.7，实际=239.0 vs 预测=125.6）
1866,2024-04-18 17:23:00,2024-04-18 17:24:00,2.0,待机,IsolationForest; Mahalanobis; 单变量IQR+3σ; 残差,3690.534,76,Mahalanobis 距离=3690.5（阈值=18.5）。主要贡献特征：PC1 (55.5%); PC3 (43.3%); PC4 (1.1%)。
1867,2024-04-18 17:26:00,2024-04-18 17:37:00,12.0,待机,IsolationForest; Mahalanobis; 单变量IQR+3σ; 残差,3652.348,456,Mahalanobis 距离=3652.3（阈值=18.5）。主要贡献特征：PC1 (54.9%); PC3 (43.9%); PC4 (1.2%)。
1868,2024-04-18 17:39:00,2024-04-18 17:40:00,2.0,待机,IsolationForest; Mahalanobis; 单变量IQR+3σ; 残差,3980.191,76,Mahalanobis 距离=3980.2（阈值=18.5）。主要贡献特征：PC1 (65.1%); PC3 (33.7%); PC4 (1.1%)。
1869,2024-04-18 17:43:00,2024-04-18 17:43:00,1.0,重载牵引,IsolationForest; Mahalanobis; 单变量IQR+3σ; 残差,4.994,38,正常
1870,2024-04-18 17:45:00,2024-04-18 17:46:00,2.0,待机,IsolationForest; Mahalanobis; 单变量IQR+3σ; 残差,3976.945,76,Mahalanobis 距离=3976.9（阈值=18.5）。主要贡献特征：PC1 (67.3%); PC3 (31.0%); PC4 (1.7%)。
1871,2024-04-18 17:49:00,2024-04-18 17:49:00,1.0,停机,IsolationForest; Mahalanobis; 单变量IQR+3σ; 残差,1049.858,38,Mahalanobis 距离=1049.9（阈值=18.5）。主要贡献特征：PC1 (59.1%); PC3 (37.9%); PC4 (3.1%)。
1872,2024-04-18 17:55:00,2024-04-18 17:55:00,1.0,重载牵引,IsolationForest; Mahalanobis; 单变量IQR+3σ; 残差,5.002,38,残差异常：采煤机_油泵_右电机_电流 偏高（残差 Z-score=5.0，实际=51.0 vs 预测=17.8）
1873,2024-04-18 18:01:00,2024-04-18 18:01:00,1.0,重载牵引,IsolationForest; Mahalanobis; 单变量IQR+3σ; 残差,4.846,38,正常
1874,2024-04-18 18:08:00,2024-04-18 18:08:00,1.0,重载牵引,IsolationForest; Mahalanobis; 单变量IQR+3σ; 残差,5.123,38,残差异常：采煤机_油泵_右电机_电流 偏高（残差 Z-score=5.1，实际=51.0 vs 预测=17.0）
1875,2024-04-18 18:22:00,2024-04-18 18:22:00,1.0,重载牵引,IsolationForest; Mahalanobis; 单变量IQR+3σ; 残差,5.816,38,残差异常：采煤机_油泵_右电机_电流 偏高（残差 Z-score=5.8，实际=56.0 vs 预测=17.4）
1876,2024-04-18 18:44:00,2024-04-18 19:10:00,27.0,待机,IsolationForest; Mahalanobis; 单变量IQR+3σ; 残差,3126.65,1026,Mahalanobis 距离=3126.6（阈值=18.5）。主要贡献特征：PC1 (80.6%); PC4 (14.7%); PC3 (4.6%)。
1877,2024-04-18 19:13:00,2024-04-18 19:13:00,1.0,重载牵引,IsolationForest; Mahalanobis; 单变量IQR+3σ; 残差,4.49,38,残差异常：采煤机_油泵_右电机_电流 偏高（残差 Z-score=4.5，实际=47.0 vs 预测=17.2）
1878,2024-04-18 19:20:00,2024-04-18 19:20:00,1.0,停机,IsolationForest; Mahalanobis; 单变量IQR+3σ; 残差,1532.588,38,Mahalanobis 距离=1532.6（阈值=18.5）。主要贡献特征：PC1 (92.9%); PC3 (4.4%); PC4 (2.7%)。
1879,2024-04-18 19:24:00,2024-04-18 19:25:00,2.0,重载牵引,IsolationForest; Mahalanobis; 单变量IQR+3σ; 残差,5.153,76,残差异常：采煤机_油泵_右电机_电流 偏高（残差 Z-score=5.2，实际=52.0 vs 预测=17.8）
1880,2024-04-18 19:39:00,2024-04-18 19:48:00,10.0,待机,IsolationForest; Mahalanobis; 单变量IQR+3σ; 残差,30584.54,380,Mahalanobis 距离=30584.5（阈值=18.5）。主要贡献特征：PC3 (97.7%); PC1 (2.2%)。
1881,2024-04-18 19:50:00,2024-04-18 19:50:00,1.0,停机,IsolationForest; Mahalanobis; 单变量IQR+3σ; 残差,1580.75,38,Mahalanobis 距离=1580.7（阈值=18.5）。主要贡献特征：PC1 (89.8%); PC3 (10.1%)。
1882,2024-04-18 19:53:00,2024-04-18 20:00:00,8.0,待机,IsolationForest; Mahalanobis; 单变量IQR+3σ; 残差,4651.927,304,Mahalanobis 距离=4651.9（阈值=18.5）。主要贡献特征：PC1 (92.2%); PC3 (6.1%); PC4 (1.7%)。
1883,2024-04-18 20:14:00,2024-04-18 20:14:00,1.0,待机,IsolationForest; Mahalanobis; 单变量IQR+3σ; 残差,7895.828,38,Mahalanobis 距离=7895.8（阈值=18.5）。主要贡献特征：PC1 (93.3%); PC3 (6.6%)。
1884,2024-04-18 20:16:00,2024-04-18 20:16:00,1.0,待机,IsolationForest; Mahalanobis; 单变量IQR+3σ; 残差,8306.177,38,Mahalanobis 距离=8306.2（阈值=18.5）。主要贡献特征：PC1 (91.4%); PC3 (8.4%)。
1885,2024-04-18 20:20:00,2024-04-18 20:22:00,3.0,待机,IsolationForest; Mahalanobis; 单变量IQR+3σ; 残差,6669.258,114,Mahalanobis 距离=6669.3（阈值=18.5）。主要贡献特征：PC1 (99.1%)。
1886,2024-04-18 20:25:00,2024-04-18 20:25:00,1.0,重载牵引,IsolationForest; Mahalanobis; 单变量IQR+3σ; 残差,5.736,38,正常
1887,2024-04-18 20:29:00,2024-04-18 20:29:00,1.0,待机,IsolationForest; Mahalanobis; 单变量IQR+3σ; 残差,7136.397,38,Mahalanobis 距离=7136.4（阈值=18.5）。主要贡献特征：PC1 (97.0%); PC4 (2.9%)。
1888,2024-04-18 20:31:00,2024-04-18 20:31:00,1.0,待机,IsolationForest; Mahalanobis; 单变量IQR+3σ; 残差,4030.158,38,Mahalanobis 距离=4030.2（阈值=18.5）。主要贡献特征：PC1 (65.2%); PC3 (32.6%); PC4 (2.1%)。
1889,2024-04-18 20:36:00,2024-04-18 20:36:00,1.0,待机,IsolationForest; Mahalanobis; 单变量IQR+3σ; 残差,4009.241,38,Mahalanobis 距离=4009.2（阈值=18.5）。主要贡献特征：PC1 (66.5%); PC3 (32.0%); PC4 (1.5%)。
1890,2024-04-18 20:38:00,2024-04-18 20:39:00,2.0,停机,IsolationForest; Mahalanobis; 单变量IQR+3σ; 残差,1428.18,76,Mahalanobis 距离=1428.2（阈值=18.5）。主要贡献特征：PC1 (69.9%); PC3 (27.4%); PC4 (2.7%)。
1891,2024-04-18 20:46:00,2024-04-18 20:46:00,1.0,重载牵引,IsolationForest; Mahalanobis; 单变量IQR+3σ; 残差,1.925,38,正常
1892,2024-04-18 20:48:00,2024-04-18 20:48:00,1.0,待机,IsolationForest; Mahalanobis; 单变量IQR+3σ; 残差,3589.289,38,Mahalanobis 距离=3589.3（阈值=18.5）。主要贡献特征：PC1 (56.4%); PC3 (42.1%); PC4 (1.5%)。
1893,2024-04-18 20:53:00,2024-04-18 20:53:00,1.0,重载牵引,IsolationForest; Mahalanobis; 单变量IQR+3σ; 残差,5.183,38,残差异常：采煤机_油泵_右电机_电流 偏高（残差 Z-score=5.2，实际=51.0 vs 预测=16.6）
1894,2024-04-18 21:00:00,2024-04-18 21:00:00,1.0,待机,IsolationForest; Mahalanobis; 单变量IQR+3σ; 残差,3470.896,38,Mahalanobis 距离=3470.9（阈值=18.5）。主要贡献特征：PC1 (63.9%); PC3 (36.1%)。
1895,2024-04-18 21:09:00,2024-04-18 21:09:00,1.0,重载牵引,IsolationForest; Mahalanobis; 单变量IQR+3σ; 残差,1.471,38,正常
1896,2024-04-18 21:12:00,2024-04-18 21:12:00,1.0,重载牵引,IsolationForest; Mahalanobis; 单变量IQR+3σ; 残差,4.339,38,残差异常：采煤机_油泵_右电机_电流 偏高（残差 Z-score=4.3，实际=46.0 vs 预测=17.2）
1897,2024-04-18 21:18:00,2024-04-18 21:18:00,1.0,重载牵引,IsolationForest; Mahalanobis; 单变量IQR+3σ; 残差,2.669,38,正常
1898,2024-04-18 21:28:00,2024-04-18 21:28:00,1.0,待机,IsolationForest; Mahalanobis; 单变量IQR+3σ; 残差,3792.94,38,Mahalanobis 距离=3792.9（阈值=18.5）。主要贡献特征：PC1 (83.4%); PC4 (13.5%); PC3 (3.1%)。
1899,2024-04-18 21:32:00,2024-04-18 21:36:00,5.0,待机,IsolationForest; Mahalanobis; 单变量IQR+3σ; 残差,31433.609,190,Mahalanobis 距离=31433.6（阈值=18.5）。主要贡献特征：PC3 (94.2%); PC1 (5.4%)。
1900,2024-04-18 21:41:00,2024-04-18 21:41:00,1.0,停机,IsolationForest; Mahalanobis; 单变量IQR+3σ; 残差,1823.667,38,Mahalanobis 距离=1823.7（阈值=18.5）。主要贡献特征：PC1 (96.0%); PC4 (3.4%)。
1901,2024-04-18 21:47:00,2024-04-18 21:48:00,2.0,停机,IsolationForest; Mahalanobis; 单变量IQR+3σ; 残差,1794.639,76,Mahalanobis 距离=1794.6（阈值=18.5）。主要贡献特征：PC1 (96.0%); PC4 (2.3%); PC3 (1.7%)。
1902,2024-04-18 22:01:00,2024-04-18 22:01:00,1.0,待机,IsolationForest; Mahalanobis; 单变量IQR+3σ; 残差,3837.142,38,Mahalanobis 距离=3837.1（阈值=18.5）。主要贡献特征：PC1 (85.6%); PC3 (10.9%); PC4 (3.4%)。
1903,2024-04-18 22:08:00,2024-04-18 22:08:00,1.0,停机,IsolationForest; Mahalanobis; 单变量IQR+3σ; 残差,1338.996,38,Mahalanobis 距离=1339.0（阈值=18.5）。主要贡献特征：PC1 (83.6%); PC3 (16.4%)。
1904,2024-04-18 22:10:00,2024-04-18 22:11:00,2.0,待机,IsolationForest; Mahalanobis; 单变量IQR+3σ; 残差,4563.546,76,Mahalanobis 距离=4563.5（阈值=18.5）。主要贡献特征：PC1 (93.0%); PC3 (4.9%); PC4 (2.1%)。
1905,2024-04-18 22:20:00,2024-04-18 22:24:00,5.0,重载牵引,IsolationForest; Mahalanobis; 单变量IQR+3σ; 残差,5.784,190,正常
1906,2024-04-18 22:30:00,2024-04-18 22:31:00,2.0,停机,IsolationForest; Mahalanobis; 单变量IQR+3σ; 残差,2553.439,76,Mahalanobis 距离=2553.4（阈值=18.5）。主要贡献特征：PC1 (96.2%); PC4 (2.3%); PC3 (1.5%)。
1907,2024-04-18 22:36:00,2024-04-18 22:38:00,3.0,重载牵引,IsolationForest; Mahalanobis; 单变量IQR+3σ; 残差,5.822,114,正常
1908,2024-04-18 22:43:00,2024-04-18 22:43:00,1.0,重载牵引,IsolationForest; Mahalanobis; 单变量IQR+3σ; 残差,4.851,38,残差异常：采煤机_油泵_右电机_电流 偏高（残差 Z-score=4.9，实际=49.0 vs 预测=16.8）
1909,2024-04-18 22:46:00,2024-04-18 22:47:00,2.0,待机,IsolationForest; Mahalanobis; 单变量IQR+3σ; 残差,4846.429,76,Mahalanobis 距离=4846.4（阈值=18.5）。主要贡献特征：PC1 (81.6%); PC3 (16.7%); PC4 (1.6%)。
1910,2024-04-18 22:49:00,2024-04-18 22:50:00,2.0,停机,IsolationForest; Mahalanobis; 单变量IQR+3σ; 残差,1782.023,76,Mahalanobis 距离=1782.0（阈值=18.5）。主要贡献特征：PC1 (78.5%); PC3 (18.7%); PC4 (2.8%)。
1911,2024-04-18 22:53:00,2024-04-18 22:53:00,1.0,停机,IsolationForest; Mahalanobis; 单变量IQR+3σ; 残差,1151.522,38,Mahalanobis 距离=1151.5（阈值=18.5）。主要贡献特征：PC1 (63.8%); PC3 (32.7%); PC4 (3.6%)。
1912,2024-04-18 23:06:00,2024-04-18 23:06:00,1.0,重载牵引,IsolationForest; Mahalanobis; 单变量IQR+3σ; 残差,2.636,38,正常
1913,2024-04-18 23:09:00,2024-04-18 23:09:00,1.0,待机,IsolationForest; Mahalanobis; 单变量IQR+3σ; 残差,3551.477,38,Mahalanobis 距离=3551.5（阈值=18.5）。主要贡献特征：PC1 (66.4%); PC3 (33.5%)。
1914,2024-04-18 23:11:00,2024-04-18 23:12:00,2.0,待机,IsolationForest; Mahalanobis; 单变量IQR+3σ; 残差,4160.596,76,Mahalanobis 距离=4160.6（阈值=18.5）。主要贡献特征：PC1 (81.5%); PC3 (18.5%)。
1915,2024-04-18 23:16:00,2024-04-18 23:18:00,3.0,停机,IsolationForest; Mahalanobis; 单变量IQR+3σ; 残差,1138.514,114,Mahalanobis 距离=1138.5（阈值=18.5）。主要贡献特征：PC1 (72.6%); PC3 (27.0%)。
1916,2024-04-18 23:22:00,2024-04-18 23:28:00,7.0,停机,IsolationForest; Mahalanobis; 单变量IQR+3σ; 残差,1162.483,266,Mahalanobis 距离=1162.5（阈值=18.5）。主要贡献特征：PC1 (74.9%); PC3 (24.9%)。
1917,2024-04-18 23:43:00,2024-04-18 23:49:00,7.0,停机,IsolationForest; Mahalanobis; 单变量IQR+3σ; 残差,257.576,266,Mahalanobis 距离=257.6（阈值=18.5）。主要贡献特征：PC1 (60.8%); PC3 (38.6%)。
1918,2024-04-19 00:24:00,2024-04-19 00:28:00,5.0,停机,IsolationForest; Mahalanobis; 单变量IQR+3σ; 残差,498.653,190,Mahalanobis 距离=498.7（阈值=18.5）。主要贡献特征：PC1 (65.0%); PC3 (34.9%)。
1919,2024-04-19 00:50:00,2024-04-19 00:51:00,2.0,待机,IsolationForest; Mahalanobis; 单变量IQR+3σ; 残差,3609.525,76,Mahalanobis 距离=3609.5（阈值=18.5）。主要贡献特征：PC1 (83.6%); PC4 (12.3%); PC3 (4.1%)。
1920,2024-04-19 00:53:00,2024-04-19 00:53:00,1.0,待机,IsolationForest; Mahalanobis; 单变量IQR+3σ; 残差,3544.608,38,Mahalanobis 距离=3544.6（阈值=18.5）。主要贡献特征：PC1 (83.1%); PC4 (14.9%); PC3 (2.0%)。
1921,2024-04-19 00:56:00,2024-04-19 01:05:00,10.0,待机,IsolationForest; Mahalanobis; 单变量IQR+3σ; 残差,3602.806,380,Mahalanobis 距离=3602.8（阈值=18.5）。主要贡献特征：PC1 (81.7%); PC4 (18.0%)。
1922,2024-04-19 01:08:00,2024-04-19 01:08:00,1.0,待机,IsolationForest; Mahalanobis; 单变量IQR+3σ; 残差,3671.087,38,Mahalanobis 距离=3671.1（阈值=18.5）。主要贡献特征：PC1 (83.7%); PC4 (13.0%); PC3 (3.3%)。
1923,2024-04-19 01:19:00,2024-04-19 01:22:00,4.0,停机,IsolationForest; Mahalanobis; 单变量IQR+3σ; 残差,1565.089,152,Mahalanobis 距离=1565.1（阈值=18.5）。主要贡献特征：PC1 (95.4%); PC4 (3.3%); PC3 (1.3%)。
1924,2024-04-19 01:24:00,2024-04-19 01:25:00,2.0,停机,IsolationForest; Mahalanobis; 单变量IQR+3σ; 残差,343.851,76,Mahalanobis 距离=343.9（阈值=18.5）。主要贡献特征：PC1 (80.2%); PC3 (10.8%); PC4 (8.9%)。
1925,2024-04-19 01:38:00,2024-04-19 01:38:00,1.0,重载牵引,IsolationForest; Mahalanobis; 单变量IQR+3σ; 残差,4.994,38,正常
1926,2024-04-19 01:40:00,2024-04-19 01:40:00,1.0,停机,IsolationForest; Mahalanobis; 单变量IQR+3σ; 残差,1597.634,38,Mahalanobis 距离=1597.6（阈值=18.5）。主要贡献特征：PC1 (93.1%); PC3 (6.9%)。
1927,2024-04-19 01:49:00,2024-04-19 01:49:00,1.0,重载牵引,IsolationForest; Mahalanobis; 单变量IQR+3σ; 残差,3.043,38,残差异常：采煤机_截割部位_左滚筒_电机_电流 偏高（残差 Z-score=3.0，实际=185.0 vs 预测=62.4）
1928,2024-04-19 01:57:00,2024-04-19 01:57:00,1.0,待机,IsolationForest; Mahalanobis; 单变量IQR+3σ; 残差,6934.31,38,Mahalanobis 距离=6934.3（阈值=18.5）。主要贡献特征：PC1 (99.0%)。
1929,2024-04-19 02:20:00,2024-04-19 02:20:00,1.0,重载牵引,IsolationForest; Mahalanobis; 单变量IQR+3σ; 残差,4.52,38,残差异常：采煤机_油泵_右电机_电流 偏高（残差 Z-score=4.5，实际=47.0 vs 预测=17.0）
1930,2024-04-19 02:35:00,2024-04-19 02:35:00,1.0,待机,IsolationForest; Mahalanobis; 单变量IQR+3σ; 残差,4278.928,38,Mahalanobis 距离=4278.9（阈值=18.5）。主要贡献特征：PC1 (87.0%); PC3 (12.9%)。
1931,2024-04-19 02:46:00,2024-04-19 02:46:00,1.0,重载牵引,IsolationForest; Mahalanobis; 单变量IQR+3σ; 残差,3.302,38,正常
1932,2024-04-19 02:53:00,2024-04-19 02:55:00,3.0,待机,IsolationForest; Mahalanobis; 单变量IQR+3σ; 残差,4513.221,114,Mahalanobis 距离=4513.2（阈值=18.5）。主要贡献特征：PC1 (92.5%); PC4 (7.4%)。
1933,2024-04-19 02:59:00,2024-04-19 03:01:00,3.0,待机,IsolationForest; Mahalanobis; 单变量IQR+3σ; 残差,5110.219,114,Mahalanobis 距离=5110.2（阈值=18.5）。主要贡献特征：PC1 (86.0%); PC4 (9.4%); PC3 (4.6%)。
1934,2024-04-19 03:03:00,2024-04-19 03:03:00,1.0,重载牵引,IsolationForest; Mahalanobis; 单变量IQR+3σ; 残差,3.571,38,残差异常：采煤机_油泵_左电机_电流 偏高（残差 Z-score=3.6，实际=42.0 vs 预测=16.0）
1935,2024-04-19 03:20:00,2024-04-19 03:20:00,1.0,待机,IsolationForest; Mahalanobis; 单变量IQR+3σ; 残差,3762.412,38,Mahalanobis 距离=3762.4（阈值=18.5）。主要贡献特征：PC1 (84.1%); PC4 (12.5%); PC3 (3.4%)。
1936,2024-04-19 03:30:00,2024-04-19 03:30:00,1.0,重载牵引,IsolationForest; Mahalanobis; 单变量IQR+3σ; 残差,7.219,38,正常
1937,2024-04-19 03:32:00,2024-04-19 03:32:00,1.0,待机,IsolationForest; Mahalanobis; 单变量IQR+3σ; 残差,3939.172,38,Mahalanobis 距离=3939.2（阈值=18.5）。主要贡献特征：PC1 (88.0%); PC4 (7.4%); PC3 (4.5%)。
1938,2024-04-19 03:52:00,2024-04-19 03:55:00,4.0,停机,IsolationForest; Mahalanobis; 单变量IQR+3σ; 残差,2843.452,152,Mahalanobis 距离=2843.5（阈值=18.5）。主要贡献特征：PC1 (98.8%); PC4 (1.1%)。
1939,2024-04-19 04:15:00,2024-04-19 04:15:00,1.0,重载牵引,IsolationForest; Mahalanobis; 单变量IQR+3σ; 残差,4.252,38,正常
1940,2024-04-19 04:27:00,2024-04-19 04:28:00,2.0,重载牵引,IsolationForest; Mahalanobis; 单变量IQR+3σ; 残差,6.144,76,正常
1941,2024-04-19 04:31:00,2024-04-19 04:31:00,1.0,重载牵引,IsolationForest; Mahalanobis; 单变量IQR+3σ; 残差,3.315,38,残差异常：采煤机_油泵_右电机_电流 偏高（残差 Z-score=3.3，实际=39.0 vs 预测=17.0）
1942,2024-04-19 04:34:00,2024-04-19 04:35:00,2.0,待机,IsolationForest; Mahalanobis; 单变量IQR+3σ; 残差,3958.608,76,Mahalanobis 距离=3958.6（阈值=18.5）。主要贡献特征：PC1 (75.1%); PC3 (24.9%)。
1943,2024-04-19 04:41:00,2024-04-19 04:42:00,2.0,待机,IsolationForest; Mahalanobis; 单变量IQR+3σ; 残差,4225.142,76,Mahalanobis 距离=4225.1（阈值=18.5）。主要贡献特征：PC1 (86.0%); PC3 (13.7%)。
1944,2024-04-19 04:46:00,2024-04-19 04:47:00,2.0,停机,IsolationForest; Mahalanobis; 单变量IQR+3σ; 残差,1416.148,76,Mahalanobis 距离=1416.1（阈值=18.5）。主要贡献特征：PC1 (82.0%); PC3 (18.0%)。
1945,2024-04-19 04:51:00,2024-04-19 04:55:00,5.0,停机,IsolationForest; Mahalanobis; 单变量IQR+3σ; 残差,1308.207,190,Mahalanobis 距离=1308.2（阈值=18.5）。主要贡献特征：PC1 (85.8%); PC3 (14.1%)。
1946,2024-04-19 04:58:00,2024-04-19 04:58:00,1.0,重载牵引,IsolationForest; Mahalanobis; 单变量IQR+3σ; 残差,1.557,38,正常
1947,2024-04-19 05:00:00,2024-04-19 05:01:00,2.0,重载牵引,IsolationForest; Mahalanobis; 单变量IQR+3σ; 残差,3.155,76,残差异常：采煤机_牵引部位_左电机_电流 偏高（残差 Z-score=3.2，实际=182.0 vs 预测=86.6）
1948,2024-04-19 05:03:00,2024-04-19 05:03:00,1.0,待机,IsolationForest; Mahalanobis; 单变量IQR+3σ; 残差,4383.661,38,Mahalanobis 距离=4383.7（阈值=18.5）。主要贡献特征：PC1 (92.3%); PC3 (4.1%); PC4 (3.7%)。
1949,2024-04-19 05:05:00,2024-04-19 05:05:00,1.0,待机,IsolationForest; Mahalanobis; 单变量IQR+3σ; 残差,4161.636,38,Mahalanobis 距离=4161.6（阈值=18.5）。主要贡献特征：PC1 (90.5%); PC3 (4.9%); PC4 (4.6%)。
1950,2024-04-19 05:15:00,2024-04-19 05:16:00,2.0,重载牵引,IsolationForest; Mahalanobis; 单变量IQR+3σ; 残差,5.123,76,残差异常：采煤机_油泵_右电机_电流 偏高（残差 Z-score=5.1，实际=51.0 vs 预测=17.0）
1951,2024-04-19 05:18:00,2024-04-19 05:19:00,2.0,待机,IsolationForest; Mahalanobis; 单变量IQR+3σ; 残差,3547.774,76,Mahalanobis 距离=3547.8（阈值=18.5）。主要贡献特征：PC1 (80.5%); PC4 (10.2%); PC3 (9.2%)。
1952,2024-04-19 05:22:00,2024-04-19 05:23:00,2.0,待机,IsolationForest; Mahalanobis; 单变量IQR+3σ; 残差,3779.528,76,Mahalanobis 距离=3779.5（阈值=18.5）。主要贡献特征：PC1 (83.9%); PC4 (13.0%); PC3 (3.0%)。
1953,2024-04-19 05:29:00,2024-04-19 05:29:00,1.0,重载牵引,IsolationForest; Mahalanobis; 单变量IQR+3σ; 残差,5.424,38,残差异常：采煤机_油泵_右电机_电流 偏高（残差 Z-score=5.4，实际=53.0 vs 预测=17.0）
1954,2024-04-19 05:33:00,2024-04-19 05:34:00,2.0,待机,IsolationForest; Mahalanobis; 单变量IQR+3σ; 残差,3587.021,76,Mahalanobis 距离=3587.0（阈值=18.5）。主要贡献特征：PC1 (81.3%); PC4 (12.7%); PC3 (6.0%)。
1955,2024-04-19 05:36:00,2024-04-19 05:36:00,1.0,重载牵引,IsolationForest; Mahalanobis; 单变量IQR+3σ; 残差,3.767,38,残差异常：采煤机_油泵_右电机_电流 偏高（残差 Z-score=3.8，实际=42.0 vs 预测=17.0）
1956,2024-04-19 05:39:00,2024-04-19 05:41:00,3.0,待机,IsolationForest; Mahalanobis; 单变量IQR+3σ; 残差,3742.798,114,Mahalanobis 距离=3742.8（阈值=18.5）。主要贡献特征：PC1 (85.9%); PC4 (11.4%); PC3 (2.7%)。
1957,2024-04-19 05:43:00,2024-04-19 05:43:00,1.0,待机,IsolationForest; Mahalanobis; 单变量IQR+3σ; 残差,3583.739,38,Mahalanobis 距离=3583.7（阈值=18.5）。主要贡献特征：PC1 (83.9%); PC4 (9.9%); PC3 (6.2%)。
1958,2024-04-19 05:49:00,2024-04-19 05:53:00,5.0,停机,IsolationForest; Mahalanobis; 单变量IQR+3σ; 残差,1222.544,190,Mahalanobis 距离=1222.5（阈值=18.5）。主要贡献特征：PC1 (87.5%); PC3 (11.7%)。
1959,2024-04-19 05:58:00,2024-04-19 05:59:00,2.0,重载牵引,IsolationForest; Mahalanobis; 单变量IQR+3σ; 残差,34.861,76,Mahalanobis 距离=34.9（阈值=18.5）。主要贡献特征：PC1 (99.4%)。
1960,2024-04-19 06:14:00,2024-04-19 06:15:00,2.0,待机,IsolationForest; Mahalanobis; 单变量IQR+3σ; 残差,5387.128,76,Mahalanobis 距离=5387.1（阈值=18.5）。主要贡献特征：PC1 (98.5%); PC4 (1.2%)。
1961,2024-04-19 06:22:00,2024-04-19 06:24:00,3.0,重载牵引,IsolationForest; Mahalanobis; 单变量IQR+3σ; 残差,4.423,114,残差异常：采煤机_油泵_左电机_电流 偏高（残差 Z-score=4.4，实际=48.0 vs 预测=15.8）
1962,2024-04-19 06:28:00,2024-04-19 06:34:00,7.0,待机,IsolationForest; Mahalanobis; 单变量IQR+3σ; 残差,8121.876,266,Mahalanobis 距离=8121.9（阈值=18.5）。主要贡献特征：PC1 (92.8%); PC3 (6.0%); PC4 (1.2%)。
1963,2024-04-19 06:37:00,2024-04-19 06:37:00,1.0,重载牵引,IsolationForest; Mahalanobis; 单变量IQR+3σ; 残差,7.181,38,正常
1964,2024-04-19 06:42:00,2024-04-19 06:42:00,1.0,重载牵引,IsolationForest; Mahalanobis; 单变量IQR+3σ; 残差,3.023,38,残差异常：采煤机_截割部位_左滚筒_电机_电流 偏高（残差 Z-score=3.0，实际=209.0 vs 预测=87.2）
1965,2024-04-19 06:46:00,2024-04-19 06:46:00,1.0,重载牵引,IsolationForest; Mahalanobis; 单变量IQR+3σ; 残差,3.983,38,残差异常：采煤机_油泵_左电机_电流 偏高（残差 Z-score=4.0，实际=45.0 vs 预测=16.0）
1966,2024-04-19 06:59:00,2024-04-19 07:01:00,3.0,重载牵引,IsolationForest; Mahalanobis; 单变量IQR+3σ; 残差,3.067,114,单变量异常：采煤机_截割部位_左滚筒_电机_电流（z-score=3.1，实际=226.0，均值=95.4±42.6）
1967,2024-04-19 07:22:00,2024-04-19 07:23:00,2.0,重载牵引,IsolationForest; Mahalanobis; 单变量IQR+3σ; 残差,4.014,76,残差异常：采煤机_破碎机_电机_电流 偏高（残差 Z-score=4.0，实际=45.0 vs 预测=0.0）
1968,2024-04-19 07:27:00,2024-04-19 07:27:00,1.0,待机,IsolationForest; Mahalanobis; 单变量IQR+3σ; 残差,3584.05,38,Mahalanobis 距离=3584.0（阈值=18.5）。主要贡献特征：PC1 (78.5%); PC3 (18.9%); PC4 (2.6%)。
1969,2024-04-19 07:30:00,2024-04-19 07:30:00,1.0,待机,IsolationForest; Mahalanobis; 单变量IQR+3σ; 残差,3759.733,38,Mahalanobis 距离=3759.7（阈值=18.5）。主要贡献特征：PC1 (84.1%); PC3 (11.9%); PC4 (3.9%)。
1970,2024-04-19 07:35:00,2024-04-19 07:40:00,6.0,停机,IsolationForest; Mahalanobis; 单变量IQR+3σ; 残差,1131.269,228,Mahalanobis 距离=1131.3（阈值=18.5）。主要贡献特征：PC1 (85.9%); PC3 (13.1%); PC4 (1.1%)。
1971,2024-04-19 07:42:00,2024-04-19 07:49:00,8.0,待机,IsolationForest; Mahalanobis; 单变量IQR+3σ; 残差,3729.679,304,Mahalanobis 距离=3729.7（阈值=18.5）。主要贡献特征：PC1 (82.2%); PC4 (11.4%); PC3 (6.3%)。
1972,2024-04-19 07:59:00,2024-04-19 08:03:00,5.0,待机,IsolationForest; Mahalanobis; 单变量IQR+3σ; 残差,4040.633,190,Mahalanobis 距离=4040.6（阈值=18.5）。主要贡献特征：PC1 (86.9%); PC4 (10.7%); PC3 (2.4%)。
1973,2024-04-19 08:09:00,2024-04-19 08:09:00,1.0,重载牵引,IsolationForest; Mahalanobis; 单变量IQR+3σ; 残差,5.736,38,正常
1974,2024-04-19 08:24:00,2024-04-19 08:28:00,5.0,待机,IsolationForest; Mahalanobis; 单变量IQR+3σ; 残差,3770.858,190,Mahalanobis 距离=3770.9（阈值=18.5）。主要贡献特征：PC1 (92.6%); PC4 (6.3%); PC3 (1.0%)。
1975,2024-04-19 08:38:00,2024-04-19 08:47:00,10.0,待机,IsolationForest; Mahalanobis; 单变量IQR+3σ; 残差,3346.012,380,Mahalanobis 距离=3346.0（阈值=18.5）。主要贡献特征：PC1 (56.5%); PC3 (39.4%); PC4 (4.0%)。
1976,2024-04-19 08:50:00,2024-04-19 08:57:00,8.0,待机,IsolationForest; Mahalanobis; 单变量IQR+3σ; 残差,4580.208,304,Mahalanobis 距离=4580.2（阈值=18.5）。主要贡献特征：PC3 (54.5%); PC1 (43.0%); PC4 (2.5%)。
1977,2024-04-19 09:41:00,2024-04-19 09:57:00,17.0,待机,IsolationForest; Mahalanobis; 单变量IQR+3σ; 残差,4932.707,646,Mahalanobis 距离=4932.7（阈值=18.5）。主要贡献特征：PC3 (53.9%); PC1 (43.8%); PC4 (2.3%)。
1978,2024-04-19 10:09:00,2024-04-19 10:16:00,8.0,待机,IsolationForest; Mahalanobis; 单变量IQR+3σ; 残差,2471.951,304,Mahalanobis 距离=2472.0（阈值=18.5）。主要贡献特征：PC1 (64.3%); PC3 (28.4%); PC4 (7.2%)。
1979,2024-04-19 10:38:00,2024-04-19 11:04:00,27.0,停机,IsolationForest; Mahalanobis; 单变量IQR+3σ; 残差,427.681,1026,Mahalanobis 距离=427.7（阈值=18.5）。主要贡献特征：PC1 (74.0%); PC3 (25.0%)。
1980,2024-04-19 11:09:00,2024-04-19 11:15:00,7.0,停机,IsolationForest; Mahalanobis; 单变量IQR+3σ; 残差,594.111,266,Mahalanobis 距离=594.1（阈值=18.5）。主要贡献特征：PC1 (73.0%); PC3 (26.4%)。
1981,2024-04-19 11:20:00,2024-04-19 11:28:00,9.0,停机,IsolationForest; Mahalanobis; 单变量IQR+3σ; 残差,463.467,342,Mahalanobis 距离=463.5（阈值=18.5）。主要贡献特征：PC1 (68.1%); PC3 (31.4%)。
1982,2024-04-19 11:53:00,2024-04-19 11:59:00,7.0,停机,IsolationForest; Mahalanobis; 单变量IQR+3σ; 残差,569.458,266,Mahalanobis 距离=569.5（阈值=18.5）。主要贡献特征：PC1 (74.5%); PC3 (24.7%)。
1983,2024-04-19 12:16:00,2024-04-19 12:37:00,22.0,停机,IsolationForest; Mahalanobis; 单变量IQR+3σ; 残差,3.381,836,正常
1984,2024-04-19 12:41:00,2024-04-19 12:50:00,10.0,停机,IsolationForest; Mahalanobis; 单变量IQR+3σ; 残差,493.533,380,Mahalanobis 距离=493.5（阈值=18.5）。主要贡献特征：PC1 (70.3%); PC3 (28.6%); PC4 (1.2%)。
1985,2024-04-19 12:52:00,2024-04-19 12:56:00,5.0,停机,IsolationForest; Mahalanobis; 单变量IQR+3σ; 残差,307.584,190,Mahalanobis 距离=307.6（阈值=18.5）。主要贡献特征：PC1 (59.6%); PC3 (40.2%)。
1986,2024-04-19 12:59:00,2024-04-19 13:14:00,16.0,待机,IsolationForest; Mahalanobis; 单变量IQR+3σ; 残差,2521.879,608,Mahalanobis 距离=2521.9（阈值=18.5）。主要贡献特征：PC1 (64.5%); PC3 (28.1%); PC4 (7.3%)。
1987,2024-04-19 13:16:00,2024-04-19 16:01:00,166.0,待机,IsolationForest; Mahalanobis; 单变量IQR+3σ; 残差,4245.47,6308,Mahalanobis 距离=4245.5（阈值=18.5）。主要贡献特征：PC3 (50.4%); PC1 (47.1%); PC4 (2.5%)。
1988,2024-04-19 16:03:00,2024-04-19 16:10:00,8.0,待机,IsolationForest; Mahalanobis; 单变量IQR+3σ; 残差,3745.943,304,Mahalanobis 距离=3745.9（阈值=18.5）。主要贡献特征：PC1 (86.9%); PC3 (9.2%); PC4 (3.9%)。
1989,2024-04-19 16:12:00,2024-04-19 16:24:00,13.0,待机,IsolationForest; Mahalanobis; 单变量IQR+3σ; 残差,2723.894,494,Mahalanobis 距离=2723.9（阈值=18.5）。主要贡献特征：PC1 (47.8%); PC3 (44.4%); PC4 (7.8%)。
1990,2024-04-19 17:09:00,2024-04-19 17:37:00,29.0,停机,IsolationForest; Mahalanobis; 单变量IQR+3σ; 残差,1014.335,1102,Mahalanobis 距离=1014.3（阈值=18.5）。主要贡献特征：PC1 (98.0%); PC4 (2.0%)。
1991,2024-04-19 17:43:00,2024-04-19 17:43:00,1.0,重载牵引,IsolationForest; Mahalanobis; 单变量IQR+3σ; 残差,7.021,38,残差异常：采煤机_油泵_右电机_电流 偏高（残差 Z-score=7.0，实际=64.0 vs 预测=17.4）
1992,2024-04-19 17:45:00,2024-04-19 17:45:00,1.0,待机,IsolationForest; Mahalanobis; 单变量IQR+3σ; 残差,5304.122,38,Mahalanobis 距离=5304.1（阈值=18.5）。主要贡献特征：PC1 (85.1%); PC3 (12.5%); PC4 (2.4%)。
1993,2024-04-19 17:50:00,2024-04-19 17:50:00,1.0,空载牵引,IsolationForest; Mahalanobis; 单变量IQR+3σ; 残差,2.994,38,正常
1994,2024-04-19 17:52:00,2024-04-19 17:52:00,1.0,重载牵引,IsolationForest; Mahalanobis; 单变量IQR+3σ; 残差,4.549,38,正常
1995,2024-04-19 17:59:00,2024-04-19 17:59:00,1.0,重载牵引,IsolationForest; Mahalanobis; 单变量IQR+3σ; 残差,6.625,38,正常
1996,2024-04-19 18:04:00,2024-04-19 18:05:00,2.0,重载牵引,IsolationForest; Mahalanobis; 单变量IQR+3σ; 残差,3.931,76,残差异常：采煤机_截割部位_左滚筒_电机_电流 偏高（残差 Z-score=3.9，实际=256.0 vs 预测=97.6）
1997,2024-04-19 18:12:00,2024-04-19 18:12:00,1.0,待机,IsolationForest; Mahalanobis; 单变量IQR+3σ; 残差,4071.583,38,Mahalanobis 距离=4071.6（阈值=18.5）。主要贡献特征：PC1 (76.2%); PC3 (23.7%)。
1998,2024-04-19 18:17:00,2024-04-19 18:17:00,1.0,重载牵引,IsolationForest; Mahalanobis; 单变量IQR+3σ; 残差,3.443,38,正常
1999,2024-04-19 18:20:00,2024-04-19 18:20:00,1.0,重载牵引,IsolationForest; Mahalanobis; 单变量IQR+3σ; 残差,6.329,38,正常
2000,2024-04-19 18:22:00,2024-04-19 18:22:00,1.0,重载牵引,IsolationForest; Mahalanobis; 单变量IQR+3σ; 残差,5.846,38,残差异常：采煤机_油泵_右电机_电流 偏高（残差 Z-score=5.8，实际=56.0 vs 预测=17.2）
2001,2024-04-19 18:29:00,2024-04-19 18:29:00,1.0,停机,IsolationForest; Mahalanobis; 单变量IQR+3σ; 残差,2472.041,38,Mahalanobis 距离=2472.0（阈值=18.5）。主要贡献特征：PC1 (99.9%)。
2002,2024-04-19 18:50:00,2024-04-19 18:52:00,3.0,待机,IsolationForest; Mahalanobis; 单变量IQR+3σ; 残差,4692.631,114,Mahalanobis 距离=4692.6（阈值=18.5）。主要贡献特征：PC1 (88.3%); PC4 (11.5%)。
2003,2024-04-19 18:54:00,2024-04-19 19:00:00,7.0,待机,IsolationForest; Mahalanobis; 单变量IQR+3σ; 残差,4271.85,266,Mahalanobis 距离=4271.8（阈值=18.5）。主要贡献特征：PC1 (87.2%); PC4 (11.8%)。
2004,2024-04-19 19:14:00,2024-04-19 19:25:00,12.0,停机,IsolationForest; Mahalanobis; 单变量IQR+3σ; 残差,1679.946,456,Mahalanobis 距离=1679.9（阈值=18.5）。主要贡献特征：PC1 (94.1%); PC4 (3.2%); PC3 (2.7%)。
2005,2024-04-19 19:27:00,2024-04-19 19:30:00,4.0,重载牵引,IsolationForest; Mahalanobis; 单变量IQR+3σ; 残差,33.797,152,Mahalanobis 距离=33.8（阈值=18.5）。主要贡献特征：PC1 (98.3%)。
2006,2024-04-19 19:32:00,2024-04-19 19:32:00,1.0,停机,IsolationForest; Mahalanobis; 单变量IQR+3σ; 残差,1701.44,38,Mahalanobis 距离=1701.4（阈值=18.5）。主要贡献特征：PC1 (95.0%); PC4 (2.6%); PC3 (2.4%)。
2007,2024-04-19 19:34:00,2024-04-19 19:47:00,14.0,待机,IsolationForest; Mahalanobis; 单变量IQR+3σ; 残差,4298.846,532,Mahalanobis 距离=4298.8（阈值=18.5）。主要贡献特征：PC1 (88.3%); PC4 (10.5%); PC3 (1.2%)。
2008,2024-04-19 20:14:00,2024-04-19 20:19:00,6.0,停机,IsolationForest; Mahalanobis; 单变量IQR+3σ; 残差,1103.37,228,Mahalanobis 距离=1103.4（阈值=18.5）。主要贡献特征：PC1 (93.6%); PC4 (6.2%)。
2009,2024-04-19 20:31:00,2024-04-19 20:37:00,7.0,停机,IsolationForest; Mahalanobis; 单变量IQR+3σ; 残差,370.086,266,Mahalanobis 距离=370.1（阈值=18.5）。主要贡献特征：PC1 (81.4%); PC4 (10.1%); PC3 (8.5%)。
2010,2024-04-19 20:56:00,2024-04-19 20:57:00,2.0,停机,IsolationForest; Mahalanobis; 单变量IQR+3σ; 残差,1485.926,76,Mahalanobis 距离=1485.9（阈值=18.5）。主要贡献特征：PC1 (90.4%); PC3 (9.6%)。
2011,2024-04-19 21:02:00,2024-04-19 21:02:00,1.0,重载牵引,IsolationForest; Mahalanobis; 单变量IQR+3σ; 残差,6.032,38,残差异常：采煤机_截割部位_右滚筒_电机_电流 偏高（残差 Z-score=6.0，实际=318.0 vs 预测=94.8）
2012,2024-04-19 21:05:00,2024-04-19 21:05:00,1.0,待机,IsolationForest; Mahalanobis; 单变量IQR+3σ; 残差,8844.929,38,Mahalanobis 距离=8844.9（阈值=18.5）。主要贡献特征：PC1 (80.1%); PC3 (19.7%)。
2013,2024-04-19 21:16:00,2024-04-19 21:16:00,1.0,待机,IsolationForest; Mahalanobis; 单变量IQR+3σ; 残差,9633.11,38,Mahalanobis 距离=9633.1（阈值=18.5）。主要贡献特征：PC1 (78.5%); PC3 (20.8%)。
2014,2024-04-19 21:18:00,2024-04-19 21:20:00,3.0,重载牵引,IsolationForest; Mahalanobis; 单变量IQR+3σ; 残差,5.941,114,正常
2015,2024-04-19 21:24:00,2024-04-19 21:24:00,1.0,停机,IsolationForest; Mahalanobis; 单变量IQR+3σ; 残差,2298.625,38,Mahalanobis 距离=2298.6（阈值=18.5）。主要贡献特征：PC1 (87.9%); PC3 (7.8%); PC4 (4.3%)。
2016,2024-04-19 21:27:00,2024-04-19 21:28:00,2.0,重载牵引,IsolationForest; Mahalanobis; 单变量IQR+3σ; 残差,5.439,76,正常
2017,2024-04-19 21:30:00,2024-04-19 21:30:00,1.0,重载牵引,IsolationForest; Mahalanobis; 单变量IQR+3σ; 残差,4.994,38,正常
2018,2024-04-19 21:32:00,2024-04-19 21:33:00,2.0,停机,IsolationForest; Mahalanobis; 单变量IQR+3σ; 残差,1443.234,76,Mahalanobis 距离=1443.2（阈值=18.5）。主要贡献特征：PC1 (70.7%); PC3 (27.0%); PC4 (2.4%)。
2019,2024-04-19 21:38:00,2024-04-19 21:38:00,1.0,停机,IsolationForest; Mahalanobis; 单变量IQR+3σ; 残差,1327.092,38,Mahalanobis 距离=1327.1（阈值=18.5）。主要贡献特征：PC1 (66.1%); PC3 (30.9%); PC4 (3.0%)。
2020,2024-04-19 21:48:00,2024-04-19 21:48:00,1.0,待机,IsolationForest; Mahalanobis; 单变量IQR+3σ; 残差,3572.352,38,Mahalanobis 距离=3572.4（阈值=18.5）。主要贡献特征：PC1 (58.6%); PC3 (40.9%)。
2021,2024-04-19 21:50:00,2024-04-19 21:57:00,8.0,待机,IsolationForest; Mahalanobis; 单变量IQR+3σ; 残差,3536.519,304,Mahalanobis 距离=3536.5（阈值=18.5）。主要贡献特征：PC1 (62.8%); PC3 (37.1%)。
2022,2024-04-19 22:01:00,2024-04-19 22:01:00,1.0,空载牵引,IsolationForest; Mahalanobis; 单变量IQR+3σ; 残差,2.143,38,正常
2023,2024-04-19 22:04:00,2024-04-19 22:10:00,7.0,停机,IsolationForest; Mahalanobis; 单变量IQR+3σ; 残差,1616.445,266,Mahalanobis 距离=1616.4（阈值=18.5）。主要贡献特征：PC1 (85.0%); PC3 (14.8%)。
2024,2024-04-19 22:24:00,2024-04-19 22:27:00,4.0,待机,IsolationForest; Mahalanobis; 单变量IQR+3σ; 残差,4486.751,152,Mahalanobis 距离=4486.8（阈值=18.5）。主要贡献特征：PC1 (91.7%); PC4 (6.8%); PC3 (1.4%)。
2025,2024-04-19 22:34:00,2024-04-19 22:35:00,2.0,停机,IsolationForest; Mahalanobis; 单变量IQR+3σ; 残差,1429.013,76,Mahalanobis 距离=1429.0（阈值=18.5）。主要贡献特征：PC1 (91.5%); PC3 (6.1%); PC4 (2.4%)。
2026,2024-04-19 22:37:00,2024-04-19 22:37:00,1.0,待机,IsolationForest; Mahalanobis; 单变量IQR+3σ; 残差,4341.341,38,Mahalanobis 距离=4341.3（阈值=18.5）。主要贡献特征：PC1 (87.7%); PC4 (11.9%)。
2027,2024-04-19 22:39:00,2024-04-19 22:39:00,1.0,重载牵引,IsolationForest; Mahalanobis; 单变量IQR+3σ; 残差,1.571,38,正常
2028,2024-04-19 22:41:00,2024-04-19 22:41:00,1.0,重载牵引,IsolationForest; Mahalanobis; 单变量IQR+3σ; 残差,5.424,38,残差异常：采煤机_油泵_右电机_电流 偏高（残差 Z-score=5.4，实际=54.0 vs 预测=18.0）
2029,2024-04-19 22:44:00,2024-04-19 22:48:00,5.0,停机,IsolationForest; Mahalanobis; 单变量IQR+3σ; 残差,1788.4,190,Mahalanobis 距离=1788.4（阈值=18.5）。主要贡献特征：PC1 (96.1%); PC4 (2.8%); PC3 (1.1%)。
2030,2024-04-19 22:50:00,2024-04-19 22:51:00,2.0,重载牵引,IsolationForest; Mahalanobis; 单变量IQR+3σ; 残差,33.886,76,Mahalanobis 距离=33.9（阈值=18.5）。主要贡献特征：PC1 (99.1%)。
2031,2024-04-19 22:53:00,2024-04-19 22:53:00,1.0,停机,IsolationForest; Mahalanobis; 单变量IQR+3σ; 残差,1529.559,38,Mahalanobis 距离=1529.6（阈值=18.5）。主要贡献特征：PC1 (95.2%); PC4 (3.5%); PC3 (1.3%)。
2032,2024-04-19 22:56:00,2024-04-19 22:56:00,1.0,待机,IsolationForest; Mahalanobis; 单变量IQR+3σ; 残差,3973.32,38,Mahalanobis 距离=3973.3（阈值=18.5）。主要贡献特征：PC1 (85.6%); PC4 (13.1%); PC3 (1.2%)。
2033,2024-04-19 23:05:00,2024-04-19 23:05:00,1.0,重载牵引,IsolationForest; Mahalanobis; 单变量IQR+3σ; 残差,3.956,38,正常
2034,2024-04-19 23:07:00,2024-04-19 23:09:00,3.0,待机,IsolationForest; Mahalanobis; 单变量IQR+3σ; 残差,3963.823,114,Mahalanobis 距离=3963.8（阈值=18.5）。主要贡献特征：PC1 (87.6%); PC4 (8.1%); PC3 (4.3%)。
2035,2024-04-19 23:18:00,2024-04-19 23:18:00,1.0,待机,IsolationForest; Mahalanobis; 单变量IQR+3σ; 残差,5023.749,38,Mahalanobis 距离=5023.7（阈值=18.5）。主要贡献特征：PC1 (94.7%); PC4 (5.2%)。
2036,2024-04-19 23:24:00,2024-04-19 23:24:00,1.0,重载牵引,IsolationForest; Mahalanobis; 单变量IQR+3σ; 残差,4.104,38,正常
2037,2024-04-19 23:35:00,2024-04-19 23:35:00,1.0,停机,IsolationForest; Mahalanobis; 单变量IQR+3σ; 残差,1850.117,38,Mahalanobis 距离=1850.1（阈值=18.5）。主要贡献特征：PC1 (91.6%); PC3 (8.2%)。
2038,2024-04-19 23:40:00,2024-04-19 23:46:00,7.0,待机,IsolationForest; Mahalanobis; 单变量IQR+3σ; 残差,4452.851,266,Mahalanobis 距离=4452.9（阈值=18.5）。主要贡献特征：PC1 (89.0%); PC3 (10.9%)。
2039,2024-04-19 23:49:00,2024-04-19 23:57:00,9.0,待机,IsolationForest; Mahalanobis; 单变量IQR+3σ; 残差,7199.99,342,Mahalanobis 距离=7200.0（阈值=18.5）。主要贡献特征：PC1 (96.0%); PC3 (2.8%); PC4 (1.2%)。
2040,2024-04-20 00:00:00,2024-04-20 00:00:00,1.0,重载牵引,IsolationForest; Mahalanobis; 单变量IQR+3σ; 残差,3.104,38,残差异常：采煤机_油泵_左电机_电流 偏高（残差 Z-score=3.1，实际=39.0 vs 预测=16.4）
2041,2024-04-20 00:06:00,2024-04-20 00:06:00,1.0,待机,IsolationForest; Mahalanobis; 单变量IQR+3σ; 残差,5512.707,38,Mahalanobis 距离=5512.7（阈值=18.5）。主要贡献特征：PC1 (88.7%); PC3 (8.8%); PC4 (2.5%)。
2042,2024-04-20 00:13:00,2024-04-20 00:14:00,2.0,停机,IsolationForest; Mahalanobis; 单变量IQR+3σ; 残差,1892.33,76,Mahalanobis 距离=1892.3（阈值=18.5）。主要贡献特征：PC1 (80.9%); PC3 (14.5%); PC4 (4.5%)。
2043,2024-04-20 00:21:00,2024-04-20 00:21:00,1.0,重载牵引,IsolationForest; Mahalanobis; 单变量IQR+3σ; 残差,5.369,38,正常
2044,2024-04-20 00:26:00,2024-04-20 00:26:00,1.0,重载牵引,IsolationForest; Mahalanobis; 单变量IQR+3σ; 残差,3.768,38,残差异常：采煤机_截割部位_右滚筒_电机_电流 偏高（残差 Z-score=3.8，实际=209.0 vs 预测=69.6）
2045,2024-04-20 00:31:00,2024-04-20 00:31:00,1.0,重载牵引,IsolationForest; Mahalanobis; 单变量IQR+3σ; 残差,3.631,38,正常
2046,2024-04-20 00:34:00,2024-04-20 00:35:00,2.0,待机,IsolationForest; Mahalanobis; 单变量IQR+3σ; 残差,3305.503,76,Mahalanobis 距离=3305.5（阈值=18.5）。主要贡献特征：PC1 (50.7%); PC3 (48.6%)。
2047,2024-04-20 00:50:00,2024-04-20 00:51:00,2.0,待机,IsolationForest; Mahalanobis; 单变量IQR+3σ; 残差,3518.396,76,Mahalanobis 距离=3518.4（阈值=18.5）。主要贡献特征：PC1 (70.0%); PC3 (29.9%)。
2048,2024-04-20 00:54:00,2024-04-20 00:55:00,2.0,停机,IsolationForest; Mahalanobis; 单变量IQR+3σ; 残差,1303.211,76,Mahalanobis 距离=1303.2（阈值=18.5）。主要贡献特征：PC1 (79.2%); PC3 (20.6%)。
2049,2024-04-20 00:58:00,2024-04-20 00:58:00,1.0,重载牵引,IsolationForest; Mahalanobis; 单变量IQR+3σ; 残差,3.934,38,正常
2050,2024-04-20 01:01:00,2024-04-20 01:01:00,1.0,重载牵引,IsolationForest; Mahalanobis; 单变量IQR+3σ; 残差,3.389,38,残差异常：采煤机_破碎机_电机_电流 偏高（残差 Z-score=3.4，实际=38.0 vs 预测=0.0）
2051,2024-04-20 01:04:00,2024-04-20 01:05:00,2.0,待机,IsolationForest; Mahalanobis; 单变量IQR+3σ; 残差,6085.657,76,Mahalanobis 距离=6085.7（阈值=18.5）。主要贡献特征：PC1 (96.6%); PC4 (2.3%); PC3 (1.2%)。
2052,2024-04-20 01:08:00,2024-04-20 01:14:00,7.0,待机,IsolationForest; Mahalanobis; 单变量IQR+3σ; 残差,5218.093,266,Mahalanobis 距离=5218.1（阈值=18.5）。主要贡献特征：PC1 (96.2%); PC4 (3.4%)。
2053,2024-04-20 01:16:00,2024-04-20 01:30:00,15.0,待机,IsolationForest; Mahalanobis; 单变量IQR+3σ; 残差,3533.325,570,Mahalanobis 距离=3533.3（阈值=18.5）。主要贡献特征：PC1 (76.3%); PC3 (19.3%); PC4 (4.4%)。
2054,2024-04-20 01:50:00,2024-04-20 01:50:00,1.0,停机,IsolationForest; Mahalanobis; 单变量IQR+3σ; 残差,1568.667,38,Mahalanobis 距离=1568.7（阈值=18.5）。主要贡献特征：PC1 (94.9%); PC3 (4.5%)。
2055,2024-04-20 01:52:00,2024-04-20 01:52:00,1.0,停机,IsolationForest; Mahalanobis; 单变量IQR+3σ; 残差,1331.974,38,Mahalanobis 距离=1332.0（阈值=18.5）。主要贡献特征：PC1 (92.5%); PC3 (7.1%)。
2056,2024-04-20 01:59:00,2024-04-20 01:59:00,1.0,停机,IsolationForest; Mahalanobis; 单变量IQR+3σ; 残差,2455.506,38,Mahalanobis 距离=2455.5（阈值=18.5）。主要贡献特征：PC1 (99.3%)。
2057,2024-04-20 02:05:00,2024-04-20 02:05:00,1.0,重载牵引,IsolationForest; Mahalanobis; 单变量IQR+3σ; 残差,3.356,38,残差异常：采煤机_截割部位_左滚筒_电机_电流 偏高（残差 Z-score=3.4，实际=217.0 vs 预测=81.8）
2058,2024-04-20 02:12:00,2024-04-20 02:12:00,1.0,停机,IsolationForest; Mahalanobis; 单变量IQR+3σ; 残差,1452.171,38,Mahalanobis 距离=1452.2（阈值=18.5）。主要贡献特征：PC1 (84.0%); PC3 (15.4%)。
2059,2024-04-20 02:14:00,2024-04-20 02:14:00,1.0,重载牵引,IsolationForest; Mahalanobis; 单变量IQR+3σ; 残差,6.861,38,正常
2060,2024-04-20 02:19:00,2024-04-20 02:27:00,9.0,待机,IsolationForest; Mahalanobis; 单变量IQR+3σ; 残差,9947.334,342,Mahalanobis 距离=9947.3（阈值=18.5）。主要贡献特征：PC1 (80.9%); PC3 (16.8%); PC4 (2.3%)。
2061,2024-04-20 02:32:00,2024-04-20 02:32:00,1.0,重载牵引,IsolationForest; Mahalanobis; 单变量IQR+3σ; 残差,5.062,38,残差异常：采煤机_油泵_右电机_电流 偏高（残差 Z-score=5.1，实际=51.0 vs 预测=17.4）
2062,2024-04-20 02:40:00,2024-04-20 02:40:00,1.0,待机,IsolationForest; Mahalanobis; 单变量IQR+3σ; 残差,3729.815,38,Mahalanobis 距离=3729.8（阈值=18.5）。主要贡献特征：PC1 (62.8%); PC3 (36.5%)。
2063,2024-04-20 02:43:00,2024-04-20 02:44:00,2.0,待机,IsolationForest; Mahalanobis; 单变量IQR+3σ; 残差,4031.724,76,Mahalanobis 距离=4031.7（阈值=18.5）。主要贡献特征：PC1 (70.7%); PC3 (28.7%)。
2064,2024-04-20 02:46:00,2024-04-20 02:46:00,1.0,待机,IsolationForest; Mahalanobis; 单变量IQR+3σ; 残差,4087.612,38,Mahalanobis 距离=4087.6（阈值=18.5）。主要贡献特征：PC1 (71.9%); PC3 (27.7%)。
2065,2024-04-20 02:49:00,2024-04-20 02:49:00,1.0,重载牵引,IsolationForest; Mahalanobis; 单变量IQR+3σ; 残差,4.309,38,残差异常：采煤机_油泵_右电机_电流 偏高（残差 Z-score=4.3，实际=46.0 vs 预测=17.4）
2066,2024-04-20 02:54:00,2024-04-20 02:56:00,3.0,重载牵引,IsolationForest; Mahalanobis; 单变量IQR+3σ; 残差,3.631,114,正常
2067,2024-04-20 03:02:00,2024-04-20 03:03:00,2.0,重载牵引,IsolationForest; Mahalanobis; 单变量IQR+3σ; 残差,6.595,76,残差异常：采煤机_截割部位_右滚筒_电机_电流 偏高（残差 Z-score=6.6，实际=336.0 vs 预测=92.0）
2068,2024-04-20 03:12:00,2024-04-20 03:13:00,2.0,待机,IsolationForest; Mahalanobis; 单变量IQR+3σ; 残差,4687.98,76,Mahalanobis 距离=4688.0（阈值=18.5）。主要贡献特征：PC1 (76.8%); PC3 (21.1%); PC4 (2.1%)。
2069,2024-04-20 03:16:00,2024-04-20 03:16:00,1.0,待机,IsolationForest; Mahalanobis; 单变量IQR+3σ; 残差,3952.714,38,Mahalanobis 距离=3952.7（阈值=18.5）。主要贡献特征：PC1 (62.9%); PC3 (35.1%); PC4 (2.0%)。
2070,2024-04-20 03:18:00,2024-04-20 03:19:00,2.0,待机,IsolationForest; Mahalanobis; 单变量IQR+3σ; 残差,4285.989,76,Mahalanobis 距离=4286.0（阈值=18.5）。主要贡献特征：PC1 (68.7%); PC3 (29.5%); PC4 (1.7%)。
2071,2024-04-20 03:25:00,2024-04-20 03:25:00,1.0,重载牵引,IsolationForest; Mahalanobis; 单变量IQR+3σ; 残差,4.549,38,正常
2072,2024-04-20 03:40:00,2024-04-20 03:40:00,1.0,待机,IsolationForest; Mahalanobis; 单变量IQR+3σ; 残差,3644.165,38,Mahalanobis 距离=3644.2（阈值=18.5）。主要贡献特征：PC1 (61.0%); PC3 (38.3%)。
2073,2024-04-20 03:43:00,2024-04-20 03:45:00,3.0,停机,IsolationForest; Mahalanobis; 单变量IQR+3σ; 残差,1026.887,114,Mahalanobis 距离=1026.9（阈值=18.5）。主要贡献特征：PC1 (64.8%); PC3 (33.6%); PC4 (1.6%)。
2074,2024-04-20 03:47:00,2024-04-20 03:56:00,10.0,待机,IsolationForest; Mahalanobis; 单变量IQR+3σ; 残差,3770.092,380,Mahalanobis 距离=3770.1（阈值=18.5）。主要贡献特征：PC1 (70.0%); PC3 (30.0%)。
2075,2024-04-20 03:58:00,2024-04-20 03:58:00,1.0,待机,IsolationForest; Mahalanobis; 单变量IQR+3σ; 残差,3557.658,38,Mahalanobis 距离=3557.7（阈值=18.5）。主要贡献特征：PC1 (88.1%); PC3 (11.6%)。
2076,2024-04-20 04:13:00,2024-04-20 04:20:00,8.0,待机,IsolationForest; Mahalanobis; 单变量IQR+3σ; 残差,3672.309,304,Mahalanobis 距离=3672.3（阈值=18.5）。主要贡献特征：PC1 (83.0%); PC3 (9.7%); PC4 (7.2%)。
2077,2024-04-20 04:22:00,2024-04-20 04:27:00,6.0,重载牵引,IsolationForest; Mahalanobis; 单变量IQR+3σ; 残差,3.144,228,正常
2078,2024-04-20 04:32:00,2024-04-20 04:32:00,1.0,停机,IsolationForest; Mahalanobis; 单变量IQR+3σ; 残差,1532.71,38,Mahalanobis 距离=1532.7（阈值=18.5）。主要贡献特征：PC1 (93.3%); PC3 (4.3%); PC4 (2.4%)。
2079,2024-04-20 04:36:00,2024-04-20 04:40:00,5.0,待机,IsolationForest; Mahalanobis; 单变量IQR+3σ; 残差,3849.623,190,Mahalanobis 距离=3849.6（阈值=18.5）。主要贡献特征：PC1 (85.2%); PC4 (10.6%); PC3 (4.2%)。
2080,2024-04-20 04:56:00,2024-04-20 04:58:00,3.0,待机,IsolationForest; Mahalanobis; 单变量IQR+3σ; 残差,4768.228,114,Mahalanobis 距离=4768.2（阈值=18.5）。主要贡献特征：PC1 (92.3%); PC4 (7.6%)。
2081,2024-04-20 05:07:00,2024-04-20 05:07:00,1.0,待机,IsolationForest; Mahalanobis; 单变量IQR+3σ; 残差,4338.262,38,Mahalanobis 距离=4338.3（阈值=18.5）。主要贡献特征：PC1 (91.7%); PC4 (5.6%); PC3 (2.7%)。
2082,2024-04-20 05:09:00,2024-04-20 05:15:00,7.0,停机,IsolationForest; Mahalanobis; 单变量IQR+3σ; 残差,1315.679,266,Mahalanobis 距离=1315.7（阈值=18.5）。主要贡献特征：PC1 (88.3%); PC3 (11.0%)。
2083,2024-04-20 05:22:00,2024-04-20 05:26:00,5.0,停机,IsolationForest; Mahalanobis; 单变量IQR+3σ; 残差,1187.85,190,Mahalanobis 距离=1187.9（阈值=18.5）。主要贡献特征：PC1 (96.2%); PC4 (2.4%); PC3 (1.4%)。
2084,2024-04-20 05:38:00,2024-04-20 05:38:00,1.0,停机,IsolationForest; Mahalanobis; 单变量IQR+3σ; 残差,2405.553,38,Mahalanobis 距离=2405.6（阈值=18.5）。主要贡献特征：PC1 (99.8%)。
2085,2024-04-20 05:42:00,2024-04-20 05:42:00,1.0,重载牵引,IsolationForest; Mahalanobis; 单变量IQR+3σ; 残差,6.75,38,残差异常：采煤机_油泵_右电机_电流 偏高（残差 Z-score=6.7，实际=62.0 vs 预测=17.2）
2086,2024-04-20 05:46:00,2024-04-20 05:49:00,4.0,重载牵引,IsolationForest; Mahalanobis; 单变量IQR+3σ; 残差,4.452,152,正常
2087,2024-04-20 05:54:00,2024-04-20 05:57:00,4.0,重载牵引,IsolationForest; Mahalanobis; 单变量IQR+3σ; 残差,5.759,152,正常
2088,2024-04-20 06:02:00,2024-04-20 06:02:00,1.0,重载牵引,IsolationForest; Mahalanobis; 单变量IQR+3σ; 残差,3.49,38,正常
2089,2024-04-20 06:21:00,2024-04-20 06:21:00,1.0,重载牵引,IsolationForest; Mahalanobis; 单变量IQR+3σ; 残差,4.359,38,正常
2090,2024-04-20 06:27:00,2024-04-20 06:28:00,2.0,待机,IsolationForest; Mahalanobis; 单变量IQR+3σ; 残差,3802.999,76,Mahalanobis 距离=3803.0（阈值=18.5）。主要贡献特征：PC1 (66.6%); PC3 (33.1%)。
2091,2024-04-20 06:30:00,2024-04-20 06:30:00,1.0,重载牵引,IsolationForest; Mahalanobis; 单变量IQR+3σ; 残差,5.273,38,残差异常：采煤机_油泵_右电机_电流 偏高（残差 Z-score=5.3，实际=52.0 vs 预测=17.0）
2092,2024-04-20 06:33:00,2024-04-20 06:34:00,2.0,停机,IsolationForest; Mahalanobis; 单变量IQR+3σ; 残差,955.315,76,Mahalanobis 距离=955.3（阈值=18.5）。主要贡献特征：PC1 (67.3%); PC3 (32.0%)。
2093,2024-04-20 06:37:00,2024-04-20 06:37:00,1.0,待机,IsolationForest; Mahalanobis; 单变量IQR+3σ; 残差,3234.269,38,Mahalanobis 距离=3234.3（阈值=18.5）。主要贡献特征：PC1 (64.4%); PC3 (35.5%)。
2094,2024-04-20 06:48:00,2024-04-20 06:49:00,2.0,待机,IsolationForest; Mahalanobis; 单变量IQR+3σ; 残差,3810.232,76,Mahalanobis 距离=3810.2（阈值=18.5）。主要贡献特征：PC1 (81.7%); PC3 (16.2%); PC4 (2.1%)。
2095,2024-04-20 07:07:00,2024-04-20 07:07:00,1.0,重载牵引,IsolationForest; Mahalanobis; 单变量IQR+3σ; 残差,6.177,38,残差异常：采煤机_油泵_右电机_电流 偏高（残差 Z-score=6.2，实际=58.0 vs 预测=17.0）
2096,2024-04-20 07:09:00,2024-04-20 07:09:00,1.0,重载牵引,IsolationForest; Mahalanobis; 单变量IQR+3σ; 残差,1.646,38,正常
2097,2024-04-20 07:12:00,2024-04-20 07:12:00,1.0,待机,IsolationForest; Mahalanobis; 单变量IQR+3σ; 残差,4517.113,38,Mahalanobis 距离=4517.1（阈值=18.5）。主要贡献特征：PC1 (86.8%); PC4 (13.1%)。
2098,2024-04-20 07:14:00,2024-04-20 07:14:00,1.0,待机,IsolationForest; Mahalanobis; 单变量IQR+3σ; 残差,4114.023,38,Mahalanobis 距离=4114.0（阈值=18.5）。主要贡献特征：PC1 (86.7%); PC4 (12.4%)。
2099,2024-04-20 07:17:00,2024-04-20 07:17:00,1.0,停机,IsolationForest; Mahalanobis; 单变量IQR+3σ; 残差,1711.529,38,Mahalanobis 距离=1711.5（阈值=18.5）。主要贡献特征：PC1 (95.4%); PC4 (2.3%); PC3 (2.3%)。
2100,2024-04-20 07:20:00,2024-04-20 07:20:00,1.0,待机,IsolationForest; Mahalanobis; 单变量IQR+3σ; 残差,3907.48,38,Mahalanobis 距离=3907.5（阈值=18.5）。主要贡献特征：PC1 (85.2%); PC4 (10.2%); PC3 (4.6%)。
2101,2024-04-20 07:31:00,2024-04-20 07:31:00,1.0,待机,IsolationForest; Mahalanobis; 单变量IQR+3σ; 残差,4001.589,38,Mahalanobis 距离=4001.6（阈值=18.5）。主要贡献特征：PC1 (87.2%); PC4 (10.4%); PC3 (2.4%)。
2102,2024-04-20 07:33:00,2024-04-20 07:33:00,1.0,停机,IsolationForest; Mahalanobis; 单变量IQR+3σ; 残差,1438.621,38,Mahalanobis 距离=1438.6（阈值=18.5）。主要贡献特征：PC1 (91.2%); PC3 (7.1%); PC4 (1.7%)。
2103,2024-04-20 07:37:00,2024-04-20 07:37:00,1.0,重载牵引,IsolationForest; Mahalanobis; 单变量IQR+3σ; 残差,4.549,38,正常
2104,2024-04-20 07:50:00,2024-04-20 07:53:00,4.0,停机,IsolationForest; Mahalanobis; 单变量IQR+3σ; 残差,2040.106,152,Mahalanobis 距离=2040.1（阈值=18.5）。主要贡献特征：PC1 (97.7%); PC3 (2.1%)。
2105,2024-04-20 07:55:00,2024-04-20 07:57:00,3.0,待机,IsolationForest; Mahalanobis; 单变量IQR+3σ; 残差,3944.14,114,Mahalanobis 距离=3944.1（阈值=18.5）。主要贡献特征：PC1 (96.3%); PC3 (2.8%)。
2106,2024-04-20 08:08:00,2024-04-20 08:08:00,1.0,停机,IsolationForest; Mahalanobis; 单变量IQR+3σ; 残差,2163.478,38,Mahalanobis 距离=2163.5（阈值=18.5）。主要贡献特征：PC1 (92.9%); PC3 (5.6%); PC4 (1.6%)。
2107,2024-04-20 08:12:00,2024-04-20 08:12:00,1.0,重载牵引,IsolationForest; Mahalanobis; 单变量IQR+3σ; 残差,5.67,38,正常
2108,2024-04-20 08:15:00,2024-04-20 08:19:00,5.0,停机,IsolationForest; Mahalanobis; 单变量IQR+3σ; 残差,3634.032,190,Mahalanobis 距离=3634.0（阈值=18.5）。主要贡献特征：PC1 (85.0%); PC3 (11.8%); PC4 (3.2%)。
2109,2024-04-20 08:27:00,2024-04-20 08:38:00,12.0,停机,IsolationForest; Mahalanobis; 单变量IQR+3σ; 残差,1393.285,456,Mahalanobis 距离=1393.3（阈值=18.5）。主要贡献特征：PC1 (74.5%); PC3 (23.3%); PC4 (2.2%)。
2110,2024-04-20 09:24:00,2024-04-20 09:53:00,30.0,待机,IsolationForest; Mahalanobis; 单变量IQR+3σ; 残差,27.029,1140,Mahalanobis 距离=27.0（阈值=18.5）。主要贡献特征：PC3 (56.4%); PC4 (43.3%)。
2111,2024-04-20 09:57:00,2024-04-20 10:04:00,8.0,待机,IsolationForest; Mahalanobis; 单变量IQR+3σ; 残差,26.707,304,Mahalanobis 距离=26.7（阈值=18.5）。主要贡献特征：PC3 (56.1%); PC4 (43.7%)。
2112,2024-04-20 10:06:00,2024-04-20 10:11:00,6.0,停机,IsolationForest; Mahalanobis; 单变量IQR+3σ; 残差,486.13,228,Mahalanobis 距离=486.1（阈值=18.5）。主要贡献特征：PC1 (52.8%); PC3 (45.0%); PC4 (2.2%)。
2113,2024-04-20 10:25:00,2024-04-20 10:29:00,5.0,停机,IsolationForest; Mahalanobis; 单变量IQR+3σ; 残差,228.003,190,Mahalanobis 距离=228.0（阈值=18.5）。主要贡献特征：PC3 (53.9%); PC1 (36.6%); PC4 (9.6%)。
2114,2024-04-20 13:17:00,2024-04-20 13:21:00,5.0,停机,IsolationForest; Mahalanobis; 单变量IQR+3σ; 残差,147.418,190,Mahalanobis 距离=147.4（阈值=18.5）。主要贡献特征：PC3 (65.8%); PC1 (30.9%); PC4 (3.2%)。
2115,2024-04-20 13:51:00,2024-04-20 13:58:00,8.0,待机,IsolationForest; Mahalanobis; 单变量IQR+3σ; 残差,4418.34,304,Mahalanobis 距离=4418.3（阈值=18.5）。主要贡献特征：PC3 (68.7%); PC1 (31.1%)。
2116,2024-04-20 16:14:00,2024-04-20 16:27:00,14.0,待机,IsolationForest; Mahalanobis; 单变量IQR+3σ; 残差,27.616,532,Mahalanobis 距离=27.6（阈值=18.5）。主要贡献特征：PC3 (59.0%); PC4 (40.3%)。
2117,2024-04-20 16:42:00,2024-04-20 16:49:00,8.0,待机,IsolationForest; Mahalanobis; 单变量IQR+3σ; 残差,2737.934,304,Mahalanobis 距离=2737.9（阈值=18.5）。主要贡献特征：PC3 (69.8%); PC1 (29.7%)。
2118,2024-04-20 18:22:00,2024-04-20 18:28:00,7.0,停机,IsolationForest; Mahalanobis; 单变量IQR+3σ; 残差,502.662,266,Mahalanobis 距离=502.7（阈值=18.5）。主要贡献特征：PC1 (53.0%); PC3 (44.5%); PC4 (2.4%)。
2119,2024-04-20 18:31:00,2024-04-20 18:43:00,13.0,停机,IsolationForest; Mahalanobis; 单变量IQR+3σ; 残差,258.243,494,Mahalanobis 距离=258.2（阈值=18.5）。主要贡献特征：PC3 (52.7%); PC1 (39.9%); PC4 (7.4%)。
2120,2024-04-20 18:45:00,2024-04-20 19:18:00,34.0,待机,IsolationForest; Mahalanobis; 单变量IQR+3σ; 残差,3989.145,1292,Mahalanobis 距离=3989.1（阈值=18.5）。主要贡献特征：PC1 (87.3%); PC3 (12.7%)。
2121,2024-04-20 19:20:00,2024-04-20 19:29:00,10.0,停机,IsolationForest; Mahalanobis; 单变量IQR+3σ; 残差,1850.374,380,Mahalanobis 距离=1850.4（阈值=18.5）。主要贡献特征：PC1 (86.5%); PC3 (12.7%)。
2122,2024-04-20 19:32:00,2024-04-20 19:41:00,10.0,待机,IsolationForest; Mahalanobis; 单变量IQR+3σ; 残差,3352.991,380,Mahalanobis 距离=3353.0（阈值=18.5）。主要贡献特征：PC1 (85.8%); PC3 (14.1%)。
2123,2024-04-20 19:46:00,2024-04-20 19:48:00,3.0,重载牵引,IsolationForest; Mahalanobis; 单变量IQR+3σ; 残差,34.078,114,Mahalanobis 距离=34.1（阈值=18.5）。主要贡献特征：PC1 (99.6%)。
2124,2024-04-20 19:50:00,2024-04-20 20:11:00,22.0,重载牵引,IsolationForest; Mahalanobis; 单变量IQR+3σ; 残差,6.087,836,残差异常：采煤机_油泵_右电机_电流 偏高（残差 Z-score=6.1，实际=58.0 vs 预测=17.6）
2125,2024-04-20 20:15:00,2024-04-20 20:15:00,1.0,待机,IsolationForest; Mahalanobis; 单变量IQR+3σ; 残差,3843.714,38,Mahalanobis 距离=3843.7（阈值=18.5）。主要贡献特征：PC1 (85.3%); PC4 (10.1%); PC3 (4.6%)。
2126,2024-04-20 20:23:00,2024-04-20 20:26:00,4.0,停机,IsolationForest; Mahalanobis; 单变量IQR+3σ; 残差,1857.915,152,Mahalanobis 距离=1857.9（阈值=18.5）。主要贡献特征：PC1 (96.0%); PC4 (4.0%)。
2127,2024-04-20 20:31:00,2024-04-20 20:40:00,10.0,停机,IsolationForest; Mahalanobis; 单变量IQR+3σ; 残差,1523.129,380,Mahalanobis 距离=1523.1（阈值=18.5）。主要贡献特征：PC1 (92.6%); PC3 (4.9%); PC4 (2.5%)。
2128,2024-04-20 20:42:00,2024-04-20 20:42:00,1.0,重载牵引,IsolationForest; Mahalanobis; 单变量IQR+3σ; 残差,5.277,38,正常
2129,2024-04-20 20:47:00,2024-04-20 20:47:00,1.0,待机,IsolationForest; Mahalanobis; 单变量IQR+3σ; 残差,4681.961,38,Mahalanobis 距离=4682.0（阈值=18.5）。主要贡献特征：PC1 (86.3%); PC4 (13.5%)。
2130,2024-04-20 20:51:00,2024-04-20 20:51:00,1.0,重载牵引,IsolationForest; Mahalanobis; 单变量IQR+3σ; 残差,5.736,38,正常
2131,2024-04-20 20:55:00,2024-04-20 21:03:00,9.0,待机,IsolationForest; Mahalanobis; 单变量IQR+3σ; 残差,35931.89,342,Mahalanobis 距离=35931.9（阈值=18.5）。主要贡献特征：PC3 (96.2%); PC1 (3.6%)。
2132,2024-04-20 21:12:00,2024-04-20 21:12:00,1.0,停机,IsolationForest; Mahalanobis; 单变量IQR+3σ; 残差,1720.836,38,Mahalanobis 距离=1720.8（阈值=18.5）。主要贡献特征：PC1 (94.7%); PC3 (4.5%)。
2133,2024-04-20 21:14:00,2024-04-20 21:15:00,2.0,待机,IsolationForest; Mahalanobis; 单变量IQR+3σ; 残差,4068.995,76,Mahalanobis 距离=4069.0（阈值=18.5）。主要贡献特征：PC1 (87.7%); PC3 (7.0%); PC4 (5.3%)。
2134,2024-04-20 21:18:00,2024-04-20 21:19:00,2.0,停机,IsolationForest; Mahalanobis; 单变量IQR+3σ; 残差,1316.906,76,Mahalanobis 距离=1316.9（阈值=18.5）。主要贡献特征：PC1 (89.7%); PC3 (9.6%)。
2135,2024-04-20 21:23:00,2024-04-20 21:23:00,1.0,待机,IsolationForest; Mahalanobis; 单变量IQR+3σ; 残差,3709.303,38,Mahalanobis 距离=3709.3（阈值=18.5）。主要贡献特征：PC1 (79.1%); PC3 (16.3%); PC4 (4.6%)。
2136,2024-04-20 21:26:00,2024-04-20 21:26:00,1.0,停机,IsolationForest; Mahalanobis; 单变量IQR+3σ; 残差,1437.05,38,Mahalanobis 距离=1437.0（阈值=18.5）。主要贡献特征：PC1 (88.6%); PC3 (10.9%)。
2137,2024-04-20 21:44:00,2024-04-20 21:44:00,1.0,待机,IsolationForest; Mahalanobis; 单变量IQR+3σ; 残差,5696.035,38,Mahalanobis 距离=5696.0（阈值=18.5）。主要贡献特征：PC1 (98.8%)。
2138,2024-04-20 21:47:00,2024-04-20 21:47:00,1.0,待机,IsolationForest; Mahalanobis; 单变量IQR+3σ; 残差,4644.194,38,Mahalanobis 距离=4644.2（阈值=18.5）。主要贡献特征：PC1 (91.3%); PC3 (8.1%)。
2139,2024-04-20 21:51:00,2024-04-20 21:53:00,3.0,重载牵引,IsolationForest; Mahalanobis; 单变量IQR+3σ; 残差,5.68,114,正常
2140,2024-04-20 21:57:00,2024-04-20 21:59:00,3.0,重载牵引,IsolationForest; Mahalanobis; 单变量IQR+3σ; 残差,5.271,114,正常
2141,2024-04-20 22:01:00,2024-04-20 22:03:00,3.0,重载牵引,IsolationForest; Mahalanobis; 单变量IQR+3σ; 残差,5.901,114,正常
2142,2024-04-20 22:05:00,2024-04-20 22:07:00,3.0,重载牵引,IsolationForest; Mahalanobis; 单变量IQR+3σ; 残差,7.288,114,正常
2143,2024-04-20 22:11:00,2024-04-20 22:16:00,6.0,停机,IsolationForest; Mahalanobis; 单变量IQR+3σ; 残差,2103.409,228,Mahalanobis 距离=2103.4（阈值=18.5）。主要贡献特征：PC1 (84.2%); PC3 (11.2%); PC4 (4.5%)。
2144,2024-04-20 22:18:00,2024-04-20 22:20:00,3.0,待机,IsolationForest; Mahalanobis; 单变量IQR+3σ; 残差,24210.445,114,Mahalanobis 距离=24210.4（阈值=18.5）。主要贡献特征：PC3 (97.1%); PC1 (2.3%)。
2145,2024-04-20 22:24:00,2024-04-20 22:24:00,1.0,重载牵引,IsolationForest; Mahalanobis; 单变量IQR+3σ; 残差,4.697,38,正常
2146,2024-04-20 22:38:00,2024-04-20 22:38:00,1.0,待机,IsolationForest; Mahalanobis; 单变量IQR+3σ; 残差,5161.694,38,Mahalanobis 距离=5161.7（阈值=18.5）。主要贡献特征：PC1 (87.2%); PC3 (11.5%); PC4 (1.3%)。
2147,2024-04-20 22:41:00,2024-04-20 22:45:00,5.0,停机,IsolationForest; Mahalanobis; 单变量IQR+3σ; 残差,1067.563,190,Mahalanobis 距离=1067.6（阈值=18.5）。主要贡献特征：PC1 (64.6%); PC3 (33.6%); PC4 (1.8%)。
2148,2024-04-20 22:48:00,2024-04-20 22:48:00,1.0,停机,IsolationForest; Mahalanobis; 单变量IQR+3σ; 残差,2101.217,38,Mahalanobis 距离=2101.2（阈值=18.5）。主要贡献特征：PC1 (90.7%); PC3 (8.0%); PC4 (1.4%)。
2149,2024-04-20 22:50:00,2024-04-20 22:52:00,3.0,重载牵引,IsolationForest; Mahalanobis; 单变量IQR+3σ; 残差,2.715,114,单变量异常：采煤机_截割部位_左滚筒_电机_电流（z-score=2.7，实际=211.0，均值=95.4±42.6）
2150,2024-04-20 22:54:00,2024-04-20 22:54:00,1.0,待机,IsolationForest; Mahalanobis; 单变量IQR+3σ; 残差,4390.361,38,Mahalanobis 距离=4390.4（阈值=18.5）。主要贡献特征：PC1 (86.1%); PC3 (13.8%)。
2151,2024-04-20 22:57:00,2024-04-20 22:57:00,1.0,重载牵引,IsolationForest; Mahalanobis; 单变量IQR+3σ; 残差,6.177,38,残差异常：采煤机_油泵_右电机_电流 偏高（残差 Z-score=6.2，实际=58.0 vs 预测=17.0）
2152,2024-04-20 22:59:00,2024-04-20 22:59:00,1.0,待机,IsolationForest; Mahalanobis; 单变量IQR+3σ; 残差,4042.343,38,Mahalanobis 距离=4042.3（阈值=18.5）。主要贡献特征：PC1 (82.9%); PC3 (16.9%)。
2153,2024-04-20 23:02:00,2024-04-20 23:02:00,1.0,重载牵引,IsolationForest; Mahalanobis; 单变量IQR+3σ; 残差,3.395,38,残差异常：采煤机_截割部位_左滚筒_电机_电流 偏高（残差 Z-score=3.4，实际=221.0 vs 预测=84.2）
2154,2024-04-20 23:14:00,2024-04-20 23:17:00,4.0,待机,IsolationForest; Mahalanobis; 单变量IQR+3σ; 残差,3729.02,152,Mahalanobis 距离=3729.0（阈值=18.5）。主要贡献特征：PC1 (78.2%); PC3 (20.8%)。
2155,2024-04-20 23:26:00,2024-04-20 23:30:00,5.0,待机,IsolationForest; Mahalanobis; 单变量IQR+3σ; 残差,4184.663,190,Mahalanobis 距离=4184.7（阈值=18.5）。主要贡献特征：PC1 (90.4%); PC3 (6.3%); PC4 (3.3%)。
2156,2024-04-20 23:39:00,2024-04-20 23:39:00,1.0,重载牵引,IsolationForest; Mahalanobis; 单变量IQR+3σ; 残差,3.108,38,正常
2157,2024-04-20 23:54:00,2024-04-20 23:58:00,5.0,待机,IsolationForest; Mahalanobis; 单变量IQR+3σ; 残差,3522.882,190,Mahalanobis 距离=3522.9（阈值=18.5）。主要贡献特征：PC1 (84.1%); PC4 (12.9%); PC3 (3.1%)。
2158,2024-04-21 00:00:00,2024-04-21 00:00:00,1.0,停机,IsolationForest; Mahalanobis; 单变量IQR+3σ; 残差,1352.197,38,Mahalanobis 距离=1352.2（阈值=18.5）。主要贡献特征：PC1 (93.2%); PC3 (4.0%); PC4 (2.8%)。
2159,2024-04-21 00:03:00,2024-04-21 00:07:00,5.0,停机,IsolationForest; Mahalanobis; 单变量IQR+3σ; 残差,1394.538,190,Mahalanobis 距离=1394.5（阈值=18.5）。主要贡献特征：PC1 (91.4%); PC3 (6.0%); PC4 (2.6%)。
2160,2024-04-21 00:11:00,2024-04-21 00:12:00,2.0,待机,IsolationForest; Mahalanobis; 单变量IQR+3σ; 残差,2136.223,76,Mahalanobis 距离=2136.2（阈值=18.5）。主要贡献特征：PC1 (52.2%); PC4 (34.7%); PC3 (13.1%)。
2161,2024-04-21 00:19:00,2024-04-21 00:19:00,1.0,重载牵引,IsolationForest; Mahalanobis; 单变量IQR+3σ; 残差,4.994,38,正常
2162,2024-04-21 00:27:00,2024-04-21 00:34:00,8.0,待机,IsolationForest; Mahalanobis; 单变量IQR+3σ; 残差,6501.987,304,Mahalanobis 距离=6502.0（阈值=18.5）。主要贡献特征：PC1 (88.6%); PC3 (6.7%); PC4 (4.7%)。
2163,2024-04-21 00:39:00,2024-04-21 00:41:00,3.0,停机,IsolationForest; Mahalanobis; 单变量IQR+3σ; 残差,382.944,114,Mahalanobis 距离=382.9（阈值=18.5）。主要贡献特征：PC1 (76.2%); PC3 (22.5%); PC4 (1.3%)。
2164,2024-04-21 00:47:00,2024-04-21 00:48:00,2.0,待机,IsolationForest; Mahalanobis; 单变量IQR+3σ; 残差,4607.653,76,Mahalanobis 距离=4607.7（阈值=18.5）。主要贡献特征：PC1 (94.8%); PC3 (2.9%); PC4 (2.3%)。
2165,2024-04-21 01:07:00,2024-04-21 01:12:00,6.0,重载牵引,IsolationForest; Mahalanobis; 单变量IQR+3σ; 残差,6.847,228,正常
2166,2024-04-21 01:17:00,2024-04-21 01:19:00,3.0,重载牵引,IsolationForest; Mahalanobis; 单变量IQR+3σ; 残差,2.91,114,正常
2167,2024-04-21 01:21:00,2024-04-21 01:21:00,1.0,重载牵引,IsolationForest; Mahalanobis; 单变量IQR+3σ; 残差,4.994,38,正常
2168,2024-04-21 01:29:00,2024-04-21 01:29:00,1.0,重载牵引,IsolationForest; Mahalanobis; 单变量IQR+3σ; 残差,3.214,38,正常
2169,2024-04-21 01:35:00,2024-04-21 01:35:00,1.0,重载牵引,IsolationForest; Mahalanobis; 单变量IQR+3σ; 残差,3.164,38,残差异常：采煤机_油泵_右电机_电流 偏高（残差 Z-score=3.2，实际=38.0 vs 预测=17.0）
2170,2024-04-21 01:38:00,2024-04-21 01:38:00,1.0,重载牵引,IsolationForest; Mahalanobis; 单变量IQR+3σ; 残差,6.453,38,正常
2171,2024-04-21 01:41:00,2024-04-21 01:43:00,3.0,重载牵引,IsolationForest; Mahalanobis; 单变量IQR+3σ; 残差,2.948,114,正常
2172,2024-04-21 01:46:00,2024-04-21 01:46:00,1.0,待机,IsolationForest; Mahalanobis; 单变量IQR+3σ; 残差,4073.75,38,Mahalanobis 距离=4073.7（阈值=18.5）。主要贡献特征：PC1 (76.7%); PC3 (23.2%)。
2173,2024-04-21 01:52:00,2024-04-21 01:53:00,2.0,待机,IsolationForest; Mahalanobis; 单变量IQR+3σ; 残差,4588.172,76,Mahalanobis 距离=4588.2（阈值=18.5）。主要贡献特征：PC1 (88.2%); PC3 (11.8%)。
2174,2024-04-21 01:56:00,2024-04-21 01:56:00,1.0,重载牵引,IsolationForest; Mahalanobis; 单变量IQR+3σ; 残差,6.422,38,残差异常：采煤机_破碎机_电机_电流 偏高（残差 Z-score=6.4，实际=72.0 vs 预测=0.0）
2175,2024-04-21 02:10:00,2024-04-21 02:10:00,1.0,重载牵引,IsolationForest; Mahalanobis; 单变量IQR+3σ; 残差,24.349,38,残差异常：采煤机_破碎机_电机_电流 偏高（残差 Z-score=24.3，实际=273.0 vs 预测=0.0）
2176,2024-04-21 02:12:00,2024-04-21 02:16:00,5.0,重载牵引,IsolationForest; Mahalanobis; 单变量IQR+3σ; 残差,5.651,190,正常
2177,2024-04-21 02:19:00,2024-04-21 02:27:00,9.0,待机,IsolationForest; Mahalanobis; 单变量IQR+3σ; 残差,3520.322,342,Mahalanobis 距离=3520.3（阈值=18.5）。主要贡献特征：PC1 (75.1%); PC3 (18.2%); PC4 (6.7%)。
2178,2024-04-21 02:32:00,2024-04-21 02:37:00,6.0,待机,IsolationForest; Mahalanobis; 单变量IQR+3σ; 残差,3662.224,228,Mahalanobis 距离=3662.2（阈值=18.5）。主要贡献特征：PC1 (83.0%); PC4 (10.2%); PC3 (6.8%)。
2179,2024-04-21 02:43:00,2024-04-21 02:47:00,5.0,停机,IsolationForest; Mahalanobis; 单变量IQR+3σ; 残差,1143.55,190,Mahalanobis 距离=1143.5（阈值=18.5）。主要贡献特征：PC1 (93.4%); PC4 (6.4%)。
2180,2024-04-21 02:54:00,2024-04-21 02:54:00,1.0,停机,IsolationForest; Mahalanobis; 单变量IQR+3σ; 残差,1637.807,38,Mahalanobis 距离=1637.8（阈值=18.5）。主要贡献特征：PC1 (94.8%); PC4 (2.9%); PC3 (2.3%)。
2181,2024-04-21 02:57:00,2024-04-21 03:00:00,4.0,待机,IsolationForest; Mahalanobis; 单变量IQR+3σ; 残差,3731.463,152,Mahalanobis 距离=3731.5（阈值=18.5）。主要贡献特征：PC1 (82.9%); PC4 (11.0%); PC3 (6.1%)。
2182,2024-04-21 03:03:00,2024-04-21 03:03:00,1.0,停机,IsolationForest; Mahalanobis; 单变量IQR+3σ; 残差,1773.15,38,Mahalanobis 距离=1773.1（阈值=18.5）。主要贡献特征：PC1 (95.2%); PC4 (2.8%); PC3 (1.9%)。
2183,2024-04-21 03:05:00,2024-04-21 03:10:00,6.0,待机,IsolationForest; Mahalanobis; 单变量IQR+3σ; 残差,4093.026,228,Mahalanobis 距离=4093.0（阈值=18.5）。主要贡献特征：PC1 (85.9%); PC4 (13.5%)。
2184,2024-04-21 03:15:00,2024-04-21 03:36:00,22.0,待机,IsolationForest; Mahalanobis; 单变量IQR+3σ; 残差,5573.068,836,Mahalanobis 距离=5573.1（阈值=18.5）。主要贡献特征：PC1 (85.0%); PC4 (11.1%); PC3 (3.9%)。
2185,2024-04-21 03:38:00,2024-04-21 03:38:00,1.0,重载牵引,IsolationForest; Mahalanobis; 单变量IQR+3σ; 残差,6.69,38,残差异常：采煤机_油泵_右电机_电流 偏高（残差 Z-score=6.7，实际=62.0 vs 预测=17.6）
2186,2024-04-21 03:41:00,2024-04-21 03:41:00,1.0,重载牵引,IsolationForest; Mahalanobis; 单变量IQR+3σ; 残差,3.499,38,正常
2187,2024-04-21 03:45:00,2024-04-21 03:45:00,1.0,停机,IsolationForest; Mahalanobis; 单变量IQR+3σ; 残差,1636.84,38,Mahalanobis 距离=1636.8（阈值=18.5）。主要贡献特征：PC1 (93.1%); PC3 (6.2%)。
2188,2024-04-21 03:48:00,2024-04-21 03:48:00,1.0,重载牵引,IsolationForest; Mahalanobis; 单变量IQR+3σ; 残差,2.091,38,正常
2189,2024-04-21 03:52:00,2024-04-21 03:52:00,1.0,重载牵引,IsolationForest; Mahalanobis; 单变量IQR+3σ; 残差,3.687,38,残差异常：采煤机_截割部位_右滚筒_电机_电流 偏高（残差 Z-score=3.7，实际=223.0 vs 预测=86.6）
2190,2024-04-21 03:55:00,2024-04-21 03:55:00,1.0,重载牵引,IsolationForest; Mahalanobis; 单变量IQR+3σ; 残差,5.981,38,正常
2191,2024-04-21 03:57:00,2024-04-21 03:57:00,1.0,重载牵引,IsolationForest; Mahalanobis; 单变量IQR+3σ; 残差,6.032,38,正常
2192,2024-04-21 04:00:00,2024-04-21 04:01:00,2.0,停机,IsolationForest; Mahalanobis; 单变量IQR+3σ; 残差,1873.698,76,Mahalanobis 距离=1873.7（阈值=18.5）。主要贡献特征：PC1 (94.0%); PC3 (6.0%)。
2193,2024-04-21 04:03:00,2024-04-21 04:04:00,2.0,停机,IsolationForest; Mahalanobis; 单变量IQR+3σ; 残差,1784.997,76,Mahalanobis 距离=1785.0（阈值=18.5）。主要贡献特征：PC1 (97.9%); PC3 (2.0%)。
2194,2024-04-21 04:07:00,2024-04-21 04:08:00,2.0,待机,IsolationForest; Mahalanobis; 单变量IQR+3σ; 残差,4593.936,76,Mahalanobis 距离=4593.9（阈值=18.5）。主要贡献特征：PC1 (97.6%); PC3 (1.4%)。
2195,2024-04-21 04:14:00,2024-04-21 04:14:00,1.0,重载牵引,IsolationForest; Mahalanobis; 单变量IQR+3σ; 残差,4.846,38,正常
2196,2024-04-21 04:23:00,2024-04-21 04:27:00,5.0,重载牵引,IsolationForest; Mahalanobis; 单变量IQR+3σ; 残差,6.794,190,正常
2197,2024-04-21 04:32:00,2024-04-21 04:32:00,1.0,空载牵引,IsolationForest; Mahalanobis; 单变量IQR+3σ; 残差,3.029,38,残差异常：采煤机_截割部位_右滚筒_电机_温度 偏高（残差 Z-score=3.0，实际=80.0 vs 预测=62.6）
2198,2024-04-21 04:34:00,2024-04-21 04:34:00,1.0,重载牵引,IsolationForest; Mahalanobis; 单变量IQR+3σ; 残差,5.273,38,残差异常：采煤机_油泵_右电机_电流 偏高（残差 Z-score=5.3，实际=52.0 vs 预测=17.0）
2199,2024-04-21 04:36:00,2024-04-21 04:36:00,1.0,重载牵引,IsolationForest; Mahalanobis; 单变量IQR+3σ; 残差,4.172,38,正常
2200,2024-04-21 04:38:00,2024-04-21 04:38:00,1.0,待机,IsolationForest; Mahalanobis; 单变量IQR+3σ; 残差,3695.253,38,Mahalanobis 距离=3695.3（阈值=18.5）。主要贡献特征：PC1 (60.6%); PC3 (38.1%); PC4 (1.3%)。
2201,2024-04-21 04:41:00,2024-04-21 04:41:00,1.0,待机,IsolationForest; Mahalanobis; 单变量IQR+3σ; 残差,5004.561,38,Mahalanobis 距离=5004.6（阈值=18.5）。主要贡献特征：PC1 (84.4%); PC3 (13.9%); PC4 (1.7%)。
2202,2024-04-21 04:51:00,2024-04-21 04:51:00,1.0,重载牵引,IsolationForest; Mahalanobis; 单变量IQR+3σ; 残差,4.942,38,残差异常：采煤机_油泵_右电机_电流 偏高（残差 Z-score=4.9，实际=50.0 vs 预测=17.2）
2203,2024-04-21 04:54:00,2024-04-21 04:58:00,5.0,待机,IsolationForest; Mahalanobis; 单变量IQR+3σ; 残差,3525.802,190,Mahalanobis 距离=3525.8（阈值=18.5）。主要贡献特征：PC1 (56.4%); PC3 (43.2%)。
2204,2024-04-21 05:04:00,2024-04-21 05:07:00,4.0,待机,IsolationForest; Mahalanobis; 单变量IQR+3σ; 残差,5312.303,152,Mahalanobis 距离=5312.3（阈值=18.5）。主要贡献特征：PC1 (94.9%); PC3 (5.1%)。
2205,2024-04-21 05:09:00,2024-04-21 05:09:00,1.0,停机,IsolationForest; Mahalanobis; 单变量IQR+3σ; 残差,1239.463,38,Mahalanobis 距离=1239.5（阈值=18.5）。主要贡献特征：PC1 (75.6%); PC3 (23.9%)。
2206,2024-04-21 05:12:00,2024-04-21 05:12:00,1.0,重载牵引,IsolationForest; Mahalanobis; 单变量IQR+3σ; 残差,3.066,38,正常
2207,2024-04-21 05:23:00,2024-04-21 05:24:00,2.0,待机,IsolationForest; Mahalanobis; 单变量IQR+3σ; 残差,4129.155,76,Mahalanobis 距离=4129.2（阈值=18.5）。主要贡献特征：PC1 (88.2%); PC3 (9.2%); PC4 (2.6%)。
2208,2024-04-21 05:27:00,2024-04-21 05:27:00,1.0,重载牵引,IsolationForest; Mahalanobis; 单变量IQR+3σ; 残差,5.605,38,残差异常：采煤机_油泵_右电机_电流 偏高（残差 Z-score=5.6，实际=54.0 vs 预测=16.8）
2209,2024-04-21 05:39:00,2024-04-21 05:39:00,1.0,空载牵引,IsolationForest; Mahalanobis; 单变量IQR+3σ; 残差,1.839,38,正常
2210,2024-04-21 05:42:00,2024-04-21 05:42:00,1.0,重载牵引,IsolationForest; Mahalanobis; 单变量IQR+3σ; 残差,5.243,38,残差异常：采煤机_油泵_右电机_电流 偏高（残差 Z-score=5.2，实际=52.0 vs 预测=17.2）
2211,2024-04-21 05:45:00,2024-04-21 05:45:00,1.0,待机,IsolationForest; Mahalanobis; 单变量IQR+3σ; 残差,3992.294,38,Mahalanobis 距离=3992.3（阈值=18.5）。主要贡献特征：PC1 (85.7%); PC4 (12.9%); PC3 (1.4%)。
2212,2024-04-21 05:52:00,2024-04-21 05:52:00,1.0,待机,IsolationForest; Mahalanobis; 单变量IQR+3σ; 残差,5245.214,38,Mahalanobis 距离=5245.2（阈值=18.5）。主要贡献特征：PC1 (85.7%); PC4 (11.7%); PC3 (2.6%)。
2213,2024-04-21 06:04:00,2024-04-21 06:05:00,2.0,停机,IsolationForest; Mahalanobis; 单变量IQR+3σ; 残差,1858.738,76,Mahalanobis 距离=1858.7（阈值=18.5）。主要贡献特征：PC1 (96.5%); PC4 (2.8%)。
2214,2024-04-21 06:07:00,2024-04-21 06:07:00,1.0,停机,IsolationForest; Mahalanobis; 单变量IQR+3σ; 残差,1362.638,38,Mahalanobis 距离=1362.6（阈值=18.5）。主要贡献特征：PC1 (91.9%); PC3 (5.3%); PC4 (2.7%)。
2215,2024-04-21 06:10:00,2024-04-21 06:11:00,2.0,停机,IsolationForest; Mahalanobis; 单变量IQR+3σ; 残差,1540.665,76,Mahalanobis 距离=1540.7（阈值=18.5）。主要贡献特征：PC1 (93.2%); PC3 (4.5%); PC4 (2.2%)。
2216,2024-04-21 06:13:00,2024-04-21 06:13:00,1.0,待机,IsolationForest; Mahalanobis; 单变量IQR+3σ; 残差,3579.61,38,Mahalanobis 距离=3579.6（阈值=18.5）。主要贡献特征：PC1 (80.1%); PC3 (10.3%); PC4 (9.6%)。
2217,2024-04-21 06:17:00,2024-04-21 06:17:00,1.0,重载牵引,IsolationForest; Mahalanobis; 单变量IQR+3σ; 残差,3.194,38,残差异常：采煤机_牵引部位_左电机_电流 偏高（残差 Z-score=3.2，实际=190.0 vs 预测=93.4）
2218,2024-04-21 06:22:00,2024-04-21 06:22:00,1.0,待机,IsolationForest; Mahalanobis; 单变量IQR+3σ; 残差,4722.285,38,Mahalanobis 距离=4722.3（阈值=18.5）。主要贡献特征：PC1 (93.4%); PC4 (6.3%)。
2219,2024-04-21 06:25:00,2024-04-21 06:25:00,1.0,待机,IsolationForest; Mahalanobis; 单变量IQR+3σ; 残差,5458.898,38,Mahalanobis 距离=5458.9（阈值=18.5）。主要贡献特征：PC1 (94.5%); PC4 (5.1%)。
2220,2024-04-21 06:33:00,2024-04-21 06:37:00,5.0,待机,IsolationForest; Mahalanobis; 单变量IQR+3σ; 残差,5864.116,190,Mahalanobis 距离=5864.1（阈值=18.5）。主要贡献特征：PC1 (96.3%); PC4 (3.0%)。
2221,2024-04-21 06:47:00,2024-04-21 06:51:00,5.0,待机,IsolationForest; Mahalanobis; 单变量IQR+3σ; 残差,3825.206,190,Mahalanobis 距离=3825.2（阈值=18.5）。主要贡献特征：PC1 (80.4%); PC3 (17.3%); PC4 (2.2%)。
2222,2024-04-21 06:53:00,2024-04-21 06:53:00,1.0,停机,IsolationForest; Mahalanobis; 单变量IQR+3σ; 残差,1226.855,38,Mahalanobis 距离=1226.9（阈值=18.5）。主要贡献特征：PC1 (83.8%); PC3 (16.1%)。
2223,2024-04-21 07:05:00,2024-04-21 07:05:00,1.0,重载牵引,IsolationForest; Mahalanobis; 单变量IQR+3σ; 残差,1.401,38,正常
2224,2024-04-21 07:11:00,2024-04-21 07:11:00,1.0,待机,IsolationForest; Mahalanobis; 单变量IQR+3σ; 残差,4777.81,38,Mahalanobis 距离=4777.8（阈值=18.5）。主要贡献特征：PC1 (90.3%); PC3 (9.6%)。
2225,2024-04-21 07:13:00,2024-04-21 07:21:00,9.0,待机,IsolationForest; Mahalanobis; 单变量IQR+3σ; 残差,9608.41,342,Mahalanobis 距离=9608.4（阈值=18.5）。主要贡献特征：PC1 (79.5%); PC3 (19.3%); PC4 (1.1%)。
2226,2024-04-21 07:24:00,2024-04-21 07:24:00,1.0,重载牵引,IsolationForest; Mahalanobis; 单变量IQR+3σ; 残差,5.922,38,正常
2227,2024-04-21 07:26:00,2024-04-21 07:26:00,1.0,待机,IsolationForest; Mahalanobis; 单变量IQR+3σ; 残差,6540.885,38,Mahalanobis 距离=6540.9（阈值=18.5）。主要贡献特征：PC1 (95.3%); PC4 (3.2%); PC3 (1.5%)。
2228,2024-04-21 07:28:00,2024-04-21 07:28:00,1.0,重载牵引,IsolationForest; Mahalanobis; 单变量IQR+3σ; 残差,5.635,38,残差异常：采煤机_油泵_右电机_电流 偏高（残差 Z-score=5.6，实际=54.0 vs 预测=16.6）
2229,2024-04-21 07:31:00,2024-04-21 07:31:00,1.0,重载牵引,IsolationForest; Mahalanobis; 单变量IQR+3σ; 残差,5.142,38,正常
2230,2024-04-21 07:39:00,2024-04-21 07:39:00,1.0,重载牵引,IsolationForest; Mahalanobis; 单变量IQR+3σ; 残差,3.177,38,残差异常：采煤机_截割部位_左滚筒_电机_电流 偏高（残差 Z-score=3.2，实际=197.0 vs 预测=69.0）
2231,2024-04-21 07:47:00,2024-04-21 07:47:00,1.0,待机,IsolationForest; Mahalanobis; 单变量IQR+3σ; 残差,3479.28,38,Mahalanobis 距离=3479.3（阈值=18.5）。主要贡献特征：PC1 (56.6%); PC3 (43.0%)。
2232,2024-04-21 08:00:00,2024-04-21 08:00:00,1.0,待机,IsolationForest; Mahalanobis; 单变量IQR+3σ; 残差,5601.342,38,Mahalanobis 距离=5601.3（阈值=18.5）。主要贡献特征：PC1 (98.7%); PC3 (1.2%)。
2233,2024-04-21 08:03:00,2024-04-21 08:03:00,1.0,待机,IsolationForest; Mahalanobis; 单变量IQR+3σ; 残差,5856.427,38,Mahalanobis 距离=5856.4（阈值=18.5）。主要贡献特征：PC1 (99.6%)。
2234,2024-04-21 08:06:00,2024-04-21 08:07:00,2.0,待机,IsolationForest; Mahalanobis; 单变量IQR+3σ; 残差,4301.807,76,Mahalanobis 距离=4301.8（阈值=18.5）。主要贡献特征：PC1 (88.8%); PC3 (10.7%)。
2235,2024-04-21 08:09:00,2024-04-21 08:09:00,1.0,待机,IsolationForest; Mahalanobis; 单变量IQR+3σ; 残差,3767.458,38,Mahalanobis 距离=3767.5（阈值=18.5）。主要贡献特征：PC1 (79.4%); PC3 (19.8%)。
2236,2024-04-21 08:13:00,2024-04-21 08:17:00,5.0,停机,IsolationForest; Mahalanobis; 单变量IQR+3σ; 残差,1695.28,190,Mahalanobis 距离=1695.3（阈值=18.5）。主要贡献特征：PC1 (91.7%); PC3 (8.2%)。
2237,2024-04-21 08:20:00,2024-04-21 08:29:00,10.0,待机,IsolationForest; Mahalanobis; 单变量IQR+3σ; 残差,3187.116,380,Mahalanobis 距离=3187.1（阈值=18.5）。主要贡献特征：PC1 (76.9%); PC3 (20.0%); PC4 (3.1%)。
2238,2024-04-21 08:31:00,2024-04-21 08:34:00,4.0,待机,IsolationForest; Mahalanobis; 单变量IQR+3σ; 残差,3827.876,152,Mahalanobis 距离=3827.9（阈值=18.5）。主要贡献特征：PC1 (86.8%); PC3 (8.7%); PC4 (4.5%)。
2239,2024-04-21 08:37:00,2024-04-21 08:39:00,3.0,待机,IsolationForest; Mahalanobis; 单变量IQR+3σ; 残差,3528.011,114,Mahalanobis 距离=3528.0（阈值=18.5）。主要贡献特征：PC1 (79.7%); PC3 (14.0%); PC4 (6.2%)。
2240,2024-04-21 08:41:00,2024-04-21 08:41:00,1.0,待机,IsolationForest; Mahalanobis; 单变量IQR+3σ; 残差,3609.443,38,Mahalanobis 距离=3609.4（阈值=18.5）。主要贡献特征：PC1 (81.5%); PC3 (11.1%); PC4 (7.4%)。
2241,2024-04-21 08:44:00,2024-04-21 08:49:00,6.0,待机,IsolationForest; Mahalanobis; 单变量IQR+3σ; 残差,3835.746,228,Mahalanobis 距离=3835.7（阈值=18.5）。主要贡献特征：PC1 (81.7%); PC3 (9.9%); PC4 (8.3%)。
2242,2024-04-21 08:54:00,2024-04-21 08:58:00,5.0,待机,IsolationForest; Mahalanobis; 单变量IQR+3σ; 残差,3652.825,190,Mahalanobis 距离=3652.8（阈值=18.5）。主要贡献特征：PC1 (83.7%); PC4 (12.5%); PC3 (3.7%)。
2243,2024-04-21 09:00:00,2024-04-21 09:01:00,2.0,待机,IsolationForest; Mahalanobis; 单变量IQR+3σ; 残差,3737.966,76,Mahalanobis 距离=3738.0（阈值=18.5）。主要贡献特征：PC1 (84.0%); PC4 (13.9%); PC3 (2.1%)。
2244,2024-04-21 09:10:00,2024-04-21 09:10:00,1.0,重载牵引,IsolationForest; Mahalanobis; 单变量IQR+3σ; 残差,4.219,38,残差异常：采煤机_油泵_右电机_电流 偏高（残差 Z-score=4.2，实际=45.0 vs 预测=17.0）
2245,2024-04-21 09:14:00,2024-04-21 09:14:00,1.0,待机,IsolationForest; Mahalanobis; 单变量IQR+3σ; 残差,4884.989,38,Mahalanobis 距离=4885.0（阈值=18.5）。主要贡献特征：PC1 (85.6%); PC4 (13.1%); PC3 (1.2%)。
2246,2024-04-21 09:27:00,2024-04-21 09:27:00,1.0,重载牵引,IsolationForest; Mahalanobis; 单变量IQR+3σ; 残差,3.659,38,正常
2247,2024-04-21 09:29:00,2024-04-21 09:29:00,1.0,重载牵引,IsolationForest; Mahalanobis; 单变量IQR+3σ; 残差,3.519,38,残差异常：采煤机_截割部位_右滚筒_电机_电流 偏高（残差 Z-score=3.5，实际=217.0 vs 预测=86.8）
2248,2024-04-21 09:33:00,2024-04-21 09:36:00,4.0,待机,IsolationForest; Mahalanobis; 单变量IQR+3σ; 残差,3326.285,152,Mahalanobis 距离=3326.3（阈值=18.5）。主要贡献特征：PC1 (86.9%); PC3 (7.9%); PC4 (5.2%)。
2249,2024-04-21 09:42:00,2024-04-21 09:42:00,1.0,重载牵引,IsolationForest; Mahalanobis; 单变量IQR+3σ; 残差,4.259,38,残差异常：采煤机_截割部位_右滚筒_电机_电流 偏高（残差 Z-score=4.3，实际=254.0 vs 预测=96.4）
2250,2024-04-21 09:47:00,2024-04-21 09:47:00,1.0,重载牵引,IsolationForest; Mahalanobis; 单变量IQR+3σ; 残差,3.807,38,正常
2251,2024-04-21 10:03:00,2024-04-21 10:11:00,9.0,停机,IsolationForest; Mahalanobis; 单变量IQR+3σ; 残差,1380.906,342,Mahalanobis 距离=1380.9（阈值=18.5）。主要贡献特征：PC1 (77.2%); PC3 (21.3%); PC4 (1.4%)。
2252,2024-04-21 12:56:00,2024-04-21 13:17:00,22.0,停机,IsolationForest; Mahalanobis; 单变量IQR+3σ; 残差,400.998,836,Mahalanobis 距离=401.0（阈值=18.5）。主要贡献特征：PC1 (76.1%); PC3 (21.9%); PC4 (2.0%)。
2253,2024-04-21 14:49:00,2024-04-21 15:00:00,12.0,停机,IsolationForest; Mahalanobis; 单变量IQR+3σ; 残差,564.017,456,Mahalanobis 距离=564.0（阈值=18.5）。主要贡献特征：PC1 (58.4%); PC3 (40.4%); PC4 (1.2%)。
2254,2024-04-21 15:17:00,2024-04-21 15:22:00,6.0,待机,IsolationForest; Mahalanobis; 单变量IQR+3σ; 残差,3123.672,228,Mahalanobis 距离=3123.7（阈值=18.5）。主要贡献特征：PC3 (66.7%); PC1 (33.3%)。
2255,2024-04-21 15:39:00,2024-04-21 15:46:00,8.0,停机,IsolationForest; Mahalanobis; 单变量IQR+3σ; 残差,699.516,304,Mahalanobis 距离=699.5（阈值=18.5）。主要贡献特征：PC1 (64.6%); PC3 (31.9%); PC4 (3.4%)。
2256,2024-04-21 16:05:00,2024-04-21 16:16:00,12.0,停机,IsolationForest; Mahalanobis; 单变量IQR+3σ; 残差,526.131,456,Mahalanobis 距离=526.1（阈值=18.5）。主要贡献特征：PC1 (57.4%); PC3 (41.2%); PC4 (1.4%)。
2257,2024-04-21 16:19:00,2024-04-21 16:24:00,6.0,停机,IsolationForest; Mahalanobis; 单变量IQR+3σ; 残差,383.053,228,Mahalanobis 距离=383.1（阈值=18.5）。主要贡献特征：PC1 (53.0%); PC3 (44.5%); PC4 (2.5%)。
2258,2024-04-21 16:34:00,2024-04-21 16:48:00,15.0,停机,IsolationForest; Mahalanobis; 单变量IQR+3σ; 残差,1386.948,570,Mahalanobis 距离=1386.9（阈值=18.5）。主要贡献特征：PC1 (86.2%); PC3 (11.1%); PC4 (2.7%)。
2259,2024-04-21 16:51:00,2024-04-21 16:51:00,1.0,停机,IsolationForest; Mahalanobis; 单变量IQR+3σ; 残差,2361.188,38,Mahalanobis 距离=2361.2（阈值=18.5）。主要贡献特征：PC1 (88.5%); PC3 (6.8%); PC4 (4.7%)。
2260,2024-04-21 16:55:00,2024-04-21 16:55:00,1.0,重载牵引,IsolationForest; Mahalanobis; 单变量IQR+3σ; 残差,4.821,38,残差异常：采煤机_油泵_右电机_电流 偏高（残差 Z-score=4.8，实际=50.0 vs 预测=18.0）
2261,2024-04-21 17:01:00,2024-04-21 17:05:00,5.0,停机,IsolationForest; Mahalanobis; 单变量IQR+3σ; 残差,1515.389,190,Mahalanobis 距离=1515.4（阈值=18.5）。主要贡献特征：PC1 (72.0%); PC3 (25.2%); PC4 (2.8%)。
2262,2024-04-21 17:12:00,2024-04-21 17:17:00,6.0,停机,IsolationForest; Mahalanobis; 单变量IQR+3σ; 残差,1005.56,228,Mahalanobis 距离=1005.6（阈值=18.5）。主要贡献特征：PC1 (63.2%); PC3 (31.2%); PC4 (5.6%)。
2263,2024-04-21 17:28:00,2024-04-21 17:38:00,11.0,重载牵引,IsolationForest; Mahalanobis; 单变量IQR+3σ; 残差,33.922,418,Mahalanobis 距离=33.9（阈值=18.5）。主要贡献特征：PC1 (99.1%)。
2264,2024-04-21 17:43:00,2024-04-21 17:43:00,1.0,停机,IsolationForest; Mahalanobis; 单变量IQR+3σ; 残差,1450.401,38,Mahalanobis 距离=1450.4（阈值=18.5）。主要贡献特征：PC1 (73.7%); PC3 (24.8%); PC4 (1.5%)。
2265,2024-04-21 17:51:00,2024-04-21 17:51:00,1.0,停机,IsolationForest; Mahalanobis; 单变量IQR+3σ; 残差,1542.685,38,Mahalanobis 距离=1542.7（阈值=18.5）。主要贡献特征：PC1 (79.7%); PC3 (19.6%)。
2266,2024-04-21 18:03:00,2024-04-21 18:03:00,1.0,重载牵引,IsolationForest; Mahalanobis; 单变量IQR+3σ; 残差,3.104,38,残差异常：采煤机_破碎机_电机_电流 偏高（残差 Z-score=3.1，实际=39.0 vs 预测=4.2）
2267,2024-04-21 18:08:00,2024-04-21 18:12:00,5.0,待机,IsolationForest; Mahalanobis; 单变量IQR+3σ; 残差,3937.929,190,Mahalanobis 距离=3937.9（阈值=18.5）。主要贡献特征：PC1 (85.8%); PC3 (9.6%); PC4 (4.6%)。
2268,2024-04-21 18:14:00,2024-04-21 18:19:00,6.0,重载牵引,IsolationForest; Mahalanobis; 单变量IQR+3σ; 残差,34.462,228,Mahalanobis 距离=34.5（阈值=18.5）。主要贡献特征：PC1 (99.3%)。
2269,2024-04-21 18:21:00,2024-04-21 18:22:00,2.0,待机,IsolationForest; Mahalanobis; 单变量IQR+3σ; 残差,4003.492,76,Mahalanobis 距离=4003.5（阈值=18.5）。主要贡献特征：PC1 (87.6%); PC4 (7.9%); PC3 (4.5%)。
2270,2024-04-21 18:26:00,2024-04-21 18:30:00,5.0,停机,IsolationForest; Mahalanobis; 单变量IQR+3σ; 残差,1394.772,190,Mahalanobis 距离=1394.8（阈值=18.5）。主要贡献特征：PC1 (90.5%); PC3 (7.8%); PC4 (1.7%)。
2271,2024-04-21 18:35:00,2024-04-21 18:39:00,5.0,待机,IsolationForest; Mahalanobis; 单变量IQR+3σ; 残差,34274.032,190,Mahalanobis 距离=34274.0（阈值=18.5）。主要贡献特征：PC3 (97.1%); PC1 (2.7%)。
2272,2024-04-21 18:44:00,2024-04-21 18:44:00,1.0,重载牵引,IsolationForest; Mahalanobis; 单变量IQR+3σ; 残差,5.142,38,正常
2273,2024-04-21 18:47:00,2024-04-21 18:47:00,1.0,重载牵引,IsolationForest; Mahalanobis; 单变量IQR+3σ; 残差,5.906,38,残差异常：采煤机_油泵_右电机_电流 偏高（残差 Z-score=5.9，实际=57.0 vs 预测=17.8）
2274,2024-04-21 18:55:00,2024-04-21 18:57:00,3.0,停机,IsolationForest; Mahalanobis; 单变量IQR+3σ; 残差,1495.671,114,Mahalanobis 距离=1495.7（阈值=18.5）。主要贡献特征：PC1 (93.2%); PC4 (3.6%); PC3 (3.2%)。
2275,2024-04-21 19:02:00,2024-04-21 19:02:00,1.0,重载牵引,IsolationForest; Mahalanobis; 单变量IQR+3σ; 残差,3.49,38,残差异常：采煤机_牵引部位_右电机_电流 偏高（残差 Z-score=3.5，实际=217.0 vs 预测=111.4）
2276,2024-04-21 19:05:00,2024-04-21 19:05:00,1.0,停机,IsolationForest; Mahalanobis; 单变量IQR+3σ; 残差,1451.031,38,Mahalanobis 距离=1451.0（阈值=18.5）。主要贡献特征：PC1 (91.5%); PC3 (6.6%); PC4 (1.9%)。
2277,2024-04-21 19:15:00,2024-04-21 19:16:00,2.0,待机,IsolationForest; Mahalanobis; 单变量IQR+3σ; 残差,5171.165,76,Mahalanobis 距离=5171.2（阈值=18.5）。主要贡献特征：PC1 (96.5%); PC4 (3.4%)。
2278,2024-04-21 19:18:00,2024-04-21 19:19:00,2.0,待机,IsolationForest; Mahalanobis; 单变量IQR+3σ; 残差,3902.126,76,Mahalanobis 距离=3902.1（阈值=18.5）。主要贡献特征：PC1 (88.9%); PC3 (8.6%); PC4 (2.5%)。
2279,2024-04-21 19:33:00,2024-04-21 19:44:00,12.0,停机,IsolationForest; Mahalanobis; 单变量IQR+3σ; 残差,4246.326,456,Mahalanobis 距离=4246.3（阈值=18.5）。主要贡献特征：PC1 (79.2%); PC3 (17.8%); PC4 (3.0%)。
2280,2024-04-21 19:49:00,2024-04-21 19:51:00,3.0,停机,IsolationForest; Mahalanobis; 单变量IQR+3σ; 残差,1048.204,114,Mahalanobis 距离=1048.2（阈值=18.5）。主要贡献特征：PC1 (68.7%); PC3 (19.4%); PC4 (11.9%)。
2281,2024-04-21 19:56:00,2024-04-21 19:56:00,1.0,重载牵引,IsolationForest; Mahalanobis; 单变量IQR+3σ; 残差,3.375,38,正常
2282,2024-04-21 20:01:00,2024-04-21 20:01:00,1.0,空载牵引,IsolationForest; Mahalanobis; 单变量IQR+3σ; 残差,4.858,38,正常
2283,2024-04-21 20:07:00,2024-04-21 20:07:00,1.0,重载牵引,IsolationForest; Mahalanobis; 单变量IQR+3σ; 残差,5.455,38,残差异常：采煤机_截割部位_左滚筒_电机_电流 偏高（残差 Z-score=5.5，实际=291.0 vs 预测=71.2）
2284,2024-04-21 20:19:00,2024-04-21 20:19:00,1.0,停机,IsolationForest; Mahalanobis; 单变量IQR+3σ; 残差,1508.969,38,Mahalanobis 距离=1509.0（阈值=18.5）。主要贡献特征：PC1 (75.8%); PC3 (22.8%); PC4 (1.5%)。
2285,2024-04-21 20:24:00,2024-04-21 20:24:00,1.0,待机,IsolationForest; Mahalanobis; 单变量IQR+3σ; 残差,3629.606,38,Mahalanobis 距离=3629.6（阈值=18.5）。主要贡献特征：PC1 (64.6%); PC3 (35.4%)。
2286,2024-04-21 20:30:00,2024-04-21 20:30:00,1.0,待机,IsolationForest; Mahalanobis; 单变量IQR+3σ; 残差,4407.712,38,Mahalanobis 距离=4407.7（阈值=18.5）。主要贡献特征：PC1 (88.0%); PC3 (11.8%)。
2287,2024-04-21 20:40:00,2024-04-21 20:41:00,2.0,待机,IsolationForest; Mahalanobis; 单变量IQR+3σ; 残差,5298.099,76,Mahalanobis 距离=5298.1（阈值=18.5）。主要贡献特征：PC1 (96.5%); PC4 (3.5%)。
2288,2024-04-21 20:58:00,2024-04-21 20:58:00,1.0,重载牵引,IsolationForest; Mahalanobis; 单变量IQR+3σ; 残差,3.659,38,正常
2289,2024-04-21 21:01:00,2024-04-21 21:02:00,2.0,待机,IsolationForest; Mahalanobis; 单变量IQR+3σ; 残差,4128.875,76,Mahalanobis 距离=4128.9（阈值=18.5）。主要贡献特征：PC1 (87.1%); PC4 (11.6%); PC3 (1.3%)。
2290,2024-04-21 21:04:00,2024-04-21 21:06:00,3.0,停机,IsolationForest; Mahalanobis; 单变量IQR+3σ; 残差,1319.817,114,Mahalanobis 距离=1319.8（阈值=18.5）。主要贡献特征：PC1 (90.8%); PC3 (6.7%); PC4 (2.5%)。
2291,2024-04-21 21:11:00,2024-04-21 21:17:00,7.0,待机,IsolationForest; Mahalanobis; 单变量IQR+3σ; 残差,4199.433,266,Mahalanobis 距离=4199.4（阈值=18.5）。主要贡献特征：PC1 (86.3%); PC4 (13.0%)。
2292,2024-04-21 21:25:00,2024-04-21 21:25:00,1.0,待机,IsolationForest; Mahalanobis; 单变量IQR+3σ; 残差,4116.594,38,Mahalanobis 距离=4116.6（阈值=18.5）。主要贡献特征：PC1 (88.1%); PC4 (10.1%); PC3 (1.8%)。
2293,2024-04-21 21:28:00,2024-04-21 21:28:00,1.0,重载牵引,IsolationForest; Mahalanobis; 单变量IQR+3σ; 残差,3.659,38,正常
2294,2024-04-21 21:33:00,2024-04-21 21:33:00,1.0,待机,IsolationForest; Mahalanobis; 单变量IQR+3σ; 残差,4511.186,38,Mahalanobis 距离=4511.2（阈值=18.5）。主要贡献特征：PC1 (93.1%); PC4 (5.4%); PC3 (1.5%)。
2295,2024-04-21 21:54:00,2024-04-21 22:07:00,14.0,停机,IsolationForest; Mahalanobis; 单变量IQR+3σ; 残差,9836.999,532,Mahalanobis 距离=9837.0（阈值=18.5）。主要贡献特征：PC3 (88.4%); PC1 (11.1%)。
2296,2024-04-21 22:11:00,2024-04-21 22:11:00,1.0,重载牵引,IsolationForest; Mahalanobis; 单变量IQR+3σ; 残差,3.285,38,残差异常：采煤机_油泵_右电机_电流 偏高（残差 Z-score=3.3，实际=39.0 vs 预测=17.2）
2297,2024-04-21 22:13:00,2024-04-21 22:13:00,1.0,空载牵引,IsolationForest; Mahalanobis; 单变量IQR+3σ; 残差,6.79,38,正常
2298,2024-04-21 22:32:00,2024-04-21 22:33:00,2.0,待机,IsolationForest; Mahalanobis; 单变量IQR+3σ; 残差,3709.95,76,Mahalanobis 距离=3710.0（阈值=18.5）。主要贡献特征：PC1 (64.2%); PC3 (35.6%)。
2299,2024-04-21 22:38:00,2024-04-21 22:39:00,2.0,停机,IsolationForest; Mahalanobis; 单变量IQR+3σ; 残差,1403.295,76,Mahalanobis 距离=1403.3（阈值=18.5）。主要贡献特征：PC1 (76.1%); PC3 (23.1%)。
2300,2024-04-21 22:45:00,2024-04-21 22:47:00,3.0,重载牵引,IsolationForest; Mahalanobis; 单变量IQR+3σ; 残差,4.546,114,正常
2301,2024-04-21 22:50:00,2024-04-21 22:50:00,1.0,重载牵引,IsolationForest; Mahalanobis; 单变量IQR+3σ; 残差,5.439,38,正常
2302,2024-04-21 22:55:00,2024-04-21 22:56:00,2.0,停机,IsolationForest; Mahalanobis; 单变量IQR+3σ; 残差,1479.145,76,Mahalanobis 距离=1479.1（阈值=18.5）。主要贡献特征：PC1 (86.6%); PC3 (13.3%)。
2303,2024-04-21 23:00:00,2024-04-21 23:00:00,1.0,重载牵引,IsolationForest; Mahalanobis; 单变量IQR+3σ; 残差,5.153,38,残差异常：采煤机_油泵_右电机_电流 偏高（残差 Z-score=5.2，实际=51.0 vs 预测=16.8）
2304,2024-04-21 23:04:00,2024-04-21 23:05:00,2.0,待机,IsolationForest; Mahalanobis; 单变量IQR+3σ; 残差,3571.156,76,Mahalanobis 距离=3571.2（阈值=18.5）。主要贡献特征：PC1 (79.9%); PC3 (14.7%); PC4 (5.4%)。
2305,2024-04-21 23:12:00,2024-04-21 23:27:00,16.0,待机,IsolationForest; Mahalanobis; 单变量IQR+3σ; 残差,3496.633,608,Mahalanobis 距离=3496.6（阈值=18.5）。主要贡献特征：PC1 (79.5%); PC3 (12.5%); PC4 (8.0%)。
2306,2024-04-21 23:30:00,2024-04-21 23:33:00,4.0,停机,IsolationForest; Mahalanobis; 单变量IQR+3σ; 残差,948.657,152,Mahalanobis 距离=948.7（阈值=18.5）。主要贡献特征：PC1 (84.0%); PC3 (13.5%); PC4 (2.5%)。
2307,2024-04-21 23:37:00,2024-04-21 23:51:00,15.0,待机,IsolationForest; Mahalanobis; 单变量IQR+3σ; 残差,2102.008,570,Mahalanobis 距离=2102.0（阈值=18.5）。主要贡献特征：PC1 (56.6%); PC4 (32.1%); PC3 (11.2%)。
2308,2024-04-21 23:54:00,2024-04-21 23:55:00,2.0,重载牵引,IsolationForest; Mahalanobis; 单变量IQR+3σ; 残差,33.987,76,Mahalanobis 距离=34.0（阈值=18.5）。主要贡献特征：PC1 (98.8%)。
2309,2024-04-21 23:57:00,2024-04-21 23:59:00,3.0,停机,IsolationForest; Mahalanobis; 单变量IQR+3σ; 残差,1406.957,114,Mahalanobis 距离=1407.0（阈值=18.5）。主要贡献特征：PC1 (91.0%); PC3 (6.0%); PC4 (3.0%)。
2310,2024-04-22 00:01:00,2024-04-22 00:02:00,2.0,重载牵引,IsolationForest; Mahalanobis; 单变量IQR+3σ; 残差,6.453,76,正常
2311,2024-04-22 00:05:00,2024-04-22 00:08:00,4.0,停机,IsolationForest; Mahalanobis; 单变量IQR+3σ; 残差,2456.73,152,Mahalanobis 距离=2456.7（阈值=18.5）。主要贡献特征：PC1 (94.4%); PC3 (2.8%); PC4 (2.8%)。
2312,2024-04-22 00:16:00,2024-04-22 00:16:00,1.0,待机,IsolationForest; Mahalanobis; 单变量IQR+3σ; 残差,4374.077,38,Mahalanobis 距离=4374.1（阈值=18.5）。主要贡献特征：PC1 (87.8%); PC4 (12.1%)。
2313,2024-04-22 00:18:00,2024-04-22 00:18:00,1.0,重载牵引,IsolationForest; Mahalanobis; 单变量IQR+3σ; 残差,4.697,38,正常
2314,2024-04-22 00:22:00,2024-04-22 00:22:00,1.0,停机,IsolationForest; Mahalanobis; 单变量IQR+3σ; 残差,2138.544,38,Mahalanobis 距离=2138.5（阈值=18.5）。主要贡献特征：PC1 (98.8%); PC4 (1.2%)。
2315,2024-04-22 00:24:00,2024-04-22 00:25:00,2.0,重载牵引,IsolationForest; Mahalanobis; 单变量IQR+3σ; 残差,6.477,76,正常
2316,2024-04-22 00:33:00,2024-04-22 00:35:00,3.0,停机,IsolationForest; Mahalanobis; 单变量IQR+3σ; 残差,2577.753,114,Mahalanobis 距离=2577.8（阈值=18.5）。主要贡献特征：PC1 (98.2%); PC3 (1.8%)。
2317,2024-04-22 00:42:00,2024-04-22 00:43:00,2.0,重载牵引,IsolationForest; Mahalanobis; 单变量IQR+3σ; 残差,6.477,76,正常
2318,2024-04-22 00:47:00,2024-04-22 00:47:00,1.0,重载牵引,IsolationForest; Mahalanobis; 单变量IQR+3σ; 残差,3.659,38,残差异常：采煤机_截割部位_右滚筒_电机_电流 偏高（残差 Z-score=3.7，实际=207.0 vs 预测=71.6）
2319,2024-04-22 00:51:00,2024-04-22 00:57:00,7.0,停机,IsolationForest; Mahalanobis; 单变量IQR+3σ; 残差,2570.232,266,Mahalanobis 距离=2570.2（阈值=18.5）。主要贡献特征：PC1 (97.8%); PC4 (1.4%)。
2320,2024-04-22 01:12:00,2024-04-22 01:18:00,7.0,待机,IsolationForest; Mahalanobis; 单变量IQR+3σ; 残差,4971.054,266,Mahalanobis 距离=4971.1（阈值=18.5）。主要贡献特征：PC1 (94.2%); PC3 (5.4%)。
2321,2024-04-22 01:28:00,2024-04-22 01:28:00,1.0,重载牵引,IsolationForest; Mahalanobis; 单变量IQR+3σ; 残差,3.511,38,正常
2322,2024-04-22 01:30:00,2024-04-22 01:30:00,1.0,空载牵引,IsolationForest; Mahalanobis; 单变量IQR+3σ; 残差,7.17,38,正常
2323,2024-04-22 01:32:00,2024-04-22 01:32:00,1.0,重载牵引,IsolationForest; Mahalanobis; 单变量IQR+3σ; 残差,4.994,38,正常
2324,2024-04-22 01:36:00,2024-04-22 01:36:00,1.0,空载牵引,IsolationForest; Mahalanobis; 单变量IQR+3σ; 残差,1.807,38,正常
2325,2024-04-22 01:39:00,2024-04-22 01:39:00,1.0,重载牵引,IsolationForest; Mahalanobis; 单变量IQR+3σ; 残差,3.362,38,正常
2326,2024-04-22 01:42:00,2024-04-22 01:53:00,12.0,停机,IsolationForest; Mahalanobis; 单变量IQR+3σ; 残差,1737.563,456,Mahalanobis 距离=1737.6（阈值=18.5）。主要贡献特征：PC1 (75.4%); PC3 (22.3%); PC4 (2.2%)。
2327,2024-04-22 02:01:00,2024-04-22 02:01:00,1.0,重载牵引,IsolationForest; Mahalanobis; 单变量IQR+3σ; 残差,5.884,38,正常
2328,2024-04-22 02:16:00,2024-04-22 02:17:00,2.0,待机,IsolationForest; Mahalanobis; 单变量IQR+3σ; 残差,4892.653,76,Mahalanobis 距离=4892.7（阈值=18.5）。主要贡献特征：PC1 (96.7%); PC3 (2.0%); PC4 (1.3%)。
2329,2024-04-22 02:19:00,2024-04-22 02:19:00,1.0,停机,IsolationForest; Mahalanobis; 单变量IQR+3σ; 残差,1395.554,38,Mahalanobis 距离=1395.6（阈值=18.5）。主要贡献特征：PC1 (87.6%); PC3 (12.4%)。
2330,2024-04-22 02:21:00,2024-04-22 02:23:00,3.0,待机,IsolationForest; Mahalanobis; 单变量IQR+3σ; 残差,3512.102,114,Mahalanobis 距离=3512.1（阈值=18.5）。主要贡献特征：PC1 (82.1%); PC3 (15.5%); PC4 (2.4%)。
2331,2024-04-22 02:29:00,2024-04-22 02:34:00,6.0,重载牵引,IsolationForest; Mahalanobis; 单变量IQR+3σ; 残差,23.279,228,残差异常：采煤机_破碎机_电机_电流 偏高（残差 Z-score=23.3，实际=261.0 vs 预测=0.0）
2332,2024-04-22 02:42:00,2024-04-22 02:42:00,1.0,重载牵引,IsolationForest; Mahalanobis; 单变量IQR+3σ; 残差,3.3,38,残差异常：采煤机_破碎机_电机_电流 偏高（残差 Z-score=3.3，实际=37.0 vs 预测=0.0）
2333,2024-04-22 02:48:00,2024-04-22 02:48:00,1.0,重载牵引,IsolationForest; Mahalanobis; 单变量IQR+3σ; 残差,5.243,38,残差异常：采煤机_油泵_右电机_电流 偏高（残差 Z-score=5.2，实际=53.0 vs 预测=18.2）
2334,2024-04-22 02:51:00,2024-04-22 02:51:00,1.0,待机,IsolationForest; Mahalanobis; 单变量IQR+3σ; 残差,4178.541,38,Mahalanobis 距离=4178.5（阈值=18.5）。主要贡献特征：PC1 (87.9%); PC4 (11.5%)。
2335,2024-04-22 02:55:00,2024-04-22 03:02:00,8.0,停机,IsolationForest; Mahalanobis; 单变量IQR+3σ; 残差,2773.138,304,Mahalanobis 距离=2773.1（阈值=18.5）。主要贡献特征：PC1 (91.4%); PC3 (5.7%); PC4 (2.8%)。
2336,2024-04-22 03:04:00,2024-04-22 03:06:00,3.0,停机,IsolationForest; Mahalanobis; 单变量IQR+3σ; 残差,1086.944,114,Mahalanobis 距离=1086.9（阈值=18.5）。主要贡献特征：PC1 (80.2%); PC4 (12.0%); PC3 (7.7%)。
2337,2024-04-22 03:14:00,2024-04-22 03:16:00,3.0,重载牵引,IsolationForest; Mahalanobis; 单变量IQR+3σ; 残差,3.962,114,正常
2338,2024-04-22 03:27:00,2024-04-22 03:28:00,2.0,待机,IsolationForest; Mahalanobis; 单变量IQR+3σ; 残差,4159.328,76,Mahalanobis 距离=4159.3（阈值=18.5）。主要贡献特征：PC1 (88.4%); PC3 (10.2%); PC4 (1.4%)。
2339,2024-04-22 03:33:00,2024-04-22 03:33:00,1.0,重载牵引,IsolationForest; Mahalanobis; 单变量IQR+3σ; 残差,3.151,38,残差异常：采煤机_截割部位_右滚筒_电机_电流 偏高（残差 Z-score=3.2，实际=209.0 vs 预测=92.4）
2340,2024-04-22 03:38:00,2024-04-22 03:38:00,1.0,重载牵引,IsolationForest; Mahalanobis; 单变量IQR+3σ; 残差,4.252,38,正常
2341,2024-04-22 03:40:00,2024-04-22 03:40:00,1.0,待机,IsolationForest; Mahalanobis; 单变量IQR+3σ; 残差,5174.678,38,Mahalanobis 距离=5174.7（阈值=18.5）。主要贡献特征：PC1 (94.2%); PC3 (5.8%)。
2342,2024-04-22 03:49:00,2024-04-22 03:57:00,9.0,重载牵引,IsolationForest; Mahalanobis; 单变量IQR+3σ; 残差,5.569,342,正常
2343,2024-04-22 03:59:00,2024-04-22 03:59:00,1.0,待机,IsolationForest; Mahalanobis; 单变量IQR+3σ; 残差,6655.179,38,Mahalanobis 距离=6655.2（阈值=18.5）。主要贡献特征：PC1 (94.7%); PC4 (3.4%); PC3 (2.0%)。
2344,2024-04-22 04:06:00,2024-04-22 04:06:00,1.0,待机,IsolationForest; Mahalanobis; 单变量IQR+3σ; 残差,4400.108,38,Mahalanobis 距离=4400.1（阈值=18.5）。主要贡献特征：PC1 (75.0%); PC3 (23.3%); PC4 (1.7%)。
2345,2024-04-22 04:09:00,2024-04-22 04:09:00,1.0,待机,IsolationForest; Mahalanobis; 单变量IQR+3σ; 残差,3953.042,38,Mahalanobis 距离=3953.0（阈值=18.5）。主要贡献特征：PC1 (64.4%); PC3 (33.8%); PC4 (1.7%)。
2346,2024-04-22 04:11:00,2024-04-22 04:11:00,1.0,重载牵引,IsolationForest; Mahalanobis; 单变量IQR+3σ; 残差,4.066,38,残差异常：采煤机_截割部位_左滚筒_电机_电流 偏高（残差 Z-score=4.1，实际=242.0 vs 预测=78.2）
2347,2024-04-22 04:18:00,2024-04-22 04:21:00,4.0,待机,IsolationForest; Mahalanobis; 单变量IQR+3σ; 残差,3782.838,152,Mahalanobis 距离=3782.8（阈值=18.5）。主要贡献特征：PC1 (65.0%); PC3 (34.5%)。
2348,2024-04-22 04:57:00,2024-04-22 04:57:00,1.0,重载牵引,IsolationForest; Mahalanobis; 单变量IQR+3σ; 残差,4.165,38,残差异常：采煤机_截割部位_左滚筒_电机_电流 偏高（残差 Z-score=4.2，实际=248.0 vs 预测=80.2）
2349,2024-04-22 05:04:00,2024-04-22 05:07:00,4.0,停机,IsolationForest; Mahalanobis; 单变量IQR+3σ; 残差,1183.163,152,Mahalanobis 距离=1183.2（阈值=18.5）。主要贡献特征：PC1 (87.8%); PC3 (10.8%); PC4 (1.4%)。
2350,2024-04-22 05:10:00,2024-04-22 05:11:00,2.0,停机,IsolationForest; Mahalanobis; 单变量IQR+3σ; 残差,971.524,76,Mahalanobis 距离=971.5（阈值=18.5）。主要贡献特征：PC1 (93.6%); PC4 (5.9%)。
2351,2024-04-22 05:14:00,2024-04-22 05:14:00,1.0,重载牵引,IsolationForest; Mahalanobis; 单变量IQR+3σ; 残差,3.924,38,残差异常：采煤机_破碎机_电机_电流 偏高（残差 Z-score=3.9，实际=44.0 vs 预测=0.0）
2352,2024-04-22 05:19:00,2024-04-22 05:19:00,1.0,待机,IsolationForest; Mahalanobis; 单变量IQR+3σ; 残差,3775.126,38,Mahalanobis 距离=3775.1（阈值=18.5）。主要贡献特征：PC1 (83.9%); PC4 (11.1%); PC3 (5.0%)。
2353,2024-04-22 05:23:00,2024-04-22 05:23:00,1.0,重载牵引,IsolationForest; Mahalanobis; 单变量IQR+3σ; 残差,2.391,38,正常
2354,2024-04-22 05:25:00,2024-04-22 05:25:00,1.0,重载牵引,IsolationForest; Mahalanobis; 单变量IQR+3σ; 残差,5.454,38,残差异常：采煤机_油泵_右电机_电流 偏高（残差 Z-score=5.5，实际=54.0 vs 预测=17.8）
2355,2024-04-22 05:27:00,2024-04-22 05:27:00,1.0,待机,IsolationForest; Mahalanobis; 单变量IQR+3σ; 残差,4805.429,38,Mahalanobis 距离=4805.4（阈值=18.5）。主要贡献特征：PC1 (87.5%); PC4 (12.2%)。
2356,2024-04-22 05:29:00,2024-04-22 05:29:00,1.0,空载牵引,IsolationForest; Mahalanobis; 单变量IQR+3σ; 残差,7.936,38,正常
2357,2024-04-22 05:36:00,2024-04-22 05:36:00,1.0,待机,IsolationForest; Mahalanobis; 单变量IQR+3σ; 残差,5385.279,38,Mahalanobis 距离=5385.3（阈值=18.5）。主要贡献特征：PC1 (84.4%); PC4 (12.5%); PC3 (3.0%)。
2358,2024-04-22 05:39:00,2024-04-22 05:40:00,2.0,待机,IsolationForest; Mahalanobis; 单变量IQR+3σ; 残差,5233.237,76,Mahalanobis 距离=5233.2（阈值=18.5）。主要贡献特征：PC1 (86.5%); PC4 (11.7%); PC3 (1.8%)。
2359,2024-04-22 05:53:00,2024-04-22 05:53:00,1.0,重载牵引,IsolationForest; Mahalanobis; 单变量IQR+3σ; 残差,4.549,38,正常
2360,2024-04-22 06:00:00,2024-04-22 06:00:00,1.0,重载牵引,IsolationForest; Mahalanobis; 单变量IQR+3σ; 残差,4.697,38,正常
2361,2024-04-22 06:03:00,2024-04-22 06:03:00,1.0,待机,IsolationForest; Mahalanobis; 单变量IQR+3σ; 残差,4436.427,38,Mahalanobis 距离=4436.4（阈值=18.5）。主要贡献特征：PC1 (90.4%); PC3 (8.9%)。
2362,2024-04-22 06:08:00,2024-04-22 06:11:00,4.0,待机,IsolationForest; Mahalanobis; 单变量IQR+3σ; 残差,8420.887,152,Mahalanobis 距离=8420.9（阈值=18.5）。主要贡献特征：PC1 (86.9%); PC3 (13.1%)。
2363,2024-04-22 06:13:00,2024-04-22 06:16:00,4.0,待机,IsolationForest; Mahalanobis; 单变量IQR+3σ; 残差,4499.917,152,Mahalanobis 距离=4499.9（阈值=18.5）。主要贡献特征：PC1 (84.8%); PC3 (15.2%)。
2364,2024-04-22 06:20:00,2024-04-22 06:20:00,1.0,待机,IsolationForest; Mahalanobis; 单变量IQR+3σ; 残差,4767.201,38,Mahalanobis 距离=4767.2（阈值=18.5）。主要贡献特征：PC1 (86.9%); PC3 (12.8%)。
2365,2024-04-22 06:30:00,2024-04-22 06:31:00,2.0,停机,IsolationForest; Mahalanobis; 单变量IQR+3σ; 残差,2903.874,76,Mahalanobis 距离=2903.9（阈值=18.5）。主要贡献特征：PC1 (94.6%); PC4 (4.7%)。
2366,2024-04-22 06:33:00,2024-04-22 06:34:00,2.0,重载牵引,IsolationForest; Mahalanobis; 单变量IQR+3σ; 残差,5.996,76,正常
2367,2024-04-22 06:37:00,2024-04-22 06:38:00,2.0,重载牵引,IsolationForest; Mahalanobis; 单变量IQR+3σ; 残差,5.324,76,残差异常：采煤机_截割部位_右滚筒_电机_电流 偏高（残差 Z-score=5.3，实际=273.0 vs 预测=76.0）
2368,2024-04-22 06:44:00,2024-04-22 06:44:00,1.0,重载牵引,IsolationForest; Mahalanobis; 单变量IQR+3σ; 残差,3.807,38,正常
2369,2024-04-22 06:46:00,2024-04-22 06:47:00,2.0,停机,IsolationForest; Mahalanobis; 单变量IQR+3σ; 残差,1256.268,76,Mahalanobis 距离=1256.3（阈值=18.5）。主要贡献特征：PC1 (64.4%); PC3 (32.3%); PC4 (3.3%)。
2370,2024-04-22 07:17:00,2024-04-22 07:17:00,1.0,待机,IsolationForest; Mahalanobis; 单变量IQR+3σ; 残差,4112.807,38,Mahalanobis 距离=4112.8（阈值=18.5）。主要贡献特征：PC1 (87.0%); PC3 (11.5%); PC4 (1.5%)。
2371,2024-04-22 07:21:00,2024-04-22 07:24:00,4.0,待机,IsolationForest; Mahalanobis; 单变量IQR+3σ; 残差,6206.369,152,Mahalanobis 距离=6206.4（阈值=18.5）。主要贡献特征：PC1 (95.0%); PC4 (3.0%); PC3 (2.0%)。
2372,2024-04-22 07:35:00,2024-04-22 07:35:00,1.0,重载牵引,IsolationForest; Mahalanobis; 单变量IQR+3σ; 残差,5.725,38,残差异常：采煤机_油泵_右电机_电流 偏高（残差 Z-score=5.7，实际=55.0 vs 预测=17.0）
2373,2024-04-22 07:43:00,2024-04-22 07:43:00,1.0,重载牵引,IsolationForest; Mahalanobis; 单变量IQR+3σ; 残差,4.014,38,残差异常：采煤机_破碎机_电机_电流 偏高（残差 Z-score=4.0，实际=45.0 vs 预测=0.0）
2374,2024-04-22 07:48:00,2024-04-22 07:50:00,3.0,待机,IsolationForest; Mahalanobis; 单变量IQR+3σ; 残差,4103.527,114,Mahalanobis 距离=4103.5（阈值=18.5）。主要贡献特征：PC1 (87.1%); PC4 (11.6%); PC3 (1.3%)。
2375,2024-04-22 07:58:00,2024-04-22 07:58:00,1.0,重载牵引,IsolationForest; Mahalanobis; 单变量IQR+3σ; 残差,3.33,38,残差异常：采煤机_截割部位_右滚筒_电机_电流 偏高（残差 Z-score=3.3，实际=213.0 vs 预测=89.8）
2376,2024-04-22 08:00:00,2024-04-22 08:02:00,3.0,停机,IsolationForest; Mahalanobis; 单变量IQR+3σ; 残差,2665.075,114,Mahalanobis 距离=2665.1（阈值=18.5）。主要贡献特征：PC1 (88.0%); PC3 (9.3%); PC4 (2.7%)。
2377,2024-04-22 08:07:00,2024-04-22 08:07:00,1.0,重载牵引,IsolationForest; Mahalanobis; 单变量IQR+3σ; 残差,3.6,38,正常
2378,2024-04-22 08:11:00,2024-04-22 08:13:00,3.0,停机,IsolationForest; Mahalanobis; 单变量IQR+3σ; 残差,1650.804,114,Mahalanobis 距离=1650.8（阈值=18.5）。主要贡献特征：PC1 (93.5%); PC3 (5.5%); PC4 (1.1%)。
2379,2024-04-22 08:20:00,2024-04-22 08:24:00,5.0,停机,IsolationForest; Mahalanobis; 单变量IQR+3σ; 残差,10182.052,190,Mahalanobis 距离=10182.1（阈值=18.5）。主要贡献特征：PC3 (89.3%); PC1 (10.7%)。
2380,2024-04-22 08:26:00,2024-04-22 08:26:00,1.0,重载牵引,IsolationForest; Mahalanobis; 单变量IQR+3σ; 残差,3.184,38,残差异常：采煤机_截割部位_右滚筒_电机_电流 偏高（残差 Z-score=3.2，实际=211.0 vs 预测=93.2）
2381,2024-04-22 08:30:00,2024-04-22 08:37:00,8.0,空载牵引,IsolationForest; Mahalanobis; 单变量IQR+3σ; 残差,4.268,304,正常
2382,2024-04-22 08:41:00,2024-04-22 08:55:00,15.0,停机,IsolationForest; Mahalanobis; 单变量IQR+3σ; 残差,2242.109,570,Mahalanobis 距离=2242.1（阈值=18.5）。主要贡献特征：PC1 (98.9%)。
2383,2024-04-22 09:01:00,2024-04-22 09:01:00,1.0,待机,IsolationForest; Mahalanobis; 单变量IQR+3σ; 残差,6455.981,38,Mahalanobis 距离=6456.0（阈值=18.5）。主要贡献特征：PC1 (99.9%)。
2384,2024-04-22 09:18:00,2024-04-22 09:18:00,1.0,重载牵引,IsolationForest; Mahalanobis; 单变量IQR+3σ; 残差,5.685,38,正常
2385,2024-04-22 09:21:00,2024-04-22 09:21:00,1.0,重载牵引,IsolationForest; Mahalanobis; 单变量IQR+3σ; 残差,5.736,38,正常
2386,2024-04-22 09:28:00,2024-04-22 09:28:00,1.0,停机,IsolationForest; Mahalanobis; 单变量IQR+3σ; 残差,1268.26,38,Mahalanobis 距离=1268.3（阈值=18.5）。主要贡献特征：PC1 (66.3%); PC3 (31.4%); PC4 (2.3%)。
2387,2024-04-22 09:37:00,2024-04-22 09:37:00,1.0,待机,IsolationForest; Mahalanobis; 单变量IQR+3σ; 残差,4288.975,38,Mahalanobis 距离=4289.0（阈值=18.5）。主要贡献特征：PC1 (68.4%); PC3 (29.3%); PC4 (2.2%)。
2388,2024-04-22 09:39:00,2024-04-22 09:48:00,10.0,停机,IsolationForest; Mahalanobis; 单变量IQR+3σ; 残差,910.0,380,Mahalanobis 距离=910.0（阈值=18.5）。主要贡献特征：PC1 (56.0%); PC3 (41.3%); PC4 (2.7%)。
2389,2024-04-22 09:58:00,2024-04-22 09:59:00,2.0,待机,IsolationForest; Mahalanobis; 单变量IQR+3σ; 残差,3385.611,76,Mahalanobis 距离=3385.6（阈值=18.5）。主要贡献特征：PC1 (57.7%); PC3 (41.1%); PC4 (1.2%)。
2390,2024-04-22 10:02:00,2024-04-22 10:02:00,1.0,待机,IsolationForest; Mahalanobis; 单变量IQR+3σ; 残差,3622.774,38,Mahalanobis 距离=3622.8（阈值=18.5）。主要贡献特征：PC1 (65.6%); PC3 (33.2%); PC4 (1.1%)。
2391,2024-04-22 10:06:00,2024-04-22 10:06:00,1.0,待机,IsolationForest; Mahalanobis; 单变量IQR+3σ; 残差,3839.225,38,Mahalanobis 距离=3839.2（阈值=18.5）。主要贡献特征：PC1 (66.2%); PC3 (33.1%)。
2392,2024-04-22 10:11:00,2024-04-22 10:12:00,2.0,待机,IsolationForest; Mahalanobis; 单变量IQR+3σ; 残差,3743.842,76,Mahalanobis 距离=3743.8（阈值=18.5）。主要贡献特征：PC1 (68.7%); PC3 (31.3%)。
2393,2024-04-22 10:14:00,2024-04-22 10:36:00,23.0,待机,IsolationForest; Mahalanobis; 单变量IQR+3σ; 残差,4156.589,874,Mahalanobis 距离=4156.6（阈值=18.5）。主要贡献特征：PC3 (61.4%); PC1 (38.6%)。
2394,2024-04-22 12:28:00,2024-04-22 14:34:00,127.0,停机,IsolationForest; Mahalanobis; 单变量IQR+3σ; 残差,573.188,4826,Mahalanobis 距离=573.2（阈值=18.5）。主要贡献特征：PC1 (70.4%); PC3 (29.5%)。
2395,2024-04-22 15:34:00,2024-04-22 15:49:00,16.0,停机,IsolationForest; Mahalanobis; 单变量IQR+3σ; 残差,10643.25,608,Mahalanobis 距离=10643.3（阈值=18.5）。主要贡献特征：PC3 (97.6%); PC1 (2.2%)。
2396,2024-04-22 16:04:00,2024-04-22 16:29:00,26.0,待机,IsolationForest; Mahalanobis; 单变量IQR+3σ; 残差,3738.69,988,Mahalanobis 距离=3738.7（阈值=18.5）。主要贡献特征：PC1 (78.1%); PC3 (20.2%); PC4 (1.7%)。
2397,2024-04-22 16:32:00,2024-04-22 16:36:00,5.0,停机,IsolationForest; Mahalanobis; 单变量IQR+3σ; 残差,239.054,190,Mahalanobis 距离=239.1（阈值=18.5）。主要贡献特征：PC1 (71.8%); PC3 (27.9%)。
2398,2024-04-22 16:44:00,2024-04-22 17:04:00,21.0,停机,IsolationForest; Mahalanobis; 单变量IQR+3σ; 残差,1181.592,798,Mahalanobis 距离=1181.6（阈值=18.5）。主要贡献特征：PC1 (85.3%); PC3 (14.5%)。
2399,2024-04-22 17:12:00,2024-04-22 17:12:00,1.0,重载牵引,IsolationForest; Mahalanobis; 单变量IQR+3σ; 残差,5.439,38,正常
2400,2024-04-22 17:20:00,2024-04-22 17:24:00,5.0,停机,IsolationForest; Mahalanobis; 单变量IQR+3σ; 残差,1425.336,190,Mahalanobis 距离=1425.3（阈值=18.5）。主要贡献特征：PC1 (91.1%); PC3 (6.4%); PC4 (2.6%)。
2401,2024-04-22 17:33:00,2024-04-22 17:35:00,3.0,重载牵引,IsolationForest; Mahalanobis; 单变量IQR+3σ; 残差,34.872,114,Mahalanobis 距离=34.9（阈值=18.5）。主要贡献特征：PC1 (98.8%)。
2402,2024-04-22 17:41:00,2024-04-22 17:45:00,5.0,停机,IsolationForest; Mahalanobis; 单变量IQR+3σ; 残差,2092.549,190,Mahalanobis 距离=2092.5（阈值=18.5）。主要贡献特征：PC1 (97.2%); PC4 (2.8%)。
2403,2024-04-22 17:47:00,2024-04-22 17:48:00,2.0,重载牵引,IsolationForest; Mahalanobis; 单变量IQR+3σ; 残差,34.442,76,Mahalanobis 距离=34.4（阈值=18.5）。主要贡献特征：PC1 (99.0%)。
2404,2024-04-22 17:56:00,2024-04-22 17:59:00,4.0,停机,IsolationForest; Mahalanobis; 单变量IQR+3σ; 残差,2950.559,152,Mahalanobis 距离=2950.6（阈值=18.5）。主要贡献特征：PC1 (89.0%); PC3 (10.6%)。
2405,2024-04-22 18:34:00,2024-04-22 18:39:00,6.0,停机,IsolationForest; Mahalanobis; 单变量IQR+3σ; 残差,439.622,228,Mahalanobis 距离=439.6（阈值=18.5）。主要贡献特征：PC1 (74.5%); PC3 (24.4%); PC4 (1.0%)。
2406,2024-04-22 18:41:00,2024-04-22 18:48:00,8.0,停机,IsolationForest; Mahalanobis; 单变量IQR+3σ; 残差,246.37,304,Mahalanobis 距离=246.4（阈值=18.5）。主要贡献特征：PC3 (53.6%); PC1 (45.8%)。
2407,2024-04-22 18:58:00,2024-04-22 18:58:00,1.0,重载牵引,IsolationForest; Mahalanobis; 单变量IQR+3σ; 残差,4.476,38,正常
2408,2024-04-22 19:03:00,2024-04-22 19:11:00,9.0,停机,IsolationForest; Mahalanobis; 单变量IQR+3σ; 残差,3932.757,342,Mahalanobis 距离=3932.8（阈值=18.5）。主要贡献特征：PC1 (86.1%); PC3 (10.8%); PC4 (3.1%)。
2409,2024-04-22 19:26:00,2024-04-22 19:26:00,1.0,重载牵引,IsolationForest; Mahalanobis; 单变量IQR+3σ; 残差,4.55,38,残差异常：采煤机_油泵_右电机_电流 偏高（残差 Z-score=4.6，实际=48.0 vs 预测=17.8）
2410,2024-04-22 19:38:00,2024-04-22 19:38:00,1.0,重载牵引,IsolationForest; Mahalanobis; 单变量IQR+3σ; 残差,3.42,38,残差异常：采煤机_截割部位_左滚筒_电机_电流 偏高（残差 Z-score=3.4，实际=219.0 vs 预测=81.2）
2411,2024-04-22 19:44:00,2024-04-22 19:44:00,1.0,待机,IsolationForest; Mahalanobis; 单变量IQR+3σ; 残差,3776.011,38,Mahalanobis 距离=3776.0（阈值=18.5）。主要贡献特征：PC1 (83.6%); PC3 (8.3%); PC4 (8.1%)。
2412,2024-04-22 19:47:00,2024-04-22 19:55:00,9.0,待机,IsolationForest; Mahalanobis; 单变量IQR+3σ; 残差,3955.36,342,Mahalanobis 距离=3955.4（阈值=18.5）。主要贡献特征：PC1 (85.6%); PC4 (10.9%); PC3 (3.5%)。
2413,2024-04-22 19:57:00,2024-04-22 20:02:00,6.0,停机,IsolationForest; Mahalanobis; 单变量IQR+3σ; 残差,1102.053,228,Mahalanobis 距离=1102.1（阈值=18.5）。主要贡献特征：PC1 (91.1%); PC4 (8.7%)。
2414,2024-04-22 20:07:00,2024-04-22 20:09:00,3.0,重载牵引,IsolationForest; Mahalanobis; 单变量IQR+3σ; 残差,34.28,114,Mahalanobis 距离=34.3（阈值=18.5）。主要贡献特征：PC1 (98.9%)。
2415,2024-04-22 20:12:00,2024-04-22 20:12:00,1.0,重载牵引,IsolationForest; Mahalanobis; 单变量IQR+3σ; 残差,3.193,38,残差异常：采煤机_破碎机_电机_电流 偏高（残差 Z-score=3.2，实际=40.0 vs 预测=4.2）
2416,2024-04-22 20:15:00,2024-04-22 20:17:00,3.0,停机,IsolationForest; Mahalanobis; 单变量IQR+3σ; 残差,1431.201,114,Mahalanobis 距离=1431.2（阈值=18.5）。主要贡献特征：PC1 (94.0%); PC4 (3.3%); PC3 (2.6%)。
2417,2024-04-22 20:27:00,2024-04-22 20:27:00,1.0,重载牵引,IsolationForest; Mahalanobis; 单变量IQR+3σ; 残差,5.906,38,残差异常：采煤机_油泵_右电机_电流 偏高（残差 Z-score=5.9，实际=57.0 vs 预测=17.8）
2418,2024-04-22 20:35:00,2024-04-22 20:35:00,1.0,重载牵引,IsolationForest; Mahalanobis; 单变量IQR+3σ; 残差,4.162,38,残差异常：采煤机_截割部位_右滚筒_电机_电流 偏高（残差 Z-score=4.2，实际=244.0 vs 预测=90.0）
2419,2024-04-22 20:44:00,2024-04-22 20:46:00,3.0,重载牵引,IsolationForest; Mahalanobis; 单变量IQR+3σ; 残差,3.294,114,正常
2420,2024-04-22 20:51:00,2024-04-22 20:57:00,7.0,待机,IsolationForest; Mahalanobis; 单变量IQR+3σ; 残差,5483.167,266,Mahalanobis 距离=5483.2（阈值=18.5）。主要贡献特征：PC1 (98.7%)。
2421,2024-04-22 21:00:00,2024-04-22 21:00:00,1.0,重载牵引,IsolationForest; Mahalanobis; 单变量IQR+3σ; 残差,4.43,38,残差异常：采煤机_油泵_右电机_电流 偏高（残差 Z-score=4.4，实际=47.0 vs 预测=17.6）
2422,2024-04-22 21:05:00,2024-04-22 21:05:00,1.0,重载牵引,IsolationForest; Mahalanobis; 单变量IQR+3σ; 残差,3.674,38,正常
2423,2024-04-22 21:09:00,2024-04-22 21:09:00,1.0,重载牵引,IsolationForest; Mahalanobis; 单变量IQR+3σ; 残差,4.549,38,正常
2424,2024-04-22 21:11:00,2024-04-22 21:11:00,1.0,重载牵引,IsolationForest; Mahalanobis; 单变量IQR+3σ; 残差,6.78,38,残差异常：采煤机_油泵_右电机_电流 偏高（残差 Z-score=6.8，实际=62.0 vs 预测=17.0）
2425,2024-04-22 21:18:00,2024-04-22 21:18:00,1.0,重载牵引,IsolationForest; Mahalanobis; 单变量IQR+3σ; 残差,4.994,38,正常
2426,2024-04-22 21:24:00,2024-04-22 21:24:00,1.0,重载牵引,IsolationForest; Mahalanobis; 单变量IQR+3σ; 残差,3.182,38,残差异常：采煤机_截割部位_左滚筒_电机_电流 偏高（残差 Z-score=3.2，实际=201.0 vs 预测=72.8）
2427,2024-04-22 21:36:00,2024-04-22 21:36:00,1.0,重载牵引,IsolationForest; Mahalanobis; 单变量IQR+3σ; 残差,3.465,38,残差异常：采煤机_油泵_右电机_电流 偏高（残差 Z-score=3.5，实际=40.0 vs 预测=17.0）
2428,2024-04-22 21:47:00,2024-04-22 21:49:00,3.0,待机,IsolationForest; Mahalanobis; 单变量IQR+3σ; 残差,3735.824,114,Mahalanobis 距离=3735.8（阈值=18.5）。主要贡献特征：PC1 (76.4%); PC3 (23.1%)。
2429,2024-04-22 21:52:00,2024-04-22 21:54:00,3.0,重载牵引,IsolationForest; Mahalanobis; 单变量IQR+3σ; 残差,8.922,114,正常
2430,2024-04-22 22:05:00,2024-04-22 22:05:00,1.0,重载牵引,IsolationForest; Mahalanobis; 单变量IQR+3σ; 残差,3.164,38,残差异常：采煤机_油泵_右电机_电流 偏高（残差 Z-score=3.2，实际=38.0 vs 预测=17.0）
2431,2024-04-22 22:10:00,2024-04-22 22:10:00,1.0,待机,IsolationForest; Mahalanobis; 单变量IQR+3σ; 残差,3522.134,38,Mahalanobis 距离=3522.1（阈值=18.5）。主要贡献特征：PC1 (76.3%); PC3 (15.2%); PC4 (8.5%)。
2432,2024-04-22 22:16:00,2024-04-22 22:17:00,2.0,待机,IsolationForest; Mahalanobis; 单变量IQR+3σ; 残差,3842.477,76,Mahalanobis 距离=3842.5（阈值=18.5）。主要贡献特征：PC1 (84.2%); PC4 (13.2%); PC3 (2.6%)。
2433,2024-04-22 22:19:00,2024-04-22 22:21:00,3.0,待机,IsolationForest; Mahalanobis; 单变量IQR+3σ; 残差,5188.694,114,Mahalanobis 距离=5188.7（阈值=18.5）。主要贡献特征：PC1 (85.0%); PC4 (12.6%); PC3 (2.4%)。
2434,2024-04-22 22:23:00,2024-04-22 22:29:00,7.0,停机,IsolationForest; Mahalanobis; 单变量IQR+3σ; 残差,1398.088,266,Mahalanobis 距离=1398.1（阈值=18.5）。主要贡献特征：PC1 (90.6%); PC3 (6.9%); PC4 (2.5%)。
2435,2024-04-22 22:50:00,2024-04-22 22:52:00,3.0,重载牵引,IsolationForest; Mahalanobis; 单变量IQR+3σ; 残差,34.014,114,Mahalanobis 距离=34.0（阈值=18.5）。主要贡献特征：PC1 (99.0%)。
2436,2024-04-22 22:59:00,2024-04-22 23:03:00,5.0,停机,IsolationForest; Mahalanobis; 单变量IQR+3σ; 残差,1633.802,190,Mahalanobis 距离=1633.8（阈值=18.5）。主要贡献特征：PC1 (95.1%); PC4 (4.0%)。
2437,2024-04-22 23:10:00,2024-04-22 23:11:00,2.0,重载牵引,IsolationForest; Mahalanobis; 单变量IQR+3σ; 残差,34.387,76,Mahalanobis 距离=34.4（阈值=18.5）。主要贡献特征：PC1 (98.6%)。
2438,2024-04-22 23:13:00,2024-04-22 23:13:00,1.0,重载牵引,IsolationForest; Mahalanobis; 单变量IQR+3σ; 残差,7.18,38,正常
2439,2024-04-22 23:15:00,2024-04-22 23:19:00,5.0,重载牵引,IsolationForest; Mahalanobis; 单变量IQR+3σ; 残差,4.249,190,正常
2440,2024-04-22 23:27:00,2024-04-22 23:29:00,3.0,重载牵引,IsolationForest; Mahalanobis; 单变量IQR+3σ; 残差,4.565,114,正常
2441,2024-04-22 23:50:00,2024-04-22 23:54:00,5.0,停机,IsolationForest; Mahalanobis; 单变量IQR+3σ; 残差,2309.213,190,Mahalanobis 距离=2309.2（阈值=18.5）。主要贡献特征：PC1 (92.7%); PC3 (4.2%); PC4 (3.1%)。
2442,2024-04-22 23:57:00,2024-04-23 00:05:00,9.0,待机,IsolationForest; Mahalanobis; 单变量IQR+3σ; 残差,3782.648,342,Mahalanobis 距离=3782.6（阈值=18.5）。主要贡献特征：PC1 (76.5%); PC3 (21.3%); PC4 (2.2%)。
2443,2024-04-23 00:08:00,2024-04-23 00:08:00,1.0,重载牵引,IsolationForest; Mahalanobis; 单变量IQR+3σ; 残差,8.126,38,正常
2444,2024-04-23 00:12:00,2024-04-23 00:12:00,1.0,重载牵引,IsolationForest; Mahalanobis; 单变量IQR+3σ; 残差,6.774,38,正常
2445,2024-04-23 00:14:00,2024-04-23 00:14:00,1.0,重载牵引,IsolationForest; Mahalanobis; 单变量IQR+3σ; 残差,7.719,38,残差异常：采煤机_截割部位_左滚筒_电机_电流 偏高（残差 Z-score=7.7，实际=410.0 vs 预测=99.0）
2446,2024-04-23 00:17:00,2024-04-23 00:17:00,1.0,待机,IsolationForest; Mahalanobis; 单变量IQR+3σ; 残差,4873.601,38,Mahalanobis 距离=4873.6（阈值=18.5）。主要贡献特征：PC1 (81.6%); PC3 (16.5%); PC4 (1.9%)。
2447,2024-04-23 00:20:00,2024-04-23 00:20:00,1.0,待机,IsolationForest; Mahalanobis; 单变量IQR+3σ; 残差,4951.699,38,Mahalanobis 距离=4951.7（阈值=18.5）。主要贡献特征：PC1 (83.2%); PC3 (15.1%); PC4 (1.7%)。
2448,2024-04-23 00:22:00,2024-04-23 00:22:00,1.0,待机,IsolationForest; Mahalanobis; 单变量IQR+3σ; 残差,4077.674,38,Mahalanobis 距离=4077.7（阈值=18.5）。主要贡献特征：PC1 (68.0%); PC3 (30.2%); PC4 (1.8%)。
2449,2024-04-23 00:25:00,2024-04-23 00:25:00,1.0,重载牵引,IsolationForest; Mahalanobis; 单变量IQR+3σ; 残差,3.614,38,残差异常：采煤机_截割部位_左滚筒_电机_电流 偏高（残差 Z-score=3.6，实际=242.0 vs 预测=96.4）
2450,2024-04-23 00:28:00,2024-04-23 00:28:00,1.0,重载牵引,IsolationForest; Mahalanobis; 单变量IQR+3σ; 残差,4.52,38,残差异常：采煤机_油泵_右电机_电流 偏高（残差 Z-score=4.5，实际=47.0 vs 预测=17.0）
2451,2024-04-23 00:32:00,2024-04-23 00:32:00,1.0,待机,IsolationForest; Mahalanobis; 单变量IQR+3σ; 残差,3653.307,38,Mahalanobis 距离=3653.3（阈值=18.5）。主要贡献特征：PC1 (61.0%); PC3 (38.4%)。
2452,2024-04-23 00:41:00,2024-04-23 00:41:00,1.0,重载牵引,IsolationForest; Mahalanobis; 单变量IQR+3σ; 残差,3.465,38,残差异常：采煤机_油泵_右电机_电流 偏高（残差 Z-score=3.5，实际=40.0 vs 预测=17.0）
2453,2024-04-23 00:43:00,2024-04-23 00:43:00,1.0,重载牵引,IsolationForest; Mahalanobis; 单变量IQR+3σ; 残差,3.119,38,残差异常：采煤机_截割部位_右滚筒_电机_电流 偏高（残差 Z-score=3.1，实际=187.0 vs 预测=71.6）
2454,2024-04-23 01:05:00,2024-04-23 01:05:00,1.0,重载牵引,IsolationForest; Mahalanobis; 单变量IQR+3σ; 残差,3.39,38,残差异常：采煤机_截割部位_左滚筒_电机_电流 偏高（残差 Z-score=3.4，实际=234.0 vs 预测=97.4）
2455,2024-04-23 01:18:00,2024-04-23 01:18:00,1.0,重载牵引,IsolationForest; Mahalanobis; 单变量IQR+3σ; 残差,3.913,38,正常
2456,2024-04-23 01:20:00,2024-04-23 01:21:00,2.0,待机,IsolationForest; Mahalanobis; 单变量IQR+3σ; 残差,4701.908,76,Mahalanobis 距离=4701.9（阈值=18.5）。主要贡献特征：PC1 (94.4%); PC4 (4.5%); PC3 (1.1%)。
2457,2024-04-23 01:37:00,2024-04-23 01:37:00,1.0,待机,IsolationForest; Mahalanobis; 单变量IQR+3σ; 残差,3867.653,38,Mahalanobis 距离=3867.7（阈值=18.5）。主要贡献特征：PC1 (84.4%); PC4 (13.6%); PC3 (2.0%)。
2458,2024-04-23 01:39:00,2024-04-23 01:39:00,1.0,重载牵引,IsolationForest; Mahalanobis; 单变量IQR+3σ; 残差,5.439,38,正常
2459,2024-04-23 01:42:00,2024-04-23 01:42:00,1.0,重载牵引,IsolationForest; Mahalanobis; 单变量IQR+3σ; 残差,5.002,38,残差异常：采煤机_油泵_右电机_电流 偏高（残差 Z-score=5.0，实际=51.0 vs 预测=17.8）
2460,2024-04-23 01:48:00,2024-04-23 01:53:00,6.0,停机,IsolationForest; Mahalanobis; 单变量IQR+3σ; 残差,1201.431,228,Mahalanobis 距离=1201.4（阈值=18.5）。主要贡献特征：PC1 (88.8%); PC3 (7.9%); PC4 (3.3%)。
2461,2024-04-23 01:57:00,2024-04-23 02:09:00,13.0,停机,IsolationForest; Mahalanobis; 单变量IQR+3σ; 残差,1948.185,494,Mahalanobis 距离=1948.2（阈值=18.5）。主要贡献特征：PC1 (96.4%); PC4 (3.3%)。
2462,2024-04-23 02:12:00,2024-04-23 02:13:00,2.0,停机,IsolationForest; Mahalanobis; 单变量IQR+3σ; 残差,1358.914,76,Mahalanobis 距离=1358.9（阈值=18.5）。主要贡献特征：PC1 (92.1%); PC3 (5.3%); PC4 (2.6%)。
2463,2024-04-23 02:16:00,2024-04-23 02:16:00,1.0,重载牵引,IsolationForest; Mahalanobis; 单变量IQR+3σ; 残差,8.997,38,正常
2464,2024-04-23 02:18:00,2024-04-23 02:18:00,1.0,重载牵引,IsolationForest; Mahalanobis; 单变量IQR+3σ; 残差,4.679,38,正常
2465,2024-04-23 02:30:00,2024-04-23 02:30:00,1.0,重载牵引,IsolationForest; Mahalanobis; 单变量IQR+3σ; 残差,4.241,38,正常
2466,2024-04-23 02:39:00,2024-04-23 02:45:00,7.0,重载牵引,IsolationForest; Mahalanobis; 单变量IQR+3σ; 残差,6.991,266,残差异常：采煤机_油泵_右电机_电流 偏高（残差 Z-score=7.0，实际=63.0 vs 预测=16.6）
2467,2024-04-23 02:52:00,2024-04-23 03:05:00,14.0,重载牵引,IsolationForest; Mahalanobis; 单变量IQR+3σ; 残差,5.936,532,残差异常：采煤机_油泵_右电机_电流 偏高（残差 Z-score=5.9，实际=56.0 vs 预测=16.6）
2468,2024-04-23 03:13:00,2024-04-23 03:13:00,1.0,待机,IsolationForest; Mahalanobis; 单变量IQR+3σ; 残差,3727.49,38,Mahalanobis 距离=3727.5（阈值=18.5）。主要贡献特征：PC1 (61.7%); PC3 (36.6%); PC4 (1.7%)。
2469,2024-04-23 03:15:00,2024-04-23 03:15:00,1.0,重载牵引,IsolationForest; Mahalanobis; 单变量IQR+3σ; 残差,4.557,38,残差异常：采煤机_截割部位_左滚筒_电机_电流 偏高（残差 Z-score=4.6，实际=269.0 vs 预测=85.4）
2470,2024-04-23 03:19:00,2024-04-23 03:19:00,1.0,重载牵引,IsolationForest; Mahalanobis; 单变量IQR+3σ; 残差,5.153,38,残差异常：采煤机_油泵_右电机_电流 偏高（残差 Z-score=5.2，实际=51.0 vs 预测=16.8）
2471,2024-04-23 03:23:00,2024-04-23 03:26:00,4.0,重载牵引,IsolationForest; Mahalanobis; 单变量IQR+3σ; 残差,3.96,152,单变量异常：采煤机_截割部位_左滚筒_电机_电流（z-score=4.0，实际=264.0，均值=95.4±42.6）
2472,2024-04-23 03:28:00,2024-04-23 03:28:00,1.0,重载牵引,IsolationForest; Mahalanobis; 单变量IQR+3σ; 残差,2.186,38,正常
2473,2024-04-23 03:53:00,2024-04-23 04:24:00,32.0,待机,IsolationForest; Mahalanobis; 单变量IQR+3σ; 残差,5063.848,1216,Mahalanobis 距离=5063.8（阈值=18.5）。主要贡献特征：PC1 (88.4%); PC4 (10.7%)。
2474,2024-04-23 04:27:00,2024-04-23 04:27:00,1.0,重载牵引,IsolationForest; Mahalanobis; 单变量IQR+3σ; 残差,4.054,38,正常
2475,2024-04-23 04:36:00,2024-04-23 04:36:00,1.0,重载牵引,IsolationForest; Mahalanobis; 单变量IQR+3σ; 残差,3.043,38,残差异常：采煤机_截割部位_右滚筒_电机_电流 偏高（残差 Z-score=3.0，实际=193.0 vs 预测=80.4）
2476,2024-04-23 04:39:00,2024-04-23 04:39:00,1.0,重载牵引,IsolationForest; Mahalanobis; 单变量IQR+3σ; 残差,3.807,38,正常
2477,2024-04-23 04:42:00,2024-04-23 04:42:00,1.0,停机,IsolationForest; Mahalanobis; 单变量IQR+3σ; 残差,1466.92,38,Mahalanobis 距离=1466.9（阈值=18.5）。主要贡献特征：PC1 (94.1%); PC3 (3.7%); PC4 (2.2%)。
2478,2024-04-23 04:44:00,2024-04-23 04:45:00,2.0,重载牵引,IsolationForest; Mahalanobis; 单变量IQR+3σ; 残差,6.326,76,正常
2479,2024-04-23 04:53:00,2024-04-23 05:39:00,47.0,待机,IsolationForest; Mahalanobis; 单变量IQR+3σ; 残差,6247.627,1786,Mahalanobis 距离=6247.6（阈值=18.5）。主要贡献特征：PC1 (98.7%)。
2480,2024-04-23 05:54:00,2024-04-23 05:54:00,1.0,停机,IsolationForest; Mahalanobis; 单变量IQR+3σ; 残差,1249.627,38,Mahalanobis 距离=1249.6（阈值=18.5）。主要贡献特征：PC1 (65.8%); PC3 (32.1%); PC4 (2.1%)。
2481,2024-04-23 05:59:00,2024-04-23 06:03:00,5.0,待机,IsolationForest; Mahalanobis; 单变量IQR+3σ; 残差,3673.354,190,Mahalanobis 距离=3673.4（阈值=18.5）。主要贡献特征：PC1 (64.6%); PC3 (35.2%)。
2482,2024-04-23 06:29:00,2024-04-23 06:53:00,25.0,重载牵引,IsolationForest; Mahalanobis; 单变量IQR+3σ; 残差,6.285,950,单变量异常：采煤机_截割部位_左滚筒_电机_电流（z-score=6.3，实际=363.0，均值=95.4±42.6）
2483,2024-04-23 06:57:00,2024-04-23 07:01:00,5.0,停机,IsolationForest; Mahalanobis; 单变量IQR+3σ; 残差,1160.563,190,Mahalanobis 距离=1160.6（阈值=18.5）。主要贡献特征：PC1 (89.2%); PC3 (8.1%); PC4 (2.7%)。
2484,2024-04-23 07:04:00,2024-04-23 07:04:00,1.0,待机,IsolationForest; Mahalanobis; 单变量IQR+3σ; 残差,4370.792,38,Mahalanobis 距离=4370.8（阈值=18.5）。主要贡献特征：PC1 (86.6%); PC4 (13.3%)。
2485,2024-04-23 07:11:00,2024-04-23 07:12:00,2.0,停机,IsolationForest; Mahalanobis; 单变量IQR+3σ; 残差,1959.427,76,Mahalanobis 距离=1959.4（阈值=18.5）。主要贡献特征：PC1 (97.5%); PC4 (2.2%)。
2486,2024-04-23 07:17:00,2024-04-23 07:17:00,1.0,重载牵引,IsolationForest; Mahalanobis; 单变量IQR+3σ; 残差,4.903,38,残差异常：采煤机_截割部位_右滚筒_电机_电流 偏高（残差 Z-score=4.9，实际=279.0 vs 预测=97.6）
2487,2024-04-23 07:23:00,2024-04-23 07:23:00,1.0,重载牵引,IsolationForest; Mahalanobis; 单变量IQR+3σ; 残差,3.983,38,正常
2488,2024-04-23 07:29:00,2024-04-23 07:37:00,9.0,重载牵引,IsolationForest; Mahalanobis; 单变量IQR+3σ; 残差,5.494,342,正常
2489,2024-04-23 07:39:00,2024-04-23 08:05:00,27.0,重载牵引,IsolationForest; Mahalanobis; 单变量IQR+3σ; 残差,7.496,1026,正常
2490,2024-04-23 08:07:00,2024-04-23 08:12:00,6.0,待机,IsolationForest; Mahalanobis; 单变量IQR+3σ; 残差,4537.541,228,Mahalanobis 距离=4537.5（阈值=18.5）。主要贡献特征：PC1 (73.8%); PC3 (23.6%); PC4 (2.5%)。
2491,2024-04-23 08:14:00,2024-04-23 08:17:00,4.0,停机,IsolationForest; Mahalanobis; 单变量IQR+3σ; 残差,1631.175,152,Mahalanobis 距离=1631.2（阈值=18.5）。主要贡献特征：PC1 (72.9%); PC3 (24.1%); PC4 (3.0%)。
2492,2024-04-23 08:25:00,2024-04-23 08:25:00,1.0,重载牵引,IsolationForest; Mahalanobis; 单变量IQR+3σ; 残差,4.671,38,残差异常：采煤机_油泵_右电机_电流 偏高（残差 Z-score=4.7，实际=48.0 vs 预测=17.0）
2493,2024-04-23 08:33:00,2024-04-23 08:45:00,13.0,停机,IsolationForest; Mahalanobis; 单变量IQR+3σ; 残差,1372.772,494,Mahalanobis 距离=1372.8（阈值=18.5）。主要贡献特征：PC1 (77.6%); PC3 (21.3%); PC4 (1.1%)。
2494,2024-04-23 08:49:00,2024-04-23 08:57:00,9.0,停机,IsolationForest; Mahalanobis; 单变量IQR+3σ; 残差,1765.806,342,Mahalanobis 距离=1765.8（阈值=18.5）。主要贡献特征：PC1 (96.8%); PC3 (2.3%)。
2495,2024-04-23 09:01:00,2024-04-23 09:04:00,4.0,停机,IsolationForest; Mahalanobis; 单变量IQR+3σ; 残差,1678.12,152,Mahalanobis 距离=1678.1（阈值=18.5）。主要贡献特征：PC1 (88.3%); PC3 (11.1%)。
2496,2024-04-23 09:10:00,2024-04-23 15:59:00,410.0,待机,IsolationForest; Mahalanobis; 单变量IQR+3σ; 残差,48692.489,15580,Mahalanobis 距离=48692.5（阈值=18.5）。主要贡献特征：PC3 (98.2%); PC1 (1.8%)。
2497,2024-04-23 16:05:00,2024-04-23 16:15:00,11.0,停机,IsolationForest; Mahalanobis; 单变量IQR+3σ; 残差,2391.401,418,Mahalanobis 距离=2391.4（阈值=18.5）。主要贡献特征：PC1 (99.8%)。
2498,2024-04-23 16:17:00,2024-04-23 17:01:00,45.0,待机,IsolationForest; Mahalanobis; 单变量IQR+3σ; 残差,3535.637,1710,Mahalanobis 距离=3535.6（阈值=18.5）。主要贡献特征：PC1 (78.6%); PC3 (12.1%); PC4 (9.2%)。
2499,2024-04-23 17:04:00,2024-04-23 17:04:00,1.0,重载牵引,IsolationForest; Mahalanobis; 单变量IQR+3σ; 残差,5.084,38,正常
2500,2024-04-23 17:10:00,2024-04-23 17:10:00,1.0,待机,IsolationForest; Mahalanobis; 单变量IQR+3σ; 残差,5124.952,38,Mahalanobis 距离=5125.0（阈值=18.5）。主要贡献特征：PC1 (85.1%); PC4 (13.1%); PC3 (1.8%)。
2501,2024-04-23 17:12:00,2024-04-23 17:15:00,4.0,停机,IsolationForest; Mahalanobis; 单变量IQR+3σ; 残差,1891.226,152,Mahalanobis 距离=1891.2（阈值=18.5）。主要贡献特征：PC1 (95.8%); PC4 (4.1%)。
2502,2024-04-23 17:53:00,2024-04-23 18:25:00,33.0,待机,IsolationForest; Mahalanobis; 单变量IQR+3σ; 残差,8104.755,1254,Mahalanobis 距离=8104.8（阈值=18.5）。主要贡献特征：PC1 (71.2%); PC3 (24.3%); PC4 (4.4%)。
2503,2024-04-23 18:33:00,2024-04-23 18:33:00,1.0,停机,IsolationForest; Mahalanobis; 单变量IQR+3σ; 残差,2797.347,38,Mahalanobis 距离=2797.3（阈值=18.5）。主要贡献特征：PC1 (99.3%)。
2504,2024-04-23 18:51:00,2024-04-23 18:51:00,1.0,重载牵引,IsolationForest; Mahalanobis; 单变量IQR+3σ; 残差,6.625,38,正常
2505,2024-04-23 18:53:00,2024-04-23 18:53:00,1.0,重载牵引,IsolationForest; Mahalanobis; 单变量IQR+3σ; 残差,3.926,38,残差异常：采煤机_截割部位_左滚筒_电机_电流 偏高（残差 Z-score=3.9，实际=256.0 vs 预测=97.8）
2506,2024-04-23 18:56:00,2024-04-23 18:57:00,2.0,重载牵引,IsolationForest; Mahalanobis; 单变量IQR+3σ; 残差,5.291,76,正常
2507,2024-04-23 19:09:00,2024-04-23 19:09:00,1.0,重载牵引,IsolationForest; Mahalanobis; 单变量IQR+3σ; 残差,3.631,38,正常
2508,2024-04-23 19:14:00,2024-04-23 19:16:00,3.0,停机,IsolationForest; Mahalanobis; 单变量IQR+3σ; 残差,1392.079,114,Mahalanobis 距离=1392.1（阈值=18.5）。主要贡献特征：PC1 (73.2%); PC3 (25.1%); PC4 (1.6%)。
2509,2024-04-23 19:21:00,2024-04-23 19:21:00,1.0,重载牵引,IsolationForest; Mahalanobis; 单变量IQR+3σ; 残差,4.038,38,残差异常：采煤机_油泵_右电机_电流 偏高（残差 Z-score=4.0，实际=44.0 vs 预测=17.2）
2510,2024-04-23 19:28:00,2024-04-23 19:28:00,1.0,待机,IsolationForest; Mahalanobis; 单变量IQR+3σ; 残差,4959.005,38,Mahalanobis 距离=4959.0（阈值=18.5）。主要贡献特征：PC1 (94.6%); PC3 (4.9%)。
2511,2024-04-23 19:33:00,2024-04-23 19:33:00,1.0,待机,IsolationForest; Mahalanobis; 单变量IQR+3σ; 残差,3977.118,38,Mahalanobis 距离=3977.1（阈值=18.5）。主要贡献特征：PC1 (84.9%); PC3 (13.6%); PC4 (1.5%)。
2512,2024-04-23 19:42:00,2024-04-23 19:44:00,3.0,停机,IsolationForest; Mahalanobis; 单变量IQR+3σ; 残差,944.096,114,Mahalanobis 距离=944.1（阈值=18.5）。主要贡献特征：PC1 (79.6%); PC3 (19.6%)。
2513,2024-04-23 19:47:00,2024-04-23 19:49:00,3.0,重载牵引,IsolationForest; Mahalanobis; 单变量IQR+3σ; 残差,6.426,114,正常
2514,2024-04-23 19:55:00,2024-04-23 20:00:00,6.0,停机,IsolationForest; Mahalanobis; 单变量IQR+3σ; 残差,1121.448,228,Mahalanobis 距离=1121.4（阈值=18.5）。主要贡献特征：PC1 (88.3%); PC3 (7.7%); PC4 (3.9%)。
2515,2024-04-23 20:06:00,2024-04-23 20:07:00,2.0,待机,IsolationForest; Mahalanobis; 单变量IQR+3σ; 残差,4283.414,76,Mahalanobis 距离=4283.4（阈值=18.5）。主要贡献特征：PC1 (87.5%); PC4 (12.1%)。
2516,2024-04-23 20:09:00,2024-04-23 20:13:00,5.0,停机,IsolationForest; Mahalanobis; 单变量IQR+3σ; 残差,1668.134,190,Mahalanobis 距离=1668.1（阈值=18.5）。主要贡献特征：PC1 (94.7%); PC4 (2.7%); PC3 (2.6%)。
2517,2024-04-23 20:15:00,2024-04-23 20:16:00,2.0,重载牵引,IsolationForest; Mahalanobis; 单变量IQR+3σ; 残差,33.945,76,Mahalanobis 距离=33.9（阈值=18.5）。主要贡献特征：PC1 (99.0%)。
2518,2024-04-23 20:21:00,2024-04-23 20:21:00,1.0,重载牵引,IsolationForest; Mahalanobis; 单变量IQR+3σ; 残差,3.511,38,正常
2519,2024-04-23 20:30:00,2024-04-23 20:30:00,1.0,重载牵引,IsolationForest; Mahalanobis; 单变量IQR+3σ; 残差,3.032,38,残差异常：采煤机_截割部位_右滚筒_电机_电流 偏高（残差 Z-score=3.0，实际=191.0 vs 预测=78.8）
2520,2024-04-23 20:33:00,2024-04-23 20:33:00,1.0,重载牵引,IsolationForest; Mahalanobis; 单变量IQR+3σ; 残差,3.681,38,正常
2521,2024-04-23 20:40:00,2024-04-23 20:45:00,6.0,待机,IsolationForest; Mahalanobis; 单变量IQR+3σ; 残差,10677.734,228,Mahalanobis 距离=10677.7（阈值=18.5）。主要贡献特征：PC1 (52.2%); PC3 (46.3%); PC4 (1.5%)。
2522,2024-04-23 20:48:00,2024-04-23 20:49:00,2.0,待机,IsolationForest; Mahalanobis; 单变量IQR+3σ; 残差,9822.957,76,Mahalanobis 距离=9823.0（阈值=18.5）。主要贡献特征：PC1 (64.6%); PC3 (34.3%); PC4 (1.1%)。
2523,2024-04-23 20:52:00,2024-04-23 20:57:00,6.0,停机,IsolationForest; Mahalanobis; 单变量IQR+3σ; 残差,2518.207,228,Mahalanobis 距离=2518.2（阈值=18.5）。主要贡献特征：PC1 (99.3%)。
2524,2024-04-23 21:23:00,2024-04-23 21:23:00,1.0,待机,IsolationForest; Mahalanobis; 单变量IQR+3σ; 残差,4774.602,38,Mahalanobis 距离=4774.6（阈值=18.5）。主要贡献特征：PC1 (78.2%); PC3 (19.4%); PC4 (2.4%)。
2525,2024-04-23 21:27:00,2024-04-23 21:27:00,1.0,重载牵引,IsolationForest; Mahalanobis; 单变量IQR+3σ; 残差,5.725,38,残差异常：采煤机_油泵_右电机_电流 偏高（残差 Z-score=5.7，实际=55.0 vs 预测=17.0）
2526,2024-04-23 21:30:00,2024-04-23 21:30:00,1.0,待机,IsolationForest; Mahalanobis; 单变量IQR+3σ; 残差,4089.602,38,Mahalanobis 距离=4089.6（阈值=18.5）。主要贡献特征：PC1 (69.1%); PC3 (29.3%); PC4 (1.6%)。
2527,2024-04-23 21:42:00,2024-04-23 21:42:00,1.0,重载牵引,IsolationForest; Mahalanobis; 单变量IQR+3σ; 残差,4.671,38,残差异常：采煤机_油泵_右电机_电流 偏高（残差 Z-score=4.7，实际=48.0 vs 预测=17.0）
2528,2024-04-23 21:44:00,2024-04-23 21:45:00,2.0,待机,IsolationForest; Mahalanobis; 单变量IQR+3σ; 残差,3939.744,76,Mahalanobis 距离=3939.7（阈值=18.5）。主要贡献特征：PC1 (68.2%); PC3 (30.8%); PC4 (1.1%)。
2529,2024-04-23 21:56:00,2024-04-23 21:56:00,1.0,停机,IsolationForest; Mahalanobis; 单变量IQR+3σ; 残差,1604.386,38,Mahalanobis 距离=1604.4（阈值=18.5）。主要贡献特征：PC1 (79.8%); PC3 (19.0%); PC4 (1.1%)。
2530,2024-04-23 21:59:00,2024-04-23 21:59:00,1.0,停机,IsolationForest; Mahalanobis; 单变量IQR+3σ; 残差,1940.859,38,Mahalanobis 距离=1940.9（阈值=18.5）。主要贡献特征：PC1 (87.8%); PC3 (11.2%); PC4 (1.0%)。
2531,2024-04-23 22:05:00,2024-04-23 22:06:00,2.0,停机,IsolationForest; Mahalanobis; 单变量IQR+3σ; 残差,1742.543,76,Mahalanobis 距离=1742.5（阈值=18.5）。主要贡献特征：PC1 (87.0%); PC3 (12.6%)。
2532,2024-04-23 22:08:00,2024-04-23 22:08:00,1.0,重载牵引,IsolationForest; Mahalanobis; 单变量IQR+3σ; 残差,5.884,38,正常
2533,2024-04-23 22:16:00,2024-04-23 22:16:00,1.0,重载牵引,IsolationForest; Mahalanobis; 单变量IQR+3σ; 残差,3.389,38,残差异常：采煤机_破碎机_电机_电流 偏高（残差 Z-score=3.4，实际=38.0 vs 预测=0.0）
2534,2024-04-23 22:18:00,2024-04-23 22:20:00,3.0,停机,IsolationForest; Mahalanobis; 单变量IQR+3σ; 残差,1372.761,114,Mahalanobis 距离=1372.8（阈值=18.5）。主要贡献特征：PC1 (84.3%); PC3 (15.6%)。
2535,2024-04-23 22:24:00,2024-04-23 22:25:00,2.0,重载牵引,IsolationForest; Mahalanobis; 单变量IQR+3σ; 残差,5.173,76,正常
2536,2024-04-23 22:27:00,2024-04-23 22:39:00,13.0,停机,IsolationForest; Mahalanobis; 单变量IQR+3σ; 残差,1207.203,494,Mahalanobis 距离=1207.2（阈值=18.5）。主要贡献特征：PC1 (85.0%); PC3 (13.8%); PC4 (1.2%)。
2537,2024-04-23 22:43:00,2024-04-23 22:43:00,1.0,重载牵引,IsolationForest; Mahalanobis; 单变量IQR+3σ; 残差,1.913,38,正常
2538,2024-04-23 22:46:00,2024-04-23 22:46:00,1.0,待机,IsolationForest; Mahalanobis; 单变量IQR+3σ; 残差,5459.234,38,Mahalanobis 距离=5459.2（阈值=18.5）。主要贡献特征：PC1 (82.0%); PC4 (12.8%); PC3 (5.2%)。
2539,2024-04-23 22:56:00,2024-04-23 22:56:00,1.0,待机,IsolationForest; Mahalanobis; 单变量IQR+3σ; 残差,3871.264,38,Mahalanobis 距离=3871.3（阈值=18.5）。主要贡献特征：PC1 (84.8%); PC4 (11.4%); PC3 (3.8%)。
2540,2024-04-23 22:59:00,2024-04-23 22:59:00,1.0,重载牵引,IsolationForest; Mahalanobis; 单变量IQR+3σ; 残差,3.022,38,残差异常：采煤机_截割部位_右滚筒_电机_电流 偏高（残差 Z-score=3.0，实际=187.0 vs 预测=75.2）
2541,2024-04-23 23:05:00,2024-04-23 23:05:00,1.0,重载牵引,IsolationForest; Mahalanobis; 单变量IQR+3σ; 残差,5.291,38,正常
2542,2024-04-23 23:12:00,2024-04-23 23:12:00,1.0,停机,IsolationForest; Mahalanobis; 单变量IQR+3σ; 残差,2763.78,38,Mahalanobis 距离=2763.8（阈值=18.5）。主要贡献特征：PC1 (94.3%); PC3 (4.5%); PC4 (1.3%)。
2543,2024-04-23 23:14:00,2024-04-23 23:15:00,2.0,停机,IsolationForest; Mahalanobis; 单变量IQR+3σ; 残差,2671.83,76,Mahalanobis 距离=2671.8（阈值=18.5）。主要贡献特征：PC1 (93.3%); PC3 (5.5%); PC4 (1.2%)。
2544,2024-04-23 23:22:00,2024-04-23 23:22:00,1.0,重载牵引,IsolationForest; Mahalanobis; 单变量IQR+3σ; 残差,3.646,38,残差异常：采煤机_油泵_右电机_电流 偏高（残差 Z-score=3.6，实际=41.0 vs 预测=16.8）
2545,2024-04-23 23:31:00,2024-04-23 23:31:00,1.0,停机,IsolationForest; Mahalanobis; 单变量IQR+3σ; 残差,2636.198,38,Mahalanobis 距离=2636.2（阈值=18.5）。主要贡献特征：PC1 (99.4%)。
2546,2024-04-23 23:40:00,2024-04-23 23:40:00,1.0,重载牵引,IsolationForest; Mahalanobis; 单变量IQR+3σ; 残差,2.748,38,正常
2547,2024-04-23 23:47:00,2024-04-23 23:58:00,12.0,待机,IsolationForest; Mahalanobis; 单变量IQR+3σ; 残差,6716.032,456,Mahalanobis 距离=6716.0（阈值=18.5）。主要贡献特征：PC1 (93.5%); PC3 (5.7%)。
2548,2024-04-24 00:00:00,2024-04-24 00:00:00,1.0,重载牵引,IsolationForest; Mahalanobis; 单变量IQR+3σ; 残差,4.679,38,正常
2549,2024-04-24 00:03:00,2024-04-24 00:03:00,1.0,待机,IsolationForest; Mahalanobis; 单变量IQR+3σ; 残差,9814.383,38,Mahalanobis 距离=9814.4（阈值=18.5）。主要贡献特征：PC1 (72.3%); PC3 (27.7%)。
2550,2024-04-24 00:06:00,2024-04-24 00:08:00,3.0,重载牵引,IsolationForest; Mahalanobis; 单变量IQR+3σ; 残差,5.321,114,正常
2551,2024-04-24 00:17:00,2024-04-24 00:32:00,16.0,停机,IsolationForest; Mahalanobis; 单变量IQR+3σ; 残差,3594.266,608,Mahalanobis 距离=3594.3（阈值=18.5）。主要贡献特征：PC1 (85.7%); PC3 (9.4%); PC4 (4.8%)。
2552,2024-04-24 00:42:00,2024-04-24 00:42:00,1.0,重载牵引,IsolationForest; Mahalanobis; 单变量IQR+3σ; 残差,3.931,38,残差异常：采煤机_截割部位_左滚筒_电机_电流 偏高（残差 Z-score=3.9，实际=242.0 vs 预测=83.6）
2553,2024-04-24 00:44:00,2024-04-24 00:44:00,1.0,重载牵引,IsolationForest; Mahalanobis; 单变量IQR+3σ; 残差,5.273,38,残差异常：采煤机_油泵_右电机_电流 偏高（残差 Z-score=5.3，实际=52.0 vs 预测=17.0）
2554,2024-04-24 00:49:00,2024-04-24 00:49:00,1.0,待机,IsolationForest; Mahalanobis; 单变量IQR+3σ; 残差,3615.558,38,Mahalanobis 距离=3615.6（阈值=18.5）。主要贡献特征：PC1 (61.7%); PC3 (37.6%)。
2555,2024-04-24 00:52:00,2024-04-24 00:53:00,2.0,停机,IsolationForest; Mahalanobis; 单变量IQR+3σ; 残差,1322.315,76,Mahalanobis 距离=1322.3（阈值=18.5）。主要贡献特征：PC1 (71.9%); PC3 (26.2%); PC4 (1.9%)。
2556,2024-04-24 01:04:00,2024-04-24 01:07:00,4.0,重载牵引,IsolationForest; Mahalanobis; 单变量IQR+3σ; 残差,2.186,152,单变量异常：采煤机_截割部位_左滚筒_电机_温度（z-score=2.2，实际=87.0，均值=72.2±6.8）
2557,2024-04-24 01:14:00,2024-04-24 01:41:00,28.0,重载牵引,IsolationForest; Mahalanobis; 单变量IQR+3σ; 残差,5.273,1064,残差异常：采煤机_油泵_右电机_电流 偏高（残差 Z-score=5.3，实际=52.0 vs 预测=17.0）
2558,2024-04-24 01:53:00,2024-04-24 01:53:00,1.0,待机,IsolationForest; Mahalanobis; 单变量IQR+3σ; 残差,4487.125,38,Mahalanobis 距离=4487.1（阈值=18.5）。主要贡献特征：PC1 (88.9%); PC4 (11.1%)。
2559,2024-04-24 01:56:00,2024-04-24 01:57:00,2.0,待机,IsolationForest; Mahalanobis; 单变量IQR+3σ; 残差,6294.981,76,Mahalanobis 距离=6295.0（阈值=18.5）。主要贡献特征：PC1 (85.2%); PC3 (7.6%); PC4 (7.2%)。
2560,2024-04-24 02:00:00,2024-04-24 02:00:00,1.0,停机,IsolationForest; Mahalanobis; 单变量IQR+3σ; 残差,1907.267,38,Mahalanobis 距离=1907.3（阈值=18.5）。主要贡献特征：PC1 (97.3%); PC3 (1.8%)。
2561,2024-04-24 02:02:00,2024-04-24 02:03:00,2.0,待机,IsolationForest; Mahalanobis; 单变量IQR+3σ; 残差,4010.219,76,Mahalanobis 距离=4010.2（阈值=18.5）。主要贡献特征：PC1 (87.5%); PC3 (6.9%); PC4 (5.6%)。
2562,2024-04-24 02:05:00,2024-04-24 02:13:00,9.0,停机,IsolationForest; Mahalanobis; 单变量IQR+3σ; 残差,1168.934,342,Mahalanobis 距离=1168.9（阈值=18.5）。主要贡献特征：PC1 (85.8%); PC3 (13.6%)。
2563,2024-04-24 02:16:00,2024-04-24 02:18:00,3.0,重载牵引,IsolationForest; Mahalanobis; 单变量IQR+3σ; 残差,5.371,114,正常
2564,2024-04-24 02:23:00,2024-04-24 02:26:00,4.0,停机,IsolationForest; Mahalanobis; 单变量IQR+3σ; 残差,2614.575,152,Mahalanobis 距离=2614.6（阈值=18.5）。主要贡献特征：PC1 (96.9%); PC3 (3.0%)。
2565,2024-04-24 02:29:00,2024-04-24 02:31:00,3.0,待机,IsolationForest; Mahalanobis; 单变量IQR+3σ; 残差,3827.735,114,Mahalanobis 距离=3827.7（阈值=18.5）。主要贡献特征：PC1 (95.0%); PC4 (4.7%)。
2566,2024-04-24 02:33:00,2024-04-24 02:33:00,1.0,待机,IsolationForest; Mahalanobis; 单变量IQR+3σ; 残差,4007.855,38,Mahalanobis 距离=4007.9（阈值=18.5）。主要贡献特征：PC1 (86.9%); PC3 (10.9%); PC4 (2.3%)。
2567,2024-04-24 02:39:00,2024-04-24 02:39:00,1.0,重载牵引,IsolationForest; Mahalanobis; 单变量IQR+3σ; 残差,3.88,38,正常
2568,2024-04-24 02:41:00,2024-04-24 02:43:00,3.0,重载牵引,IsolationForest; Mahalanobis; 单变量IQR+3σ; 残差,5.431,114,正常
2569,2024-04-24 02:52:00,2024-04-24 02:52:00,1.0,重载牵引,IsolationForest; Mahalanobis; 单变量IQR+3σ; 残差,4.401,38,正常
2570,2024-04-24 02:54:00,2024-04-24 03:01:00,8.0,停机,IsolationForest; Mahalanobis; 单变量IQR+3σ; 残差,2100.597,304,Mahalanobis 距离=2100.6（阈值=18.5）。主要贡献特征：PC1 (88.2%); PC3 (9.0%); PC4 (2.8%)。
2571,2024-04-24 03:50:00,2024-04-24 03:51:00,2.0,待机,IsolationForest; Mahalanobis; 单变量IQR+3σ; 残差,11.453,76,正常
2572,2024-04-24 03:56:00,2024-04-24 04:04:00,9.0,停机,IsolationForest; Mahalanobis; 单变量IQR+3σ; 残差,611.087,342,Mahalanobis 距离=611.1（阈值=18.5）。主要贡献特征：PC1 (52.4%); PC3 (45.2%); PC4 (2.4%)。
2573,2024-04-24 04:09:00,2024-04-24 04:09:00,1.0,待机,IsolationForest; Mahalanobis; 单变量IQR+3σ; 残差,4334.809,38,Mahalanobis 距离=4334.8（阈值=18.5）。主要贡献特征：PC1 (71.6%); PC3 (26.1%); PC4 (2.4%)。
2574,2024-04-24 04:14:00,2024-04-24 04:14:00,1.0,重载牵引,IsolationForest; Mahalanobis; 单变量IQR+3σ; 残差,4.846,38,正常
2575,2024-04-24 04:21:00,2024-04-24 04:21:00,1.0,重载牵引,IsolationForest; Mahalanobis; 单变量IQR+3σ; 残差,4.512,38,残差异常：采煤机_截割部位_左滚筒_电机_电流 偏高（残差 Z-score=4.5，实际=258.0 vs 预测=76.2）
2576,2024-04-24 04:52:00,2024-04-24 04:52:00,1.0,重载牵引,IsolationForest; Mahalanobis; 单变量IQR+3σ; 残差,3.537,38,正常
2577,2024-04-24 05:07:00,2024-04-24 05:07:00,1.0,停机,IsolationForest; Mahalanobis; 单变量IQR+3σ; 残差,1459.888,38,Mahalanobis 距离=1459.9（阈值=18.5）。主要贡献特征：PC1 (92.3%); PC3 (4.3%); PC4 (3.4%)。
2578,2024-04-24 05:14:00,2024-04-24 05:15:00,2.0,停机,IsolationForest; Mahalanobis; 单变量IQR+3σ; 残差,1410.248,76,Mahalanobis 距离=1410.2（阈值=18.5）。主要贡献特征：PC1 (90.6%); PC3 (7.2%); PC4 (2.1%)。
2579,2024-04-24 05:19:00,2024-04-24 05:20:00,2.0,待机,IsolationForest; Mahalanobis; 单变量IQR+3σ; 残差,3931.861,76,Mahalanobis 距离=3931.9（阈值=18.5）。主要贡献特征：PC1 (87.5%); PC4 (8.3%); PC3 (4.2%)。
2580,2024-04-24 05:29:00,2024-04-24 05:29:00,1.0,待机,IsolationForest; Mahalanobis; 单变量IQR+3σ; 残差,4780.614,38,Mahalanobis 距离=4780.6（阈值=18.5）。主要贡献特征：PC1 (95.2%); PC4 (3.3%); PC3 (1.5%)。
2581,2024-04-24 05:42:00,2024-04-24 05:42:00,1.0,待机,IsolationForest; Mahalanobis; 单变量IQR+3σ; 残差,3925.033,38,Mahalanobis 距离=3925.0（阈值=18.5）。主要贡献特征：PC1 (76.1%); PC3 (23.9%)。
2582,2024-04-24 05:44:00,2024-04-24 05:44:00,1.0,重载牵引,IsolationForest; Mahalanobis; 单变量IQR+3σ; 残差,5.587,38,正常
2583,2024-04-24 05:55:00,2024-04-24 05:55:00,1.0,重载牵引,IsolationForest; Mahalanobis; 单变量IQR+3σ; 残差,4.78,38,正常
2584,2024-04-24 05:57:00,2024-04-24 05:58:00,2.0,重载牵引,IsolationForest; Mahalanobis; 单变量IQR+3σ; 残差,3.366,76,残差异常：采煤机_截割部位_左滚筒_电机_电流 偏高（残差 Z-score=3.4，实际=201.0 vs 预测=65.4）
2585,2024-04-24 06:04:00,2024-04-24 06:07:00,4.0,停机,IsolationForest; Mahalanobis; 单变量IQR+3σ; 残差,1954.548,152,Mahalanobis 距离=1954.5（阈值=18.5）。主要贡献特征：PC1 (85.5%); PC3 (10.5%); PC4 (4.0%)。
2586,2024-04-24 06:10:00,2024-04-24 06:14:00,5.0,停机,IsolationForest; Mahalanobis; 单变量IQR+3σ; 残差,367.494,190,Mahalanobis 距离=367.5（阈值=18.5）。主要贡献特征：PC3 (50.6%); PC1 (43.4%); PC4 (6.0%)。
2587,2024-04-24 07:19:00,2024-04-24 07:41:00,23.0,待机,IsolationForest; Mahalanobis; 单变量IQR+3σ; 残差,1836.912,874,Mahalanobis 距离=1836.9（阈值=18.5）。主要贡献特征：PC3 (70.6%); PC1 (26.9%); PC4 (2.5%)。
2588,2024-04-24 08:14:00,2024-04-24 08:20:00,7.0,待机,IsolationForest; Mahalanobis; 单变量IQR+3σ; 残差,1818.817,266,Mahalanobis 距离=1818.8（阈值=18.5）。主要贡献特征：PC3 (73.1%); PC1 (24.2%); PC4 (2.8%)。
2589,2024-04-24 08:29:00,2024-04-24 08:33:00,5.0,待机,IsolationForest; Mahalanobis; 单变量IQR+3σ; 残差,2470.95,190,Mahalanobis 距离=2471.0（阈值=18.5）。主要贡献特征：PC3 (71.2%); PC1 (27.2%); PC4 (1.6%)。
2590,2024-04-24 09:09:00,2024-04-24 09:18:00,10.0,待机,IsolationForest; Mahalanobis; 单变量IQR+3σ; 残差,4067.982,380,Mahalanobis 距离=4068.0（阈值=18.5）。主要贡献特征：PC3 (66.9%); PC1 (32.6%)。
2591,2024-04-24 09:50:00,2024-04-24 09:54:00,5.0,待机,IsolationForest; Mahalanobis; 单变量IQR+3σ; 残差,1358.099,190,Mahalanobis 距离=1358.1（阈值=18.5）。主要贡献特征：PC3 (73.8%); PC1 (21.9%); PC4 (4.2%)。
2592,2024-04-24 10:30:00,2024-04-24 10:34:00,5.0,待机,IsolationForest; Mahalanobis; 单变量IQR+3σ; 残差,2149.902,190,Mahalanobis 距离=2149.9（阈值=18.5）。主要贡献特征：PC3 (71.7%); PC1 (26.3%); PC4 (1.9%)。
2593,2024-04-24 14:20:00,2024-04-24 14:27:00,8.0,待机,IsolationForest; Mahalanobis; 单变量IQR+3σ; 残差,4331.642,304,Mahalanobis 距离=4331.6（阈值=18.5）。主要贡献特征：PC3 (66.4%); PC1 (33.1%)。
2594,2024-04-24 15:02:00,2024-04-24 15:06:00,5.0,待机,IsolationForest; Mahalanobis; 单变量IQR+3σ; 残差,2309.48,190,Mahalanobis 距离=2309.5（阈值=18.5）。主要贡献特征：PC1 (72.7%); PC3 (22.7%); PC4 (4.6%)。
2595,2024-04-24 15:17:00,2024-04-24 15:24:00,8.0,待机,IsolationForest; Mahalanobis; 单变量IQR+3σ; 残差,2399.122,304,Mahalanobis 距离=2399.1（阈值=18.5）。主要贡献特征：PC1 (72.2%); PC3 (24.2%); PC4 (3.6%)。
2596,2024-04-24 15:31:00,2024-04-24 15:31:00,1.0,待机,IsolationForest; Mahalanobis; 单变量IQR+3σ; 残差,11.373,38,正常
2597,2024-04-24 15:38:00,2024-04-24 16:49:00,72.0,待机,IsolationForest; Mahalanobis; 单变量IQR+3σ; 残差,4145.321,2736,Mahalanobis 距离=4145.3（阈值=18.5）。主要贡献特征：PC1 (68.2%); PC3 (30.9%)。
2598,2024-04-24 17:09:00,2024-04-24 17:13:00,5.0,停机,IsolationForest; Mahalanobis; 单变量IQR+3σ; 残差,1213.245,190,Mahalanobis 距离=1213.2（阈值=18.5）。主要贡献特征：PC1 (88.8%); PC3 (8.8%); PC4 (2.4%)。
2599,2024-04-24 17:52:00,2024-04-24 17:57:00,6.0,停机,IsolationForest; Mahalanobis; 单变量IQR+3σ; 残差,374.618,228,Mahalanobis 距离=374.6（阈值=18.5）。主要贡献特征：PC1 (81.0%); PC3 (11.5%); PC4 (7.6%)。
2600,2024-04-24 18:00:00,2024-04-24 18:00:00,1.0,重载牵引,IsolationForest; Mahalanobis; 单变量IQR+3σ; 残差,1.888,38,正常
2601,2024-04-24 18:02:00,2024-04-24 18:03:00,2.0,停机,IsolationForest; Mahalanobis; 单变量IQR+3σ; 残差,1171.026,76,Mahalanobis 距离=1171.0（阈值=18.5）。主要贡献特征：PC1 (85.8%); PC3 (12.8%); PC4 (1.4%)。
2602,2024-04-24 18:08:00,2024-04-24 18:08:00,1.0,重载牵引,IsolationForest; Mahalanobis; 单变量IQR+3σ; 残差,3.924,38,残差异常：采煤机_截割部位_右滚筒_电机_电流 偏高（残差 Z-score=3.9，实际=238.0 vs 预测=92.8）
2603,2024-04-24 18:12:00,2024-04-24 18:12:00,1.0,待机,IsolationForest; Mahalanobis; 单变量IQR+3σ; 残差,7633.503,38,Mahalanobis 距离=7633.5（阈值=18.5）。主要贡献特征：PC1 (82.0%); PC3 (15.1%); PC4 (2.8%)。
2604,2024-04-24 18:22:00,2024-04-24 18:22:00,1.0,重载牵引,IsolationForest; Mahalanobis; 单变量IQR+3σ; 残差,3.511,38,正常
2605,2024-04-24 18:24:00,2024-04-24 18:30:00,7.0,重载牵引,IsolationForest; Mahalanobis; 单变量IQR+3σ; 残差,3.181,266,正常
2606,2024-04-24 18:41:00,2024-04-24 18:41:00,1.0,重载牵引,IsolationForest; Mahalanobis; 单变量IQR+3σ; 残差,5.695,38,残差异常：采煤机_油泵_右电机_电流 偏高（残差 Z-score=5.7，实际=55.0 vs 预测=17.2）
2607,2024-04-24 18:44:00,2024-04-24 18:44:00,1.0,待机,IsolationForest; Mahalanobis; 单变量IQR+3σ; 残差,3825.813,38,Mahalanobis 距离=3825.8（阈值=18.5）。主要贡献特征：PC1 (63.2%); PC3 (35.4%); PC4 (1.4%)。
2608,2024-04-24 18:46:00,2024-04-24 18:49:00,4.0,停机,IsolationForest; Mahalanobis; 单变量IQR+3σ; 残差,1340.073,152,Mahalanobis 距离=1340.1（阈值=18.5）。主要贡献特征：PC1 (68.9%); PC3 (27.9%); PC4 (3.2%)。
2609,2024-04-24 19:06:00,2024-04-24 19:10:00,5.0,重载牵引,IsolationForest; Mahalanobis; 单变量IQR+3σ; 残差,34.459,190,Mahalanobis 距离=34.5（阈值=18.5）。主要贡献特征：PC1 (99.4%)。
2610,2024-04-24 19:18:00,2024-04-24 19:22:00,5.0,停机,IsolationForest; Mahalanobis; 单变量IQR+3σ; 残差,1091.867,190,Mahalanobis 距离=1091.9（阈值=18.5）。主要贡献特征：PC1 (63.9%); PC3 (33.6%); PC4 (2.5%)。
2611,2024-04-24 19:25:00,2024-04-24 19:32:00,8.0,停机,IsolationForest; Mahalanobis; 单变量IQR+3σ; 残差,380.699,304,Mahalanobis 距离=380.7（阈值=18.5）。主要贡献特征：PC3 (49.0%); PC1 (46.2%); PC4 (4.8%)。
2612,2024-04-24 19:34:00,2024-04-24 19:36:00,3.0,停机,IsolationForest; Mahalanobis; 单变量IQR+3σ; 残差,381.872,114,Mahalanobis 距离=381.9（阈值=18.5）。主要贡献特征：PC3 (49.4%); PC1 (46.9%); PC4 (3.7%)。
2613,2024-04-24 19:40:00,2024-04-24 19:40:00,1.0,待机,IsolationForest; Mahalanobis; 单变量IQR+3σ; 残差,3633.468,38,Mahalanobis 距离=3633.5（阈值=18.5）。主要贡献特征：PC1 (61.4%); PC3 (38.3%)。
2614,2024-04-24 19:52:00,2024-04-24 19:52:00,1.0,待机,IsolationForest; Mahalanobis; 单变量IQR+3σ; 残差,5728.134,38,Mahalanobis 距离=5728.1（阈值=18.5）。主要贡献特征：PC1 (99.2%)。
2615,2024-04-24 19:55:00,2024-04-24 19:55:00,1.0,待机,IsolationForest; Mahalanobis; 单变量IQR+3σ; 残差,5313.114,38,Mahalanobis 距离=5313.1（阈值=18.5）。主要贡献特征：PC1 (97.6%); PC3 (1.7%)。
2616,2024-04-24 20:01:00,2024-04-24 20:03:00,3.0,待机,IsolationForest; Mahalanobis; 单变量IQR+3σ; 残差,3652.964,114,Mahalanobis 距离=3653.0（阈值=18.5）。主要贡献特征：PC1 (77.7%); PC3 (20.6%); PC4 (1.8%)。
2617,2024-04-24 20:11:00,2024-04-24 20:14:00,4.0,重载牵引,IsolationForest; Mahalanobis; 单变量IQR+3σ; 残差,4.252,152,正常
2618,2024-04-24 20:16:00,2024-04-24 20:16:00,1.0,待机,IsolationForest; Mahalanobis; 单变量IQR+3σ; 残差,3882.551,38,Mahalanobis 距离=3882.6（阈值=18.5）。主要贡献特征：PC1 (86.8%); PC4 (7.9%); PC3 (5.3%)。
2619,2024-04-24 20:18:00,2024-04-24 20:19:00,2.0,待机,IsolationForest; Mahalanobis; 单变量IQR+3σ; 残差,3559.555,76,Mahalanobis 距离=3559.6（阈值=18.5）。主要贡献特征：PC1 (79.6%); PC3 (11.9%); PC4 (8.5%)。
2620,2024-04-24 20:27:00,2024-04-24 20:27:00,1.0,重载牵引,IsolationForest; Mahalanobis; 单变量IQR+3σ; 残差,5.587,38,正常
2621,2024-04-24 20:29:00,2024-04-24 20:31:00,3.0,停机,IsolationForest; Mahalanobis; 单变量IQR+3σ; 残差,1890.512,114,Mahalanobis 距离=1890.5（阈值=18.5）。主要贡献特征：PC1 (96.5%); PC4 (3.4%)。
2622,2024-04-24 20:40:00,2024-04-24 20:40:00,1.0,待机,IsolationForest; Mahalanobis; 单变量IQR+3σ; 残差,4234.77,38,Mahalanobis 距离=4234.8（阈值=18.5）。主要贡献特征：PC1 (86.9%); PC4 (12.7%)。
2623,2024-04-24 20:45:00,2024-04-24 20:45:00,1.0,重载牵引,IsolationForest; Mahalanobis; 单变量IQR+3σ; 残差,5.142,38,正常
2624,2024-04-24 20:53:00,2024-04-24 21:05:00,13.0,停机,IsolationForest; Mahalanobis; 单变量IQR+3σ; 残差,492.202,494,Mahalanobis 距离=492.2（阈值=18.5）。主要贡献特征：PC3 (51.8%); PC1 (47.0%); PC4 (1.2%)。
2625,2024-04-24 21:10:00,2024-04-24 21:10:00,1.0,重载牵引,IsolationForest; Mahalanobis; 单变量IQR+3σ; 残差,3.807,38,正常
2626,2024-04-24 21:13:00,2024-04-24 21:22:00,10.0,停机,IsolationForest; Mahalanobis; 单变量IQR+3σ; 残差,2268.706,380,Mahalanobis 距离=2268.7（阈值=18.5）。主要贡献特征：PC1 (99.5%)。
2627,2024-04-24 21:33:00,2024-04-24 21:33:00,1.0,待机,IsolationForest; Mahalanobis; 单变量IQR+3σ; 残差,4358.649,38,Mahalanobis 距离=4358.6（阈值=18.5）。主要贡献特征：PC1 (88.2%); PC3 (11.3%)。
2628,2024-04-24 21:37:00,2024-04-24 21:42:00,6.0,停机,IsolationForest; Mahalanobis; 单变量IQR+3σ; 残差,1903.546,228,Mahalanobis 距离=1903.5（阈值=18.5）。主要贡献特征：PC1 (92.3%); PC3 (7.0%)。
2629,2024-04-24 21:46:00,2024-04-24 21:48:00,3.0,停机,IsolationForest; Mahalanobis; 单变量IQR+3σ; 残差,378.175,114,Mahalanobis 距离=378.2（阈值=18.5）。主要贡献特征：PC1 (55.4%); PC3 (42.7%); PC4 (1.9%)。
2630,2024-04-24 21:50:00,2024-04-24 21:51:00,2.0,停机,IsolationForest; Mahalanobis; 单变量IQR+3σ; 残差,1742.466,76,Mahalanobis 距离=1742.5（阈值=18.5）。主要贡献特征：PC1 (85.1%); PC3 (13.8%); PC4 (1.0%)。
2631,2024-04-24 21:58:00,2024-04-24 21:58:00,1.0,重载牵引,IsolationForest; Mahalanobis; 单变量IQR+3σ; 残差,4.035,38,正常
2632,2024-04-24 22:05:00,2024-04-24 22:05:00,1.0,重载牵引,IsolationForest; Mahalanobis; 单变量IQR+3σ; 残差,5.936,38,残差异常：采煤机_油泵_右电机_电流 偏高（残差 Z-score=5.9，实际=57.0 vs 预测=17.6）
2633,2024-04-24 22:08:00,2024-04-24 22:08:00,1.0,待机,IsolationForest; Mahalanobis; 单变量IQR+3σ; 残差,4042.099,38,Mahalanobis 距离=4042.1（阈值=18.5）。主要贡献特征：PC1 (67.3%); PC3 (31.2%); PC4 (1.6%)。
2634,2024-04-24 22:19:00,2024-04-24 22:19:00,1.0,停机,IsolationForest; Mahalanobis; 单变量IQR+3σ; 残差,1168.262,38,Mahalanobis 距离=1168.3（阈值=18.5）。主要贡献特征：PC1 (62.8%); PC3 (34.8%); PC4 (2.4%)。
2635,2024-04-24 22:21:00,2024-04-24 22:21:00,1.0,重载牵引,IsolationForest; Mahalanobis; 单变量IQR+3σ; 残差,3.126,38,残差异常：采煤机_牵引部位_右电机_电流 偏高（残差 Z-score=3.1，实际=213.0 vs 预测=118.4）
2636,2024-04-24 22:26:00,2024-04-24 22:26:00,1.0,重载牵引,IsolationForest; Mahalanobis; 单变量IQR+3σ; 残差,3.511,38,正常
2637,2024-04-24 22:29:00,2024-04-24 22:29:00,1.0,重载牵引,IsolationForest; Mahalanobis; 单变量IQR+3σ; 残差,3.459,38,残差异常：采煤机_截割部位_右滚筒_电机_电流 偏高（残差 Z-score=3.5，实际=205.0 vs 预测=77.0）
2638,2024-04-24 22:40:00,2024-04-24 22:40:00,1.0,停机,IsolationForest; Mahalanobis; 单变量IQR+3σ; 残差,1454.104,38,Mahalanobis 距离=1454.1（阈值=18.5）。主要贡献特征：PC1 (82.9%); PC3 (17.1%)。
2639,2024-04-24 22:42:00,2024-04-24 22:42:00,1.0,停机,IsolationForest; Mahalanobis; 单变量IQR+3σ; 残差,1451.739,38,Mahalanobis 距离=1451.7（阈值=18.5）。主要贡献特征：PC1 (83.5%); PC3 (16.5%)。
2640,2024-04-24 23:03:00,2024-04-24 23:05:00,3.0,重载牵引,IsolationForest; Mahalanobis; 单变量IQR+3σ; 残差,6.477,114,正常
2641,2024-04-24 23:09:00,2024-04-24 23:09:00,1.0,重载牵引,IsolationForest; Mahalanobis; 单变量IQR+3σ; 残差,4.549,38,正常
2642,2024-04-24 23:26:00,2024-04-24 23:29:00,4.0,停机,IsolationForest; Mahalanobis; 单变量IQR+3σ; 残差,1247.694,152,Mahalanobis 距离=1247.7（阈值=18.5）。主要贡献特征：PC1 (90.1%); PC3 (7.7%); PC4 (2.2%)。
2643,2024-04-24 23:34:00,2024-04-24 23:37:00,4.0,待机,IsolationForest; Mahalanobis; 单变量IQR+3σ; 残差,3082.663,152,Mahalanobis 距离=3082.7（阈值=18.5）。主要贡献特征：PC1 (78.3%); PC4 (19.2%); PC3 (2.4%)。
2644,2024-04-24 23:39:00,2024-04-24 23:42:00,4.0,停机,IsolationForest; Mahalanobis; 单变量IQR+3σ; 残差,1387.37,152,Mahalanobis 距离=1387.4（阈值=18.5）。主要贡献特征：PC1 (89.3%); PC3 (9.4%); PC4 (1.2%)。
2645,2024-04-24 23:44:00,2024-04-24 23:49:00,6.0,待机,IsolationForest; Mahalanobis; 单变量IQR+3σ; 残差,2537.926,228,Mahalanobis 距离=2537.9（阈值=18.5）。主要贡献特征：PC1 (82.9%); PC4 (12.7%); PC3 (4.4%)。
2646,2024-04-24 23:51:00,2024-04-24 23:54:00,4.0,停机,IsolationForest; Mahalanobis; 单变量IQR+3σ; 残差,1142.34,152,Mahalanobis 距离=1142.3（阈值=18.5）。主要贡献特征：PC1 (90.8%); PC3 (8.1%); PC4 (1.1%)。
2647,2024-04-25 00:04:00,2024-04-25 00:05:00,2.0,停机,IsolationForest; Mahalanobis; 单变量IQR+3σ; 残差,374.683,76,Mahalanobis 距离=374.7（阈值=18.5）。主要贡献特征：PC1 (79.0%); PC3 (18.0%); PC4 (3.0%)。
2648,2024-04-25 00:17:00,2024-04-25 00:17:00,1.0,重载牵引,IsolationForest; Mahalanobis; 单变量IQR+3σ; 残差,3.326,38,残差异常：采煤机_截割部位_左滚筒_电机_电流 偏高（残差 Z-score=3.3，实际=203.0 vs 预测=69.0）
2649,2024-04-25 00:20:00,2024-04-25 00:20:00,1.0,重载牵引,IsolationForest; Mahalanobis; 单变量IQR+3σ; 残差,3.564,38,正常
2650,2024-04-25 00:22:00,2024-04-25 00:22:00,1.0,待机,IsolationForest; Mahalanobis; 单变量IQR+3σ; 残差,5978.892,38,Mahalanobis 距离=5978.9（阈值=18.5）。主要贡献特征：PC1 (99.8%)。
2651,2024-04-25 00:28:00,2024-04-25 00:31:00,4.0,重载牵引,IsolationForest; Mahalanobis; 单变量IQR+3σ; 残差,6.329,152,正常
2652,2024-04-25 00:33:00,2024-04-25 00:33:00,1.0,待机,IsolationForest; Mahalanobis; 单变量IQR+3σ; 残差,11066.672,38,Mahalanobis 距离=11066.7（阈值=18.5）。主要贡献特征：PC1 (66.0%); PC3 (32.4%); PC4 (1.6%)。
2653,2024-04-25 00:43:00,2024-04-25 00:49:00,7.0,待机,IsolationForest; Mahalanobis; 单变量IQR+3σ; 残差,4046.381,266,Mahalanobis 距离=4046.4（阈值=18.5）。主要贡献特征：PC1 (67.6%); PC3 (30.5%); PC4 (1.8%)。
2654,2024-04-25 00:55:00,2024-04-25 00:55:00,1.0,重载牵引,IsolationForest; Mahalanobis; 单变量IQR+3σ; 残差,3.361,38,残差异常：采煤机_截割部位_左滚筒_电机_电流 偏高（残差 Z-score=3.4，实际=228.0 vs 预测=92.6）
2655,2024-04-25 00:59:00,2024-04-25 00:59:00,1.0,待机,IsolationForest; Mahalanobis; 单变量IQR+3σ; 残差,6422.189,38,Mahalanobis 距离=6422.2（阈值=18.5）。主要贡献特征：PC1 (98.7%)。
2656,2024-04-25 01:05:00,2024-04-25 01:05:00,1.0,重载牵引,IsolationForest; Mahalanobis; 单变量IQR+3σ; 残差,3.389,38,残差异常：采煤机_破碎机_电机_电流 偏高（残差 Z-score=3.4，实际=38.0 vs 预测=0.0）
2657,2024-04-25 01:07:00,2024-04-25 01:08:00,2.0,待机,IsolationForest; Mahalanobis; 单变量IQR+3σ; 残差,6296.6,76,Mahalanobis 距离=6296.6（阈值=18.5）。主要贡献特征：PC1 (100.0%)。
2658,2024-04-25 01:14:00,2024-04-25 01:14:00,1.0,重载牵引,IsolationForest; Mahalanobis; 单变量IQR+3σ; 残差,4.846,38,正常
2659,2024-04-25 01:16:00,2024-04-25 01:16:00,1.0,重载牵引,IsolationForest; Mahalanobis; 单变量IQR+3σ; 残差,4.069,38,正常
2660,2024-04-25 01:21:00,2024-04-25 01:24:00,4.0,待机,IsolationForest; Mahalanobis; 单变量IQR+3σ; 残差,6399.959,152,Mahalanobis 距离=6400.0（阈值=18.5）。主要贡献特征：PC1 (96.7%); PC3 (1.9%); PC4 (1.4%)。
2661,2024-04-25 01:32:00,2024-04-25 01:34:00,3.0,待机,IsolationForest; Mahalanobis; 单变量IQR+3σ; 残差,6377.952,114,Mahalanobis 距离=6378.0（阈值=18.5）。主要贡献特征：PC1 (91.3%); PC3 (5.2%); PC4 (3.5%)。
2662,2024-04-25 01:51:00,2024-04-25 01:51:00,1.0,停机,IsolationForest; Mahalanobis; 单变量IQR+3σ; 残差,1538.12,38,Mahalanobis 距离=1538.1（阈值=18.5）。主要贡献特征：PC1 (93.8%); PC4 (3.4%); PC3 (2.8%)。
2663,2024-04-25 01:56:00,2024-04-25 01:57:00,2.0,重载牵引,IsolationForest; Mahalanobis; 单变量IQR+3σ; 残差,5.876,76,残差异常：采煤机_油泵_右电机_电流 偏高（残差 Z-score=5.9，实际=56.0 vs 预测=17.0）
2664,2024-04-25 02:02:00,2024-04-25 02:02:00,1.0,待机,IsolationForest; Mahalanobis; 单变量IQR+3σ; 残差,5682.371,38,Mahalanobis 距离=5682.4（阈值=18.5）。主要贡献特征：PC1 (82.2%); PC4 (11.5%); PC3 (6.3%)。
2665,2024-04-25 02:11:00,2024-04-25 02:12:00,2.0,停机,IsolationForest; Mahalanobis; 单变量IQR+3σ; 残差,1155.193,76,Mahalanobis 距离=1155.2（阈值=18.5）。主要贡献特征：PC1 (89.0%); PC3 (8.9%); PC4 (2.1%)。
2666,2024-04-25 02:16:00,2024-04-25 02:17:00,2.0,待机,IsolationForest; Mahalanobis; 单变量IQR+3σ; 残差,4699.317,76,Mahalanobis 距离=4699.3（阈值=18.5）。主要贡献特征：PC1 (92.2%); PC4 (7.7%)。
2667,2024-04-25 02:20:00,2024-04-25 02:20:00,1.0,重载牵引,IsolationForest; Mahalanobis; 单变量IQR+3σ; 残差,3.917,38,残差异常：采煤机_油泵_右电机_电流 偏高（残差 Z-score=3.9，实际=43.0 vs 预测=17.0）
2668,2024-04-25 02:23:00,2024-04-25 02:23:00,1.0,待机,IsolationForest; Mahalanobis; 单变量IQR+3σ; 残差,6034.945,38,Mahalanobis 距离=6034.9（阈值=18.5）。主要贡献特征：PC1 (92.1%); PC4 (4.1%); PC3 (3.8%)。
2669,2024-04-25 02:25:00,2024-04-25 02:29:00,5.0,停机,IsolationForest; Mahalanobis; 单变量IQR+3σ; 残差,1980.668,190,Mahalanobis 距离=1980.7（阈值=18.5）。主要贡献特征：PC1 (98.3%); PC3 (1.4%)。
2670,2024-04-25 02:31:00,2024-04-25 02:35:00,5.0,待机,IsolationForest; Mahalanobis; 单变量IQR+3σ; 残差,2416.671,190,Mahalanobis 距离=2416.7（阈值=18.5）。主要贡献特征：PC1 (84.3%); PC4 (8.4%); PC3 (7.2%)。
2671,2024-04-25 02:49:00,2024-04-25 02:49:00,1.0,重载牵引,IsolationForest; Mahalanobis; 单变量IQR+3σ; 残差,3.868,38,正常
2672,2024-04-25 02:58:00,2024-04-25 02:58:00,1.0,重载牵引,IsolationForest; Mahalanobis; 单变量IQR+3σ; 残差,4.731,38,正常
2673,2024-04-25 03:03:00,2024-04-25 03:03:00,1.0,重载牵引,IsolationForest; Mahalanobis; 单变量IQR+3σ; 残差,5.997,38,残差异常：采煤机_油泵_右电机_电流 偏高（残差 Z-score=6.0，实际=57.0 vs 预测=17.2）
2674,2024-04-25 03:05:00,2024-04-25 03:05:00,1.0,重载牵引,IsolationForest; Mahalanobis; 单变量IQR+3σ; 残差,3.956,38,正常
2675,2024-04-25 03:11:00,2024-04-25 03:11:00,1.0,停机,IsolationForest; Mahalanobis; 单变量IQR+3σ; 残差,916.835,38,Mahalanobis 距离=916.8（阈值=18.5）。主要贡献特征：PC1 (56.5%); PC3 (40.1%); PC4 (3.4%)。
2676,2024-04-25 03:15:00,2024-04-25 03:19:00,5.0,停机,IsolationForest; Mahalanobis; 单变量IQR+3σ; 残差,901.336,190,Mahalanobis 距离=901.3（阈值=18.5）。主要贡献特征：PC1 (56.0%); PC3 (40.0%); PC4 (4.1%)。
2677,2024-04-25 03:29:00,2024-04-25 03:33:00,5.0,待机,IsolationForest; Mahalanobis; 单变量IQR+3σ; 残差,2922.074,190,Mahalanobis 距离=2922.1（阈值=18.5）。主要贡献特征：PC1 (65.4%); PC3 (29.2%); PC4 (5.3%)。
2678,2024-04-25 03:35:00,2024-04-25 03:35:00,1.0,重载牵引,IsolationForest; Mahalanobis; 单变量IQR+3σ; 残差,4.549,38,正常
2679,2024-04-25 03:55:00,2024-04-25 03:56:00,2.0,待机,IsolationForest; Mahalanobis; 单变量IQR+3σ; 残差,7627.031,76,Mahalanobis 距离=7627.0（阈值=18.5）。主要贡献特征：PC1 (95.4%); PC3 (4.6%)。
2680,2024-04-25 03:58:00,2024-04-25 03:59:00,2.0,停机,IsolationForest; Mahalanobis; 单变量IQR+3σ; 残差,2974.926,76,Mahalanobis 距离=2974.9（阈值=18.5）。主要贡献特征：PC1 (95.8%); PC3 (3.3%)。
2681,2024-04-25 04:06:00,2024-04-25 04:07:00,2.0,待机,IsolationForest; Mahalanobis; 单变量IQR+3σ; 残差,3625.853,76,Mahalanobis 距离=3625.9（阈值=18.5）。主要贡献特征：PC1 (74.5%); PC3 (24.9%)。
2682,2024-04-25 04:21:00,2024-04-25 04:24:00,4.0,待机,IsolationForest; Mahalanobis; 单变量IQR+3σ; 残差,3763.332,152,Mahalanobis 距离=3763.3（阈值=18.5）。主要贡献特征：PC1 (85.9%); PC3 (8.8%); PC4 (5.3%)。
2683,2024-04-25 04:27:00,2024-04-25 04:27:00,1.0,重载牵引,IsolationForest; Mahalanobis; 单变量IQR+3σ; 残差,5.936,38,残差异常：采煤机_油泵_右电机_电流 偏高（残差 Z-score=5.9，实际=57.0 vs 预测=17.6）
2684,2024-04-25 04:31:00,2024-04-25 04:31:00,1.0,重载牵引,IsolationForest; Mahalanobis; 单变量IQR+3σ; 残差,2.521,38,正常
2685,2024-04-25 04:37:00,2024-04-25 04:39:00,3.0,待机,IsolationForest; Mahalanobis; 单变量IQR+3σ; 残差,4060.275,114,Mahalanobis 距离=4060.3（阈值=18.5）。主要贡献特征：PC1 (85.6%); PC4 (13.7%)。
2686,2024-04-25 04:43:00,2024-04-25 04:43:00,1.0,重载牵引,IsolationForest; Mahalanobis; 单变量IQR+3σ; 残差,3.193,38,残差异常：采煤机_破碎机_电机_电流 偏高（残差 Z-score=3.2，实际=49.0 vs 预测=13.2）
2687,2024-04-25 04:52:00,2024-04-25 04:52:00,1.0,待机,IsolationForest; Mahalanobis; 单变量IQR+3σ; 残差,4204.238,38,Mahalanobis 距离=4204.2（阈值=18.5）。主要贡献特征：PC1 (86.6%); PC4 (13.1%)。
2688,2024-04-25 04:54:00,2024-04-25 04:55:00,2.0,重载牵引,IsolationForest; Mahalanobis; 单变量IQR+3σ; 残差,5.736,76,正常
2689,2024-04-25 04:58:00,2024-04-25 04:58:00,1.0,停机,IsolationForest; Mahalanobis; 单变量IQR+3σ; 残差,2319.598,38,Mahalanobis 距离=2319.6（阈值=18.5）。主要贡献特征：PC1 (96.5%); PC4 (2.4%); PC3 (1.0%)。
2690,2024-04-25 05:05:00,2024-04-25 05:05:00,1.0,停机,IsolationForest; Mahalanobis; 单变量IQR+3σ; 残差,1550.757,38,Mahalanobis 距离=1550.8（阈值=18.5）。主要贡献特征：PC1 (92.6%); PC3 (6.4%)。
2691,2024-04-25 05:08:00,2024-04-25 05:08:00,1.0,重载牵引,IsolationForest; Mahalanobis; 单变量IQR+3σ; 残差,3.887,38,残差异常：采煤机_油泵_右电机_电流 偏高（残差 Z-score=3.9，实际=43.0 vs 预测=17.2）
2692,2024-04-25 05:10:00,2024-04-25 05:10:00,1.0,待机,IsolationForest; Mahalanobis; 单变量IQR+3σ; 残差,4773.82,38,Mahalanobis 距离=4773.8（阈值=18.5）。主要贡献特征：PC1 (94.9%); PC4 (4.5%)。
2693,2024-04-25 05:17:00,2024-04-25 05:17:00,1.0,待机,IsolationForest; Mahalanobis; 单变量IQR+3σ; 残差,3920.402,38,Mahalanobis 距离=3920.4（阈值=18.5）。主要贡献特征：PC1 (84.7%); PC3 (13.8%); PC4 (1.4%)。
2694,2024-04-25 05:23:00,2024-04-25 05:23:00,1.0,重载牵引,IsolationForest; Mahalanobis; 单变量IQR+3σ; 残差,3.381,38,残差异常：采煤机_截割部位_左滚筒_电机_电流 偏高（残差 Z-score=3.4，实际=209.0 vs 预测=72.8）
2695,2024-04-25 05:31:00,2024-04-25 05:33:00,3.0,停机,IsolationForest; Mahalanobis; 单变量IQR+3σ; 残差,2187.313,114,Mahalanobis 距离=2187.3（阈值=18.5）。主要贡献特征：PC1 (91.7%); PC3 (6.8%); PC4 (1.5%)。
2696,2024-04-25 05:38:00,2024-04-25 05:38:00,1.0,重载牵引,IsolationForest; Mahalanobis; 单变量IQR+3σ; 残差,3.519,38,正常
2697,2024-04-25 05:44:00,2024-04-25 05:44:00,1.0,待机,IsolationForest; Mahalanobis; 单变量IQR+3σ; 残差,7000.887,38,Mahalanobis 距离=7000.9（阈值=18.5）。主要贡献特征：PC1 (97.0%); PC4 (2.9%)。
2698,2024-04-25 05:47:00,2024-04-25 05:49:00,3.0,停机,IsolationForest; Mahalanobis; 单变量IQR+3σ; 残差,1892.497,114,Mahalanobis 距离=1892.5（阈值=18.5）。主要贡献特征：PC1 (79.8%); PC3 (15.1%); PC4 (5.1%)。
2699,2024-04-25 06:01:00,2024-04-25 06:01:00,1.0,重载牵引,IsolationForest; Mahalanobis; 单变量IQR+3σ; 残差,4.369,38,残差异常：采煤机_油泵_右电机_电流 偏高（残差 Z-score=4.4，实际=46.0 vs 预测=17.0）
2700,2024-04-25 06:08:00,2024-04-25 06:08:00,1.0,重载牵引,IsolationForest; Mahalanobis; 单变量IQR+3σ; 残差,3.631,38,正常
2701,2024-04-25 06:16:00,2024-04-25 06:16:00,1.0,重载牵引,IsolationForest; Mahalanobis; 单变量IQR+3σ; 残差,3.511,38,正常
2702,2024-04-25 06:18:00,2024-04-25 06:18:00,1.0,重载牵引,IsolationForest; Mahalanobis; 单变量IQR+3σ; 残差,4.58,38,残差异常：采煤机_油泵_右电机_电流 偏高（残差 Z-score=4.6，实际=48.0 vs 预测=17.6）
2703,2024-04-25 06:31:00,2024-04-25 06:31:00,1.0,待机,IsolationForest; Mahalanobis; 单变量IQR+3σ; 残差,6671.796,38,Mahalanobis 距离=6671.8（阈值=18.5）。主要贡献特征：PC1 (91.6%); PC3 (5.5%); PC4 (2.9%)。
2704,2024-04-25 06:33:00,2024-04-25 06:37:00,5.0,停机,IsolationForest; Mahalanobis; 单变量IQR+3σ; 残差,1772.538,190,Mahalanobis 距离=1772.5（阈值=18.5）。主要贡献特征：PC1 (93.8%); PC3 (5.9%)。
2705,2024-04-25 06:39:00,2024-04-25 06:40:00,2.0,停机,IsolationForest; Mahalanobis; 单变量IQR+3σ; 残差,2390.362,76,Mahalanobis 距离=2390.4（阈值=18.5）。主要贡献特征：PC1 (94.4%); PC3 (5.2%)。
2706,2024-04-25 06:44:00,2024-04-25 06:47:00,4.0,待机,IsolationForest; Mahalanobis; 单变量IQR+3σ; 残差,3673.021,152,Mahalanobis 距离=3673.0（阈值=18.5）。主要贡献特征：PC1 (82.3%); PC3 (10.1%); PC4 (7.5%)。
2707,2024-04-25 06:54:00,2024-04-25 06:57:00,4.0,待机,IsolationForest; Mahalanobis; 单变量IQR+3σ; 残差,3840.092,152,Mahalanobis 距离=3840.1（阈值=18.5）。主要贡献特征：PC1 (84.9%); PC4 (12.4%); PC3 (2.7%)。
2708,2024-04-25 07:00:00,2024-04-25 07:01:00,2.0,待机,IsolationForest; Mahalanobis; 单变量IQR+3σ; 残差,3904.539,76,Mahalanobis 距离=3904.5（阈值=18.5）。主要贡献特征：PC1 (85.0%); PC4 (13.1%); PC3 (1.9%)。
2709,2024-04-25 07:03:00,2024-04-25 07:03:00,1.0,重载牵引,IsolationForest; Mahalanobis; 单变量IQR+3σ; 残差,6.453,38,正常
2710,2024-04-25 07:08:00,2024-04-25 07:08:00,1.0,重载牵引,IsolationForest; Mahalanobis; 单变量IQR+3σ; 残差,3.214,38,正常
2711,2024-04-25 07:13:00,2024-04-25 07:13:00,1.0,停机,IsolationForest; Mahalanobis; 单变量IQR+3σ; 残差,1886.787,38,Mahalanobis 距离=1886.8（阈值=18.5）。主要贡献特征：PC1 (96.9%); PC4 (3.0%)。
2712,2024-04-25 07:21:00,2024-04-25 07:21:00,1.0,待机,IsolationForest; Mahalanobis; 单变量IQR+3σ; 残差,3856.779,38,Mahalanobis 距离=3856.8（阈值=18.5）。主要贡献特征：PC1 (86.7%); PC4 (7.8%); PC3 (5.5%)。
2713,2024-04-25 07:27:00,2024-04-25 07:27:00,1.0,待机,IsolationForest; Mahalanobis; 单变量IQR+3σ; 残差,4694.909,38,Mahalanobis 距离=4694.9（阈值=18.5）。主要贡献特征：PC1 (94.1%); PC4 (4.9%)。
2714,2024-04-25 07:31:00,2024-04-25 07:33:00,3.0,停机,IsolationForest; Mahalanobis; 单变量IQR+3σ; 残差,1313.637,114,Mahalanobis 距离=1313.6（阈值=18.5）。主要贡献特征：PC1 (85.7%); PC3 (14.1%)。
2715,2024-04-25 07:42:00,2024-04-25 07:45:00,4.0,停机,IsolationForest; Mahalanobis; 单变量IQR+3σ; 残差,1117.72,152,Mahalanobis 距离=1117.7（阈值=18.5）。主要贡献特征：PC1 (75.0%); PC3 (24.9%)。
2716,2024-04-25 07:50:00,2024-04-25 07:50:00,1.0,待机,IsolationForest; Mahalanobis; 单变量IQR+3σ; 残差,3994.887,38,Mahalanobis 距离=3994.9（阈值=18.5）。主要贡献特征：PC1 (78.3%); PC3 (21.7%)。
2717,2024-04-25 07:56:00,2024-04-25 07:56:00,1.0,重载牵引,IsolationForest; Mahalanobis; 单变量IQR+3σ; 残差,4.912,38,残差异常：采煤机_油泵_右电机_电流 偏高（残差 Z-score=4.9，实际=50.0 vs 预测=17.4）
2718,2024-04-25 08:01:00,2024-04-25 08:01:00,1.0,停机,IsolationForest; Mahalanobis; 单变量IQR+3σ; 残差,2843.71,38,Mahalanobis 距离=2843.7（阈值=18.5）。主要贡献特征：PC1 (95.9%); PC4 (3.6%)。
2719,2024-04-25 08:06:00,2024-04-25 08:06:00,1.0,空载牵引,IsolationForest; Mahalanobis; 单变量IQR+3σ; 残差,3.206,38,正常
2720,2024-04-25 08:09:00,2024-04-25 08:09:00,1.0,重载牵引,IsolationForest; Mahalanobis; 单变量IQR+3σ; 残差,4.701,38,残差异常：采煤机_油泵_右电机_电流 偏高（残差 Z-score=4.7，实际=49.0 vs 预测=17.8）
2721,2024-04-25 08:14:00,2024-04-25 08:15:00,2.0,待机,IsolationForest; Mahalanobis; 单变量IQR+3σ; 残差,3879.125,76,Mahalanobis 距离=3879.1（阈值=18.5）。主要贡献特征：PC1 (61.4%); PC3 (36.9%); PC4 (1.7%)。
2722,2024-04-25 08:24:00,2024-04-25 08:24:00,1.0,待机,IsolationForest; Mahalanobis; 单变量IQR+3σ; 残差,4222.901,38,Mahalanobis 距离=4222.9（阈值=18.5）。主要贡献特征：PC1 (69.9%); PC3 (28.4%); PC4 (1.8%)。
2723,2024-04-25 08:33:00,2024-04-25 08:43:00,11.0,待机,IsolationForest; Mahalanobis; 单变量IQR+3σ; 残差,3738.296,418,Mahalanobis 距离=3738.3（阈值=18.5）。主要贡献特征：PC1 (64.9%); PC3 (34.4%)。
2724,2024-04-25 08:46:00,2024-04-25 08:49:00,4.0,停机,IsolationForest; Mahalanobis; 单变量IQR+3σ; 残差,202.639,152,Mahalanobis 距离=202.6（阈值=18.5）。主要贡献特征：PC3 (54.7%); PC1 (41.2%); PC4 (4.1%)。
2725,2024-04-25 09:05:00,2024-04-25 09:06:00,2.0,停机,IsolationForest; Mahalanobis; 单变量IQR+3σ; 残差,1380.24,76,Mahalanobis 距离=1380.2（阈值=18.5）。主要贡献特征：PC1 (83.4%); PC3 (16.6%)。
2726,2024-04-25 09:11:00,2024-04-25 09:14:00,4.0,停机,IsolationForest; Mahalanobis; 单变量IQR+3σ; 残差,2217.784,152,Mahalanobis 距离=2217.8（阈值=18.5）。主要贡献特征：PC1 (100.0%)。
2727,2024-04-25 09:21:00,2024-04-25 09:41:00,21.0,停机,IsolationForest; Mahalanobis; 单变量IQR+3σ; 残差,10757.754,798,Mahalanobis 距离=10757.8（阈值=18.5）。主要贡献特征：PC3 (98.2%); PC1 (1.7%)。
2728,2024-04-25 09:46:00,2024-04-25 09:46:00,1.0,待机,IsolationForest; Mahalanobis; 单变量IQR+3σ; 残差,3636.547,38,Mahalanobis 距离=3636.5（阈值=18.5）。主要贡献特征：PC1 (82.9%); PC3 (10.7%); PC4 (6.3%)。
2729,2024-04-25 09:48:00,2024-04-25 09:54:00,7.0,待机,IsolationForest; Mahalanobis; 单变量IQR+3σ; 残差,3059.291,266,Mahalanobis 距离=3059.3（阈值=18.5）。主要贡献特征：PC1 (83.2%); PC4 (16.6%)。
2730,2024-04-25 10:01:00,2024-04-25 10:01:00,1.0,重载牵引,IsolationForest; Mahalanobis; 单变量IQR+3σ; 残差,5.884,38,正常
2731,2024-04-25 10:04:00,2024-04-25 10:05:00,2.0,待机,IsolationForest; Mahalanobis; 单变量IQR+3σ; 残差,5149.526,76,Mahalanobis 距离=5149.5（阈值=18.5）。主要贡献特征：PC1 (83.9%); PC4 (12.9%); PC3 (3.2%)。
2732,2024-04-25 10:08:00,2024-04-25 10:10:00,3.0,重载牵引,IsolationForest; Mahalanobis; 单变量IQR+3σ; 残差,2.769,114,单变量异常：采煤机_油泵_左电机_电流（z-score=2.8，实际=37.0，均值=18.3±6.7）
2733,2024-04-25 10:12:00,2024-04-25 10:24:00,13.0,停机,IsolationForest; Mahalanobis; 单变量IQR+3σ; 残差,1187.444,494,Mahalanobis 距离=1187.4（阈值=18.5）。主要贡献特征：PC1 (88.0%); PC3 (9.8%); PC4 (2.3%)。
2734,2024-04-25 11:11:00,2024-04-25 11:15:00,5.0,停机,IsolationForest; Mahalanobis; 单变量IQR+3σ; 残差,369.934,190,Mahalanobis 距离=369.9（阈值=18.5）。主要贡献特征：PC1 (82.0%); PC4 (9.2%); PC3 (8.7%)。
2735,2024-04-25 13:20:00,2024-04-25 13:37:00,18.0,待机,IsolationForest; Mahalanobis; 单变量IQR+3σ; 残差,3851.674,684,Mahalanobis 距离=3851.7（阈值=18.5）。主要贡献特征：PC1 (52.9%); PC3 (38.3%); PC4 (8.8%)。
2736,2024-04-25 13:45:00,2024-04-25 13:52:00,8.0,待机,IsolationForest; Mahalanobis; 单变量IQR+3σ; 残差,4289.645,304,Mahalanobis 距离=4289.6（阈值=18.5）。主要贡献特征：PC1 (52.2%); PC3 (40.9%); PC4 (6.9%)。
2737,2024-04-25 14:27:00,2024-04-25 14:27:00,1.0,停机,IsolationForest; Mahalanobis; 单变量IQR+3σ; 残差,1.811,38,正常
2738,2024-04-25 14:29:00,2024-04-25 14:34:00,6.0,待机,IsolationForest; Mahalanobis; 单变量IQR+3σ; 残差,3810.296,228,Mahalanobis 距离=3810.3（阈值=18.5）。主要贡献特征：PC1 (43.9%); PC3 (43.8%); PC4 (12.3%)。
2739,2024-04-25 14:38:00,2024-04-25 15:39:00,62.0,待机,IsolationForest; Mahalanobis; 单变量IQR+3σ; 残差,4692.978,2356,Mahalanobis 距离=4693.0（阈值=18.5）。主要贡献特征：PC1 (49.9%); PC3 (43.8%); PC4 (6.4%)。
2740,2024-04-25 15:43:00,2024-04-25 15:52:00,10.0,待机,IsolationForest; Mahalanobis; 单变量IQR+3σ; 残差,4234.854,380,Mahalanobis 距离=4234.9（阈值=18.5）。主要贡献特征：PC1 (88.4%); PC4 (10.2%); PC3 (1.3%)。
2741,2024-04-25 15:54:00,2024-04-25 15:58:00,5.0,待机,IsolationForest; Mahalanobis; 单变量IQR+3σ; 残差,4226.671,190,Mahalanobis 距离=4226.7（阈值=18.5）。主要贡献特征：PC1 (87.8%); PC4 (11.6%)。
2742,2024-04-25 16:00:00,2024-04-25 16:00:00,1.0,重载牵引,IsolationForest; Mahalanobis; 单变量IQR+3σ; 残差,3.6,38,正常
2743,2024-04-25 16:02:00,2024-04-25 16:08:00,7.0,停机,IsolationForest; Mahalanobis; 单变量IQR+3σ; 残差,1899.035,266,Mahalanobis 距离=1899.0（阈值=18.5）。主要贡献特征：PC1 (96.2%); PC4 (3.8%)。
2744,2024-04-25 16:14:00,2024-04-25 16:15:00,2.0,停机,IsolationForest; Mahalanobis; 单变量IQR+3σ; 残差,1149.848,76,Mahalanobis 距离=1149.8（阈值=18.5）。主要贡献特征：PC1 (87.9%); PC3 (9.8%); PC4 (2.3%)。
2745,2024-04-25 16:21:00,2024-04-25 16:23:00,3.0,停机,IsolationForest; Mahalanobis; 单变量IQR+3σ; 残差,1267.791,114,Mahalanobis 距离=1267.8（阈值=18.5）。主要贡献特征：PC1 (89.1%); PC3 (9.2%); PC4 (1.6%)。
2746,2024-04-25 16:26:00,2024-04-25 16:29:00,4.0,待机,IsolationForest; Mahalanobis; 单变量IQR+3σ; 残差,3375.673,152,Mahalanobis 距离=3375.7（阈值=18.5）。主要贡献特征：PC1 (84.3%); PC4 (9.9%); PC3 (5.8%)。
2747,2024-04-25 16:35:00,2024-04-25 16:35:00,1.0,重载牵引,IsolationForest; Mahalanobis; 单变量IQR+3σ; 残差,3.541,38,残差异常：采煤机_截割部位_右滚筒_电机_电流 偏高（残差 Z-score=3.5，实际=205.0 vs 预测=74.0）
2748,2024-04-25 16:48:00,2024-04-25 16:49:00,2.0,停机,IsolationForest; Mahalanobis; 单变量IQR+3σ; 残差,1361.717,76,Mahalanobis 距离=1361.7（阈值=18.5）。主要贡献特征：PC1 (82.2%); PC3 (17.7%)。
2749,2024-04-25 16:54:00,2024-04-25 16:54:00,1.0,待机,IsolationForest; Mahalanobis; 单变量IQR+3σ; 残差,4050.016,38,Mahalanobis 距离=4050.0（阈值=18.5）。主要贡献特征：PC1 (81.3%); PC3 (18.7%)。
2750,2024-04-25 17:01:00,2024-04-25 17:05:00,5.0,待机,IsolationForest; Mahalanobis; 单变量IQR+3σ; 残差,5617.713,190,Mahalanobis 距离=5617.7（阈值=18.5）。主要贡献特征：PC1 (95.0%); PC3 (4.4%)。
2751,2024-04-25 17:55:00,2024-04-25 18:05:00,11.0,停机,IsolationForest; Mahalanobis; 单变量IQR+3σ; 残差,1964.487,418,Mahalanobis 距离=1964.5（阈值=18.5）。主要贡献特征：PC1 (92.3%); PC4 (4.8%); PC3 (2.9%)。
2752,2024-04-25 18:31:00,2024-04-25 18:44:00,14.0,停机,IsolationForest; Mahalanobis; 单变量IQR+3σ; 残差,1525.583,532,Mahalanobis 距离=1525.6（阈值=18.5）。主要贡献特征：PC1 (69.6%); PC3 (26.9%); PC4 (3.5%)。
2753,2024-04-25 18:46:00,2024-04-25 18:47:00,2.0,重载牵引,IsolationForest; Mahalanobis; 单变量IQR+3σ; 残差,5.032,76,残差异常：采煤机_油泵_右电机_电流 偏高（残差 Z-score=5.0，实际=51.0 vs 预测=17.6）
2754,2024-04-25 18:51:00,2024-04-25 18:51:00,1.0,停机,IsolationForest; Mahalanobis; 单变量IQR+3σ; 残差,2014.766,38,Mahalanobis 距离=2014.8（阈值=18.5）。主要贡献特征：PC1 (89.6%); PC3 (9.1%); PC4 (1.3%)。
2755,2024-04-25 18:53:00,2024-04-25 18:54:00,2.0,重载牵引,IsolationForest; Mahalanobis; 单变量IQR+3σ; 残差,6.356,76,正常
2756,2024-04-25 18:56:00,2024-04-25 18:59:00,4.0,重载牵引,IsolationForest; Mahalanobis; 单变量IQR+3σ; 残差,7.705,152,正常
2757,2024-04-25 19:02:00,2024-04-25 19:02:00,1.0,待机,IsolationForest; Mahalanobis; 单变量IQR+3σ; 残差,6676.28,38,Mahalanobis 距离=6676.3（阈值=18.5）。主要贡献特征：PC1 (98.0%); PC3 (1.6%)。
2758,2024-04-25 19:09:00,2024-04-25 19:19:00,11.0,停机,IsolationForest; Mahalanobis; 单变量IQR+3σ; 残差,6039.672,418,Mahalanobis 距离=6039.7（阈值=18.5）。主要贡献特征：PC3 (73.1%); PC1 (26.9%)。
2759,2024-04-25 19:25:00,2024-04-25 19:33:00,9.0,停机,IsolationForest; Mahalanobis; 单变量IQR+3σ; 残差,1523.28,342,Mahalanobis 距离=1523.3（阈值=18.5）。主要贡献特征：PC1 (92.5%); PC3 (6.1%); PC4 (1.4%)。
2760,2024-04-25 19:35:00,2024-04-25 19:41:00,7.0,停机,IsolationForest; Mahalanobis; 单变量IQR+3σ; 残差,352.641,266,Mahalanobis 距离=352.6（阈值=18.5）。主要贡献特征：PC1 (80.3%); PC3 (12.9%); PC4 (6.7%)。
2761,2024-04-25 19:47:00,2024-04-25 19:47:00,1.0,待机,IsolationForest; Mahalanobis; 单变量IQR+3σ; 残差,4043.615,38,Mahalanobis 距离=4043.6（阈值=18.5）。主要贡献特征：PC1 (86.0%); PC4 (12.9%); PC3 (1.1%)。
2762,2024-04-25 20:26:00,2024-04-25 20:26:00,1.0,重载牵引,IsolationForest; Mahalanobis; 单变量IQR+3σ; 残差,3.956,38,正常
2763,2024-04-25 20:28:00,2024-04-25 20:28:00,1.0,停机,IsolationForest; Mahalanobis; 单变量IQR+3σ; 残差,1223.448,38,Mahalanobis 距离=1223.4（阈值=18.5）。主要贡献特征：PC1 (76.7%); PC3 (23.0%)。
2764,2024-04-25 20:38:00,2024-04-25 20:38:00,1.0,重载牵引,IsolationForest; Mahalanobis; 单变量IQR+3σ; 残差,4.52,38,残差异常：采煤机_油泵_右电机_电流 偏高（残差 Z-score=4.5，实际=47.0 vs 预测=17.0）
2765,2024-04-25 20:40:00,2024-04-25 20:43:00,4.0,重载牵引,IsolationForest; Mahalanobis; 单变量IQR+3σ; 残差,4.152,152,正常
2766,2024-04-25 20:58:00,2024-04-25 20:58:00,1.0,重载牵引,IsolationForest; Mahalanobis; 单变量IQR+3σ; 残差,3.214,38,正常
2767,2024-04-25 21:03:00,2024-04-25 21:03:00,1.0,停机,IsolationForest; Mahalanobis; 单变量IQR+3σ; 残差,1217.402,38,Mahalanobis 距离=1217.4（阈值=18.5）。主要贡献特征：PC1 (62.9%); PC3 (33.8%); PC4 (3.3%)。
2768,2024-04-25 21:07:00,2024-04-25 21:07:00,1.0,重载牵引,IsolationForest; Mahalanobis; 单变量IQR+3σ; 残差,3.659,38,正常
2769,2024-04-25 21:18:00,2024-04-25 21:18:00,1.0,待机,IsolationForest; Mahalanobis; 单变量IQR+3σ; 残差,5768.952,38,Mahalanobis 距离=5769.0（阈值=18.5）。主要贡献特征：PC1 (98.8%); PC3 (1.1%)。
2770,2024-04-25 21:23:00,2024-04-25 21:23:00,1.0,重载牵引,IsolationForest; Mahalanobis; 单变量IQR+3σ; 残差,3.076,38,残差异常：采煤机_截割部位_右滚筒_电机_电流 偏高（残差 Z-score=3.1，实际=197.0 vs 预测=83.2）
2771,2024-04-25 21:27:00,2024-04-25 21:28:00,2.0,待机,IsolationForest; Mahalanobis; 单变量IQR+3σ; 残差,4653.618,76,Mahalanobis 距离=4653.6（阈值=18.5）。主要贡献特征：PC1 (93.7%); PC3 (5.5%)。
2772,2024-04-25 21:30:00,2024-04-25 21:30:00,1.0,待机,IsolationForest; Mahalanobis; 单变量IQR+3σ; 残差,6196.98,38,Mahalanobis 距离=6197.0（阈值=18.5）。主要贡献特征：PC1 (98.0%); PC4 (1.1%)。
2773,2024-04-25 21:32:00,2024-04-25 21:36:00,5.0,停机,IsolationForest; Mahalanobis; 单变量IQR+3σ; 残差,2517.937,190,Mahalanobis 距离=2517.9（阈值=18.5）。主要贡献特征：PC1 (100.0%)。
2774,2024-04-25 21:40:00,2024-04-25 21:42:00,3.0,停机,IsolationForest; Mahalanobis; 单变量IQR+3σ; 残差,323.924,114,Mahalanobis 距离=323.9（阈值=18.5）。主要贡献特征：PC1 (67.3%); PC3 (32.7%)。
2775,2024-04-25 21:47:00,2024-04-25 21:48:00,2.0,待机,IsolationForest; Mahalanobis; 单变量IQR+3σ; 残差,4280.662,76,Mahalanobis 距离=4280.7（阈值=18.5）。主要贡献特征：PC1 (93.5%); PC4 (5.4%); PC3 (1.2%)。
2776,2024-04-25 21:51:00,2024-04-25 21:51:00,1.0,停机,IsolationForest; Mahalanobis; 单变量IQR+3σ; 残差,1581.462,38,Mahalanobis 距离=1581.5（阈值=18.5）。主要贡献特征：PC1 (97.3%); PC3 (1.8%)。
2777,2024-04-25 21:53:00,2024-04-25 21:54:00,2.0,停机,IsolationForest; Mahalanobis; 单变量IQR+3σ; 残差,1637.733,76,Mahalanobis 距离=1637.7（阈值=18.5）。主要贡献特征：PC1 (96.9%); PC3 (2.0%); PC4 (1.1%)。
2778,2024-04-25 21:57:00,2024-04-25 21:58:00,2.0,停机,IsolationForest; Mahalanobis; 单变量IQR+3σ; 残差,1595.008,76,Mahalanobis 距离=1595.0（阈值=18.5）。主要贡献特征：PC1 (96.4%); PC3 (2.0%); PC4 (1.6%)。
2779,2024-04-25 22:04:00,2024-04-25 22:07:00,4.0,停机,IsolationForest; Mahalanobis; 单变量IQR+3σ; 残差,1660.173,152,Mahalanobis 距离=1660.2（阈值=18.5）。主要贡献特征：PC1 (95.1%); PC4 (2.7%); PC3 (2.2%)。
2780,2024-04-25 22:11:00,2024-04-25 22:11:00,1.0,重载牵引,IsolationForest; Mahalanobis; 单变量IQR+3σ; 残差,4.104,38,正常
2781,2024-04-25 22:31:00,2024-04-25 22:32:00,2.0,停机,IsolationForest; Mahalanobis; 单变量IQR+3σ; 残差,1009.591,76,Mahalanobis 距离=1009.6（阈值=18.5）。主要贡献特征：PC1 (83.0%); PC3 (15.9%); PC4 (1.1%)。
2782,2024-04-25 22:41:00,2024-04-25 22:42:00,2.0,停机,IsolationForest; Mahalanobis; 单变量IQR+3σ; 残差,2095.562,76,Mahalanobis 距离=2095.6（阈值=18.5）。主要贡献特征：PC1 (98.5%); PC3 (1.5%)。
2783,2024-04-25 22:50:00,2024-04-25 22:50:00,1.0,重载牵引,IsolationForest; Mahalanobis; 单变量IQR+3σ; 残差,4.104,38,正常
2784,2024-04-25 22:53:00,2024-04-25 22:55:00,3.0,待机,IsolationForest; Mahalanobis; 单变量IQR+3σ; 残差,23211.344,114,Mahalanobis 距离=23211.3（阈值=18.5）。主要贡献特征：PC3 (91.0%); PC1 (9.0%)。
2785,2024-04-25 23:00:00,2024-04-25 23:02:00,3.0,停机,IsolationForest; Mahalanobis; 单变量IQR+3σ; 残差,1530.385,114,Mahalanobis 距离=1530.4（阈值=18.5）。主要贡献特征：PC1 (81.6%); PC3 (17.5%)。
2786,2024-04-25 23:16:00,2024-04-25 23:17:00,2.0,待机,IsolationForest; Mahalanobis; 单变量IQR+3σ; 残差,4392.981,76,Mahalanobis 距离=4393.0（阈值=18.5）。主要贡献特征：PC1 (72.5%); PC3 (25.4%); PC4 (2.1%)。
2787,2024-04-25 23:22:00,2024-04-25 23:26:00,5.0,待机,IsolationForest; Mahalanobis; 单变量IQR+3σ; 残差,4248.811,190,Mahalanobis 距离=4248.8（阈值=18.5）。主要贡献特征：PC1 (70.3%); PC3 (28.0%); PC4 (1.7%)。
2788,2024-04-25 23:33:00,2024-04-25 23:34:00,2.0,重载牵引,IsolationForest; Mahalanobis; 单变量IQR+3σ; 残差,34.77,76,Mahalanobis 距离=34.8（阈值=18.5）。主要贡献特征：PC1 (99.4%)。
2789,2024-04-25 23:43:00,2024-04-25 23:43:00,1.0,重载牵引,IsolationForest; Mahalanobis; 单变量IQR+3σ; 残差,5.876,38,残差异常：采煤机_油泵_右电机_电流 偏高（残差 Z-score=5.9，实际=56.0 vs 预测=17.0）
2790,2024-04-25 23:46:00,2024-04-25 23:47:00,2.0,重载牵引,IsolationForest; Mahalanobis; 单变量IQR+3σ; 残差,3.772,76,正常
2791,2024-04-25 23:50:00,2024-04-25 23:54:00,5.0,待机,IsolationForest; Mahalanobis; 单变量IQR+3σ; 残差,4208.109,190,Mahalanobis 距离=4208.1（阈值=18.5）。主要贡献特征：PC1 (82.5%); PC3 (16.8%)。
2792,2024-04-25 23:56:00,2024-04-25 23:56:00,1.0,待机,IsolationForest; Mahalanobis; 单变量IQR+3σ; 残差,3643.417,38,Mahalanobis 距离=3643.4（阈值=18.5）。主要贡献特征：PC1 (59.9%); PC3 (39.9%)。
2793,2024-04-26 00:00:00,2024-04-26 00:00:00,1.0,重载牵引,IsolationForest; Mahalanobis; 单变量IQR+3σ; 残差,4.241,38,正常
2794,2024-04-26 00:03:00,2024-04-26 00:05:00,3.0,待机,IsolationForest; Mahalanobis; 单变量IQR+3σ; 残差,8107.266,114,Mahalanobis 距离=8107.3（阈值=18.5）。主要贡献特征：PC1 (90.4%); PC3 (9.5%)。
2795,2024-04-26 00:09:00,2024-04-26 00:09:00,1.0,重载牵引,IsolationForest; Mahalanobis; 单变量IQR+3σ; 残差,5.084,38,正常
2796,2024-04-26 00:12:00,2024-04-26 00:14:00,3.0,待机,IsolationForest; Mahalanobis; 单变量IQR+3σ; 残差,3553.093,114,Mahalanobis 距离=3553.1（阈值=18.5）。主要贡献特征：PC1 (75.1%); PC3 (23.9%); PC4 (1.0%)。
2797,2024-04-26 00:17:00,2024-04-26 00:17:00,1.0,重载牵引,IsolationForest; Mahalanobis; 单变量IQR+3σ; 残差,4.46,38,残差异常：采煤机_破碎机_电机_电流 偏高（残差 Z-score=4.5，实际=50.0 vs 预测=0.0）
2798,2024-04-26 00:19:00,2024-04-26 00:19:00,1.0,重载牵引,IsolationForest; Mahalanobis; 单变量IQR+3σ; 残差,1.804,38,正常
2799,2024-04-26 00:22:00,2024-04-26 00:22:00,1.0,重载牵引,IsolationForest; Mahalanobis; 单变量IQR+3σ; 残差,7.07,38,正常
2800,2024-04-26 00:25:00,2024-04-26 00:27:00,3.0,重载牵引,IsolationForest; Mahalanobis; 单变量IQR+3σ; 残差,3.819,114,单变量异常：采煤机_截割部位_左滚筒_电机_电流（z-score=3.8，实际=258.0，均值=95.4±42.6）
2801,2024-04-26 00:31:00,2024-04-26 00:32:00,2.0,停机,IsolationForest; Mahalanobis; 单变量IQR+3σ; 残差,1155.361,76,Mahalanobis 距离=1155.4（阈值=18.5）。主要贡献特征：PC1 (85.4%); PC3 (13.2%); PC4 (1.3%)。
2802,2024-04-26 00:36:00,2024-04-26 00:36:00,1.0,待机,IsolationForest; Mahalanobis; 单变量IQR+3σ; 残差,3986.978,38,Mahalanobis 距离=3987.0（阈值=18.5）。主要贡献特征：PC1 (87.9%); PC4 (10.5%); PC3 (1.6%)。
2803,2024-04-26 00:40:00,2024-04-26 00:41:00,2.0,待机,IsolationForest; Mahalanobis; 单变量IQR+3σ; 残差,4527.679,76,Mahalanobis 距离=4527.7（阈值=18.5）。主要贡献特征：PC1 (85.7%); PC4 (14.0%)。
2804,2024-04-26 00:44:00,2024-04-26 00:44:00,1.0,停机,IsolationForest; Mahalanobis; 单变量IQR+3σ; 残差,1454.997,38,Mahalanobis 距离=1455.0（阈值=18.5）。主要贡献特征：PC1 (93.4%); PC4 (3.7%); PC3 (2.8%)。
2805,2024-04-26 00:47:00,2024-04-26 00:47:00,1.0,重载牵引,IsolationForest; Mahalanobis; 单变量IQR+3σ; 残差,5.153,38,残差异常：采煤机_油泵_右电机_电流 偏高（残差 Z-score=5.2，实际=52.0 vs 预测=17.8）
2806,2024-04-26 00:56:00,2024-04-26 00:57:00,2.0,待机,IsolationForest; Mahalanobis; 单变量IQR+3σ; 残差,3967.345,76,Mahalanobis 距离=3967.3（阈值=18.5）。主要贡献特征：PC1 (87.0%); PC4 (11.6%); PC3 (1.4%)。
2807,2024-04-26 01:03:00,2024-04-26 01:05:00,3.0,重载牵引,IsolationForest; Mahalanobis; 单变量IQR+3σ; 残差,4.842,114,正常
2808,2024-04-26 01:10:00,2024-04-26 01:13:00,4.0,停机,IsolationForest; Mahalanobis; 单变量IQR+3σ; 残差,1190.452,152,Mahalanobis 距离=1190.5（阈值=18.5）。主要贡献特征：PC1 (81.6%); PC3 (18.4%)。
2809,2024-04-26 01:20:00,2024-04-26 01:20:00,1.0,重载牵引,IsolationForest; Mahalanobis; 单变量IQR+3σ; 残差,4.846,38,正常
2810,2024-04-26 01:25:00,2024-04-26 01:28:00,4.0,停机,IsolationForest; Mahalanobis; 单变量IQR+3σ; 残差,1575.4,152,Mahalanobis 距离=1575.4（阈值=18.5）。主要贡献特征：PC1 (83.6%); PC3 (15.7%)。
2811,2024-04-26 01:30:00,2024-04-26 01:30:00,1.0,待机,IsolationForest; Mahalanobis; 单变量IQR+3σ; 残差,4393.643,38,Mahalanobis 距离=4393.6（阈值=18.5）。主要贡献特征：PC1 (96.8%); PC3 (3.2%)。
2812,2024-04-26 01:32:00,2024-04-26 01:41:00,10.0,停机,IsolationForest; Mahalanobis; 单变量IQR+3σ; 残差,2025.932,380,Mahalanobis 距离=2025.9（阈值=18.5）。主要贡献特征：PC1 (90.5%); PC3 (8.3%); PC4 (1.2%)。
2813,2024-04-26 01:54:00,2024-04-26 01:55:00,2.0,重载牵引,IsolationForest; Mahalanobis; 单变量IQR+3σ; 残差,5.876,76,残差异常：采煤机_油泵_右电机_电流 偏高（残差 Z-score=5.9，实际=56.0 vs 预测=17.0）
2814,2024-04-26 02:02:00,2024-04-26 02:07:00,6.0,重载牵引,IsolationForest; Mahalanobis; 单变量IQR+3σ; 残差,5.996,228,单变量异常：采煤机_油泵_右电机_电流（z-score=6.0，实际=58.0，均值=18.6±6.6）
2815,2024-04-26 02:10:00,2024-04-26 02:10:00,1.0,重载牵引,IsolationForest; Mahalanobis; 单变量IQR+3σ; 残差,6.625,38,正常
2816,2024-04-26 02:36:00,2024-04-26 02:37:00,2.0,待机,IsolationForest; Mahalanobis; 单变量IQR+3σ; 残差,5323.366,76,Mahalanobis 距离=5323.4（阈值=18.5）。主要贡献特征：PC1 (97.8%); PC4 (2.1%)。
2817,2024-04-26 02:39:00,2024-04-26 02:39:00,1.0,重载牵引,IsolationForest; Mahalanobis; 单变量IQR+3σ; 残差,1.885,38,正常
2818,2024-04-26 02:47:00,2024-04-26 02:51:00,5.0,停机,IsolationForest; Mahalanobis; 单变量IQR+3σ; 残差,1326.593,190,Mahalanobis 距离=1326.6（阈值=18.5）。主要贡献特征：PC1 (90.4%); PC3 (8.8%)。
2819,2024-04-26 02:55:00,2024-04-26 03:02:00,8.0,待机,IsolationForest; Mahalanobis; 单变量IQR+3σ; 残差,3824.376,304,Mahalanobis 距离=3824.4（阈值=18.5）。主要贡献特征：PC1 (86.0%); PC4 (7.2%); PC3 (6.9%)。
2820,2024-04-26 03:06:00,2024-04-26 03:15:00,10.0,待机,IsolationForest; Mahalanobis; 单变量IQR+3σ; 残差,4035.293,380,Mahalanobis 距离=4035.3（阈值=18.5）。主要贡献特征：PC1 (85.9%); PC4 (13.3%)。
2821,2024-04-26 03:20:00,2024-04-26 03:20:00,1.0,待机,IsolationForest; Mahalanobis; 单变量IQR+3σ; 残差,3665.968,38,Mahalanobis 距离=3666.0（阈值=18.5）。主要贡献特征：PC1 (82.6%); PC4 (10.9%); PC3 (6.5%)。
2822,2024-04-26 03:23:00,2024-04-26 03:25:00,3.0,停机,IsolationForest; Mahalanobis; 单变量IQR+3σ; 残差,1175.376,114,Mahalanobis 距离=1175.4（阈值=18.5）。主要贡献特征：PC1 (88.2%); PC3 (9.2%); PC4 (2.6%)。
2823,2024-04-26 03:28:00,2024-04-26 03:28:00,1.0,待机,IsolationForest; Mahalanobis; 单变量IQR+3σ; 残差,4972.426,38,Mahalanobis 距离=4972.4（阈值=18.5）。主要贡献特征：PC1 (65.9%); PC3 (17.9%); PC4 (16.2%)。
2824,2024-04-26 03:31:00,2024-04-26 03:31:00,1.0,重载牵引,IsolationForest; Mahalanobis; 单变量IQR+3σ; 残差,4.671,38,残差异常：采煤机_油泵_右电机_电流 偏高（残差 Z-score=4.7，实际=48.0 vs 预测=17.0）
2825,2024-04-26 03:34:00,2024-04-26 03:35:00,2.0,停机,IsolationForest; Mahalanobis; 单变量IQR+3σ; 残差,1566.415,76,Mahalanobis 距离=1566.4（阈值=18.5）。主要贡献特征：PC1 (95.3%); PC4 (2.7%); PC3 (1.9%)。
2826,2024-04-26 03:37:00,2024-04-26 03:38:00,2.0,重载牵引,IsolationForest; Mahalanobis; 单变量IQR+3σ; 残差,5.692,76,正常
2827,2024-04-26 03:40:00,2024-04-26 03:40:00,1.0,重载牵引,IsolationForest; Mahalanobis; 单变量IQR+3σ; 残差,3.306,38,残差异常：采煤机_截割部位_左滚筒_电机_电流 偏高（残差 Z-score=3.3，实际=203.0 vs 预测=69.8）
2828,2024-04-26 03:42:00,2024-04-26 03:42:00,1.0,重载牵引,IsolationForest; Mahalanobis; 单变量IQR+3σ; 残差,3.162,38,残差异常：采煤机_截割部位_右滚筒_电机_电流 偏高（残差 Z-score=3.2，实际=213.0 vs 预测=96.0）
2829,2024-04-26 03:48:00,2024-04-26 03:48:00,1.0,待机,IsolationForest; Mahalanobis; 单变量IQR+3σ; 残差,5485.364,38,Mahalanobis 距离=5485.4（阈值=18.5）。主要贡献特征：PC1 (95.8%); PC4 (3.8%)。
2830,2024-04-26 03:58:00,2024-04-26 04:03:00,6.0,停机,IsolationForest; Mahalanobis; 单变量IQR+3σ; 残差,1401.241,228,Mahalanobis 距离=1401.2（阈值=18.5）。主要贡献特征：PC1 (84.1%); PC3 (15.7%)。
2831,2024-04-26 04:06:00,2024-04-26 04:07:00,2.0,待机,IsolationForest; Mahalanobis; 单变量IQR+3σ; 残差,4247.581,76,Mahalanobis 距离=4247.6（阈值=18.5）。主要贡献特征：PC1 (85.5%); PC3 (14.4%)。
2832,2024-04-26 04:23:00,2024-04-26 04:23:00,1.0,重载牵引,IsolationForest; Mahalanobis; 单变量IQR+3σ; 残差,4.646,38,残差异常：采煤机_截割部位_左滚筒_电机_电流 偏高（残差 Z-score=4.6，实际=262.0 vs 预测=74.8）
2833,2024-04-26 04:29:00,2024-04-26 04:29:00,1.0,重载牵引,IsolationForest; Mahalanobis; 单变量IQR+3σ; 残差,5.725,38,残差异常：采煤机_油泵_右电机_电流 偏高（残差 Z-score=5.7，实际=55.0 vs 预测=17.0）
2834,2024-04-26 04:45:00,2024-04-26 04:45:00,1.0,待机,IsolationForest; Mahalanobis; 单变量IQR+3σ; 残差,3596.007,38,Mahalanobis 距离=3596.0（阈值=18.5）。主要贡献特征：PC1 (60.2%); PC3 (38.9%)。
2835,2024-04-26 04:49:00,2024-04-26 04:50:00,2.0,待机,IsolationForest; Mahalanobis; 单变量IQR+3σ; 残差,3866.637,76,Mahalanobis 距离=3866.6（阈值=18.5）。主要贡献特征：PC1 (70.5%); PC3 (29.2%)。
2836,2024-04-26 04:53:00,2024-04-26 04:53:00,1.0,重载牵引,IsolationForest; Mahalanobis; 单变量IQR+3σ; 残差,6.027,38,残差异常：采煤机_油泵_右电机_电流 偏高（残差 Z-score=6.0，实际=57.0 vs 预测=17.0）
2837,2024-04-26 04:56:00,2024-04-26 05:00:00,5.0,停机,IsolationForest; Mahalanobis; 单变量IQR+3σ; 残差,1436.963,190,Mahalanobis 距离=1437.0（阈值=18.5）。主要贡献特征：PC1 (78.7%); PC3 (20.6%)。
2838,2024-04-26 05:25:00,2024-04-26 05:29:00,5.0,停机,IsolationForest; Mahalanobis; 单变量IQR+3σ; 残差,548.854,190,Mahalanobis 距离=548.9（阈值=18.5）。主要贡献特征：PC1 (60.8%); PC3 (38.5%)。
2839,2024-04-26 05:33:00,2024-04-26 05:33:00,1.0,重载牵引,IsolationForest; Mahalanobis; 单变量IQR+3σ; 残差,4.671,38,残差异常：采煤机_油泵_右电机_电流 偏高（残差 Z-score=4.7，实际=48.0 vs 预测=17.0）
2840,2024-04-26 05:43:00,2024-04-26 05:46:00,4.0,停机,IsolationForest; Mahalanobis; 单变量IQR+3σ; 残差,1688.031,152,Mahalanobis 距离=1688.0（阈值=18.5）。主要贡献特征：PC1 (93.9%); PC3 (5.7%)。
2841,2024-04-26 05:48:00,2024-04-26 05:48:00,1.0,待机,IsolationForest; Mahalanobis; 单变量IQR+3σ; 残差,3644.889,38,Mahalanobis 距离=3644.9（阈值=18.5）。主要贡献特征：PC1 (87.2%); PC3 (7.1%); PC4 (5.7%)。
2842,2024-04-26 05:53:00,2024-04-26 05:53:00,1.0,重载牵引,IsolationForest; Mahalanobis; 单变量IQR+3σ; 残差,18.373,38,残差异常：采煤机_破碎机_电机_电流 偏高（残差 Z-score=18.4，实际=206.0 vs 预测=0.0）
2843,2024-04-26 05:57:00,2024-04-26 06:00:00,4.0,待机,IsolationForest; Mahalanobis; 单变量IQR+3σ; 残差,3845.063,152,Mahalanobis 距离=3845.1（阈值=18.5）。主要贡献特征：PC1 (85.1%); PC4 (13.1%); PC3 (1.8%)。
2844,2024-04-26 06:13:00,2024-04-26 06:13:00,1.0,重载牵引,IsolationForest; Mahalanobis; 单变量IQR+3σ; 残差,4.671,38,残差异常：采煤机_油泵_右电机_电流 偏高（残差 Z-score=4.7，实际=48.0 vs 预测=17.0）
2845,2024-04-26 06:20:00,2024-04-26 06:20:00,1.0,停机,IsolationForest; Mahalanobis; 单变量IQR+3σ; 残差,1261.942,38,Mahalanobis 距离=1261.9（阈值=18.5）。主要贡献特征：PC1 (84.7%); PC3 (15.2%)。
2846,2024-04-26 06:23:00,2024-04-26 06:23:00,1.0,停机,IsolationForest; Mahalanobis; 单变量IQR+3σ; 残差,782.585,38,Mahalanobis 距离=782.6（阈值=18.5）。主要贡献特征：PC1 (68.8%); PC3 (31.2%)。
2847,2024-04-26 06:29:00,2024-04-26 06:29:00,1.0,重载牵引,IsolationForest; Mahalanobis; 单变量IQR+3σ; 残差,4.731,38,残差异常：采煤机_油泵_右电机_电流 偏高（残差 Z-score=4.7，实际=49.0 vs 预测=17.6）
2848,2024-04-26 06:32:00,2024-04-26 06:32:00,1.0,重载牵引,IsolationForest; Mahalanobis; 单变量IQR+3σ; 残差,4.476,38,正常
2849,2024-04-26 06:36:00,2024-04-26 06:36:00,1.0,重载牵引,IsolationForest; Mahalanobis; 单变量IQR+3σ; 残差,4.02,38,正常
2850,2024-04-26 06:44:00,2024-04-26 06:45:00,2.0,停机,IsolationForest; Mahalanobis; 单变量IQR+3σ; 残差,1462.986,76,Mahalanobis 距离=1463.0（阈值=18.5）。主要贡献特征：PC1 (69.2%); PC3 (27.8%); PC4 (3.0%)。
2851,2024-04-26 06:47:00,2024-04-26 06:47:00,1.0,重载牵引,IsolationForest; Mahalanobis; 单变量IQR+3σ; 残差,6.922,38,正常
2852,2024-04-26 06:52:00,2024-04-26 06:53:00,2.0,待机,IsolationForest; Mahalanobis; 单变量IQR+3σ; 残差,4009.45,76,Mahalanobis 距离=4009.5（阈值=18.5）。主要贡献特征：PC1 (67.4%); PC3 (31.4%); PC4 (1.2%)。
2853,2024-04-26 06:55:00,2024-04-26 06:56:00,2.0,停机,IsolationForest; Mahalanobis; 单变量IQR+3σ; 残差,1822.43,76,Mahalanobis 距离=1822.4（阈值=18.5）。主要贡献特征：PC1 (78.9%); PC3 (18.3%); PC4 (2.8%)。
2854,2024-04-26 06:59:00,2024-04-26 07:04:00,6.0,停机,IsolationForest; Mahalanobis; 单变量IQR+3σ; 残差,1044.565,228,Mahalanobis 距离=1044.6（阈值=18.5）。主要贡献特征：PC1 (60.3%); PC3 (37.8%); PC4 (2.0%)。
2855,2024-04-26 07:06:00,2024-04-26 07:09:00,4.0,停机,IsolationForest; Mahalanobis; 单变量IQR+3σ; 残差,156.18,152,Mahalanobis 距离=156.2（阈值=18.5）。主要贡献特征：PC3 (59.6%); PC1 (22.5%); PC4 (17.9%)。
2856,2024-04-26 08:42:00,2024-04-26 08:42:00,1.0,待机,IsolationForest; Mahalanobis; 单变量IQR+3σ; 残差,9.779,38,正常
2857,2024-04-26 08:44:00,2024-04-26 08:48:00,5.0,停机,IsolationForest; Mahalanobis; 单变量IQR+3σ; 残差,381.251,190,Mahalanobis 距离=381.3（阈值=18.5）。主要贡献特征：PC3 (50.1%); PC1 (43.7%); PC4 (6.2%)。
2858,2024-04-26 10:30:00,2024-04-26 10:35:00,6.0,停机,IsolationForest; Mahalanobis; 单变量IQR+3σ; 残差,569.446,228,Mahalanobis 距离=569.4（阈值=18.5）。主要贡献特征：PC1 (51.5%); PC3 (45.3%); PC4 (3.2%)。
2859,2024-04-26 13:01:00,2024-04-26 13:03:00,3.0,待机,IsolationForest; Mahalanobis; 单变量IQR+3σ; 残差,2.553,114,正常
2860,2024-04-26 13:12:00,2024-04-26 13:17:00,6.0,停机,IsolationForest; Mahalanobis; 单变量IQR+3σ; 残差,422.094,228,Mahalanobis 距离=422.1（阈值=18.5）。主要贡献特征：PC3 (49.5%); PC1 (46.4%); PC4 (4.1%)。
2861,2024-04-26 15:49:00,2024-04-26 16:21:00,33.0,待机,IsolationForest; Mahalanobis; 单变量IQR+3σ; 残差,4792.584,1254,Mahalanobis 距离=4792.6（阈值=18.5）。主要贡献特征：PC3 (63.1%); PC1 (36.5%)。
2862,2024-04-26 16:24:00,2024-04-26 16:30:00,7.0,待机,IsolationForest; Mahalanobis; 单变量IQR+3σ; 残差,2535.335,266,Mahalanobis 距离=2535.3（阈值=18.5）。主要贡献特征：PC1 (50.7%); PC3 (46.8%); PC4 (2.5%)。
2863,2024-04-26 16:36:00,2024-04-26 17:29:00,54.0,待机,IsolationForest; Mahalanobis; 单变量IQR+3σ; 残差,3977.468,2052,Mahalanobis 距离=3977.5（阈值=18.5）。主要贡献特征：PC1 (75.8%); PC3 (24.1%)。
2864,2024-04-26 17:33:00,2024-04-26 17:36:00,4.0,重载牵引,IsolationForest; Mahalanobis; 单变量IQR+3σ; 残差,4.346,152,残差异常：采煤机_牵引部位_左电机_温度 偏高（残差 Z-score=4.3，实际=60.0 vs 预测=46.6）
2865,2024-04-26 17:39:00,2024-04-26 17:41:00,3.0,待机,IsolationForest; Mahalanobis; 单变量IQR+3σ; 残差,3903.44,114,Mahalanobis 距离=3903.4（阈值=18.5）。主要贡献特征：PC1 (86.2%); PC3 (8.5%); PC4 (5.3%)。
2866,2024-04-26 17:45:00,2024-04-26 17:56:00,12.0,停机,IsolationForest; Mahalanobis; 单变量IQR+3σ; 残差,1670.431,456,Mahalanobis 距离=1670.4（阈值=18.5）。主要贡献特征：PC1 (92.8%); PC3 (6.3%)。
2867,2024-04-26 18:00:00,2024-04-26 18:04:00,5.0,待机,IsolationForest; Mahalanobis; 单变量IQR+3σ; 残差,3549.767,190,Mahalanobis 距离=3549.8（阈值=18.5）。主要贡献特征：PC1 (80.0%); PC4 (10.9%); PC3 (9.1%)。
2868,2024-04-26 18:10:00,2024-04-26 18:15:00,6.0,重载牵引,IsolationForest; Mahalanobis; 单变量IQR+3σ; 残差,35.096,228,Mahalanobis 距离=35.1（阈值=18.5）。主要贡献特征：PC1 (99.1%)。
2869,2024-04-26 18:22:00,2024-04-26 18:22:00,1.0,待机,IsolationForest; Mahalanobis; 单变量IQR+3σ; 残差,4156.128,38,Mahalanobis 距离=4156.1（阈值=18.5）。主要贡献特征：PC1 (86.7%); PC4 (12.9%)。
2870,2024-04-26 18:28:00,2024-04-26 18:28:00,1.0,重载牵引,IsolationForest; Mahalanobis; 单变量IQR+3σ; 残差,3.104,38,残差异常：采煤机_油泵_左电机_电流 偏高（残差 Z-score=3.1，实际=39.0 vs 预测=16.4）
2871,2024-04-26 18:37:00,2024-04-26 18:38:00,2.0,重载牵引,IsolationForest; Mahalanobis; 单变量IQR+3σ; 残差,5.497,76,残差异常：采煤机_截割部位_右滚筒_电机_电流 偏高（残差 Z-score=5.5，实际=279.0 vs 预测=75.6）
2872,2024-04-26 18:51:00,2024-04-26 18:51:00,1.0,待机,IsolationForest; Mahalanobis; 单变量IQR+3σ; 残差,4869.538,38,Mahalanobis 距离=4869.5（阈值=18.5）。主要贡献特征：PC1 (95.3%); PC3 (3.9%)。
2873,2024-04-26 18:53:00,2024-04-26 18:54:00,2.0,待机,IsolationForest; Mahalanobis; 单变量IQR+3σ; 残差,3762.18,76,Mahalanobis 距离=3762.2（阈值=18.5）。主要贡献特征：PC1 (77.1%); PC3 (22.4%)。
2874,2024-04-26 18:58:00,2024-04-26 18:58:00,1.0,待机,IsolationForest; Mahalanobis; 单变量IQR+3σ; 残差,3957.252,38,Mahalanobis 距离=3957.3（阈值=18.5）。主要贡献特征：PC1 (81.9%); PC3 (18.0%)。
2875,2024-04-26 19:00:00,2024-04-26 19:00:00,1.0,重载牵引,IsolationForest; Mahalanobis; 单变量IQR+3σ; 残差,4.172,38,正常
2876,2024-04-26 19:05:00,2024-04-26 19:05:00,1.0,重载牵引,IsolationForest; Mahalanobis; 单变量IQR+3σ; 残差,1.226,38,正常
2877,2024-04-26 19:07:00,2024-04-26 19:07:00,1.0,待机,IsolationForest; Mahalanobis; 单变量IQR+3σ; 残差,3616.616,38,Mahalanobis 距离=3616.6（阈值=18.5）。主要贡献特征：PC1 (65.6%); PC3 (34.3%)。
2878,2024-04-26 19:17:00,2024-04-26 19:21:00,5.0,待机,IsolationForest; Mahalanobis; 单变量IQR+3σ; 残差,5151.73,190,Mahalanobis 距离=5151.7（阈值=18.5）。主要贡献特征：PC1 (86.2%); PC3 (12.0%); PC4 (1.8%)。
2879,2024-04-26 19:32:00,2024-04-26 19:34:00,3.0,重载牵引,IsolationForest; Mahalanobis; 单变量IQR+3σ; 残差,35.072,114,Mahalanobis 距离=35.1（阈值=18.5）。主要贡献特征：PC1 (99.2%)。
2880,2024-04-26 19:36:00,2024-04-26 19:36:00,1.0,待机,IsolationForest; Mahalanobis; 单变量IQR+3σ; 残差,4208.721,38,Mahalanobis 距离=4208.7（阈值=18.5）。主要贡献特征：PC1 (69.0%); PC3 (28.6%); PC4 (2.3%)。
2881,2024-04-26 19:38:00,2024-04-26 19:38:00,1.0,重载牵引,IsolationForest; Mahalanobis; 单变量IQR+3σ; 残差,5.153,38,残差异常：采煤机_油泵_右电机_电流 偏高（残差 Z-score=5.2，实际=51.0 vs 预测=16.8）
2882,2024-04-26 19:47:00,2024-04-26 19:47:00,1.0,重载牵引,IsolationForest; Mahalanobis; 单变量IQR+3σ; 残差,3.768,38,残差异常：采煤机_截割部位_左滚筒_电机_电流 偏高（残差 Z-score=3.8，实际=221.0 vs 预测=69.2）
2883,2024-04-26 19:51:00,2024-04-26 19:51:00,1.0,重载牵引,IsolationForest; Mahalanobis; 单变量IQR+3σ; 残差,3.556,38,残差异常：采煤机_油泵_右电机_电流 偏高（残差 Z-score=3.6，实际=40.0 vs 预测=16.4）
2884,2024-04-26 19:56:00,2024-04-26 19:56:00,1.0,重载牵引,IsolationForest; Mahalanobis; 单变量IQR+3σ; 残差,5.142,38,正常
2885,2024-04-26 20:02:00,2024-04-26 20:05:00,4.0,待机,IsolationForest; Mahalanobis; 单变量IQR+3σ; 残差,3731.604,152,Mahalanobis 距离=3731.6（阈值=18.5）。主要贡献特征：PC1 (73.0%); PC3 (26.9%)。
2886,2024-04-26 20:15:00,2024-04-26 20:15:00,1.0,重载牵引,IsolationForest; Mahalanobis; 单变量IQR+3σ; 残差,4.55,38,残差异常：采煤机_油泵_右电机_电流 偏高（残差 Z-score=4.6，实际=47.0 vs 预测=16.8）
2887,2024-04-26 20:18:00,2024-04-26 20:21:00,4.0,停机,IsolationForest; Mahalanobis; 单变量IQR+3σ; 残差,1866.313,152,Mahalanobis 距离=1866.3（阈值=18.5）。主要贡献特征：PC1 (96.3%); PC3 (3.7%)。
2888,2024-04-26 20:25:00,2024-04-26 20:26:00,2.0,重载牵引,IsolationForest; Mahalanobis; 单变量IQR+3σ; 残差,4.46,76,残差异常：采煤机_油泵_右电机_电流 偏高（残差 Z-score=4.5，实际=47.0 vs 预测=17.4）
2889,2024-04-26 20:38:00,2024-04-26 20:39:00,2.0,重载牵引,IsolationForest; Mahalanobis; 单变量IQR+3σ; 残差,4.37,76,残差异常：采煤机_破碎机_电机_电流 偏高（残差 Z-score=4.4，实际=49.0 vs 预测=0.0）
2890,2024-04-26 20:41:00,2024-04-26 20:42:00,2.0,待机,IsolationForest; Mahalanobis; 单变量IQR+3σ; 残差,3525.354,76,Mahalanobis 距离=3525.4（阈值=18.5）。主要贡献特征：PC1 (81.0%); PC4 (13.0%); PC3 (5.9%)。
2891,2024-04-26 20:49:00,2024-04-26 20:49:00,1.0,待机,IsolationForest; Mahalanobis; 单变量IQR+3σ; 残差,3805.294,38,Mahalanobis 距离=3805.3（阈值=18.5）。主要贡献特征：PC1 (85.0%); PC4 (12.4%); PC3 (2.5%)。
2892,2024-04-26 20:59:00,2024-04-26 21:01:00,3.0,待机,IsolationForest; Mahalanobis; 单变量IQR+3σ; 残差,4067.342,114,Mahalanobis 距离=4067.3（阈值=18.5）。主要贡献特征：PC1 (87.2%); PC4 (12.2%)。
2893,2024-04-26 21:09:00,2024-04-26 21:11:00,3.0,重载牵引,IsolationForest; Mahalanobis; 单变量IQR+3σ; 残差,3.639,114,残差异常：采煤机_截割部位_左滚筒_电机_电流 偏高（残差 Z-score=3.6，实际=209.0 vs 预测=62.4）
2894,2024-04-26 21:13:00,2024-04-26 21:13:00,1.0,重载牵引,IsolationForest; Mahalanobis; 单变量IQR+3σ; 残差,4.791,38,残差异常：采煤机_油泵_右电机_电流 偏高（残差 Z-score=4.8，实际=48.0 vs 预测=16.2）
2895,2024-04-26 21:17:00,2024-04-26 21:17:00,1.0,重载牵引,IsolationForest; Mahalanobis; 单变量IQR+3σ; 残差,3.516,38,残差异常：采煤机_油泵_左电机_电流 偏高（残差 Z-score=3.5，实际=42.0 vs 预测=16.4）
2896,2024-04-26 21:19:00,2024-04-26 21:19:00,1.0,待机,IsolationForest; Mahalanobis; 单变量IQR+3σ; 残差,5061.254,38,Mahalanobis 距离=5061.3（阈值=18.5）。主要贡献特征：PC1 (97.1%); PC4 (2.6%)。
2897,2024-04-26 21:33:00,2024-04-26 21:35:00,3.0,停机,IsolationForest; Mahalanobis; 单变量IQR+3σ; 残差,1556.648,114,Mahalanobis 距离=1556.6（阈值=18.5）。主要贡献特征：PC1 (82.4%); PC3 (16.4%); PC4 (1.2%)。
2898,2024-04-26 21:41:00,2024-04-26 21:41:00,1.0,重载牵引,IsolationForest; Mahalanobis; 单变量IQR+3σ; 残差,6.032,38,正常
2899,2024-04-26 21:50:00,2024-04-26 21:50:00,1.0,重载牵引,IsolationForest; Mahalanobis; 单变量IQR+3σ; 残差,4.696,38,残差异常：采煤机_截割部位_左滚筒_电机_电流 偏高（残差 Z-score=4.7，实际=273.0 vs 预测=83.8）
2900,2024-04-26 21:53:00,2024-04-26 21:53:00,1.0,待机,IsolationForest; Mahalanobis; 单变量IQR+3σ; 残差,4001.695,38,Mahalanobis 距离=4001.7（阈值=18.5）。主要贡献特征：PC1 (68.4%); PC3 (29.7%); PC4 (1.9%)。
2901,2024-04-26 22:05:00,2024-04-26 22:05:00,1.0,停机,IsolationForest; Mahalanobis; 单变量IQR+3σ; 残差,1119.843,38,Mahalanobis 距离=1119.8（阈值=18.5）。主要贡献特征：PC1 (63.1%); PC3 (34.7%); PC4 (2.2%)。
2902,2024-04-26 22:11:00,2024-04-26 22:11:00,1.0,待机,IsolationForest; Mahalanobis; 单变量IQR+3σ; 残差,4470.374,38,Mahalanobis 距离=4470.4（阈值=18.5）。主要贡献特征：PC1 (83.7%); PC3 (15.9%)。
2903,2024-04-26 22:14:00,2024-04-26 22:16:00,3.0,待机,IsolationForest; Mahalanobis; 单变量IQR+3σ; 残差,3586.722,114,Mahalanobis 距离=3586.7（阈值=18.5）。主要贡献特征：PC1 (65.8%); PC3 (34.1%)。
2904,2024-04-26 22:18:00,2024-04-26 22:20:00,3.0,待机,IsolationForest; Mahalanobis; 单变量IQR+3σ; 残差,6108.728,114,Mahalanobis 距离=6108.7（阈值=18.5）。主要贡献特征：PC1 (99.5%)。
2905,2024-04-26 22:32:00,2024-04-26 22:34:00,3.0,重载牵引,IsolationForest; Mahalanobis; 单变量IQR+3σ; 残差,5.575,114,残差异常：采煤机_油泵_右电机_电流 偏高（残差 Z-score=5.6，实际=54.0 vs 预测=17.0）
2906,2024-04-26 22:49:00,2024-04-26 22:49:00,1.0,重载牵引,IsolationForest; Mahalanobis; 单变量IQR+3σ; 残差,3.05,38,残差异常：采煤机_破碎机_电机_电流 偏高（残差 Z-score=3.1，实际=38.0 vs 预测=3.8）
2907,2024-04-26 22:59:00,2024-04-26 22:59:00,1.0,重载牵引,IsolationForest; Mahalanobis; 单变量IQR+3σ; 残差,4.994,38,正常
2908,2024-04-26 23:04:00,2024-04-26 23:04:00,1.0,待机,IsolationForest; Mahalanobis; 单变量IQR+3σ; 残差,3904.656,38,Mahalanobis 距离=3904.7（阈值=18.5）。主要贡献特征：PC1 (86.3%); PC4 (11.9%); PC3 (1.7%)。
2909,2024-04-26 23:19:00,2024-04-26 23:20:00,2.0,停机,IsolationForest; Mahalanobis; 单变量IQR+3σ; 残差,1397.671,76,Mahalanobis 距离=1397.7（阈值=18.5）。主要贡献特征：PC1 (91.1%); PC3 (7.8%); PC4 (1.1%)。
2910,2024-04-26 23:22:00,2024-04-26 23:25:00,4.0,停机,IsolationForest; Mahalanobis; 单变量IQR+3σ; 残差,2022.426,152,Mahalanobis 距离=2022.4（阈值=18.5）。主要贡献特征：PC1 (98.6%)。
2911,2024-04-26 23:27:00,2024-04-26 23:29:00,3.0,停机,IsolationForest; Mahalanobis; 单变量IQR+3σ; 残差,1913.732,114,Mahalanobis 距离=1913.7（阈值=18.5）。主要贡献特征：PC1 (99.5%)。
2912,2024-04-26 23:32:00,2024-04-26 23:32:00,1.0,重载牵引,IsolationForest; Mahalanobis; 单变量IQR+3σ; 残差,6.691,38,正常
2913,2024-04-26 23:34:00,2024-04-26 23:34:00,1.0,停机,IsolationForest; Mahalanobis; 单变量IQR+3σ; 残差,2735.27,38,Mahalanobis 距离=2735.3（阈值=18.5）。主要贡献特征：PC1 (93.1%); PC3 (6.8%)。
2914,2024-04-26 23:46:00,2024-04-26 23:51:00,6.0,待机,IsolationForest; Mahalanobis; 单变量IQR+3σ; 残差,5090.136,228,Mahalanobis 距离=5090.1（阈值=18.5）。主要贡献特征：PC1 (98.0%); PC3 (1.9%)。
2915,2024-04-27 00:00:00,2024-04-27 00:00:00,1.0,待机,IsolationForest; Mahalanobis; 单变量IQR+3σ; 残差,5231.135,38,Mahalanobis 距离=5231.1（阈值=18.5）。主要贡献特征：PC1 (92.4%); PC3 (7.1%)。
2916,2024-04-27 00:07:00,2024-04-27 00:07:00,1.0,重载牵引,IsolationForest; Mahalanobis; 单变量IQR+3σ; 残差,3.511,38,正常
2917,2024-04-27 00:11:00,2024-04-27 00:11:00,1.0,待机,IsolationForest; Mahalanobis; 单变量IQR+3σ; 残差,4197.718,38,Mahalanobis 距离=4197.7（阈值=18.5）。主要贡献特征：PC1 (68.9%); PC3 (28.5%); PC4 (2.6%)。
2918,2024-04-27 00:15:00,2024-04-27 00:15:00,1.0,重载牵引,IsolationForest; Mahalanobis; 单变量IQR+3σ; 残差,5.966,38,残差异常：采煤机_油泵_右电机_电流 偏高（残差 Z-score=6.0，实际=56.0 vs 预测=16.4）
2919,2024-04-27 00:17:00,2024-04-27 00:18:00,2.0,待机,IsolationForest; Mahalanobis; 单变量IQR+3σ; 残差,3839.237,76,Mahalanobis 距离=3839.2（阈值=18.5）。主要贡献特征：PC1 (65.0%); PC3 (33.8%); PC4 (1.2%)。
2920,2024-04-27 00:22:00,2024-04-27 00:22:00,1.0,待机,IsolationForest; Mahalanobis; 单变量IQR+3σ; 残差,3795.141,38,Mahalanobis 距离=3795.1（阈值=18.5）。主要贡献特征：PC1 (63.7%); PC3 (34.6%); PC4 (1.7%)。
2921,2024-04-27 00:25:00,2024-04-27 00:25:00,1.0,重载牵引,IsolationForest; Mahalanobis; 单变量IQR+3σ; 残差,5.291,38,正常
2922,2024-04-27 00:34:00,2024-04-27 00:35:00,2.0,待机,IsolationForest; Mahalanobis; 单变量IQR+3σ; 残差,3551.25,76,Mahalanobis 距离=3551.3（阈值=18.5）。主要贡献特征：PC1 (62.4%); PC3 (37.4%)。
2923,2024-04-27 00:40:00,2024-04-27 00:40:00,1.0,停机,IsolationForest; Mahalanobis; 单变量IQR+3σ; 残差,1131.118,38,Mahalanobis 距离=1131.1（阈值=18.5）。主要贡献特征：PC1 (72.9%); PC3 (26.3%)。
2924,2024-04-27 00:48:00,2024-04-27 00:48:00,1.0,重载牵引,IsolationForest; Mahalanobis; 单变量IQR+3σ; 残差,2.081,38,正常
2925,2024-04-27 00:50:00,2024-04-27 00:51:00,2.0,停机,IsolationForest; Mahalanobis; 单变量IQR+3σ; 残差,1228.725,76,Mahalanobis 距离=1228.7（阈值=18.5）。主要贡献特征：PC1 (79.3%); PC3 (20.7%)。
2926,2024-04-27 00:54:00,2024-04-27 00:54:00,1.0,待机,IsolationForest; Mahalanobis; 单变量IQR+3σ; 残差,3442.855,38,Mahalanobis 距离=3442.9（阈值=18.5）。主要贡献特征：PC1 (81.7%); PC3 (16.5%); PC4 (1.8%)。
2927,2024-04-27 00:56:00,2024-04-27 01:01:00,6.0,停机,IsolationForest; Mahalanobis; 单变量IQR+3σ; 残差,1257.631,228,Mahalanobis 距离=1257.6（阈值=18.5）。主要贡献特征：PC1 (84.4%); PC3 (15.6%)。
2928,2024-04-27 01:03:00,2024-04-27 01:06:00,4.0,待机,IsolationForest; Mahalanobis; 单变量IQR+3σ; 残差,3852.148,152,Mahalanobis 距离=3852.1（阈值=18.5）。主要贡献特征：PC1 (85.4%); PC3 (10.0%); PC4 (4.6%)。
2929,2024-04-27 01:08:00,2024-04-27 01:08:00,1.0,重载牵引,IsolationForest; Mahalanobis; 单变量IQR+3σ; 残差,4.882,38,残差异常：采煤机_油泵_右电机_电流 偏高（残差 Z-score=4.9，实际=49.0 vs 预测=16.6）
2930,2024-04-27 01:14:00,2024-04-27 01:15:00,2.0,待机,IsolationForest; Mahalanobis; 单变量IQR+3σ; 残差,3738.134,76,Mahalanobis 距离=3738.1（阈值=18.5）。主要贡献特征：PC1 (85.3%); PC4 (11.1%); PC3 (3.6%)。
2931,2024-04-27 01:18:00,2024-04-27 01:18:00,1.0,待机,IsolationForest; Mahalanobis; 单变量IQR+3σ; 残差,5222.461,38,Mahalanobis 距离=5222.5（阈值=18.5）。主要贡献特征：PC1 (83.9%); PC4 (12.5%); PC3 (3.6%)。
2932,2024-04-27 01:20:00,2024-04-27 01:20:00,1.0,重载牵引,IsolationForest; Mahalanobis; 单变量IQR+3σ; 残差,6.207,38,残差异常：采煤机_油泵_右电机_电流 偏高（残差 Z-score=6.2，实际=58.0 vs 预测=16.8）
2933,2024-04-27 01:22:00,2024-04-27 01:25:00,4.0,重载牵引,IsolationForest; Mahalanobis; 单变量IQR+3σ; 残差,5.54,152,正常
2934,2024-04-27 01:32:00,2024-04-27 01:33:00,2.0,重载牵引,IsolationForest; Mahalanobis; 单变量IQR+3σ; 残差,4.846,76,正常
2935,2024-04-27 01:39:00,2024-04-27 01:39:00,1.0,待机,IsolationForest; Mahalanobis; 单变量IQR+3σ; 残差,4320.417,38,Mahalanobis 距离=4320.4（阈值=18.5）。主要贡献特征：PC1 (91.4%); PC4 (7.6%); PC3 (1.0%)。
2936,2024-04-27 01:43:00,2024-04-27 01:43:00,1.0,重载牵引,IsolationForest; Mahalanobis; 单变量IQR+3σ; 残差,2.64,38,正常
2937,2024-04-27 01:51:00,2024-04-27 01:51:00,1.0,待机,IsolationForest; Mahalanobis; 单变量IQR+3σ; 残差,5515.381,38,Mahalanobis 距离=5515.4（阈值=18.5）。主要贡献特征：PC1 (97.3%); PC4 (2.5%)。
2938,2024-04-27 01:53:00,2024-04-27 01:53:00,1.0,待机,IsolationForest; Mahalanobis; 单变量IQR+3σ; 残差,4249.266,38,Mahalanobis 距离=4249.3（阈值=18.5）。主要贡献特征：PC1 (91.4%); PC3 (6.9%); PC4 (1.7%)。
2939,2024-04-27 01:55:00,2024-04-27 01:55:00,1.0,停机,IsolationForest; Mahalanobis; 单变量IQR+3σ; 残差,1911.892,38,Mahalanobis 距离=1911.9（阈值=18.5）。主要贡献特征：PC1 (94.5%); PC3 (5.4%)。
2940,2024-04-27 01:58:00,2024-04-27 01:58:00,1.0,停机,IsolationForest; Mahalanobis; 单变量IQR+3σ; 残差,1957.434,38,Mahalanobis 距离=1957.4（阈值=18.5）。主要贡献特征：PC1 (93.5%); PC3 (6.3%)。
2941,2024-04-27 02:05:00,2024-04-27 02:05:00,1.0,重载牵引,IsolationForest; Mahalanobis; 单变量IQR+3σ; 残差,3.241,38,残差异常：采煤机_油泵_左电机_电流 偏高（残差 Z-score=3.2，实际=40.0 vs 预测=16.4）
2942,2024-04-27 02:11:00,2024-04-27 02:11:00,1.0,待机,IsolationForest; Mahalanobis; 单变量IQR+3σ; 残差,4876.033,38,Mahalanobis 距离=4876.0（阈值=18.5）。主要贡献特征：PC1 (85.5%); PC3 (13.5%); PC4 (1.1%)。
2943,2024-04-27 02:15:00,2024-04-27 02:15:00,1.0,待机,IsolationForest; Mahalanobis; 单变量IQR+3σ; 残差,3943.81,38,Mahalanobis 距离=3943.8（阈值=18.5）。主要贡献特征：PC1 (66.7%); PC3 (31.6%); PC4 (1.8%)。
2944,2024-04-27 02:19:00,2024-04-27 02:19:00,1.0,重载牵引,IsolationForest; Mahalanobis; 单变量IQR+3σ; 残差,5.605,38,残差异常：采煤机_油泵_右电机_电流 偏高（残差 Z-score=5.6，实际=54.0 vs 预测=16.8）
2945,2024-04-27 02:31:00,2024-04-27 02:31:00,1.0,重载牵引,IsolationForest; Mahalanobis; 单变量IQR+3σ; 残差,5.575,38,残差异常：采煤机_油泵_右电机_电流 偏高（残差 Z-score=5.6，实际=54.0 vs 预测=17.0）
2946,2024-04-27 02:42:00,2024-04-27 02:42:00,1.0,待机,IsolationForest; Mahalanobis; 单变量IQR+3σ; 残差,4533.07,38,Mahalanobis 距离=4533.1（阈值=18.5）。主要贡献特征：PC1 (86.9%); PC3 (13.1%)。
2947,2024-04-27 02:45:00,2024-04-27 02:45:00,1.0,待机,IsolationForest; Mahalanobis; 单变量IQR+3σ; 残差,4616.263,38,Mahalanobis 距离=4616.3（阈值=18.5）。主要贡献特征：PC1 (90.5%); PC3 (9.4%)。
2948,2024-04-27 02:48:00,2024-04-27 02:48:00,1.0,重载牵引,IsolationForest; Mahalanobis; 单变量IQR+3σ; 残差,5.142,38,正常
2949,2024-04-27 02:50:00,2024-04-27 02:53:00,4.0,待机,IsolationForest; Mahalanobis; 单变量IQR+3σ; 残差,4622.616,152,Mahalanobis 距离=4622.6（阈值=18.5）。主要贡献特征：PC1 (93.0%); PC3 (6.3%)。
2950,2024-04-27 02:55:00,2024-04-27 02:55:00,1.0,重载牵引,IsolationForest; Mahalanobis; 单变量IQR+3σ; 残差,4.994,38,正常
2951,2024-04-27 03:00:00,2024-04-27 03:00:00,1.0,重载牵引,IsolationForest; Mahalanobis; 单变量IQR+3σ; 残差,4.78,38,正常
2952,2024-04-27 03:07:00,2024-04-27 03:07:00,1.0,重载牵引,IsolationForest; Mahalanobis; 单变量IQR+3σ; 残差,4.189,38,残差异常：采煤机_油泵_右电机_电流 偏高（残差 Z-score=4.2，实际=45.0 vs 预测=17.2）
2953,2024-04-27 03:09:00,2024-04-27 03:11:00,3.0,重载牵引,IsolationForest; Mahalanobis; 单变量IQR+3σ; 残差,2.215,114,正常
2954,2024-04-27 03:13:00,2024-04-27 03:14:00,2.0,停机,IsolationForest; Mahalanobis; 单变量IQR+3σ; 残差,2003.347,76,Mahalanobis 距离=2003.3（阈值=18.5）。主要贡献特征：PC1 (96.7%); PC4 (3.3%)。
2955,2024-04-27 03:16:00,2024-04-27 03:16:00,1.0,重载牵引,IsolationForest; Mahalanobis; 单变量IQR+3σ; 残差,4.697,38,正常
2956,2024-04-27 03:20:00,2024-04-27 03:20:00,1.0,重载牵引,IsolationForest; Mahalanobis; 单变量IQR+3σ; 残差,4.697,38,正常
2957,2024-04-27 03:27:00,2024-04-27 03:27:00,1.0,重载牵引,IsolationForest; Mahalanobis; 单变量IQR+3σ; 残差,4.633,38,正常
2958,2024-04-27 03:33:00,2024-04-27 03:33:00,1.0,重载牵引,IsolationForest; Mahalanobis; 单变量IQR+3σ; 残差,3.887,38,残差异常：采煤机_油泵_右电机_电流 偏高（残差 Z-score=3.9，实际=43.0 vs 预测=17.2）
2959,2024-04-27 03:49:00,2024-04-27 03:49:00,1.0,重载牵引,IsolationForest; Mahalanobis; 单变量IQR+3σ; 残差,6.207,38,残差异常：采煤机_油泵_右电机_电流 偏高（残差 Z-score=6.2，实际=58.0 vs 预测=16.8）
2960,2024-04-27 03:54:00,2024-04-27 03:54:00,1.0,重载牵引,IsolationForest; Mahalanobis; 单变量IQR+3σ; 残差,3.241,38,残差异常：采煤机_油泵_左电机_电流 偏高（残差 Z-score=3.2，实际=40.0 vs 预测=16.4）
2961,2024-04-27 03:56:00,2024-04-27 04:07:00,12.0,待机,IsolationForest; Mahalanobis; 单变量IQR+3σ; 残差,4842.799,456,Mahalanobis 距离=4842.8（阈值=18.5）。主要贡献特征：PC1 (81.1%); PC3 (16.5%); PC4 (2.4%)。
2962,2024-04-27 04:12:00,2024-04-27 04:13:00,2.0,重载牵引,IsolationForest; Mahalanobis; 单变量IQR+3σ; 残差,5.587,76,正常
2963,2024-04-27 04:18:00,2024-04-27 04:18:00,1.0,重载牵引,IsolationForest; Mahalanobis; 单变量IQR+3σ; 残差,6.001,38,残差异常：采煤机_截割部位_左滚筒_电机_电流 偏高（残差 Z-score=6.0，实际=308.0 vs 预测=66.2）
2964,2024-04-27 04:43:00,2024-04-27 04:43:00,1.0,重载牵引,IsolationForest; Mahalanobis; 单变量IQR+3σ; 残差,4.104,38,正常
2965,2024-04-27 04:45:00,2024-04-27 04:45:00,1.0,待机,IsolationForest; Mahalanobis; 单变量IQR+3σ; 残差,4805.288,38,Mahalanobis 距离=4805.3（阈值=18.5）。主要贡献特征：PC1 (96.2%); PC3 (2.4%); PC4 (1.4%)。
2966,2024-04-27 04:48:00,2024-04-27 05:00:00,13.0,待机,IsolationForest; Mahalanobis; 单变量IQR+3σ; 残差,4200.534,494,Mahalanobis 距离=4200.5（阈值=18.5）。主要贡献特征：PC1 (89.0%); PC4 (7.4%); PC3 (3.5%)。
2967,2024-04-27 05:04:00,2024-04-27 05:04:00,1.0,停机,IsolationForest; Mahalanobis; 单变量IQR+3σ; 残差,1366.115,38,Mahalanobis 距离=1366.1（阈值=18.5）。主要贡献特征：PC1 (89.9%); PC3 (8.3%); PC4 (1.8%)。
2968,2024-04-27 05:10:00,2024-04-27 05:10:00,1.0,停机,IsolationForest; Mahalanobis; 单变量IQR+3σ; 残差,1749.352,38,Mahalanobis 距离=1749.4（阈值=18.5）。主要贡献特征：PC1 (95.6%); PC4 (3.1%); PC3 (1.3%)。
2969,2024-04-27 05:17:00,2024-04-27 05:17:00,1.0,重载牵引,IsolationForest; Mahalanobis; 单变量IQR+3σ; 残差,4.104,38,正常
2970,2024-04-27 05:25:00,2024-04-27 05:27:00,3.0,重载牵引,IsolationForest; Mahalanobis; 单变量IQR+3σ; 残差,2.636,114,正常
2971,2024-04-27 05:34:00,2024-04-27 05:34:00,1.0,重载牵引,IsolationForest; Mahalanobis; 单变量IQR+3σ; 残差,3.241,38,残差异常：采煤机_油泵_左电机_电流 偏高（残差 Z-score=3.2，实际=40.0 vs 预测=16.4）
2972,2024-04-27 05:39:00,2024-04-27 05:42:00,4.0,待机,IsolationForest; Mahalanobis; 单变量IQR+3σ; 残差,5525.179,152,Mahalanobis 距离=5525.2（阈值=18.5）。主要贡献特征：PC1 (91.5%); PC3 (4.8%); PC4 (3.7%)。
2973,2024-04-27 05:48:00,2024-04-27 05:48:00,1.0,待机,IsolationForest; Mahalanobis; 单变量IQR+3σ; 残差,4285.384,38,Mahalanobis 距离=4285.4（阈值=18.5）。主要贡献特征：PC1 (90.6%); PC3 (8.2%); PC4 (1.2%)。
2974,2024-04-27 05:50:00,2024-04-27 05:51:00,2.0,停机,IsolationForest; Mahalanobis; 单变量IQR+3σ; 残差,1458.575,76,Mahalanobis 距离=1458.6（阈值=18.5）。主要贡献特征：PC1 (86.6%); PC3 (13.3%)。
2975,2024-04-27 05:53:00,2024-04-27 05:57:00,5.0,停机,IsolationForest; Mahalanobis; 单变量IQR+3σ; 残差,684.973,190,Mahalanobis 距离=685.0（阈值=18.5）。主要贡献特征：PC1 (64.0%); PC3 (35.8%)。
2976,2024-04-27 06:34:00,2024-04-27 06:38:00,5.0,停机,IsolationForest; Mahalanobis; 单变量IQR+3σ; 残差,1410.259,190,Mahalanobis 距离=1410.3（阈值=18.5）。主要贡献特征：PC1 (95.2%); PC3 (4.4%)。
2977,2024-04-27 06:42:00,2024-04-27 06:43:00,2.0,停机,IsolationForest; Mahalanobis; 单变量IQR+3σ; 残差,1428.626,76,Mahalanobis 距离=1428.6（阈值=18.5）。主要贡献特征：PC1 (80.9%); PC3 (18.8%)。
2978,2024-04-27 06:45:00,2024-04-27 06:50:00,6.0,停机,IsolationForest; Mahalanobis; 单变量IQR+3σ; 残差,1396.743,228,Mahalanobis 距离=1396.7（阈值=18.5）。主要贡献特征：PC1 (79.5%); PC3 (20.2%)。
2979,2024-04-27 06:57:00,2024-04-27 06:59:00,3.0,停机,IsolationForest; Mahalanobis; 单变量IQR+3σ; 残差,1771.851,114,Mahalanobis 距离=1771.9（阈值=18.5）。主要贡献特征：PC1 (88.0%); PC3 (10.4%); PC4 (1.6%)。
2980,2024-04-27 07:08:00,2024-04-27 07:08:00,1.0,停机,IsolationForest; Mahalanobis; 单变量IQR+3σ; 残差,1601.315,38,Mahalanobis 距离=1601.3（阈值=18.5）。主要贡献特征：PC1 (76.3%); PC3 (21.3%); PC4 (2.4%)。
2981,2024-04-27 07:12:00,2024-04-27 07:13:00,2.0,待机,IsolationForest; Mahalanobis; 单变量IQR+3σ; 残差,4409.673,76,Mahalanobis 距离=4409.7（阈值=18.5）。主要贡献特征：PC1 (73.1%); PC3 (24.8%); PC4 (2.0%)。
2982,2024-04-27 07:15:00,2024-04-27 07:15:00,1.0,待机,IsolationForest; Mahalanobis; 单变量IQR+3σ; 残差,3879.427,38,Mahalanobis 距离=3879.4（阈值=18.5）。主要贡献特征：PC1 (62.7%); PC3 (35.0%); PC4 (2.3%)。
2983,2024-04-27 07:27:00,2024-04-27 07:32:00,6.0,待机,IsolationForest; Mahalanobis; 单变量IQR+3σ; 残差,2921.762,228,Mahalanobis 距离=2921.8（阈值=18.5）。主要贡献特征：PC1 (54.5%); PC3 (43.4%); PC4 (2.1%)。
2984,2024-04-27 07:34:00,2024-04-27 07:34:00,1.0,重载牵引,IsolationForest; Mahalanobis; 单变量IQR+3σ; 残差,6.329,38,正常
2985,2024-04-27 07:38:00,2024-04-27 07:39:00,2.0,停机,IsolationForest; Mahalanobis; 单变量IQR+3σ; 残差,2226.135,76,Mahalanobis 距离=2226.1（阈值=18.5）。主要贡献特征：PC1 (92.1%); PC3 (4.5%); PC4 (3.4%)。
2986,2024-04-27 07:43:00,2024-04-27 07:43:00,1.0,停机,IsolationForest; Mahalanobis; 单变量IQR+3σ; 残差,1355.485,38,Mahalanobis 距离=1355.5（阈值=18.5）。主要贡献特征：PC1 (74.9%); PC3 (23.3%); PC4 (1.7%)。
2987,2024-04-27 07:50:00,2024-04-27 07:50:00,1.0,待机,IsolationForest; Mahalanobis; 单变量IQR+3σ; 残差,4795.102,38,Mahalanobis 距离=4795.1（阈值=18.5）。主要贡献特征：PC1 (90.7%); PC3 (9.2%)。
2988,2024-04-27 07:58:00,2024-04-27 07:59:00,2.0,重载牵引,IsolationForest; Mahalanobis; 单变量IQR+3σ; 残差,6.181,76,正常
2989,2024-04-27 08:15:00,2024-04-27 08:15:00,1.0,待机,IsolationForest; Mahalanobis; 单变量IQR+3σ; 残差,4424.061,38,Mahalanobis 距离=4424.1（阈值=18.5）。主要贡献特征：PC1 (91.8%); PC4 (6.9%); PC3 (1.3%)。
2990,2024-04-27 08:18:00,2024-04-27 08:24:00,7.0,停机,IsolationForest; Mahalanobis; 单变量IQR+3σ; 残差,1307.853,266,Mahalanobis 距离=1307.9（阈值=18.5）。主要贡献特征：PC1 (90.2%); PC3 (8.3%); PC4 (1.4%)。
2991,2024-04-27 08:33:00,2024-04-27 08:40:00,8.0,待机,IsolationForest; Mahalanobis; 单变量IQR+3σ; 残差,2302.314,304,Mahalanobis 距离=2302.3（阈值=18.5）。主要贡献特征：PC1 (57.4%); PC3 (22.5%); PC4 (20.0%)。
2992,2024-04-27 08:47:00,2024-04-27 08:50:00,4.0,重载牵引,IsolationForest; Mahalanobis; 单变量IQR+3σ; 残差,33.874,152,Mahalanobis 距离=33.9（阈值=18.5）。主要贡献特征：PC1 (99.4%)。
2993,2024-04-27 08:52:00,2024-04-27 08:52:00,1.0,待机,IsolationForest; Mahalanobis; 单变量IQR+3σ; 残差,3465.258,38,Mahalanobis 距离=3465.3（阈值=18.5）。主要贡献特征：PC1 (75.8%); PC3 (14.3%); PC4 (10.0%)。
2994,2024-04-27 09:07:00,2024-04-27 09:07:00,1.0,重载牵引,IsolationForest; Mahalanobis; 单变量IQR+3σ; 残差,3.465,38,残差异常：采煤机_油泵_右电机_电流 偏高（残差 Z-score=3.5，实际=40.0 vs 预测=17.0）
2995,2024-04-27 09:09:00,2024-04-27 09:09:00,1.0,重载牵引,IsolationForest; Mahalanobis; 单变量IQR+3σ; 残差,4.172,38,正常
2996,2024-04-27 09:16:00,2024-04-27 09:16:00,1.0,重载牵引,IsolationForest; Mahalanobis; 单变量IQR+3σ; 残差,4.104,38,正常
2997,2024-04-27 09:25:00,2024-04-27 09:27:00,3.0,待机,IsolationForest; Mahalanobis; 单变量IQR+3σ; 残差,3873.024,114,Mahalanobis 距离=3873.0（阈值=18.5）。主要贡献特征：PC1 (86.5%); PC4 (7.2%); PC3 (6.3%)。
2998,2024-04-27 09:29:00,2024-04-27 09:31:00,3.0,待机,IsolationForest; Mahalanobis; 单变量IQR+3σ; 残差,3777.76,114,Mahalanobis 距离=3777.8（阈值=18.5）。主要贡献特征：PC1 (85.2%); PC3 (8.1%); PC4 (6.7%)。
2999,2024-04-27 09:33:00,2024-04-27 09:34:00,2.0,停机,IsolationForest; Mahalanobis; 单变量IQR+3σ; 残差,2384.523,76,Mahalanobis 距离=2384.5（阈值=18.5）。主要贡献特征：PC1 (98.9%)。
3000,2024-04-27 09:41:00,2024-04-27 09:41:00,1.0,待机,IsolationForest; Mahalanobis; 单变量IQR+3σ; 残差,4800.028,38,Mahalanobis 距离=4800.0（阈值=18.5）。主要贡献特征：PC1 (95.3%); PC4 (3.5%); PC3 (1.1%)。
3001,2024-04-27 09:49:00,2024-04-27 09:49:00,1.0,停机,IsolationForest; Mahalanobis; 单变量IQR+3σ; 残差,1906.496,38,Mahalanobis 距离=1906.5（阈值=18.5）。主要贡献特征：PC1 (94.2%); PC3 (5.8%)。
3002,2024-04-27 09:51:00,2024-04-27 10:19:00,29.0,待机,IsolationForest; Mahalanobis; 单变量IQR+3σ; 残差,3782.526,1102,Mahalanobis 距离=3782.5（阈值=18.5）。主要贡献特征：PC3 (56.7%); PC1 (42.5%)。
3003,2024-04-27 14:47:00,2024-04-27 15:51:00,65.0,停机,IsolationForest; Mahalanobis; 单变量IQR+3σ; 残差,573.52,2470,Mahalanobis 距离=573.5（阈值=18.5）。主要贡献特征：PC1 (75.0%); PC3 (24.0%)。
3004,2024-04-27 15:53:00,2024-04-27 15:57:00,5.0,停机,IsolationForest; Mahalanobis; 单变量IQR+3σ; 残差,390.626,190,Mahalanobis 距离=390.6（阈值=18.5）。主要贡献特征：PC1 (64.1%); PC3 (35.8%)。
3005,2024-04-27 16:09:00,2024-04-27 16:19:00,11.0,停机,IsolationForest; Mahalanobis; 单变量IQR+3σ; 残差,1280.428,418,Mahalanobis 距离=1280.4（阈值=18.5）。主要贡献特征：PC1 (83.7%); PC3 (16.2%)。
3006,2024-04-27 16:30:00,2024-04-27 16:34:00,5.0,停机,IsolationForest; Mahalanobis; 单变量IQR+3σ; 残差,265.008,190,Mahalanobis 距离=265.0（阈值=18.5）。主要贡献特征：PC1 (63.9%); PC3 (35.9%)。
3007,2024-04-27 16:44:00,2024-04-27 16:48:00,5.0,停机,IsolationForest; Mahalanobis; 单变量IQR+3σ; 残差,361.171,190,Mahalanobis 距离=361.2（阈值=18.5）。主要贡献特征：PC1 (65.4%); PC3 (34.5%)。
3008,2024-04-27 17:17:00,2024-04-27 17:22:00,6.0,停机,IsolationForest; Mahalanobis; 单变量IQR+3σ; 残差,493.427,228,Mahalanobis 距离=493.4（阈值=18.5）。主要贡献特征：PC1 (65.3%); PC3 (34.7%)。
3009,2024-04-27 17:40:00,2024-04-27 18:07:00,28.0,停机,IsolationForest; Mahalanobis; 单变量IQR+3σ; 残差,1477.872,1064,Mahalanobis 距离=1477.9（阈值=18.5）。主要贡献特征：PC1 (72.5%); PC3 (24.0%); PC4 (3.5%)。
3010,2024-04-27 18:16:00,2024-04-27 18:26:00,11.0,停机,IsolationForest; Mahalanobis; 单变量IQR+3σ; 残差,987.795,418,Mahalanobis 距离=987.8（阈值=18.5）。主要贡献特征：PC1 (63.1%); PC3 (24.4%); PC4 (12.5%)。
3011,2024-04-27 18:37:00,2024-04-27 18:37:00,1.0,重载牵引,IsolationForest; Mahalanobis; 单变量IQR+3σ; 残差,3.202,38,残差异常：采煤机_截割部位_左滚筒_电机_电流 偏高（残差 Z-score=3.2，实际=223.0 vs 预测=94.0）
3012,2024-04-27 18:39:00,2024-04-27 18:40:00,2.0,停机,IsolationForest; Mahalanobis; 单变量IQR+3σ; 残差,1029.637,76,Mahalanobis 距离=1029.6（阈值=18.5）。主要贡献特征：PC1 (69.0%); PC3 (30.3%)。
3013,2024-04-27 18:52:00,2024-04-27 18:52:00,1.0,重载牵引,IsolationForest; Mahalanobis; 单变量IQR+3σ; 残差,3.557,38,残差异常：采煤机_截割部位_右滚筒_电机_电流 偏高（残差 Z-score=3.6，实际=215.0 vs 预测=83.4）
3014,2024-04-27 18:56:00,2024-04-27 18:58:00,3.0,重载牵引,IsolationForest; Mahalanobis; 单变量IQR+3σ; 残差,4.697,114,正常
3015,2024-04-27 19:00:00,2024-04-27 19:03:00,4.0,重载牵引,IsolationForest; Mahalanobis; 单变量IQR+3σ; 残差,4.882,152,残差异常：采煤机_油泵_右电机_电流 偏高（残差 Z-score=4.9，实际=49.0 vs 预测=16.6）
3016,2024-04-27 19:06:00,2024-04-27 19:06:00,1.0,重载牵引,IsolationForest; Mahalanobis; 单变量IQR+3σ; 残差,5.587,38,正常
3017,2024-04-27 19:08:00,2024-04-27 19:08:00,1.0,待机,IsolationForest; Mahalanobis; 单变量IQR+3σ; 残差,3799.912,38,Mahalanobis 距离=3799.9（阈值=18.5）。主要贡献特征：PC1 (84.5%); PC4 (12.2%); PC3 (3.3%)。
3018,2024-04-27 19:10:00,2024-04-27 19:10:00,1.0,停机,IsolationForest; Mahalanobis; 单变量IQR+3σ; 残差,1459.177,38,Mahalanobis 距离=1459.2（阈值=18.5）。主要贡献特征：PC1 (92.1%); PC3 (4.7%); PC4 (3.2%)。
3019,2024-04-27 19:12:00,2024-04-27 19:12:00,1.0,待机,IsolationForest; Mahalanobis; 单变量IQR+3σ; 残差,3766.951,38,Mahalanobis 距离=3767.0（阈值=18.5）。主要贡献特征：PC1 (82.8%); PC4 (13.1%); PC3 (4.0%)。
3020,2024-04-27 19:21:00,2024-04-27 19:21:00,1.0,待机,IsolationForest; Mahalanobis; 单变量IQR+3σ; 残差,3728.27,38,Mahalanobis 距离=3728.3（阈值=18.5）。主要贡献特征：PC1 (83.7%); PC4 (11.4%); PC3 (4.8%)。
3021,2024-04-27 19:28:00,2024-04-27 19:31:00,4.0,停机,IsolationForest; Mahalanobis; 单变量IQR+3σ; 残差,2055.433,152,Mahalanobis 距离=2055.4（阈值=18.5）。主要贡献特征：PC1 (98.3%); PC4 (1.5%)。
3022,2024-04-27 19:33:00,2024-04-27 19:34:00,2.0,重载牵引,IsolationForest; Mahalanobis; 单变量IQR+3σ; 残差,33.934,76,Mahalanobis 距离=33.9（阈值=18.5）。主要贡献特征：PC1 (99.4%)。
3023,2024-04-27 19:36:00,2024-04-27 19:36:00,1.0,重载牵引,IsolationForest; Mahalanobis; 单变量IQR+3σ; 残差,7.464,38,正常
3024,2024-04-27 19:50:00,2024-04-27 19:53:00,4.0,待机,IsolationForest; Mahalanobis; 单变量IQR+3σ; 残差,5569.0,152,Mahalanobis 距离=5569.0（阈值=18.5）。主要贡献特征：PC1 (94.4%); PC4 (4.5%); PC3 (1.1%)。
3025,2024-04-27 19:56:00,2024-04-27 19:56:00,1.0,重载牵引,IsolationForest; Mahalanobis; 单变量IQR+3σ; 残差,7.232,38,正常
3026,2024-04-27 20:00:00,2024-04-27 20:00:00,1.0,待机,IsolationForest; Mahalanobis; 单变量IQR+3σ; 残差,3519.187,38,Mahalanobis 距离=3519.2（阈值=18.5）。主要贡献特征：PC1 (81.0%); PC3 (10.2%); PC4 (8.8%)。
3027,2024-04-27 20:03:00,2024-04-27 20:03:00,1.0,重载牵引,IsolationForest; Mahalanobis; 单变量IQR+3σ; 残差,5.093,38,残差异常：采煤机_油泵_右电机_电流 偏高（残差 Z-score=5.1，实际=51.0 vs 预测=17.2）
3028,2024-04-27 20:05:00,2024-04-27 20:05:00,1.0,重载牵引,IsolationForest; Mahalanobis; 单变量IQR+3σ; 残差,3.956,38,正常
3029,2024-04-27 20:10:00,2024-04-27 20:14:00,5.0,待机,IsolationForest; Mahalanobis; 单变量IQR+3σ; 残差,4053.524,190,Mahalanobis 距离=4053.5（阈值=18.5）。主要贡献特征：PC1 (86.3%); PC4 (12.6%); PC3 (1.1%)。
3030,2024-04-27 20:17:00,2024-04-27 20:18:00,2.0,重载牵引,IsolationForest; Mahalanobis; 单变量IQR+3σ; 残差,35.004,76,Mahalanobis 距离=35.0（阈值=18.5）。主要贡献特征：PC1 (99.2%)。
3031,2024-04-27 20:59:00,2024-04-27 20:59:00,1.0,重载牵引,IsolationForest; Mahalanobis; 单变量IQR+3σ; 残差,3.956,38,正常
3032,2024-04-27 21:05:00,2024-04-27 21:06:00,2.0,重载牵引,IsolationForest; Mahalanobis; 单变量IQR+3σ; 残差,5.884,76,正常
3033,2024-04-27 21:08:00,2024-04-27 21:08:00,1.0,待机,IsolationForest; Mahalanobis; 单变量IQR+3σ; 残差,3647.512,38,Mahalanobis 距离=3647.5（阈值=18.5）。主要贡献特征：PC1 (59.8%); PC3 (38.7%); PC4 (1.4%)。
3034,2024-04-27 21:21:00,2024-04-27 21:22:00,2.0,停机,IsolationForest; Mahalanobis; 单变量IQR+3σ; 残差,1070.131,76,Mahalanobis 距离=1070.1（阈值=18.5）。主要贡献特征：PC1 (61.0%); PC3 (36.2%); PC4 (2.8%)。
3035,2024-04-27 21:32:00,2024-04-27 21:34:00,3.0,停机,IsolationForest; Mahalanobis; 单变量IQR+3σ; 残差,1481.167,114,Mahalanobis 距离=1481.2（阈值=18.5）。主要贡献特征：PC1 (80.4%); PC3 (18.6%)。
3036,2024-04-27 21:42:00,2024-04-27 21:42:00,1.0,重载牵引,IsolationForest; Mahalanobis; 单变量IQR+3σ; 残差,5.424,38,残差异常：采煤机_油泵_右电机_电流 偏高（残差 Z-score=5.4，实际=53.0 vs 预测=17.0）
3037,2024-04-27 21:44:00,2024-04-27 21:44:00,1.0,待机,IsolationForest; Mahalanobis; 单变量IQR+3σ; 残差,3631.692,38,Mahalanobis 距离=3631.7（阈值=18.5）。主要贡献特征：PC1 (76.2%); PC3 (22.6%); PC4 (1.2%)。
3038,2024-04-27 21:47:00,2024-04-27 21:47:00,1.0,重载牵引,IsolationForest; Mahalanobis; 单变量IQR+3σ; 残差,3.956,38,正常
3039,2024-04-27 21:56:00,2024-04-27 21:57:00,2.0,重载牵引,IsolationForest; Mahalanobis; 单变量IQR+3σ; 残差,7.219,76,正常
3040,2024-04-27 22:02:00,2024-04-27 22:02:00,1.0,重载牵引,IsolationForest; Mahalanobis; 单变量IQR+3σ; 残差,5.454,38,残差异常：采煤机_油泵_右电机_电流 偏高（残差 Z-score=5.5，实际=53.0 vs 预测=16.8）
3041,2024-04-27 22:04:00,2024-04-27 22:04:00,1.0,重载牵引,IsolationForest; Mahalanobis; 单变量IQR+3σ; 残差,4.324,38,正常
3042,2024-04-27 22:10:00,2024-04-27 22:10:00,1.0,重载牵引,IsolationForest; Mahalanobis; 单变量IQR+3σ; 残差,5.736,38,正常
3043,2024-04-27 22:12:00,2024-04-27 22:13:00,2.0,待机,IsolationForest; Mahalanobis; 单变量IQR+3σ; 残差,5215.556,76,Mahalanobis 距离=5215.6（阈值=18.5）。主要贡献特征：PC1 (86.9%); PC4 (11.2%); PC3 (2.0%)。
3044,2024-04-27 22:16:00,2024-04-27 22:17:00,2.0,待机,IsolationForest; Mahalanobis; 单变量IQR+3σ; 残差,4817.096,76,Mahalanobis 距离=4817.1（阈值=18.5）。主要贡献特征：PC1 (88.7%); PC4 (11.0%)。
3045,2024-04-27 22:19:00,2024-04-27 22:19:00,1.0,待机,IsolationForest; Mahalanobis; 单变量IQR+3σ; 残差,3858.605,38,Mahalanobis 距离=3858.6（阈值=18.5）。主要贡献特征：PC1 (85.0%); PC4 (12.7%); PC3 (2.3%)。
3046,2024-04-27 22:31:00,2024-04-27 22:31:00,1.0,待机,IsolationForest; Mahalanobis; 单变量IQR+3σ; 残差,6065.055,38,Mahalanobis 距离=6065.1（阈值=18.5）。主要贡献特征：PC1 (86.5%); PC4 (7.3%); PC3 (6.2%)。
3047,2024-04-27 22:36:00,2024-04-27 22:36:00,1.0,停机,IsolationForest; Mahalanobis; 单变量IQR+3σ; 残差,1267.152,38,Mahalanobis 距离=1267.2（阈值=18.5）。主要贡献特征：PC1 (87.6%); PC3 (11.8%)。
3048,2024-04-27 22:40:00,2024-04-27 22:40:00,1.0,重载牵引,IsolationForest; Mahalanobis; 单变量IQR+3σ; 残差,4.994,38,正常
3049,2024-04-27 22:50:00,2024-04-27 22:50:00,1.0,待机,IsolationForest; Mahalanobis; 单变量IQR+3σ; 残差,4463.693,38,Mahalanobis 距离=4463.7（阈值=18.5）。主要贡献特征：PC1 (90.5%); PC3 (9.2%)。
3050,2024-04-27 22:52:00,2024-04-27 22:59:00,8.0,停机,IsolationForest; Mahalanobis; 单变量IQR+3σ; 残差,1467.484,304,Mahalanobis 距离=1467.5（阈值=18.5）。主要贡献特征：PC1 (83.1%); PC3 (16.5%)。
3051,2024-04-27 23:01:00,2024-04-27 23:01:00,1.0,停机,IsolationForest; Mahalanobis; 单变量IQR+3σ; 残差,1048.576,38,Mahalanobis 距离=1048.6（阈值=18.5）。主要贡献特征：PC1 (70.8%); PC3 (28.5%)。
3052,2024-04-27 23:06:00,2024-04-27 23:11:00,6.0,停机,IsolationForest; Mahalanobis; 单变量IQR+3σ; 残差,2056.594,228,Mahalanobis 距离=2056.6（阈值=18.5）。主要贡献特征：PC1 (92.4%); PC3 (6.0%); PC4 (1.7%)。
3053,2024-04-27 23:26:00,2024-04-27 23:29:00,4.0,停机,IsolationForest; Mahalanobis; 单变量IQR+3σ; 残差,1221.276,152,Mahalanobis 距离=1221.3（阈值=18.5）。主要贡献特征：PC1 (64.0%); PC3 (33.2%); PC4 (2.8%)。
3054,2024-04-27 23:32:00,2024-04-27 23:32:00,1.0,待机,IsolationForest; Mahalanobis; 单变量IQR+3σ; 残差,3864.966,38,Mahalanobis 距离=3865.0（阈值=18.5）。主要贡献特征：PC1 (72.6%); PC3 (25.5%); PC4 (1.9%)。
3055,2024-04-27 23:39:00,2024-04-27 23:41:00,3.0,停机,IsolationForest; Mahalanobis; 单变量IQR+3σ; 残差,1235.652,114,Mahalanobis 距离=1235.7（阈值=18.5）。主要贡献特征：PC1 (63.2%); PC3 (33.9%); PC4 (2.9%)。
3056,2024-04-27 23:43:00,2024-04-27 23:43:00,1.0,重载牵引,IsolationForest; Mahalanobis; 单变量IQR+3σ; 残差,13.321,38,正常
3057,2024-04-27 23:54:00,2024-04-27 23:54:00,1.0,停机,IsolationForest; Mahalanobis; 单变量IQR+3σ; 残差,1376.037,38,Mahalanobis 距离=1376.0（阈值=18.5）。主要贡献特征：PC1 (78.8%); PC3 (20.1%); PC4 (1.1%)。
3058,2024-04-27 23:58:00,2024-04-28 00:05:00,8.0,待机,IsolationForest; Mahalanobis; 单变量IQR+3σ; 残差,3278.873,304,Mahalanobis 距离=3278.9（阈值=18.5）。主要贡献特征：PC1 (83.5%); PC3 (16.4%)。
3059,2024-04-28 00:09:00,2024-04-28 00:09:00,1.0,重载牵引,IsolationForest; Mahalanobis; 单变量IQR+3σ; 残差,6.358,38,残差异常：采煤机_油泵_右电机_电流 偏高（残差 Z-score=6.4，实际=59.0 vs 预测=16.8）
3060,2024-04-28 00:16:00,2024-04-28 00:17:00,2.0,待机,IsolationForest; Mahalanobis; 单变量IQR+3σ; 残差,3585.067,76,Mahalanobis 距离=3585.1（阈值=18.5）。主要贡献特征：PC1 (77.5%); PC3 (20.9%); PC4 (1.7%)。
3061,2024-04-28 00:20:00,2024-04-28 00:20:00,1.0,重载牵引,IsolationForest; Mahalanobis; 单变量IQR+3σ; 残差,3.843,38,正常
3062,2024-04-28 00:33:00,2024-04-28 00:33:00,1.0,重载牵引,IsolationForest; Mahalanobis; 单变量IQR+3σ; 残差,4.932,38,正常
3063,2024-04-28 00:43:00,2024-04-28 00:44:00,2.0,待机,IsolationForest; Mahalanobis; 单变量IQR+3σ; 残差,3701.678,76,Mahalanobis 距离=3701.7（阈值=18.5）。主要贡献特征：PC1 (83.8%); PC4 (13.1%); PC3 (3.1%)。
3064,2024-04-28 00:48:00,2024-04-28 00:49:00,2.0,重载牵引,IsolationForest; Mahalanobis; 单变量IQR+3σ; 残差,6.027,76,残差异常：采煤机_油泵_右电机_电流 偏高（残差 Z-score=6.0，实际=57.0 vs 预测=17.0）
3065,2024-04-28 00:57:00,2024-04-28 00:57:00,1.0,待机,IsolationForest; Mahalanobis; 单变量IQR+3σ; 残差,3662.431,38,Mahalanobis 距离=3662.4（阈值=18.5）。主要贡献特征：PC1 (83.0%); PC4 (13.7%); PC3 (3.3%)。
3066,2024-04-28 01:06:00,2024-04-28 01:09:00,4.0,待机,IsolationForest; Mahalanobis; 单变量IQR+3σ; 残差,4645.028,152,Mahalanobis 距离=4645.0（阈值=18.5）。主要贡献特征：PC1 (90.7%); PC4 (9.3%)。
3067,2024-04-28 01:30:00,2024-04-28 01:32:00,3.0,待机,IsolationForest; Mahalanobis; 单变量IQR+3σ; 残差,5707.569,114,Mahalanobis 距离=5707.6（阈值=18.5）。主要贡献特征：PC1 (99.2%)。
3068,2024-04-28 01:39:00,2024-04-28 01:39:00,1.0,重载牵引,IsolationForest; Mahalanobis; 单变量IQR+3σ; 残差,3.236,38,残差异常：采煤机_截割部位_左滚筒_电机_电流 偏高（残差 Z-score=3.2，实际=217.0 vs 预测=86.6）
3069,2024-04-28 01:42:00,2024-04-28 01:42:00,1.0,重载牵引,IsolationForest; Mahalanobis; 单变量IQR+3σ; 残差,3.461,38,残差异常：采煤机_油泵_左电机_电流 偏高（残差 Z-score=3.5，实际=41.0 vs 预测=15.8）
3070,2024-04-28 01:44:00,2024-04-28 01:47:00,4.0,停机,IsolationForest; Mahalanobis; 单变量IQR+3σ; 残差,1652.583,152,Mahalanobis 距离=1652.6（阈值=18.5）。主要贡献特征：PC1 (83.3%); PC3 (14.8%); PC4 (1.9%)。
3071,2024-04-28 01:54:00,2024-04-28 01:54:00,1.0,重载牵引,IsolationForest; Mahalanobis; 单变量IQR+3σ; 残差,3.659,38,正常
3072,2024-04-28 01:56:00,2024-04-28 01:57:00,2.0,待机,IsolationForest; Mahalanobis; 单变量IQR+3σ; 残差,4122.339,76,Mahalanobis 距离=4122.3（阈值=18.5）。主要贡献特征：PC1 (70.3%); PC3 (27.8%); PC4 (1.9%)。
3073,2024-04-28 02:00:00,2024-04-28 02:00:00,1.0,待机,IsolationForest; Mahalanobis; 单变量IQR+3σ; 残差,3667.99,38,Mahalanobis 距离=3668.0（阈值=18.5）。主要贡献特征：PC1 (59.0%); PC3 (38.8%); PC4 (2.2%)。
3074,2024-04-28 02:03:00,2024-04-28 02:03:00,1.0,重载牵引,IsolationForest; Mahalanobis; 单变量IQR+3σ; 残差,5.303,38,残差异常：采煤机_油泵_右电机_电流 偏高（残差 Z-score=5.3，实际=52.0 vs 预测=16.8）
3075,2024-04-28 02:08:00,2024-04-28 02:08:00,1.0,重载牵引,IsolationForest; Mahalanobis; 单变量IQR+3σ; 残差,4.994,38,正常
3076,2024-04-28 02:13:00,2024-04-28 02:13:00,1.0,停机,IsolationForest; Mahalanobis; 单变量IQR+3σ; 残差,1274.003,38,Mahalanobis 距离=1274.0（阈值=18.5）。主要贡献特征：PC1 (73.4%); PC3 (25.8%)。
3077,2024-04-28 02:16:00,2024-04-28 02:17:00,2.0,待机,IsolationForest; Mahalanobis; 单变量IQR+3σ; 残差,3881.784,76,Mahalanobis 距离=3881.8（阈值=18.5）。主要贡献特征：PC1 (77.2%); PC3 (22.8%)。
3078,2024-04-28 02:21:00,2024-04-28 02:22:00,2.0,待机,IsolationForest; Mahalanobis; 单变量IQR+3σ; 残差,4751.7,76,Mahalanobis 距离=4751.7（阈值=18.5）。主要贡献特征：PC1 (94.3%); PC3 (5.1%)。
3079,2024-04-28 02:24:00,2024-04-28 02:24:00,1.0,待机,IsolationForest; Mahalanobis; 单变量IQR+3σ; 残差,5290.264,38,Mahalanobis 距离=5290.3（阈值=18.5）。主要贡献特征：PC1 (98.1%); PC4 (1.1%)。
3080,2024-04-28 02:26:00,2024-04-28 02:28:00,3.0,待机,IsolationForest; Mahalanobis; 单变量IQR+3σ; 残差,4445.624,114,Mahalanobis 距离=4445.6（阈值=18.5）。主要贡献特征：PC1 (92.6%); PC3 (5.7%); PC4 (1.8%)。
3081,2024-04-28 02:32:00,2024-04-28 02:34:00,3.0,停机,IsolationForest; Mahalanobis; 单变量IQR+3σ; 残差,2140.188,114,Mahalanobis 距离=2140.2（阈值=18.5）。主要贡献特征：PC1 (99.8%)。
3082,2024-04-28 02:42:00,2024-04-28 02:42:00,1.0,重载牵引,IsolationForest; Mahalanobis; 单变量IQR+3σ; 残差,4.061,38,残差异常：采煤机_截割部位_左滚筒_电机_电流 偏高（残差 Z-score=4.1，实际=238.0 vs 预测=74.4）
3083,2024-04-28 02:45:00,2024-04-28 02:45:00,1.0,重载牵引,IsolationForest; Mahalanobis; 单变量IQR+3σ; 残差,5.183,38,残差异常：采煤机_油泵_右电机_电流 偏高（残差 Z-score=5.2，实际=52.0 vs 预测=17.6）
3084,2024-04-28 02:48:00,2024-04-28 02:48:00,1.0,重载牵引,IsolationForest; Mahalanobis; 单变量IQR+3σ; 残差,4.104,38,正常
3085,2024-04-28 02:50:00,2024-04-28 02:51:00,2.0,待机,IsolationForest; Mahalanobis; 单变量IQR+3σ; 残差,3773.696,76,Mahalanobis 距离=3773.7（阈值=18.5）。主要贡献特征：PC1 (84.4%); PC4 (13.3%); PC3 (2.2%)。
3086,2024-04-28 02:57:00,2024-04-28 02:58:00,2.0,停机,IsolationForest; Mahalanobis; 单变量IQR+3σ; 残差,1036.491,76,Mahalanobis 距离=1036.5（阈值=18.5）。主要贡献特征：PC1 (87.0%); PC3 (10.1%); PC4 (2.8%)。
3087,2024-04-28 03:04:00,2024-04-28 03:04:00,1.0,重载牵引,IsolationForest; Mahalanobis; 单变量IQR+3σ; 残差,4.172,38,正常
3088,2024-04-28 03:09:00,2024-04-28 03:09:00,1.0,重载牵引,IsolationForest; Mahalanobis; 单变量IQR+3σ; 残差,3.333,38,残差异常：采煤机_牵引部位_左电机_电流 偏高（残差 Z-score=3.3，实际=199.0 vs 预测=98.2）
3089,2024-04-28 03:13:00,2024-04-28 03:16:00,4.0,待机,IsolationForest; Mahalanobis; 单变量IQR+3σ; 残差,6052.505,152,Mahalanobis 距离=6052.5（阈值=18.5）。主要贡献特征：PC1 (86.1%); PC4 (7.1%); PC3 (6.8%)。
3090,2024-04-28 03:26:00,2024-04-28 03:26:00,1.0,停机,IsolationForest; Mahalanobis; 单变量IQR+3σ; 残差,1889.112,38,Mahalanobis 距离=1889.1（阈值=18.5）。主要贡献特征：PC1 (96.6%); PC3 (3.3%)。
3091,2024-04-28 03:29:00,2024-04-28 03:32:00,4.0,待机,IsolationForest; Mahalanobis; 单变量IQR+3σ; 残差,4043.843,152,Mahalanobis 距离=4043.8（阈值=18.5）。主要贡献特征：PC1 (89.1%); PC3 (8.5%); PC4 (2.4%)。
3092,2024-04-28 03:37:00,2024-04-28 03:37:00,1.0,待机,IsolationForest; Mahalanobis; 单变量IQR+3σ; 残差,4244.572,38,Mahalanobis 距离=4244.6（阈值=18.5）。主要贡献特征：PC1 (91.0%); PC3 (7.9%); PC4 (1.1%)。
3093,2024-04-28 03:45:00,2024-04-28 03:50:00,6.0,停机,IsolationForest; Mahalanobis; 单变量IQR+3σ; 残差,1191.959,228,Mahalanobis 距离=1192.0（阈值=18.5）。主要贡献特征：PC1 (75.7%); PC3 (23.6%)。
3094,2024-04-28 03:54:00,2024-04-28 03:54:00,1.0,重载牵引,IsolationForest; Mahalanobis; 单变量IQR+3σ; 残差,4.994,38,正常
3095,2024-04-28 04:00:00,2024-04-28 04:00:00,1.0,重载牵引,IsolationForest; Mahalanobis; 单变量IQR+3σ; 残差,4.369,38,残差异常：采煤机_油泵_右电机_电流 偏高（残差 Z-score=4.4，实际=46.0 vs 预测=17.0）
3096,2024-04-28 04:04:00,2024-04-28 04:04:00,1.0,停机,IsolationForest; Mahalanobis; 单变量IQR+3σ; 残差,1584.613,38,Mahalanobis 距离=1584.6（阈值=18.5）。主要贡献特征：PC1 (72.2%); PC3 (24.2%); PC4 (3.7%)。
3097,2024-04-28 04:09:00,2024-04-28 04:10:00,2.0,待机,IsolationForest; Mahalanobis; 单变量IQR+3σ; 残差,4042.582,76,Mahalanobis 距离=4042.6（阈值=18.5）。主要贡献特征：PC1 (68.4%); PC3 (29.8%); PC4 (1.8%)。
3098,2024-04-28 04:15:00,2024-04-28 04:15:00,1.0,停机,IsolationForest; Mahalanobis; 单变量IQR+3σ; 残差,1275.648,38,Mahalanobis 距离=1275.6（阈值=18.5）。主要贡献特征：PC1 (65.2%); PC3 (31.7%); PC4 (3.0%)。
3099,2024-04-28 04:20:00,2024-04-28 04:20:00,1.0,重载牵引,IsolationForest; Mahalanobis; 单变量IQR+3σ; 残差,3.708,38,残差异常：采煤机_油泵_左电机_电流 偏高（残差 Z-score=3.7，实际=43.0 vs 预测=16.0）
3100,2024-04-28 04:22:00,2024-04-28 04:22:00,1.0,重载牵引,IsolationForest; Mahalanobis; 单变量IQR+3σ; 残差,4.252,38,正常
3101,2024-04-28 04:24:00,2024-04-28 04:24:00,1.0,停机,IsolationForest; Mahalanobis; 单变量IQR+3σ; 残差,1425.178,38,Mahalanobis 距离=1425.2（阈值=18.5）。主要贡献特征：PC1 (71.7%); PC3 (25.7%); PC4 (2.6%)。
3102,2024-04-28 04:26:00,2024-04-28 04:26:00,1.0,停机,IsolationForest; Mahalanobis; 单变量IQR+3σ; 残差,1464.199,38,Mahalanobis 距离=1464.2（阈值=18.5）。主要贡献特征：PC1 (75.1%); PC3 (22.4%); PC4 (2.5%)。
3103,2024-04-28 04:28:00,2024-04-28 04:28:00,1.0,重载牵引,IsolationForest; Mahalanobis; 单变量IQR+3σ; 残差,4.373,38,正常
3104,2024-04-28 04:31:00,2024-04-28 04:31:00,1.0,重载牵引,IsolationForest; Mahalanobis; 单变量IQR+3σ; 残差,3.983,38,残差异常：采煤机_油泵_左电机_电流 偏高（残差 Z-score=4.0，实际=45.0 vs 预测=16.0）
3105,2024-04-28 04:33:00,2024-04-28 04:33:00,1.0,待机,IsolationForest; Mahalanobis; 单变量IQR+3σ; 残差,5537.911,38,Mahalanobis 距离=5537.9（阈值=18.5）。主要贡献特征：PC1 (96.8%); PC3 (3.1%)。
3106,2024-04-28 04:42:00,2024-04-28 04:42:00,1.0,待机,IsolationForest; Mahalanobis; 单变量IQR+3σ; 残差,5569.344,38,Mahalanobis 距离=5569.3（阈值=18.5）。主要贡献特征：PC1 (99.0%)。
3107,2024-04-28 04:46:00,2024-04-28 04:46:00,1.0,待机,IsolationForest; Mahalanobis; 单变量IQR+3σ; 残差,4739.515,38,Mahalanobis 距离=4739.5（阈值=18.5）。主要贡献特征：PC1 (94.6%); PC3 (4.4%); PC4 (1.0%)。
3108,2024-04-28 04:50:00,2024-04-28 04:50:00,1.0,停机,IsolationForest; Mahalanobis; 单变量IQR+3σ; 残差,1788.031,38,Mahalanobis 距离=1788.0（阈值=18.5）。主要贡献特征：PC1 (93.1%); PC3 (6.9%)。
3109,2024-04-28 04:54:00,2024-04-28 04:54:00,1.0,待机,IsolationForest; Mahalanobis; 单变量IQR+3σ; 残差,4211.588,38,Mahalanobis 距离=4211.6（阈值=18.5）。主要贡献特征：PC1 (89.9%); PC3 (7.2%); PC4 (2.9%)。
3110,2024-04-28 04:56:00,2024-04-28 04:56:00,1.0,重载牵引,IsolationForest; Mahalanobis; 单变量IQR+3σ; 残差,4.846,38,正常
3111,2024-04-28 05:02:00,2024-04-28 05:02:00,1.0,重载牵引,IsolationForest; Mahalanobis; 单变量IQR+3σ; 残差,4.401,38,正常
