事件ID,开始时间,结束时间,时长_分钟,工况,方法集,严重度,触发行数,归因摘要
0,2024-04-01 01:38:00,2024-04-01 01:38:00,1.0,停机,IsolationForest; Mahalanobis; 单变量IQR+3σ; 残差,3.782,30,残差异常：采煤机_油泵_右电机_电流 偏高（残差 Z-score=3.8，实际=30.0 vs 预测=0.0）
1,2024-04-01 04:43:00,2024-04-01 04:43:00,1.0,停机,IsolationForest; Mahalanobis; 单变量IQR+3σ; 残差,8.343,30,正常
2,2024-04-01 04:51:00,2024-04-01 04:51:00,1.0,停机,IsolationForest; Mahalanobis; 单变量IQR+3σ; 残差,3.878,30,正常
3,2024-04-01 05:09:00,2024-04-01 05:09:00,1.0,停机,IsolationForest; Mahalanobis; 单变量IQR+3σ; 残差,3.895,30,残差异常：采煤机_牵引部位_左电机_电流 偏高（残差 Z-score=3.9，实际=208.0 vs 预测=40.6）
4,2024-04-01 05:19:00,2024-04-01 05:19:00,1.0,停机,IsolationForest; Mahalanobis; 单变量IQR+3σ; 残差,5.284,30,残差异常：采煤机_油泵_左电机_电流 偏高（残差 Z-score=5.3，实际=61.0 vs 预测=17.0）
5,2024-04-01 05:21:00,2024-04-01 05:21:00,1.0,停机,IsolationForest; Mahalanobis; 单变量IQR+3σ; 残差,3.303,30,残差异常：采煤机_油泵_右电机_电流 偏高（残差 Z-score=3.3，实际=44.0 vs 预测=17.8）
6,2024-04-01 05:24:00,2024-04-01 05:24:00,1.0,停机,IsolationForest; Mahalanobis; 单变量IQR+3σ; 残差,4.689,30,残差异常：采煤机_油泵_右电机_电流 偏高（残差 Z-score=4.7，实际=60.0 vs 预测=22.8）
7,2024-04-01 05:29:00,2024-04-01 05:29:00,1.0,停机,IsolationForest; Mahalanobis; 单变量IQR+3σ; 残差,4.622,30,正常
8,2024-04-01 05:37:00,2024-04-01 05:40:00,4.0,停机,IsolationForest; Mahalanobis; 单变量IQR+3σ; 残差,14.556,120,正常
9,2024-04-01 05:44:00,2024-04-01 05:44:00,1.0,停机,IsolationForest; Mahalanobis; 单变量IQR+3σ; 残差,6.647,30,正常
10,2024-04-01 05:51:00,2024-04-01 05:51:00,1.0,空载运行,IsolationForest; Mahalanobis; 单变量IQR+3σ; 残差,10.694,22,残差异常：采煤机_油泵_左电机_温度 偏高（残差 Z-score=10.7，实际=54.0 vs 预测=42.0）
11,2024-04-01 06:07:00,2024-04-01 06:09:00,3.0,空载运行,IsolationForest; Mahalanobis; 单变量IQR+3σ; 残差,9.624,74,残差异常：采煤机_油泵_左电机_温度 偏高（残差 Z-score=9.6，实际=55.0 vs 预测=44.2）
12,2024-04-01 06:15:00,2024-04-01 06:15:00,1.0,停机,IsolationForest; Mahalanobis; 单变量IQR+3σ; 残差,4.207,30,正常
13,2024-04-01 06:21:00,2024-04-01 06:21:00,1.0,停机,IsolationForest; Mahalanobis; 单变量IQR+3σ; 残差,2.683,30,正常
14,2024-04-01 06:25:00,2024-04-01 06:25:00,1.0,空载运行,IsolationForest; Mahalanobis; 单变量IQR+3σ; 残差,4.018,30,残差异常：采煤机_油泵_左电机_电流 偏高（残差 Z-score=4.0，实际=45.0 vs 预测=16.8）
15,2024-04-01 06:27:00,2024-04-01 06:29:00,3.0,空载运行,IsolationForest; Mahalanobis; 单变量IQR+3σ; 残差,5.785,90,残差异常：采煤机_油泵_左电机_电流 偏高（残差 Z-score=5.8，实际=63.0 vs 预测=22.4）
16,2024-04-01 06:31:00,2024-04-01 06:33:00,3.0,空载运行,IsolationForest; Mahalanobis; 单变量IQR+3σ; 残差,7.452,90,正常
17,2024-04-01 06:40:00,2024-04-01 06:43:00,4.0,空载运行,IsolationForest; Mahalanobis; 单变量IQR+3σ; 残差,6.427,120,残差异常：采煤机_油泵_右电机_电流 偏高（残差 Z-score=6.4，实际=58.0 vs 预测=17.0）
18,2024-04-01 06:53:00,2024-04-01 06:53:00,1.0,空载运行,IsolationForest; Mahalanobis; 单变量IQR+3σ; 残差,2.978,30,正常
19,2024-04-01 06:55:00,2024-04-01 06:56:00,2.0,空载运行,IsolationForest; Mahalanobis; 单变量IQR+3σ; 残差,6.127,60,残差异常：采煤机_油泵_左电机_电流 偏高（残差 Z-score=6.1，实际=50.0 vs 预测=7.0）
20,2024-04-01 07:06:00,2024-04-01 07:06:00,1.0,空载运行,IsolationForest; Mahalanobis; 单变量IQR+3σ; 残差,6.427,30,残差异常：采煤机_油泵_右电机_电流 偏高（残差 Z-score=6.4，实际=58.0 vs 预测=17.0）
21,2024-04-01 07:09:00,2024-04-01 07:10:00,2.0,空载运行,IsolationForest; Mahalanobis; 单变量IQR+3σ; 残差,1.554,60,正常
22,2024-04-01 07:25:00,2024-04-01 07:25:00,1.0,空载运行,IsolationForest; Mahalanobis; 单变量IQR+3σ; 残差,7.751,30,残差异常：采煤机_油泵_左电机_电流 偏高（残差 Z-score=7.8，实际=58.0 vs 预测=3.6）
23,2024-04-01 07:34:00,2024-04-01 07:34:00,1.0,空载运行,IsolationForest; Mahalanobis; 单变量IQR+3σ; 残差,3.135,30,残差异常：采煤机_油泵_右电机_电流 偏高（残差 Z-score=3.1，实际=20.0 vs 预测=0.0）
24,2024-04-01 07:49:00,2024-04-01 07:49:00,1.0,停机,IsolationForest; Mahalanobis; 单变量IQR+3σ; 残差,7.698,30,正常
25,2024-04-01 07:59:00,2024-04-01 08:00:00,2.0,停机,IsolationForest; Mahalanobis; 单变量IQR+3σ; 残差,7.716,60,正常
26,2024-04-01 08:05:00,2024-04-01 08:05:00,1.0,停机,IsolationForest; Mahalanobis; 单变量IQR+3σ; 残差,7.061,30,残差异常：采煤机_油泵_左电机_电流 偏高（残差 Z-score=7.1，实际=66.0 vs 预测=7.2）
27,2024-04-01 08:08:00,2024-04-01 08:08:00,1.0,停机,IsolationForest; Mahalanobis; 单变量IQR+3σ; 残差,4.972,30,正常
28,2024-04-01 08:20:00,2024-04-01 08:21:00,2.0,停机,IsolationForest; Mahalanobis; 单变量IQR+3σ; 残差,13.065,60,正常
29,2024-04-01 08:30:00,2024-04-01 08:30:00,1.0,停机,IsolationForest; Mahalanobis; 单变量IQR+3σ; 残差,11.024,30,正常
30,2024-04-01 08:35:00,2024-04-01 08:52:00,18.0,停机,IsolationForest; Mahalanobis; 单变量IQR+3σ; 残差,137.862,540,Mahalanobis 距离=137.9（阈值=18.5）。主要贡献特征：PC4 (84.8%); PC3 (13.7%); PC2 (1.5%)。
31,2024-04-01 08:54:00,2024-04-01 08:54:00,1.0,停机,IsolationForest; Mahalanobis; 单变量IQR+3σ; 残差,5.519,30,正常
32,2024-04-01 09:04:00,2024-04-01 09:04:00,1.0,停机,IsolationForest; Mahalanobis; 单变量IQR+3σ; 残差,4.26,30,正常
33,2024-04-01 09:08:00,2024-04-01 09:08:00,1.0,空载运行,IsolationForest; Mahalanobis; 单变量IQR+3σ; 残差,7.356,30,残差异常：采煤机_牵引部位_右电机_温度 偏高（残差 Z-score=7.4，实际=64.0 vs 预测=45.8）
34,2024-04-01 09:14:00,2024-04-01 09:14:00,1.0,停机,IsolationForest; Mahalanobis; 单变量IQR+3σ; 残差,5.036,30,正常
35,2024-04-01 09:21:00,2024-04-01 09:25:00,5.0,停机,IsolationForest; Mahalanobis; 单变量IQR+3σ; 残差,34.355,150,Mahalanobis 距离=34.4（阈值=18.5）。主要贡献特征：PC2 (66.1%); PC3 (32.1%); PC1 (1.2%)。
36,2024-04-01 09:41:00,2024-04-01 09:41:00,1.0,空载运行,IsolationForest; Mahalanobis; 单变量IQR+3σ; 残差,1.254,30,正常
37,2024-04-01 09:43:00,2024-04-01 11:23:00,101.0,空载运行,IsolationForest; Mahalanobis; 单变量IQR+3σ; 残差,1.78,3030,正常
38,2024-04-01 11:45:00,2024-04-01 11:45:00,1.0,空载运行,IsolationForest; Mahalanobis; 单变量IQR+3σ; 残差,3.429,30,残差异常：采煤机_油泵_右电机_温度 偏高（残差 Z-score=3.4，实际=44.0 vs 预测=40.0）
39,2024-04-01 12:00:00,2024-04-01 13:42:00,103.0,停机,IsolationForest; Mahalanobis; 单变量IQR+3σ; 残差,59.242,3090,Mahalanobis 距离=59.2（阈值=18.5）。主要贡献特征：PC4 (90.7%); PC3 (8.8%)。
40,2024-04-01 14:08:00,2024-04-01 14:08:00,1.0,空载运行,IsolationForest; Mahalanobis; 单变量IQR+3σ; 残差,1.355,30,正常
41,2024-04-01 15:07:00,2024-04-01 15:07:00,1.0,空载运行,IsolationForest; Mahalanobis; 单变量IQR+3σ; 残差,1.354,30,正常
42,2024-04-01 15:10:00,2024-04-01 15:11:00,2.0,空载运行,IsolationForest; Mahalanobis; 单变量IQR+3σ; 残差,4.606,60,残差异常：采煤机_破碎机_电机_电流 偏高（残差 Z-score=4.6，实际=28.0 vs 预测=0.0）
43,2024-04-01 15:40:00,2024-04-01 15:41:00,2.0,停机,IsolationForest; Mahalanobis; 单变量IQR+3σ; 残差,6.076,60,残差异常：采煤机_油泵_左电机_电流 偏高（残差 Z-score=6.1，实际=54.0 vs 预测=3.4）
44,2024-04-01 15:44:00,2024-04-01 15:44:00,1.0,空载运行,IsolationForest; Mahalanobis; 单变量IQR+3σ; 残差,3.232,30,残差异常：采煤机_牵引部位_右电机_温度 偏高（残差 Z-score=3.2，实际=49.0 vs 预测=41.0）
45,2024-04-01 15:47:00,2024-04-01 15:47:00,1.0,停机,IsolationForest; Mahalanobis; 单变量IQR+3σ; 残差,3.781,30,正常
46,2024-04-01 15:51:00,2024-04-01 15:51:00,1.0,空载运行,IsolationForest; Mahalanobis; 单变量IQR+3σ; 残差,3.534,30,残差异常：采煤机_油泵_左电机_电流 偏高（残差 Z-score=3.5，实际=42.0 vs 预测=17.2）
47,2024-04-01 16:05:00,2024-04-01 16:05:00,1.0,停机,IsolationForest; Mahalanobis; 单变量IQR+3σ; 残差,3.105,30,残差异常：采煤机_牵引部位_右电机_电流 偏高（残差 Z-score=3.1，实际=155.0 vs 预测=21.2）
48,2024-04-01 16:17:00,2024-04-01 16:17:00,1.0,空载运行,IsolationForest; Mahalanobis; 单变量IQR+3σ; 残差,3.546,30,正常
49,2024-04-01 16:20:00,2024-04-01 16:21:00,2.0,空载运行,IsolationForest; Mahalanobis; 单变量IQR+3σ; 残差,3.966,60,正常
50,2024-04-01 16:30:00,2024-04-01 16:30:00,1.0,停机,IsolationForest; Mahalanobis; 单变量IQR+3σ; 残差,3.842,30,残差异常：采煤机_油泵_左电机_电流 偏高（残差 Z-score=3.8，实际=49.0 vs 预测=17.0）
51,2024-04-01 16:32:00,2024-04-01 16:32:00,1.0,停机,IsolationForest; Mahalanobis; 单变量IQR+3σ; 残差,2.627,30,正常
52,2024-04-01 16:40:00,2024-04-01 16:40:00,1.0,停机,IsolationForest; Mahalanobis; 单变量IQR+3σ; 残差,3.602,30,残差异常：采煤机_油泵_左电机_电流 偏高（残差 Z-score=3.6，实际=47.0 vs 预测=17.0）
53,2024-04-01 16:44:00,2024-04-01 16:44:00,1.0,停机,IsolationForest; Mahalanobis; 单变量IQR+3σ; 残差,7.404,30,正常
54,2024-04-01 16:58:00,2024-04-01 16:58:00,1.0,停机,IsolationForest; Mahalanobis; 单变量IQR+3σ; 残差,5.476,30,残差异常：采煤机_油泵_左电机_电流 偏高（残差 Z-score=5.5，实际=56.0 vs 预测=10.4）
55,2024-04-01 17:10:00,2024-04-01 17:12:00,3.0,空载运行,IsolationForest; Mahalanobis; 单变量IQR+3σ; 残差,5.204,90,正常
56,2024-04-01 17:14:00,2024-04-01 17:14:00,1.0,空载运行,IsolationForest; Mahalanobis; 单变量IQR+3σ; 残差,8.05,30,正常
57,2024-04-01 17:30:00,2024-04-01 17:30:00,1.0,空载运行,IsolationForest; Mahalanobis; 单变量IQR+3σ; 残差,3.734,30,正常
58,2024-04-01 17:34:00,2024-04-01 17:34:00,1.0,停机,IsolationForest; Mahalanobis; 单变量IQR+3σ; 残差,5.794,30,正常
59,2024-04-01 17:52:00,2024-04-01 17:53:00,2.0,停机,IsolationForest; Mahalanobis; 单变量IQR+3σ; 残差,3.606,60,残差异常：采煤机_牵引部位_右电机_电流 偏高（残差 Z-score=3.6，实际=182.0 vs 预测=26.6）
60,2024-04-01 18:00:00,2024-04-01 18:00:00,1.0,空载运行,IsolationForest; Mahalanobis; 单变量IQR+3σ; 残差,5.005,30,正常
61,2024-04-01 18:02:00,2024-04-01 18:02:00,1.0,停机,IsolationForest; Mahalanobis; 单变量IQR+3σ; 残差,4.587,30,残差异常：采煤机_油泵_左电机_电流 偏高（残差 Z-score=4.6，实际=55.0 vs 预测=16.8）
62,2024-04-01 18:21:00,2024-04-01 18:21:00,1.0,停机,IsolationForest; Mahalanobis; 单变量IQR+3σ; 残差,4.251,30,残差异常：采煤机_油泵_左电机_电流 偏高（残差 Z-score=4.3，实际=53.0 vs 预测=17.6）
63,2024-04-01 18:47:00,2024-04-01 18:49:00,3.0,带载运行,IsolationForest; Mahalanobis; 单变量IQR+3σ; 残差,6.482,76,正常
64,2024-04-01 18:58:00,2024-04-01 18:59:00,2.0,带载运行,IsolationForest; Mahalanobis; 单变量IQR+3σ; 残差,4.001,46,正常
65,2024-04-01 19:09:00,2024-04-01 19:09:00,1.0,空载运行,IsolationForest; Mahalanobis; 单变量IQR+3σ; 残差,1.933,30,正常
66,2024-04-01 19:21:00,2024-04-01 19:21:00,1.0,停机,IsolationForest; Mahalanobis; 单变量IQR+3σ; 残差,4.707,30,残差异常：采煤机_油泵_左电机_电流 偏高（残差 Z-score=4.7，实际=49.0 vs 预测=9.8）
67,2024-04-01 19:30:00,2024-04-01 19:30:00,1.0,停机,IsolationForest; Mahalanobis; 单变量IQR+3σ; 残差,3.978,30,正常
68,2024-04-01 19:57:00,2024-04-01 19:59:00,3.0,空载运行,IsolationForest; Mahalanobis; 单变量IQR+3σ; 残差,8.511,90,正常
69,2024-04-01 20:03:00,2024-04-01 20:05:00,3.0,停机,IsolationForest; Mahalanobis; 单变量IQR+3σ; 残差,6.067,90,正常
70,2024-04-01 20:08:00,2024-04-01 20:08:00,1.0,空载运行,IsolationForest; Mahalanobis; 单变量IQR+3σ; 残差,3.562,30,残差异常：采煤机_油泵_左电机_电流 偏高（残差 Z-score=3.6，实际=38.0 vs 预测=13.0）
71,2024-04-01 20:10:00,2024-04-01 20:10:00,1.0,空载运行,IsolationForest; Mahalanobis; 单变量IQR+3σ; 残差,1.542,30,正常
72,2024-04-01 20:22:00,2024-04-01 20:26:00,5.0,空载运行,IsolationForest; Mahalanobis; 单变量IQR+3σ; 残差,6.788,150,残差异常：采煤机_截割部位_左滚筒_电机_电流 偏高（残差 Z-score=6.8，实际=254.0 vs 预测=0.0）
73,2024-04-01 20:39:00,2024-04-01 20:40:00,2.0,停机,IsolationForest; Mahalanobis; 单变量IQR+3σ; 残差,8.031,60,正常
74,2024-04-01 20:44:00,2024-04-01 20:44:00,1.0,停机,IsolationForest; Mahalanobis; 单变量IQR+3σ; 残差,4.771,30,正常
75,2024-04-01 20:46:00,2024-04-01 20:46:00,1.0,停机,IsolationForest; Mahalanobis; 单变量IQR+3σ; 残差,5.761,30,正常
76,2024-04-01 20:48:00,2024-04-01 20:48:00,1.0,停机,IsolationForest; Mahalanobis; 单变量IQR+3σ; 残差,5.622,30,正常
77,2024-04-01 20:59:00,2024-04-01 20:59:00,1.0,空载运行,IsolationForest; Mahalanobis; 单变量IQR+3σ; 残差,6.212,30,正常
78,2024-04-01 21:11:00,2024-04-01 21:11:00,1.0,停机,IsolationForest; Mahalanobis; 单变量IQR+3σ; 残差,5.295,30,残差异常：采煤机_油泵_右电机_电流 偏高（残差 Z-score=5.3，实际=59.0 vs 预测=17.0）
79,2024-04-01 21:27:00,2024-04-01 21:27:00,1.0,停机,IsolationForest; Mahalanobis; 单变量IQR+3σ; 残差,4.263,30,残差异常：采煤机_牵引部位_左电机_电流 偏高（残差 Z-score=4.3，实际=208.0 vs 预测=24.8）
80,2024-04-01 22:10:00,2024-04-01 22:11:00,2.0,空载运行,IsolationForest; Mahalanobis; 单变量IQR+3σ; 残差,4.442,60,正常
81,2024-04-01 22:15:00,2024-04-01 22:15:00,1.0,停机,IsolationForest; Mahalanobis; 单变量IQR+3σ; 残差,3.2,30,正常
82,2024-04-01 22:27:00,2024-04-01 22:27:00,1.0,停机,IsolationForest; Mahalanobis; 单变量IQR+3σ; 残差,2.549,30,正常
83,2024-04-01 22:30:00,2024-04-01 22:34:00,5.0,停机,IsolationForest; Mahalanobis; 单变量IQR+3σ; 残差,43.421,150,Mahalanobis 距离=43.4（阈值=18.5）。主要贡献特征：PC2 (86.5%); PC3 (13.1%)。
84,2024-04-01 22:57:00,2024-04-01 22:58:00,2.0,空载运行,IsolationForest; Mahalanobis; 单变量IQR+3σ; 残差,7.307,60,残差异常：采煤机_油泵_左电机_温度 偏高（残差 Z-score=7.3，实际=60.0 vs 预测=51.8）
85,2024-04-01 23:39:00,2024-04-01 23:40:00,2.0,空载运行,IsolationForest; Mahalanobis; 单变量IQR+3σ; 残差,8.695,60,正常
86,2024-04-01 23:43:00,2024-04-01 23:43:00,1.0,空载运行,IsolationForest; Mahalanobis; 单变量IQR+3σ; 残差,7.077,30,正常
87,2024-04-01 23:45:00,2024-04-01 23:49:00,5.0,停机,IsolationForest; Mahalanobis; 单变量IQR+3σ; 残差,44.465,150,Mahalanobis 距离=44.5（阈值=18.5）。主要贡献特征：PC4 (67.3%); PC3 (20.1%); PC2 (12.6%)。
88,2024-04-01 23:57:00,2024-04-01 23:57:00,1.0,停机,IsolationForest; Mahalanobis; 单变量IQR+3σ; 残差,9.051,30,正常
89,2024-04-01 23:59:00,2024-04-01 23:59:00,1.0,停机,IsolationForest; Mahalanobis; 单变量IQR+3σ; 残差,12.45,30,正常
90,2024-04-02 00:01:00,2024-04-02 00:02:00,2.0,空载运行,IsolationForest; Mahalanobis; 单变量IQR+3σ; 残差,13.362,60,正常
91,2024-04-02 00:04:00,2024-04-02 00:04:00,1.0,空载运行,IsolationForest; Mahalanobis; 单变量IQR+3σ; 残差,9.417,30,正常
92,2024-04-02 00:13:00,2024-04-02 00:13:00,1.0,停机,IsolationForest; Mahalanobis; 单变量IQR+3σ; 残差,3.933,30,残差异常：采煤机_油泵_右电机_电流 偏高（残差 Z-score=3.9，实际=48.0 vs 预测=16.8）
93,2024-04-02 00:16:00,2024-04-02 00:17:00,2.0,空载运行,IsolationForest; Mahalanobis; 单变量IQR+3σ; 残差,4.987,60,残差异常：采煤机_油泵_左电机_电流 偏高（残差 Z-score=5.0，实际=53.0 vs 预测=18.0）
94,2024-04-02 00:37:00,2024-04-02 00:37:00,1.0,空载运行,IsolationForest; Mahalanobis; 单变量IQR+3σ; 残差,6.754,30,正常
95,2024-04-02 00:41:00,2024-04-02 00:42:00,2.0,停机,IsolationForest; Mahalanobis; 单变量IQR+3σ; 残差,11.075,60,正常
96,2024-04-02 00:45:00,2024-04-02 00:46:00,2.0,空载运行,IsolationForest; Mahalanobis; 单变量IQR+3σ; 残差,5.519,60,残差异常：采煤机_截割部位_右滚筒_电机_电流 偏高（残差 Z-score=5.5，实际=312.0 vs 预测=94.0）
97,2024-04-02 00:50:00,2024-04-02 00:50:00,1.0,停机,IsolationForest; Mahalanobis; 单变量IQR+3σ; 残差,10.929,30,正常
98,2024-04-02 00:54:00,2024-04-02 00:55:00,2.0,停机,IsolationForest; Mahalanobis; 单变量IQR+3σ; 残差,3.731,60,残差异常：采煤机_油泵_右电机_电流 偏高（残差 Z-score=3.7，实际=34.0 vs 预测=4.4）
99,2024-04-02 00:58:00,2024-04-02 01:02:00,5.0,停机,IsolationForest; Mahalanobis; 单变量IQR+3σ; 残差,49.544,150,Mahalanobis 距离=49.5（阈值=18.5）。主要贡献特征：PC2 (88.5%); PC3 (11.5%)。
100,2024-04-02 01:10:00,2024-04-02 01:10:00,1.0,空载运行,IsolationForest; Mahalanobis; 单变量IQR+3σ; 残差,4.982,30,正常
101,2024-04-02 01:13:00,2024-04-02 01:13:00,1.0,空载运行,IsolationForest; Mahalanobis; 单变量IQR+3σ; 残差,4.002,30,正常
102,2024-04-02 01:15:00,2024-04-02 01:19:00,5.0,停机,IsolationForest; Mahalanobis; 单变量IQR+3σ; 残差,4.409,150,正常
103,2024-04-02 01:25:00,2024-04-02 01:25:00,1.0,停机,IsolationForest; Mahalanobis; 单变量IQR+3σ; 残差,3.188,30,残差异常：采煤机_牵引部位_左电机_电流 偏高（残差 Z-score=3.2，实际=137.0 vs 预测=0.0）
104,2024-04-02 01:39:00,2024-04-02 01:39:00,1.0,停机,IsolationForest; Mahalanobis; 单变量IQR+3σ; 残差,8.214,30,正常
105,2024-04-02 01:44:00,2024-04-02 01:44:00,1.0,空载运行,IsolationForest; Mahalanobis; 单变量IQR+3σ; 残差,5.549,30,残差异常：采煤机_油泵_右电机_电流 偏高（残差 Z-score=5.5，实际=52.0 vs 预测=16.6）
106,2024-04-02 02:03:00,2024-04-02 02:03:00,1.0,停机,IsolationForest; Mahalanobis; 单变量IQR+3σ; 残差,4.337,30,残差异常：采煤机_油泵_右电机_电流 偏高（残差 Z-score=4.3，实际=51.0 vs 预测=16.6）
107,2024-04-02 02:07:00,2024-04-02 02:07:00,1.0,停机,IsolationForest; Mahalanobis; 单变量IQR+3σ; 残差,4.705,30,正常
108,2024-04-02 02:40:00,2024-04-02 02:40:00,1.0,停机,IsolationForest; Mahalanobis; 单变量IQR+3σ; 残差,3.49,30,正常
109,2024-04-02 02:46:00,2024-04-02 02:46:00,1.0,停机,IsolationForest; Mahalanobis; 单变量IQR+3σ; 残差,2.873,30,正常
110,2024-04-02 02:52:00,2024-04-02 02:53:00,2.0,停机,IsolationForest; Mahalanobis; 单变量IQR+3σ; 残差,4.674,60,正常
111,2024-04-02 03:03:00,2024-04-02 03:03:00,1.0,停机,IsolationForest; Mahalanobis; 单变量IQR+3σ; 残差,4.347,30,残差异常：采煤机_油泵_左电机_电流 偏高（残差 Z-score=4.3，实际=53.0 vs 预测=16.8）
112,2024-04-02 03:08:00,2024-04-02 03:08:00,1.0,停机,IsolationForest; Mahalanobis; 单变量IQR+3σ; 残差,1.657,30,正常
113,2024-04-02 03:24:00,2024-04-02 03:24:00,1.0,停机,IsolationForest; Mahalanobis; 单变量IQR+3σ; 残差,3.404,30,残差异常：采煤机_油泵_右电机_电流 偏高（残差 Z-score=3.4，实际=27.0 vs 预测=0.0）
114,2024-04-02 03:35:00,2024-04-02 03:36:00,2.0,空载运行,IsolationForest; Mahalanobis; 单变量IQR+3σ; 残差,2.134,60,正常
115,2024-04-02 03:40:00,2024-04-02 03:41:00,2.0,空载运行,IsolationForest; Mahalanobis; 单变量IQR+3σ; 残差,3.098,60,正常
116,2024-04-02 03:46:00,2024-04-02 03:48:00,3.0,空载运行,IsolationForest; Mahalanobis; 单变量IQR+3σ; 残差,5.66,90,正常
117,2024-04-02 03:56:00,2024-04-02 03:56:00,1.0,空载运行,IsolationForest; Mahalanobis; 单变量IQR+3σ; 残差,6.734,30,正常
118,2024-04-02 03:59:00,2024-04-02 03:59:00,1.0,空载运行,IsolationForest; Mahalanobis; 单变量IQR+3σ; 残差,8.643,30,正常
119,2024-04-02 04:03:00,2024-04-02 04:03:00,1.0,空载运行,IsolationForest; Mahalanobis; 单变量IQR+3σ; 残差,4.538,30,正常
120,2024-04-02 04:06:00,2024-04-02 04:07:00,2.0,停机,IsolationForest; Mahalanobis; 单变量IQR+3σ; 残差,8.925,60,正常
121,2024-04-02 04:11:00,2024-04-02 04:12:00,2.0,停机,IsolationForest; Mahalanobis; 单变量IQR+3σ; 残差,3.867,60,残差异常：采煤机_油泵_左电机_电流 偏高（残差 Z-score=3.9，实际=49.0 vs 预测=16.8）
122,2024-04-02 04:22:00,2024-04-02 04:22:00,1.0,空载运行,IsolationForest; Mahalanobis; 单变量IQR+3σ; 残差,4.641,30,正常
123,2024-04-02 04:27:00,2024-04-02 04:27:00,1.0,停机,IsolationForest; Mahalanobis; 单变量IQR+3σ; 残差,6.067,30,正常
124,2024-04-02 04:32:00,2024-04-02 04:32:00,1.0,停机,IsolationForest; Mahalanobis; 单变量IQR+3σ; 残差,8.002,30,正常
125,2024-04-02 04:54:00,2024-04-02 04:59:00,6.0,停机,IsolationForest; Mahalanobis; 单变量IQR+3σ; 残差,56.031,180,Mahalanobis 距离=56.0（阈值=18.5）。主要贡献特征：PC2 (71.3%); PC3 (27.1%); PC4 (1.0%)。
126,2024-04-02 05:01:00,2024-04-02 05:01:00,1.0,停机,IsolationForest; Mahalanobis; 单变量IQR+3σ; 残差,6.31,30,正常
127,2024-04-02 05:06:00,2024-04-02 05:06:00,1.0,停机,IsolationForest; Mahalanobis; 单变量IQR+3σ; 残差,3.235,30,正常
128,2024-04-02 05:11:00,2024-04-02 05:11:00,1.0,停机,IsolationForest; Mahalanobis; 单变量IQR+3σ; 残差,5.019,30,残差异常：采煤机_油泵_左电机_电流 偏高（残差 Z-score=5.0，实际=58.0 vs 预测=16.2）
129,2024-04-02 05:18:00,2024-04-02 05:18:00,1.0,空载运行,IsolationForest; Mahalanobis; 单变量IQR+3σ; 残差,7.348,30,正常
130,2024-04-02 05:27:00,2024-04-02 05:27:00,1.0,空载运行,IsolationForest; Mahalanobis; 单变量IQR+3σ; 残差,4.845,30,残差异常：采煤机_油泵_左电机_电流 偏高（残差 Z-score=4.8，实际=56.0 vs 预测=22.0）
131,2024-04-02 05:32:00,2024-04-02 05:32:00,1.0,空载运行,IsolationForest; Mahalanobis; 单变量IQR+3σ; 残差,3.913,30,正常
132,2024-04-02 05:34:00,2024-04-02 05:35:00,2.0,停机,IsolationForest; Mahalanobis; 单变量IQR+3σ; 残差,4.853,60,残差异常：采煤机_破碎机_电机_温度 偏高（残差 Z-score=4.9，实际=58.0 vs 预测=41.0）
133,2024-04-02 05:44:00,2024-04-02 05:44:00,1.0,空载运行,IsolationForest; Mahalanobis; 单变量IQR+3σ; 残差,3.524,30,正常
134,2024-04-02 05:51:00,2024-04-02 05:51:00,1.0,空载运行,IsolationForest; Mahalanobis; 单变量IQR+3σ; 残差,4.845,30,残差异常：采煤机_油泵_左电机_电流 偏高（残差 Z-score=4.8，实际=50.0 vs 预测=16.0）
135,2024-04-02 05:59:00,2024-04-02 05:59:00,1.0,停机,IsolationForest; Mahalanobis; 单变量IQR+3σ; 残差,4.774,30,正常
136,2024-04-02 06:08:00,2024-04-02 06:08:00,1.0,空载运行,IsolationForest; Mahalanobis; 单变量IQR+3σ; 残差,4.483,30,残差异常：采煤机_油泵_右电机_电流 偏高（残差 Z-score=4.5，实际=45.0 vs 预测=16.4）
137,2024-04-02 06:16:00,2024-04-02 06:16:00,1.0,空载运行,IsolationForest; Mahalanobis; 单变量IQR+3σ; 残差,5.383,30,正常
138,2024-04-02 06:18:00,2024-04-02 06:18:00,1.0,停机,IsolationForest; Mahalanobis; 单变量IQR+3σ; 残差,9.719,30,正常
139,2024-04-02 06:26:00,2024-04-02 06:26:00,1.0,空载运行,IsolationForest; Mahalanobis; 单变量IQR+3σ; 残差,5.724,30,正常
140,2024-04-02 06:37:00,2024-04-02 06:41:00,5.0,停机,IsolationForest; Mahalanobis; 单变量IQR+3σ; 残差,7.942,150,残差异常：采煤机_油泵_右电机_电流 偏高（残差 Z-score=7.9，实际=63.0 vs 预测=0.0）
141,2024-04-02 06:48:00,2024-04-02 06:48:00,1.0,停机,IsolationForest; Mahalanobis; 单变量IQR+3σ; 残差,6.651,30,正常
142,2024-04-02 06:50:00,2024-04-02 06:51:00,2.0,停机,IsolationForest; Mahalanobis; 单变量IQR+3σ; 残差,12.686,60,正常
143,2024-04-02 06:53:00,2024-04-02 06:53:00,1.0,停机,IsolationForest; Mahalanobis; 单变量IQR+3σ; 残差,8.377,30,正常
144,2024-04-02 07:34:00,2024-04-02 07:34:00,1.0,停机,IsolationForest; Mahalanobis; 单变量IQR+3σ; 残差,4.254,30,正常
145,2024-04-02 07:38:00,2024-04-02 07:38:00,1.0,停机,IsolationForest; Mahalanobis; 单变量IQR+3σ; 残差,4.724,30,正常
146,2024-04-02 07:41:00,2024-04-02 07:43:00,3.0,空载运行,IsolationForest; Mahalanobis; 单变量IQR+3σ; 残差,6.871,90,残差异常：采煤机_牵引部位_右电机_温度 偏高（残差 Z-score=6.9，实际=75.0 vs 预测=58.0）
147,2024-04-02 07:46:00,2024-04-02 07:46:00,1.0,空载运行,IsolationForest; Mahalanobis; 单变量IQR+3σ; 残差,4.437,30,正常
148,2024-04-02 08:06:00,2024-04-02 08:11:00,6.0,空载运行,IsolationForest; Mahalanobis; 单变量IQR+3σ; 残差,4.442,180,残差异常：采煤机_破碎机_电机_电流 偏高（残差 Z-score=4.4，实际=27.0 vs 预测=0.0）
149,2024-04-02 08:18:00,2024-04-02 08:25:00,8.0,空载运行,IsolationForest; Mahalanobis; 单变量IQR+3σ; 残差,7.842,240,残差异常：采煤机_油泵_左电机_温度 偏高（残差 Z-score=7.8，实际=53.0 vs 预测=44.2）
150,2024-04-02 08:35:00,2024-04-02 08:35:00,1.0,空载运行,IsolationForest; Mahalanobis; 单变量IQR+3σ; 残差,7.963,30,残差异常：采煤机_油泵_右电机_电流 偏高（残差 Z-score=8.0，实际=61.0 vs 预测=10.2）
151,2024-04-02 08:46:00,2024-04-02 08:46:00,1.0,空载运行,IsolationForest; Mahalanobis; 单变量IQR+3σ; 残差,3.266,30,残差异常：采煤机_截割部位_右滚筒_电机_电流 偏高（残差 Z-score=3.3，实际=217.0 vs 预测=88.0）
152,2024-04-02 08:54:00,2024-04-02 08:54:00,1.0,空载运行,IsolationForest; Mahalanobis; 单变量IQR+3σ; 残差,1.992,30,正常
153,2024-04-02 09:00:00,2024-04-02 09:00:00,1.0,停机,IsolationForest; Mahalanobis; 单变量IQR+3σ; 残差,4.49,30,正常
154,2024-04-02 09:11:00,2024-04-02 09:11:00,1.0,空载运行,IsolationForest; Mahalanobis; 单变量IQR+3σ; 残差,5.158,30,残差异常：采煤机_油泵_左电机_电流 偏高（残差 Z-score=5.2，实际=53.0 vs 预测=16.8）
155,2024-04-02 09:25:00,2024-04-02 09:25:00,1.0,停机,IsolationForest; Mahalanobis; 单变量IQR+3σ; 残差,6.208,30,正常
156,2024-04-02 09:42:00,2024-04-02 09:43:00,2.0,停机,IsolationForest; Mahalanobis; 单变量IQR+3σ; 残差,4.203,60,残差异常：采煤机_油泵_左电机_电流 偏高（残差 Z-score=4.2，实际=52.0 vs 预测=17.0）
157,2024-04-02 09:47:00,2024-04-02 09:47:00,1.0,停机,IsolationForest; Mahalanobis; 单变量IQR+3σ; 残差,7.766,30,正常
158,2024-04-02 09:50:00,2024-04-02 09:50:00,1.0,停机,IsolationForest; Mahalanobis; 单变量IQR+3σ; 残差,11.192,30,正常
159,2024-04-02 09:58:00,2024-04-02 09:58:00,1.0,停机,IsolationForest; Mahalanobis; 单变量IQR+3σ; 残差,4.79,30,残差异常：采煤机_油泵_右电机_电流 偏高（残差 Z-score=4.8，实际=55.0 vs 预测=17.0）
160,2024-04-02 10:06:00,2024-04-02 10:06:00,1.0,停机,IsolationForest; Mahalanobis; 单变量IQR+3σ; 残差,3.782,30,残差异常：采煤机_油泵_右电机_电流 偏高（残差 Z-score=3.8，实际=47.0 vs 预测=17.0）
161,2024-04-02 10:22:00,2024-04-02 10:22:00,1.0,停机,IsolationForest; Mahalanobis; 单变量IQR+3σ; 残差,3.234,30,残差异常：采煤机_牵引部位_左电机_电流 偏高（残差 Z-score=3.2，实际=146.0 vs 预测=7.0）
162,2024-04-02 13:36:00,2024-04-02 13:42:00,7.0,停机,IsolationForest; Mahalanobis; 单变量IQR+3σ; 残差,61.552,210,Mahalanobis 距离=61.6（阈值=18.5）。主要贡献特征：PC2 (68.3%); PC3 (31.0%)。
163,2024-04-02 13:50:00,2024-04-02 13:50:00,1.0,空载运行,IsolationForest; Mahalanobis; 单变量IQR+3σ; 残差,1.003,30,正常
164,2024-04-02 16:06:00,2024-04-02 16:06:00,1.0,停机,IsolationForest; Mahalanobis; 单变量IQR+3σ; 残差,3.656,30,残差异常：采煤机_油泵_右电机_电流 偏高（残差 Z-score=3.7，实际=29.0 vs 预测=0.0）
165,2024-04-02 16:13:00,2024-04-02 16:13:00,1.0,停机,IsolationForest; Mahalanobis; 单变量IQR+3σ; 残差,3.868,30,正常
166,2024-04-02 16:22:00,2024-04-02 16:22:00,1.0,停机,IsolationForest; Mahalanobis; 单变量IQR+3σ; 残差,3.356,30,残差异常：采煤机_牵引部位_右电机_电流 偏高（残差 Z-score=3.4，实际=164.0 vs 预测=19.4）
167,2024-04-02 16:26:00,2024-04-02 16:26:00,1.0,停机,IsolationForest; Mahalanobis; 单变量IQR+3σ; 残差,4.043,30,正常
168,2024-04-02 16:44:00,2024-04-02 16:44:00,1.0,停机,IsolationForest; Mahalanobis; 单变量IQR+3σ; 残差,4.155,30,残差异常：采煤机_油泵_左电机_电流 偏高（残差 Z-score=4.2，实际=52.0 vs 预测=17.4）
169,2024-04-02 16:52:00,2024-04-02 16:52:00,1.0,停机,IsolationForest; Mahalanobis; 单变量IQR+3σ; 残差,10.287,30,正常
170,2024-04-02 16:54:00,2024-04-02 16:54:00,1.0,空载运行,IsolationForest; Mahalanobis; 单变量IQR+3σ; 残差,6.972,30,正常
171,2024-04-02 16:58:00,2024-04-02 17:00:00,3.0,停机,IsolationForest; Mahalanobis; 单变量IQR+3σ; 残差,14.021,90,正常
172,2024-04-02 17:04:00,2024-04-02 17:04:00,1.0,停机,IsolationForest; Mahalanobis; 单变量IQR+3σ; 残差,8.794,30,正常
173,2024-04-02 17:06:00,2024-04-02 17:06:00,1.0,空载运行,IsolationForest; Mahalanobis; 单变量IQR+3σ; 残差,2.747,30,正常
174,2024-04-02 17:15:00,2024-04-02 17:17:00,3.0,停机,IsolationForest; Mahalanobis; 单变量IQR+3σ; 残差,13.724,90,正常
175,2024-04-02 17:20:00,2024-04-02 17:20:00,1.0,停机,IsolationForest; Mahalanobis; 单变量IQR+3σ; 残差,14.06,30,正常
176,2024-04-02 17:23:00,2024-04-02 17:23:00,1.0,停机,IsolationForest; Mahalanobis; 单变量IQR+3σ; 残差,4.967,30,正常
177,2024-04-02 17:45:00,2024-04-02 17:45:00,1.0,停机,IsolationForest; Mahalanobis; 单变量IQR+3σ; 残差,5.602,30,正常
178,2024-04-02 17:49:00,2024-04-02 17:49:00,1.0,停机,IsolationForest; Mahalanobis; 单变量IQR+3σ; 残差,5.163,30,残差异常：采煤机_油泵_左电机_电流 偏高（残差 Z-score=5.2，实际=59.0 vs 预测=16.0）
179,2024-04-02 17:58:00,2024-04-02 17:58:00,1.0,停机,IsolationForest; Mahalanobis; 单变量IQR+3σ; 残差,3.97,30,正常
180,2024-04-02 18:00:00,2024-04-02 18:00:00,1.0,空载运行,IsolationForest; Mahalanobis; 单变量IQR+3σ; 残差,3.975,30,残差异常：采煤机_牵引部位_左电机_温度 偏高（残差 Z-score=4.0，实际=72.0 vs 预测=61.6）
181,2024-04-02 18:04:00,2024-04-02 18:04:00,1.0,空载运行,IsolationForest; Mahalanobis; 单变量IQR+3σ; 残差,9.396,30,正常
182,2024-04-02 18:07:00,2024-04-02 18:10:00,4.0,空载运行,IsolationForest; Mahalanobis; 单变量IQR+3σ; 残差,9.19,120,正常
183,2024-04-02 18:13:00,2024-04-02 18:14:00,2.0,空载运行,IsolationForest; Mahalanobis; 单变量IQR+3σ; 残差,6.298,60,正常
184,2024-04-02 18:17:00,2024-04-02 18:18:00,2.0,停机,IsolationForest; Mahalanobis; 单变量IQR+3σ; 残差,5.424,60,残差异常：采煤机_破碎机_电机_温度 偏高（残差 Z-score=5.4，实际=54.0 vs 预测=35.0）
185,2024-04-02 18:22:00,2024-04-02 18:22:00,1.0,停机,IsolationForest; Mahalanobis; 单变量IQR+3σ; 残差,5.884,30,残差异常：采煤机_油泵_左电机_电流 偏高（残差 Z-score=5.9，实际=65.0 vs 预测=16.0）
186,2024-04-02 18:28:00,2024-04-02 18:28:00,1.0,停机,IsolationForest; Mahalanobis; 单变量IQR+3σ; 残差,3.145,30,正常
187,2024-04-02 18:30:00,2024-04-02 18:34:00,5.0,停机,IsolationForest; Mahalanobis; 单变量IQR+3σ; 残差,44.67,150,Mahalanobis 距离=44.7（阈值=18.5）。主要贡献特征：PC4 (66.2%); PC3 (24.2%); PC2 (9.6%)。
188,2024-04-02 18:42:00,2024-04-02 18:42:00,1.0,空载运行,IsolationForest; Mahalanobis; 单变量IQR+3σ; 残差,3.867,30,正常
189,2024-04-02 18:56:00,2024-04-02 18:56:00,1.0,停机,IsolationForest; Mahalanobis; 单变量IQR+3σ; 残差,6.401,30,正常
190,2024-04-02 19:12:00,2024-04-02 19:12:00,1.0,停机,IsolationForest; Mahalanobis; 单变量IQR+3σ; 残差,10.595,30,正常
191,2024-04-02 19:37:00,2024-04-02 19:38:00,2.0,停机,IsolationForest; Mahalanobis; 单变量IQR+3σ; 残差,5.421,60,残差异常：采煤机_油泵_右电机_电流 偏高（残差 Z-score=5.4，实际=60.0 vs 预测=17.0）
192,2024-04-02 19:48:00,2024-04-02 19:49:00,2.0,停机,IsolationForest; Mahalanobis; 单变量IQR+3σ; 残差,8.034,60,正常
193,2024-04-02 19:53:00,2024-04-02 19:54:00,2.0,停机,IsolationForest; Mahalanobis; 单变量IQR+3σ; 残差,10.868,60,正常
194,2024-04-02 19:59:00,2024-04-02 19:59:00,1.0,停机,IsolationForest; Mahalanobis; 单变量IQR+3σ; 残差,5.489,30,正常
195,2024-04-02 20:01:00,2024-04-02 20:01:00,1.0,停机,IsolationForest; Mahalanobis; 单变量IQR+3σ; 残差,7.671,30,正常
196,2024-04-02 20:08:00,2024-04-02 20:08:00,1.0,停机,IsolationForest; Mahalanobis; 单变量IQR+3σ; 残差,5.088,30,正常
197,2024-04-02 20:10:00,2024-04-02 20:10:00,1.0,停机,IsolationForest; Mahalanobis; 单变量IQR+3σ; 残差,6.68,30,正常
198,2024-04-02 20:15:00,2024-04-02 20:15:00,1.0,空载运行,IsolationForest; Mahalanobis; 单变量IQR+3σ; 残差,6.008,30,正常
199,2024-04-02 20:23:00,2024-04-02 20:23:00,1.0,停机,IsolationForest; Mahalanobis; 单变量IQR+3σ; 残差,3.0,30,残差异常：采煤机_油泵_右电机_电流 偏高（残差 Z-score=3.0，实际=42.0 vs 预测=18.2）
200,2024-04-02 20:25:00,2024-04-02 20:25:00,1.0,停机,IsolationForest; Mahalanobis; 单变量IQR+3σ; 残差,10.634,30,正常
201,2024-04-02 20:28:00,2024-04-02 20:28:00,1.0,停机,IsolationForest; Mahalanobis; 单变量IQR+3σ; 残差,9.104,30,正常
202,2024-04-02 20:32:00,2024-04-02 20:32:00,1.0,停机,IsolationForest; Mahalanobis; 单变量IQR+3σ; 残差,5.194,30,残差异常：采煤机_油泵_右电机_电流 偏高（残差 Z-score=5.2，实际=64.0 vs 预测=22.8）
203,2024-04-02 20:40:00,2024-04-02 20:40:00,1.0,停机,IsolationForest; Mahalanobis; 单变量IQR+3σ; 残差,1.702,30,正常
204,2024-04-02 20:54:00,2024-04-02 20:57:00,4.0,停机,IsolationForest; Mahalanobis; 单变量IQR+3σ; 残差,5.822,120,正常
205,2024-04-02 21:01:00,2024-04-02 21:03:00,3.0,空载运行,IsolationForest; Mahalanobis; 单变量IQR+3σ; 残差,5.758,90,残差异常：采煤机_破碎机_电机_电流 偏高（残差 Z-score=5.8，实际=35.0 vs 预测=0.0）
206,2024-04-02 21:45:00,2024-04-02 21:45:00,1.0,停机,IsolationForest; Mahalanobis; 单变量IQR+3σ; 残差,4.059,30,残差异常：采煤机_油泵_右电机_电流 偏高（残差 Z-score=4.1，实际=49.0 vs 预测=16.8）
207,2024-04-02 21:52:00,2024-04-02 21:52:00,1.0,停机,IsolationForest; Mahalanobis; 单变量IQR+3σ; 残差,5.851,30,正常
208,2024-04-02 21:59:00,2024-04-02 22:00:00,2.0,停机,IsolationForest; Mahalanobis; 单变量IQR+3σ; 残差,3.165,60,正常
209,2024-04-02 22:15:00,2024-04-02 22:18:00,4.0,停机,IsolationForest; Mahalanobis; 单变量IQR+3σ; 残差,4.108,120,残差异常：采煤机_牵引部位_右电机_电流 偏高（残差 Z-score=4.1，实际=177.0 vs 预测=0.0）
210,2024-04-02 22:22:00,2024-04-02 22:22:00,1.0,空载运行,IsolationForest; Mahalanobis; 单变量IQR+3σ; 残差,2.785,30,正常
211,2024-04-02 22:24:00,2024-04-02 22:27:00,4.0,空载运行,IsolationForest; Mahalanobis; 单变量IQR+3σ; 残差,7.524,120,残差异常：采煤机_油泵_右电机_电流 偏高（残差 Z-score=7.5，实际=65.0 vs 预测=17.0）
212,2024-04-02 22:32:00,2024-04-02 22:33:00,2.0,停机,IsolationForest; Mahalanobis; 单变量IQR+3σ; 残差,4.567,60,残差异常：采煤机_破碎机_电机_温度 偏高（残差 Z-score=4.6，实际=60.0 vs 预测=44.0）
213,2024-04-02 22:58:00,2024-04-02 22:58:00,1.0,停机,IsolationForest; Mahalanobis; 单变量IQR+3σ; 残差,6.162,30,正常
214,2024-04-02 23:06:00,2024-04-02 23:06:00,1.0,停机,IsolationForest; Mahalanobis; 单变量IQR+3σ; 残差,4.443,30,残差异常：采煤机_油泵_左电机_电流 偏高（残差 Z-score=4.4，实际=53.0 vs 预测=16.0）
215,2024-04-02 23:24:00,2024-04-02 23:24:00,1.0,停机,IsolationForest; Mahalanobis; 单变量IQR+3σ; 残差,7.585,30,正常
216,2024-04-02 23:39:00,2024-04-02 23:40:00,2.0,空载运行,IsolationForest; Mahalanobis; 单变量IQR+3σ; 残差,1.271,60,正常
217,2024-04-03 00:15:00,2024-04-03 00:15:00,1.0,停机,IsolationForest; Mahalanobis; 单变量IQR+3σ; 残差,11.077,30,正常
218,2024-04-03 00:23:00,2024-04-03 00:23:00,1.0,停机,IsolationForest; Mahalanobis; 单变量IQR+3σ; 残差,9.784,30,正常
219,2024-04-03 00:29:00,2024-04-03 00:29:00,1.0,停机,IsolationForest; Mahalanobis; 单变量IQR+3σ; 残差,4.235,30,残差异常：采煤机_牵引部位_左电机_电流 偏高（残差 Z-score=4.2，实际=182.0 vs 预测=0.0）
220,2024-04-03 00:40:00,2024-04-03 00:57:00,18.0,停机,IsolationForest; Mahalanobis; 单变量IQR+3σ; 残差,15.044,540,正常
221,2024-04-03 00:59:00,2024-04-03 01:00:00,2.0,停机,IsolationForest; Mahalanobis; 单变量IQR+3σ; 残差,3.996,60,残差异常：采煤机_破碎机_电机_温度 偏高（残差 Z-score=4.0，实际=51.0 vs 预测=37.0）
222,2024-04-03 01:04:00,2024-04-03 01:04:00,1.0,空载运行,IsolationForest; Mahalanobis; 单变量IQR+3σ; 残差,2.573,30,正常
223,2024-04-03 01:26:00,2024-04-03 01:26:00,1.0,空载运行,IsolationForest; Mahalanobis; 单变量IQR+3σ; 残差,8.766,30,正常
224,2024-04-03 01:36:00,2024-04-03 01:37:00,2.0,空载运行,IsolationForest; Mahalanobis; 单变量IQR+3σ; 残差,7.01,60,残差异常：采煤机_油泵_左电机_电流 偏高（残差 Z-score=7.0，实际=66.0 vs 预测=16.8）
225,2024-04-03 01:39:00,2024-04-03 01:39:00,1.0,空载运行,IsolationForest; Mahalanobis; 单变量IQR+3σ; 残差,3.009,30,残差异常：采煤机_牵引部位_右电机_电流 偏高（残差 Z-score=3.0，实际=186.0 vs 预测=64.2）
226,2024-04-03 01:42:00,2024-04-03 01:43:00,2.0,空载运行,IsolationForest; Mahalanobis; 单变量IQR+3σ; 残差,4.442,60,残差异常：采煤机_破碎机_电机_电流 偏高（残差 Z-score=4.4，实际=27.0 vs 预测=0.0）
227,2024-04-03 01:58:00,2024-04-03 02:01:00,4.0,停机,IsolationForest; Mahalanobis; 单变量IQR+3σ; 残差,4.111,120,残差异常：采煤机_破碎机_电机_温度 偏高（残差 Z-score=4.1，实际=67.0 vs 预测=52.6）
228,2024-04-03 02:06:00,2024-04-03 02:06:00,1.0,停机,IsolationForest; Mahalanobis; 单变量IQR+3σ; 残差,4.217,30,正常
229,2024-04-03 02:56:00,2024-04-03 02:58:00,3.0,空载运行,IsolationForest; Mahalanobis; 单变量IQR+3σ; 残差,10.276,90,正常
230,2024-04-03 03:02:00,2024-04-03 03:07:00,6.0,空载运行,IsolationForest; Mahalanobis; 单变量IQR+3σ; 残差,49.063,180,Mahalanobis 距离=49.1（阈值=18.5）。主要贡献特征：PC4 (94.0%); PC3 (5.9%)。
231,2024-04-03 03:09:00,2024-04-03 03:10:00,2.0,停机,IsolationForest; Mahalanobis; 单变量IQR+3σ; 残差,1.288,60,正常
232,2024-04-03 03:28:00,2024-04-03 03:28:00,1.0,停机,IsolationForest; Mahalanobis; 单变量IQR+3σ; 残差,4.841,30,残差异常：采煤机_油泵_右电机_电流 偏高（残差 Z-score=4.8，实际=56.0 vs 预测=17.6）
233,2024-04-03 03:42:00,2024-04-03 03:42:00,1.0,停机,IsolationForest; Mahalanobis; 单变量IQR+3σ; 残差,6.817,30,正常
234,2024-04-03 04:08:00,2024-04-03 04:08:00,1.0,空载运行,IsolationForest; Mahalanobis; 单变量IQR+3σ; 残差,6.5,30,残差异常：采煤机_牵引部位_左电机_温度 偏高（残差 Z-score=6.5，实际=76.0 vs 预测=59.0）
235,2024-04-03 04:22:00,2024-04-03 04:24:00,3.0,空载运行,IsolationForest; Mahalanobis; 单变量IQR+3σ; 残差,5.488,90,残差异常：采煤机_油泵_右电机_温度 偏高（残差 Z-score=5.5，实际=55.0 vs 预测=48.6）
236,2024-04-03 04:26:00,2024-04-03 04:26:00,1.0,空载运行,IsolationForest; Mahalanobis; 单变量IQR+3σ; 残差,1.602,30,正常
237,2024-04-03 04:33:00,2024-04-03 04:33:00,1.0,空载运行,IsolationForest; Mahalanobis; 单变量IQR+3σ; 残差,6.427,30,残差异常：采煤机_油泵_右电机_电流 偏高（残差 Z-score=6.4，实际=58.0 vs 预测=17.0）
238,2024-04-03 04:38:00,2024-04-03 04:38:00,1.0,空载运行,IsolationForest; Mahalanobis; 单变量IQR+3σ; 残差,4.93,30,残差异常：采煤机_油泵_左电机_电流 偏高（残差 Z-score=4.9，实际=51.0 vs 预测=16.4）
239,2024-04-03 04:43:00,2024-04-03 04:43:00,1.0,空载运行,IsolationForest; Mahalanobis; 单变量IQR+3σ; 残差,3.665,30,正常
240,2024-04-03 04:57:00,2024-04-03 04:58:00,2.0,停机,IsolationForest; Mahalanobis; 单变量IQR+3σ; 残差,5.595,60,残差异常：采煤机_破碎机_电机_温度 偏高（残差 Z-score=5.6，实际=64.0 vs 预测=44.4）
241,2024-04-03 05:05:00,2024-04-03 05:12:00,8.0,空载运行,IsolationForest; Mahalanobis; 单变量IQR+3σ; 残差,13.827,240,正常
242,2024-04-03 05:16:00,2024-04-03 05:16:00,1.0,停机,IsolationForest; Mahalanobis; 单变量IQR+3σ; 残差,9.401,30,正常
243,2024-04-03 05:20:00,2024-04-03 05:20:00,1.0,停机,IsolationForest; Mahalanobis; 单变量IQR+3σ; 残差,13.02,30,正常
244,2024-04-03 05:23:00,2024-04-03 05:23:00,1.0,停机,IsolationForest; Mahalanobis; 单变量IQR+3σ; 残差,3.549,30,正常
245,2024-04-03 05:28:00,2024-04-03 05:28:00,1.0,停机,IsolationForest; Mahalanobis; 单变量IQR+3σ; 残差,11.774,30,正常
246,2024-04-03 05:32:00,2024-04-03 05:32:00,1.0,停机,IsolationForest; Mahalanobis; 单变量IQR+3σ; 残差,16.968,30,正常
247,2024-04-03 05:46:00,2024-04-03 05:46:00,1.0,停机,IsolationForest; Mahalanobis; 单变量IQR+3σ; 残差,4.488,30,残差异常：采煤机_油泵_右电机_电流 偏高（残差 Z-score=4.5，实际=53.0 vs 预测=17.4）
248,2024-04-03 06:04:00,2024-04-03 06:04:00,1.0,停机,IsolationForest; Mahalanobis; 单变量IQR+3σ; 残差,5.748,30,残差异常：采煤机_油泵_右电机_电流 偏高（残差 Z-score=5.7，实际=63.0 vs 预测=17.4）
249,2024-04-03 06:11:00,2024-04-03 06:12:00,2.0,停机,IsolationForest; Mahalanobis; 单变量IQR+3σ; 残差,4.538,60,残差异常：采煤机_油泵_右电机_电流 偏高（残差 Z-score=4.5，实际=53.0 vs 预测=17.0）
250,2024-04-03 06:14:00,2024-04-03 06:14:00,1.0,停机,IsolationForest; Mahalanobis; 单变量IQR+3σ; 残差,5.017,30,残差异常：采煤机_油泵_右电机_电流 偏高（残差 Z-score=5.0，实际=64.0 vs 预测=24.2）
251,2024-04-03 06:20:00,2024-04-03 06:20:00,1.0,停机,IsolationForest; Mahalanobis; 单变量IQR+3σ; 残差,5.648,30,残差异常：采煤机_油泵_右电机_电流 偏高（残差 Z-score=5.6，实际=62.0 vs 预测=17.2）
252,2024-04-03 06:53:00,2024-04-03 06:53:00,1.0,停机,IsolationForest; Mahalanobis; 单变量IQR+3σ; 残差,4.942,30,残差异常：采煤机_油泵_右电机_电流 偏高（残差 Z-score=4.9，实际=57.0 vs 预测=17.8）
253,2024-04-03 06:58:00,2024-04-03 06:58:00,1.0,停机,IsolationForest; Mahalanobis; 单变量IQR+3σ; 残差,9.902,30,正常
254,2024-04-03 07:00:00,2024-04-03 07:00:00,1.0,停机,IsolationForest; Mahalanobis; 单变量IQR+3σ; 残差,8.906,30,正常
255,2024-04-03 07:03:00,2024-04-03 07:03:00,1.0,停机,IsolationForest; Mahalanobis; 单变量IQR+3σ; 残差,9.363,30,正常
256,2024-04-03 07:05:00,2024-04-03 07:06:00,2.0,停机,IsolationForest; Mahalanobis; 单变量IQR+3σ; 残差,9.262,60,正常
257,2024-04-03 07:28:00,2024-04-03 07:28:00,1.0,停机,IsolationForest; Mahalanobis; 单变量IQR+3σ; 残差,2.532,30,正常
258,2024-04-03 07:36:00,2024-04-03 07:37:00,2.0,空载运行,IsolationForest; Mahalanobis; 单变量IQR+3σ; 残差,6.53,60,正常
259,2024-04-03 07:39:00,2024-04-03 07:40:00,2.0,停机,IsolationForest; Mahalanobis; 单变量IQR+3σ; 残差,3.425,60,残差异常：采煤机_破碎机_电机_温度 偏高（残差 Z-score=3.4，实际=50.0 vs 预测=38.0）
260,2024-04-03 07:44:00,2024-04-03 07:44:00,1.0,停机,IsolationForest; Mahalanobis; 单变量IQR+3σ; 残差,3.295,30,残差异常：采煤机_牵引部位_右电机_电流 偏高（残差 Z-score=3.3，实际=142.0 vs 预测=0.0）
261,2024-04-03 07:47:00,2024-04-03 07:47:00,1.0,空载运行,IsolationForest; Mahalanobis; 单变量IQR+3σ; 残差,9.167,30,正常
262,2024-04-03 07:50:00,2024-04-03 07:52:00,3.0,空载运行,IsolationForest; Mahalanobis; 单变量IQR+3σ; 残差,11.609,90,正常
263,2024-04-03 08:04:00,2024-04-03 08:04:00,1.0,空载运行,IsolationForest; Mahalanobis; 单变量IQR+3σ; 残差,7.054,30,残差异常：采煤机_油泵_右电机_电流 偏高（残差 Z-score=7.1，实际=62.0 vs 预测=17.0）
264,2024-04-03 08:07:00,2024-04-03 08:10:00,4.0,空载运行,IsolationForest; Mahalanobis; 单变量IQR+3σ; 残差,5.329,120,残差异常：采煤机_油泵_左电机_电流 偏高（残差 Z-score=5.3，实际=54.0 vs 预测=16.6）
265,2024-04-03 08:12:00,2024-04-03 08:12:00,1.0,空载运行,IsolationForest; Mahalanobis; 单变量IQR+3σ; 残差,5.58,30,残差异常：采煤机_油泵_右电机_电流 偏高（残差 Z-score=5.6，实际=54.0 vs 预测=18.4）
266,2024-04-03 08:15:00,2024-04-03 08:15:00,1.0,空载运行,IsolationForest; Mahalanobis; 单变量IQR+3σ; 残差,5.549,30,残差异常：采煤机_油泵_右电机_电流 偏高（残差 Z-score=5.5，实际=60.0 vs 预测=24.6）
267,2024-04-03 08:20:00,2024-04-03 08:23:00,4.0,空载运行,IsolationForest; Mahalanobis; 单变量IQR+3σ; 残差,5.706,120,残差异常：采煤机_油泵_右电机_电流 偏高（残差 Z-score=5.7，实际=62.0 vs 预测=25.6）
268,2024-04-03 08:28:00,2024-04-03 08:28:00,1.0,停机,IsolationForest; Mahalanobis; 单变量IQR+3σ; 残差,3.14,30,正常
269,2024-04-03 08:34:00,2024-04-03 08:34:00,1.0,停机,IsolationForest; Mahalanobis; 单变量IQR+3σ; 残差,3.095,30,残差异常：采煤机_牵引部位_左电机_电流 偏高（残差 Z-score=3.1，实际=133.0 vs 预测=0.0）
270,2024-04-03 08:36:00,2024-04-03 08:36:00,1.0,停机,IsolationForest; Mahalanobis; 单变量IQR+3σ; 残差,6.959,30,残差异常：采煤机_油泵_右电机_电流 偏高（残差 Z-score=7.0，实际=62.0 vs 预测=6.8）
271,2024-04-03 08:50:00,2024-04-03 08:50:00,1.0,停机,IsolationForest; Mahalanobis; 单变量IQR+3σ; 残差,2.747,30,正常
272,2024-04-03 08:59:00,2024-04-03 08:59:00,1.0,停机,IsolationForest; Mahalanobis; 单变量IQR+3σ; 残差,13.105,30,正常
273,2024-04-03 09:21:00,2024-04-03 09:21:00,1.0,停机,IsolationForest; Mahalanobis; 单变量IQR+3σ; 残差,4.827,30,残差异常：采煤机_油泵_左电机_电流 偏高（残差 Z-score=4.8，实际=57.0 vs 预测=16.8）
274,2024-04-03 09:27:00,2024-04-03 09:27:00,1.0,停机,IsolationForest; Mahalanobis; 单变量IQR+3σ; 残差,4.532,30,正常
275,2024-04-03 09:34:00,2024-04-03 09:34:00,1.0,停机,IsolationForest; Mahalanobis; 单变量IQR+3σ; 残差,5.56,30,正常
276,2024-04-03 09:44:00,2024-04-03 09:44:00,1.0,停机,IsolationForest; Mahalanobis; 单变量IQR+3σ; 残差,7.263,30,正常
277,2024-04-03 09:55:00,2024-04-03 09:55:00,1.0,停机,IsolationForest; Mahalanobis; 单变量IQR+3σ; 残差,3.425,30,残差异常：采煤机_破碎机_电机_温度 偏高（残差 Z-score=3.4，实际=53.0 vs 预测=41.0）
278,2024-04-03 10:02:00,2024-04-03 10:03:00,2.0,空载运行,IsolationForest; Mahalanobis; 单变量IQR+3σ; 残差,1.183,60,正常
279,2024-04-03 13:59:00,2024-04-03 14:01:00,3.0,停机,IsolationForest; Mahalanobis; 单变量IQR+3σ; 残差,21.255,90,残差异常：采煤机_油泵_右电机_电流 偏高（残差 Z-score=21.3，实际=178.0 vs 预测=9.4）
280,2024-04-03 14:03:00,2024-04-03 14:07:00,5.0,停机,IsolationForest; Mahalanobis; 单变量IQR+3σ; 残差,0.948,150,正常
281,2024-04-03 15:28:00,2024-04-03 15:28:00,1.0,停机,IsolationForest; Mahalanobis; 单变量IQR+3σ; 残差,0.987,30,正常
282,2024-04-03 15:49:00,2024-04-03 15:50:00,2.0,空载运行,IsolationForest; Mahalanobis; 单变量IQR+3σ; 残差,1.062,60,正常
283,2024-04-03 16:26:00,2024-04-03 16:26:00,1.0,停机,IsolationForest; Mahalanobis; 单变量IQR+3σ; 残差,5.644,30,残差异常：采煤机_油泵_左电机_电流 偏高（残差 Z-score=5.6，实际=51.0 vs 预测=4.0）
284,2024-04-03 16:28:00,2024-04-03 16:28:00,1.0,停机,IsolationForest; Mahalanobis; 单变量IQR+3σ; 残差,8.338,30,正常
285,2024-04-03 16:51:00,2024-04-03 16:54:00,4.0,空载运行,IsolationForest; Mahalanobis; 单变量IQR+3σ; 残差,9.616,120,残差异常：采煤机_截割部位_左滚筒_电机_温度 偏高（残差 Z-score=9.6，实际=67.0 vs 预测=46.2）
286,2024-04-03 16:56:00,2024-04-03 16:56:00,1.0,停机,IsolationForest; Mahalanobis; 单变量IQR+3σ; 残差,7.644,30,正常
287,2024-04-03 17:04:00,2024-04-03 17:04:00,1.0,停机,IsolationForest; Mahalanobis; 单变量IQR+3σ; 残差,7.625,30,正常
288,2024-04-03 17:13:00,2024-04-03 17:13:00,1.0,空载运行,IsolationForest; Mahalanobis; 单变量IQR+3σ; 残差,7.728,30,正常
289,2024-04-03 17:22:00,2024-04-03 17:22:00,1.0,停机,IsolationForest; Mahalanobis; 单变量IQR+3σ; 残差,4.119,30,正常
290,2024-04-03 17:27:00,2024-04-03 17:27:00,1.0,停机,IsolationForest; Mahalanobis; 单变量IQR+3σ; 残差,4.347,30,残差异常：采煤机_油泵_左电机_电流 偏高（残差 Z-score=4.3，实际=55.0 vs 预测=18.8）
291,2024-04-03 17:30:00,2024-04-03 17:30:00,1.0,空载运行,IsolationForest; Mahalanobis; 单变量IQR+3σ; 残差,3.867,30,正常
292,2024-04-03 17:32:00,2024-04-03 17:32:00,1.0,空载运行,IsolationForest; Mahalanobis; 单变量IQR+3σ; 残差,3.315,30,正常
293,2024-04-03 17:40:00,2024-04-03 17:40:00,1.0,停机,IsolationForest; Mahalanobis; 单变量IQR+3σ; 残差,4.254,30,正常
294,2024-04-03 17:57:00,2024-04-03 17:57:00,1.0,停机,IsolationForest; Mahalanobis; 单变量IQR+3σ; 残差,2.772,30,正常
295,2024-04-03 18:19:00,2024-04-03 18:19:00,1.0,停机,IsolationForest; Mahalanobis; 单变量IQR+3σ; 残差,3.978,30,残差异常：采煤机_牵引部位_右电机_电流 偏高（残差 Z-score=4.0，实际=182.0 vs 预测=10.6）
296,2024-04-03 18:27:00,2024-04-03 18:27:00,1.0,停机,IsolationForest; Mahalanobis; 单变量IQR+3σ; 残差,3.456,30,正常
297,2024-04-03 18:34:00,2024-04-03 18:35:00,2.0,停机,IsolationForest; Mahalanobis; 单变量IQR+3σ; 残差,4.563,60,残差异常：采煤机_油泵_右电机_电流 偏高（残差 Z-score=4.6，实际=54.0 vs 预测=17.8）
298,2024-04-03 18:38:00,2024-04-03 18:38:00,1.0,空载运行,IsolationForest; Mahalanobis; 单变量IQR+3σ; 残差,3.47,30,残差异常：采煤机_截割部位_右滚筒_电机_温度 偏高（残差 Z-score=3.5，实际=68.0 vs 预测=62.0）
299,2024-04-03 18:51:00,2024-04-03 18:51:00,1.0,停机,IsolationForest; Mahalanobis; 单变量IQR+3σ; 残差,4.289,30,正常
300,2024-04-03 19:05:00,2024-04-03 19:05:00,1.0,停机,IsolationForest; Mahalanobis; 单变量IQR+3σ; 残差,7.414,30,正常
301,2024-04-03 19:14:00,2024-04-03 19:14:00,1.0,停机,IsolationForest; Mahalanobis; 单变量IQR+3σ; 残差,7.405,30,正常
302,2024-04-03 19:18:00,2024-04-03 19:18:00,1.0,停机,IsolationForest; Mahalanobis; 单变量IQR+3σ; 残差,4.21,30,正常
303,2024-04-03 19:21:00,2024-04-03 19:23:00,3.0,停机,IsolationForest; Mahalanobis; 单变量IQR+3σ; 残差,5.925,90,残差异常：采煤机_油泵_右电机_电流 偏高（残差 Z-score=5.9，实际=54.0 vs 预测=7.0）
304,2024-04-03 19:26:00,2024-04-03 19:26:00,1.0,停机,IsolationForest; Mahalanobis; 单变量IQR+3σ; 残差,5.055,30,正常
305,2024-04-03 20:05:00,2024-04-03 20:09:00,5.0,停机,IsolationForest; Mahalanobis; 单变量IQR+3σ; 残差,22.361,150,Mahalanobis 距离=22.4（阈值=18.5）。主要贡献特征：PC4 (55.9%); PC3 (34.7%); PC2 (9.2%)。
306,2024-04-03 20:11:00,2024-04-03 20:12:00,2.0,停机,IsolationForest; Mahalanobis; 单变量IQR+3σ; 残差,5.118,60,残差异常：采煤机_油泵_右电机_电流 偏高（残差 Z-score=5.1，实际=62.0 vs 预测=21.4）
307,2024-04-03 20:23:00,2024-04-03 20:23:00,1.0,停机,IsolationForest; Mahalanobis; 单变量IQR+3σ; 残差,5.115,30,正常
308,2024-04-03 20:33:00,2024-04-03 20:33:00,1.0,停机,IsolationForest; Mahalanobis; 单变量IQR+3σ; 残差,4.713,30,正常
309,2024-04-03 20:50:00,2024-04-03 20:50:00,1.0,停机,IsolationForest; Mahalanobis; 单变量IQR+3σ; 残差,3.91,30,正常
310,2024-04-03 20:58:00,2024-04-03 21:00:00,3.0,空载运行,IsolationForest; Mahalanobis; 单变量IQR+3σ; 残差,4.975,90,残差异常：采煤机_截割部位_右滚筒_电机_温度 偏高（残差 Z-score=5.0，实际=72.0 vs 预测=63.4）
311,2024-04-03 21:37:00,2024-04-03 21:37:00,1.0,停机,IsolationForest; Mahalanobis; 单变量IQR+3σ; 残差,4.224,30,残差异常：采煤机_牵引部位_右电机_电流 偏高（残差 Z-score=4.2，实际=182.0 vs 预测=0.0）
312,2024-04-03 21:42:00,2024-04-03 21:42:00,1.0,停机,IsolationForest; Mahalanobis; 单变量IQR+3σ; 残差,3.983,30,残差异常：采煤机_油泵_右电机_电流 偏高（残差 Z-score=4.0，实际=35.0 vs 预测=3.4）
313,2024-04-03 21:44:00,2024-04-03 21:44:00,1.0,停机,IsolationForest; Mahalanobis; 单变量IQR+3σ; 残差,3.632,30,正常
314,2024-04-03 21:49:00,2024-04-03 21:49:00,1.0,空载运行,IsolationForest; Mahalanobis; 单变量IQR+3σ; 残差,4.442,30,正常
315,2024-04-03 21:56:00,2024-04-03 21:56:00,1.0,空载运行,IsolationForest; Mahalanobis; 单变量IQR+3σ; 残差,4.814,30,正常
316,2024-04-03 22:00:00,2024-04-03 22:00:00,1.0,空载运行,IsolationForest; Mahalanobis; 单变量IQR+3σ; 残差,5.541,30,正常
317,2024-04-03 22:11:00,2024-04-03 22:11:00,1.0,停机,IsolationForest; Mahalanobis; 单变量IQR+3σ; 残差,5.168,30,残差异常：采煤机_油泵_右电机_电流 偏高（残差 Z-score=5.2，实际=58.0 vs 预测=17.0）
318,2024-04-03 22:16:00,2024-04-03 22:16:00,1.0,停机,IsolationForest; Mahalanobis; 单变量IQR+3σ; 残差,12.024,30,正常
319,2024-04-03 22:40:00,2024-04-03 22:40:00,1.0,停机,IsolationForest; Mahalanobis; 单变量IQR+3σ; 残差,9.689,30,正常
320,2024-04-03 22:45:00,2024-04-03 22:49:00,5.0,空载运行,IsolationForest; Mahalanobis; 单变量IQR+3σ; 残差,6.842,150,残差异常：采煤机_截割部位_左滚筒_电机_温度 偏高（残差 Z-score=6.8，实际=86.0 vs 预测=71.2）
321,2024-04-03 22:55:00,2024-04-03 22:55:00,1.0,停机,IsolationForest; Mahalanobis; 单变量IQR+3σ; 残差,4.302,30,正常
322,2024-04-03 23:19:00,2024-04-03 23:19:00,1.0,停机,IsolationForest; Mahalanobis; 单变量IQR+3σ; 残差,3.555,30,残差异常：采煤机_油泵_右电机_电流 偏高（残差 Z-score=3.6，实际=46.0 vs 预测=17.8）
323,2024-04-03 23:24:00,2024-04-03 23:24:00,1.0,停机,IsolationForest; Mahalanobis; 单变量IQR+3σ; 残差,5.876,30,正常
324,2024-04-03 23:27:00,2024-04-03 23:32:00,6.0,停机,IsolationForest; Mahalanobis; 单变量IQR+3σ; 残差,47.721,180,Mahalanobis 距离=47.7（阈值=18.5）。主要贡献特征：PC2 (93.6%); PC3 (5.2%)。
325,2024-04-03 23:57:00,2024-04-03 23:59:00,3.0,空载运行,IsolationForest; Mahalanobis; 单变量IQR+3σ; 残差,6.619,90,正常
326,2024-04-04 00:04:00,2024-04-04 00:04:00,1.0,空载运行,IsolationForest; Mahalanobis; 单变量IQR+3σ; 残差,1.436,30,正常
327,2024-04-04 00:25:00,2024-04-04 00:25:00,1.0,停机,IsolationForest; Mahalanobis; 单变量IQR+3σ; 残差,10.406,30,正常
328,2024-04-04 00:35:00,2024-04-04 00:35:00,1.0,停机,IsolationForest; Mahalanobis; 单变量IQR+3σ; 残差,3.207,30,残差异常：采煤机_牵引部位_右电机_电流 偏高（残差 Z-score=3.2，实际=186.0 vs 预测=47.8）
329,2024-04-04 00:38:00,2024-04-04 00:38:00,1.0,停机,IsolationForest; Mahalanobis; 单变量IQR+3σ; 残差,7.164,30,正常
330,2024-04-04 00:41:00,2024-04-04 00:42:00,2.0,停机,IsolationForest; Mahalanobis; 单变量IQR+3σ; 残差,13.281,60,正常
331,2024-04-04 00:47:00,2024-04-04 00:47:00,1.0,空载运行,IsolationForest; Mahalanobis; 单变量IQR+3σ; 残差,7.605,30,正常
332,2024-04-04 01:19:00,2024-04-04 01:21:00,3.0,空载运行,IsolationForest; Mahalanobis; 单变量IQR+3σ; 残差,5.755,90,正常
333,2024-04-04 01:30:00,2024-04-04 01:30:00,1.0,停机,IsolationForest; Mahalanobis; 单变量IQR+3σ; 残差,5.268,30,正常
334,2024-04-04 01:35:00,2024-04-04 01:35:00,1.0,空载运行,IsolationForest; Mahalanobis; 单变量IQR+3σ; 残差,3.55,30,正常
335,2024-04-04 01:38:00,2024-04-04 01:38:00,1.0,空载运行,IsolationForest; Mahalanobis; 单变量IQR+3σ; 残差,4.391,30,正常
336,2024-04-04 01:42:00,2024-04-04 01:42:00,1.0,空载运行,IsolationForest; Mahalanobis; 单变量IQR+3σ; 残差,5.764,30,正常
337,2024-04-04 01:44:00,2024-04-04 01:44:00,1.0,停机,IsolationForest; Mahalanobis; 单变量IQR+3σ; 残差,3.554,30,正常
338,2024-04-04 01:49:00,2024-04-04 01:49:00,1.0,空载运行,IsolationForest; Mahalanobis; 单变量IQR+3σ; 残差,5.424,30,残差异常：采煤机_油泵_右电机_电流 偏高（残差 Z-score=5.4，实际=52.0 vs 预测=17.4）
339,2024-04-04 01:58:00,2024-04-04 01:58:00,1.0,空载运行,IsolationForest; Mahalanobis; 单变量IQR+3σ; 残差,4.845,30,残差异常：采煤机_油泵_左电机_电流 偏高（残差 Z-score=4.8，实际=51.0 vs 预测=17.0）
340,2024-04-04 02:01:00,2024-04-04 02:03:00,3.0,停机,IsolationForest; Mahalanobis; 单变量IQR+3σ; 残差,6.382,90,正常
341,2024-04-04 03:37:00,2024-04-04 03:42:00,6.0,停机,IsolationForest; Mahalanobis; 单变量IQR+3σ; 残差,57.493,180,Mahalanobis 距离=57.5（阈值=18.5）。主要贡献特征：PC4 (89.8%); PC3 (9.7%)。
342,2024-04-04 03:50:00,2024-04-04 03:50:00,1.0,空载运行,IsolationForest; Mahalanobis; 单变量IQR+3σ; 残差,3.313,30,正常
343,2024-04-04 03:54:00,2024-04-04 03:54:00,1.0,空载运行,IsolationForest; Mahalanobis; 单变量IQR+3σ; 残差,4.963,30,正常
344,2024-04-04 04:00:00,2024-04-04 04:01:00,2.0,空载运行,IsolationForest; Mahalanobis; 单变量IQR+3σ; 残差,2.131,60,正常
345,2024-04-04 04:05:00,2024-04-04 04:07:00,3.0,空载运行,IsolationForest; Mahalanobis; 单变量IQR+3σ; 残差,4.606,90,残差异常：采煤机_破碎机_电机_电流 偏高（残差 Z-score=4.6，实际=28.0 vs 预测=0.0）
346,2024-04-04 04:13:00,2024-04-04 04:16:00,4.0,停机,IsolationForest; Mahalanobis; 单变量IQR+3σ; 残差,6.298,120,正常
347,2024-04-04 04:29:00,2024-04-04 04:29:00,1.0,停机,IsolationForest; Mahalanobis; 单变量IQR+3σ; 残差,3.404,30,残差异常：采煤机_油泵_右电机_电流 偏高（残差 Z-score=3.4，实际=27.0 vs 预测=0.0）
348,2024-04-04 04:35:00,2024-04-04 04:35:00,1.0,空载运行,IsolationForest; Mahalanobis; 单变量IQR+3σ; 残差,5.044,30,残差异常：采煤机_油泵_左电机_电流 偏高（残差 Z-score=5.0，实际=53.0 vs 预测=17.6）
349,2024-04-04 04:39:00,2024-04-04 04:39:00,1.0,停机,IsolationForest; Mahalanobis; 单变量IQR+3σ; 残差,8.135,30,正常
350,2024-04-04 04:43:00,2024-04-04 04:43:00,1.0,空载运行,IsolationForest; Mahalanobis; 单变量IQR+3σ; 残差,4.827,30,正常
351,2024-04-04 04:48:00,2024-04-04 04:48:00,1.0,空载运行,IsolationForest; Mahalanobis; 单变量IQR+3σ; 残差,6.369,30,正常
352,2024-04-04 04:54:00,2024-04-04 04:54:00,1.0,空载运行,IsolationForest; Mahalanobis; 单变量IQR+3σ; 残差,9.932,30,正常
353,2024-04-04 04:58:00,2024-04-04 04:58:00,1.0,停机,IsolationForest; Mahalanobis; 单变量IQR+3σ; 残差,4.467,30,残差异常：采煤机_油泵_左电机_电流 偏高（残差 Z-score=4.5，实际=55.0 vs 预测=17.8）
354,2024-04-04 05:25:00,2024-04-04 05:25:00,1.0,停机,IsolationForest; Mahalanobis; 单变量IQR+3σ; 残差,5.168,30,残差异常：采煤机_油泵_右电机_电流 偏高（残差 Z-score=5.2，实际=59.0 vs 预测=18.0）
355,2024-04-04 05:34:00,2024-04-04 05:34:00,1.0,空载运行,IsolationForest; Mahalanobis; 单变量IQR+3σ; 残差,3.601,30,残差异常：采煤机_油泵_右电机_温度 偏高（残差 Z-score=3.6，实际=54.0 vs 预测=49.8）
356,2024-04-04 05:37:00,2024-04-04 05:37:00,1.0,空载运行,IsolationForest; Mahalanobis; 单变量IQR+3σ; 残差,6.239,30,残差异常：采煤机_油泵_右电机_电流 偏高（残差 Z-score=6.2，实际=54.0 vs 预测=14.2）
357,2024-04-04 05:40:00,2024-04-04 05:40:00,1.0,停机,IsolationForest; Mahalanobis; 单变量IQR+3σ; 残差,3.148,30,正常
358,2024-04-04 05:56:00,2024-04-04 05:56:00,1.0,停机,IsolationForest; Mahalanobis; 单变量IQR+3σ; 残差,3.311,30,残差异常：采煤机_破碎机_电机_温度 偏高（残差 Z-score=3.3，实际=58.0 vs 预测=46.4）
359,2024-04-04 06:01:00,2024-04-04 06:01:00,1.0,空载运行,IsolationForest; Mahalanobis; 单变量IQR+3σ; 残差,4.832,30,正常
360,2024-04-04 06:24:00,2024-04-04 06:24:00,1.0,停机,IsolationForest; Mahalanobis; 单变量IQR+3σ; 残差,12.798,30,正常
361,2024-04-04 06:31:00,2024-04-04 06:31:00,1.0,停机,IsolationForest; Mahalanobis; 单变量IQR+3σ; 残差,6.576,30,正常
362,2024-04-04 06:36:00,2024-04-04 06:36:00,1.0,停机,IsolationForest; Mahalanobis; 单变量IQR+3σ; 残差,4.989,30,正常
363,2024-04-04 06:43:00,2024-04-04 06:43:00,1.0,空载运行,IsolationForest; Mahalanobis; 单变量IQR+3σ; 残差,6.859,30,正常
364,2024-04-04 06:55:00,2024-04-04 06:55:00,1.0,空载运行,IsolationForest; Mahalanobis; 单变量IQR+3σ; 残差,3.975,30,正常
365,2024-04-04 07:01:00,2024-04-04 07:03:00,3.0,空载运行,IsolationForest; Mahalanobis; 单变量IQR+3σ; 残差,6.555,90,正常
366,2024-04-04 07:26:00,2024-04-04 07:26:00,1.0,停机,IsolationForest; Mahalanobis; 单变量IQR+3σ; 残差,3.397,30,残差异常：采煤机_牵引部位_左电机_电流 偏高（残差 Z-score=3.4，实际=146.0 vs 预测=0.0）
367,2024-04-04 07:28:00,2024-04-04 07:28:00,1.0,空载运行,IsolationForest; Mahalanobis; 单变量IQR+3σ; 残差,3.326,30,正常
368,2024-04-04 07:33:00,2024-04-04 07:33:00,1.0,空载运行,IsolationForest; Mahalanobis; 单变量IQR+3σ; 残差,3.455,30,正常
369,2024-04-04 07:37:00,2024-04-04 07:41:00,5.0,停机,IsolationForest; Mahalanobis; 单变量IQR+3σ; 残差,49.251,150,Mahalanobis 距离=49.3（阈值=18.5）。主要贡献特征：PC4 (63.5%); PC3 (27.9%); PC2 (8.6%)。
370,2024-04-04 07:43:00,2024-04-04 07:43:00,1.0,空载运行,IsolationForest; Mahalanobis; 单变量IQR+3σ; 残差,1.696,30,正常
371,2024-04-04 07:55:00,2024-04-04 07:55:00,1.0,空载运行,IsolationForest; Mahalanobis; 单变量IQR+3σ; 残差,3.277,30,残差异常：采煤机_油泵_左电机_电流 偏高（残差 Z-score=3.3，实际=40.0 vs 预测=17.0）
372,2024-04-04 08:00:00,2024-04-04 08:00:00,1.0,空载运行,IsolationForest; Mahalanobis; 单变量IQR+3σ; 残差,2.302,30,正常
373,2024-04-04 08:04:00,2024-04-04 08:13:00,10.0,停机,IsolationForest; Mahalanobis; 单变量IQR+3σ; 残差,4.566,300,正常
374,2024-04-04 08:18:00,2024-04-04 08:21:00,4.0,空载运行,IsolationForest; Mahalanobis; 单变量IQR+3σ; 残差,4.771,120,残差异常：采煤机_破碎机_电机_电流 偏高（残差 Z-score=4.8，实际=29.0 vs 预测=0.0）
375,2024-04-04 08:23:00,2024-04-04 08:23:00,1.0,空载运行,IsolationForest; Mahalanobis; 单变量IQR+3σ; 残差,2.571,30,正常
376,2024-04-04 08:26:00,2024-04-04 08:26:00,1.0,停机,IsolationForest; Mahalanobis; 单变量IQR+3σ; 残差,8.068,30,残差异常：采煤机_油泵_右电机_电流 偏高（残差 Z-score=8.1，实际=64.0 vs 预测=0.0）
377,2024-04-04 08:31:00,2024-04-04 08:31:00,1.0,空载运行,IsolationForest; Mahalanobis; 单变量IQR+3σ; 残差,3.458,30,残差异常：采煤机_牵引部位_左电机_电流 偏高（残差 Z-score=3.5，实际=155.0 vs 预测=14.2）
378,2024-04-04 08:35:00,2024-04-04 08:36:00,2.0,空载运行,IsolationForest; Mahalanobis; 单变量IQR+3σ; 残差,4.263,60,正常
379,2024-04-04 08:44:00,2024-04-04 08:45:00,2.0,空载运行,IsolationForest; Mahalanobis; 单变量IQR+3σ; 残差,5.8,60,残差异常：采煤机_油泵_右电机_电流 偏高（残差 Z-score=5.8，实际=55.0 vs 预测=18.0）
380,2024-04-04 08:47:00,2024-04-04 08:47:00,1.0,空载运行,IsolationForest; Mahalanobis; 单变量IQR+3σ; 残差,2.067,30,正常
381,2024-04-04 08:54:00,2024-04-04 08:57:00,4.0,空载运行,IsolationForest; Mahalanobis; 单变量IQR+3σ; 残差,4.672,120,残差异常：采煤机_破碎机_电机_电流 偏高（残差 Z-score=4.7，实际=40.0 vs 预测=11.6）
382,2024-04-04 09:08:00,2024-04-04 09:10:00,3.0,空载运行,IsolationForest; Mahalanobis; 单变量IQR+3σ; 残差,1.558,90,正常
383,2024-04-04 13:11:00,2024-04-04 13:54:00,44.0,停机,IsolationForest; Mahalanobis; 单变量IQR+3σ; 残差,12.024,1320,残差异常：采煤机_油泵_右电机_温度 偏高（残差 Z-score=12.0，实际=36.0 vs 预测=0.0）
384,2024-04-04 13:56:00,2024-04-04 14:01:00,6.0,停机,IsolationForest; Mahalanobis; 单变量IQR+3σ; 残差,58.039,180,Mahalanobis 距离=58.0（阈值=18.5）。主要贡献特征：PC2 (66.3%); PC3 (32.9%)。
385,2024-04-04 14:43:00,2024-04-04 14:43:00,1.0,空载运行,IsolationForest; Mahalanobis; 单变量IQR+3σ; 残差,1.093,30,正常
386,2024-04-04 14:55:00,2024-04-04 15:11:00,17.0,空载运行,IsolationForest; Mahalanobis; 单变量IQR+3σ; 残差,4.771,510,残差异常：采煤机_破碎机_电机_电流 偏高（残差 Z-score=4.8，实际=29.0 vs 预测=0.0）
387,2024-04-04 15:15:00,2024-04-04 15:15:00,1.0,停机,IsolationForest; Mahalanobis; 单变量IQR+3σ; 残差,6.388,30,残差异常：采煤机_油泵_左电机_电流 偏高（残差 Z-score=6.4，实际=57.0 vs 预测=3.8）
388,2024-04-04 15:27:00,2024-04-04 15:32:00,6.0,停机,IsolationForest; Mahalanobis; 单变量IQR+3σ; 残差,2.395,180,正常
389,2024-04-04 15:35:00,2024-04-04 15:35:00,1.0,停机,IsolationForest; Mahalanobis; 单变量IQR+3σ; 残差,4.659,30,残差异常：采煤机_油泵_左电机_电流 偏高（残差 Z-score=4.7，实际=50.0 vs 预测=11.2）
390,2024-04-04 15:39:00,2024-04-04 15:41:00,3.0,空载运行,IsolationForest; Mahalanobis; 单变量IQR+3σ; 残差,3.944,90,残差异常：采煤机_油泵_右电机_温度 偏高（残差 Z-score=3.9，实际=41.0 vs 预测=36.4）
391,2024-04-04 15:49:00,2024-04-04 15:50:00,2.0,停机,IsolationForest; Mahalanobis; 单变量IQR+3σ; 残差,11.315,60,正常
392,2024-04-04 15:54:00,2024-04-04 15:54:00,1.0,停机,IsolationForest; Mahalanobis; 单变量IQR+3σ; 残差,17.386,30,正常
393,2024-04-04 16:09:00,2024-04-04 16:09:00,1.0,停机,IsolationForest; Mahalanobis; 单变量IQR+3σ; 残差,4.614,30,残差异常：采煤机_油泵_右电机_电流 偏高（残差 Z-score=4.6，实际=55.0 vs 预测=18.4）
394,2024-04-04 16:13:00,2024-04-04 16:16:00,4.0,空载运行,IsolationForest; Mahalanobis; 单变量IQR+3σ; 残差,8.322,120,残差异常：采煤机_截割部位_左滚筒_电机_温度 偏高（残差 Z-score=8.3，实际=70.0 vs 预测=52.0）
395,2024-04-04 16:28:00,2024-04-04 16:28:00,1.0,空载运行,IsolationForest; Mahalanobis; 单变量IQR+3σ; 残差,2.72,30,正常
396,2024-04-04 16:39:00,2024-04-04 16:39:00,1.0,空载运行,IsolationForest; Mahalanobis; 单变量IQR+3σ; 残差,2.847,30,正常
397,2024-04-04 16:45:00,2024-04-04 16:47:00,3.0,停机,IsolationForest; Mahalanobis; 单变量IQR+3σ; 残差,6.337,90,残差异常：采煤机_破碎机_电机_温度 偏高（残差 Z-score=6.3，实际=57.0 vs 预测=34.8）
398,2024-04-04 16:52:00,2024-04-04 16:52:00,1.0,停机,IsolationForest; Mahalanobis; 单变量IQR+3σ; 残差,5.9,30,残差异常：采煤机_油泵_右电机_电流 偏高（残差 Z-score=5.9，实际=65.0 vs 预测=18.2）
399,2024-04-04 16:56:00,2024-04-04 16:56:00,1.0,空载运行,IsolationForest; Mahalanobis; 单变量IQR+3σ; 残差,3.429,30,残差异常：采煤机_油泵_右电机_温度 偏高（残差 Z-score=3.4，实际=52.0 vs 预测=48.0）
400,2024-04-04 17:40:00,2024-04-04 17:41:00,2.0,停机,IsolationForest; Mahalanobis; 单变量IQR+3σ; 残差,6.819,60,正常
401,2024-04-04 17:45:00,2024-04-04 17:45:00,1.0,停机,IsolationForest; Mahalanobis; 单变量IQR+3σ; 残差,8.721,30,正常
402,2024-04-04 17:54:00,2024-04-04 17:54:00,1.0,停机,IsolationForest; Mahalanobis; 单变量IQR+3σ; 残差,4.912,30,正常
403,2024-04-04 18:00:00,2024-04-04 18:00:00,1.0,停机,IsolationForest; Mahalanobis; 单变量IQR+3σ; 残差,7.14,30,正常
404,2024-04-04 18:06:00,2024-04-04 18:06:00,1.0,停机,IsolationForest; Mahalanobis; 单变量IQR+3σ; 残差,18.053,30,正常
405,2024-04-04 18:08:00,2024-04-04 18:08:00,1.0,停机,IsolationForest; Mahalanobis; 单变量IQR+3σ; 残差,12.624,30,正常
406,2024-04-04 18:13:00,2024-04-04 18:13:00,1.0,停机,IsolationForest; Mahalanobis; 单变量IQR+3σ; 残差,7.717,30,正常
407,2024-04-04 18:16:00,2024-04-04 18:17:00,2.0,停机,IsolationForest; Mahalanobis; 单变量IQR+3σ; 残差,19.378,60,Mahalanobis 距离=19.4（阈值=18.5）。主要贡献特征：PC3 (43.3%); PC4 (42.0%); PC2 (14.4%)。
408,2024-04-04 18:26:00,2024-04-04 18:26:00,1.0,停机,IsolationForest; Mahalanobis; 单变量IQR+3σ; 残差,4.261,30,残差异常：采煤机_油泵_右电机_电流 偏高（残差 Z-score=4.3，实际=53.0 vs 预测=19.2）
409,2024-04-04 18:39:00,2024-04-04 18:39:00,1.0,空载运行,IsolationForest; Mahalanobis; 单变量IQR+3σ; 残差,5.074,30,正常
410,2024-04-04 18:47:00,2024-04-04 18:47:00,1.0,空载运行,IsolationForest; Mahalanobis; 单变量IQR+3σ; 残差,2.592,30,正常
411,2024-04-04 19:03:00,2024-04-04 19:05:00,3.0,停机,IsolationForest; Mahalanobis; 单变量IQR+3σ; 残差,5.995,90,残差异常：采煤机_破碎机_电机_温度 偏高（残差 Z-score=6.0，实际=57.0 vs 预测=36.0）
412,2024-04-04 19:09:00,2024-04-04 19:09:00,1.0,停机,IsolationForest; Mahalanobis; 单变量IQR+3σ; 残差,4.362,30,残差异常：采煤机_油泵_右电机_电流 偏高（残差 Z-score=4.4，实际=52.0 vs 预测=17.4）
413,2024-04-04 19:17:00,2024-04-04 19:17:00,1.0,停机,IsolationForest; Mahalanobis; 单变量IQR+3σ; 残差,4.463,30,残差异常：采煤机_油泵_右电机_电流 偏高（残差 Z-score=4.5，实际=54.0 vs 预测=18.6）
414,2024-04-04 19:19:00,2024-04-04 19:19:00,1.0,停机,IsolationForest; Mahalanobis; 单变量IQR+3σ; 残差,3.578,30,残差异常：采煤机_油泵_左电机_电流 偏高（残差 Z-score=3.6，实际=47.0 vs 预测=17.2）
415,2024-04-04 19:24:00,2024-04-04 19:24:00,1.0,空载运行,IsolationForest; Mahalanobis; 单变量IQR+3σ; 残差,2.672,30,正常
416,2024-04-04 19:28:00,2024-04-04 19:28:00,1.0,停机,IsolationForest; Mahalanobis; 单变量IQR+3σ; 残差,4.368,30,正常
417,2024-04-04 19:35:00,2024-04-04 19:35:00,1.0,停机,IsolationForest; Mahalanobis; 单变量IQR+3σ; 残差,7.227,30,正常
418,2024-04-04 19:49:00,2024-04-04 19:49:00,1.0,空载运行,IsolationForest; Mahalanobis; 单变量IQR+3σ; 残差,1.85,30,正常
419,2024-04-04 19:51:00,2024-04-04 19:51:00,1.0,空载运行,IsolationForest; Mahalanobis; 单变量IQR+3σ; 残差,4.096,30,正常
420,2024-04-04 19:58:00,2024-04-04 19:58:00,1.0,停机,IsolationForest; Mahalanobis; 单变量IQR+3σ; 残差,6.076,30,残差异常：采煤机_油泵_右电机_电流 偏高（残差 Z-score=6.1，实际=55.0 vs 预测=6.8）
421,2024-04-04 20:07:00,2024-04-04 20:07:00,1.0,停机,IsolationForest; Mahalanobis; 单变量IQR+3σ; 残差,8.586,30,正常
422,2024-04-04 20:13:00,2024-04-04 20:13:00,1.0,停机,IsolationForest; Mahalanobis; 单变量IQR+3σ; 残差,10.406,30,正常
423,2024-04-04 20:30:00,2024-04-04 20:30:00,1.0,停机,IsolationForest; Mahalanobis; 单变量IQR+3σ; 残差,7.29,30,正常
424,2024-04-04 20:32:00,2024-04-04 20:32:00,1.0,停机,IsolationForest; Mahalanobis; 单变量IQR+3σ; 残差,4.248,30,正常
425,2024-04-04 20:37:00,2024-04-04 20:37:00,1.0,停机,IsolationForest; Mahalanobis; 单变量IQR+3σ; 残差,3.43,30,残差异常：采煤机_牵引部位_左电机_电流 偏高（残差 Z-score=3.4，实际=195.0 vs 预测=47.6）
426,2024-04-04 20:47:00,2024-04-04 20:47:00,1.0,空载运行,IsolationForest; Mahalanobis; 单变量IQR+3σ; 残差,8.621,30,正常
427,2024-04-04 20:51:00,2024-04-04 20:51:00,1.0,带载运行,IsolationForest; Mahalanobis; 单变量IQR+3σ; 残差,3.141,30,正常
428,2024-04-04 20:54:00,2024-04-04 20:54:00,1.0,停机,IsolationForest; Mahalanobis; 单变量IQR+3σ; 残差,11.951,30,正常
429,2024-04-04 20:56:00,2024-04-04 20:58:00,3.0,空载运行,IsolationForest; Mahalanobis; 单变量IQR+3σ; 残差,8.047,90,正常
430,2024-04-04 21:01:00,2024-04-04 21:02:00,2.0,空载运行,IsolationForest; Mahalanobis; 单变量IQR+3σ; 残差,11.888,60,正常
431,2024-04-04 21:08:00,2024-04-04 21:09:00,2.0,空载运行,IsolationForest; Mahalanobis; 单变量IQR+3σ; 残差,5.429,60,残差异常：采煤机_破碎机_电机_电流 偏高（残差 Z-score=5.4，实际=33.0 vs 预测=0.0）
432,2024-04-04 21:15:00,2024-04-04 21:15:00,1.0,空载运行,IsolationForest; Mahalanobis; 单变量IQR+3σ; 残差,3.302,30,正常
433,2024-04-04 21:30:00,2024-04-04 21:30:00,1.0,空载运行,IsolationForest; Mahalanobis; 单变量IQR+3σ; 残差,6.164,30,正常
434,2024-04-04 21:44:00,2024-04-04 21:45:00,2.0,停机,IsolationForest; Mahalanobis; 单变量IQR+3σ; 残差,6.166,60,残差异常：采煤机_破碎机_电机_温度 偏高（残差 Z-score=6.2，实际=64.0 vs 预测=42.4）
435,2024-04-04 21:55:00,2024-04-04 21:55:00,1.0,停机,IsolationForest; Mahalanobis; 单变量IQR+3σ; 残差,5.932,30,残差异常：采煤机_油泵_左电机_电流 偏高（残差 Z-score=5.9，实际=66.0 vs 预测=16.6）
436,2024-04-04 21:58:00,2024-04-04 21:58:00,1.0,停机,IsolationForest; Mahalanobis; 单变量IQR+3σ; 残差,3.09,30,正常
437,2024-04-04 22:03:00,2024-04-04 22:04:00,2.0,停机,IsolationForest; Mahalanobis; 单变量IQR+3σ; 残差,3.889,60,残差异常：采煤机_牵引部位_右电机_电流 偏高（残差 Z-score=3.9，实际=195.0 vs 预测=27.4）
438,2024-04-04 22:09:00,2024-04-04 22:10:00,2.0,空载运行,IsolationForest; Mahalanobis; 单变量IQR+3σ; 残差,4.551,60,正常
439,2024-04-04 22:13:00,2024-04-04 22:13:00,1.0,空载运行,IsolationForest; Mahalanobis; 单变量IQR+3σ; 残差,1.96,30,正常
440,2024-04-04 22:29:00,2024-04-04 22:33:00,5.0,停机,IsolationForest; Mahalanobis; 单变量IQR+3σ; 残差,25.884,150,Mahalanobis 距离=25.9（阈值=18.5）。主要贡献特征：PC4 (56.9%); PC3 (33.3%); PC2 (9.8%)。
441,2024-04-04 22:35:00,2024-04-04 22:35:00,1.0,停机,IsolationForest; Mahalanobis; 单变量IQR+3σ; 残差,13.034,30,正常
442,2024-04-04 22:47:00,2024-04-04 22:48:00,2.0,空载运行,IsolationForest; Mahalanobis; 单变量IQR+3σ; 残差,6.798,60,正常
443,2024-04-04 22:54:00,2024-04-04 22:55:00,2.0,停机,IsolationForest; Mahalanobis; 单变量IQR+3σ; 残差,3.709,60,正常
444,2024-04-04 23:01:00,2024-04-04 23:02:00,2.0,停机,IsolationForest; Mahalanobis; 单变量IQR+3σ; 残差,4.549,60,正常
445,2024-04-04 23:06:00,2024-04-04 23:07:00,2.0,停机,IsolationForest; Mahalanobis; 单变量IQR+3σ; 残差,12.153,60,正常
446,2024-04-04 23:09:00,2024-04-04 23:09:00,1.0,停机,IsolationForest; Mahalanobis; 单变量IQR+3σ; 残差,18.233,30,正常
447,2024-04-04 23:11:00,2024-04-04 23:11:00,1.0,空载运行,IsolationForest; Mahalanobis; 单变量IQR+3σ; 残差,13.661,30,正常
448,2024-04-04 23:15:00,2024-04-04 23:15:00,1.0,停机,IsolationForest; Mahalanobis; 单变量IQR+3σ; 残差,5.239,30,正常
449,2024-04-04 23:17:00,2024-04-04 23:18:00,2.0,停机,IsolationForest; Mahalanobis; 单变量IQR+3σ; 残差,6.208,60,正常
450,2024-04-04 23:22:00,2024-04-04 23:22:00,1.0,停机,IsolationForest; Mahalanobis; 单变量IQR+3σ; 残差,6.965,30,正常
451,2024-04-04 23:24:00,2024-04-04 23:24:00,1.0,停机,IsolationForest; Mahalanobis; 单变量IQR+3σ; 残差,5.898,30,正常
452,2024-04-04 23:26:00,2024-04-04 23:26:00,1.0,空载运行,IsolationForest; Mahalanobis; 单变量IQR+3σ; 残差,7.869,30,残差异常：采煤机_油泵_右电机_电流 偏高（残差 Z-score=7.9，实际=67.0 vs 预测=16.8）
453,2024-04-04 23:28:00,2024-04-04 23:32:00,5.0,空载运行,IsolationForest; Mahalanobis; 单变量IQR+3σ; 残差,9.584,150,正常
454,2024-04-04 23:35:00,2024-04-04 23:38:00,4.0,空载运行,IsolationForest; Mahalanobis; 单变量IQR+3σ; 残差,7.928,120,正常
455,2024-04-04 23:41:00,2024-04-04 23:41:00,1.0,空载运行,IsolationForest; Mahalanobis; 单变量IQR+3σ; 残差,9.949,30,正常
456,2024-04-04 23:47:00,2024-04-04 23:48:00,2.0,空载运行,IsolationForest; Mahalanobis; 单变量IQR+3σ; 残差,6.416,60,残差异常：采煤机_破碎机_电机_电流 偏高（残差 Z-score=6.4，实际=39.0 vs 预测=0.0）
457,2024-04-04 23:50:00,2024-04-04 23:50:00,1.0,空载运行,IsolationForest; Mahalanobis; 单变量IQR+3σ; 残差,4.117,30,正常
458,2024-04-04 23:56:00,2024-04-04 23:57:00,2.0,空载运行,IsolationForest; Mahalanobis; 单变量IQR+3σ; 残差,1.856,60,正常
459,2024-04-05 00:02:00,2024-04-05 00:06:00,5.0,空载运行,IsolationForest; Mahalanobis; 单变量IQR+3σ; 残差,5.758,150,残差异常：采煤机_破碎机_电机_电流 偏高（残差 Z-score=5.8，实际=35.0 vs 预测=0.0）
460,2024-04-05 00:10:00,2024-04-05 00:10:00,1.0,空载运行,IsolationForest; Mahalanobis; 单变量IQR+3σ; 残差,4.015,30,正常
461,2024-04-05 00:20:00,2024-04-05 00:20:00,1.0,空载运行,IsolationForest; Mahalanobis; 单变量IQR+3σ; 残差,4.332,30,残差异常：采煤机_油泵_左电机_电流 偏高（残差 Z-score=4.3，实际=51.0 vs 预测=20.6）
462,2024-04-05 00:22:00,2024-04-05 00:22:00,1.0,空载运行,IsolationForest; Mahalanobis; 单变量IQR+3σ; 残差,3.521,30,残差异常：采煤机_破碎机_电机_电流 偏高（残差 Z-score=3.5，实际=48.0 vs 预测=26.6）
463,2024-04-05 00:26:00,2024-04-05 00:26:00,1.0,空载运行,IsolationForest; Mahalanobis; 单变量IQR+3σ; 残差,5.699,30,残差异常：采煤机_油泵_左电机_电流 偏高（残差 Z-score=5.7，实际=57.0 vs 预测=17.0）
464,2024-04-05 00:31:00,2024-04-05 00:31:00,1.0,空载运行,IsolationForest; Mahalanobis; 单变量IQR+3σ; 残差,3.554,30,残差异常：采煤机_破碎机_电机_电流 偏高（残差 Z-score=3.6，实际=49.0 vs 预测=27.4）
465,2024-04-05 00:55:00,2024-04-05 01:01:00,7.0,停机,IsolationForest; Mahalanobis; 单变量IQR+3σ; 残差,9.018,210,正常
466,2024-04-05 01:06:00,2024-04-05 01:06:00,1.0,停机,IsolationForest; Mahalanobis; 单变量IQR+3σ; 残差,3.045,30,残差异常：采煤机_牵引部位_右电机_电流 偏高（残差 Z-score=3.0，实际=155.0 vs 预测=23.8）
467,2024-04-05 01:08:00,2024-04-05 01:08:00,1.0,停机,IsolationForest; Mahalanobis; 单变量IQR+3σ; 残差,5.884,30,残差异常：采煤机_油泵_左电机_电流 偏高（残差 Z-score=5.9，实际=66.0 vs 预测=17.0）
468,2024-04-05 01:21:00,2024-04-05 01:26:00,6.0,空载运行,IsolationForest; Mahalanobis; 单变量IQR+3σ; 残差,6.364,180,残差异常：采煤机_油泵_右电机_电流 偏高（残差 Z-score=6.4，实际=59.0 vs 预测=18.4）
469,2024-04-05 01:30:00,2024-04-05 01:32:00,3.0,空载运行,IsolationForest; Mahalanobis; 单变量IQR+3σ; 残差,4.771,90,残差异常：采煤机_破碎机_电机_电流 偏高（残差 Z-score=4.8，实际=29.0 vs 预测=0.0）
470,2024-04-05 01:38:00,2024-04-05 01:38:00,1.0,停机,IsolationForest; Mahalanobis; 单变量IQR+3σ; 残差,10.493,30,正常
471,2024-04-05 01:45:00,2024-04-05 01:50:00,6.0,停机,IsolationForest; Mahalanobis; 单变量IQR+3σ; 残差,10.941,180,正常
472,2024-04-05 01:52:00,2024-04-05 01:53:00,2.0,停机,IsolationForest; Mahalanobis; 单变量IQR+3σ; 残差,11.433,60,正常
473,2024-04-05 01:55:00,2024-04-05 01:56:00,2.0,停机,IsolationForest; Mahalanobis; 单变量IQR+3σ; 残差,5.657,60,正常
474,2024-04-05 02:34:00,2024-04-05 02:34:00,1.0,停机,IsolationForest; Mahalanobis; 单变量IQR+3σ; 残差,3.56,30,残差异常：采煤机_牵引部位_右电机_电流 偏高（残差 Z-score=3.6，实际=195.0 vs 预测=41.6）
475,2024-04-05 02:38:00,2024-04-05 02:38:00,1.0,停机,IsolationForest; Mahalanobis; 单变量IQR+3σ; 残差,5.511,30,正常
476,2024-04-05 02:44:00,2024-04-05 02:46:00,3.0,空载运行,IsolationForest; Mahalanobis; 单变量IQR+3σ; 残差,6.953,90,正常
477,2024-04-05 02:52:00,2024-04-05 02:55:00,4.0,空载运行,IsolationForest; Mahalanobis; 单变量IQR+3σ; 残差,10.506,120,正常
478,2024-04-05 02:59:00,2024-04-05 02:59:00,1.0,空载运行,IsolationForest; Mahalanobis; 单变量IQR+3σ; 残差,4.935,30,残差异常：采煤机_破碎机_电机_电流 偏高（残差 Z-score=4.9，实际=30.0 vs 预测=0.0）
479,2024-04-05 03:01:00,2024-04-05 03:01:00,1.0,停机,IsolationForest; Mahalanobis; 单变量IQR+3σ; 残差,6.314,30,正常
480,2024-04-05 03:08:00,2024-04-05 03:11:00,4.0,空载运行,IsolationForest; Mahalanobis; 单变量IQR+3σ; 残差,6.478,120,正常
481,2024-04-05 03:16:00,2024-04-05 03:17:00,2.0,空载运行,IsolationForest; Mahalanobis; 单变量IQR+3σ; 残差,7.582,60,正常
482,2024-04-05 03:22:00,2024-04-05 03:24:00,3.0,停机,IsolationForest; Mahalanobis; 单变量IQR+3σ; 残差,5.709,90,残差异常：采煤机_破碎机_电机_温度 偏高（残差 Z-score=5.7，实际=70.0 vs 预测=50.0）
483,2024-04-05 03:26:00,2024-04-05 03:27:00,2.0,停机,IsolationForest; Mahalanobis; 单变量IQR+3σ; 残差,5.982,60,正常
484,2024-04-05 03:31:00,2024-04-05 03:34:00,4.0,停机,IsolationForest; Mahalanobis; 单变量IQR+3σ; 残差,3.825,120,正常
485,2024-04-05 03:39:00,2024-04-05 03:39:00,1.0,空载运行,IsolationForest; Mahalanobis; 单变量IQR+3σ; 残差,7.054,30,残差异常：采煤机_油泵_右电机_电流 偏高（残差 Z-score=7.1，实际=59.0 vs 预测=14.0）
486,2024-04-05 03:44:00,2024-04-05 03:44:00,1.0,空载运行,IsolationForest; Mahalanobis; 单变量IQR+3σ; 残差,4.987,30,残差异常：采煤机_油泵_左电机_电流 偏高（残差 Z-score=5.0，实际=52.0 vs 预测=17.0）
487,2024-04-05 04:04:00,2024-04-05 04:09:00,6.0,停机,IsolationForest; Mahalanobis; 单变量IQR+3σ; 残差,7.144,180,正常
488,2024-04-05 04:20:00,2024-04-05 04:20:00,1.0,停机,IsolationForest; Mahalanobis; 单变量IQR+3σ; 残差,5.301,30,正常
489,2024-04-05 04:25:00,2024-04-05 04:26:00,2.0,停机,IsolationForest; Mahalanobis; 单变量IQR+3σ; 残差,14.73,60,正常
490,2024-04-05 04:28:00,2024-04-05 04:31:00,4.0,停机,IsolationForest; Mahalanobis; 单变量IQR+3σ; 残差,20.527,120,Mahalanobis 距离=20.5（阈值=18.5）。主要贡献特征：PC4 (54.8%); PC3 (33.8%); PC2 (11.3%)。
491,2024-04-05 04:40:00,2024-04-05 04:40:00,1.0,停机,IsolationForest; Mahalanobis; 单变量IQR+3σ; 残差,4.923,30,残差异常：采煤机_油泵_左电机_电流 偏高（残差 Z-score=4.9，实际=58.0 vs 预测=17.0）
492,2024-04-05 05:11:00,2024-04-05 05:16:00,6.0,停机,IsolationForest; Mahalanobis; 单变量IQR+3σ; 残差,57.722,180,Mahalanobis 距离=57.7（阈值=18.5）。主要贡献特征：PC4 (89.6%); PC3 (8.6%); PC2 (1.8%)。
493,2024-04-05 05:18:00,2024-04-05 05:18:00,1.0,停机,IsolationForest; Mahalanobis; 单变量IQR+3σ; 残差,5.561,30,残差异常：采煤机_牵引部位_左电机_电流 偏高（残差 Z-score=5.6，实际=239.0 vs 预测=0.0）
494,2024-04-05 05:27:00,2024-04-05 05:31:00,5.0,停机,IsolationForest; Mahalanobis; 单变量IQR+3σ; 残差,57.8,150,Mahalanobis 距离=57.8（阈值=18.5）。主要贡献特征：PC2 (71.8%); PC3 (26.5%); PC4 (1.3%)。
495,2024-04-05 05:41:00,2024-04-05 05:45:00,5.0,停机,IsolationForest; Mahalanobis; 单变量IQR+3σ; 残差,1.064,150,正常
496,2024-04-05 05:59:00,2024-04-05 06:01:00,3.0,空载运行,IsolationForest; Mahalanobis; 单变量IQR+3σ; 残差,8.634,90,残差异常：采煤机_油泵_左电机_电流 偏高（残差 Z-score=8.6，实际=64.0 vs 预测=3.4）
497,2024-04-05 06:03:00,2024-04-05 06:05:00,3.0,停机,IsolationForest; Mahalanobis; 单变量IQR+3σ; 残差,4.667,90,正常
498,2024-04-05 06:12:00,2024-04-05 06:12:00,1.0,停机,IsolationForest; Mahalanobis; 单变量IQR+3σ; 残差,4.236,30,残差异常：采煤机_油泵_右电机_电流 偏高（残差 Z-score=4.2，实际=52.0 vs 预测=18.4）
499,2024-04-05 06:15:00,2024-04-05 06:23:00,9.0,停机,IsolationForest; Mahalanobis; 单变量IQR+3σ; 残差,39.356,270,残差异常：采煤机_破碎机_电机_电流 偏高（残差 Z-score=39.4，实际=28.0 vs 预测=0.0）
500,2024-04-05 06:46:00,2024-04-05 06:50:00,5.0,停机,IsolationForest; Mahalanobis; 单变量IQR+3σ; 残差,4.225,150,残差异常：采煤机_破碎机_电机_温度 偏高（残差 Z-score=4.2，实际=63.0 vs 预测=48.2）
501,2024-04-05 06:53:00,2024-04-05 06:53:00,1.0,停机,IsolationForest; Mahalanobis; 单变量IQR+3σ; 残差,3.035,30,残差异常：采煤机_牵引部位_右电机_电流 偏高（残差 Z-score=3.0，实际=190.0 vs 预测=59.2）
502,2024-04-05 07:03:00,2024-04-05 07:04:00,2.0,空载运行,IsolationForest; Mahalanobis; 单变量IQR+3σ; 残差,2.834,60,正常
503,2024-04-05 07:09:00,2024-04-05 07:09:00,1.0,空载运行,IsolationForest; Mahalanobis; 单变量IQR+3σ; 残差,1.045,30,正常
504,2024-04-05 07:13:00,2024-04-05 07:14:00,2.0,空载运行,IsolationForest; Mahalanobis; 单变量IQR+3σ; 残差,0.987,60,正常
505,2024-04-05 07:26:00,2024-04-05 07:26:00,1.0,停机,IsolationForest; Mahalanobis; 单变量IQR+3σ; 残差,4.362,30,残差异常：采煤机_油泵_右电机_电流 偏高（残差 Z-score=4.4，实际=55.0 vs 预测=20.4）
506,2024-04-05 07:36:00,2024-04-05 07:36:00,1.0,空载运行,IsolationForest; Mahalanobis; 单变量IQR+3σ; 残差,4.811,30,残差异常：采煤机_油泵_左电机_温度 偏高（残差 Z-score=4.8，实际=53.0 vs 预测=47.6）
507,2024-04-05 08:03:00,2024-04-05 08:03:00,1.0,停机,IsolationForest; Mahalanobis; 单变量IQR+3σ; 残差,3.807,30,残差异常：采煤机_油泵_右电机_电流 偏高（残差 Z-score=3.8，实际=49.0 vs 预测=18.8）
508,2024-04-05 08:07:00,2024-04-05 08:07:00,1.0,停机,IsolationForest; Mahalanobis; 单变量IQR+3σ; 残差,2.22,30,正常
509,2024-04-05 08:13:00,2024-04-05 08:13:00,1.0,停机,IsolationForest; Mahalanobis; 单变量IQR+3σ; 残差,3.404,30,残差异常：采煤机_油泵_右电机_电流 偏高（残差 Z-score=3.4，实际=27.0 vs 预测=0.0）
510,2024-04-05 08:15:00,2024-04-05 08:16:00,2.0,停机,IsolationForest; Mahalanobis; 单变量IQR+3σ; 残差,3.551,60,残差异常：采煤机_牵引部位_左电机_电流 偏高（残差 Z-score=3.6，实际=173.0 vs 预测=20.4）
511,2024-04-05 08:18:00,2024-04-05 08:18:00,1.0,停机,IsolationForest; Mahalanobis; 单变量IQR+3σ; 残差,1.881,30,正常
512,2024-04-05 08:21:00,2024-04-05 08:21:00,1.0,停机,IsolationForest; Mahalanobis; 单变量IQR+3σ; 残差,1.857,30,正常
513,2024-04-05 08:41:00,2024-04-05 08:41:00,1.0,停机,IsolationForest; Mahalanobis; 单变量IQR+3σ; 残差,3.481,30,残差异常：采煤机_牵引部位_右电机_电流 偏高（残差 Z-score=3.5，实际=150.0 vs 预测=0.0）
514,2024-04-05 09:10:00,2024-04-05 09:10:00,1.0,停机,IsolationForest; Mahalanobis; 单变量IQR+3σ; 残差,3.112,30,正常
515,2024-04-05 09:12:00,2024-04-05 09:12:00,1.0,空载运行,IsolationForest; Mahalanobis; 单变量IQR+3σ; 残差,4.771,30,残差异常：采煤机_破碎机_电机_电流 偏高（残差 Z-score=4.8，实际=29.0 vs 预测=0.0）
516,2024-04-05 09:27:00,2024-04-05 09:27:00,1.0,空载运行,IsolationForest; Mahalanobis; 单变量IQR+3σ; 残差,2.268,30,正常
517,2024-04-05 09:32:00,2024-04-05 09:32:00,1.0,停机,IsolationForest; Mahalanobis; 单变量IQR+3σ; 残差,4.942,30,残差异常：采煤机_油泵_右电机_电流 偏高（残差 Z-score=4.9，实际=57.0 vs 预测=17.8）
518,2024-04-05 09:35:00,2024-04-05 09:35:00,1.0,停机,IsolationForest; Mahalanobis; 单变量IQR+3σ; 残差,5.163,30,残差异常：采煤机_油泵_左电机_电流 偏高（残差 Z-score=5.2，实际=60.0 vs 预测=17.0）
519,2024-04-05 09:50:00,2024-04-05 09:50:00,1.0,停机,IsolationForest; Mahalanobis; 单变量IQR+3σ; 残差,6.931,30,正常
520,2024-04-05 10:02:00,2024-04-05 10:03:00,2.0,空载运行,IsolationForest; Mahalanobis; 单变量IQR+3σ; 残差,5.004,60,正常
521,2024-04-05 10:17:00,2024-04-05 10:19:00,3.0,空载运行,IsolationForest; Mahalanobis; 单变量IQR+3σ; 残差,4.984,90,正常
522,2024-04-05 14:00:00,2024-04-05 15:03:00,64.0,停机,IsolationForest; Mahalanobis; 单变量IQR+3σ; 残差,12.958,1920,残差异常：采煤机_油泵_左电机_温度 偏高（残差 Z-score=13.0，实际=39.0 vs 预测=0.0）
523,2024-04-05 15:38:00,2024-04-05 15:38:00,1.0,停机,IsolationForest; Mahalanobis; 单变量IQR+3σ; 残差,3.656,30,残差异常：采煤机_油泵_右电机_电流 偏高（残差 Z-score=3.7，实际=29.0 vs 预测=0.0）
524,2024-04-05 15:42:00,2024-04-05 15:42:00,1.0,空载运行,IsolationForest; Mahalanobis; 单变量IQR+3σ; 残差,4.771,30,残差异常：采煤机_破碎机_电机_电流 偏高（残差 Z-score=4.8，实际=29.0 vs 预测=0.0）
525,2024-04-05 15:49:00,2024-04-05 15:49:00,1.0,停机,IsolationForest; Mahalanobis; 单变量IQR+3σ; 残差,4.412,30,残差异常：采煤机_油泵_右电机_电流 偏高（残差 Z-score=4.4，实际=35.0 vs 预测=0.0）
526,2024-04-05 15:57:00,2024-04-05 15:59:00,3.0,空载运行,IsolationForest; Mahalanobis; 单变量IQR+3σ; 残差,3.981,90,残差异常：采煤机_破碎机_电机_电流 偏高（残差 Z-score=4.0，实际=30.0 vs 预测=5.8）
527,2024-04-05 16:02:00,2024-04-05 16:02:00,1.0,空载运行,IsolationForest; Mahalanobis; 单变量IQR+3σ; 残差,5.899,30,残差异常：采煤机_油泵_左电机_电流 偏高（残差 Z-score=5.9，实际=66.0 vs 预测=24.6）
528,2024-04-05 16:06:00,2024-04-05 16:06:00,1.0,停机,IsolationForest; Mahalanobis; 单变量IQR+3σ; 残差,3.858,30,正常
529,2024-04-05 16:11:00,2024-04-05 16:11:00,1.0,停机,IsolationForest; Mahalanobis; 单变量IQR+3σ; 残差,8.961,30,正常
530,2024-04-05 16:18:00,2024-04-05 16:18:00,1.0,空载运行,IsolationForest; Mahalanobis; 单变量IQR+3σ; 残差,4.049,30,残差异常：采煤机_截割部位_右滚筒_电机_温度 偏高（残差 Z-score=4.0，实际=59.0 vs 预测=52.0）
531,2024-04-05 16:21:00,2024-04-05 16:22:00,2.0,空载运行,IsolationForest; Mahalanobis; 单变量IQR+3σ; 残差,3.239,60,残差异常：采煤机_截割部位_右滚筒_电机_温度 偏高（残差 Z-score=3.2，实际=59.0 vs 预测=53.4）
532,2024-04-05 16:32:00,2024-04-05 16:33:00,2.0,停机,IsolationForest; Mahalanobis; 单变量IQR+3σ; 残差,6.051,60,残差异常：采煤机_油泵_右电机_电流 偏高（残差 Z-score=6.1，实际=63.0 vs 预测=15.0）
533,2024-04-05 16:39:00,2024-04-05 16:39:00,1.0,停机,IsolationForest; Mahalanobis; 单变量IQR+3σ; 残差,14.658,30,正常
534,2024-04-05 17:25:00,2024-04-05 17:25:00,1.0,空载运行,IsolationForest; Mahalanobis; 单变量IQR+3σ; 残差,6.301,30,残差异常：采煤机_油泵_右电机_电流 偏高（残差 Z-score=6.3，实际=60.0 vs 预测=19.8）
535,2024-04-05 17:33:00,2024-04-05 17:33:00,1.0,空载运行,IsolationForest; Mahalanobis; 单变量IQR+3σ; 残差,5.443,30,正常
536,2024-04-05 17:39:00,2024-04-05 17:39:00,1.0,停机,IsolationForest; Mahalanobis; 单变量IQR+3σ; 残差,4.469,30,残差异常：采煤机_牵引部位_左电机_温度 偏高（残差 Z-score=4.5，实际=66.0 vs 预测=49.2）
537,2024-04-05 17:48:00,2024-04-05 17:48:00,1.0,空载运行,IsolationForest; Mahalanobis; 单变量IQR+3σ; 残差,5.737,30,残差异常：采煤机_油泵_右电机_电流 偏高（残差 Z-score=5.7，实际=54.0 vs 预测=17.4）
538,2024-04-05 17:55:00,2024-04-05 17:55:00,1.0,空载运行,IsolationForest; Mahalanobis; 单变量IQR+3σ; 残差,3.979,30,正常
539,2024-04-05 18:03:00,2024-04-05 18:04:00,2.0,空载运行,IsolationForest; Mahalanobis; 单变量IQR+3σ; 残差,6.298,60,残差异常：采煤机_油泵_左电机_电流 偏高（残差 Z-score=6.3，实际=65.0 vs 预测=20.8）
540,2024-04-05 18:06:00,2024-04-05 18:12:00,7.0,停机,IsolationForest; Mahalanobis; 单变量IQR+3σ; 残差,6.851,210,残差异常：采煤机_破碎机_电机_温度 偏高（残差 Z-score=6.9，实际=67.0 vs 预测=43.0）
541,2024-04-05 18:16:00,2024-04-05 18:17:00,2.0,停机,IsolationForest; Mahalanobis; 单变量IQR+3σ; 残差,5.068,60,残差异常：采煤机_油泵_右电机_电流 偏高（残差 Z-score=5.1，实际=58.0 vs 预测=17.8）
542,2024-04-05 18:29:00,2024-04-05 18:29:00,1.0,空载运行,IsolationForest; Mahalanobis; 单变量IQR+3σ; 残差,8.64,30,正常
543,2024-04-05 18:33:00,2024-04-05 18:35:00,3.0,空载运行,IsolationForest; Mahalanobis; 单变量IQR+3σ; 残差,6.362,90,正常
544,2024-04-05 18:52:00,2024-04-05 18:54:00,3.0,停机,IsolationForest; Mahalanobis; 单变量IQR+3σ; 残差,4.482,90,正常
545,2024-04-05 19:09:00,2024-04-05 19:09:00,1.0,停机,IsolationForest; Mahalanobis; 单变量IQR+3σ; 残差,8.614,30,正常
546,2024-04-05 19:30:00,2024-04-05 19:30:00,1.0,空载运行,IsolationForest; Mahalanobis; 单变量IQR+3σ; 残差,10.986,30,正常
547,2024-04-05 19:43:00,2024-04-05 19:43:00,1.0,空载运行,IsolationForest; Mahalanobis; 单变量IQR+3σ; 残差,5.439,30,正常
548,2024-04-05 19:48:00,2024-04-05 19:48:00,1.0,空载运行,IsolationForest; Mahalanobis; 单变量IQR+3σ; 残差,6.74,30,残差异常：采煤机_油泵_右电机_电流 偏高（残差 Z-score=6.7，实际=60.0 vs 预测=17.0）
549,2024-04-05 19:51:00,2024-04-05 19:53:00,3.0,空载运行,IsolationForest; Mahalanobis; 单变量IQR+3σ; 残差,7.109,90,正常
550,2024-04-05 19:58:00,2024-04-05 19:59:00,2.0,停机,IsolationForest; Mahalanobis; 单变量IQR+3σ; 残差,5.253,60,残差异常：采煤机_破碎机_电机_温度 偏高（残差 Z-score=5.3，实际=63.0 vs 预测=44.6）
551,2024-04-05 20:04:00,2024-04-05 20:06:00,3.0,空载运行,IsolationForest; Mahalanobis; 单变量IQR+3σ; 残差,5.341,90,正常
552,2024-04-05 20:10:00,2024-04-05 20:10:00,1.0,空载运行,IsolationForest; Mahalanobis; 单变量IQR+3σ; 残差,4.708,30,正常
553,2024-04-05 20:14:00,2024-04-05 20:23:00,10.0,停机,IsolationForest; Mahalanobis; 单变量IQR+3σ; 残差,5.454,300,正常
554,2024-04-05 20:35:00,2024-04-05 20:35:00,1.0,停机,IsolationForest; Mahalanobis; 单变量IQR+3σ; 残差,4.971,30,残差异常：采煤机_油泵_左电机_电流 偏高（残差 Z-score=5.0，实际=55.0 vs 预测=13.6）
555,2024-04-05 20:39:00,2024-04-05 20:39:00,1.0,空载运行,IsolationForest; Mahalanobis; 单变量IQR+3σ; 残差,2.193,30,正常
556,2024-04-05 20:56:00,2024-04-05 20:56:00,1.0,空载运行,IsolationForest; Mahalanobis; 单变量IQR+3σ; 残差,5.952,30,正常
557,2024-04-05 20:58:00,2024-04-05 20:58:00,1.0,停机,IsolationForest; Mahalanobis; 单变量IQR+3σ; 残差,11.712,30,正常
558,2024-04-05 21:01:00,2024-04-05 21:07:00,7.0,停机,IsolationForest; Mahalanobis; 单变量IQR+3σ; 残差,5.686,210,正常
559,2024-04-05 21:09:00,2024-04-05 21:09:00,1.0,空载运行,IsolationForest; Mahalanobis; 单变量IQR+3σ; 残差,2.71,30,正常
560,2024-04-05 21:16:00,2024-04-05 21:22:00,7.0,停机,IsolationForest; Mahalanobis; 单变量IQR+3σ; 残差,9.024,210,正常
561,2024-04-05 21:36:00,2024-04-05 21:36:00,1.0,停机,IsolationForest; Mahalanobis; 单变量IQR+3σ; 残差,5.963,30,正常
562,2024-04-05 21:42:00,2024-04-05 21:42:00,1.0,空载运行,IsolationForest; Mahalanobis; 单变量IQR+3σ; 残差,5.656,30,正常
563,2024-04-05 21:52:00,2024-04-05 21:52:00,1.0,空载运行,IsolationForest; Mahalanobis; 单变量IQR+3σ; 残差,2.903,30,正常
564,2024-04-05 21:55:00,2024-04-05 21:55:00,1.0,空载运行,IsolationForest; Mahalanobis; 单变量IQR+3σ; 残差,5.842,30,残差异常：采煤机_油泵_左电机_电流 偏高（残差 Z-score=5.8，实际=58.0 vs 预测=17.0）
565,2024-04-05 22:02:00,2024-04-05 22:02:00,1.0,空载运行,IsolationForest; Mahalanobis; 单变量IQR+3σ; 残差,4.969,30,正常
566,2024-04-05 22:04:00,2024-04-05 22:04:00,1.0,空载运行,IsolationForest; Mahalanobis; 单变量IQR+3σ; 残差,4.262,30,正常
567,2024-04-05 22:12:00,2024-04-05 22:12:00,1.0,空载运行,IsolationForest; Mahalanobis; 单变量IQR+3σ; 残差,4.982,30,正常
568,2024-04-05 22:16:00,2024-04-05 22:16:00,1.0,空载运行,IsolationForest; Mahalanobis; 单变量IQR+3σ; 残差,6.152,30,正常
569,2024-04-05 22:19:00,2024-04-05 22:19:00,1.0,空载运行,IsolationForest; Mahalanobis; 单变量IQR+3σ; 残差,4.985,30,残差异常：采煤机_油泵_右电机_电流 偏高（残差 Z-score=5.0，实际=55.0 vs 预测=23.2）
570,2024-04-05 22:22:00,2024-04-05 22:29:00,8.0,停机,IsolationForest; Mahalanobis; 单变量IQR+3σ; 残差,52.483,240,Mahalanobis 距离=52.5（阈值=18.5）。主要贡献特征：PC2 (86.9%); PC3 (13.1%)。
571,2024-04-05 22:31:00,2024-04-05 22:37:00,7.0,停机,IsolationForest; Mahalanobis; 单变量IQR+3σ; 残差,4.866,210,正常
572,2024-04-05 22:53:00,2024-04-05 22:54:00,2.0,空载运行,IsolationForest; Mahalanobis; 单变量IQR+3σ; 残差,5.925,60,残差异常：采煤机_油泵_右电机_电流 偏高（残差 Z-score=5.9，实际=55.0 vs 预测=17.2）
573,2024-04-05 23:07:00,2024-04-05 23:07:00,1.0,空载运行,IsolationForest; Mahalanobis; 单变量IQR+3σ; 残差,5.8,30,正常
574,2024-04-05 23:09:00,2024-04-05 23:17:00,9.0,停机,IsolationForest; Mahalanobis; 单变量IQR+3σ; 残差,11.103,270,正常
575,2024-04-05 23:19:00,2024-04-05 23:19:00,1.0,空载运行,IsolationForest; Mahalanobis; 单变量IQR+3σ; 残差,2.325,30,正常
576,2024-04-05 23:58:00,2024-04-06 00:01:00,4.0,空载运行,IsolationForest; Mahalanobis; 单变量IQR+3σ; 残差,1.469,120,正常
577,2024-04-06 00:15:00,2024-04-06 00:18:00,4.0,空载运行,IsolationForest; Mahalanobis; 单变量IQR+3σ; 残差,5.822,120,正常
578,2024-04-06 00:31:00,2024-04-06 00:38:00,8.0,停机,IsolationForest; Mahalanobis; 单变量IQR+3σ; 残差,10.628,240,正常
579,2024-04-06 00:40:00,2024-04-06 00:40:00,1.0,停机,IsolationForest; Mahalanobis; 单变量IQR+3σ; 残差,7.181,30,正常
580,2024-04-06 00:57:00,2024-04-06 00:57:00,1.0,停机,IsolationForest; Mahalanobis; 单变量IQR+3σ; 残差,2.76,30,正常
581,2024-04-06 01:01:00,2024-04-06 01:02:00,2.0,停机,IsolationForest; Mahalanobis; 单变量IQR+3σ; 残差,11.312,60,正常
582,2024-04-06 01:07:00,2024-04-06 01:07:00,1.0,空载运行,IsolationForest; Mahalanobis; 单变量IQR+3σ; 残差,3.361,30,正常
583,2024-04-06 01:10:00,2024-04-06 01:10:00,1.0,空载运行,IsolationForest; Mahalanobis; 单变量IQR+3σ; 残差,5.129,30,正常
584,2024-04-06 01:14:00,2024-04-06 01:16:00,3.0,空载运行,IsolationForest; Mahalanobis; 单变量IQR+3σ; 残差,7.153,90,残差异常：采煤机_油泵_左电机_电流 偏高（残差 Z-score=7.2，实际=67.0 vs 预测=16.8）
585,2024-04-06 01:19:00,2024-04-06 01:19:00,1.0,空载运行,IsolationForest; Mahalanobis; 单变量IQR+3σ; 残差,4.614,30,正常
586,2024-04-06 01:26:00,2024-04-06 01:26:00,1.0,空载运行,IsolationForest; Mahalanobis; 单变量IQR+3σ; 残差,4.568,30,残差异常：采煤机_牵引部位_左电机_电流 偏高（残差 Z-score=4.6，实际=186.0 vs 预测=0.0）
587,2024-04-06 01:35:00,2024-04-06 01:37:00,3.0,停机,IsolationForest; Mahalanobis; 单变量IQR+3σ; 残差,4.586,90,正常
588,2024-04-06 01:46:00,2024-04-06 01:46:00,1.0,空载运行,IsolationForest; Mahalanobis; 单变量IQR+3σ; 残差,5.361,30,残差异常：采煤机_油泵_右电机_电流 偏高（残差 Z-score=5.4，实际=52.0 vs 预测=17.8）
589,2024-04-06 01:49:00,2024-04-06 01:49:00,1.0,空载运行,IsolationForest; Mahalanobis; 单变量IQR+3σ; 残差,3.155,30,正常
590,2024-04-06 01:57:00,2024-04-06 01:57:00,1.0,空载运行,IsolationForest; Mahalanobis; 单变量IQR+3σ; 残差,5.984,30,残差异常：采煤机_油泵_左电机_电流 偏高（残差 Z-score=6.0，实际=59.0 vs 预测=17.0）
591,2024-04-06 02:06:00,2024-04-06 02:06:00,1.0,停机,IsolationForest; Mahalanobis; 单变量IQR+3σ; 残差,7.647,30,正常
592,2024-04-06 02:08:00,2024-04-06 02:18:00,11.0,停机,IsolationForest; Mahalanobis; 单变量IQR+3σ; 残差,25.802,330,Mahalanobis 距离=25.8（阈值=18.5）。主要贡献特征：PC4 (95.0%); PC3 (3.3%); PC1 (1.3%)。
593,2024-04-06 02:28:00,2024-04-06 02:28:00,1.0,空载运行,IsolationForest; Mahalanobis; 单变量IQR+3σ; 残差,4.132,30,残差异常：采煤机_油泵_左电机_电流 偏高（残差 Z-score=4.1，实际=46.0 vs 预测=17.0）
594,2024-04-06 02:42:00,2024-04-06 02:49:00,8.0,停机,IsolationForest; Mahalanobis; 单变量IQR+3σ; 残差,14.12,240,正常
595,2024-04-06 02:51:00,2024-04-06 02:51:00,1.0,停机,IsolationForest; Mahalanobis; 单变量IQR+3σ; 残差,4.74,30,残差异常：采煤机_油泵_右电机_电流 偏高（残差 Z-score=4.7，实际=55.0 vs 预测=17.4）
596,2024-04-06 02:56:00,2024-04-06 02:57:00,2.0,空载运行,IsolationForest; Mahalanobis; 单变量IQR+3σ; 残差,8.444,60,正常
597,2024-04-06 03:01:00,2024-04-06 03:01:00,1.0,停机,IsolationForest; Mahalanobis; 单变量IQR+3σ; 残差,5.196,30,正常
598,2024-04-06 03:06:00,2024-04-06 03:06:00,1.0,空载运行,IsolationForest; Mahalanobis; 单变量IQR+3σ; 残差,5.508,30,正常
599,2024-04-06 03:08:00,2024-04-06 03:08:00,1.0,停机,IsolationForest; Mahalanobis; 单变量IQR+3σ; 残差,5.269,30,残差异常：采煤机_油泵_右电机_电流 偏高（残差 Z-score=5.3，实际=49.0 vs 预测=7.2）
600,2024-04-06 03:10:00,2024-04-06 03:10:00,1.0,停机,IsolationForest; Mahalanobis; 单变量IQR+3σ; 残差,6.926,30,正常
601,2024-04-06 03:30:00,2024-04-06 03:30:00,1.0,空载运行,IsolationForest; Mahalanobis; 单变量IQR+3σ; 残差,5.455,30,残差异常：采煤机_油泵_右电机_电流 偏高（残差 Z-score=5.5，实际=53.0 vs 预测=18.2）
602,2024-04-06 03:34:00,2024-04-06 03:34:00,1.0,空载运行,IsolationForest; Mahalanobis; 单变量IQR+3σ; 残差,3.273,30,正常
603,2024-04-06 03:36:00,2024-04-06 03:36:00,1.0,空载运行,IsolationForest; Mahalanobis; 单变量IQR+3σ; 残差,5.549,30,残差异常：采煤机_油泵_右电机_电流 偏高（残差 Z-score=5.5，实际=53.0 vs 预测=17.6）
604,2024-04-06 03:44:00,2024-04-06 03:45:00,2.0,空载运行,IsolationForest; Mahalanobis; 单变量IQR+3σ; 残差,3.295,60,正常
605,2024-04-06 03:47:00,2024-04-06 03:47:00,1.0,空载运行,IsolationForest; Mahalanobis; 单变量IQR+3σ; 残差,4.731,30,残差异常：采煤机_油泵_左电机_电流 偏高（残差 Z-score=4.7，实际=50.0 vs 预测=16.8）
606,2024-04-06 03:54:00,2024-04-06 03:54:00,1.0,空载运行,IsolationForest; Mahalanobis; 单变量IQR+3σ; 残差,4.787,30,残差异常：采煤机_油泵_左电机_电流 偏高（残差 Z-score=4.8，实际=54.0 vs 预测=20.4）
607,2024-04-06 04:00:00,2024-04-06 04:00:00,1.0,空载运行,IsolationForest; Mahalanobis; 单变量IQR+3σ; 残差,2.523,30,正常
608,2024-04-06 04:03:00,2024-04-06 04:03:00,1.0,空载运行,IsolationForest; Mahalanobis; 单变量IQR+3σ; 残差,4.132,30,残差异常：采煤机_油泵_左电机_电流 偏高（残差 Z-score=4.1，实际=46.0 vs 预测=17.0）
609,2024-04-06 04:05:00,2024-04-06 04:05:00,1.0,空载运行,IsolationForest; Mahalanobis; 单变量IQR+3σ; 残差,5.957,30,残差异常：采煤机_油泵_右电机_电流 偏高（残差 Z-score=6.0，实际=55.0 vs 预测=17.0）
610,2024-04-06 04:07:00,2024-04-06 04:15:00,9.0,停机,IsolationForest; Mahalanobis; 单变量IQR+3σ; 残差,5.538,270,残差异常：采煤机_破碎机_电机_温度 偏高（残差 Z-score=5.5，实际=73.0 vs 预测=53.6）
611,2024-04-06 04:28:00,2024-04-06 04:29:00,2.0,空载运行,IsolationForest; Mahalanobis; 单变量IQR+3σ; 残差,1.676,60,正常
612,2024-04-06 04:31:00,2024-04-06 04:31:00,1.0,空载运行,IsolationForest; Mahalanobis; 单变量IQR+3σ; 残差,2.754,30,正常
613,2024-04-06 04:35:00,2024-04-06 04:38:00,4.0,停机,IsolationForest; Mahalanobis; 单变量IQR+3σ; 残差,5.314,120,正常
614,2024-04-06 04:44:00,2024-04-06 04:48:00,5.0,停机,IsolationForest; Mahalanobis; 单变量IQR+3σ; 残差,4.141,150,正常
615,2024-04-06 04:52:00,2024-04-06 04:52:00,1.0,空载运行,IsolationForest; Mahalanobis; 单变量IQR+3σ; 残差,3.806,30,正常
616,2024-04-06 05:00:00,2024-04-06 05:00:00,1.0,空载运行,IsolationForest; Mahalanobis; 单变量IQR+3σ; 残差,5.769,30,残差异常：采煤机_油泵_右电机_电流 偏高（残差 Z-score=5.8，实际=54.0 vs 预测=17.2）
617,2024-04-06 05:06:00,2024-04-06 05:14:00,9.0,停机,IsolationForest; Mahalanobis; 单变量IQR+3σ; 残差,4.632,270,正常
618,2024-04-06 05:34:00,2024-04-06 05:36:00,3.0,空载运行,IsolationForest; Mahalanobis; 单变量IQR+3σ; 残差,1.837,90,正常
619,2024-04-06 05:40:00,2024-04-06 05:43:00,4.0,停机,IsolationForest; Mahalanobis; 单变量IQR+3σ; 残差,9.593,120,正常
620,2024-04-06 06:01:00,2024-04-06 06:01:00,1.0,停机,IsolationForest; Mahalanobis; 单变量IQR+3σ; 残差,3.983,30,残差异常：采煤机_油泵_右电机_电流 偏高（残差 Z-score=4.0，实际=49.0 vs 预测=17.4）
621,2024-04-06 06:15:00,2024-04-06 06:15:00,1.0,停机,IsolationForest; Mahalanobis; 单变量IQR+3σ; 残差,4.803,30,残差异常：采煤机_油泵_左电机_电流 偏高（残差 Z-score=4.8，实际=57.0 vs 预测=17.0）
622,2024-04-06 06:17:00,2024-04-06 06:17:00,1.0,停机,IsolationForest; Mahalanobis; 单变量IQR+3σ; 残差,4.162,30,正常
623,2024-04-06 06:23:00,2024-04-06 06:23:00,1.0,停机,IsolationForest; Mahalanobis; 单变量IQR+3σ; 残差,4.412,30,残差异常：采煤机_油泵_右电机_电流 偏高（残差 Z-score=4.4，实际=52.0 vs 预测=17.0）
624,2024-04-06 06:26:00,2024-04-06 06:28:00,3.0,空载运行,IsolationForest; Mahalanobis; 单变量IQR+3σ; 残差,7.341,90,残差异常：采煤机_牵引部位_左电机_温度 偏高（残差 Z-score=7.3，实际=72.0 vs 预测=52.8）
625,2024-04-06 06:36:00,2024-04-06 06:36:00,1.0,空载运行,IsolationForest; Mahalanobis; 单变量IQR+3σ; 残差,4.019,30,正常
626,2024-04-06 06:40:00,2024-04-06 06:40:00,1.0,空载运行,IsolationForest; Mahalanobis; 单变量IQR+3σ; 残差,5.186,30,残差异常：采煤机_油泵_左电机_电流 偏高（残差 Z-score=5.2，实际=56.0 vs 预测=19.6）
627,2024-04-06 06:50:00,2024-04-06 06:51:00,2.0,停机,IsolationForest; Mahalanobis; 单变量IQR+3σ; 残差,5.823,60,残差异常：采煤机_破碎机_电机_温度 偏高（残差 Z-score=5.8，实际=66.0 vs 预测=45.6）
628,2024-04-06 07:04:00,2024-04-06 07:04:00,1.0,空载运行,IsolationForest; Mahalanobis; 单变量IQR+3σ; 残差,3.46,30,正常
629,2024-04-06 07:07:00,2024-04-06 07:07:00,1.0,空载运行,IsolationForest; Mahalanobis; 单变量IQR+3σ; 残差,2.061,30,正常
630,2024-04-06 07:12:00,2024-04-06 07:12:00,1.0,空载运行,IsolationForest; Mahalanobis; 单变量IQR+3σ; 残差,3.258,30,残差异常：采煤机_破碎机_电机_电流 偏高（残差 Z-score=3.3，实际=36.0 vs 预测=16.2）
631,2024-04-06 07:20:00,2024-04-06 07:20:00,1.0,空载运行,IsolationForest; Mahalanobis; 单变量IQR+3σ; 残差,5.121,30,正常
632,2024-04-06 07:24:00,2024-04-06 07:32:00,9.0,停机,IsolationForest; Mahalanobis; 单变量IQR+3σ; 残差,8.018,270,残差异常：采煤机_油泵_右电机_电流 偏高（残差 Z-score=8.0，实际=74.0 vs 预测=10.4）
633,2024-04-06 07:36:00,2024-04-06 07:39:00,4.0,停机,IsolationForest; Mahalanobis; 单变量IQR+3σ; 残差,11.161,120,正常
634,2024-04-06 08:05:00,2024-04-06 08:05:00,1.0,空载运行,IsolationForest; Mahalanobis; 单变量IQR+3σ; 残差,6.184,30,残差异常：采煤机_油泵_左电机_电流 偏高（残差 Z-score=6.2，实际=61.0 vs 预测=17.6）
635,2024-04-06 08:08:00,2024-04-06 08:08:00,1.0,空载运行,IsolationForest; Mahalanobis; 单变量IQR+3σ; 残差,2.657,30,正常
636,2024-04-06 08:11:00,2024-04-06 08:11:00,1.0,停机,IsolationForest; Mahalanobis; 单变量IQR+3σ; 残差,4.829,30,正常
637,2024-04-06 08:15:00,2024-04-06 08:15:00,1.0,空载运行,IsolationForest; Mahalanobis; 单变量IQR+3σ; 残差,7.027,30,正常
638,2024-04-06 08:25:00,2024-04-06 08:25:00,1.0,空载运行,IsolationForest; Mahalanobis; 单变量IQR+3σ; 残差,6.155,30,正常
639,2024-04-06 08:28:00,2024-04-06 08:29:00,2.0,空载运行,IsolationForest; Mahalanobis; 单变量IQR+3σ; 残差,7.115,60,正常
640,2024-04-06 08:37:00,2024-04-06 08:40:00,4.0,停机,IsolationForest; Mahalanobis; 单变量IQR+3σ; 残差,5.195,120,残差异常：采煤机_破碎机_电机_温度 偏高（残差 Z-score=5.2，实际=76.0 vs 预测=57.8）
641,2024-04-06 08:44:00,2024-04-06 08:44:00,1.0,空载运行,IsolationForest; Mahalanobis; 单变量IQR+3σ; 残差,4.132,30,残差异常：采煤机_油泵_左电机_电流 偏高（残差 Z-score=4.1，实际=46.0 vs 预测=17.0）
642,2024-04-06 09:36:00,2024-04-06 09:37:00,2.0,空载运行,IsolationForest; Mahalanobis; 单变量IQR+3σ; 残差,4.442,60,残差异常：采煤机_破碎机_电机_电流 偏高（残差 Z-score=4.4，实际=27.0 vs 预测=0.0）
643,2024-04-06 09:43:00,2024-04-06 09:44:00,2.0,空载运行,IsolationForest; Mahalanobis; 单变量IQR+3σ; 残差,3.588,60,正常
644,2024-04-06 09:46:00,2024-04-06 09:52:00,7.0,停机,IsolationForest; Mahalanobis; 单变量IQR+3σ; 残差,11.752,210,正常
645,2024-04-06 09:57:00,2024-04-06 11:33:00,97.0,停机,IsolationForest; Mahalanobis; 单变量IQR+3σ; 残差,6.441,2910,正常
646,2024-04-06 12:51:00,2024-04-06 13:18:00,28.0,停机,IsolationForest; Mahalanobis; 单变量IQR+3σ; 残差,13.988,840,残差异常：采煤机_破碎机_电机_温度 偏高（残差 Z-score=14.0，实际=49.0 vs 预测=0.0）
647,2024-04-06 14:04:00,2024-04-06 14:04:00,1.0,停机,IsolationForest; Mahalanobis; 单变量IQR+3σ; 残差,3.389,30,残差异常：采煤机_油泵_左电机_温度 偏高（残差 Z-score=3.4，实际=43.0 vs 预测=32.8）
648,2024-04-06 14:09:00,2024-04-06 14:09:00,1.0,空载运行,IsolationForest; Mahalanobis; 单变量IQR+3σ; 残差,3.429,30,残差异常：采煤机_油泵_右电机_温度 偏高（残差 Z-score=3.4，实际=46.0 vs 预测=42.0）
649,2024-04-06 15:01:00,2024-04-06 15:03:00,3.0,空载运行,IsolationForest; Mahalanobis; 单变量IQR+3σ; 残差,1.115,90,正常
650,2024-04-06 15:29:00,2024-04-06 15:29:00,1.0,停机,IsolationForest; Mahalanobis; 单变量IQR+3σ; 残差,4.92,30,正常
651,2024-04-06 15:33:00,2024-04-06 15:35:00,3.0,停机,IsolationForest; Mahalanobis; 单变量IQR+3σ; 残差,6.1,90,残差异常：采煤机_油泵_左电机_电流 偏高（残差 Z-score=6.1，实际=66.0 vs 预测=15.2）
652,2024-04-06 15:40:00,2024-04-06 15:40:00,1.0,空载运行,IsolationForest; Mahalanobis; 单变量IQR+3σ; 残差,7.809,30,正常
653,2024-04-06 15:46:00,2024-04-06 15:46:00,1.0,空载运行,IsolationForest; Mahalanobis; 单变量IQR+3σ; 残差,4.606,30,残差异常：采煤机_破碎机_电机_电流 偏高（残差 Z-score=4.6，实际=28.0 vs 预测=0.0）
654,2024-04-06 15:48:00,2024-04-06 15:54:00,7.0,停机,IsolationForest; Mahalanobis; 单变量IQR+3σ; 残差,54.357,210,Mahalanobis 距离=54.4（阈值=18.5）。主要贡献特征：PC2 (88.8%); PC3 (10.7%)。
655,2024-04-06 15:58:00,2024-04-06 15:58:00,1.0,停机,IsolationForest; Mahalanobis; 单变量IQR+3σ; 残差,5.908,30,残差异常：采煤机_油泵_左电机_电流 偏高（残差 Z-score=5.9，实际=60.0 vs 预测=10.8）
656,2024-04-06 16:02:00,2024-04-06 16:02:00,1.0,停机,IsolationForest; Mahalanobis; 单变量IQR+3σ; 残差,2.208,30,正常
657,2024-04-06 16:09:00,2024-04-06 16:10:00,2.0,停机,IsolationForest; Mahalanobis; 单变量IQR+3σ; 残差,3.188,60,残差异常：采煤机_牵引部位_左电机_电流 偏高（残差 Z-score=3.2，实际=137.0 vs 预测=0.0）
658,2024-04-06 16:29:00,2024-04-06 16:29:00,1.0,带载运行,IsolationForest; Mahalanobis; 单变量IQR+3σ; 残差,6.422,30,正常
659,2024-04-06 16:37:00,2024-04-06 16:37:00,1.0,空载运行,IsolationForest; Mahalanobis; 单变量IQR+3σ; 残差,5.129,30,残差异常：采煤机_油泵_左电机_电流 偏高（残差 Z-score=5.1，实际=53.0 vs 预测=17.0）
660,2024-04-06 16:41:00,2024-04-06 16:42:00,2.0,空载运行,IsolationForest; Mahalanobis; 单变量IQR+3σ; 残差,2.997,60,正常
661,2024-04-06 16:46:00,2024-04-06 16:47:00,2.0,空载运行,IsolationForest; Mahalanobis; 单变量IQR+3σ; 残差,4.606,60,残差异常：采煤机_破碎机_电机_电流 偏高（残差 Z-score=4.6，实际=28.0 vs 预测=0.0）
662,2024-04-06 16:50:00,2024-04-06 16:51:00,2.0,空载运行,IsolationForest; Mahalanobis; 单变量IQR+3σ; 残差,4.734,60,正常
663,2024-04-06 17:02:00,2024-04-06 17:02:00,1.0,停机,IsolationForest; Mahalanobis; 单变量IQR+3σ; 残差,4.488,30,残差异常：采煤机_油泵_右电机_电流 偏高（残差 Z-score=4.5，实际=54.0 vs 预测=18.4）
664,2024-04-06 17:16:00,2024-04-06 17:24:00,9.0,停机,IsolationForest; Mahalanobis; 单变量IQR+3σ; 残差,53.03,270,Mahalanobis 距离=53.0（阈值=18.5）。主要贡献特征：PC2 (86.9%); PC3 (12.7%)。
665,2024-04-06 17:35:00,2024-04-06 17:37:00,3.0,停机,IsolationForest; Mahalanobis; 单变量IQR+3σ; 残差,3.7,90,残差异常：采煤机_牵引部位_左电机_电流 偏高（残差 Z-score=3.7，实际=159.0 vs 预测=0.0）
666,2024-04-06 17:39:00,2024-04-06 17:39:00,1.0,停机,IsolationForest; Mahalanobis; 单变量IQR+3σ; 残差,7.109,30,残差异常：采煤机_油泵_左电机_电流 偏高（残差 Z-score=7.1，实际=66.0 vs 预测=6.8）
667,2024-04-06 17:43:00,2024-04-06 17:47:00,5.0,空载运行,IsolationForest; Mahalanobis; 单变量IQR+3σ; 残差,7.509,150,正常
668,2024-04-06 17:51:00,2024-04-06 17:53:00,3.0,空载运行,IsolationForest; Mahalanobis; 单变量IQR+3σ; 残差,7.552,90,残差异常：采煤机_油泵_左电机_电流 偏高（残差 Z-score=7.6，实际=64.0 vs 预测=11.0）
669,2024-04-06 17:56:00,2024-04-06 17:57:00,2.0,空载运行,IsolationForest; Mahalanobis; 单变量IQR+3σ; 残差,5.87,60,残差异常：采煤机_油泵_左电机_电流 偏高（残差 Z-score=5.9，实际=65.0 vs 预测=23.8）
670,2024-04-06 18:06:00,2024-04-06 18:09:00,4.0,空载运行,IsolationForest; Mahalanobis; 单变量IQR+3σ; 残差,3.587,120,残差异常：采煤机_破碎机_电机_电流 偏高（残差 Z-score=3.6，实际=45.0 vs 预测=23.2）
671,2024-04-06 18:12:00,2024-04-06 18:12:00,1.0,停机,IsolationForest; Mahalanobis; 单变量IQR+3σ; 残差,4.033,30,正常
672,2024-04-06 18:23:00,2024-04-06 18:23:00,1.0,空载运行,IsolationForest; Mahalanobis; 单变量IQR+3σ; 残差,1.747,30,正常
673,2024-04-06 18:25:00,2024-04-06 18:26:00,2.0,空载运行,IsolationForest; Mahalanobis; 单变量IQR+3σ; 残差,4.442,60,残差异常：采煤机_破碎机_电机_电流 偏高（残差 Z-score=4.4，实际=27.0 vs 预测=0.0）
674,2024-04-06 18:46:00,2024-04-06 18:49:00,4.0,停机,IsolationForest; Mahalanobis; 单变量IQR+3σ; 残差,9.017,120,正常
675,2024-04-06 18:52:00,2024-04-06 18:52:00,1.0,停机,IsolationForest; Mahalanobis; 单变量IQR+3σ; 残差,16.029,30,正常
676,2024-04-06 19:32:00,2024-04-06 19:35:00,4.0,停机,IsolationForest; Mahalanobis; 单变量IQR+3σ; 残差,4.677,120,正常
677,2024-04-06 19:47:00,2024-04-06 19:47:00,1.0,停机,IsolationForest; Mahalanobis; 单变量IQR+3σ; 残差,4.299,30,正常
678,2024-04-06 19:53:00,2024-04-06 19:53:00,1.0,停机,IsolationForest; Mahalanobis; 单变量IQR+3σ; 残差,5.194,30,残差异常：采煤机_油泵_右电机_电流 偏高（残差 Z-score=5.2，实际=59.0 vs 预测=17.8）
679,2024-04-06 20:00:00,2024-04-06 20:00:00,1.0,停机,IsolationForest; Mahalanobis; 单变量IQR+3σ; 残差,5.118,30,残差异常：采煤机_油泵_右电机_电流 偏高（残差 Z-score=5.1，实际=67.0 vs 预测=26.4）
680,2024-04-06 20:09:00,2024-04-06 20:11:00,3.0,空载运行,IsolationForest; Mahalanobis; 单变量IQR+3σ; 残差,4.617,90,残差异常：采煤机_油泵_左电机_电流 偏高（残差 Z-score=4.6，实际=57.0 vs 预测=24.6）
681,2024-04-06 20:23:00,2024-04-06 20:24:00,2.0,空载运行,IsolationForest; Mahalanobis; 单变量IQR+3σ; 残差,5.1,60,残差异常：采煤机_破碎机_电机_电流 偏高（残差 Z-score=5.1，实际=31.0 vs 预测=0.0）
682,2024-04-06 20:47:00,2024-04-06 20:47:00,1.0,停机,IsolationForest; Mahalanobis; 单变量IQR+3σ; 残差,3.362,30,残差异常：采煤机_油泵_左电机_电流 偏高（残差 Z-score=3.4，实际=45.0 vs 预测=17.0）
683,2024-04-06 20:50:00,2024-04-06 20:50:00,1.0,停机,IsolationForest; Mahalanobis; 单变量IQR+3σ; 残差,3.61,30,正常
684,2024-04-06 21:00:00,2024-04-06 21:00:00,1.0,停机,IsolationForest; Mahalanobis; 单变量IQR+3σ; 残差,3.818,30,残差异常：采煤机_油泵_左电机_电流 偏高（残差 Z-score=3.8，实际=49.0 vs 预测=17.2）
685,2024-04-06 21:13:00,2024-04-06 21:13:00,1.0,停机,IsolationForest; Mahalanobis; 单变量IQR+3σ; 残差,6.107,30,正常
686,2024-04-06 21:19:00,2024-04-06 21:19:00,1.0,停机,IsolationForest; Mahalanobis; 单变量IQR+3σ; 残差,4.427,30,正常
687,2024-04-06 21:24:00,2024-04-06 21:25:00,2.0,停机,IsolationForest; Mahalanobis; 单变量IQR+3σ; 残差,3.597,60,残差异常：采煤机_破碎机_电机_温度 偏高（残差 Z-score=3.6，实际=56.0 vs 预测=43.4）
688,2024-04-06 21:45:00,2024-04-06 21:49:00,5.0,停机,IsolationForest; Mahalanobis; 单变量IQR+3σ; 残差,52.858,150,Mahalanobis 距离=52.9（阈值=18.5）。主要贡献特征：PC4 (90.9%); PC3 (8.8%)。
689,2024-04-06 21:51:00,2024-04-06 21:52:00,2.0,空载运行,IsolationForest; Mahalanobis; 单变量IQR+3σ; 残差,4.952,60,正常
690,2024-04-06 21:55:00,2024-04-06 21:59:00,5.0,空载运行,IsolationForest; Mahalanobis; 单变量IQR+3σ; 残差,6.87,150,正常
691,2024-04-06 22:01:00,2024-04-06 22:01:00,1.0,空载运行,IsolationForest; Mahalanobis; 单变量IQR+3σ; 残差,4.31,30,正常
692,2024-04-06 22:06:00,2024-04-06 22:06:00,1.0,空载运行,IsolationForest; Mahalanobis; 单变量IQR+3σ; 残差,5.825,30,正常
693,2024-04-06 22:10:00,2024-04-06 22:11:00,2.0,停机,IsolationForest; Mahalanobis; 单变量IQR+3σ; 残差,5.953,60,正常
694,2024-04-06 22:18:00,2024-04-06 22:18:00,1.0,空载运行,IsolationForest; Mahalanobis; 单变量IQR+3σ; 残差,6.772,30,残差异常：采煤机_油泵_右电机_电流 偏高（残差 Z-score=6.8，实际=60.0 vs 预测=16.8）
695,2024-04-06 22:20:00,2024-04-06 22:22:00,3.0,停机,IsolationForest; Mahalanobis; 单变量IQR+3σ; 残差,5.564,90,正常
696,2024-04-06 22:25:00,2024-04-06 22:26:00,2.0,停机,IsolationForest; Mahalanobis; 单变量IQR+3σ; 残差,3.571,60,正常
697,2024-04-06 22:38:00,2024-04-06 22:38:00,1.0,停机,IsolationForest; Mahalanobis; 单变量IQR+3σ; 残差,3.095,30,残差异常：采煤机_牵引部位_左电机_电流 偏高（残差 Z-score=3.1，实际=133.0 vs 预测=0.0）
698,2024-04-06 22:48:00,2024-04-06 22:49:00,2.0,空载运行,IsolationForest; Mahalanobis; 单变量IQR+3σ; 残差,4.41,60,正常
699,2024-04-06 22:52:00,2024-04-06 22:52:00,1.0,空载运行,IsolationForest; Mahalanobis; 单变量IQR+3σ; 残差,5.334,30,正常
700,2024-04-06 22:56:00,2024-04-06 22:56:00,1.0,空载运行,IsolationForest; Mahalanobis; 单变量IQR+3σ; 残差,2.996,30,正常
701,2024-04-06 23:04:00,2024-04-06 23:04:00,1.0,空载运行,IsolationForest; Mahalanobis; 单变量IQR+3σ; 残差,5.044,30,残差异常：采煤机_油泵_左电机_电流 偏高（残差 Z-score=5.0，实际=49.0 vs 预测=13.6）
702,2024-04-06 23:06:00,2024-04-06 23:06:00,1.0,空载运行,IsolationForest; Mahalanobis; 单变量IQR+3σ; 残差,3.79,30,残差异常：采煤机_油泵_左电机_电流 偏高（残差 Z-score=3.8，实际=50.0 vs 预测=23.4）
703,2024-04-06 23:23:00,2024-04-06 23:24:00,2.0,空载运行,IsolationForest; Mahalanobis; 单变量IQR+3σ; 残差,1.517,60,正常
704,2024-04-06 23:29:00,2024-04-06 23:29:00,1.0,空载运行,IsolationForest; Mahalanobis; 单变量IQR+3σ; 残差,4.36,30,残差异常：采煤机_油泵_左电机_电流 偏高（残差 Z-score=4.4，实际=50.0 vs 预测=19.4）
705,2024-04-06 23:40:00,2024-04-06 23:40:00,1.0,空载运行,IsolationForest; Mahalanobis; 单变量IQR+3σ; 残差,3.705,30,残差异常：采煤机_油泵_左电机_电流 偏高（残差 Z-score=3.7，实际=45.0 vs 预测=19.0）
706,2024-04-06 23:45:00,2024-04-06 23:49:00,5.0,停机,IsolationForest; Mahalanobis; 单变量IQR+3σ; 残差,5.188,150,残差异常：采煤机_油泵_左电机_电流 偏高（残差 Z-score=5.2，实际=47.0 vs 预测=3.8）
707,2024-04-06 23:55:00,2024-04-06 23:55:00,1.0,停机,IsolationForest; Mahalanobis; 单变量IQR+3σ; 残差,4.467,30,残差异常：采煤机_油泵_左电机_电流 偏高（残差 Z-score=4.5，实际=41.0 vs 预测=3.8）
708,2024-04-07 00:32:00,2024-04-07 00:32:00,1.0,停机,IsolationForest; Mahalanobis; 单变量IQR+3σ; 残差,3.254,30,残差异常：采煤机_破碎机_电机_温度 偏高（残差 Z-score=3.3，实际=57.0 vs 预测=45.6）
709,2024-04-07 00:42:00,2024-04-07 00:42:00,1.0,停机,IsolationForest; Mahalanobis; 单变量IQR+3σ; 残差,4.437,30,残差异常：采煤机_油泵_右电机_电流 偏高（残差 Z-score=4.4，实际=50.0 vs 预测=14.8）
710,2024-04-07 00:46:00,2024-04-07 00:46:00,1.0,空载运行,IsolationForest; Mahalanobis; 单变量IQR+3σ; 残差,5.926,30,正常
711,2024-04-07 00:54:00,2024-04-07 00:54:00,1.0,停机,IsolationForest; Mahalanobis; 单变量IQR+3σ; 残差,3.083,30,残差异常：采煤机_破碎机_电机_温度 偏高（残差 Z-score=3.1，实际=59.0 vs 预测=48.2）
712,2024-04-07 01:40:00,2024-04-07 01:41:00,2.0,停机,IsolationForest; Mahalanobis; 单变量IQR+3σ; 残差,3.855,60,正常
713,2024-04-07 02:19:00,2024-04-07 02:19:00,1.0,停机,IsolationForest; Mahalanobis; 单变量IQR+3σ; 残差,3.909,30,残差异常：采煤机_牵引部位_左电机_电流 偏高（残差 Z-score=3.9，实际=168.0 vs 预测=0.0）
714,2024-04-07 02:34:00,2024-04-07 02:34:00,1.0,停机,IsolationForest; Mahalanobis; 单变量IQR+3σ; 残差,5.163,30,残差异常：采煤机_油泵_左电机_电流 偏高（残差 Z-score=5.2，实际=60.0 vs 预测=17.0）
715,2024-04-07 02:36:00,2024-04-07 02:37:00,2.0,空载运行,IsolationForest; Mahalanobis; 单变量IQR+3σ; 残差,2.441,60,正常
716,2024-04-07 02:40:00,2024-04-07 02:40:00,1.0,空载运行,IsolationForest; Mahalanobis; 单变量IQR+3σ; 残差,6.27,30,残差异常：采煤机_油泵_右电机_电流 偏高（残差 Z-score=6.3，实际=57.0 vs 预测=17.0）
717,2024-04-07 02:50:00,2024-04-07 02:50:00,1.0,空载运行,IsolationForest; Mahalanobis; 单变量IQR+3σ; 残差,5.298,30,残差异常：采煤机_油泵_右电机_电流 偏高（残差 Z-score=5.3，实际=52.0 vs 预测=18.2）
718,2024-04-07 02:58:00,2024-04-07 02:58:00,1.0,空载运行,IsolationForest; Mahalanobis; 单变量IQR+3σ; 残差,4.901,30,残差异常：采煤机_油泵_左电机_电流 偏高（残差 Z-score=4.9，实际=52.0 vs 预测=17.6）
719,2024-04-07 03:12:00,2024-04-07 03:15:00,4.0,停机,IsolationForest; Mahalanobis; 单变量IQR+3σ; 残差,9.721,120,正常
720,2024-04-07 03:27:00,2024-04-07 03:28:00,2.0,空载运行,IsolationForest; Mahalanobis; 单变量IQR+3σ; 残差,5.207,60,残差异常：采煤机_截割部位_右滚筒_电机_温度 偏高（残差 Z-score=5.2，实际=74.0 vs 预测=65.0）
721,2024-04-07 03:33:00,2024-04-07 03:33:00,1.0,停机,IsolationForest; Mahalanobis; 单变量IQR+3σ; 残差,5.049,30,正常
722,2024-04-07 03:51:00,2024-04-07 03:55:00,5.0,停机,IsolationForest; Mahalanobis; 单变量IQR+3σ; 残差,43.49,150,Mahalanobis 距离=43.5（阈值=18.5）。主要贡献特征：PC2 (91.6%); PC3 (6.1%); PC4 (1.8%)。
723,2024-04-07 04:01:00,2024-04-07 04:01:00,1.0,停机,IsolationForest; Mahalanobis; 单变量IQR+3σ; 残差,1.569,30,正常
724,2024-04-07 04:20:00,2024-04-07 04:22:00,3.0,空载运行,IsolationForest; Mahalanobis; 单变量IQR+3σ; 残差,10.529,90,正常
725,2024-04-07 04:24:00,2024-04-07 04:24:00,1.0,停机,IsolationForest; Mahalanobis; 单变量IQR+3σ; 残差,8.342,30,正常
726,2024-04-07 04:39:00,2024-04-07 04:39:00,1.0,停机,IsolationForest; Mahalanobis; 单变量IQR+3σ; 残差,4.269,30,正常
727,2024-04-07 04:59:00,2024-04-07 04:59:00,1.0,停机,IsolationForest; Mahalanobis; 单变量IQR+3σ; 残差,3.654,30,残差异常：采煤机_破碎机_电机_温度 偏高（残差 Z-score=3.7，实际=56.0 vs 预测=43.2）
728,2024-04-07 05:01:00,2024-04-07 05:02:00,2.0,停机,IsolationForest; Mahalanobis; 单变量IQR+3σ; 残差,3.197,60,残差异常：采煤机_破碎机_电机_温度 偏高（残差 Z-score=3.2，实际=57.0 vs 预测=45.8）
729,2024-04-07 05:05:00,2024-04-07 05:06:00,2.0,停机,IsolationForest; Mahalanobis; 单变量IQR+3σ; 残差,4.419,60,残差异常：采煤机_油泵_左电机_电流 偏高（残差 Z-score=4.4，实际=54.0 vs 预测=17.2）
730,2024-04-07 05:17:00,2024-04-07 05:17:00,1.0,空载运行,IsolationForest; Mahalanobis; 单变量IQR+3σ; 残差,3.356,30,残差异常：采煤机_破碎机_电机_电流 偏高（残差 Z-score=3.4，实际=37.0 vs 预测=16.6）
731,2024-04-07 05:19:00,2024-04-07 05:19:00,1.0,空载运行,IsolationForest; Mahalanobis; 单变量IQR+3σ; 残差,1.362,30,正常
732,2024-04-07 05:27:00,2024-04-07 05:27:00,1.0,停机,IsolationForest; Mahalanobis; 单变量IQR+3σ; 残差,5.186,30,正常
733,2024-04-07 05:32:00,2024-04-07 05:32:00,1.0,停机,IsolationForest; Mahalanobis; 单变量IQR+3σ; 残差,6.145,30,正常
734,2024-04-07 05:47:00,2024-04-07 05:47:00,1.0,停机,IsolationForest; Mahalanobis; 单变量IQR+3σ; 残差,3.723,30,残差异常：采煤机_油泵_左电机_电流 偏高（残差 Z-score=3.7，实际=48.0 vs 预测=17.0）
735,2024-04-07 05:49:00,2024-04-07 05:49:00,1.0,停机,IsolationForest; Mahalanobis; 单变量IQR+3σ; 残差,4.11,30,残差异常：采煤机_油泵_右电机_电流 偏高（残差 Z-score=4.1，实际=52.0 vs 预测=19.4）
736,2024-04-07 05:55:00,2024-04-07 05:55:00,1.0,停机,IsolationForest; Mahalanobis; 单变量IQR+3σ; 残差,5.118,30,残差异常：采煤机_油泵_右电机_电流 偏高（残差 Z-score=5.1，实际=58.0 vs 预测=17.4）
737,2024-04-07 05:59:00,2024-04-07 05:59:00,1.0,空载运行,IsolationForest; Mahalanobis; 单变量IQR+3σ; 残差,6.849,30,正常
738,2024-04-07 06:06:00,2024-04-07 06:07:00,2.0,空载运行,IsolationForest; Mahalanobis; 单变量IQR+3σ; 残差,4.819,60,正常
739,2024-04-07 06:09:00,2024-04-07 06:09:00,1.0,空载运行,IsolationForest; Mahalanobis; 单变量IQR+3σ; 残差,3.648,30,残差异常：采煤机_油泵_左电机_电流 偏高（残差 Z-score=3.6，实际=43.0 vs 预测=17.4）
740,2024-04-07 06:13:00,2024-04-07 06:19:00,7.0,空载运行,IsolationForest; Mahalanobis; 单变量IQR+3σ; 残差,6.8,210,正常
741,2024-04-07 06:22:00,2024-04-07 06:22:00,1.0,空载运行,IsolationForest; Mahalanobis; 单变量IQR+3σ; 残差,9.552,30,正常
742,2024-04-07 06:26:00,2024-04-07 06:26:00,1.0,停机,IsolationForest; Mahalanobis; 单变量IQR+3σ; 残差,10.344,30,正常
743,2024-04-07 06:29:00,2024-04-07 06:29:00,1.0,空载运行,IsolationForest; Mahalanobis; 单变量IQR+3σ; 残差,4.771,30,残差异常：采煤机_破碎机_电机_电流 偏高（残差 Z-score=4.8，实际=29.0 vs 预测=0.0）
744,2024-04-07 06:31:00,2024-04-07 06:33:00,3.0,空载运行,IsolationForest; Mahalanobis; 单变量IQR+3σ; 残差,3.817,90,残差异常：采煤机_破碎机_电机_电流 偏高（残差 Z-score=3.8，实际=29.0 vs 预测=5.8）
745,2024-04-07 06:35:00,2024-04-07 06:36:00,2.0,空载运行,IsolationForest; Mahalanobis; 单变量IQR+3σ; 残差,4.985,60,残差异常：采煤机_油泵_右电机_电流 偏高（残差 Z-score=5.0，实际=53.0 vs 预测=21.2）
746,2024-04-07 06:55:00,2024-04-07 06:56:00,2.0,空载运行,IsolationForest; Mahalanobis; 单变量IQR+3σ; 残差,2.79,60,正常
747,2024-04-07 06:59:00,2024-04-07 07:00:00,2.0,空载运行,IsolationForest; Mahalanobis; 单变量IQR+3σ; 残差,6.298,60,残差异常：采煤机_油泵_左电机_电流 偏高（残差 Z-score=6.3，实际=65.0 vs 预测=20.8）
748,2024-04-07 07:02:00,2024-04-07 07:10:00,9.0,停机,IsolationForest; Mahalanobis; 单变量IQR+3σ; 残差,5.565,270,正常
749,2024-04-07 07:12:00,2024-04-07 07:13:00,2.0,停机,IsolationForest; Mahalanobis; 单变量IQR+3σ; 残差,4.659,60,残差异常：采煤机_油泵_左电机_电流 偏高（残差 Z-score=4.7，实际=56.0 vs 预测=17.2）
750,2024-04-07 07:24:00,2024-04-07 07:24:00,1.0,停机,IsolationForest; Mahalanobis; 单变量IQR+3σ; 残差,3.891,30,残差异常：采煤机_油泵_左电机_电流 偏高（残差 Z-score=3.9，实际=46.0 vs 预测=13.6）
751,2024-04-07 07:29:00,2024-04-07 07:29:00,1.0,空载运行,IsolationForest; Mahalanobis; 单变量IQR+3σ; 残差,3.883,30,残差异常：采煤机_破碎机_电机_电流 偏高（残差 Z-score=3.9，实际=29.0 vs 预测=5.4）
752,2024-04-07 07:31:00,2024-04-07 07:31:00,1.0,空载运行,IsolationForest; Mahalanobis; 单变量IQR+3σ; 残差,4.146,30,残差异常：采煤机_破碎机_电机_电流 偏高（残差 Z-score=4.1，实际=42.0 vs 预测=16.8）
753,2024-04-07 07:43:00,2024-04-07 07:43:00,1.0,停机,IsolationForest; Mahalanobis; 单变量IQR+3σ; 残差,5.513,30,正常
754,2024-04-07 07:46:00,2024-04-07 07:46:00,1.0,停机,IsolationForest; Mahalanobis; 单变量IQR+3σ; 残差,6.524,30,正常
755,2024-04-07 08:13:00,2024-04-07 08:13:00,1.0,停机,IsolationForest; Mahalanobis; 单变量IQR+3σ; 残差,4.634,30,正常
756,2024-04-07 08:21:00,2024-04-07 08:22:00,2.0,停机,IsolationForest; Mahalanobis; 单变量IQR+3σ; 残差,4.848,60,正常
757,2024-04-07 08:24:00,2024-04-07 08:24:00,1.0,空载运行,IsolationForest; Mahalanobis; 单变量IQR+3σ; 残差,1.528,30,正常
758,2024-04-07 08:47:00,2024-04-07 08:47:00,1.0,停机,IsolationForest; Mahalanobis; 单变量IQR+3σ; 残差,5.212,30,残差异常：采煤机_油泵_左电机_电流 偏高（残差 Z-score=5.2，实际=61.0 vs 预测=17.6）
759,2024-04-07 08:52:00,2024-04-07 08:52:00,1.0,停机,IsolationForest; Mahalanobis; 单变量IQR+3σ; 残差,1.913,30,正常
760,2024-04-07 08:57:00,2024-04-07 08:58:00,2.0,停机,IsolationForest; Mahalanobis; 单变量IQR+3σ; 残差,5.908,60,残差异常：采煤机_油泵_左电机_电流 偏高（残差 Z-score=5.9，实际=53.0 vs 预测=3.8）
761,2024-04-07 09:12:00,2024-04-07 09:12:00,1.0,停机,IsolationForest; Mahalanobis; 单变量IQR+3σ; 残差,5.32,30,残差异常：采煤机_油泵_右电机_电流 偏高（残差 Z-score=5.3，实际=60.0 vs 预测=17.8）
762,2024-04-07 09:23:00,2024-04-07 09:23:00,1.0,停机,IsolationForest; Mahalanobis; 单变量IQR+3σ; 残差,4.923,30,残差异常：采煤机_油泵_左电机_电流 偏高（残差 Z-score=4.9，实际=58.0 vs 预测=17.0）
763,2024-04-07 09:28:00,2024-04-07 09:28:00,1.0,停机,IsolationForest; Mahalanobis; 单变量IQR+3σ; 残差,3.886,30,正常
764,2024-04-07 09:49:00,2024-04-07 09:49:00,1.0,停机,IsolationForest; Mahalanobis; 单变量IQR+3σ; 残差,5.219,30,残差异常：采煤机_油泵_右电机_电流 偏高（残差 Z-score=5.2，实际=60.0 vs 预测=18.6）
765,2024-04-07 09:51:00,2024-04-07 09:52:00,2.0,停机,IsolationForest; Mahalanobis; 单变量IQR+3σ; 残差,4.077,60,正常
766,2024-04-07 10:30:00,2024-04-07 10:30:00,1.0,空载运行,IsolationForest; Mahalanobis; 单变量IQR+3σ; 残差,1.006,30,正常
767,2024-04-07 10:38:00,2024-04-07 10:40:00,3.0,空载运行,IsolationForest; Mahalanobis; 单变量IQR+3σ; 残差,3.282,90,正常
768,2024-04-07 15:17:00,2024-04-07 15:28:00,12.0,停机,IsolationForest; Mahalanobis; 单变量IQR+3σ; 残差,2.647,360,正常
769,2024-04-07 15:39:00,2024-04-07 15:39:00,1.0,停机,IsolationForest; Mahalanobis; 单变量IQR+3σ; 残差,5.764,30,残差异常：采煤机_油泵_左电机_电流 偏高（残差 Z-score=5.8，实际=52.0 vs 预测=4.0）
770,2024-04-07 15:41:00,2024-04-07 15:42:00,2.0,空载运行,IsolationForest; Mahalanobis; 单变量IQR+3σ; 残差,9.404,60,残差异常：采煤机_油泵_左电机_电流 偏高（残差 Z-score=9.4，实际=66.0 vs 预测=0.0）
771,2024-04-07 15:52:00,2024-04-07 15:53:00,2.0,停机,IsolationForest; Mahalanobis; 单变量IQR+3σ; 残差,4.166,60,正常
772,2024-04-07 15:57:00,2024-04-07 16:02:00,6.0,停机,IsolationForest; Mahalanobis; 单变量IQR+3σ; 残差,62.475,180,Mahalanobis 距离=62.5（阈值=18.5）。主要贡献特征：PC2 (72.6%); PC3 (25.1%); PC4 (1.9%)。
773,2024-04-07 16:08:00,2024-04-07 16:09:00,2.0,停机,IsolationForest; Mahalanobis; 单变量IQR+3σ; 残差,9.63,60,正常
774,2024-04-07 16:20:00,2024-04-07 16:20:00,1.0,停机,IsolationForest; Mahalanobis; 单变量IQR+3σ; 残差,4.614,30,残差异常：采煤机_油泵_右电机_电流 偏高（残差 Z-score=4.6，实际=55.0 vs 预测=18.4）
775,2024-04-07 16:46:00,2024-04-07 16:49:00,4.0,空载运行,IsolationForest; Mahalanobis; 单变量IQR+3σ; 残差,9.263,120,正常
776,2024-04-07 16:57:00,2024-04-07 16:57:00,1.0,空载运行,IsolationForest; Mahalanobis; 单变量IQR+3σ; 残差,3.904,30,残差异常：采煤机_油泵_左电机_电流 偏高（残差 Z-score=3.9，实际=48.0 vs 预测=20.6）
777,2024-04-07 16:59:00,2024-04-07 16:59:00,1.0,空载运行,IsolationForest; Mahalanobis; 单变量IQR+3σ; 残差,4.231,30,正常
778,2024-04-07 17:09:00,2024-04-07 17:11:00,3.0,停机,IsolationForest; Mahalanobis; 单变量IQR+3σ; 残差,7.253,90,正常
779,2024-04-07 17:13:00,2024-04-07 17:15:00,3.0,停机,IsolationForest; Mahalanobis; 单变量IQR+3σ; 残差,8.728,90,正常
780,2024-04-07 17:22:00,2024-04-07 17:22:00,1.0,停机,IsolationForest; Mahalanobis; 单变量IQR+3σ; 残差,7.748,30,正常
781,2024-04-07 17:33:00,2024-04-07 17:33:00,1.0,空载运行,IsolationForest; Mahalanobis; 单变量IQR+3σ; 残差,3.519,30,正常
782,2024-04-07 17:42:00,2024-04-07 17:42:00,1.0,停机,IsolationForest; Mahalanobis; 单变量IQR+3σ; 残差,4.452,30,正常
783,2024-04-07 17:49:00,2024-04-07 17:49:00,1.0,停机,IsolationForest; Mahalanobis; 单变量IQR+3σ; 残差,7.974,30,正常
784,2024-04-07 17:56:00,2024-04-07 17:56:00,1.0,空载运行,IsolationForest; Mahalanobis; 单变量IQR+3σ; 残差,3.007,30,残差异常：采煤机_截割部位_右滚筒_电机_温度 偏高（残差 Z-score=3.0，实际=68.0 vs 预测=62.8）
785,2024-04-07 18:00:00,2024-04-07 18:00:00,1.0,空载运行,IsolationForest; Mahalanobis; 单变量IQR+3σ; 残差,4.503,30,残差异常：采煤机_油泵_左电机_电流 偏高（残差 Z-score=4.5，实际=53.0 vs 预测=21.4）
786,2024-04-07 18:07:00,2024-04-07 18:08:00,2.0,空载运行,IsolationForest; Mahalanobis; 单变量IQR+3σ; 残差,6.333,60,残差异常：采煤机_油泵_右电机_电流 偏高（残差 Z-score=6.3，实际=58.0 vs 预测=17.6）
787,2024-04-07 18:10:00,2024-04-07 18:10:00,1.0,停机,IsolationForest; Mahalanobis; 单变量IQR+3σ; 残差,11.461,30,正常
788,2024-04-07 18:34:00,2024-04-07 18:34:00,1.0,停机,IsolationForest; Mahalanobis; 单变量IQR+3σ; 残差,7.257,30,正常
789,2024-04-07 18:36:00,2024-04-07 18:36:00,1.0,停机,IsolationForest; Mahalanobis; 单变量IQR+3σ; 残差,9.14,30,正常
790,2024-04-07 18:43:00,2024-04-07 18:49:00,7.0,空载运行,IsolationForest; Mahalanobis; 单变量IQR+3σ; 残差,13.756,210,正常
791,2024-04-07 18:55:00,2024-04-07 18:56:00,2.0,空载运行,IsolationForest; Mahalanobis; 单变量IQR+3σ; 残差,10.341,60,正常
792,2024-04-07 19:00:00,2024-04-07 19:01:00,2.0,停机,IsolationForest; Mahalanobis; 单变量IQR+3σ; 残差,0.914,60,正常
793,2024-04-07 19:08:00,2024-04-07 19:11:00,4.0,空载运行,IsolationForest; Mahalanobis; 单变量IQR+3σ; 残差,5.762,120,正常
794,2024-04-07 19:14:00,2024-04-07 19:14:00,1.0,空载运行,IsolationForest; Mahalanobis; 单变量IQR+3σ; 残差,4.206,30,正常
795,2024-04-07 19:19:00,2024-04-07 19:19:00,1.0,空载运行,IsolationForest; Mahalanobis; 单变量IQR+3σ; 残差,12.42,30,正常
796,2024-04-07 19:29:00,2024-04-07 19:29:00,1.0,空载运行,IsolationForest; Mahalanobis; 单变量IQR+3σ; 残差,6.27,30,残差异常：采煤机_油泵_右电机_电流 偏高（残差 Z-score=6.3，实际=59.0 vs 预测=19.0）
797,2024-04-07 19:39:00,2024-04-07 19:39:00,1.0,空载运行,IsolationForest; Mahalanobis; 单变量IQR+3σ; 残差,3.904,30,残差异常：采煤机_油泵_左电机_电流 偏高（残差 Z-score=3.9，实际=46.0 vs 预测=18.6）
798,2024-04-07 19:45:00,2024-04-07 19:45:00,1.0,空载运行,IsolationForest; Mahalanobis; 单变量IQR+3σ; 残差,4.436,30,正常
799,2024-04-07 19:47:00,2024-04-07 19:52:00,6.0,停机,IsolationForest; Mahalanobis; 单变量IQR+3σ; 残差,7.729,180,正常
800,2024-04-07 19:54:00,2024-04-07 19:55:00,2.0,空载运行,IsolationForest; Mahalanobis; 单变量IQR+3σ; 残差,3.119,60,正常
801,2024-04-07 20:02:00,2024-04-07 20:04:00,3.0,停机,IsolationForest; Mahalanobis; 单变量IQR+3σ; 残差,4.412,90,残差异常：采煤机_油泵_右电机_电流 偏高（残差 Z-score=4.4，实际=35.0 vs 预测=0.0）
802,2024-04-07 20:08:00,2024-04-07 20:11:00,4.0,停机,IsolationForest; Mahalanobis; 单变量IQR+3σ; 残差,3.006,120,正常
803,2024-04-07 20:17:00,2024-04-07 20:17:00,1.0,空载运行,IsolationForest; Mahalanobis; 单变量IQR+3σ; 残差,1.209,30,正常
804,2024-04-07 20:23:00,2024-04-07 20:24:00,2.0,空载运行,IsolationForest; Mahalanobis; 单变量IQR+3σ; 残差,4.771,60,残差异常：采煤机_破碎机_电机_电流 偏高（残差 Z-score=4.8，实际=29.0 vs 预测=0.0）
805,2024-04-07 20:26:00,2024-04-07 20:26:00,1.0,空载运行,IsolationForest; Mahalanobis; 单变量IQR+3σ; 残差,5.785,30,残差异常：采煤机_油泵_左电机_电流 偏高（残差 Z-score=5.8，实际=64.0 vs 预测=23.4）
806,2024-04-07 20:34:00,2024-04-07 20:39:00,6.0,停机,IsolationForest; Mahalanobis; 单变量IQR+3σ; 残差,6.937,180,正常
807,2024-04-07 20:41:00,2024-04-07 20:43:00,3.0,停机,IsolationForest; Mahalanobis; 单变量IQR+3σ; 残差,5.603,90,正常
808,2024-04-07 21:20:00,2024-04-07 21:20:00,1.0,停机,IsolationForest; Mahalanobis; 单变量IQR+3σ; 残差,4.397,30,正常
809,2024-04-07 21:51:00,2024-04-07 21:51:00,1.0,停机,IsolationForest; Mahalanobis; 单变量IQR+3σ; 残差,3.14,30,残差异常：采煤机_破碎机_电机_温度 偏高（残差 Z-score=3.1，实际=58.0 vs 预测=47.0）
810,2024-04-07 21:54:00,2024-04-07 21:54:00,1.0,停机,IsolationForest; Mahalanobis; 单变量IQR+3σ; 残差,7.327,30,正常
811,2024-04-07 22:00:00,2024-04-07 22:00:00,1.0,空载运行,IsolationForest; Mahalanobis; 单变量IQR+3σ; 残差,10.62,30,正常
812,2024-04-07 22:07:00,2024-04-07 22:09:00,3.0,空载运行,IsolationForest; Mahalanobis; 单变量IQR+3σ; 残差,13.03,90,正常
813,2024-04-07 22:14:00,2024-04-07 22:14:00,1.0,空载运行,IsolationForest; Mahalanobis; 单变量IQR+3σ; 残差,10.099,30,正常
814,2024-04-07 22:18:00,2024-04-07 22:21:00,4.0,空载运行,IsolationForest; Mahalanobis; 单变量IQR+3σ; 残差,11.537,120,正常
815,2024-04-07 22:24:00,2024-04-07 22:24:00,1.0,空载运行,IsolationForest; Mahalanobis; 单变量IQR+3σ; 残差,8.089,30,正常
816,2024-04-07 22:29:00,2024-04-07 22:32:00,4.0,停机,IsolationForest; Mahalanobis; 单变量IQR+3σ; 残差,4.846,120,正常
817,2024-04-07 22:34:00,2024-04-07 22:35:00,2.0,空载运行,IsolationForest; Mahalanobis; 单变量IQR+3σ; 残差,6.975,60,残差异常：采煤机_破碎机_电机_电流 偏高（残差 Z-score=7.0，实际=48.0 vs 预测=5.6）
818,2024-04-07 22:39:00,2024-04-07 22:39:00,1.0,空载运行,IsolationForest; Mahalanobis; 单变量IQR+3σ; 残差,4.559,30,残差异常：采煤机_油泵_左电机_电流 偏高（残差 Z-score=4.6，实际=49.0 vs 预测=17.0）
819,2024-04-07 22:54:00,2024-04-07 22:54:00,1.0,空载运行,IsolationForest; Mahalanobis; 单变量IQR+3σ; 残差,5.208,30,正常
820,2024-04-07 22:56:00,2024-04-07 22:56:00,1.0,空载运行,IsolationForest; Mahalanobis; 单变量IQR+3σ; 残差,5.408,30,正常
821,2024-04-07 23:01:00,2024-04-07 23:04:00,4.0,停机,IsolationForest; Mahalanobis; 单变量IQR+3σ; 残差,5.591,120,正常
822,2024-04-07 23:06:00,2024-04-07 23:15:00,10.0,停机,IsolationForest; Mahalanobis; 单变量IQR+3σ; 残差,18.421,300,残差异常：采煤机_油泵_左电机_电流 偏高（残差 Z-score=18.4，实际=167.0 vs 预测=13.6）
823,2024-04-07 23:18:00,2024-04-07 23:24:00,7.0,停机,IsolationForest; Mahalanobis; 单变量IQR+3σ; 残差,5.209,210,正常
824,2024-04-07 23:32:00,2024-04-07 23:32:00,1.0,空载运行,IsolationForest; Mahalanobis; 单变量IQR+3σ; 残差,1.599,30,正常
825,2024-04-07 23:36:00,2024-04-07 23:36:00,1.0,空载运行,IsolationForest; Mahalanobis; 单变量IQR+3σ; 残差,4.194,30,正常
826,2024-04-07 23:40:00,2024-04-07 23:43:00,4.0,停机,IsolationForest; Mahalanobis; 单变量IQR+3σ; 残差,5.609,120,正常
827,2024-04-07 23:45:00,2024-04-07 23:46:00,2.0,停机,IsolationForest; Mahalanobis; 单变量IQR+3σ; 残差,4.891,60,残差异常：采煤机_油泵_右电机_电流 偏高（残差 Z-score=4.9，实际=53.0 vs 预测=14.2）
828,2024-04-07 23:51:00,2024-04-07 23:51:00,1.0,停机,IsolationForest; Mahalanobis; 单变量IQR+3σ; 残差,3.279,30,正常
829,2024-04-08 00:09:00,2024-04-08 00:11:00,3.0,空载运行,IsolationForest; Mahalanobis; 单变量IQR+3σ; 残差,14.93,90,正常
830,2024-04-08 00:18:00,2024-04-08 00:18:00,1.0,空载运行,IsolationForest; Mahalanobis; 单变量IQR+3σ; 残差,8.597,30,正常
831,2024-04-08 00:22:00,2024-04-08 00:22:00,1.0,停机,IsolationForest; Mahalanobis; 单变量IQR+3σ; 残差,4.272,30,正常
832,2024-04-08 00:28:00,2024-04-08 00:28:00,1.0,空载运行,IsolationForest; Mahalanobis; 单变量IQR+3σ; 残差,6.299,30,正常
833,2024-04-08 00:31:00,2024-04-08 00:31:00,1.0,空载运行,IsolationForest; Mahalanobis; 单变量IQR+3σ; 残差,7.31,30,正常
834,2024-04-08 00:38:00,2024-04-08 00:51:00,14.0,停机,IsolationForest; Mahalanobis; 单变量IQR+3σ; 残差,8.204,420,正常
835,2024-04-08 00:55:00,2024-04-08 00:55:00,1.0,空载运行,IsolationForest; Mahalanobis; 单变量IQR+3σ; 残差,11.974,30,正常
836,2024-04-08 00:58:00,2024-04-08 00:58:00,1.0,空载运行,IsolationForest; Mahalanobis; 单变量IQR+3σ; 残差,11.361,30,正常
837,2024-04-08 01:01:00,2024-04-08 01:01:00,1.0,空载运行,IsolationForest; Mahalanobis; 单变量IQR+3σ; 残差,5.531,30,正常
838,2024-04-08 01:06:00,2024-04-08 01:07:00,2.0,空载运行,IsolationForest; Mahalanobis; 单变量IQR+3σ; 残差,4.538,60,正常
839,2024-04-08 01:09:00,2024-04-08 01:09:00,1.0,空载运行,IsolationForest; Mahalanobis; 单变量IQR+3σ; 残差,4.398,30,正常
840,2024-04-08 01:15:00,2024-04-08 01:15:00,1.0,空载运行,IsolationForest; Mahalanobis; 单变量IQR+3σ; 残差,7.124,30,残差异常：采煤机_油泵_左电机_电流 偏高（残差 Z-score=7.1，实际=67.0 vs 预测=17.0）
841,2024-04-08 01:18:00,2024-04-08 01:19:00,2.0,停机,IsolationForest; Mahalanobis; 单变量IQR+3σ; 残差,4.508,60,正常
842,2024-04-08 01:21:00,2024-04-08 01:21:00,1.0,空载运行,IsolationForest; Mahalanobis; 单变量IQR+3σ; 残差,4.16,30,残差异常：采煤机_油泵_左电机_电流 偏高（残差 Z-score=4.2，实际=53.0 vs 预测=23.8）
843,2024-04-08 01:23:00,2024-04-08 01:23:00,1.0,空载运行,IsolationForest; Mahalanobis; 单变量IQR+3σ; 残差,6.269,30,残差异常：采煤机_油泵_左电机_电流 偏高（残差 Z-score=6.3，实际=65.0 vs 预测=21.0）
844,2024-04-08 01:26:00,2024-04-08 01:28:00,3.0,停机,IsolationForest; Mahalanobis; 单变量IQR+3σ; 残差,5.5,90,正常
845,2024-04-08 01:30:00,2024-04-08 01:34:00,5.0,停机,IsolationForest; Mahalanobis; 单变量IQR+3σ; 残差,8.715,150,正常
846,2024-04-08 01:37:00,2024-04-08 01:37:00,1.0,空载运行,IsolationForest; Mahalanobis; 单变量IQR+3σ; 残差,5.389,30,正常
847,2024-04-08 01:50:00,2024-04-08 01:53:00,4.0,带载运行,IsolationForest; Mahalanobis; 单变量IQR+3σ; 残差,11.464,120,正常
848,2024-04-08 02:02:00,2024-04-08 02:10:00,9.0,停机,IsolationForest; Mahalanobis; 单变量IQR+3σ; 残差,15.714,270,正常
849,2024-04-08 02:12:00,2024-04-08 02:22:00,11.0,停机,IsolationForest; Mahalanobis; 单变量IQR+3σ; 残差,4.516,330,正常
850,2024-04-08 02:28:00,2024-04-08 02:39:00,12.0,停机,IsolationForest; Mahalanobis; 单变量IQR+3σ; 残差,4.875,360,正常
851,2024-04-08 02:55:00,2024-04-08 02:55:00,1.0,停机,IsolationForest; Mahalanobis; 单变量IQR+3σ; 残差,7.197,30,正常
852,2024-04-08 03:20:00,2024-04-08 03:20:00,1.0,停机,IsolationForest; Mahalanobis; 单变量IQR+3σ; 残差,4.203,30,残差异常：采煤机_油泵_左电机_电流 偏高（残差 Z-score=4.2，实际=52.0 vs 预测=17.0）
853,2024-04-08 03:22:00,2024-04-08 03:22:00,1.0,停机,IsolationForest; Mahalanobis; 单变量IQR+3σ; 残差,3.61,30,正常
854,2024-04-08 03:49:00,2024-04-08 03:49:00,1.0,停机,IsolationForest; Mahalanobis; 单变量IQR+3σ; 残差,8.35,30,正常
855,2024-04-08 03:56:00,2024-04-08 03:57:00,2.0,停机,IsolationForest; Mahalanobis; 单变量IQR+3σ; 残差,19.27,60,Mahalanobis 距离=19.3（阈值=18.5）。主要贡献特征：PC2 (96.4%); PC4 (2.4%)。
856,2024-04-08 04:09:00,2024-04-08 04:09:00,1.0,停机,IsolationForest; Mahalanobis; 单变量IQR+3σ; 残差,12.408,30,正常
857,2024-04-08 04:23:00,2024-04-08 04:24:00,2.0,停机,IsolationForest; Mahalanobis; 单变量IQR+3σ; 残差,5.043,60,残差异常：采煤机_油泵_右电机_电流 偏高（残差 Z-score=5.0，实际=57.0 vs 预测=17.0）
858,2024-04-08 04:29:00,2024-04-08 04:29:00,1.0,空载运行,IsolationForest; Mahalanobis; 单变量IQR+3σ; 残差,3.497,30,正常
859,2024-04-08 04:39:00,2024-04-08 04:39:00,1.0,停机,IsolationForest; Mahalanobis; 单变量IQR+3σ; 残差,3.656,30,残差异常：采煤机_油泵_右电机_电流 偏高（残差 Z-score=3.7，实际=43.0 vs 预测=14.0）
860,2024-04-08 04:54:00,2024-04-08 04:54:00,1.0,停机,IsolationForest; Mahalanobis; 单变量IQR+3σ; 残差,8.131,30,正常
861,2024-04-08 05:00:00,2024-04-08 05:00:00,1.0,停机,IsolationForest; Mahalanobis; 单变量IQR+3σ; 残差,9.566,30,正常
862,2024-04-08 05:15:00,2024-04-08 05:15:00,1.0,停机,IsolationForest; Mahalanobis; 单变量IQR+3σ; 残差,2.808,30,正常
863,2024-04-08 06:14:00,2024-04-08 06:14:00,1.0,停机,IsolationForest; Mahalanobis; 单变量IQR+3σ; 残差,3.095,30,残差异常：采煤机_牵引部位_左电机_电流 偏高（残差 Z-score=3.1，实际=133.0 vs 预测=0.0）
864,2024-04-08 06:23:00,2024-04-08 06:23:00,1.0,停机,IsolationForest; Mahalanobis; 单变量IQR+3σ; 残差,3.832,30,残差异常：采煤机_油泵_右电机_电流 偏高（残差 Z-score=3.8，实际=44.0 vs 预测=13.6）
865,2024-04-08 06:31:00,2024-04-08 06:31:00,1.0,停机,IsolationForest; Mahalanobis; 单变量IQR+3σ; 残差,3.278,30,残差异常：采煤机_油泵_右电机_电流 偏高（残差 Z-score=3.3，实际=26.0 vs 预测=0.0）
866,2024-04-08 06:33:00,2024-04-08 06:33:00,1.0,停机,IsolationForest; Mahalanobis; 单变量IQR+3σ; 残差,5.404,30,残差异常：采煤机_油泵_左电机_电流 偏高（残差 Z-score=5.4，实际=52.0 vs 预测=7.0）
867,2024-04-08 06:42:00,2024-04-08 06:42:00,1.0,停机,IsolationForest; Mahalanobis; 单变量IQR+3σ; 残差,4.049,30,正常
868,2024-04-08 06:44:00,2024-04-08 06:45:00,2.0,停机,IsolationForest; Mahalanobis; 单变量IQR+3σ; 残差,7.373,60,正常
869,2024-04-08 06:48:00,2024-04-08 06:48:00,1.0,空载运行,IsolationForest; Mahalanobis; 单变量IQR+3σ; 残差,6.673,30,正常
870,2024-04-08 06:50:00,2024-04-08 06:50:00,1.0,空载运行,IsolationForest; Mahalanobis; 单变量IQR+3σ; 残差,9.437,30,残差异常：采煤机_油泵_右电机_电流 偏高（残差 Z-score=9.4，实际=67.0 vs 预测=6.8）
871,2024-04-08 06:53:00,2024-04-08 06:53:00,1.0,停机,IsolationForest; Mahalanobis; 单变量IQR+3σ; 残差,7.391,30,正常
872,2024-04-08 07:17:00,2024-04-08 07:17:00,1.0,停机,IsolationForest; Mahalanobis; 单变量IQR+3σ; 残差,3.65,30,残差异常：采煤机_油泵_左电机_电流 偏高（残差 Z-score=3.7，实际=43.0 vs 预测=12.6）
873,2024-04-08 07:19:00,2024-04-08 07:19:00,1.0,停机,IsolationForest; Mahalanobis; 单变量IQR+3σ; 残差,3.627,30,正常
874,2024-04-08 08:18:00,2024-04-08 08:32:00,15.0,停机,IsolationForest; Mahalanobis; 单变量IQR+3σ; 残差,14.952,450,残差异常：采煤机_油泵_左电机_温度 偏高（残差 Z-score=15.0，实际=45.0 vs 预测=0.0）
875,2024-04-08 08:55:00,2024-04-08 08:56:00,2.0,停机,IsolationForest; Mahalanobis; 单变量IQR+3σ; 残差,3.53,60,残差异常：采煤机_油泵_右电机_电流 偏高（残差 Z-score=3.5，实际=28.0 vs 预测=0.0）
876,2024-04-08 09:11:00,2024-04-08 09:11:00,1.0,停机,IsolationForest; Mahalanobis; 单变量IQR+3σ; 残差,7.926,30,残差异常：采煤机_油泵_左电机_电流 偏高（残差 Z-score=7.9，实际=66.0 vs 预测=0.0）
877,2024-04-08 09:14:00,2024-04-08 09:15:00,2.0,空载运行,IsolationForest; Mahalanobis; 单变量IQR+3σ; 残差,4.771,60,残差异常：采煤机_破碎机_电机_电流 偏高（残差 Z-score=4.8，实际=29.0 vs 预测=0.0）
878,2024-04-08 09:23:00,2024-04-08 09:23:00,1.0,空载运行,IsolationForest; Mahalanobis; 单变量IQR+3σ; 残差,4.16,30,残差异常：采煤机_油泵_左电机_电流 偏高（残差 Z-score=4.2，实际=47.0 vs 预测=17.8）
879,2024-04-08 09:30:00,2024-04-08 09:30:00,1.0,停机,IsolationForest; Mahalanobis; 单变量IQR+3σ; 残差,3.842,30,残差异常：采煤机_牵引部位_右电机_温度 偏高（残差 Z-score=3.8，实际=67.0 vs 预测=52.8）
880,2024-04-08 09:49:00,2024-04-08 09:49:00,1.0,停机,IsolationForest; Mahalanobis; 单变量IQR+3σ; 残差,9.725,30,正常
881,2024-04-08 10:15:00,2024-04-08 10:17:00,3.0,空载运行,IsolationForest; Mahalanobis; 单变量IQR+3σ; 残差,2.239,90,正常
882,2024-04-08 11:47:00,2024-04-08 11:49:00,3.0,停机,IsolationForest; Mahalanobis; 单变量IQR+3σ; 残差,0.909,90,正常
883,2024-04-08 11:51:00,2024-04-08 11:52:00,2.0,空载运行,IsolationForest; Mahalanobis; 单变量IQR+3σ; 残差,0.977,60,正常
884,2024-04-08 13:48:00,2024-04-08 13:48:00,1.0,停机,IsolationForest; Mahalanobis; 单变量IQR+3σ; 残差,3.242,30,残差异常：采煤机_油泵_左电机_电流 偏高（残差 Z-score=3.2，实际=27.0 vs 预测=0.0）
885,2024-04-08 13:54:00,2024-04-08 13:55:00,2.0,空载运行,IsolationForest; Mahalanobis; 单变量IQR+3σ; 残差,3.772,60,残差异常：采煤机_油泵_右电机_温度 偏高（残差 Z-score=3.8，实际=48.0 vs 预测=43.6）
886,2024-04-08 14:38:00,2024-04-08 14:42:00,5.0,停机,IsolationForest; Mahalanobis; 单变量IQR+3σ; 残差,60.539,150,Mahalanobis 距离=60.5（阈值=18.5）。主要贡献特征：PC4 (90.1%); PC3 (9.5%)。
887,2024-04-08 15:56:00,2024-04-08 15:58:00,3.0,停机,IsolationForest; Mahalanobis; 单变量IQR+3σ; 残差,1.79,90,正常
888,2024-04-08 16:07:00,2024-04-08 16:07:00,1.0,停机,IsolationForest; Mahalanobis; 单变量IQR+3σ; 残差,5.612,30,正常
889,2024-04-08 16:11:00,2024-04-08 16:12:00,2.0,停机,IsolationForest; Mahalanobis; 单变量IQR+3σ; 残差,5.017,60,残差异常：采煤机_油泵_右电机_电流 偏高（残差 Z-score=5.0，实际=55.0 vs 预测=15.2）
890,2024-04-08 16:20:00,2024-04-08 16:20:00,1.0,停机,IsolationForest; Mahalanobis; 单变量IQR+3σ; 残差,5.168,30,残差异常：采煤机_油泵_右电机_电流 偏高（残差 Z-score=5.2，实际=56.0 vs 预测=15.0）
891,2024-04-08 16:22:00,2024-04-08 16:24:00,3.0,空载运行,IsolationForest; Mahalanobis; 单变量IQR+3σ; 残差,6.977,90,正常
892,2024-04-08 16:28:00,2024-04-08 16:30:00,3.0,空载运行,IsolationForest; Mahalanobis; 单变量IQR+3σ; 残差,11.073,90,正常
893,2024-04-08 16:34:00,2024-04-08 16:34:00,1.0,空载运行,IsolationForest; Mahalanobis; 单变量IQR+3σ; 残差,8.935,30,正常
894,2024-04-08 16:41:00,2024-04-08 16:42:00,2.0,空载运行,IsolationForest; Mahalanobis; 单变量IQR+3σ; 残差,4.15,60,正常
895,2024-04-08 16:46:00,2024-04-08 17:02:00,17.0,停机,IsolationForest; Mahalanobis; 单变量IQR+3σ; 残差,129.774,510,Mahalanobis 距离=129.8（阈值=18.5）。主要贡献特征：PC4 (73.3%); PC3 (22.9%); PC2 (3.8%)。
896,2024-04-08 17:10:00,2024-04-08 17:10:00,1.0,停机,IsolationForest; Mahalanobis; 单变量IQR+3σ; 残差,10.46,30,正常
897,2024-04-08 17:19:00,2024-04-08 17:19:00,1.0,停机,IsolationForest; Mahalanobis; 单变量IQR+3σ; 残差,14.559,30,正常
898,2024-04-08 17:28:00,2024-04-08 17:28:00,1.0,停机,IsolationForest; Mahalanobis; 单变量IQR+3σ; 残差,11.243,30,正常
899,2024-04-08 17:33:00,2024-04-08 17:33:00,1.0,停机,IsolationForest; Mahalanobis; 单变量IQR+3σ; 残差,12.008,30,正常
900,2024-04-08 17:39:00,2024-04-08 17:39:00,1.0,停机,IsolationForest; Mahalanobis; 单变量IQR+3σ; 残差,12.08,30,正常
901,2024-04-08 17:41:00,2024-04-08 17:55:00,15.0,停机,IsolationForest; Mahalanobis; 单变量IQR+3σ; 残差,132.151,450,Mahalanobis 距离=132.2（阈值=18.5）。主要贡献特征：PC2 (80.5%); PC3 (17.5%); PC4 (1.3%)。
902,2024-04-08 17:59:00,2024-04-08 18:03:00,5.0,空载运行,IsolationForest; Mahalanobis; 单变量IQR+3σ; 残差,7.218,150,正常
903,2024-04-08 18:06:00,2024-04-08 18:07:00,2.0,停机,IsolationForest; Mahalanobis; 单变量IQR+3σ; 残差,13.833,60,正常
904,2024-04-08 18:11:00,2024-04-08 18:11:00,1.0,停机,IsolationForest; Mahalanobis; 单变量IQR+3σ; 残差,5.34,30,正常
905,2024-04-08 18:14:00,2024-04-08 18:14:00,1.0,停机,IsolationForest; Mahalanobis; 单变量IQR+3σ; 残差,8.758,30,正常
906,2024-04-08 18:18:00,2024-04-08 18:18:00,1.0,停机,IsolationForest; Mahalanobis; 单变量IQR+3σ; 残差,11.376,30,正常
907,2024-04-08 18:20:00,2024-04-08 18:20:00,1.0,停机,IsolationForest; Mahalanobis; 单变量IQR+3σ; 残差,10.763,30,正常
908,2024-04-08 18:25:00,2024-04-08 18:26:00,2.0,空载运行,IsolationForest; Mahalanobis; 单变量IQR+3σ; 残差,9.431,60,残差异常：采煤机_截割部位_左滚筒_电机_温度 偏高（残差 Z-score=9.4，实际=93.0 vs 预测=72.6）
909,2024-04-08 18:56:00,2024-04-08 18:56:00,1.0,停机,IsolationForest; Mahalanobis; 单变量IQR+3σ; 残差,3.003,30,残差异常：采煤机_牵引部位_右电机_电流 偏高（残差 Z-score=3.0，实际=146.0 vs 预测=16.6）
910,2024-04-08 18:58:00,2024-04-08 19:01:00,4.0,停机,IsolationForest; Mahalanobis; 单变量IQR+3σ; 残差,6.051,120,残差异常：采煤机_油泵_右电机_电流 偏高（残差 Z-score=6.1，实际=66.0 vs 预测=18.0）
911,2024-04-08 19:05:00,2024-04-08 19:05:00,1.0,停机,IsolationForest; Mahalanobis; 单变量IQR+3σ; 残差,5.644,30,残差异常：采煤机_油泵_左电机_电流 偏高（残差 Z-score=5.6，实际=47.0 vs 预测=0.0）
912,2024-04-08 19:19:00,2024-04-08 19:19:00,1.0,空载运行,IsolationForest; Mahalanobis; 单变量IQR+3σ; 残差,3.817,30,残差异常：采煤机_破碎机_电机_电流 偏高（残差 Z-score=3.8，实际=29.0 vs 预测=5.8）
913,2024-04-08 19:23:00,2024-04-08 19:23:00,1.0,停机,IsolationForest; Mahalanobis; 单变量IQR+3σ; 残差,5.244,30,正常
914,2024-04-08 19:27:00,2024-04-08 19:27:00,1.0,空载运行,IsolationForest; Mahalanobis; 单变量IQR+3σ; 残差,3.027,30,残差异常：采煤机_破碎机_电机_电流 偏高（残差 Z-score=3.0，实际=30.0 vs 预测=11.6）
915,2024-04-08 19:32:00,2024-04-08 19:33:00,2.0,空载运行,IsolationForest; Mahalanobis; 单变量IQR+3σ; 残差,1.384,60,正常
916,2024-04-08 19:39:00,2024-04-08 19:39:00,1.0,空载运行,IsolationForest; Mahalanobis; 单变量IQR+3σ; 残差,4.771,30,残差异常：采煤机_破碎机_电机_电流 偏高（残差 Z-score=4.8，实际=29.0 vs 预测=0.0）
917,2024-04-08 19:42:00,2024-04-08 19:47:00,6.0,停机,IsolationForest; Mahalanobis; 单变量IQR+3σ; 残差,61.998,180,Mahalanobis 距离=62.0（阈值=18.5）。主要贡献特征：PC4 (88.9%); PC3 (10.6%)。
918,2024-04-08 19:58:00,2024-04-08 19:58:00,1.0,停机,IsolationForest; Mahalanobis; 单变量IQR+3σ; 残差,3.718,30,正常
919,2024-04-08 20:00:00,2024-04-08 20:00:00,1.0,空载运行,IsolationForest; Mahalanobis; 单变量IQR+3σ; 残差,5.297,30,残差异常：采煤机_破碎机_电机_电流 偏高（残差 Z-score=5.3，实际=38.0 vs 预测=5.8）
920,2024-04-08 23:18:00,2024-04-08 23:19:00,2.0,停机,IsolationForest; Mahalanobis; 单变量IQR+3σ; 残差,4.16,60,残差异常：采煤机_油泵_右电机_电流 偏高（残差 Z-score=4.2，实际=33.0 vs 预测=0.0）
921,2024-04-08 23:26:00,2024-04-08 23:26:00,1.0,停机,IsolationForest; Mahalanobis; 单变量IQR+3σ; 残差,3.626,30,残差异常：采煤机_油泵_左电机_电流 偏高（残差 Z-score=3.6，实际=41.0 vs 预测=10.8）
922,2024-04-08 23:28:00,2024-04-08 23:30:00,3.0,空载运行,IsolationForest; Mahalanobis; 单变量IQR+3σ; 残差,3.078,90,残差异常：采煤机_油泵_左电机_电流 偏高（残差 Z-score=3.1，实际=39.0 vs 预测=17.4）
923,2024-04-08 23:44:00,2024-04-08 23:44:00,1.0,空载运行,IsolationForest; Mahalanobis; 单变量IQR+3σ; 残差,2.189,30,正常
924,2024-04-08 23:46:00,2024-04-08 23:50:00,5.0,停机,IsolationForest; Mahalanobis; 单变量IQR+3σ; 残差,6.68,150,残差异常：采煤机_破碎机_电机_温度 偏高（残差 Z-score=6.7，实际=63.0 vs 预测=39.6）
925,2024-04-09 00:09:00,2024-04-09 00:09:00,1.0,停机,IsolationForest; Mahalanobis; 单变量IQR+3σ; 残差,4.438,30,正常
926,2024-04-09 00:11:00,2024-04-09 00:12:00,2.0,停机,IsolationForest; Mahalanobis; 单变量IQR+3σ; 残差,1.246,60,正常
927,2024-04-09 01:10:00,2024-04-09 01:10:00,1.0,空载运行,IsolationForest; Mahalanobis; 单变量IQR+3σ; 残差,0.962,30,正常
928,2024-04-09 01:21:00,2024-04-09 01:21:00,1.0,空载运行,IsolationForest; Mahalanobis; 单变量IQR+3σ; 残差,4.237,30,正常
929,2024-04-09 01:37:00,2024-04-09 01:37:00,1.0,停机,IsolationForest; Mahalanobis; 单变量IQR+3σ; 残差,5.332,30,残差异常：采煤机_油泵_左电机_电流 偏高（残差 Z-score=5.3，实际=63.0 vs 预测=18.6）
930,2024-04-09 02:19:00,2024-04-09 02:19:00,1.0,停机,IsolationForest; Mahalanobis; 单变量IQR+3σ; 残差,6.677,30,残差异常：采煤机_油泵_左电机_电流 偏高（残差 Z-score=6.7，实际=66.0 vs 预测=10.4）
931,2024-04-09 02:31:00,2024-04-09 02:33:00,3.0,停机,IsolationForest; Mahalanobis; 单变量IQR+3σ; 残差,5.9,90,残差异常：采煤机_油泵_右电机_电流 偏高（残差 Z-score=5.9，实际=64.0 vs 预测=17.2）
932,2024-04-09 02:47:00,2024-04-09 02:47:00,1.0,停机,IsolationForest; Mahalanobis; 单变量IQR+3σ; 残差,5.077,30,正常
933,2024-04-09 03:04:00,2024-04-09 03:04:00,1.0,停机,IsolationForest; Mahalanobis; 单变量IQR+3σ; 残差,5.452,30,残差异常：采煤机_油泵_左电机_电流 偏高（残差 Z-score=5.5，实际=65.0 vs 预测=19.6）
934,2024-04-09 03:33:00,2024-04-09 03:35:00,3.0,空载运行,IsolationForest; Mahalanobis; 单变量IQR+3σ; 残差,4.512,90,残差异常：采煤机_截割部位_右滚筒_电机_温度 偏高（残差 Z-score=4.5，实际=65.0 vs 预测=57.2）
935,2024-04-09 03:37:00,2024-04-09 03:37:00,1.0,停机,IsolationForest; Mahalanobis; 单变量IQR+3σ; 残差,6.495,30,正常
936,2024-04-09 03:52:00,2024-04-09 03:53:00,2.0,空载运行,IsolationForest; Mahalanobis; 单变量IQR+3σ; 残差,5.917,60,残差异常：采煤机_截割部位_左滚筒_电机_温度 偏高（残差 Z-score=5.9，实际=77.0 vs 预测=64.2）
937,2024-04-09 03:56:00,2024-04-09 03:56:00,1.0,空载运行,IsolationForest; Mahalanobis; 单变量IQR+3σ; 残差,5.229,30,正常
938,2024-04-09 03:59:00,2024-04-09 03:59:00,1.0,空载运行,IsolationForest; Mahalanobis; 单变量IQR+3σ; 残差,7.166,30,正常
939,2024-04-09 04:04:00,2024-04-09 04:04:00,1.0,空载运行,IsolationForest; Mahalanobis; 单变量IQR+3σ; 残差,5.925,30,残差异常：采煤机_油泵_右电机_电流 偏高（残差 Z-score=5.9，实际=55.0 vs 预测=17.2）
940,2024-04-09 04:07:00,2024-04-09 04:07:00,1.0,停机,IsolationForest; Mahalanobis; 单变量IQR+3σ; 残差,4.589,30,残差异常：采煤机_油泵_右电机_电流 偏高（残差 Z-score=4.6，实际=57.0 vs 预测=20.6）
941,2024-04-09 04:09:00,2024-04-09 04:09:00,1.0,停机,IsolationForest; Mahalanobis; 单变量IQR+3σ; 残差,3.062,30,正常
942,2024-04-09 04:11:00,2024-04-09 04:16:00,6.0,停机,IsolationForest; Mahalanobis; 单变量IQR+3σ; 残差,51.854,180,Mahalanobis 距离=51.9（阈值=18.5）。主要贡献特征：PC4 (81.9%); PC3 (15.8%); PC2 (2.3%)。
943,2024-04-09 04:38:00,2024-04-09 04:41:00,4.0,停机,IsolationForest; Mahalanobis; 单变量IQR+3σ; 残差,18.912,120,Mahalanobis 距离=18.9（阈值=18.5）。主要贡献特征：PC4 (50.7%); PC3 (37.8%); PC2 (11.5%)。
944,2024-04-09 04:44:00,2024-04-09 04:44:00,1.0,空载运行,IsolationForest; Mahalanobis; 单变量IQR+3σ; 残差,5.593,30,残差异常：采煤机_破碎机_电机_电流 偏高（残差 Z-score=5.6，实际=34.0 vs 预测=0.0）
945,2024-04-09 05:06:00,2024-04-09 05:06:00,1.0,停机,IsolationForest; Mahalanobis; 单变量IQR+3σ; 残差,5.971,30,正常
946,2024-04-09 05:15:00,2024-04-09 05:15:00,1.0,停机,IsolationForest; Mahalanobis; 单变量IQR+3σ; 残差,3.771,30,残差异常：采煤机_油泵_左电机_电流 偏高（残差 Z-score=3.8，实际=49.0 vs 预测=17.6）
947,2024-04-09 05:26:00,2024-04-09 05:26:00,1.0,停机,IsolationForest; Mahalanobis; 单变量IQR+3σ; 残差,4.286,30,残差异常：采煤机_油泵_右电机_电流 偏高（残差 Z-score=4.3，实际=51.0 vs 预测=17.0）
948,2024-04-09 05:51:00,2024-04-09 05:51:00,1.0,停机,IsolationForest; Mahalanobis; 单变量IQR+3σ; 残差,3.317,30,正常
949,2024-04-09 06:34:00,2024-04-09 06:34:00,1.0,停机,IsolationForest; Mahalanobis; 单变量IQR+3σ; 残差,7.11,30,残差异常：采煤机_油泵_右电机_电流 偏高（残差 Z-score=7.1，实际=60.0 vs 预测=3.6）
950,2024-04-09 06:38:00,2024-04-09 06:38:00,1.0,停机,IsolationForest; Mahalanobis; 单变量IQR+3σ; 残差,3.011,30,残差异常：采煤机_牵引部位_左电机_电流 偏高（残差 Z-score=3.0，实际=195.0 vs 预测=65.6）
951,2024-04-09 06:57:00,2024-04-09 06:57:00,1.0,停机,IsolationForest; Mahalanobis; 单变量IQR+3σ; 残差,3.151,30,残差异常：采煤机_油泵_右电机_电流 偏高（残差 Z-score=3.2，实际=43.0 vs 预测=18.0）
952,2024-04-09 07:05:00,2024-04-09 07:05:00,1.0,停机,IsolationForest; Mahalanobis; 单变量IQR+3σ; 残差,4.311,30,残差异常：采煤机_油泵_右电机_电流 偏高（残差 Z-score=4.3，实际=52.0 vs 预测=17.8）
953,2024-04-09 07:19:00,2024-04-09 07:19:00,1.0,停机,IsolationForest; Mahalanobis; 单变量IQR+3σ; 残差,5.551,30,正常
954,2024-04-09 07:49:00,2024-04-09 07:49:00,1.0,停机,IsolationForest; Mahalanobis; 单变量IQR+3σ; 残差,3.657,30,残差异常：采煤机_牵引部位_右电机_电流 偏高（残差 Z-score=3.7，实际=177.0 vs 预测=19.4）
955,2024-04-09 07:53:00,2024-04-09 07:53:00,1.0,空载运行,IsolationForest; Mahalanobis; 单变量IQR+3σ; 残差,3.817,30,残差异常：采煤机_破碎机_电机_电流 偏高（残差 Z-score=3.8，实际=30.0 vs 预测=6.8）
956,2024-04-09 08:20:00,2024-04-09 08:20:00,1.0,停机,IsolationForest; Mahalanobis; 单变量IQR+3σ; 残差,4.587,30,残差异常：采煤机_油泵_左电机_电流 偏高（残差 Z-score=4.6，实际=56.0 vs 预测=17.8）
957,2024-04-09 08:24:00,2024-04-09 08:24:00,1.0,停机,IsolationForest; Mahalanobis; 单变量IQR+3σ; 残差,1.538,30,正常
958,2024-04-09 08:29:00,2024-04-09 08:29:00,1.0,停机,IsolationForest; Mahalanobis; 单变量IQR+3σ; 残差,4.467,30,残差异常：采煤机_油泵_左电机_电流 偏高（残差 Z-score=4.5，实际=48.0 vs 预测=10.8）
959,2024-04-09 08:38:00,2024-04-09 08:39:00,2.0,空载运行,IsolationForest; Mahalanobis; 单变量IQR+3σ; 残差,3.872,60,正常
960,2024-04-09 10:17:00,2024-04-09 10:18:00,2.0,停机,IsolationForest; Mahalanobis; 单变量IQR+3σ; 残差,1.198,60,正常
961,2024-04-09 10:21:00,2024-04-09 10:24:00,4.0,空载运行,IsolationForest; Mahalanobis; 单变量IQR+3σ; 残差,1.251,120,正常
962,2024-04-09 15:55:00,2024-04-09 15:55:00,1.0,空载运行,IsolationForest; Mahalanobis; 单变量IQR+3σ; 残差,7.588,30,正常
963,2024-04-09 16:11:00,2024-04-09 16:52:00,42.0,空载运行,IsolationForest; Mahalanobis; 单变量IQR+3σ; 残差,1.286,1260,正常
964,2024-04-09 17:11:00,2024-04-09 17:13:00,3.0,停机,IsolationForest; Mahalanobis; 单变量IQR+3σ; 残差,4.605,90,正常
965,2024-04-09 17:20:00,2024-04-09 17:20:00,1.0,停机,IsolationForest; Mahalanobis; 单变量IQR+3σ; 残差,5.673,30,正常
966,2024-04-09 17:23:00,2024-04-09 17:23:00,1.0,停机,IsolationForest; Mahalanobis; 单变量IQR+3σ; 残差,3.939,30,残差异常：采煤机_油泵_左电机_电流 偏高（残差 Z-score=3.9，实际=52.0 vs 预测=19.2）
967,2024-04-09 17:31:00,2024-04-09 17:32:00,2.0,停机,IsolationForest; Mahalanobis; 单变量IQR+3σ; 残差,5.043,60,残差异常：采煤机_油泵_左电机_电流 偏高（残差 Z-score=5.0，实际=60.0 vs 预测=18.0）
968,2024-04-09 17:41:00,2024-04-09 17:44:00,4.0,空载运行,IsolationForest; Mahalanobis; 单变量IQR+3σ; 残差,8.101,120,残差异常：采煤机_截割部位_右滚筒_电机_温度 偏高（残差 Z-score=8.1，实际=56.0 vs 预测=42.0）
969,2024-04-09 17:50:00,2024-04-09 17:51:00,2.0,空载运行,IsolationForest; Mahalanobis; 单变量IQR+3σ; 残差,9.672,60,正常
970,2024-04-09 18:04:00,2024-04-09 18:04:00,1.0,空载运行,IsolationForest; Mahalanobis; 单变量IQR+3σ; 残差,4.575,30,正常
971,2024-04-09 18:08:00,2024-04-09 18:10:00,3.0,空载运行,IsolationForest; Mahalanobis; 单变量IQR+3σ; 残差,9.854,90,正常
972,2024-04-09 18:13:00,2024-04-09 18:15:00,3.0,停机,IsolationForest; Mahalanobis; 单变量IQR+3σ; 残差,5.709,90,残差异常：采煤机_破碎机_电机_温度 偏高（残差 Z-score=5.7，实际=53.0 vs 预测=33.0）
973,2024-04-09 18:20:00,2024-04-09 18:20:00,1.0,停机,IsolationForest; Mahalanobis; 单变量IQR+3σ; 残差,7.014,30,正常
974,2024-04-09 21:28:00,2024-04-09 21:28:00,1.0,停机,IsolationForest; Mahalanobis; 单变量IQR+3σ; 残差,3.126,30,残差异常：采煤机_油泵_右电机_电流 偏高（残差 Z-score=3.1，实际=29.0 vs 预测=4.2）
975,2024-04-09 21:30:00,2024-04-09 21:32:00,3.0,空载运行,IsolationForest; Mahalanobis; 单变量IQR+3σ; 残差,5.791,90,残差异常：采煤机_破碎机_电机_电流 偏高（残差 Z-score=5.8，实际=41.0 vs 预测=5.8）
976,2024-04-09 21:37:00,2024-04-09 21:37:00,1.0,停机,IsolationForest; Mahalanobis; 单变量IQR+3σ; 残差,8.699,30,正常
977,2024-04-09 21:39:00,2024-04-09 21:39:00,1.0,停机,IsolationForest; Mahalanobis; 单变量IQR+3σ; 残差,10.314,30,正常
978,2024-04-09 21:51:00,2024-04-09 21:51:00,1.0,停机,IsolationForest; Mahalanobis; 单变量IQR+3σ; 残差,4.371,30,残差异常：采煤机_油泵_左电机_电流 偏高（残差 Z-score=4.4，实际=54.0 vs 预测=17.6）
979,2024-04-09 22:03:00,2024-04-09 22:04:00,2.0,空载运行,IsolationForest; Mahalanobis; 单变量IQR+3σ; 残差,8.332,60,残差异常：采煤机_截割部位_右滚筒_电机_温度 偏高（残差 Z-score=8.3，实际=63.0 vs 预测=48.6）
980,2024-04-09 22:09:00,2024-04-09 22:09:00,1.0,空载运行,IsolationForest; Mahalanobis; 单变量IQR+3σ; 残差,4.744,30,残差异常：采煤机_截割部位_右滚筒_电机_温度 偏高（残差 Z-score=4.7，实际=62.0 vs 预测=53.8）
981,2024-04-09 22:13:00,2024-04-09 22:14:00,2.0,空载运行,IsolationForest; Mahalanobis; 单变量IQR+3σ; 残差,4.744,60,残差异常：采煤机_截割部位_右滚筒_电机_温度 偏高（残差 Z-score=4.7，实际=65.0 vs 预测=56.8）
982,2024-04-09 22:20:00,2024-04-09 22:22:00,3.0,空载运行,IsolationForest; Mahalanobis; 单变量IQR+3σ; 残差,3.461,90,正常
983,2024-04-10 00:56:00,2024-04-10 00:56:00,1.0,停机,IsolationForest; Mahalanobis; 单变量IQR+3σ; 残差,6.146,30,正常
984,2024-04-10 01:01:00,2024-04-10 01:01:00,1.0,停机,IsolationForest; Mahalanobis; 单变量IQR+3σ; 残差,3.795,30,残差异常：采煤机_油泵_左电机_电流 偏高（残差 Z-score=3.8，实际=50.0 vs 预测=18.4）
985,2024-04-10 01:03:00,2024-04-10 01:03:00,1.0,停机,IsolationForest; Mahalanobis; 单变量IQR+3σ; 残差,5.017,30,残差异常：采煤机_油泵_右电机_电流 偏高（残差 Z-score=5.0，实际=58.0 vs 预测=18.2）
986,2024-04-10 01:10:00,2024-04-10 01:10:00,1.0,停机,IsolationForest; Mahalanobis; 单变量IQR+3σ; 残差,5.521,30,残差异常：采煤机_油泵_右电机_电流 偏高（残差 Z-score=5.5，实际=62.0 vs 预测=18.2）
987,2024-04-10 01:22:00,2024-04-10 01:22:00,1.0,停机,IsolationForest; Mahalanobis; 单变量IQR+3σ; 残差,8.156,30,正常
988,2024-04-10 01:27:00,2024-04-10 01:31:00,5.0,停机,IsolationForest; Mahalanobis; 单变量IQR+3σ; 残差,32.025,150,Mahalanobis 距离=32.0（阈值=18.5）。主要贡献特征：PC2 (96.1%); PC4 (1.6%); PC3 (1.3%)。
989,2024-04-10 01:34:00,2024-04-10 01:34:00,1.0,空载运行,IsolationForest; Mahalanobis; 单变量IQR+3σ; 残差,3.143,30,残差异常：采煤机_牵引部位_左电机_电流 偏高（残差 Z-score=3.1，实际=128.0 vs 预测=0.0）
990,2024-04-10 01:36:00,2024-04-10 01:36:00,1.0,停机,IsolationForest; Mahalanobis; 单变量IQR+3σ; 残差,5.51,30,正常
991,2024-04-10 02:01:00,2024-04-10 02:03:00,3.0,停机,IsolationForest; Mahalanobis; 单变量IQR+3σ; 残差,13.653,90,正常
992,2024-04-10 02:16:00,2024-04-10 02:16:00,1.0,停机,IsolationForest; Mahalanobis; 单变量IQR+3σ; 残差,4.755,30,残差异常：采煤机_油泵_左电机_电流 偏高（残差 Z-score=4.8，实际=56.0 vs 预测=16.4）
993,2024-04-10 02:18:00,2024-04-10 02:18:00,1.0,停机,IsolationForest; Mahalanobis; 单变量IQR+3σ; 残差,4.11,30,残差异常：采煤机_油泵_右电机_电流 偏高（残差 Z-score=4.1，实际=50.0 vs 预测=17.4）
994,2024-04-10 02:22:00,2024-04-10 02:22:00,1.0,停机,IsolationForest; Mahalanobis; 单变量IQR+3σ; 残差,4.34,30,正常
995,2024-04-10 02:32:00,2024-04-10 02:34:00,3.0,停机,IsolationForest; Mahalanobis; 单变量IQR+3σ; 残差,9.298,90,正常
996,2024-04-10 02:39:00,2024-04-10 02:39:00,1.0,停机,IsolationForest; Mahalanobis; 单变量IQR+3σ; 残差,3.839,30,正常
997,2024-04-10 02:44:00,2024-04-10 02:44:00,1.0,空载运行,IsolationForest; Mahalanobis; 单变量IQR+3σ; 残差,4.438,30,残差异常：采煤机_截割部位_左滚筒_电机_温度 偏高（残差 Z-score=4.4，实际=70.0 vs 预测=60.4）
998,2024-04-10 03:09:00,2024-04-10 03:09:00,1.0,停机,IsolationForest; Mahalanobis; 单变量IQR+3σ; 残差,7.915,30,正常
999,2024-04-10 03:17:00,2024-04-10 03:18:00,2.0,停机,IsolationForest; Mahalanobis; 单变量IQR+3σ; 残差,5.043,60,残差异常：采煤机_油泵_右电机_电流 偏高（残差 Z-score=5.0，实际=57.0 vs 预测=17.0）
1000,2024-04-10 03:22:00,2024-04-10 03:22:00,1.0,停机,IsolationForest; Mahalanobis; 单变量IQR+3σ; 残差,5.471,30,残差异常：采煤机_油泵_右电机_电流 偏高（残差 Z-score=5.5，实际=65.0 vs 预测=21.6）
1001,2024-04-10 03:24:00,2024-04-10 03:24:00,1.0,停机,IsolationForest; Mahalanobis; 单变量IQR+3σ; 残差,3.386,30,残差异常：采煤机_油泵_左电机_电流 偏高（残差 Z-score=3.4，实际=46.0 vs 预测=17.8）
1002,2024-04-10 04:13:00,2024-04-10 04:13:00,1.0,停机,IsolationForest; Mahalanobis; 单变量IQR+3σ; 残差,3.188,30,残差异常：采煤机_牵引部位_左电机_电流 偏高（残差 Z-score=3.2，实际=137.0 vs 预测=0.0）
1003,2024-04-10 04:20:00,2024-04-10 04:20:00,1.0,停机,IsolationForest; Mahalanobis; 单变量IQR+3σ; 残差,3.339,30,正常
1004,2024-04-10 04:30:00,2024-04-10 12:32:00,483.0,停机,IsolationForest; Mahalanobis; 单变量IQR+3σ; 残差,132.914,14490,Mahalanobis 距离=132.9（阈值=18.5）。主要贡献特征：PC2 (79.2%); PC3 (19.9%)。
1005,2024-04-10 12:47:00,2024-04-10 13:56:00,70.0,停机,IsolationForest; Mahalanobis; 单变量IQR+3σ; 残差,14.62,2100,残差异常：采煤机_油泵_左电机_温度 偏高（残差 Z-score=14.6，实际=44.0 vs 预测=0.0）
1006,2024-04-10 14:24:00,2024-04-10 14:25:00,2.0,停机,IsolationForest; Mahalanobis; 单变量IQR+3σ; 残差,6.113,60,残差异常：采煤机_油泵_左电机_温度 偏高（残差 Z-score=6.1，实际=45.0 vs 预测=26.6）
1007,2024-04-10 15:11:00,2024-04-10 15:11:00,1.0,停机,IsolationForest; Mahalanobis; 单变量IQR+3σ; 残差,3.974,30,正常
1008,2024-04-10 15:55:00,2024-04-10 15:56:00,2.0,空载运行,IsolationForest; Mahalanobis; 单变量IQR+3σ; 残差,4.771,60,残差异常：采煤机_破碎机_电机_电流 偏高（残差 Z-score=4.8，实际=29.0 vs 预测=0.0）
1009,2024-04-10 16:10:00,2024-04-10 16:11:00,2.0,停机,IsolationForest; Mahalanobis; 单变量IQR+3σ; 残差,3.996,60,残差异常：采煤机_破碎机_电机_温度 偏高（残差 Z-score=4.0，实际=56.0 vs 预测=42.0）
1010,2024-04-10 16:14:00,2024-04-10 16:14:00,1.0,停机,IsolationForest; Mahalanobis; 单变量IQR+3σ; 残差,7.88,30,正常
1011,2024-04-10 16:17:00,2024-04-10 16:17:00,1.0,停机,IsolationForest; Mahalanobis; 单变量IQR+3σ; 残差,13.342,30,正常
1012,2024-04-10 16:20:00,2024-04-10 16:20:00,1.0,停机,IsolationForest; Mahalanobis; 单变量IQR+3σ; 残差,14.963,30,正常
1013,2024-04-10 16:28:00,2024-04-10 16:28:00,1.0,空载运行,IsolationForest; Mahalanobis; 单变量IQR+3σ; 残差,4.049,30,残差异常：采煤机_截割部位_右滚筒_电机_温度 偏高（残差 Z-score=4.0，实际=63.0 vs 预测=56.0）
1014,2024-04-10 16:30:00,2024-04-10 16:30:00,1.0,空载运行,IsolationForest; Mahalanobis; 单变量IQR+3σ; 残差,3.51,30,正常
1015,2024-04-10 16:45:00,2024-04-10 16:45:00,1.0,停机,IsolationForest; Mahalanobis; 单变量IQR+3σ; 残差,3.254,30,残差异常：采煤机_破碎机_电机_温度 偏高（残差 Z-score=3.3，实际=59.0 vs 预测=47.6）
1016,2024-04-10 17:02:00,2024-04-10 17:04:00,3.0,空载运行,IsolationForest; Mahalanobis; 单变量IQR+3σ; 残差,5.272,90,残差异常：采煤机_油泵_左电机_电流 偏高（残差 Z-score=5.3，实际=54.0 vs 预测=17.0）
1017,2024-04-10 17:11:00,2024-04-10 17:11:00,1.0,停机,IsolationForest; Mahalanobis; 单变量IQR+3σ; 残差,5.396,30,残差异常：采煤机_油泵_右电机_电流 偏高（残差 Z-score=5.4，实际=60.0 vs 预测=17.2）
1018,2024-04-10 17:19:00,2024-04-10 17:20:00,2.0,空载运行,IsolationForest; Mahalanobis; 单变量IQR+3σ; 残差,1.247,60,正常
1019,2024-04-10 17:43:00,2024-04-10 17:43:00,1.0,停机,IsolationForest; Mahalanobis; 单变量IQR+3σ; 残差,3.188,30,残差异常：采煤机_牵引部位_左电机_电流 偏高（残差 Z-score=3.2，实际=137.0 vs 预测=0.0）
1020,2024-04-10 17:45:00,2024-04-10 17:45:00,1.0,停机,IsolationForest; Mahalanobis; 单变量IQR+3σ; 残差,6.749,30,残差异常：采煤机_油泵_左电机_电流 偏高（残差 Z-score=6.7，实际=63.0 vs 预测=6.8）
1021,2024-04-10 17:50:00,2024-04-10 17:50:00,1.0,停机,IsolationForest; Mahalanobis; 单变量IQR+3σ; 残差,1.575,30,正常
1022,2024-04-10 19:45:00,2024-04-10 19:48:00,4.0,空载运行,IsolationForest; Mahalanobis; 单变量IQR+3σ; 残差,0.938,120,正常
1023,2024-04-10 19:55:00,2024-04-10 19:55:00,1.0,停机,IsolationForest; Mahalanobis; 单变量IQR+3σ; 残差,4.734,30,残差异常：采煤机_牵引部位_右电机_电流 偏高（残差 Z-score=4.7，实际=204.0 vs 预测=0.0）
1024,2024-04-10 20:04:00,2024-04-10 20:04:00,1.0,停机,IsolationForest; Mahalanobis; 单变量IQR+3σ; 残差,2.631,30,正常
1025,2024-04-10 20:11:00,2024-04-10 20:11:00,1.0,停机,IsolationForest; Mahalanobis; 单变量IQR+3σ; 残差,3.076,30,正常
1026,2024-04-10 20:43:00,2024-04-10 20:44:00,2.0,空载运行,IsolationForest; Mahalanobis; 单变量IQR+3σ; 残差,4.771,60,残差异常：采煤机_破碎机_电机_电流 偏高（残差 Z-score=4.8，实际=29.0 vs 预测=0.0）
1027,2024-04-10 20:46:00,2024-04-10 20:46:00,1.0,停机,IsolationForest; Mahalanobis; 单变量IQR+3σ; 残差,4.743,30,正常
1028,2024-04-10 21:06:00,2024-04-10 21:06:00,1.0,停机,IsolationForest; Mahalanobis; 单变量IQR+3σ; 残差,3.933,30,残差异常：采煤机_油泵_右电机_电流 偏高（残差 Z-score=3.9，实际=49.0 vs 预测=17.8）
1029,2024-04-10 21:08:00,2024-04-10 21:12:00,5.0,空载运行,IsolationForest; Mahalanobis; 单变量IQR+3σ; 残差,7.859,150,残差异常：采煤机_截割部位_左滚筒_电机_温度 偏高（残差 Z-score=7.9，实际=68.0 vs 预测=51.0）
1030,2024-04-10 21:17:00,2024-04-10 21:17:00,1.0,停机,IsolationForest; Mahalanobis; 单变量IQR+3σ; 残差,3.825,30,残差异常：采煤机_破碎机_电机_温度 偏高（残差 Z-score=3.8，实际=52.0 vs 预测=38.6）
1031,2024-04-10 21:26:00,2024-04-10 21:27:00,2.0,停机,IsolationForest; Mahalanobis; 单变量IQR+3σ; 残差,6.131,60,正常
1032,2024-04-10 21:55:00,2024-04-10 21:57:00,3.0,空载运行,IsolationForest; Mahalanobis; 单变量IQR+3σ; 残差,3.401,90,正常
1033,2024-04-10 22:00:00,2024-04-10 22:00:00,1.0,空载运行,IsolationForest; Mahalanobis; 单变量IQR+3σ; 残差,2.486,30,正常
1034,2024-04-10 22:25:00,2024-04-10 22:25:00,1.0,停机,IsolationForest; Mahalanobis; 单变量IQR+3σ; 残差,4.362,30,残差异常：采煤机_油泵_右电机_电流 偏高（残差 Z-score=4.4，实际=52.0 vs 预测=17.4）
1035,2024-04-10 22:27:00,2024-04-10 22:27:00,1.0,停机,IsolationForest; Mahalanobis; 单变量IQR+3σ; 残差,4.947,30,残差异常：采煤机_油泵_左电机_电流 偏高（残差 Z-score=4.9，实际=59.0 vs 预测=17.8）
1036,2024-04-10 22:35:00,2024-04-10 22:35:00,1.0,停机,IsolationForest; Mahalanobis; 单变量IQR+3σ; 残差,4.088,30,正常
1037,2024-04-10 22:47:00,2024-04-10 22:50:00,4.0,空载运行,IsolationForest; Mahalanobis; 单变量IQR+3σ; 残差,5.1,120,残差异常：采煤机_破碎机_电机_电流 偏高（残差 Z-score=5.1，实际=31.0 vs 预测=0.0）
1038,2024-04-10 22:52:00,2024-04-10 22:55:00,4.0,空载运行,IsolationForest; Mahalanobis; 单变量IQR+3σ; 残差,4.617,120,残差异常：采煤机_油泵_左电机_电流 偏高（残差 Z-score=4.6，实际=49.0 vs 预测=16.6）
1039,2024-04-10 23:15:00,2024-04-10 23:20:00,6.0,停机,IsolationForest; Mahalanobis; 单变量IQR+3σ; 残差,52.991,180,Mahalanobis 距离=53.0（阈值=18.5）。主要贡献特征：PC2 (93.5%); PC3 (6.2%)。
1040,2024-04-10 23:28:00,2024-04-10 23:28:00,1.0,停机,IsolationForest; Mahalanobis; 单变量IQR+3σ; 残差,4.419,30,残差异常：采煤机_油泵_左电机_电流 偏高（残差 Z-score=4.4，实际=54.0 vs 预测=17.2）
1041,2024-04-10 23:31:00,2024-04-10 23:31:00,1.0,停机,IsolationForest; Mahalanobis; 单变量IQR+3σ; 残差,3.58,30,残差异常：采煤机_油泵_右电机_电流 偏高（残差 Z-score=3.6，实际=46.0 vs 预测=17.6）
1042,2024-04-10 23:41:00,2024-04-10 23:41:00,1.0,停机,IsolationForest; Mahalanobis; 单变量IQR+3σ; 残差,5.764,30,残差异常：采煤机_油泵_左电机_电流 偏高（残差 Z-score=5.8，实际=65.0 vs 预测=17.0）
1043,2024-04-10 23:51:00,2024-04-10 23:51:00,1.0,停机,IsolationForest; Mahalanobis; 单变量IQR+3σ; 残差,5.437,30,正常
1044,2024-04-10 23:54:00,2024-04-10 23:54:00,1.0,空载运行,IsolationForest; Mahalanobis; 单变量IQR+3σ; 残差,2.274,30,正常
1045,2024-04-10 23:58:00,2024-04-10 23:58:00,1.0,空载运行,IsolationForest; Mahalanobis; 单变量IQR+3σ; 残差,1.734,30,正常
1046,2024-04-11 00:00:00,2024-04-11 00:02:00,3.0,空载运行,IsolationForest; Mahalanobis; 单变量IQR+3σ; 残差,6.613,90,残差异常：采煤机_破碎机_电机_电流 偏高（残差 Z-score=6.6，实际=46.0 vs 预测=5.8）
1047,2024-04-11 00:16:00,2024-04-11 00:16:00,1.0,空载运行,IsolationForest; Mahalanobis; 单变量IQR+3σ; 残差,3.258,30,残差异常：采煤机_破碎机_电机_电流 偏高（残差 Z-score=3.3，实际=29.0 vs 预测=9.2）
1048,2024-04-11 00:22:00,2024-04-11 00:23:00,2.0,空载运行,IsolationForest; Mahalanobis; 单变量IQR+3σ; 残差,4.606,60,残差异常：采煤机_破碎机_电机_电流 偏高（残差 Z-score=4.6，实际=28.0 vs 预测=0.0）
1049,2024-04-11 00:25:00,2024-04-11 00:25:00,1.0,空载运行,IsolationForest; Mahalanobis; 单变量IQR+3σ; 残差,4.228,30,残差异常：采煤机_截割部位_右滚筒_电机_电流 偏高（残差 Z-score=4.2，实际=230.0 vs 预测=63.0）
1050,2024-04-11 00:30:00,2024-04-11 00:30:00,1.0,停机,IsolationForest; Mahalanobis; 单变量IQR+3σ; 残差,6.368,30,正常
1051,2024-04-11 00:47:00,2024-04-11 00:48:00,2.0,停机,IsolationForest; Mahalanobis; 单变量IQR+3σ; 残差,3.886,60,正常
1052,2024-04-11 00:58:00,2024-04-11 00:58:00,1.0,空载运行,IsolationForest; Mahalanobis; 单变量IQR+3σ; 残差,4.034,30,正常
1053,2024-04-11 01:00:00,2024-04-11 01:01:00,2.0,停机,IsolationForest; Mahalanobis; 单变量IQR+3σ; 残差,4.779,60,残差异常：采煤机_油泵_左电机_电流 偏高（残差 Z-score=4.8，实际=58.0 vs 预测=18.2）
1054,2024-04-11 01:14:00,2024-04-11 01:14:00,1.0,停机,IsolationForest; Mahalanobis; 单变量IQR+3σ; 残差,2.001,30,正常
1055,2024-04-11 01:16:00,2024-04-11 01:20:00,5.0,停机,IsolationForest; Mahalanobis; 单变量IQR+3σ; 残差,50.707,150,Mahalanobis 距离=50.7（阈值=18.5）。主要贡献特征：PC2 (92.2%); PC3 (7.1%)。
1056,2024-04-11 01:38:00,2024-04-11 01:46:00,9.0,空载运行,IsolationForest; Mahalanobis; 单变量IQR+3σ; 残差,8.319,270,正常
1057,2024-04-11 01:50:00,2024-04-11 01:50:00,1.0,空载运行,IsolationForest; Mahalanobis; 单变量IQR+3σ; 残差,6.016,30,正常
1058,2024-04-11 01:52:00,2024-04-11 01:53:00,2.0,停机,IsolationForest; Mahalanobis; 单变量IQR+3σ; 残差,7.422,60,残差异常：采煤机_破碎机_电机_温度 偏高（残差 Z-score=7.4，实际=69.0 vs 预测=43.0）
1059,2024-04-11 01:57:00,2024-04-11 01:57:00,1.0,空载运行,IsolationForest; Mahalanobis; 单变量IQR+3σ; 残差,3.937,30,正常
1060,2024-04-11 02:00:00,2024-04-11 02:04:00,5.0,停机,IsolationForest; Mahalanobis; 单变量IQR+3σ; 残差,6.794,150,残差异常：采煤机_破碎机_电机_温度 偏高（残差 Z-score=6.8，实际=72.0 vs 预测=48.2）
1061,2024-04-11 02:06:00,2024-04-11 02:09:00,4.0,停机,IsolationForest; Mahalanobis; 单变量IQR+3σ; 残差,5.393,120,正常
1062,2024-04-11 02:12:00,2024-04-11 02:21:00,10.0,停机,IsolationForest; Mahalanobis; 单变量IQR+3σ; 残差,6.581,300,正常
1063,2024-04-11 02:36:00,2024-04-11 02:38:00,3.0,停机,IsolationForest; Mahalanobis; 单变量IQR+3σ; 残差,7.806,90,残差异常：采煤机_油泵_左电机_电流 偏高（残差 Z-score=7.8，实际=65.0 vs 预测=0.0）
1064,2024-04-11 02:40:00,2024-04-11 02:40:00,1.0,停机,IsolationForest; Mahalanobis; 单变量IQR+3σ; 残差,4.537,30,正常
1065,2024-04-11 02:44:00,2024-04-11 02:46:00,3.0,停机,IsolationForest; Mahalanobis; 单变量IQR+3σ; 残差,4.083,90,正常
1066,2024-04-11 02:48:00,2024-04-11 02:48:00,1.0,空载运行,IsolationForest; Mahalanobis; 单变量IQR+3σ; 残差,4.958,30,残差异常：采煤机_油泵_左电机_电流 偏高（残差 Z-score=5.0，实际=53.0 vs 预测=18.2）
1067,2024-04-11 02:52:00,2024-04-11 02:53:00,2.0,停机,IsolationForest; Mahalanobis; 单变量IQR+3σ; 残差,4.066,60,正常
1068,2024-04-11 03:01:00,2024-04-11 03:01:00,1.0,停机,IsolationForest; Mahalanobis; 单变量IQR+3σ; 残差,3.355,30,残差异常：采煤机_牵引部位_左电机_电流 偏高（残差 Z-score=3.4，实际=168.0 vs 预测=23.8）
1069,2024-04-11 03:04:00,2024-04-11 03:05:00,2.0,空载运行,IsolationForest; Mahalanobis; 单变量IQR+3σ; 残差,4.771,60,残差异常：采煤机_破碎机_电机_电流 偏高（残差 Z-score=4.8，实际=29.0 vs 预测=0.0）
1070,2024-04-11 03:19:00,2024-04-11 03:19:00,1.0,空载运行,IsolationForest; Mahalanobis; 单变量IQR+3σ; 残差,8.06,30,正常
1071,2024-04-11 03:25:00,2024-04-11 03:25:00,1.0,停机,IsolationForest; Mahalanobis; 单变量IQR+3σ; 残差,7.967,30,正常
1072,2024-04-11 03:27:00,2024-04-11 03:29:00,3.0,停机,IsolationForest; Mahalanobis; 单变量IQR+3σ; 残差,10.015,90,正常
1073,2024-04-11 03:34:00,2024-04-11 03:34:00,1.0,停机,IsolationForest; Mahalanobis; 单变量IQR+3σ; 残差,4.853,30,正常
1074,2024-04-11 03:46:00,2024-04-11 03:46:00,1.0,停机,IsolationForest; Mahalanobis; 单变量IQR+3σ; 残差,3.653,30,正常
1075,2024-04-11 03:51:00,2024-04-11 03:51:00,1.0,空载运行,IsolationForest; Mahalanobis; 单变量IQR+3σ; 残差,5.158,30,残差异常：采煤机_油泵_左电机_电流 偏高（残差 Z-score=5.2，实际=53.0 vs 预测=16.8）
1076,2024-04-11 03:54:00,2024-04-11 04:04:00,11.0,停机,IsolationForest; Mahalanobis; 单变量IQR+3σ; 残差,4.897,330,正常
1077,2024-04-11 04:26:00,2024-04-11 04:26:00,1.0,停机,IsolationForest; Mahalanobis; 单变量IQR+3σ; 残差,3.946,30,残差异常：采煤机_牵引部位_左电机_电流 偏高（残差 Z-score=3.9，实际=190.0 vs 预测=20.4）
1078,2024-04-11 04:41:00,2024-04-11 04:41:00,1.0,空载运行,IsolationForest; Mahalanobis; 单变量IQR+3σ; 残差,8.679,30,正常
1079,2024-04-11 04:49:00,2024-04-11 04:49:00,1.0,空载运行,IsolationForest; Mahalanobis; 单变量IQR+3σ; 残差,5.932,30,正常
1080,2024-04-11 05:00:00,2024-04-11 05:02:00,3.0,停机,IsolationForest; Mahalanobis; 单变量IQR+3σ; 残差,39.356,90,残差异常：采煤机_破碎机_电机_电流 偏高（残差 Z-score=39.4，实际=28.0 vs 预测=0.0）
1081,2024-04-11 05:06:00,2024-04-11 05:10:00,5.0,停机,IsolationForest; Mahalanobis; 单变量IQR+3σ; 残差,11.377,150,正常
1082,2024-04-11 05:13:00,2024-04-11 05:16:00,4.0,空载运行,IsolationForest; Mahalanobis; 单变量IQR+3σ; 残差,4.603,120,残差异常：采煤机_截割部位_右滚筒_电机_电流 偏高（残差 Z-score=4.6，实际=254.0 vs 预测=72.2）
1083,2024-04-11 05:19:00,2024-04-11 05:20:00,2.0,空载运行,IsolationForest; Mahalanobis; 单变量IQR+3σ; 残差,7.403,60,残差异常：采煤机_破碎机_电机_电流 偏高（残差 Z-score=7.4，实际=45.0 vs 预测=0.0）
1084,2024-04-11 05:24:00,2024-04-11 05:24:00,1.0,空载运行,IsolationForest; Mahalanobis; 单变量IQR+3σ; 残差,4.376,30,残差异常：采煤机_破碎机_电机_电流 偏高（残差 Z-score=4.4，实际=41.0 vs 预测=14.4）
1085,2024-04-11 05:29:00,2024-04-11 05:29:00,1.0,空载运行,IsolationForest; Mahalanobis; 单变量IQR+3σ; 残差,6.74,30,残差异常：采煤机_油泵_右电机_电流 偏高（残差 Z-score=6.7，实际=60.0 vs 预测=17.0）
1086,2024-04-11 05:32:00,2024-04-11 05:32:00,1.0,空载运行,IsolationForest; Mahalanobis; 单变量IQR+3σ; 残差,5.956,30,残差异常：采煤机_油泵_左电机_电流 偏高（残差 Z-score=6.0，实际=66.0 vs 预测=24.2）
1087,2024-04-11 05:35:00,2024-04-11 05:44:00,10.0,停机,IsolationForest; Mahalanobis; 单变量IQR+3σ; 残差,6.026,300,正常
1088,2024-04-11 05:47:00,2024-04-11 05:50:00,4.0,空载运行,IsolationForest; Mahalanobis; 单变量IQR+3σ; 残差,2.881,120,正常
1089,2024-04-11 05:52:00,2024-04-11 06:04:00,13.0,停机,IsolationForest; Mahalanobis; 单变量IQR+3σ; 残差,12.5,390,正常
1090,2024-04-11 06:10:00,2024-04-11 06:10:00,1.0,停机,IsolationForest; Mahalanobis; 单变量IQR+3σ; 残差,5.227,30,正常
1091,2024-04-11 06:12:00,2024-04-11 06:12:00,1.0,停机,IsolationForest; Mahalanobis; 单变量IQR+3σ; 残差,7.777,30,正常
1092,2024-04-11 06:24:00,2024-04-11 06:24:00,1.0,停机,IsolationForest; Mahalanobis; 单变量IQR+3σ; 残差,5.874,30,正常
1093,2024-04-11 06:33:00,2024-04-11 06:35:00,3.0,空载运行,IsolationForest; Mahalanobis; 单变量IQR+3σ; 残差,6.712,90,残差异常：采煤机_截割部位_右滚筒_电机_温度 偏高（残差 Z-score=6.7，实际=76.0 vs 预测=64.4）
1094,2024-04-11 06:46:00,2024-04-11 06:46:00,1.0,停机,IsolationForest; Mahalanobis; 单变量IQR+3σ; 残差,9.309,30,正常
1095,2024-04-11 06:51:00,2024-04-11 06:51:00,1.0,停机,IsolationForest; Mahalanobis; 单变量IQR+3σ; 残差,3.891,30,残差异常：采煤机_油泵_左电机_电流 偏高（残差 Z-score=3.9，实际=46.0 vs 预测=13.6）
1096,2024-04-11 06:54:00,2024-04-11 06:54:00,1.0,停机,IsolationForest; Mahalanobis; 单变量IQR+3σ; 残差,8.32,30,正常
1097,2024-04-11 06:59:00,2024-04-11 06:59:00,1.0,空载运行,IsolationForest; Mahalanobis; 单变量IQR+3σ; 残差,6.547,30,正常
1098,2024-04-11 07:15:00,2024-04-11 07:15:00,1.0,停机,IsolationForest; Mahalanobis; 单变量IQR+3σ; 残差,6.413,30,正常
1099,2024-04-11 07:32:00,2024-04-11 07:32:00,1.0,停机,IsolationForest; Mahalanobis; 单变量IQR+3σ; 残差,12.445,30,正常
1100,2024-04-11 07:48:00,2024-04-11 07:54:00,7.0,空载运行,IsolationForest; Mahalanobis; 单变量IQR+3σ; 残差,9.546,210,正常
1101,2024-04-11 07:57:00,2024-04-11 07:57:00,1.0,空载运行,IsolationForest; Mahalanobis; 单变量IQR+3σ; 残差,3.611,30,正常
1102,2024-04-11 08:01:00,2024-04-11 08:01:00,1.0,空载运行,IsolationForest; Mahalanobis; 单变量IQR+3σ; 残差,7.969,30,正常
1103,2024-04-11 08:13:00,2024-04-11 08:16:00,4.0,停机,IsolationForest; Mahalanobis; 单变量IQR+3σ; 残差,5.5,120,残差异常：采煤机_油泵_左电机_电流 偏高（残差 Z-score=5.5，实际=63.0 vs 预测=17.2）
1104,2024-04-11 08:21:00,2024-04-11 08:29:00,9.0,停机,IsolationForest; Mahalanobis; 单变量IQR+3σ; 残差,5.213,270,正常
1105,2024-04-11 08:33:00,2024-04-11 08:33:00,1.0,空载运行,IsolationForest; Mahalanobis; 单变量IQR+3σ; 残差,2.076,30,正常
1106,2024-04-11 09:10:00,2024-04-11 09:10:00,1.0,空载运行,IsolationForest; Mahalanobis; 单变量IQR+3σ; 残差,6.364,30,残差异常：采煤机_油泵_右电机_电流 偏高（残差 Z-score=6.4，实际=58.0 vs 预测=17.4）
1107,2024-04-11 09:22:00,2024-04-11 09:23:00,2.0,停机,IsolationForest; Mahalanobis; 单变量IQR+3σ; 残差,5.904,60,正常
1108,2024-04-11 09:29:00,2024-04-11 09:29:00,1.0,空载运行,IsolationForest; Mahalanobis; 单变量IQR+3σ; 残差,5.699,30,残差异常：采煤机_油泵_左电机_电流 偏高（残差 Z-score=5.7，实际=57.0 vs 预测=17.0）
1109,2024-04-11 09:45:00,2024-04-11 09:45:00,1.0,空载运行,IsolationForest; Mahalanobis; 单变量IQR+3σ; 残差,4.16,30,残差异常：采煤机_油泵_左电机_电流 偏高（残差 Z-score=4.2，实际=47.0 vs 预测=17.8）
1110,2024-04-11 09:47:00,2024-04-11 10:01:00,15.0,停机,IsolationForest; Mahalanobis; 单变量IQR+3σ; 残差,14.889,450,正常
1111,2024-04-11 10:05:00,2024-04-11 10:05:00,1.0,停机,IsolationForest; Mahalanobis; 单变量IQR+3σ; 残差,8.553,30,正常
1112,2024-04-11 10:09:00,2024-04-11 10:09:00,1.0,停机,IsolationForest; Mahalanobis; 单变量IQR+3σ; 残差,4.236,30,正常
1113,2024-04-11 10:15:00,2024-04-11 10:17:00,3.0,空载运行,IsolationForest; Mahalanobis; 单变量IQR+3σ; 残差,1.807,90,正常
1114,2024-04-11 10:40:00,2024-04-11 11:03:00,24.0,空载运行,IsolationForest; Mahalanobis; 单变量IQR+3σ; 残差,1.519,720,正常
1115,2024-04-11 14:11:00,2024-04-11 14:26:00,16.0,停机,IsolationForest; Mahalanobis; 单变量IQR+3σ; 残差,62.772,480,Mahalanobis 距离=62.8（阈值=18.5）。主要贡献特征：PC2 (66.3%); PC3 (32.4%); PC1 (1.3%)。
1116,2024-04-11 15:16:00,2024-04-11 15:18:00,3.0,空载运行,IsolationForest; Mahalanobis; 单变量IQR+3σ; 残差,5.346,90,残差异常：采煤机_油泵_左电机_温度 偏高（残差 Z-score=5.3，实际=47.0 vs 预测=41.0）
1117,2024-04-11 15:44:00,2024-04-11 15:44:00,1.0,停机,IsolationForest; Mahalanobis; 单变量IQR+3σ; 残差,3.126,30,残差异常：采煤机_油泵_右电机_电流 偏高（残差 Z-score=3.1，实际=29.0 vs 预测=4.2）
1118,2024-04-11 15:51:00,2024-04-11 15:51:00,1.0,停机,IsolationForest; Mahalanobis; 单变量IQR+3σ; 残差,4.689,30,残差异常：采煤机_油泵_右电机_电流 偏高（残差 Z-score=4.7，实际=41.0 vs 预测=3.8）
1119,2024-04-11 15:56:00,2024-04-11 15:56:00,1.0,停机,IsolationForest; Mahalanobis; 单变量IQR+3σ; 残差,3.124,30,正常
1120,2024-04-11 16:01:00,2024-04-11 16:02:00,2.0,停机,IsolationForest; Mahalanobis; 单变量IQR+3σ; 残差,7.275,60,正常
1121,2024-04-11 16:10:00,2024-04-11 16:13:00,4.0,空载运行,IsolationForest; Mahalanobis; 单变量IQR+3σ; 残差,9.119,120,残差异常：采煤机_油泵_左电机_电流 偏高（残差 Z-score=9.1，实际=64.0 vs 预测=0.0）
1122,2024-04-11 16:17:00,2024-04-11 16:22:00,6.0,空载运行,IsolationForest; Mahalanobis; 单变量IQR+3σ; 残差,12.287,180,正常
1123,2024-04-11 16:26:00,2024-04-11 16:29:00,4.0,停机,IsolationForest; Mahalanobis; 单变量IQR+3σ; 残差,8.655,120,正常
1124,2024-04-11 16:38:00,2024-04-11 16:39:00,2.0,停机,IsolationForest; Mahalanobis; 单变量IQR+3σ; 残差,6.479,60,正常
1125,2024-04-11 16:46:00,2024-04-11 16:48:00,3.0,空载运行,IsolationForest; Mahalanobis; 单变量IQR+3σ; 残差,7.195,90,正常
1126,2024-04-11 16:54:00,2024-04-11 16:56:00,3.0,停机,IsolationForest; Mahalanobis; 单变量IQR+3σ; 残差,5.563,90,正常
1127,2024-04-11 16:59:00,2024-04-11 16:59:00,1.0,空载运行,IsolationForest; Mahalanobis; 单变量IQR+3σ; 残差,7.179,30,正常
1128,2024-04-11 17:01:00,2024-04-11 17:06:00,6.0,停机,IsolationForest; Mahalanobis; 单变量IQR+3σ; 残差,12.218,180,正常
1129,2024-04-11 17:17:00,2024-04-11 17:19:00,3.0,停机,IsolationForest; Mahalanobis; 单变量IQR+3σ; 残差,2.141,90,正常
1130,2024-04-11 19:20:00,2024-04-11 19:21:00,2.0,停机,IsolationForest; Mahalanobis; 单变量IQR+3σ; 残差,3.908,60,残差异常：采煤机_油泵_右电机_电流 偏高（残差 Z-score=3.9，实际=31.0 vs 预测=0.0）
1131,2024-04-11 19:35:00,2024-04-11 19:37:00,3.0,空载运行,IsolationForest; Mahalanobis; 单变量IQR+3σ; 残差,1.029,90,正常
1132,2024-04-11 19:44:00,2024-04-11 19:50:00,7.0,停机,IsolationForest; Mahalanobis; 单变量IQR+3σ; 残差,60.298,210,Mahalanobis 距离=60.3（阈值=18.5）。主要贡献特征：PC2 (71.4%); PC3 (26.8%); PC4 (1.4%)。
1133,2024-04-11 19:54:00,2024-04-11 19:54:00,1.0,停机,IsolationForest; Mahalanobis; 单变量IQR+3σ; 残差,7.846,30,正常
1134,2024-04-11 20:06:00,2024-04-11 20:06:00,1.0,停机,IsolationForest; Mahalanobis; 单变量IQR+3σ; 残差,8.014,30,正常
1135,2024-04-11 20:22:00,2024-04-11 20:24:00,3.0,空载运行,IsolationForest; Mahalanobis; 单变量IQR+3σ; 残差,8.679,90,残差异常：采煤机_截割部位_右滚筒_电机_温度 偏高（残差 Z-score=8.7，实际=58.0 vs 预测=43.0）
1136,2024-04-11 21:10:00,2024-04-11 21:10:00,1.0,停机,IsolationForest; Mahalanobis; 单变量IQR+3σ; 残差,5.521,30,残差异常：采煤机_油泵_右电机_电流 偏高（残差 Z-score=5.5，实际=61.0 vs 预测=17.2）
1137,2024-04-11 21:16:00,2024-04-11 21:16:00,1.0,停机,IsolationForest; Mahalanobis; 单变量IQR+3σ; 残差,5.068,30,残差异常：采煤机_油泵_右电机_电流 偏高（残差 Z-score=5.1，实际=57.0 vs 预测=16.8）
1138,2024-04-11 21:20:00,2024-04-11 21:20:00,1.0,停机,IsolationForest; Mahalanobis; 单变量IQR+3σ; 残差,4.288,30,正常
1139,2024-04-11 21:51:00,2024-04-11 21:56:00,6.0,停机,IsolationForest; Mahalanobis; 单变量IQR+3σ; 残差,55.731,180,Mahalanobis 距离=55.7（阈值=18.5）。主要贡献特征：PC2 (84.9%); PC3 (14.2%)。
1140,2024-04-11 22:05:00,2024-04-11 22:05:00,1.0,停机,IsolationForest; Mahalanobis; 单变量IQR+3σ; 残差,2.019,30,正常
1141,2024-04-11 22:12:00,2024-04-11 22:12:00,1.0,停机,IsolationForest; Mahalanobis; 单变量IQR+3σ; 残差,14.01,30,正常
1142,2024-04-11 22:14:00,2024-04-11 22:14:00,1.0,停机,IsolationForest; Mahalanobis; 单变量IQR+3σ; 残差,11.239,30,正常
1143,2024-04-11 22:25:00,2024-04-11 22:30:00,6.0,停机,IsolationForest; Mahalanobis; 单变量IQR+3σ; 残差,15.068,180,正常
1144,2024-04-11 22:33:00,2024-04-11 22:33:00,1.0,停机,IsolationForest; Mahalanobis; 单变量IQR+3σ; 残差,4.337,30,残差异常：采煤机_油泵_右电机_电流 偏高（残差 Z-score=4.3，实际=51.0 vs 预测=16.6）
1145,2024-04-11 22:49:00,2024-04-11 22:53:00,5.0,空载运行,IsolationForest; Mahalanobis; 单变量IQR+3σ; 残差,7.211,150,残差异常：采煤机_油泵_右电机_电流 偏高（残差 Z-score=7.2，实际=57.0 vs 预测=11.0）
1146,2024-04-11 23:05:00,2024-04-11 23:05:00,1.0,空载运行,IsolationForest; Mahalanobis; 单变量IQR+3σ; 残差,3.99,30,残差异常：采煤机_油泵_左电机_电流 偏高（残差 Z-score=4.0，实际=42.0 vs 预测=14.0）
1147,2024-04-11 23:08:00,2024-04-11 23:08:00,1.0,空载运行,IsolationForest; Mahalanobis; 单变量IQR+3σ; 残差,3.51,30,正常
1148,2024-04-11 23:10:00,2024-04-11 23:14:00,5.0,停机,IsolationForest; Mahalanobis; 单变量IQR+3σ; 残差,49.191,150,Mahalanobis 距离=49.2（阈值=18.5）。主要贡献特征：PC2 (94.8%); PC4 (2.9%); PC3 (1.7%)。
1149,2024-04-11 23:50:00,2024-04-11 23:50:00,1.0,空载运行,IsolationForest; Mahalanobis; 单变量IQR+3σ; 残差,2.135,30,正常
1150,2024-04-11 23:53:00,2024-04-11 23:59:00,7.0,停机,IsolationForest; Mahalanobis; 单变量IQR+3σ; 残差,59.623,210,Mahalanobis 距离=59.6（阈值=18.5）。主要贡献特征：PC4 (89.9%); PC3 (8.9%); PC2 (1.2%)。
1151,2024-04-12 00:16:00,2024-04-12 00:16:00,1.0,空载运行,IsolationForest; Mahalanobis; 单变量IQR+3σ; 残差,4.134,30,正常
1152,2024-04-12 00:20:00,2024-04-12 00:22:00,3.0,空载运行,IsolationForest; Mahalanobis; 单变量IQR+3σ; 残差,4.749,90,正常
1153,2024-04-12 00:24:00,2024-04-12 00:25:00,2.0,空载运行,IsolationForest; Mahalanobis; 单变量IQR+3σ; 残差,5.872,60,正常
1154,2024-04-12 00:27:00,2024-04-12 00:27:00,1.0,空载运行,IsolationForest; Mahalanobis; 单变量IQR+3σ; 残差,8.74,30,正常
1155,2024-04-12 00:34:00,2024-04-12 00:34:00,1.0,空载运行,IsolationForest; Mahalanobis; 单变量IQR+3σ; 残差,5.088,30,正常
1156,2024-04-12 00:36:00,2024-04-12 00:37:00,2.0,空载运行,IsolationForest; Mahalanobis; 单变量IQR+3σ; 残差,6.116,60,正常
1157,2024-04-12 00:41:00,2024-04-12 00:42:00,2.0,空载运行,IsolationForest; Mahalanobis; 单变量IQR+3σ; 残差,4.442,60,残差异常：采煤机_破碎机_电机_电流 偏高（残差 Z-score=4.4，实际=27.0 vs 预测=0.0）
1158,2024-04-12 00:51:00,2024-04-12 00:52:00,2.0,停机,IsolationForest; Mahalanobis; 单变量IQR+3σ; 残差,6.987,60,正常
1159,2024-04-12 00:58:00,2024-04-12 00:58:00,1.0,停机,IsolationForest; Mahalanobis; 单变量IQR+3σ; 残差,8.939,30,正常
1160,2024-04-12 01:03:00,2024-04-12 01:03:00,1.0,停机,IsolationForest; Mahalanobis; 单变量IQR+3σ; 残差,1.623,30,正常
1161,2024-04-12 01:08:00,2024-04-12 01:08:00,1.0,停机,IsolationForest; Mahalanobis; 单变量IQR+3σ; 残差,9.567,30,正常
1162,2024-04-12 01:23:00,2024-04-12 01:23:00,1.0,停机,IsolationForest; Mahalanobis; 单变量IQR+3σ; 残差,11.626,30,正常
1163,2024-04-12 01:31:00,2024-04-12 01:31:00,1.0,停机,IsolationForest; Mahalanobis; 单变量IQR+3σ; 残差,4.908,30,正常
1164,2024-04-12 01:33:00,2024-04-12 01:34:00,2.0,空载运行,IsolationForest; Mahalanobis; 单变量IQR+3σ; 残差,7.586,60,正常
1165,2024-04-12 01:37:00,2024-04-12 01:37:00,1.0,空载运行,IsolationForest; Mahalanobis; 单变量IQR+3σ; 残差,4.984,30,正常
1166,2024-04-12 01:44:00,2024-04-12 01:44:00,1.0,停机,IsolationForest; Mahalanobis; 单变量IQR+3σ; 残差,3.254,30,残差异常：采煤机_破碎机_电机_温度 偏高（残差 Z-score=3.3，实际=61.0 vs 预测=49.6）
1167,2024-04-12 01:48:00,2024-04-12 01:49:00,2.0,空载运行,IsolationForest; Mahalanobis; 单变量IQR+3σ; 残差,2.85,60,正常
1168,2024-04-12 01:53:00,2024-04-12 02:00:00,8.0,停机,IsolationForest; Mahalanobis; 单变量IQR+3σ; 残差,57.814,240,Mahalanobis 距离=57.8（阈值=18.5）。主要贡献特征：PC4 (89.9%); PC3 (9.1%)。
1169,2024-04-12 02:03:00,2024-04-12 02:05:00,3.0,空载运行,IsolationForest; Mahalanobis; 单变量IQR+3σ; 残差,5.414,90,残差异常：采煤机_油泵_左电机_电流 偏高（残差 Z-score=5.4，实际=54.0 vs 预测=16.0）
1170,2024-04-12 02:09:00,2024-04-12 02:14:00,6.0,停机,IsolationForest; Mahalanobis; 单变量IQR+3σ; 残差,7.107,180,正常
1171,2024-04-12 02:22:00,2024-04-12 02:22:00,1.0,停机,IsolationForest; Mahalanobis; 单变量IQR+3σ; 残差,3.181,30,正常
1172,2024-04-12 02:54:00,2024-04-12 02:56:00,3.0,停机,IsolationForest; Mahalanobis; 单变量IQR+3σ; 残差,4.107,90,残差异常：采煤机_油泵_左电机_电流 偏高（残差 Z-score=4.1，实际=51.0 vs 预测=16.8）
1173,2024-04-12 03:17:00,2024-04-12 03:17:00,1.0,停机,IsolationForest; Mahalanobis; 单变量IQR+3σ; 残差,3.311,30,残差异常：采煤机_破碎机_电机_温度 偏高（残差 Z-score=3.3，实际=64.0 vs 预测=52.4）
1174,2024-04-12 03:31:00,2024-04-12 03:31:00,1.0,停机,IsolationForest; Mahalanobis; 单变量IQR+3σ; 残差,3.606,30,残差异常：采煤机_牵引部位_左电机_电流 偏高（残差 Z-score=3.6，实际=155.0 vs 预测=0.0）
1175,2024-04-12 03:36:00,2024-04-12 03:37:00,2.0,空载运行,IsolationForest; Mahalanobis; 单变量IQR+3σ; 残差,8.446,60,正常
1176,2024-04-12 03:40:00,2024-04-12 03:41:00,2.0,空载运行,IsolationForest; Mahalanobis; 单变量IQR+3σ; 残差,7.556,60,残差异常：采煤机_油泵_右电机_电流 偏高（残差 Z-score=7.6，实际=62.0 vs 预测=13.8）
1177,2024-04-12 03:47:00,2024-04-12 03:49:00,3.0,停机,IsolationForest; Mahalanobis; 单变量IQR+3σ; 残差,13.199,90,正常
1178,2024-04-12 04:02:00,2024-04-12 04:02:00,1.0,停机,IsolationForest; Mahalanobis; 单变量IQR+3σ; 残差,6.278,30,残差异常：采煤机_油泵_右电机_电流 偏高（残差 Z-score=6.3，实际=60.0 vs 预测=10.2）
1179,2024-04-12 04:19:00,2024-04-12 04:19:00,1.0,停机,IsolationForest; Mahalanobis; 单变量IQR+3σ; 残差,11.517,30,正常
1180,2024-04-12 04:23:00,2024-04-12 04:23:00,1.0,停机,IsolationForest; Mahalanobis; 单变量IQR+3σ; 残差,13.234,30,正常
1181,2024-04-12 04:31:00,2024-04-12 04:31:00,1.0,空载运行,IsolationForest; Mahalanobis; 单变量IQR+3σ; 残差,11.148,30,正常
1182,2024-04-12 04:33:00,2024-04-12 04:35:00,3.0,空载运行,IsolationForest; Mahalanobis; 单变量IQR+3σ; 残差,12.706,90,正常
1183,2024-04-12 04:40:00,2024-04-12 04:42:00,3.0,停机,IsolationForest; Mahalanobis; 单变量IQR+3σ; 残差,24.137,90,残差异常：采煤机_油泵_左电机_电流 偏高（残差 Z-score=24.1，实际=217.0 vs 预测=16.0）
1184,2024-04-12 04:44:00,2024-04-12 04:46:00,3.0,停机,IsolationForest; Mahalanobis; 单变量IQR+3σ; 残差,5.3,90,正常
1185,2024-04-12 04:49:00,2024-04-12 04:50:00,2.0,空载运行,IsolationForest; Mahalanobis; 单变量IQR+3σ; 残差,6.019,60,残差异常：采煤机_油泵_右电机_电流 偏高（残差 Z-score=6.0，实际=52.0 vs 预测=13.6）
1186,2024-04-12 04:53:00,2024-04-12 04:54:00,2.0,空载运行,IsolationForest; Mahalanobis; 单变量IQR+3σ; 残差,11.015,60,正常
1187,2024-04-12 04:57:00,2024-04-12 04:57:00,1.0,空载运行,IsolationForest; Mahalanobis; 单变量IQR+3σ; 残差,12.526,30,正常
1188,2024-04-12 05:01:00,2024-04-12 05:11:00,11.0,停机,IsolationForest; Mahalanobis; 单变量IQR+3σ; 残差,5.293,330,正常
1189,2024-04-12 05:21:00,2024-04-12 05:22:00,2.0,停机,IsolationForest; Mahalanobis; 单变量IQR+3σ; 残差,3.597,60,残差异常：采煤机_牵引部位_右电机_电流 偏高（残差 Z-score=3.6，实际=155.0 vs 预测=0.0）
1190,2024-04-12 05:26:00,2024-04-12 05:26:00,1.0,停机,IsolationForest; Mahalanobis; 单变量IQR+3σ; 残差,4.463,30,残差异常：采煤机_油泵_右电机_电流 偏高（残差 Z-score=4.5，实际=48.0 vs 预测=12.6）
1191,2024-04-12 05:33:00,2024-04-12 05:33:00,1.0,停机,IsolationForest; Mahalanobis; 单变量IQR+3σ; 残差,7.784,30,正常
1192,2024-04-12 05:41:00,2024-04-12 05:43:00,3.0,空载运行,IsolationForest; Mahalanobis; 单变量IQR+3σ; 残差,6.982,90,残差异常：采煤机_油泵_左电机_电流 偏高（残差 Z-score=7.0，实际=65.0 vs 预测=16.0）
1193,2024-04-12 05:55:00,2024-04-12 05:55:00,1.0,空载运行,IsolationForest; Mahalanobis; 单变量IQR+3σ; 残差,2.088,30,正常
1194,2024-04-12 05:59:00,2024-04-12 05:59:00,1.0,空载运行,IsolationForest; Mahalanobis; 单变量IQR+3σ; 残差,2.176,30,正常
1195,2024-04-12 06:01:00,2024-04-12 06:02:00,2.0,空载运行,IsolationForest; Mahalanobis; 单变量IQR+3σ; 残差,3.562,60,残差异常：采煤机_油泵_左电机_电流 偏高（残差 Z-score=3.6，实际=47.0 vs 预测=22.0）
1196,2024-04-12 06:06:00,2024-04-12 06:06:00,1.0,空载运行,IsolationForest; Mahalanobis; 单变量IQR+3σ; 残差,2.137,30,正常
1197,2024-04-12 06:11:00,2024-04-12 06:19:00,9.0,停机,IsolationForest; Mahalanobis; 单变量IQR+3σ; 残差,10.609,270,正常
1198,2024-04-12 06:40:00,2024-04-12 06:40:00,1.0,停机,IsolationForest; Mahalanobis; 单变量IQR+3σ; 残差,10.805,30,正常
1199,2024-04-12 06:54:00,2024-04-12 06:54:00,1.0,停机,IsolationForest; Mahalanobis; 单变量IQR+3σ; 残差,9.04,30,正常
1200,2024-04-12 07:02:00,2024-04-12 07:02:00,1.0,停机,IsolationForest; Mahalanobis; 单变量IQR+3σ; 残差,2.869,30,正常
1201,2024-04-12 07:07:00,2024-04-12 07:07:00,1.0,空载运行,IsolationForest; Mahalanobis; 单变量IQR+3σ; 残差,5.123,30,残差异常：采煤机_牵引部位_左电机_温度 偏高（残差 Z-score=5.1，实际=74.0 vs 预测=60.6）
1202,2024-04-12 07:19:00,2024-04-12 07:21:00,3.0,空载运行,IsolationForest; Mahalanobis; 单变量IQR+3σ; 残差,5.455,90,残差异常：采煤机_油泵_右电机_电流 偏高（残差 Z-score=5.5，实际=52.0 vs 预测=17.2）
1203,2024-04-12 07:25:00,2024-04-12 07:25:00,1.0,停机,IsolationForest; Mahalanobis; 单变量IQR+3σ; 残差,7.277,30,残差异常：采煤机_油泵_左电机_电流 偏高（残差 Z-score=7.3，实际=64.0 vs 预测=3.4）
1204,2024-04-12 07:28:00,2024-04-12 07:28:00,1.0,空载运行,IsolationForest; Mahalanobis; 单变量IQR+3σ; 残差,3.107,30,正常
1205,2024-04-12 07:31:00,2024-04-12 07:34:00,4.0,停机,IsolationForest; Mahalanobis; 单变量IQR+3σ; 残差,8.024,120,正常
1206,2024-04-12 07:41:00,2024-04-12 07:41:00,1.0,空载运行,IsolationForest; Mahalanobis; 单变量IQR+3σ; 残差,8.968,30,正常
1207,2024-04-12 07:49:00,2024-04-12 07:49:00,1.0,空载运行,IsolationForest; Mahalanobis; 单变量IQR+3σ; 残差,6.082,30,残差异常：采煤机_油泵_右电机_电流 偏高（残差 Z-score=6.1，实际=56.0 vs 预测=17.2）
1208,2024-04-12 07:51:00,2024-04-12 07:52:00,2.0,空载运行,IsolationForest; Mahalanobis; 单变量IQR+3σ; 残差,4.21,60,正常
1209,2024-04-12 07:57:00,2024-04-12 08:06:00,10.0,停机,IsolationForest; Mahalanobis; 单变量IQR+3σ; 残差,4.522,300,正常
1210,2024-04-12 08:13:00,2024-04-12 08:13:00,1.0,空载运行,IsolationForest; Mahalanobis; 单变量IQR+3σ; 残差,3.246,30,残差异常：采煤机_截割部位_右滚筒_电机_电流 偏高（残差 Z-score=3.2，实际=191.0 vs 预测=62.8）
1211,2024-04-12 08:31:00,2024-04-12 08:31:00,1.0,空载运行,IsolationForest; Mahalanobis; 单变量IQR+3σ; 残差,3.877,30,正常
1212,2024-04-12 08:34:00,2024-04-12 08:52:00,19.0,停机,IsolationForest; Mahalanobis; 单变量IQR+3σ; 残差,8.24,570,正常
1213,2024-04-12 08:58:00,2024-04-12 09:05:00,8.0,停机,IsolationForest; Mahalanobis; 单变量IQR+3σ; 残差,7.766,240,残差异常：采煤机_油泵_右电机_电流 偏高（残差 Z-score=7.8，实际=65.0 vs 预测=3.4）
1214,2024-04-12 09:07:00,2024-04-12 09:07:00,1.0,空载运行,IsolationForest; Mahalanobis; 单变量IQR+3σ; 残差,4.606,30,残差异常：采煤机_破碎机_电机_电流 偏高（残差 Z-score=4.6，实际=28.0 vs 预测=0.0）
1215,2024-04-12 09:11:00,2024-04-12 09:12:00,2.0,空载运行,IsolationForest; Mahalanobis; 单变量IQR+3σ; 残差,4.116,60,残差异常：采煤机_油泵_右电机_温度 偏高（残差 Z-score=4.1，实际=49.0 vs 预测=44.2）
1216,2024-04-12 09:57:00,2024-04-12 10:10:00,14.0,空载运行,IsolationForest; Mahalanobis; 单变量IQR+3σ; 残差,2.189,420,正常
1217,2024-04-12 12:55:00,2024-04-12 16:51:00,237.0,停机,IsolationForest; Mahalanobis; 单变量IQR+3σ; 残差,12.958,7110,残差异常：采煤机_油泵_左电机_温度 偏高（残差 Z-score=13.0，实际=39.0 vs 预测=0.0）
1218,2024-04-12 16:57:00,2024-04-12 16:57:00,1.0,空载运行,IsolationForest; Mahalanobis; 单变量IQR+3σ; 残差,4.771,30,残差异常：采煤机_破碎机_电机_电流 偏高（残差 Z-score=4.8，实际=29.0 vs 预测=0.0）
1219,2024-04-12 17:17:00,2024-04-12 17:17:00,1.0,空载运行,IsolationForest; Mahalanobis; 单变量IQR+3σ; 残差,3.652,30,残差异常：采煤机_破碎机_电机_电流 偏高（残差 Z-score=3.7，实际=28.0 vs 预测=5.8）
1220,2024-04-12 17:29:00,2024-04-12 17:29:00,1.0,空载运行,IsolationForest; Mahalanobis; 单变量IQR+3σ; 残差,4.503,30,残差异常：采煤机_油泵_左电机_电流 偏高（残差 Z-score=4.5，实际=49.0 vs 预测=17.4）
1221,2024-04-12 17:33:00,2024-04-12 17:33:00,1.0,空载运行,IsolationForest; Mahalanobis; 单变量IQR+3σ; 残差,6.117,30,正常
1222,2024-04-12 17:38:00,2024-04-12 17:38:00,1.0,空载运行,IsolationForest; Mahalanobis; 单变量IQR+3σ; 残差,3.515,30,正常
1223,2024-04-12 17:47:00,2024-04-12 17:47:00,1.0,空载运行,IsolationForest; Mahalanobis; 单变量IQR+3σ; 残差,5.557,30,残差异常：采煤机_油泵_左电机_电流 偏高（残差 Z-score=5.6，实际=56.0 vs 预测=17.0）
1224,2024-04-12 17:49:00,2024-04-12 19:08:00,80.0,停机,IsolationForest; Mahalanobis; 单变量IQR+3σ; 残差,60.287,2400,Mahalanobis 距离=60.3（阈值=18.5）。主要贡献特征：PC2 (71.0%); PC3 (28.1%)。
1225,2024-04-12 19:23:00,2024-04-12 19:24:00,2.0,空载运行,IsolationForest; Mahalanobis; 单变量IQR+3σ; 残差,6.982,60,残差异常：采煤机_油泵_左电机_电流 偏高（残差 Z-score=7.0，实际=66.0 vs 预测=17.0）
1226,2024-04-12 19:30:00,2024-04-12 19:31:00,2.0,停机,IsolationForest; Mahalanobis; 单变量IQR+3σ; 残差,3.711,60,残差异常：采煤机_破碎机_电机_温度 偏高（残差 Z-score=3.7，实际=53.0 vs 预测=40.0）
1227,2024-04-12 19:38:00,2024-04-12 19:40:00,3.0,停机,IsolationForest; Mahalanobis; 单变量IQR+3σ; 残差,3.425,90,残差异常：采煤机_破碎机_电机_温度 偏高（残差 Z-score=3.4，实际=57.0 vs 预测=45.0）
1228,2024-04-12 20:02:00,2024-04-12 20:06:00,5.0,停机,IsolationForest; Mahalanobis; 单变量IQR+3σ; 残差,58.004,150,Mahalanobis 距离=58.0（阈值=18.5）。主要贡献特征：PC4 (81.7%); PC3 (13.6%); PC2 (4.6%)。
1229,2024-04-12 20:15:00,2024-04-12 20:15:00,1.0,空载运行,IsolationForest; Mahalanobis; 单变量IQR+3σ; 残差,1.61,30,正常
1230,2024-04-12 20:20:00,2024-04-12 20:20:00,1.0,停机,IsolationForest; Mahalanobis; 单变量IQR+3σ; 残差,5.783,30,正常
1231,2024-04-12 20:22:00,2024-04-12 20:22:00,1.0,停机,IsolationForest; Mahalanobis; 单变量IQR+3σ; 残差,3.723,30,残差异常：采煤机_油泵_左电机_电流 偏高（残差 Z-score=3.7，实际=48.0 vs 预测=17.0）
1232,2024-04-12 20:52:00,2024-04-12 20:52:00,1.0,停机,IsolationForest; Mahalanobis; 单变量IQR+3σ; 残差,6.517,30,正常
1233,2024-04-12 21:01:00,2024-04-12 21:06:00,6.0,停机,IsolationForest; Mahalanobis; 单变量IQR+3σ; 残差,46.658,180,Mahalanobis 距离=46.7（阈值=18.5）。主要贡献特征：PC2 (95.9%); PC3 (3.5%)。
1234,2024-04-12 21:13:00,2024-04-12 21:14:00,2.0,空载运行,IsolationForest; Mahalanobis; 单变量IQR+3σ; 残差,4.622,60,残差异常：采煤机_截割部位_左滚筒_电机_温度 偏高（残差 Z-score=4.6，实际=76.0 vs 预测=66.0）
1235,2024-04-12 21:16:00,2024-04-12 21:16:00,1.0,空载运行,IsolationForest; Mahalanobis; 单变量IQR+3σ; 残差,3.06,30,残差异常：采煤机_破碎机_电机_电流 偏高（残差 Z-score=3.1，实际=40.0 vs 预测=21.4）
1236,2024-04-12 21:50:00,2024-04-12 21:50:00,1.0,空载运行,IsolationForest; Mahalanobis; 单变量IQR+3σ; 残差,4.816,30,残差异常：采煤机_油泵_左电机_电流 偏高（残差 Z-score=4.8，实际=53.0 vs 预测=19.2）
1237,2024-04-12 22:02:00,2024-04-12 22:02:00,1.0,停机,IsolationForest; Mahalanobis; 单变量IQR+3σ; 残差,4.739,30,残差异常：采煤机_破碎机_电机_温度 偏高（残差 Z-score=4.7，实际=67.0 vs 预测=50.4）
1238,2024-04-12 22:12:00,2024-04-12 22:18:00,7.0,停机,IsolationForest; Mahalanobis; 单变量IQR+3σ; 残差,5.689,210,正常
1239,2024-04-12 22:23:00,2024-04-12 22:23:00,1.0,停机,IsolationForest; Mahalanobis; 单变量IQR+3σ; 残差,9.864,30,正常
1240,2024-04-12 22:26:00,2024-04-12 22:26:00,1.0,停机,IsolationForest; Mahalanobis; 单变量IQR+3σ; 残差,9.05,30,正常
1241,2024-04-12 22:29:00,2024-04-12 22:29:00,1.0,停机,IsolationForest; Mahalanobis; 单变量IQR+3σ; 残差,2.988,30,正常
1242,2024-04-12 22:40:00,2024-04-12 22:40:00,1.0,停机,IsolationForest; Mahalanobis; 单变量IQR+3σ; 残差,11.395,30,正常
1243,2024-04-12 23:14:00,2024-04-12 23:14:00,1.0,停机,IsolationForest; Mahalanobis; 单变量IQR+3σ; 残差,5.563,30,正常
1244,2024-04-12 23:23:00,2024-04-12 23:23:00,1.0,停机,IsolationForest; Mahalanobis; 单变量IQR+3σ; 残差,8.322,30,正常
1245,2024-04-12 23:25:00,2024-04-12 23:25:00,1.0,停机,IsolationForest; Mahalanobis; 单变量IQR+3σ; 残差,10.444,30,正常
1246,2024-04-12 23:35:00,2024-04-12 23:35:00,1.0,停机,IsolationForest; Mahalanobis; 单变量IQR+3σ; 残差,5.345,30,残差异常：采煤机_油泵_右电机_电流 偏高（残差 Z-score=5.3，实际=61.0 vs 预测=18.6）
1247,2024-04-12 23:40:00,2024-04-12 23:40:00,1.0,停机,IsolationForest; Mahalanobis; 单变量IQR+3σ; 残差,4.107,30,正常
1248,2024-04-12 23:42:00,2024-04-12 23:44:00,3.0,空载运行,IsolationForest; Mahalanobis; 单变量IQR+3σ; 残差,5.145,90,残差异常：采煤机_油泵_右电机_温度 偏高（残差 Z-score=5.1，实际=57.0 vs 预测=51.0）
1249,2024-04-12 23:50:00,2024-04-12 23:51:00,2.0,空载运行,IsolationForest; Mahalanobis; 单变量IQR+3σ; 残差,1.853,60,正常
1250,2024-04-13 00:13:00,2024-04-13 00:15:00,3.0,空载运行,IsolationForest; Mahalanobis; 单变量IQR+3σ; 残差,2.235,90,正常
1251,2024-04-13 00:18:00,2024-04-13 00:21:00,4.0,空载运行,IsolationForest; Mahalanobis; 单变量IQR+3σ; 残差,4.442,120,残差异常：采煤机_破碎机_电机_电流 偏高（残差 Z-score=4.4，实际=27.0 vs 预测=0.0）
1252,2024-04-13 00:28:00,2024-04-13 00:28:00,1.0,空载运行,IsolationForest; Mahalanobis; 单变量IQR+3σ; 残差,5.186,30,残差异常：采煤机_油泵_左电机_电流 偏高（残差 Z-score=5.2，实际=53.0 vs 预测=16.6）
1253,2024-04-13 00:45:00,2024-04-13 00:49:00,5.0,停机,IsolationForest; Mahalanobis; 单变量IQR+3σ; 残差,11.527,150,正常
1254,2024-04-13 00:53:00,2024-04-13 00:53:00,1.0,停机,IsolationForest; Mahalanobis; 单变量IQR+3σ; 残差,6.024,30,正常
1255,2024-04-13 00:59:00,2024-04-13 00:59:00,1.0,停机,IsolationForest; Mahalanobis; 单变量IQR+3σ; 残差,3.0,30,残差异常：采煤机_油泵_右电机_电流 偏高（残差 Z-score=3.0，实际=34.0 vs 预测=10.2）
1256,2024-04-13 01:02:00,2024-04-13 01:02:00,1.0,停机,IsolationForest; Mahalanobis; 单变量IQR+3σ; 残差,4.647,30,正常
1257,2024-04-13 01:14:00,2024-04-13 01:14:00,1.0,停机,IsolationForest; Mahalanobis; 单变量IQR+3σ; 残差,8.408,30,正常
1258,2024-04-13 01:19:00,2024-04-13 01:32:00,14.0,空载运行,IsolationForest; Mahalanobis; 单变量IQR+3σ; 残差,51.852,420,Mahalanobis 距离=51.9（阈值=18.5）。主要贡献特征：PC4 (93.8%); PC3 (6.0%)。
1259,2024-04-13 01:39:00,2024-04-13 01:42:00,4.0,停机,IsolationForest; Mahalanobis; 单变量IQR+3σ; 残差,6.458,120,正常
1260,2024-04-13 01:53:00,2024-04-13 01:53:00,1.0,空载运行,IsolationForest; Mahalanobis; 单变量IQR+3σ; 残差,9.455,30,正常
1261,2024-04-13 02:02:00,2024-04-13 02:03:00,2.0,空载运行,IsolationForest; Mahalanobis; 单变量IQR+3σ; 残差,5.8,60,残差异常：采煤机_油泵_右电机_电流 偏高（残差 Z-score=5.8，实际=54.0 vs 预测=17.0）
1262,2024-04-13 02:07:00,2024-04-13 02:07:00,1.0,空载运行,IsolationForest; Mahalanobis; 单变量IQR+3σ; 残差,5.719,30,正常
1263,2024-04-13 02:16:00,2024-04-13 02:37:00,22.0,停机,IsolationForest; Mahalanobis; 单变量IQR+3σ; 残差,7.252,660,正常
1264,2024-04-13 02:48:00,2024-04-13 02:48:00,1.0,空载运行,IsolationForest; Mahalanobis; 单变量IQR+3σ; 残差,3.16,30,正常
1265,2024-04-13 02:54:00,2024-04-13 02:55:00,2.0,停机,IsolationForest; Mahalanobis; 单变量IQR+3σ; 残差,12.004,60,正常
1266,2024-04-13 02:57:00,2024-04-13 02:59:00,3.0,停机,IsolationForest; Mahalanobis; 单变量IQR+3σ; 残差,13.679,90,正常
1267,2024-04-13 03:02:00,2024-04-13 03:05:00,4.0,空载运行,IsolationForest; Mahalanobis; 单变量IQR+3σ; 残差,5.485,120,正常
1268,2024-04-13 03:09:00,2024-04-13 03:09:00,1.0,空载运行,IsolationForest; Mahalanobis; 单变量IQR+3σ; 残差,8.971,30,正常
1269,2024-04-13 03:14:00,2024-04-13 03:30:00,17.0,停机,IsolationForest; Mahalanobis; 单变量IQR+3σ; 残差,8.15,510,正常
1270,2024-04-13 03:32:00,2024-04-13 03:32:00,1.0,停机,IsolationForest; Mahalanobis; 单变量IQR+3σ; 残差,7.879,30,正常
1271,2024-04-13 03:43:00,2024-04-13 03:43:00,1.0,停机,IsolationForest; Mahalanobis; 单变量IQR+3σ; 残差,11.555,30,正常
1272,2024-04-13 03:56:00,2024-04-13 03:56:00,1.0,停机,IsolationForest; Mahalanobis; 单变量IQR+3σ; 残差,4.639,30,残差异常：采煤机_油泵_右电机_电流 偏高（残差 Z-score=4.6，实际=55.0 vs 预测=18.2）
1273,2024-04-13 03:58:00,2024-04-13 03:58:00,1.0,停机,IsolationForest; Mahalanobis; 单变量IQR+3σ; 残差,3.938,30,正常
1274,2024-04-13 04:02:00,2024-04-13 04:02:00,1.0,空载运行,IsolationForest; Mahalanobis; 单变量IQR+3σ; 残差,5.468,30,正常
1275,2024-04-13 04:09:00,2024-04-13 04:09:00,1.0,空载运行,IsolationForest; Mahalanobis; 单变量IQR+3σ; 残差,6.051,30,残差异常：采煤机_油泵_右电机_电流 偏高（残差 Z-score=6.1，实际=55.0 vs 预测=16.4）
1276,2024-04-13 04:19:00,2024-04-13 04:27:00,9.0,停机,IsolationForest; Mahalanobis; 单变量IQR+3σ; 残差,5.541,270,正常
1277,2024-04-13 04:44:00,2024-04-13 04:44:00,1.0,停机,IsolationForest; Mahalanobis; 单变量IQR+3σ; 残差,4.731,30,残差异常：采煤机_油泵_左电机_电流 偏高（残差 Z-score=4.7，实际=46.0 vs 预测=6.6）
1278,2024-04-13 04:46:00,2024-04-13 04:47:00,2.0,空载运行,IsolationForest; Mahalanobis; 单变量IQR+3σ; 残差,3.209,60,正常
1279,2024-04-13 04:49:00,2024-04-13 04:49:00,1.0,空载运行,IsolationForest; Mahalanobis; 单变量IQR+3σ; 残差,5.2,30,残差异常：采煤机_截割部位_右滚筒_电机_电流 偏高（残差 Z-score=5.2，实际=273.0 vs 预测=67.6）
1280,2024-04-13 04:56:00,2024-04-13 04:57:00,2.0,停机,IsolationForest; Mahalanobis; 单变量IQR+3σ; 残差,4.282,60,残差异常：采煤机_破碎机_电机_温度 偏高（残差 Z-score=4.3，实际=70.0 vs 预测=55.0）
1281,2024-04-13 05:01:00,2024-04-13 05:02:00,2.0,空载运行,IsolationForest; Mahalanobis; 单变量IQR+3σ; 残差,3.676,60,残差异常：采煤机_油泵_左电机_电流 偏高（残差 Z-score=3.7，实际=48.0 vs 预测=22.2）
1282,2024-04-13 05:13:00,2024-04-13 05:18:00,6.0,空载运行,IsolationForest; Mahalanobis; 单变量IQR+3σ; 残差,10.22,180,正常
1283,2024-04-13 05:21:00,2024-04-13 05:23:00,3.0,空载运行,IsolationForest; Mahalanobis; 单变量IQR+3σ; 残差,9.357,90,正常
1284,2024-04-13 05:31:00,2024-04-13 05:40:00,10.0,停机,IsolationForest; Mahalanobis; 单变量IQR+3σ; 残差,9.544,300,正常
1285,2024-04-13 05:58:00,2024-04-13 06:01:00,4.0,空载运行,IsolationForest; Mahalanobis; 单变量IQR+3σ; 残差,6.31,120,正常
1286,2024-04-13 06:19:00,2024-04-13 06:21:00,3.0,空载运行,IsolationForest; Mahalanobis; 单变量IQR+3σ; 残差,8.264,90,正常
1287,2024-04-13 06:28:00,2024-04-13 06:28:00,1.0,空载运行,IsolationForest; Mahalanobis; 单变量IQR+3σ; 残差,6.615,30,残差异常：采煤机_油泵_右电机_电流 偏高（残差 Z-score=6.6，实际=60.0 vs 预测=17.8）
1288,2024-04-13 06:30:00,2024-04-13 06:30:00,1.0,空载运行,IsolationForest; Mahalanobis; 单变量IQR+3σ; 残差,3.037,30,正常
1289,2024-04-13 06:35:00,2024-04-13 06:36:00,2.0,空载运行,IsolationForest; Mahalanobis; 单变量IQR+3σ; 残差,9.478,60,正常
1290,2024-04-13 06:38:00,2024-04-13 06:38:00,1.0,空载运行,IsolationForest; Mahalanobis; 单变量IQR+3σ; 残差,7.917,30,正常
1291,2024-04-13 06:43:00,2024-04-13 06:43:00,1.0,空载运行,IsolationForest; Mahalanobis; 单变量IQR+3σ; 残差,7.894,30,正常
1292,2024-04-13 06:45:00,2024-04-13 06:45:00,1.0,空载运行,IsolationForest; Mahalanobis; 单变量IQR+3σ; 残差,7.031,30,正常
1293,2024-04-13 06:47:00,2024-04-13 06:48:00,2.0,空载运行,IsolationForest; Mahalanobis; 单变量IQR+3σ; 残差,3.58,60,正常
1294,2024-04-13 06:58:00,2024-04-13 06:58:00,1.0,空载运行,IsolationForest; Mahalanobis; 单变量IQR+3σ; 残差,3.657,30,正常
1295,2024-04-13 07:03:00,2024-04-13 07:11:00,9.0,停机,IsolationForest; Mahalanobis; 单变量IQR+3σ; 残差,7.308,270,残差异常：采煤机_破碎机_电机_温度 偏高（残差 Z-score=7.3，实际=75.0 vs 预测=49.4）
1296,2024-04-13 07:20:00,2024-04-13 07:20:00,1.0,空载运行,IsolationForest; Mahalanobis; 单变量IQR+3σ; 残差,3.713,30,正常
1297,2024-04-13 07:24:00,2024-04-13 07:24:00,1.0,带载运行,IsolationForest; Mahalanobis; 单变量IQR+3σ; 残差,6.967,30,正常
1298,2024-04-13 07:42:00,2024-04-13 07:56:00,15.0,停机,IsolationForest; Mahalanobis; 单变量IQR+3σ; 残差,6.143,450,正常
1299,2024-04-13 08:04:00,2024-04-13 08:04:00,1.0,停机,IsolationForest; Mahalanobis; 单变量IQR+3σ; 残差,5.728,30,正常
1300,2024-04-13 08:12:00,2024-04-13 08:12:00,1.0,空载运行,IsolationForest; Mahalanobis; 单变量IQR+3σ; 残差,2.503,30,正常
1301,2024-04-13 08:27:00,2024-04-13 08:29:00,3.0,空载运行,IsolationForest; Mahalanobis; 单变量IQR+3σ; 残差,3.258,90,正常
1302,2024-04-13 08:55:00,2024-04-13 08:58:00,4.0,空载运行,IsolationForest; Mahalanobis; 单变量IQR+3σ; 残差,1.374,120,正常
1303,2024-04-13 09:10:00,2024-04-13 09:12:00,3.0,停机,IsolationForest; Mahalanobis; 单变量IQR+3σ; 残差,1.613,90,正常
1304,2024-04-13 14:21:00,2024-04-13 14:41:00,21.0,停机,IsolationForest; Mahalanobis; 单变量IQR+3σ; 残差,13.955,630,残差异常：采煤机_油泵_左电机_温度 偏高（残差 Z-score=14.0，实际=42.0 vs 预测=0.0）
1305,2024-04-13 14:48:00,2024-04-13 14:48:00,1.0,空载运行,IsolationForest; Mahalanobis; 单变量IQR+3σ; 残差,5.41,30,正常
1306,2024-04-13 15:41:00,2024-04-13 15:41:00,1.0,空载运行,IsolationForest; Mahalanobis; 单变量IQR+3σ; 残差,0.949,30,正常
1307,2024-04-13 15:51:00,2024-04-13 15:52:00,2.0,停机,IsolationForest; Mahalanobis; 单变量IQR+3σ; 残差,7.816,60,残差异常：采煤机_油泵_右电机_电流 偏高（残差 Z-score=7.8，实际=62.0 vs 预测=0.0）
1308,2024-04-13 16:11:00,2024-04-13 16:11:00,1.0,停机,IsolationForest; Mahalanobis; 单变量IQR+3σ; 残差,13.061,30,正常
1309,2024-04-13 16:17:00,2024-04-13 16:17:00,1.0,空载运行,IsolationForest; Mahalanobis; 单变量IQR+3σ; 残差,8.266,30,正常
1310,2024-04-13 16:22:00,2024-04-13 16:27:00,6.0,停机,IsolationForest; Mahalanobis; 单变量IQR+3σ; 残差,55.154,180,Mahalanobis 距离=55.2（阈值=18.5）。主要贡献特征：PC2 (71.7%); PC3 (23.0%); PC4 (4.7%)。
1311,2024-04-13 16:35:00,2024-04-13 16:35:00,1.0,停机,IsolationForest; Mahalanobis; 单变量IQR+3σ; 残差,3.397,30,残差异常：采煤机_牵引部位_左电机_电流 偏高（残差 Z-score=3.4，实际=146.0 vs 预测=0.0）
1312,2024-04-13 16:40:00,2024-04-13 16:41:00,2.0,停机,IsolationForest; Mahalanobis; 单变量IQR+3σ; 残差,8.348,60,正常
1313,2024-04-13 17:03:00,2024-04-13 17:06:00,4.0,空载运行,IsolationForest; Mahalanobis; 单变量IQR+3σ; 残差,6.552,120,残差异常：采煤机_油泵_右电机_电流 偏高（残差 Z-score=6.6，实际=49.0 vs 预测=7.2）
1314,2024-04-13 17:11:00,2024-04-13 17:14:00,4.0,空载运行,IsolationForest; Mahalanobis; 单变量IQR+3σ; 残差,4.09,120,正常
1315,2024-04-13 17:34:00,2024-04-13 17:35:00,2.0,空载运行,IsolationForest; Mahalanobis; 单变量IQR+3σ; 残差,4.381,60,正常
1316,2024-04-13 17:48:00,2024-04-13 17:48:00,1.0,空载运行,IsolationForest; Mahalanobis; 单变量IQR+3σ; 残差,5.585,30,残差异常：采煤机_油泵_左电机_电流 偏高（残差 Z-score=5.6，实际=53.0 vs 预测=13.8）
1317,2024-04-13 17:51:00,2024-04-13 17:51:00,1.0,空载运行,IsolationForest; Mahalanobis; 单变量IQR+3σ; 残差,2.598,30,正常
1318,2024-04-13 17:56:00,2024-04-13 18:01:00,6.0,空载运行,IsolationForest; Mahalanobis; 单变量IQR+3σ; 残差,41.773,180,Mahalanobis 距离=41.8（阈值=18.5）。主要贡献特征：PC2 (65.0%); PC3 (32.9%); PC1 (1.5%)。
1319,2024-04-13 18:05:00,2024-04-13 18:05:00,1.0,空载运行,IsolationForest; Mahalanobis; 单变量IQR+3σ; 残差,3.98,30,正常
1320,2024-04-13 18:09:00,2024-04-13 18:09:00,1.0,空载运行,IsolationForest; Mahalanobis; 单变量IQR+3σ; 残差,6.444,30,正常
1321,2024-04-13 18:11:00,2024-04-13 18:11:00,1.0,空载运行,IsolationForest; Mahalanobis; 单变量IQR+3σ; 残差,6.554,30,正常
1322,2024-04-13 18:13:00,2024-04-13 18:14:00,2.0,空载运行,IsolationForest; Mahalanobis; 单变量IQR+3σ; 残差,12.31,60,正常
1323,2024-04-13 18:28:00,2024-04-13 18:28:00,1.0,空载运行,IsolationForest; Mahalanobis; 单变量IQR+3σ; 残差,3.57,30,正常
1324,2024-04-13 18:32:00,2024-04-13 18:32:00,1.0,空载运行,IsolationForest; Mahalanobis; 单变量IQR+3σ; 残差,7.629,30,正常
1325,2024-04-13 18:34:00,2024-04-13 18:34:00,1.0,空载运行,IsolationForest; Mahalanobis; 单变量IQR+3σ; 残差,12.234,30,正常
1326,2024-04-13 18:37:00,2024-04-13 18:37:00,1.0,空载运行,IsolationForest; Mahalanobis; 单变量IQR+3σ; 残差,9.153,30,正常
1327,2024-04-13 20:28:00,2024-04-13 20:29:00,2.0,空载运行,IsolationForest; Mahalanobis; 单变量IQR+3σ; 残差,2.199,60,正常
1328,2024-04-13 20:50:00,2024-04-13 20:50:00,1.0,空载运行,IsolationForest; Mahalanobis; 单变量IQR+3σ; 残差,10.142,30,正常
1329,2024-04-13 20:57:00,2024-04-13 20:57:00,1.0,空载运行,IsolationForest; Mahalanobis; 单变量IQR+3σ; 残差,4.809,30,正常
1330,2024-04-13 21:59:00,2024-04-13 22:02:00,4.0,空载运行,IsolationForest; Mahalanobis; 单变量IQR+3σ; 残差,5.774,120,正常
1331,2024-04-13 23:01:00,2024-04-13 23:03:00,3.0,停机,IsolationForest; Mahalanobis; 单变量IQR+3σ; 残差,2.775,90,正常
1332,2024-04-13 23:12:00,2024-04-13 23:16:00,5.0,空载运行,IsolationForest; Mahalanobis; 单变量IQR+3σ; 残差,9.117,150,正常
1333,2024-04-13 23:29:00,2024-04-13 23:29:00,1.0,空载运行,IsolationForest; Mahalanobis; 单变量IQR+3σ; 残差,3.932,30,正常
1334,2024-04-13 23:57:00,2024-04-13 23:57:00,1.0,空载运行,IsolationForest; Mahalanobis; 单变量IQR+3σ; 残差,4.816,30,正常
1335,2024-04-14 00:20:00,2024-04-14 00:20:00,1.0,空载运行,IsolationForest; Mahalanobis; 单变量IQR+3σ; 残差,3.249,30,残差异常：采煤机_油泵_左电机_电流 偏高（残差 Z-score=3.2，实际=30.0 vs 预测=7.2）
1336,2024-04-14 00:22:00,2024-04-14 00:26:00,5.0,空载运行,IsolationForest; Mahalanobis; 单变量IQR+3σ; 残差,6.406,150,正常
1337,2024-04-14 00:28:00,2024-04-14 00:28:00,1.0,空载运行,IsolationForest; Mahalanobis; 单变量IQR+3σ; 残差,4.067,30,正常
1338,2024-04-14 00:36:00,2024-04-14 00:36:00,1.0,空载运行,IsolationForest; Mahalanobis; 单变量IQR+3σ; 残差,5.392,30,残差异常：采煤机_油泵_右电机_电流 偏高（残差 Z-score=5.4，实际=52.0 vs 预测=17.6）
1339,2024-04-14 00:47:00,2024-04-14 00:47:00,1.0,空载运行,IsolationForest; Mahalanobis; 单变量IQR+3σ; 残差,6.554,30,残差异常：采煤机_油泵_左电机_电流 偏高（残差 Z-score=6.6，实际=63.0 vs 预测=17.0）
1340,2024-04-14 00:51:00,2024-04-14 00:52:00,2.0,空载运行,IsolationForest; Mahalanobis; 单变量IQR+3σ; 残差,2.072,60,正常
1341,2024-04-14 00:57:00,2024-04-14 00:57:00,1.0,空载运行,IsolationForest; Mahalanobis; 单变量IQR+3σ; 残差,4.551,30,正常
1342,2024-04-14 01:00:00,2024-04-14 01:00:00,1.0,空载运行,IsolationForest; Mahalanobis; 单变量IQR+3σ; 残差,5.02,30,正常
1343,2024-04-14 01:05:00,2024-04-14 01:05:00,1.0,空载运行,IsolationForest; Mahalanobis; 单变量IQR+3σ; 残差,3.951,30,正常
1344,2024-04-14 01:09:00,2024-04-14 01:09:00,1.0,空载运行,IsolationForest; Mahalanobis; 单变量IQR+3σ; 残差,6.39,30,正常
1345,2024-04-14 01:21:00,2024-04-14 01:21:00,1.0,空载运行,IsolationForest; Mahalanobis; 单变量IQR+3σ; 残差,6.09,30,正常
1346,2024-04-14 01:23:00,2024-04-14 01:24:00,2.0,空载运行,IsolationForest; Mahalanobis; 单变量IQR+3σ; 残差,10.021,60,正常
1347,2024-04-14 01:41:00,2024-04-14 01:41:00,1.0,空载运行,IsolationForest; Mahalanobis; 单变量IQR+3σ; 残差,4.16,30,残差异常：采煤机_油泵_左电机_电流 偏高（残差 Z-score=4.2，实际=46.0 vs 预测=16.8）
1348,2024-04-14 01:52:00,2024-04-14 01:52:00,1.0,空载运行,IsolationForest; Mahalanobis; 单变量IQR+3σ; 残差,4.859,30,残差异常：采煤机_油泵_右电机_电流 偏高（残差 Z-score=4.9，实际=48.0 vs 预测=17.0）
1349,2024-04-14 01:57:00,2024-04-14 01:58:00,2.0,空载运行,IsolationForest; Mahalanobis; 单变量IQR+3σ; 残差,4.757,60,正常
1350,2024-04-14 02:01:00,2024-04-14 02:03:00,3.0,空载运行,IsolationForest; Mahalanobis; 单变量IQR+3σ; 残差,12.458,90,正常
1351,2024-04-14 02:05:00,2024-04-14 02:06:00,2.0,空载运行,IsolationForest; Mahalanobis; 单变量IQR+3σ; 残差,10.569,60,正常
1352,2024-04-14 02:11:00,2024-04-14 02:11:00,1.0,空载运行,IsolationForest; Mahalanobis; 单变量IQR+3σ; 残差,8.087,30,正常
1353,2024-04-14 02:13:00,2024-04-14 02:13:00,1.0,空载运行,IsolationForest; Mahalanobis; 单变量IQR+3σ; 残差,11.483,30,正常
1354,2024-04-14 02:15:00,2024-04-14 02:15:00,1.0,空载运行,IsolationForest; Mahalanobis; 单变量IQR+3σ; 残差,11.534,30,正常
1355,2024-04-14 02:17:00,2024-04-14 02:17:00,1.0,空载运行,IsolationForest; Mahalanobis; 单变量IQR+3σ; 残差,14.514,30,正常
1356,2024-04-14 02:22:00,2024-04-14 02:22:00,1.0,空载运行,IsolationForest; Mahalanobis; 单变量IQR+3σ; 残差,9.189,30,正常
1357,2024-04-14 02:26:00,2024-04-14 02:29:00,4.0,空载运行,IsolationForest; Mahalanobis; 单变量IQR+3σ; 残差,17.294,120,正常
1358,2024-04-14 02:31:00,2024-04-14 02:32:00,2.0,空载运行,IsolationForest; Mahalanobis; 单变量IQR+3σ; 残差,14.182,60,正常
1359,2024-04-14 02:35:00,2024-04-14 02:35:00,1.0,空载运行,IsolationForest; Mahalanobis; 单变量IQR+3σ; 残差,3.708,30,正常
1360,2024-04-14 02:37:00,2024-04-14 02:37:00,1.0,空载运行,IsolationForest; Mahalanobis; 单变量IQR+3σ; 残差,2.414,30,正常
1361,2024-04-14 02:41:00,2024-04-14 02:41:00,1.0,空载运行,IsolationForest; Mahalanobis; 单变量IQR+3σ; 残差,6.584,30,残差异常：采煤机_油泵_右电机_电流 偏高（残差 Z-score=6.6，实际=52.0 vs 预测=10.0）
1362,2024-04-14 02:43:00,2024-04-14 02:43:00,1.0,空载运行,IsolationForest; Mahalanobis; 单变量IQR+3σ; 残差,5.225,30,正常
1363,2024-04-14 02:48:00,2024-04-14 02:49:00,2.0,空载运行,IsolationForest; Mahalanobis; 单变量IQR+3σ; 残差,3.35,60,正常
1364,2024-04-14 03:10:00,2024-04-14 03:12:00,3.0,空载运行,IsolationForest; Mahalanobis; 单变量IQR+3σ; 残差,7.775,90,残差异常：采煤机_油泵_右电机_电流 偏高（残差 Z-score=7.8，实际=60.0 vs 预测=10.4）
1365,2024-04-14 03:15:00,2024-04-14 03:15:00,1.0,空载运行,IsolationForest; Mahalanobis; 单变量IQR+3σ; 残差,4.913,30,正常
1366,2024-04-14 03:32:00,2024-04-14 03:32:00,1.0,空载运行,IsolationForest; Mahalanobis; 单变量IQR+3σ; 残差,4.399,30,正常
1367,2024-04-14 03:35:00,2024-04-14 03:35:00,1.0,空载运行,IsolationForest; Mahalanobis; 单变量IQR+3σ; 残差,6.282,30,正常
1368,2024-04-14 03:37:00,2024-04-14 03:42:00,6.0,空载运行,IsolationForest; Mahalanobis; 单变量IQR+3σ; 残差,11.586,180,正常
1369,2024-04-14 03:44:00,2024-04-14 03:44:00,1.0,空载运行,IsolationForest; Mahalanobis; 单变量IQR+3σ; 残差,10.106,30,正常
1370,2024-04-14 03:54:00,2024-04-14 03:54:00,1.0,空载运行,IsolationForest; Mahalanobis; 单变量IQR+3σ; 残差,7.556,30,残差异常：采煤机_油泵_右电机_电流 偏高（残差 Z-score=7.6，实际=65.0 vs 预测=16.8）
1371,2024-04-14 03:57:00,2024-04-14 03:57:00,1.0,空载运行,IsolationForest; Mahalanobis; 单变量IQR+3σ; 残差,4.018,30,残差异常：采煤机_油泵_左电机_电流 偏高（残差 Z-score=4.0，实际=46.0 vs 预测=17.8）
1372,2024-04-14 04:07:00,2024-04-14 04:07:00,1.0,空载运行,IsolationForest; Mahalanobis; 单变量IQR+3σ; 残差,7.284,30,正常
1373,2024-04-14 04:09:00,2024-04-14 04:10:00,2.0,空载运行,IsolationForest; Mahalanobis; 单变量IQR+3σ; 残差,7.27,60,正常
1374,2024-04-14 04:13:00,2024-04-14 04:13:00,1.0,空载运行,IsolationForest; Mahalanobis; 单变量IQR+3σ; 残差,6.477,30,正常
1375,2024-04-14 04:35:00,2024-04-14 04:35:00,1.0,空载运行,IsolationForest; Mahalanobis; 单变量IQR+3σ; 残差,5.506,30,正常
1376,2024-04-14 04:37:00,2024-04-14 04:38:00,2.0,空载运行,IsolationForest; Mahalanobis; 单变量IQR+3σ; 残差,6.882,60,正常
1377,2024-04-14 04:42:00,2024-04-14 04:42:00,1.0,空载运行,IsolationForest; Mahalanobis; 单变量IQR+3σ; 残差,7.956,30,正常
1378,2024-04-14 04:47:00,2024-04-14 04:47:00,1.0,空载运行,IsolationForest; Mahalanobis; 单变量IQR+3σ; 残差,6.159,30,正常
1379,2024-04-14 04:49:00,2024-04-14 04:50:00,2.0,空载运行,IsolationForest; Mahalanobis; 单变量IQR+3σ; 残差,10.086,60,正常
1380,2024-04-14 04:54:00,2024-04-14 04:54:00,1.0,空载运行,IsolationForest; Mahalanobis; 单变量IQR+3σ; 残差,4.684,30,正常
1381,2024-04-14 05:00:00,2024-04-14 05:00:00,1.0,空载运行,IsolationForest; Mahalanobis; 单变量IQR+3σ; 残差,5.916,30,正常
1382,2024-04-14 05:04:00,2024-04-14 05:04:00,1.0,空载运行,IsolationForest; Mahalanobis; 单变量IQR+3σ; 残差,8.868,30,正常
1383,2024-04-14 05:14:00,2024-04-14 05:14:00,1.0,空载运行,IsolationForest; Mahalanobis; 单变量IQR+3σ; 残差,4.42,30,残差异常：采煤机_油泵_右电机_电流 偏高（残差 Z-score=4.4，实际=45.0 vs 预测=16.8）
1384,2024-04-14 05:37:00,2024-04-14 05:37:00,1.0,空载运行,IsolationForest; Mahalanobis; 单变量IQR+3σ; 残差,4.555,30,正常
1385,2024-04-14 05:39:00,2024-04-14 05:39:00,1.0,空载运行,IsolationForest; Mahalanobis; 单变量IQR+3σ; 残差,5.435,30,正常
1386,2024-04-14 05:44:00,2024-04-14 05:44:00,1.0,空载运行,IsolationForest; Mahalanobis; 单变量IQR+3σ; 残差,4.123,30,正常
1387,2024-04-14 05:54:00,2024-04-14 05:57:00,4.0,空载运行,IsolationForest; Mahalanobis; 单变量IQR+3σ; 残差,9.151,120,正常
1388,2024-04-14 06:06:00,2024-04-14 06:06:00,1.0,空载运行,IsolationForest; Mahalanobis; 单变量IQR+3σ; 残差,3.826,30,正常
1389,2024-04-14 06:11:00,2024-04-14 06:11:00,1.0,空载运行,IsolationForest; Mahalanobis; 单变量IQR+3σ; 残差,5.243,30,残差异常：采煤机_油泵_左电机_电流 偏高（残差 Z-score=5.2，实际=54.0 vs 预测=17.2）
1390,2024-04-14 06:14:00,2024-04-14 06:14:00,1.0,空载运行,IsolationForest; Mahalanobis; 单变量IQR+3σ; 残差,6.718,30,正常
1391,2024-04-14 06:19:00,2024-04-14 06:19:00,1.0,空载运行,IsolationForest; Mahalanobis; 单变量IQR+3σ; 残差,5.558,30,正常
1392,2024-04-14 06:25:00,2024-04-14 06:25:00,1.0,空载运行,IsolationForest; Mahalanobis; 单变量IQR+3σ; 残差,3.635,30,正常
1393,2024-04-14 06:31:00,2024-04-14 06:34:00,4.0,空载运行,IsolationForest; Mahalanobis; 单变量IQR+3σ; 残差,6.539,120,正常
1394,2024-04-14 06:36:00,2024-04-14 06:36:00,1.0,空载运行,IsolationForest; Mahalanobis; 单变量IQR+3σ; 残差,8.968,30,正常
1395,2024-04-14 06:42:00,2024-04-14 06:42:00,1.0,空载运行,IsolationForest; Mahalanobis; 单变量IQR+3σ; 残差,7.977,30,正常
1396,2024-04-14 06:44:00,2024-04-14 06:44:00,1.0,空载运行,IsolationForest; Mahalanobis; 单变量IQR+3σ; 残差,11.98,30,正常
1397,2024-04-14 06:50:00,2024-04-14 06:50:00,1.0,空载运行,IsolationForest; Mahalanobis; 单变量IQR+3σ; 残差,4.068,30,正常
1398,2024-04-14 06:58:00,2024-04-14 06:58:00,1.0,空载运行,IsolationForest; Mahalanobis; 单变量IQR+3σ; 残差,7.633,30,正常
1399,2024-04-14 07:03:00,2024-04-14 07:04:00,2.0,空载运行,IsolationForest; Mahalanobis; 单变量IQR+3σ; 残差,14.612,60,正常
1400,2024-04-14 07:07:00,2024-04-14 07:08:00,2.0,空载运行,IsolationForest; Mahalanobis; 单变量IQR+3σ; 残差,15.282,60,正常
1401,2024-04-14 07:22:00,2024-04-14 07:23:00,2.0,空载运行,IsolationForest; Mahalanobis; 单变量IQR+3σ; 残差,5.357,60,残差异常：采煤机_油泵_左电机_电流 偏高（残差 Z-score=5.4，实际=44.0 vs 预测=6.4）
1402,2024-04-14 07:25:00,2024-04-14 07:31:00,7.0,空载运行,IsolationForest; Mahalanobis; 单变量IQR+3σ; 残差,41.623,210,Mahalanobis 距离=41.6（阈值=18.5）。主要贡献特征：PC4 (80.9%); PC3 (15.5%); PC2 (3.4%)。
1403,2024-04-14 07:44:00,2024-04-14 07:44:00,1.0,空载运行,IsolationForest; Mahalanobis; 单变量IQR+3σ; 残差,5.643,30,残差异常：采煤机_油泵_右电机_电流 偏高（残差 Z-score=5.6，实际=36.0 vs 预测=0.0）
1404,2024-04-14 07:49:00,2024-04-14 07:52:00,4.0,空载运行,IsolationForest; Mahalanobis; 单变量IQR+3σ; 残差,7.01,120,残差异常：采煤机_油泵_左电机_电流 偏高（残差 Z-score=7.0，实际=65.0 vs 预测=15.8）
1405,2024-04-14 07:55:00,2024-04-14 07:55:00,1.0,空载运行,IsolationForest; Mahalanobis; 单变量IQR+3σ; 残差,4.061,30,正常
1406,2024-04-14 08:02:00,2024-04-14 08:02:00,1.0,空载运行,IsolationForest; Mahalanobis; 单变量IQR+3σ; 残差,4.531,30,残差异常：采煤机_油泵_左电机_电流 偏高（残差 Z-score=4.5，实际=42.0 vs 预测=10.2）
1407,2024-04-14 08:06:00,2024-04-14 08:06:00,1.0,空载运行,IsolationForest; Mahalanobis; 单变量IQR+3σ; 残差,5.738,30,正常
1408,2024-04-14 08:09:00,2024-04-14 08:09:00,1.0,空载运行,IsolationForest; Mahalanobis; 单变量IQR+3σ; 残差,7.663,30,正常
1409,2024-04-14 08:26:00,2024-04-14 08:26:00,1.0,空载运行,IsolationForest; Mahalanobis; 单变量IQR+3σ; 残差,3.434,30,正常
1410,2024-04-14 08:28:00,2024-04-14 08:28:00,1.0,空载运行,IsolationForest; Mahalanobis; 单变量IQR+3σ; 残差,3.602,30,正常
1411,2024-04-14 08:48:00,2024-04-14 08:48:00,1.0,空载运行,IsolationForest; Mahalanobis; 单变量IQR+3σ; 残差,4.859,30,残差异常：采煤机_油泵_右电机_电流 偏高（残差 Z-score=4.9，实际=31.0 vs 预测=0.0）
1412,2024-04-14 09:21:00,2024-04-14 09:25:00,5.0,停机,IsolationForest; Mahalanobis; 单变量IQR+3σ; 残差,9.502,150,残差异常：采煤机_油泵_左电机_温度 偏高（残差 Z-score=9.5，实际=47.0 vs 预测=18.4）
1413,2024-04-14 09:58:00,2024-04-14 10:00:00,3.0,空载运行,IsolationForest; Mahalanobis; 单变量IQR+3σ; 残差,1.151,90,正常
1414,2024-04-14 10:35:00,2024-04-14 10:35:00,1.0,停机,IsolationForest; Mahalanobis; 单变量IQR+3σ; 残差,7.186,30,残差异常：采煤机_油泵_右电机_电流 偏高（残差 Z-score=7.2，实际=57.0 vs 预测=0.0）
1415,2024-04-14 10:38:00,2024-04-14 10:38:00,1.0,空载运行,IsolationForest; Mahalanobis; 单变量IQR+3σ; 残差,3.429,30,残差异常：采煤机_油泵_右电机_温度 偏高（残差 Z-score=3.4，实际=50.0 vs 预测=46.0）
1416,2024-04-14 12:42:00,2024-04-17 16:01:00,4520.0,空载运行,IsolationForest; Mahalanobis; 单变量IQR+3σ; 残差,87.225,135600,Mahalanobis 距离=87.2（阈值=18.5）。主要贡献特征：PC1 (61.0%); PC4 (36.7%); PC3 (2.1%)。
1417,2024-04-17 16:39:00,2024-04-17 16:43:00,5.0,停机,IsolationForest; Mahalanobis; 单变量IQR+3σ; 残差,13.689,150,残差异常：采煤机_油泵_左电机_温度 偏高（残差 Z-score=13.7，实际=52.0 vs 预测=10.8）
1418,2024-04-17 16:51:00,2024-04-17 16:54:00,4.0,空载运行,IsolationForest; Mahalanobis; 单变量IQR+3σ; 残差,6.594,120,正常
1419,2024-04-17 16:56:00,2024-04-17 16:57:00,2.0,空载运行,IsolationForest; Mahalanobis; 单变量IQR+3σ; 残差,8.169,60,正常
1420,2024-04-17 17:05:00,2024-04-17 17:07:00,3.0,空载运行,IsolationForest; Mahalanobis; 单变量IQR+3σ; 残差,3.47,90,残差异常：采煤机_截割部位_右滚筒_电机_温度 偏高（残差 Z-score=3.5，实际=58.0 vs 预测=52.0）
1421,2024-04-17 17:09:00,2024-04-17 17:09:00,1.0,带载运行,IsolationForest; Mahalanobis; 单变量IQR+3σ; 残差,2.74,30,正常
1422,2024-04-17 17:19:00,2024-04-17 17:19:00,1.0,空载运行,IsolationForest; Mahalanobis; 单变量IQR+3σ; 残差,3.591,30,残差异常：采煤机_油泵_左电机_电流 偏高（残差 Z-score=3.6，实际=42.0 vs 预测=16.8）
1423,2024-04-17 17:25:00,2024-04-17 17:25:00,1.0,空载运行,IsolationForest; Mahalanobis; 单变量IQR+3σ; 残差,4.765,30,残差异常：采煤机_油泵_右电机_电流 偏高（残差 Z-score=4.8，实际=48.0 vs 预测=17.6）
1424,2024-04-17 17:30:00,2024-04-17 17:32:00,3.0,停机,IsolationForest; Mahalanobis; 单变量IQR+3σ; 残差,10.337,90,正常
1425,2024-04-17 17:39:00,2024-04-17 17:39:00,1.0,空载运行,IsolationForest; Mahalanobis; 单变量IQR+3σ; 残差,6.691,30,正常
1426,2024-04-17 17:44:00,2024-04-17 17:44:00,1.0,停机,IsolationForest; Mahalanobis; 单变量IQR+3σ; 残差,8.477,30,正常
1427,2024-04-17 17:48:00,2024-04-17 17:48:00,1.0,空载运行,IsolationForest; Mahalanobis; 单变量IQR+3σ; 残差,1.815,30,正常
1428,2024-04-17 17:53:00,2024-04-17 17:53:00,1.0,停机,IsolationForest; Mahalanobis; 单变量IQR+3σ; 残差,9.469,30,正常
1429,2024-04-17 18:20:00,2024-04-17 18:20:00,1.0,停机,IsolationForest; Mahalanobis; 单变量IQR+3σ; 残差,4.563,30,残差异常：采煤机_油泵_右电机_电流 偏高（残差 Z-score=4.6，实际=54.0 vs 预测=17.8）
1430,2024-04-17 18:26:00,2024-04-17 18:27:00,2.0,空载运行,IsolationForest; Mahalanobis; 单变量IQR+3σ; 残差,9.137,60,正常
1431,2024-04-17 18:29:00,2024-04-17 18:29:00,1.0,空载运行,IsolationForest; Mahalanobis; 单变量IQR+3σ; 残差,8.267,30,正常
1432,2024-04-17 18:31:00,2024-04-17 18:31:00,1.0,空载运行,IsolationForest; Mahalanobis; 单变量IQR+3σ; 残差,6.961,30,正常
1433,2024-04-17 18:40:00,2024-04-17 18:40:00,1.0,空载运行,IsolationForest; Mahalanobis; 单变量IQR+3σ; 残差,5.785,30,残差异常：采煤机_油泵_左电机_电流 偏高（残差 Z-score=5.8，实际=57.0 vs 预测=16.4）
1434,2024-04-17 18:42:00,2024-04-17 18:42:00,1.0,停机,IsolationForest; Mahalanobis; 单变量IQR+3σ; 残差,5.138,30,残差异常：采煤机_破碎机_电机_温度 偏高（残差 Z-score=5.1，实际=58.0 vs 预测=40.0）
1435,2024-04-17 18:44:00,2024-04-17 18:44:00,1.0,停机,IsolationForest; Mahalanobis; 单变量IQR+3σ; 残差,3.882,30,残差异常：采煤机_破碎机_电机_温度 偏高（残差 Z-score=3.9，实际=58.0 vs 预测=44.4）
1436,2024-04-17 18:46:00,2024-04-17 18:46:00,1.0,停机,IsolationForest; Mahalanobis; 单变量IQR+3σ; 残差,6.833,30,残差异常：采煤机_油泵_右电机_电流 偏高（残差 Z-score=6.8，实际=61.0 vs 预测=6.8）
1437,2024-04-17 18:53:00,2024-04-17 18:55:00,3.0,空载运行,IsolationForest; Mahalanobis; 单变量IQR+3σ; 残差,5.629,90,正常
1438,2024-04-17 19:07:00,2024-04-17 19:07:00,1.0,空载运行,IsolationForest; Mahalanobis; 单变量IQR+3σ; 残差,5.8,30,残差异常：采煤机_油泵_右电机_电流 偏高（残差 Z-score=5.8，实际=54.0 vs 预测=17.0）
1439,2024-04-17 19:09:00,2024-04-17 19:09:00,1.0,空载运行,IsolationForest; Mahalanobis; 单变量IQR+3σ; 残差,3.89,30,残差异常：采煤机_牵引部位_左电机_电流 偏高（残差 Z-score=3.9，实际=190.0 vs 预测=31.6）
1440,2024-04-17 19:12:00,2024-04-17 19:12:00,1.0,停机,IsolationForest; Mahalanobis; 单变量IQR+3σ; 残差,4.339,30,正常
1441,2024-04-17 20:23:00,2024-04-17 20:23:00,1.0,停机,IsolationForest; Mahalanobis; 单变量IQR+3σ; 残差,3.541,30,残差异常：采煤机_牵引部位_左电机_电流 偏高（残差 Z-score=3.5，实际=177.0 vs 预测=24.8）
1442,2024-04-17 20:31:00,2024-04-17 20:31:00,1.0,停机,IsolationForest; Mahalanobis; 单变量IQR+3σ; 残差,4.387,30,残差异常：采煤机_油泵_右电机_电流 偏高（残差 Z-score=4.4，实际=52.0 vs 预测=17.2）
1443,2024-04-17 20:50:00,2024-04-17 20:54:00,5.0,停机,IsolationForest; Mahalanobis; 单变量IQR+3σ; 残差,32.949,150,Mahalanobis 距离=32.9（阈值=18.5）。主要贡献特征：PC4 (84.8%); PC3 (13.6%); PC2 (1.5%)。
1444,2024-04-17 21:44:00,2024-04-17 21:44:00,1.0,停机,IsolationForest; Mahalanobis; 单变量IQR+3σ; 残差,3.53,30,残差异常：采煤机_油泵_右电机_电流 偏高（残差 Z-score=3.5，实际=28.0 vs 预测=0.0）
1445,2024-04-17 21:49:00,2024-04-17 21:49:00,1.0,停机,IsolationForest; Mahalanobis; 单变量IQR+3σ; 残差,3.443,30,残差异常：采煤机_牵引部位_左电机_电流 偏高（残差 Z-score=3.4，实际=155.0 vs 预测=7.0）
1446,2024-04-17 21:59:00,2024-04-17 21:59:00,1.0,停机,IsolationForest; Mahalanobis; 单变量IQR+3σ; 残差,3.337,30,残差异常：采煤机_牵引部位_左电机_电流 偏高（残差 Z-score=3.3，实际=177.0 vs 预测=33.6）
1447,2024-04-17 22:01:00,2024-04-17 22:01:00,1.0,空载运行,IsolationForest; Mahalanobis; 单变量IQR+3σ; 残差,1.996,30,正常
1448,2024-04-17 22:03:00,2024-04-17 22:08:00,6.0,停机,IsolationForest; Mahalanobis; 单变量IQR+3σ; 残差,54.956,180,Mahalanobis 距离=55.0（阈值=18.5）。主要贡献特征：PC2 (81.1%); PC3 (18.1%)。
1449,2024-04-17 22:31:00,2024-04-17 22:31:00,1.0,停机,IsolationForest; Mahalanobis; 单变量IQR+3σ; 残差,6.58,30,残差异常：采煤机_油泵_右电机_电流 偏高（残差 Z-score=6.6，实际=60.0 vs 预测=7.8）
1450,2024-04-17 22:34:00,2024-04-17 22:35:00,2.0,空载运行,IsolationForest; Mahalanobis; 单变量IQR+3σ; 残差,1.967,60,正常
1451,2024-04-17 22:45:00,2024-04-17 23:15:00,31.0,停机,IsolationForest; Mahalanobis; 单变量IQR+3σ; 残差,14.028,930,残差异常：采煤机_油泵_右电机_温度 偏高（残差 Z-score=14.0，实际=42.0 vs 预测=0.0）
1452,2024-04-17 23:17:00,2024-04-17 23:17:00,1.0,停机,IsolationForest; Mahalanobis; 单变量IQR+3σ; 残差,6.177,30,残差异常：采煤机_油泵_右电机_电流 偏高（残差 Z-score=6.2，实际=67.0 vs 预测=18.0）
1453,2024-04-17 23:46:00,2024-04-17 23:46:00,1.0,停机,IsolationForest; Mahalanobis; 单变量IQR+3σ; 残差,9.62,30,正常
1454,2024-04-17 23:54:00,2024-04-17 23:59:00,6.0,停机,IsolationForest; Mahalanobis; 单变量IQR+3σ; 残差,30.739,180,Mahalanobis 距离=30.7（阈值=18.5）。主要贡献特征：PC2 (79.8%); PC3 (16.9%); PC4 (1.9%)。
1455,2024-04-18 00:05:00,2024-04-18 00:05:00,1.0,停机,IsolationForest; Mahalanobis; 单变量IQR+3σ; 残差,5.37,30,残差异常：采煤机_油泵_右电机_电流 偏高（残差 Z-score=5.4，实际=60.0 vs 预测=17.4）
1456,2024-04-18 00:37:00,2024-04-18 00:38:00,2.0,停机,IsolationForest; Mahalanobis; 单变量IQR+3σ; 残差,4.967,60,残差异常：采煤机_破碎机_电机_温度 偏高（残差 Z-score=5.0，实际=56.0 vs 预测=38.6）
1457,2024-04-18 00:49:00,2024-04-18 00:50:00,2.0,停机,IsolationForest; Mahalanobis; 单变量IQR+3σ; 残差,7.547,60,正常
1458,2024-04-18 01:00:00,2024-04-18 01:00:00,1.0,停机,IsolationForest; Mahalanobis; 单变量IQR+3σ; 残差,5.168,30,残差异常：采煤机_油泵_右电机_电流 偏高（残差 Z-score=5.2，实际=58.0 vs 预测=17.0）
1459,2024-04-18 01:05:00,2024-04-18 01:05:00,1.0,停机,IsolationForest; Mahalanobis; 单变量IQR+3σ; 残差,3.747,30,残差异常：采煤机_油泵_左电机_电流 偏高（残差 Z-score=3.7，实际=49.0 vs 预测=17.8）
1460,2024-04-18 01:17:00,2024-04-18 01:17:00,1.0,停机,IsolationForest; Mahalanobis; 单变量IQR+3σ; 残差,4.16,30,残差异常：采煤机_油泵_右电机_电流 偏高（残差 Z-score=4.2，实际=50.0 vs 预测=17.0）
1461,2024-04-18 01:46:00,2024-04-18 01:47:00,2.0,空载运行,IsolationForest; Mahalanobis; 单变量IQR+3σ; 残差,4.754,60,正常
1462,2024-04-18 01:57:00,2024-04-18 01:57:00,1.0,停机,IsolationForest; Mahalanobis; 单变量IQR+3σ; 残差,3.711,30,残差异常：采煤机_破碎机_电机_温度 偏高（残差 Z-score=3.7，实际=51.0 vs 预测=38.0）
1463,2024-04-18 02:13:00,2024-04-18 02:14:00,2.0,空载运行,IsolationForest; Mahalanobis; 单变量IQR+3σ; 残差,4.055,60,正常
1464,2024-04-18 02:17:00,2024-04-18 02:17:00,1.0,空载运行,IsolationForest; Mahalanobis; 单变量IQR+3σ; 残差,6.664,30,正常
1465,2024-04-18 02:19:00,2024-04-18 02:19:00,1.0,空载运行,IsolationForest; Mahalanobis; 单变量IQR+3σ; 残差,8.572,30,正常
1466,2024-04-18 02:32:00,2024-04-18 02:37:00,6.0,停机,IsolationForest; Mahalanobis; 单变量IQR+3σ; 残差,51.205,180,Mahalanobis 距离=51.2（阈值=18.5）。主要贡献特征：PC4 (73.9%); PC3 (20.4%); PC2 (5.7%)。
1467,2024-04-18 02:54:00,2024-04-18 02:54:00,1.0,停机,IsolationForest; Mahalanobis; 单变量IQR+3σ; 残差,8.545,30,正常
1468,2024-04-18 03:37:00,2024-04-18 03:37:00,1.0,停机,IsolationForest; Mahalanobis; 单变量IQR+3σ; 残差,5.947,30,正常
1469,2024-04-18 04:12:00,2024-04-18 04:12:00,1.0,停机,IsolationForest; Mahalanobis; 单变量IQR+3σ; 残差,6.228,30,正常
1470,2024-04-18 04:21:00,2024-04-18 04:21:00,1.0,停机,IsolationForest; Mahalanobis; 单变量IQR+3σ; 残差,8.83,30,正常
1471,2024-04-18 04:30:00,2024-04-18 04:30:00,1.0,停机,IsolationForest; Mahalanobis; 单变量IQR+3σ; 残差,4.715,30,残差异常：采煤机_油泵_右电机_电流 偏高（残差 Z-score=4.7，实际=54.0 vs 预测=16.6）
1472,2024-04-18 04:44:00,2024-04-18 04:44:00,1.0,停机,IsolationForest; Mahalanobis; 单变量IQR+3σ; 残差,12.091,30,正常
1473,2024-04-18 04:54:00,2024-04-18 04:54:00,1.0,停机,IsolationForest; Mahalanobis; 单变量IQR+3σ; 残差,9.05,30,正常
1474,2024-04-18 05:09:00,2024-04-18 05:10:00,2.0,停机,IsolationForest; Mahalanobis; 单变量IQR+3σ; 残差,7.03,60,正常
1475,2024-04-18 05:18:00,2024-04-18 05:18:00,1.0,停机,IsolationForest; Mahalanobis; 单变量IQR+3σ; 残差,3.179,30,残差异常：采煤机_牵引部位_右电机_电流 偏高（残差 Z-score=3.2，实际=137.0 vs 预测=0.0）
1476,2024-04-18 05:24:00,2024-04-18 05:24:00,1.0,停机,IsolationForest; Mahalanobis; 单变量IQR+3σ; 残差,6.016,30,正常
1477,2024-04-18 05:28:00,2024-04-18 05:28:00,1.0,停机,IsolationForest; Mahalanobis; 单变量IQR+3σ; 残差,3.334,30,正常
1478,2024-04-18 05:32:00,2024-04-18 05:32:00,1.0,停机,IsolationForest; Mahalanobis; 单变量IQR+3σ; 残差,5.95,30,残差异常：采煤机_油泵_右电机_电流 偏高（残差 Z-score=6.0，实际=64.0 vs 预测=16.8）
1479,2024-04-18 05:52:00,2024-04-18 05:52:00,1.0,停机,IsolationForest; Mahalanobis; 单变量IQR+3σ; 残差,5.673,30,残差异常：采煤机_油泵_右电机_电流 偏高（残差 Z-score=5.7，实际=62.0 vs 预测=17.0）
1480,2024-04-18 06:11:00,2024-04-18 06:11:00,1.0,停机,IsolationForest; Mahalanobis; 单变量IQR+3σ; 残差,4.484,30,正常
1481,2024-04-18 06:28:00,2024-04-18 06:28:00,1.0,停机,IsolationForest; Mahalanobis; 单变量IQR+3σ; 残差,15.124,30,正常
1482,2024-04-18 06:38:00,2024-04-18 06:38:00,1.0,停机,IsolationForest; Mahalanobis; 单变量IQR+3σ; 残差,5.043,30,残差异常：采煤机_油泵_左电机_电流 偏高（残差 Z-score=5.0，实际=60.0 vs 预测=18.0）
1483,2024-04-18 06:45:00,2024-04-18 06:46:00,2.0,停机,IsolationForest; Mahalanobis; 单变量IQR+3σ; 残差,6.389,60,正常
1484,2024-04-18 06:53:00,2024-04-18 06:53:00,1.0,停机,IsolationForest; Mahalanobis; 单变量IQR+3σ; 残差,6.399,30,正常
1485,2024-04-18 07:00:00,2024-04-18 07:00:00,1.0,停机,IsolationForest; Mahalanobis; 单变量IQR+3σ; 残差,6.42,30,正常
1486,2024-04-18 07:06:00,2024-04-18 07:06:00,1.0,停机,IsolationForest; Mahalanobis; 单变量IQR+3σ; 残差,5.884,30,残差异常：采煤机_油泵_左电机_电流 偏高（残差 Z-score=5.9，实际=66.0 vs 预测=17.0）
1487,2024-04-18 07:11:00,2024-04-18 07:11:00,1.0,停机,IsolationForest; Mahalanobis; 单变量IQR+3σ; 残差,8.729,30,正常
1488,2024-04-18 07:25:00,2024-04-18 07:25:00,1.0,停机,IsolationForest; Mahalanobis; 单变量IQR+3σ; 残差,7.908,30,正常
1489,2024-04-18 07:45:00,2024-04-18 07:45:00,1.0,停机,IsolationForest; Mahalanobis; 单变量IQR+3σ; 残差,8.875,30,正常
1490,2024-04-18 08:20:00,2024-04-18 08:20:00,1.0,停机,IsolationForest; Mahalanobis; 单变量IQR+3σ; 残差,4.275,30,残差异常：采煤机_油泵_左电机_电流 偏高（残差 Z-score=4.3，实际=39.0 vs 预测=3.4）
1491,2024-04-18 08:27:00,2024-04-18 08:27:00,1.0,停机,IsolationForest; Mahalanobis; 单变量IQR+3σ; 残差,5.421,30,正常
1492,2024-04-18 08:43:00,2024-04-18 08:43:00,1.0,空载运行,IsolationForest; Mahalanobis; 单变量IQR+3σ; 残差,2.99,30,正常
1493,2024-04-18 08:47:00,2024-04-18 08:47:00,1.0,停机,IsolationForest; Mahalanobis; 单变量IQR+3σ; 残差,4.659,30,残差异常：采煤机_油泵_左电机_电流 偏高（残差 Z-score=4.7，实际=59.0 vs 预测=20.2）
1494,2024-04-18 09:33:00,2024-04-18 09:38:00,6.0,停机,IsolationForest; Mahalanobis; 单变量IQR+3σ; 残差,4.015,180,正常
1495,2024-04-18 14:24:00,2024-04-18 14:26:00,3.0,停机,IsolationForest; Mahalanobis; 单变量IQR+3σ; 残差,1.941,90,正常
1496,2024-04-18 15:31:00,2024-04-18 15:31:00,1.0,空载运行,IsolationForest; Mahalanobis; 单变量IQR+3σ; 残差,1.357,30,正常
1497,2024-04-18 15:55:00,2024-04-18 15:56:00,2.0,空载运行,IsolationForest; Mahalanobis; 单变量IQR+3σ; 残差,5.666,60,正常
1498,2024-04-18 15:59:00,2024-04-18 15:59:00,1.0,停机,IsolationForest; Mahalanobis; 单变量IQR+3σ; 残差,3.188,30,残差异常：采煤机_牵引部位_左电机_电流 偏高（残差 Z-score=3.2，实际=137.0 vs 预测=0.0）
1499,2024-04-18 16:01:00,2024-04-18 16:01:00,1.0,停机,IsolationForest; Mahalanobis; 单变量IQR+3σ; 残差,5.521,30,残差异常：采煤机_油泵_右电机_电流 偏高（残差 Z-score=5.5，实际=55.0 vs 预测=11.2）
1500,2024-04-18 16:04:00,2024-04-18 16:06:00,3.0,停机,IsolationForest; Mahalanobis; 单变量IQR+3σ; 残差,8.46,90,正常
1501,2024-04-18 16:19:00,2024-04-18 16:19:00,1.0,停机,IsolationForest; Mahalanobis; 单变量IQR+3σ; 残差,5.163,30,残差异常：采煤机_油泵_左电机_电流 偏高（残差 Z-score=5.2，实际=64.0 vs 预测=21.0）
1502,2024-04-18 16:21:00,2024-04-18 16:21:00,1.0,停机,IsolationForest; Mahalanobis; 单变量IQR+3σ; 残差,4.254,30,正常
1503,2024-04-18 16:23:00,2024-04-18 16:23:00,1.0,停机,IsolationForest; Mahalanobis; 单变量IQR+3σ; 残差,2.718,30,正常
1504,2024-04-18 16:33:00,2024-04-18 16:34:00,2.0,停机,IsolationForest; Mahalanobis; 单变量IQR+3σ; 残差,7.493,60,残差异常：采煤机_油泵_左电机_电流 偏高（残差 Z-score=7.5，实际=66.0 vs 预测=3.6）
1505,2024-04-18 16:37:00,2024-04-18 16:37:00,1.0,停机,IsolationForest; Mahalanobis; 单变量IQR+3σ; 残差,6.434,30,正常
1506,2024-04-18 16:47:00,2024-04-18 16:47:00,1.0,停机,IsolationForest; Mahalanobis; 单变量IQR+3σ; 残差,3.977,30,正常
1507,2024-04-18 16:58:00,2024-04-18 16:58:00,1.0,停机,IsolationForest; Mahalanobis; 单变量IQR+3σ; 残差,12.618,30,正常
1508,2024-04-18 17:18:00,2024-04-18 17:18:00,1.0,停机,IsolationForest; Mahalanobis; 单变量IQR+3σ; 残差,3.09,30,残差异常：采煤机_牵引部位_左电机_电流 偏高（残差 Z-score=3.1，实际=208.0 vs 预测=75.2）
1509,2024-04-18 17:20:00,2024-04-18 17:21:00,2.0,停机,IsolationForest; Mahalanobis; 单变量IQR+3σ; 残差,6.777,60,正常
1510,2024-04-18 17:24:00,2024-04-18 17:24:00,1.0,停机,IsolationForest; Mahalanobis; 单变量IQR+3σ; 残差,8.64,30,正常
1511,2024-04-18 17:28:00,2024-04-18 17:33:00,6.0,停机,IsolationForest; Mahalanobis; 单变量IQR+3σ; 残差,52.035,180,Mahalanobis 距离=52.0（阈值=18.5）。主要贡献特征：PC4 (83.1%); PC3 (16.1%)。
1512,2024-04-18 17:37:00,2024-04-18 17:37:00,1.0,停机,IsolationForest; Mahalanobis; 单变量IQR+3σ; 残差,6.429,30,残差异常：采煤机_油泵_右电机_电流 偏高（残差 Z-score=6.4，实际=55.0 vs 预测=4.0）
1513,2024-04-18 17:39:00,2024-04-18 17:39:00,1.0,停机,IsolationForest; Mahalanobis; 单变量IQR+3σ; 残差,5.17,30,正常
1514,2024-04-18 17:43:00,2024-04-18 17:43:00,1.0,停机,IsolationForest; Mahalanobis; 单变量IQR+3σ; 残差,6.643,30,正常
1515,2024-04-18 17:46:00,2024-04-18 17:46:00,1.0,空载运行,IsolationForest; Mahalanobis; 单变量IQR+3σ; 残差,10.647,30,残差异常：采煤机_截割部位_右滚筒_电机_温度 偏高（残差 Z-score=10.6，实际=65.0 vs 预测=46.6）
1516,2024-04-18 17:49:00,2024-04-18 17:49:00,1.0,停机,IsolationForest; Mahalanobis; 单变量IQR+3σ; 残差,1.195,30,正常
1517,2024-04-18 17:55:00,2024-04-18 17:55:00,1.0,停机,IsolationForest; Mahalanobis; 单变量IQR+3σ; 残差,4.185,30,残差异常：采煤机_油泵_右电机_电流 偏高（残差 Z-score=4.2，实际=51.0 vs 预测=17.8）
1518,2024-04-18 18:01:00,2024-04-18 18:01:00,1.0,停机,IsolationForest; Mahalanobis; 单变量IQR+3σ; 残差,10.323,30,正常
1519,2024-04-18 18:08:00,2024-04-18 18:08:00,1.0,停机,IsolationForest; Mahalanobis; 单变量IQR+3σ; 残差,10.769,30,正常
1520,2024-04-18 18:22:00,2024-04-18 18:22:00,1.0,停机,IsolationForest; Mahalanobis; 单变量IQR+3σ; 残差,4.866,30,残差异常：采煤机_油泵_右电机_电流 偏高（残差 Z-score=4.9，实际=56.0 vs 预测=17.4）
1521,2024-04-18 18:44:00,2024-04-18 18:45:00,2.0,停机,IsolationForest; Mahalanobis; 单变量IQR+3σ; 残差,8.295,60,正常
1522,2024-04-18 19:00:00,2024-04-18 19:06:00,7.0,停机,IsolationForest; Mahalanobis; 单变量IQR+3σ; 残差,7.982,210,残差异常：采煤机_截割部位_左滚筒_电机_温度 偏高（残差 Z-score=8.0，实际=67.0 vs 预测=36.4）
1523,2024-04-18 19:08:00,2024-04-18 19:09:00,2.0,停机,IsolationForest; Mahalanobis; 单变量IQR+3σ; 残差,6.577,60,正常
1524,2024-04-18 19:13:00,2024-04-18 19:13:00,1.0,停机,IsolationForest; Mahalanobis; 单变量IQR+3σ; 残差,3.987,30,正常
1525,2024-04-18 19:24:00,2024-04-18 19:24:00,1.0,停机,IsolationForest; Mahalanobis; 单变量IQR+3σ; 残差,4.337,30,残差异常：采煤机_油泵_右电机_电流 偏高（残差 Z-score=4.3，实际=52.0 vs 预测=17.6）
1526,2024-04-18 19:44:00,2024-04-18 19:48:00,5.0,停机,IsolationForest; Mahalanobis; 单变量IQR+3σ; 残差,47.023,150,Mahalanobis 距离=47.0（阈值=18.5）。主要贡献特征：PC2 (84.9%); PC3 (13.9%); PC1 (1.1%)。
1527,2024-04-18 20:25:00,2024-04-18 20:25:00,1.0,停机,IsolationForest; Mahalanobis; 单变量IQR+3σ; 残差,9.387,30,正常
1528,2024-04-18 20:36:00,2024-04-18 20:36:00,1.0,停机,IsolationForest; Mahalanobis; 单变量IQR+3σ; 残差,4.635,30,残差异常：采煤机_油泵_左电机_电流 偏高（残差 Z-score=4.6，实际=56.0 vs 预测=17.4）
1529,2024-04-18 20:38:00,2024-04-18 20:38:00,1.0,停机,IsolationForest; Mahalanobis; 单变量IQR+3σ; 残差,2.038,30,正常
1530,2024-04-18 20:53:00,2024-04-18 20:53:00,1.0,停机,IsolationForest; Mahalanobis; 单变量IQR+3σ; 残差,7.933,30,正常
1531,2024-04-18 21:12:00,2024-04-18 21:12:00,1.0,停机,IsolationForest; Mahalanobis; 单变量IQR+3σ; 残差,3.631,30,残差异常：采煤机_油泵_右电机_电流 偏高（残差 Z-score=3.6，实际=46.0 vs 预测=17.2）
1532,2024-04-18 21:27:00,2024-04-18 21:27:00,1.0,停机,IsolationForest; Mahalanobis; 单变量IQR+3σ; 残差,8.774,30,正常
1533,2024-04-18 21:32:00,2024-04-18 21:36:00,5.0,停机,IsolationForest; Mahalanobis; 单变量IQR+3σ; 残差,48.277,150,Mahalanobis 距离=48.3（阈值=18.5）。主要贡献特征：PC2 (92.9%); PC3 (5.8%)。
1534,2024-04-18 21:47:00,2024-04-18 21:47:00,1.0,停机,IsolationForest; Mahalanobis; 单变量IQR+3σ; 残差,5.547,30,残差异常：采煤机_油泵_右电机_电流 偏高（残差 Z-score=5.5，实际=61.0 vs 预测=17.0）
1535,2024-04-18 22:10:00,2024-04-18 22:10:00,1.0,停机,IsolationForest; Mahalanobis; 单变量IQR+3σ; 残差,4.573,30,正常
1536,2024-04-18 22:30:00,2024-04-18 22:30:00,1.0,停机,IsolationForest; Mahalanobis; 单变量IQR+3σ; 残差,5.923,30,正常
1537,2024-04-18 22:43:00,2024-04-18 22:43:00,1.0,停机,IsolationForest; Mahalanobis; 单变量IQR+3σ; 残差,4.107,30,残差异常：采煤机_油泵_左电机_电流 偏高（残差 Z-score=4.1，实际=51.0 vs 预测=16.8）
1538,2024-04-18 22:46:00,2024-04-18 22:46:00,1.0,停机,IsolationForest; Mahalanobis; 单变量IQR+3σ; 残差,3.518,30,正常
1539,2024-04-18 23:09:00,2024-04-18 23:09:00,1.0,停机,IsolationForest; Mahalanobis; 单变量IQR+3σ; 残差,8.954,30,正常
1540,2024-04-18 23:43:00,2024-04-18 23:44:00,2.0,空载运行,IsolationForest; Mahalanobis; 单变量IQR+3σ; 残差,6.248,60,残差异常：采煤机_截割部位_右滚筒_电机_温度 偏高（残差 Z-score=6.2，实际=62.0 vs 预测=51.2）
1541,2024-04-19 00:24:00,2024-04-19 00:24:00,1.0,停机,IsolationForest; Mahalanobis; 单变量IQR+3σ; 残差,3.404,30,残差异常：采煤机_油泵_右电机_电流 偏高（残差 Z-score=3.4，实际=27.0 vs 预测=0.0）
1542,2024-04-19 00:27:00,2024-04-19 00:28:00,2.0,停机,IsolationForest; Mahalanobis; 单变量IQR+3σ; 残差,6.475,60,正常
1543,2024-04-19 00:31:00,2024-04-19 00:33:00,3.0,空载运行,IsolationForest; Mahalanobis; 单变量IQR+3σ; 残差,6.979,90,正常
1544,2024-04-19 00:35:00,2024-04-19 00:35:00,1.0,空载运行,IsolationForest; Mahalanobis; 单变量IQR+3σ; 残差,7.29,30,正常
1545,2024-04-19 00:51:00,2024-04-19 00:51:00,1.0,停机,IsolationForest; Mahalanobis; 单变量IQR+3σ; 残差,3.626,30,残差异常：采煤机_牵引部位_右电机_温度 偏高（残差 Z-score=3.6，实际=69.0 vs 预测=55.6）
1546,2024-04-19 01:38:00,2024-04-19 01:38:00,1.0,停机,IsolationForest; Mahalanobis; 单变量IQR+3σ; 残差,4.323,30,残差异常：采煤机_油泵_左电机_电流 偏高（残差 Z-score=4.3，实际=52.0 vs 预测=16.0）
1547,2024-04-19 02:20:00,2024-04-19 02:20:00,1.0,停机,IsolationForest; Mahalanobis; 单变量IQR+3σ; 残差,4.171,30,正常
1548,2024-04-19 02:53:00,2024-04-19 02:54:00,2.0,停机,IsolationForest; Mahalanobis; 单变量IQR+3σ; 残差,2.298,60,正常
1549,2024-04-19 03:02:00,2024-04-19 03:03:00,2.0,空载运行,IsolationForest; Mahalanobis; 单变量IQR+3σ; 残差,8.815,60,正常
1550,2024-04-19 03:10:00,2024-04-19 03:10:00,1.0,停机,IsolationForest; Mahalanobis; 单变量IQR+3σ; 残差,3.996,30,残差异常：采煤机_破碎机_电机_温度 偏高（残差 Z-score=4.0，实际=51.0 vs 预测=37.0）
1551,2024-04-19 03:30:00,2024-04-19 03:30:00,1.0,停机,IsolationForest; Mahalanobis; 单变量IQR+3σ; 残差,6.124,30,残差异常：采煤机_油泵_左电机_电流 偏高（残差 Z-score=6.1，实际=67.0 vs 预测=16.0）
1552,2024-04-19 03:54:00,2024-04-19 03:54:00,1.0,停机,IsolationForest; Mahalanobis; 单变量IQR+3σ; 残差,7.447,30,正常
1553,2024-04-19 04:15:00,2024-04-19 04:15:00,1.0,停机,IsolationForest; Mahalanobis; 单变量IQR+3σ; 残差,4.046,30,正常
1554,2024-04-19 04:28:00,2024-04-19 04:28:00,1.0,停机,IsolationForest; Mahalanobis; 单变量IQR+3σ; 残差,16.341,30,正常
1555,2024-04-19 04:30:00,2024-04-19 04:31:00,2.0,停机,IsolationForest; Mahalanobis; 单变量IQR+3σ; 残差,19.616,60,Mahalanobis 距离=19.6（阈值=18.5）。主要贡献特征：PC3 (43.2%); PC4 (39.8%); PC2 (16.8%)。
1556,2024-04-19 04:34:00,2024-04-19 04:34:00,1.0,停机,IsolationForest; Mahalanobis; 单变量IQR+3σ; 残差,7.388,30,正常
1557,2024-04-19 04:53:00,2024-04-19 04:53:00,1.0,停机,IsolationForest; Mahalanobis; 单变量IQR+3σ; 残差,14.516,30,正常
1558,2024-04-19 05:16:00,2024-04-19 05:16:00,1.0,空载运行,IsolationForest; Mahalanobis; 单变量IQR+3σ; 残差,6.641,30,正常
1559,2024-04-19 05:22:00,2024-04-19 05:23:00,2.0,停机,IsolationForest; Mahalanobis; 单变量IQR+3σ; 残差,4.567,60,残差异常：采煤机_破碎机_电机_温度 偏高（残差 Z-score=4.6，实际=53.0 vs 预测=37.0）
1560,2024-04-19 05:29:00,2024-04-19 05:29:00,1.0,停机,IsolationForest; Mahalanobis; 单变量IQR+3σ; 残差,4.538,30,残差异常：采煤机_油泵_右电机_电流 偏高（残差 Z-score=4.5，实际=53.0 vs 预测=17.0）
1561,2024-04-19 05:36:00,2024-04-19 05:36:00,1.0,停机,IsolationForest; Mahalanobis; 单变量IQR+3σ; 残差,7.955,30,正常
1562,2024-04-19 05:39:00,2024-04-19 05:41:00,3.0,停机,IsolationForest; Mahalanobis; 单变量IQR+3σ; 残差,4.916,90,残差异常：采煤机_油泵_右电机_电流 偏高（残差 Z-score=4.9，实际=61.0 vs 预测=22.0）
1563,2024-04-19 05:58:00,2024-04-19 06:00:00,3.0,停机,IsolationForest; Mahalanobis; 单变量IQR+3σ; 残差,3.696,90,正常
1564,2024-04-19 06:04:00,2024-04-19 06:04:00,1.0,空载运行,IsolationForest; Mahalanobis; 单变量IQR+3σ; 残差,2.214,30,正常
1565,2024-04-19 06:15:00,2024-04-19 06:15:00,1.0,停机,IsolationForest; Mahalanobis; 单变量IQR+3σ; 残差,3.067,30,正常
1566,2024-04-19 06:22:00,2024-04-19 06:23:00,2.0,空载运行,IsolationForest; Mahalanobis; 单变量IQR+3σ; 残差,5.153,60,正常
1567,2024-04-19 06:32:00,2024-04-19 06:32:00,1.0,停机,IsolationForest; Mahalanobis; 单变量IQR+3σ; 残差,7.982,30,正常
1568,2024-04-19 06:34:00,2024-04-19 06:34:00,1.0,停机,IsolationForest; Mahalanobis; 单变量IQR+3σ; 残差,5.045,30,正常
1569,2024-04-19 06:37:00,2024-04-19 06:37:00,1.0,停机,IsolationForest; Mahalanobis; 单变量IQR+3σ; 残差,4.168,30,残差异常：采煤机_牵引部位_右电机_电流 偏高（残差 Z-score=4.2，实际=230.0 vs 预测=50.4）
1570,2024-04-19 06:46:00,2024-04-19 06:46:00,1.0,停机,IsolationForest; Mahalanobis; 单变量IQR+3σ; 残差,3.804,30,正常
1571,2024-04-19 07:22:00,2024-04-19 07:24:00,3.0,空载运行,IsolationForest; Mahalanobis; 单变量IQR+3σ; 残差,9.152,90,正常
1572,2024-04-19 07:35:00,2024-04-19 07:36:00,2.0,停机,IsolationForest; Mahalanobis; 单变量IQR+3σ; 残差,6.969,60,正常
1573,2024-04-19 07:45:00,2024-04-19 07:45:00,1.0,空载运行,IsolationForest; Mahalanobis; 单变量IQR+3σ; 残差,3.471,30,正常
1574,2024-04-19 07:49:00,2024-04-19 07:49:00,1.0,空载运行,IsolationForest; Mahalanobis; 单变量IQR+3σ; 残差,3.32,30,残差异常：采煤机_牵引部位_右电机_电流 偏高（残差 Z-score=3.3，实际=190.0 vs 预测=55.6）
1575,2024-04-19 07:54:00,2024-04-19 07:55:00,2.0,停机,IsolationForest; Mahalanobis; 单变量IQR+3σ; 残差,5.152,60,正常
1576,2024-04-19 07:59:00,2024-04-19 07:59:00,1.0,停机,IsolationForest; Mahalanobis; 单变量IQR+3σ; 残差,3.122,30,残差异常：采煤机_油泵_左电机_电流 偏高（残差 Z-score=3.1，实际=43.0 vs 预测=17.0）
1577,2024-04-19 08:03:00,2024-04-19 08:03:00,1.0,停机,IsolationForest; Mahalanobis; 单变量IQR+3σ; 残差,4.346,30,正常
1578,2024-04-19 08:09:00,2024-04-19 08:09:00,1.0,停机,IsolationForest; Mahalanobis; 单变量IQR+3σ; 残差,4.827,30,残差异常：采煤机_油泵_左电机_电流 偏高（残差 Z-score=4.8，实际=57.0 vs 预测=16.8）
1579,2024-04-19 08:13:00,2024-04-19 08:13:00,1.0,空载运行,IsolationForest; Mahalanobis; 单变量IQR+3σ; 残差,2.394,30,正常
1580,2024-04-19 08:24:00,2024-04-19 08:25:00,2.0,停机,IsolationForest; Mahalanobis; 单变量IQR+3σ; 残差,4.096,60,正常
1581,2024-04-19 08:41:00,2024-04-19 08:41:00,1.0,停机,IsolationForest; Mahalanobis; 单变量IQR+3σ; 残差,5.836,30,残差异常：采煤机_油泵_左电机_电流 偏高（残差 Z-score=5.8，实际=59.0 vs 预测=10.4）
1582,2024-04-19 08:51:00,2024-04-19 08:51:00,1.0,空载运行,IsolationForest; Mahalanobis; 单变量IQR+3σ; 残差,5.264,30,正常
1583,2024-04-19 08:53:00,2024-04-19 08:54:00,2.0,空载运行,IsolationForest; Mahalanobis; 单变量IQR+3σ; 残差,1.722,60,正常
1584,2024-04-19 09:41:00,2024-04-19 09:42:00,2.0,停机,IsolationForest; Mahalanobis; 单变量IQR+3σ; 残差,3.873,60,正常
1585,2024-04-19 09:48:00,2024-04-19 09:49:00,2.0,停机,IsolationForest; Mahalanobis; 单变量IQR+3σ; 残差,8.035,60,正常
1586,2024-04-19 09:51:00,2024-04-19 09:52:00,2.0,空载运行,IsolationForest; Mahalanobis; 单变量IQR+3σ; 残差,6.95,60,残差异常：采煤机_油泵_左电机_温度 偏高（残差 Z-score=7.0，实际=59.0 vs 预测=51.2）
1587,2024-04-19 10:10:00,2024-04-19 10:10:00,1.0,停机,IsolationForest; Mahalanobis; 单变量IQR+3σ; 残差,3.025,30,残差异常：采煤机_油泵_右电机_电流 偏高（残差 Z-score=3.0，实际=28.0 vs 预测=4.0）
1588,2024-04-19 11:53:00,2024-04-19 11:53:00,1.0,空载运行,IsolationForest; Mahalanobis; 单变量IQR+3σ; 残差,4.802,30,残差异常：采煤机_油泵_右电机_温度 偏高（残差 Z-score=4.8，实际=57.0 vs 预测=51.4）
1589,2024-04-19 12:16:00,2024-04-19 12:37:00,22.0,停机,IsolationForest; Mahalanobis; 单变量IQR+3σ; 残差,5.668,660,正常
1590,2024-04-19 12:47:00,2024-04-19 12:51:00,5.0,停机,IsolationForest; Mahalanobis; 单变量IQR+3σ; 残差,18.607,150,残差异常：采煤机_油泵_左电机_温度 偏高（残差 Z-score=18.6，实际=56.0 vs 预测=0.0）
1591,2024-04-19 13:18:00,2024-04-19 13:21:00,4.0,停机,IsolationForest; Mahalanobis; 单变量IQR+3σ; 残差,2.666,120,正常
1592,2024-04-19 13:25:00,2024-04-19 13:25:00,1.0,停机,IsolationForest; Mahalanobis; 单变量IQR+3σ; 残差,4.034,30,残差异常：采煤机_油泵_右电机_电流 偏高（残差 Z-score=4.0，实际=32.0 vs 预测=0.0）
1593,2024-04-19 13:27:00,2024-04-19 16:00:00,154.0,空载运行,IsolationForest; Mahalanobis; 单变量IQR+3σ; 残差,17.155,4620,残差异常：采煤机_油泵_右电机_温度 偏高（残差 Z-score=17.2，实际=75.0 vs 预测=55.0）
1594,2024-04-19 16:03:00,2024-04-19 16:21:00,19.0,停机,IsolationForest; Mahalanobis; 单变量IQR+3σ; 残差,55.067,570,Mahalanobis 距离=55.1（阈值=18.5）。主要贡献特征：PC4 (81.1%); PC3 (13.3%); PC2 (5.5%)。
1595,2024-04-19 17:09:00,2024-04-19 17:12:00,4.0,空载运行,IsolationForest; Mahalanobis; 单变量IQR+3σ; 残差,5.158,120,残差异常：采煤机_油泵_左电机_电流 偏高（残差 Z-score=5.2，实际=47.0 vs 预测=10.8）
1596,2024-04-19 17:14:00,2024-04-19 17:14:00,1.0,空载运行,IsolationForest; Mahalanobis; 单变量IQR+3σ; 残差,4.96,30,正常
1597,2024-04-19 17:30:00,2024-04-19 17:30:00,1.0,空载运行,IsolationForest; Mahalanobis; 单变量IQR+3σ; 残差,7.118,30,正常
1598,2024-04-19 17:43:00,2024-04-19 17:43:00,1.0,空载运行,IsolationForest; Mahalanobis; 单变量IQR+3σ; 残差,7.305,30,残差异常：采煤机_油泵_右电机_电流 偏高（残差 Z-score=7.3，实际=64.0 vs 预测=17.4）
1599,2024-04-19 17:46:00,2024-04-19 17:48:00,3.0,停机,IsolationForest; Mahalanobis; 单变量IQR+3σ; 残差,4.888,90,残差异常：采煤机_截割部位_右滚筒_电机_温度 偏高（残差 Z-score=4.9，实际=65.0 vs 预测=47.4）
1600,2024-04-19 17:52:00,2024-04-19 17:52:00,1.0,停机,IsolationForest; Mahalanobis; 单变量IQR+3σ; 残差,3.747,30,残差异常：采煤机_油泵_左电机_电流 偏高（残差 Z-score=3.7，实际=49.0 vs 预测=17.8）
1601,2024-04-19 17:59:00,2024-04-19 17:59:00,1.0,停机,IsolationForest; Mahalanobis; 单变量IQR+3σ; 残差,5.308,30,残差异常：采煤机_油泵_左电机_电流 偏高（残差 Z-score=5.3，实际=63.0 vs 预测=18.8）
1602,2024-04-19 18:20:00,2024-04-19 18:20:00,1.0,停机,IsolationForest; Mahalanobis; 单变量IQR+3σ; 残差,7.846,30,正常
1603,2024-04-19 18:22:00,2024-04-19 18:22:00,1.0,停机,IsolationForest; Mahalanobis; 单变量IQR+3σ; 残差,4.891,30,残差异常：采煤机_油泵_右电机_电流 偏高（残差 Z-score=4.9，实际=56.0 vs 预测=17.2）
1604,2024-04-19 18:33:00,2024-04-19 18:35:00,3.0,空载运行,IsolationForest; Mahalanobis; 单变量IQR+3σ; 残差,5.917,90,残差异常：采煤机_截割部位_左滚筒_电机_温度 偏高（残差 Z-score=5.9，实际=72.0 vs 预测=59.2）
1605,2024-04-19 18:52:00,2024-04-19 18:52:00,1.0,空载运行,IsolationForest; Mahalanobis; 单变量IQR+3σ; 残差,1.878,30,正常
1606,2024-04-19 19:16:00,2024-04-19 19:18:00,3.0,空载运行,IsolationForest; Mahalanobis; 单变量IQR+3σ; 残差,3.749,90,正常
1607,2024-04-19 19:20:00,2024-04-19 19:22:00,3.0,空载运行,IsolationForest; Mahalanobis; 单变量IQR+3σ; 残差,3.944,90,残差异常：采煤机_油泵_右电机_温度 偏高（残差 Z-score=3.9，实际=54.0 vs 预测=49.4）
1608,2024-04-19 20:32:00,2024-04-19 20:34:00,3.0,空载运行,IsolationForest; Mahalanobis; 单变量IQR+3σ; 残差,3.377,90,正常
1609,2024-04-19 20:37:00,2024-04-19 20:37:00,1.0,空载运行,IsolationForest; Mahalanobis; 单变量IQR+3σ; 残差,3.258,30,残差异常：采煤机_油泵_右电机_温度 偏高（残差 Z-score=3.3，实际=48.0 vs 预测=44.2）
1610,2024-04-19 20:56:00,2024-04-19 21:00:00,5.0,停机,IsolationForest; Mahalanobis; 单变量IQR+3σ; 残差,4.282,150,残差异常：采煤机_破碎机_电机_温度 偏高（残差 Z-score=4.3，实际=53.0 vs 预测=38.0）
1611,2024-04-19 21:02:00,2024-04-19 21:02:00,1.0,空载运行,IsolationForest; Mahalanobis; 单变量IQR+3σ; 残差,6.525,30,正常
1612,2024-04-19 21:15:00,2024-04-19 21:15:00,1.0,空载运行,IsolationForest; Mahalanobis; 单变量IQR+3σ; 残差,6.998,30,正常
1613,2024-04-19 21:24:00,2024-04-19 21:25:00,2.0,停机,IsolationForest; Mahalanobis; 单变量IQR+3σ; 残差,4.656,60,正常
1614,2024-04-19 21:27:00,2024-04-19 21:28:00,2.0,停机,IsolationForest; Mahalanobis; 单变量IQR+3σ; 残差,4.995,60,残差异常：采煤机_油泵_左电机_电流 偏高（残差 Z-score=5.0，实际=55.0 vs 预测=13.4）
1615,2024-04-19 21:51:00,2024-04-19 21:53:00,3.0,停机,IsolationForest; Mahalanobis; 单变量IQR+3σ; 残差,17.221,90,正常
1616,2024-04-19 22:01:00,2024-04-19 22:01:00,1.0,停机,IsolationForest; Mahalanobis; 单变量IQR+3σ; 残差,4.691,30,正常
1617,2024-04-19 22:10:00,2024-04-19 22:10:00,1.0,停机,IsolationForest; Mahalanobis; 单变量IQR+3σ; 残差,5.152,30,残差异常：采煤机_牵引部位_右电机_电流 偏高（残差 Z-score=5.2，实际=222.0 vs 预测=0.0）
1618,2024-04-19 22:27:00,2024-04-19 22:27:00,1.0,停机,IsolationForest; Mahalanobis; 单变量IQR+3σ; 残差,4.689,30,残差异常：采煤机_油泵_右电机_电流 偏高（残差 Z-score=4.7，实际=54.0 vs 预测=16.8）
1619,2024-04-19 22:34:00,2024-04-19 22:36:00,3.0,空载运行,IsolationForest; Mahalanobis; 单变量IQR+3σ; 残差,3.975,90,残差异常：采煤机_截割部位_左滚筒_电机_温度 偏高（残差 Z-score=4.0，实际=74.0 vs 预测=65.4）
1620,2024-04-19 22:41:00,2024-04-19 22:41:00,1.0,停机,IsolationForest; Mahalanobis; 单变量IQR+3σ; 残差,4.538,30,残差异常：采煤机_油泵_右电机_电流 偏高（残差 Z-score=4.5，实际=54.0 vs 预测=18.0）
1621,2024-04-19 22:45:00,2024-04-19 22:45:00,1.0,停机,IsolationForest; Mahalanobis; 单变量IQR+3σ; 残差,1.762,30,正常
1622,2024-04-19 22:50:00,2024-04-19 22:50:00,1.0,空载运行,IsolationForest; Mahalanobis; 单变量IQR+3σ; 残差,0.882,30,正常
1623,2024-04-19 23:05:00,2024-04-19 23:05:00,1.0,空载运行,IsolationForest; Mahalanobis; 单变量IQR+3σ; 残差,4.491,30,正常
1624,2024-04-19 23:24:00,2024-04-19 23:24:00,1.0,空载运行,IsolationForest; Mahalanobis; 单变量IQR+3σ; 残差,4.16,30,残差异常：采煤机_油泵_左电机_电流 偏高（残差 Z-score=4.2，实际=46.0 vs 预测=16.8）
1625,2024-04-19 23:35:00,2024-04-19 23:35:00,1.0,空载运行,IsolationForest; Mahalanobis; 单变量IQR+3σ; 残差,1.37,30,正常
1626,2024-04-19 23:41:00,2024-04-19 23:42:00,2.0,停机,IsolationForest; Mahalanobis; 单变量IQR+3σ; 残差,5.253,60,残差异常：采煤机_破碎机_电机_温度 偏高（残差 Z-score=5.3，实际=60.0 vs 预测=41.6）
1627,2024-04-19 23:44:00,2024-04-19 23:48:00,5.0,停机,IsolationForest; Mahalanobis; 单变量IQR+3σ; 残差,50.264,150,Mahalanobis 距离=50.3（阈值=18.5）。主要贡献特征：PC4 (87.7%); PC3 (10.4%); PC2 (1.7%)。
1628,2024-04-19 23:51:00,2024-04-19 23:51:00,1.0,空载运行,IsolationForest; Mahalanobis; 单变量IQR+3σ; 残差,4.639,30,正常
1629,2024-04-19 23:53:00,2024-04-19 23:53:00,1.0,空载运行,IsolationForest; Mahalanobis; 单变量IQR+3σ; 残差,5.451,30,正常
1630,2024-04-19 23:55:00,2024-04-20 00:01:00,7.0,停机,IsolationForest; Mahalanobis; 单变量IQR+3σ; 残差,46.08,210,Mahalanobis 距离=46.1（阈值=18.5）。主要贡献特征：PC4 (91.2%); PC3 (8.5%)。
1631,2024-04-20 00:21:00,2024-04-20 00:21:00,1.0,停机,IsolationForest; Mahalanobis; 单变量IQR+3σ; 残差,14.007,30,正常
1632,2024-04-20 00:56:00,2024-04-20 00:56:00,1.0,停机,IsolationForest; Mahalanobis; 单变量IQR+3σ; 残差,3.503,30,正常
1633,2024-04-20 01:01:00,2024-04-20 01:02:00,2.0,空载运行,IsolationForest; Mahalanobis; 单变量IQR+3σ; 残差,6.401,60,正常
1634,2024-04-20 01:08:00,2024-04-20 01:08:00,1.0,停机,IsolationForest; Mahalanobis; 单变量IQR+3σ; 残差,2.828,30,正常
1635,2024-04-20 01:13:00,2024-04-20 01:14:00,2.0,空载运行,IsolationForest; Mahalanobis; 单变量IQR+3σ; 残差,8.899,60,正常
1636,2024-04-20 01:23:00,2024-04-20 01:27:00,5.0,停机,IsolationForest; Mahalanobis; 单变量IQR+3σ; 残差,13.952,150,正常
1637,2024-04-20 01:32:00,2024-04-20 01:32:00,1.0,空载运行,IsolationForest; Mahalanobis; 单变量IQR+3σ; 残差,3.958,30,正常
1638,2024-04-20 02:05:00,2024-04-20 02:06:00,2.0,空载运行,IsolationForest; Mahalanobis; 单变量IQR+3σ; 残差,4.444,60,正常
1639,2024-04-20 02:21:00,2024-04-20 02:21:00,1.0,空载运行,IsolationForest; Mahalanobis; 单变量IQR+3σ; 残差,7.884,30,正常
1640,2024-04-20 02:27:00,2024-04-20 02:27:00,1.0,停机,IsolationForest; Mahalanobis; 单变量IQR+3σ; 残差,9.973,30,正常
1641,2024-04-20 02:32:00,2024-04-20 02:32:00,1.0,停机,IsolationForest; Mahalanobis; 单变量IQR+3σ; 残差,4.236,30,残差异常：采煤机_油泵_右电机_电流 偏高（残差 Z-score=4.2，实际=51.0 vs 预测=17.4）
1642,2024-04-20 02:49:00,2024-04-20 02:49:00,1.0,停机,IsolationForest; Mahalanobis; 单变量IQR+3σ; 残差,6.941,30,正常
1643,2024-04-20 03:02:00,2024-04-20 03:02:00,1.0,停机,IsolationForest; Mahalanobis; 单变量IQR+3σ; 残差,13.075,30,正常
1644,2024-04-20 03:13:00,2024-04-20 03:13:00,1.0,停机,IsolationForest; Mahalanobis; 单变量IQR+3σ; 残差,8.654,30,正常
1645,2024-04-20 03:25:00,2024-04-20 03:25:00,1.0,停机,IsolationForest; Mahalanobis; 单变量IQR+3σ; 残差,3.842,30,残差异常：采煤机_油泵_左电机_电流 偏高（残差 Z-score=3.8，实际=49.0 vs 预测=17.0）
1646,2024-04-20 03:45:00,2024-04-20 03:45:00,1.0,停机,IsolationForest; Mahalanobis; 单变量IQR+3σ; 残差,7.832,30,正常
1647,2024-04-20 03:57:00,2024-04-20 03:57:00,1.0,停机,IsolationForest; Mahalanobis; 单变量IQR+3σ; 残差,3.124,30,残差异常：采煤机_牵引部位_右电机_电流 偏高（残差 Z-score=3.1，实际=146.0 vs 预测=11.4）
1648,2024-04-20 03:59:00,2024-04-20 04:01:00,3.0,空载运行,IsolationForest; Mahalanobis; 单变量IQR+3σ; 残差,6.174,90,正常
1649,2024-04-20 04:13:00,2024-04-20 04:15:00,3.0,停机,IsolationForest; Mahalanobis; 单变量IQR+3σ; 残差,10.957,90,正常
1650,2024-04-20 04:20:00,2024-04-20 04:20:00,1.0,带载运行,IsolationForest; Mahalanobis; 单变量IQR+3σ; 残差,3.389,30,残差异常：采煤机_截割部位_左滚筒_电机_温度 偏高（残差 Z-score=3.4，实际=90.0 vs 预测=63.6）
1651,2024-04-20 04:26:00,2024-04-20 04:27:00,2.0,停机,IsolationForest; Mahalanobis; 单变量IQR+3σ; 残差,4.567,60,残差异常：采煤机_破碎机_电机_温度 偏高（残差 Z-score=4.6，实际=62.0 vs 预测=46.0）
1652,2024-04-20 04:42:00,2024-04-20 04:42:00,1.0,停机,IsolationForest; Mahalanobis; 单变量IQR+3σ; 残差,3.341,30,残差异常：采煤机_牵引部位_左电机_电流 偏高（残差 Z-score=3.3，实际=164.0 vs 预测=20.4）
1653,2024-04-20 04:54:00,2024-04-20 04:54:00,1.0,空载运行,IsolationForest; Mahalanobis; 单变量IQR+3σ; 残差,1.641,30,正常
1654,2024-04-20 04:59:00,2024-04-20 04:59:00,1.0,空载运行,IsolationForest; Mahalanobis; 单变量IQR+3σ; 残差,1.507,30,正常
1655,2024-04-20 05:08:00,2024-04-20 05:08:00,1.0,空载运行,IsolationForest; Mahalanobis; 单变量IQR+3σ; 残差,1.31,30,正常
1656,2024-04-20 05:28:00,2024-04-20 05:28:00,1.0,空载运行,IsolationForest; Mahalanobis; 单变量IQR+3σ; 残差,1.391,30,正常
1657,2024-04-20 05:37:00,2024-04-20 05:37:00,1.0,停机,IsolationForest; Mahalanobis; 单变量IQR+3σ; 残差,4.67,30,正常
1658,2024-04-20 05:42:00,2024-04-20 05:42:00,1.0,停机,IsolationForest; Mahalanobis; 单变量IQR+3σ; 残差,5.648,30,残差异常：采煤机_油泵_右电机_电流 偏高（残差 Z-score=5.6，实际=62.0 vs 预测=17.2）
1659,2024-04-20 06:27:00,2024-04-20 06:27:00,1.0,停机,IsolationForest; Mahalanobis; 单变量IQR+3σ; 残差,8.117,30,正常
1660,2024-04-20 06:30:00,2024-04-20 06:30:00,1.0,停机,IsolationForest; Mahalanobis; 单变量IQR+3σ; 残差,4.392,30,正常
1661,2024-04-20 06:33:00,2024-04-20 06:33:00,1.0,停机,IsolationForest; Mahalanobis; 单变量IQR+3σ; 残差,8.127,30,正常
1662,2024-04-20 06:41:00,2024-04-20 06:43:00,3.0,空载运行,IsolationForest; Mahalanobis; 单变量IQR+3σ; 残差,5.27,90,残差异常：采煤机_截割部位_左滚筒_电机_温度 偏高（残差 Z-score=5.3，实际=84.0 vs 预测=72.6）
1663,2024-04-20 07:03:00,2024-04-20 07:03:00,1.0,空载运行,IsolationForest; Mahalanobis; 单变量IQR+3σ; 残差,6.862,30,正常
1664,2024-04-20 07:07:00,2024-04-20 07:07:00,1.0,空载运行,IsolationForest; Mahalanobis; 单变量IQR+3σ; 残差,6.427,30,残差异常：采煤机_油泵_右电机_电流 偏高（残差 Z-score=6.4，实际=58.0 vs 预测=17.0）
1665,2024-04-20 07:09:00,2024-04-20 07:10:00,2.0,停机,IsolationForest; Mahalanobis; 单变量IQR+3σ; 残差,5.995,60,残差异常：采煤机_破碎机_电机_温度 偏高（残差 Z-score=6.0，实际=58.0 vs 预测=37.0）
1666,2024-04-20 07:37:00,2024-04-20 07:37:00,1.0,停机,IsolationForest; Mahalanobis; 单变量IQR+3σ; 残差,4.251,30,残差异常：采煤机_油泵_左电机_电流 偏高（残差 Z-score=4.3，实际=49.0 vs 预测=13.6）
1667,2024-04-20 07:55:00,2024-04-20 07:56:00,2.0,空载运行,IsolationForest; Mahalanobis; 单变量IQR+3σ; 残差,3.673,60,正常
1668,2024-04-20 08:12:00,2024-04-20 08:12:00,1.0,空载运行,IsolationForest; Mahalanobis; 单变量IQR+3σ; 残差,8.363,30,正常
1669,2024-04-20 08:19:00,2024-04-20 08:19:00,1.0,停机,IsolationForest; Mahalanobis; 单变量IQR+3σ; 残差,13.216,30,正常
1670,2024-04-20 09:24:00,2024-04-20 09:27:00,4.0,空载运行,IsolationForest; Mahalanobis; 单变量IQR+3σ; 残差,0.917,120,正常
1671,2024-04-20 10:05:00,2024-04-20 10:05:00,1.0,停机,IsolationForest; Mahalanobis; 单变量IQR+3σ; 残差,0.883,30,正常
1672,2024-04-20 13:54:00,2024-04-20 13:54:00,1.0,空载运行,IsolationForest; Mahalanobis; 单变量IQR+3σ; 残差,3.957,30,正常
1673,2024-04-20 16:14:00,2024-04-20 16:41:00,28.0,停机,IsolationForest; Mahalanobis; 单变量IQR+3σ; 残差,1.514,840,正常
1674,2024-04-20 16:43:00,2024-04-20 18:22:00,100.0,空载运行,IsolationForest; Mahalanobis; 单变量IQR+3σ; 残差,2.571,3000,正常
1675,2024-04-20 18:34:00,2024-04-20 18:34:00,1.0,停机,IsolationForest; Mahalanobis; 单变量IQR+3σ; 残差,8.754,30,正常
1676,2024-04-20 18:46:00,2024-04-20 18:46:00,1.0,停机,IsolationForest; Mahalanobis; 单变量IQR+3σ; 残差,7.005,30,正常
1677,2024-04-20 19:06:00,2024-04-20 19:06:00,1.0,停机,IsolationForest; Mahalanobis; 单变量IQR+3σ; 残差,8.837,30,正常
1678,2024-04-20 19:10:00,2024-04-20 19:10:00,1.0,停机,IsolationForest; Mahalanobis; 单变量IQR+3σ; 残差,8.02,30,正常
1679,2024-04-20 20:06:00,2024-04-20 20:06:00,1.0,停机,IsolationForest; Mahalanobis; 单变量IQR+3σ; 残差,10.735,30,正常
1680,2024-04-20 20:11:00,2024-04-20 20:14:00,4.0,空载运行,IsolationForest; Mahalanobis; 单变量IQR+3σ; 残差,12.853,120,残差异常：采煤机_截割部位_左滚筒_电机_温度 偏高（残差 Z-score=12.9，实际=68.0 vs 预测=40.2）
1681,2024-04-20 20:20:00,2024-04-20 20:21:00,2.0,停机,IsolationForest; Mahalanobis; 单变量IQR+3σ; 残差,3.313,60,正常
1682,2024-04-20 20:35:00,2024-04-20 20:35:00,1.0,停机,IsolationForest; Mahalanobis; 单变量IQR+3σ; 残差,5.188,30,残差异常：采煤机_油泵_左电机_电流 偏高（残差 Z-score=5.2，实际=57.0 vs 预测=13.8）
1683,2024-04-20 20:37:00,2024-04-20 20:40:00,4.0,停机,IsolationForest; Mahalanobis; 单变量IQR+3σ; 残差,4.16,120,残差异常：采煤机_油泵_右电机_电流 偏高（残差 Z-score=4.2，实际=51.0 vs 预测=18.0）
1684,2024-04-20 20:51:00,2024-04-20 20:51:00,1.0,停机,IsolationForest; Mahalanobis; 单变量IQR+3σ; 残差,4.779,30,残差异常：采煤机_油泵_左电机_电流 偏高（残差 Z-score=4.8，实际=57.0 vs 预测=17.2）
1685,2024-04-20 20:55:00,2024-04-20 20:55:00,1.0,停机,IsolationForest; Mahalanobis; 单变量IQR+3σ; 残差,4.775,30,正常
1686,2024-04-20 20:59:00,2024-04-20 21:03:00,5.0,停机,IsolationForest; Mahalanobis; 单变量IQR+3σ; 残差,61.272,150,Mahalanobis 距离=61.3（阈值=18.5）。主要贡献特征：PC2 (69.7%); PC3 (29.2%)。
1687,2024-04-20 21:12:00,2024-04-20 21:12:00,1.0,空载运行,IsolationForest; Mahalanobis; 单变量IQR+3σ; 残差,1.827,30,正常
1688,2024-04-20 21:14:00,2024-04-20 21:14:00,1.0,空载运行,IsolationForest; Mahalanobis; 单变量IQR+3σ; 残差,3.135,30,残差异常：采煤机_油泵_左电机_电流 偏高（残差 Z-score=3.1，实际=39.0 vs 预测=17.0）
1689,2024-04-20 21:17:00,2024-04-20 21:20:00,4.0,停机,IsolationForest; Mahalanobis; 单变量IQR+3σ; 残差,4.282,120,残差异常：采煤机_破碎机_电机_温度 偏高（残差 Z-score=4.3，实际=49.0 vs 预测=34.0）
1690,2024-04-20 21:37:00,2024-04-20 21:38:00,2.0,空载运行,IsolationForest; Mahalanobis; 单变量IQR+3σ; 残差,4.952,60,正常
1691,2024-04-20 21:44:00,2024-04-20 21:44:00,1.0,停机,IsolationForest; Mahalanobis; 单变量IQR+3σ; 残差,5.346,30,正常
1692,2024-04-20 21:51:00,2024-04-20 21:53:00,3.0,停机,IsolationForest; Mahalanobis; 单变量IQR+3σ; 残差,11.692,90,正常
1693,2024-04-20 21:58:00,2024-04-20 21:58:00,1.0,停机,IsolationForest; Mahalanobis; 单变量IQR+3σ; 残差,8.22,30,正常
1694,2024-04-20 22:18:00,2024-04-20 22:22:00,5.0,停机,IsolationForest; Mahalanobis; 单变量IQR+3σ; 残差,38.758,150,Mahalanobis 距离=38.8（阈值=18.5）。主要贡献特征：PC2 (63.7%); PC3 (33.0%); PC4 (2.4%)。
1695,2024-04-20 22:24:00,2024-04-20 22:24:00,1.0,停机,IsolationForest; Mahalanobis; 单变量IQR+3σ; 残差,4.202,30,正常
1696,2024-04-20 22:48:00,2024-04-20 22:48:00,1.0,停机,IsolationForest; Mahalanobis; 单变量IQR+3σ; 残差,6.678,30,正常
1697,2024-04-20 22:51:00,2024-04-20 22:54:00,4.0,空载运行,IsolationForest; Mahalanobis; 单变量IQR+3σ; 残差,9.14,120,正常
1698,2024-04-20 22:57:00,2024-04-20 22:57:00,1.0,空载运行,IsolationForest; Mahalanobis; 单变量IQR+3σ; 残差,6.427,30,残差异常：采煤机_油泵_右电机_电流 偏高（残差 Z-score=6.4，实际=58.0 vs 预测=17.0）
1699,2024-04-20 23:02:00,2024-04-20 23:02:00,1.0,空载运行,IsolationForest; Mahalanobis; 单变量IQR+3σ; 残差,5.683,30,正常
1700,2024-04-20 23:06:00,2024-04-20 23:06:00,1.0,停机,IsolationForest; Mahalanobis; 单变量IQR+3σ; 残差,6.707,30,正常
1701,2024-04-20 23:26:00,2024-04-20 23:28:00,3.0,停机,IsolationForest; Mahalanobis; 单变量IQR+3σ; 残差,6.376,90,正常
1702,2024-04-20 23:35:00,2024-04-20 23:35:00,1.0,空载运行,IsolationForest; Mahalanobis; 单变量IQR+3σ; 残差,5.63,30,正常
1703,2024-04-20 23:54:00,2024-04-20 23:56:00,3.0,空载运行,IsolationForest; Mahalanobis; 单变量IQR+3σ; 残差,8.088,90,残差异常：采煤机_油泵_右电机_电流 偏高（残差 Z-score=8.1，实际=63.0 vs 预测=11.4）
1704,2024-04-21 00:11:00,2024-04-21 00:13:00,3.0,空载运行,IsolationForest; Mahalanobis; 单变量IQR+3σ; 残差,3.949,90,残差异常：采煤机_破碎机_电机_电流 偏高（残差 Z-score=3.9，实际=29.0 vs 预测=5.0）
1705,2024-04-21 00:19:00,2024-04-21 00:19:00,1.0,空载运行,IsolationForest; Mahalanobis; 单变量IQR+3σ; 残差,5.015,30,残差异常：采煤机_油泵_左电机_电流 偏高（残差 Z-score=5.0，实际=52.0 vs 预测=16.8）
1706,2024-04-21 00:27:00,2024-04-21 00:27:00,1.0,空载运行,IsolationForest; Mahalanobis; 单变量IQR+3σ; 残差,3.847,30,残差异常：采煤机_油泵_左电机_电流 偏高（残差 Z-score=3.8，实际=44.0 vs 预测=17.0）
1707,2024-04-21 00:29:00,2024-04-21 00:29:00,1.0,停机,IsolationForest; Mahalanobis; 单变量IQR+3σ; 残差,5.594,30,正常
1708,2024-04-21 00:40:00,2024-04-21 00:41:00,2.0,空载运行,IsolationForest; Mahalanobis; 单变量IQR+3σ; 残差,2.962,60,正常
1709,2024-04-21 00:48:00,2024-04-21 00:48:00,1.0,空载运行,IsolationForest; Mahalanobis; 单变量IQR+3σ; 残差,5.072,30,残差异常：采煤机_油泵_左电机_电流 偏高（残差 Z-score=5.1，实际=52.0 vs 预测=16.4）
1710,2024-04-21 01:07:00,2024-04-21 01:07:00,1.0,空载运行,IsolationForest; Mahalanobis; 单变量IQR+3σ; 残差,5.112,30,正常
1711,2024-04-21 01:21:00,2024-04-21 01:21:00,1.0,停机,IsolationForest; Mahalanobis; 单变量IQR+3σ; 残差,5.812,30,残差异常：采煤机_油泵_左电机_电流 偏高（残差 Z-score=5.8，实际=52.0 vs 预测=3.6）
1712,2024-04-21 01:38:00,2024-04-21 01:38:00,1.0,停机,IsolationForest; Mahalanobis; 单变量IQR+3σ; 残差,7.066,30,正常
1713,2024-04-21 01:46:00,2024-04-21 01:46:00,1.0,停机,IsolationForest; Mahalanobis; 单变量IQR+3σ; 残差,6.9,30,正常
1714,2024-04-21 01:53:00,2024-04-21 01:53:00,1.0,停机,IsolationForest; Mahalanobis; 单变量IQR+3σ; 残差,5.299,30,正常
1715,2024-04-21 01:56:00,2024-04-21 01:58:00,3.0,空载运行,IsolationForest; Mahalanobis; 单变量IQR+3σ; 残差,7.355,90,正常
1716,2024-04-21 02:14:00,2024-04-21 02:14:00,1.0,空载运行,IsolationForest; Mahalanobis; 单变量IQR+3σ; 残差,15.492,30,正常
1717,2024-04-21 02:19:00,2024-04-21 02:19:00,1.0,空载运行,IsolationForest; Mahalanobis; 单变量IQR+3σ; 残差,10.541,30,正常
1718,2024-04-21 02:21:00,2024-04-21 02:21:00,1.0,空载运行,IsolationForest; Mahalanobis; 单变量IQR+3σ; 残差,9.896,30,正常
1719,2024-04-21 02:26:00,2024-04-21 02:26:00,1.0,空载运行,IsolationForest; Mahalanobis; 单变量IQR+3σ; 残差,4.868,30,正常
1720,2024-04-21 02:33:00,2024-04-21 02:36:00,4.0,停机,IsolationForest; Mahalanobis; 单变量IQR+3σ; 残差,6.28,120,残差异常：采煤机_破碎机_电机_温度 偏高（残差 Z-score=6.3，实际=60.0 vs 预测=38.0）
1721,2024-04-21 02:44:00,2024-04-21 02:47:00,4.0,空载运行,IsolationForest; Mahalanobis; 单变量IQR+3σ; 残差,4.483,120,残差异常：采煤机_油泵_右电机_电流 偏高（残差 Z-score=4.5，实际=46.0 vs 预测=17.4）
1722,2024-04-21 02:49:00,2024-04-21 02:49:00,1.0,空载运行,IsolationForest; Mahalanobis; 单变量IQR+3σ; 残差,3.086,30,残差异常：采煤机_油泵_右电机_温度 偏高（残差 Z-score=3.1，实际=49.0 vs 预测=45.4）
1723,2024-04-21 02:54:00,2024-04-21 02:54:00,1.0,空载运行,IsolationForest; Mahalanobis; 单变量IQR+3σ; 残差,4.132,30,残差异常：采煤机_油泵_左电机_电流 偏高（残差 Z-score=4.1，实际=46.0 vs 预测=17.0）
1724,2024-04-21 02:56:00,2024-04-21 02:56:00,1.0,空载运行,IsolationForest; Mahalanobis; 单变量IQR+3σ; 残差,2.778,30,正常
1725,2024-04-21 03:01:00,2024-04-21 03:02:00,2.0,停机,IsolationForest; Mahalanobis; 单变量IQR+3σ; 残差,3.992,60,正常
1726,2024-04-21 03:04:00,2024-04-21 03:04:00,1.0,停机,IsolationForest; Mahalanobis; 单变量IQR+3σ; 残差,3.653,30,残差异常：采煤机_牵引部位_右电机_电流 偏高（残差 Z-score=3.7，实际=222.0 vs 预测=64.6）
1727,2024-04-21 03:15:00,2024-04-21 03:38:00,24.0,停机,IsolationForest; Mahalanobis; 单变量IQR+3σ; 残差,28.111,720,残差异常：采煤机_破碎机_电机_电流 偏高（残差 Z-score=28.1，实际=20.0 vs 预测=0.0）
1728,2024-04-21 03:47:00,2024-04-21 03:47:00,1.0,空载运行,IsolationForest; Mahalanobis; 单变量IQR+3σ; 残差,3.192,30,残差异常：采煤机_破碎机_电机_电流 偏高（残差 Z-score=3.2，实际=39.0 vs 预测=19.6）
1729,2024-04-21 03:52:00,2024-04-21 03:52:00,1.0,空载运行,IsolationForest; Mahalanobis; 单变量IQR+3σ; 残差,3.708,30,正常
1730,2024-04-21 03:55:00,2024-04-21 03:55:00,1.0,空载运行,IsolationForest; Mahalanobis; 单变量IQR+3σ; 残差,8.877,30,正常
1731,2024-04-21 03:57:00,2024-04-21 03:57:00,1.0,空载运行,IsolationForest; Mahalanobis; 单变量IQR+3σ; 残差,7.061,30,正常
1732,2024-04-21 03:59:00,2024-04-21 04:01:00,3.0,空载运行,IsolationForest; Mahalanobis; 单变量IQR+3σ; 残差,5.326,90,正常
1733,2024-04-21 04:03:00,2024-04-21 04:03:00,1.0,停机,IsolationForest; Mahalanobis; 单变量IQR+3σ; 残差,5.956,30,残差异常：采煤机_油泵_左电机_电流 偏高（残差 Z-score=6.0，实际=53.0 vs 预测=3.4）
1734,2024-04-21 04:14:00,2024-04-21 04:14:00,1.0,空载运行,IsolationForest; Mahalanobis; 单变量IQR+3σ; 残差,4.787,30,残差异常：采煤机_油泵_左电机_电流 偏高（残差 Z-score=4.8，实际=51.0 vs 预测=17.4）
1735,2024-04-21 04:34:00,2024-04-21 04:34:00,1.0,停机,IsolationForest; Mahalanobis; 单变量IQR+3σ; 残差,7.154,30,正常
1736,2024-04-21 04:51:00,2024-04-21 04:51:00,1.0,停机,IsolationForest; Mahalanobis; 单变量IQR+3σ; 残差,5.778,30,正常
1737,2024-04-21 05:05:00,2024-04-21 05:05:00,1.0,停机,IsolationForest; Mahalanobis; 单变量IQR+3σ; 残差,4.188,30,正常
1738,2024-04-21 05:07:00,2024-04-21 05:07:00,1.0,停机,IsolationForest; Mahalanobis; 单变量IQR+3σ; 残差,4.034,30,残差异常：采煤机_油泵_右电机_电流 偏高（残差 Z-score=4.0，实际=55.0 vs 预测=23.0）
1739,2024-04-21 05:09:00,2024-04-21 05:09:00,1.0,停机,IsolationForest; Mahalanobis; 单变量IQR+3σ; 残差,4.136,30,正常
1740,2024-04-21 05:12:00,2024-04-21 05:12:00,1.0,停机,IsolationForest; Mahalanobis; 单变量IQR+3σ; 残差,3.22,30,正常
1741,2024-04-21 05:27:00,2024-04-21 05:27:00,1.0,停机,IsolationForest; Mahalanobis; 单变量IQR+3σ; 残差,11.34,30,正常
1742,2024-04-21 05:39:00,2024-04-21 05:39:00,1.0,停机,IsolationForest; Mahalanobis; 单变量IQR+3σ; 残差,7.194,30,正常
1743,2024-04-21 05:42:00,2024-04-21 05:47:00,6.0,停机,IsolationForest; Mahalanobis; 单变量IQR+3σ; 残差,7.516,180,正常
1744,2024-04-21 06:22:00,2024-04-21 06:22:00,1.0,空载运行,IsolationForest; Mahalanobis; 单变量IQR+3σ; 残差,1.534,30,正常
1745,2024-04-21 06:28:00,2024-04-21 06:28:00,1.0,空载运行,IsolationForest; Mahalanobis; 单变量IQR+3σ; 残差,3.104,30,残差异常：采煤机_油泵_右电机_电流 偏高（残差 Z-score=3.1，实际=37.0 vs 预测=17.2）
1746,2024-04-21 06:33:00,2024-04-21 06:34:00,2.0,停机,IsolationForest; Mahalanobis; 单变量IQR+3σ; 残差,4.339,60,残差异常：采煤机_破碎机_电机_温度 偏高（残差 Z-score=4.3，实际=61.0 vs 预测=45.8）
1747,2024-04-21 06:48:00,2024-04-21 06:49:00,2.0,空载运行,IsolationForest; Mahalanobis; 单变量IQR+3σ; 残差,3.611,60,正常
1748,2024-04-21 06:54:00,2024-04-21 06:54:00,1.0,空载运行,IsolationForest; Mahalanobis; 单变量IQR+3σ; 残差,3.356,30,残差异常：采煤机_破碎机_电机_电流 偏高（残差 Z-score=3.4，实际=47.0 vs 预测=26.6）
1749,2024-04-21 07:11:00,2024-04-21 07:11:00,1.0,空载运行,IsolationForest; Mahalanobis; 单变量IQR+3σ; 残差,4.332,30,残差异常：采煤机_油泵_左电机_电流 偏高（残差 Z-score=4.3，实际=47.0 vs 预测=16.6）
1750,2024-04-21 07:14:00,2024-04-21 07:14:00,1.0,空载运行,IsolationForest; Mahalanobis; 单变量IQR+3σ; 残差,5.164,30,正常
1751,2024-04-21 07:26:00,2024-04-21 07:28:00,3.0,停机,IsolationForest; Mahalanobis; 单变量IQR+3σ; 残差,5.9,90,残差异常：采煤机_油泵_右电机_电流 偏高（残差 Z-score=5.9，实际=54.0 vs 预测=7.2）
1752,2024-04-21 07:31:00,2024-04-21 07:31:00,1.0,停机,IsolationForest; Mahalanobis; 单变量IQR+3σ; 残差,4.731,30,残差异常：采煤机_油泵_左电机_电流 偏高（残差 Z-score=4.7，实际=53.0 vs 预测=13.6）
1753,2024-04-21 08:14:00,2024-04-21 08:15:00,2.0,空载运行,IsolationForest; Mahalanobis; 单变量IQR+3σ; 残差,8.853,60,正常
1754,2024-04-21 08:17:00,2024-04-21 08:18:00,2.0,空载运行,IsolationForest; Mahalanobis; 单变量IQR+3σ; 残差,7.766,60,正常
1755,2024-04-21 08:22:00,2024-04-21 08:23:00,2.0,空载运行,IsolationForest; Mahalanobis; 单变量IQR+3σ; 残差,1.448,60,正常
1756,2024-04-21 08:25:00,2024-04-21 08:25:00,1.0,空载运行,IsolationForest; Mahalanobis; 单变量IQR+3σ; 残差,1.421,30,正常
1757,2024-04-21 08:29:00,2024-04-21 08:31:00,3.0,空载运行,IsolationForest; Mahalanobis; 单变量IQR+3σ; 残差,6.646,90,残差异常：采煤机_破碎机_电机_电流 偏高（残差 Z-score=6.6，实际=45.0 vs 预测=4.6）
1758,2024-04-21 08:33:00,2024-04-21 08:34:00,2.0,空载运行,IsolationForest; Mahalanobis; 单变量IQR+3σ; 残差,4.326,60,残差异常：采煤机_油泵_右电机_电流 偏高（残差 Z-score=4.3，实际=46.0 vs 预测=18.4）
1759,2024-04-21 08:37:00,2024-04-21 08:37:00,1.0,空载运行,IsolationForest; Mahalanobis; 单变量IQR+3σ; 残差,7.104,30,正常
1760,2024-04-21 08:39:00,2024-04-21 08:39:00,1.0,空载运行,IsolationForest; Mahalanobis; 单变量IQR+3σ; 残差,7.55,30,正常
1761,2024-04-21 08:50:00,2024-04-21 08:51:00,2.0,空载运行,IsolationForest; Mahalanobis; 单变量IQR+3σ; 残差,3.533,60,残差异常：采煤机_牵引部位_右电机_电流 偏高（残差 Z-score=3.5，实际=213.0 vs 预测=70.0）
1762,2024-04-21 08:54:00,2024-04-21 08:54:00,1.0,空载运行,IsolationForest; Mahalanobis; 单变量IQR+3σ; 残差,7.273,30,残差异常：采煤机_油泵_右电机_电流 偏高（残差 Z-score=7.3，实际=63.0 vs 预测=16.6）
1763,2024-04-21 09:10:00,2024-04-21 09:10:00,1.0,空载运行,IsolationForest; Mahalanobis; 单变量IQR+3σ; 残差,4.389,30,残差异常：采煤机_油泵_右电机_电流 偏高（残差 Z-score=4.4，实际=45.0 vs 预测=17.0）
1764,2024-04-21 09:12:00,2024-04-21 09:12:00,1.0,空载运行,IsolationForest; Mahalanobis; 单变量IQR+3σ; 残差,4.232,30,正常
1765,2024-04-21 09:19:00,2024-04-21 09:19:00,1.0,停机,IsolationForest; Mahalanobis; 单变量IQR+3σ; 残差,5.077,30,正常
1766,2024-04-21 09:27:00,2024-04-21 09:27:00,1.0,空载运行,IsolationForest; Mahalanobis; 单变量IQR+3σ; 残差,3.733,30,残差异常：采煤机_油泵_左电机_电流 偏高（残差 Z-score=3.7，实际=43.0 vs 预测=16.8）
1767,2024-04-21 09:35:00,2024-04-21 09:36:00,2.0,停机,IsolationForest; Mahalanobis; 单变量IQR+3σ; 残差,3.458,60,残差异常：采煤机_油泵_左电机_电流 偏高（残差 Z-score=3.5，实际=39.0 vs 预测=10.2）
1768,2024-04-21 09:42:00,2024-04-21 09:42:00,1.0,空载运行,IsolationForest; Mahalanobis; 单变量IQR+3σ; 残差,3.99,30,残差异常：采煤机_截割部位_右滚筒_电机_电流 偏高（残差 Z-score=4.0，实际=254.0 vs 预测=96.4）
1769,2024-04-21 09:47:00,2024-04-21 09:47:00,1.0,停机,IsolationForest; Mahalanobis; 单变量IQR+3σ; 残差,4.156,30,正常
1770,2024-04-21 10:06:00,2024-04-21 10:06:00,1.0,停机,IsolationForest; Mahalanobis; 单变量IQR+3σ; 残差,3.933,30,残差异常：采煤机_油泵_右电机_电流 偏高（残差 Z-score=3.9，实际=38.0 vs 预测=6.8）
1771,2024-04-21 12:56:00,2024-04-21 13:17:00,22.0,停机,IsolationForest; Mahalanobis; 单变量IQR+3σ; 残差,15.616,660,残差异常：采煤机_油泵_左电机_温度 偏高（残差 Z-score=15.6，实际=47.0 vs 预测=0.0）
1772,2024-04-21 14:49:00,2024-04-21 14:49:00,1.0,停机,IsolationForest; Mahalanobis; 单变量IQR+3σ; 残差,3.908,30,残差异常：采煤机_油泵_右电机_电流 偏高（残差 Z-score=3.9，实际=31.0 vs 预测=0.0）
1773,2024-04-21 15:18:00,2024-04-21 15:21:00,4.0,空载运行,IsolationForest; Mahalanobis; 单变量IQR+3σ; 残差,0.912,120,正常
1774,2024-04-21 15:42:00,2024-04-21 15:46:00,5.0,停机,IsolationForest; Mahalanobis; 单变量IQR+3σ; 残差,39.477,150,Mahalanobis 距离=39.5（阈值=18.5）。主要贡献特征：PC4 (94.0%); PC3 (5.3%)。
1775,2024-04-21 16:05:00,2024-04-21 16:06:00,2.0,停机,IsolationForest; Mahalanobis; 单变量IQR+3σ; 残差,3.151,60,残差异常：采煤机_油泵_右电机_电流 偏高（残差 Z-score=3.2，实际=25.0 vs 预测=0.0）
1776,2024-04-21 16:12:00,2024-04-21 16:12:00,1.0,停机,IsolationForest; Mahalanobis; 单变量IQR+3σ; 残差,4.034,30,残差异常：采煤机_油泵_右电机_电流 偏高（残差 Z-score=4.0，实际=32.0 vs 预测=0.0）
1777,2024-04-21 16:55:00,2024-04-21 16:55:00,1.0,停机,IsolationForest; Mahalanobis; 单变量IQR+3σ; 残差,4.488,30,残差异常：采煤机_油泵_右电机_电流 偏高（残差 Z-score=4.5，实际=50.0 vs 预测=14.4）
1778,2024-04-21 17:12:00,2024-04-21 17:12:00,1.0,空载运行,IsolationForest; Mahalanobis; 单变量IQR+3σ; 残差,6.364,30,残差异常：采煤机_截割部位_右滚筒_电机_温度 偏高（残差 Z-score=6.4，实际=59.0 vs 预测=48.0）
1779,2024-04-21 17:38:00,2024-04-21 17:38:00,1.0,停机,IsolationForest; Mahalanobis; 单变量IQR+3σ; 残差,3.855,30,正常
1780,2024-04-21 17:43:00,2024-04-21 17:43:00,1.0,停机,IsolationForest; Mahalanobis; 单变量IQR+3σ; 残差,6.342,30,正常
1781,2024-04-21 17:51:00,2024-04-21 17:51:00,1.0,停机,IsolationForest; Mahalanobis; 单变量IQR+3σ; 残差,9.697,30,正常
1782,2024-04-21 18:02:00,2024-04-21 18:05:00,4.0,空载运行,IsolationForest; Mahalanobis; 单变量IQR+3σ; 残差,8.969,120,残差异常：采煤机_截割部位_左滚筒_电机_温度 偏高（残差 Z-score=9.0，实际=70.0 vs 预测=50.6）
1783,2024-04-21 18:09:00,2024-04-21 18:10:00,2.0,停机,IsolationForest; Mahalanobis; 单变量IQR+3σ; 残差,5.407,60,正常
1784,2024-04-21 18:14:00,2024-04-21 18:15:00,2.0,空载运行,IsolationForest; Mahalanobis; 单变量IQR+3σ; 残差,4.481,60,正常
1785,2024-04-21 18:21:00,2024-04-21 18:23:00,3.0,空载运行,IsolationForest; Mahalanobis; 单变量IQR+3σ; 残差,6.427,90,残差异常：采煤机_油泵_右电机_电流 偏高（残差 Z-score=6.4，实际=58.0 vs 预测=17.0）
1786,2024-04-21 18:27:00,2024-04-21 18:27:00,1.0,空载运行,IsolationForest; Mahalanobis; 单变量IQR+3σ; 残差,1.406,30,正常
1787,2024-04-21 18:35:00,2024-04-21 18:39:00,5.0,停机,IsolationForest; Mahalanobis; 单变量IQR+3σ; 残差,56.971,150,Mahalanobis 距离=57.0（阈值=18.5）。主要贡献特征：PC2 (70.2%); PC3 (28.6%)。
1788,2024-04-21 18:44:00,2024-04-21 18:44:00,1.0,空载运行,IsolationForest; Mahalanobis; 单变量IQR+3σ; 残差,5.158,30,残差异常：采煤机_油泵_左电机_电流 偏高（残差 Z-score=5.2，实际=53.0 vs 预测=16.8）
1789,2024-04-21 18:47:00,2024-04-21 18:47:00,1.0,空载运行,IsolationForest; Mahalanobis; 单变量IQR+3σ; 残差,6.113,30,残差异常：采煤机_油泵_右电机_电流 偏高（残差 Z-score=6.1，实际=57.0 vs 预测=18.0）
1790,2024-04-21 18:53:00,2024-04-21 18:55:00,3.0,停机,IsolationForest; Mahalanobis; 单变量IQR+3σ; 残差,3.139,90,残差异常：采煤机_牵引部位_左电机_温度 偏高（残差 Z-score=3.1，实际=69.0 vs 预测=57.2）
1791,2024-04-21 19:05:00,2024-04-21 19:05:00,1.0,空载运行,IsolationForest; Mahalanobis; 单变量IQR+3σ; 残差,3.192,30,正常
1792,2024-04-21 19:18:00,2024-04-21 19:19:00,2.0,停机,IsolationForest; Mahalanobis; 单变量IQR+3σ; 残差,28.111,60,残差异常：采煤机_破碎机_电机_电流 偏高（残差 Z-score=28.1，实际=20.0 vs 预测=0.0）
1793,2024-04-21 19:37:00,2024-04-21 19:37:00,1.0,空载运行,IsolationForest; Mahalanobis; 单变量IQR+3σ; 残差,9.566,30,正常
1794,2024-04-21 19:39:00,2024-04-21 19:43:00,5.0,停机,IsolationForest; Mahalanobis; 单变量IQR+3σ; 残差,15.983,150,正常
1795,2024-04-21 20:01:00,2024-04-21 20:01:00,1.0,停机,IsolationForest; Mahalanobis; 单变量IQR+3σ; 残差,4.529,30,正常
1796,2024-04-21 20:07:00,2024-04-21 20:07:00,1.0,停机,IsolationForest; Mahalanobis; 单变量IQR+3σ; 残差,11.141,30,正常
1797,2024-04-21 20:19:00,2024-04-21 20:19:00,1.0,停机,IsolationForest; Mahalanobis; 单变量IQR+3σ; 残差,4.646,30,正常
1798,2024-04-21 20:43:00,2024-04-21 20:43:00,1.0,空载运行,IsolationForest; Mahalanobis; 单变量IQR+3σ; 残差,5.587,30,正常
1799,2024-04-21 20:55:00,2024-04-21 20:55:00,1.0,停机,IsolationForest; Mahalanobis; 单变量IQR+3σ; 残差,3.996,30,残差异常：采煤机_破碎机_电机_温度 偏高（残差 Z-score=4.0，实际=52.0 vs 预测=38.0）
1800,2024-04-21 20:58:00,2024-04-21 20:58:00,1.0,停机,IsolationForest; Mahalanobis; 单变量IQR+3σ; 残差,3.098,30,残差异常：采煤机_油泵_左电机_电流 偏高（残差 Z-score=3.1，实际=43.0 vs 预测=17.2）
1801,2024-04-21 21:02:00,2024-04-21 21:02:00,1.0,空载运行,IsolationForest; Mahalanobis; 单变量IQR+3σ; 残差,3.132,30,正常
1802,2024-04-21 21:12:00,2024-04-21 21:12:00,1.0,停机,IsolationForest; Mahalanobis; 单变量IQR+3σ; 残差,3.47,30,正常
1803,2024-04-21 21:24:00,2024-04-21 21:25:00,2.0,空载运行,IsolationForest; Mahalanobis; 单变量IQR+3σ; 残差,2.698,60,正常
1804,2024-04-21 21:28:00,2024-04-21 21:29:00,2.0,空载运行,IsolationForest; Mahalanobis; 单变量IQR+3σ; 残差,3.705,60,残差异常：采煤机_油泵_左电机_电流 偏高（残差 Z-score=3.7，实际=43.0 vs 预测=17.0）
1805,2024-04-21 21:31:00,2024-04-21 21:31:00,1.0,空载运行,IsolationForest; Mahalanobis; 单变量IQR+3σ; 残差,3.188,30,正常
1806,2024-04-21 21:34:00,2024-04-21 21:34:00,1.0,空载运行,IsolationForest; Mahalanobis; 单变量IQR+3σ; 残差,3.784,30,残差异常：采煤机_破碎机_电机_电流 偏高（残差 Z-score=3.8，实际=39.0 vs 预测=16.0）
1807,2024-04-21 21:43:00,2024-04-21 21:43:00,1.0,空载运行,IsolationForest; Mahalanobis; 单变量IQR+3σ; 残差,3.402,30,正常
1808,2024-04-21 21:54:00,2024-04-21 21:59:00,6.0,停机,IsolationForest; Mahalanobis; 单变量IQR+3σ; 残差,46.39,180,Mahalanobis 距离=46.4（阈值=18.5）。主要贡献特征：PC2 (97.0%); PC3 (2.4%)。
1809,2024-04-21 22:03:00,2024-04-21 22:03:00,1.0,停机,IsolationForest; Mahalanobis; 单变量IQR+3σ; 残差,12.648,30,正常
1810,2024-04-21 22:06:00,2024-04-21 22:07:00,2.0,停机,IsolationForest; Mahalanobis; 单变量IQR+3σ; 残差,10.761,60,正常
1811,2024-04-21 22:32:00,2024-04-21 22:32:00,1.0,停机,IsolationForest; Mahalanobis; 单变量IQR+3σ; 残差,9.181,30,正常
1812,2024-04-21 22:50:00,2024-04-21 22:50:00,1.0,停机,IsolationForest; Mahalanobis; 单变量IQR+3σ; 残差,5.155,30,正常
1813,2024-04-21 22:55:00,2024-04-21 22:55:00,1.0,空载运行,IsolationForest; Mahalanobis; 单变量IQR+3σ; 残差,4.168,30,正常
1814,2024-04-21 23:00:00,2024-04-21 23:00:00,1.0,空载运行,IsolationForest; Mahalanobis; 单变量IQR+3σ; 残差,5.361,30,残差异常：采煤机_油泵_右电机_电流 偏高（残差 Z-score=5.4，实际=51.0 vs 预测=16.8）
1815,2024-04-21 23:05:00,2024-04-21 23:05:00,1.0,空载运行,IsolationForest; Mahalanobis; 单变量IQR+3σ; 残差,7.048,30,正常
1816,2024-04-21 23:11:00,2024-04-21 23:13:00,3.0,空载运行,IsolationForest; Mahalanobis; 单变量IQR+3σ; 残差,5.596,90,正常
1817,2024-04-21 23:24:00,2024-04-21 23:26:00,3.0,空载运行,IsolationForest; Mahalanobis; 单变量IQR+3σ; 残差,5.756,90,残差异常：采煤机_油泵_左电机_电流 偏高（残差 Z-score=5.8，实际=44.0 vs 预测=3.6）
1818,2024-04-21 23:30:00,2024-04-21 23:31:00,2.0,停机,IsolationForest; Mahalanobis; 单变量IQR+3σ; 残差,5.522,60,正常
1819,2024-04-21 23:40:00,2024-04-21 23:40:00,1.0,空载运行,IsolationForest; Mahalanobis; 单变量IQR+3σ; 残差,1.339,30,正常
1820,2024-04-21 23:45:00,2024-04-21 23:45:00,1.0,停机,IsolationForest; Mahalanobis; 单变量IQR+3σ; 残差,6.681,30,残差异常：采煤机_油泵_右电机_电流 偏高（残差 Z-score=6.7，实际=53.0 vs 预测=0.0）
1821,2024-04-21 23:54:00,2024-04-21 23:54:00,1.0,停机,IsolationForest; Mahalanobis; 单变量IQR+3σ; 残差,6.807,30,残差异常：采煤机_油泵_右电机_电流 偏高（残差 Z-score=6.8，实际=54.0 vs 预测=0.0）
1822,2024-04-21 23:59:00,2024-04-21 23:59:00,1.0,空载运行,IsolationForest; Mahalanobis; 单变量IQR+3σ; 残差,4.244,30,残差异常：采煤机_牵引部位_左电机_电流 偏高（残差 Z-score=4.2，实际=239.0 vs 预测=66.2）
1823,2024-04-22 00:01:00,2024-04-22 00:02:00,2.0,空载运行,IsolationForest; Mahalanobis; 单变量IQR+3σ; 残差,6.678,60,残差异常：采煤机_油泵_右电机_电流 偏高（残差 Z-score=6.7，实际=61.0 vs 预测=18.4）
1824,2024-04-22 00:05:00,2024-04-22 00:06:00,2.0,停机,IsolationForest; Mahalanobis; 单变量IQR+3σ; 残差,5.805,60,正常
1825,2024-04-22 00:08:00,2024-04-22 00:08:00,1.0,停机,IsolationForest; Mahalanobis; 单变量IQR+3σ; 残差,5.019,30,残差异常：采煤机_油泵_左电机_电流 偏高（残差 Z-score=5.0，实际=52.0 vs 预测=10.2）
1826,2024-04-22 00:18:00,2024-04-22 00:18:00,1.0,空载运行,IsolationForest; Mahalanobis; 单变量IQR+3σ; 残差,4.388,30,残差异常：采煤机_油泵_左电机_电流 偏高（残差 Z-score=4.4，实际=50.0 vs 预测=19.2）
1827,2024-04-22 00:24:00,2024-04-22 00:25:00,2.0,空载运行,IsolationForest; Mahalanobis; 单变量IQR+3σ; 残差,6.412,60,残差异常：采煤机_油泵_左电机_电流 偏高（残差 Z-score=6.4，实际=62.0 vs 预测=17.0）
1828,2024-04-22 00:42:00,2024-04-22 00:43:00,2.0,空载运行,IsolationForest; Mahalanobis; 单变量IQR+3σ; 残差,8.502,60,正常
1829,2024-04-22 00:47:00,2024-04-22 00:47:00,1.0,空载运行,IsolationForest; Mahalanobis; 单变量IQR+3σ; 残差,3.428,30,残差异常：采煤机_截割部位_右滚筒_电机_电流 偏高（残差 Z-score=3.4，实际=207.0 vs 预测=71.6）
1830,2024-04-22 00:51:00,2024-04-22 00:51:00,1.0,空载运行,IsolationForest; Mahalanobis; 单变量IQR+3σ; 残差,2.844,30,正常
1831,2024-04-22 01:12:00,2024-04-22 01:14:00,3.0,空载运行,IsolationForest; Mahalanobis; 单变量IQR+3σ; 残差,4.965,90,正常
1832,2024-04-22 01:16:00,2024-04-22 01:16:00,1.0,空载运行,IsolationForest; Mahalanobis; 单变量IQR+3σ; 残差,3.488,30,残差异常：采煤机_牵引部位_右电机_电流 偏高（残差 Z-score=3.5，实际=182.0 vs 预测=40.8）
1833,2024-04-22 01:28:00,2024-04-22 01:30:00,3.0,停机,IsolationForest; Mahalanobis; 单变量IQR+3σ; 残差,10.274,90,正常
1834,2024-04-22 01:32:00,2024-04-22 01:32:00,1.0,停机,IsolationForest; Mahalanobis; 单变量IQR+3σ; 残差,9.511,30,正常
1835,2024-04-22 01:43:00,2024-04-22 01:43:00,1.0,停机,IsolationForest; Mahalanobis; 单变量IQR+3σ; 残差,8.452,30,正常
1836,2024-04-22 01:53:00,2024-04-22 01:54:00,2.0,停机,IsolationForest; Mahalanobis; 单变量IQR+3σ; 残差,8.778,60,正常
1837,2024-04-22 01:59:00,2024-04-22 01:59:00,1.0,空载运行,IsolationForest; Mahalanobis; 单变量IQR+3σ; 残差,5.672,30,正常
1838,2024-04-22 02:01:00,2024-04-22 02:01:00,1.0,停机,IsolationForest; Mahalanobis; 单变量IQR+3σ; 残差,4.971,30,残差异常：采煤机_油泵_左电机_电流 偏高（残差 Z-score=5.0，实际=58.0 vs 预测=16.6）
1839,2024-04-22 02:24:00,2024-04-22 02:24:00,1.0,停机,IsolationForest; Mahalanobis; 单变量IQR+3σ; 残差,7.083,30,正常
1840,2024-04-22 02:30:00,2024-04-22 02:30:00,1.0,空载运行,IsolationForest; Mahalanobis; 单变量IQR+3σ; 残差,7.966,30,正常
1841,2024-04-22 02:42:00,2024-04-22 02:42:00,1.0,空载运行,IsolationForest; Mahalanobis; 单变量IQR+3σ; 残差,4.345,30,残差异常：采煤机_截割部位_左滚筒_电机_温度 偏高（残差 Z-score=4.3，实际=83.0 vs 预测=73.6）
1842,2024-04-22 02:48:00,2024-04-22 02:48:00,1.0,空载运行,IsolationForest; Mahalanobis; 单变量IQR+3σ; 残差,5.643,30,残差异常：采煤机_油泵_右电机_电流 偏高（残差 Z-score=5.6，实际=53.0 vs 预测=17.0）
1843,2024-04-22 02:55:00,2024-04-22 02:55:00,1.0,空载运行,IsolationForest; Mahalanobis; 单变量IQR+3σ; 残差,3.448,30,残差异常：采煤机_截割部位_右滚筒_电机_电流 偏高（残差 Z-score=3.4，实际=211.0 vs 预测=74.8）
1844,2024-04-22 02:59:00,2024-04-22 02:59:00,1.0,停机,IsolationForest; Mahalanobis; 单变量IQR+3σ; 残差,10.193,30,正常
1845,2024-04-22 03:04:00,2024-04-22 03:05:00,2.0,空载运行,IsolationForest; Mahalanobis; 单变量IQR+3σ; 残差,3.974,60,正常
1846,2024-04-22 03:33:00,2024-04-22 03:33:00,1.0,空载运行,IsolationForest; Mahalanobis; 单变量IQR+3σ; 残差,3.522,30,正常
1847,2024-04-22 03:38:00,2024-04-22 03:38:00,1.0,空载运行,IsolationForest; Mahalanobis; 单变量IQR+3σ; 残差,4.274,30,残差异常：采煤机_油泵_左电机_电流 偏高（残差 Z-score=4.3，实际=47.0 vs 预测=17.0）
1848,2024-04-22 03:51:00,2024-04-22 03:52:00,2.0,空载运行,IsolationForest; Mahalanobis; 单变量IQR+3σ; 残差,6.899,60,正常
1849,2024-04-22 03:57:00,2024-04-22 03:57:00,1.0,停机,IsolationForest; Mahalanobis; 单变量IQR+3σ; 残差,10.587,30,正常
1850,2024-04-22 04:13:00,2024-04-22 04:13:00,1.0,空载运行,IsolationForest; Mahalanobis; 单变量IQR+3σ; 残差,12.254,30,正常
1851,2024-04-22 05:11:00,2024-04-22 05:11:00,1.0,停机,IsolationForest; Mahalanobis; 单变量IQR+3σ; 残差,3.49,30,残差异常：采煤机_牵引部位_左电机_电流 偏高（残差 Z-score=3.5，实际=150.0 vs 预测=0.0）
1852,2024-04-22 05:14:00,2024-04-22 05:16:00,3.0,空载运行,IsolationForest; Mahalanobis; 单变量IQR+3σ; 残差,5.558,90,正常
1853,2024-04-22 05:23:00,2024-04-22 05:25:00,3.0,停机,IsolationForest; Mahalanobis; 单变量IQR+3σ; 残差,4.674,90,正常
1854,2024-04-22 05:29:00,2024-04-22 05:29:00,1.0,停机,IsolationForest; Mahalanobis; 单变量IQR+3σ; 残差,5.338,30,正常
1855,2024-04-22 05:53:00,2024-04-22 05:53:00,1.0,空载运行,IsolationForest; Mahalanobis; 单变量IQR+3σ; 残差,4.559,30,残差异常：采煤机_油泵_左电机_电流 偏高（残差 Z-score=4.6，实际=49.0 vs 预测=17.0）
1856,2024-04-22 06:00:00,2024-04-22 06:00:00,1.0,空载运行,IsolationForest; Mahalanobis; 单变量IQR+3σ; 残差,4.702,30,残差异常：采煤机_油泵_左电机_电流 偏高（残差 Z-score=4.7，实际=50.0 vs 预测=17.0）
1857,2024-04-22 06:08:00,2024-04-22 06:08:00,1.0,空载运行,IsolationForest; Mahalanobis; 单变量IQR+3σ; 残差,5.256,30,残差异常：采煤机_截割部位_右滚筒_电机_电流 偏高（残差 Z-score=5.3，实际=291.0 vs 预测=83.4）
1858,2024-04-22 06:31:00,2024-04-22 06:31:00,1.0,停机,IsolationForest; Mahalanobis; 单变量IQR+3σ; 残差,7.282,30,正常
1859,2024-04-22 06:33:00,2024-04-22 06:35:00,3.0,停机,IsolationForest; Mahalanobis; 单变量IQR+3σ; 残差,6.203,90,正常
1860,2024-04-22 06:37:00,2024-04-22 06:38:00,2.0,停机,IsolationForest; Mahalanobis; 单变量IQR+3σ; 残差,6.872,60,正常
1861,2024-04-22 07:04:00,2024-04-22 07:05:00,2.0,空载运行,IsolationForest; Mahalanobis; 单变量IQR+3σ; 残差,4.031,60,正常
1862,2024-04-22 07:21:00,2024-04-22 07:21:00,1.0,停机,IsolationForest; Mahalanobis; 单变量IQR+3σ; 残差,5.835,30,正常
1863,2024-04-22 07:35:00,2024-04-22 07:35:00,1.0,停机,IsolationForest; Mahalanobis; 单变量IQR+3σ; 残差,4.79,30,残差异常：采煤机_油泵_右电机_电流 偏高（残差 Z-score=4.8，实际=55.0 vs 预测=17.0）
1864,2024-04-22 07:43:00,2024-04-22 07:43:00,1.0,空载运行,IsolationForest; Mahalanobis; 单变量IQR+3σ; 残差,4.08,30,残差异常：采煤机_破碎机_电机_电流 偏高（残差 Z-score=4.1，实际=45.0 vs 预测=20.2）
1865,2024-04-22 07:49:00,2024-04-22 07:49:00,1.0,停机,IsolationForest; Mahalanobis; 单变量IQR+3σ; 残差,2.854,30,正常
1866,2024-04-22 07:51:00,2024-04-22 07:51:00,1.0,空载运行,IsolationForest; Mahalanobis; 单变量IQR+3σ; 残差,1.309,30,正常
1867,2024-04-22 07:58:00,2024-04-22 07:58:00,1.0,空载运行,IsolationForest; Mahalanobis; 单变量IQR+3σ; 残差,3.739,30,正常
1868,2024-04-22 08:01:00,2024-04-22 08:01:00,1.0,空载运行,IsolationForest; Mahalanobis; 单变量IQR+3σ; 残差,4.987,30,残差异常：采煤机_油泵_左电机_电流 偏高（残差 Z-score=5.0，实际=52.0 vs 预测=17.0）
1869,2024-04-22 08:04:00,2024-04-22 08:04:00,1.0,停机,IsolationForest; Mahalanobis; 单变量IQR+3σ; 残差,3.509,30,残差异常：采煤机_牵引部位_左电机_电流 偏高（残差 Z-score=3.5，实际=173.0 vs 预测=22.2）
1870,2024-04-22 08:09:00,2024-04-22 08:12:00,4.0,空载运行,IsolationForest; Mahalanobis; 单变量IQR+3σ; 残差,4.883,120,正常
1871,2024-04-22 08:14:00,2024-04-22 08:14:00,1.0,空载运行,IsolationForest; Mahalanobis; 单变量IQR+3σ; 残差,7.074,30,残差异常：采煤机_破碎机_电机_电流 偏高（残差 Z-score=7.1，实际=43.0 vs 预测=0.0）
1872,2024-04-22 08:20:00,2024-04-22 08:24:00,5.0,停机,IsolationForest; Mahalanobis; 单变量IQR+3σ; 残差,47.887,150,Mahalanobis 距离=47.9（阈值=18.5）。主要贡献特征：PC2 (96.7%); PC3 (2.1%); PC4 (1.2%)。
1873,2024-04-22 08:30:00,2024-04-22 08:30:00,1.0,空载运行,IsolationForest; Mahalanobis; 单变量IQR+3σ; 残差,5.414,30,残差异常：采煤机_油泵_左电机_电流 偏高（残差 Z-score=5.4，实际=55.0 vs 预测=17.0）
1874,2024-04-22 08:38:00,2024-04-22 08:38:00,1.0,空载运行,IsolationForest; Mahalanobis; 单变量IQR+3σ; 残差,3.455,30,残差异常：采煤机_破碎机_电机_电流 偏高（残差 Z-score=3.5，实际=41.0 vs 预测=20.0）
1875,2024-04-22 08:41:00,2024-04-22 08:47:00,7.0,停机,IsolationForest; Mahalanobis; 单变量IQR+3σ; 残差,4.205,210,正常
1876,2024-04-22 08:59:00,2024-04-22 08:59:00,1.0,空载运行,IsolationForest; Mahalanobis; 单变量IQR+3σ; 残差,3.198,30,正常
1877,2024-04-22 09:18:00,2024-04-22 09:18:00,1.0,停机,IsolationForest; Mahalanobis; 单变量IQR+3σ; 残差,10.907,30,正常
1878,2024-04-22 09:21:00,2024-04-22 09:21:00,1.0,停机,IsolationForest; Mahalanobis; 单变量IQR+3σ; 残差,10.493,30,正常
1879,2024-04-22 09:28:00,2024-04-22 09:28:00,1.0,停机,IsolationForest; Mahalanobis; 单变量IQR+3σ; 残差,8.373,30,正常
1880,2024-04-22 10:06:00,2024-04-22 10:06:00,1.0,停机,IsolationForest; Mahalanobis; 单变量IQR+3σ; 残差,3.908,30,残差异常：采煤机_油泵_右电机_电流 偏高（残差 Z-score=3.9，实际=49.0 vs 预测=18.0）
1881,2024-04-22 10:11:00,2024-04-22 10:11:00,1.0,停机,IsolationForest; Mahalanobis; 单变量IQR+3σ; 残差,5.524,30,残差异常：采煤机_油泵_左电机_电流 偏高（残差 Z-score=5.5，实际=63.0 vs 预测=17.0）
1882,2024-04-22 10:15:00,2024-04-22 10:15:00,1.0,停机,IsolationForest; Mahalanobis; 单变量IQR+3σ; 残差,2.887,30,正常
1883,2024-04-22 10:29:00,2024-04-22 10:32:00,4.0,空载运行,IsolationForest; Mahalanobis; 单变量IQR+3σ; 残差,0.909,120,正常
1884,2024-04-22 12:28:00,2024-04-22 14:30:00,123.0,停机,IsolationForest; Mahalanobis; 单变量IQR+3σ; 残差,15.364,3690,残差异常：采煤机_油泵_右电机_温度 偏高（残差 Z-score=15.4，实际=46.0 vs 预测=0.0）
1885,2024-04-22 15:34:00,2024-04-22 15:35:00,2.0,停机,IsolationForest; Mahalanobis; 单变量IQR+3σ; 残差,7.211,60,残差异常：采煤机_油泵_右电机_电流 偏高（残差 Z-score=7.2，实际=63.0 vs 预测=5.8）
1886,2024-04-22 15:39:00,2024-04-22 15:40:00,2.0,停机,IsolationForest; Mahalanobis; 单变量IQR+3σ; 残差,3.378,60,正常
1887,2024-04-22 15:42:00,2024-04-22 15:47:00,6.0,停机,IsolationForest; Mahalanobis; 单变量IQR+3σ; 残差,58.042,180,Mahalanobis 距离=58.0（阈值=18.5）。主要贡献特征：PC2 (66.6%); PC3 (32.6%)。
1888,2024-04-22 16:05:00,2024-04-22 16:05:00,1.0,空载运行,IsolationForest; Mahalanobis; 单变量IQR+3σ; 残差,1.106,30,正常
1889,2024-04-22 16:11:00,2024-04-22 16:11:00,1.0,空载运行,IsolationForest; Mahalanobis; 单变量IQR+3σ; 残差,2.821,30,正常
1890,2024-04-22 16:14:00,2024-04-22 16:14:00,1.0,停机,IsolationForest; Mahalanobis; 单变量IQR+3σ; 残差,4.463,30,残差异常：采煤机_油泵_右电机_电流 偏高（残差 Z-score=4.5，实际=50.0 vs 预测=14.6）
1891,2024-04-22 16:20:00,2024-04-22 16:20:00,1.0,停机,IsolationForest; Mahalanobis; 单变量IQR+3σ; 残差,7.984,30,正常
1892,2024-04-22 16:23:00,2024-04-22 16:23:00,1.0,空载运行,IsolationForest; Mahalanobis; 单变量IQR+3σ; 残差,8.245,30,正常
1893,2024-04-22 16:45:00,2024-04-22 16:46:00,2.0,空载运行,IsolationForest; Mahalanobis; 单变量IQR+3σ; 残差,8.347,60,正常
1894,2024-04-22 16:48:00,2024-04-22 16:48:00,1.0,停机,IsolationForest; Mahalanobis; 单变量IQR+3σ; 残差,9.234,30,正常
1895,2024-04-22 16:55:00,2024-04-22 16:57:00,3.0,空载运行,IsolationForest; Mahalanobis; 单变量IQR+3σ; 残差,13.99,90,正常
1896,2024-04-22 17:09:00,2024-04-22 17:12:00,4.0,停机,IsolationForest; Mahalanobis; 单变量IQR+3σ; 残差,6.657,120,残差异常：采煤机_牵引部位_右电机_温度 偏高（残差 Z-score=6.7，实际=68.0 vs 预测=43.4）
1897,2024-04-22 17:20:00,2024-04-22 17:20:00,1.0,停机,IsolationForest; Mahalanobis; 单变量IQR+3σ; 残差,2.645,30,正常
1898,2024-04-22 17:33:00,2024-04-22 17:34:00,2.0,停机,IsolationForest; Mahalanobis; 单变量IQR+3σ; 残差,6.055,60,正常
1899,2024-04-22 17:47:00,2024-04-22 17:48:00,2.0,空载运行,IsolationForest; Mahalanobis; 单变量IQR+3σ; 残差,5.557,60,残差异常：采煤机_油泵_左电机_电流 偏高（残差 Z-score=5.6，实际=56.0 vs 预测=17.0）
1900,2024-04-22 18:41:00,2024-04-22 18:45:00,5.0,停机,IsolationForest; Mahalanobis; 单变量IQR+3σ; 残差,61.829,150,Mahalanobis 距离=61.8（阈值=18.5）。主要贡献特征：PC4 (89.9%); PC3 (9.6%)。
1901,2024-04-22 18:58:00,2024-04-22 18:58:00,1.0,空载运行,IsolationForest; Mahalanobis; 单变量IQR+3σ; 残差,4.483,30,残差异常：采煤机_油泵_右电机_电流 偏高（残差 Z-score=4.5，实际=48.0 vs 预测=19.4）
1902,2024-04-22 19:02:00,2024-04-22 19:06:00,5.0,停机,IsolationForest; Mahalanobis; 单变量IQR+3σ; 残差,14.417,150,正常
1903,2024-04-22 19:08:00,2024-04-22 19:08:00,1.0,停机,IsolationForest; Mahalanobis; 单变量IQR+3σ; 残差,13.556,30,正常
1904,2024-04-22 19:10:00,2024-04-22 19:10:00,1.0,停机,IsolationForest; Mahalanobis; 单变量IQR+3σ; 残差,5.284,30,残差异常：采煤机_油泵_左电机_电流 偏高（残差 Z-score=5.3，实际=65.0 vs 预测=21.0）
1905,2024-04-22 19:26:00,2024-04-22 19:26:00,1.0,停机,IsolationForest; Mahalanobis; 单变量IQR+3σ; 残差,3.807,30,残差异常：采煤机_油泵_右电机_电流 偏高（残差 Z-score=3.8，实际=48.0 vs 预测=17.8）
1906,2024-04-22 20:07:00,2024-04-22 20:07:00,1.0,停机,IsolationForest; Mahalanobis; 单变量IQR+3σ; 残差,4.328,30,残差异常：采煤机_牵引部位_左电机_电流 偏高（残差 Z-score=4.3，实际=186.0 vs 预测=0.0）
1907,2024-04-22 20:11:00,2024-04-22 20:12:00,2.0,空载运行,IsolationForest; Mahalanobis; 单变量IQR+3σ; 残差,3.323,60,残差异常：采煤机_破碎机_电机_电流 偏高（残差 Z-score=3.3，实际=40.0 vs 预测=19.8）
1908,2024-04-22 20:16:00,2024-04-22 20:17:00,2.0,空载运行,IsolationForest; Mahalanobis; 单变量IQR+3σ; 残差,5.957,60,残差异常：采煤机_油泵_右电机_电流 偏高（残差 Z-score=6.0，实际=55.0 vs 预测=17.0）
1909,2024-04-22 20:19:00,2024-04-22 20:20:00,2.0,停机,IsolationForest; Mahalanobis; 单变量IQR+3σ; 残差,6.288,60,正常
1910,2024-04-22 20:27:00,2024-04-22 20:27:00,1.0,停机,IsolationForest; Mahalanobis; 单变量IQR+3σ; 残差,4.942,30,残差异常：采煤机_油泵_右电机_电流 偏高（残差 Z-score=4.9，实际=57.0 vs 预测=17.8）
1911,2024-04-22 20:35:00,2024-04-22 20:35:00,1.0,空载运行,IsolationForest; Mahalanobis; 单变量IQR+3σ; 残差,3.899,30,残差异常：采煤机_截割部位_右滚筒_电机_电流 偏高（残差 Z-score=3.9，实际=244.0 vs 预测=90.0）
1912,2024-04-22 20:47:00,2024-04-22 20:47:00,1.0,空载运行,IsolationForest; Mahalanobis; 单变量IQR+3σ; 残差,3.981,30,正常
1913,2024-04-22 20:52:00,2024-04-22 20:52:00,1.0,停机,IsolationForest; Mahalanobis; 单变量IQR+3σ; 残差,2.912,30,正常
1914,2024-04-22 20:55:00,2024-04-22 20:57:00,3.0,停机,IsolationForest; Mahalanobis; 单变量IQR+3σ; 残差,12.365,90,正常
1915,2024-04-22 21:00:00,2024-04-22 21:00:00,1.0,空载运行,IsolationForest; Mahalanobis; 单变量IQR+3σ; 残差,4.609,30,残差异常：采煤机_油泵_右电机_电流 偏高（残差 Z-score=4.6，实际=47.0 vs 预测=17.6）
1916,2024-04-22 21:05:00,2024-04-22 21:05:00,1.0,空载运行,IsolationForest; Mahalanobis; 单变量IQR+3σ; 残差,3.865,30,正常
1917,2024-04-22 21:09:00,2024-04-22 21:09:00,1.0,停机,IsolationForest; Mahalanobis; 单变量IQR+3σ; 残差,8.773,30,正常
1918,2024-04-22 21:11:00,2024-04-22 21:11:00,1.0,停机,IsolationForest; Mahalanobis; 单变量IQR+3σ; 残差,5.673,30,残差异常：采煤机_油泵_右电机_电流 偏高（残差 Z-score=5.7，实际=62.0 vs 预测=17.0）
1919,2024-04-22 21:18:00,2024-04-22 21:18:00,1.0,停机,IsolationForest; Mahalanobis; 单变量IQR+3σ; 残差,4.203,30,残差异常：采煤机_油泵_左电机_电流 偏高（残差 Z-score=4.2，实际=52.0 vs 预测=17.0）
1920,2024-04-22 22:13:00,2024-04-22 22:13:00,1.0,停机,IsolationForest; Mahalanobis; 单变量IQR+3σ; 残差,7.721,30,正常
1921,2024-04-22 22:19:00,2024-04-22 22:20:00,2.0,空载运行,IsolationForest; Mahalanobis; 单变量IQR+3σ; 残差,4.559,60,残差异常：采煤机_油泵_左电机_电流 偏高（残差 Z-score=4.6，实际=49.0 vs 预测=17.0）
1922,2024-04-22 22:23:00,2024-04-22 22:24:00,2.0,空载运行,IsolationForest; Mahalanobis; 单变量IQR+3σ; 残差,3.582,60,残差异常：采煤机_牵引部位_右电机_电流 偏高（残差 Z-score=3.6，实际=226.0 vs 预测=81.0）
1923,2024-04-22 22:26:00,2024-04-22 22:27:00,2.0,停机,IsolationForest; Mahalanobis; 单变量IQR+3σ; 残差,5.072,60,正常
1924,2024-04-22 22:50:00,2024-04-22 22:50:00,1.0,停机,IsolationForest; Mahalanobis; 单变量IQR+3σ; 残差,3.388,30,残差异常：采煤机_牵引部位_右电机_电流 偏高（残差 Z-score=3.4，实际=146.0 vs 预测=0.0）
1925,2024-04-22 23:12:00,2024-04-22 23:15:00,4.0,空载运行,IsolationForest; Mahalanobis; 单变量IQR+3σ; 残差,3.933,120,残差异常：采煤机_油泵_左电机_电流 偏高（残差 Z-score=3.9，实际=51.0 vs 预测=23.4）
1926,2024-04-22 23:17:00,2024-04-22 23:17:00,1.0,空载运行,IsolationForest; Mahalanobis; 单变量IQR+3σ; 残差,3.751,30,正常
1927,2024-04-22 23:50:00,2024-04-22 23:50:00,1.0,停机,IsolationForest; Mahalanobis; 单变量IQR+3σ; 残差,5.226,30,正常
1928,2024-04-23 00:01:00,2024-04-23 00:01:00,1.0,空载运行,IsolationForest; Mahalanobis; 单变量IQR+3σ; 残差,2.679,30,正常
1929,2024-04-23 00:05:00,2024-04-23 00:06:00,2.0,空载运行,IsolationForest; Mahalanobis; 单变量IQR+3σ; 残差,2.633,60,正常
1930,2024-04-23 00:08:00,2024-04-23 00:08:00,1.0,空载运行,IsolationForest; Mahalanobis; 单变量IQR+3σ; 残差,6.077,30,正常
1931,2024-04-23 00:12:00,2024-04-23 00:12:00,1.0,停机,IsolationForest; Mahalanobis; 单变量IQR+3σ; 残差,6.671,30,正常
1932,2024-04-23 00:14:00,2024-04-23 00:14:00,1.0,停机,IsolationForest; Mahalanobis; 单变量IQR+3σ; 残差,18.04,30,正常
1933,2024-04-23 00:28:00,2024-04-23 00:28:00,1.0,停机,IsolationForest; Mahalanobis; 单变量IQR+3σ; 残差,8.017,30,正常
1934,2024-04-23 00:33:00,2024-04-23 00:35:00,3.0,空载运行,IsolationForest; Mahalanobis; 单变量IQR+3σ; 残差,10.809,90,正常
1935,2024-04-23 01:37:00,2024-04-23 01:37:00,1.0,空载运行,IsolationForest; Mahalanobis; 单变量IQR+3σ; 残差,3.699,30,正常
1936,2024-04-23 01:39:00,2024-04-23 01:39:00,1.0,空载运行,IsolationForest; Mahalanobis; 单变量IQR+3σ; 残差,5.414,30,残差异常：采煤机_油泵_左电机_电流 偏高（残差 Z-score=5.4，实际=55.0 vs 预测=17.0）
1937,2024-04-23 01:42:00,2024-04-23 01:42:00,1.0,空载运行,IsolationForest; Mahalanobis; 单变量IQR+3σ; 残差,5.047,30,残差异常：采煤机_油泵_右电机_电流 偏高（残差 Z-score=5.0，实际=51.0 vs 预测=18.8）
1938,2024-04-23 01:48:00,2024-04-23 01:48:00,1.0,停机,IsolationForest; Mahalanobis; 单变量IQR+3σ; 残差,6.95,30,正常
1939,2024-04-23 01:53:00,2024-04-23 01:55:00,3.0,空载运行,IsolationForest; Mahalanobis; 单变量IQR+3σ; 残差,2.041,90,正常
1940,2024-04-23 01:57:00,2024-04-23 01:57:00,1.0,空载运行,IsolationForest; Mahalanobis; 单变量IQR+3σ; 残差,2.094,30,正常
1941,2024-04-23 02:00:00,2024-04-23 02:00:00,1.0,空载运行,IsolationForest; Mahalanobis; 单变量IQR+3σ; 残差,3.123,30,正常
1942,2024-04-23 02:09:00,2024-04-23 02:09:00,1.0,空载运行,IsolationForest; Mahalanobis; 单变量IQR+3σ; 残差,3.126,30,残差异常：采煤机_破碎机_电机_电流 偏高（残差 Z-score=3.1，实际=19.0 vs 预测=0.0）
1943,2024-04-23 02:18:00,2024-04-23 02:18:00,1.0,空载运行,IsolationForest; Mahalanobis; 单变量IQR+3σ; 残差,5.65,30,正常
1944,2024-04-23 02:30:00,2024-04-23 02:30:00,1.0,空载运行,IsolationForest; Mahalanobis; 单变量IQR+3σ; 残差,4.094,30,正常
1945,2024-04-23 02:39:00,2024-04-23 02:39:00,1.0,空载运行,IsolationForest; Mahalanobis; 单变量IQR+3σ; 残差,3.484,30,正常
1946,2024-04-23 02:43:00,2024-04-23 02:45:00,3.0,空载运行,IsolationForest; Mahalanobis; 单变量IQR+3σ; 残差,7.273,90,残差异常：采煤机_油泵_右电机_电流 偏高（残差 Z-score=7.3，实际=63.0 vs 预测=16.6）
1947,2024-04-23 03:01:00,2024-04-23 03:03:00,3.0,停机,IsolationForest; Mahalanobis; 单变量IQR+3σ; 残差,7.272,90,正常
1948,2024-04-23 03:05:00,2024-04-23 03:05:00,1.0,停机,IsolationForest; Mahalanobis; 单变量IQR+3σ; 残差,8.523,30,正常
1949,2024-04-23 03:19:00,2024-04-23 03:19:00,1.0,停机,IsolationForest; Mahalanobis; 单变量IQR+3σ; 残差,14.713,30,正常
1950,2024-04-23 03:23:00,2024-04-23 03:25:00,3.0,停机,IsolationForest; Mahalanobis; 单变量IQR+3σ; 残差,13.841,90,正常
1951,2024-04-23 03:57:00,2024-04-23 03:57:00,1.0,停机,IsolationForest; Mahalanobis; 单变量IQR+3σ; 残差,9.159,30,正常
1952,2024-04-23 04:03:00,2024-04-23 04:04:00,2.0,停机,IsolationForest; Mahalanobis; 单变量IQR+3σ; 残差,6.22,60,残差异常：采煤机_油泵_左电机_电流 偏高（残差 Z-score=6.2，实际=62.0 vs 预测=10.2）
1953,2024-04-23 04:15:00,2024-04-23 04:15:00,1.0,停机,IsolationForest; Mahalanobis; 单变量IQR+3σ; 残差,5.277,30,正常
1954,2024-04-23 04:24:00,2024-04-23 04:26:00,3.0,空载运行,IsolationForest; Mahalanobis; 单变量IQR+3σ; 残差,6.934,90,残差异常：采煤机_截割部位_左滚筒_电机_温度 偏高（残差 Z-score=6.9，实际=87.0 vs 预测=72.0）
1955,2024-04-23 04:36:00,2024-04-23 04:36:00,1.0,空载运行,IsolationForest; Mahalanobis; 单变量IQR+3σ; 残差,3.498,30,正常
1956,2024-04-23 04:39:00,2024-04-23 04:39:00,1.0,空载运行,IsolationForest; Mahalanobis; 单变量IQR+3σ; 残差,3.847,30,残差异常：采煤机_油泵_左电机_电流 偏高（残差 Z-score=3.8，实际=44.0 vs 预测=17.0）
1957,2024-04-23 04:42:00,2024-04-23 04:42:00,1.0,停机,IsolationForest; Mahalanobis; 单变量IQR+3σ; 残差,4.567,30,残差异常：采煤机_破碎机_电机_温度 偏高（残差 Z-score=4.6，实际=55.0 vs 预测=39.0）
1958,2024-04-23 04:44:00,2024-04-23 04:45:00,2.0,空载运行,IsolationForest; Mahalanobis; 单变量IQR+3σ; 残差,5.72,60,正常
1959,2024-04-23 05:00:00,2024-04-23 05:01:00,2.0,停机,IsolationForest; Mahalanobis; 单变量IQR+3σ; 残差,3.939,60,残差异常：采煤机_破碎机_电机_温度 偏高（残差 Z-score=3.9，实际=56.0 vs 预测=42.2）
1960,2024-04-23 05:03:00,2024-04-23 05:03:00,1.0,空载运行,IsolationForest; Mahalanobis; 单变量IQR+3σ; 残差,4.339,30,残差异常：采煤机_截割部位_右滚筒_电机_电流 偏高（残差 Z-score=4.3，实际=275.0 vs 预测=103.6）
1961,2024-04-23 05:08:00,2024-04-23 05:09:00,2.0,空载运行,IsolationForest; Mahalanobis; 单变量IQR+3σ; 残差,3.69,60,正常
1962,2024-04-23 05:28:00,2024-04-23 05:29:00,2.0,空载运行,IsolationForest; Mahalanobis; 单变量IQR+3σ; 残差,9.649,60,正常
1963,2024-04-23 06:02:00,2024-04-23 06:02:00,1.0,停机,IsolationForest; Mahalanobis; 单变量IQR+3σ; 残差,9.845,30,正常
1964,2024-04-23 06:32:00,2024-04-23 06:32:00,1.0,停机,IsolationForest; Mahalanobis; 单变量IQR+3σ; 残差,15.608,30,正常
1965,2024-04-23 06:50:00,2024-04-23 06:52:00,3.0,空载运行,IsolationForest; Mahalanobis; 单变量IQR+3σ; 残差,5.842,90,残差异常：采煤机_油泵_左电机_电流 偏高（残差 Z-score=5.8，实际=58.0 vs 预测=17.0）
1966,2024-04-23 06:54:00,2024-04-23 06:54:00,1.0,空载运行,IsolationForest; Mahalanobis; 单变量IQR+3σ; 残差,2.26,30,正常
1967,2024-04-23 06:57:00,2024-04-23 06:57:00,1.0,停机,IsolationForest; Mahalanobis; 单变量IQR+3σ; 残差,3.083,30,残差异常：采煤机_破碎机_电机_温度 偏高（残差 Z-score=3.1，实际=50.0 vs 预测=39.2）
1968,2024-04-23 07:11:00,2024-04-23 07:11:00,1.0,空载运行,IsolationForest; Mahalanobis; 单变量IQR+3σ; 残差,1.883,30,正常
1969,2024-04-23 07:17:00,2024-04-23 07:17:00,1.0,空载运行,IsolationForest; Mahalanobis; 单变量IQR+3σ; 残差,4.957,30,残差异常：采煤机_截割部位_右滚筒_电机_电流 偏高（残差 Z-score=5.0，实际=279.0 vs 预测=83.2）
1970,2024-04-23 07:29:00,2024-04-23 07:29:00,1.0,空载运行,IsolationForest; Mahalanobis; 单变量IQR+3σ; 残差,4.64,30,残差异常：采煤机_油泵_右电机_电流 偏高（残差 Z-score=4.6，实际=47.0 vs 预测=17.4）
1971,2024-04-23 07:32:00,2024-04-23 07:32:00,1.0,空载运行,IsolationForest; Mahalanobis; 单变量IQR+3σ; 残差,4.377,30,正常
1972,2024-04-23 07:35:00,2024-04-23 07:35:00,1.0,空载运行,IsolationForest; Mahalanobis; 单变量IQR+3σ; 残差,7.373,30,正常
1973,2024-04-23 07:53:00,2024-04-23 07:56:00,4.0,空载运行,IsolationForest; Mahalanobis; 单变量IQR+3σ; 残差,9.149,120,正常
1974,2024-04-23 07:58:00,2024-04-23 08:04:00,7.0,空载运行,IsolationForest; Mahalanobis; 单变量IQR+3σ; 残差,10.832,210,正常
1975,2024-04-23 08:07:00,2024-04-23 08:09:00,3.0,停机,IsolationForest; Mahalanobis; 单变量IQR+3σ; 残差,5.237,90,正常
1976,2024-04-23 08:25:00,2024-04-23 08:25:00,1.0,停机,IsolationForest; Mahalanobis; 单变量IQR+3σ; 残差,10.2,30,正常
1977,2024-04-23 08:38:00,2024-04-23 08:38:00,1.0,停机,IsolationForest; Mahalanobis; 单变量IQR+3σ; 残差,2.583,30,正常
1978,2024-04-23 08:50:00,2024-04-23 08:50:00,1.0,停机,IsolationForest; Mahalanobis; 单变量IQR+3σ; 残差,3.557,30,正常
1979,2024-04-23 08:59:00,2024-04-23 09:00:00,2.0,空载运行,IsolationForest; Mahalanobis; 单变量IQR+3σ; 残差,3.191,60,正常
1980,2024-04-23 09:16:00,2024-04-23 09:19:00,4.0,空载运行,IsolationForest; Mahalanobis; 单变量IQR+3σ; 残差,9.757,120,正常
1981,2024-04-23 11:38:00,2024-04-23 11:38:00,1.0,停机,IsolationForest; Mahalanobis; 单变量IQR+3σ; 残差,11.574,30,正常
1982,2024-04-23 12:46:00,2024-04-23 12:52:00,7.0,停机,IsolationForest; Mahalanobis; 单变量IQR+3σ; 残差,77.725,210,Mahalanobis 距离=77.7（阈值=18.5）。主要贡献特征：PC2 (85.2%); PC3 (10.8%); PC4 (3.3%)。
1983,2024-04-23 13:34:00,2024-04-23 13:35:00,2.0,空载运行,IsolationForest; Mahalanobis; 单变量IQR+3σ; 残差,9.729,60,正常
1984,2024-04-23 14:18:00,2024-04-23 14:21:00,4.0,停机,IsolationForest; Mahalanobis; 单变量IQR+3σ; 残差,11.595,120,正常
1985,2024-04-23 14:56:00,2024-04-23 15:50:00,55.0,停机,IsolationForest; Mahalanobis; 单变量IQR+3σ; 残差,13.61,1650,残差异常：采煤机_截割部位_右滚筒_电机_温度 偏高（残差 Z-score=13.6，实际=49.0 vs 预测=0.0）
1986,2024-04-23 16:12:00,2024-04-23 16:13:00,2.0,停机,IsolationForest; Mahalanobis; 单变量IQR+3σ; 残差,4.442,60,正常
1987,2024-04-23 16:17:00,2024-04-23 16:18:00,2.0,停机,IsolationForest; Mahalanobis; 单变量IQR+3σ; 残差,3.304,60,残差异常：采煤机_牵引部位_左电机_电流 偏高（残差 Z-score=3.3，实际=142.0 vs 预测=0.0）
1988,2024-04-23 16:23:00,2024-04-23 16:23:00,1.0,停机,IsolationForest; Mahalanobis; 单变量IQR+3σ; 残差,4.246,30,正常
1989,2024-04-23 16:28:00,2024-04-23 16:29:00,2.0,停机,IsolationForest; Mahalanobis; 单变量IQR+3σ; 残差,8.421,60,正常
1990,2024-04-23 16:45:00,2024-04-23 16:45:00,1.0,停机,IsolationForest; Mahalanobis; 单变量IQR+3σ; 残差,7.705,30,正常
1991,2024-04-23 16:51:00,2024-04-23 16:52:00,2.0,空载运行,IsolationForest; Mahalanobis; 单变量IQR+3σ; 残差,9.894,60,残差异常：采煤机_截割部位_左滚筒_电机_温度 偏高（残差 Z-score=9.9，实际=74.0 vs 预测=52.6）
1992,2024-04-23 16:55:00,2024-04-23 16:56:00,2.0,空载运行,IsolationForest; Mahalanobis; 单变量IQR+3σ; 残差,7.367,60,残差异常：采煤机_油泵_右电机_电流 偏高（残差 Z-score=7.4，实际=54.0 vs 预测=7.0）
1993,2024-04-23 16:58:00,2024-04-23 16:58:00,1.0,空载运行,IsolationForest; Mahalanobis; 单变量IQR+3σ; 残差,11.165,30,残差异常：采煤机_截割部位_右滚筒_电机_电流 偏高（残差 Z-score=11.2，实际=506.0 vs 预测=65.0）
1994,2024-04-23 17:00:00,2024-04-23 17:02:00,3.0,停机,IsolationForest; Mahalanobis; 单变量IQR+3σ; 残差,21.489,90,Mahalanobis 距离=21.5（阈值=18.5）。主要贡献特征：PC2 (98.2%); PC4 (1.3%)。
1995,2024-04-23 17:04:00,2024-04-23 17:04:00,1.0,停机,IsolationForest; Mahalanobis; 单变量IQR+3σ; 残差,3.581,30,正常
1996,2024-04-23 17:57:00,2024-04-23 17:59:00,3.0,空载运行,IsolationForest; Mahalanobis; 单变量IQR+3σ; 残差,3.404,90,正常
1997,2024-04-23 18:07:00,2024-04-23 18:07:00,1.0,空载运行,IsolationForest; Mahalanobis; 单变量IQR+3σ; 残差,5.553,30,正常
1998,2024-04-23 18:09:00,2024-04-23 18:14:00,6.0,停机,IsolationForest; Mahalanobis; 单变量IQR+3σ; 残差,47.29,180,Mahalanobis 距离=47.3（阈值=18.5）。主要贡献特征：PC4 (74.4%); PC3 (17.8%); PC2 (7.8%)。
1999,2024-04-23 18:18:00,2024-04-23 18:18:00,1.0,停机,IsolationForest; Mahalanobis; 单变量IQR+3σ; 残差,11.027,30,正常
2000,2024-04-23 18:20:00,2024-04-23 18:21:00,2.0,停机,IsolationForest; Mahalanobis; 单变量IQR+3σ; 残差,11.141,60,正常
2001,2024-04-23 18:33:00,2024-04-23 18:33:00,1.0,停机,IsolationForest; Mahalanobis; 单变量IQR+3σ; 残差,7.417,30,正常
2002,2024-04-23 18:47:00,2024-04-23 18:47:00,1.0,空载运行,IsolationForest; Mahalanobis; 单变量IQR+3σ; 残差,6.672,30,正常
2003,2024-04-23 18:51:00,2024-04-23 18:51:00,1.0,停机,IsolationForest; Mahalanobis; 单变量IQR+3σ; 残差,5.404,30,残差异常：采煤机_油泵_左电机_电流 偏高（残差 Z-score=5.4，实际=63.0 vs 预测=18.0）
2004,2024-04-23 18:57:00,2024-04-23 18:57:00,1.0,停机,IsolationForest; Mahalanobis; 单变量IQR+3σ; 残差,12.566,30,正常
2005,2024-04-23 19:21:00,2024-04-23 19:21:00,1.0,停机,IsolationForest; Mahalanobis; 单变量IQR+3σ; 残差,3.807,30,残差异常：采煤机_油泵_右电机_电流 偏高（残差 Z-score=3.8，实际=44.0 vs 预测=13.8）
2006,2024-04-23 19:28:00,2024-04-23 19:28:00,1.0,停机,IsolationForest; Mahalanobis; 单变量IQR+3σ; 残差,6.009,30,正常
2007,2024-04-23 19:42:00,2024-04-23 19:43:00,2.0,停机,IsolationForest; Mahalanobis; 单变量IQR+3σ; 残差,10.454,60,正常
2008,2024-04-23 19:46:00,2024-04-23 19:46:00,1.0,停机,IsolationForest; Mahalanobis; 单变量IQR+3σ; 残差,10.837,30,正常
2009,2024-04-23 19:55:00,2024-04-23 19:55:00,1.0,停机,IsolationForest; Mahalanobis; 单变量IQR+3σ; 残差,5.348,30,正常
2010,2024-04-23 19:59:00,2024-04-23 19:59:00,1.0,空载运行,IsolationForest; Mahalanobis; 单变量IQR+3σ; 残差,5.917,30,残差异常：采煤机_截割部位_左滚筒_电机_温度 偏高（残差 Z-score=5.9，实际=78.0 vs 预测=65.2）
2011,2024-04-23 20:07:00,2024-04-23 20:07:00,1.0,停机,IsolationForest; Mahalanobis; 单变量IQR+3σ; 残差,3.454,30,残差异常：采煤机_油泵_右电机_电流 偏高（残差 Z-score=3.5，实际=45.0 vs 预测=17.6）
2012,2024-04-23 20:15:00,2024-04-23 20:15:00,1.0,停机,IsolationForest; Mahalanobis; 单变量IQR+3σ; 残差,3.816,30,残差异常：采煤机_牵引部位_左电机_电流 偏高（残差 Z-score=3.8，实际=164.0 vs 预测=0.0）
2013,2024-04-23 20:21:00,2024-04-23 20:21:00,1.0,停机,IsolationForest; Mahalanobis; 单变量IQR+3σ; 残差,5.469,30,正常
2014,2024-04-23 20:36:00,2024-04-23 20:36:00,1.0,停机,IsolationForest; Mahalanobis; 单变量IQR+3σ; 残差,6.24,30,正常
2015,2024-04-23 21:27:00,2024-04-23 21:27:00,1.0,停机,IsolationForest; Mahalanobis; 单变量IQR+3σ; 残差,7.383,30,正常
2016,2024-04-23 21:30:00,2024-04-23 21:30:00,1.0,停机,IsolationForest; Mahalanobis; 单变量IQR+3σ; 残差,4.467,30,残差异常：采煤机_油泵_左电机_电流 偏高（残差 Z-score=4.5，实际=54.0 vs 预测=16.8）
2017,2024-04-23 21:42:00,2024-04-23 21:42:00,1.0,停机,IsolationForest; Mahalanobis; 单变量IQR+3σ; 残差,3.908,30,残差异常：采煤机_油泵_右电机_电流 偏高（残差 Z-score=3.9，实际=48.0 vs 预测=17.0）
2018,2024-04-23 22:05:00,2024-04-23 22:05:00,1.0,停机,IsolationForest; Mahalanobis; 单变量IQR+3σ; 残差,4.256,30,正常
2019,2024-04-23 22:08:00,2024-04-23 22:08:00,1.0,停机,IsolationForest; Mahalanobis; 单变量IQR+3σ; 残差,6.327,30,正常
2020,2024-04-23 22:16:00,2024-04-23 22:20:00,5.0,空载运行,IsolationForest; Mahalanobis; 单变量IQR+3σ; 残差,15.63,150,正常
2021,2024-04-23 22:24:00,2024-04-23 22:26:00,3.0,空载运行,IsolationForest; Mahalanobis; 单变量IQR+3σ; 残差,14.658,90,正常
2022,2024-04-23 22:33:00,2024-04-23 22:33:00,1.0,停机,IsolationForest; Mahalanobis; 单变量IQR+3σ; 残差,7.913,30,正常
2023,2024-04-23 22:36:00,2024-04-23 22:36:00,1.0,空载运行,IsolationForest; Mahalanobis; 单变量IQR+3σ; 残差,11.751,30,正常
2024,2024-04-23 22:38:00,2024-04-23 22:38:00,1.0,空载运行,IsolationForest; Mahalanobis; 单变量IQR+3σ; 残差,8.291,30,正常
2025,2024-04-23 22:46:00,2024-04-23 22:46:00,1.0,停机,IsolationForest; Mahalanobis; 单变量IQR+3σ; 残差,6.404,30,残差异常：采煤机_油泵_右电机_电流 偏高（残差 Z-score=6.4，实际=68.0 vs 预测=17.2）
2026,2024-04-23 23:05:00,2024-04-23 23:05:00,1.0,停机,IsolationForest; Mahalanobis; 单变量IQR+3σ; 残差,4.443,30,残差异常：采煤机_油泵_左电机_电流 偏高（残差 Z-score=4.4，实际=54.0 vs 预测=17.0）
2027,2024-04-23 23:22:00,2024-04-23 23:22:00,1.0,停机,IsolationForest; Mahalanobis; 单变量IQR+3σ; 残差,9.935,30,正常
2028,2024-04-23 23:36:00,2024-04-23 23:36:00,1.0,空载运行,IsolationForest; Mahalanobis; 单变量IQR+3σ; 残差,5.43,30,正常
2029,2024-04-23 23:40:00,2024-04-23 23:40:00,1.0,停机,IsolationForest; Mahalanobis; 单变量IQR+3σ; 残差,5.613,30,正常
2030,2024-04-23 23:45:00,2024-04-23 23:45:00,1.0,空载运行,IsolationForest; Mahalanobis; 单变量IQR+3σ; 残差,4.689,30,正常
2031,2024-04-23 23:47:00,2024-04-23 23:47:00,1.0,空载运行,IsolationForest; Mahalanobis; 单变量IQR+3σ; 残差,3.949,30,正常
2032,2024-04-23 23:49:00,2024-04-23 23:50:00,2.0,停机,IsolationForest; Mahalanobis; 单变量IQR+3σ; 残差,6.026,60,残差异常：采煤机_油泵_右电机_电流 偏高（残差 Z-score=6.0，实际=65.0 vs 预测=17.2）
2033,2024-04-23 23:56:00,2024-04-23 23:57:00,2.0,空载运行,IsolationForest; Mahalanobis; 单变量IQR+3σ; 残差,2.678,60,正常
2034,2024-04-23 23:59:00,2024-04-24 00:00:00,2.0,空载运行,IsolationForest; Mahalanobis; 单变量IQR+3σ; 残差,5.039,60,正常
2035,2024-04-24 00:06:00,2024-04-24 00:07:00,2.0,空载运行,IsolationForest; Mahalanobis; 单变量IQR+3σ; 残差,6.107,60,正常
2036,2024-04-24 00:22:00,2024-04-24 00:27:00,6.0,停机,IsolationForest; Mahalanobis; 单变量IQR+3σ; 残差,12.176,180,正常
2037,2024-04-24 00:32:00,2024-04-24 00:32:00,1.0,停机,IsolationForest; Mahalanobis; 单变量IQR+3σ; 残差,9.277,30,正常
2038,2024-04-24 00:44:00,2024-04-24 00:44:00,1.0,停机,IsolationForest; Mahalanobis; 单变量IQR+3σ; 残差,8.257,30,正常
2039,2024-04-24 01:16:00,2024-04-24 01:16:00,1.0,停机,IsolationForest; Mahalanobis; 单变量IQR+3σ; 残差,7.948,30,正常
2040,2024-04-24 01:31:00,2024-04-24 01:31:00,1.0,停机,IsolationForest; Mahalanobis; 单变量IQR+3σ; 残差,7.795,30,正常
2041,2024-04-24 01:37:00,2024-04-24 01:39:00,3.0,空载运行,IsolationForest; Mahalanobis; 单变量IQR+3σ; 残差,7.489,90,残差异常：采煤机_截割部位_左滚筒_电机_温度 偏高（残差 Z-score=7.5，实际=90.0 vs 预测=73.8）
2042,2024-04-24 01:55:00,2024-04-24 01:55:00,1.0,空载运行,IsolationForest; Mahalanobis; 单变量IQR+3σ; 残差,3.231,30,正常
2043,2024-04-24 02:05:00,2024-04-24 02:05:00,1.0,停机,IsolationForest; Mahalanobis; 单变量IQR+3σ; 残差,8.646,30,正常
2044,2024-04-24 02:12:00,2024-04-24 02:12:00,1.0,空载运行,IsolationForest; Mahalanobis; 单变量IQR+3σ; 残差,2.334,30,正常
2045,2024-04-24 02:14:00,2024-04-24 02:15:00,2.0,空载运行,IsolationForest; Mahalanobis; 单变量IQR+3σ; 残差,1.97,60,正常
2046,2024-04-24 02:29:00,2024-04-24 02:30:00,2.0,停机,IsolationForest; Mahalanobis; 单变量IQR+3σ; 残差,4.923,60,残差异常：采煤机_油泵_左电机_电流 偏高（残差 Z-score=4.9，实际=41.0 vs 预测=0.0）
2047,2024-04-24 02:39:00,2024-04-24 02:39:00,1.0,空载运行,IsolationForest; Mahalanobis; 单变量IQR+3σ; 残差,3.679,30,正常
2048,2024-04-24 02:41:00,2024-04-24 02:41:00,1.0,空载运行,IsolationForest; Mahalanobis; 单变量IQR+3σ; 残差,6.665,30,正常
2049,2024-04-24 02:43:00,2024-04-24 02:43:00,1.0,空载运行,IsolationForest; Mahalanobis; 单变量IQR+3σ; 残差,6.066,30,正常
2050,2024-04-24 02:52:00,2024-04-24 02:52:00,1.0,空载运行,IsolationForest; Mahalanobis; 单变量IQR+3σ; 残差,4.503,30,残差异常：采煤机_油泵_左电机_电流 偏高（残差 Z-score=4.5，实际=48.0 vs 预测=16.4）
2051,2024-04-24 02:54:00,2024-04-24 02:55:00,2.0,停机,IsolationForest; Mahalanobis; 单变量IQR+3σ; 残差,3.914,60,正常
2052,2024-04-24 03:50:00,2024-04-24 03:52:00,3.0,空载运行,IsolationForest; Mahalanobis; 单变量IQR+3σ; 残差,1.142,90,正常
2053,2024-04-24 04:01:00,2024-04-24 04:02:00,2.0,空载运行,IsolationForest; Mahalanobis; 单变量IQR+3σ; 残差,5.897,60,正常
2054,2024-04-24 04:05:00,2024-04-24 04:05:00,1.0,空载运行,IsolationForest; Mahalanobis; 单变量IQR+3σ; 残差,6.992,30,正常
2055,2024-04-24 04:08:00,2024-04-24 04:08:00,1.0,停机,IsolationForest; Mahalanobis; 单变量IQR+3σ; 残差,3.764,30,正常
2056,2024-04-24 04:14:00,2024-04-24 04:14:00,1.0,停机,IsolationForest; Mahalanobis; 单变量IQR+3σ; 残差,4.083,30,残差异常：采煤机_油泵_左电机_电流 偏高（残差 Z-score=4.1，实际=51.0 vs 预测=17.0）
2057,2024-04-24 05:07:00,2024-04-24 05:07:00,1.0,停机,IsolationForest; Mahalanobis; 单变量IQR+3σ; 残差,4.844,30,正常
2058,2024-04-24 05:09:00,2024-04-24 05:11:00,3.0,空载运行,IsolationForest; Mahalanobis; 单变量IQR+3σ; 残差,6.564,90,残差异常：采煤机_截割部位_左滚筒_电机_温度 偏高（残差 Z-score=6.6，实际=81.0 vs 预测=66.8）
2059,2024-04-24 05:23:00,2024-04-24 05:23:00,1.0,停机,IsolationForest; Mahalanobis; 单变量IQR+3σ; 残差,3.711,30,残差异常：采煤机_破碎机_电机_温度 偏高（残差 Z-score=3.7，实际=49.0 vs 预测=36.0）
2060,2024-04-24 05:44:00,2024-04-24 05:44:00,1.0,停机,IsolationForest; Mahalanobis; 单变量IQR+3σ; 残差,4.683,30,残差异常：采煤机_油泵_左电机_电流 偏高（残差 Z-score=4.7，实际=56.0 vs 预测=17.0）
2061,2024-04-24 05:55:00,2024-04-24 05:55:00,1.0,停机,IsolationForest; Mahalanobis; 单变量IQR+3σ; 残差,3.757,30,残差异常：采煤机_油泵_右电机_电流 偏高（残差 Z-score=3.8，实际=50.0 vs 预测=20.2）
2062,2024-04-24 07:13:00,2024-04-24 07:13:00,1.0,停机,IsolationForest; Mahalanobis; 单变量IQR+3σ; 残差,1.061,30,正常
2063,2024-04-24 07:24:00,2024-04-24 07:27:00,4.0,空载运行,IsolationForest; Mahalanobis; 单变量IQR+3σ; 残差,1.046,120,正常
2064,2024-04-24 08:29:00,2024-04-24 08:29:00,1.0,停机,IsolationForest; Mahalanobis; 单变量IQR+3σ; 残差,3.656,30,残差异常：采煤机_油泵_右电机_电流 偏高（残差 Z-score=3.7，实际=29.0 vs 预测=0.0）
2065,2024-04-24 09:50:00,2024-04-24 09:53:00,4.0,空载运行,IsolationForest; Mahalanobis; 单变量IQR+3σ; 残差,1.133,120,正常
2066,2024-04-24 15:02:00,2024-04-24 15:02:00,1.0,空载运行,IsolationForest; Mahalanobis; 单变量IQR+3σ; 残差,6.127,30,残差异常：采煤机_油泵_左电机_电流 偏高（残差 Z-score=6.1，实际=43.0 vs 预测=0.0）
2067,2024-04-24 15:19:00,2024-04-24 15:19:00,1.0,空载运行,IsolationForest; Mahalanobis; 单变量IQR+3σ; 残差,3.08,30,正常
2068,2024-04-24 15:31:00,2024-04-24 15:31:00,1.0,空载运行,IsolationForest; Mahalanobis; 单变量IQR+3σ; 残差,1.22,30,正常
2069,2024-04-24 15:40:00,2024-04-24 15:40:00,1.0,停机,IsolationForest; Mahalanobis; 单变量IQR+3σ; 残差,6.028,30,残差异常：采煤机_油泵_左电机_电流 偏高（残差 Z-score=6.0，实际=58.0 vs 预测=7.8）
2070,2024-04-24 15:51:00,2024-04-24 15:57:00,7.0,空载运行,IsolationForest; Mahalanobis; 单变量IQR+3σ; 残差,5.865,210,正常
2071,2024-04-24 16:10:00,2024-04-24 16:10:00,1.0,停机,IsolationForest; Mahalanobis; 单变量IQR+3σ; 残差,4.037,30,正常
2072,2024-04-24 16:25:00,2024-04-24 16:27:00,3.0,空载运行,IsolationForest; Mahalanobis; 单变量IQR+3σ; 残差,8.488,90,残差异常：采煤机_牵引部位_右电机_温度 偏高（残差 Z-score=8.5，实际=59.0 vs 预测=38.0）
2073,2024-04-24 17:53:00,2024-04-24 17:53:00,1.0,空载运行,IsolationForest; Mahalanobis; 单变量IQR+3σ; 残差,3.718,30,残差异常：采煤机_破碎机_电机_电流 偏高（残差 Z-score=3.7，实际=35.0 vs 预测=12.4）
2074,2024-04-24 17:55:00,2024-04-24 17:55:00,1.0,停机,IsolationForest; Mahalanobis; 单变量IQR+3σ; 残差,5.332,30,残差异常：采煤机_油泵_左电机_电流 偏高（残差 Z-score=5.3，实际=52.0 vs 预测=7.6）
2075,2024-04-24 18:02:00,2024-04-24 18:03:00,2.0,空载运行,IsolationForest; Mahalanobis; 单变量IQR+3σ; 残差,2.612,60,正常
2076,2024-04-24 18:08:00,2024-04-24 18:08:00,1.0,停机,IsolationForest; Mahalanobis; 单变量IQR+3σ; 残差,6.08,30,正常
2077,2024-04-24 18:11:00,2024-04-24 18:11:00,1.0,空载运行,IsolationForest; Mahalanobis; 单变量IQR+3σ; 残差,4.61,30,正常
2078,2024-04-24 18:22:00,2024-04-24 18:22:00,1.0,空载运行,IsolationForest; Mahalanobis; 单变量IQR+3σ; 残差,5.177,30,正常
2079,2024-04-24 18:25:00,2024-04-24 18:27:00,3.0,空载运行,IsolationForest; Mahalanobis; 单变量IQR+3σ; 残差,9.577,90,正常
2080,2024-04-24 18:41:00,2024-04-24 18:41:00,1.0,停机,IsolationForest; Mahalanobis; 单变量IQR+3σ; 残差,5.641,30,正常
2081,2024-04-24 18:44:00,2024-04-24 18:44:00,1.0,空载运行,IsolationForest; Mahalanobis; 单变量IQR+3σ; 残差,4.274,30,残差异常：采煤机_油泵_左电机_电流 偏高（残差 Z-score=4.3，实际=52.0 vs 预测=22.0）
2082,2024-04-24 18:46:00,2024-04-24 18:47:00,2.0,空载运行,IsolationForest; Mahalanobis; 单变量IQR+3σ; 残差,1.639,60,正常
2083,2024-04-24 18:49:00,2024-04-24 18:49:00,1.0,停机,IsolationForest; Mahalanobis; 单变量IQR+3σ; 残差,1.676,30,正常
2084,2024-04-24 19:19:00,2024-04-24 19:19:00,1.0,停机,IsolationForest; Mahalanobis; 单变量IQR+3σ; 残差,6.456,30,正常
2085,2024-04-24 19:28:00,2024-04-24 19:32:00,5.0,停机,IsolationForest; Mahalanobis; 单变量IQR+3σ; 残差,32.898,150,Mahalanobis 距离=32.9（阈值=18.5）。主要贡献特征：PC4 (94.4%); PC3 (5.5%)。
2086,2024-04-24 19:37:00,2024-04-24 19:37:00,1.0,停机,IsolationForest; Mahalanobis; 单变量IQR+3σ; 残差,3.481,30,残差异常：采煤机_牵引部位_右电机_电流 偏高（残差 Z-score=3.5，实际=150.0 vs 预测=0.0）
2087,2024-04-24 20:03:00,2024-04-24 20:13:00,11.0,停机,IsolationForest; Mahalanobis; 单变量IQR+3σ; 残差,20.775,330,残差异常：采煤机_油泵_左电机_电流 偏高（残差 Z-score=20.8，实际=190.0 vs 预测=17.0）
2088,2024-04-24 20:16:00,2024-04-24 20:16:00,1.0,空载运行,IsolationForest; Mahalanobis; 单变量IQR+3σ; 残差,9.84,30,正常
2089,2024-04-24 20:19:00,2024-04-24 20:19:00,1.0,空载运行,IsolationForest; Mahalanobis; 单变量IQR+3σ; 残差,2.639,30,正常
2090,2024-04-24 20:24:00,2024-04-24 20:24:00,1.0,停机,IsolationForest; Mahalanobis; 单变量IQR+3σ; 残差,4.183,30,正常
2091,2024-04-24 20:27:00,2024-04-24 20:27:00,1.0,停机,IsolationForest; Mahalanobis; 单变量IQR+3σ; 残差,4.731,30,残差异常：采煤机_油泵_左电机_电流 偏高（残差 Z-score=4.7，实际=56.0 vs 预测=16.6）
2092,2024-04-24 20:33:00,2024-04-24 20:33:00,1.0,空载运行,IsolationForest; Mahalanobis; 单变量IQR+3σ; 残差,2.271,30,正常
2093,2024-04-24 20:45:00,2024-04-24 20:45:00,1.0,停机,IsolationForest; Mahalanobis; 单变量IQR+3σ; 残差,4.275,30,残差异常：采煤机_油泵_左电机_电流 偏高（残差 Z-score=4.3，实际=53.0 vs 预测=17.4）
2094,2024-04-24 20:53:00,2024-04-24 20:53:00,1.0,空载运行,IsolationForest; Mahalanobis; 单变量IQR+3σ; 残差,4.582,30,正常
2095,2024-04-24 21:08:00,2024-04-24 21:08:00,1.0,空载运行,IsolationForest; Mahalanobis; 单变量IQR+3σ; 残差,3.291,30,残差异常：采煤机_破碎机_电机_电流 偏高（残差 Z-score=3.3，实际=20.0 vs 预测=0.0）
2096,2024-04-24 21:10:00,2024-04-24 21:10:00,1.0,停机,IsolationForest; Mahalanobis; 单变量IQR+3σ; 残差,4.621,30,正常
2097,2024-04-24 21:13:00,2024-04-24 21:13:00,1.0,停机,IsolationForest; Mahalanobis; 单变量IQR+3σ; 残差,4.62,30,正常
2098,2024-04-24 21:46:00,2024-04-24 21:48:00,3.0,停机,IsolationForest; Mahalanobis; 单变量IQR+3σ; 残差,3.53,90,残差异常：采煤机_油泵_右电机_电流 偏高（残差 Z-score=3.5，实际=28.0 vs 预测=0.0）
2099,2024-04-24 21:58:00,2024-04-24 21:58:00,1.0,停机,IsolationForest; Mahalanobis; 单变量IQR+3σ; 残差,8.091,30,正常
2100,2024-04-24 22:05:00,2024-04-24 22:05:00,1.0,停机,IsolationForest; Mahalanobis; 单变量IQR+3σ; 残差,4.967,30,残差异常：采煤机_油泵_右电机_电流 偏高（残差 Z-score=5.0，实际=57.0 vs 预测=17.6）
2101,2024-04-24 22:08:00,2024-04-24 22:08:00,1.0,停机,IsolationForest; Mahalanobis; 单变量IQR+3σ; 残差,4.227,30,残差异常：采煤机_油泵_左电机_电流 偏高（残差 Z-score=4.2，实际=53.0 vs 预测=17.8）
2102,2024-04-24 22:26:00,2024-04-24 22:26:00,1.0,停机,IsolationForest; Mahalanobis; 单变量IQR+3σ; 残差,5.733,30,正常
2103,2024-04-24 22:40:00,2024-04-24 22:40:00,1.0,停机,IsolationForest; Mahalanobis; 单变量IQR+3σ; 残差,2.868,30,正常
2104,2024-04-24 22:57:00,2024-04-24 22:59:00,3.0,空载运行,IsolationForest; Mahalanobis; 单变量IQR+3σ; 残差,7.912,90,正常
2105,2024-04-24 23:03:00,2024-04-24 23:07:00,5.0,停机,IsolationForest; Mahalanobis; 单变量IQR+3σ; 残差,6.566,150,残差异常：采煤机_破碎机_电机_温度 偏高（残差 Z-score=6.6，实际=60.0 vs 预测=37.0）
2106,2024-04-24 23:09:00,2024-04-24 23:09:00,1.0,停机,IsolationForest; Mahalanobis; 单变量IQR+3σ; 残差,3.554,30,残差异常：采煤机_油泵_左电机_电流 偏高（残差 Z-score=3.6，实际=49.0 vs 预测=19.4）
2107,2024-04-24 23:35:00,2024-04-24 23:36:00,2.0,空载运行,IsolationForest; Mahalanobis; 单变量IQR+3σ; 残差,5.358,60,正常
2108,2024-04-24 23:39:00,2024-04-24 23:40:00,2.0,空载运行,IsolationForest; Mahalanobis; 单变量IQR+3σ; 残差,3.76,60,正常
2109,2024-04-24 23:48:00,2024-04-24 23:48:00,1.0,空载运行,IsolationForest; Mahalanobis; 单变量IQR+3σ; 残差,7.994,30,残差异常：采煤机_油泵_右电机_电流 偏高（残差 Z-score=8.0，实际=58.0 vs 预测=7.0）
2110,2024-04-25 00:05:00,2024-04-25 00:06:00,2.0,空载运行,IsolationForest; Mahalanobis; 单变量IQR+3σ; 残差,5.161,60,正常
2111,2024-04-25 00:17:00,2024-04-25 00:17:00,1.0,空载运行,IsolationForest; Mahalanobis; 单变量IQR+3σ; 残差,4.302,30,正常
2112,2024-04-25 00:20:00,2024-04-25 00:20:00,1.0,空载运行,IsolationForest; Mahalanobis; 单变量IQR+3σ; 残差,4.45,30,正常
2113,2024-04-25 00:28:00,2024-04-25 00:31:00,4.0,空载运行,IsolationForest; Mahalanobis; 单变量IQR+3σ; 残差,8.237,120,正常
2114,2024-04-25 00:33:00,2024-04-25 00:33:00,1.0,空载运行,IsolationForest; Mahalanobis; 单变量IQR+3σ; 残差,8.181,30,正常
2115,2024-04-25 00:38:00,2024-04-25 00:39:00,2.0,停机,IsolationForest; Mahalanobis; 单变量IQR+3σ; 残差,9.657,60,正常
2116,2024-04-25 01:08:00,2024-04-25 01:08:00,1.0,空载运行,IsolationForest; Mahalanobis; 单变量IQR+3σ; 残差,2.844,30,正常
2117,2024-04-25 01:14:00,2024-04-25 01:14:00,1.0,停机,IsolationForest; Mahalanobis; 单变量IQR+3σ; 残差,9.435,30,正常
2118,2024-04-25 01:34:00,2024-04-25 01:34:00,1.0,空载运行,IsolationForest; Mahalanobis; 单变量IQR+3σ; 残差,4.152,30,残差异常：采煤机_截割部位_右滚筒_电机_电流 偏高（残差 Z-score=4.2，实际=260.0 vs 预测=96.0）
2119,2024-04-25 01:51:00,2024-04-25 01:51:00,1.0,空载运行,IsolationForest; Mahalanobis; 单变量IQR+3σ; 残差,3.324,30,正常
2120,2024-04-25 01:57:00,2024-04-25 01:57:00,1.0,空载运行,IsolationForest; Mahalanobis; 单变量IQR+3σ; 残差,6.113,30,残差异常：采煤机_油泵_右电机_电流 偏高（残差 Z-score=6.1，实际=56.0 vs 预测=17.0）
2121,2024-04-25 02:02:00,2024-04-25 02:04:00,3.0,停机,IsolationForest; Mahalanobis; 单变量IQR+3σ; 残差,5.652,90,残差异常：采煤机_破碎机_电机_温度 偏高（残差 Z-score=5.7，实际=66.0 vs 预测=46.2）
2122,2024-04-25 02:11:00,2024-04-25 02:11:00,1.0,停机,IsolationForest; Mahalanobis; 单变量IQR+3σ; 残差,3.776,30,正常
2123,2024-04-25 02:16:00,2024-04-25 02:16:00,1.0,空载运行,IsolationForest; Mahalanobis; 单变量IQR+3σ; 残差,4.503,30,残差异常：采煤机_油泵_左电机_电流 偏高（残差 Z-score=4.5，实际=48.0 vs 预测=16.4）
2124,2024-04-25 02:20:00,2024-04-25 02:21:00,2.0,空载运行,IsolationForest; Mahalanobis; 单变量IQR+3σ; 残差,5.516,60,正常
2125,2024-04-25 02:25:00,2024-04-25 02:25:00,1.0,空载运行,IsolationForest; Mahalanobis; 单变量IQR+3σ; 残差,3.052,30,正常
2126,2024-04-25 02:32:00,2024-04-25 02:34:00,3.0,空载运行,IsolationForest; Mahalanobis; 单变量IQR+3σ; 残差,1.998,90,正常
2127,2024-04-25 02:49:00,2024-04-25 02:49:00,1.0,空载运行,IsolationForest; Mahalanobis; 单变量IQR+3σ; 残差,3.637,30,残差异常：采煤机_油泵_右电机_电流 偏高（残差 Z-score=3.6，实际=44.0 vs 预测=20.8）
2128,2024-04-25 02:58:00,2024-04-25 02:58:00,1.0,空载运行,IsolationForest; Mahalanobis; 单变量IQR+3σ; 残差,6.123,30,正常
2129,2024-04-25 03:03:00,2024-04-25 03:03:00,1.0,空载运行,IsolationForest; Mahalanobis; 单变量IQR+3σ; 残差,6.239,30,残差异常：采煤机_油泵_右电机_电流 偏高（残差 Z-score=6.2，实际=57.0 vs 预测=17.2）
2130,2024-04-25 03:05:00,2024-04-25 03:05:00,1.0,空载运行,IsolationForest; Mahalanobis; 单变量IQR+3σ; 残差,3.363,30,残差异常：采煤机_油泵_左电机_电流 偏高（残差 Z-score=3.4，实际=45.0 vs 预测=21.4）
2131,2024-04-25 03:30:00,2024-04-25 03:30:00,1.0,停机,IsolationForest; Mahalanobis; 单变量IQR+3σ; 残差,2.269,30,正常
2132,2024-04-25 03:33:00,2024-04-25 03:33:00,1.0,停机,IsolationForest; Mahalanobis; 单变量IQR+3σ; 残差,4.286,30,残差异常：采煤机_油泵_右电机_电流 偏高（残差 Z-score=4.3，实际=46.0 vs 预测=12.0）
2133,2024-04-25 03:35:00,2024-04-25 03:35:00,1.0,停机,IsolationForest; Mahalanobis; 单变量IQR+3σ; 残差,3.818,30,残差异常：采煤机_油泵_左电机_电流 偏高（残差 Z-score=3.8，实际=49.0 vs 预测=17.2）
2134,2024-04-25 03:58:00,2024-04-25 03:58:00,1.0,停机,IsolationForest; Mahalanobis; 单变量IQR+3σ; 残差,7.954,30,正常
2135,2024-04-25 04:03:00,2024-04-25 04:03:00,1.0,空载运行,IsolationForest; Mahalanobis; 单变量IQR+3σ; 残差,3.619,30,残差异常：采煤机_破碎机_电机_电流 偏高（残差 Z-score=3.6，实际=41.0 vs 预测=19.0）
2136,2024-04-25 04:07:00,2024-04-25 04:07:00,1.0,空载运行,IsolationForest; Mahalanobis; 单变量IQR+3σ; 残差,5.173,30,残差异常：采煤机_油泵_右电机_电流 偏高（残差 Z-score=5.2，实际=51.0 vs 预测=18.0）
2137,2024-04-25 04:16:00,2024-04-25 04:16:00,1.0,空载运行,IsolationForest; Mahalanobis; 单变量IQR+3σ; 残差,10.698,30,正常
2138,2024-04-25 04:22:00,2024-04-25 04:23:00,2.0,停机,IsolationForest; Mahalanobis; 单变量IQR+3σ; 残差,8.212,60,正常
2139,2024-04-25 04:26:00,2024-04-25 04:27:00,2.0,空载运行,IsolationForest; Mahalanobis; 单变量IQR+3σ; 残差,6.145,60,残差异常：采煤机_油泵_右电机_电流 偏高（残差 Z-score=6.1，实际=57.0 vs 预测=17.8）
2140,2024-04-25 04:29:00,2024-04-25 04:29:00,1.0,带载运行,IsolationForest; Mahalanobis; 单变量IQR+3σ; 残差,5.421,30,正常
2141,2024-04-25 04:31:00,2024-04-25 04:33:00,3.0,空载运行,IsolationForest; Mahalanobis; 单变量IQR+3σ; 残差,4.365,90,正常
2142,2024-04-25 04:38:00,2024-04-25 04:38:00,1.0,空载运行,IsolationForest; Mahalanobis; 单变量IQR+3σ; 残差,3.291,30,残差异常：采煤机_破碎机_电机_电流 偏高（残差 Z-score=3.3，实际=20.0 vs 预测=0.0）
2143,2024-04-25 04:43:00,2024-04-25 04:43:00,1.0,空载运行,IsolationForest; Mahalanobis; 单变量IQR+3σ; 残差,5.231,30,残差异常：采煤机_破碎机_电机_电流 偏高（残差 Z-score=5.2，实际=49.0 vs 预测=17.2）
2144,2024-04-25 04:54:00,2024-04-25 04:55:00,2.0,空载运行,IsolationForest; Mahalanobis; 单变量IQR+3σ; 残差,5.813,60,残差异常：采煤机_油泵_左电机_电流 偏高（残差 Z-score=5.8，实际=57.0 vs 预测=16.2）
2145,2024-04-25 04:58:00,2024-04-25 04:58:00,1.0,空载运行,IsolationForest; Mahalanobis; 单变量IQR+3σ; 残差,3.093,30,残差异常：采煤机_破碎机_电机_电流 偏高（残差 Z-score=3.1，实际=38.0 vs 预测=19.2）
2146,2024-04-25 05:01:00,2024-04-25 05:01:00,1.0,空载运行,IsolationForest; Mahalanobis; 单变量IQR+3σ; 残差,4.277,30,残差异常：采煤机_破碎机_电机_电流 偏高（残差 Z-score=4.3，实际=49.0 vs 预测=23.0）
2147,2024-04-25 05:08:00,2024-04-25 05:08:00,1.0,空载运行,IsolationForest; Mahalanobis; 单变量IQR+3σ; 残差,4.044,30,残差异常：采煤机_油泵_右电机_电流 偏高（残差 Z-score=4.0，实际=43.0 vs 预测=17.2）
2148,2024-04-25 05:23:00,2024-04-25 05:23:00,1.0,空载运行,IsolationForest; Mahalanobis; 单变量IQR+3σ; 残差,4.234,30,正常
2149,2024-04-25 05:38:00,2024-04-25 05:38:00,1.0,空载运行,IsolationForest; Mahalanobis; 单变量IQR+3σ; 残差,4.315,30,正常
2150,2024-04-25 05:49:00,2024-04-25 05:49:00,1.0,停机,IsolationForest; Mahalanobis; 单变量IQR+3σ; 残差,7.487,30,正常
2151,2024-04-25 06:01:00,2024-04-25 06:01:00,1.0,停机,IsolationForest; Mahalanobis; 单变量IQR+3σ; 残差,5.814,30,正常
2152,2024-04-25 06:18:00,2024-04-25 06:18:00,1.0,停机,IsolationForest; Mahalanobis; 单变量IQR+3σ; 残差,3.89,30,正常
2153,2024-04-25 06:44:00,2024-04-25 06:45:00,2.0,停机,IsolationForest; Mahalanobis; 单变量IQR+3σ; 残差,4.412,60,残差异常：采煤机_油泵_右电机_电流 偏高（残差 Z-score=4.4，实际=52.0 vs 预测=17.0）
2154,2024-04-25 06:54:00,2024-04-25 06:55:00,2.0,停机,IsolationForest; Mahalanobis; 单变量IQR+3σ; 残差,5.37,60,正常
2155,2024-04-25 07:03:00,2024-04-25 07:03:00,1.0,停机,IsolationForest; Mahalanobis; 单变量IQR+3σ; 残差,5.547,30,残差异常：采煤机_油泵_右电机_电流 偏高（残差 Z-score=5.5，实际=61.0 vs 预测=17.0）
2156,2024-04-25 07:23:00,2024-04-25 07:24:00,2.0,停机,IsolationForest; Mahalanobis; 单变量IQR+3σ; 残差,5.994,60,正常
2157,2024-04-25 07:31:00,2024-04-25 07:31:00,1.0,空载运行,IsolationForest; Mahalanobis; 单变量IQR+3σ; 残差,4.648,30,正常
2158,2024-04-25 07:42:00,2024-04-25 07:43:00,2.0,空载运行,IsolationForest; Mahalanobis; 单变量IQR+3σ; 残差,5.538,60,正常
2159,2024-04-25 07:56:00,2024-04-25 07:56:00,1.0,空载运行,IsolationForest; Mahalanobis; 单变量IQR+3σ; 残差,5.11,30,残差异常：采煤机_油泵_右电机_电流 偏高（残差 Z-score=5.1，实际=50.0 vs 预测=17.4）
2160,2024-04-25 08:01:00,2024-04-25 08:01:00,1.0,空载运行,IsolationForest; Mahalanobis; 单变量IQR+3σ; 残差,4.018,30,正常
2161,2024-04-25 08:06:00,2024-04-25 08:06:00,1.0,停机,IsolationForest; Mahalanobis; 单变量IQR+3σ; 残差,4.791,30,正常
2162,2024-04-25 08:09:00,2024-04-25 08:09:00,1.0,停机,IsolationForest; Mahalanobis; 单变量IQR+3σ; 残差,6.148,30,正常
2163,2024-04-25 08:46:00,2024-04-25 08:49:00,4.0,停机,IsolationForest; Mahalanobis; 单变量IQR+3σ; 残差,15.259,120,正常
2164,2024-04-25 09:00:00,2024-04-25 09:00:00,1.0,停机,IsolationForest; Mahalanobis; 单变量IQR+3σ; 残差,3.192,30,残差异常：采煤机_牵引部位_左电机_温度 偏高（残差 Z-score=3.2，实际=66.0 vs 预测=54.0）
2165,2024-04-25 09:05:00,2024-04-25 09:05:00,1.0,停机,IsolationForest; Mahalanobis; 单变量IQR+3σ; 残差,4.216,30,正常
2166,2024-04-25 09:11:00,2024-04-25 09:12:00,2.0,停机,IsolationForest; Mahalanobis; 单变量IQR+3σ; 残差,2.975,60,正常
2167,2024-04-25 09:21:00,2024-04-25 09:43:00,23.0,停机,IsolationForest; Mahalanobis; 单变量IQR+3σ; 残差,135.91,690,Mahalanobis 距离=135.9（阈值=18.5）。主要贡献特征：PC4 (84.8%); PC3 (13.7%); PC2 (1.5%)。
2168,2024-04-25 09:46:00,2024-04-25 09:46:00,1.0,空载运行,IsolationForest; Mahalanobis; 单变量IQR+3σ; 残差,11.303,30,正常
2169,2024-04-25 09:48:00,2024-04-25 09:54:00,7.0,停机,IsolationForest; Mahalanobis; 单变量IQR+3σ; 残差,7.947,210,正常
2170,2024-04-25 10:01:00,2024-04-25 10:01:00,1.0,空载运行,IsolationForest; Mahalanobis; 单变量IQR+3σ; 残差,5.557,30,残差异常：采煤机_油泵_左电机_电流 偏高（残差 Z-score=5.6，实际=58.0 vs 预测=19.0）
2171,2024-04-25 10:05:00,2024-04-25 10:05:00,1.0,停机,IsolationForest; Mahalanobis; 单变量IQR+3σ; 残差,4.755,30,正常
2172,2024-04-25 10:16:00,2024-04-25 10:16:00,1.0,停机,IsolationForest; Mahalanobis; 单变量IQR+3σ; 残差,3.479,30,残差异常：采煤机_油泵_右电机_电流 偏高（残差 Z-score=3.5，实际=31.0 vs 预测=3.4）
2173,2024-04-25 10:21:00,2024-04-25 10:23:00,3.0,空载运行,IsolationForest; Mahalanobis; 单变量IQR+3σ; 残差,1.323,90,正常
2174,2024-04-25 11:10:00,2024-04-25 11:10:00,1.0,停机,IsolationForest; Mahalanobis; 单变量IQR+3σ; 残差,1.164,30,正常
2175,2024-04-25 13:31:00,2024-04-25 13:32:00,2.0,停机,IsolationForest; Mahalanobis; 单变量IQR+3σ; 残差,3.842,60,残差异常：采煤机_油泵_左电机_电流 偏高（残差 Z-score=3.8，实际=40.0 vs 预测=8.0）
2176,2024-04-25 13:34:00,2024-04-25 13:35:00,2.0,空载运行,IsolationForest; Mahalanobis; 单变量IQR+3σ; 残差,3.028,60,残差异常：采煤机_油泵_左电机_温度 偏高（残差 Z-score=3.0，实际=52.0 vs 预测=48.6）
2177,2024-04-25 14:38:00,2024-04-25 15:30:00,53.0,停机,IsolationForest; Mahalanobis; 单变量IQR+3σ; 残差,16.281,1590,残差异常：采煤机_油泵_左电机_温度 偏高（残差 Z-score=16.3，实际=49.0 vs 预测=0.0）
2178,2024-04-25 15:55:00,2024-04-25 15:55:00,1.0,停机,IsolationForest; Mahalanobis; 单变量IQR+3σ; 残差,3.644,30,正常
2179,2024-04-25 16:00:00,2024-04-25 16:00:00,1.0,停机,IsolationForest; Mahalanobis; 单变量IQR+3σ; 残差,3.627,30,正常
2180,2024-04-25 16:04:00,2024-04-25 16:04:00,1.0,停机,IsolationForest; Mahalanobis; 单变量IQR+3σ; 残差,6.505,30,残差异常：采煤机_油泵_右电机_电流 偏高（残差 Z-score=6.5，实际=63.0 vs 预测=11.4）
2181,2024-04-25 16:16:00,2024-04-25 16:19:00,4.0,空载运行,IsolationForest; Mahalanobis; 单变量IQR+3σ; 残差,7.753,120,残差异常：采煤机_截割部位_右滚筒_电机_温度 偏高（残差 Z-score=7.8，实际=60.0 vs 预测=46.6）
2182,2024-04-25 16:26:00,2024-04-25 16:26:00,1.0,空载运行,IsolationForest; Mahalanobis; 单变量IQR+3σ; 残差,5.699,30,残差异常：采煤机_油泵_左电机_电流 偏高（残差 Z-score=5.7，实际=61.0 vs 预测=21.0）
2183,2024-04-25 16:35:00,2024-04-25 16:35:00,1.0,空载运行,IsolationForest; Mahalanobis; 单变量IQR+3σ; 残差,3.317,30,残差异常：采煤机_截割部位_右滚筒_电机_电流 偏高（残差 Z-score=3.3，实际=205.0 vs 预测=74.0）
2184,2024-04-25 17:59:00,2024-04-25 17:59:00,1.0,停机,IsolationForest; Mahalanobis; 单变量IQR+3σ; 残差,3.179,30,残差异常：采煤机_牵引部位_右电机_电流 偏高（残差 Z-score=3.2，实际=137.0 vs 预测=0.0）
2185,2024-04-25 18:32:00,2024-04-25 18:32:00,1.0,停机,IsolationForest; Mahalanobis; 单变量IQR+3σ; 残差,6.316,30,残差异常：采煤机_油泵_左电机_电流 偏高（残差 Z-score=6.3，实际=56.0 vs 预测=3.4）
2186,2024-04-25 18:34:00,2024-04-25 18:34:00,1.0,停机,IsolationForest; Mahalanobis; 单变量IQR+3σ; 残差,6.113,30,正常
2187,2024-04-25 18:47:00,2024-04-25 18:47:00,1.0,停机,IsolationForest; Mahalanobis; 单变量IQR+3σ; 残差,4.325,30,正常
2188,2024-04-25 18:51:00,2024-04-25 18:51:00,1.0,停机,IsolationForest; Mahalanobis; 单变量IQR+3σ; 残差,2.239,30,正常
2189,2024-04-25 18:53:00,2024-04-25 18:53:00,1.0,停机,IsolationForest; Mahalanobis; 单变量IQR+3σ; 残差,8.747,30,正常
2190,2024-04-25 18:56:00,2024-04-25 18:56:00,1.0,停机,IsolationForest; Mahalanobis; 单变量IQR+3σ; 残差,14.974,30,正常
2191,2024-04-25 19:16:00,2024-04-25 19:16:00,1.0,空载运行,IsolationForest; Mahalanobis; 单变量IQR+3σ; 残差,3.155,30,正常
2192,2024-04-25 19:18:00,2024-04-25 19:19:00,2.0,停机,IsolationForest; Mahalanobis; 单变量IQR+3σ; 残差,25.846,60,Mahalanobis 距离=25.8（阈值=18.5）。主要贡献特征：PC2 (98.4%); PC1 (1.1%)。
2193,2024-04-25 19:25:00,2024-04-25 19:27:00,3.0,停机,IsolationForest; Mahalanobis; 单变量IQR+3σ; 残差,3.254,90,残差异常：采煤机_破碎机_电机_温度 偏高（残差 Z-score=3.3，实际=47.0 vs 预测=35.6）
2194,2024-04-25 19:35:00,2024-04-25 19:35:00,1.0,停机,IsolationForest; Mahalanobis; 单变量IQR+3σ; 残差,4.034,30,残差异常：采煤机_油泵_右电机_电流 偏高（残差 Z-score=4.0，实际=32.0 vs 预测=0.0）
2195,2024-04-25 19:38:00,2024-04-25 19:39:00,2.0,空载运行,IsolationForest; Mahalanobis; 单变量IQR+3σ; 残差,3.522,60,正常
2196,2024-04-25 20:01:00,2024-04-25 20:02:00,2.0,空载运行,IsolationForest; Mahalanobis; 单变量IQR+3σ; 残差,4.459,60,残差异常：采煤机_油泵_右电机_温度 偏高（残差 Z-score=4.5，实际=51.0 vs 预测=45.8）
2197,2024-04-25 20:09:00,2024-04-25 20:09:00,1.0,空载运行,IsolationForest; Mahalanobis; 单变量IQR+3σ; 残差,3.245,30,正常
2198,2024-04-25 20:26:00,2024-04-25 20:26:00,1.0,空载运行,IsolationForest; Mahalanobis; 单变量IQR+3σ; 残差,5.889,30,正常
2199,2024-04-25 20:28:00,2024-04-25 20:28:00,1.0,停机,IsolationForest; Mahalanobis; 单变量IQR+3σ; 残差,6.637,30,正常
2200,2024-04-25 20:38:00,2024-04-25 20:38:00,1.0,空载运行,IsolationForest; Mahalanobis; 单变量IQR+3σ; 残差,4.702,30,残差异常：采煤机_油泵_右电机_电流 偏高（残差 Z-score=4.7，实际=47.0 vs 预测=17.0）
2201,2024-04-25 20:43:00,2024-04-25 20:43:00,1.0,停机,IsolationForest; Mahalanobis; 单变量IQR+3σ; 残差,8.134,30,正常
2202,2024-04-25 21:07:00,2024-04-25 21:07:00,1.0,停机,IsolationForest; Mahalanobis; 单变量IQR+3σ; 残差,3.602,30,残差异常：采煤机_油泵_左电机_电流 偏高（残差 Z-score=3.6，实际=43.0 vs 预测=13.0）
2203,2024-04-25 21:27:00,2024-04-25 21:27:00,1.0,停机,IsolationForest; Mahalanobis; 单变量IQR+3σ; 残差,4.563,30,残差异常：采煤机_油泵_右电机_电流 偏高（残差 Z-score=4.6，实际=53.0 vs 预测=16.8）
2204,2024-04-25 21:47:00,2024-04-25 21:47:00,1.0,停机,IsolationForest; Mahalanobis; 单变量IQR+3σ; 残差,1.811,30,正常
2205,2024-04-25 21:58:00,2024-04-25 21:58:00,1.0,停机,IsolationForest; Mahalanobis; 单变量IQR+3σ; 残差,5.37,30,残差异常：采煤机_油泵_右电机_电流 偏高（残差 Z-score=5.4，实际=54.0 vs 预测=11.4）
2206,2024-04-25 22:04:00,2024-04-25 22:04:00,1.0,停机,IsolationForest; Mahalanobis; 单变量IQR+3σ; 残差,3.169,30,正常
2207,2024-04-25 22:07:00,2024-04-25 22:07:00,1.0,空载运行,IsolationForest; Mahalanobis; 单变量IQR+3σ; 残差,3.192,30,残差异常：采煤机_油泵_左电机_电流 偏高（残差 Z-score=3.2，实际=39.0 vs 预测=16.6）
2208,2024-04-25 22:11:00,2024-04-25 22:11:00,1.0,空载运行,IsolationForest; Mahalanobis; 单变量IQR+3σ; 残差,3.721,30,正常
2209,2024-04-25 22:31:00,2024-04-25 22:31:00,1.0,空载运行,IsolationForest; Mahalanobis; 单变量IQR+3σ; 残差,4.351,30,正常
2210,2024-04-25 22:50:00,2024-04-25 22:50:00,1.0,空载运行,IsolationForest; Mahalanobis; 单变量IQR+3σ; 残差,4.189,30,残差异常：采煤机_油泵_左电机_电流 偏高（残差 Z-score=4.2，实际=46.0 vs 预测=16.6）
2211,2024-04-25 22:55:00,2024-04-25 23:00:00,6.0,停机,IsolationForest; Mahalanobis; 单变量IQR+3σ; 残差,33.563,180,Mahalanobis 距离=33.6（阈值=18.5）。主要贡献特征：PC2 (98.5%); PC3 (1.1%)。
2212,2024-04-25 23:22:00,2024-04-25 23:22:00,1.0,停机,IsolationForest; Mahalanobis; 单变量IQR+3σ; 残差,4.227,30,残差异常：采煤机_油泵_左电机_电流 偏高（残差 Z-score=4.2，实际=52.0 vs 预测=16.8）
2213,2024-04-25 23:33:00,2024-04-25 23:33:00,1.0,停机,IsolationForest; Mahalanobis; 单变量IQR+3σ; 残差,5.404,30,残差异常：采煤机_油泵_左电机_电流 偏高（残差 Z-score=5.4，实际=45.0 vs 预测=0.0）
2214,2024-04-25 23:43:00,2024-04-25 23:43:00,1.0,停机,IsolationForest; Mahalanobis; 单变量IQR+3σ; 残差,4.916,30,残差异常：采煤机_油泵_右电机_电流 偏高（残差 Z-score=4.9，实际=56.0 vs 预测=17.0）
2215,2024-04-25 23:50:00,2024-04-25 23:51:00,2.0,空载运行,IsolationForest; Mahalanobis; 单变量IQR+3σ; 残差,10.008,60,正常
2216,2024-04-26 00:04:00,2024-04-26 00:04:00,1.0,停机,IsolationForest; Mahalanobis; 单变量IQR+3σ; 残差,6.21,30,正常
2217,2024-04-26 00:09:00,2024-04-26 00:10:00,2.0,空载运行,IsolationForest; Mahalanobis; 单变量IQR+3σ; 残差,4.817,60,正常
2218,2024-04-26 00:12:00,2024-04-26 00:12:00,1.0,空载运行,IsolationForest; Mahalanobis; 单变量IQR+3σ; 残差,6.207,30,残差异常：采煤机_油泵_右电机_电流 偏高（残差 Z-score=6.2，实际=53.0 vs 预测=13.4）
2219,2024-04-26 00:14:00,2024-04-26 00:14:00,1.0,空载运行,IsolationForest; Mahalanobis; 单变量IQR+3σ; 残差,5.072,30,残差异常：采煤机_油泵_左电机_电流 偏高（残差 Z-score=5.1，实际=49.0 vs 预测=13.4）
2220,2024-04-26 00:18:00,2024-04-26 00:19:00,2.0,空载运行,IsolationForest; Mahalanobis; 单变量IQR+3σ; 残差,4.639,60,残差异常：采煤机_破碎机_电机_电流 偏高（残差 Z-score=4.6，实际=32.0 vs 预测=3.8）
2221,2024-04-26 00:22:00,2024-04-26 00:22:00,1.0,空载运行,IsolationForest; Mahalanobis; 单变量IQR+3σ; 残差,7.067,30,残差异常：采煤机_油泵_左电机_电流 偏高（残差 Z-score=7.1，实际=66.0 vs 预测=16.4）
2222,2024-04-26 00:27:00,2024-04-26 00:27:00,1.0,空载运行,IsolationForest; Mahalanobis; 单变量IQR+3σ; 残差,9.901,30,正常
2223,2024-04-26 00:30:00,2024-04-26 00:31:00,2.0,空载运行,IsolationForest; Mahalanobis; 单变量IQR+3σ; 残差,10.014,60,正常
2224,2024-04-26 00:37:00,2024-04-26 00:38:00,2.0,停机,IsolationForest; Mahalanobis; 单变量IQR+3σ; 残差,4.853,60,残差异常：采煤机_破碎机_电机_温度 偏高（残差 Z-score=4.9，实际=59.0 vs 预测=42.0）
2225,2024-04-26 00:44:00,2024-04-26 00:44:00,1.0,空载运行,IsolationForest; Mahalanobis; 单变量IQR+3σ; 残差,1.303,30,正常
2226,2024-04-26 00:47:00,2024-04-26 00:47:00,1.0,空载运行,IsolationForest; Mahalanobis; 单变量IQR+3σ; 残差,6.019,30,残差异常：采煤机_油泵_右电机_电流 偏高（残差 Z-score=6.0，实际=52.0 vs 预测=13.6）
2227,2024-04-26 01:02:00,2024-04-26 01:02:00,1.0,空载运行,IsolationForest; Mahalanobis; 单变量IQR+3σ; 残差,3.287,30,残差异常：采煤机_截割部位_左滚筒_电机_电流 偏高（残差 Z-score=3.3，实际=187.0 vs 预测=64.0）
2228,2024-04-26 01:10:00,2024-04-26 01:12:00,3.0,空载运行,IsolationForest; Mahalanobis; 单变量IQR+3σ; 残差,6.521,90,残差异常：采煤机_油泵_右电机_电流 偏高（残差 Z-score=6.5，实际=58.0 vs 预测=16.4）
2229,2024-04-26 01:19:00,2024-04-26 01:20:00,2.0,空载运行,IsolationForest; Mahalanobis; 单变量IQR+3σ; 残差,4.873,60,残差异常：采煤机_油泵_左电机_电流 偏高（残差 Z-score=4.9，实际=51.0 vs 预测=16.8）
2230,2024-04-26 01:25:00,2024-04-26 01:25:00,1.0,空载运行,IsolationForest; Mahalanobis; 单变量IQR+3σ; 残差,2.789,30,正常
2231,2024-04-26 01:40:00,2024-04-26 01:41:00,2.0,空载运行,IsolationForest; Mahalanobis; 单变量IQR+3σ; 残差,4.702,60,残差异常：采煤机_油泵_右电机_电流 偏高（残差 Z-score=4.7，实际=47.0 vs 预测=17.0）
2232,2024-04-26 01:54:00,2024-04-26 01:55:00,2.0,停机,IsolationForest; Mahalanobis; 单变量IQR+3σ; 残差,6.34,60,正常
2233,2024-04-26 02:03:00,2024-04-26 02:03:00,1.0,停机,IsolationForest; Mahalanobis; 单变量IQR+3σ; 残差,4.589,30,残差异常：采煤机_油泵_右电机_电流 偏高（残差 Z-score=4.6，实际=58.0 vs 预测=21.6）
2234,2024-04-26 02:10:00,2024-04-26 02:10:00,1.0,停机,IsolationForest; Mahalanobis; 单变量IQR+3σ; 残差,6.457,30,正常
2235,2024-04-26 02:40:00,2024-04-26 02:44:00,5.0,停机,IsolationForest; Mahalanobis; 单变量IQR+3σ; 残差,8.182,150,正常
2236,2024-04-26 02:47:00,2024-04-26 02:47:00,1.0,停机,IsolationForest; Mahalanobis; 单变量IQR+3σ; 残差,9.259,30,正常
2237,2024-04-26 02:57:00,2024-04-26 02:59:00,3.0,停机,IsolationForest; Mahalanobis; 单变量IQR+3σ; 残差,6.366,90,正常
2238,2024-04-26 03:01:00,2024-04-26 03:02:00,2.0,空载运行,IsolationForest; Mahalanobis; 单变量IQR+3σ; 残差,4.088,60,正常
2239,2024-04-26 03:05:00,2024-04-26 03:08:00,4.0,空载运行,IsolationForest; Mahalanobis; 单变量IQR+3σ; 残差,12.751,120,正常
2240,2024-04-26 03:10:00,2024-04-26 03:12:00,3.0,空载运行,IsolationForest; Mahalanobis; 单变量IQR+3σ; 残差,13.984,90,正常
2241,2024-04-26 03:14:00,2024-04-26 03:15:00,2.0,空载运行,IsolationForest; Mahalanobis; 单变量IQR+3σ; 残差,4.71,60,正常
2242,2024-04-26 03:17:00,2024-04-26 03:18:00,2.0,停机,IsolationForest; Mahalanobis; 单变量IQR+3σ; 残差,4.299,60,残差异常：采煤机_油泵_左电机_电流 偏高（残差 Z-score=4.3，实际=49.0 vs 预测=13.2）
2243,2024-04-26 03:28:00,2024-04-26 03:28:00,1.0,空载运行,IsolationForest; Mahalanobis; 单变量IQR+3σ; 残差,1.736,30,正常
2244,2024-04-26 03:31:00,2024-04-26 03:31:00,1.0,空载运行,IsolationForest; Mahalanobis; 单变量IQR+3σ; 残差,4.734,30,残差异常：采煤机_油泵_右电机_电流 偏高（残差 Z-score=4.7，实际=48.0 vs 预测=17.8）
2245,2024-04-26 03:38:00,2024-04-26 03:38:00,1.0,空载运行,IsolationForest; Mahalanobis; 单变量IQR+3σ; 残差,4.985,30,残差异常：采煤机_油泵_右电机_电流 偏高（残差 Z-score=5.0，实际=56.0 vs 预测=24.2）
2246,2024-04-26 03:40:00,2024-04-26 03:40:00,1.0,空载运行,IsolationForest; Mahalanobis; 单变量IQR+3σ; 残差,4.26,30,正常
2247,2024-04-26 03:42:00,2024-04-26 03:42:00,1.0,空载运行,IsolationForest; Mahalanobis; 单变量IQR+3σ; 残差,3.703,30,正常
2248,2024-04-26 03:49:00,2024-04-26 03:49:00,1.0,空载运行,IsolationForest; Mahalanobis; 单变量IQR+3σ; 残差,3.135,30,残差异常：采煤机_油泵_右电机_电流 偏高（残差 Z-score=3.1，实际=37.0 vs 预测=17.0）
2249,2024-04-26 04:02:00,2024-04-26 04:03:00,2.0,空载运行,IsolationForest; Mahalanobis; 单变量IQR+3σ; 残差,1.835,60,正常
2250,2024-04-26 04:06:00,2024-04-26 04:06:00,1.0,空载运行,IsolationForest; Mahalanobis; 单变量IQR+3σ; 残差,1.099,30,正常
2251,2024-04-26 04:23:00,2024-04-26 04:23:00,1.0,停机,IsolationForest; Mahalanobis; 单变量IQR+3σ; 残差,7.455,30,正常
2252,2024-04-26 04:29:00,2024-04-26 04:29:00,1.0,停机,IsolationForest; Mahalanobis; 单变量IQR+3σ; 残差,5.998,30,正常
2253,2024-04-26 04:53:00,2024-04-26 04:53:00,1.0,停机,IsolationForest; Mahalanobis; 单变量IQR+3σ; 残差,4.74,30,残差异常：采煤机_油泵_右电机_电流 偏高（残差 Z-score=4.7，实际=57.0 vs 预测=19.4）
2254,2024-04-26 04:56:00,2024-04-26 04:56:00,1.0,停机,IsolationForest; Mahalanobis; 单变量IQR+3σ; 残差,1.789,30,正常
2255,2024-04-26 05:27:00,2024-04-26 05:29:00,3.0,空载运行,IsolationForest; Mahalanobis; 单变量IQR+3σ; 残差,3.246,90,残差异常：采煤机_截割部位_右滚筒_电机_电流 偏高（残差 Z-score=3.2，实际=199.0 vs 预测=70.8）
2256,2024-04-26 05:31:00,2024-04-26 05:31:00,1.0,停机,IsolationForest; Mahalanobis; 单变量IQR+3σ; 残差,4.519,30,正常
2257,2024-04-26 05:33:00,2024-04-26 05:33:00,1.0,停机,IsolationForest; Mahalanobis; 单变量IQR+3σ; 残差,4.236,30,残差异常：采煤机_油泵_右电机_电流 偏高（残差 Z-score=4.2，实际=48.0 vs 预测=14.4）
2258,2024-04-26 05:44:00,2024-04-26 05:44:00,1.0,停机,IsolationForest; Mahalanobis; 单变量IQR+3σ; 残差,1.768,30,正常
2259,2024-04-26 05:54:00,2024-04-26 05:56:00,3.0,空载运行,IsolationForest; Mahalanobis; 单变量IQR+3σ; 残差,6.224,90,残差异常：采煤机_牵引部位_右电机_温度 偏高（残差 Z-score=6.2，实际=69.0 vs 预测=53.6）
2260,2024-04-26 06:00:00,2024-04-26 06:00:00,1.0,空载运行,IsolationForest; Mahalanobis; 单变量IQR+3σ; 残差,2.747,30,正常
2261,2024-04-26 06:13:00,2024-04-26 06:13:00,1.0,空载运行,IsolationForest; Mahalanobis; 单变量IQR+3σ; 残差,4.859,30,残差异常：采煤机_油泵_右电机_电流 偏高（残差 Z-score=4.9，实际=48.0 vs 预测=17.0）
2262,2024-04-26 06:20:00,2024-04-26 06:20:00,1.0,停机,IsolationForest; Mahalanobis; 单变量IQR+3σ; 残差,3.197,30,残差异常：采煤机_破碎机_电机_温度 偏高（残差 Z-score=3.2，实际=56.0 vs 预测=44.8）
2263,2024-04-26 06:23:00,2024-04-26 06:27:00,5.0,停机,IsolationForest; Mahalanobis; 单变量IQR+3σ; 残差,39.237,150,Mahalanobis 距离=39.2（阈值=18.5）。主要贡献特征：PC4 (73.7%); PC3 (21.3%); PC2 (4.9%)。
2264,2024-04-26 06:29:00,2024-04-26 06:29:00,1.0,停机,IsolationForest; Mahalanobis; 单变量IQR+3σ; 残差,3.958,30,残差异常：采煤机_油泵_右电机_电流 偏高（残差 Z-score=4.0，实际=49.0 vs 预测=17.6）
2265,2024-04-26 06:32:00,2024-04-26 06:32:00,1.0,停机,IsolationForest; Mahalanobis; 单变量IQR+3σ; 残差,3.23,30,正常
2266,2024-04-26 06:44:00,2024-04-26 06:44:00,1.0,停机,IsolationForest; Mahalanobis; 单变量IQR+3σ; 残差,3.626,30,残差异常：采煤机_油泵_左电机_电流 偏高（残差 Z-score=3.6，实际=47.0 vs 预测=16.8）
2267,2024-04-26 06:47:00,2024-04-26 06:47:00,1.0,停机,IsolationForest; Mahalanobis; 单变量IQR+3σ; 残差,5.019,30,残差异常：采煤机_油泵_左电机_电流 偏高（残差 Z-score=5.0，实际=65.0 vs 预测=23.2）
2268,2024-04-26 08:42:00,2024-04-26 08:42:00,1.0,空载运行,IsolationForest; Mahalanobis; 单变量IQR+3σ; 残差,0.91,30,正常
2269,2024-04-26 08:44:00,2024-04-26 08:44:00,1.0,停机,IsolationForest; Mahalanobis; 单变量IQR+3σ; 残差,3.53,30,残差异常：采煤机_油泵_右电机_电流 偏高（残差 Z-score=3.5，实际=28.0 vs 预测=0.0）
2270,2024-04-26 13:01:00,2024-04-26 13:03:00,3.0,空载运行,IsolationForest; Mahalanobis; 单变量IQR+3σ; 残差,0.996,90,正常
2271,2024-04-26 16:05:00,2024-04-26 16:05:00,1.0,停机,IsolationForest; Mahalanobis; 单变量IQR+3σ; 残差,5.824,30,残差异常：采煤机_油泵_右电机_电流 偏高（残差 Z-score=5.8，实际=60.0 vs 预测=13.8）
2272,2024-04-26 16:17:00,2024-04-26 16:22:00,6.0,停机,IsolationForest; Mahalanobis; 单变量IQR+3σ; 残差,1.391,180,正常
2273,2024-04-26 16:38:00,2024-04-26 16:38:00,1.0,停机,IsolationForest; Mahalanobis; 单变量IQR+3σ; 残差,3.795,30,残差异常：采煤机_油泵_左电机_电流 偏高（残差 Z-score=3.8，实际=39.0 vs 预测=7.4）
2274,2024-04-26 16:53:00,2024-04-26 16:53:00,1.0,停机,IsolationForest; Mahalanobis; 单变量IQR+3σ; 残差,3.53,30,残差异常：采煤机_油泵_右电机_电流 偏高（残差 Z-score=3.5，实际=46.0 vs 预测=18.0）
2275,2024-04-26 16:55:00,2024-04-26 16:57:00,3.0,空载运行,IsolationForest; Mahalanobis; 单变量IQR+3σ; 残差,6.062,90,残差异常：采煤机_牵引部位_右电机_温度 偏高（残差 Z-score=6.1，实际=55.0 vs 预测=40.0）
2276,2024-04-26 17:04:00,2024-04-26 17:04:00,1.0,停机,IsolationForest; Mahalanobis; 单变量IQR+3σ; 残差,4.938,30,正常
2277,2024-04-26 17:09:00,2024-04-26 17:11:00,3.0,空载运行,IsolationForest; Mahalanobis; 单变量IQR+3σ; 残差,4.859,90,残差异常：采煤机_截割部位_右滚筒_电机_温度 偏高（残差 Z-score=4.9，实际=60.0 vs 预测=51.6）
2278,2024-04-26 17:25:00,2024-04-26 17:27:00,3.0,空载运行,IsolationForest; Mahalanobis; 单变量IQR+3σ; 残差,3.337,90,正常
2279,2024-04-26 17:29:00,2024-04-26 17:29:00,1.0,停机,IsolationForest; Mahalanobis; 单变量IQR+3σ; 残差,6.755,30,正常
2280,2024-04-26 17:34:00,2024-04-26 17:36:00,3.0,停机,IsolationForest; Mahalanobis; 单变量IQR+3σ; 残差,10.691,90,正常
2281,2024-04-26 17:39:00,2024-04-26 17:39:00,1.0,停机,IsolationForest; Mahalanobis; 单变量IQR+3σ; 残差,11.827,30,正常
2282,2024-04-26 17:56:00,2024-04-26 17:56:00,1.0,停机,IsolationForest; Mahalanobis; 单变量IQR+3σ; 残差,4.891,30,残差异常：采煤机_油泵_右电机_电流 偏高（残差 Z-score=4.9，实际=49.0 vs 预测=10.2）
2283,2024-04-26 18:10:00,2024-04-26 18:10:00,1.0,停机,IsolationForest; Mahalanobis; 单变量IQR+3σ; 残差,3.49,30,残差异常：采煤机_牵引部位_左电机_电流 偏高（残差 Z-score=3.5，实际=150.0 vs 预测=0.0）
2284,2024-04-26 18:15:00,2024-04-26 18:15:00,1.0,空载运行,IsolationForest; Mahalanobis; 单变量IQR+3σ; 残差,5.443,30,残差异常：采煤机_油泵_左电机_电流 偏高（残差 Z-score=5.4，实际=55.0 vs 预测=16.8）
2285,2024-04-26 18:30:00,2024-04-26 18:30:00,1.0,空载运行,IsolationForest; Mahalanobis; 单变量IQR+3σ; 残差,3.741,30,残差异常：采煤机_油泵_左电机_温度 偏高（残差 Z-score=3.7，实际=51.0 vs 预测=46.8）
2286,2024-04-26 18:38:00,2024-04-26 18:38:00,1.0,停机,IsolationForest; Mahalanobis; 单变量IQR+3σ; 残差,7.634,30,正常
2287,2024-04-26 18:53:00,2024-04-26 18:53:00,1.0,空载运行,IsolationForest; Mahalanobis; 单变量IQR+3σ; 残差,6.49,30,残差异常：采煤机_油泵_右电机_电流 偏高（残差 Z-score=6.5，实际=58.0 vs 预测=16.6）
2288,2024-04-26 19:00:00,2024-04-26 19:00:00,1.0,空载运行,IsolationForest; Mahalanobis; 单变量IQR+3σ; 残差,4.64,30,残差异常：采煤机_油泵_右电机_电流 偏高（残差 Z-score=4.6，实际=46.0 vs 预测=16.4）
2289,2024-04-26 19:18:00,2024-04-26 19:18:00,1.0,停机,IsolationForest; Mahalanobis; 单变量IQR+3σ; 残差,3.364,30,正常
2290,2024-04-26 19:32:00,2024-04-26 19:32:00,1.0,停机,IsolationForest; Mahalanobis; 单变量IQR+3σ; 残差,3.087,30,残差异常：采煤机_牵引部位_右电机_电流 偏高（残差 Z-score=3.1，实际=133.0 vs 预测=0.0）
2291,2024-04-26 19:38:00,2024-04-26 19:38:00,1.0,停机,IsolationForest; Mahalanobis; 单变量IQR+3σ; 残差,5.447,30,正常
2292,2024-04-26 19:56:00,2024-04-26 19:56:00,1.0,停机,IsolationForest; Mahalanobis; 单变量IQR+3σ; 残差,4.419,30,残差异常：采煤机_油泵_左电机_电流 偏高（残差 Z-score=4.4，实际=53.0 vs 预测=16.2）
2293,2024-04-26 20:15:00,2024-04-26 20:15:00,1.0,停机,IsolationForest; Mahalanobis; 单变量IQR+3σ; 残差,3.851,30,正常
2294,2024-04-26 20:18:00,2024-04-26 20:18:00,1.0,停机,IsolationForest; Mahalanobis; 单变量IQR+3σ; 残差,2.663,30,正常
2295,2024-04-26 20:20:00,2024-04-26 20:20:00,1.0,停机,IsolationForest; Mahalanobis; 单变量IQR+3σ; 残差,4.938,30,正常
2296,2024-04-26 20:26:00,2024-04-26 20:26:00,1.0,停机,IsolationForest; Mahalanobis; 单变量IQR+3σ; 残差,3.731,30,残差异常：采煤机_油泵_右电机_电流 偏高（残差 Z-score=3.7，实际=47.0 vs 预测=17.4）
2297,2024-04-26 20:38:00,2024-04-26 20:39:00,2.0,空载运行,IsolationForest; Mahalanobis; 单变量IQR+3σ; 残差,10.67,60,正常
2298,2024-04-26 20:41:00,2024-04-26 20:43:00,3.0,停机,IsolationForest; Mahalanobis; 单变量IQR+3σ; 残差,11.669,90,正常
2299,2024-04-26 20:49:00,2024-04-26 20:49:00,1.0,空载运行,IsolationForest; Mahalanobis; 单变量IQR+3σ; 残差,5.055,30,正常
2300,2024-04-26 21:00:00,2024-04-26 21:01:00,2.0,停机,IsolationForest; Mahalanobis; 单变量IQR+3σ; 残差,2.632,60,正常
2301,2024-04-26 21:03:00,2024-04-26 21:03:00,1.0,空载运行,IsolationForest; Mahalanobis; 单变量IQR+3σ; 残差,3.258,30,残差异常：采煤机_破碎机_电机_电流 偏高（残差 Z-score=3.3，实际=40.0 vs 预测=20.2）
2302,2024-04-26 21:09:00,2024-04-26 21:09:00,1.0,空载运行,IsolationForest; Mahalanobis; 单变量IQR+3σ; 残差,3.918,30,残差异常：采煤机_截割部位_左滚筒_电机_电流 偏高（残差 Z-score=3.9，实际=209.0 vs 预测=62.4）
2303,2024-04-26 21:11:00,2024-04-26 21:11:00,1.0,空载运行,IsolationForest; Mahalanobis; 单变量IQR+3σ; 残差,8.311,30,正常
2304,2024-04-26 21:13:00,2024-04-26 21:13:00,1.0,空载运行,IsolationForest; Mahalanobis; 单变量IQR+3σ; 残差,9.515,30,正常
2305,2024-04-26 21:17:00,2024-04-26 21:17:00,1.0,空载运行,IsolationForest; Mahalanobis; 单变量IQR+3σ; 残差,3.648,30,残差异常：采煤机_油泵_左电机_电流 偏高（残差 Z-score=3.6，实际=42.0 vs 预测=16.4）
2306,2024-04-26 21:19:00,2024-04-26 21:19:00,1.0,空载运行,IsolationForest; Mahalanobis; 单变量IQR+3σ; 残差,3.188,30,正常
2307,2024-04-26 21:21:00,2024-04-26 21:21:00,1.0,空载运行,IsolationForest; Mahalanobis; 单变量IQR+3σ; 残差,1.402,30,正常
2308,2024-04-26 21:33:00,2024-04-26 21:33:00,1.0,空载运行,IsolationForest; Mahalanobis; 单变量IQR+3σ; 残差,4.816,30,残差异常：采煤机_油泵_左电机_电流 偏高（残差 Z-score=4.8，实际=51.0 vs 预测=17.2）
2309,2024-04-26 21:41:00,2024-04-26 21:41:00,1.0,空载运行,IsolationForest; Mahalanobis; 单变量IQR+3σ; 残差,5.101,30,残差异常：采煤机_油泵_左电机_电流 偏高（残差 Z-score=5.1，实际=59.0 vs 预测=23.2）
2310,2024-04-26 21:44:00,2024-04-26 21:44:00,1.0,空载运行,IsolationForest; Mahalanobis; 单变量IQR+3σ; 残差,1.555,30,正常
2311,2024-04-26 21:50:00,2024-04-26 21:50:00,1.0,停机,IsolationForest; Mahalanobis; 单变量IQR+3σ; 残差,9.232,30,正常
2312,2024-04-26 21:53:00,2024-04-26 21:53:00,1.0,停机,IsolationForest; Mahalanobis; 单变量IQR+3σ; 残差,7.327,30,正常
2313,2024-04-26 22:13:00,2024-04-26 22:13:00,1.0,空载运行,IsolationForest; Mahalanobis; 单变量IQR+3σ; 残差,3.399,30,正常
2314,2024-04-26 22:18:00,2024-04-26 22:18:00,1.0,空载运行,IsolationForest; Mahalanobis; 单变量IQR+3σ; 残差,3.747,30,残差异常：采煤机_截割部位_右滚筒_电机_电流 偏高（残差 Z-score=3.7，实际=215.0 vs 预测=67.0）
2315,2024-04-26 22:27:00,2024-04-26 22:27:00,1.0,空载运行,IsolationForest; Mahalanobis; 单变量IQR+3σ; 残差,3.356,30,残差异常：采煤机_破碎机_电机_电流 偏高（残差 Z-score=3.4，实际=40.0 vs 预测=19.6）
2316,2024-04-26 22:32:00,2024-04-26 22:34:00,3.0,停机,IsolationForest; Mahalanobis; 单变量IQR+3σ; 残差,4.463,90,残差异常：采煤机_油泵_右电机_电流 偏高（残差 Z-score=4.5，实际=54.0 vs 预测=18.6）
2317,2024-04-26 22:48:00,2024-04-26 22:49:00,2.0,空载运行,IsolationForest; Mahalanobis; 单变量IQR+3σ; 残差,7.021,60,正常
2318,2024-04-26 22:52:00,2024-04-26 22:52:00,1.0,空载运行,IsolationForest; Mahalanobis; 单变量IQR+3σ; 残差,6.684,30,正常
2319,2024-04-26 22:57:00,2024-04-26 22:57:00,1.0,停机,IsolationForest; Mahalanobis; 单变量IQR+3σ; 残差,3.482,30,残差异常：采煤机_破碎机_电机_温度 偏高（残差 Z-score=3.5，实际=60.0 vs 预测=47.8）
2320,2024-04-26 22:59:00,2024-04-26 22:59:00,1.0,停机,IsolationForest; Mahalanobis; 单变量IQR+3σ; 残差,4.227,30,残差异常：采煤机_油泵_左电机_电流 偏高（残差 Z-score=4.2，实际=52.0 vs 预测=16.8）
2321,2024-04-26 23:21:00,2024-04-26 23:21:00,1.0,空载运行,IsolationForest; Mahalanobis; 单变量IQR+3σ; 残差,3.049,30,残差异常：采煤机_油泵_左电机_电流 偏高（残差 Z-score=3.0，实际=38.0 vs 预测=16.6）
2322,2024-04-26 23:23:00,2024-04-26 23:23:00,1.0,空载运行,IsolationForest; Mahalanobis; 单变量IQR+3σ; 残差,3.003,30,残差异常：采煤机_截割部位_右滚筒_电机_电流 偏高（残差 Z-score=3.0，实际=197.0 vs 预测=78.4）
2323,2024-04-26 23:27:00,2024-04-26 23:27:00,1.0,空载运行,IsolationForest; Mahalanobis; 单变量IQR+3σ; 残差,1.734,30,正常
2324,2024-04-26 23:32:00,2024-04-26 23:32:00,1.0,空载运行,IsolationForest; Mahalanobis; 单变量IQR+3σ; 残差,6.521,30,残差异常：采煤机_油泵_右电机_电流 偏高（残差 Z-score=6.5，实际=57.0 vs 预测=15.4）
2325,2024-04-26 23:46:00,2024-04-26 23:46:00,1.0,空载运行,IsolationForest; Mahalanobis; 单变量IQR+3σ; 残差,3.07,30,正常
2326,2024-04-26 23:52:00,2024-04-26 23:52:00,1.0,空载运行,IsolationForest; Mahalanobis; 单变量IQR+3σ; 残差,1.238,30,正常
2327,2024-04-27 00:07:00,2024-04-27 00:07:00,1.0,空载运行,IsolationForest; Mahalanobis; 单变量IQR+3σ; 残差,3.591,30,残差异常：采煤机_油泵_左电机_电流 偏高（残差 Z-score=3.6，实际=42.0 vs 预测=16.8）
2328,2024-04-27 00:10:00,2024-04-27 00:11:00,2.0,停机,IsolationForest; Mahalanobis; 单变量IQR+3σ; 残差,7.491,60,正常
2329,2024-04-27 00:15:00,2024-04-27 00:15:00,1.0,停机,IsolationForest; Mahalanobis; 单变量IQR+3σ; 残差,4.992,30,残差异常：采煤机_油泵_右电机_电流 偏高（残差 Z-score=5.0，实际=56.0 vs 预测=16.4）
2330,2024-04-27 00:25:00,2024-04-27 00:25:00,1.0,停机,IsolationForest; Mahalanobis; 单变量IQR+3σ; 残差,8.026,30,正常
2331,2024-04-27 00:34:00,2024-04-27 00:34:00,1.0,停机,IsolationForest; Mahalanobis; 单变量IQR+3σ; 残差,4.179,30,正常
2332,2024-04-27 00:40:00,2024-04-27 00:41:00,2.0,停机,IsolationForest; Mahalanobis; 单变量IQR+3σ; 残差,2.639,60,正常
2333,2024-04-27 00:50:00,2024-04-27 00:51:00,2.0,停机,IsolationForest; Mahalanobis; 单变量IQR+3σ; 残差,3.768,60,残差异常：采煤机_破碎机_电机_温度 偏高（残差 Z-score=3.8，实际=58.0 vs 预测=44.8）
2334,2024-04-27 00:57:00,2024-04-27 00:59:00,3.0,停机,IsolationForest; Mahalanobis; 单变量IQR+3σ; 残差,10.48,90,正常
2335,2024-04-27 01:01:00,2024-04-27 01:01:00,1.0,停机,IsolationForest; Mahalanobis; 单变量IQR+3σ; 残差,10.675,30,正常
2336,2024-04-27 01:03:00,2024-04-27 01:03:00,1.0,停机,IsolationForest; Mahalanobis; 单变量IQR+3σ; 残差,3.903,30,正常
2337,2024-04-27 01:08:00,2024-04-27 01:08:00,1.0,停机,IsolationForest; Mahalanobis; 单变量IQR+3σ; 残差,8.686,30,正常
2338,2024-04-27 01:10:00,2024-04-27 01:10:00,1.0,空载运行,IsolationForest; Mahalanobis; 单变量IQR+3σ; 残差,5.646,30,正常
2339,2024-04-27 01:13:00,2024-04-27 01:13:00,1.0,空载运行,IsolationForest; Mahalanobis; 单变量IQR+3σ; 残差,4.677,30,正常
2340,2024-04-27 01:15:00,2024-04-27 01:15:00,1.0,空载运行,IsolationForest; Mahalanobis; 单变量IQR+3σ; 残差,5.272,30,残差异常：采煤机_油泵_左电机_电流 偏高（残差 Z-score=5.3，实际=53.0 vs 预测=16.0）
2341,2024-04-27 01:20:00,2024-04-27 01:20:00,1.0,空载运行,IsolationForest; Mahalanobis; 单变量IQR+3σ; 残差,6.458,30,残差异常：采煤机_油泵_右电机_电流 偏高（残差 Z-score=6.5，实际=58.0 vs 预测=16.8）
2342,2024-04-27 01:22:00,2024-04-27 01:25:00,4.0,空载运行,IsolationForest; Mahalanobis; 单变量IQR+3σ; 残差,4.671,120,残差异常：采煤机_油泵_右电机_电流 偏高（残差 Z-score=4.7，实际=55.0 vs 预测=25.2）
2343,2024-04-27 01:32:00,2024-04-27 01:33:00,2.0,空载运行,IsolationForest; Mahalanobis; 单变量IQR+3σ; 残差,4.873,60,残差异常：采煤机_油泵_左电机_电流 偏高（残差 Z-score=4.9，实际=51.0 vs 预测=16.8）
2344,2024-04-27 01:43:00,2024-04-27 01:43:00,1.0,空载运行,IsolationForest; Mahalanobis; 单变量IQR+3σ; 残差,4.248,30,正常
2345,2024-04-27 02:05:00,2024-04-27 02:05:00,1.0,空载运行,IsolationForest; Mahalanobis; 单变量IQR+3σ; 残差,3.363,30,残差异常：采煤机_油泵_左电机_电流 偏高（残差 Z-score=3.4，实际=40.0 vs 预测=16.4）
2346,2024-04-27 02:16:00,2024-04-27 02:16:00,1.0,停机,IsolationForest; Mahalanobis; 单变量IQR+3σ; 残差,4.312,30,正常
2347,2024-04-27 02:19:00,2024-04-27 02:19:00,1.0,停机,IsolationForest; Mahalanobis; 单变量IQR+3σ; 残差,7.795,30,正常
2348,2024-04-27 02:26:00,2024-04-27 02:26:00,1.0,停机,IsolationForest; Mahalanobis; 单变量IQR+3σ; 残差,8.955,30,正常
2349,2024-04-27 02:31:00,2024-04-27 02:31:00,1.0,停机,IsolationForest; Mahalanobis; 单变量IQR+3σ; 残差,4.664,30,残差异常：采煤机_油泵_右电机_电流 偏高（残差 Z-score=4.7，实际=54.0 vs 预测=17.0）
2350,2024-04-27 02:48:00,2024-04-27 02:48:00,1.0,停机,IsolationForest; Mahalanobis; 单变量IQR+3σ; 残差,4.419,30,残差异常：采煤机_油泵_左电机_电流 偏高（残差 Z-score=4.4，实际=53.0 vs 预测=16.2）
2351,2024-04-27 02:54:00,2024-04-27 02:55:00,2.0,空载运行,IsolationForest; Mahalanobis; 单变量IQR+3σ; 残差,4.987,60,残差异常：采煤机_油泵_左电机_电流 偏高（残差 Z-score=5.0，实际=52.0 vs 预测=17.0）
2352,2024-04-27 03:00:00,2024-04-27 03:00:00,1.0,空载运行,IsolationForest; Mahalanobis; 单变量IQR+3σ; 残差,4.264,30,残差异常：采煤机_油泵_右电机_电流 偏高（残差 Z-score=4.3，实际=50.0 vs 预测=22.8）
2353,2024-04-27 03:07:00,2024-04-27 03:07:00,1.0,空载运行,IsolationForest; Mahalanobis; 单变量IQR+3σ; 残差,4.358,30,残差异常：采煤机_油泵_右电机_电流 偏高（残差 Z-score=4.4，实际=45.0 vs 预测=17.2）
2354,2024-04-27 03:13:00,2024-04-27 03:13:00,1.0,空载运行,IsolationForest; Mahalanobis; 单变量IQR+3σ; 残差,2.221,30,正常
2355,2024-04-27 03:15:00,2024-04-27 03:16:00,2.0,空载运行,IsolationForest; Mahalanobis; 单变量IQR+3σ; 残差,4.531,60,残差异常：采煤机_油泵_左电机_电流 偏高（残差 Z-score=4.5，实际=50.0 vs 预测=18.2）
2356,2024-04-27 03:18:00,2024-04-27 03:18:00,1.0,空载运行,IsolationForest; Mahalanobis; 单变量IQR+3σ; 残差,3.266,30,残差异常：采煤机_牵引部位_右电机_电流 偏高（残差 Z-score=3.3，实际=195.0 vs 预测=62.8）
2357,2024-04-27 03:20:00,2024-04-27 03:20:00,1.0,空载运行,IsolationForest; Mahalanobis; 单变量IQR+3σ; 残差,3.76,30,正常
2358,2024-04-27 03:33:00,2024-04-27 03:33:00,1.0,空载运行,IsolationForest; Mahalanobis; 单变量IQR+3σ; 残差,4.129,30,正常
2359,2024-04-27 03:49:00,2024-04-27 03:49:00,1.0,空载运行,IsolationForest; Mahalanobis; 单变量IQR+3σ; 残差,6.458,30,残差异常：采煤机_油泵_右电机_电流 偏高（残差 Z-score=6.5，实际=58.0 vs 预测=16.8）
2360,2024-04-27 03:54:00,2024-04-27 03:54:00,1.0,空载运行,IsolationForest; Mahalanobis; 单变量IQR+3σ; 残差,3.363,30,残差异常：采煤机_油泵_左电机_电流 偏高（残差 Z-score=3.4，实际=40.0 vs 预测=16.4）
2361,2024-04-27 03:57:00,2024-04-27 04:08:00,12.0,停机,IsolationForest; Mahalanobis; 单变量IQR+3σ; 残差,6.239,360,正常
2362,2024-04-27 04:12:00,2024-04-27 04:12:00,1.0,停机,IsolationForest; Mahalanobis; 单变量IQR+3σ; 残差,6.168,30,正常
2363,2024-04-27 04:18:00,2024-04-27 04:18:00,1.0,停机,IsolationForest; Mahalanobis; 单变量IQR+3σ; 残差,11.088,30,正常
2364,2024-04-27 04:43:00,2024-04-27 04:43:00,1.0,停机,IsolationForest; Mahalanobis; 单变量IQR+3σ; 残差,3.506,30,残差异常：采煤机_油泵_左电机_电流 偏高（残差 Z-score=3.5，实际=46.0 vs 预测=16.8）
2365,2024-04-27 04:45:00,2024-04-27 04:45:00,1.0,停机,IsolationForest; Mahalanobis; 单变量IQR+3σ; 残差,4.034,30,残差异常：采煤机_油泵_右电机_电流 偏高（残差 Z-score=4.0，实际=49.0 vs 预测=17.0）
2366,2024-04-27 04:48:00,2024-04-27 04:48:00,1.0,停机,IsolationForest; Mahalanobis; 单变量IQR+3σ; 残差,3.493,30,正常
2367,2024-04-27 04:54:00,2024-04-27 04:56:00,3.0,停机,IsolationForest; Mahalanobis; 单变量IQR+3σ; 残差,6.146,90,正常
2368,2024-04-27 05:10:00,2024-04-27 05:12:00,3.0,空载运行,IsolationForest; Mahalanobis; 单变量IQR+3σ; 残差,1.863,90,正常
2369,2024-04-27 05:17:00,2024-04-27 05:17:00,1.0,空载运行,IsolationForest; Mahalanobis; 单变量IQR+3σ; 残差,4.132,30,残差异常：采煤机_油泵_左电机_电流 偏高（残差 Z-score=4.1，实际=46.0 vs 预测=17.0）
2370,2024-04-27 05:34:00,2024-04-27 05:34:00,1.0,空载运行,IsolationForest; Mahalanobis; 单变量IQR+3σ; 残差,3.363,30,残差异常：采煤机_油泵_左电机_电流 偏高（残差 Z-score=3.4，实际=40.0 vs 预测=16.4）
2371,2024-04-27 05:39:00,2024-04-27 05:41:00,3.0,停机,IsolationForest; Mahalanobis; 单变量IQR+3σ; 残差,25.434,90,残差异常：采煤机_油泵_左电机_电流 偏高（残差 Z-score=25.4，实际=225.0 vs 预测=13.2）
2372,2024-04-27 05:50:00,2024-04-27 05:57:00,8.0,停机,IsolationForest; Mahalanobis; 单变量IQR+3σ; 残差,55.951,240,Mahalanobis 距离=56.0（阈值=18.5）。主要贡献特征：PC4 (74.6%); PC3 (20.2%); PC2 (5.1%)。
2373,2024-04-27 06:35:00,2024-04-27 06:37:00,3.0,空载运行,IsolationForest; Mahalanobis; 单变量IQR+3σ; 残差,5.225,90,正常
2374,2024-04-27 06:40:00,2024-04-27 06:40:00,1.0,空载运行,IsolationForest; Mahalanobis; 单变量IQR+3σ; 残差,4.212,30,残差异常：采煤机_破碎机_电机_电流 偏高（残差 Z-score=4.2，实际=48.0 vs 预测=22.4）
2375,2024-04-27 06:46:00,2024-04-27 06:46:00,1.0,停机,IsolationForest; Mahalanobis; 单变量IQR+3σ; 残差,4.114,30,正常
2376,2024-04-27 07:13:00,2024-04-27 07:13:00,1.0,停机,IsolationForest; Mahalanobis; 单变量IQR+3σ; 残差,6.436,30,残差异常：采煤机_油泵_左电机_电流 偏高（残差 Z-score=6.4，实际=65.0 vs 预测=11.4）
2377,2024-04-27 07:31:00,2024-04-27 07:31:00,1.0,停机,IsolationForest; Mahalanobis; 单变量IQR+3σ; 残差,9.015,30,正常
2378,2024-04-27 07:34:00,2024-04-27 07:34:00,1.0,停机,IsolationForest; Mahalanobis; 单变量IQR+3σ; 残差,6.296,30,正常
2379,2024-04-27 07:38:00,2024-04-27 07:38:00,1.0,停机,IsolationForest; Mahalanobis; 单变量IQR+3σ; 残差,3.442,30,正常
2380,2024-04-27 07:53:00,2024-04-27 07:53:00,1.0,空载运行,IsolationForest; Mahalanobis; 单变量IQR+3σ; 残差,4.368,30,正常
2381,2024-04-27 07:56:00,2024-04-27 07:56:00,1.0,停机,IsolationForest; Mahalanobis; 单变量IQR+3σ; 残差,4.107,30,正常
2382,2024-04-27 07:58:00,2024-04-27 07:59:00,2.0,停机,IsolationForest; Mahalanobis; 单变量IQR+3σ; 残差,5.212,60,残差异常：采煤机_油泵_左电机_电流 偏高（残差 Z-score=5.2，实际=60.0 vs 预测=16.6）
2383,2024-04-27 08:18:00,2024-04-27 08:18:00,1.0,停机,IsolationForest; Mahalanobis; 单变量IQR+3σ; 残差,2.134,30,正常
2384,2024-04-27 08:33:00,2024-04-27 08:39:00,7.0,停机,IsolationForest; Mahalanobis; 单变量IQR+3σ; 残差,2.395,210,正常
2385,2024-04-27 08:49:00,2024-04-27 08:51:00,3.0,停机,IsolationForest; Mahalanobis; 单变量IQR+3σ; 残差,8.492,90,正常
2386,2024-04-27 08:59:00,2024-04-27 08:59:00,1.0,空载运行,IsolationForest; Mahalanobis; 单变量IQR+3σ; 残差,4.047,30,残差异常：采煤机_破碎机_电机_电流 偏高（残差 Z-score=4.0，实际=46.0 vs 预测=21.4）
2387,2024-04-27 09:07:00,2024-04-27 09:09:00,3.0,停机,IsolationForest; Mahalanobis; 单变量IQR+3σ; 残差,5.107,90,残差异常：采煤机_牵引部位_左电机_温度 偏高（残差 Z-score=5.1，实际=69.0 vs 预测=49.8）
2388,2024-04-27 09:16:00,2024-04-27 09:16:00,1.0,停机,IsolationForest; Mahalanobis; 单变量IQR+3σ; 残差,4.74,30,正常
2389,2024-04-27 09:51:00,2024-04-27 09:51:00,1.0,空载运行,IsolationForest; Mahalanobis; 单变量IQR+3σ; 残差,1.417,30,正常
2390,2024-04-27 10:15:00,2024-04-27 10:17:00,3.0,空载运行,IsolationForest; Mahalanobis; 单变量IQR+3σ; 残差,3.185,90,正常
2391,2024-04-27 14:47:00,2024-04-27 15:50:00,64.0,停机,IsolationForest; Mahalanobis; 单变量IQR+3σ; 残差,13.36,1920,残差异常：采煤机_油泵_右电机_温度 偏高（残差 Z-score=13.4，实际=40.0 vs 预测=0.0）
2392,2024-04-27 15:53:00,2024-04-27 15:53:00,1.0,停机,IsolationForest; Mahalanobis; 单变量IQR+3σ; 残差,3.656,30,残差异常：采煤机_油泵_右电机_电流 偏高（残差 Z-score=3.7，实际=29.0 vs 预测=0.0）
2393,2024-04-27 17:41:00,2024-04-27 17:41:00,1.0,停机,IsolationForest; Mahalanobis; 单变量IQR+3σ; 残差,3.048,30,残差异常：采煤机_牵引部位_左电机_电流 偏高（残差 Z-score=3.0，实际=146.0 vs 预测=15.0）
2394,2024-04-27 17:47:00,2024-04-27 17:48:00,2.0,空载运行,IsolationForest; Mahalanobis; 单变量IQR+3σ; 残差,3.291,60,残差异常：采煤机_破碎机_电机_电流 偏高（残差 Z-score=3.3，实际=20.0 vs 预测=0.0）
2395,2024-04-27 17:51:00,2024-04-27 17:51:00,1.0,空载运行,IsolationForest; Mahalanobis; 单变量IQR+3σ; 残差,4.113,30,残差异常：采煤机_破碎机_电机_电流 偏高（残差 Z-score=4.1，实际=29.0 vs 预测=4.0）
2396,2024-04-27 17:58:00,2024-04-27 17:58:00,1.0,空载运行,IsolationForest; Mahalanobis; 单变量IQR+3σ; 残差,2.837,30,正常
2397,2024-04-27 18:13:00,2024-04-27 18:17:00,5.0,空载运行,IsolationForest; Mahalanobis; 单变量IQR+3σ; 残差,3.749,150,正常
2398,2024-04-27 18:19:00,2024-04-27 18:19:00,1.0,空载运行,IsolationForest; Mahalanobis; 单变量IQR+3σ; 残差,6.906,30,正常
2399,2024-04-27 18:37:00,2024-04-27 18:37:00,1.0,空载运行,IsolationForest; Mahalanobis; 单变量IQR+3σ; 残差,6.652,30,正常
2400,2024-04-27 18:39:00,2024-04-27 18:39:00,1.0,空载运行,IsolationForest; Mahalanobis; 单变量IQR+3σ; 残差,6.448,30,正常
2401,2024-04-27 18:42:00,2024-04-27 18:43:00,2.0,停机,IsolationForest; Mahalanobis; 单变量IQR+3σ; 残差,4.221,60,残差异常：采煤机_牵引部位_右电机_温度 偏高（残差 Z-score=4.2，实际=60.0 vs 预测=44.4）
2402,2024-04-27 19:00:00,2024-04-27 19:02:00,3.0,停机,IsolationForest; Mahalanobis; 单变量IQR+3σ; 残差,7.303,90,正常
2403,2024-04-27 19:06:00,2024-04-27 19:06:00,1.0,停机,IsolationForest; Mahalanobis; 单变量IQR+3σ; 残差,7.045,30,正常
2404,2024-04-27 19:17:00,2024-04-27 19:17:00,1.0,空载运行,IsolationForest; Mahalanobis; 单变量IQR+3σ; 残差,4.859,30,正常
2405,2024-04-27 19:21:00,2024-04-27 19:21:00,1.0,空载运行,IsolationForest; Mahalanobis; 单变量IQR+3σ; 残差,5.643,30,残差异常：采煤机_油泵_右电机_电流 偏高（残差 Z-score=5.6，实际=54.0 vs 预测=18.0）
2406,2024-04-27 19:28:00,2024-04-27 19:28:00,1.0,停机,IsolationForest; Mahalanobis; 单变量IQR+3σ; 残差,3.711,30,残差异常：采煤机_破碎机_电机_温度 偏高（残差 Z-score=3.7，实际=48.0 vs 预测=35.0）
2407,2024-04-27 19:33:00,2024-04-27 19:34:00,2.0,空载运行,IsolationForest; Mahalanobis; 单变量IQR+3σ; 残差,1.706,60,正常
2408,2024-04-27 19:36:00,2024-04-27 19:36:00,1.0,空载运行,IsolationForest; Mahalanobis; 单变量IQR+3σ; 残差,3.511,30,残差异常：采煤机_油泵_右电机_电流 偏高（残差 Z-score=3.5，实际=39.0 vs 预测=16.6）
2409,2024-04-27 19:45:00,2024-04-27 19:45:00,1.0,停机,IsolationForest; Mahalanobis; 单变量IQR+3σ; 残差,3.69,30,残差异常：采煤机_牵引部位_右电机_电流 偏高（残差 Z-score=3.7，实际=159.0 vs 预测=0.0）
2410,2024-04-27 19:50:00,2024-04-27 19:51:00,2.0,停机,IsolationForest; Mahalanobis; 单变量IQR+3σ; 残差,5.62,60,残差异常：采煤机_油泵_左电机_电流 偏高（残差 Z-score=5.6，实际=63.0 vs 预测=16.2）
2411,2024-04-27 19:56:00,2024-04-27 19:56:00,1.0,停机,IsolationForest; Mahalanobis; 单变量IQR+3σ; 残差,5.446,30,残差异常：采煤机_油泵_右电机_电流 偏高（残差 Z-score=5.4，实际=54.0 vs 预测=10.8）
2412,2024-04-27 20:03:00,2024-04-27 20:03:00,1.0,停机,IsolationForest; Mahalanobis; 单变量IQR+3σ; 残差,5.049,30,正常
2413,2024-04-27 20:05:00,2024-04-27 20:05:00,1.0,停机,IsolationForest; Mahalanobis; 单变量IQR+3σ; 残差,3.434,30,残差异常：采煤机_油泵_左电机_电流 偏高（残差 Z-score=3.4，实际=45.0 vs 预测=16.4）
2414,2024-04-27 20:11:00,2024-04-27 20:11:00,1.0,停机,IsolationForest; Mahalanobis; 单变量IQR+3σ; 残差,3.779,30,正常
2415,2024-04-27 20:17:00,2024-04-27 20:17:00,1.0,停机,IsolationForest; Mahalanobis; 单变量IQR+3σ; 残差,7.312,30,残差异常：采煤机_油泵_右电机_电流 偏高（残差 Z-score=7.3，实际=58.0 vs 预测=0.0）
2416,2024-04-27 20:59:00,2024-04-27 20:59:00,1.0,停机,IsolationForest; Mahalanobis; 单变量IQR+3σ; 残差,3.362,30,残差异常：采煤机_油泵_左电机_电流 偏高（残差 Z-score=3.4，实际=45.0 vs 预测=17.0）
2417,2024-04-27 21:05:00,2024-04-27 21:05:00,1.0,停机,IsolationForest; Mahalanobis; 单变量IQR+3σ; 残差,4.659,30,残差异常：采煤机_油泵_左电机_电流 偏高（残差 Z-score=4.7，实际=58.0 vs 预测=19.2）
2418,2024-04-27 21:22:00,2024-04-27 21:22:00,1.0,停机,IsolationForest; Mahalanobis; 单变量IQR+3σ; 残差,5.093,30,残差异常：采煤机_油泵_右电机_电流 偏高（残差 Z-score=5.1，实际=54.0 vs 预测=13.6）
2419,2024-04-27 21:42:00,2024-04-27 21:42:00,1.0,停机,IsolationForest; Mahalanobis; 单变量IQR+3σ; 残差,4.926,30,正常
2420,2024-04-27 21:56:00,2024-04-27 21:59:00,4.0,空载运行,IsolationForest; Mahalanobis; 单变量IQR+3σ; 残差,11.533,120,正常
2421,2024-04-27 22:02:00,2024-04-27 22:02:00,1.0,空载运行,IsolationForest; Mahalanobis; 单变量IQR+3σ; 残差,9.277,30,正常
2422,2024-04-27 22:04:00,2024-04-27 22:04:00,1.0,空载运行,IsolationForest; Mahalanobis; 单变量IQR+3σ; 残差,5.216,30,正常
2423,2024-04-27 22:10:00,2024-04-27 22:10:00,1.0,空载运行,IsolationForest; Mahalanobis; 单变量IQR+3σ; 残差,5.842,30,残差异常：采煤机_油泵_左电机_电流 偏高（残差 Z-score=5.8，实际=57.0 vs 预测=16.0）
2424,2024-04-27 22:13:00,2024-04-27 22:13:00,1.0,空载运行,IsolationForest; Mahalanobis; 单变量IQR+3σ; 残差,6.113,30,残差异常：采煤机_油泵_右电机_电流 偏高（残差 Z-score=6.1，实际=56.0 vs 预测=17.0）
2425,2024-04-27 22:30:00,2024-04-27 22:30:00,1.0,空载运行,IsolationForest; Mahalanobis; 单变量IQR+3σ; 残差,4.139,30,正常
2426,2024-04-27 22:36:00,2024-04-27 22:37:00,2.0,停机,IsolationForest; Mahalanobis; 单变量IQR+3σ; 残差,2.854,60,正常
2427,2024-04-27 22:40:00,2024-04-27 22:40:00,1.0,空载运行,IsolationForest; Mahalanobis; 单变量IQR+3σ; 残差,5.044,30,残差异常：采煤机_油泵_左电机_电流 偏高（残差 Z-score=5.0，实际=52.0 vs 预测=16.6）
2428,2024-04-27 22:47:00,2024-04-27 22:47:00,1.0,停机,IsolationForest; Mahalanobis; 单变量IQR+3σ; 残差,3.425,30,残差异常：采煤机_破碎机_电机_温度 偏高（残差 Z-score=3.4，实际=50.0 vs 预测=38.0）
2429,2024-04-27 22:50:00,2024-04-27 22:50:00,1.0,空载运行,IsolationForest; Mahalanobis; 单变量IQR+3σ; 残差,5.158,30,残差异常：采煤机_油泵_左电机_电流 偏高（残差 Z-score=5.2，实际=53.0 vs 预测=16.8）
2430,2024-04-27 22:59:00,2024-04-27 22:59:00,1.0,停机,IsolationForest; Mahalanobis; 单变量IQR+3σ; 残差,5.38,30,残差异常：采煤机_油泵_左电机_电流 偏高（残差 Z-score=5.4，实际=48.0 vs 预测=3.2）
2431,2024-04-27 23:29:00,2024-04-27 23:29:00,1.0,停机,IsolationForest; Mahalanobis; 单变量IQR+3σ; 残差,6.148,30,残差异常：采煤机_油泵_左电机_电流 偏高（残差 Z-score=6.1，实际=58.0 vs 预测=6.8）
2432,2024-04-27 23:43:00,2024-04-27 23:43:00,1.0,停机,IsolationForest; Mahalanobis; 单变量IQR+3σ; 残差,5.698,30,残差异常：采煤机_油泵_右电机_电流 偏高（残差 Z-score=5.7，实际=52.0 vs 预测=6.8）
2433,2024-04-27 23:54:00,2024-04-27 23:54:00,1.0,停机,IsolationForest; Mahalanobis; 单变量IQR+3σ; 残差,2.511,30,正常
2434,2024-04-28 00:00:00,2024-04-28 00:00:00,1.0,空载运行,IsolationForest; Mahalanobis; 单变量IQR+3σ; 残差,1.961,30,正常
2435,2024-04-28 00:05:00,2024-04-28 00:05:00,1.0,停机,IsolationForest; Mahalanobis; 单变量IQR+3σ; 残差,3.087,30,残差异常：采煤机_牵引部位_右电机_电流 偏高（残差 Z-score=3.1，实际=133.0 vs 预测=0.0）
2436,2024-04-28 00:09:00,2024-04-28 00:09:00,1.0,停机,IsolationForest; Mahalanobis; 单变量IQR+3σ; 残差,5.32,30,残差异常：采煤机_油泵_右电机_电流 偏高（残差 Z-score=5.3，实际=59.0 vs 预测=16.8）
2437,2024-04-28 00:17:00,2024-04-28 00:17:00,1.0,停机,IsolationForest; Mahalanobis; 单变量IQR+3σ; 残差,3.429,30,残差异常：采煤机_油泵_右电机_电流 偏高（残差 Z-score=3.4，实际=44.0 vs 预测=16.8）
2438,2024-04-28 00:33:00,2024-04-28 00:33:00,1.0,停机,IsolationForest; Mahalanobis; 单变量IQR+3σ; 残差,4.034,30,残差异常：采煤机_油泵_右电机_电流 偏高（残差 Z-score=4.0，实际=51.0 vs 预测=19.0）
2439,2024-04-28 00:48:00,2024-04-28 00:49:00,2.0,空载运行,IsolationForest; Mahalanobis; 单变量IQR+3σ; 残差,6.469,60,残差异常：采煤机_油泵_左电机_电流 偏高（残差 Z-score=6.5，实际=58.0 vs 预测=12.6）
2440,2024-04-28 01:07:00,2024-04-28 01:07:00,1.0,停机,IsolationForest; Mahalanobis; 单变量IQR+3σ; 残差,3.996,30,残差异常：采煤机_破碎机_电机_温度 偏高（残差 Z-score=4.0，实际=51.0 vs 预测=37.0）
2441,2024-04-28 01:09:00,2024-04-28 01:09:00,1.0,空载运行,IsolationForest; Mahalanobis; 单变量IQR+3σ; 残差,7.153,30,残差异常：采煤机_油泵_左电机_电流 偏高（残差 Z-score=7.2，实际=67.0 vs 预测=16.8）
2442,2024-04-28 01:30:00,2024-04-28 01:30:00,1.0,空载运行,IsolationForest; Mahalanobis; 单变量IQR+3σ; 残差,2.452,30,正常
2443,2024-04-28 01:32:00,2024-04-28 01:32:00,1.0,空载运行,IsolationForest; Mahalanobis; 单变量IQR+3σ; 残差,3.562,30,残差异常：采煤机_油泵_左电机_电流 偏高（残差 Z-score=3.6，实际=41.0 vs 预测=16.0）
2444,2024-04-28 01:39:00,2024-04-28 01:39:00,1.0,空载运行,IsolationForest; Mahalanobis; 单变量IQR+3σ; 残差,6.033,30,正常
2445,2024-04-28 01:42:00,2024-04-28 01:42:00,1.0,空载运行,IsolationForest; Mahalanobis; 单变量IQR+3σ; 残差,7.536,30,正常
2446,2024-04-28 01:44:00,2024-04-28 01:44:00,1.0,停机,IsolationForest; Mahalanobis; 单变量IQR+3σ; 残差,4.168,30,残差异常：采煤机_破碎机_电机_温度 偏高（残差 Z-score=4.2，实际=57.0 vs 预测=42.4）
2447,2024-04-28 01:54:00,2024-04-28 01:54:00,1.0,空载运行,IsolationForest; Mahalanobis; 单变量IQR+3σ; 残差,3.676,30,残差异常：采煤机_油泵_左电机_电流 偏高（残差 Z-score=3.7，实际=43.0 vs 预测=17.2）
2448,2024-04-28 01:57:00,2024-04-28 01:57:00,1.0,停机,IsolationForest; Mahalanobis; 单变量IQR+3σ; 残差,8.765,30,正常
2449,2024-04-28 02:03:00,2024-04-28 02:03:00,1.0,停机,IsolationForest; Mahalanobis; 单变量IQR+3σ; 残差,4.83,30,正常
2450,2024-04-28 02:08:00,2024-04-28 02:08:00,1.0,停机,IsolationForest; Mahalanobis; 单变量IQR+3σ; 残差,4.251,30,残差异常：采煤机_油泵_左电机_电流 偏高（残差 Z-score=4.3，实际=52.0 vs 预测=16.6）
2451,2024-04-28 02:16:00,2024-04-28 02:16:00,1.0,停机,IsolationForest; Mahalanobis; 单变量IQR+3σ; 残差,5.212,30,残差异常：采煤机_油泵_左电机_电流 偏高（残差 Z-score=5.2，实际=61.0 vs 预测=17.6）
2452,2024-04-28 02:26:00,2024-04-28 02:26:00,1.0,停机,IsolationForest; Mahalanobis; 单变量IQR+3σ; 残差,5.62,30,残差异常：采煤机_油泵_左电机_电流 偏高（残差 Z-score=5.6，实际=63.0 vs 预测=16.2）
2453,2024-04-28 02:28:00,2024-04-28 02:29:00,2.0,停机,IsolationForest; Mahalanobis; 单变量IQR+3σ; 残差,3.794,60,正常
2454,2024-04-28 02:32:00,2024-04-28 02:33:00,2.0,停机,IsolationForest; Mahalanobis; 单变量IQR+3σ; 残差,3.994,60,正常
2455,2024-04-28 02:45:00,2024-04-28 02:45:00,1.0,空载运行,IsolationForest; Mahalanobis; 单变量IQR+3σ; 残差,11.852,30,正常
2456,2024-04-28 02:48:00,2024-04-28 02:48:00,1.0,空载运行,IsolationForest; Mahalanobis; 单变量IQR+3σ; 残差,7.524,30,正常
2457,2024-04-28 02:51:00,2024-04-28 02:51:00,1.0,空载运行,IsolationForest; Mahalanobis; 单变量IQR+3σ; 残差,6.427,30,残差异常：采煤机_油泵_右电机_电流 偏高（残差 Z-score=6.4，实际=58.0 vs 预测=17.0）
2458,2024-04-28 02:57:00,2024-04-28 02:58:00,2.0,空载运行,IsolationForest; Mahalanobis; 单变量IQR+3σ; 残差,4.577,60,残差异常：采煤机_油泵_右电机_电流 偏高（残差 Z-score=4.6，实际=46.0 vs 预测=16.8）
2459,2024-04-28 03:04:00,2024-04-28 03:04:00,1.0,空载运行,IsolationForest; Mahalanobis; 单变量IQR+3σ; 残差,4.546,30,残差异常：采煤机_油泵_右电机_电流 偏高（残差 Z-score=4.5，实际=46.0 vs 预测=17.0）
2460,2024-04-28 03:14:00,2024-04-28 03:15:00,2.0,停机,IsolationForest; Mahalanobis; 单变量IQR+3σ; 残差,6.051,60,正常
2461,2024-04-28 03:26:00,2024-04-28 03:26:00,1.0,空载运行,IsolationForest; Mahalanobis; 单变量IQR+3σ; 残差,2.698,30,正常
2462,2024-04-28 03:45:00,2024-04-28 03:45:00,1.0,停机,IsolationForest; Mahalanobis; 单变量IQR+3σ; 残差,3.597,30,残差异常：采煤机_破碎机_电机_温度 偏高（残差 Z-score=3.6，实际=61.0 vs 预测=48.4）
2463,2024-04-28 03:54:00,2024-04-28 03:54:00,1.0,空载运行,IsolationForest; Mahalanobis; 单变量IQR+3σ; 残差,4.702,30,残差异常：采煤机_油泵_左电机_电流 偏高（残差 Z-score=4.7，实际=52.0 vs 预测=19.0）
2464,2024-04-28 04:00:00,2024-04-28 04:00:00,1.0,空载运行,IsolationForest; Mahalanobis; 单变量IQR+3σ; 残差,4.546,30,残差异常：采煤机_油泵_右电机_电流 偏高（残差 Z-score=4.5，实际=46.0 vs 预测=17.0）
2465,2024-04-28 04:09:00,2024-04-28 04:09:00,1.0,停机,IsolationForest; Mahalanobis; 单变量IQR+3σ; 残差,5.431,30,正常
2466,2024-04-28 04:15:00,2024-04-28 04:15:00,1.0,停机,IsolationForest; Mahalanobis; 单变量IQR+3σ; 残差,4.377,30,正常
2467,2024-04-28 04:22:00,2024-04-28 04:22:00,1.0,停机,IsolationForest; Mahalanobis; 单变量IQR+3σ; 残差,5.058,30,正常
2468,2024-04-28 04:24:00,2024-04-28 04:24:00,1.0,停机,IsolationForest; Mahalanobis; 单变量IQR+3σ; 残差,1.603,30,正常
2469,2024-04-28 04:28:00,2024-04-28 04:28:00,1.0,停机,IsolationForest; Mahalanobis; 单变量IQR+3σ; 残差,5.544,30,正常
2470,2024-04-28 04:31:00,2024-04-28 04:31:00,1.0,停机,IsolationForest; Mahalanobis; 单变量IQR+3σ; 残差,7.771,30,正常
2471,2024-04-28 04:56:00,2024-04-28 04:56:00,1.0,停机,IsolationForest; Mahalanobis; 单变量IQR+3σ; 残差,4.179,30,残差异常：采煤机_油泵_左电机_电流 偏高（残差 Z-score=4.2，实际=51.0 vs 预测=16.2）
2472,2024-04-28 05:02:00,2024-04-28 05:02:00,1.0,停机,IsolationForest; Mahalanobis; 单变量IQR+3σ; 残差,3.698,30,残差异常：采煤机_油泵_左电机_电流 偏高（残差 Z-score=3.7，实际=48.0 vs 预测=17.2）
