事件ID,开始时间,结束时间,时长_分钟,工况,方法集,严重度,触发行数,归因摘要
0,2024-04-01 00:08:00,2024-04-01 00:12:00,5.0,带载运行,IsolationForest; Mahalanobis; 单变量IQR+3σ,26.439,66,Mahalanobis 距离=26.4（阈值=10.8）。主要贡献特征：PC1 (100.0%)。
1,2024-04-01 00:16:00,2024-04-01 00:23:00,8.0,停机,IsolationForest; Mahalanobis; 单变量IQR+3σ; 残差,8720.967,194,Mahalanobis 距离=8721.0（阈值=10.8）。主要贡献特征：PC1 (100.0%)。
2,2024-04-01 00:32:00,2024-04-01 00:40:00,9.0,停机,IsolationForest; Mahalanobis; 单变量IQR+3σ; 残差,4294.472,234,Mahalanobis 距离=4294.5（阈值=10.8）。主要贡献特征：PC1 (100.0%)。
3,2024-04-01 00:54:00,2024-04-01 01:01:00,8.0,带载运行,IsolationForest; Mahalanobis; 单变量IQR+3σ; 残差,120.177,208,Mahalanobis 距离=120.2（阈值=10.8）。主要贡献特征：PC1 (100.0%)。
4,2024-04-01 01:03:00,2024-04-01 01:09:00,7.0,停机,IsolationForest; Mahalanobis; 单变量IQR+3σ; 残差,8742.542,182,Mahalanobis 距离=8742.5（阈值=10.8）。主要贡献特征：PC1 (100.0%)。
5,2024-04-01 01:26:00,2024-04-01 01:29:00,4.0,带载运行,IsolationForest; Mahalanobis; 单变量IQR+3σ; 残差,123.868,104,Mahalanobis 距离=123.9（阈值=10.8）。主要贡献特征：PC1 (100.0%)。
6,2024-04-01 01:32:00,2024-04-01 01:37:00,6.0,带载运行,IsolationForest; Mahalanobis; 单变量IQR+3σ; 残差,12.466,156,Mahalanobis 距离=12.5（阈值=10.8）。主要贡献特征：PC1 (100.0%)。
7,2024-04-01 01:39:00,2024-04-01 01:44:00,6.0,停机,IsolationForest; Mahalanobis; 单变量IQR+3σ; 残差,6795.143,156,Mahalanobis 距离=6795.1（阈值=10.8）。主要贡献特征：PC1 (100.0%)。
8,2024-04-01 02:27:00,2024-04-01 02:31:00,5.0,停机,IsolationForest; Mahalanobis; 单变量IQR+3σ; 残差,744.755,130,Mahalanobis 距离=744.8（阈值=10.8）。主要贡献特征：PC1 (100.0%)。
9,2024-04-01 04:12:00,2024-04-01 04:16:00,5.0,停机,IsolationForest; Mahalanobis; 单变量IQR+3σ; 残差,1741.421,130,Mahalanobis 距离=1741.4（阈值=10.8）。主要贡献特征：PC1 (100.0%)。
10,2024-04-01 04:22:00,2024-04-01 04:26:00,5.0,停机,IsolationForest; Mahalanobis; 单变量IQR+3σ; 残差,484.58,130,Mahalanobis 距离=484.6（阈值=10.8）。主要贡献特征：PC1 (100.0%)。
11,2024-04-01 04:28:00,2024-04-01 06:42:00,135.0,停机,IsolationForest; Mahalanobis; 单变量IQR+3σ; 残差,3359.868,3510,Mahalanobis 距离=3359.9（阈值=10.8）。主要贡献特征：PC1 (100.0%)。
12,2024-04-01 06:53:00,2024-04-01 07:12:00,20.0,停机,IsolationForest; Mahalanobis; 单变量IQR+3σ; 残差,3757.182,520,Mahalanobis 距离=3757.2（阈值=10.8）。主要贡献特征：PC1 (100.0%)。
13,2024-04-01 07:30:00,2024-04-01 07:31:00,2.0,停机,IsolationForest; Mahalanobis; 单变量IQR+3σ; 残差,1.115,52,正常
14,2024-04-01 07:36:00,2024-04-01 07:54:00,19.0,停机,IsolationForest; Mahalanobis; 单变量IQR+3σ; 残差,3.362,494,残差异常：三机_转载机_减速器_冷却水_流量 偏高（残差 Z-score=3.4，实际=54.0 vs 预测=29.8）
15,2024-04-01 07:59:00,2024-04-01 08:00:00,2.0,停机,IsolationForest; Mahalanobis; 单变量IQR+3σ; 残差,0.719,52,正常
16,2024-04-01 08:04:00,2024-04-01 09:38:00,95.0,停机,IsolationForest; Mahalanobis; 单变量IQR+3σ; 残差,6251.705,2470,Mahalanobis 距离=6251.7（阈值=10.8）。主要贡献特征：PC1 (100.0%)。
17,2024-04-01 10:06:00,2024-04-01 10:32:00,27.0,停机,IsolationForest; Mahalanobis; 单变量IQR+3σ; 残差,480.201,702,Mahalanobis 距离=480.2（阈值=10.8）。主要贡献特征：PC1 (100.0%)。
18,2024-04-01 10:41:00,2024-04-01 10:43:00,3.0,停机,IsolationForest; Mahalanobis; 单变量IQR+3σ; 残差,0.666,78,正常
19,2024-04-01 10:52:00,2024-04-01 11:00:00,9.0,停机,IsolationForest; Mahalanobis; 单变量IQR+3σ; 残差,259.66,234,Mahalanobis 距离=259.7（阈值=10.8）。主要贡献特征：PC1 (100.0%)。
20,2024-04-01 11:03:00,2024-04-01 11:10:00,8.0,停机,IsolationForest; Mahalanobis; 单变量IQR+3σ; 残差,321.972,208,Mahalanobis 距离=322.0（阈值=10.8）。主要贡献特征：PC1 (100.0%)。
21,2024-04-01 12:10:00,2024-04-01 12:23:00,14.0,停机,IsolationForest; Mahalanobis; 单变量IQR+3σ; 残差,2390.523,364,Mahalanobis 距离=2390.5（阈值=10.8）。主要贡献特征：PC1 (100.0%)。
22,2024-04-01 14:01:00,2024-04-01 14:04:00,4.0,停机,IsolationForest; Mahalanobis; 单变量IQR+3σ; 残差,0.577,104,正常
23,2024-04-01 14:23:00,2024-04-01 14:30:00,8.0,空载运行,IsolationForest; Mahalanobis; 单变量IQR+3σ; 残差,468.163,208,Mahalanobis 距离=468.2（阈值=10.8）。主要贡献特征：PC1 (100.0%)。
24,2024-04-01 14:41:00,2024-04-01 14:51:00,11.0,停机,IsolationForest; Mahalanobis; 单变量IQR+3σ; 残差,3003.0,286,Mahalanobis 距离=3003.0（阈值=10.8）。主要贡献特征：PC1 (100.0%)。
25,2024-04-01 15:16:00,2024-04-01 15:26:00,11.0,停机,IsolationForest; Mahalanobis; 单变量IQR+3σ; 残差,891.041,286,Mahalanobis 距离=891.0（阈值=10.8）。主要贡献特征：PC1 (100.0%)。
26,2024-04-01 15:37:00,2024-04-01 16:38:00,62.0,带载运行,IsolationForest; Mahalanobis; 单变量IQR+3σ; 残差,130.768,1612,Mahalanobis 距离=130.8（阈值=10.8）。主要贡献特征：PC1 (100.0%)。
27,2024-04-01 16:44:00,2024-04-01 16:52:00,9.0,停机,IsolationForest; Mahalanobis; 单变量IQR+3σ; 残差,8047.798,234,Mahalanobis 距离=8047.8（阈值=10.8）。主要贡献特征：PC1 (100.0%)。
28,2024-04-01 16:54:00,2024-04-01 16:58:00,5.0,带载运行,IsolationForest; Mahalanobis; 单变量IQR+3σ; 残差,147.252,130,Mahalanobis 距离=147.3（阈值=10.8）。主要贡献特征：PC1 (100.0%)。
29,2024-04-01 17:33:00,2024-04-01 17:36:00,4.0,停机,IsolationForest; Mahalanobis; 单变量IQR+3σ; 残差,8036.328,104,Mahalanobis 距离=8036.3（阈值=10.8）。主要贡献特征：PC1 (100.0%)。
30,2024-04-01 17:47:00,2024-04-01 17:55:00,9.0,停机,IsolationForest; Mahalanobis; 单变量IQR+3σ; 残差,626.63,234,Mahalanobis 距离=626.6（阈值=10.8）。主要贡献特征：PC1 (100.0%)。
31,2024-04-01 20:00:00,2024-04-01 20:14:00,15.0,空载运行,IsolationForest; Mahalanobis; 单变量IQR+3σ; 残差,9116.127,390,Mahalanobis 距离=9116.1（阈值=10.8）。主要贡献特征：PC1 (100.0%)。
32,2024-04-01 20:19:00,2024-04-01 20:23:00,5.0,带载运行,IsolationForest; Mahalanobis; 单变量IQR+3σ; 残差,125.335,130,Mahalanobis 距离=125.3（阈值=10.8）。主要贡献特征：PC1 (100.0%)。
33,2024-04-01 21:21:00,2024-04-01 21:26:00,6.0,停机,IsolationForest; Mahalanobis; 单变量IQR+3σ; 残差,8041.377,156,Mahalanobis 距离=8041.4（阈值=10.8）。主要贡献特征：PC1 (100.0%)。
34,2024-04-01 21:28:00,2024-04-01 21:45:00,18.0,空载运行,IsolationForest; Mahalanobis; 单变量IQR+3σ; 残差,7920.518,468,Mahalanobis 距离=7920.5（阈值=10.8）。主要贡献特征：PC1 (100.0%)。
35,2024-04-01 21:58:00,2024-04-01 22:04:00,7.0,停机,IsolationForest; Mahalanobis; 单变量IQR+3σ; 残差,1296.583,182,Mahalanobis 距离=1296.6（阈值=10.8）。主要贡献特征：PC1 (100.0%)。
36,2024-04-02 00:25:00,2024-04-02 00:39:00,15.0,空载运行,IsolationForest; Mahalanobis; 单变量IQR+3σ; 残差,6905.156,390,Mahalanobis 距离=6905.2（阈值=10.8）。主要贡献特征：PC1 (100.0%)。
37,2024-04-02 00:58:00,2024-04-02 00:58:00,1.0,带载运行,IsolationForest; Mahalanobis; 单变量IQR+3σ; 残差,4.461,26,残差异常：三机_转载机_电机_电流 偏高（残差 Z-score=4.5，实际=130.0 vs 预测=76.8）
38,2024-04-02 01:18:00,2024-04-02 01:32:00,15.0,带载运行,IsolationForest; Mahalanobis; 单变量IQR+3σ; 残差,85.807,390,Mahalanobis 距离=85.8（阈值=10.8）。主要贡献特征：PC1 (100.0%)。
39,2024-04-02 02:45:00,2024-04-02 03:03:00,19.0,带载运行,IsolationForest; Mahalanobis; 单变量IQR+3σ; 残差,24.238,494,Mahalanobis 距离=24.2（阈值=10.8）。主要贡献特征：PC1 (100.0%)。
40,2024-04-02 03:08:00,2024-04-02 03:11:00,4.0,停机,IsolationForest; Mahalanobis; 单变量IQR+3σ; 残差,7499.276,104,Mahalanobis 距离=7499.3（阈值=10.8）。主要贡献特征：PC1 (100.0%)。
41,2024-04-02 03:32:00,2024-04-02 03:43:00,12.0,带载运行,IsolationForest; Mahalanobis; 单变量IQR+3σ; 残差,141.572,312,Mahalanobis 距离=141.6（阈值=10.8）。主要贡献特征：PC1 (100.0%)。
42,2024-04-02 04:33:00,2024-04-02 04:36:00,4.0,带载运行,IsolationForest; Mahalanobis; 单变量IQR+3σ; 残差,18.674,104,Mahalanobis 距离=18.7（阈值=10.8）。主要贡献特征：PC1 (100.0%)。
43,2024-04-02 05:38:00,2024-04-02 06:02:00,25.0,停机,IsolationForest; Mahalanobis; 单变量IQR+3σ; 残差,8030.823,650,Mahalanobis 距离=8030.8（阈值=10.8）。主要贡献特征：PC1 (100.0%)。
44,2024-04-02 06:26:00,2024-04-02 06:29:00,4.0,停机,IsolationForest; Mahalanobis; 单变量IQR+3σ; 残差,8046.575,104,Mahalanobis 距离=8046.6（阈值=10.8）。主要贡献特征：PC1 (100.0%)。
45,2024-04-02 06:31:00,2024-04-02 06:32:00,2.0,停机,IsolationForest; Mahalanobis; 单变量IQR+3σ; 残差,1.941,52,正常
46,2024-04-02 06:37:00,2024-04-02 06:41:00,5.0,带载运行,IsolationForest; Mahalanobis; 单变量IQR+3σ; 残差,124.992,130,Mahalanobis 距离=125.0（阈值=10.8）。主要贡献特征：PC1 (100.0%)。
47,2024-04-02 07:28:00,2024-04-02 07:30:00,3.0,带载运行,IsolationForest; Mahalanobis; 单变量IQR+3σ; 残差,11.608,78,Mahalanobis 距离=11.6（阈值=10.8）。主要贡献特征：PC1 (100.0%)。
48,2024-04-02 07:35:00,2024-04-02 07:53:00,19.0,停机,IsolationForest; Mahalanobis; 单变量IQR+3σ; 残差,5328.011,494,Mahalanobis 距离=5328.0（阈值=10.8）。主要贡献特征：PC1 (100.0%)。
49,2024-04-02 07:56:00,2024-04-02 07:56:00,1.0,停机,IsolationForest; Mahalanobis; 单变量IQR+3σ; 残差,1.835,26,正常
50,2024-04-02 08:00:00,2024-04-02 08:00:00,1.0,停机,IsolationForest; Mahalanobis; 单变量IQR+3σ; 残差,3.029,26,残差异常：三机_转载机_减速器_冷却水_流量 偏高（残差 Z-score=3.0，实际=53.0 vs 预测=31.2）
51,2024-04-02 08:08:00,2024-04-02 08:21:00,14.0,带载运行,IsolationForest; Mahalanobis; 单变量IQR+3σ; 残差,120.903,364,Mahalanobis 距离=120.9（阈值=10.8）。主要贡献特征：PC1 (100.0%)。
52,2024-04-02 09:24:00,2024-04-02 09:33:00,10.0,停机,IsolationForest; Mahalanobis; 单变量IQR+3σ; 残差,8066.888,260,Mahalanobis 距离=8066.9（阈值=10.8）。主要贡献特征：PC1 (100.0%)。
53,2024-04-02 09:35:00,2024-04-02 09:39:00,5.0,带载运行,IsolationForest; Mahalanobis; 单变量IQR+3σ; 残差,145.91,130,Mahalanobis 距离=145.9（阈值=10.8）。主要贡献特征：PC1 (100.0%)。
54,2024-04-02 10:16:00,2024-04-02 10:19:00,4.0,停机,IsolationForest; Mahalanobis; 单变量IQR+3σ; 残差,8039.587,104,Mahalanobis 距离=8039.6（阈值=10.8）。主要贡献特征：PC1 (100.0%)。
55,2024-04-02 10:21:00,2024-04-02 10:25:00,5.0,带载运行,IsolationForest; Mahalanobis; 单变量IQR+3σ; 残差,136.972,130,Mahalanobis 距离=137.0（阈值=10.8）。主要贡献特征：PC1 (100.0%)。
56,2024-04-02 10:33:00,2024-04-02 10:33:00,1.0,带载运行,IsolationForest; Mahalanobis; 单变量IQR+3σ; 残差,3.577,26,正常
57,2024-04-02 10:45:00,2024-04-02 10:45:00,1.0,带载运行,IsolationForest; Mahalanobis; 单变量IQR+3σ; 残差,1.207,26,正常
58,2024-04-02 10:53:00,2024-04-02 10:57:00,5.0,停机,IsolationForest; Mahalanobis; 单变量IQR+3σ; 残差,8030.922,130,Mahalanobis 距离=8030.9（阈值=10.8）。主要贡献特征：PC1 (100.0%)。
59,2024-04-02 11:00:00,2024-04-02 11:00:00,1.0,停机,IsolationForest; Mahalanobis; 单变量IQR+3σ; 残差,1.882,26,正常
60,2024-04-02 11:03:00,2024-04-02 11:03:00,1.0,停机,IsolationForest; Mahalanobis; 单变量IQR+3σ; 残差,3.88,26,残差异常：三机_转载机_减速器_冷却水_压力 偏高（残差 Z-score=3.9，实际=0.2 vs 预测=0.1）
61,2024-04-02 11:06:00,2024-04-02 11:06:00,1.0,停机,IsolationForest; Mahalanobis; 单变量IQR+3σ; 残差,4.434,26,残差异常：三机_转载机_减速器_冷却水_压力 偏高（残差 Z-score=4.4，实际=0.2 vs 预测=0.0）
62,2024-04-02 11:10:00,2024-04-02 11:10:00,1.0,停机,IsolationForest; Mahalanobis; 单变量IQR+3σ; 残差,4.529,26,残差异常：三机_转载机_减速器_冷却水_流量 偏高（残差 Z-score=4.5，实际=53.0 vs 预测=20.4）
63,2024-04-02 11:13:00,2024-04-02 11:34:00,22.0,停机,IsolationForest; Mahalanobis; 单变量IQR+3σ; 残差,589.152,572,Mahalanobis 距离=589.2（阈值=10.8）。主要贡献特征：PC1 (100.0%)。
64,2024-04-02 11:58:00,2024-04-02 12:08:00,11.0,停机,IsolationForest; Mahalanobis; 单变量IQR+3σ; 残差,3.047,286,正常
65,2024-04-02 12:46:00,2024-04-02 12:53:00,8.0,停机,IsolationForest; Mahalanobis; 单变量IQR+3σ; 残差,586.725,208,Mahalanobis 距离=586.7（阈值=10.8）。主要贡献特征：PC1 (100.0%)。
66,2024-04-02 13:33:00,2024-04-02 13:33:00,1.0,停机,IsolationForest; Mahalanobis; 单变量IQR+3σ; 残差,1.209,26,正常
67,2024-04-02 14:38:00,2024-04-02 14:40:00,3.0,停机,IsolationForest; Mahalanobis; 单变量IQR+3σ; 残差,0.847,78,正常
68,2024-04-02 14:49:00,2024-04-02 14:53:00,5.0,带载运行,IsolationForest; Mahalanobis; 单变量IQR+3σ; 残差,146.315,130,Mahalanobis 距离=146.3（阈值=10.8）。主要贡献特征：PC1 (100.0%)。
69,2024-04-02 15:57:00,2024-04-02 16:00:00,4.0,停机,IsolationForest; Mahalanobis; 单变量IQR+3σ; 残差,7.501,104,残差异常：三机_转载机_减速器_冷却水_流量 偏高（残差 Z-score=7.5，实际=54.0 vs 预测=0.0）
70,2024-04-02 16:06:00,2024-04-02 16:44:00,39.0,停机,IsolationForest; Mahalanobis; 单变量IQR+3σ; 残差,6733.919,1014,Mahalanobis 距离=6733.9（阈值=10.8）。主要贡献特征：PC1 (100.0%)。
71,2024-04-02 19:38:00,2024-04-02 19:41:00,4.0,停机,IsolationForest; Mahalanobis; 单变量IQR+3σ; 残差,8034.808,104,Mahalanobis 距离=8034.8（阈值=10.8）。主要贡献特征：PC1 (100.0%)。
72,2024-04-02 19:47:00,2024-04-02 19:51:00,5.0,带载运行,IsolationForest; Mahalanobis; 单变量IQR+3σ; 残差,132.042,130,Mahalanobis 距离=132.0（阈值=10.8）。主要贡献特征：PC1 (100.0%)。
73,2024-04-02 20:02:00,2024-04-02 20:02:00,1.0,带载运行,IsolationForest; Mahalanobis; 单变量IQR+3σ; 残差,3.337,26,残差异常：三机_转载机_电机_电流 偏高（残差 Z-score=3.3，实际=121.0 vs 预测=81.2）
74,2024-04-02 20:21:00,2024-04-02 20:43:00,23.0,带载运行,IsolationForest; Mahalanobis; 单变量IQR+3σ; 残差,24.098,598,Mahalanobis 距离=24.1（阈值=10.8）。主要贡献特征：PC1 (100.0%)。
75,2024-04-02 21:46:00,2024-04-02 21:47:00,2.0,带载运行,IsolationForest; Mahalanobis; 单变量IQR+3σ; 残差,7.547,52,残差异常：三机_转载机_电机_电流 偏高（残差 Z-score=7.5，实际=189.0 vs 预测=99.0）
76,2024-04-02 21:58:00,2024-04-02 22:04:00,7.0,停机,IsolationForest; Mahalanobis; 单变量IQR+3σ; 残差,7914.271,182,Mahalanobis 距离=7914.3（阈值=10.8）。主要贡献特征：PC1 (100.0%)。
77,2024-04-02 22:14:00,2024-04-02 22:19:00,6.0,带载运行,IsolationForest; Mahalanobis; 单变量IQR+3σ; 残差,125.625,156,Mahalanobis 距离=125.6（阈值=10.8）。主要贡献特征：PC1 (100.0%)。
78,2024-04-02 23:32:00,2024-04-02 23:40:00,9.0,停机,IsolationForest; Mahalanobis; 单变量IQR+3σ; 残差,8043.85,234,Mahalanobis 距离=8043.8（阈值=10.8）。主要贡献特征：PC1 (100.0%)。
79,2024-04-02 23:43:00,2024-04-02 23:49:00,7.0,停机,IsolationForest; Mahalanobis; 单变量IQR+3σ; 残差,8059.414,182,Mahalanobis 距离=8059.4（阈值=10.8）。主要贡献特征：PC1 (100.0%)。
80,2024-04-03 00:06:00,2024-04-03 00:08:00,3.0,带载运行,IsolationForest; Mahalanobis; 单变量IQR+3σ; 残差,13.008,78,Mahalanobis 距离=13.0（阈值=10.8）。主要贡献特征：PC1 (100.0%)。
81,2024-04-03 03:31:00,2024-04-03 03:31:00,1.0,带载运行,IsolationForest; Mahalanobis; 单变量IQR+3σ; 残差,4.705,26,正常
82,2024-04-03 03:36:00,2024-04-03 03:42:00,7.0,停机,IsolationForest; Mahalanobis; 单变量IQR+3σ; 残差,7757.9,182,Mahalanobis 距离=7757.9（阈值=10.8）。主要贡献特征：PC1 (100.0%)。
83,2024-04-03 05:05:00,2024-04-03 05:10:00,6.0,带载运行,IsolationForest; Mahalanobis; 单变量IQR+3σ; 残差,12.863,156,残差异常：三机_转载机_电机_电流 偏高（残差 Z-score=12.9，实际=232.0 vs 预测=78.6）
84,2024-04-03 06:17:00,2024-04-03 06:17:00,1.0,带载运行,IsolationForest; Mahalanobis; 单变量IQR+3σ; 残差,3.062,26,残差异常：三机_转载机_电机_转矩 偏高（残差 Z-score=3.1，实际=51.0 vs 预测=29.6）
85,2024-04-03 08:21:00,2024-04-03 08:29:00,9.0,停机,IsolationForest; Mahalanobis; 单变量IQR+3σ; 残差,6725.876,234,Mahalanobis 距离=6725.9（阈值=10.8）。主要贡献特征：PC1 (100.0%)。
86,2024-04-03 08:32:00,2024-04-03 08:55:00,24.0,带载运行,IsolationForest; Mahalanobis; 单变量IQR+3σ; 残差,115.147,624,Mahalanobis 距离=115.1（阈值=10.8）。主要贡献特征：PC1 (100.0%)。
87,2024-04-03 09:04:00,2024-04-03 09:06:00,3.0,带载运行,IsolationForest; Mahalanobis; 单变量IQR+3σ; 残差,2.602,78,单变量异常：三机_转载机_减速器_冷却水_温度（z-score=2.6，实际=54.8，均值=42.3±4.8）
88,2024-04-03 09:08:00,2024-04-03 09:15:00,8.0,带载运行,IsolationForest; Mahalanobis; 单变量IQR+3σ; 残差,2.769,208,单变量异常：三机_转载机_减速器_冷却水_温度（z-score=2.8，实际=55.6，均值=42.3±4.8）
89,2024-04-03 09:19:00,2024-04-03 09:21:00,3.0,带载运行,IsolationForest; Mahalanobis; 单变量IQR+3σ; 残差,2.623,78,单变量异常：三机_转载机_减速器_冷却水_温度（z-score=2.6，实际=54.9，均值=42.3±4.8）
90,2024-04-03 09:23:00,2024-04-03 09:26:00,4.0,带载运行,IsolationForest; Mahalanobis; 单变量IQR+3σ; 残差,5.232,104,残差异常：三机_转载机_电机_电流 偏高（残差 Z-score=5.2，实际=140.0 vs 预测=77.6）
91,2024-04-03 09:55:00,2024-04-03 10:00:00,6.0,停机,IsolationForest; Mahalanobis; 单变量IQR+3σ; 残差,8041.024,156,Mahalanobis 距离=8041.0（阈值=10.8）。主要贡献特征：PC1 (100.0%)。
92,2024-04-03 10:07:00,2024-04-03 10:07:00,1.0,停机,IsolationForest; Mahalanobis; 单变量IQR+3σ; 残差,2.369,26,正常
93,2024-04-03 10:13:00,2024-04-03 10:14:00,2.0,停机,IsolationForest; Mahalanobis; 单变量IQR+3σ; 残差,2.122,52,正常
94,2024-04-03 10:17:00,2024-04-03 10:20:00,4.0,带载运行,IsolationForest; Mahalanobis; 单变量IQR+3σ; 残差,111.649,104,Mahalanobis 距离=111.6（阈值=10.8）。主要贡献特征：PC1 (100.0%)。
95,2024-04-03 10:22:00,2024-04-03 10:22:00,1.0,带载运行,IsolationForest; Mahalanobis; 单变量IQR+3σ; 残差,3.332,26,残差异常：三机_转载机_减速器_冷却水_温度 偏高（残差 Z-score=3.3，实际=48.4 vs 预测=42.2）
96,2024-04-03 10:26:00,2024-04-03 10:30:00,5.0,停机,IsolationForest; Mahalanobis; 单变量IQR+3σ; 残差,8035.596,130,Mahalanobis 距离=8035.6（阈值=10.8）。主要贡献特征：PC1 (100.0%)。
97,2024-04-03 10:34:00,2024-04-03 10:34:00,1.0,停机,IsolationForest; Mahalanobis; 单变量IQR+3σ; 残差,2.06,26,正常
98,2024-04-03 10:37:00,2024-04-03 11:00:00,24.0,停机,IsolationForest; Mahalanobis; 单变量IQR+3σ; 残差,674.569,624,Mahalanobis 距离=674.6（阈值=10.8）。主要贡献特征：PC1 (100.0%)。
99,2024-04-03 11:17:00,2024-04-03 11:25:00,9.0,停机,IsolationForest; Mahalanobis; 单变量IQR+3σ; 残差,679.392,234,Mahalanobis 距离=679.4（阈值=10.8）。主要贡献特征：PC1 (100.0%)。
100,2024-04-03 12:51:00,2024-04-03 12:54:00,4.0,停机,IsolationForest; Mahalanobis; 单变量IQR+3σ; 残差,1.633,104,正常
101,2024-04-03 15:51:00,2024-04-03 15:55:00,5.0,停机,IsolationForest; Mahalanobis; 单变量IQR+3σ; 残差,308.436,130,Mahalanobis 距离=308.4（阈值=10.8）。主要贡献特征：PC1 (100.0%)。
102,2024-04-03 16:25:00,2024-04-03 16:50:00,26.0,带载运行,IsolationForest; Mahalanobis; 单变量IQR+3σ; 残差,118.62,676,Mahalanobis 距离=118.6（阈值=10.8）。主要贡献特征：PC1 (100.0%)。
103,2024-04-03 16:55:00,2024-04-03 17:09:00,15.0,停机,IsolationForest; Mahalanobis; 单变量IQR+3σ; 残差,7392.779,390,Mahalanobis 距离=7392.8（阈值=10.8）。主要贡献特征：PC1 (100.0%)。
104,2024-04-03 17:11:00,2024-04-03 17:18:00,8.0,带载运行,IsolationForest; Mahalanobis; 单变量IQR+3σ; 残差,128.433,208,Mahalanobis 距离=128.4（阈值=10.8）。主要贡献特征：PC1 (100.0%)。
105,2024-04-03 18:00:00,2024-04-03 18:08:00,9.0,带载运行,IsolationForest; Mahalanobis; 单变量IQR+3σ; 残差,24.677,234,Mahalanobis 距离=24.7（阈值=10.8）。主要贡献特征：PC1 (100.0%)。
106,2024-04-03 19:21:00,2024-04-03 19:21:00,1.0,带载运行,IsolationForest; Mahalanobis; 单变量IQR+3σ; 残差,1.861,26,正常
107,2024-04-03 20:56:00,2024-04-03 21:01:00,6.0,带载运行,IsolationForest; Mahalanobis; 单变量IQR+3σ; 残差,22.184,156,Mahalanobis 距离=22.2（阈值=10.8）。主要贡献特征：PC1 (100.0%)。
108,2024-04-03 21:05:00,2024-04-03 21:08:00,4.0,停机,IsolationForest; Mahalanobis; 单变量IQR+3σ; 残差,7699.931,104,Mahalanobis 距离=7699.9（阈值=10.8）。主要贡献特征：PC1 (100.0%)。
109,2024-04-03 21:22:00,2024-04-03 21:26:00,5.0,停机,IsolationForest; Mahalanobis; 单变量IQR+3σ; 残差,1307.359,130,Mahalanobis 距离=1307.4（阈值=10.8）。主要贡献特征：PC1 (100.0%)。
110,2024-04-03 21:36:00,2024-04-03 21:40:00,5.0,带载运行,IsolationForest; Mahalanobis; 单变量IQR+3σ; 残差,110.343,130,Mahalanobis 距离=110.3（阈值=10.8）。主要贡献特征：PC1 (100.0%)。
111,2024-04-04 00:12:00,2024-04-04 00:20:00,9.0,停机,IsolationForest; Mahalanobis; 单变量IQR+3σ; 残差,7475.463,234,Mahalanobis 距离=7475.5（阈值=10.8）。主要贡献特征：PC1 (100.0%)。
112,2024-04-04 00:50:00,2024-04-04 00:54:00,5.0,带载运行,IsolationForest; Mahalanobis; 单变量IQR+3σ; 残差,23.88,130,Mahalanobis 距离=23.9（阈值=10.8）。主要贡献特征：PC1 (100.0%)。
113,2024-04-04 01:12:00,2024-04-04 01:16:00,5.0,带载运行,IsolationForest; Mahalanobis; 单变量IQR+3σ; 残差,29.347,130,Mahalanobis 距离=29.3（阈值=10.8）。主要贡献特征：PC1 (100.0%)。
114,2024-04-04 01:37:00,2024-04-04 01:45:00,9.0,停机,IsolationForest; Mahalanobis; 单变量IQR+3σ; 残差,7900.929,234,Mahalanobis 距离=7900.9（阈值=10.8）。主要贡献特征：PC1 (100.0%)。
115,2024-04-04 02:03:00,2024-04-04 02:06:00,4.0,停机,IsolationForest; Mahalanobis; 单变量IQR+3σ; 残差,7725.774,104,Mahalanobis 距离=7725.8（阈值=10.8）。主要贡献特征：PC1 (100.0%)。
116,2024-04-04 03:35:00,2024-04-04 03:35:00,1.0,停机,IsolationForest; Mahalanobis; 单变量IQR+3σ; 残差,1.416,26,正常
117,2024-04-04 03:37:00,2024-04-04 03:50:00,14.0,带载运行,IsolationForest; Mahalanobis; 单变量IQR+3σ; 残差,121.079,364,Mahalanobis 距离=121.1（阈值=10.8）。主要贡献特征：PC1 (100.0%)。
118,2024-04-04 03:59:00,2024-04-04 04:07:00,9.0,停机,IsolationForest; Mahalanobis; 单变量IQR+3σ; 残差,8052.837,234,Mahalanobis 距离=8052.8（阈值=10.8）。主要贡献特征：PC1 (100.0%)。
119,2024-04-04 04:09:00,2024-04-04 04:13:00,5.0,空载运行,IsolationForest; Mahalanobis; 单变量IQR+3σ; 残差,7813.863,130,Mahalanobis 距离=7813.9（阈值=10.8）。主要贡献特征：PC1 (100.0%)。
120,2024-04-04 04:18:00,2024-04-04 04:19:00,2.0,停机,IsolationForest; Mahalanobis; 单变量IQR+3σ; 残差,0.969,52,正常
121,2024-04-04 04:29:00,2024-04-04 04:33:00,5.0,带载运行,IsolationForest; Mahalanobis; 单变量IQR+3σ; 残差,138.081,130,Mahalanobis 距离=138.1（阈值=10.8）。主要贡献特征：PC1 (100.0%)。
122,2024-04-04 04:52:00,2024-04-04 05:13:00,22.0,带载运行,IsolationForest; Mahalanobis; 单变量IQR+3σ; 残差,24.003,572,Mahalanobis 距离=24.0（阈值=10.8）。主要贡献特征：PC1 (100.0%)。
123,2024-04-04 05:26:00,2024-04-04 05:29:00,4.0,带载运行,IsolationForest; Mahalanobis; 单变量IQR+3σ; 残差,18.907,104,Mahalanobis 距离=18.9（阈值=10.8）。主要贡献特征：PC1 (100.0%)。
124,2024-04-04 05:34:00,2024-04-04 05:48:00,15.0,带载运行,IsolationForest; Mahalanobis; 单变量IQR+3σ; 残差,26.948,390,Mahalanobis 距离=26.9（阈值=10.8）。主要贡献特征：PC1 (100.0%)。
125,2024-04-04 06:54:00,2024-04-04 07:00:00,7.0,带载运行,IsolationForest; Mahalanobis; 单变量IQR+3σ; 残差,23.78,182,Mahalanobis 距离=23.8（阈值=10.8）。主要贡献特征：PC1 (100.0%)。
126,2024-04-04 07:37:00,2024-04-04 07:37:00,1.0,带载运行,IsolationForest; Mahalanobis; 单变量IQR+3σ; 残差,1.207,26,正常
127,2024-04-04 08:06:00,2024-04-04 08:09:00,4.0,停机,IsolationForest; Mahalanobis; 单变量IQR+3σ; 残差,8052.764,104,Mahalanobis 距离=8052.8（阈值=10.8）。主要贡献特征：PC1 (100.0%)。
128,2024-04-04 08:18:00,2024-04-04 08:22:00,5.0,带载运行,IsolationForest; Mahalanobis; 单变量IQR+3σ; 残差,126.751,130,Mahalanobis 距离=126.8（阈值=10.8）。主要贡献特征：PC1 (100.0%)。
129,2024-04-04 08:25:00,2024-04-04 08:33:00,9.0,停机,IsolationForest; Mahalanobis; 单变量IQR+3σ; 残差,8036.996,234,Mahalanobis 距离=8037.0（阈值=10.8）。主要贡献特征：PC1 (100.0%)。
130,2024-04-04 08:47:00,2024-04-04 08:50:00,4.0,停机,IsolationForest; Mahalanobis; 单变量IQR+3σ; 残差,8033.612,104,Mahalanobis 距离=8033.6（阈值=10.8）。主要贡献特征：PC1 (100.0%)。
131,2024-04-04 08:53:00,2024-04-04 08:57:00,5.0,带载运行,IsolationForest; Mahalanobis; 单变量IQR+3σ; 残差,131.497,130,Mahalanobis 距离=131.5（阈值=10.8）。主要贡献特征：PC1 (100.0%)。
132,2024-04-04 09:07:00,2024-04-04 09:24:00,18.0,停机,IsolationForest; Mahalanobis; 单变量IQR+3σ; 残差,8046.499,468,Mahalanobis 距离=8046.5（阈值=10.8）。主要贡献特征：PC1 (100.0%)。
133,2024-04-04 09:30:00,2024-04-04 09:31:00,2.0,停机,IsolationForest; Mahalanobis; 单变量IQR+3σ; 残差,4.988,52,残差异常：三机_转载机_减速器_冷却水_压力 偏高（残差 Z-score=5.0，实际=0.2 vs 预测=0.0）
134,2024-04-04 09:34:00,2024-04-04 09:34:00,1.0,停机,IsolationForest; Mahalanobis; 单变量IQR+3σ; 残差,3.88,26,残差异常：三机_转载机_减速器_冷却水_压力 偏高（残差 Z-score=3.9，实际=0.2 vs 预测=0.1）
135,2024-04-04 09:43:00,2024-04-04 10:00:00,18.0,停机,IsolationForest; Mahalanobis; 单变量IQR+3σ; 残差,598.433,468,Mahalanobis 距离=598.4（阈值=10.8）。主要贡献特征：PC1 (100.0%)。
136,2024-04-04 10:03:00,2024-04-04 10:04:00,2.0,停机,IsolationForest; Mahalanobis; 单变量IQR+3σ; 残差,1.117,52,正常
137,2024-04-04 10:06:00,2024-04-04 10:06:00,1.0,停机,IsolationForest; Mahalanobis; 单变量IQR+3σ; 残差,0.801,26,正常
138,2024-04-04 10:09:00,2024-04-04 10:11:00,3.0,停机,IsolationForest; Mahalanobis; 单变量IQR+3σ; 残差,2.126,78,正常
139,2024-04-04 11:56:00,2024-04-04 12:00:00,5.0,停机,IsolationForest; Mahalanobis; 单变量IQR+3σ; 残差,334.843,130,Mahalanobis 距离=334.8（阈值=10.8）。主要贡献特征：PC1 (100.0%)。
140,2024-04-04 12:04:00,2024-04-04 12:05:00,2.0,停机,IsolationForest; Mahalanobis; 单变量IQR+3σ; 残差,3.101,52,残差异常：三机_转载机_减速器_冷却水_温度 偏高（残差 Z-score=3.1，实际=34.5 vs 预测=30.5）
141,2024-04-04 12:07:00,2024-04-04 12:07:00,1.0,停机,IsolationForest; Mahalanobis; 单变量IQR+3σ; 残差,3.239,26,残差异常：三机_转载机_减速器_冷却水_温度 偏高（残差 Z-score=3.2，实际=37.0 vs 预测=32.8）
142,2024-04-04 12:18:00,2024-04-04 12:24:00,7.0,停机,IsolationForest; Mahalanobis; 单变量IQR+3σ; 残差,326.527,182,Mahalanobis 距离=326.5（阈值=10.8）。主要贡献特征：PC1 (100.0%)。
143,2024-04-04 13:26:00,2024-04-04 13:30:00,5.0,停机,IsolationForest; Mahalanobis; 单变量IQR+3σ; 残差,381.99,130,Mahalanobis 距离=382.0（阈值=10.8）。主要贡献特征：PC1 (100.0%)。
144,2024-04-04 14:54:00,2024-04-04 15:05:00,12.0,停机,IsolationForest; Mahalanobis; 单变量IQR+3σ; 残差,1718.035,312,Mahalanobis 距离=1718.0（阈值=10.8）。主要贡献特征：PC1 (100.0%)。
145,2024-04-04 15:07:00,2024-04-04 15:14:00,8.0,停机,IsolationForest; Mahalanobis; 单变量IQR+3σ; 残差,3043.508,208,Mahalanobis 距离=3043.5（阈值=10.8）。主要贡献特征：PC1 (100.0%)。
146,2024-04-04 15:17:00,2024-04-04 15:17:00,1.0,停机,IsolationForest; Mahalanobis; 单变量IQR+3σ; 残差,1.017,26,正常
147,2024-04-04 15:21:00,2024-04-04 15:24:00,4.0,停机,IsolationForest; Mahalanobis; 单变量IQR+3σ; 残差,0.934,104,正常
148,2024-04-04 15:29:00,2024-04-04 16:15:00,47.0,带载运行,IsolationForest; Mahalanobis; 单变量IQR+3σ; 残差,125.543,1222,Mahalanobis 距离=125.5（阈值=10.8）。主要贡献特征：PC1 (100.0%)。
149,2024-04-04 17:17:00,2024-04-04 17:23:00,7.0,停机,IsolationForest; Mahalanobis; 单变量IQR+3σ; 残差,7795.086,182,Mahalanobis 距离=7795.1（阈值=10.8）。主要贡献特征：PC1 (100.0%)。
150,2024-04-04 17:35:00,2024-04-04 17:41:00,7.0,带载运行,IsolationForest; Mahalanobis; 单变量IQR+3σ; 残差,139.515,182,Mahalanobis 距离=139.5（阈值=10.8）。主要贡献特征：PC1 (100.0%)。
151,2024-04-04 17:49:00,2024-04-04 17:50:00,2.0,带载运行,IsolationForest; Mahalanobis; 单变量IQR+3σ; 残差,12.659,52,Mahalanobis 距离=12.7（阈值=10.8）。主要贡献特征：PC1 (100.0%)。
152,2024-04-04 18:38:00,2024-04-04 18:40:00,3.0,带载运行,IsolationForest; Mahalanobis; 单变量IQR+3σ; 残差,13.466,78,Mahalanobis 距离=13.5（阈值=10.8）。主要贡献特征：PC1 (100.0%)。
153,2024-04-04 19:39:00,2024-04-04 19:41:00,3.0,带载运行,IsolationForest; Mahalanobis; 单变量IQR+3σ; 残差,3.673,78,残差异常：三机_转载机_电机_电流 偏高（残差 Z-score=3.7，实际=131.0 vs 预测=87.2）
154,2024-04-04 20:37:00,2024-04-04 20:40:00,4.0,带载运行,IsolationForest; Mahalanobis; 单变量IQR+3σ; 残差,7.329,104,残差异常：三机_转载机_电机_电流 偏高（残差 Z-score=7.3，实际=176.0 vs 预测=88.6）
155,2024-04-04 21:11:00,2024-04-04 21:16:00,6.0,带载运行,IsolationForest; Mahalanobis; 单变量IQR+3σ; 残差,13.974,156,Mahalanobis 距离=14.0（阈值=10.8）。主要贡献特征：PC1 (100.0%)。
156,2024-04-04 21:57:00,2024-04-04 22:00:00,4.0,停机,IsolationForest; Mahalanobis; 单变量IQR+3σ; 残差,8360.989,104,Mahalanobis 距离=8361.0（阈值=10.8）。主要贡献特征：PC1 (100.0%)。
157,2024-04-04 22:02:00,2024-04-04 22:05:00,4.0,带载运行,IsolationForest; Mahalanobis; 单变量IQR+3σ; 残差,113.54,104,Mahalanobis 距离=113.5（阈值=10.8）。主要贡献特征：PC1 (100.0%)。
158,2024-04-04 23:02:00,2024-04-04 23:02:00,1.0,带载运行,IsolationForest; Mahalanobis; 单变量IQR+3σ; 残差,10.904,26,Mahalanobis 距离=10.9（阈值=10.8）。主要贡献特征：PC1 (100.0%)。
159,2024-04-04 23:18:00,2024-04-04 23:19:00,2.0,带载运行,IsolationForest; Mahalanobis; 单变量IQR+3σ; 残差,13.152,52,Mahalanobis 距离=13.2（阈值=10.8）。主要贡献特征：PC1 (100.0%)。
160,2024-04-04 23:23:00,2024-04-04 23:28:00,6.0,带载运行,IsolationForest; Mahalanobis; 单变量IQR+3σ; 残差,16.926,156,Mahalanobis 距离=16.9（阈值=10.8）。主要贡献特征：PC1 (100.0%)。
161,2024-04-04 23:50:00,2024-04-04 23:53:00,4.0,停机,IsolationForest; Mahalanobis; 单变量IQR+3σ; 残差,8400.134,104,Mahalanobis 距离=8400.1（阈值=10.8）。主要贡献特征：PC1 (100.0%)。
162,2024-04-04 23:55:00,2024-04-04 23:59:00,5.0,带载运行,IsolationForest; Mahalanobis; 单变量IQR+3σ; 残差,125.661,130,Mahalanobis 距离=125.7（阈值=10.8）。主要贡献特征：PC1 (100.0%)。
163,2024-04-05 00:29:00,2024-04-05 00:31:00,3.0,带载运行,IsolationForest; Mahalanobis; 单变量IQR+3σ; 残差,6.255,78,残差异常：三机_转载机_电机_电流 偏高（残差 Z-score=6.3，实际=166.0 vs 预测=91.4）
164,2024-04-05 01:31:00,2024-04-05 01:37:00,7.0,带载运行,IsolationForest; Mahalanobis; 单变量IQR+3σ; 残差,24.055,182,Mahalanobis 距离=24.1（阈值=10.8）。主要贡献特征：PC1 (100.0%)。
165,2024-04-05 01:42:00,2024-04-05 02:23:00,42.0,带载运行,IsolationForest; Mahalanobis; 单变量IQR+3σ; 残差,26.657,1092,Mahalanobis 距离=26.7（阈值=10.8）。主要贡献特征：PC1 (100.0%)。
166,2024-04-05 03:05:00,2024-04-05 03:11:00,7.0,带载运行,IsolationForest; Mahalanobis; 单变量IQR+3σ; 残差,53.467,182,Mahalanobis 距离=53.5（阈值=10.8）。主要贡献特征：PC1 (100.0%)。
167,2024-04-05 04:12:00,2024-04-05 04:15:00,4.0,带载运行,IsolationForest; Mahalanobis; 单变量IQR+3σ; 残差,13.458,104,Mahalanobis 距离=13.5（阈值=10.8）。主要贡献特征：PC1 (100.0%)。
168,2024-04-05 04:34:00,2024-04-05 04:43:00,10.0,带载运行,IsolationForest; Mahalanobis; 单变量IQR+3σ; 残差,23.825,260,Mahalanobis 距离=23.8（阈值=10.8）。主要贡献特征：PC1 (100.0%)。
169,2024-04-05 05:12:00,2024-04-05 05:15:00,4.0,停机,IsolationForest; Mahalanobis; 单变量IQR+3σ; 残差,8040.771,104,Mahalanobis 距离=8040.8（阈值=10.8）。主要贡献特征：PC1 (100.0%)。
170,2024-04-05 05:19:00,2024-04-05 05:30:00,12.0,带载运行,IsolationForest; Mahalanobis; 单变量IQR+3σ; 残差,130.977,312,Mahalanobis 距离=131.0（阈值=10.8）。主要贡献特征：PC1 (100.0%)。
171,2024-04-05 05:33:00,2024-04-05 05:49:00,17.0,停机,IsolationForest; Mahalanobis; 单变量IQR+3σ; 残差,3354.287,442,Mahalanobis 距离=3354.3（阈值=10.8）。主要贡献特征：PC1 (100.0%)。
172,2024-04-05 05:57:00,2024-04-05 06:23:00,27.0,带载运行,IsolationForest; Mahalanobis; 单变量IQR+3σ; 残差,140.485,702,Mahalanobis 距离=140.5（阈值=10.8）。主要贡献特征：PC1 (100.0%)。
173,2024-04-05 06:28:00,2024-04-05 06:46:00,19.0,停机,IsolationForest; Mahalanobis; 单变量IQR+3σ; 残差,7094.222,494,Mahalanobis 距离=7094.2（阈值=10.8）。主要贡献特征：PC1 (100.0%)。
174,2024-04-05 07:10:00,2024-04-05 07:13:00,4.0,停机,IsolationForest; Mahalanobis; 单变量IQR+3σ; 残差,8048.07,104,Mahalanobis 距离=8048.1（阈值=10.8）。主要贡献特征：PC1 (100.0%)。
175,2024-04-05 07:16:00,2024-04-05 07:21:00,6.0,带载运行,IsolationForest; Mahalanobis; 单变量IQR+3σ; 残差,140.96,156,Mahalanobis 距离=141.0（阈值=10.8）。主要贡献特征：PC1 (100.0%)。
176,2024-04-05 07:34:00,2024-04-05 07:40:00,7.0,停机,IsolationForest; Mahalanobis; 单变量IQR+3σ; 残差,8049.729,182,Mahalanobis 距离=8049.7（阈值=10.8）。主要贡献特征：PC1 (100.0%)。
177,2024-04-05 07:59:00,2024-04-05 08:06:00,8.0,带载运行,IsolationForest; Mahalanobis; 单变量IQR+3σ; 残差,23.928,208,Mahalanobis 距离=23.9（阈值=10.8）。主要贡献特征：PC1 (100.0%)。
178,2024-04-05 08:08:00,2024-04-05 08:11:00,4.0,停机,IsolationForest; Mahalanobis; 单变量IQR+3σ; 残差,7717.672,104,Mahalanobis 距离=7717.7（阈值=10.8）。主要贡献特征：PC1 (100.0%)。
179,2024-04-05 08:18:00,2024-04-05 08:24:00,7.0,停机,IsolationForest; Mahalanobis; 单变量IQR+3σ; 残差,5976.407,182,Mahalanobis 距离=5976.4（阈值=10.8）。主要贡献特征：PC1 (100.0%)。
180,2024-04-05 08:37:00,2024-04-05 08:42:00,6.0,带载运行,IsolationForest; Mahalanobis; 单变量IQR+3σ; 残差,123.893,156,Mahalanobis 距离=123.9（阈值=10.8）。主要贡献特征：PC1 (100.0%)。
181,2024-04-05 08:53:00,2024-04-05 08:56:00,4.0,停机,IsolationForest; Mahalanobis; 单变量IQR+3σ; 残差,8053.147,104,Mahalanobis 距离=8053.1（阈值=10.8）。主要贡献特征：PC1 (100.0%)。
182,2024-04-05 09:04:00,2024-04-05 09:07:00,4.0,带载运行,IsolationForest; Mahalanobis; 单变量IQR+3σ; 残差,109.301,104,Mahalanobis 距离=109.3（阈值=10.8）。主要贡献特征：PC1 (100.0%)。
183,2024-04-05 09:14:00,2024-04-05 09:19:00,6.0,停机,IsolationForest; Mahalanobis; 单变量IQR+3σ; 残差,8044.422,156,Mahalanobis 距离=8044.4（阈值=10.8）。主要贡献特征：PC1 (100.0%)。
184,2024-04-05 09:21:00,2024-04-05 09:25:00,5.0,带载运行,IsolationForest; Mahalanobis; 单变量IQR+3σ; 残差,125.055,130,Mahalanobis 距离=125.1（阈值=10.8）。主要贡献特征：PC1 (100.0%)。
185,2024-04-05 10:13:00,2024-04-05 10:21:00,9.0,停机,IsolationForest; Mahalanobis; 单变量IQR+3σ; 残差,5094.79,234,Mahalanobis 距离=5094.8（阈值=10.8）。主要贡献特征：PC1 (100.0%)。
186,2024-04-05 10:24:00,2024-04-05 10:24:00,1.0,停机,IsolationForest; Mahalanobis; 单变量IQR+3σ; 残差,5.542,26,残差异常：三机_转载机_减速器_冷却水_压力 偏高（残差 Z-score=5.5，实际=0.2 vs 预测=0.0）
187,2024-04-05 10:39:00,2024-04-05 10:55:00,17.0,停机,IsolationForest; Mahalanobis; 单变量IQR+3σ; 残差,892.015,442,Mahalanobis 距离=892.0（阈值=10.8）。主要贡献特征：PC1 (100.0%)。
188,2024-04-05 11:26:00,2024-04-05 11:30:00,5.0,带载运行,IsolationForest; Mahalanobis; 单变量IQR+3σ; 残差,145.232,130,Mahalanobis 距离=145.2（阈值=10.8）。主要贡献特征：PC1 (100.0%)。
189,2024-04-05 13:07:00,2024-04-05 13:19:00,13.0,停机,IsolationForest; Mahalanobis; 单变量IQR+3σ; 残差,350.477,338,Mahalanobis 距离=350.5（阈值=10.8）。主要贡献特征：PC1 (100.0%)。
190,2024-04-05 13:40:00,2024-04-05 13:42:00,3.0,停机,IsolationForest; Mahalanobis; 单变量IQR+3σ; 残差,0.818,78,正常
191,2024-04-05 13:52:00,2024-04-05 13:57:00,6.0,停机,IsolationForest; Mahalanobis; 单变量IQR+3σ; 残差,4.245,156,残差异常：三机_转载机_变频器_腔体温度 偏高（残差 Z-score=4.2，实际=36.0 vs 预测=21.6）
192,2024-04-05 15:02:00,2024-04-05 15:02:00,1.0,停机,IsolationForest; Mahalanobis; 单变量IQR+3σ; 残差,6.946,26,残差异常：三机_转载机_减速器_冷却水_流量 偏高（残差 Z-score=6.9，实际=50.0 vs 预测=0.0）
193,2024-04-05 15:04:00,2024-04-05 15:18:00,15.0,停机,IsolationForest; Mahalanobis; 单变量IQR+3σ; 残差,670.899,390,Mahalanobis 距离=670.9（阈值=10.8）。主要贡献特征：PC1 (100.0%)。
194,2024-04-05 15:29:00,2024-04-05 16:13:00,45.0,带载运行,IsolationForest; Mahalanobis; 单变量IQR+3σ; 残差,119.965,1170,Mahalanobis 距离=120.0（阈值=10.8）。主要贡献特征：PC1 (100.0%)。
195,2024-04-05 16:41:00,2024-04-05 16:49:00,9.0,停机,IsolationForest; Mahalanobis; 单变量IQR+3σ; 残差,8052.424,234,Mahalanobis 距离=8052.4（阈值=10.8）。主要贡献特征：PC1 (100.0%)。
196,2024-04-05 18:59:00,2024-04-05 18:59:00,1.0,带载运行,IsolationForest; Mahalanobis; 单变量IQR+3σ; 残差,6.181,26,残差异常：三机_转载机_电机_转矩 偏高（残差 Z-score=6.2，实际=68.0 vs 预测=24.8）
197,2024-04-05 19:42:00,2024-04-05 19:49:00,8.0,停机,IsolationForest; Mahalanobis; 单变量IQR+3σ; 残差,7868.571,208,Mahalanobis 距离=7868.6（阈值=10.8）。主要贡献特征：PC1 (100.0%)。
198,2024-04-05 19:54:00,2024-04-05 19:57:00,4.0,停机,IsolationForest; Mahalanobis; 单变量IQR+3σ; 残差,8596.321,104,Mahalanobis 距离=8596.3（阈值=10.8）。主要贡献特征：PC1 (100.0%)。
199,2024-04-05 20:01:00,2024-04-05 20:05:00,5.0,带载运行,IsolationForest; Mahalanobis; 单变量IQR+3σ; 残差,132.529,130,Mahalanobis 距离=132.5（阈值=10.8）。主要贡献特征：PC1 (100.0%)。
200,2024-04-05 20:07:00,2024-04-05 20:07:00,1.0,带载运行,IsolationForest; Mahalanobis; 单变量IQR+3σ; 残差,6.093,26,正常
201,2024-04-05 22:16:00,2024-04-05 22:16:00,1.0,带载运行,IsolationForest; Mahalanobis; 单变量IQR+3σ; 残差,6.354,26,正常
202,2024-04-05 22:19:00,2024-04-05 22:21:00,3.0,带载运行,IsolationForest; Mahalanobis; 单变量IQR+3σ; 残差,12.911,78,Mahalanobis 距离=12.9（阈值=10.8）。主要贡献特征：PC1 (100.0%)。
203,2024-04-05 22:25:00,2024-04-05 22:28:00,4.0,带载运行,IsolationForest; Mahalanobis; 单变量IQR+3σ; 残差,13.535,104,Mahalanobis 距离=13.5（阈值=10.8）。主要贡献特征：PC1 (100.0%)。
204,2024-04-05 23:09:00,2024-04-05 23:13:00,5.0,停机,IsolationForest; Mahalanobis; 单变量IQR+3σ; 残差,8041.831,130,Mahalanobis 距离=8041.8（阈值=10.8）。主要贡献特征：PC1 (100.0%)。
205,2024-04-05 23:18:00,2024-04-05 23:23:00,6.0,停机,IsolationForest; Mahalanobis; 单变量IQR+3σ; 残差,975.344,156,Mahalanobis 距离=975.3（阈值=10.8）。主要贡献特征：PC1 (100.0%)。
206,2024-04-06 00:13:00,2024-04-06 00:17:00,5.0,带载运行,IsolationForest; Mahalanobis; 单变量IQR+3σ; 残差,125.225,130,Mahalanobis 距离=125.2（阈值=10.8）。主要贡献特征：PC1 (100.0%)。
207,2024-04-06 00:45:00,2024-04-06 00:50:00,6.0,带载运行,IsolationForest; Mahalanobis; 单变量IQR+3σ; 残差,18.416,156,Mahalanobis 距离=18.4（阈值=10.8）。主要贡献特征：PC1 (100.0%)。
208,2024-04-06 00:59:00,2024-04-06 01:03:00,5.0,带载运行,IsolationForest; Mahalanobis; 单变量IQR+3σ; 残差,24.896,130,Mahalanobis 距离=24.9（阈值=10.8）。主要贡献特征：PC1 (100.0%)。
209,2024-04-06 01:18:00,2024-04-06 01:21:00,4.0,停机,IsolationForest; Mahalanobis; 单变量IQR+3σ; 残差,7750.826,104,Mahalanobis 距离=7750.8（阈值=10.8）。主要贡献特征：PC1 (100.0%)。
210,2024-04-06 01:23:00,2024-04-06 01:29:00,7.0,带载运行,IsolationForest; Mahalanobis; 单变量IQR+3σ; 残差,144.618,182,Mahalanobis 距离=144.6（阈值=10.8）。主要贡献特征：PC1 (100.0%)。
211,2024-04-06 02:07:00,2024-04-06 02:10:00,4.0,停机,IsolationForest; Mahalanobis; 单变量IQR+3σ; 残差,8045.843,104,Mahalanobis 距离=8045.8（阈值=10.8）。主要贡献特征：PC1 (100.0%)。
212,2024-04-06 02:16:00,2024-04-06 02:20:00,5.0,带载运行,IsolationForest; Mahalanobis; 单变量IQR+3σ; 残差,139.509,130,Mahalanobis 距离=139.5（阈值=10.8）。主要贡献特征：PC1 (100.0%)。
213,2024-04-06 03:00:00,2024-04-06 03:03:00,4.0,停机,IsolationForest; Mahalanobis; 单变量IQR+3σ; 残差,8051.743,104,Mahalanobis 距离=8051.7（阈值=10.8）。主要贡献特征：PC1 (100.0%)。
214,2024-04-06 03:05:00,2024-04-06 03:09:00,5.0,带载运行,IsolationForest; Mahalanobis; 单变量IQR+3σ; 残差,129.473,130,Mahalanobis 距离=129.5（阈值=10.8）。主要贡献特征：PC1 (100.0%)。
215,2024-04-06 03:33:00,2024-04-06 03:38:00,6.0,带载运行,IsolationForest; Mahalanobis; 单变量IQR+3σ; 残差,15.697,156,Mahalanobis 距离=15.7（阈值=10.8）。主要贡献特征：PC1 (100.0%)。
216,2024-04-06 04:06:00,2024-04-06 04:10:00,5.0,停机,IsolationForest; Mahalanobis; 单变量IQR+3σ; 残差,8053.991,130,Mahalanobis 距离=8054.0（阈值=10.8）。主要贡献特征：PC1 (100.0%)。
217,2024-04-06 04:14:00,2024-04-06 04:14:00,1.0,停机,IsolationForest; Mahalanobis; 单变量IQR+3σ; 残差,1.894,26,正常
218,2024-04-06 04:28:00,2024-04-06 04:36:00,9.0,停机,IsolationForest; Mahalanobis; 单变量IQR+3σ; 残差,7036.379,234,Mahalanobis 距离=7036.4（阈值=10.8）。主要贡献特征：PC1 (100.0%)。
219,2024-04-06 04:40:00,2024-04-06 04:45:00,6.0,带载运行,IsolationForest; Mahalanobis; 单变量IQR+3σ; 残差,143.484,156,Mahalanobis 距离=143.5（阈值=10.8）。主要贡献特征：PC1 (100.0%)。
220,2024-04-06 04:49:00,2024-04-06 04:51:00,3.0,带载运行,IsolationForest; Mahalanobis; 单变量IQR+3σ; 残差,13.944,78,Mahalanobis 距离=13.9（阈值=10.8）。主要贡献特征：PC1 (100.0%)。
221,2024-04-06 05:06:00,2024-04-06 05:09:00,4.0,停机,IsolationForest; Mahalanobis; 单变量IQR+3σ; 残差,8040.356,104,Mahalanobis 距离=8040.4（阈值=10.8）。主要贡献特征：PC1 (100.0%)。
222,2024-04-06 05:34:00,2024-04-06 05:38:00,5.0,带载运行,IsolationForest; Mahalanobis; 单变量IQR+3σ; 残差,114.292,130,Mahalanobis 距离=114.3（阈值=10.8）。主要贡献特征：PC1 (100.0%)。
223,2024-04-06 05:50:00,2024-04-06 05:56:00,7.0,带载运行,IsolationForest; Mahalanobis; 单变量IQR+3σ; 残差,24.072,182,Mahalanobis 距离=24.1（阈值=10.8）。主要贡献特征：PC1 (100.0%)。
224,2024-04-06 06:53:00,2024-04-06 07:04:00,12.0,带载运行,IsolationForest; Mahalanobis; 单变量IQR+3σ; 残差,23.881,312,Mahalanobis 距离=23.9（阈值=10.8）。主要贡献特征：PC1 (100.0%)。
225,2024-04-06 07:36:00,2024-04-06 08:01:00,26.0,带载运行,IsolationForest; Mahalanobis; 单变量IQR+3σ; 残差,24.148,676,Mahalanobis 距离=24.1（阈值=10.8）。主要贡献特征：PC1 (100.0%)。
226,2024-04-06 08:07:00,2024-04-06 08:13:00,7.0,停机,IsolationForest; Mahalanobis; 单变量IQR+3σ; 残差,8047.12,182,Mahalanobis 距离=8047.1（阈值=10.8）。主要贡献特征：PC1 (100.0%)。
227,2024-04-06 08:55:00,2024-04-06 08:55:00,1.0,带载运行,IsolationForest; Mahalanobis; 单变量IQR+3σ; 残差,3.304,26,残差异常：三机_转载机_电机_电流 偏高（残差 Z-score=3.3，实际=116.0 vs 预测=76.6）
228,2024-04-06 09:12:00,2024-04-06 09:21:00,10.0,停机,IsolationForest; Mahalanobis; 单变量IQR+3σ; 残差,8056.947,260,Mahalanobis 距离=8056.9（阈值=10.8）。主要贡献特征：PC1 (100.0%)。
229,2024-04-06 10:04:00,2024-04-06 10:13:00,10.0,停机,IsolationForest; Mahalanobis; 单变量IQR+3σ; 残差,4055.402,260,Mahalanobis 距离=4055.4（阈值=10.8）。主要贡献特征：PC1 (100.0%)。
230,2024-04-06 10:15:00,2024-04-06 10:16:00,2.0,停机,IsolationForest; Mahalanobis; 单变量IQR+3σ; 残差,3.325,52,残差异常：三机_转载机_减速器_冷却水_压力 偏高（残差 Z-score=3.3，实际=0.2 vs 预测=0.1）
231,2024-04-06 10:22:00,2024-04-06 10:32:00,11.0,停机,IsolationForest; Mahalanobis; 单变量IQR+3σ; 残差,10.909,286,残差异常：三机_转载机_变频器_腔体温度 偏高（残差 Z-score=10.9，实际=37.0 vs 预测=0.0）
232,2024-04-06 10:52:00,2024-04-06 10:57:00,6.0,停机,IsolationForest; Mahalanobis; 单变量IQR+3σ; 残差,480.794,156,Mahalanobis 距离=480.8（阈值=10.8）。主要贡献特征：PC1 (100.0%)。
233,2024-04-06 10:59:00,2024-04-06 11:03:00,5.0,停机,IsolationForest; Mahalanobis; 单变量IQR+3σ; 残差,337.293,130,Mahalanobis 距离=337.3（阈值=10.8）。主要贡献特征：PC1 (100.0%)。
234,2024-04-06 11:10:00,2024-04-06 11:17:00,8.0,停机,IsolationForest; Mahalanobis; 单变量IQR+3σ; 残差,581.557,208,Mahalanobis 距离=581.6（阈值=10.8）。主要贡献特征：PC1 (100.0%)。
235,2024-04-06 11:23:00,2024-04-06 11:23:00,1.0,停机,IsolationForest; Mahalanobis; 单变量IQR+3σ; 残差,1.015,26,正常
236,2024-04-06 11:25:00,2024-04-06 11:25:00,1.0,空载运行,IsolationForest; Mahalanobis; 单变量IQR+3σ; 残差,0.963,26,正常
237,2024-04-06 11:31:00,2024-04-06 11:39:00,9.0,停机,IsolationForest; Mahalanobis; 单变量IQR+3σ; 残差,624.177,234,Mahalanobis 距离=624.2（阈值=10.8）。主要贡献特征：PC1 (100.0%)。
238,2024-04-06 11:45:00,2024-04-06 11:49:00,5.0,停机,IsolationForest; Mahalanobis; 单变量IQR+3σ; 残差,186.827,130,Mahalanobis 距离=186.8（阈值=10.8）。主要贡献特征：PC1 (100.0%)。
239,2024-04-06 12:05:00,2024-04-06 12:07:00,3.0,停机,IsolationForest; Mahalanobis; 单变量IQR+3σ; 残差,1.238,78,正常
240,2024-04-06 12:12:00,2024-04-06 12:17:00,6.0,停机,IsolationForest; Mahalanobis; 单变量IQR+3σ; 残差,2.218,156,正常
241,2024-04-06 12:44:00,2024-04-06 12:44:00,1.0,停机,IsolationForest; Mahalanobis; 单变量IQR+3σ; 残差,1.06,26,正常
242,2024-04-06 13:32:00,2024-04-06 13:40:00,9.0,停机,IsolationForest; Mahalanobis; 单变量IQR+3σ; 残差,694.224,234,Mahalanobis 距离=694.2（阈值=10.8）。主要贡献特征：PC1 (100.0%)。
243,2024-04-06 13:42:00,2024-04-06 13:50:00,9.0,带载运行,IsolationForest; Mahalanobis; 单变量IQR+3σ; 残差,146.301,234,Mahalanobis 距离=146.3（阈值=10.8）。主要贡献特征：PC1 (100.0%)。
244,2024-04-06 13:52:00,2024-04-06 14:06:00,15.0,停机,IsolationForest; Mahalanobis; 单变量IQR+3σ; 残差,355.468,390,Mahalanobis 距离=355.5（阈值=10.8）。主要贡献特征：PC1 (100.0%)。
245,2024-04-06 15:00:00,2024-04-06 15:04:00,5.0,停机,IsolationForest; Mahalanobis; 单变量IQR+3σ; 残差,321.243,130,Mahalanobis 距离=321.2（阈值=10.8）。主要贡献特征：PC1 (100.0%)。
246,2024-04-06 15:20:00,2024-04-06 16:25:00,66.0,空载运行,IsolationForest; Mahalanobis; 单变量IQR+3σ; 残差,1282.289,1716,Mahalanobis 距离=1282.3（阈值=10.8）。主要贡献特征：PC1 (100.0%)。
247,2024-04-06 17:06:00,2024-04-06 17:11:00,6.0,停机,IsolationForest; Mahalanobis; 单变量IQR+3σ; 残差,7708.647,156,Mahalanobis 距离=7708.6（阈值=10.8）。主要贡献特征：PC1 (100.0%)。
248,2024-04-06 17:21:00,2024-04-06 17:30:00,10.0,停机,IsolationForest; Mahalanobis; 单变量IQR+3σ; 残差,7713.504,260,Mahalanobis 距离=7713.5（阈值=10.8）。主要贡献特征：PC1 (100.0%)。
249,2024-04-06 17:35:00,2024-04-06 17:47:00,13.0,停机,IsolationForest; Mahalanobis; 单变量IQR+3σ; 残差,7710.195,338,Mahalanobis 距离=7710.2（阈值=10.8）。主要贡献特征：PC1 (100.0%)。
250,2024-04-06 17:50:00,2024-04-06 17:50:00,1.0,带载运行,IsolationForest; Mahalanobis; 单变量IQR+3σ; 残差,6.095,26,正常
251,2024-04-06 20:32:00,2024-04-06 20:38:00,7.0,带载运行,IsolationForest; Mahalanobis; 单变量IQR+3σ; 残差,6.16,182,正常
252,2024-04-06 21:04:00,2024-04-06 21:06:00,3.0,带载运行,IsolationForest; Mahalanobis; 单变量IQR+3σ; 残差,5.856,78,正常
253,2024-04-06 21:12:00,2024-04-06 21:14:00,3.0,带载运行,IsolationForest; Mahalanobis; 单变量IQR+3σ; 残差,5.849,78,正常
254,2024-04-06 21:16:00,2024-04-06 21:31:00,16.0,停机,IsolationForest; Mahalanobis; 单变量IQR+3σ; 残差,7712.496,416,Mahalanobis 距离=7712.5（阈值=10.8）。主要贡献特征：PC1 (100.0%)。
255,2024-04-06 21:44:00,2024-04-06 21:50:00,7.0,带载运行,IsolationForest; Mahalanobis; 单变量IQR+3σ; 残差,146.18,182,Mahalanobis 距离=146.2（阈值=10.8）。主要贡献特征：PC1 (100.0%)。
256,2024-04-06 21:59:00,2024-04-06 21:59:00,1.0,带载运行,IsolationForest; Mahalanobis; 单变量IQR+3σ; 残差,6.823,26,正常
257,2024-04-06 22:01:00,2024-04-06 22:01:00,1.0,带载运行,IsolationForest; Mahalanobis; 单变量IQR+3σ; 残差,7.152,26,正常
258,2024-04-06 22:10:00,2024-04-06 22:12:00,3.0,带载运行,IsolationForest; Mahalanobis; 单变量IQR+3σ; 残差,6.088,78,正常
259,2024-04-06 22:15:00,2024-04-06 22:17:00,3.0,带载运行,IsolationForest; Mahalanobis; 单变量IQR+3σ; 残差,5.654,78,正常
260,2024-04-06 22:20:00,2024-04-06 23:16:00,57.0,停机,IsolationForest; Mahalanobis; 单变量IQR+3σ; 残差,7719.661,1482,Mahalanobis 距离=7719.7（阈值=10.8）。主要贡献特征：PC1 (100.0%)。
261,2024-04-06 23:22:00,2024-04-06 23:27:00,6.0,带载运行,IsolationForest; Mahalanobis; 单变量IQR+3σ; 残差,122.792,156,Mahalanobis 距离=122.8（阈值=10.8）。主要贡献特征：PC1 (100.0%)。
262,2024-04-06 23:47:00,2024-04-06 23:53:00,7.0,停机,IsolationForest; Mahalanobis; 单变量IQR+3σ; 残差,7694.352,182,Mahalanobis 距离=7694.4（阈值=10.8）。主要贡献特征：PC1 (100.0%)。
263,2024-04-06 23:56:00,2024-04-07 00:01:00,6.0,带载运行,IsolationForest; Mahalanobis; 单变量IQR+3σ; 残差,123.579,156,Mahalanobis 距离=123.6（阈值=10.8）。主要贡献特征：PC1 (100.0%)。
264,2024-04-07 00:03:00,2024-04-07 01:19:00,77.0,停机,IsolationForest; Mahalanobis; 单变量IQR+3σ; 残差,7721.69,2002,Mahalanobis 距离=7721.7（阈值=10.8）。主要贡献特征：PC1 (100.0%)。
265,2024-04-07 02:04:00,2024-04-07 02:08:00,5.0,停机,IsolationForest; Mahalanobis; 单变量IQR+3σ; 残差,1392.085,130,Mahalanobis 距离=1392.1（阈值=10.8）。主要贡献特征：PC1 (100.0%)。
266,2024-04-07 02:19:00,2024-04-07 02:26:00,8.0,带载运行,IsolationForest; Mahalanobis; 单变量IQR+3σ; 残差,119.825,208,Mahalanobis 距离=119.8（阈值=10.8）。主要贡献特征：PC1 (100.0%)。
267,2024-04-07 02:56:00,2024-04-07 09:19:00,384.0,停机,IsolationForest; Mahalanobis; 单变量IQR+3σ; 残差,8031.091,9984,Mahalanobis 距离=8031.1（阈值=10.8）。主要贡献特征：PC1 (100.0%)。
268,2024-04-07 09:22:00,2024-04-07 09:26:00,5.0,带载运行,IsolationForest; Mahalanobis; 单变量IQR+3σ; 残差,3.248,130,单变量异常：三机_转载机_减速器_冷却水_温度（z-score=3.2，实际=57.9，均值=42.3±4.8）
269,2024-04-07 09:30:00,2024-04-07 09:45:00,16.0,带载运行,IsolationForest; Mahalanobis; 单变量IQR+3σ; 残差,3.769,416,单变量异常：三机_转载机_减速器_冷却水_温度（z-score=3.8，实际=60.4，均值=42.3±4.8）
270,2024-04-07 09:47:00,2024-04-07 10:14:00,28.0,停机,IsolationForest; Mahalanobis; 单变量IQR+3σ; 残差,7074.073,728,Mahalanobis 距离=7074.1（阈值=10.8）。主要贡献特征：PC1 (100.0%)。
271,2024-04-07 10:23:00,2024-04-07 10:25:00,3.0,停机,IsolationForest; Mahalanobis; 单变量IQR+3σ; 残差,1.863,78,正常
272,2024-04-07 10:45:00,2024-04-07 10:56:00,12.0,停机,IsolationForest; Mahalanobis; 单变量IQR+3σ; 残差,6.946,312,残差异常：三机_转载机_减速器_冷却水_流量 偏高（残差 Z-score=6.9，实际=50.0 vs 预测=0.0）
273,2024-04-07 10:58:00,2024-04-07 11:20:00,23.0,停机,IsolationForest; Mahalanobis; 单变量IQR+3σ; 残差,585.658,598,Mahalanobis 距离=585.7（阈值=10.8）。主要贡献特征：PC1 (100.0%)。
274,2024-04-07 14:08:00,2024-04-07 14:10:00,3.0,停机,IsolationForest; Mahalanobis; 单变量IQR+3σ; 残差,1.136,78,正常
275,2024-04-07 14:59:00,2024-04-07 14:59:00,1.0,停机,IsolationForest; Mahalanobis; 单变量IQR+3σ; 残差,14.128,26,残差异常：三机_转载机_变频器_IGBT2温度 偏高（残差 Z-score=14.1，实际=76.0 vs 预测=33.0）
276,2024-04-07 15:14:00,2024-04-07 16:34:00,81.0,带载运行,IsolationForest; Mahalanobis; 单变量IQR+3σ; 残差,145.157,2106,Mahalanobis 距离=145.2（阈值=10.8）。主要贡献特征：PC1 (100.0%)。
277,2024-04-07 17:23:00,2024-04-07 17:26:00,4.0,停机,IsolationForest; Mahalanobis; 单变量IQR+3σ; 残差,8052.174,104,Mahalanobis 距离=8052.2（阈值=10.8）。主要贡献特征：PC1 (100.0%)。
278,2024-04-07 17:31:00,2024-04-07 17:36:00,6.0,带载运行,IsolationForest; Mahalanobis; 单变量IQR+3σ; 残差,126.632,156,Mahalanobis 距离=126.6（阈值=10.8）。主要贡献特征：PC1 (100.0%)。
279,2024-04-07 18:27:00,2024-04-07 18:27:00,1.0,带载运行,IsolationForest; Mahalanobis; 单变量IQR+3σ; 残差,4.411,26,残差异常：三机_转载机_电机_电流 偏高（残差 Z-score=4.4，实际=136.0 vs 预测=83.4）
280,2024-04-07 18:58:00,2024-04-07 19:03:00,6.0,停机,IsolationForest; Mahalanobis; 单变量IQR+3σ; 残差,8051.816,156,Mahalanobis 距离=8051.8（阈值=10.8）。主要贡献特征：PC1 (100.0%)。
281,2024-04-07 19:05:00,2024-04-07 19:05:00,1.0,停机,IsolationForest; Mahalanobis; 单变量IQR+3σ; 残差,3.529,26,残差异常：三机_转载机_减速器_冷却水_流量 偏高（残差 Z-score=3.5，实际=51.0 vs 预测=25.6）
282,2024-04-07 19:07:00,2024-04-07 19:12:00,6.0,带载运行,IsolationForest; Mahalanobis; 单变量IQR+3σ; 残差,132.656,156,Mahalanobis 距离=132.7（阈值=10.8）。主要贡献特征：PC1 (100.0%)。
283,2024-04-07 19:14:00,2024-04-07 19:14:00,1.0,带载运行,IsolationForest; Mahalanobis; 单变量IQR+3σ; 残差,3.059,26,残差异常：三机_转载机_变频器_IGBT2温度 偏高（残差 Z-score=3.1，实际=49.0 vs 预测=43.2）
284,2024-04-07 20:25:00,2024-04-07 20:30:00,6.0,停机,IsolationForest; Mahalanobis; 单变量IQR+3σ; 残差,8047.939,156,Mahalanobis 距离=8047.9（阈值=10.8）。主要贡献特征：PC1 (100.0%)。
285,2024-04-07 20:43:00,2024-04-07 20:46:00,4.0,停机,IsolationForest; Mahalanobis; 单变量IQR+3σ; 残差,7751.122,104,Mahalanobis 距离=7751.1（阈值=10.8）。主要贡献特征：PC1 (100.0%)。
286,2024-04-07 21:04:00,2024-04-07 21:10:00,7.0,带载运行,IsolationForest; Mahalanobis; 单变量IQR+3σ; 残差,145.306,182,Mahalanobis 距离=145.3（阈值=10.8）。主要贡献特征：PC1 (100.0%)。
287,2024-04-07 21:24:00,2024-04-07 21:24:00,1.0,带载运行,IsolationForest; Mahalanobis; 单变量IQR+3σ; 残差,6.42,26,正常
288,2024-04-07 22:36:00,2024-04-07 23:32:00,57.0,停机,IsolationForest; Mahalanobis; 单变量IQR+3σ; 残差,7307.333,1482,Mahalanobis 距离=7307.3（阈值=10.8）。主要贡献特征：PC1 (100.0%)。
289,2024-04-07 23:37:00,2024-04-08 00:05:00,29.0,带载运行,IsolationForest; Mahalanobis; 单变量IQR+3σ; 残差,24.061,754,Mahalanobis 距离=24.1（阈值=10.8）。主要贡献特征：PC1 (100.0%)。
290,2024-04-08 00:38:00,2024-04-08 00:41:00,4.0,停机,IsolationForest; Mahalanobis; 单变量IQR+3σ; 残差,7739.741,104,Mahalanobis 距离=7739.7（阈值=10.8）。主要贡献特征：PC1 (100.0%)。
291,2024-04-08 00:45:00,2024-04-08 00:47:00,3.0,停机,IsolationForest; Mahalanobis; 单变量IQR+3σ; 残差,1.812,78,正常
292,2024-04-08 00:49:00,2024-04-08 00:53:00,5.0,带载运行,IsolationForest; Mahalanobis; 单变量IQR+3σ; 残差,113.401,130,Mahalanobis 距离=113.4（阈值=10.8）。主要贡献特征：PC1 (100.0%)。
293,2024-04-08 00:58:00,2024-04-08 00:58:00,1.0,带载运行,IsolationForest; Mahalanobis; 单变量IQR+3σ; 残差,12.455,26,Mahalanobis 距离=12.5（阈值=10.8）。主要贡献特征：PC1 (100.0%)。
294,2024-04-08 01:17:00,2024-04-08 01:24:00,8.0,停机,IsolationForest; Mahalanobis; 单变量IQR+3σ; 残差,8047.749,208,Mahalanobis 距离=8047.7（阈值=10.8）。主要贡献特征：PC1 (100.0%)。
295,2024-04-08 01:28:00,2024-04-08 01:31:00,4.0,停机,IsolationForest; Mahalanobis; 单变量IQR+3σ; 残差,8030.037,104,Mahalanobis 距离=8030.0（阈值=10.8）。主要贡献特征：PC1 (100.0%)。
296,2024-04-08 01:33:00,2024-04-08 01:38:00,6.0,带载运行,IsolationForest; Mahalanobis; 单变量IQR+3σ; 残差,147.162,156,Mahalanobis 距离=147.2（阈值=10.8）。主要贡献特征：PC1 (100.0%)。
297,2024-04-08 04:36:00,2024-04-08 04:43:00,8.0,带载运行,IsolationForest; Mahalanobis; 单变量IQR+3σ; 残差,23.949,208,Mahalanobis 距离=23.9（阈值=10.8）。主要贡献特征：PC1 (100.0%)。
298,2024-04-08 04:48:00,2024-04-08 04:48:00,1.0,带载运行,IsolationForest; Mahalanobis; 单变量IQR+3σ; 残差,3.491,26,残差异常：三机_转载机_电机_转矩 偏高（残差 Z-score=3.5，实际=49.0 vs 预测=24.6）
299,2024-04-08 05:19:00,2024-04-08 05:19:00,1.0,带载运行,IsolationForest; Mahalanobis; 单变量IQR+3σ; 残差,11.329,26,Mahalanobis 距离=11.3（阈值=10.8）。主要贡献特征：PC1 (100.0%)。
300,2024-04-08 05:48:00,2024-04-08 05:51:00,4.0,停机,IsolationForest; Mahalanobis; 单变量IQR+3σ; 残差,8042.026,104,Mahalanobis 距离=8042.0（阈值=10.8）。主要贡献特征：PC1 (100.0%)。
301,2024-04-08 05:53:00,2024-04-08 05:53:00,1.0,停机,IsolationForest; Mahalanobis; 单变量IQR+3σ; 残差,1.941,26,正常
302,2024-04-08 05:56:00,2024-04-08 05:57:00,2.0,停机,IsolationForest; Mahalanobis; 单变量IQR+3σ; 残差,1.898,52,正常
303,2024-04-08 06:04:00,2024-04-08 06:05:00,2.0,停机,IsolationForest; Mahalanobis; 单变量IQR+3σ; 残差,1.648,52,正常
304,2024-04-08 06:12:00,2024-04-08 06:17:00,6.0,带载运行,IsolationForest; Mahalanobis; 单变量IQR+3σ; 残差,128.822,156,Mahalanobis 距离=128.8（阈值=10.8）。主要贡献特征：PC1 (100.0%)。
305,2024-04-08 06:53:00,2024-04-08 07:13:00,21.0,停机,IsolationForest; Mahalanobis; 单变量IQR+3σ; 残差,6737.167,546,Mahalanobis 距离=6737.2（阈值=10.8）。主要贡献特征：PC1 (100.0%)。
306,2024-04-08 07:20:00,2024-04-08 07:23:00,4.0,停机,IsolationForest; Mahalanobis; 单变量IQR+3σ; 残差,8033.113,104,Mahalanobis 距离=8033.1（阈值=10.8）。主要贡献特征：PC1 (100.0%)。
307,2024-04-08 07:27:00,2024-04-08 07:28:00,2.0,停机,IsolationForest; Mahalanobis; 单变量IQR+3σ; 残差,1.601,52,正常
308,2024-04-08 07:35:00,2024-04-08 07:46:00,12.0,停机,IsolationForest; Mahalanobis; 单变量IQR+3σ; 残差,4470.161,312,Mahalanobis 距离=4470.2（阈值=10.8）。主要贡献特征：PC1 (100.0%)。
309,2024-04-08 08:14:00,2024-04-08 08:14:00,1.0,停机,IsolationForest; Mahalanobis; 单变量IQR+3σ; 残差,3.056,26,残差异常：三机_转载机_减速器_冷却水_流量 偏高（残差 Z-score=3.1，实际=52.0 vs 预测=30.0）
310,2024-04-08 08:18:00,2024-04-08 08:25:00,8.0,停机,IsolationForest; Mahalanobis; 单变量IQR+3σ; 残差,6669.083,208,Mahalanobis 距离=6669.1（阈值=10.8）。主要贡献特征：PC1 (100.0%)。
311,2024-04-08 08:27:00,2024-04-08 08:31:00,5.0,停机,IsolationForest; Mahalanobis; 单变量IQR+3σ; 残差,2167.933,130,Mahalanobis 距离=2167.9（阈值=10.8）。主要贡献特征：PC1 (100.0%)。
312,2024-04-08 08:43:00,2024-04-08 08:47:00,5.0,带载运行,IsolationForest; Mahalanobis; 单变量IQR+3σ; 残差,137.0,130,Mahalanobis 距离=137.0（阈值=10.8）。主要贡献特征：PC1 (100.0%)。
313,2024-04-08 08:52:00,2024-04-08 09:05:00,14.0,停机,IsolationForest; Mahalanobis; 单变量IQR+3σ; 残差,6749.129,364,Mahalanobis 距离=6749.1（阈值=10.8）。主要贡献特征：PC1 (100.0%)。
314,2024-04-08 09:09:00,2024-04-08 09:20:00,12.0,带载运行,IsolationForest; Mahalanobis; 单变量IQR+3σ; 残差,123.199,312,Mahalanobis 距离=123.2（阈值=10.8）。主要贡献特征：PC1 (100.0%)。
315,2024-04-08 10:11:00,2024-04-08 10:14:00,4.0,停机,IsolationForest; Mahalanobis; 单变量IQR+3σ; 残差,8048.787,104,Mahalanobis 距离=8048.8（阈值=10.8）。主要贡献特征：PC1 (100.0%)。
316,2024-04-08 10:20:00,2024-04-08 10:20:00,1.0,停机,IsolationForest; Mahalanobis; 单变量IQR+3σ; 残差,3.279,26,残差异常：三机_转载机_减速器_冷却水_流量 偏高（残差 Z-score=3.3，实际=38.0 vs 预测=14.4）
317,2024-04-08 10:26:00,2024-04-08 10:27:00,2.0,停机,IsolationForest; Mahalanobis; 单变量IQR+3σ; 残差,3.88,52,残差异常：三机_转载机_减速器_冷却水_压力 偏高（残差 Z-score=3.9，实际=0.2 vs 预测=0.1）
318,2024-04-08 10:30:00,2024-04-08 10:31:00,2.0,停机,IsolationForest; Mahalanobis; 单变量IQR+3σ; 残差,1.086,52,正常
319,2024-04-08 10:33:00,2024-04-08 10:54:00,22.0,停机,IsolationForest; Mahalanobis; 单变量IQR+3σ; 残差,671.631,572,Mahalanobis 距离=671.6（阈值=10.8）。主要贡献特征：PC1 (100.0%)。
320,2024-04-08 11:31:00,2024-04-08 11:38:00,8.0,停机,IsolationForest; Mahalanobis; 单变量IQR+3σ; 残差,183.383,208,Mahalanobis 距离=183.4（阈值=10.8）。主要贡献特征：PC1 (100.0%)。
321,2024-04-08 11:40:00,2024-04-08 11:44:00,5.0,停机,IsolationForest; Mahalanobis; 单变量IQR+3σ; 残差,330.534,130,Mahalanobis 距离=330.5（阈值=10.8）。主要贡献特征：PC1 (100.0%)。
322,2024-04-08 12:11:00,2024-04-08 12:11:00,1.0,停机,IsolationForest; Mahalanobis; 单变量IQR+3σ; 残差,1.015,26,正常
323,2024-04-08 13:45:00,2024-04-08 13:47:00,3.0,停机,IsolationForest; Mahalanobis; 单变量IQR+3σ; 残差,0.537,78,正常
324,2024-04-08 13:49:00,2024-04-08 13:53:00,5.0,停机,IsolationForest; Mahalanobis; 单变量IQR+3σ; 残差,312.496,130,Mahalanobis 距离=312.5（阈值=10.8）。主要贡献特征：PC1 (100.0%)。
325,2024-04-08 14:08:00,2024-04-08 14:13:00,6.0,停机,IsolationForest; Mahalanobis; 单变量IQR+3σ; 残差,347.711,156,Mahalanobis 距离=347.7（阈值=10.8）。主要贡献特征：PC1 (100.0%)。
326,2024-04-08 15:08:00,2024-04-08 15:14:00,7.0,停机,IsolationForest; Mahalanobis; 单变量IQR+3σ; 残差,2383.386,182,Mahalanobis 距离=2383.4（阈值=10.8）。主要贡献特征：PC1 (100.0%)。
327,2024-04-08 15:51:00,2024-04-08 18:14:00,144.0,停机,IsolationForest; Mahalanobis; 单变量IQR+3σ; 残差,1684.777,3744,Mahalanobis 距离=1684.8（阈值=10.8）。主要贡献特征：PC1 (100.0%)。
328,2024-04-08 18:42:00,2024-04-08 19:08:00,27.0,带载运行,IsolationForest; Mahalanobis; 单变量IQR+3σ; 残差,81.557,702,Mahalanobis 距离=81.6（阈值=10.8）。主要贡献特征：PC1 (100.0%)。
329,2024-04-08 19:25:00,2024-04-08 19:46:00,22.0,停机,IsolationForest; Mahalanobis; 单变量IQR+3σ; 残差,6732.619,572,Mahalanobis 距离=6732.6（阈值=10.8）。主要贡献特征：PC1 (100.0%)。
330,2024-04-08 19:56:00,2024-04-08 20:15:00,20.0,停机,IsolationForest; Mahalanobis; 单变量IQR+3σ; 残差,6731.601,520,Mahalanobis 距离=6731.6（阈值=10.8）。主要贡献特征：PC1 (100.0%)。
331,2024-04-08 23:22:00,2024-04-08 23:55:00,34.0,停机,IsolationForest; Mahalanobis; 单变量IQR+3σ; 残差,5516.824,884,Mahalanobis 距离=5516.8（阈值=10.8）。主要贡献特征：PC1 (100.0%)。
332,2024-04-08 23:58:00,2024-04-09 00:09:00,12.0,停机,IsolationForest; Mahalanobis; 单变量IQR+3σ; 残差,6725.896,312,Mahalanobis 距离=6725.9（阈值=10.8）。主要贡献特征：PC1 (100.0%)。
333,2024-04-09 00:30:00,2024-04-09 00:30:00,1.0,停机,IsolationForest; Mahalanobis; 单变量IQR+3σ; 残差,0.47,26,正常
334,2024-04-09 00:41:00,2024-04-09 00:41:00,1.0,停机,IsolationForest; Mahalanobis; 单变量IQR+3σ; 残差,0.465,26,正常
335,2024-04-09 01:11:00,2024-04-09 01:15:00,5.0,带载运行,IsolationForest; Mahalanobis; 单变量IQR+3σ; 残差,145.489,130,Mahalanobis 距离=145.5（阈值=10.8）。主要贡献特征：PC1 (100.0%)。
336,2024-04-09 01:23:00,2024-04-09 03:44:00,142.0,停机,IsolationForest; Mahalanobis; 单变量IQR+3σ; 残差,5621.262,3692,Mahalanobis 距离=5621.3（阈值=10.8）。主要贡献特征：PC1 (100.0%)。
337,2024-04-09 03:56:00,2024-04-09 05:54:00,119.0,停机,IsolationForest; Mahalanobis; 单变量IQR+3σ; 残差,6729.134,3094,Mahalanobis 距离=6729.1（阈值=10.8）。主要贡献特征：PC1 (100.0%)。
338,2024-04-09 06:32:00,2024-04-09 07:36:00,65.0,停机,IsolationForest; Mahalanobis; 单变量IQR+3σ; 残差,6731.12,1690,Mahalanobis 距离=6731.1（阈值=10.8）。主要贡献特征：PC1 (100.0%)。
339,2024-04-09 07:40:00,2024-04-09 07:41:00,2.0,停机,IsolationForest; Mahalanobis; 单变量IQR+3σ; 残差,1.405,52,正常
340,2024-04-09 07:48:00,2024-04-09 08:40:00,53.0,停机,IsolationForest; Mahalanobis; 单变量IQR+3σ; 残差,6723.248,1378,Mahalanobis 距离=6723.2（阈值=10.8）。主要贡献特征：PC1 (100.0%)。
341,2024-04-09 08:42:00,2024-04-09 08:48:00,7.0,停机,IsolationForest; Mahalanobis; 单变量IQR+3σ; 残差,5327.045,182,Mahalanobis 距离=5327.0（阈值=10.8）。主要贡献特征：PC1 (100.0%)。
342,2024-04-09 08:52:00,2024-04-09 09:01:00,10.0,停机,IsolationForest; Mahalanobis; 单变量IQR+3σ; 残差,6730.517,260,Mahalanobis 距离=6730.5（阈值=10.8）。主要贡献特征：PC1 (100.0%)。
343,2024-04-09 09:13:00,2024-04-09 09:14:00,2.0,停机,IsolationForest; Mahalanobis; 单变量IQR+3σ; 残差,4.988,52,残差异常：三机_转载机_减速器_冷却水_压力 偏高（残差 Z-score=5.0，实际=0.2 vs 预测=0.0）
344,2024-04-09 09:26:00,2024-04-09 09:26:00,1.0,停机,IsolationForest; Mahalanobis; 单变量IQR+3σ; 残差,5.542,26,残差异常：三机_转载机_减速器_冷却水_压力 偏高（残差 Z-score=5.5，实际=0.2 vs 预测=0.0）
345,2024-04-09 09:34:00,2024-04-09 09:35:00,2.0,停机,IsolationForest; Mahalanobis; 单变量IQR+3σ; 残差,4.988,52,残差异常：三机_转载机_减速器_冷却水_压力 偏高（残差 Z-score=5.0，实际=0.2 vs 预测=0.0）
346,2024-04-09 09:39:00,2024-04-09 09:44:00,6.0,停机,IsolationForest; Mahalanobis; 单变量IQR+3σ; 残差,3.88,156,残差异常：三机_转载机_减速器_冷却水_压力 偏高（残差 Z-score=3.9，实际=0.2 vs 预测=0.1）
347,2024-04-09 09:46:00,2024-04-09 09:47:00,2.0,停机,IsolationForest; Mahalanobis; 单变量IQR+3σ; 残差,4.434,52,残差异常：三机_转载机_减速器_冷却水_压力 偏高（残差 Z-score=4.4，实际=0.2 vs 预测=0.0）
348,2024-04-09 11:32:00,2024-04-09 11:50:00,19.0,停机,IsolationForest; Mahalanobis; 单变量IQR+3σ; 残差,676.313,494,Mahalanobis 距离=676.3（阈值=10.8）。主要贡献特征：PC1 (100.0%)。
349,2024-04-09 11:55:00,2024-04-09 11:55:00,1.0,停机,IsolationForest; Mahalanobis; 单变量IQR+3σ; 残差,1.015,26,正常
350,2024-04-09 12:06:00,2024-04-09 12:10:00,5.0,带载运行,IsolationForest; Mahalanobis; 单变量IQR+3σ; 残差,147.179,130,Mahalanobis 距离=147.2（阈值=10.8）。主要贡献特征：PC1 (100.0%)。
351,2024-04-09 12:29:00,2024-04-09 12:33:00,5.0,带载运行,IsolationForest; Mahalanobis; 单变量IQR+3σ; 残差,147.178,130,Mahalanobis 距离=147.2（阈值=10.8）。主要贡献特征：PC1 (100.0%)。
352,2024-04-09 13:07:00,2024-04-09 13:07:00,1.0,停机,IsolationForest; Mahalanobis; 单变量IQR+3σ; 残差,0.644,26,正常
353,2024-04-09 13:31:00,2024-04-09 13:33:00,3.0,停机,IsolationForest; Mahalanobis; 单变量IQR+3σ; 残差,0.614,78,正常
354,2024-04-09 15:38:00,2024-04-09 15:42:00,5.0,停机,IsolationForest; Mahalanobis; 单变量IQR+3σ; 残差,330.896,130,Mahalanobis 距离=330.9（阈值=10.8）。主要贡献特征：PC1 (100.0%)。
355,2024-04-09 16:48:00,2024-04-09 17:05:00,18.0,停机,IsolationForest; Mahalanobis; 单变量IQR+3σ; 残差,4689.846,468,Mahalanobis 距离=4689.8（阈值=10.8）。主要贡献特征：PC1 (100.0%)。
356,2024-04-09 17:11:00,2024-04-09 18:16:00,66.0,带载运行,IsolationForest; Mahalanobis; 单变量IQR+3σ; 残差,127.687,1716,Mahalanobis 距离=127.7（阈值=10.8）。主要贡献特征：PC1 (100.0%)。
357,2024-04-09 18:19:00,2024-04-09 18:27:00,9.0,停机,IsolationForest; Mahalanobis; 单变量IQR+3σ; 残差,8042.85,234,Mahalanobis 距离=8042.8（阈值=10.8）。主要贡献特征：PC1 (100.0%)。
358,2024-04-09 21:29:00,2024-04-09 21:49:00,21.0,带载运行,IsolationForest; Mahalanobis; 单变量IQR+3σ; 残差,128.632,546,Mahalanobis 距离=128.6（阈值=10.8）。主要贡献特征：PC1 (100.0%)。
359,2024-04-09 22:23:00,2024-04-09 22:32:00,10.0,停机,IsolationForest; Mahalanobis; 单变量IQR+3σ; 残差,8041.534,260,Mahalanobis 距离=8041.5（阈值=10.8）。主要贡献特征：PC1 (100.0%)。
360,2024-04-10 00:53:00,2024-04-10 01:22:00,30.0,带载运行,IsolationForest; Mahalanobis; 单变量IQR+3σ; 残差,119.763,780,Mahalanobis 距离=119.8（阈值=10.8）。主要贡献特征：PC1 (100.0%)。
361,2024-04-10 02:00:00,2024-04-10 02:03:00,4.0,带载运行,IsolationForest; Mahalanobis; 单变量IQR+3σ; 残差,18.187,104,Mahalanobis 距离=18.2（阈值=10.8）。主要贡献特征：PC1 (100.0%)。
362,2024-04-10 02:14:00,2024-04-10 02:25:00,12.0,带载运行,IsolationForest; Mahalanobis; 单变量IQR+3σ; 残差,26.741,312,Mahalanobis 距离=26.7（阈值=10.8）。主要贡献特征：PC1 (100.0%)。
363,2024-04-10 02:48:00,2024-04-10 03:11:00,24.0,带载运行,IsolationForest; Mahalanobis; 单变量IQR+3σ; 残差,44.188,624,Mahalanobis 距离=44.2（阈值=10.8）。主要贡献特征：PC1 (100.0%)。
364,2024-04-10 03:38:00,2024-04-10 03:41:00,4.0,停机,IsolationForest; Mahalanobis; 单变量IQR+3σ; 残差,8052.786,104,Mahalanobis 距离=8052.8（阈值=10.8）。主要贡献特征：PC1 (100.0%)。
365,2024-04-10 03:43:00,2024-04-10 03:44:00,2.0,停机,IsolationForest; Mahalanobis; 单变量IQR+3σ; 残差,1.601,52,正常
366,2024-04-10 04:12:00,2024-04-10 04:18:00,7.0,带载运行,IsolationForest; Mahalanobis; 单变量IQR+3σ; 残差,126.951,182,Mahalanobis 距离=127.0（阈值=10.8）。主要贡献特征：PC1 (100.0%)。
367,2024-04-10 04:40:00,2024-04-10 04:47:00,8.0,停机,IsolationForest; Mahalanobis; 单变量IQR+3σ; 残差,8020.279,208,Mahalanobis 距离=8020.3（阈值=10.8）。主要贡献特征：PC1 (100.0%)。
368,2024-04-10 06:54:00,2024-04-10 07:05:00,12.0,带载运行,IsolationForest; Mahalanobis; 单变量IQR+3σ; 残差,24.091,312,Mahalanobis 距离=24.1（阈值=10.8）。主要贡献特征：PC1 (100.0%)。
369,2024-04-10 08:26:00,2024-04-10 08:47:00,22.0,停机,IsolationForest; Mahalanobis; 单变量IQR+3σ; 残差,7419.954,572,Mahalanobis 距离=7420.0（阈值=10.8）。主要贡献特征：PC1 (100.0%)。
370,2024-04-10 08:49:00,2024-04-10 08:50:00,2.0,停机,IsolationForest; Mahalanobis; 单变量IQR+3σ; 残差,1.758,52,正常
371,2024-04-10 08:52:00,2024-04-10 08:54:00,3.0,停机,IsolationForest; Mahalanobis; 单变量IQR+3σ; 残差,3.88,78,残差异常：三机_转载机_减速器_冷却水_压力 偏高（残差 Z-score=3.9，实际=0.2 vs 预测=0.1）
372,2024-04-10 08:56:00,2024-04-10 09:04:00,9.0,带载运行,IsolationForest; Mahalanobis; 单变量IQR+3σ; 残差,123.622,234,Mahalanobis 距离=123.6（阈值=10.8）。主要贡献特征：PC1 (100.0%)。
373,2024-04-10 09:38:00,2024-04-10 10:47:00,70.0,停机,IsolationForest; Mahalanobis; 单变量IQR+3σ; 残差,6722.516,1820,Mahalanobis 距离=6722.5（阈值=10.8）。主要贡献特征：PC1 (100.0%)。
374,2024-04-10 10:49:00,2024-04-10 10:51:00,3.0,停机,IsolationForest; Mahalanobis; 单变量IQR+3σ; 残差,1.964,78,正常
375,2024-04-10 10:53:00,2024-04-10 10:55:00,3.0,停机,IsolationForest; Mahalanobis; 单变量IQR+3σ; 残差,3.88,78,残差异常：三机_转载机_减速器_冷却水_压力 偏高（残差 Z-score=3.9，实际=0.2 vs 预测=0.1）
376,2024-04-10 10:57:00,2024-04-10 10:58:00,2.0,停机,IsolationForest; Mahalanobis; 单变量IQR+3σ; 残差,1.672,52,正常
377,2024-04-10 11:03:00,2024-04-10 11:12:00,10.0,停机,IsolationForest; Mahalanobis; 单变量IQR+3σ; 残差,1059.508,260,Mahalanobis 距离=1059.5（阈值=10.8）。主要贡献特征：PC1 (100.0%)。
378,2024-04-10 11:20:00,2024-04-10 11:21:00,2.0,停机,IsolationForest; Mahalanobis; 单变量IQR+3σ; 残差,1.262,52,正常
379,2024-04-10 11:45:00,2024-04-10 11:45:00,1.0,停机,IsolationForest; Mahalanobis; 单变量IQR+3σ; 残差,0.778,26,正常
380,2024-04-10 11:54:00,2024-04-10 11:56:00,3.0,停机,IsolationForest; Mahalanobis; 单变量IQR+3σ; 残差,1.121,78,正常
381,2024-04-10 11:59:00,2024-04-10 12:03:00,5.0,停机,IsolationForest; Mahalanobis; 单变量IQR+3σ; 残差,429.6,130,Mahalanobis 距离=429.6（阈值=10.8）。主要贡献特征：PC1 (100.0%)。
382,2024-04-10 12:43:00,2024-04-10 12:43:00,1.0,停机,IsolationForest; Mahalanobis; 单变量IQR+3σ; 残差,1.06,26,正常
383,2024-04-10 13:42:00,2024-04-10 13:48:00,7.0,停机,IsolationForest; Mahalanobis; 单变量IQR+3σ; 残差,745.941,182,Mahalanobis 距离=745.9（阈值=10.8）。主要贡献特征：PC1 (100.0%)。
384,2024-04-10 13:53:00,2024-04-10 13:57:00,5.0,停机,IsolationForest; Mahalanobis; 单变量IQR+3σ; 残差,1360.616,130,Mahalanobis 距离=1360.6（阈值=10.8）。主要贡献特征：PC1 (100.0%)。
385,2024-04-10 14:22:00,2024-04-10 14:22:00,1.0,停机,IsolationForest; Mahalanobis; 单变量IQR+3σ; 残差,1.015,26,正常
386,2024-04-10 14:50:00,2024-04-10 14:54:00,5.0,带载运行,IsolationForest; Mahalanobis; 单变量IQR+3σ; 残差,146.594,130,Mahalanobis 距离=146.6（阈值=10.8）。主要贡献特征：PC1 (100.0%)。
387,2024-04-10 15:11:00,2024-04-10 15:12:00,2.0,停机,IsolationForest; Mahalanobis; 单变量IQR+3σ; 残差,0.467,52,正常
388,2024-04-10 15:48:00,2024-04-10 17:25:00,98.0,停机,IsolationForest; Mahalanobis; 单变量IQR+3σ; 残差,4655.278,2548,Mahalanobis 距离=4655.3（阈值=10.8）。主要贡献特征：PC1 (100.0%)。
389,2024-04-10 17:43:00,2024-04-10 17:49:00,7.0,带载运行,IsolationForest; Mahalanobis; 单变量IQR+3σ; 残差,119.617,182,Mahalanobis 距离=119.6（阈值=10.8）。主要贡献特征：PC1 (100.0%)。
390,2024-04-10 17:51:00,2024-04-10 17:54:00,4.0,停机,IsolationForest; Mahalanobis; 单变量IQR+3σ; 残差,7541.75,104,Mahalanobis 距离=7541.7（阈值=10.8）。主要贡献特征：PC1 (100.0%)。
391,2024-04-10 18:29:00,2024-04-10 20:29:00,121.0,停机,IsolationForest; Mahalanobis; 单变量IQR+3σ; 残差,7981.854,3146,Mahalanobis 距离=7981.9（阈值=10.8）。主要贡献特征：PC1 (100.0%)。
392,2024-04-10 20:41:00,2024-04-10 20:51:00,11.0,带载运行,IsolationForest; Mahalanobis; 单变量IQR+3σ; 残差,147.182,286,Mahalanobis 距离=147.2（阈值=10.8）。主要贡献特征：PC1 (100.0%)。
393,2024-04-10 21:05:00,2024-04-10 21:20:00,16.0,带载运行,IsolationForest; Mahalanobis; 单变量IQR+3σ; 残差,23.889,416,Mahalanobis 距离=23.9（阈值=10.8）。主要贡献特征：PC1 (100.0%)。
394,2024-04-10 21:58:00,2024-04-10 22:53:00,56.0,带载运行,IsolationForest; Mahalanobis; 单变量IQR+3σ; 残差,40.356,1456,Mahalanobis 距离=40.4（阈值=10.8）。主要贡献特征：PC1 (100.0%)。
395,2024-04-10 23:28:00,2024-04-10 23:45:00,18.0,带载运行,IsolationForest; Mahalanobis; 单变量IQR+3σ; 残差,24.02,468,Mahalanobis 距离=24.0（阈值=10.8）。主要贡献特征：PC1 (100.0%)。
396,2024-04-10 23:51:00,2024-04-10 23:59:00,9.0,停机,IsolationForest; Mahalanobis; 单变量IQR+3σ; 残差,8055.827,234,Mahalanobis 距离=8055.8（阈值=10.8）。主要贡献特征：PC1 (100.0%)。
397,2024-04-11 01:54:00,2024-04-11 01:54:00,1.0,带载运行,IsolationForest; Mahalanobis; 单变量IQR+3σ; 残差,3.863,26,残差异常：三机_转载机_电机_转矩 偏高（残差 Z-score=3.9，实际=55.0 vs 预测=28.0）
398,2024-04-11 02:18:00,2024-04-11 02:21:00,4.0,停机,IsolationForest; Mahalanobis; 单变量IQR+3σ; 残差,8034.04,104,Mahalanobis 距离=8034.0（阈值=10.8）。主要贡献特征：PC1 (100.0%)。
399,2024-04-11 02:35:00,2024-04-11 02:40:00,6.0,带载运行,IsolationForest; Mahalanobis; 单变量IQR+3σ; 残差,125.585,156,Mahalanobis 距离=125.6（阈值=10.8）。主要贡献特征：PC1 (100.0%)。
400,2024-04-11 03:16:00,2024-04-11 03:16:00,1.0,带载运行,IsolationForest; Mahalanobis; 单变量IQR+3σ; 残差,3.455,26,残差异常：三机_转载机_电机_电流 偏高（残差 Z-score=3.5，实际=120.0 vs 预测=78.8）
401,2024-04-11 03:53:00,2024-04-11 04:07:00,15.0,停机,IsolationForest; Mahalanobis; 单变量IQR+3σ; 残差,8047.872,390,Mahalanobis 距离=8047.9（阈值=10.8）。主要贡献特征：PC1 (100.0%)。
402,2024-04-11 04:24:00,2024-04-11 04:28:00,5.0,带载运行,IsolationForest; Mahalanobis; 单变量IQR+3σ; 残差,113.596,130,Mahalanobis 距离=113.6（阈值=10.8）。主要贡献特征：PC1 (100.0%)。
403,2024-04-11 07:34:00,2024-04-11 07:34:00,1.0,带载运行,IsolationForest; Mahalanobis; 单变量IQR+3σ; 残差,3.091,26,残差异常：三机_转载机_电机_转矩 偏高（残差 Z-score=3.1，实际=41.0 vs 预测=19.4）
404,2024-04-11 07:44:00,2024-04-11 07:44:00,1.0,带载运行,IsolationForest; Mahalanobis; 单变量IQR+3σ; 残差,4.142,26,残差异常：三机_转载机_电机_电流 偏高（残差 Z-score=4.1，实际=135.0 vs 预测=85.6）
405,2024-04-11 07:51:00,2024-04-11 07:54:00,4.0,带载运行,IsolationForest; Mahalanobis; 单变量IQR+3σ; 残差,12.675,104,Mahalanobis 距离=12.7（阈值=10.8）。主要贡献特征：PC1 (100.0%)。
406,2024-04-11 08:01:00,2024-04-11 08:04:00,4.0,带载运行,IsolationForest; Mahalanobis; 单变量IQR+3σ; 残差,14.942,104,Mahalanobis 距离=14.9（阈值=10.8）。主要贡献特征：PC1 (100.0%)。
407,2024-04-11 08:06:00,2024-04-11 08:09:00,4.0,空载运行,IsolationForest; Mahalanobis; 单变量IQR+3σ; 残差,7519.318,104,Mahalanobis 距离=7519.3（阈值=10.8）。主要贡献特征：PC1 (100.0%)。
408,2024-04-11 08:11:00,2024-04-11 08:17:00,7.0,带载运行,IsolationForest; Mahalanobis; 单变量IQR+3σ; 残差,133.692,182,Mahalanobis 距离=133.7（阈值=10.8）。主要贡献特征：PC1 (100.0%)。
409,2024-04-11 08:34:00,2024-04-11 09:38:00,65.0,带载运行,IsolationForest; Mahalanobis; 单变量IQR+3σ; 残差,24.279,1690,Mahalanobis 距离=24.3（阈值=10.8）。主要贡献特征：PC1 (100.0%)。
410,2024-04-11 10:16:00,2024-04-11 10:24:00,9.0,停机,IsolationForest; Mahalanobis; 单变量IQR+3σ; 残差,7122.195,234,Mahalanobis 距离=7122.2（阈值=10.8）。主要贡献特征：PC1 (100.0%)。
411,2024-04-11 10:27:00,2024-04-11 10:47:00,21.0,停机,IsolationForest; Mahalanobis; 单变量IQR+3σ; 残差,677.886,546,Mahalanobis 距离=677.9（阈值=10.8）。主要贡献特征：PC1 (100.0%)。
412,2024-04-11 10:53:00,2024-04-11 10:53:00,1.0,停机,IsolationForest; Mahalanobis; 单变量IQR+3σ; 残差,1.526,26,正常
413,2024-04-11 11:06:00,2024-04-11 11:06:00,1.0,停机,IsolationForest; Mahalanobis; 单变量IQR+3σ; 残差,1.492,26,正常
414,2024-04-11 14:06:00,2024-04-11 14:06:00,1.0,停机,IsolationForest; Mahalanobis; 单变量IQR+3σ; 残差,0.467,26,正常
415,2024-04-11 14:32:00,2024-04-11 14:45:00,14.0,停机,IsolationForest; Mahalanobis; 单变量IQR+3σ; 残差,166.195,364,Mahalanobis 距离=166.2（阈值=10.8）。主要贡献特征：PC1 (100.0%)。
416,2024-04-11 15:10:00,2024-04-11 15:13:00,4.0,停机,IsolationForest; Mahalanobis; 单变量IQR+3σ; 残差,4.406,104,残差异常：三机_转载机_减速器_冷却水_温度 偏高（残差 Z-score=4.4，实际=36.2 vs 预测=30.5）
417,2024-04-11 15:21:00,2024-04-11 15:23:00,3.0,停机,IsolationForest; Mahalanobis; 单变量IQR+3σ; 残差,6.251,78,残差异常：三机_转载机_减速器_冷却水_流量 偏高（残差 Z-score=6.3，实际=45.0 vs 预测=0.0）
418,2024-04-11 15:36:00,2024-04-11 16:51:00,76.0,停机,IsolationForest; Mahalanobis; 单变量IQR+3σ; 残差,6087.257,1976,Mahalanobis 距离=6087.3（阈值=10.8）。主要贡献特征：PC1 (100.0%)。
419,2024-04-11 16:58:00,2024-04-11 17:01:00,4.0,带载运行,IsolationForest; Mahalanobis; 单变量IQR+3σ; 残差,16.067,104,Mahalanobis 距离=16.1（阈值=10.8）。主要贡献特征：PC1 (100.0%)。
420,2024-04-11 17:05:00,2024-04-11 17:16:00,12.0,停机,IsolationForest; Mahalanobis; 单变量IQR+3σ; 残差,3420.963,312,Mahalanobis 距离=3421.0（阈值=10.8）。主要贡献特征：PC1 (100.0%)。
421,2024-04-11 19:45:00,2024-04-11 20:40:00,56.0,带载运行,IsolationForest; Mahalanobis; 单变量IQR+3σ; 残差,128.083,1456,Mahalanobis 距离=128.1（阈值=10.8）。主要贡献特征：PC1 (100.0%)。
422,2024-04-11 21:21:00,2024-04-11 21:44:00,24.0,带载运行,IsolationForest; Mahalanobis; 单变量IQR+3σ; 残差,37.016,624,Mahalanobis 距离=37.0（阈值=10.8）。主要贡献特征：PC1 (100.0%)。
423,2024-04-11 21:50:00,2024-04-11 21:53:00,4.0,带载运行,IsolationForest; Mahalanobis; 单变量IQR+3σ; 残差,18.718,104,Mahalanobis 距离=18.7（阈值=10.8）。主要贡献特征：PC1 (100.0%)。
424,2024-04-11 22:00:00,2024-04-11 22:07:00,8.0,带载运行,IsolationForest; Mahalanobis; 单变量IQR+3σ; 残差,23.761,208,Mahalanobis 距离=23.8（阈值=10.8）。主要贡献特征：PC1 (100.0%)。
425,2024-04-11 22:19:00,2024-04-11 22:28:00,10.0,带载运行,IsolationForest; Mahalanobis; 单变量IQR+3σ; 残差,23.985,260,Mahalanobis 距离=24.0（阈值=10.8）。主要贡献特征：PC1 (100.0%)。
426,2024-04-12 00:23:00,2024-04-12 00:23:00,1.0,空载运行,IsolationForest; Mahalanobis; 单变量IQR+3σ; 残差,8736.991,26,Mahalanobis 距离=8737.0（阈值=10.8）。主要贡献特征：PC1 (100.0%)。
427,2024-04-12 01:26:00,2024-04-12 01:32:00,7.0,带载运行,IsolationForest; Mahalanobis; 单变量IQR+3σ; 残差,24.002,182,Mahalanobis 距离=24.0（阈值=10.8）。主要贡献特征：PC1 (100.0%)。
428,2024-04-12 01:39:00,2024-04-12 01:45:00,7.0,停机,IsolationForest; Mahalanobis; 单变量IQR+3σ; 残差,8043.646,182,Mahalanobis 距离=8043.6（阈值=10.8）。主要贡献特征：PC1 (100.0%)。
429,2024-04-12 03:43:00,2024-04-12 03:48:00,6.0,停机,IsolationForest; Mahalanobis; 单变量IQR+3σ; 残差,7925.216,156,Mahalanobis 距离=7925.2（阈值=10.8）。主要贡献特征：PC1 (100.0%)。
430,2024-04-12 05:02:00,2024-04-12 05:04:00,3.0,带载运行,IsolationForest; Mahalanobis; 单变量IQR+3σ; 残差,11.14,78,Mahalanobis 距离=11.1（阈值=10.8）。主要贡献特征：PC1 (100.0%)。
431,2024-04-12 05:23:00,2024-04-12 05:23:00,1.0,带载运行,IsolationForest; Mahalanobis; 单变量IQR+3σ; 残差,3.148,26,残差异常：三机_转载机_电机_转矩 偏高（残差 Z-score=3.1，实际=34.0 vs 预测=12.0）
432,2024-04-12 07:16:00,2024-04-12 07:28:00,13.0,停机,IsolationForest; Mahalanobis; 单变量IQR+3σ; 残差,7603.96,338,Mahalanobis 距离=7604.0（阈值=10.8）。主要贡献特征：PC1 (100.0%)。
433,2024-04-12 07:33:00,2024-04-12 07:35:00,3.0,带载运行,IsolationForest; Mahalanobis; 单变量IQR+3σ; 残差,13.361,78,Mahalanobis 距离=13.4（阈值=10.8）。主要贡献特征：PC1 (100.0%)。
434,2024-04-12 08:43:00,2024-04-12 08:49:00,7.0,停机,IsolationForest; Mahalanobis; 单变量IQR+3σ; 残差,6982.982,182,Mahalanobis 距离=6983.0（阈值=10.8）。主要贡献特征：PC1 (100.0%)。
435,2024-04-12 08:53:00,2024-04-12 08:53:00,1.0,停机,IsolationForest; Mahalanobis; 单变量IQR+3σ; 残差,1.906,26,正常
436,2024-04-12 08:56:00,2024-04-12 09:16:00,21.0,带载运行,IsolationForest; Mahalanobis; 单变量IQR+3σ; 残差,133.438,546,Mahalanobis 距离=133.4（阈值=10.8）。主要贡献特征：PC1 (100.0%)。
437,2024-04-12 09:18:00,2024-04-12 09:22:00,5.0,停机,IsolationForest; Mahalanobis; 单变量IQR+3σ; 残差,7716.231,130,Mahalanobis 距离=7716.2（阈值=10.8）。主要贡献特征：PC1 (100.0%)。
438,2024-04-12 09:24:00,2024-04-12 10:32:00,69.0,停机,IsolationForest; Mahalanobis; 单变量IQR+3σ; 残差,675.743,1794,Mahalanobis 距离=675.7（阈值=10.8）。主要贡献特征：PC1 (100.0%)。
439,2024-04-12 10:34:00,2024-04-12 10:36:00,3.0,停机,IsolationForest; Mahalanobis; 单变量IQR+3σ; 残差,1.6,78,正常
440,2024-04-12 11:59:00,2024-04-12 12:12:00,14.0,停机,IsolationForest; Mahalanobis; 单变量IQR+3σ; 残差,494.823,364,Mahalanobis 距离=494.8（阈值=10.8）。主要贡献特征：PC1 (100.0%)。
441,2024-04-12 12:17:00,2024-04-12 12:21:00,5.0,停机,IsolationForest; Mahalanobis; 单变量IQR+3σ; 残差,349.462,130,Mahalanobis 距离=349.5（阈值=10.8）。主要贡献特征：PC1 (100.0%)。
442,2024-04-12 12:34:00,2024-04-12 13:05:00,32.0,停机,IsolationForest; Mahalanobis; 单变量IQR+3σ; 残差,1819.996,832,Mahalanobis 距离=1820.0（阈值=10.8）。主要贡献特征：PC1 (100.0%)。
443,2024-04-12 17:16:00,2024-04-12 17:45:00,30.0,停机,IsolationForest; Mahalanobis; 单变量IQR+3σ; 残差,4978.308,780,Mahalanobis 距离=4978.3（阈值=10.8）。主要贡献特征：PC1 (100.0%)。
444,2024-04-12 18:49:00,2024-04-12 18:53:00,5.0,带载运行,IsolationForest; Mahalanobis; 单变量IQR+3σ; 残差,23.795,130,Mahalanobis 距离=23.8（阈值=10.8）。主要贡献特征：PC1 (100.0%)。
445,2024-04-12 20:03:00,2024-04-12 20:05:00,3.0,带载运行,IsolationForest; Mahalanobis; 单变量IQR+3σ; 残差,14.09,78,Mahalanobis 距离=14.1（阈值=10.8）。主要贡献特征：PC1 (100.0%)。
446,2024-04-12 22:06:00,2024-04-12 22:41:00,36.0,带载运行,IsolationForest; Mahalanobis; 单变量IQR+3σ; 残差,24.158,936,Mahalanobis 距离=24.2（阈值=10.8）。主要贡献特征：PC1 (100.0%)。
447,2024-04-12 23:02:00,2024-04-12 23:15:00,14.0,停机,IsolationForest; Mahalanobis; 单变量IQR+3σ; 残差,7653.401,364,Mahalanobis 距离=7653.4（阈值=10.8）。主要贡献特征：PC1 (100.0%)。
448,2024-04-13 01:49:00,2024-04-13 01:49:00,1.0,带载运行,IsolationForest; Mahalanobis; 单变量IQR+3σ; 残差,4.15,26,正常
449,2024-04-13 01:52:00,2024-04-13 01:53:00,2.0,带载运行,IsolationForest; Mahalanobis; 单变量IQR+3σ; 残差,11.495,52,Mahalanobis 距离=11.5（阈值=10.8）。主要贡献特征：PC1 (100.0%)。
450,2024-04-13 04:18:00,2024-04-13 04:19:00,2.0,带载运行,IsolationForest; Mahalanobis; 单变量IQR+3σ; 残差,13.826,52,Mahalanobis 距离=13.8（阈值=10.8）。主要贡献特征：PC1 (100.0%)。
451,2024-04-13 04:29:00,2024-04-13 04:29:00,1.0,带载运行,IsolationForest; Mahalanobis; 单变量IQR+3σ; 残差,13.86,26,Mahalanobis 距离=13.9（阈值=10.8）。主要贡献特征：PC1 (100.0%)。
452,2024-04-13 06:23:00,2024-04-13 06:26:00,4.0,带载运行,IsolationForest; Mahalanobis; 单变量IQR+3σ; 残差,13.021,104,Mahalanobis 距离=13.0（阈值=10.8）。主要贡献特征：PC1 (100.0%)。
453,2024-04-13 06:29:00,2024-04-13 06:32:00,4.0,带载运行,IsolationForest; Mahalanobis; 单变量IQR+3σ; 残差,12.581,104,Mahalanobis 距离=12.6（阈值=10.8）。主要贡献特征：PC1 (100.0%)。
454,2024-04-13 06:36:00,2024-04-13 06:36:00,1.0,带载运行,IsolationForest; Mahalanobis; 单变量IQR+3σ; 残差,7.106,26,正常
455,2024-04-13 06:39:00,2024-04-13 06:45:00,7.0,带载运行,IsolationForest; Mahalanobis; 单变量IQR+3σ; 残差,16.889,182,Mahalanobis 距离=16.9（阈值=10.8）。主要贡献特征：PC1 (100.0%)。
456,2024-04-13 07:39:00,2024-04-13 07:42:00,4.0,带载运行,IsolationForest; Mahalanobis; 单变量IQR+3σ; 残差,13.402,104,Mahalanobis 距离=13.4（阈值=10.8）。主要贡献特征：PC1 (100.0%)。
457,2024-04-13 07:46:00,2024-04-13 07:51:00,6.0,带载运行,IsolationForest; Mahalanobis; 单变量IQR+3σ; 残差,19.849,156,Mahalanobis 距离=19.8（阈值=10.8）。主要贡献特征：PC1 (100.0%)。
458,2024-04-13 08:14:00,2024-04-13 08:39:00,26.0,停机,IsolationForest; Mahalanobis; 单变量IQR+3σ; 残差,7233.839,676,Mahalanobis 距离=7233.8（阈值=10.8）。主要贡献特征：PC1 (100.0%)。
459,2024-04-13 08:41:00,2024-04-13 08:41:00,1.0,停机,IsolationForest; Mahalanobis; 单变量IQR+3σ; 残差,2.172,26,正常
460,2024-04-13 08:55:00,2024-04-13 08:55:00,1.0,停机,IsolationForest; Mahalanobis; 单变量IQR+3σ; 残差,3.834,26,残差异常：三机_转载机_减速器_冷却水_流量 偏高（残差 Z-score=3.8，实际=41.0 vs 预测=13.4）
461,2024-04-13 09:00:00,2024-04-13 09:00:00,1.0,停机,IsolationForest; Mahalanobis; 单变量IQR+3σ; 残差,3.279,26,残差异常：三机_转载机_减速器_冷却水_流量 偏高（残差 Z-score=3.3，实际=44.0 vs 预测=20.4）
462,2024-04-13 09:04:00,2024-04-13 09:04:00,1.0,停机,IsolationForest; Mahalanobis; 单变量IQR+3σ; 残差,0.946,26,正常
463,2024-04-13 09:11:00,2024-04-13 09:11:00,1.0,停机,IsolationForest; Mahalanobis; 单变量IQR+3σ; 残差,0.712,26,正常
464,2024-04-13 09:21:00,2024-04-13 09:38:00,18.0,停机,IsolationForest; Mahalanobis; 单变量IQR+3σ; 残差,675.686,468,Mahalanobis 距离=675.7（阈值=10.8）。主要贡献特征：PC1 (100.0%)。
465,2024-04-13 10:17:00,2024-04-13 10:21:00,5.0,停机,IsolationForest; Mahalanobis; 单变量IQR+3σ; 残差,342.302,130,Mahalanobis 距离=342.3（阈值=10.8）。主要贡献特征：PC1 (100.0%)。
466,2024-04-13 10:32:00,2024-04-13 10:33:00,2.0,停机,IsolationForest; Mahalanobis; 单变量IQR+3σ; 残差,0.466,52,正常
467,2024-04-13 14:14:00,2024-04-13 14:28:00,15.0,停机,IsolationForest; Mahalanobis; 单变量IQR+3σ; 残差,11.5,390,残差异常：三机_转载机_变频器_IGBT2温度 偏高（残差 Z-score=11.5，实际=35.0 vs 预测=0.0）
468,2024-04-13 14:30:00,2024-04-13 14:31:00,2.0,停机,IsolationForest; Mahalanobis; 单变量IQR+3σ; 残差,7.489,52,残差异常：三机_转载机_变频器_腔体温度 偏高（残差 Z-score=7.5，实际=41.0 vs 预测=15.6）
469,2024-04-13 15:31:00,2024-04-13 15:37:00,7.0,停机,IsolationForest; Mahalanobis; 单变量IQR+3σ; 残差,943.411,182,Mahalanobis 距离=943.4（阈值=10.8）。主要贡献特征：PC1 (100.0%)。
470,2024-04-13 16:09:00,2024-04-13 16:29:00,21.0,停机,IsolationForest; Mahalanobis; 单变量IQR+3σ; 残差,3413.033,546,Mahalanobis 距离=3413.0（阈值=10.8）。主要贡献特征：PC1 (100.0%)。
471,2024-04-13 16:34:00,2024-04-13 16:57:00,24.0,带载运行,IsolationForest; Mahalanobis; 单变量IQR+3σ; 残差,140.936,624,Mahalanobis 距离=140.9（阈值=10.8）。主要贡献特征：PC1 (100.0%)。
472,2024-04-13 17:11:00,2024-04-13 17:11:00,1.0,带载运行,IsolationForest; Mahalanobis; 单变量IQR+3σ; 残差,12.075,26,Mahalanobis 距离=12.1（阈值=10.8）。主要贡献特征：PC1 (100.0%)。
473,2024-04-13 17:13:00,2024-04-13 17:13:00,1.0,带载运行,IsolationForest; Mahalanobis; 单变量IQR+3σ; 残差,11.01,26,Mahalanobis 距离=11.0（阈值=10.8）。主要贡献特征：PC1 (100.0%)。
474,2024-04-13 17:16:00,2024-04-13 17:21:00,6.0,带载运行,IsolationForest; Mahalanobis; 单变量IQR+3σ; 残差,39.29,156,Mahalanobis 距离=39.3（阈值=10.8）。主要贡献特征：PC1 (100.0%)。
475,2024-04-13 17:41:00,2024-04-13 17:46:00,6.0,带载运行,IsolationForest; Mahalanobis; 单变量IQR+3σ; 残差,6.733,156,正常
476,2024-04-13 17:50:00,2024-04-13 18:01:00,12.0,停机,IsolationForest; Mahalanobis; 单变量IQR+3σ; 残差,8386.219,312,Mahalanobis 距离=8386.2（阈值=10.8）。主要贡献特征：PC1 (100.0%)。
477,2024-04-13 19:04:00,2024-04-13 19:15:00,12.0,空载运行,IsolationForest; Mahalanobis; 单变量IQR+3σ; 残差,7503.346,312,Mahalanobis 距离=7503.3（阈值=10.8）。主要贡献特征：PC1 (100.0%)。
478,2024-04-13 19:18:00,2024-04-13 19:25:00,8.0,带载运行,IsolationForest; Mahalanobis; 单变量IQR+3σ; 残差,115.986,208,Mahalanobis 距离=116.0（阈值=10.8）。主要贡献特征：PC1 (100.0%)。
479,2024-04-13 20:03:00,2024-04-13 20:03:00,1.0,带载运行,IsolationForest; Mahalanobis; 单变量IQR+3σ; 残差,3.234,26,残差异常：三机_转载机_电机_转矩 偏高（残差 Z-score=3.2，实际=48.0 vs 预测=25.4）
480,2024-04-13 21:09:00,2024-04-13 21:58:00,50.0,停机,IsolationForest; Mahalanobis; 单变量IQR+3σ; 残差,1967.509,1300,Mahalanobis 距离=1967.5（阈值=10.8）。主要贡献特征：PC1 (100.0%)。
481,2024-04-13 23:09:00,2024-04-13 23:16:00,8.0,带载运行,IsolationForest; Mahalanobis; 单变量IQR+3σ; 残差,119.364,208,Mahalanobis 距离=119.4（阈值=10.8）。主要贡献特征：PC1 (100.0%)。
482,2024-04-13 23:22:00,2024-04-13 23:37:00,16.0,带载运行,IsolationForest; Mahalanobis; 单变量IQR+3σ; 残差,24.04,416,Mahalanobis 距离=24.0（阈值=10.8）。主要贡献特征：PC1 (100.0%)。
483,2024-04-13 23:45:00,2024-04-13 23:51:00,7.0,带载运行,IsolationForest; Mahalanobis; 单变量IQR+3σ; 残差,23.803,182,Mahalanobis 距离=23.8（阈值=10.8）。主要贡献特征：PC1 (100.0%)。
484,2024-04-14 00:00:00,2024-04-14 01:20:00,81.0,停机,IsolationForest; Mahalanobis; 单变量IQR+3σ; 残差,6735.04,2106,Mahalanobis 距离=6735.0（阈值=10.8）。主要贡献特征：PC1 (100.0%)。
485,2024-04-14 04:45:00,2024-04-14 04:50:00,6.0,带载运行,IsolationForest; Mahalanobis; 单变量IQR+3σ; 残差,3.27,156,残差异常：三机_转载机_变频器_IGBT2温度 偏高（残差 Z-score=3.3，实际=57.0 vs 预测=50.8）
486,2024-04-14 05:33:00,2024-04-14 05:33:00,1.0,空载运行,IsolationForest; Mahalanobis; 单变量IQR+3σ; 残差,8731.693,26,Mahalanobis 距离=8731.7（阈值=10.8）。主要贡献特征：PC1 (100.0%)。
487,2024-04-14 05:46:00,2024-04-14 05:46:00,1.0,带载运行,IsolationForest; Mahalanobis; 单变量IQR+3σ; 残差,1.23,26,正常
488,2024-04-14 08:47:00,2024-04-14 08:50:00,4.0,停机,IsolationForest; Mahalanobis; 单变量IQR+3σ; 残差,8035.283,104,Mahalanobis 距离=8035.3（阈值=10.8）。主要贡献特征：PC1 (100.0%)。
489,2024-04-14 09:09:00,2024-04-14 09:10:00,2.0,停机,IsolationForest; Mahalanobis; 单变量IQR+3σ; 残差,1.356,52,正常
490,2024-04-14 09:18:00,2024-04-14 09:19:00,2.0,停机,IsolationForest; Mahalanobis; 单变量IQR+3σ; 残差,4.988,52,残差异常：三机_转载机_减速器_冷却水_压力 偏高（残差 Z-score=5.0，实际=0.2 vs 预测=0.0）
491,2024-04-14 09:26:00,2024-04-14 09:26:00,1.0,停机,IsolationForest; Mahalanobis; 单变量IQR+3σ; 残差,0.946,26,正常
492,2024-04-14 09:30:00,2024-04-14 09:31:00,2.0,停机,IsolationForest; Mahalanobis; 单变量IQR+3σ; 残差,4.434,52,残差异常：三机_转载机_减速器_冷却水_压力 偏高（残差 Z-score=4.4，实际=0.2 vs 预测=0.0）
493,2024-04-14 09:36:00,2024-04-14 09:36:00,1.0,停机,IsolationForest; Mahalanobis; 单变量IQR+3σ; 残差,0.829,26,正常
494,2024-04-14 09:41:00,2024-04-14 09:55:00,15.0,空载运行,IsolationForest; Mahalanobis; 单变量IQR+3σ; 残差,658.583,390,Mahalanobis 距离=658.6（阈值=10.8）。主要贡献特征：PC1 (100.0%)。
495,2024-04-14 09:58:00,2024-04-14 09:58:00,1.0,停机,IsolationForest; Mahalanobis; 单变量IQR+3σ; 残差,1.005,26,正常
496,2024-04-14 10:31:00,2024-04-14 10:35:00,5.0,带载运行,IsolationForest; Mahalanobis; 单变量IQR+3σ; 残差,147.187,130,Mahalanobis 距离=147.2（阈值=10.8）。主要贡献特征：PC1 (100.0%)。
497,2024-04-14 11:02:00,2024-04-14 11:04:00,3.0,停机,IsolationForest; Mahalanobis; 单变量IQR+3σ; 残差,0.467,78,正常
498,2024-04-14 14:51:00,2024-04-14 14:55:00,5.0,停机,IsolationForest; Mahalanobis; 单变量IQR+3σ; 残差,323.853,130,Mahalanobis 距离=323.9（阈值=10.8）。主要贡献特征：PC1 (100.0%)。
499,2024-04-14 15:45:00,2024-04-14 16:27:00,43.0,停机,IsolationForest; Mahalanobis; 单变量IQR+3σ; 残差,3417.525,1118,Mahalanobis 距离=3417.5（阈值=10.8）。主要贡献特征：PC1 (100.0%)。
500,2024-04-14 16:53:00,2024-04-14 17:10:00,18.0,停机,IsolationForest; Mahalanobis; 单变量IQR+3σ; 残差,5943.137,468,Mahalanobis 距离=5943.1（阈值=10.8）。主要贡献特征：PC1 (100.0%)。
501,2024-04-14 17:50:00,2024-04-14 18:12:00,23.0,带载运行,IsolationForest; Mahalanobis; 单变量IQR+3σ; 残差,145.594,598,Mahalanobis 距离=145.6（阈值=10.8）。主要贡献特征：PC1 (100.0%)。
502,2024-04-14 19:13:00,2024-04-14 19:22:00,10.0,带载运行,IsolationForest; Mahalanobis; 单变量IQR+3σ; 残差,24.175,260,Mahalanobis 距离=24.2（阈值=10.8）。主要贡献特征：PC1 (100.0%)。
503,2024-04-14 19:36:00,2024-04-14 19:45:00,10.0,带载运行,IsolationForest; Mahalanobis; 单变量IQR+3σ; 残差,20.165,260,Mahalanobis 距离=20.2（阈值=10.8）。主要贡献特征：PC1 (100.0%)。
504,2024-04-14 20:11:00,2024-04-14 20:17:00,7.0,带载运行,IsolationForest; Mahalanobis; 单变量IQR+3σ; 残差,51.291,182,Mahalanobis 距离=51.3（阈值=10.8）。主要贡献特征：PC1 (100.0%)。
505,2024-04-14 20:27:00,2024-04-14 20:30:00,4.0,带载运行,IsolationForest; Mahalanobis; 单变量IQR+3σ; 残差,14.551,104,Mahalanobis 距离=14.6（阈值=10.8）。主要贡献特征：PC1 (100.0%)。
506,2024-04-14 20:33:00,2024-04-14 20:43:00,11.0,带载运行,IsolationForest; Mahalanobis; 单变量IQR+3σ; 残差,30.706,286,Mahalanobis 距离=30.7（阈值=10.8）。主要贡献特征：PC1 (100.0%)。
507,2024-04-14 21:03:00,2024-04-14 21:44:00,42.0,带载运行,IsolationForest; Mahalanobis; 单变量IQR+3σ; 残差,84.634,1092,Mahalanobis 距离=84.6（阈值=10.8）。主要贡献特征：PC1 (100.0%)。
508,2024-04-14 23:10:00,2024-04-14 23:14:00,5.0,带载运行,IsolationForest; Mahalanobis; 单变量IQR+3σ; 残差,23.36,130,Mahalanobis 距离=23.4（阈值=10.8）。主要贡献特征：PC1 (100.0%)。
509,2024-04-14 23:46:00,2024-04-14 23:51:00,6.0,带载运行,IsolationForest; Mahalanobis; 单变量IQR+3σ; 残差,36.839,156,Mahalanobis 距离=36.8（阈值=10.8）。主要贡献特征：PC1 (100.0%)。
510,2024-04-15 00:54:00,2024-04-15 00:59:00,6.0,停机,IsolationForest; Mahalanobis; 单变量IQR+3σ; 残差,8041.045,156,Mahalanobis 距离=8041.0（阈值=10.8）。主要贡献特征：PC1 (100.0%)。
511,2024-04-15 01:12:00,2024-04-15 01:16:00,5.0,带载运行,IsolationForest; Mahalanobis; 单变量IQR+3σ; 残差,119.67,130,Mahalanobis 距离=119.7（阈值=10.8）。主要贡献特征：PC1 (100.0%)。
512,2024-04-15 01:24:00,2024-04-15 01:24:00,1.0,带载运行,IsolationForest; Mahalanobis; 单变量IQR+3σ; 残差,3.17,26,残差异常：三机_转载机_减速器_冷却水_温度 偏高（残差 Z-score=3.2，实际=45.9 vs 预测=40.0）
513,2024-04-15 03:20:00,2024-04-15 03:24:00,5.0,带载运行,IsolationForest; Mahalanobis; 单变量IQR+3σ; 残差,21.701,130,Mahalanobis 距离=21.7（阈值=10.8）。主要贡献特征：PC1 (100.0%)。
514,2024-04-15 06:58:00,2024-04-15 06:58:00,1.0,带载运行,IsolationForest; Mahalanobis; 单变量IQR+3σ; 残差,3.019,26,残差异常：三机_转载机_电机_电流 偏高（残差 Z-score=3.0，实际=100.0 vs 预测=64.0）
515,2024-04-15 07:51:00,2024-04-15 07:52:00,2.0,带载运行,IsolationForest; Mahalanobis; 单变量IQR+3σ; 残差,9.643,52,残差异常：三机_转载机_电机_电流 偏高（残差 Z-score=9.6，实际=197.0 vs 预测=82.0）
516,2024-04-15 08:30:00,2024-04-15 08:33:00,4.0,停机,IsolationForest; Mahalanobis; 单变量IQR+3σ; 残差,8045.926,104,Mahalanobis 距离=8045.9（阈值=10.8）。主要贡献特征：PC1 (100.0%)。
517,2024-04-15 08:49:00,2024-04-15 08:51:00,3.0,停机,IsolationForest; Mahalanobis; 单变量IQR+3σ; 残差,1.438,78,正常
518,2024-04-15 08:53:00,2024-04-15 08:54:00,2.0,停机,IsolationForest; Mahalanobis; 单变量IQR+3σ; 残差,4.434,52,残差异常：三机_转载机_减速器_冷却水_压力 偏高（残差 Z-score=4.4，实际=0.2 vs 预测=0.0）
519,2024-04-15 08:56:00,2024-04-15 08:58:00,3.0,停机,IsolationForest; Mahalanobis; 单变量IQR+3σ; 残差,3.325,78,残差异常：三机_转载机_减速器_冷却水_压力 偏高（残差 Z-score=3.3，实际=0.2 vs 预测=0.1）
520,2024-04-15 09:01:00,2024-04-15 09:02:00,2.0,停机,IsolationForest; Mahalanobis; 单变量IQR+3σ; 残差,3.88,52,残差异常：三机_转载机_减速器_冷却水_压力 偏高（残差 Z-score=3.9，实际=0.2 vs 预测=0.1）
521,2024-04-15 09:07:00,2024-04-15 09:07:00,1.0,停机,IsolationForest; Mahalanobis; 单变量IQR+3σ; 残差,3.88,26,残差异常：三机_转载机_减速器_冷却水_压力 偏高（残差 Z-score=3.9，实际=0.2 vs 预测=0.1）
522,2024-04-15 09:13:00,2024-04-15 09:14:00,2.0,停机,IsolationForest; Mahalanobis; 单变量IQR+3σ; 残差,3.88,52,残差异常：三机_转载机_减速器_冷却水_压力 偏高（残差 Z-score=3.9，实际=0.2 vs 预测=0.1）
523,2024-04-15 09:19:00,2024-04-15 09:19:00,1.0,停机,IsolationForest; Mahalanobis; 单变量IQR+3σ; 残差,0.657,26,正常
524,2024-04-15 09:21:00,2024-04-15 09:26:00,6.0,停机,IsolationForest; Mahalanobis; 单变量IQR+3σ; 残差,478.5,156,Mahalanobis 距离=478.5（阈值=10.8）。主要贡献特征：PC1 (100.0%)。
525,2024-04-15 09:28:00,2024-04-15 09:45:00,18.0,停机,IsolationForest; Mahalanobis; 单变量IQR+3σ; 残差,479.253,468,Mahalanobis 距离=479.3（阈值=10.8）。主要贡献特征：PC1 (100.0%)。
526,2024-04-15 09:47:00,2024-04-15 09:59:00,13.0,停机,IsolationForest; Mahalanobis; 单变量IQR+3σ; 残差,676.072,338,Mahalanobis 距离=676.1（阈值=10.8）。主要贡献特征：PC1 (100.0%)。
527,2024-04-15 10:53:00,2024-04-15 10:57:00,5.0,带载运行,IsolationForest; Mahalanobis; 单变量IQR+3σ; 残差,145.74,130,Mahalanobis 距离=145.7（阈值=10.8）。主要贡献特征：PC1 (100.0%)。
528,2024-04-15 11:37:00,2024-04-15 11:39:00,3.0,停机,IsolationForest; Mahalanobis; 单变量IQR+3σ; 残差,0.468,78,正常
529,2024-04-15 14:30:00,2024-04-15 14:40:00,11.0,停机,IsolationForest; Mahalanobis; 单变量IQR+3σ; 残差,477.08,286,Mahalanobis 距离=477.1（阈值=10.8）。主要贡献特征：PC1 (100.0%)。
530,2024-04-15 14:46:00,2024-04-15 14:46:00,1.0,停机,IsolationForest; Mahalanobis; 单变量IQR+3σ; 残差,1.032,26,正常
531,2024-04-15 14:52:00,2024-04-15 14:57:00,6.0,停机,IsolationForest; Mahalanobis; 单变量IQR+3σ; 残差,4.953,156,残差异常：三机_转载机_变频器_腔体温度 偏高（残差 Z-score=5.0，实际=42.0 vs 预测=25.2）
532,2024-04-15 15:07:00,2024-04-15 15:18:00,12.0,停机,IsolationForest; Mahalanobis; 单变量IQR+3σ; 残差,344.552,312,Mahalanobis 距离=344.6（阈值=10.8）。主要贡献特征：PC1 (100.0%)。
533,2024-04-15 15:30:00,2024-04-15 15:44:00,15.0,停机,IsolationForest; Mahalanobis; 单变量IQR+3σ; 残差,475.433,390,Mahalanobis 距离=475.4（阈值=10.8）。主要贡献特征：PC1 (100.0%)。
534,2024-04-15 16:23:00,2024-04-15 17:08:00,46.0,停机,IsolationForest; Mahalanobis; 单变量IQR+3σ; 残差,730.412,1196,Mahalanobis 距离=730.4（阈值=10.8）。主要贡献特征：PC1 (100.0%)。
535,2024-04-15 17:38:00,2024-04-15 17:38:00,1.0,带载运行,IsolationForest; Mahalanobis; 单变量IQR+3σ; 残差,8.819,26,正常
536,2024-04-15 17:44:00,2024-04-15 17:51:00,8.0,停机,IsolationForest; Mahalanobis; 单变量IQR+3σ; 残差,8064.4,208,Mahalanobis 距离=8064.4（阈值=10.8）。主要贡献特征：PC1 (100.0%)。
537,2024-04-15 17:53:00,2024-04-15 18:10:00,18.0,停机,IsolationForest; Mahalanobis; 单变量IQR+3σ; 残差,8041.146,468,Mahalanobis 距离=8041.1（阈值=10.8）。主要贡献特征：PC1 (100.0%)。
538,2024-04-15 18:18:00,2024-04-15 18:52:00,35.0,带载运行,IsolationForest; Mahalanobis; 单变量IQR+3σ; 残差,115.383,910,Mahalanobis 距离=115.4（阈值=10.8）。主要贡献特征：PC1 (100.0%)。
539,2024-04-15 19:01:00,2024-04-15 19:06:00,6.0,带载运行,IsolationForest; Mahalanobis; 单变量IQR+3σ; 残差,37.739,156,Mahalanobis 距离=37.7（阈值=10.8）。主要贡献特征：PC1 (100.0%)。
540,2024-04-15 19:14:00,2024-04-15 19:20:00,7.0,空载运行,IsolationForest; Mahalanobis; 单变量IQR+3σ; 残差,7807.059,182,Mahalanobis 距离=7807.1（阈值=10.8）。主要贡献特征：PC1 (100.0%)。
541,2024-04-15 19:45:00,2024-04-15 19:53:00,9.0,带载运行,IsolationForest; Mahalanobis; 单变量IQR+3σ; 残差,147.155,234,Mahalanobis 距离=147.2（阈值=10.8）。主要贡献特征：PC1 (100.0%)。
542,2024-04-15 20:00:00,2024-04-15 20:12:00,13.0,空载运行,IsolationForest; Mahalanobis; 单变量IQR+3σ; 残差,6523.751,338,Mahalanobis 距离=6523.8（阈值=10.8）。主要贡献特征：PC1 (100.0%)。
543,2024-04-15 20:15:00,2024-04-15 20:28:00,14.0,空载运行,IsolationForest; Mahalanobis; 单变量IQR+3σ; 残差,6523.139,364,Mahalanobis 距离=6523.1（阈值=10.8）。主要贡献特征：PC1 (100.0%)。
544,2024-04-15 20:30:00,2024-04-15 20:30:00,1.0,空载运行,IsolationForest; Mahalanobis; 单变量IQR+3σ; 残差,0.667,26,正常
545,2024-04-15 20:32:00,2024-04-15 20:33:00,2.0,停机,IsolationForest; Mahalanobis; 单变量IQR+3σ; 残差,0.712,52,正常
546,2024-04-15 20:37:00,2024-04-15 20:41:00,5.0,带载运行,IsolationForest; Mahalanobis; 单变量IQR+3σ; 残差,115.585,130,Mahalanobis 距离=115.6（阈值=10.8）。主要贡献特征：PC1 (100.0%)。
547,2024-04-15 21:07:00,2024-04-15 21:21:00,15.0,带载运行,IsolationForest; Mahalanobis; 单变量IQR+3σ; 残差,24.043,390,Mahalanobis 距离=24.0（阈值=10.8）。主要贡献特征：PC1 (100.0%)。
548,2024-04-15 22:14:00,2024-04-15 22:31:00,18.0,停机,IsolationForest; Mahalanobis; 单变量IQR+3σ; 残差,8075.391,468,Mahalanobis 距离=8075.4（阈值=10.8）。主要贡献特征：PC1 (100.0%)。
549,2024-04-15 22:33:00,2024-04-15 22:33:00,1.0,带载运行,IsolationForest; Mahalanobis; 单变量IQR+3σ; 残差,3.267,26,残差异常：三机_转载机_减速器_冷却水_温度 偏高（残差 Z-score=3.3，实际=43.9 vs 预测=37.9）
550,2024-04-15 23:27:00,2024-04-15 23:31:00,5.0,带载运行,IsolationForest; Mahalanobis; 单变量IQR+3σ; 残差,21.906,130,Mahalanobis 距离=21.9（阈值=10.8）。主要贡献特征：PC1 (100.0%)。
551,2024-04-15 23:39:00,2024-04-15 23:45:00,7.0,停机,IsolationForest; Mahalanobis; 单变量IQR+3σ; 残差,8058.405,182,Mahalanobis 距离=8058.4（阈值=10.8）。主要贡献特征：PC1 (100.0%)。
552,2024-04-16 00:17:00,2024-04-16 00:24:00,8.0,空载运行,IsolationForest; Mahalanobis; 单变量IQR+3σ; 残差,7840.857,208,Mahalanobis 距离=7840.9（阈值=10.8）。主要贡献特征：PC1 (100.0%)。
553,2024-04-16 01:13:00,2024-04-16 01:19:00,7.0,停机,IsolationForest; Mahalanobis; 单变量IQR+3σ; 残差,8044.113,182,Mahalanobis 距离=8044.1（阈值=10.8）。主要贡献特征：PC1 (100.0%)。
554,2024-04-16 03:34:00,2024-04-16 03:39:00,6.0,停机,IsolationForest; Mahalanobis; 单变量IQR+3σ; 残差,8026.048,156,Mahalanobis 距离=8026.0（阈值=10.8）。主要贡献特征：PC1 (100.0%)。
555,2024-04-16 03:41:00,2024-04-16 03:42:00,2.0,停机,IsolationForest; Mahalanobis; 单变量IQR+3σ; 残差,2.771,52,正常
556,2024-04-16 03:48:00,2024-04-16 03:52:00,5.0,带载运行,IsolationForest; Mahalanobis; 单变量IQR+3σ; 残差,112.611,130,Mahalanobis 距离=112.6（阈值=10.8）。主要贡献特征：PC1 (100.0%)。
557,2024-04-16 06:19:00,2024-04-16 06:39:00,21.0,停机,IsolationForest; Mahalanobis; 单变量IQR+3σ; 残差,9381.287,546,Mahalanobis 距离=9381.3（阈值=10.8）。主要贡献特征：PC1 (100.0%)。
558,2024-04-16 06:41:00,2024-04-16 06:41:00,1.0,带载运行,IsolationForest; Mahalanobis; 单变量IQR+3σ; 残差,10.903,26,Mahalanobis 距离=10.9（阈值=10.8）。主要贡献特征：PC1 (100.0%)。
559,2024-04-16 08:20:00,2024-04-16 08:23:00,4.0,停机,IsolationForest; Mahalanobis; 单变量IQR+3σ; 残差,8030.522,104,Mahalanobis 距离=8030.5（阈值=10.8）。主要贡献特征：PC1 (100.0%)。
560,2024-04-16 08:28:00,2024-04-16 08:28:00,1.0,停机,IsolationForest; Mahalanobis; 单变量IQR+3σ; 残差,1.824,26,正常
561,2024-04-16 08:31:00,2024-04-16 08:35:00,5.0,带载运行,IsolationForest; Mahalanobis; 单变量IQR+3σ; 残差,123.597,130,Mahalanobis 距离=123.6（阈值=10.8）。主要贡献特征：PC1 (100.0%)。
562,2024-04-16 08:44:00,2024-04-16 08:53:00,10.0,停机,IsolationForest; Mahalanobis; 单变量IQR+3σ; 残差,8051.348,260,Mahalanobis 距离=8051.3（阈值=10.8）。主要贡献特征：PC1 (100.0%)。
563,2024-04-16 08:59:00,2024-04-16 09:02:00,4.0,停机,IsolationForest; Mahalanobis; 单变量IQR+3σ; 残差,8031.72,104,Mahalanobis 距离=8031.7（阈值=10.8）。主要贡献特征：PC1 (100.0%)。
564,2024-04-16 09:26:00,2024-04-16 09:32:00,7.0,停机,IsolationForest; Mahalanobis; 单变量IQR+3σ; 残差,2.886,182,单变量异常：三机_转载机_减速器_冷却水_温度（z-score=2.9，实际=46.2，均值=34.5±4.1）
565,2024-04-16 09:38:00,2024-04-16 10:16:00,39.0,停机,IsolationForest; Mahalanobis; 单变量IQR+3σ; 残差,677.119,1014,Mahalanobis 距离=677.1（阈值=10.8）。主要贡献特征：PC1 (100.0%)。
566,2024-04-16 10:18:00,2024-04-16 10:37:00,20.0,停机,IsolationForest; Mahalanobis; 单变量IQR+3σ; 残差,3.009,520,单变量异常：三机_转载机_减速器_冷却水_温度（z-score=3.0，实际=46.7，均值=34.5±4.1）
567,2024-04-16 10:46:00,2024-04-16 10:50:00,5.0,停机,IsolationForest; Mahalanobis; 单变量IQR+3σ; 残差,325.15,130,Mahalanobis 距离=325.2（阈值=10.8）。主要贡献特征：PC1 (100.0%)。
568,2024-04-16 10:53:00,2024-04-16 10:58:00,6.0,停机,IsolationForest; Mahalanobis; 单变量IQR+3σ; 残差,262.289,156,Mahalanobis 距离=262.3（阈值=10.8）。主要贡献特征：PC1 (100.0%)。
569,2024-04-16 12:06:00,2024-04-16 12:27:00,22.0,停机,IsolationForest; Mahalanobis; 单变量IQR+3σ; 残差,12.383,572,残差异常：三机_转载机_变频器_腔体温度 偏高（残差 Z-score=12.4，实际=42.0 vs 预测=0.0）
570,2024-04-16 13:16:00,2024-04-16 13:36:00,21.0,停机,IsolationForest; Mahalanobis; 单变量IQR+3σ; 残差,12.383,546,残差异常：三机_转载机_变频器_腔体温度 偏高（残差 Z-score=12.4，实际=42.0 vs 预测=0.0）
571,2024-04-16 13:52:00,2024-04-16 13:56:00,5.0,停机,IsolationForest; Mahalanobis; 单变量IQR+3σ; 残差,212.285,130,Mahalanobis 距离=212.3（阈值=10.8）。主要贡献特征：PC1 (100.0%)。
572,2024-04-16 14:48:00,2024-04-16 14:58:00,11.0,停机,IsolationForest; Mahalanobis; 单变量IQR+3σ; 残差,12.678,286,残差异常：三机_转载机_变频器_腔体温度 偏高（残差 Z-score=12.7，实际=43.0 vs 预测=0.0）
573,2024-04-16 15:11:00,2024-04-16 15:15:00,5.0,停机,IsolationForest; Mahalanobis; 单变量IQR+3σ; 残差,336.36,130,Mahalanobis 距离=336.4（阈值=10.8）。主要贡献特征：PC1 (100.0%)。
574,2024-04-16 15:28:00,2024-04-16 15:57:00,30.0,停机,IsolationForest; Mahalanobis; 单变量IQR+3σ; 残差,2420.352,780,Mahalanobis 距离=2420.4（阈值=10.8）。主要贡献特征：PC1 (100.0%)。
575,2024-04-16 15:59:00,2024-04-16 16:03:00,5.0,停机,IsolationForest; Mahalanobis; 单变量IQR+3σ; 残差,1646.19,130,Mahalanobis 距离=1646.2（阈值=10.8）。主要贡献特征：PC1 (100.0%)。
576,2024-04-16 16:05:00,2024-04-16 16:12:00,8.0,停机,IsolationForest; Mahalanobis; 单变量IQR+3σ; 残差,1536.864,208,Mahalanobis 距离=1536.9（阈值=10.8）。主要贡献特征：PC1 (100.0%)。
577,2024-04-16 16:37:00,2024-04-16 17:42:00,66.0,带载运行,IsolationForest; Mahalanobis; 单变量IQR+3σ; 残差,119.285,1716,Mahalanobis 距离=119.3（阈值=10.8）。主要贡献特征：PC1 (100.0%)。
578,2024-04-16 18:13:00,2024-04-16 18:25:00,13.0,带载运行,IsolationForest; Mahalanobis; 单变量IQR+3σ; 残差,25.533,338,Mahalanobis 距离=25.5（阈值=10.8）。主要贡献特征：PC1 (100.0%)。
579,2024-04-16 18:28:00,2024-04-16 18:33:00,6.0,带载运行,IsolationForest; Mahalanobis; 单变量IQR+3σ; 残差,32.504,156,Mahalanobis 距离=32.5（阈值=10.8）。主要贡献特征：PC1 (100.0%)。
580,2024-04-16 19:23:00,2024-04-16 19:29:00,7.0,带载运行,IsolationForest; Mahalanobis; 单变量IQR+3σ; 残差,36.871,182,Mahalanobis 距离=36.9（阈值=10.8）。主要贡献特征：PC1 (100.0%)。
581,2024-04-16 19:38:00,2024-04-16 19:42:00,5.0,停机,IsolationForest; Mahalanobis; 单变量IQR+3σ; 残差,7116.904,130,Mahalanobis 距离=7116.9（阈值=10.8）。主要贡献特征：PC1 (100.0%)。
582,2024-04-17 01:11:00,2024-04-17 01:12:00,2.0,停机,IsolationForest; Mahalanobis; 单变量IQR+3σ; 残差,0.712,52,正常
583,2024-04-17 01:18:00,2024-04-17 01:20:00,3.0,停机,IsolationForest; Mahalanobis; 单变量IQR+3σ; 残差,0.568,78,正常
584,2024-04-17 01:38:00,2024-04-17 01:40:00,3.0,停机,IsolationForest; Mahalanobis; 单变量IQR+3σ; 残差,7.224,78,残差异常：三机_转载机_减速器_冷却水_流量 偏高（残差 Z-score=7.2，实际=52.0 vs 预测=0.0）
585,2024-04-17 01:42:00,2024-04-17 02:18:00,37.0,带载运行,IsolationForest; Mahalanobis; 单变量IQR+3σ; 残差,147.18,962,Mahalanobis 距离=147.2（阈值=10.8）。主要贡献特征：PC1 (100.0%)。
586,2024-04-17 03:24:00,2024-04-17 03:24:00,1.0,带载运行,IsolationForest; Mahalanobis; 单变量IQR+3σ; 残差,1.022,26,正常
587,2024-04-17 04:16:00,2024-04-17 04:21:00,6.0,停机,IsolationForest; Mahalanobis; 单变量IQR+3σ; 残差,5712.688,156,Mahalanobis 距离=5712.7（阈值=10.8）。主要贡献特征：PC1 (100.0%)。
588,2024-04-17 06:17:00,2024-04-17 06:29:00,13.0,停机,IsolationForest; Mahalanobis; 单变量IQR+3σ; 残差,4192.758,338,Mahalanobis 距离=4192.8（阈值=10.8）。主要贡献特征：PC1 (100.0%)。
589,2024-04-17 06:38:00,2024-04-17 06:44:00,7.0,停机,IsolationForest; Mahalanobis; 单变量IQR+3σ; 残差,8039.373,182,Mahalanobis 距离=8039.4（阈值=10.8）。主要贡献特征：PC1 (100.0%)。
590,2024-04-17 07:23:00,2024-04-17 07:29:00,7.0,带载运行,IsolationForest; Mahalanobis; 单变量IQR+3σ; 残差,61.336,182,Mahalanobis 距离=61.3（阈值=10.8）。主要贡献特征：PC1 (100.0%)。
591,2024-04-17 07:31:00,2024-04-17 08:53:00,83.0,带载运行,IsolationForest; Mahalanobis; 单变量IQR+3σ; 残差,12.63,2158,Mahalanobis 距离=12.6（阈值=10.8）。主要贡献特征：PC1 (100.0%)。
592,2024-04-17 08:57:00,2024-04-17 09:37:00,41.0,停机,IsolationForest; Mahalanobis; 单变量IQR+3σ; 残差,6725.249,1066,Mahalanobis 距离=6725.2（阈值=10.8）。主要贡献特征：PC1 (100.0%)。
593,2024-04-17 09:49:00,2024-04-17 09:49:00,1.0,停机,IsolationForest; Mahalanobis; 单变量IQR+3σ; 残差,3.193,26,残差异常：三机_转载机_减速器_冷却水_温度 偏高（残差 Z-score=3.2，实际=44.0 vs 预测=39.8）
594,2024-04-17 09:56:00,2024-04-17 10:04:00,9.0,停机,IsolationForest; Mahalanobis; 单变量IQR+3σ; 残差,2.713,234,单变量异常：三机_转载机_减速器_冷却水_温度（z-score=2.7，实际=45.5，均值=34.5±4.1）
595,2024-04-17 10:13:00,2024-04-17 10:31:00,19.0,空载运行,IsolationForest; Mahalanobis; 单变量IQR+3σ; 残差,661.738,494,Mahalanobis 距离=661.7（阈值=10.8）。主要贡献特征：PC1 (100.0%)。
596,2024-04-17 10:33:00,2024-04-17 10:43:00,11.0,停机,IsolationForest; Mahalanobis; 单变量IQR+3σ; 残差,678.298,286,Mahalanobis 距离=678.3（阈值=10.8）。主要贡献特征：PC1 (100.0%)。
597,2024-04-17 12:05:00,2024-04-17 12:13:00,9.0,停机,IsolationForest; Mahalanobis; 单变量IQR+3σ; 残差,509.35,234,Mahalanobis 距离=509.3（阈值=10.8）。主要贡献特征：PC1 (100.0%)。
598,2024-04-17 12:15:00,2024-04-17 13:40:00,86.0,停机,IsolationForest; Mahalanobis; 单变量IQR+3σ; 残差,14.152,2236,残差异常：三机_转载机_变频器_腔体温度 偏高（残差 Z-score=14.2，实际=48.0 vs 预测=0.0）
599,2024-04-17 13:51:00,2024-04-17 13:53:00,3.0,停机,IsolationForest; Mahalanobis; 单变量IQR+3σ; 残差,0.945,78,正常
600,2024-04-17 15:44:00,2024-04-17 16:10:00,27.0,停机,IsolationForest; Mahalanobis; 单变量IQR+3σ; 残差,1296.589,702,Mahalanobis 距离=1296.6（阈值=10.8）。主要贡献特征：PC1 (100.0%)。
601,2024-04-17 16:50:00,2024-04-17 17:25:00,36.0,空载运行,IsolationForest; Mahalanobis; 单变量IQR+3σ; 残差,3970.518,936,Mahalanobis 距离=3970.5（阈值=10.8）。主要贡献特征：PC1 (100.0%)。
602,2024-04-17 17:30:00,2024-04-17 17:39:00,10.0,停机,IsolationForest; Mahalanobis; 单变量IQR+3σ; 残差,8039.87,260,Mahalanobis 距离=8039.9（阈值=10.8）。主要贡献特征：PC1 (100.0%)。
603,2024-04-17 17:50:00,2024-04-17 18:02:00,13.0,带载运行,IsolationForest; Mahalanobis; 单变量IQR+3σ; 残差,40.659,338,Mahalanobis 距离=40.7（阈值=10.8）。主要贡献特征：PC1 (100.0%)。
604,2024-04-17 18:45:00,2024-04-17 19:16:00,32.0,停机,IsolationForest; Mahalanobis; 单变量IQR+3σ; 残差,7285.364,832,Mahalanobis 距离=7285.4（阈值=10.8）。主要贡献特征：PC1 (100.0%)。
605,2024-04-17 20:02:00,2024-04-17 20:08:00,7.0,停机,IsolationForest; Mahalanobis; 单变量IQR+3σ; 残差,5122.639,182,Mahalanobis 距离=5122.6（阈值=10.8）。主要贡献特征：PC1 (100.0%)。
606,2024-04-17 20:19:00,2024-04-17 20:26:00,8.0,带载运行,IsolationForest; Mahalanobis; 单变量IQR+3σ; 残差,112.765,208,Mahalanobis 距离=112.8（阈值=10.8）。主要贡献特征：PC1 (100.0%)。
607,2024-04-17 20:58:00,2024-04-17 21:01:00,4.0,停机,IsolationForest; Mahalanobis; 单变量IQR+3σ; 残差,8037.261,104,Mahalanobis 距离=8037.3（阈值=10.8）。主要贡献特征：PC1 (100.0%)。
608,2024-04-17 21:39:00,2024-04-17 22:58:00,80.0,空载运行,IsolationForest; Mahalanobis; 单变量IQR+3σ; 残差,7079.111,2080,Mahalanobis 距离=7079.1（阈值=10.8）。主要贡献特征：PC1 (100.0%)。
609,2024-04-17 23:24:00,2024-04-17 23:25:00,2.0,停机,IsolationForest; Mahalanobis; 单变量IQR+3σ; 残差,0.496,52,正常
610,2024-04-17 23:40:00,2024-04-18 00:21:00,42.0,停机,IsolationForest; Mahalanobis; 单变量IQR+3σ; 残差,6724.643,1092,Mahalanobis 距离=6724.6（阈值=10.8）。主要贡献特征：PC1 (100.0%)。
611,2024-04-18 01:23:00,2024-04-18 02:00:00,38.0,停机,IsolationForest; Mahalanobis; 单变量IQR+3σ; 残差,8712.925,988,Mahalanobis 距离=8712.9（阈值=10.8）。主要贡献特征：PC1 (100.0%)。
612,2024-04-18 02:12:00,2024-04-18 02:16:00,5.0,带载运行,IsolationForest; Mahalanobis; 单变量IQR+3σ; 残差,142.204,130,Mahalanobis 距离=142.2（阈值=10.8）。主要贡献特征：PC1 (100.0%)。
613,2024-04-18 02:18:00,2024-04-18 05:13:00,176.0,停机,IsolationForest; Mahalanobis; 单变量IQR+3σ; 残差,9063.171,4576,Mahalanobis 距离=9063.2（阈值=10.8）。主要贡献特征：PC1 (100.0%)。
614,2024-04-18 05:16:00,2024-04-18 06:43:00,88.0,带载运行,IsolationForest; Mahalanobis; 单变量IQR+3σ; 残差,143.817,2288,Mahalanobis 距离=143.8（阈值=10.8）。主要贡献特征：PC1 (100.0%)。
615,2024-04-18 06:48:00,2024-04-18 06:48:00,1.0,带载运行,IsolationForest; Mahalanobis; 单变量IQR+3σ; 残差,6.324,26,正常
616,2024-04-18 06:50:00,2024-04-18 06:50:00,1.0,带载运行,IsolationForest; Mahalanobis; 单变量IQR+3σ; 残差,6.129,26,正常
617,2024-04-18 07:33:00,2024-04-18 07:33:00,1.0,带载运行,IsolationForest; Mahalanobis; 单变量IQR+3σ; 残差,6.207,26,正常
618,2024-04-18 07:37:00,2024-04-18 07:37:00,1.0,带载运行,IsolationForest; Mahalanobis; 单变量IQR+3σ; 残差,6.509,26,正常
619,2024-04-18 08:07:00,2024-04-18 08:20:00,14.0,停机,IsolationForest; Mahalanobis; 单变量IQR+3σ; 残差,8352.676,364,Mahalanobis 距离=8352.7（阈值=10.8）。主要贡献特征：PC1 (100.0%)。
620,2024-04-18 08:24:00,2024-04-18 08:26:00,3.0,带载运行,IsolationForest; Mahalanobis; 单变量IQR+3σ; 残差,11.032,78,Mahalanobis 距离=11.0（阈值=10.8）。主要贡献特征：PC1 (100.0%)。
621,2024-04-18 08:42:00,2024-04-18 08:42:00,1.0,带载运行,IsolationForest; Mahalanobis; 单变量IQR+3σ; 残差,6.424,26,正常
622,2024-04-18 09:01:00,2024-04-18 09:11:00,11.0,停机,IsolationForest; Mahalanobis; 单变量IQR+3σ; 残差,8371.22,286,Mahalanobis 距离=8371.2（阈值=10.8）。主要贡献特征：PC1 (100.0%)。
623,2024-04-18 09:32:00,2024-04-18 10:51:00,80.0,停机,IsolationForest; Mahalanobis; 单变量IQR+3σ; 残差,596.097,2080,Mahalanobis 距离=596.1（阈值=10.8）。主要贡献特征：PC1 (100.0%)。
624,2024-04-18 11:03:00,2024-04-18 11:07:00,5.0,停机,IsolationForest; Mahalanobis; 单变量IQR+3σ; 残差,682.863,130,Mahalanobis 距离=682.9（阈值=10.8）。主要贡献特征：PC1 (100.0%)。
625,2024-04-18 11:36:00,2024-04-18 11:40:00,5.0,停机,IsolationForest; Mahalanobis; 单变量IQR+3σ; 残差,1005.071,130,Mahalanobis 距离=1005.1（阈值=10.8）。主要贡献特征：PC1 (100.0%)。
626,2024-04-18 11:43:00,2024-04-18 11:47:00,5.0,停机,IsolationForest; Mahalanobis; 单变量IQR+3σ; 残差,1007.75,130,Mahalanobis 距离=1007.7（阈值=10.8）。主要贡献特征：PC1 (100.0%)。
627,2024-04-18 12:05:00,2024-04-18 12:07:00,3.0,停机,IsolationForest; Mahalanobis; 单变量IQR+3σ; 残差,1.067,78,正常
628,2024-04-18 12:28:00,2024-04-18 12:28:00,1.0,停机,IsolationForest; Mahalanobis; 单变量IQR+3σ; 残差,0.764,26,正常
629,2024-04-18 13:15:00,2024-04-18 13:19:00,5.0,停机,IsolationForest; Mahalanobis; 单变量IQR+3σ; 残差,287.53,130,Mahalanobis 距离=287.5（阈值=10.8）。主要贡献特征：PC1 (100.0%)。
630,2024-04-18 13:27:00,2024-04-18 13:31:00,5.0,带载运行,IsolationForest; Mahalanobis; 单变量IQR+3σ; 残差,146.692,130,Mahalanobis 距离=146.7（阈值=10.8）。主要贡献特征：PC1 (100.0%)。
631,2024-04-18 14:44:00,2024-04-18 14:51:00,8.0,带载运行,IsolationForest; Mahalanobis; 单变量IQR+3σ; 残差,147.142,208,Mahalanobis 距离=147.1（阈值=10.8）。主要贡献特征：PC1 (100.0%)。
632,2024-04-18 15:31:00,2024-04-18 16:27:00,57.0,停机,IsolationForest; Mahalanobis; 单变量IQR+3σ; 残差,8037.957,1482,Mahalanobis 距离=8038.0（阈值=10.8）。主要贡献特征：PC1 (100.0%)。
633,2024-04-18 17:17:00,2024-04-18 17:24:00,8.0,带载运行,IsolationForest; Mahalanobis; 单变量IQR+3σ; 残差,23.898,208,Mahalanobis 距离=23.9（阈值=10.8）。主要贡献特征：PC1 (100.0%)。
634,2024-04-18 17:28:00,2024-04-18 17:53:00,26.0,带载运行,IsolationForest; Mahalanobis; 单变量IQR+3σ; 残差,79.459,676,Mahalanobis 距离=79.5（阈值=10.8）。主要贡献特征：PC1 (100.0%)。
635,2024-04-18 19:39:00,2024-04-18 19:46:00,8.0,停机,IsolationForest; Mahalanobis; 单变量IQR+3σ; 残差,8039.213,208,Mahalanobis 距离=8039.2（阈值=10.8）。主要贡献特征：PC1 (100.0%)。
636,2024-04-18 19:50:00,2024-04-18 19:50:00,1.0,带载运行,IsolationForest; Mahalanobis; 单变量IQR+3σ; 残差,2.51,26,正常
637,2024-04-18 19:53:00,2024-04-18 19:56:00,4.0,停机,IsolationForest; Mahalanobis; 单变量IQR+3σ; 残差,8056.022,104,Mahalanobis 距离=8056.0（阈值=10.8）。主要贡献特征：PC1 (100.0%)。
638,2024-04-18 19:59:00,2024-04-18 20:03:00,5.0,带载运行,IsolationForest; Mahalanobis; 单变量IQR+3σ; 残差,135.731,130,Mahalanobis 距离=135.7（阈值=10.8）。主要贡献特征：PC1 (100.0%)。
639,2024-04-18 20:26:00,2024-04-18 20:26:00,1.0,带载运行,IsolationForest; Mahalanobis; 单变量IQR+3σ; 残差,0.757,26,正常
640,2024-04-18 23:22:00,2024-04-18 23:25:00,4.0,停机,IsolationForest; Mahalanobis; 单变量IQR+3σ; 残差,8042.056,104,Mahalanobis 距离=8042.1（阈值=10.8）。主要贡献特征：PC1 (100.0%)。
641,2024-04-18 23:27:00,2024-04-18 23:27:00,1.0,停机,IsolationForest; Mahalanobis; 单变量IQR+3σ; 残差,2.046,26,正常
642,2024-04-19 00:25:00,2024-04-19 00:29:00,5.0,带载运行,IsolationForest; Mahalanobis; 单变量IQR+3σ; 残差,115.113,130,Mahalanobis 距离=115.1（阈值=10.8）。主要贡献特征：PC1 (100.0%)。
643,2024-04-19 00:55:00,2024-04-19 01:06:00,12.0,停机,IsolationForest; Mahalanobis; 单变量IQR+3σ; 残差,8053.417,312,Mahalanobis 距离=8053.4（阈值=10.8）。主要贡献特征：PC1 (100.0%)。
644,2024-04-19 01:17:00,2024-04-19 01:22:00,6.0,停机,IsolationForest; Mahalanobis; 单变量IQR+3σ; 残差,8047.701,156,Mahalanobis 距离=8047.7（阈值=10.8）。主要贡献特征：PC1 (100.0%)。
645,2024-04-19 01:24:00,2024-04-19 01:27:00,4.0,带载运行,IsolationForest; Mahalanobis; 单变量IQR+3σ; 残差,118.35,104,Mahalanobis 距离=118.3（阈值=10.8）。主要贡献特征：PC1 (100.0%)。
646,2024-04-19 01:31:00,2024-04-19 02:39:00,69.0,带载运行,IsolationForest; Mahalanobis; 单变量IQR+3σ; 残差,12.734,1794,Mahalanobis 距离=12.7（阈值=10.8）。主要贡献特征：PC1 (100.0%)。
647,2024-04-19 02:45:00,2024-04-19 02:45:00,1.0,带载运行,IsolationForest; Mahalanobis; 单变量IQR+3σ; 残差,6.219,26,正常
648,2024-04-19 02:55:00,2024-04-19 02:55:00,1.0,带载运行,IsolationForest; Mahalanobis; 单变量IQR+3σ; 残差,6.436,26,正常
649,2024-04-19 03:24:00,2024-04-19 03:43:00,20.0,带载运行,IsolationForest; Mahalanobis; 单变量IQR+3σ; 残差,12.96,520,Mahalanobis 距离=13.0（阈值=10.8）。主要贡献特征：PC1 (100.0%)。
650,2024-04-19 05:50:00,2024-04-19 05:53:00,4.0,停机,IsolationForest; Mahalanobis; 单变量IQR+3σ; 残差,8382.154,104,Mahalanobis 距离=8382.2（阈值=10.8）。主要贡献特征：PC1 (100.0%)。
651,2024-04-19 05:55:00,2024-04-19 06:00:00,6.0,带载运行,IsolationForest; Mahalanobis; 单变量IQR+3σ; 残差,137.257,156,Mahalanobis 距离=137.3（阈值=10.8）。主要贡献特征：PC1 (100.0%)。
652,2024-04-19 06:08:00,2024-04-19 06:08:00,1.0,带载运行,IsolationForest; Mahalanobis; 单变量IQR+3σ; 残差,5.969,26,正常
653,2024-04-19 07:45:00,2024-04-19 08:54:00,70.0,停机,IsolationForest; Mahalanobis; 单变量IQR+3σ; 残差,5928.18,1820,Mahalanobis 距离=5928.2（阈值=10.8）。主要贡献特征：PC1 (100.0%)。
654,2024-04-19 08:56:00,2024-04-19 09:13:00,18.0,停机,IsolationForest; Mahalanobis; 单变量IQR+3σ; 残差,5.542,468,残差异常：三机_转载机_减速器_冷却水_压力 偏高（残差 Z-score=5.5，实际=0.2 vs 预测=0.0）
655,2024-04-19 09:15:00,2024-04-19 09:35:00,21.0,空载运行,IsolationForest; Mahalanobis; 单变量IQR+3σ; 残差,656.326,546,Mahalanobis 距离=656.3（阈值=10.8）。主要贡献特征：PC1 (100.0%)。
656,2024-04-19 09:39:00,2024-04-19 09:43:00,5.0,停机,IsolationForest; Mahalanobis; 单变量IQR+3σ; 残差,237.624,130,Mahalanobis 距离=237.6（阈值=10.8）。主要贡献特征：PC1 (100.0%)。
657,2024-04-19 09:46:00,2024-04-19 09:50:00,5.0,停机,IsolationForest; Mahalanobis; 单变量IQR+3σ; 残差,379.743,130,Mahalanobis 距离=379.7（阈值=10.8）。主要贡献特征：PC1 (100.0%)。
658,2024-04-19 10:09:00,2024-04-19 10:18:00,10.0,停机,IsolationForest; Mahalanobis; 单变量IQR+3σ; 残差,956.403,260,Mahalanobis 距离=956.4（阈值=10.8）。主要贡献特征：PC1 (100.0%)。
659,2024-04-19 12:08:00,2024-04-19 12:10:00,3.0,停机,IsolationForest; Mahalanobis; 单变量IQR+3σ; 残差,7.085,78,残差异常：三机_转载机_减速器_冷却水_流量 偏高（残差 Z-score=7.1，实际=51.0 vs 预测=0.0）
660,2024-04-19 12:41:00,2024-04-19 12:43:00,3.0,停机,IsolationForest; Mahalanobis; 单变量IQR+3σ; 残差,0.467,78,正常
661,2024-04-19 14:49:00,2024-04-19 14:53:00,5.0,停机,IsolationForest; Mahalanobis; 单变量IQR+3σ; 残差,1150.962,130,Mahalanobis 距离=1151.0（阈值=10.8）。主要贡献特征：PC1 (100.0%)。
662,2024-04-19 16:10:00,2024-04-19 17:50:00,101.0,带载运行,IsolationForest; Mahalanobis; 单变量IQR+3σ; 残差,119.513,2626,Mahalanobis 距离=119.5（阈值=10.8）。主要贡献特征：PC1 (100.0%)。
663,2024-04-19 18:55:00,2024-04-19 18:59:00,5.0,停机,IsolationForest; Mahalanobis; 单变量IQR+3σ; 残差,8031.144,130,Mahalanobis 距离=8031.1（阈值=10.8）。主要贡献特征：PC1 (100.0%)。
664,2024-04-19 19:11:00,2024-04-19 19:20:00,10.0,停机,IsolationForest; Mahalanobis; 单变量IQR+3σ; 残差,5033.872,260,Mahalanobis 距离=5033.9（阈值=10.8）。主要贡献特征：PC1 (100.0%)。
665,2024-04-19 19:22:00,2024-04-19 19:23:00,2.0,停机,IsolationForest; Mahalanobis; 单变量IQR+3σ; 残差,1.296,52,正常
666,2024-04-19 19:27:00,2024-04-19 19:35:00,9.0,停机,IsolationForest; Mahalanobis; 单变量IQR+3σ; 残差,3427.61,234,Mahalanobis 距离=3427.6（阈值=10.8）。主要贡献特征：PC1 (100.0%)。
667,2024-04-19 19:38:00,2024-04-19 19:38:00,1.0,停机,IsolationForest; Mahalanobis; 单变量IQR+3σ; 残差,0.899,26,正常
668,2024-04-19 20:30:00,2024-04-19 21:04:00,35.0,带载运行,IsolationForest; Mahalanobis; 单变量IQR+3σ; 残差,147.188,910,Mahalanobis 距离=147.2（阈值=10.8）。主要贡献特征：PC1 (100.0%)。
669,2024-04-19 22:24:00,2024-04-20 00:09:00,106.0,带载运行,IsolationForest; Mahalanobis; 单变量IQR+3σ; 残差,24.291,2756,Mahalanobis 距离=24.3（阈值=10.8）。主要贡献特征：PC1 (100.0%)。
670,2024-04-20 01:08:00,2024-04-20 01:10:00,3.0,带载运行,IsolationForest; Mahalanobis; 单变量IQR+3σ; 残差,2.079,78,正常
671,2024-04-20 01:13:00,2024-04-20 01:14:00,2.0,带载运行,IsolationForest; Mahalanobis; 单变量IQR+3σ; 残差,3.262,52,残差异常：三机_转载机_电机_转矩 偏高（残差 Z-score=3.3，实际=40.0 vs 预测=17.2）
672,2024-04-20 01:26:00,2024-04-20 01:26:00,1.0,带载运行,IsolationForest; Mahalanobis; 单变量IQR+3σ; 残差,3.471,26,残差异常：三机_转载机_电机_电流 偏高（残差 Z-score=3.5，实际=126.0 vs 预测=84.6）
673,2024-04-20 05:09:00,2024-04-20 05:12:00,4.0,停机,IsolationForest; Mahalanobis; 单变量IQR+3σ; 残差,8388.101,104,Mahalanobis 距离=8388.1（阈值=10.8）。主要贡献特征：PC1 (100.0%)。
674,2024-04-20 05:14:00,2024-04-20 05:15:00,2.0,停机,IsolationForest; Mahalanobis; 单变量IQR+3σ; 残差,2.216,52,正常
675,2024-04-20 05:22:00,2024-04-20 05:25:00,4.0,带载运行,IsolationForest; Mahalanobis; 单变量IQR+3σ; 残差,123.973,104,Mahalanobis 距离=124.0（阈值=10.8）。主要贡献特征：PC1 (100.0%)。
676,2024-04-20 05:32:00,2024-04-20 05:32:00,1.0,带载运行,IsolationForest; Mahalanobis; 单变量IQR+3σ; 残差,6.369,26,正常
677,2024-04-20 06:47:00,2024-04-20 06:47:00,1.0,带载运行,IsolationForest; Mahalanobis; 单变量IQR+3σ; 残差,5.458,26,正常
678,2024-04-20 06:49:00,2024-04-20 06:52:00,4.0,带载运行,IsolationForest; Mahalanobis; 单变量IQR+3σ; 残差,20.072,104,Mahalanobis 距离=20.1（阈值=10.8）。主要贡献特征：PC1 (100.0%)。
679,2024-04-20 08:04:00,2024-04-20 08:06:00,3.0,带载运行,IsolationForest; Mahalanobis; 单变量IQR+3σ; 残差,13.726,78,Mahalanobis 距离=13.7（阈值=10.8）。主要贡献特征：PC1 (100.0%)。
680,2024-04-20 08:21:00,2024-04-20 08:25:00,5.0,带载运行,IsolationForest; Mahalanobis; 单变量IQR+3σ; 残差,23.95,130,Mahalanobis 距离=24.0（阈值=10.8）。主要贡献特征：PC1 (100.0%)。
681,2024-04-20 08:37:00,2024-04-20 08:40:00,4.0,停机,IsolationForest; Mahalanobis; 单变量IQR+3σ; 残差,8033.995,104,Mahalanobis 距离=8034.0（阈值=10.8）。主要贡献特征：PC1 (100.0%)。
682,2024-04-20 08:45:00,2024-04-20 08:47:00,3.0,停机,IsolationForest; Mahalanobis; 单变量IQR+3σ; 残差,2.011,78,正常
683,2024-04-20 08:50:00,2024-04-20 08:51:00,2.0,停机,IsolationForest; Mahalanobis; 单变量IQR+3σ; 残差,4.988,52,残差异常：三机_转载机_减速器_冷却水_压力 偏高（残差 Z-score=5.0，实际=0.2 vs 预测=0.0）
684,2024-04-20 08:57:00,2024-04-20 08:58:00,2.0,停机,IsolationForest; Mahalanobis; 单变量IQR+3σ; 残差,5.542,52,残差异常：三机_转载机_减速器_冷却水_压力 偏高（残差 Z-score=5.5，实际=0.2 vs 预测=0.0）
685,2024-04-20 09:16:00,2024-04-20 09:30:00,15.0,停机,IsolationForest; Mahalanobis; 单变量IQR+3σ; 残差,679.375,390,Mahalanobis 距离=679.4（阈值=10.8）。主要贡献特征：PC1 (100.0%)。
686,2024-04-20 09:59:00,2024-04-20 10:03:00,5.0,停机,IsolationForest; Mahalanobis; 单变量IQR+3σ; 残差,333.899,130,Mahalanobis 距离=333.9（阈值=10.8）。主要贡献特征：PC1 (100.0%)。
687,2024-04-20 10:07:00,2024-04-20 10:11:00,5.0,带载运行,IsolationForest; Mahalanobis; 单变量IQR+3σ; 残差,147.171,130,Mahalanobis 距离=147.2（阈值=10.8）。主要贡献特征：PC1 (100.0%)。
688,2024-04-20 10:26:00,2024-04-20 10:30:00,5.0,停机,IsolationForest; Mahalanobis; 单变量IQR+3σ; 残差,330.369,130,Mahalanobis 距离=330.4（阈值=10.8）。主要贡献特征：PC1 (100.0%)。
689,2024-04-20 11:39:00,2024-04-20 11:43:00,5.0,带载运行,IsolationForest; Mahalanobis; 单变量IQR+3σ; 残差,145.273,130,Mahalanobis 距离=145.3（阈值=10.8）。主要贡献特征：PC1 (100.0%)。
690,2024-04-20 11:47:00,2024-04-20 11:55:00,9.0,停机,IsolationForest; Mahalanobis; 单变量IQR+3σ; 残差,480.759,234,Mahalanobis 距离=480.8（阈值=10.8）。主要贡献特征：PC1 (100.0%)。
691,2024-04-20 12:46:00,2024-04-20 12:48:00,3.0,停机,IsolationForest; Mahalanobis; 单变量IQR+3σ; 残差,0.522,78,正常
692,2024-04-20 15:32:00,2024-04-20 15:46:00,15.0,停机,IsolationForest; Mahalanobis; 单变量IQR+3σ; 残差,1738.174,390,Mahalanobis 距离=1738.2（阈值=10.8）。主要贡献特征：PC1 (100.0%)。
693,2024-04-20 17:12:00,2024-04-20 17:15:00,4.0,停机,IsolationForest; Mahalanobis; 单变量IQR+3σ; 残差,7.362,104,残差异常：三机_转载机_减速器_冷却水_流量 偏高（残差 Z-score=7.4，实际=53.0 vs 预测=0.0）
694,2024-04-20 18:30:00,2024-04-20 19:13:00,44.0,停机,IsolationForest; Mahalanobis; 单变量IQR+3σ; 残差,8054.253,1144,Mahalanobis 距离=8054.3（阈值=10.8）。主要贡献特征：PC1 (100.0%)。
695,2024-04-20 19:17:00,2024-04-20 19:17:00,1.0,带载运行,IsolationForest; Mahalanobis; 单变量IQR+3σ; 残差,3.32,26,残差异常：三机_转载机_电机_转矩 偏高（残差 Z-score=3.3，实际=52.0 vs 预测=28.8）
696,2024-04-20 19:20:00,2024-04-20 19:46:00,27.0,停机,IsolationForest; Mahalanobis; 单变量IQR+3σ; 残差,8807.97,702,Mahalanobis 距离=8808.0（阈值=10.8）。主要贡献特征：PC1 (100.0%)。
697,2024-04-20 20:22:00,2024-04-20 20:25:00,4.0,停机,IsolationForest; Mahalanobis; 单变量IQR+3σ; 残差,8051.637,104,Mahalanobis 距离=8051.6（阈值=10.8）。主要贡献特征：PC1 (100.0%)。
698,2024-04-20 20:27:00,2024-04-20 20:27:00,1.0,停机,IsolationForest; Mahalanobis; 单变量IQR+3σ; 残差,2.083,26,正常
699,2024-04-20 20:30:00,2024-04-20 20:34:00,5.0,带载运行,IsolationForest; Mahalanobis; 单变量IQR+3σ; 残差,132.032,130,Mahalanobis 距离=132.0（阈值=10.8）。主要贡献特征：PC1 (100.0%)。
700,2024-04-20 20:55:00,2024-04-20 21:02:00,8.0,停机,IsolationForest; Mahalanobis; 单变量IQR+3σ; 残差,8042.222,208,Mahalanobis 距离=8042.2（阈值=10.8）。主要贡献特征：PC1 (100.0%)。
701,2024-04-20 23:27:00,2024-04-20 23:33:00,7.0,空载运行,IsolationForest; Mahalanobis; 单变量IQR+3σ; 残差,7840.462,182,Mahalanobis 距离=7840.5（阈值=10.8）。主要贡献特征：PC1 (100.0%)。
702,2024-04-20 23:39:00,2024-04-20 23:42:00,4.0,带载运行,IsolationForest; Mahalanobis; 单变量IQR+3σ; 残差,18.51,104,Mahalanobis 距离=18.5（阈值=10.8）。主要贡献特征：PC1 (100.0%)。
703,2024-04-21 00:01:00,2024-04-21 00:04:00,4.0,停机,IsolationForest; Mahalanobis; 单变量IQR+3σ; 残差,7419.372,104,Mahalanobis 距离=7419.4（阈值=10.8）。主要贡献特征：PC1 (100.0%)。
704,2024-04-21 00:10:00,2024-04-21 00:25:00,16.0,带载运行,IsolationForest; Mahalanobis; 单变量IQR+3σ; 残差,145.969,416,Mahalanobis 距离=146.0（阈值=10.8）。主要贡献特征：PC1 (100.0%)。
705,2024-04-21 00:28:00,2024-04-21 00:33:00,6.0,停机,IsolationForest; Mahalanobis; 单变量IQR+3σ; 残差,8025.502,156,Mahalanobis 距离=8025.5（阈值=10.8）。主要贡献特征：PC1 (100.0%)。
706,2024-04-21 00:40:00,2024-04-21 00:43:00,4.0,带载运行,IsolationForest; Mahalanobis; 单变量IQR+3σ; 残差,110.572,104,Mahalanobis 距离=110.6（阈值=10.8）。主要贡献特征：PC1 (100.0%)。
707,2024-04-21 00:45:00,2024-04-21 00:46:00,2.0,带载运行,IsolationForest; Mahalanobis; 单变量IQR+3σ; 残差,3.689,52,残差异常：三机_转载机_减速器_冷却水_温度 偏高（残差 Z-score=3.7，实际=44.8 vs 预测=38.0）
708,2024-04-21 02:12:00,2024-04-21 02:12:00,1.0,带载运行,IsolationForest; Mahalanobis; 单变量IQR+3σ; 残差,1.286,26,正常
709,2024-04-21 02:17:00,2024-04-21 02:17:00,1.0,带载运行,IsolationForest; Mahalanobis; 单变量IQR+3σ; 残差,3.176,26,残差异常：三机_转载机_电机_转矩 偏高（残差 Z-score=3.2，实际=54.0 vs 预测=31.8）
710,2024-04-21 02:21:00,2024-04-21 02:21:00,1.0,带载运行,IsolationForest; Mahalanobis; 单变量IQR+3σ; 残差,1.6,26,正常
711,2024-04-21 02:32:00,2024-04-21 02:36:00,5.0,停机,IsolationForest; Mahalanobis; 单变量IQR+3σ; 残差,8052.959,130,Mahalanobis 距离=8053.0（阈值=10.8）。主要贡献特征：PC1 (100.0%)。
712,2024-04-21 02:44:00,2024-04-21 02:48:00,5.0,带载运行,IsolationForest; Mahalanobis; 单变量IQR+3σ; 残差,110.231,130,Mahalanobis 距离=110.2（阈值=10.8）。主要贡献特征：PC1 (100.0%)。
713,2024-04-21 02:50:00,2024-04-21 02:50:00,1.0,带载运行,IsolationForest; Mahalanobis; 单变量IQR+3σ; 残差,10.124,26,正常
714,2024-04-21 02:58:00,2024-04-21 03:13:00,16.0,停机,IsolationForest; Mahalanobis; 单变量IQR+3σ; 残差,7930.422,416,Mahalanobis 距离=7930.4（阈值=10.8）。主要贡献特征：PC1 (100.0%)。
715,2024-04-21 03:15:00,2024-04-21 03:15:00,1.0,带载运行,IsolationForest; Mahalanobis; 单变量IQR+3σ; 残差,8.009,26,正常
716,2024-04-21 03:17:00,2024-04-21 03:20:00,4.0,停机,IsolationForest; Mahalanobis; 单变量IQR+3σ; 残差,8054.589,104,Mahalanobis 距离=8054.6（阈值=10.8）。主要贡献特征：PC1 (100.0%)。
717,2024-04-21 03:35:00,2024-04-21 06:35:00,181.0,停机,IsolationForest; Mahalanobis; 单变量IQR+3σ; 残差,6725.215,4706,Mahalanobis 距离=6725.2（阈值=10.8）。主要贡献特征：PC1 (100.0%)。
718,2024-04-21 06:47:00,2024-04-21 08:24:00,98.0,停机,IsolationForest; Mahalanobis; 单变量IQR+3σ; 残差,6912.163,2548,Mahalanobis 距离=6912.2（阈值=10.8）。主要贡献特征：PC1 (100.0%)。
719,2024-04-21 08:26:00,2024-04-21 08:46:00,21.0,停机,IsolationForest; Mahalanobis; 单变量IQR+3σ; 残差,7382.721,546,Mahalanobis 距离=7382.7（阈值=10.8）。主要贡献特征：PC1 (100.0%)。
720,2024-04-21 08:50:00,2024-04-21 08:53:00,4.0,带载运行,IsolationForest; Mahalanobis; 单变量IQR+3σ; 残差,111.82,104,Mahalanobis 距离=111.8（阈值=10.8）。主要贡献特征：PC1 (100.0%)。
721,2024-04-21 09:50:00,2024-04-21 10:10:00,21.0,带载运行,IsolationForest; Mahalanobis; 单变量IQR+3σ; 残差,23.947,546,Mahalanobis 距离=23.9（阈值=10.8）。主要贡献特征：PC1 (100.0%)。
722,2024-04-21 10:16:00,2024-04-21 10:19:00,4.0,停机,IsolationForest; Mahalanobis; 单变量IQR+3σ; 残差,8026.297,104,Mahalanobis 距离=8026.3（阈值=10.8）。主要贡献特征：PC1 (100.0%)。
723,2024-04-21 10:37:00,2024-04-21 10:37:00,1.0,停机,IsolationForest; Mahalanobis; 单变量IQR+3σ; 残差,1.145,26,正常
724,2024-04-21 10:41:00,2024-04-21 10:56:00,16.0,停机,IsolationForest; Mahalanobis; 单变量IQR+3σ; 残差,678.182,416,Mahalanobis 距离=678.2（阈值=10.8）。主要贡献特征：PC1 (100.0%)。
725,2024-04-21 11:00:00,2024-04-21 11:04:00,5.0,停机,IsolationForest; Mahalanobis; 单变量IQR+3σ; 残差,227.335,130,Mahalanobis 距离=227.3（阈值=10.8）。主要贡献特征：PC1 (100.0%)。
726,2024-04-21 11:12:00,2024-04-21 11:16:00,5.0,停机,IsolationForest; Mahalanobis; 单变量IQR+3σ; 残差,314.458,130,Mahalanobis 距离=314.5（阈值=10.8）。主要贡献特征：PC1 (100.0%)。
727,2024-04-21 11:23:00,2024-04-21 11:25:00,3.0,停机,IsolationForest; Mahalanobis; 单变量IQR+3σ; 残差,1.098,78,正常
728,2024-04-21 11:36:00,2024-04-21 11:40:00,5.0,停机,IsolationForest; Mahalanobis; 单变量IQR+3σ; 残差,323.799,130,Mahalanobis 距离=323.8（阈值=10.8）。主要贡献特征：PC1 (100.0%)。
729,2024-04-21 12:21:00,2024-04-21 12:25:00,5.0,停机,IsolationForest; Mahalanobis; 单变量IQR+3σ; 残差,213.484,130,Mahalanobis 距离=213.5（阈值=10.8）。主要贡献特征：PC1 (100.0%)。
730,2024-04-21 12:32:00,2024-04-21 12:36:00,5.0,带载运行,IsolationForest; Mahalanobis; 单变量IQR+3σ; 残差,147.189,130,Mahalanobis 距离=147.2（阈值=10.8）。主要贡献特征：PC1 (100.0%)。
731,2024-04-21 14:54:00,2024-04-21 14:59:00,6.0,停机,IsolationForest; Mahalanobis; 单变量IQR+3σ; 残差,1238.457,156,Mahalanobis 距离=1238.5（阈值=10.8）。主要贡献特征：PC1 (100.0%)。
732,2024-04-21 16:04:00,2024-04-21 16:07:00,4.0,停机,IsolationForest; Mahalanobis; 单变量IQR+3σ; 残差,7.501,104,残差异常：三机_转载机_减速器_冷却水_流量 偏高（残差 Z-score=7.5，实际=54.0 vs 预测=0.0）
733,2024-04-21 16:31:00,2024-04-21 17:09:00,39.0,停机,IsolationForest; Mahalanobis; 单变量IQR+3σ; 残差,8073.784,1014,Mahalanobis 距离=8073.8（阈值=10.8）。主要贡献特征：PC1 (100.0%)。
734,2024-04-21 17:12:00,2024-04-21 17:16:00,5.0,停机,IsolationForest; Mahalanobis; 单变量IQR+3σ; 残差,2152.948,130,Mahalanobis 距离=2152.9（阈值=10.8）。主要贡献特征：PC1 (100.0%)。
735,2024-04-21 17:27:00,2024-04-21 17:41:00,15.0,带载运行,IsolationForest; Mahalanobis; 单变量IQR+3σ; 残差,147.184,390,Mahalanobis 距离=147.2（阈值=10.8）。主要贡献特征：PC1 (100.0%)。
736,2024-04-21 18:12:00,2024-04-21 18:33:00,22.0,停机,IsolationForest; Mahalanobis; 单变量IQR+3σ; 残差,7426.282,572,Mahalanobis 距离=7426.3（阈值=10.8）。主要贡献特征：PC1 (100.0%)。
737,2024-04-21 18:35:00,2024-04-21 18:40:00,6.0,带载运行,IsolationForest; Mahalanobis; 单变量IQR+3σ; 残差,118.335,156,Mahalanobis 距离=118.3（阈值=10.8）。主要贡献特征：PC1 (100.0%)。
738,2024-04-21 18:46:00,2024-04-21 18:46:00,1.0,带载运行,IsolationForest; Mahalanobis; 单变量IQR+3σ; 残差,3.834,26,残差异常：三机_转载机_电机_转矩 偏高（残差 Z-score=3.8，实际=52.0 vs 预测=25.2）
739,2024-04-21 19:21:00,2024-04-21 19:21:00,1.0,带载运行,IsolationForest; Mahalanobis; 单变量IQR+3σ; 残差,1.531,26,正常
740,2024-04-21 19:37:00,2024-04-21 19:37:00,1.0,带载运行,IsolationForest; Mahalanobis; 单变量IQR+3σ; 残差,4.534,26,正常
741,2024-04-21 19:40:00,2024-04-21 19:43:00,4.0,停机,IsolationForest; Mahalanobis; 单变量IQR+3σ; 残差,8049.266,104,Mahalanobis 距离=8049.3（阈值=10.8）。主要贡献特征：PC1 (100.0%)。
742,2024-04-21 19:48:00,2024-04-21 19:54:00,7.0,带载运行,IsolationForest; Mahalanobis; 单变量IQR+3σ; 残差,137.507,182,Mahalanobis 距离=137.5（阈值=10.8）。主要贡献特征：PC1 (100.0%)。
743,2024-04-21 19:56:00,2024-04-21 19:56:00,1.0,带载运行,IsolationForest; Mahalanobis; 单变量IQR+3σ; 残差,3.126,26,残差异常：三机_转载机_减速器_冷却水_温度 偏高（残差 Z-score=3.1，实际=44.5 vs 预测=38.7）
744,2024-04-21 20:20:00,2024-04-21 20:22:00,3.0,带载运行,IsolationForest; Mahalanobis; 单变量IQR+3σ; 残差,3.167,78,单变量异常：三机_转载机_电机_电流（z-score=3.2，实际=133.0，均值=86.6±14.6）
745,2024-04-21 20:24:00,2024-04-21 20:24:00,1.0,带载运行,IsolationForest; Mahalanobis; 单变量IQR+3σ; 残差,2.344,26,正常
746,2024-04-21 20:35:00,2024-04-21 20:40:00,6.0,带载运行,IsolationForest; Mahalanobis; 单变量IQR+3σ; 残差,4.462,156,正常
747,2024-04-21 20:43:00,2024-04-21 21:03:00,21.0,带载运行,IsolationForest; Mahalanobis; 单变量IQR+3σ; 残差,24.039,546,Mahalanobis 距离=24.0（阈值=10.8）。主要贡献特征：PC1 (100.0%)。
748,2024-04-21 21:06:00,2024-04-21 21:21:00,16.0,停机,IsolationForest; Mahalanobis; 单变量IQR+3σ; 残差,7085.019,416,Mahalanobis 距离=7085.0（阈值=10.8）。主要贡献特征：PC1 (100.0%)。
749,2024-04-21 22:44:00,2024-04-21 22:47:00,4.0,带载运行,IsolationForest; Mahalanobis; 单变量IQR+3σ; 残差,15.905,104,Mahalanobis 距离=15.9（阈值=10.8）。主要贡献特征：PC1 (100.0%)。
750,2024-04-21 22:54:00,2024-04-21 23:16:00,23.0,停机,IsolationForest; Mahalanobis; 单变量IQR+3σ; 残差,6742.01,598,Mahalanobis 距离=6742.0（阈值=10.8）。主要贡献特征：PC1 (100.0%)。
751,2024-04-21 23:23:00,2024-04-21 23:35:00,13.0,停机,IsolationForest; Mahalanobis; 单变量IQR+3σ; 残差,6722.853,338,Mahalanobis 距离=6722.9（阈值=10.8）。主要贡献特征：PC1 (100.0%)。
752,2024-04-21 23:54:00,2024-04-22 00:16:00,23.0,停机,IsolationForest; Mahalanobis; 单变量IQR+3σ; 残差,2431.782,598,Mahalanobis 距离=2431.8（阈值=10.8）。主要贡献特征：PC1 (100.0%)。
753,2024-04-22 00:22:00,2024-04-22 00:23:00,2.0,带载运行,IsolationForest; Mahalanobis; 单变量IQR+3σ; 残差,4.277,52,残差异常：三机_转载机_电机_电流 偏高（残差 Z-score=4.3，实际=135.0 vs 预测=84.0）
754,2024-04-22 00:51:00,2024-04-22 00:55:00,5.0,停机,IsolationForest; Mahalanobis; 单变量IQR+3σ; 残差,8056.467,130,Mahalanobis 距离=8056.5（阈值=10.8）。主要贡献特征：PC1 (100.0%)。
755,2024-04-22 01:12:00,2024-04-22 01:23:00,12.0,带载运行,IsolationForest; Mahalanobis; 单变量IQR+3σ; 残差,132.117,312,Mahalanobis 距离=132.1（阈值=10.8）。主要贡献特征：PC1 (100.0%)。
756,2024-04-22 01:42:00,2024-04-22 01:46:00,5.0,停机,IsolationForest; Mahalanobis; 单变量IQR+3σ; 残差,8039.089,130,Mahalanobis 距离=8039.1（阈值=10.8）。主要贡献特征：PC1 (100.0%)。
757,2024-04-22 01:52:00,2024-04-22 01:56:00,5.0,带载运行,IsolationForest; Mahalanobis; 单变量IQR+3σ; 残差,120.567,130,Mahalanobis 距离=120.6（阈值=10.8）。主要贡献特征：PC1 (100.0%)。
758,2024-04-22 02:39:00,2024-04-22 02:58:00,20.0,停机,IsolationForest; Mahalanobis; 单变量IQR+3σ; 残差,6724.237,520,Mahalanobis 距离=6724.2（阈值=10.8）。主要贡献特征：PC1 (100.0%)。
759,2024-04-22 03:04:00,2024-04-22 03:14:00,11.0,带载运行,IsolationForest; Mahalanobis; 单变量IQR+3σ; 残差,145.771,286,Mahalanobis 距离=145.8（阈值=10.8）。主要贡献特征：PC1 (100.0%)。
760,2024-04-22 05:02:00,2024-04-22 05:05:00,4.0,停机,IsolationForest; Mahalanobis; 单变量IQR+3σ; 残差,8036.03,104,Mahalanobis 距离=8036.0（阈值=10.8）。主要贡献特征：PC1 (100.0%)。
761,2024-04-22 05:10:00,2024-04-22 05:15:00,6.0,带载运行,IsolationForest; Mahalanobis; 单变量IQR+3σ; 残差,136.261,156,Mahalanobis 距离=136.3（阈值=10.8）。主要贡献特征：PC1 (100.0%)。
762,2024-04-22 05:21:00,2024-04-22 05:21:00,1.0,带载运行,IsolationForest; Mahalanobis; 单变量IQR+3σ; 残差,3.137,26,残差异常：三机_转载机_减速器_冷却水_温度 偏高（残差 Z-score=3.1，实际=47.2 vs 预测=41.4）
763,2024-04-22 06:20:00,2024-04-22 06:21:00,2.0,带载运行,IsolationForest; Mahalanobis; 单变量IQR+3σ; 残差,10.998,52,Mahalanobis 距离=11.0（阈值=10.8）。主要贡献特征：PC1 (100.0%)。
764,2024-04-22 07:33:00,2024-04-22 08:33:00,61.0,停机,IsolationForest; Mahalanobis; 单变量IQR+3σ; 残差,6719.45,1586,Mahalanobis 距离=6719.4（阈值=10.8）。主要贡献特征：PC1 (100.0%)。
765,2024-04-22 08:49:00,2024-04-22 09:09:00,21.0,带载运行,IsolationForest; Mahalanobis; 单变量IQR+3σ; 残差,24.243,546,Mahalanobis 距离=24.2（阈值=10.8）。主要贡献特征：PC1 (100.0%)。
766,2024-04-22 09:36:00,2024-04-22 09:39:00,4.0,停机,IsolationForest; Mahalanobis; 单变量IQR+3σ; 残差,8053.538,104,Mahalanobis 距离=8053.5（阈值=10.8）。主要贡献特征：PC1 (100.0%)。
767,2024-04-22 09:43:00,2024-04-22 09:44:00,2.0,停机,IsolationForest; Mahalanobis; 单变量IQR+3σ; 残差,1.835,52,正常
768,2024-04-22 09:47:00,2024-04-22 09:51:00,5.0,带载运行,IsolationForest; Mahalanobis; 单变量IQR+3σ; 残差,119.311,130,Mahalanobis 距离=119.3（阈值=10.8）。主要贡献特征：PC1 (100.0%)。
769,2024-04-22 09:59:00,2024-04-22 10:07:00,9.0,停机,IsolationForest; Mahalanobis; 单变量IQR+3σ; 残差,8037.164,234,Mahalanobis 距离=8037.2（阈值=10.8）。主要贡献特征：PC1 (100.0%)。
770,2024-04-22 10:27:00,2024-04-22 10:34:00,8.0,停机,IsolationForest; Mahalanobis; 单变量IQR+3σ; 残差,3968.561,208,Mahalanobis 距离=3968.6（阈值=10.8）。主要贡献特征：PC1 (100.0%)。
771,2024-04-22 10:37:00,2024-04-22 10:37:00,1.0,停机,IsolationForest; Mahalanobis; 单变量IQR+3σ; 残差,1.835,26,正常
772,2024-04-22 10:39:00,2024-04-22 10:41:00,3.0,停机,IsolationForest; Mahalanobis; 单变量IQR+3σ; 残差,3.529,78,残差异常：三机_转载机_减速器_冷却水_流量 偏高（残差 Z-score=3.5，实际=50.0 vs 预测=24.6）
773,2024-04-22 10:45:00,2024-04-22 11:02:00,18.0,停机,IsolationForest; Mahalanobis; 单变量IQR+3σ; 残差,672.853,468,Mahalanobis 距离=672.9（阈值=10.8）。主要贡献特征：PC1 (100.0%)。
774,2024-04-22 11:05:00,2024-04-22 11:05:00,1.0,停机,IsolationForest; Mahalanobis; 单变量IQR+3σ; 残差,1.542,26,正常
775,2024-04-22 11:11:00,2024-04-22 11:11:00,1.0,停机,IsolationForest; Mahalanobis; 单变量IQR+3σ; 残差,1.401,26,正常
776,2024-04-22 11:14:00,2024-04-22 11:14:00,1.0,停机,IsolationForest; Mahalanobis; 单变量IQR+3σ; 残差,1.306,26,正常
777,2024-04-22 11:21:00,2024-04-22 11:21:00,1.0,停机,IsolationForest; Mahalanobis; 单变量IQR+3σ; 残差,1.209,26,正常
778,2024-04-22 11:29:00,2024-04-22 11:29:00,1.0,停机,IsolationForest; Mahalanobis; 单变量IQR+3σ; 残差,1.008,26,正常
779,2024-04-22 11:45:00,2024-04-22 11:45:00,1.0,带载运行,IsolationForest; Mahalanobis; 单变量IQR+3σ; 残差,147.263,26,Mahalanobis 距离=147.3（阈值=10.8）。主要贡献特征：PC1 (100.0%)。
780,2024-04-22 12:23:00,2024-04-22 12:23:00,1.0,停机,IsolationForest; Mahalanobis; 单变量IQR+3σ; 残差,1.124,26,正常
781,2024-04-22 13:54:00,2024-04-22 14:06:00,13.0,停机,IsolationForest; Mahalanobis; 单变量IQR+3σ; 残差,342.156,338,Mahalanobis 距离=342.2（阈值=10.8）。主要贡献特征：PC1 (100.0%)。
782,2024-04-22 14:50:00,2024-04-22 14:56:00,7.0,停机,IsolationForest; Mahalanobis; 单变量IQR+3σ; 残差,591.397,182,Mahalanobis 距离=591.4（阈值=10.8）。主要贡献特征：PC1 (100.0%)。
783,2024-04-22 15:29:00,2024-04-22 15:48:00,20.0,停机,IsolationForest; Mahalanobis; 单变量IQR+3σ; 残差,3419.305,520,Mahalanobis 距离=3419.3（阈值=10.8）。主要贡献特征：PC1 (100.0%)。
784,2024-04-22 16:04:00,2024-04-22 16:30:00,27.0,带载运行,IsolationForest; Mahalanobis; 单变量IQR+3σ; 残差,143.321,702,Mahalanobis 距离=143.3（阈值=10.8）。主要贡献特征：PC1 (100.0%)。
785,2024-04-22 16:35:00,2024-04-22 16:53:00,19.0,停机,IsolationForest; Mahalanobis; 单变量IQR+3σ; 残差,8052.752,494,Mahalanobis 距离=8052.8（阈值=10.8）。主要贡献特征：PC1 (100.0%)。
786,2024-04-22 17:18:00,2024-04-22 17:27:00,10.0,停机,IsolationForest; Mahalanobis; 单变量IQR+3σ; 残差,8066.188,260,Mahalanobis 距离=8066.2（阈值=10.8）。主要贡献特征：PC1 (100.0%)。
787,2024-04-22 17:32:00,2024-04-22 17:36:00,5.0,带载运行,IsolationForest; Mahalanobis; 单变量IQR+3σ; 残差,126.626,130,Mahalanobis 距离=126.6（阈值=10.8）。主要贡献特征：PC1 (100.0%)。
788,2024-04-22 17:41:00,2024-04-22 17:44:00,4.0,停机,IsolationForest; Mahalanobis; 单变量IQR+3σ; 残差,8042.945,104,Mahalanobis 距离=8042.9（阈值=10.8）。主要贡献特征：PC1 (100.0%)。
789,2024-04-22 17:46:00,2024-04-22 17:50:00,5.0,带载运行,IsolationForest; Mahalanobis; 单变量IQR+3σ; 残差,131.599,130,Mahalanobis 距离=131.6（阈值=10.8）。主要贡献特征：PC1 (100.0%)。
790,2024-04-22 17:55:00,2024-04-22 17:58:00,4.0,停机,IsolationForest; Mahalanobis; 单变量IQR+3σ; 残差,8037.222,104,Mahalanobis 距离=8037.2（阈值=10.8）。主要贡献特征：PC1 (100.0%)。
791,2024-04-22 18:33:00,2024-04-22 18:44:00,12.0,停机,IsolationForest; Mahalanobis; 单变量IQR+3σ; 残差,6219.085,312,Mahalanobis 距离=6219.1（阈值=10.8）。主要贡献特征：PC1 (100.0%)。
792,2024-04-22 19:53:00,2024-04-22 20:02:00,10.0,停机,IsolationForest; Mahalanobis; 单变量IQR+3σ; 残差,8559.203,260,Mahalanobis 距离=8559.2（阈值=10.8）。主要贡献特征：PC1 (100.0%)。
793,2024-04-22 20:04:00,2024-04-22 20:07:00,4.0,带载运行,IsolationForest; Mahalanobis; 单变量IQR+3σ; 残差,118.017,104,Mahalanobis 距离=118.0（阈值=10.8）。主要贡献特征：PC1 (100.0%)。
794,2024-04-22 20:09:00,2024-04-22 20:09:00,1.0,带载运行,IsolationForest; Mahalanobis; 单变量IQR+3σ; 残差,11.41,26,Mahalanobis 距离=11.4（阈值=10.8）。主要贡献特征：PC1 (100.0%)。
795,2024-04-22 21:48:00,2024-04-22 21:48:00,1.0,带载运行,IsolationForest; Mahalanobis; 单变量IQR+3σ; 残差,0.917,26,正常
796,2024-04-22 22:23:00,2024-04-22 22:26:00,4.0,空载运行,IsolationForest; Mahalanobis; 单变量IQR+3σ; 残差,7816.785,104,Mahalanobis 距离=7816.8（阈值=10.8）。主要贡献特征：PC1 (100.0%)。
797,2024-04-22 22:49:00,2024-04-22 22:54:00,6.0,带载运行,IsolationForest; Mahalanobis; 单变量IQR+3σ; 残差,133.039,156,Mahalanobis 距离=133.0（阈值=10.8）。主要贡献特征：PC1 (100.0%)。
798,2024-04-22 22:59:00,2024-04-22 23:02:00,4.0,停机,IsolationForest; Mahalanobis; 单变量IQR+3σ; 残差,8056.608,104,Mahalanobis 距离=8056.6（阈值=10.8）。主要贡献特征：PC1 (100.0%)。
799,2024-04-22 23:09:00,2024-04-22 23:13:00,5.0,带载运行,IsolationForest; Mahalanobis; 单变量IQR+3σ; 残差,113.781,130,Mahalanobis 距离=113.8（阈值=10.8）。主要贡献特征：PC1 (100.0%)。
800,2024-04-22 23:22:00,2024-04-22 23:54:00,33.0,停机,IsolationForest; Mahalanobis; 单变量IQR+3σ; 残差,6734.454,858,Mahalanobis 距离=6734.5（阈值=10.8）。主要贡献特征：PC1 (100.0%)。
801,2024-04-22 23:57:00,2024-04-23 00:10:00,14.0,带载运行,IsolationForest; Mahalanobis; 单变量IQR+3σ; 残差,127.484,364,Mahalanobis 距离=127.5（阈值=10.8）。主要贡献特征：PC1 (100.0%)。
802,2024-04-23 00:36:00,2024-04-23 00:44:00,9.0,空载运行,IsolationForest; Mahalanobis; 单变量IQR+3σ; 残差,7802.455,234,Mahalanobis 距离=7802.5（阈值=10.8）。主要贡献特征：PC1 (100.0%)。
803,2024-04-23 01:44:00,2024-04-23 01:47:00,4.0,停机,IsolationForest; Mahalanobis; 单变量IQR+3σ; 残差,8044.054,104,Mahalanobis 距离=8044.1（阈值=10.8）。主要贡献特征：PC1 (100.0%)。
804,2024-04-23 01:52:00,2024-04-23 01:59:00,8.0,停机,IsolationForest; Mahalanobis; 单变量IQR+3σ; 残差,6364.179,208,Mahalanobis 距离=6364.2（阈值=10.8）。主要贡献特征：PC1 (100.0%)。
805,2024-04-23 02:01:00,2024-04-23 02:02:00,2.0,停机,IsolationForest; Mahalanobis; 单变量IQR+3σ; 残差,3.325,52,残差异常：三机_转载机_减速器_冷却水_压力 偏高（残差 Z-score=3.3，实际=0.2 vs 预测=0.1）
806,2024-04-23 02:04:00,2024-04-23 02:11:00,8.0,带载运行,IsolationForest; Mahalanobis; 单变量IQR+3σ; 残差,127.429,208,Mahalanobis 距离=127.4（阈值=10.8）。主要贡献特征：PC1 (100.0%)。
807,2024-04-23 02:46:00,2024-04-23 02:46:00,1.0,带载运行,IsolationForest; Mahalanobis; 单变量IQR+3σ; 残差,4.67,26,正常
808,2024-04-23 03:56:00,2024-04-23 04:07:00,12.0,停机,IsolationForest; Mahalanobis; 单变量IQR+3σ; 残差,8048.342,312,Mahalanobis 距离=8048.3（阈值=10.8）。主要贡献特征：PC1 (100.0%)。
809,2024-04-23 04:15:00,2024-04-23 04:15:00,1.0,带载运行,IsolationForest; Mahalanobis; 单变量IQR+3σ; 残差,6.278,26,正常
810,2024-04-23 04:24:00,2024-04-23 05:46:00,83.0,带载运行,IsolationForest; Mahalanobis; 单变量IQR+3σ; 残差,24.165,2158,Mahalanobis 距离=24.2（阈值=10.8）。主要贡献特征：PC1 (100.0%)。
811,2024-04-23 06:38:00,2024-04-23 06:49:00,12.0,带载运行,IsolationForest; Mahalanobis; 单变量IQR+3σ; 残差,23.502,312,Mahalanobis 距离=23.5（阈值=10.8）。主要贡献特征：PC1 (100.0%)。
812,2024-04-23 06:57:00,2024-04-23 07:11:00,15.0,带载运行,IsolationForest; Mahalanobis; 单变量IQR+3σ; 残差,24.085,390,Mahalanobis 距离=24.1（阈值=10.8）。主要贡献特征：PC1 (100.0%)。
813,2024-04-23 07:19:00,2024-04-23 08:38:00,80.0,停机,IsolationForest; Mahalanobis; 单变量IQR+3σ; 残差,6712.062,2080,Mahalanobis 距离=6712.1（阈值=10.8）。主要贡献特征：PC1 (100.0%)。
814,2024-04-23 08:40:00,2024-04-23 08:52:00,13.0,停机,IsolationForest; Mahalanobis; 单变量IQR+3σ; 残差,8064.549,338,Mahalanobis 距离=8064.5（阈值=10.8）。主要贡献特征：PC1 (100.0%)。
815,2024-04-23 08:54:00,2024-04-23 08:58:00,5.0,带载运行,IsolationForest; Mahalanobis; 单变量IQR+3σ; 残差,119.993,130,Mahalanobis 距离=120.0（阈值=10.8）。主要贡献特征：PC1 (100.0%)。
816,2024-04-23 09:12:00,2024-04-23 09:17:00,6.0,停机,IsolationForest; Mahalanobis; 单变量IQR+3σ; 残差,8045.719,156,Mahalanobis 距离=8045.7（阈值=10.8）。主要贡献特征：PC1 (100.0%)。
817,2024-04-23 09:19:00,2024-04-23 09:19:00,1.0,停机,IsolationForest; Mahalanobis; 单变量IQR+3σ; 残差,1.824,26,正常
818,2024-04-23 09:24:00,2024-04-23 09:24:00,1.0,停机,IsolationForest; Mahalanobis; 单变量IQR+3σ; 残差,4.988,26,残差异常：三机_转载机_减速器_冷却水_压力 偏高（残差 Z-score=5.0，实际=0.2 vs 预测=0.0）
819,2024-04-23 09:36:00,2024-04-23 09:36:00,1.0,停机,IsolationForest; Mahalanobis; 单变量IQR+3σ; 残差,4.434,26,残差异常：三机_转载机_减速器_冷却水_压力 偏高（残差 Z-score=4.4，实际=0.2 vs 预测=0.0）
820,2024-04-23 09:38:00,2024-04-23 09:59:00,22.0,停机,IsolationForest; Mahalanobis; 单变量IQR+3σ; 残差,676.703,572,Mahalanobis 距离=676.7（阈值=10.8）。主要贡献特征：PC1 (100.0%)。
821,2024-04-23 10:06:00,2024-04-23 10:12:00,7.0,停机,IsolationForest; Mahalanobis; 单变量IQR+3σ; 残差,428.921,182,Mahalanobis 距离=428.9（阈值=10.8）。主要贡献特征：PC1 (100.0%)。
822,2024-04-23 10:22:00,2024-04-23 10:24:00,3.0,停机,IsolationForest; Mahalanobis; 单变量IQR+3σ; 残差,0.946,78,正常
823,2024-04-23 13:10:00,2024-04-23 13:13:00,4.0,停机,IsolationForest; Mahalanobis; 单变量IQR+3σ; 残差,4.083,104,残差异常：三机_转载机_减速器_冷却水_温度 偏高（残差 Z-score=4.1，实际=37.2 vs 预测=31.9）
824,2024-04-23 13:36:00,2024-04-23 13:42:00,7.0,停机,IsolationForest; Mahalanobis; 单变量IQR+3σ; 残差,341.061,182,Mahalanobis 距离=341.1（阈值=10.8）。主要贡献特征：PC1 (100.0%)。
825,2024-04-23 13:44:00,2024-04-23 13:48:00,5.0,停机,IsolationForest; Mahalanobis; 单变量IQR+3σ; 残差,1.777,130,单变量异常：三机_转载机_变频器_IGBT1温度（z-score=1.8，实际=44.0，均值=33.9±5.7）
826,2024-04-23 14:54:00,2024-04-23 14:54:00,1.0,停机,IsolationForest; Mahalanobis; 单变量IQR+3σ; 残差,0.887,26,正常
827,2024-04-23 15:28:00,2024-04-23 15:31:00,4.0,停机,IsolationForest; Mahalanobis; 单变量IQR+3σ; 残差,6.668,104,残差异常：三机_转载机_减速器_冷却水_流量 偏高（残差 Z-score=6.7，实际=48.0 vs 预测=0.0）
828,2024-04-23 15:33:00,2024-04-23 15:38:00,6.0,停机,IsolationForest; Mahalanobis; 单变量IQR+3σ; 残差,1796.306,156,Mahalanobis 距离=1796.3（阈值=10.8）。主要贡献特征：PC1 (100.0%)。
829,2024-04-23 15:46:00,2024-04-23 17:02:00,77.0,停机,IsolationForest; Mahalanobis; 单变量IQR+3σ; 残差,6731.465,2002,Mahalanobis 距离=6731.5（阈值=10.8）。主要贡献特征：PC1 (100.0%)。
830,2024-04-23 17:04:00,2024-04-23 17:56:00,53.0,停机,IsolationForest; Mahalanobis; 单变量IQR+3σ; 残差,8058.3,1378,Mahalanobis 距离=8058.3（阈值=10.8）。主要贡献特征：PC1 (100.0%)。
831,2024-04-23 19:42:00,2024-04-23 19:51:00,10.0,停机,IsolationForest; Mahalanobis; 单变量IQR+3σ; 残差,8090.766,260,Mahalanobis 距离=8090.8（阈值=10.8）。主要贡献特征：PC1 (100.0%)。
832,2024-04-23 19:54:00,2024-04-23 20:12:00,19.0,停机,IsolationForest; Mahalanobis; 单变量IQR+3σ; 残差,7760.524,494,Mahalanobis 距离=7760.5（阈值=10.8）。主要贡献特征：PC1 (100.0%)。
833,2024-04-23 20:14:00,2024-04-23 20:18:00,5.0,带载运行,IsolationForest; Mahalanobis; 单变量IQR+3σ; 残差,143.915,130,Mahalanobis 距离=143.9（阈值=10.8）。主要贡献特征：PC1 (100.0%)。
834,2024-04-23 20:53:00,2024-04-23 20:59:00,7.0,停机,IsolationForest; Mahalanobis; 单变量IQR+3σ; 残差,8060.066,182,Mahalanobis 距离=8060.1（阈值=10.8）。主要贡献特征：PC1 (100.0%)。
835,2024-04-23 22:33:00,2024-04-24 00:07:00,95.0,带载运行,IsolationForest; Mahalanobis; 单变量IQR+3σ; 残差,33.339,2470,Mahalanobis 距离=33.3（阈值=10.8）。主要贡献特征：PC1 (100.0%)。
836,2024-04-24 00:29:00,2024-04-24 00:29:00,1.0,带载运行,IsolationForest; Mahalanobis; 单变量IQR+3σ; 残差,0.568,26,正常
837,2024-04-24 02:10:00,2024-04-24 02:15:00,6.0,带载运行,IsolationForest; Mahalanobis; 单变量IQR+3σ; 残差,29.762,156,Mahalanobis 距离=29.8（阈值=10.8）。主要贡献特征：PC1 (100.0%)。
838,2024-04-24 02:25:00,2024-04-24 02:31:00,7.0,带载运行,IsolationForest; Mahalanobis; 单变量IQR+3σ; 残差,56.16,182,Mahalanobis 距离=56.2（阈值=10.8）。主要贡献特征：PC1 (100.0%)。
839,2024-04-24 02:44:00,2024-04-24 02:49:00,6.0,带载运行,IsolationForest; Mahalanobis; 单变量IQR+3σ; 残差,24.059,156,Mahalanobis 距离=24.1（阈值=10.8）。主要贡献特征：PC1 (100.0%)。
840,2024-04-24 02:58:00,2024-04-24 03:01:00,4.0,停机,IsolationForest; Mahalanobis; 单变量IQR+3σ; 残差,8054.03,104,Mahalanobis 距离=8054.0（阈值=10.8）。主要贡献特征：PC1 (100.0%)。
841,2024-04-24 03:27:00,2024-04-24 03:27:00,1.0,停机,IsolationForest; Mahalanobis; 单变量IQR+3σ; 残差,1.133,26,正常
842,2024-04-24 03:29:00,2024-04-24 03:29:00,1.0,停机,IsolationForest; Mahalanobis; 单变量IQR+3σ; 残差,3.325,26,残差异常：三机_转载机_减速器_冷却水_压力 偏高（残差 Z-score=3.3，实际=0.2 vs 预测=0.1）
843,2024-04-24 03:32:00,2024-04-24 03:32:00,1.0,停机,IsolationForest; Mahalanobis; 单变量IQR+3σ; 残差,1.016,26,正常
844,2024-04-24 03:37:00,2024-04-24 03:37:00,1.0,停机,IsolationForest; Mahalanobis; 单变量IQR+3σ; 残差,0.841,26,正常
845,2024-04-24 03:46:00,2024-04-24 03:48:00,3.0,停机,IsolationForest; Mahalanobis; 单变量IQR+3σ; 残差,0.665,78,正常
846,2024-04-24 03:50:00,2024-04-24 03:52:00,3.0,停机,IsolationForest; Mahalanobis; 单变量IQR+3σ; 残差,4.988,78,残差异常：三机_转载机_减速器_冷却水_压力 偏高（残差 Z-score=5.0，实际=0.2 vs 预测=0.0）
847,2024-04-24 03:54:00,2024-04-24 03:54:00,1.0,停机,IsolationForest; Mahalanobis; 单变量IQR+3σ; 残差,0.49,26,正常
848,2024-04-24 03:59:00,2024-04-24 04:03:00,5.0,带载运行,IsolationForest; Mahalanobis; 单变量IQR+3σ; 残差,134.517,130,Mahalanobis 距离=134.5（阈值=10.8）。主要贡献特征：PC1 (100.0%)。
849,2024-04-24 04:05:00,2024-04-24 04:06:00,2.0,带载运行,IsolationForest; Mahalanobis; 单变量IQR+3σ; 残差,3.494,52,残差异常：三机_转载机_减速器_冷却水_温度 偏高（残差 Z-score=3.5，实际=41.7 vs 预测=35.2）
850,2024-04-24 04:51:00,2024-04-24 04:53:00,3.0,带载运行,IsolationForest; Mahalanobis; 单变量IQR+3σ; 残差,2.608,78,单变量异常：三机_转载机_变频器_IGBT1温度（z-score=2.6，实际=57.0，均值=47.1±3.8）
851,2024-04-24 06:10:00,2024-04-24 06:17:00,8.0,停机,IsolationForest; Mahalanobis; 单变量IQR+3σ; 残差,3554.333,208,Mahalanobis 距离=3554.3（阈值=10.8）。主要贡献特征：PC1 (100.0%)。
852,2024-04-24 06:27:00,2024-04-24 06:27:00,1.0,停机,IsolationForest; Mahalanobis; 单变量IQR+3σ; 残差,1.753,26,正常
853,2024-04-24 06:44:00,2024-04-24 06:44:00,1.0,停机,IsolationForest; Mahalanobis; 单变量IQR+3σ; 残差,0.993,26,正常
854,2024-04-24 06:53:00,2024-04-24 06:53:00,1.0,停机,IsolationForest; Mahalanobis; 单变量IQR+3σ; 残差,0.759,26,正常
855,2024-04-24 07:06:00,2024-04-24 07:06:00,1.0,停机,IsolationForest; Mahalanobis; 单变量IQR+3σ; 残差,0.467,26,正常
856,2024-04-24 07:08:00,2024-04-24 07:08:00,1.0,停机,IsolationForest; Mahalanobis; 单变量IQR+3σ; 残差,3.325,26,残差异常：三机_转载机_减速器_冷却水_压力 偏高（残差 Z-score=3.3，实际=0.2 vs 预测=0.1）
857,2024-04-24 07:21:00,2024-04-24 07:26:00,6.0,停机,IsolationForest; Mahalanobis; 单变量IQR+3σ; 残差,2051.601,156,Mahalanobis 距离=2051.6（阈值=10.8）。主要贡献特征：PC1 (100.0%)。
858,2024-04-24 08:16:00,2024-04-24 08:18:00,3.0,停机,IsolationForest; Mahalanobis; 单变量IQR+3σ; 残差,0.993,78,正常
859,2024-04-24 10:19:00,2024-04-24 10:22:00,4.0,停机,IsolationForest; Mahalanobis; 单变量IQR+3σ; 残差,6.807,104,残差异常：三机_转载机_减速器_冷却水_流量 偏高（残差 Z-score=6.8，实际=49.0 vs 预测=0.0）
860,2024-04-24 10:25:00,2024-04-24 10:38:00,14.0,空载运行,IsolationForest; Mahalanobis; 单变量IQR+3σ; 残差,653.135,364,Mahalanobis 距离=653.1（阈值=10.8）。主要贡献特征：PC1 (100.0%)。
861,2024-04-24 10:52:00,2024-04-24 10:56:00,5.0,停机,IsolationForest; Mahalanobis; 单变量IQR+3σ; 残差,335.265,130,Mahalanobis 距离=335.3（阈值=10.8）。主要贡献特征：PC1 (100.0%)。
862,2024-04-24 11:01:00,2024-04-24 11:08:00,8.0,停机,IsolationForest; Mahalanobis; 单变量IQR+3σ; 残差,315.608,208,Mahalanobis 距离=315.6（阈值=10.8）。主要贡献特征：PC1 (100.0%)。
863,2024-04-24 12:14:00,2024-04-24 12:18:00,5.0,停机,IsolationForest; Mahalanobis; 单变量IQR+3σ; 残差,151.143,130,Mahalanobis 距离=151.1（阈值=10.8）。主要贡献特征：PC1 (100.0%)。
864,2024-04-24 15:00:00,2024-04-24 15:04:00,5.0,停机,IsolationForest; Mahalanobis; 单变量IQR+3σ; 残差,335.977,130,Mahalanobis 距离=336.0（阈值=10.8）。主要贡献特征：PC1 (100.0%)。
865,2024-04-24 15:07:00,2024-04-24 15:15:00,9.0,停机,IsolationForest; Mahalanobis; 单变量IQR+3σ; 残差,481.546,234,Mahalanobis 距离=481.5（阈值=10.8）。主要贡献特征：PC1 (100.0%)。
866,2024-04-24 15:18:00,2024-04-24 15:22:00,5.0,带载运行,IsolationForest; Mahalanobis; 单变量IQR+3σ; 残差,145.517,130,Mahalanobis 距离=145.5（阈值=10.8）。主要贡献特征：PC1 (100.0%)。
867,2024-04-24 15:27:00,2024-04-24 15:28:00,2.0,停机,IsolationForest; Mahalanobis; 单变量IQR+3σ; 残差,0.468,52,正常
868,2024-04-24 15:32:00,2024-04-24 15:32:00,1.0,停机,IsolationForest; Mahalanobis; 单变量IQR+3σ; 残差,0.464,26,正常
869,2024-04-24 15:37:00,2024-04-24 15:54:00,18.0,空载运行,IsolationForest; Mahalanobis; 单变量IQR+3σ; 残差,3392.73,468,Mahalanobis 距离=3392.7（阈值=10.8）。主要贡献特征：PC1 (100.0%)。
870,2024-04-24 15:56:00,2024-04-24 17:19:00,84.0,停机,IsolationForest; Mahalanobis; 单变量IQR+3σ; 残差,8086.489,2184,Mahalanobis 距离=8086.5（阈值=10.8）。主要贡献特征：PC1 (100.0%)。
871,2024-04-24 17:51:00,2024-04-24 17:55:00,5.0,带载运行,IsolationForest; Mahalanobis; 单变量IQR+3σ; 残差,143.722,130,Mahalanobis 距离=143.7（阈值=10.8）。主要贡献特征：PC1 (100.0%)。
872,2024-04-24 18:45:00,2024-04-24 18:53:00,9.0,停机,IsolationForest; Mahalanobis; 单变量IQR+3σ; 残差,8050.981,234,Mahalanobis 距离=8051.0（阈值=10.8）。主要贡献特征：PC1 (100.0%)。
873,2024-04-24 19:05:00,2024-04-24 19:10:00,6.0,带载运行,IsolationForest; Mahalanobis; 单变量IQR+3σ; 残差,139.854,156,Mahalanobis 距离=139.9（阈值=10.8）。主要贡献特征：PC1 (100.0%)。
874,2024-04-24 19:18:00,2024-04-24 19:21:00,4.0,停机,IsolationForest; Mahalanobis; 单变量IQR+3σ; 残差,8041.679,104,Mahalanobis 距离=8041.7（阈值=10.8）。主要贡献特征：PC1 (100.0%)。
875,2024-04-24 19:36:00,2024-04-24 19:40:00,5.0,带载运行,IsolationForest; Mahalanobis; 单变量IQR+3σ; 残差,112.296,130,Mahalanobis 距离=112.3（阈值=10.8）。主要贡献特征：PC1 (100.0%)。
876,2024-04-24 20:19:00,2024-04-24 20:19:00,1.0,带载运行,IsolationForest; Mahalanobis; 单变量IQR+3σ; 残差,12.833,26,Mahalanobis 距离=12.8（阈值=10.8）。主要贡献特征：PC1 (100.0%)。
877,2024-04-24 20:57:00,2024-04-24 21:00:00,4.0,空载运行,IsolationForest; Mahalanobis; 单变量IQR+3σ; 残差,7807.504,104,Mahalanobis 距离=7807.5（阈值=10.8）。主要贡献特征：PC1 (100.0%)。
878,2024-04-24 21:02:00,2024-04-24 21:06:00,5.0,带载运行,IsolationForest; Mahalanobis; 单变量IQR+3σ; 残差,120.141,130,Mahalanobis 距离=120.1（阈值=10.8）。主要贡献特征：PC1 (100.0%)。
879,2024-04-24 21:15:00,2024-04-24 21:18:00,4.0,停机,IsolationForest; Mahalanobis; 单变量IQR+3σ; 残差,8032.74,104,Mahalanobis 距离=8032.7（阈值=10.8）。主要贡献特征：PC1 (100.0%)。
880,2024-04-24 21:21:00,2024-04-24 21:25:00,5.0,带载运行,IsolationForest; Mahalanobis; 单变量IQR+3σ; 残差,146.034,130,Mahalanobis 距离=146.0（阈值=10.8）。主要贡献特征：PC1 (100.0%)。
881,2024-04-24 21:44:00,2024-04-24 21:47:00,4.0,带载运行,IsolationForest; Mahalanobis; 单变量IQR+3σ; 残差,18.807,104,Mahalanobis 距离=18.8（阈值=10.8）。主要贡献特征：PC1 (100.0%)。
882,2024-04-24 23:50:00,2024-04-24 23:53:00,4.0,停机,IsolationForest; Mahalanobis; 单变量IQR+3σ; 残差,8044.928,104,Mahalanobis 距离=8044.9（阈值=10.8）。主要贡献特征：PC1 (100.0%)。
883,2024-04-25 00:04:00,2024-04-25 00:09:00,6.0,带载运行,IsolationForest; Mahalanobis; 单变量IQR+3σ; 残差,138.533,156,Mahalanobis 距离=138.5（阈值=10.8）。主要贡献特征：PC1 (100.0%)。
884,2024-04-25 01:28:00,2024-04-25 01:30:00,3.0,带载运行,IsolationForest; Mahalanobis; 单变量IQR+3σ; 残差,13.971,78,Mahalanobis 距离=14.0（阈值=10.8）。主要贡献特征：PC1 (100.0%)。
885,2024-04-25 01:34:00,2024-04-25 02:04:00,31.0,带载运行,IsolationForest; Mahalanobis; 单变量IQR+3σ; 残差,24.073,806,Mahalanobis 距离=24.1（阈值=10.8）。主要贡献特征：PC1 (100.0%)。
886,2024-04-25 02:30:00,2024-04-25 02:35:00,6.0,空载运行,IsolationForest; Mahalanobis; 单变量IQR+3σ; 残差,7810.121,156,Mahalanobis 距离=7810.1（阈值=10.8）。主要贡献特征：PC1 (100.0%)。
887,2024-04-25 03:20:00,2024-04-25 03:23:00,4.0,停机,IsolationForest; Mahalanobis; 单变量IQR+3σ; 残差,8050.136,104,Mahalanobis 距离=8050.1（阈值=10.8）。主要贡献特征：PC1 (100.0%)。
888,2024-04-25 03:34:00,2024-04-25 03:38:00,5.0,带载运行,IsolationForest; Mahalanobis; 单变量IQR+3σ; 残差,138.389,130,Mahalanobis 距离=138.4（阈值=10.8）。主要贡献特征：PC1 (100.0%)。
889,2024-04-25 04:00:00,2024-04-25 04:27:00,28.0,带载运行,IsolationForest; Mahalanobis; 单变量IQR+3σ; 残差,31.409,728,Mahalanobis 距离=31.4（阈值=10.8）。主要贡献特征：PC1 (100.0%)。
890,2024-04-25 04:34:00,2024-04-25 05:39:00,66.0,停机,IsolationForest; Mahalanobis; 单变量IQR+3σ; 残差,6572.978,1716,Mahalanobis 距离=6573.0（阈值=10.8）。主要贡献特征：PC1 (100.0%)。
891,2024-04-25 06:12:00,2024-04-25 08:13:00,122.0,停机,IsolationForest; Mahalanobis; 单变量IQR+3σ; 残差,6730.219,3172,Mahalanobis 距离=6730.2（阈值=10.8）。主要贡献特征：PC1 (100.0%)。
892,2024-04-25 08:15:00,2024-04-25 08:31:00,17.0,带载运行,IsolationForest; Mahalanobis; 单变量IQR+3σ; 残差,146.368,442,Mahalanobis 距离=146.4（阈值=10.8）。主要贡献特征：PC1 (100.0%)。
893,2024-04-25 08:33:00,2024-04-25 08:36:00,4.0,停机,IsolationForest; Mahalanobis; 单变量IQR+3σ; 残差,7745.886,104,Mahalanobis 距离=7745.9（阈值=10.8）。主要贡献特征：PC1 (100.0%)。
894,2024-04-25 08:43:00,2024-04-25 08:50:00,8.0,带载运行,IsolationForest; Mahalanobis; 单变量IQR+3σ; 残差,124.61,208,Mahalanobis 距离=124.6（阈值=10.8）。主要贡献特征：PC1 (100.0%)。
895,2024-04-25 09:13:00,2024-04-25 09:45:00,33.0,停机,IsolationForest; Mahalanobis; 单变量IQR+3σ; 残差,8034.283,858,Mahalanobis 距离=8034.3（阈值=10.8）。主要贡献特征：PC1 (100.0%)。
896,2024-04-25 09:48:00,2024-04-25 09:55:00,8.0,带载运行,IsolationForest; Mahalanobis; 单变量IQR+3σ; 残差,42.361,208,Mahalanobis 距离=42.4（阈值=10.8）。主要贡献特征：PC1 (100.0%)。
897,2024-04-25 09:58:00,2024-04-25 10:23:00,26.0,停机,IsolationForest; Mahalanobis; 单变量IQR+3σ; 残差,6731.059,676,Mahalanobis 距离=6731.1（阈值=10.8）。主要贡献特征：PC1 (100.0%)。
898,2024-04-25 10:29:00,2024-04-25 10:29:00,1.0,停机,IsolationForest; Mahalanobis; 单变量IQR+3σ; 残差,1.402,26,正常
899,2024-04-25 10:32:00,2024-04-25 10:40:00,9.0,停机,IsolationForest; Mahalanobis; 单变量IQR+3σ; 残差,6320.656,234,Mahalanobis 距离=6320.7（阈值=10.8）。主要贡献特征：PC1 (100.0%)。
900,2024-04-25 10:42:00,2024-04-25 10:43:00,2.0,停机,IsolationForest; Mahalanobis; 单变量IQR+3σ; 残差,1.378,52,正常
901,2024-04-25 10:45:00,2024-04-25 10:58:00,14.0,停机,IsolationForest; Mahalanobis; 单变量IQR+3σ; 残差,671.919,364,Mahalanobis 距离=671.9（阈值=10.8）。主要贡献特征：PC1 (100.0%)。
902,2024-04-25 11:02:00,2024-04-25 11:02:00,1.0,停机,IsolationForest; Mahalanobis; 单变量IQR+3σ; 残差,1.063,26,正常
903,2024-04-25 11:12:00,2024-04-25 11:14:00,3.0,停机,IsolationForest; Mahalanobis; 单变量IQR+3σ; 残差,0.712,78,正常
904,2024-04-25 13:20:00,2024-04-25 13:24:00,5.0,带载运行,IsolationForest; Mahalanobis; 单变量IQR+3σ; 残差,147.208,130,Mahalanobis 距离=147.2（阈值=10.8）。主要贡献特征：PC1 (100.0%)。
905,2024-04-25 13:54:00,2024-04-25 13:58:00,5.0,停机,IsolationForest; Mahalanobis; 单变量IQR+3σ; 残差,354.196,130,Mahalanobis 距离=354.2（阈值=10.8）。主要贡献特征：PC1 (100.0%)。
906,2024-04-25 14:17:00,2024-04-25 14:21:00,5.0,带载运行,IsolationForest; Mahalanobis; 单变量IQR+3σ; 残差,146.534,130,Mahalanobis 距离=146.5（阈值=10.8）。主要贡献特征：PC1 (100.0%)。
907,2024-04-25 14:26:00,2024-04-25 14:30:00,5.0,停机,IsolationForest; Mahalanobis; 单变量IQR+3σ; 残差,331.75,130,Mahalanobis 距离=331.7（阈值=10.8）。主要贡献特征：PC1 (100.0%)。
908,2024-04-25 15:20:00,2024-04-25 15:31:00,12.0,停机,IsolationForest; Mahalanobis; 单变量IQR+3σ; 残差,1.996,312,正常
909,2024-04-25 15:46:00,2024-04-25 16:54:00,69.0,停机,IsolationForest; Mahalanobis; 单变量IQR+3σ; 残差,3490.869,1794,Mahalanobis 距离=3490.9（阈值=10.8）。主要贡献特征：PC1 (100.0%)。
910,2024-04-25 16:56:00,2024-04-25 17:10:00,15.0,停机,IsolationForest; Mahalanobis; 单变量IQR+3σ; 残差,8055.159,390,Mahalanobis 距离=8055.2（阈值=10.8）。主要贡献特征：PC1 (100.0%)。
911,2024-04-25 17:57:00,2024-04-25 18:03:00,7.0,停机,IsolationForest; Mahalanobis; 单变量IQR+3σ; 残差,4192.886,182,Mahalanobis 距离=4192.9（阈值=10.8）。主要贡献特征：PC1 (100.0%)。
912,2024-04-25 18:23:00,2024-04-25 18:27:00,5.0,停机,IsolationForest; Mahalanobis; 单变量IQR+3σ; 残差,263.227,130,Mahalanobis 距离=263.2（阈值=10.8）。主要贡献特征：PC1 (100.0%)。
913,2024-04-25 18:30:00,2024-04-25 18:36:00,7.0,带载运行,IsolationForest; Mahalanobis; 单变量IQR+3σ; 残差,129.887,182,Mahalanobis 距离=129.9（阈值=10.8）。主要贡献特征：PC1 (100.0%)。
914,2024-04-25 19:08:00,2024-04-25 19:10:00,3.0,带载运行,IsolationForest; Mahalanobis; 单变量IQR+3σ; 残差,13.794,78,Mahalanobis 距离=13.8（阈值=10.8）。主要贡献特征：PC1 (100.0%)。
915,2024-04-25 19:22:00,2024-04-25 19:25:00,4.0,带载运行,IsolationForest; Mahalanobis; 单变量IQR+3σ; 残差,4.102,104,正常
916,2024-04-25 19:30:00,2024-04-25 19:45:00,16.0,带载运行,IsolationForest; Mahalanobis; 单变量IQR+3σ; 残差,23.854,416,Mahalanobis 距离=23.9（阈值=10.8）。主要贡献特征：PC1 (100.0%)。
917,2024-04-25 21:31:00,2024-04-25 21:35:00,5.0,停机,IsolationForest; Mahalanobis; 单变量IQR+3σ; 残差,7657.081,130,Mahalanobis 距离=7657.1（阈值=10.8）。主要贡献特征：PC1 (100.0%)。
918,2024-04-25 21:39:00,2024-04-25 21:43:00,5.0,带载运行,IsolationForest; Mahalanobis; 单变量IQR+3σ; 残差,133.492,130,Mahalanobis 距离=133.5（阈值=10.8）。主要贡献特征：PC1 (100.0%)。
919,2024-04-25 21:50:00,2024-04-25 21:50:00,1.0,带载运行,IsolationForest; Mahalanobis; 单变量IQR+3σ; 残差,8.39,26,正常
920,2024-04-25 23:21:00,2024-04-25 23:24:00,4.0,停机,IsolationForest; Mahalanobis; 单变量IQR+3σ; 残差,8033.95,104,Mahalanobis 距离=8033.9（阈值=10.8）。主要贡献特征：PC1 (100.0%)。
921,2024-04-25 23:28:00,2024-04-25 23:28:00,1.0,停机,IsolationForest; Mahalanobis; 单变量IQR+3σ; 残差,1.859,26,正常
922,2024-04-25 23:32:00,2024-04-25 23:36:00,5.0,带载运行,IsolationForest; Mahalanobis; 单变量IQR+3σ; 残差,122.444,130,Mahalanobis 距离=122.4（阈值=10.8）。主要贡献特征：PC1 (100.0%)。
923,2024-04-26 00:12:00,2024-04-26 04:58:00,287.0,停机,IsolationForest; Mahalanobis; 单变量IQR+3σ; 残差,7367.402,7462,Mahalanobis 距离=7367.4（阈值=10.8）。主要贡献特征：PC1 (100.0%)。
924,2024-04-26 05:03:00,2024-04-26 05:03:00,1.0,停机,IsolationForest; Mahalanobis; 单变量IQR+3σ; 残差,1.695,26,正常
925,2024-04-26 05:09:00,2024-04-26 05:09:00,1.0,停机,IsolationForest; Mahalanobis; 单变量IQR+3σ; 残差,1.227,26,正常
926,2024-04-26 05:14:00,2024-04-26 05:14:00,1.0,停机,IsolationForest; Mahalanobis; 单变量IQR+3σ; 残差,1.051,26,正常
927,2024-04-26 05:21:00,2024-04-26 05:21:00,1.0,停机,IsolationForest; Mahalanobis; 单变量IQR+3σ; 残差,0.876,26,正常
928,2024-04-26 05:23:00,2024-04-26 05:23:00,1.0,停机,IsolationForest; Mahalanobis; 单变量IQR+3σ; 残差,0.817,26,正常
929,2024-04-26 05:27:00,2024-04-26 07:11:00,105.0,停机,IsolationForest; Mahalanobis; 单变量IQR+3σ; 残差,3500.547,2730,Mahalanobis 距离=3500.5（阈值=10.8）。主要贡献特征：PC1 (100.0%)。
930,2024-04-26 08:21:00,2024-04-26 08:33:00,13.0,停机,IsolationForest; Mahalanobis; 单变量IQR+3σ; 残差,3495.232,338,Mahalanobis 距离=3495.2（阈值=10.8）。主要贡献特征：PC1 (100.0%)。
931,2024-04-26 09:16:00,2024-04-26 09:16:00,1.0,停机,IsolationForest; Mahalanobis; 单变量IQR+3σ; 残差,0.464,26,正常
932,2024-04-26 10:01:00,2024-04-26 10:05:00,5.0,停机,IsolationForest; Mahalanobis; 单变量IQR+3σ; 残差,303.585,130,Mahalanobis 距离=303.6（阈值=10.8）。主要贡献特征：PC1 (100.0%)。
933,2024-04-26 10:07:00,2024-04-26 10:12:00,6.0,停机,IsolationForest; Mahalanobis; 单变量IQR+3σ; 残差,479.2,156,Mahalanobis 距离=479.2（阈值=10.8）。主要贡献特征：PC1 (100.0%)。
934,2024-04-26 10:17:00,2024-04-26 10:29:00,13.0,停机,IsolationForest; Mahalanobis; 单变量IQR+3σ; 残差,480.177,338,Mahalanobis 距离=480.2（阈值=10.8）。主要贡献特征：PC1 (100.0%)。
935,2024-04-26 10:48:00,2024-04-26 10:52:00,5.0,停机,IsolationForest; Mahalanobis; 单变量IQR+3σ; 残差,337.199,130,Mahalanobis 距离=337.2（阈值=10.8）。主要贡献特征：PC1 (100.0%)。
936,2024-04-26 13:14:00,2024-04-26 13:14:00,1.0,停机,IsolationForest; Mahalanobis; 单变量IQR+3σ; 残差,0.87,26,正常
937,2024-04-26 13:58:00,2024-04-26 14:02:00,5.0,停机,IsolationForest; Mahalanobis; 单变量IQR+3σ; 残差,309.842,130,Mahalanobis 距离=309.8（阈值=10.8）。主要贡献特征：PC1 (100.0%)。
938,2024-04-26 15:47:00,2024-04-26 15:51:00,5.0,停机,IsolationForest; Mahalanobis; 单变量IQR+3σ; 残差,330.019,130,Mahalanobis 距离=330.0（阈值=10.8）。主要贡献特征：PC1 (100.0%)。
939,2024-04-26 16:04:00,2024-04-26 16:09:00,6.0,停机,IsolationForest; Mahalanobis; 单变量IQR+3σ; 残差,2322.217,156,Mahalanobis 距离=2322.2（阈值=10.8）。主要贡献特征：PC1 (100.0%)。
940,2024-04-26 16:33:00,2024-04-26 18:07:00,95.0,停机,IsolationForest; Mahalanobis; 单变量IQR+3σ; 残差,8597.346,2470,Mahalanobis 距离=8597.3（阈值=10.8）。主要贡献特征：PC1 (100.0%)。
941,2024-04-26 18:09:00,2024-04-26 18:13:00,5.0,带载运行,IsolationForest; Mahalanobis; 单变量IQR+3σ; 残差,115.948,130,Mahalanobis 距离=115.9（阈值=10.8）。主要贡献特征：PC1 (100.0%)。
942,2024-04-26 19:17:00,2024-04-26 19:23:00,7.0,停机,IsolationForest; Mahalanobis; 单变量IQR+3σ; 残差,8057.471,182,Mahalanobis 距离=8057.5（阈值=10.8）。主要贡献特征：PC1 (100.0%)。
943,2024-04-26 19:31:00,2024-04-26 19:35:00,5.0,带载运行,IsolationForest; Mahalanobis; 单变量IQR+3σ; 残差,129.864,130,Mahalanobis 距离=129.9（阈值=10.8）。主要贡献特征：PC1 (100.0%)。
944,2024-04-26 20:08:00,2024-04-26 20:08:00,1.0,带载运行,IsolationForest; Mahalanobis; 单变量IQR+3σ; 残差,1.698,26,正常
945,2024-04-26 23:47:00,2024-04-26 23:52:00,6.0,停机,IsolationForest; Mahalanobis; 单变量IQR+3σ; 残差,8054.458,156,Mahalanobis 距离=8054.5（阈值=10.8）。主要贡献特征：PC1 (100.0%)。
946,2024-04-27 01:14:00,2024-04-27 01:16:00,3.0,带载运行,IsolationForest; Mahalanobis; 单变量IQR+3σ; 残差,16.096,78,Mahalanobis 距离=16.1（阈值=10.8）。主要贡献特征：PC1 (100.0%)。
947,2024-04-27 02:54:00,2024-04-27 03:14:00,21.0,带载运行,IsolationForest; Mahalanobis; 单变量IQR+3σ; 残差,24.168,546,Mahalanobis 距离=24.2（阈值=10.8）。主要贡献特征：PC1 (100.0%)。
948,2024-04-27 04:54:00,2024-04-27 05:09:00,16.0,带载运行,IsolationForest; Mahalanobis; 单变量IQR+3σ; 残差,33.458,416,Mahalanobis 距离=33.5（阈值=10.8）。主要贡献特征：PC1 (100.0%)。
949,2024-04-27 05:52:00,2024-04-27 05:55:00,4.0,停机,IsolationForest; Mahalanobis; 单变量IQR+3σ; 残差,8058.731,104,Mahalanobis 距离=8058.7（阈值=10.8）。主要贡献特征：PC1 (100.0%)。
950,2024-04-27 06:35:00,2024-04-27 06:39:00,5.0,带载运行,IsolationForest; Mahalanobis; 单变量IQR+3σ; 残差,120.265,130,Mahalanobis 距离=120.3（阈值=10.8）。主要贡献特征：PC1 (100.0%)。
951,2024-04-27 06:41:00,2024-04-27 07:08:00,28.0,带载运行,IsolationForest; Mahalanobis; 单变量IQR+3σ; 残差,24.047,728,Mahalanobis 距离=24.0（阈值=10.8）。主要贡献特征：PC1 (100.0%)。
952,2024-04-27 07:37:00,2024-04-27 07:44:00,8.0,带载运行,IsolationForest; Mahalanobis; 单变量IQR+3σ; 残差,24.09,208,Mahalanobis 距离=24.1（阈值=10.8）。主要贡献特征：PC1 (100.0%)。
953,2024-04-27 08:06:00,2024-04-27 08:07:00,2.0,带载运行,IsolationForest; Mahalanobis; 单变量IQR+3σ; 残差,9.995,52,残差异常：三机_转载机_电机_电流 偏高（残差 Z-score=10.0，实际=205.0 vs 预测=85.8）
954,2024-04-27 08:09:00,2024-04-27 08:23:00,15.0,停机,IsolationForest; Mahalanobis; 单变量IQR+3σ; 残差,6731.427,390,Mahalanobis 距离=6731.4（阈值=10.8）。主要贡献特征：PC1 (100.0%)。
955,2024-04-27 08:26:00,2024-04-27 08:27:00,2.0,停机,IsolationForest; Mahalanobis; 单变量IQR+3σ; 残差,3.325,52,残差异常：三机_转载机_减速器_冷却水_压力 偏高（残差 Z-score=3.3，实际=0.2 vs 预测=0.1）
956,2024-04-27 08:46:00,2024-04-27 09:42:00,57.0,带载运行,IsolationForest; Mahalanobis; 单变量IQR+3σ; 残差,117.357,1482,Mahalanobis 距离=117.4（阈值=10.8）。主要贡献特征：PC1 (100.0%)。
957,2024-04-27 09:51:00,2024-04-27 09:54:00,4.0,空载运行,IsolationForest; Mahalanobis; 单变量IQR+3σ; 残差,7852.695,104,Mahalanobis 距离=7852.7（阈值=10.8）。主要贡献特征：PC1 (100.0%)。
958,2024-04-27 09:56:00,2024-04-27 10:00:00,5.0,带载运行,IsolationForest; Mahalanobis; 单变量IQR+3σ; 残差,119.301,130,Mahalanobis 距离=119.3（阈值=10.8）。主要贡献特征：PC1 (100.0%)。
959,2024-04-27 10:06:00,2024-04-27 10:16:00,11.0,停机,IsolationForest; Mahalanobis; 单变量IQR+3σ; 残差,3951.113,286,Mahalanobis 距离=3951.1（阈值=10.8）。主要贡献特征：PC1 (100.0%)。
960,2024-04-27 10:39:00,2024-04-27 10:39:00,1.0,停机,IsolationForest; Mahalanobis; 单变量IQR+3σ; 残差,3.88,26,残差异常：三机_转载机_减速器_冷却水_压力 偏高（残差 Z-score=3.9，实际=0.2 vs 预测=0.1）
961,2024-04-27 10:50:00,2024-04-27 10:50:00,1.0,停机,IsolationForest; Mahalanobis; 单变量IQR+3σ; 残差,3.084,26,残差异常：三机_转载机_减速器_冷却水_流量 偏高（残差 Z-score=3.1，实际=48.0 vs 预测=25.8）
962,2024-04-27 10:54:00,2024-04-27 12:08:00,75.0,停机,IsolationForest; Mahalanobis; 单变量IQR+3σ; 残差,591.598,1950,Mahalanobis 距离=591.6（阈值=10.8）。主要贡献特征：PC1 (100.0%)。
963,2024-04-27 12:18:00,2024-04-27 12:22:00,5.0,带载运行,IsolationForest; Mahalanobis; 单变量IQR+3σ; 残差,146.106,130,Mahalanobis 距离=146.1（阈值=10.8）。主要贡献特征：PC1 (100.0%)。
964,2024-04-27 12:32:00,2024-04-27 12:32:00,1.0,带载运行,IsolationForest; Mahalanobis; 单变量IQR+3σ; 残差,147.232,26,Mahalanobis 距离=147.2（阈值=10.8）。主要贡献特征：PC1 (100.0%)。
965,2024-04-27 12:34:00,2024-04-27 12:36:00,3.0,带载运行,IsolationForest; Mahalanobis; 单变量IQR+3σ; 残差,147.133,78,Mahalanobis 距离=147.1（阈值=10.8）。主要贡献特征：PC1 (100.0%)。
966,2024-04-27 13:18:00,2024-04-27 13:20:00,3.0,停机,IsolationForest; Mahalanobis; 单变量IQR+3σ; 残差,0.985,78,正常
967,2024-04-27 14:40:00,2024-04-27 14:40:00,1.0,停机,IsolationForest; Mahalanobis; 单变量IQR+3σ; 残差,2.182,26,正常
968,2024-04-27 15:17:00,2024-04-27 15:23:00,7.0,停机,IsolationForest; Mahalanobis; 单变量IQR+3σ; 残差,2033.804,182,Mahalanobis 距离=2033.8（阈值=10.8）。主要贡献特征：PC1 (100.0%)。
969,2024-04-27 15:47:00,2024-04-27 15:49:00,3.0,停机,IsolationForest; Mahalanobis; 单变量IQR+3σ; 残差,7.085,78,残差异常：三机_转载机_减速器_冷却水_流量 偏高（残差 Z-score=7.1，实际=51.0 vs 预测=0.0）
970,2024-04-27 17:16:00,2024-04-27 17:21:00,6.0,停机,IsolationForest; Mahalanobis; 单变量IQR+3σ; 残差,2874.907,156,Mahalanobis 距离=2874.9（阈值=10.8）。主要贡献特征：PC1 (100.0%)。
971,2024-04-27 17:40:00,2024-04-27 18:27:00,48.0,停机,IsolationForest; Mahalanobis; 单变量IQR+3σ; 残差,8050.153,1248,Mahalanobis 距离=8050.2（阈值=10.8）。主要贡献特征：PC1 (100.0%)。
972,2024-04-27 19:04:00,2024-04-27 19:10:00,7.0,带载运行,IsolationForest; Mahalanobis; 单变量IQR+3σ; 残差,2.348,182,正常
973,2024-04-27 19:35:00,2024-04-27 19:35:00,1.0,带载运行,IsolationForest; Mahalanobis; 单变量IQR+3σ; 残差,3.148,26,残差异常：三机_转载机_电机_转矩 偏高（残差 Z-score=3.1，实际=38.0 vs 预测=16.0）
974,2024-04-27 20:05:00,2024-04-27 20:05:00,1.0,带载运行,IsolationForest; Mahalanobis; 单变量IQR+3σ; 残差,1.743,26,正常
975,2024-04-27 20:10:00,2024-04-27 20:20:00,11.0,停机,IsolationForest; Mahalanobis; 单变量IQR+3σ; 残差,8047.377,286,Mahalanobis 距离=8047.4（阈值=10.8）。主要贡献特征：PC1 (100.0%)。
976,2024-04-27 22:05:00,2024-04-28 04:42:00,398.0,带载运行,IsolationForest; Mahalanobis; 单变量IQR+3σ; 残差,25.03,10348,Mahalanobis 距离=25.0（阈值=10.8）。主要贡献特征：PC1 (100.0%)。
977,2024-04-28 04:45:00,2024-04-28 04:51:00,7.0,带载运行,IsolationForest; Mahalanobis; 单变量IQR+3σ; 残差,38.622,182,Mahalanobis 距离=38.6（阈值=10.8）。主要贡献特征：PC1 (100.0%)。
978,2024-04-28 04:54:00,2024-04-28 05:10:00,17.0,空载运行,IsolationForest; Mahalanobis; 单变量IQR+3σ; 残差,9106.871,442,Mahalanobis 距离=9106.9（阈值=10.8）。主要贡献特征：PC1 (100.0%)。
979,2024-04-28 05:15:00,2024-04-28 05:32:00,18.0,停机,IsolationForest; Mahalanobis; 单变量IQR+3σ; 残差,9380.116,468,Mahalanobis 距离=9380.1（阈值=10.8）。主要贡献特征：PC1 (100.0%)。
980,2024-04-28 05:34:00,2024-04-28 06:31:00,58.0,停机,IsolationForest; Mahalanobis; 单变量IQR+3σ; 残差,9374.407,1508,Mahalanobis 距离=9374.4（阈值=10.8）。主要贡献特征：PC1 (100.0%)。
981,2024-04-28 06:33:00,2024-04-28 06:37:00,5.0,停机,IsolationForest; Mahalanobis; 单变量IQR+3σ; 残差,9391.198,130,Mahalanobis 距离=9391.2（阈值=10.8）。主要贡献特征：PC1 (100.0%)。
982,2024-04-28 06:39:00,2024-04-28 06:42:00,4.0,带载运行,IsolationForest; Mahalanobis; 单变量IQR+3σ; 残差,142.341,104,Mahalanobis 距离=142.3（阈值=10.8）。主要贡献特征：PC1 (100.0%)。
983,2024-04-28 06:44:00,2024-04-28 08:22:00,99.0,停机,IsolationForest; Mahalanobis; 单变量IQR+3σ; 残差,9389.248,2574,Mahalanobis 距离=9389.2（阈值=10.8）。主要贡献特征：PC1 (100.0%)。
984,2024-04-28 08:25:00,2024-04-28 08:28:00,4.0,带载运行,IsolationForest; Mahalanobis; 单变量IQR+3σ; 残差,127.44,104,Mahalanobis 距离=127.4（阈值=10.8）。主要贡献特征：PC1 (100.0%)。
985,2024-04-28 08:30:00,2024-04-28 08:30:00,1.0,带载运行,IsolationForest; Mahalanobis; 单变量IQR+3σ; 残差,8.595,26,正常
986,2024-04-28 08:41:00,2024-04-28 08:56:00,16.0,带载运行,IsolationForest; Mahalanobis; 单变量IQR+3σ; 残差,72.109,416,Mahalanobis 距离=72.1（阈值=10.8）。主要贡献特征：PC1 (100.0%)。
987,2024-04-28 09:22:00,2024-04-28 09:25:00,4.0,停机,IsolationForest; Mahalanobis; 单变量IQR+3σ; 残差,8071.276,104,Mahalanobis 距离=8071.3（阈值=10.8）。主要贡献特征：PC1 (100.0%)。
988,2024-04-28 09:29:00,2024-04-28 09:34:00,6.0,带载运行,IsolationForest; Mahalanobis; 单变量IQR+3σ; 残差,143.658,156,Mahalanobis 距离=143.7（阈值=10.8）。主要贡献特征：PC1 (100.0%)。
989,2024-04-28 09:51:00,2024-04-28 10:39:00,49.0,停机,IsolationForest; Mahalanobis; 单变量IQR+3σ; 残差,6732.331,1274,Mahalanobis 距离=6732.3（阈值=10.8）。主要贡献特征：PC1 (100.0%)。
990,2024-04-28 10:53:00,2024-04-28 10:54:00,2.0,停机,IsolationForest; Mahalanobis; 单变量IQR+3σ; 残差,4.988,52,残差异常：三机_转载机_减速器_冷却水_压力 偏高（残差 Z-score=5.0，实际=0.2 vs 预测=0.0）
991,2024-04-28 11:04:00,2024-04-28 11:04:00,1.0,停机,IsolationForest; Mahalanobis; 单变量IQR+3σ; 残差,3.88,26,残差异常：三机_转载机_减速器_冷却水_压力 偏高（残差 Z-score=3.9，实际=0.2 vs 预测=0.1）
992,2024-04-28 11:11:00,2024-04-28 11:11:00,1.0,停机,IsolationForest; Mahalanobis; 单变量IQR+3σ; 残差,0.852,26,正常
993,2024-04-28 11:30:00,2024-04-28 11:50:00,21.0,停机,IsolationForest; Mahalanobis; 单变量IQR+3σ; 残差,625.855,546,Mahalanobis 距离=625.9（阈值=10.8）。主要贡献特征：PC1 (100.0%)。
994,2024-04-28 11:58:00,2024-04-28 12:00:00,3.0,停机,IsolationForest; Mahalanobis; 单变量IQR+3σ; 残差,0.501,78,正常
995,2024-04-28 14:04:00,2024-04-28 14:06:00,3.0,停机,IsolationForest; Mahalanobis; 单变量IQR+3σ; 残差,3.654,78,残差异常：三机_转载机_减速器_冷却水_温度 偏高（残差 Z-score=3.7，实际=37.8 vs 预测=33.0）
996,2024-04-28 14:11:00,2024-04-28 14:13:00,3.0,停机,IsolationForest; Mahalanobis; 单变量IQR+3σ; 残差,3.039,78,残差异常：三机_转载机_减速器_冷却水_温度 偏高（残差 Z-score=3.0，实际=39.8 vs 预测=35.8）
997,2024-04-28 14:38:00,2024-04-28 14:56:00,19.0,停机,IsolationForest; Mahalanobis; 单变量IQR+3σ; 残差,836.388,494,Mahalanobis 距离=836.4（阈值=10.8）。主要贡献特征：PC1 (100.0%)。
998,2024-04-28 15:16:00,2024-04-28 15:21:00,6.0,停机,IsolationForest; Mahalanobis; 单变量IQR+3σ; 残差,1732.46,156,Mahalanobis 距离=1732.5（阈值=10.8）。主要贡献特征：PC1 (100.0%)。
999,2024-04-28 15:24:00,2024-04-28 15:25:00,2.0,停机,IsolationForest; Mahalanobis; 单变量IQR+3σ; 残差,0.633,52,正常
1000,2024-04-28 15:27:00,2024-04-28 15:27:00,1.0,停机,IsolationForest; Mahalanobis; 单变量IQR+3σ; 残差,0.811,26,正常
1001,2024-04-28 15:29:00,2024-04-28 15:29:00,1.0,停机,IsolationForest; Mahalanobis; 单变量IQR+3σ; 残差,4.434,26,残差异常：三机_转载机_减速器_冷却水_压力 偏高（残差 Z-score=4.4，实际=0.2 vs 预测=0.0）
1002,2024-04-28 15:32:00,2024-04-28 15:32:00,1.0,停机,IsolationForest; Mahalanobis; 单变量IQR+3σ; 残差,3.88,26,残差异常：三机_转载机_减速器_冷却水_压力 偏高（残差 Z-score=3.9，实际=0.2 vs 预测=0.1）
1003,2024-04-28 15:35:00,2024-04-28 15:36:00,2.0,停机,IsolationForest; Mahalanobis; 单变量IQR+3σ; 残差,3.325,52,残差异常：三机_转载机_减速器_冷却水_压力 偏高（残差 Z-score=3.3，实际=0.2 vs 预测=0.1）
1004,2024-04-28 16:15:00,2024-04-28 17:17:00,63.0,停机,IsolationForest; Mahalanobis; 单变量IQR+3σ; 残差,9389.984,1638,Mahalanobis 距离=9390.0（阈值=10.8）。主要贡献特征：PC1 (100.0%)。
1005,2024-04-28 18:24:00,2024-04-28 18:33:00,10.0,停机,IsolationForest; Mahalanobis; 单变量IQR+3σ; 残差,9986.169,260,Mahalanobis 距离=9986.2（阈值=10.8）。主要贡献特征：PC1 (100.0%)。
1006,2024-04-28 18:39:00,2024-04-28 23:48:00,310.0,停机,IsolationForest; Mahalanobis; 单变量IQR+3σ; 残差,9400.557,8060,Mahalanobis 距离=9400.6（阈值=10.8）。主要贡献特征：PC1 (100.0%)。
1007,2024-04-28 23:51:00,2024-04-28 23:53:00,3.0,带载运行,IsolationForest; Mahalanobis; 单变量IQR+3σ; 残差,23.974,78,Mahalanobis 距离=24.0（阈值=10.8）。主要贡献特征：PC1 (100.0%)。
1008,2024-04-28 23:56:00,2024-04-29 00:02:00,7.0,停机,IsolationForest; Mahalanobis; 单变量IQR+3σ; 残差,8042.606,182,Mahalanobis 距离=8042.6（阈值=10.8）。主要贡献特征：PC1 (100.0%)。
1009,2024-04-29 00:12:00,2024-04-29 00:16:00,5.0,带载运行,IsolationForest; Mahalanobis; 单变量IQR+3σ; 残差,23.873,130,Mahalanobis 距离=23.9（阈值=10.8）。主要贡献特征：PC1 (100.0%)。
1010,2024-04-29 01:38:00,2024-04-29 01:44:00,7.0,带载运行,IsolationForest; Mahalanobis; 单变量IQR+3σ; 残差,21.832,182,Mahalanobis 距离=21.8（阈值=10.8）。主要贡献特征：PC1 (100.0%)。
1011,2024-04-29 01:48:00,2024-04-29 02:24:00,37.0,带载运行,IsolationForest; Mahalanobis; 单变量IQR+3σ; 残差,23.943,962,Mahalanobis 距离=23.9（阈值=10.8）。主要贡献特征：PC1 (100.0%)。
1012,2024-04-29 02:30:00,2024-04-29 02:34:00,5.0,停机,IsolationForest; Mahalanobis; 单变量IQR+3σ; 残差,8051.155,130,Mahalanobis 距离=8051.2（阈值=10.8）。主要贡献特征：PC1 (100.0%)。
1013,2024-04-29 02:37:00,2024-04-29 02:45:00,9.0,带载运行,IsolationForest; Mahalanobis; 单变量IQR+3σ; 残差,123.841,234,Mahalanobis 距离=123.8（阈值=10.8）。主要贡献特征：PC1 (100.0%)。
1014,2024-04-29 03:50:00,2024-04-29 03:54:00,5.0,带载运行,IsolationForest; Mahalanobis; 单变量IQR+3σ; 残差,21.6,130,Mahalanobis 距离=21.6（阈值=10.8）。主要贡献特征：PC1 (100.0%)。
1015,2024-04-29 04:01:00,2024-04-29 04:52:00,52.0,带载运行,IsolationForest; Mahalanobis; 单变量IQR+3σ; 残差,24.168,1352,Mahalanobis 距离=24.2（阈值=10.8）。主要贡献特征：PC1 (100.0%)。
1016,2024-04-29 05:40:00,2024-04-29 05:47:00,8.0,带载运行,IsolationForest; Mahalanobis; 单变量IQR+3σ; 残差,24.031,208,Mahalanobis 距离=24.0（阈值=10.8）。主要贡献特征：PC1 (100.0%)。
1017,2024-04-29 06:00:00,2024-04-29 06:43:00,44.0,停机,IsolationForest; Mahalanobis; 单变量IQR+3σ; 残差,6728.923,1144,Mahalanobis 距离=6728.9（阈值=10.8）。主要贡献特征：PC1 (100.0%)。
1018,2024-04-29 06:47:00,2024-04-29 06:47:00,1.0,停机,IsolationForest; Mahalanobis; 单变量IQR+3σ; 残差,1.976,26,正常
1019,2024-04-29 06:50:00,2024-04-29 07:10:00,21.0,带载运行,IsolationForest; Mahalanobis; 单变量IQR+3σ; 残差,108.396,546,Mahalanobis 距离=108.4（阈值=10.8）。主要贡献特征：PC1 (100.0%)。
1020,2024-04-29 09:08:00,2024-04-29 09:08:00,1.0,带载运行,IsolationForest; Mahalanobis; 单变量IQR+3σ; 残差,3.806,26,残差异常：三机_转载机_电机_转矩 偏高（残差 Z-score=3.8，实际=48.0 vs 预测=21.4）
1021,2024-04-29 09:23:00,2024-04-29 09:23:00,1.0,带载运行,IsolationForest; Mahalanobis; 单变量IQR+3σ; 残差,4.199,26,正常
1022,2024-04-29 10:03:00,2024-04-29 10:14:00,12.0,停机,IsolationForest; Mahalanobis; 单变量IQR+3σ; 残差,8038.687,312,Mahalanobis 距离=8038.7（阈值=10.8）。主要贡献特征：PC1 (100.0%)。
1023,2024-04-29 10:18:00,2024-04-29 10:40:00,23.0,停机,IsolationForest; Mahalanobis; 单变量IQR+3σ; 残差,680.212,598,Mahalanobis 距离=680.2（阈值=10.8）。主要贡献特征：PC1 (100.0%)。
1024,2024-04-29 10:43:00,2024-04-29 10:45:00,3.0,停机,IsolationForest; Mahalanobis; 单变量IQR+3σ; 残差,4.434,78,残差异常：三机_转载机_减速器_冷却水_压力 偏高（残差 Z-score=4.4，实际=0.2 vs 预测=0.0）
1025,2024-04-29 10:48:00,2024-04-29 10:49:00,2.0,停机,IsolationForest; Mahalanobis; 单变量IQR+3σ; 残差,1.168,52,正常
1026,2024-04-29 10:56:00,2024-04-29 10:56:00,1.0,停机,IsolationForest; Mahalanobis; 单变量IQR+3σ; 残差,1.051,26,正常
1027,2024-04-29 11:13:00,2024-04-29 11:15:00,3.0,停机,IsolationForest; Mahalanobis; 单变量IQR+3σ; 残差,0.71,78,正常
1028,2024-04-29 13:40:00,2024-04-29 13:45:00,6.0,停机,IsolationForest; Mahalanobis; 单变量IQR+3σ; 残差,343.992,156,Mahalanobis 距离=344.0（阈值=10.8）。主要贡献特征：PC1 (100.0%)。
1029,2024-04-29 13:47:00,2024-04-29 13:53:00,7.0,停机,IsolationForest; Mahalanobis; 单变量IQR+3σ; 残差,1.998,182,正常
1030,2024-04-29 14:57:00,2024-04-29 15:08:00,12.0,停机,IsolationForest; Mahalanobis; 单变量IQR+3σ; 残差,482.358,312,Mahalanobis 距离=482.4（阈值=10.8）。主要贡献特征：PC1 (100.0%)。
1031,2024-04-29 15:12:00,2024-04-29 15:21:00,10.0,停机,IsolationForest; Mahalanobis; 单变量IQR+3σ; 残差,337.701,260,Mahalanobis 距离=337.7（阈值=10.8）。主要贡献特征：PC1 (100.0%)。
1032,2024-04-29 15:46:00,2024-04-29 15:48:00,3.0,停机,IsolationForest; Mahalanobis; 单变量IQR+3σ; 残差,7.224,78,残差异常：三机_转载机_减速器_冷却水_流量 偏高（残差 Z-score=7.2，实际=52.0 vs 预测=0.0）
1033,2024-04-29 16:19:00,2024-04-29 16:39:00,21.0,带载运行,IsolationForest; Mahalanobis; 单变量IQR+3σ; 残差,147.19,546,Mahalanobis 距离=147.2（阈值=10.8）。主要贡献特征：PC1 (100.0%)。
1034,2024-04-29 16:51:00,2024-04-29 18:06:00,76.0,停机,IsolationForest; Mahalanobis; 单变量IQR+3σ; 残差,8044.764,1976,Mahalanobis 距离=8044.8（阈值=10.8）。主要贡献特征：PC1 (100.0%)。
1035,2024-04-29 18:13:00,2024-04-29 18:17:00,5.0,带载运行,IsolationForest; Mahalanobis; 单变量IQR+3σ; 残差,127.26,130,Mahalanobis 距离=127.3（阈值=10.8）。主要贡献特征：PC1 (100.0%)。
1036,2024-04-29 18:30:00,2024-04-29 21:33:00,184.0,停机,IsolationForest; Mahalanobis; 单变量IQR+3σ; 残差,8713.627,4784,Mahalanobis 距离=8713.6（阈值=10.8）。主要贡献特征：PC1 (100.0%)。
1037,2024-04-29 21:40:00,2024-04-29 21:43:00,4.0,带载运行,IsolationForest; Mahalanobis; 单变量IQR+3σ; 残差,108.621,104,Mahalanobis 距离=108.6（阈值=10.8）。主要贡献特征：PC1 (100.0%)。
1038,2024-04-29 21:45:00,2024-04-29 23:54:00,130.0,带载运行,IsolationForest; Mahalanobis; 单变量IQR+3σ; 残差,12.617,3380,Mahalanobis 距离=12.6（阈值=10.8）。主要贡献特征：PC1 (100.0%)。
1039,2024-04-30 00:58:00,2024-04-30 01:35:00,38.0,带载运行,IsolationForest; Mahalanobis; 单变量IQR+3σ; 残差,23.97,988,Mahalanobis 距离=24.0（阈值=10.8）。主要贡献特征：PC1 (100.0%)。
1040,2024-04-30 02:26:00,2024-04-30 02:33:00,8.0,带载运行,IsolationForest; Mahalanobis; 单变量IQR+3σ; 残差,24.189,208,Mahalanobis 距离=24.2（阈值=10.8）。主要贡献特征：PC1 (100.0%)。
1041,2024-04-30 02:45:00,2024-04-30 02:47:00,3.0,带载运行,IsolationForest; Mahalanobis; 单变量IQR+3σ; 残差,13.127,78,Mahalanobis 距离=13.1（阈值=10.8）。主要贡献特征：PC1 (100.0%)。
1042,2024-04-30 03:00:00,2024-04-30 03:39:00,40.0,带载运行,IsolationForest; Mahalanobis; 单变量IQR+3σ; 残差,25.731,1040,Mahalanobis 距离=25.7（阈值=10.8）。主要贡献特征：PC1 (100.0%)。
1043,2024-04-30 03:43:00,2024-04-30 03:43:00,1.0,带载运行,IsolationForest; Mahalanobis; 单变量IQR+3σ; 残差,3.069,26,残差异常：三机_转载机_电机_电流 偏高（残差 Z-score=3.1，实际=111.0 vs 预测=74.4）
1044,2024-04-30 04:46:00,2024-04-30 06:20:00,95.0,空载运行,IsolationForest; Mahalanobis; 单变量IQR+3σ; 残差,7157.85,2470,Mahalanobis 距离=7157.8（阈值=10.8）。主要贡献特征：PC1 (100.0%)。
1045,2024-04-30 06:30:00,2024-04-30 08:47:00,138.0,带载运行,IsolationForest; Mahalanobis; 单变量IQR+3σ; 残差,125.116,3588,Mahalanobis 距离=125.1（阈值=10.8）。主要贡献特征：PC1 (100.0%)。
1046,2024-04-30 08:57:00,2024-04-30 09:09:00,13.0,带载运行,IsolationForest; Mahalanobis; 单变量IQR+3σ; 残差,24.077,338,Mahalanobis 距离=24.1（阈值=10.8）。主要贡献特征：PC1 (100.0%)。
1047,2024-04-30 09:48:00,2024-04-30 09:51:00,4.0,停机,IsolationForest; Mahalanobis; 单变量IQR+3σ; 残差,8042.08,104,Mahalanobis 距离=8042.1（阈值=10.8）。主要贡献特征：PC1 (100.0%)。
1048,2024-04-30 09:53:00,2024-04-30 09:54:00,2.0,停机,IsolationForest; Mahalanobis; 单变量IQR+3σ; 残差,1.999,52,正常
1049,2024-04-30 09:58:00,2024-04-30 09:58:00,1.0,停机,IsolationForest; Mahalanobis; 单变量IQR+3σ; 残差,1.765,26,正常
1050,2024-04-30 10:01:00,2024-04-30 10:01:00,1.0,停机,IsolationForest; Mahalanobis; 单变量IQR+3σ; 残差,3.084,26,残差异常：三机_转载机_减速器_冷却水_流量 偏高（残差 Z-score=3.1，实际=50.0 vs 预测=27.8）
1051,2024-04-30 10:05:00,2024-04-30 10:10:00,6.0,带载运行,IsolationForest; Mahalanobis; 单变量IQR+3σ; 残差,130.741,156,Mahalanobis 距离=130.7（阈值=10.8）。主要贡献特征：PC1 (100.0%)。
1052,2024-04-30 10:17:00,2024-04-30 10:28:00,12.0,停机,IsolationForest; Mahalanobis; 单变量IQR+3σ; 残差,3748.184,312,Mahalanobis 距离=3748.2（阈值=10.8）。主要贡献特征：PC1 (100.0%)。
1053,2024-04-30 10:30:00,2024-04-30 10:31:00,2.0,停机,IsolationForest; Mahalanobis; 单变量IQR+3σ; 残差,1.578,52,正常
1054,2024-04-30 10:39:00,2024-04-30 10:53:00,15.0,停机,IsolationForest; Mahalanobis; 单变量IQR+3σ; 残差,673.215,390,Mahalanobis 距离=673.2（阈值=10.8）。主要贡献特征：PC1 (100.0%)。
1055,2024-04-30 11:05:00,2024-04-30 11:07:00,3.0,停机,IsolationForest; Mahalanobis; 单变量IQR+3σ; 残差,0.853,78,正常
1056,2024-04-30 11:16:00,2024-04-30 11:30:00,15.0,停机,IsolationForest; Mahalanobis; 单变量IQR+3σ; 残差,11.203,390,残差异常：三机_转载机_变频器_腔体温度 偏高（残差 Z-score=11.2，实际=38.0 vs 预测=0.0）
1057,2024-04-30 11:38:00,2024-04-30 11:42:00,5.0,停机,IsolationForest; Mahalanobis; 单变量IQR+3σ; 残差,350.868,130,Mahalanobis 距离=350.9（阈值=10.8）。主要贡献特征：PC1 (100.0%)。
1058,2024-04-30 12:02:00,2024-04-30 12:06:00,5.0,停机,IsolationForest; Mahalanobis; 单变量IQR+3σ; 残差,346.243,130,Mahalanobis 距离=346.2（阈值=10.8）。主要贡献特征：PC1 (100.0%)。
1059,2024-04-30 12:28:00,2024-04-30 12:32:00,5.0,带载运行,IsolationForest; Mahalanobis; 单变量IQR+3σ; 残差,145.38,130,Mahalanobis 距离=145.4（阈值=10.8）。主要贡献特征：PC1 (100.0%)。
1060,2024-04-30 12:56:00,2024-04-30 13:24:00,29.0,停机,IsolationForest; Mahalanobis; 单变量IQR+3σ; 残差,11.793,754,残差异常：三机_转载机_变频器_腔体温度 偏高（残差 Z-score=11.8，实际=40.0 vs 预测=0.0）
1061,2024-04-30 13:36:00,2024-04-30 13:41:00,6.0,停机,IsolationForest; Mahalanobis; 单变量IQR+3σ; 残差,442.389,156,Mahalanobis 距离=442.4（阈值=10.8）。主要贡献特征：PC1 (100.0%)。
1062,2024-04-30 15:08:00,2024-04-30 15:15:00,8.0,停机,IsolationForest; Mahalanobis; 单变量IQR+3σ; 残差,494.111,208,Mahalanobis 距离=494.1（阈值=10.8）。主要贡献特征：PC1 (100.0%)。
1063,2024-04-30 15:39:00,2024-04-30 15:46:00,8.0,停机,IsolationForest; Mahalanobis; 单变量IQR+3σ; 残差,3494.77,208,Mahalanobis 距离=3494.8（阈值=10.8）。主要贡献特征：PC1 (100.0%)。
1064,2024-04-30 16:21:00,2024-04-30 17:41:00,81.0,停机,IsolationForest; Mahalanobis; 单变量IQR+3σ; 残差,6737.97,2106,Mahalanobis 距离=6738.0（阈值=10.8）。主要贡献特征：PC1 (100.0%)。
1065,2024-04-30 18:18:00,2024-04-30 18:58:00,41.0,带载运行,IsolationForest; Mahalanobis; 单变量IQR+3σ; 残差,110.976,1066,Mahalanobis 距离=111.0（阈值=10.8）。主要贡献特征：PC1 (100.0%)。
1066,2024-04-30 19:02:00,2024-04-30 19:04:00,3.0,带载运行,IsolationForest; Mahalanobis; 单变量IQR+3σ; 残差,14.614,78,Mahalanobis 距离=14.6（阈值=10.8）。主要贡献特征：PC1 (100.0%)。
1067,2024-04-30 19:44:00,2024-04-30 22:54:00,191.0,停机,IsolationForest; Mahalanobis; 单变量IQR+3σ; 残差,6750.516,4966,Mahalanobis 距离=6750.5（阈值=10.8）。主要贡献特征：PC1 (100.0%)。
1068,2024-04-30 23:00:00,2024-04-30 23:03:00,4.0,停机,IsolationForest; Mahalanobis; 单变量IQR+3σ; 残差,8049.309,104,Mahalanobis 距离=8049.3（阈值=10.8）。主要贡献特征：PC1 (100.0%)。
1069,2024-04-30 23:13:00,2024-04-30 23:51:00,39.0,带载运行,IsolationForest; Mahalanobis; 单变量IQR+3σ; 残差,135.914,1014,Mahalanobis 距离=135.9（阈值=10.8）。主要贡献特征：PC1 (100.0%)。
1070,2024-05-01 00:02:00,2024-05-01 00:05:00,4.0,停机,IsolationForest; Mahalanobis; 单变量IQR+3σ; 残差,8070.088,104,Mahalanobis 距离=8070.1（阈值=10.8）。主要贡献特征：PC1 (100.0%)。
1071,2024-05-01 00:08:00,2024-05-01 00:15:00,8.0,带载运行,IsolationForest; Mahalanobis; 单变量IQR+3σ; 残差,115.55,208,Mahalanobis 距离=115.6（阈值=10.8）。主要贡献特征：PC1 (100.0%)。
1072,2024-05-01 01:12:00,2024-05-01 01:12:00,1.0,带载运行,IsolationForest; Mahalanobis; 单变量IQR+3σ; 残差,1.022,26,正常
1073,2024-05-01 01:56:00,2024-05-01 02:00:00,5.0,空载运行,IsolationForest; Mahalanobis; 单变量IQR+3σ; 残差,7820.432,130,Mahalanobis 距离=7820.4（阈值=10.8）。主要贡献特征：PC1 (100.0%)。
1074,2024-05-01 02:03:00,2024-05-01 02:21:00,19.0,带载运行,IsolationForest; Mahalanobis; 单变量IQR+3σ; 残差,138.096,494,Mahalanobis 距离=138.1（阈值=10.8）。主要贡献特征：PC1 (100.0%)。
1075,2024-05-01 03:21:00,2024-05-01 03:25:00,5.0,带载运行,IsolationForest; Mahalanobis; 单变量IQR+3σ; 残差,23.745,130,Mahalanobis 距离=23.7（阈值=10.8）。主要贡献特征：PC1 (100.0%)。
1076,2024-05-01 03:59:00,2024-05-01 04:09:00,11.0,停机,IsolationForest; Mahalanobis; 单变量IQR+3σ; 残差,7749.106,286,Mahalanobis 距离=7749.1（阈值=10.8）。主要贡献特征：PC1 (100.0%)。
1077,2024-05-01 04:15:00,2024-05-01 04:15:00,1.0,带载运行,IsolationForest; Mahalanobis; 单变量IQR+3σ; 残差,1.286,26,正常
1078,2024-05-01 05:16:00,2024-05-01 05:18:00,3.0,带载运行,IsolationForest; Mahalanobis; 单变量IQR+3σ; 残差,14.667,78,Mahalanobis 距离=14.7（阈值=10.8）。主要贡献特征：PC1 (100.0%)。
1079,2024-05-01 05:29:00,2024-05-01 05:32:00,4.0,停机,IsolationForest; Mahalanobis; 单变量IQR+3σ; 残差,8055.775,104,Mahalanobis 距离=8055.8（阈值=10.8）。主要贡献特征：PC1 (100.0%)。
1080,2024-05-01 05:35:00,2024-05-01 05:41:00,7.0,带载运行,IsolationForest; Mahalanobis; 单变量IQR+3σ; 残差,137.991,182,Mahalanobis 距离=138.0（阈值=10.8）。主要贡献特征：PC1 (100.0%)。
1081,2024-05-01 05:44:00,2024-05-01 05:51:00,8.0,停机,IsolationForest; Mahalanobis; 单变量IQR+3σ; 残差,8046.261,208,Mahalanobis 距离=8046.3（阈值=10.8）。主要贡献特征：PC1 (100.0%)。
1082,2024-05-01 05:55:00,2024-05-01 06:08:00,14.0,停机,IsolationForest; Mahalanobis; 单变量IQR+3σ; 残差,8707.173,364,Mahalanobis 距离=8707.2（阈值=10.8）。主要贡献特征：PC1 (100.0%)。
1083,2024-05-01 06:13:00,2024-05-01 06:18:00,6.0,停机,IsolationForest; Mahalanobis; 单变量IQR+3σ; 残差,3595.771,156,Mahalanobis 距离=3595.8（阈值=10.8）。主要贡献特征：PC1 (100.0%)。
1084,2024-05-01 06:20:00,2024-05-01 06:25:00,6.0,带载运行,IsolationForest; Mahalanobis; 单变量IQR+3σ; 残差,142.066,156,Mahalanobis 距离=142.1（阈值=10.8）。主要贡献特征：PC1 (100.0%)。
1085,2024-05-01 06:27:00,2024-05-01 06:27:00,1.0,带载运行,IsolationForest; Mahalanobis; 单变量IQR+3σ; 残差,7.005,26,正常
1086,2024-05-01 07:27:00,2024-05-01 07:33:00,7.0,停机,IsolationForest; Mahalanobis; 单变量IQR+3σ; 残差,8040.525,182,Mahalanobis 距离=8040.5（阈值=10.8）。主要贡献特征：PC1 (100.0%)。
1087,2024-05-01 07:37:00,2024-05-01 07:44:00,8.0,带载运行,IsolationForest; Mahalanobis; 单变量IQR+3σ; 残差,138.578,208,Mahalanobis 距离=138.6（阈值=10.8）。主要贡献特征：PC1 (100.0%)。
1088,2024-05-01 07:46:00,2024-05-01 10:16:00,151.0,空载运行,IsolationForest; Mahalanobis; 单变量IQR+3σ; 残差,8752.002,3926,Mahalanobis 距离=8752.0（阈值=10.8）。主要贡献特征：PC1 (100.0%)。
1089,2024-05-01 11:45:00,2024-05-01 12:16:00,32.0,停机,IsolationForest; Mahalanobis; 单变量IQR+3σ; 残差,6.448,832,残差异常：三机_转载机_减速器_冷却水_温度 偏高（残差 Z-score=6.4，实际=43.3 vs 预测=34.9）
1090,2024-05-01 12:19:00,2024-05-01 12:23:00,5.0,停机,IsolationForest; Mahalanobis; 单变量IQR+3σ; 残差,168.71,130,Mahalanobis 距离=168.7（阈值=10.8）。主要贡献特征：PC1 (100.0%)。
1091,2024-05-01 12:29:00,2024-05-01 12:29:00,1.0,空载运行,IsolationForest; Mahalanobis; 单变量IQR+3σ; 残差,2.153,26,正常
1092,2024-05-01 12:43:00,2024-05-01 12:44:00,2.0,空载运行,IsolationForest; Mahalanobis; 单变量IQR+3σ; 残差,2.088,52,正常
1093,2024-05-01 13:10:00,2024-05-01 13:14:00,5.0,停机,IsolationForest; Mahalanobis; 单变量IQR+3σ; 残差,349.353,130,Mahalanobis 距离=349.4（阈值=10.8）。主要贡献特征：PC1 (100.0%)。
1094,2024-05-01 15:07:00,2024-05-01 15:11:00,5.0,停机,IsolationForest; Mahalanobis; 单变量IQR+3σ; 残差,344.889,130,Mahalanobis 距离=344.9（阈值=10.8）。主要贡献特征：PC1 (100.0%)。
1095,2024-05-01 15:30:00,2024-05-01 15:34:00,5.0,停机,IsolationForest; Mahalanobis; 单变量IQR+3σ; 残差,348.767,130,Mahalanobis 距离=348.8（阈值=10.8）。主要贡献特征：PC1 (100.0%)。
1096,2024-05-01 15:41:00,2024-05-01 17:12:00,92.0,停机,IsolationForest; Mahalanobis; 单变量IQR+3σ; 残差,7394.454,2392,Mahalanobis 距离=7394.5（阈值=10.8）。主要贡献特征：PC1 (100.0%)。
1097,2024-05-01 18:23:00,2024-05-01 18:23:00,1.0,空载运行,IsolationForest; Mahalanobis; 单变量IQR+3σ; 残差,3.083,26,残差异常：三机_转载机_减速器_冷却水_流量 偏高（残差 Z-score=3.1，实际=58.0 vs 预测=0.0）
1098,2024-05-01 18:25:00,2024-05-01 18:32:00,8.0,停机,IsolationForest; Mahalanobis; 单变量IQR+3σ; 残差,6643.017,208,Mahalanobis 距离=6643.0（阈值=10.8）。主要贡献特征：PC1 (100.0%)。
1099,2024-05-01 18:34:00,2024-05-01 18:38:00,5.0,带载运行,IsolationForest; Mahalanobis; 单变量IQR+3σ; 残差,147.158,130,Mahalanobis 距离=147.2（阈值=10.8）。主要贡献特征：PC1 (100.0%)。
1100,2024-05-01 18:43:00,2024-05-01 18:43:00,1.0,停机,IsolationForest; Mahalanobis; 单变量IQR+3σ; 残差,2.417,26,正常
1101,2024-05-01 18:45:00,2024-05-01 19:25:00,41.0,停机,IsolationForest; Mahalanobis; 单变量IQR+3σ; 残差,7390.914,1066,Mahalanobis 距离=7390.9（阈值=10.8）。主要贡献特征：PC1 (100.0%)。
1102,2024-05-01 19:27:00,2024-05-01 19:31:00,5.0,带载运行,IsolationForest; Mahalanobis; 单变量IQR+3σ; 残差,114.606,130,Mahalanobis 距离=114.6（阈值=10.8）。主要贡献特征：PC1 (100.0%)。
1103,2024-05-01 19:51:00,2024-05-01 20:00:00,10.0,带载运行,IsolationForest; Mahalanobis; 单变量IQR+3σ; 残差,23.903,260,Mahalanobis 距离=23.9（阈值=10.8）。主要贡献特征：PC1 (100.0%)。
1104,2024-05-01 20:11:00,2024-05-01 20:17:00,7.0,带载运行,IsolationForest; Mahalanobis; 单变量IQR+3σ; 残差,23.942,182,Mahalanobis 距离=23.9（阈值=10.8）。主要贡献特征：PC1 (100.0%)。
1105,2024-05-01 20:24:00,2024-05-01 21:59:00,96.0,带载运行,IsolationForest; Mahalanobis; 单变量IQR+3σ; 残差,25.553,2496,Mahalanobis 距离=25.6（阈值=10.8）。主要贡献特征：PC1 (100.0%)。
1106,2024-05-01 22:38:00,2024-05-01 23:07:00,30.0,停机,IsolationForest; Mahalanobis; 单变量IQR+3σ; 残差,6760.876,780,Mahalanobis 距离=6760.9（阈值=10.8）。主要贡献特征：PC1 (100.0%)。
1107,2024-05-01 23:09:00,2024-05-01 23:09:00,1.0,停机,IsolationForest; Mahalanobis; 单变量IQR+3σ; 残差,3.014,26,正常
1108,2024-05-01 23:14:00,2024-05-01 23:14:00,1.0,停机,IsolationForest; Mahalanobis; 单变量IQR+3σ; 残差,1.58,26,正常
1109,2024-05-01 23:18:00,2024-05-01 23:36:00,19.0,带载运行,IsolationForest; Mahalanobis; 单变量IQR+3σ; 残差,147.175,494,Mahalanobis 距离=147.2（阈值=10.8）。主要贡献特征：PC1 (100.0%)。
1110,2024-05-01 23:58:00,2024-05-01 23:58:00,1.0,带载运行,IsolationForest; Mahalanobis; 单变量IQR+3σ; 残差,1.136,26,正常
1111,2024-05-02 00:09:00,2024-05-02 00:09:00,1.0,带载运行,IsolationForest; Mahalanobis; 单变量IQR+3σ; 残差,0.541,26,正常
1112,2024-05-02 02:40:00,2024-05-02 02:40:00,1.0,带载运行,IsolationForest; Mahalanobis; 单变量IQR+3σ; 残差,3.005,26,残差异常：三机_转载机_电机_转矩 偏高（残差 Z-score=3.0，实际=42.0 vs 预测=21.0）
1113,2024-05-02 05:04:00,2024-05-02 05:04:00,1.0,带载运行,IsolationForest; Mahalanobis; 单变量IQR+3σ; 残差,3.029,26,残差异常：三机_转载机_减速器_冷却水_温度 偏高（残差 Z-score=3.0，实际=48.7 vs 预测=43.1）
1114,2024-05-02 05:13:00,2024-05-02 05:18:00,6.0,带载运行,IsolationForest; Mahalanobis; 单变量IQR+3σ; 残差,2.894,156,正常
1115,2024-05-02 05:21:00,2024-05-02 05:21:00,1.0,带载运行,IsolationForest; Mahalanobis; 单变量IQR+3σ; 残差,1.815,26,正常
1116,2024-05-02 05:35:00,2024-05-02 05:38:00,4.0,带载运行,IsolationForest; Mahalanobis; 单变量IQR+3σ; 残差,16.932,104,Mahalanobis 距离=16.9（阈值=10.8）。主要贡献特征：PC1 (100.0%)。
1117,2024-05-02 05:41:00,2024-05-02 05:41:00,1.0,带载运行,IsolationForest; Mahalanobis; 单变量IQR+3σ; 残差,3.061,26,残差异常：三机_转载机_减速器_冷却水_温度 偏高（残差 Z-score=3.1，实际=49.9 vs 预测=44.2）
1118,2024-05-02 06:02:00,2024-05-02 06:02:00,1.0,带载运行,IsolationForest; Mahalanobis; 单变量IQR+3σ; 残差,4.149,26,残差异常：三机_转载机_电机_转矩 偏高（残差 Z-score=4.1，实际=48.0 vs 预测=19.0）
1119,2024-05-02 06:22:00,2024-05-02 06:22:00,1.0,带载运行,IsolationForest; Mahalanobis; 单变量IQR+3σ; 残差,1.207,26,正常
1120,2024-05-02 06:29:00,2024-05-02 06:29:00,1.0,带载运行,IsolationForest; Mahalanobis; 单变量IQR+3σ; 残差,0.917,26,正常
1121,2024-05-02 07:31:00,2024-05-02 07:31:00,1.0,带载运行,IsolationForest; Mahalanobis; 单变量IQR+3σ; 残差,2.564,26,正常
1122,2024-05-02 07:33:00,2024-05-02 07:36:00,4.0,停机,IsolationForest; Mahalanobis; 单变量IQR+3σ; 残差,8037.123,104,Mahalanobis 距离=8037.1（阈值=10.8）。主要贡献特征：PC1 (100.0%)。
1123,2024-05-02 07:47:00,2024-05-02 08:08:00,22.0,带载运行,IsolationForest; Mahalanobis; 单变量IQR+3σ; 残差,133.799,572,Mahalanobis 距离=133.8（阈值=10.8）。主要贡献特征：PC1 (100.0%)。
1124,2024-05-02 08:10:00,2024-05-02 08:10:00,1.0,带载运行,IsolationForest; Mahalanobis; 单变量IQR+3σ; 残差,5.739,26,正常
1125,2024-05-02 08:23:00,2024-05-02 08:27:00,5.0,带载运行,IsolationForest; Mahalanobis; 单变量IQR+3σ; 残差,20.151,130,Mahalanobis 距离=20.2（阈值=10.8）。主要贡献特征：PC1 (100.0%)。
1126,2024-05-02 08:54:00,2024-05-02 09:03:00,10.0,停机,IsolationForest; Mahalanobis; 单变量IQR+3σ; 残差,8032.532,260,Mahalanobis 距离=8032.5（阈值=10.8）。主要贡献特征：PC1 (100.0%)。
1127,2024-05-02 09:51:00,2024-05-02 09:54:00,4.0,停机,IsolationForest; Mahalanobis; 单变量IQR+3σ; 残差,8063.071,104,Mahalanobis 距离=8063.1（阈值=10.8）。主要贡献特征：PC1 (100.0%)。
1128,2024-05-02 09:56:00,2024-05-02 10:10:00,15.0,带载运行,IsolationForest; Mahalanobis; 单变量IQR+3σ; 残差,110.357,390,Mahalanobis 距离=110.4（阈值=10.8）。主要贡献特征：PC1 (100.0%)。
1129,2024-05-02 10:18:00,2024-05-02 10:23:00,6.0,停机,IsolationForest; Mahalanobis; 单变量IQR+3σ; 残差,8040.207,156,Mahalanobis 距离=8040.2（阈值=10.8）。主要贡献特征：PC1 (100.0%)。
1130,2024-05-02 10:28:00,2024-05-02 10:30:00,3.0,停机,IsolationForest; Mahalanobis; 单变量IQR+3σ; 残差,1.752,78,正常
1131,2024-05-02 10:37:00,2024-05-02 10:39:00,3.0,停机,IsolationForest; Mahalanobis; 单变量IQR+3σ; 残差,4.988,78,残差异常：三机_转载机_减速器_冷却水_压力 偏高（残差 Z-score=5.0，实际=0.2 vs 预测=0.0）
1132,2024-05-02 10:44:00,2024-05-02 10:59:00,16.0,停机,IsolationForest; Mahalanobis; 单变量IQR+3σ; 残差,535.109,416,Mahalanobis 距离=535.1（阈值=10.8）。主要贡献特征：PC1 (100.0%)。
1133,2024-05-02 11:03:00,2024-05-02 11:13:00,11.0,停机,IsolationForest; Mahalanobis; 单变量IQR+3σ; 残差,591.797,286,Mahalanobis 距离=591.8（阈值=10.8）。主要贡献特征：PC1 (100.0%)。
1134,2024-05-02 11:20:00,2024-05-02 11:23:00,4.0,停机,IsolationForest; Mahalanobis; 单变量IQR+3σ; 残差,1.351,104,正常
1135,2024-05-02 11:28:00,2024-05-02 11:32:00,5.0,带载运行,IsolationForest; Mahalanobis; 单变量IQR+3σ; 残差,146.234,130,Mahalanobis 距离=146.2（阈值=10.8）。主要贡献特征：PC1 (100.0%)。
1136,2024-05-02 11:42:00,2024-05-02 11:46:00,5.0,停机,IsolationForest; Mahalanobis; 单变量IQR+3σ; 残差,352.191,130,Mahalanobis 距离=352.2（阈值=10.8）。主要贡献特征：PC1 (100.0%)。
1137,2024-05-02 13:31:00,2024-05-02 13:35:00,5.0,停机,IsolationForest; Mahalanobis; 单变量IQR+3σ; 残差,338.962,130,Mahalanobis 距离=339.0（阈值=10.8）。主要贡献特征：PC1 (100.0%)。
1138,2024-05-02 15:32:00,2024-05-02 15:38:00,7.0,停机,IsolationForest; Mahalanobis; 单变量IQR+3σ; 残差,1739.111,182,Mahalanobis 距离=1739.1（阈值=10.8）。主要贡献特征：PC1 (100.0%)。
1139,2024-05-02 15:58:00,2024-05-02 16:02:00,5.0,停机,IsolationForest; Mahalanobis; 单变量IQR+3σ; 残差,840.568,130,Mahalanobis 距离=840.6（阈值=10.8）。主要贡献特征：PC1 (100.0%)。
1140,2024-05-02 17:34:00,2024-05-02 23:47:00,374.0,停机,IsolationForest; Mahalanobis; 单变量IQR+3σ; 残差,4100.597,9724,Mahalanobis 距离=4100.6（阈值=10.8）。主要贡献特征：PC1 (100.0%)。
1141,2024-05-02 23:50:00,2024-05-02 23:51:00,2.0,带载运行,IsolationForest; Mahalanobis; 单变量IQR+3σ; 残差,4.292,52,正常
1142,2024-05-02 23:54:00,2024-05-02 23:54:00,1.0,带载运行,IsolationForest; Mahalanobis; 单变量IQR+3σ; 残差,4.407,26,残差异常：三机_转载机_电机_转矩 偏高（残差 Z-score=4.4，实际=52.0 vs 预测=21.2）
1143,2024-05-02 23:59:00,2024-05-02 23:59:00,1.0,带载运行,IsolationForest; Mahalanobis; 单变量IQR+3σ; 残差,4.29,26,正常
1144,2024-05-03 00:06:00,2024-05-03 00:10:00,5.0,带载运行,IsolationForest; Mahalanobis; 单变量IQR+3σ; 残差,14.893,130,Mahalanobis 距离=14.9（阈值=10.8）。主要贡献特征：PC1 (100.0%)。
1145,2024-05-03 00:13:00,2024-05-03 00:13:00,1.0,带载运行,IsolationForest; Mahalanobis; 单变量IQR+3σ; 残差,1.55,26,正常
1146,2024-05-03 02:34:00,2024-05-03 02:44:00,11.0,停机,IsolationForest; Mahalanobis; 单变量IQR+3σ; 残差,6981.755,286,Mahalanobis 距离=6981.8（阈值=10.8）。主要贡献特征：PC1 (100.0%)。
1147,2024-05-03 02:48:00,2024-05-03 03:45:00,58.0,停机,IsolationForest; Mahalanobis; 单变量IQR+3σ; 残差,7044.198,1508,Mahalanobis 距离=7044.2（阈值=10.8）。主要贡献特征：PC1 (100.0%)。
1148,2024-05-03 04:06:00,2024-05-03 04:06:00,1.0,停机,IsolationForest; Mahalanobis; 单变量IQR+3σ; 残差,1.082,26,正常
1149,2024-05-03 05:22:00,2024-05-03 05:22:00,1.0,停机,IsolationForest; Mahalanobis; 单变量IQR+3σ; 残差,0.614,26,正常
1150,2024-05-03 05:25:00,2024-05-03 05:30:00,6.0,带载运行,IsolationForest; Mahalanobis; 单变量IQR+3σ; 残差,128.279,156,Mahalanobis 距离=128.3（阈值=10.8）。主要贡献特征：PC1 (100.0%)。
1151,2024-05-03 07:12:00,2024-05-03 08:01:00,50.0,停机,IsolationForest; Mahalanobis; 单变量IQR+3σ; 残差,6737.791,1300,Mahalanobis 距离=6737.8（阈值=10.8）。主要贡献特征：PC1 (100.0%)。
1152,2024-05-03 08:26:00,2024-05-03 08:41:00,16.0,停机,IsolationForest; Mahalanobis; 单变量IQR+3σ; 残差,6732.501,416,Mahalanobis 距离=6732.5（阈值=10.8）。主要贡献特征：PC1 (100.0%)。
1153,2024-05-03 08:45:00,2024-05-03 08:57:00,13.0,停机,IsolationForest; Mahalanobis; 单变量IQR+3σ; 残差,670.973,338,Mahalanobis 距离=671.0（阈值=10.8）。主要贡献特征：PC1 (100.0%)。
1154,2024-05-03 09:24:00,2024-05-03 09:27:00,4.0,停机,IsolationForest; Mahalanobis; 单变量IQR+3σ; 残差,0.921,104,正常
1155,2024-05-03 11:10:00,2024-05-03 11:15:00,6.0,停机,IsolationForest; Mahalanobis; 单变量IQR+3σ; 残差,480.324,156,Mahalanobis 距离=480.3（阈值=10.8）。主要贡献特征：PC1 (100.0%)。
1156,2024-05-03 14:48:00,2024-05-03 14:48:00,1.0,停机,IsolationForest; Mahalanobis; 单变量IQR+3σ; 残差,1.117,26,正常
1157,2024-05-03 16:46:00,2024-05-03 16:47:00,2.0,停机,IsolationForest; Mahalanobis; 单变量IQR+3σ; 残差,8.057,52,残差异常：三机_转载机_减速器_冷却水_流量 偏高（残差 Z-score=8.1，实际=58.0 vs 预测=0.0）
1158,2024-05-03 16:49:00,2024-05-03 16:49:00,1.0,停机,IsolationForest; Mahalanobis; 单变量IQR+3σ; 残差,3.89,26,残差异常：三机_转载机_减速器_冷却水_流量 偏高（残差 Z-score=3.9，实际=59.0 vs 预测=31.0）
1159,2024-05-03 17:15:00,2024-05-03 17:15:00,1.0,停机,IsolationForest; Mahalanobis; 单变量IQR+3σ; 残差,0.468,26,正常
1160,2024-05-03 17:29:00,2024-05-03 17:34:00,6.0,停机,IsolationForest; Mahalanobis; 单变量IQR+3σ; 残差,3750.548,156,Mahalanobis 距离=3750.5（阈值=10.8）。主要贡献特征：PC1 (100.0%)。
1161,2024-05-03 17:58:00,2024-05-03 20:30:00,153.0,停机,IsolationForest; Mahalanobis; 单变量IQR+3σ; 残差,8065.721,3978,Mahalanobis 距离=8065.7（阈值=10.8）。主要贡献特征：PC1 (100.0%)。
1162,2024-05-04 12:46:00,2024-05-04 12:48:00,3.0,停机,IsolationForest; Mahalanobis; 单变量IQR+3σ; 残差,6.39,78,残差异常：三机_转载机_减速器_冷却水_流量 偏高（残差 Z-score=6.4，实际=46.0 vs 预测=0.0）
1163,2024-05-04 12:58:00,2024-05-04 12:58:00,1.0,停机,IsolationForest; Mahalanobis; 单变量IQR+3σ; 残差,1.015,26,正常
1164,2024-05-04 13:17:00,2024-05-04 13:19:00,3.0,停机,IsolationForest; Mahalanobis; 单变量IQR+3σ; 残差,0.626,78,正常
1165,2024-05-04 13:24:00,2024-05-04 13:24:00,1.0,停机,IsolationForest; Mahalanobis; 单变量IQR+3σ; 残差,1.627,26,正常
1166,2024-05-04 13:30:00,2024-05-04 13:32:00,3.0,停机,IsolationForest; Mahalanobis; 单变量IQR+3σ; 残差,6.39,78,残差异常：三机_转载机_减速器_冷却水_流量 偏高（残差 Z-score=6.4，实际=46.0 vs 预测=0.0）
1167,2024-05-04 13:36:00,2024-05-04 14:02:00,27.0,停机,IsolationForest; Mahalanobis; 单变量IQR+3σ; 残差,3488.249,702,Mahalanobis 距离=3488.2（阈值=10.8）。主要贡献特征：PC1 (100.0%)。
1168,2024-05-04 14:26:00,2024-05-04 14:29:00,4.0,停机,IsolationForest; Mahalanobis; 单变量IQR+3σ; 残差,0.652,104,正常
1169,2024-05-04 15:43:00,2024-05-04 15:43:00,1.0,停机,IsolationForest; Mahalanobis; 单变量IQR+3σ; 残差,6.529,26,残差异常：三机_转载机_减速器_冷却水_流量 偏高（残差 Z-score=6.5，实际=47.0 vs 预测=0.0）
1170,2024-05-04 15:45:00,2024-05-04 17:08:00,84.0,空载运行,IsolationForest; Mahalanobis; 单变量IQR+3σ; 残差,7820.136,2184,Mahalanobis 距离=7820.1（阈值=10.8）。主要贡献特征：PC1 (100.0%)。
1171,2024-05-04 17:24:00,2024-05-04 17:51:00,28.0,带载运行,IsolationForest; Mahalanobis; 单变量IQR+3σ; 残差,23.972,728,Mahalanobis 距离=24.0（阈值=10.8）。主要贡献特征：PC1 (100.0%)。
1172,2024-05-04 18:09:00,2024-05-04 18:14:00,6.0,停机,IsolationForest; Mahalanobis; 单变量IQR+3σ; 残差,8051.394,156,Mahalanobis 距离=8051.4（阈值=10.8）。主要贡献特征：PC1 (100.0%)。
1173,2024-05-04 18:16:00,2024-05-04 18:20:00,5.0,带载运行,IsolationForest; Mahalanobis; 单变量IQR+3σ; 残差,126.592,130,Mahalanobis 距离=126.6（阈值=10.8）。主要贡献特征：PC1 (100.0%)。
1174,2024-05-04 19:56:00,2024-05-04 19:56:00,1.0,带载运行,IsolationForest; Mahalanobis; 单变量IQR+3σ; 残差,5.328,26,正常
1175,2024-05-04 21:25:00,2024-05-04 21:53:00,29.0,带载运行,IsolationForest; Mahalanobis; 单变量IQR+3σ; 残差,28.013,754,Mahalanobis 距离=28.0（阈值=10.8）。主要贡献特征：PC1 (100.0%)。
1176,2024-05-04 22:08:00,2024-05-04 22:08:00,1.0,带载运行,IsolationForest; Mahalanobis; 单变量IQR+3σ; 残差,15.688,26,Mahalanobis 距离=15.7（阈值=10.8）。主要贡献特征：PC1 (100.0%)。
1177,2024-05-04 22:10:00,2024-05-04 22:47:00,38.0,带载运行,IsolationForest; Mahalanobis; 单变量IQR+3σ; 残差,23.319,988,Mahalanobis 距离=23.3（阈值=10.8）。主要贡献特征：PC1 (100.0%)。
1178,2024-05-04 23:37:00,2024-05-04 23:40:00,4.0,停机,IsolationForest; Mahalanobis; 单变量IQR+3σ; 残差,8049.854,104,Mahalanobis 距离=8049.9（阈值=10.8）。主要贡献特征：PC1 (100.0%)。
1179,2024-05-04 23:43:00,2024-05-04 23:47:00,5.0,带载运行,IsolationForest; Mahalanobis; 单变量IQR+3σ; 残差,141.142,130,Mahalanobis 距离=141.1（阈值=10.8）。主要贡献特征：PC1 (100.0%)。
1180,2024-05-05 00:24:00,2024-05-05 00:24:00,1.0,带载运行,IsolationForest; Mahalanobis; 单变量IQR+3σ; 残差,6.323,26,残差异常：三机_转载机_电机_电流 偏高（残差 Z-score=6.3，实际=166.0 vs 预测=90.6）
1181,2024-05-05 01:00:00,2024-05-05 01:03:00,4.0,停机,IsolationForest; Mahalanobis; 单变量IQR+3σ; 残差,8032.667,104,Mahalanobis 距离=8032.7（阈值=10.8）。主要贡献特征：PC1 (100.0%)。
1182,2024-05-05 01:06:00,2024-05-05 01:10:00,5.0,带载运行,IsolationForest; Mahalanobis; 单变量IQR+3σ; 残差,108.207,130,Mahalanobis 距离=108.2（阈值=10.8）。主要贡献特征：PC1 (100.0%)。
1183,2024-05-05 01:19:00,2024-05-05 01:19:00,1.0,带载运行,IsolationForest; Mahalanobis; 单变量IQR+3σ; 残差,3.018,26,残差异常：三机_转载机_减速器_冷却水_温度 偏高（残差 Z-score=3.0，实际=47.1 vs 预测=41.5）
1184,2024-05-05 03:51:00,2024-05-05 04:03:00,13.0,停机,IsolationForest; Mahalanobis; 单变量IQR+3σ; 残差,3490.92,338,Mahalanobis 距离=3490.9（阈值=10.8）。主要贡献特征：PC1 (100.0%)。
1185,2024-05-05 04:25:00,2024-05-05 04:29:00,5.0,带载运行,IsolationForest; Mahalanobis; 单变量IQR+3σ; 残差,128.614,130,Mahalanobis 距离=128.6（阈值=10.8）。主要贡献特征：PC1 (100.0%)。
1186,2024-05-05 04:41:00,2024-05-05 04:53:00,13.0,带载运行,IsolationForest; Mahalanobis; 单变量IQR+3σ; 残差,24.039,338,Mahalanobis 距离=24.0（阈值=10.8）。主要贡献特征：PC1 (100.0%)。
1187,2024-05-05 08:20:00,2024-05-05 08:28:00,9.0,停机,IsolationForest; Mahalanobis; 单变量IQR+3σ; 残差,8041.744,234,Mahalanobis 距离=8041.7（阈值=10.8）。主要贡献特征：PC1 (100.0%)。
1188,2024-05-05 09:33:00,2024-05-05 09:38:00,6.0,停机,IsolationForest; Mahalanobis; 单变量IQR+3σ; 残差,8986.404,156,Mahalanobis 距离=8986.4（阈值=10.8）。主要贡献特征：PC1 (100.0%)。
1189,2024-05-05 09:40:00,2024-05-05 09:45:00,6.0,停机,IsolationForest; Mahalanobis; 单变量IQR+3σ; 残差,4.988,156,残差异常：三机_转载机_减速器_冷却水_压力 偏高（残差 Z-score=5.0，实际=0.2 vs 预测=0.0）
1190,2024-05-05 09:49:00,2024-05-05 09:50:00,2.0,停机,IsolationForest; Mahalanobis; 单变量IQR+3σ; 残差,4.988,52,残差异常：三机_转载机_减速器_冷却水_压力 偏高（残差 Z-score=5.0，实际=0.2 vs 预测=0.0）
1191,2024-05-05 09:57:00,2024-05-05 10:03:00,7.0,带载运行,IsolationForest; Mahalanobis; 单变量IQR+3σ; 残差,146.874,182,Mahalanobis 距离=146.9（阈值=10.8）。主要贡献特征：PC1 (100.0%)。
1192,2024-05-05 10:09:00,2024-05-05 10:12:00,4.0,停机,IsolationForest; Mahalanobis; 单变量IQR+3σ; 残差,8037.796,104,Mahalanobis 距离=8037.8（阈值=10.8）。主要贡献特征：PC1 (100.0%)。
1193,2024-05-05 10:15:00,2024-05-05 10:20:00,6.0,带载运行,IsolationForest; Mahalanobis; 单变量IQR+3σ; 残差,116.213,156,Mahalanobis 距离=116.2（阈值=10.8）。主要贡献特征：PC1 (100.0%)。
1194,2024-05-05 10:24:00,2024-05-05 10:27:00,4.0,停机,IsolationForest; Mahalanobis; 单变量IQR+3σ; 残差,8043.21,104,Mahalanobis 距离=8043.2（阈值=10.8）。主要贡献特征：PC1 (100.0%)。
1195,2024-05-05 10:29:00,2024-05-05 10:31:00,3.0,停机,IsolationForest; Mahalanobis; 单变量IQR+3σ; 残差,1.519,78,正常
1196,2024-05-05 10:34:00,2024-05-05 10:34:00,1.0,停机,IsolationForest; Mahalanobis; 单变量IQR+3σ; 残差,4.434,26,残差异常：三机_转载机_减速器_冷却水_压力 偏高（残差 Z-score=4.4，实际=0.2 vs 预测=0.0）
1197,2024-05-05 10:42:00,2024-05-05 10:42:00,1.0,停机,IsolationForest; Mahalanobis; 单变量IQR+3σ; 残差,3.88,26,残差异常：三机_转载机_减速器_冷却水_压力 偏高（残差 Z-score=3.9，实际=0.2 vs 预测=0.1）
1198,2024-05-05 10:44:00,2024-05-05 10:58:00,15.0,停机,IsolationForest; Mahalanobis; 单变量IQR+3σ; 残差,877.625,390,Mahalanobis 距离=877.6（阈值=10.8）。主要贡献特征：PC1 (100.0%)。
1199,2024-05-05 11:02:00,2024-05-05 11:02:00,1.0,停机,IsolationForest; Mahalanobis; 单变量IQR+3σ; 残差,0.885,26,正常
1200,2024-05-05 11:08:00,2024-05-05 11:12:00,5.0,停机,IsolationForest; Mahalanobis; 单变量IQR+3σ; 残差,509.634,130,Mahalanobis 距离=509.6（阈值=10.8）。主要贡献特征：PC1 (100.0%)。
1201,2024-05-05 11:17:00,2024-05-05 11:19:00,3.0,停机,IsolationForest; Mahalanobis; 单变量IQR+3σ; 残差,0.921,78,正常
1202,2024-05-05 12:13:00,2024-05-05 12:13:00,1.0,停机,IsolationForest; Mahalanobis; 单变量IQR+3σ; 残差,1.109,26,正常
1203,2024-05-05 13:17:00,2024-05-05 13:22:00,6.0,带载运行,IsolationForest; Mahalanobis; 单变量IQR+3σ; 残差,146.733,156,Mahalanobis 距离=146.7（阈值=10.8）。主要贡献特征：PC1 (100.0%)。
1204,2024-05-05 13:28:00,2024-05-05 14:14:00,47.0,停机,IsolationForest; Mahalanobis; 单变量IQR+3σ; 残差,11.498,1222,残差异常：三机_转载机_变频器_腔体温度 偏高（残差 Z-score=11.5，实际=39.0 vs 预测=0.0）
1205,2024-05-05 14:25:00,2024-05-05 14:25:00,1.0,带载运行,IsolationForest; Mahalanobis; 单变量IQR+3σ; 残差,147.234,26,Mahalanobis 距离=147.2（阈值=10.8）。主要贡献特征：PC1 (100.0%)。
1206,2024-05-05 14:48:00,2024-05-05 14:57:00,10.0,停机,IsolationForest; Mahalanobis; 单变量IQR+3σ; 残差,1032.979,260,Mahalanobis 距离=1033.0（阈值=10.8）。主要贡献特征：PC1 (100.0%)。
1207,2024-05-05 15:31:00,2024-05-05 16:16:00,46.0,带载运行,IsolationForest; Mahalanobis; 单变量IQR+3σ; 残差,142.731,1196,Mahalanobis 距离=142.7（阈值=10.8）。主要贡献特征：PC1 (100.0%)。
1208,2024-05-05 16:31:00,2024-05-05 16:33:00,3.0,带载运行,IsolationForest; Mahalanobis; 单变量IQR+3σ; 残差,13.424,78,Mahalanobis 距离=13.4（阈值=10.8）。主要贡献特征：PC1 (100.0%)。
1209,2024-05-05 16:36:00,2024-05-05 16:44:00,9.0,停机,IsolationForest; Mahalanobis; 单变量IQR+3σ; 残差,8063.792,234,Mahalanobis 距离=8063.8（阈值=10.8）。主要贡献特征：PC1 (100.0%)。
1210,2024-05-05 17:09:00,2024-05-05 17:13:00,5.0,带载运行,IsolationForest; Mahalanobis; 单变量IQR+3σ; 残差,147.088,130,Mahalanobis 距离=147.1（阈值=10.8）。主要贡献特征：PC1 (100.0%)。
1211,2024-05-05 18:19:00,2024-05-05 18:25:00,7.0,停机,IsolationForest; Mahalanobis; 单变量IQR+3σ; 残差,7432.968,182,Mahalanobis 距离=7433.0（阈值=10.8）。主要贡献特征：PC1 (100.0%)。
1212,2024-05-05 18:30:00,2024-05-05 18:55:00,26.0,带载运行,IsolationForest; Mahalanobis; 单变量IQR+3σ; 残差,112.84,676,Mahalanobis 距离=112.8（阈值=10.8）。主要贡献特征：PC1 (100.0%)。
1213,2024-05-05 19:20:00,2024-05-05 19:20:00,1.0,带载运行,IsolationForest; Mahalanobis; 单变量IQR+3σ; 残差,1.815,26,正常
1214,2024-05-05 19:49:00,2024-05-05 20:08:00,20.0,带载运行,IsolationForest; Mahalanobis; 单变量IQR+3σ; 残差,25.536,520,Mahalanobis 距离=25.5（阈值=10.8）。主要贡献特征：PC1 (100.0%)。
1215,2024-05-05 20:38:00,2024-05-05 21:03:00,26.0,带载运行,IsolationForest; Mahalanobis; 单变量IQR+3σ; 残差,25.415,676,Mahalanobis 距离=25.4（阈值=10.8）。主要贡献特征：PC1 (100.0%)。
1216,2024-05-05 21:17:00,2024-05-05 21:17:00,1.0,带载运行,IsolationForest; Mahalanobis; 单变量IQR+3σ; 残差,1.03,26,正常
1217,2024-05-05 21:43:00,2024-05-05 21:46:00,4.0,带载运行,IsolationForest; Mahalanobis; 单变量IQR+3σ; 残差,18.592,104,Mahalanobis 距离=18.6（阈值=10.8）。主要贡献特征：PC1 (100.0%)。
1218,2024-05-05 22:27:00,2024-05-05 22:34:00,8.0,带载运行,IsolationForest; Mahalanobis; 单变量IQR+3σ; 残差,8.524,208,正常
1219,2024-05-05 22:37:00,2024-05-05 22:43:00,7.0,带载运行,IsolationForest; Mahalanobis; 单变量IQR+3σ; 残差,5.379,182,正常
1220,2024-05-05 23:42:00,2024-05-05 23:45:00,4.0,停机,IsolationForest; Mahalanobis; 单变量IQR+3σ; 残差,8044.488,104,Mahalanobis 距离=8044.5（阈值=10.8）。主要贡献特征：PC1 (100.0%)。
1221,2024-05-05 23:56:00,2024-05-05 23:59:00,4.0,带载运行,IsolationForest; Mahalanobis; 单变量IQR+3σ; 残差,113.319,104,Mahalanobis 距离=113.3（阈值=10.8）。主要贡献特征：PC1 (100.0%)。
1222,2024-05-06 00:04:00,2024-05-06 00:04:00,1.0,带载运行,IsolationForest; Mahalanobis; 单变量IQR+3σ; 残差,0.883,26,正常
1223,2024-05-06 00:17:00,2024-05-06 00:25:00,9.0,停机,IsolationForest; Mahalanobis; 单变量IQR+3σ; 残差,8045.583,234,Mahalanobis 距离=8045.6（阈值=10.8）。主要贡献特征：PC1 (100.0%)。
1224,2024-05-06 00:50:00,2024-05-06 01:03:00,14.0,带载运行,IsolationForest; Mahalanobis; 单变量IQR+3σ; 残差,3.577,364,单变量异常：三机_转载机_电机_电流（z-score=3.6，实际=139.0，均值=86.6±14.6）
1225,2024-05-06 01:07:00,2024-05-06 01:14:00,8.0,带载运行,IsolationForest; Mahalanobis; 单变量IQR+3σ; 残差,7.677,208,正常
1226,2024-05-06 01:30:00,2024-05-06 01:37:00,8.0,带载运行,IsolationForest; Mahalanobis; 单变量IQR+3σ; 残差,64.633,208,Mahalanobis 距离=64.6（阈值=10.8）。主要贡献特征：PC1 (100.0%)。
1227,2024-05-06 01:40:00,2024-05-06 01:50:00,11.0,带载运行,IsolationForest; Mahalanobis; 单变量IQR+3σ; 残差,3.031,286,单变量异常：三机_转载机_电机_电流（z-score=3.0，实际=131.0，均值=86.6±14.6）
1228,2024-05-06 02:02:00,2024-05-06 02:05:00,4.0,停机,IsolationForest; Mahalanobis; 单变量IQR+3σ; 残差,8038.057,104,Mahalanobis 距离=8038.1（阈值=10.8）。主要贡献特征：PC1 (100.0%)。
1229,2024-05-06 02:16:00,2024-05-06 02:16:00,1.0,停机,IsolationForest; Mahalanobis; 单变量IQR+3σ; 残差,1.858,26,正常
1230,2024-05-06 02:18:00,2024-05-06 02:22:00,5.0,带载运行,IsolationForest; Mahalanobis; 单变量IQR+3σ; 残差,133.02,130,Mahalanobis 距离=133.0（阈值=10.8）。主要贡献特征：PC1 (100.0%)。
1231,2024-05-06 03:04:00,2024-05-06 03:04:00,1.0,带载运行,IsolationForest; Mahalanobis; 单变量IQR+3σ; 残差,1.55,26,正常
1232,2024-05-06 03:28:00,2024-05-06 03:37:00,10.0,带载运行,IsolationForest; Mahalanobis; 单变量IQR+3σ; 残差,3.099,260,正常
1233,2024-05-06 06:07:00,2024-05-06 06:07:00,1.0,带载运行,IsolationForest; Mahalanobis; 单变量IQR+3σ; 残差,2.079,26,正常
1234,2024-05-06 06:37:00,2024-05-06 06:37:00,1.0,带载运行,IsolationForest; Mahalanobis; 单变量IQR+3σ; 残差,1.067,26,正常
1235,2024-05-06 07:00:00,2024-05-06 07:01:00,2.0,带载运行,IsolationForest; Mahalanobis; 单变量IQR+3σ; 残差,3.451,52,残差异常：三机_转载机_减速器_冷却水_温度 偏高（残差 Z-score=3.5，实际=51.7 vs 预测=45.3）
1236,2024-05-06 07:19:00,2024-05-06 07:21:00,3.0,带载运行,IsolationForest; Mahalanobis; 单变量IQR+3σ; 残差,2.435,78,单变量异常：三机_转载机_减速器_冷却水_温度（z-score=2.4，实际=54.0，均值=42.3±4.8）
1237,2024-05-06 07:51:00,2024-05-06 08:06:00,16.0,带载运行,IsolationForest; Mahalanobis; 单变量IQR+3σ; 残差,16.738,416,Mahalanobis 距离=16.7（阈值=10.8）。主要贡献特征：PC1 (100.0%)。
1238,2024-05-06 08:20:00,2024-05-06 08:23:00,4.0,停机,IsolationForest; Mahalanobis; 单变量IQR+3σ; 残差,8052.056,104,Mahalanobis 距离=8052.1（阈值=10.8）。主要贡献特征：PC1 (100.0%)。
1239,2024-05-06 08:28:00,2024-05-06 08:32:00,5.0,带载运行,IsolationForest; Mahalanobis; 单变量IQR+3σ; 残差,126.226,130,Mahalanobis 距离=126.2（阈值=10.8）。主要贡献特征：PC1 (100.0%)。
1240,2024-05-06 08:34:00,2024-05-06 08:46:00,13.0,停机,IsolationForest; Mahalanobis; 单变量IQR+3σ; 残差,4533.288,338,Mahalanobis 距离=4533.3（阈值=10.8）。主要贡献特征：PC1 (100.0%)。
1241,2024-05-06 08:48:00,2024-05-06 08:49:00,2.0,停机,IsolationForest; Mahalanobis; 单变量IQR+3σ; 残差,4.434,52,残差异常：三机_转载机_减速器_冷却水_压力 偏高（残差 Z-score=4.4，实际=0.2 vs 预测=0.0）
1242,2024-05-06 08:55:00,2024-05-06 08:56:00,2.0,停机,IsolationForest; Mahalanobis; 单变量IQR+3σ; 残差,4.988,52,残差异常：三机_转载机_减速器_冷却水_压力 偏高（残差 Z-score=5.0，实际=0.2 vs 预测=0.0）
1243,2024-05-06 08:59:00,2024-05-06 09:00:00,2.0,停机,IsolationForest; Mahalanobis; 单变量IQR+3σ; 残差,1.451,52,正常
1244,2024-05-06 09:08:00,2024-05-06 09:12:00,5.0,停机,IsolationForest; Mahalanobis; 单变量IQR+3σ; 残差,2.825,130,正常
1245,2024-05-06 09:34:00,2024-05-06 10:19:00,46.0,停机,IsolationForest; Mahalanobis; 单变量IQR+3σ; 残差,687.397,1196,Mahalanobis 距离=687.4（阈值=10.8）。主要贡献特征：PC1 (100.0%)。
1246,2024-05-06 11:09:00,2024-05-06 13:01:00,113.0,停机,IsolationForest; Mahalanobis; 单变量IQR+3σ; 残差,347.454,2938,Mahalanobis 距离=347.5（阈值=10.8）。主要贡献特征：PC1 (100.0%)。
1247,2024-05-06 13:03:00,2024-05-06 13:05:00,3.0,停机,IsolationForest; Mahalanobis; 单变量IQR+3σ; 残差,5.434,78,残差异常：三机_转载机_减速器_冷却水_温度 偏高（残差 Z-score=5.4，实际=41.0 vs 预测=33.9）
1248,2024-05-06 13:07:00,2024-05-06 13:15:00,9.0,停机,IsolationForest; Mahalanobis; 单变量IQR+3σ; 残差,5.266,234,残差异常：三机_转载机_减速器_冷却水_温度 偏高（残差 Z-score=5.3，实际=42.5 vs 预测=35.6）
1249,2024-05-06 13:23:00,2024-05-06 13:37:00,15.0,停机,IsolationForest; Mahalanobis; 单变量IQR+3σ; 残差,330.969,390,Mahalanobis 距离=331.0（阈值=10.8）。主要贡献特征：PC1 (100.0%)。
1250,2024-05-06 13:58:00,2024-05-06 14:10:00,13.0,停机,IsolationForest; Mahalanobis; 单变量IQR+3σ; 残差,12.088,338,残差异常：三机_转载机_变频器_腔体温度 偏高（残差 Z-score=12.1，实际=41.0 vs 预测=0.0）
1251,2024-05-06 14:56:00,2024-05-06 15:16:00,21.0,空载运行,IsolationForest; Mahalanobis; 单变量IQR+3σ; 残差,490.409,546,Mahalanobis 距离=490.4（阈值=10.8）。主要贡献特征：PC1 (100.0%)。
1252,2024-05-06 15:18:00,2024-05-06 15:29:00,12.0,停机,IsolationForest; Mahalanobis; 单变量IQR+3σ; 残差,2480.059,312,Mahalanobis 距离=2480.1（阈值=10.8）。主要贡献特征：PC1 (100.0%)。
1253,2024-05-06 15:57:00,2024-05-06 16:30:00,34.0,带载运行,IsolationForest; Mahalanobis; 单变量IQR+3σ; 残差,118.626,884,Mahalanobis 距离=118.6（阈值=10.8）。主要贡献特征：PC1 (100.0%)。
1254,2024-05-06 16:35:00,2024-05-06 17:12:00,38.0,停机,IsolationForest; Mahalanobis; 单变量IQR+3σ; 残差,8077.583,988,Mahalanobis 距离=8077.6（阈值=10.8）。主要贡献特征：PC1 (100.0%)。
1255,2024-05-06 17:22:00,2024-05-06 17:28:00,7.0,停机,IsolationForest; Mahalanobis; 单变量IQR+3σ; 残差,5495.548,182,Mahalanobis 距离=5495.5（阈值=10.8）。主要贡献特征：PC1 (100.0%)。
1256,2024-05-06 17:40:00,2024-05-06 17:44:00,5.0,带载运行,IsolationForest; Mahalanobis; 单变量IQR+3σ; 残差,141.549,130,Mahalanobis 距离=141.5（阈值=10.8）。主要贡献特征：PC1 (100.0%)。
1257,2024-05-06 18:14:00,2024-05-06 18:14:00,1.0,带载运行,IsolationForest; Mahalanobis; 单变量IQR+3σ; 残差,3.891,26,残差异常：三机_转载机_电机_电流 偏高（残差 Z-score=3.9，实际=138.0 vs 预测=91.6）
1258,2024-05-06 18:34:00,2024-05-06 18:41:00,8.0,带载运行,IsolationForest; Mahalanobis; 单变量IQR+3σ; 残差,16.672,208,Mahalanobis 距离=16.7（阈值=10.8）。主要贡献特征：PC1 (100.0%)。
1259,2024-05-06 19:17:00,2024-05-06 19:20:00,4.0,停机,IsolationForest; Mahalanobis; 单变量IQR+3σ; 残差,8041.393,104,Mahalanobis 距离=8041.4（阈值=10.8）。主要贡献特征：PC1 (100.0%)。
1260,2024-05-06 19:32:00,2024-05-06 19:36:00,5.0,带载运行,IsolationForest; Mahalanobis; 单变量IQR+3σ; 残差,139.964,130,Mahalanobis 距离=140.0（阈值=10.8）。主要贡献特征：PC1 (100.0%)。
1261,2024-05-06 21:28:00,2024-05-06 21:31:00,4.0,带载运行,IsolationForest; Mahalanobis; 单变量IQR+3σ; 残差,14.573,104,Mahalanobis 距离=14.6（阈值=10.8）。主要贡献特征：PC1 (100.0%)。
1262,2024-05-06 22:40:00,2024-05-06 22:49:00,10.0,带载运行,IsolationForest; Mahalanobis; 单变量IQR+3σ; 残差,24.15,260,Mahalanobis 距离=24.2（阈值=10.8）。主要贡献特征：PC1 (100.0%)。
1263,2024-05-06 23:25:00,2024-05-06 23:38:00,14.0,带载运行,IsolationForest; Mahalanobis; 单变量IQR+3σ; 残差,19.208,364,Mahalanobis 距离=19.2（阈值=10.8）。主要贡献特征：PC1 (100.0%)。
1264,2024-05-06 23:48:00,2024-05-06 23:53:00,6.0,带载运行,IsolationForest; Mahalanobis; 单变量IQR+3σ; 残差,23.999,156,Mahalanobis 距离=24.0（阈值=10.8）。主要贡献特征：PC1 (100.0%)。
1265,2024-05-07 03:15:00,2024-05-07 03:15:00,1.0,带载运行,IsolationForest; Mahalanobis; 单变量IQR+3σ; 残差,3.035,26,残差异常：三机_转载机_电机_电流 偏高（残差 Z-score=3.0，实际=130.0 vs 预测=93.8）
1266,2024-05-07 03:28:00,2024-05-07 03:30:00,3.0,带载运行,IsolationForest; Mahalanobis; 单变量IQR+3σ; 残差,2.484,78,正常
1267,2024-05-07 03:36:00,2024-05-07 03:39:00,4.0,带载运行,IsolationForest; Mahalanobis; 单变量IQR+3σ; 残差,2.962,104,正常
1268,2024-05-07 03:48:00,2024-05-07 03:51:00,4.0,停机,IsolationForest; Mahalanobis; 单变量IQR+3σ; 残差,8043.883,104,Mahalanobis 距离=8043.9（阈值=10.8）。主要贡献特征：PC1 (100.0%)。
1269,2024-05-07 05:13:00,2024-05-07 05:18:00,6.0,带载运行,IsolationForest; Mahalanobis; 单变量IQR+3σ; 残差,146.814,156,Mahalanobis 距离=146.8（阈值=10.8）。主要贡献特征：PC1 (100.0%)。
1270,2024-05-07 06:58:00,2024-05-07 06:58:00,1.0,带载运行,IsolationForest; Mahalanobis; 单变量IQR+3σ; 残差,5.665,26,正常
1271,2024-05-07 08:14:00,2024-05-07 08:17:00,4.0,停机,IsolationForest; Mahalanobis; 单变量IQR+3σ; 残差,8036.227,104,Mahalanobis 距离=8036.2（阈值=10.8）。主要贡献特征：PC1 (100.0%)。
1272,2024-05-07 08:22:00,2024-05-07 08:25:00,4.0,带载运行,IsolationForest; Mahalanobis; 单变量IQR+3σ; 残差,110.987,104,Mahalanobis 距离=111.0（阈值=10.8）。主要贡献特征：PC1 (100.0%)。
1273,2024-05-07 09:29:00,2024-05-07 10:03:00,35.0,停机,IsolationForest; Mahalanobis; 单变量IQR+3σ; 残差,8051.697,910,Mahalanobis 距离=8051.7（阈值=10.8）。主要贡献特征：PC1 (100.0%)。
1274,2024-05-07 10:06:00,2024-05-07 10:27:00,22.0,停机,IsolationForest; Mahalanobis; 单变量IQR+3σ; 残差,6730.693,572,Mahalanobis 距离=6730.7（阈值=10.8）。主要贡献特征：PC1 (100.0%)。
1275,2024-05-07 10:31:00,2024-05-07 10:31:00,1.0,停机,IsolationForest; Mahalanobis; 单变量IQR+3σ; 残差,1.837,26,正常
1276,2024-05-07 10:35:00,2024-05-07 11:03:00,29.0,停机,IsolationForest; Mahalanobis; 单变量IQR+3σ; 残差,7066.406,754,Mahalanobis 距离=7066.4（阈值=10.8）。主要贡献特征：PC1 (100.0%)。
1277,2024-05-07 11:05:00,2024-05-07 11:06:00,2.0,停机,IsolationForest; Mahalanobis; 单变量IQR+3σ; 残差,1.661,52,正常
1278,2024-05-07 11:20:00,2024-05-07 11:24:00,5.0,停机,IsolationForest; Mahalanobis; 单变量IQR+3σ; 残差,811.015,130,Mahalanobis 距离=811.0（阈值=10.8）。主要贡献特征：PC1 (100.0%)。
1279,2024-05-07 11:26:00,2024-05-07 11:43:00,18.0,停机,IsolationForest; Mahalanobis; 单变量IQR+3σ; 残差,487.786,468,Mahalanobis 距离=487.8（阈值=10.8）。主要贡献特征：PC1 (100.0%)。
1280,2024-05-07 11:50:00,2024-05-07 11:50:00,1.0,停机,IsolationForest; Mahalanobis; 单变量IQR+3σ; 残差,0.466,26,正常
1281,2024-05-07 12:23:00,2024-05-07 12:27:00,5.0,带载运行,IsolationForest; Mahalanobis; 单变量IQR+3σ; 残差,147.176,130,Mahalanobis 距离=147.2（阈值=10.8）。主要贡献特征：PC1 (100.0%)。
1282,2024-05-07 12:36:00,2024-05-07 12:43:00,8.0,停机,IsolationForest; Mahalanobis; 单变量IQR+3σ; 残差,336.236,208,Mahalanobis 距离=336.2（阈值=10.8）。主要贡献特征：PC1 (100.0%)。
1283,2024-05-07 13:54:00,2024-05-07 14:01:00,8.0,停机,IsolationForest; Mahalanobis; 单变量IQR+3σ; 残差,498.178,208,Mahalanobis 距离=498.2（阈值=10.8）。主要贡献特征：PC1 (100.0%)。
1284,2024-05-07 16:08:00,2024-05-07 16:48:00,41.0,带载运行,IsolationForest; Mahalanobis; 单变量IQR+3σ; 残差,121.96,1066,Mahalanobis 距离=122.0（阈值=10.8）。主要贡献特征：PC1 (100.0%)。
1285,2024-05-07 17:10:00,2024-05-07 17:13:00,4.0,带载运行,IsolationForest; Mahalanobis; 单变量IQR+3σ; 残差,2.16,104,单变量异常：三机_转载机_减速器_油箱_油位（z-score=2.2，实际=493.0，均值=296.1±91.2）
1286,2024-05-07 18:00:00,2024-05-07 18:34:00,35.0,带载运行,IsolationForest; Mahalanobis; 单变量IQR+3σ; 残差,24.018,910,Mahalanobis 距离=24.0（阈值=10.8）。主要贡献特征：PC1 (100.0%)。
1287,2024-05-07 19:17:00,2024-05-07 19:21:00,5.0,带载运行,IsolationForest; Mahalanobis; 单变量IQR+3σ; 残差,23.932,130,Mahalanobis 距离=23.9（阈值=10.8）。主要贡献特征：PC1 (100.0%)。
1288,2024-05-07 19:23:00,2024-05-07 19:26:00,4.0,停机,IsolationForest; Mahalanobis; 单变量IQR+3σ; 残差,7734.463,104,Mahalanobis 距离=7734.5（阈值=10.8）。主要贡献特征：PC1 (100.0%)。
1289,2024-05-07 19:38:00,2024-05-07 19:42:00,5.0,带载运行,IsolationForest; Mahalanobis; 单变量IQR+3σ; 残差,125.26,130,Mahalanobis 距离=125.3（阈值=10.8）。主要贡献特征：PC1 (100.0%)。
1290,2024-05-07 19:51:00,2024-05-07 19:54:00,4.0,停机,IsolationForest; Mahalanobis; 单变量IQR+3σ; 残差,8047.441,104,Mahalanobis 距离=8047.4（阈值=10.8）。主要贡献特征：PC1 (100.0%)。
1291,2024-05-07 20:00:00,2024-05-07 20:04:00,5.0,带载运行,IsolationForest; Mahalanobis; 单变量IQR+3σ; 残差,145.738,130,Mahalanobis 距离=145.7（阈值=10.8）。主要贡献特征：PC1 (100.0%)。
1292,2024-05-07 20:08:00,2024-05-07 20:19:00,12.0,带载运行,IsolationForest; Mahalanobis; 单变量IQR+3σ; 残差,24.055,312,Mahalanobis 距离=24.1（阈值=10.8）。主要贡献特征：PC1 (100.0%)。
1293,2024-05-07 20:38:00,2024-05-07 21:02:00,25.0,带载运行,IsolationForest; Mahalanobis; 单变量IQR+3σ; 残差,24.009,650,Mahalanobis 距离=24.0（阈值=10.8）。主要贡献特征：PC1 (100.0%)。
1294,2024-05-07 21:09:00,2024-05-07 21:25:00,17.0,带载运行,IsolationForest; Mahalanobis; 单变量IQR+3σ; 残差,24.125,442,Mahalanobis 距离=24.1（阈值=10.8）。主要贡献特征：PC1 (100.0%)。
1295,2024-05-07 22:40:00,2024-05-07 22:54:00,15.0,带载运行,IsolationForest; Mahalanobis; 单变量IQR+3σ; 残差,23.898,390,Mahalanobis 距离=23.9（阈值=10.8）。主要贡献特征：PC1 (100.0%)。
1296,2024-05-07 23:22:00,2024-05-07 23:23:00,2.0,带载运行,IsolationForest; Mahalanobis; 单变量IQR+3σ; 残差,11.938,52,Mahalanobis 距离=11.9（阈值=10.8）。主要贡献特征：PC1 (100.0%)。
1297,2024-05-07 23:48:00,2024-05-07 23:55:00,8.0,带载运行,IsolationForest; Mahalanobis; 单变量IQR+3σ; 残差,24.093,208,Mahalanobis 距离=24.1（阈值=10.8）。主要贡献特征：PC1 (100.0%)。
1298,2024-05-08 00:38:00,2024-05-08 00:38:00,1.0,带载运行,IsolationForest; Mahalanobis; 单变量IQR+3σ; 残差,6.146,26,正常
1299,2024-05-08 00:43:00,2024-05-08 00:44:00,2.0,带载运行,IsolationForest; Mahalanobis; 单变量IQR+3σ; 残差,6.2,52,正常
1300,2024-05-08 00:48:00,2024-05-08 00:48:00,1.0,带载运行,IsolationForest; Mahalanobis; 单变量IQR+3σ; 残差,6.307,26,正常
1301,2024-05-08 01:05:00,2024-05-08 01:07:00,3.0,带载运行,IsolationForest; Mahalanobis; 单变量IQR+3σ; 残差,2.813,78,正常
1302,2024-05-08 02:00:00,2024-05-08 02:06:00,7.0,停机,IsolationForest; Mahalanobis; 单变量IQR+3σ; 残差,8368.784,182,Mahalanobis 距离=8368.8（阈值=10.8）。主要贡献特征：PC1 (100.0%)。
1303,2024-05-08 02:44:00,2024-05-08 02:47:00,4.0,停机,IsolationForest; Mahalanobis; 单变量IQR+3σ; 残差,8377.853,104,Mahalanobis 距离=8377.9（阈值=10.8）。主要贡献特征：PC1 (100.0%)。
1304,2024-05-08 03:08:00,2024-05-08 03:11:00,4.0,带载运行,IsolationForest; Mahalanobis; 单变量IQR+3σ; 残差,125.243,104,Mahalanobis 距离=125.2（阈值=10.8）。主要贡献特征：PC1 (100.0%)。
1305,2024-05-08 03:13:00,2024-05-08 03:14:00,2.0,带载运行,IsolationForest; Mahalanobis; 单变量IQR+3σ; 残差,6.18,52,正常
1306,2024-05-08 04:57:00,2024-05-08 05:00:00,4.0,停机,IsolationForest; Mahalanobis; 单变量IQR+3σ; 残差,8212.088,104,Mahalanobis 距离=8212.1（阈值=10.8）。主要贡献特征：PC1 (100.0%)。
1307,2024-05-08 05:02:00,2024-05-08 05:02:00,1.0,停机,IsolationForest; Mahalanobis; 单变量IQR+3σ; 残差,2.217,26,正常
1308,2024-05-08 05:04:00,2024-05-08 05:07:00,4.0,带载运行,IsolationForest; Mahalanobis; 单变量IQR+3σ; 残差,122.862,104,Mahalanobis 距离=122.9（阈值=10.8）。主要贡献特征：PC1 (100.0%)。
1309,2024-05-08 05:41:00,2024-05-08 05:41:00,1.0,带载运行,IsolationForest; Mahalanobis; 单变量IQR+3σ; 残差,3.115,26,残差异常：三机_转载机_减速器_冷却水_温度 偏高（残差 Z-score=3.1，实际=48.7 vs 预测=42.9）
1310,2024-05-08 07:31:00,2024-05-08 07:34:00,4.0,停机,IsolationForest; Mahalanobis; 单变量IQR+3σ; 残差,7520.251,104,Mahalanobis 距离=7520.3（阈值=10.8）。主要贡献特征：PC1 (100.0%)。
1311,2024-05-08 07:44:00,2024-05-08 07:48:00,5.0,带载运行,IsolationForest; Mahalanobis; 单变量IQR+3σ; 残差,120.18,130,Mahalanobis 距离=120.2（阈值=10.8）。主要贡献特征：PC1 (100.0%)。
1312,2024-05-08 07:57:00,2024-05-08 08:02:00,6.0,带载运行,IsolationForest; Mahalanobis; 单变量IQR+3σ; 残差,16.333,156,Mahalanobis 距离=16.3（阈值=10.8）。主要贡献特征：PC1 (100.0%)。
1313,2024-05-08 08:10:00,2024-05-08 08:10:00,1.0,带载运行,IsolationForest; Mahalanobis; 单变量IQR+3σ; 残差,3.091,26,正常
1314,2024-05-08 08:36:00,2024-05-08 08:45:00,10.0,停机,IsolationForest; Mahalanobis; 单变量IQR+3σ; 残差,8040.08,260,Mahalanobis 距离=8040.1（阈值=10.8）。主要贡献特征：PC1 (100.0%)。
1315,2024-05-08 08:50:00,2024-05-08 10:27:00,98.0,停机,IsolationForest; Mahalanobis; 单变量IQR+3σ; 残差,6731.134,2548,Mahalanobis 距离=6731.1（阈值=10.8）。主要贡献特征：PC1 (100.0%)。
1316,2024-05-08 10:30:00,2024-05-08 10:31:00,2.0,停机,IsolationForest; Mahalanobis; 单变量IQR+3σ; 残差,1.473,52,正常
1317,2024-05-08 10:35:00,2024-05-08 10:45:00,11.0,停机,IsolationForest; Mahalanobis; 单变量IQR+3σ; 残差,482.578,286,Mahalanobis 距离=482.6（阈值=10.8）。主要贡献特征：PC1 (100.0%)。
1318,2024-05-08 10:50:00,2024-05-08 11:01:00,12.0,停机,IsolationForest; Mahalanobis; 单变量IQR+3σ; 残差,677.716,312,Mahalanobis 距离=677.7（阈值=10.8）。主要贡献特征：PC1 (100.0%)。
1319,2024-05-08 11:09:00,2024-05-08 11:18:00,10.0,停机,IsolationForest; Mahalanobis; 单变量IQR+3σ; 残差,333.889,260,Mahalanobis 距离=333.9（阈值=10.8）。主要贡献特征：PC1 (100.0%)。
1320,2024-05-08 11:21:00,2024-05-08 11:21:00,1.0,停机,IsolationForest; Mahalanobis; 单变量IQR+3σ; 残差,0.689,26,正常
1321,2024-05-08 12:13:00,2024-05-08 12:17:00,5.0,带载运行,IsolationForest; Mahalanobis; 单变量IQR+3σ; 残差,146.824,130,Mahalanobis 距离=146.8（阈值=10.8）。主要贡献特征：PC1 (100.0%)。
1322,2024-05-08 13:31:00,2024-05-08 13:33:00,3.0,停机,IsolationForest; Mahalanobis; 单变量IQR+3σ; 残差,0.467,78,正常
1323,2024-05-08 15:29:00,2024-05-08 16:43:00,75.0,停机,IsolationForest; Mahalanobis; 单变量IQR+3σ; 残差,6758.978,1950,Mahalanobis 距离=6759.0（阈值=10.8）。主要贡献特征：PC1 (100.0%)。
1324,2024-05-08 16:51:00,2024-05-08 16:51:00,1.0,停机,IsolationForest; Mahalanobis; 单变量IQR+3σ; 残差,0.544,26,正常
1325,2024-05-08 16:53:00,2024-05-08 17:02:00,10.0,带载运行,IsolationForest; Mahalanobis; 单变量IQR+3σ; 残差,119.563,260,Mahalanobis 距离=119.6（阈值=10.8）。主要贡献特征：PC1 (100.0%)。
1326,2024-05-08 17:22:00,2024-05-08 17:25:00,4.0,停机,IsolationForest; Mahalanobis; 单变量IQR+3σ; 残差,8064.458,104,Mahalanobis 距离=8064.5（阈值=10.8）。主要贡献特征：PC1 (100.0%)。
1327,2024-05-08 17:55:00,2024-05-08 18:10:00,16.0,停机,IsolationForest; Mahalanobis; 单变量IQR+3σ; 残差,4061.061,416,Mahalanobis 距离=4061.1（阈值=10.8）。主要贡献特征：PC1 (100.0%)。
1328,2024-05-08 18:17:00,2024-05-08 18:44:00,28.0,带载运行,IsolationForest; Mahalanobis; 单变量IQR+3σ; 残差,147.18,728,Mahalanobis 距离=147.2（阈值=10.8）。主要贡献特征：PC1 (100.0%)。
1329,2024-05-08 18:48:00,2024-05-08 19:20:00,33.0,带载运行,IsolationForest; Mahalanobis; 单变量IQR+3σ; 残差,12.707,858,Mahalanobis 距离=12.7（阈值=10.8）。主要贡献特征：PC1 (100.0%)。
1330,2024-05-08 19:26:00,2024-05-08 19:30:00,5.0,带载运行,IsolationForest; Mahalanobis; 单变量IQR+3σ; 残差,12.627,130,Mahalanobis 距离=12.6（阈值=10.8）。主要贡献特征：PC1 (100.0%)。
1331,2024-05-08 19:40:00,2024-05-08 19:40:00,1.0,带载运行,IsolationForest; Mahalanobis; 单变量IQR+3σ; 残差,9.06,26,正常
1332,2024-05-08 19:44:00,2024-05-08 19:45:00,2.0,带载运行,IsolationForest; Mahalanobis; 单变量IQR+3σ; 残差,11.369,52,Mahalanobis 距离=11.4（阈值=10.8）。主要贡献特征：PC1 (100.0%)。
1333,2024-05-08 19:48:00,2024-05-08 21:24:00,97.0,停机,IsolationForest; Mahalanobis; 单变量IQR+3σ; 残差,9014.463,2522,Mahalanobis 距离=9014.5（阈值=10.8）。主要贡献特征：PC1 (100.0%)。
1334,2024-05-08 21:53:00,2024-05-08 21:57:00,5.0,带载运行,IsolationForest; Mahalanobis; 单变量IQR+3σ; 残差,24.088,130,Mahalanobis 距离=24.1（阈值=10.8）。主要贡献特征：PC1 (100.0%)。
1335,2024-05-08 22:14:00,2024-05-08 22:17:00,4.0,停机,IsolationForest; Mahalanobis; 单变量IQR+3σ; 残差,8043.281,104,Mahalanobis 距离=8043.3（阈值=10.8）。主要贡献特征：PC1 (100.0%)。
1336,2024-05-08 22:39:00,2024-05-08 22:43:00,5.0,带载运行,IsolationForest; Mahalanobis; 单变量IQR+3σ; 残差,146.047,130,Mahalanobis 距离=146.0（阈值=10.8）。主要贡献特征：PC1 (100.0%)。
1337,2024-05-08 22:57:00,2024-05-08 22:58:00,2.0,带载运行,IsolationForest; Mahalanobis; 单变量IQR+3σ; 残差,3.256,52,残差异常：三机_转载机_减速器_冷却水_温度 偏高（残差 Z-score=3.3，实际=43.9 vs 预测=37.9）
1338,2024-05-08 23:59:00,2024-05-09 00:02:00,4.0,停机,IsolationForest; Mahalanobis; 单变量IQR+3σ; 残差,8041.407,104,Mahalanobis 距离=8041.4（阈值=10.8）。主要贡献特征：PC1 (100.0%)。
1339,2024-05-09 00:10:00,2024-05-09 00:15:00,6.0,带载运行,IsolationForest; Mahalanobis; 单变量IQR+3σ; 残差,129.242,156,Mahalanobis 距离=129.2（阈值=10.8）。主要贡献特征：PC1 (100.0%)。
1340,2024-05-09 00:17:00,2024-05-09 00:17:00,1.0,带载运行,IsolationForest; Mahalanobis; 单变量IQR+3σ; 残差,3.083,26,残差异常：三机_转载机_减速器_冷却水_温度 偏高（残差 Z-score=3.1，实际=44.3 vs 预测=38.6）
1341,2024-05-09 01:36:00,2024-05-09 01:51:00,16.0,停机,IsolationForest; Mahalanobis; 单变量IQR+3σ; 残差,7979.189,416,Mahalanobis 距离=7979.2（阈值=10.8）。主要贡献特征：PC1 (100.0%)。
1342,2024-05-09 01:53:00,2024-05-09 02:09:00,17.0,停机,IsolationForest; Mahalanobis; 单变量IQR+3σ; 残差,7731.265,442,Mahalanobis 距离=7731.3（阈值=10.8）。主要贡献特征：PC1 (100.0%)。
1343,2024-05-09 02:15:00,2024-05-09 02:19:00,5.0,带载运行,IsolationForest; Mahalanobis; 单变量IQR+3σ; 残差,115.907,130,Mahalanobis 距离=115.9（阈值=10.8）。主要贡献特征：PC1 (100.0%)。
1344,2024-05-09 03:09:00,2024-05-09 03:16:00,8.0,停机,IsolationForest; Mahalanobis; 单变量IQR+3σ; 残差,8026.105,208,Mahalanobis 距离=8026.1（阈值=10.8）。主要贡献特征：PC1 (100.0%)。
1345,2024-05-09 04:28:00,2024-05-09 04:38:00,11.0,停机,IsolationForest; Mahalanobis; 单变量IQR+3σ; 残差,7908.313,286,Mahalanobis 距离=7908.3（阈值=10.8）。主要贡献特征：PC1 (100.0%)。
1346,2024-05-09 04:50:00,2024-05-09 04:58:00,9.0,停机,IsolationForest; Mahalanobis; 单变量IQR+3σ; 残差,8054.132,234,Mahalanobis 距离=8054.1（阈值=10.8）。主要贡献特征：PC1 (100.0%)。
1347,2024-05-09 05:10:00,2024-05-09 05:21:00,12.0,带载运行,IsolationForest; Mahalanobis; 单变量IQR+3σ; 残差,61.421,312,Mahalanobis 距离=61.4（阈值=10.8）。主要贡献特征：PC1 (100.0%)。
1348,2024-05-09 05:27:00,2024-05-09 05:45:00,19.0,空载运行,IsolationForest; Mahalanobis; 单变量IQR+3σ; 残差,5346.989,494,Mahalanobis 距离=5347.0（阈值=10.8）。主要贡献特征：PC1 (100.0%)。
1349,2024-05-09 05:54:00,2024-05-09 06:08:00,15.0,停机,IsolationForest; Mahalanobis; 单变量IQR+3σ; 残差,6727.372,390,Mahalanobis 距离=6727.4（阈值=10.8）。主要贡献特征：PC1 (100.0%)。
1350,2024-05-09 06:35:00,2024-05-09 06:37:00,3.0,停机,IsolationForest; Mahalanobis; 单变量IQR+3σ; 残差,0.801,78,正常
1351,2024-05-09 08:42:00,2024-05-09 08:55:00,14.0,停机,IsolationForest; Mahalanobis; 单变量IQR+3σ; 残差,7076.229,364,Mahalanobis 距离=7076.2（阈值=10.8）。主要贡献特征：PC1 (100.0%)。
1352,2024-05-09 09:21:00,2024-05-09 09:55:00,35.0,停机,IsolationForest; Mahalanobis; 单变量IQR+3σ; 残差,593.553,910,Mahalanobis 距离=593.6（阈值=10.8）。主要贡献特征：PC1 (100.0%)。
1353,2024-05-09 09:57:00,2024-05-09 09:58:00,2.0,停机,IsolationForest; Mahalanobis; 单变量IQR+3σ; 残差,1.777,52,单变量异常：三机_转载机_变频器_IGBT1温度（z-score=1.8，实际=44.0，均值=33.9±5.7）
1354,2024-05-09 16:28:00,2024-05-09 16:30:00,3.0,停机,IsolationForest; Mahalanobis; 单变量IQR+3σ; 残差,6.668,78,残差异常：三机_转载机_减速器_冷却水_流量 偏高（残差 Z-score=6.7，实际=48.0 vs 预测=0.0）
1355,2024-05-09 16:32:00,2024-05-09 18:08:00,97.0,停机,IsolationForest; Mahalanobis; 单变量IQR+3σ; 残差,8047.211,2522,Mahalanobis 距离=8047.2（阈值=10.8）。主要贡献特征：PC1 (100.0%)。
1356,2024-05-09 18:57:00,2024-05-09 19:02:00,6.0,带载运行,IsolationForest; Mahalanobis; 单变量IQR+3σ; 残差,23.778,156,Mahalanobis 距离=23.8（阈值=10.8）。主要贡献特征：PC1 (100.0%)。
1357,2024-05-09 19:16:00,2024-05-09 19:17:00,2.0,带载运行,IsolationForest; Mahalanobis; 单变量IQR+3σ; 残差,1.688,52,正常
1358,2024-05-09 19:29:00,2024-05-09 20:33:00,65.0,带载运行,IsolationForest; Mahalanobis; 单变量IQR+3σ; 残差,24.14,1690,Mahalanobis 距离=24.1（阈值=10.8）。主要贡献特征：PC1 (100.0%)。
1359,2024-05-09 20:52:00,2024-05-09 21:01:00,10.0,停机,IsolationForest; Mahalanobis; 单变量IQR+3σ; 残差,6728.549,260,Mahalanobis 距离=6728.5（阈值=10.8）。主要贡献特征：PC1 (100.0%)。
1360,2024-05-09 21:03:00,2024-05-09 21:04:00,2.0,停机,IsolationForest; Mahalanobis; 单变量IQR+3σ; 残差,1.73,52,正常
1361,2024-05-09 21:06:00,2024-05-09 21:11:00,6.0,带载运行,IsolationForest; Mahalanobis; 单变量IQR+3σ; 残差,111.168,156,Mahalanobis 距离=111.2（阈值=10.8）。主要贡献特征：PC1 (100.0%)。
1362,2024-05-09 21:20:00,2024-05-09 21:20:00,1.0,带载运行,IsolationForest; Mahalanobis; 单变量IQR+3σ; 残差,3.522,26,残差异常：三机_转载机_电机_电流 偏高（残差 Z-score=3.5，实际=128.0 vs 预测=86.0）
1363,2024-05-09 21:26:00,2024-05-09 21:32:00,7.0,带载运行,IsolationForest; Mahalanobis; 单变量IQR+3σ; 残差,23.926,182,Mahalanobis 距离=23.9（阈值=10.8）。主要贡献特征：PC1 (100.0%)。
1364,2024-05-09 21:36:00,2024-05-09 21:45:00,10.0,带载运行,IsolationForest; Mahalanobis; 单变量IQR+3σ; 残差,27.272,260,Mahalanobis 距离=27.3（阈值=10.8）。主要贡献特征：PC1 (100.0%)。
1365,2024-05-09 21:49:00,2024-05-09 22:10:00,22.0,带载运行,IsolationForest; Mahalanobis; 单变量IQR+3σ; 残差,32.57,572,Mahalanobis 距离=32.6（阈值=10.8）。主要贡献特征：PC1 (100.0%)。
1366,2024-05-09 22:13:00,2024-05-09 22:47:00,35.0,带载运行,IsolationForest; Mahalanobis; 单变量IQR+3σ; 残差,26.937,910,Mahalanobis 距离=26.9（阈值=10.8）。主要贡献特征：PC1 (100.0%)。
1367,2024-05-09 23:45:00,2024-05-09 23:51:00,7.0,停机,IsolationForest; Mahalanobis; 单变量IQR+3σ; 残差,8039.488,182,Mahalanobis 距离=8039.5（阈值=10.8）。主要贡献特征：PC1 (100.0%)。
1368,2024-05-10 00:44:00,2024-05-10 00:47:00,4.0,停机,IsolationForest; Mahalanobis; 单变量IQR+3σ; 残差,8033.848,104,Mahalanobis 距离=8033.8（阈值=10.8）。主要贡献特征：PC1 (100.0%)。
1369,2024-05-10 00:57:00,2024-05-10 01:00:00,4.0,带载运行,IsolationForest; Mahalanobis; 单变量IQR+3σ; 残差,111.561,104,Mahalanobis 距离=111.6（阈值=10.8）。主要贡献特征：PC1 (100.0%)。
1370,2024-05-10 02:00:00,2024-05-10 02:23:00,24.0,停机,IsolationForest; Mahalanobis; 单变量IQR+3σ; 残差,7226.906,624,Mahalanobis 距离=7226.9（阈值=10.8）。主要贡献特征：PC1 (100.0%)。
1371,2024-05-10 02:25:00,2024-05-10 02:29:00,5.0,停机,IsolationForest; Mahalanobis; 单变量IQR+3σ; 残差,624.654,130,Mahalanobis 距离=624.7（阈值=10.8）。主要贡献特征：PC1 (100.0%)。
1372,2024-05-10 02:33:00,2024-05-10 02:41:00,9.0,停机,IsolationForest; Mahalanobis; 单变量IQR+3σ; 残差,5963.283,234,Mahalanobis 距离=5963.3（阈值=10.8）。主要贡献特征：PC1 (100.0%)。
1373,2024-05-10 02:43:00,2024-05-10 02:43:00,1.0,带载运行,IsolationForest; Mahalanobis; 单变量IQR+3σ; 残差,4.36,26,正常
1374,2024-05-10 04:11:00,2024-05-10 04:13:00,3.0,带载运行,IsolationForest; Mahalanobis; 单变量IQR+3σ; 残差,13.694,78,Mahalanobis 距离=13.7（阈值=10.8）。主要贡献特征：PC1 (100.0%)。
1375,2024-05-10 04:44:00,2024-05-10 04:46:00,3.0,带载运行,IsolationForest; Mahalanobis; 单变量IQR+3σ; 残差,13.813,78,Mahalanobis 距离=13.8（阈值=10.8）。主要贡献特征：PC1 (100.0%)。
1376,2024-05-10 06:46:00,2024-05-10 06:50:00,5.0,停机,IsolationForest; Mahalanobis; 单变量IQR+3σ; 残差,8048.216,130,Mahalanobis 距离=8048.2（阈值=10.8）。主要贡献特征：PC1 (100.0%)。
1377,2024-05-10 06:55:00,2024-05-10 07:01:00,7.0,带载运行,IsolationForest; Mahalanobis; 单变量IQR+3σ; 残差,147.072,182,Mahalanobis 距离=147.1（阈值=10.8）。主要贡献特征：PC1 (100.0%)。
1378,2024-05-10 07:03:00,2024-05-10 07:04:00,2.0,带载运行,IsolationForest; Mahalanobis; 单变量IQR+3σ; 残差,3.137,52,残差异常：三机_转载机_减速器_冷却水_温度 偏高（残差 Z-score=3.1，实际=48.7 vs 预测=42.9）
1379,2024-05-10 07:28:00,2024-05-10 07:32:00,5.0,空载运行,IsolationForest; Mahalanobis; 单变量IQR+3σ; 残差,7820.032,130,Mahalanobis 距离=7820.0（阈值=10.8）。主要贡献特征：PC1 (100.0%)。
1380,2024-05-10 07:36:00,2024-05-10 07:40:00,5.0,带载运行,IsolationForest; Mahalanobis; 单变量IQR+3σ; 残差,138.724,130,Mahalanobis 距离=138.7（阈值=10.8）。主要贡献特征：PC1 (100.0%)。
1381,2024-05-10 08:27:00,2024-05-10 09:29:00,63.0,停机,IsolationForest; Mahalanobis; 单变量IQR+3σ; 残差,6756.19,1638,Mahalanobis 距离=6756.2（阈值=10.8）。主要贡献特征：PC1 (100.0%)。
1382,2024-05-10 09:33:00,2024-05-10 11:16:00,104.0,停机,IsolationForest; Mahalanobis; 单变量IQR+3σ; 残差,6718.892,2704,Mahalanobis 距离=6718.9（阈值=10.8）。主要贡献特征：PC1 (100.0%)。
1383,2024-05-10 11:28:00,2024-05-10 11:28:00,1.0,带载运行,IsolationForest; Mahalanobis; 单变量IQR+3σ; 残差,9.948,26,正常
1384,2024-05-10 11:31:00,2024-05-10 11:35:00,5.0,停机,IsolationForest; Mahalanobis; 单变量IQR+3σ; 残差,7357.035,130,Mahalanobis 距离=7357.0（阈值=10.8）。主要贡献特征：PC1 (100.0%)。
1385,2024-05-10 11:43:00,2024-05-10 11:46:00,4.0,带载运行,IsolationForest; Mahalanobis; 单变量IQR+3σ; 残差,108.837,104,Mahalanobis 距离=108.8（阈值=10.8）。主要贡献特征：PC1 (100.0%)。
1386,2024-05-10 11:58:00,2024-05-10 12:07:00,10.0,停机,IsolationForest; Mahalanobis; 单变量IQR+3σ; 残差,7082.426,260,Mahalanobis 距离=7082.4（阈值=10.8）。主要贡献特征：PC1 (100.0%)。
1387,2024-05-10 12:10:00,2024-05-10 12:10:00,1.0,停机,IsolationForest; Mahalanobis; 单变量IQR+3σ; 残差,1.59,26,正常
1388,2024-05-10 12:12:00,2024-05-10 12:20:00,9.0,停机,IsolationForest; Mahalanobis; 单变量IQR+3σ; 残差,584.903,234,Mahalanobis 距离=584.9（阈值=10.8）。主要贡献特征：PC1 (100.0%)。
1389,2024-05-10 12:22:00,2024-05-10 12:27:00,6.0,停机,IsolationForest; Mahalanobis; 单变量IQR+3σ; 残差,480.543,156,Mahalanobis 距离=480.5（阈值=10.8）。主要贡献特征：PC1 (100.0%)。
1390,2024-05-10 12:29:00,2024-05-10 12:37:00,9.0,停机,IsolationForest; Mahalanobis; 单变量IQR+3σ; 残差,480.795,234,Mahalanobis 距离=480.8（阈值=10.8）。主要贡献特征：PC1 (100.0%)。
1391,2024-05-10 12:39:00,2024-05-10 12:41:00,3.0,停机,IsolationForest; Mahalanobis; 单变量IQR+3σ; 残差,1.18,78,正常
1392,2024-05-10 14:22:00,2024-05-10 15:25:00,64.0,停机,IsolationForest; Mahalanobis; 单变量IQR+3σ; 残差,369.493,1664,Mahalanobis 距离=369.5（阈值=10.8）。主要贡献特征：PC1 (100.0%)。
1393,2024-05-10 15:27:00,2024-05-10 15:51:00,25.0,停机,IsolationForest; Mahalanobis; 单变量IQR+3σ; 残差,7.085,650,残差异常：三机_转载机_减速器_冷却水_流量 偏高（残差 Z-score=7.1，实际=51.0 vs 预测=0.0）
1394,2024-05-10 16:21:00,2024-05-10 16:32:00,12.0,停机,IsolationForest; Mahalanobis; 单变量IQR+3σ; 残差,3658.772,312,Mahalanobis 距离=3658.8（阈值=10.8）。主要贡献特征：PC1 (100.0%)。
1395,2024-05-10 17:13:00,2024-05-10 17:30:00,18.0,停机,IsolationForest; Mahalanobis; 单变量IQR+3σ; 残差,3656.383,468,Mahalanobis 距离=3656.4（阈值=10.8）。主要贡献特征：PC1 (100.0%)。
1396,2024-05-10 17:32:00,2024-05-10 17:42:00,11.0,停机,IsolationForest; Mahalanobis; 单变量IQR+3σ; 残差,4619.457,286,Mahalanobis 距离=4619.5（阈值=10.8）。主要贡献特征：PC1 (100.0%)。
1397,2024-05-10 19:34:00,2024-05-10 19:36:00,3.0,停机,IsolationForest; Mahalanobis; 单变量IQR+3σ; 残差,0.782,78,正常
1398,2024-05-10 20:20:00,2024-05-10 20:24:00,5.0,停机,IsolationForest; Mahalanobis; 单变量IQR+3σ; 残差,223.31,130,Mahalanobis 距离=223.3（阈值=10.8）。主要贡献特征：PC1 (100.0%)。
1399,2024-05-10 21:52:00,2024-05-10 23:39:00,108.0,带载运行,IsolationForest; Mahalanobis; 单变量IQR+3σ; 残差,146.634,2808,Mahalanobis 距离=146.6（阈值=10.8）。主要贡献特征：PC1 (100.0%)。
1400,2024-05-10 23:51:00,2024-05-11 05:32:00,342.0,停机,IsolationForest; Mahalanobis; 单变量IQR+3σ; 残差,8059.795,8892,Mahalanobis 距离=8059.8（阈值=10.8）。主要贡献特征：PC1 (100.0%)。
1401,2024-05-11 05:36:00,2024-05-11 06:13:00,38.0,停机,IsolationForest; Mahalanobis; 单变量IQR+3σ; 残差,6730.23,988,Mahalanobis 距离=6730.2（阈值=10.8）。主要贡献特征：PC1 (100.0%)。
1402,2024-05-11 06:16:00,2024-05-11 06:16:00,1.0,停机,IsolationForest; Mahalanobis; 单变量IQR+3σ; 残差,3.325,26,残差异常：三机_转载机_减速器_冷却水_压力 偏高（残差 Z-score=3.3，实际=0.2 vs 预测=0.1）
1403,2024-05-11 06:18:00,2024-05-11 06:18:00,1.0,停机,IsolationForest; Mahalanobis; 单变量IQR+3σ; 残差,1.555,26,正常
1404,2024-05-11 06:22:00,2024-05-11 09:22:00,181.0,停机,IsolationForest; Mahalanobis; 单变量IQR+3σ; 残差,6724.716,4706,Mahalanobis 距离=6724.7（阈值=10.8）。主要贡献特征：PC1 (100.0%)。
1405,2024-05-11 09:39:00,2024-05-11 09:44:00,6.0,带载运行,IsolationForest; Mahalanobis; 单变量IQR+3σ; 残差,25.526,156,Mahalanobis 距离=25.5（阈值=10.8）。主要贡献特征：PC1 (100.0%)。
1406,2024-05-11 09:46:00,2024-05-11 09:46:00,1.0,带载运行,IsolationForest; Mahalanobis; 单变量IQR+3σ; 残差,3.555,26,残差异常：三机_转载机_电机_电流 偏高（残差 Z-score=3.6，实际=117.0 vs 预测=74.6）
1407,2024-05-11 09:50:00,2024-05-11 09:58:00,9.0,停机,IsolationForest; Mahalanobis; 单变量IQR+3σ; 残差,7589.093,234,Mahalanobis 距离=7589.1（阈值=10.8）。主要贡献特征：PC1 (100.0%)。
1408,2024-05-11 10:01:00,2024-05-11 10:17:00,17.0,带载运行,IsolationForest; Mahalanobis; 单变量IQR+3σ; 残差,58.075,442,Mahalanobis 距离=58.1（阈值=10.8）。主要贡献特征：PC1 (100.0%)。
1409,2024-05-11 10:41:00,2024-05-11 10:51:00,11.0,停机,IsolationForest; Mahalanobis; 单变量IQR+3σ; 残差,5165.426,286,Mahalanobis 距离=5165.4（阈值=10.8）。主要贡献特征：PC1 (100.0%)。
1410,2024-05-11 10:57:00,2024-05-11 10:57:00,1.0,停机,IsolationForest; Mahalanobis; 单变量IQR+3σ; 残差,1.426,26,正常
1411,2024-05-11 11:12:00,2024-05-11 11:26:00,15.0,停机,IsolationForest; Mahalanobis; 单变量IQR+3σ; 残差,961.38,390,Mahalanobis 距离=961.4（阈值=10.8）。主要贡献特征：PC1 (100.0%)。
1412,2024-05-11 11:34:00,2024-05-11 11:34:00,1.0,停机,IsolationForest; Mahalanobis; 单变量IQR+3σ; 残差,0.841,26,正常
1413,2024-05-11 11:47:00,2024-05-11 11:47:00,1.0,停机,IsolationForest; Mahalanobis; 单变量IQR+3σ; 残差,0.49,26,正常
1414,2024-05-11 12:04:00,2024-05-11 12:08:00,5.0,带载运行,IsolationForest; Mahalanobis; 单变量IQR+3σ; 残差,147.034,130,Mahalanobis 距离=147.0（阈值=10.8）。主要贡献特征：PC1 (100.0%)。
1415,2024-05-11 12:15:00,2024-05-11 12:28:00,14.0,停机,IsolationForest; Mahalanobis; 单变量IQR+3σ; 残差,375.288,364,Mahalanobis 距离=375.3（阈值=10.8）。主要贡献特征：PC1 (100.0%)。
1416,2024-05-11 12:40:00,2024-05-11 14:44:00,125.0,停机,IsolationForest; Mahalanobis; 单变量IQR+3σ; 残差,12.485,3250,残差异常：三机_转载机_变频器_IGBT2温度 偏高（残差 Z-score=12.5，实际=38.0 vs 预测=0.0）
1417,2024-05-11 14:57:00,2024-05-11 15:01:00,5.0,停机,IsolationForest; Mahalanobis; 单变量IQR+3σ; 残差,501.412,130,Mahalanobis 距离=501.4（阈值=10.8）。主要贡献特征：PC1 (100.0%)。
1418,2024-05-11 15:03:00,2024-05-11 15:07:00,5.0,带载运行,IsolationForest; Mahalanobis; 单变量IQR+3σ; 残差,146.301,130,Mahalanobis 距离=146.3（阈值=10.8）。主要贡献特征：PC1 (100.0%)。
1419,2024-05-11 15:11:00,2024-05-11 15:11:00,1.0,停机,IsolationForest; Mahalanobis; 单变量IQR+3σ; 残差,6.112,26,残差异常：三机_转载机_减速器_冷却水_流量 偏高（残差 Z-score=6.1，实际=44.0 vs 预测=0.0）
1420,2024-05-11 15:14:00,2024-05-11 15:15:00,2.0,停机,IsolationForest; Mahalanobis; 单变量IQR+3σ; 残差,4.206,52,残差异常：三机_转载机_减速器_冷却水_温度 偏高（残差 Z-score=4.2，实际=36.3 vs 预测=30.8）
1421,2024-05-11 15:22:00,2024-05-11 15:26:00,5.0,停机,IsolationForest; Mahalanobis; 单变量IQR+3σ; 残差,187.535,130,Mahalanobis 距离=187.5（阈值=10.8）。主要贡献特征：PC1 (100.0%)。
1422,2024-05-11 15:29:00,2024-05-11 16:04:00,36.0,停机,IsolationForest; Mahalanobis; 单变量IQR+3σ; 残差,159.394,936,Mahalanobis 距离=159.4（阈值=10.8）。主要贡献特征：PC1 (100.0%)。
1423,2024-05-11 16:16:00,2024-05-11 16:36:00,21.0,带载运行,IsolationForest; Mahalanobis; 单变量IQR+3σ; 残差,123.349,546,Mahalanobis 距离=123.3（阈值=10.8）。主要贡献特征：PC1 (100.0%)。
1424,2024-05-11 17:23:00,2024-05-11 17:23:00,1.0,带载运行,IsolationForest; Mahalanobis; 单变量IQR+3σ; 残差,13.883,26,Mahalanobis 距离=13.9（阈值=10.8）。主要贡献特征：PC1 (100.0%)。
1425,2024-05-11 17:31:00,2024-05-11 17:43:00,13.0,停机,IsolationForest; Mahalanobis; 单变量IQR+3σ; 残差,9237.907,338,Mahalanobis 距离=9237.9（阈值=10.8）。主要贡献特征：PC1 (100.0%)。
1426,2024-05-11 17:55:00,2024-05-11 18:01:00,7.0,停机,IsolationForest; Mahalanobis; 单变量IQR+3σ; 残差,9062.647,182,Mahalanobis 距离=9062.6（阈值=10.8）。主要贡献特征：PC1 (100.0%)。
1427,2024-05-11 18:08:00,2024-05-11 18:14:00,7.0,停机,IsolationForest; Mahalanobis; 单变量IQR+3σ; 残差,4842.864,182,Mahalanobis 距离=4842.9（阈值=10.8）。主要贡献特征：PC1 (100.0%)。
1428,2024-05-11 18:16:00,2024-05-11 18:26:00,11.0,停机,IsolationForest; Mahalanobis; 单变量IQR+3σ; 残差,9380.375,286,Mahalanobis 距离=9380.4（阈值=10.8）。主要贡献特征：PC1 (100.0%)。
1429,2024-05-11 18:30:00,2024-05-11 18:33:00,4.0,停机,IsolationForest; Mahalanobis; 单变量IQR+3σ; 残差,1.209,104,正常
1430,2024-05-11 18:58:00,2024-05-11 19:04:00,7.0,带载运行,IsolationForest; Mahalanobis; 单变量IQR+3σ; 残差,129.718,182,Mahalanobis 距离=129.7（阈值=10.8）。主要贡献特征：PC1 (100.0%)。
1431,2024-05-11 19:24:00,2024-05-11 19:30:00,7.0,停机,IsolationForest; Mahalanobis; 单变量IQR+3σ; 残差,8033.252,182,Mahalanobis 距离=8033.3（阈值=10.8）。主要贡献特征：PC1 (100.0%)。
1432,2024-05-11 19:49:00,2024-05-11 20:03:00,15.0,带载运行,IsolationForest; Mahalanobis; 单变量IQR+3σ; 残差,33.327,390,Mahalanobis 距离=33.3（阈值=10.8）。主要贡献特征：PC1 (100.0%)。
1433,2024-05-11 22:25:00,2024-05-11 22:32:00,8.0,停机,IsolationForest; Mahalanobis; 单变量IQR+3σ; 残差,8051.472,208,Mahalanobis 距离=8051.5（阈值=10.8）。主要贡献特征：PC1 (100.0%)。
1434,2024-05-11 22:34:00,2024-05-11 22:37:00,4.0,停机,IsolationForest; Mahalanobis; 单变量IQR+3σ; 残差,8031.857,104,Mahalanobis 距离=8031.9（阈值=10.8）。主要贡献特征：PC1 (100.0%)。
1435,2024-05-11 22:39:00,2024-05-11 22:43:00,5.0,带载运行,IsolationForest; Mahalanobis; 单变量IQR+3σ; 残差,128.737,130,Mahalanobis 距离=128.7（阈值=10.8）。主要贡献特征：PC1 (100.0%)。
1436,2024-05-11 22:47:00,2024-05-11 22:55:00,9.0,停机,IsolationForest; Mahalanobis; 单变量IQR+3σ; 残差,8738.925,234,Mahalanobis 距离=8738.9（阈值=10.8）。主要贡献特征：PC1 (100.0%)。
1437,2024-05-11 23:06:00,2024-05-11 23:09:00,4.0,停机,IsolationForest; Mahalanobis; 单变量IQR+3σ; 残差,8044.196,104,Mahalanobis 距离=8044.2（阈值=10.8）。主要贡献特征：PC1 (100.0%)。
1438,2024-05-11 23:14:00,2024-05-11 23:19:00,6.0,带载运行,IsolationForest; Mahalanobis; 单变量IQR+3σ; 残差,126.694,156,Mahalanobis 距离=126.7（阈值=10.8）。主要贡献特征：PC1 (100.0%)。
1439,2024-05-11 23:22:00,2024-05-11 23:31:00,10.0,停机,IsolationForest; Mahalanobis; 单变量IQR+3σ; 残差,8036.003,260,Mahalanobis 距离=8036.0（阈值=10.8）。主要贡献特征：PC1 (100.0%)。
1440,2024-05-11 23:36:00,2024-05-11 23:41:00,6.0,带载运行,IsolationForest; Mahalanobis; 单变量IQR+3σ; 残差,18.38,156,Mahalanobis 距离=18.4（阈值=10.8）。主要贡献特征：PC1 (100.0%)。
1441,2024-05-11 23:45:00,2024-05-11 23:48:00,4.0,停机,IsolationForest; Mahalanobis; 单变量IQR+3σ; 残差,7560.597,104,Mahalanobis 距离=7560.6（阈值=10.8）。主要贡献特征：PC1 (100.0%)。
1442,2024-05-11 23:56:00,2024-05-12 00:28:00,33.0,停机,IsolationForest; Mahalanobis; 单变量IQR+3σ; 残差,7047.612,858,Mahalanobis 距离=7047.6（阈值=10.8）。主要贡献特征：PC1 (100.0%)。
1443,2024-05-12 00:35:00,2024-05-12 01:50:00,76.0,带载运行,IsolationForest; Mahalanobis; 单变量IQR+3σ; 残差,135.046,1976,Mahalanobis 距离=135.0（阈值=10.8）。主要贡献特征：PC1 (100.0%)。
1444,2024-05-12 02:06:00,2024-05-12 02:15:00,10.0,带载运行,IsolationForest; Mahalanobis; 单变量IQR+3σ; 残差,44.539,260,Mahalanobis 距离=44.5（阈值=10.8）。主要贡献特征：PC1 (100.0%)。
1445,2024-05-12 02:40:00,2024-05-12 03:01:00,22.0,带载运行,IsolationForest; Mahalanobis; 单变量IQR+3σ; 残差,18.318,572,Mahalanobis 距离=18.3（阈值=10.8）。主要贡献特征：PC1 (100.0%)。
1446,2024-05-12 03:19:00,2024-05-12 03:29:00,11.0,带载运行,IsolationForest; Mahalanobis; 单变量IQR+3σ; 残差,18.196,286,Mahalanobis 距离=18.2（阈值=10.8）。主要贡献特征：PC1 (100.0%)。
1447,2024-05-12 03:36:00,2024-05-12 03:39:00,4.0,停机,IsolationForest; Mahalanobis; 单变量IQR+3σ; 残差,8038.206,104,Mahalanobis 距离=8038.2（阈值=10.8）。主要贡献特征：PC1 (100.0%)。
1448,2024-05-12 03:41:00,2024-05-12 03:41:00,1.0,停机,IsolationForest; Mahalanobis; 单变量IQR+3σ; 残差,1.824,26,正常
1449,2024-05-12 03:47:00,2024-05-12 03:52:00,6.0,带载运行,IsolationForest; Mahalanobis; 单变量IQR+3σ; 残差,147.187,156,Mahalanobis 距离=147.2（阈值=10.8）。主要贡献特征：PC1 (100.0%)。
1450,2024-05-12 04:01:00,2024-05-12 04:20:00,20.0,带载运行,IsolationForest; Mahalanobis; 单变量IQR+3σ; 残差,18.508,520,Mahalanobis 距离=18.5（阈值=10.8）。主要贡献特征：PC1 (100.0%)。
1451,2024-05-12 04:25:00,2024-05-12 05:39:00,75.0,停机,IsolationForest; Mahalanobis; 单变量IQR+3σ; 残差,7039.739,1950,Mahalanobis 距离=7039.7（阈值=10.8）。主要贡献特征：PC1 (100.0%)。
1452,2024-05-12 05:49:00,2024-05-12 06:05:00,17.0,带载运行,IsolationForest; Mahalanobis; 单变量IQR+3σ; 残差,128.391,442,Mahalanobis 距离=128.4（阈值=10.8）。主要贡献特征：PC1 (100.0%)。
1453,2024-05-12 06:26:00,2024-05-12 06:29:00,4.0,停机,IsolationForest; Mahalanobis; 单变量IQR+3σ; 残差,8040.721,104,Mahalanobis 距离=8040.7（阈值=10.8）。主要贡献特征：PC1 (100.0%)。
1454,2024-05-12 06:32:00,2024-05-12 06:36:00,5.0,带载运行,IsolationForest; Mahalanobis; 单变量IQR+3σ; 残差,118.903,130,Mahalanobis 距离=118.9（阈值=10.8）。主要贡献特征：PC1 (100.0%)。
1455,2024-05-12 06:52:00,2024-05-12 08:20:00,89.0,空载运行,IsolationForest; Mahalanobis; 单变量IQR+3σ; 残差,5439.097,2314,Mahalanobis 距离=5439.1（阈值=10.8）。主要贡献特征：PC1 (100.0%)。
1456,2024-05-12 08:40:00,2024-05-12 08:48:00,9.0,停机,IsolationForest; Mahalanobis; 单变量IQR+3σ; 残差,7034.069,234,Mahalanobis 距离=7034.1（阈值=10.8）。主要贡献特征：PC1 (100.0%)。
1457,2024-05-12 09:08:00,2024-05-12 09:14:00,7.0,停机,IsolationForest; Mahalanobis; 单变量IQR+3σ; 残差,4444.7,182,Mahalanobis 距离=4444.7（阈值=10.8）。主要贡献特征：PC1 (100.0%)。
1458,2024-05-12 09:18:00,2024-05-12 09:39:00,22.0,停机,IsolationForest; Mahalanobis; 单变量IQR+3σ; 残差,7036.146,572,Mahalanobis 距离=7036.1（阈值=10.8）。主要贡献特征：PC1 (100.0%)。
1459,2024-05-12 09:42:00,2024-05-12 10:06:00,25.0,停机,IsolationForest; Mahalanobis; 单变量IQR+3σ; 残差,5658.641,650,Mahalanobis 距离=5658.6（阈值=10.8）。主要贡献特征：PC1 (100.0%)。
1460,2024-05-12 10:08:00,2024-05-12 10:51:00,44.0,停机,IsolationForest; Mahalanobis; 单变量IQR+3σ; 残差,7049.014,1144,Mahalanobis 距离=7049.0（阈值=10.8）。主要贡献特征：PC1 (100.0%)。
1461,2024-05-12 10:53:00,2024-05-12 10:53:00,1.0,停机,IsolationForest; Mahalanobis; 单变量IQR+3σ; 残差,0.666,26,正常
1462,2024-05-12 10:57:00,2024-05-12 10:57:00,1.0,停机,IsolationForest; Mahalanobis; 单变量IQR+3σ; 残差,3.88,26,残差异常：三机_转载机_减速器_冷却水_压力 偏高（残差 Z-score=3.9，实际=0.2 vs 预测=0.1）
1463,2024-05-12 11:00:00,2024-05-12 11:02:00,3.0,停机,IsolationForest; Mahalanobis; 单变量IQR+3σ; 残差,3.325,78,残差异常：三机_转载机_减速器_冷却水_压力 偏高（残差 Z-score=3.3，实际=0.2 vs 预测=0.1）
1464,2024-05-12 11:09:00,2024-05-12 12:55:00,107.0,停机,IsolationForest; Mahalanobis; 单变量IQR+3σ; 残差,586.573,2782,Mahalanobis 距离=586.6（阈值=10.8）。主要贡献特征：PC1 (100.0%)。
1465,2024-05-12 13:40:00,2024-05-12 13:42:00,3.0,停机,IsolationForest; Mahalanobis; 单变量IQR+3σ; 残差,5.066,78,残差异常：三机_转载机_减速器_冷却水_温度 偏高（残差 Z-score=5.1，实际=38.5 vs 预测=31.9）
1466,2024-05-12 13:49:00,2024-05-12 14:06:00,18.0,停机,IsolationForest; Mahalanobis; 单变量IQR+3σ; 残差,478.475,468,Mahalanobis 距离=478.5（阈值=10.8）。主要贡献特征：PC1 (100.0%)。
1467,2024-05-12 14:11:00,2024-05-12 14:15:00,5.0,停机,IsolationForest; Mahalanobis; 单变量IQR+3σ; 残差,245.947,130,Mahalanobis 距离=245.9（阈值=10.8）。主要贡献特征：PC1 (100.0%)。
1468,2024-05-12 14:20:00,2024-05-12 14:28:00,9.0,带载运行,IsolationForest; Mahalanobis; 单变量IQR+3σ; 残差,146.143,234,Mahalanobis 距离=146.1（阈值=10.8）。主要贡献特征：PC1 (100.0%)。
1469,2024-05-12 14:30:00,2024-05-12 14:34:00,5.0,带载运行,IsolationForest; Mahalanobis; 单变量IQR+3σ; 残差,147.192,130,Mahalanobis 距离=147.2（阈值=10.8）。主要贡献特征：PC1 (100.0%)。
1470,2024-05-12 15:04:00,2024-05-12 15:08:00,5.0,带载运行,IsolationForest; Mahalanobis; 单变量IQR+3σ; 残差,147.17,130,Mahalanobis 距离=147.2（阈值=10.8）。主要贡献特征：PC1 (100.0%)。
1471,2024-05-12 16:05:00,2024-05-12 17:09:00,65.0,空载运行,IsolationForest; Mahalanobis; 单变量IQR+3σ; 残差,6834.002,1690,Mahalanobis 距离=6834.0（阈值=10.8）。主要贡献特征：PC1 (100.0%)。
1472,2024-05-12 17:24:00,2024-05-12 18:08:00,45.0,停机,IsolationForest; Mahalanobis; 单变量IQR+3σ; 残差,7317.032,1170,Mahalanobis 距离=7317.0（阈值=10.8）。主要贡献特征：PC1 (100.0%)。
1473,2024-05-12 18:10:00,2024-05-12 18:35:00,26.0,停机,IsolationForest; Mahalanobis; 单变量IQR+3σ; 残差,6603.38,676,Mahalanobis 距离=6603.4（阈值=10.8）。主要贡献特征：PC1 (100.0%)。
1474,2024-05-12 18:45:00,2024-05-12 18:49:00,5.0,停机,IsolationForest; Mahalanobis; 单变量IQR+3σ; 残差,2071.611,130,Mahalanobis 距离=2071.6（阈值=10.8）。主要贡献特征：PC1 (100.0%)。
1475,2024-05-12 19:00:00,2024-05-12 19:06:00,7.0,停机,IsolationForest; Mahalanobis; 单变量IQR+3σ; 残差,1233.995,182,Mahalanobis 距离=1234.0（阈值=10.8）。主要贡献特征：PC1 (100.0%)。
1476,2024-05-12 19:11:00,2024-05-12 19:16:00,6.0,带载运行,IsolationForest; Mahalanobis; 单变量IQR+3σ; 残差,129.334,156,Mahalanobis 距离=129.3（阈值=10.8）。主要贡献特征：PC1 (100.0%)。
1477,2024-05-12 19:29:00,2024-05-12 19:36:00,8.0,停机,IsolationForest; Mahalanobis; 单变量IQR+3σ; 残差,8051.536,208,Mahalanobis 距离=8051.5（阈值=10.8）。主要贡献特征：PC1 (100.0%)。
1478,2024-05-12 20:13:00,2024-05-12 20:22:00,10.0,停机,IsolationForest; Mahalanobis; 单变量IQR+3σ; 残差,8045.53,260,Mahalanobis 距离=8045.5（阈值=10.8）。主要贡献特征：PC1 (100.0%)。
1479,2024-05-12 20:51:00,2024-05-12 21:05:00,15.0,带载运行,IsolationForest; Mahalanobis; 单变量IQR+3σ; 残差,80.176,390,Mahalanobis 距离=80.2（阈值=10.8）。主要贡献特征：PC1 (100.0%)。
1480,2024-05-12 21:17:00,2024-05-12 21:18:00,2.0,带载运行,IsolationForest; Mahalanobis; 单变量IQR+3σ; 残差,14.458,52,Mahalanobis 距离=14.5（阈值=10.8）。主要贡献特征：PC1 (100.0%)。
1481,2024-05-12 21:20:00,2024-05-12 21:39:00,20.0,停机,IsolationForest; Mahalanobis; 单变量IQR+3σ; 残差,7046.658,520,Mahalanobis 距离=7046.7（阈值=10.8）。主要贡献特征：PC1 (100.0%)。
1482,2024-05-12 22:29:00,2024-05-12 22:34:00,6.0,停机,IsolationForest; Mahalanobis; 单变量IQR+3σ; 残差,7033.411,156,Mahalanobis 距离=7033.4（阈值=10.8）。主要贡献特征：PC1 (100.0%)。
1483,2024-05-12 22:49:00,2024-05-12 23:02:00,14.0,停机,IsolationForest; Mahalanobis; 单变量IQR+3σ; 残差,6172.64,364,Mahalanobis 距离=6172.6（阈值=10.8）。主要贡献特征：PC1 (100.0%)。
1484,2024-05-12 23:04:00,2024-05-12 23:33:00,30.0,带载运行,IsolationForest; Mahalanobis; 单变量IQR+3σ; 残差,146.468,780,Mahalanobis 距离=146.5（阈值=10.8）。主要贡献特征：PC1 (100.0%)。
1485,2024-05-12 23:44:00,2024-05-13 05:32:00,349.0,停机,IsolationForest; Mahalanobis; 单变量IQR+3σ; 残差,7046.265,9074,Mahalanobis 距离=7046.3（阈值=10.8）。主要贡献特征：PC1 (100.0%)。
1486,2024-05-13 05:37:00,2024-05-13 06:29:00,53.0,停机,IsolationForest; Mahalanobis; 单变量IQR+3σ; 残差,6331.028,1378,Mahalanobis 距离=6331.0（阈值=10.8）。主要贡献特征：PC1 (100.0%)。
1487,2024-05-13 06:42:00,2024-05-13 09:20:00,159.0,停机,IsolationForest; Mahalanobis; 单变量IQR+3σ; 残差,7034.056,4134,Mahalanobis 距离=7034.1（阈值=10.8）。主要贡献特征：PC1 (100.0%)。
1488,2024-05-13 09:23:00,2024-05-13 09:23:00,1.0,停机,IsolationForest; Mahalanobis; 单变量IQR+3σ; 残差,3.325,26,残差异常：三机_转载机_减速器_冷却水_压力 偏高（残差 Z-score=3.3，实际=0.2 vs 预测=0.1）
1489,2024-05-13 09:27:00,2024-05-13 09:27:00,1.0,停机,IsolationForest; Mahalanobis; 单变量IQR+3σ; 残差,1.192,26,正常
1490,2024-05-13 09:29:00,2024-05-13 10:24:00,56.0,停机,IsolationForest; Mahalanobis; 单变量IQR+3σ; 残差,7033.972,1456,Mahalanobis 距离=7034.0（阈值=10.8）。主要贡献特征：PC1 (100.0%)。
1491,2024-05-13 10:26:00,2024-05-13 10:26:00,1.0,停机,IsolationForest; Mahalanobis; 单变量IQR+3σ; 残差,1.438,26,正常
1492,2024-05-13 10:29:00,2024-05-13 10:29:00,1.0,停机,IsolationForest; Mahalanobis; 单变量IQR+3σ; 残差,1.321,26,正常
1493,2024-05-13 10:33:00,2024-05-13 10:33:00,1.0,停机,IsolationForest; Mahalanobis; 单变量IQR+3σ; 残差,1.262,26,正常
1494,2024-05-13 10:39:00,2024-05-13 10:54:00,16.0,停机,IsolationForest; Mahalanobis; 单变量IQR+3σ; 残差,7035.908,416,Mahalanobis 距离=7035.9（阈值=10.8）。主要贡献特征：PC1 (100.0%)。
1495,2024-05-13 11:04:00,2024-05-13 11:04:00,1.0,停机,IsolationForest; Mahalanobis; 单变量IQR+3σ; 残差,3.325,26,残差异常：三机_转载机_减速器_冷却水_压力 偏高（残差 Z-score=3.3，实际=0.2 vs 预测=0.1）
1496,2024-05-13 11:06:00,2024-05-13 11:06:00,1.0,停机,IsolationForest; Mahalanobis; 单变量IQR+3σ; 残差,1.04,26,正常
1497,2024-05-13 11:12:00,2024-05-13 11:17:00,6.0,带载运行,IsolationForest; Mahalanobis; 单变量IQR+3σ; 残差,129.838,156,Mahalanobis 距离=129.8（阈值=10.8）。主要贡献特征：PC1 (100.0%)。
1498,2024-05-13 11:26:00,2024-05-13 11:33:00,8.0,停机,IsolationForest; Mahalanobis; 单变量IQR+3σ; 残差,8076.87,208,Mahalanobis 距离=8076.9（阈值=10.8）。主要贡献特征：PC1 (100.0%)。
1499,2024-05-13 11:44:00,2024-05-13 11:56:00,13.0,停机,IsolationForest; Mahalanobis; 单变量IQR+3σ; 残差,4751.136,338,Mahalanobis 距离=4751.1（阈值=10.8）。主要贡献特征：PC1 (100.0%)。
1500,2024-05-13 12:40:00,2024-05-13 12:42:00,3.0,停机,IsolationForest; Mahalanobis; 单变量IQR+3σ; 残差,1.197,78,正常
1501,2024-05-13 12:51:00,2024-05-13 13:08:00,18.0,停机,IsolationForest; Mahalanobis; 单变量IQR+3σ; 残差,466.684,468,Mahalanobis 距离=466.7（阈值=10.8）。主要贡献特征：PC1 (100.0%)。
1502,2024-05-13 13:19:00,2024-05-13 15:43:00,145.0,停机,IsolationForest; Mahalanobis; 单变量IQR+3σ; 残差,601.644,3770,Mahalanobis 距离=601.6（阈值=10.8）。主要贡献特征：PC1 (100.0%)。
1503,2024-05-13 15:45:00,2024-05-13 16:03:00,19.0,停机,IsolationForest; Mahalanobis; 单变量IQR+3σ; 残差,6506.534,494,Mahalanobis 距离=6506.5（阈值=10.8）。主要贡献特征：PC1 (100.0%)。
1504,2024-05-13 16:10:00,2024-05-13 16:39:00,30.0,停机,IsolationForest; Mahalanobis; 单变量IQR+3σ; 残差,7048.013,780,Mahalanobis 距离=7048.0（阈值=10.8）。主要贡献特征：PC1 (100.0%)。
1505,2024-05-13 16:45:00,2024-05-13 17:19:00,35.0,停机,IsolationForest; Mahalanobis; 单变量IQR+3σ; 残差,7053.671,910,Mahalanobis 距离=7053.7（阈值=10.8）。主要贡献特征：PC1 (100.0%)。
1506,2024-05-13 18:36:00,2024-05-13 18:41:00,6.0,停机,IsolationForest; Mahalanobis; 单变量IQR+3σ; 残差,8062.893,156,Mahalanobis 距离=8062.9（阈值=10.8）。主要贡献特征：PC1 (100.0%)。
1507,2024-05-13 18:51:00,2024-05-13 18:55:00,5.0,带载运行,IsolationForest; Mahalanobis; 单变量IQR+3σ; 残差,114.367,130,Mahalanobis 距离=114.4（阈值=10.8）。主要贡献特征：PC1 (100.0%)。
1508,2024-05-13 19:16:00,2024-05-13 19:18:00,3.0,带载运行,IsolationForest; Mahalanobis; 单变量IQR+3σ; 残差,17.233,78,Mahalanobis 距离=17.2（阈值=10.8）。主要贡献特征：PC1 (100.0%)。
1509,2024-05-13 19:35:00,2024-05-13 20:15:00,41.0,带载运行,IsolationForest; Mahalanobis; 单变量IQR+3σ; 残差,80.237,1066,Mahalanobis 距离=80.2（阈值=10.8）。主要贡献特征：PC1 (100.0%)。
1510,2024-05-13 21:31:00,2024-05-13 22:03:00,33.0,停机,IsolationForest; Mahalanobis; 单变量IQR+3σ; 残差,7047.449,858,Mahalanobis 距离=7047.4（阈值=10.8）。主要贡献特征：PC1 (100.0%)。
1511,2024-05-13 22:38:00,2024-05-13 22:38:00,1.0,带载运行,IsolationForest; Mahalanobis; 单变量IQR+3σ; 残差,1.136,26,正常
1512,2024-05-13 23:11:00,2024-05-13 23:54:00,44.0,停机,IsolationForest; Mahalanobis; 单变量IQR+3σ; 残差,7048.361,1144,Mahalanobis 距离=7048.4（阈值=10.8）。主要贡献特征：PC1 (100.0%)。
1513,2024-05-13 23:57:00,2024-05-13 23:57:00,1.0,停机,IsolationForest; Mahalanobis; 单变量IQR+3σ; 残差,1.73,26,正常
1514,2024-05-14 00:05:00,2024-05-14 00:45:00,41.0,带载运行,IsolationForest; Mahalanobis; 单变量IQR+3σ; 残差,122.756,1066,Mahalanobis 距离=122.8（阈值=10.8）。主要贡献特征：PC1 (100.0%)。
1515,2024-05-14 01:35:00,2024-05-14 01:38:00,4.0,带载运行,IsolationForest; Mahalanobis; 单变量IQR+3σ; 残差,18.379,104,Mahalanobis 距离=18.4（阈值=10.8）。主要贡献特征：PC1 (100.0%)。
1516,2024-05-14 02:11:00,2024-05-14 02:42:00,32.0,停机,IsolationForest; Mahalanobis; 单变量IQR+3σ; 残差,7036.475,832,Mahalanobis 距离=7036.5（阈值=10.8）。主要贡献特征：PC1 (100.0%)。
1517,2024-05-14 02:46:00,2024-05-14 02:46:00,1.0,停机,IsolationForest; Mahalanobis; 单变量IQR+3σ; 残差,1.73,26,正常
1518,2024-05-14 02:58:00,2024-05-14 04:07:00,70.0,带载运行,IsolationForest; Mahalanobis; 单变量IQR+3σ; 残差,120.4,1820,Mahalanobis 距离=120.4（阈值=10.8）。主要贡献特征：PC1 (100.0%)。
1519,2024-05-14 04:12:00,2024-05-14 04:17:00,6.0,带载运行,IsolationForest; Mahalanobis; 单变量IQR+3σ; 残差,12.614,156,Mahalanobis 距离=12.6（阈值=10.8）。主要贡献特征：PC1 (100.0%)。
1520,2024-05-14 04:25:00,2024-05-14 05:03:00,39.0,停机,IsolationForest; Mahalanobis; 单变量IQR+3σ; 残差,7039.126,1014,Mahalanobis 距离=7039.1（阈值=10.8）。主要贡献特征：PC1 (100.0%)。
1521,2024-05-14 05:12:00,2024-05-14 05:16:00,5.0,停机,IsolationForest; Mahalanobis; 单变量IQR+3σ; 残差,153.475,130,Mahalanobis 距离=153.5（阈值=10.8）。主要贡献特征：PC1 (100.0%)。
1522,2024-05-14 06:21:00,2024-05-14 08:45:00,145.0,停机,IsolationForest; Mahalanobis; 单变量IQR+3σ; 残差,7048.558,3770,Mahalanobis 距离=7048.6（阈值=10.8）。主要贡献特征：PC1 (100.0%)。
1523,2024-05-14 08:48:00,2024-05-14 10:31:00,104.0,停机,IsolationForest; Mahalanobis; 单变量IQR+3σ; 残差,7136.342,2704,Mahalanobis 距离=7136.3（阈值=10.8）。主要贡献特征：PC1 (100.0%)。
1524,2024-05-14 10:38:00,2024-05-14 11:00:00,23.0,停机,IsolationForest; Mahalanobis; 单变量IQR+3σ; 残差,677.605,598,Mahalanobis 距离=677.6（阈值=10.8）。主要贡献特征：PC1 (100.0%)。
1525,2024-05-14 11:02:00,2024-05-14 16:03:00,302.0,停机,IsolationForest; Mahalanobis; 单变量IQR+3σ; 残差,655.648,7852,Mahalanobis 距离=655.6（阈值=10.8）。主要贡献特征：PC1 (100.0%)。
1526,2024-05-14 16:34:00,2024-05-14 16:34:00,1.0,停机,IsolationForest; Mahalanobis; 单变量IQR+3σ; 残差,0.467,26,正常
1527,2024-05-14 16:38:00,2024-05-14 16:38:00,1.0,停机,IsolationForest; Mahalanobis; 单变量IQR+3σ; 残差,0.465,26,正常
1528,2024-05-14 16:41:00,2024-05-14 16:41:00,1.0,停机,IsolationForest; Mahalanobis; 单变量IQR+3σ; 残差,0.464,26,正常
1529,2024-05-14 16:46:00,2024-05-14 17:39:00,54.0,带载运行,IsolationForest; Mahalanobis; 单变量IQR+3σ; 残差,111.754,1404,Mahalanobis 距离=111.8（阈值=10.8）。主要贡献特征：PC1 (100.0%)。
1530,2024-05-14 17:54:00,2024-05-14 17:54:00,1.0,带载运行,IsolationForest; Mahalanobis; 单变量IQR+3σ; 残差,3.253,26,残差异常：三机_转载机_电机_电流 偏高（残差 Z-score=3.3，实际=134.0 vs 预测=95.2）
1531,2024-05-14 17:58:00,2024-05-14 18:15:00,18.0,带载运行,IsolationForest; Mahalanobis; 单变量IQR+3σ; 残差,18.181,468,Mahalanobis 距离=18.2（阈值=10.8）。主要贡献特征：PC1 (100.0%)。
1532,2024-05-14 19:07:00,2024-05-14 19:23:00,17.0,带载运行,IsolationForest; Mahalanobis; 单变量IQR+3σ; 残差,18.551,442,Mahalanobis 距离=18.6（阈值=10.8）。主要贡献特征：PC1 (100.0%)。
1533,2024-05-14 19:36:00,2024-05-14 19:46:00,11.0,带载运行,IsolationForest; Mahalanobis; 单变量IQR+3σ; 残差,18.399,286,Mahalanobis 距离=18.4（阈值=10.8）。主要贡献特征：PC1 (100.0%)。
1534,2024-05-14 19:51:00,2024-05-14 19:53:00,3.0,带载运行,IsolationForest; Mahalanobis; 单变量IQR+3σ; 残差,18.379,78,Mahalanobis 距离=18.4（阈值=10.8）。主要贡献特征：PC1 (100.0%)。
1535,2024-05-14 20:55:00,2024-05-14 20:59:00,5.0,空载运行,IsolationForest; Mahalanobis; 单变量IQR+3σ; 残差,7656.458,130,Mahalanobis 距离=7656.5（阈值=10.8）。主要贡献特征：PC1 (100.0%)。
1536,2024-05-14 21:01:00,2024-05-14 21:01:00,1.0,停机,IsolationForest; Mahalanobis; 单变量IQR+3σ; 残差,3.325,26,残差异常：三机_转载机_减速器_冷却水_压力 偏高（残差 Z-score=3.3，实际=0.2 vs 预测=0.1）
1537,2024-05-14 21:07:00,2024-05-14 21:11:00,5.0,带载运行,IsolationForest; Mahalanobis; 单变量IQR+3σ; 残差,118.18,130,Mahalanobis 距离=118.2（阈值=10.8）。主要贡献特征：PC1 (100.0%)。
1538,2024-05-14 21:14:00,2024-05-14 21:20:00,7.0,停机,IsolationForest; Mahalanobis; 单变量IQR+3σ; 残差,8049.971,182,Mahalanobis 距离=8050.0（阈值=10.8）。主要贡献特征：PC1 (100.0%)。
1539,2024-05-14 21:30:00,2024-05-14 21:30:00,1.0,带载运行,IsolationForest; Mahalanobis; 单变量IQR+3σ; 残差,3.405,26,残差异常：三机_转载机_电机_转矩 偏高（残差 Z-score=3.4，实际=55.0 vs 预测=31.2）
1540,2024-05-14 21:43:00,2024-05-14 21:44:00,2.0,带载运行,IsolationForest; Mahalanobis; 单变量IQR+3σ; 残差,12.497,52,Mahalanobis 距离=12.5（阈值=10.8）。主要贡献特征：PC1 (100.0%)。
1541,2024-05-14 22:07:00,2024-05-14 22:10:00,4.0,停机,IsolationForest; Mahalanobis; 单变量IQR+3σ; 残差,8047.937,104,Mahalanobis 距离=8047.9（阈值=10.8）。主要贡献特征：PC1 (100.0%)。
1542,2024-05-14 22:13:00,2024-05-14 22:17:00,5.0,带载运行,IsolationForest; Mahalanobis; 单变量IQR+3σ; 残差,113.268,130,Mahalanobis 距离=113.3（阈值=10.8）。主要贡献特征：PC1 (100.0%)。
1543,2024-05-14 22:48:00,2024-05-14 23:11:00,24.0,带载运行,IsolationForest; Mahalanobis; 单变量IQR+3σ; 残差,18.511,624,Mahalanobis 距离=18.5（阈值=10.8）。主要贡献特征：PC1 (100.0%)。
1544,2024-05-14 23:29:00,2024-05-14 23:33:00,5.0,带载运行,IsolationForest; Mahalanobis; 单变量IQR+3σ; 残差,18.388,130,Mahalanobis 距离=18.4（阈值=10.8）。主要贡献特征：PC1 (100.0%)。
1545,2024-05-14 23:41:00,2024-05-15 00:36:00,56.0,带载运行,IsolationForest; Mahalanobis; 单变量IQR+3σ; 残差,18.419,1456,Mahalanobis 距离=18.4（阈值=10.8）。主要贡献特征：PC1 (100.0%)。
1546,2024-05-15 00:39:00,2024-05-15 00:39:00,1.0,带载运行,IsolationForest; Mahalanobis; 单变量IQR+3σ; 残差,10.866,26,Mahalanobis 距离=10.9（阈值=10.8）。主要贡献特征：PC1 (100.0%)。
1547,2024-05-15 00:41:00,2024-05-15 00:52:00,12.0,带载运行,IsolationForest; Mahalanobis; 单变量IQR+3σ; 残差,18.29,312,Mahalanobis 距离=18.3（阈值=10.8）。主要贡献特征：PC1 (100.0%)。
1548,2024-05-15 01:07:00,2024-05-15 03:35:00,149.0,停机,IsolationForest; Mahalanobis; 单变量IQR+3σ; 残差,5520.034,3874,Mahalanobis 距离=5520.0（阈值=10.8）。主要贡献特征：PC1 (100.0%)。
1549,2024-05-15 03:45:00,2024-05-15 03:56:00,12.0,停机,IsolationForest; Mahalanobis; 单变量IQR+3σ; 残差,3377.745,312,Mahalanobis 距离=3377.7（阈值=10.8）。主要贡献特征：PC1 (100.0%)。
1550,2024-05-15 04:07:00,2024-05-15 08:26:00,260.0,停机,IsolationForest; Mahalanobis; 单变量IQR+3σ; 残差,7037.865,6760,Mahalanobis 距离=7037.9（阈值=10.8）。主要贡献特征：PC1 (100.0%)。
1551,2024-05-15 08:32:00,2024-05-15 08:47:00,16.0,带载运行,IsolationForest; Mahalanobis; 单变量IQR+3σ; 残差,112.924,416,Mahalanobis 距离=112.9（阈值=10.8）。主要贡献特征：PC1 (100.0%)。
1552,2024-05-15 15:43:00,2024-05-15 17:59:00,137.0,带载运行,IsolationForest; Mahalanobis; 单变量IQR+3σ; 残差,28.355,3562,Mahalanobis 距离=28.4（阈值=10.8）。主要贡献特征：PC1 (100.0%)。
1553,2024-05-15 19:42:00,2024-05-15 19:43:00,2.0,带载运行,IsolationForest; Mahalanobis; 单变量IQR+3σ; 残差,11.154,52,Mahalanobis 距离=11.2（阈值=10.8）。主要贡献特征：PC1 (100.0%)。
1554,2024-05-15 19:49:00,2024-05-15 19:52:00,4.0,带载运行,IsolationForest; Mahalanobis; 单变量IQR+3σ; 残差,6.719,104,正常
1555,2024-05-15 19:55:00,2024-05-15 19:55:00,1.0,带载运行,IsolationForest; Mahalanobis; 单变量IQR+3σ; 残差,7.015,26,正常
1556,2024-05-15 21:35:00,2024-05-15 22:00:00,26.0,带载运行,IsolationForest; Mahalanobis; 单变量IQR+3σ; 残差,18.372,676,Mahalanobis 距离=18.4（阈值=10.8）。主要贡献特征：PC1 (100.0%)。
1557,2024-05-15 23:22:00,2024-05-15 23:59:00,38.0,带载运行,IsolationForest; Mahalanobis; 单变量IQR+3σ; 残差,18.554,988,Mahalanobis 距离=18.6（阈值=10.8）。主要贡献特征：PC1 (100.0%)。
1558,2024-05-16 01:10:00,2024-05-16 01:11:00,2.0,带载运行,IsolationForest; Mahalanobis; 单变量IQR+3σ; 残差,12.826,52,Mahalanobis 距离=12.8（阈值=10.8）。主要贡献特征：PC1 (100.0%)。
1559,2024-05-16 01:29:00,2024-05-16 01:54:00,26.0,带载运行,IsolationForest; Mahalanobis; 单变量IQR+3σ; 残差,18.357,676,Mahalanobis 距离=18.4（阈值=10.8）。主要贡献特征：PC1 (100.0%)。
1560,2024-05-16 03:38:00,2024-05-16 04:25:00,48.0,带载运行,IsolationForest; Mahalanobis; 单变量IQR+3σ; 残差,54.629,1248,Mahalanobis 距离=54.6（阈值=10.8）。主要贡献特征：PC1 (100.0%)。
1561,2024-05-16 05:56:00,2024-05-16 06:48:00,53.0,带载运行,IsolationForest; Mahalanobis; 单变量IQR+3σ; 残差,21.107,1378,Mahalanobis 距离=21.1（阈值=10.8）。主要贡献特征：PC1 (100.0%)。
1562,2024-05-16 07:03:00,2024-05-16 07:25:00,23.0,带载运行,IsolationForest; Mahalanobis; 单变量IQR+3σ; 残差,18.448,598,Mahalanobis 距离=18.4（阈值=10.8）。主要贡献特征：PC1 (100.0%)。
1563,2024-05-16 07:32:00,2024-05-16 07:37:00,6.0,带载运行,IsolationForest; Mahalanobis; 单变量IQR+3σ; 残差,18.378,156,Mahalanobis 距离=18.4（阈值=10.8）。主要贡献特征：PC1 (100.0%)。
1564,2024-05-16 07:58:00,2024-05-16 08:21:00,24.0,带载运行,IsolationForest; Mahalanobis; 单变量IQR+3σ; 残差,18.402,624,Mahalanobis 距离=18.4（阈值=10.8）。主要贡献特征：PC1 (100.0%)。
1565,2024-05-16 08:25:00,2024-05-16 08:25:00,1.0,带载运行,IsolationForest; Mahalanobis; 单变量IQR+3σ; 残差,3.377,26,残差异常：三机_转载机_电机_转矩 偏高（残差 Z-score=3.4，实际=44.0 vs 预测=20.4）
1566,2024-05-16 08:32:00,2024-05-16 08:35:00,4.0,停机,IsolationForest; Mahalanobis; 单变量IQR+3σ; 残差,8041.148,104,Mahalanobis 距离=8041.1（阈值=10.8）。主要贡献特征：PC1 (100.0%)。
1567,2024-05-16 08:43:00,2024-05-16 08:47:00,5.0,带载运行,IsolationForest; Mahalanobis; 单变量IQR+3σ; 残差,129.14,130,Mahalanobis 距离=129.1（阈值=10.8）。主要贡献特征：PC1 (100.0%)。
1568,2024-05-16 08:52:00,2024-05-16 08:56:00,5.0,停机,IsolationForest; Mahalanobis; 单变量IQR+3σ; 残差,8056.394,130,Mahalanobis 距离=8056.4（阈值=10.8）。主要贡献特征：PC1 (100.0%)。
1569,2024-05-16 08:59:00,2024-05-16 08:59:00,1.0,停机,IsolationForest; Mahalanobis; 单变量IQR+3σ; 残差,1.402,26,正常
1570,2024-05-16 09:02:00,2024-05-16 09:02:00,1.0,停机,IsolationForest; Mahalanobis; 单变量IQR+3σ; 残差,1.021,26,正常
1571,2024-05-16 09:08:00,2024-05-16 09:08:00,1.0,停机,IsolationForest; Mahalanobis; 单变量IQR+3σ; 残差,1.169,26,正常
1572,2024-05-16 09:32:00,2024-05-16 15:01:00,330.0,停机,IsolationForest; Mahalanobis; 单变量IQR+3σ; 残差,1071.614,8580,Mahalanobis 距离=1071.6（阈值=10.8）。主要贡献特征：PC1 (100.0%)。
1573,2024-05-16 16:51:00,2024-05-16 16:58:00,8.0,停机,IsolationForest; Mahalanobis; 单变量IQR+3σ; 残差,4664.473,208,Mahalanobis 距离=4664.5（阈值=10.8）。主要贡献特征：PC1 (100.0%)。
1574,2024-05-16 17:18:00,2024-05-16 19:43:00,146.0,停机,IsolationForest; Mahalanobis; 单变量IQR+3σ; 残差,8059.88,3796,Mahalanobis 距离=8059.9（阈值=10.8）。主要贡献特征：PC1 (100.0%)。
1575,2024-05-16 21:09:00,2024-05-16 21:14:00,6.0,停机,IsolationForest; Mahalanobis; 单变量IQR+3σ; 残差,8049.205,156,Mahalanobis 距离=8049.2（阈值=10.8）。主要贡献特征：PC1 (100.0%)。
1576,2024-05-16 21:16:00,2024-05-16 21:20:00,5.0,带载运行,IsolationForest; Mahalanobis; 单变量IQR+3σ; 残差,146.596,130,Mahalanobis 距离=146.6（阈值=10.8）。主要贡献特征：PC1 (100.0%)。
1577,2024-05-16 21:45:00,2024-05-16 21:47:00,3.0,带载运行,IsolationForest; Mahalanobis; 单变量IQR+3σ; 残差,17.807,78,Mahalanobis 距离=17.8（阈值=10.8）。主要贡献特征：PC1 (100.0%)。
1578,2024-05-16 22:03:00,2024-05-16 22:06:00,4.0,停机,IsolationForest; Mahalanobis; 单变量IQR+3σ; 残差,8031.705,104,Mahalanobis 距离=8031.7（阈值=10.8）。主要贡献特征：PC1 (100.0%)。
1579,2024-05-16 22:15:00,2024-05-16 22:19:00,5.0,带载运行,IsolationForest; Mahalanobis; 单变量IQR+3σ; 残差,137.695,130,Mahalanobis 距离=137.7（阈值=10.8）。主要贡献特征：PC1 (100.0%)。
1580,2024-05-16 22:33:00,2024-05-16 22:33:00,1.0,带载运行,IsolationForest; Mahalanobis; 单变量IQR+3σ; 残差,0.883,26,正常
1581,2024-05-16 23:22:00,2024-05-16 23:27:00,6.0,空载运行,IsolationForest; Mahalanobis; 单变量IQR+3σ; 残差,7783.351,156,Mahalanobis 距离=7783.4（阈值=10.8）。主要贡献特征：PC1 (100.0%)。
1582,2024-05-16 23:50:00,2024-05-16 23:53:00,4.0,停机,IsolationForest; Mahalanobis; 单变量IQR+3σ; 残差,7969.61,104,Mahalanobis 距离=7969.6（阈值=10.8）。主要贡献特征：PC1 (100.0%)。
1583,2024-05-17 00:08:00,2024-05-17 00:11:00,4.0,带载运行,IsolationForest; Mahalanobis; 单变量IQR+3σ; 残差,109.334,104,Mahalanobis 距离=109.3（阈值=10.8）。主要贡献特征：PC1 (100.0%)。
1584,2024-05-17 00:49:00,2024-05-17 00:53:00,5.0,带载运行,IsolationForest; Mahalanobis; 单变量IQR+3σ; 残差,11.771,130,Mahalanobis 距离=11.8（阈值=10.8）。主要贡献特征：PC1 (100.0%)。
1585,2024-05-17 01:06:00,2024-05-17 01:11:00,6.0,带载运行,IsolationForest; Mahalanobis; 单变量IQR+3σ; 残差,18.373,156,Mahalanobis 距离=18.4（阈值=10.8）。主要贡献特征：PC1 (100.0%)。
1586,2024-05-17 01:20:00,2024-05-17 02:02:00,43.0,停机,IsolationForest; Mahalanobis; 单变量IQR+3σ; 残差,7030.201,1118,Mahalanobis 距离=7030.2（阈值=10.8）。主要贡献特征：PC1 (100.0%)。
1587,2024-05-17 03:09:00,2024-05-17 03:10:00,2.0,停机,IsolationForest; Mahalanobis; 单变量IQR+3σ; 残差,0.467,52,正常
1588,2024-05-17 03:14:00,2024-05-17 03:42:00,29.0,带载运行,IsolationForest; Mahalanobis; 单变量IQR+3σ; 残差,116.033,754,Mahalanobis 距离=116.0（阈值=10.8）。主要贡献特征：PC1 (100.0%)。
1589,2024-05-17 03:54:00,2024-05-17 04:06:00,13.0,带载运行,IsolationForest; Mahalanobis; 单变量IQR+3σ; 残差,26.932,338,Mahalanobis 距离=26.9（阈值=10.8）。主要贡献特征：PC1 (100.0%)。
1590,2024-05-17 04:10:00,2024-05-17 04:10:00,1.0,带载运行,IsolationForest; Mahalanobis; 单变量IQR+3σ; 残差,12.376,26,Mahalanobis 距离=12.4（阈值=10.8）。主要贡献特征：PC1 (100.0%)。
1591,2024-05-17 04:22:00,2024-05-17 04:26:00,5.0,带载运行,IsolationForest; Mahalanobis; 单变量IQR+3σ; 残差,18.126,130,Mahalanobis 距离=18.1（阈值=10.8）。主要贡献特征：PC1 (100.0%)。
1592,2024-05-17 04:55:00,2024-05-17 05:18:00,24.0,带载运行,IsolationForest; Mahalanobis; 单变量IQR+3σ; 残差,73.656,624,Mahalanobis 距离=73.7（阈值=10.8）。主要贡献特征：PC1 (100.0%)。
1593,2024-05-17 05:48:00,2024-05-17 06:34:00,47.0,带载运行,IsolationForest; Mahalanobis; 单变量IQR+3σ; 残差,73.661,1222,Mahalanobis 距离=73.7（阈值=10.8）。主要贡献特征：PC1 (100.0%)。
1594,2024-05-17 06:45:00,2024-05-17 06:45:00,1.0,带载运行,IsolationForest; Mahalanobis; 单变量IQR+3σ; 残差,3.749,26,残差异常：三机_转载机_电机_转矩 偏高（残差 Z-score=3.7，实际=49.0 vs 预测=22.8）
1595,2024-05-17 06:52:00,2024-05-17 06:55:00,4.0,停机,IsolationForest; Mahalanobis; 单变量IQR+3σ; 残差,8035.819,104,Mahalanobis 距离=8035.8（阈值=10.8）。主要贡献特征：PC1 (100.0%)。
1596,2024-05-17 07:32:00,2024-05-17 07:38:00,7.0,带载运行,IsolationForest; Mahalanobis; 单变量IQR+3σ; 残差,141.047,182,Mahalanobis 距离=141.0（阈值=10.8）。主要贡献特征：PC1 (100.0%)。
1597,2024-05-17 07:40:00,2024-05-17 07:44:00,5.0,带载运行,IsolationForest; Mahalanobis; 单变量IQR+3σ; 残差,12.521,130,Mahalanobis 距离=12.5（阈值=10.8）。主要贡献特征：PC1 (100.0%)。
1598,2024-05-17 08:02:00,2024-05-17 08:19:00,18.0,空载运行,IsolationForest; Mahalanobis; 单变量IQR+3σ; 残差,6462.477,468,Mahalanobis 距离=6462.5（阈值=10.8）。主要贡献特征：PC1 (100.0%)。
1599,2024-05-17 08:21:00,2024-05-17 08:27:00,7.0,停机,IsolationForest; Mahalanobis; 单变量IQR+3σ; 残差,4956.029,182,Mahalanobis 距离=4956.0（阈值=10.8）。主要贡献特征：PC1 (100.0%)。
1600,2024-05-17 08:29:00,2024-05-17 08:33:00,5.0,带载运行,IsolationForest; Mahalanobis; 单变量IQR+3σ; 残差,135.174,130,Mahalanobis 距离=135.2（阈值=10.8）。主要贡献特征：PC1 (100.0%)。
1601,2024-05-17 08:35:00,2024-05-17 08:38:00,4.0,停机,IsolationForest; Mahalanobis; 单变量IQR+3σ; 残差,8042.346,104,Mahalanobis 距离=8042.3（阈值=10.8）。主要贡献特征：PC1 (100.0%)。
1602,2024-05-17 08:43:00,2024-05-17 08:47:00,5.0,带载运行,IsolationForest; Mahalanobis; 单变量IQR+3σ; 残差,120.557,130,Mahalanobis 距离=120.6（阈值=10.8）。主要贡献特征：PC1 (100.0%)。
1603,2024-05-17 08:57:00,2024-05-17 09:16:00,20.0,停机,IsolationForest; Mahalanobis; 单变量IQR+3σ; 残差,7040.429,520,Mahalanobis 距离=7040.4（阈值=10.8）。主要贡献特征：PC1 (100.0%)。
1604,2024-05-17 09:36:00,2024-05-17 09:44:00,9.0,带载运行,IsolationForest; Mahalanobis; 单变量IQR+3σ; 残差,129.5,234,Mahalanobis 距离=129.5（阈值=10.8）。主要贡献特征：PC1 (100.0%)。
1605,2024-05-17 10:19:00,2024-05-17 10:31:00,13.0,停机,IsolationForest; Mahalanobis; 单变量IQR+3σ; 残差,7039.663,338,Mahalanobis 距离=7039.7（阈值=10.8）。主要贡献特征：PC1 (100.0%)。
1606,2024-05-17 10:35:00,2024-05-17 10:41:00,7.0,带载运行,IsolationForest; Mahalanobis; 单变量IQR+3σ; 残差,113.832,182,Mahalanobis 距离=113.8（阈值=10.8）。主要贡献特征：PC1 (100.0%)。
1607,2024-05-17 10:46:00,2024-05-17 10:49:00,4.0,停机,IsolationForest; Mahalanobis; 单变量IQR+3σ; 残差,8060.454,104,Mahalanobis 距离=8060.5（阈值=10.8）。主要贡献特征：PC1 (100.0%)。
1608,2024-05-17 10:59:00,2024-05-17 10:59:00,1.0,停机,IsolationForest; Mahalanobis; 单变量IQR+3σ; 残差,0.771,26,正常
1609,2024-05-17 11:10:00,2024-05-17 11:16:00,7.0,停机,IsolationForest; Mahalanobis; 单变量IQR+3σ; 残差,6443.108,182,Mahalanobis 距离=6443.1（阈值=10.8）。主要贡献特征：PC1 (100.0%)。
1610,2024-05-17 11:43:00,2024-05-17 11:43:00,1.0,停机,IsolationForest; Mahalanobis; 单变量IQR+3σ; 残差,0.466,26,正常
1611,2024-05-17 11:49:00,2024-05-17 11:50:00,2.0,停机,IsolationForest; Mahalanobis; 单变量IQR+3σ; 残差,3.325,52,残差异常：三机_转载机_减速器_冷却水_压力 偏高（残差 Z-score=3.3，实际=0.2 vs 预测=0.1）
1612,2024-05-17 13:38:00,2024-05-17 13:54:00,17.0,停机,IsolationForest; Mahalanobis; 单变量IQR+3σ; 残差,4502.037,442,Mahalanobis 距离=4502.0（阈值=10.8）。主要贡献特征：PC1 (100.0%)。
1613,2024-05-17 14:07:00,2024-05-17 14:17:00,11.0,停机,IsolationForest; Mahalanobis; 单变量IQR+3σ; 残差,4050.509,286,Mahalanobis 距离=4050.5（阈值=10.8）。主要贡献特征：PC1 (100.0%)。
1614,2024-05-17 14:29:00,2024-05-17 14:29:00,1.0,停机,IsolationForest; Mahalanobis; 单变量IQR+3σ; 残差,2.771,26,正常
1615,2024-05-17 14:40:00,2024-05-17 14:40:00,1.0,停机,IsolationForest; Mahalanobis; 单变量IQR+3σ; 残差,0.467,26,正常
1616,2024-05-17 14:42:00,2024-05-17 15:13:00,32.0,空载运行,IsolationForest; Mahalanobis; 单变量IQR+3σ; 残差,6835.769,832,Mahalanobis 距离=6835.8（阈值=10.8）。主要贡献特征：PC1 (100.0%)。
1617,2024-05-17 15:16:00,2024-05-17 15:20:00,5.0,停机,IsolationForest; Mahalanobis; 单变量IQR+3σ; 残差,636.521,130,Mahalanobis 距离=636.5（阈值=10.8）。主要贡献特征：PC1 (100.0%)。
1618,2024-05-17 16:14:00,2024-05-17 19:21:00,188.0,停机,IsolationForest; Mahalanobis; 单变量IQR+3σ; 残差,7046.843,4888,Mahalanobis 距离=7046.8（阈值=10.8）。主要贡献特征：PC1 (100.0%)。
1619,2024-05-17 19:27:00,2024-05-17 19:36:00,10.0,停机,IsolationForest; Mahalanobis; 单变量IQR+3σ; 残差,8060.83,260,Mahalanobis 距离=8060.8（阈值=10.8）。主要贡献特征：PC1 (100.0%)。
1620,2024-05-17 19:41:00,2024-05-17 19:45:00,5.0,带载运行,IsolationForest; Mahalanobis; 单变量IQR+3σ; 残差,18.224,130,Mahalanobis 距离=18.2（阈值=10.8）。主要贡献特征：PC1 (100.0%)。
1621,2024-05-17 19:48:00,2024-05-20 23:13:00,4526.0,停机,IsolationForest; Mahalanobis; 单变量IQR+3σ; 残差,7899.044,117676,Mahalanobis 距离=7899.0（阈值=10.8）。主要贡献特征：PC1 (100.0%)。
1622,2024-05-20 23:36:00,2024-05-20 23:36:00,1.0,停机,IsolationForest; Mahalanobis; 单变量IQR+3σ; 残差,0.642,26,正常
1623,2024-05-20 23:38:00,2024-05-20 23:38:00,1.0,停机,IsolationForest; Mahalanobis; 单变量IQR+3σ; 残差,0.583,26,正常
1624,2024-05-20 23:56:00,2024-05-20 23:56:00,1.0,停机,IsolationForest; Mahalanobis; 单变量IQR+3σ; 残差,1.254,26,正常
1625,2024-05-20 23:58:00,2024-05-21 00:06:00,9.0,停机,IsolationForest; Mahalanobis; 单变量IQR+3σ; 残差,5784.886,234,Mahalanobis 距离=5784.9（阈值=10.8）。主要贡献特征：PC1 (100.0%)。
1626,2024-05-21 00:08:00,2024-05-21 00:08:00,1.0,停机,IsolationForest; Mahalanobis; 单变量IQR+3σ; 残差,1.278,26,正常
1627,2024-05-21 00:40:00,2024-05-21 00:54:00,15.0,停机,IsolationForest; Mahalanobis; 单变量IQR+3σ; 残差,7034.916,390,Mahalanobis 距离=7034.9（阈值=10.8）。主要贡献特征：PC1 (100.0%)。
1628,2024-05-21 01:53:00,2024-05-21 02:41:00,49.0,停机,IsolationForest; Mahalanobis; 单变量IQR+3σ; 残差,7041.563,1274,Mahalanobis 距离=7041.6（阈值=10.8）。主要贡献特征：PC1 (100.0%)。
1629,2024-05-21 02:47:00,2024-05-21 02:53:00,7.0,停机,IsolationForest; Mahalanobis; 单变量IQR+3σ; 残差,8047.108,182,Mahalanobis 距离=8047.1（阈值=10.8）。主要贡献特征：PC1 (100.0%)。
1630,2024-05-21 04:14:00,2024-05-21 04:27:00,14.0,带载运行,IsolationForest; Mahalanobis; 单变量IQR+3σ; 残差,18.403,364,Mahalanobis 距离=18.4（阈值=10.8）。主要贡献特征：PC1 (100.0%)。
1631,2024-05-21 04:43:00,2024-05-21 05:01:00,19.0,带载运行,IsolationForest; Mahalanobis; 单变量IQR+3σ; 残差,18.328,494,Mahalanobis 距离=18.3（阈值=10.8）。主要贡献特征：PC1 (100.0%)。
1632,2024-05-21 05:10:00,2024-05-21 05:14:00,5.0,停机,IsolationForest; Mahalanobis; 单变量IQR+3σ; 残差,8053.469,130,Mahalanobis 距离=8053.5（阈值=10.8）。主要贡献特征：PC1 (100.0%)。
1633,2024-05-21 05:31:00,2024-05-21 06:21:00,51.0,带载运行,IsolationForest; Mahalanobis; 单变量IQR+3σ; 残差,113.865,1326,Mahalanobis 距离=113.9（阈值=10.8）。主要贡献特征：PC1 (100.0%)。
1634,2024-05-21 06:57:00,2024-05-21 06:57:00,1.0,带载运行,IsolationForest; Mahalanobis; 单变量IQR+3σ; 残差,1.815,26,正常
1635,2024-05-21 07:16:00,2024-05-21 07:42:00,27.0,停机,IsolationForest; Mahalanobis; 单变量IQR+3σ; 残差,8033.241,702,Mahalanobis 距离=8033.2（阈值=10.8）。主要贡献特征：PC1 (100.0%)。
1636,2024-05-21 07:46:00,2024-05-21 09:01:00,76.0,停机,IsolationForest; Mahalanobis; 单变量IQR+3σ; 残差,7297.634,1976,Mahalanobis 距离=7297.6（阈值=10.8）。主要贡献特征：PC1 (100.0%)。
1637,2024-05-21 09:06:00,2024-05-21 09:27:00,22.0,停机,IsolationForest; Mahalanobis; 单变量IQR+3σ; 残差,842.619,572,Mahalanobis 距离=842.6（阈值=10.8）。主要贡献特征：PC1 (100.0%)。
1638,2024-05-21 09:37:00,2024-05-21 09:40:00,4.0,停机,IsolationForest; Mahalanobis; 单变量IQR+3σ; 残差,1.074,104,正常
1639,2024-05-21 10:37:00,2024-05-21 10:37:00,1.0,停机,IsolationForest; Mahalanobis; 单变量IQR+3σ; 残差,0.464,26,正常
1640,2024-05-21 10:47:00,2024-05-21 10:51:00,5.0,带载运行,IsolationForest; Mahalanobis; 单变量IQR+3σ; 残差,147.191,130,Mahalanobis 距离=147.2（阈值=10.8）。主要贡献特征：PC1 (100.0%)。
1641,2024-05-21 12:07:00,2024-05-21 12:10:00,4.0,停机,IsolationForest; Mahalanobis; 单变量IQR+3σ; 残差,5.649,104,残差异常：三机_转载机_减速器_冷却水_温度 偏高（残差 Z-score=5.6，实际=39.8 vs 预测=32.4）
1642,2024-05-21 12:57:00,2024-05-21 13:01:00,5.0,停机,IsolationForest; Mahalanobis; 单变量IQR+3σ; 残差,307.75,130,Mahalanobis 距离=307.8（阈值=10.8）。主要贡献特征：PC1 (100.0%)。
1643,2024-05-21 13:04:00,2024-05-21 13:08:00,5.0,停机,IsolationForest; Mahalanobis; 单变量IQR+3σ; 残差,234.353,130,Mahalanobis 距离=234.4（阈值=10.8）。主要贡献特征：PC1 (100.0%)。
1644,2024-05-21 13:36:00,2024-05-21 13:41:00,6.0,停机,IsolationForest; Mahalanobis; 单变量IQR+3σ; 残差,235.568,156,Mahalanobis 距离=235.6（阈值=10.8）。主要贡献特征：PC1 (100.0%)。
1645,2024-05-21 15:02:00,2024-05-21 15:04:00,3.0,停机,IsolationForest; Mahalanobis; 单变量IQR+3σ; 残差,6.251,78,残差异常：三机_转载机_减速器_冷却水_流量 偏高（残差 Z-score=6.3，实际=45.0 vs 预测=0.0）
1646,2024-05-21 15:08:00,2024-05-21 15:08:00,1.0,停机,IsolationForest; Mahalanobis; 单变量IQR+3σ; 残差,1.015,26,正常
1647,2024-05-21 15:55:00,2024-05-21 16:02:00,8.0,停机,IsolationForest; Mahalanobis; 单变量IQR+3σ; 残差,6222.01,208,Mahalanobis 距离=6222.0（阈值=10.8）。主要贡献特征：PC1 (100.0%)。
1648,2024-05-21 16:22:00,2024-05-21 16:29:00,8.0,停机,IsolationForest; Mahalanobis; 单变量IQR+3σ; 残差,5246.348,208,Mahalanobis 距离=5246.3（阈值=10.8）。主要贡献特征：PC1 (100.0%)。
1649,2024-05-21 17:13:00,2024-05-21 18:47:00,95.0,停机,IsolationForest; Mahalanobis; 单变量IQR+3σ; 残差,3689.697,2470,Mahalanobis 距离=3689.7（阈值=10.8）。主要贡献特征：PC1 (100.0%)。
1650,2024-05-21 18:51:00,2024-05-21 18:53:00,3.0,带载运行,IsolationForest; Mahalanobis; 单变量IQR+3σ; 残差,14.945,78,Mahalanobis 距离=14.9（阈值=10.8）。主要贡献特征：PC1 (100.0%)。
1651,2024-05-21 19:07:00,2024-05-21 19:27:00,21.0,停机,IsolationForest; Mahalanobis; 单变量IQR+3σ; 残差,8043.146,546,Mahalanobis 距离=8043.1（阈值=10.8）。主要贡献特征：PC1 (100.0%)。
1652,2024-05-21 20:36:00,2024-05-21 20:47:00,12.0,带载运行,IsolationForest; Mahalanobis; 单变量IQR+3σ; 残差,19.494,312,Mahalanobis 距离=19.5（阈值=10.8）。主要贡献特征：PC1 (100.0%)。
1653,2024-05-21 20:52:00,2024-05-21 21:37:00,46.0,停机,IsolationForest; Mahalanobis; 单变量IQR+3σ; 残差,7032.615,1196,Mahalanobis 距离=7032.6（阈值=10.8）。主要贡献特征：PC1 (100.0%)。
1654,2024-05-21 21:46:00,2024-05-21 22:00:00,15.0,停机,IsolationForest; Mahalanobis; 单变量IQR+3σ; 残差,6759.227,390,Mahalanobis 距离=6759.2（阈值=10.8）。主要贡献特征：PC1 (100.0%)。
1655,2024-05-21 22:02:00,2024-05-21 22:06:00,5.0,带载运行,IsolationForest; Mahalanobis; 单变量IQR+3σ; 残差,112.533,130,Mahalanobis 距离=112.5（阈值=10.8）。主要贡献特征：PC1 (100.0%)。
1656,2024-05-21 22:24:00,2024-05-21 22:32:00,9.0,停机,IsolationForest; Mahalanobis; 单变量IQR+3σ; 残差,8065.576,234,Mahalanobis 距离=8065.6（阈值=10.8）。主要贡献特征：PC1 (100.0%)。
1657,2024-05-21 22:35:00,2024-05-21 22:40:00,6.0,带载运行,IsolationForest; Mahalanobis; 单变量IQR+3σ; 残差,128.543,156,Mahalanobis 距离=128.5（阈值=10.8）。主要贡献特征：PC1 (100.0%)。
1658,2024-05-21 22:42:00,2024-05-21 23:03:00,22.0,带载运行,IsolationForest; Mahalanobis; 单变量IQR+3σ; 残差,18.165,572,Mahalanobis 距离=18.2（阈值=10.8）。主要贡献特征：PC1 (100.0%)。
1659,2024-05-21 23:09:00,2024-05-21 23:19:00,11.0,带载运行,IsolationForest; Mahalanobis; 单变量IQR+3σ; 残差,18.247,286,Mahalanobis 距离=18.2（阈值=10.8）。主要贡献特征：PC1 (100.0%)。
1660,2024-05-21 23:27:00,2024-05-21 23:39:00,13.0,带载运行,IsolationForest; Mahalanobis; 单变量IQR+3σ; 残差,18.319,338,Mahalanobis 距离=18.3（阈值=10.8）。主要贡献特征：PC1 (100.0%)。
1661,2024-05-21 23:46:00,2024-05-21 23:55:00,10.0,带载运行,IsolationForest; Mahalanobis; 单变量IQR+3σ; 残差,30.328,260,Mahalanobis 距离=30.3（阈值=10.8）。主要贡献特征：PC1 (100.0%)。
1662,2024-05-22 00:07:00,2024-05-22 00:15:00,9.0,停机,IsolationForest; Mahalanobis; 单变量IQR+3σ; 残差,8037.699,234,Mahalanobis 距离=8037.7（阈值=10.8）。主要贡献特征：PC1 (100.0%)。
1663,2024-05-22 00:48:00,2024-05-22 00:48:00,1.0,带载运行,IsolationForest; Mahalanobis; 单变量IQR+3σ; 残差,3.177,26,残差异常：三机_转载机_减速器_油箱_油位 偏高（残差 Z-score=3.2，实际=429.0 vs 预测=366.8）
1664,2024-05-22 01:34:00,2024-05-22 01:34:00,1.0,带载运行,IsolationForest; Mahalanobis; 单变量IQR+3σ; 残差,3.341,26,残差异常：三机_转载机_减速器_油箱_油位 偏高（残差 Z-score=3.3，实际=295.0 vs 预测=229.6）
1665,2024-05-22 01:56:00,2024-05-22 01:56:00,1.0,带载运行,IsolationForest; Mahalanobis; 单变量IQR+3σ; 残差,3.566,26,残差异常：三机_转载机_减速器_油箱_油位 偏高（残差 Z-score=3.6，实际=281.0 vs 预测=211.2）
1666,2024-05-22 02:13:00,2024-05-22 02:14:00,2.0,带载运行,IsolationForest; Mahalanobis; 单变量IQR+3σ; 残差,3.923,52,残差异常：三机_转载机_减速器_油箱_油位 偏高（残差 Z-score=3.9，实际=286.0 vs 预测=209.2）
1667,2024-05-22 02:28:00,2024-05-22 02:28:00,1.0,带载运行,IsolationForest; Mahalanobis; 单变量IQR+3σ; 残差,3.28,26,残差异常：三机_转载机_减速器_油箱_油位 偏高（残差 Z-score=3.3，实际=314.0 vs 预测=249.8）
1668,2024-05-22 02:45:00,2024-05-22 03:12:00,28.0,空载运行,IsolationForest; Mahalanobis; 单变量IQR+3σ; 残差,7838.059,728,Mahalanobis 距离=7838.1（阈值=10.8）。主要贡献特征：PC1 (100.0%)。
1669,2024-05-22 03:23:00,2024-05-22 03:37:00,15.0,停机,IsolationForest; Mahalanobis; 单变量IQR+3σ; 残差,2724.447,390,Mahalanobis 距离=2724.4（阈值=10.8）。主要贡献特征：PC1 (100.0%)。
1670,2024-05-22 03:43:00,2024-05-22 03:59:00,17.0,停机,IsolationForest; Mahalanobis; 单变量IQR+3σ; 残差,8048.511,442,Mahalanobis 距离=8048.5（阈值=10.8）。主要贡献特征：PC1 (100.0%)。
1671,2024-05-22 04:01:00,2024-05-22 04:13:00,13.0,停机,IsolationForest; Mahalanobis; 单变量IQR+3σ; 残差,5778.403,338,Mahalanobis 距离=5778.4（阈值=10.8）。主要贡献特征：PC1 (100.0%)。
1672,2024-05-22 04:17:00,2024-05-22 04:19:00,3.0,停机,IsolationForest; Mahalanobis; 单变量IQR+3σ; 残差,1.688,78,正常
1673,2024-05-22 05:35:00,2024-05-22 05:53:00,19.0,停机,IsolationForest; Mahalanobis; 单变量IQR+3σ; 残差,6345.042,494,Mahalanobis 距离=6345.0（阈值=10.8）。主要贡献特征：PC1 (100.0%)。
1674,2024-05-22 08:18:00,2024-05-22 08:31:00,14.0,停机,IsolationForest; Mahalanobis; 单变量IQR+3σ; 残差,4994.624,364,Mahalanobis 距离=4994.6（阈值=10.8）。主要贡献特征：PC1 (100.0%)。
1675,2024-05-22 08:42:00,2024-05-22 08:43:00,2.0,停机,IsolationForest; Mahalanobis; 单变量IQR+3σ; 残差,1.128,52,正常
1676,2024-05-22 08:49:00,2024-05-22 08:49:00,1.0,停机,IsolationForest; Mahalanobis; 单变量IQR+3σ; 残差,1.152,26,正常
1677,2024-05-22 08:55:00,2024-05-22 08:55:00,1.0,停机,IsolationForest; Mahalanobis; 单变量IQR+3σ; 残差,1.114,26,正常
1678,2024-05-22 08:57:00,2024-05-22 08:58:00,2.0,停机,IsolationForest; Mahalanobis; 单变量IQR+3σ; 残差,3.88,52,残差异常：三机_转载机_减速器_冷却水_压力 偏高（残差 Z-score=3.9，实际=0.2 vs 预测=0.1）
1679,2024-05-22 15:03:00,2024-05-22 16:05:00,63.0,停机,IsolationForest; Mahalanobis; 单变量IQR+3σ; 残差,7883.695,1638,Mahalanobis 距离=7883.7（阈值=10.8）。主要贡献特征：PC1 (100.0%)。
1680,2024-05-22 16:08:00,2024-05-22 16:19:00,12.0,带载运行,IsolationForest; Mahalanobis; 单变量IQR+3σ; 残差,119.129,312,Mahalanobis 距离=119.1（阈值=10.8）。主要贡献特征：PC1 (100.0%)。
1681,2024-05-22 16:22:00,2024-05-22 16:40:00,19.0,停机,IsolationForest; Mahalanobis; 单变量IQR+3σ; 残差,7043.171,494,Mahalanobis 距离=7043.2（阈值=10.8）。主要贡献特征：PC1 (100.0%)。
1682,2024-05-22 16:54:00,2024-05-22 16:54:00,1.0,停机,IsolationForest; Mahalanobis; 单变量IQR+3σ; 残差,1.015,26,正常
1683,2024-05-22 17:22:00,2024-05-22 18:51:00,90.0,停机,IsolationForest; Mahalanobis; 单变量IQR+3σ; 残差,7522.522,2340,Mahalanobis 距离=7522.5（阈值=10.8）。主要贡献特征：PC1 (100.0%)。
1684,2024-05-22 18:53:00,2024-05-22 19:14:00,22.0,带载运行,IsolationForest; Mahalanobis; 单变量IQR+3σ; 残差,107.844,572,Mahalanobis 距离=107.8（阈值=10.8）。主要贡献特征：PC1 (100.0%)。
1685,2024-05-22 19:16:00,2024-05-22 19:17:00,2.0,带载运行,IsolationForest; Mahalanobis; 单变量IQR+3σ; 残差,3.33,52,残差异常：三机_转载机_减速器_油箱_油位 偏高（残差 Z-score=3.3，实际=460.0 vs 预测=394.8）
1686,2024-05-22 19:31:00,2024-05-22 19:34:00,4.0,带载运行,IsolationForest; Mahalanobis; 单变量IQR+3σ; 残差,18.127,104,Mahalanobis 距离=18.1（阈值=10.8）。主要贡献特征：PC1 (100.0%)。
1687,2024-05-22 19:49:00,2024-05-22 19:49:00,1.0,带载运行,IsolationForest; Mahalanobis; 单变量IQR+3σ; 残差,3.014,26,残差异常：三机_转载机_减速器_油箱_油位 偏高（残差 Z-score=3.0，实际=431.0 vs 预测=372.0）
1688,2024-05-22 19:52:00,2024-05-22 21:14:00,83.0,带载运行,IsolationForest; Mahalanobis; 单变量IQR+3σ; 残差,13.396,2158,Mahalanobis 距离=13.4（阈值=10.8）。主要贡献特征：PC1 (100.0%)。
1689,2024-05-22 21:25:00,2024-05-22 21:34:00,10.0,带载运行,IsolationForest; Mahalanobis; 单变量IQR+3σ; 残差,13.013,260,Mahalanobis 距离=13.0（阈值=10.8）。主要贡献特征：PC1 (100.0%)。
1690,2024-05-22 21:46:00,2024-05-22 22:23:00,38.0,停机,IsolationForest; Mahalanobis; 单变量IQR+3σ; 残差,7028.806,988,Mahalanobis 距离=7028.8（阈值=10.8）。主要贡献特征：PC1 (100.0%)。
1691,2024-05-22 22:34:00,2024-05-22 22:42:00,9.0,停机,IsolationForest; Mahalanobis; 单变量IQR+3σ; 残差,3099.382,234,Mahalanobis 距离=3099.4（阈值=10.8）。主要贡献特征：PC1 (100.0%)。
1692,2024-05-22 22:52:00,2024-05-22 23:38:00,47.0,停机,IsolationForest; Mahalanobis; 单变量IQR+3σ; 残差,7052.317,1222,Mahalanobis 距离=7052.3（阈值=10.8）。主要贡献特征：PC1 (100.0%)。
1693,2024-05-22 23:43:00,2024-05-22 23:43:00,1.0,带载运行,IsolationForest; Mahalanobis; 单变量IQR+3σ; 残差,13.078,26,Mahalanobis 距离=13.1（阈值=10.8）。主要贡献特征：PC1 (100.0%)。
1694,2024-05-22 23:47:00,2024-05-22 23:56:00,10.0,带载运行,IsolationForest; Mahalanobis; 单变量IQR+3σ; 残差,20.205,260,Mahalanobis 距离=20.2（阈值=10.8）。主要贡献特征：PC1 (100.0%)。
1695,2024-05-23 00:00:00,2024-05-23 00:37:00,38.0,带载运行,IsolationForest; Mahalanobis; 单变量IQR+3σ; 残差,13.143,988,Mahalanobis 距离=13.1（阈值=10.8）。主要贡献特征：PC1 (100.0%)。
1696,2024-05-23 00:46:00,2024-05-23 00:48:00,3.0,带载运行,IsolationForest; Mahalanobis; 单变量IQR+3σ; 残差,7.818,78,正常
1697,2024-05-23 00:51:00,2024-05-23 01:12:00,22.0,停机,IsolationForest; Mahalanobis; 单变量IQR+3σ; 残差,8752.943,572,Mahalanobis 距离=8752.9（阈值=10.8）。主要贡献特征：PC1 (100.0%)。
1698,2024-05-23 01:15:00,2024-05-23 01:20:00,6.0,带载运行,IsolationForest; Mahalanobis; 单变量IQR+3σ; 残差,12.836,156,Mahalanobis 距离=12.8（阈值=10.8）。主要贡献特征：PC1 (100.0%)。
1699,2024-05-23 01:43:00,2024-05-23 02:43:00,61.0,带载运行,IsolationForest; Mahalanobis; 单变量IQR+3σ; 残差,12.924,1586,Mahalanobis 距离=12.9（阈值=10.8）。主要贡献特征：PC1 (100.0%)。
1700,2024-05-23 02:55:00,2024-05-23 03:08:00,14.0,带载运行,IsolationForest; Mahalanobis; 单变量IQR+3σ; 残差,13.006,364,Mahalanobis 距离=13.0（阈值=10.8）。主要贡献特征：PC1 (100.0%)。
1701,2024-05-23 03:47:00,2024-05-23 04:10:00,24.0,带载运行,IsolationForest; Mahalanobis; 单变量IQR+3σ; 残差,31.541,624,Mahalanobis 距离=31.5（阈值=10.8）。主要贡献特征：PC1 (100.0%)。
1702,2024-05-23 04:26:00,2024-05-23 04:58:00,33.0,停机,IsolationForest; Mahalanobis; 单变量IQR+3σ; 残差,8738.461,858,Mahalanobis 距离=8738.5（阈值=10.8）。主要贡献特征：PC1 (100.0%)。
1703,2024-05-23 05:00:00,2024-05-23 05:02:00,3.0,带载运行,IsolationForest; Mahalanobis; 单变量IQR+3σ; 残差,6.625,78,正常
1704,2024-05-23 05:13:00,2024-05-23 05:21:00,9.0,带载运行,IsolationForest; Mahalanobis; 单变量IQR+3σ; 残差,13.103,234,Mahalanobis 距离=13.1（阈值=10.8）。主要贡献特征：PC1 (100.0%)。
1705,2024-05-23 05:34:00,2024-05-23 05:49:00,16.0,停机,IsolationForest; Mahalanobis; 单变量IQR+3σ; 残差,8746.966,416,Mahalanobis 距离=8747.0（阈值=10.8）。主要贡献特征：PC1 (100.0%)。
1706,2024-05-23 05:51:00,2024-05-23 05:59:00,9.0,带载运行,IsolationForest; Mahalanobis; 单变量IQR+3σ; 残差,112.75,234,Mahalanobis 距离=112.7（阈值=10.8）。主要贡献特征：PC1 (100.0%)。
1707,2024-05-23 06:25:00,2024-05-23 06:25:00,1.0,带载运行,IsolationForest; Mahalanobis; 单变量IQR+3σ; 残差,3.354,26,残差异常：三机_转载机_电机_电流 偏高（残差 Z-score=3.4，实际=125.0 vs 预测=85.0）
1708,2024-05-23 06:43:00,2024-05-23 06:45:00,3.0,带载运行,IsolationForest; Mahalanobis; 单变量IQR+3σ; 残差,12.944,78,Mahalanobis 距离=12.9（阈值=10.8）。主要贡献特征：PC1 (100.0%)。
1709,2024-05-23 06:50:00,2024-05-23 06:59:00,10.0,停机,IsolationForest; Mahalanobis; 单变量IQR+3σ; 残差,8236.814,260,Mahalanobis 距离=8236.8（阈值=10.8）。主要贡献特征：PC1 (100.0%)。
1710,2024-05-23 07:07:00,2024-05-23 10:33:00,207.0,停机,IsolationForest; Mahalanobis; 单变量IQR+3σ; 残差,7416.44,5382,Mahalanobis 距离=7416.4（阈值=10.8）。主要贡献特征：PC1 (100.0%)。
1711,2024-05-23 10:42:00,2024-05-23 10:55:00,14.0,停机,IsolationForest; Mahalanobis; 单变量IQR+3σ; 残差,957.212,364,Mahalanobis 距离=957.2（阈值=10.8）。主要贡献特征：PC1 (100.0%)。
1712,2024-05-23 14:36:00,2024-05-23 14:38:00,3.0,停机,IsolationForest; Mahalanobis; 单变量IQR+3σ; 残差,1.015,78,正常
1713,2024-05-23 14:40:00,2024-05-23 14:45:00,6.0,停机,IsolationForest; Mahalanobis; 单变量IQR+3σ; 残差,1818.584,156,Mahalanobis 距离=1818.6（阈值=10.8）。主要贡献特征：PC1 (100.0%)。
1714,2024-05-23 15:14:00,2024-05-23 15:34:00,21.0,停机,IsolationForest; Mahalanobis; 单变量IQR+3σ; 残差,7873.879,546,Mahalanobis 距离=7873.9（阈值=10.8）。主要贡献特征：PC1 (100.0%)。
1715,2024-05-23 15:38:00,2024-05-23 15:44:00,7.0,停机,IsolationForest; Mahalanobis; 单变量IQR+3σ; 残差,5385.831,182,Mahalanobis 距离=5385.8（阈值=10.8）。主要贡献特征：PC1 (100.0%)。
1716,2024-05-23 15:47:00,2024-05-23 15:50:00,4.0,停机,IsolationForest; Mahalanobis; 单变量IQR+3σ; 残差,1.826,104,正常
1717,2024-05-23 15:53:00,2024-05-23 17:39:00,107.0,带载运行,IsolationForest; Mahalanobis; 单变量IQR+3σ; 残差,110.898,2782,Mahalanobis 距离=110.9（阈值=10.8）。主要贡献特征：PC1 (100.0%)。
1718,2024-05-23 17:43:00,2024-05-23 18:00:00,18.0,停机,IsolationForest; Mahalanobis; 单变量IQR+3σ; 残差,8724.887,468,Mahalanobis 距离=8724.9（阈值=10.8）。主要贡献特征：PC1 (100.0%)。
1719,2024-05-23 18:06:00,2024-05-23 18:15:00,10.0,带载运行,IsolationForest; Mahalanobis; 单变量IQR+3σ; 残差,143.635,260,Mahalanobis 距离=143.6（阈值=10.8）。主要贡献特征：PC1 (100.0%)。
1720,2024-05-23 18:19:00,2024-05-23 18:22:00,4.0,带载运行,IsolationForest; Mahalanobis; 单变量IQR+3σ; 残差,13.075,104,Mahalanobis 距离=13.1（阈值=10.8）。主要贡献特征：PC1 (100.0%)。
1721,2024-05-23 18:26:00,2024-05-23 18:28:00,3.0,带载运行,IsolationForest; Mahalanobis; 单变量IQR+3σ; 残差,18.133,78,Mahalanobis 距离=18.1（阈值=10.8）。主要贡献特征：PC1 (100.0%)。
1722,2024-05-23 18:32:00,2024-05-23 19:10:00,39.0,停机,IsolationForest; Mahalanobis; 单变量IQR+3σ; 残差,8738.57,1014,Mahalanobis 距离=8738.6（阈值=10.8）。主要贡献特征：PC1 (100.0%)。
1723,2024-05-23 19:56:00,2024-05-23 20:50:00,55.0,带载运行,IsolationForest; Mahalanobis; 单变量IQR+3σ; 残差,147.188,1430,Mahalanobis 距离=147.2（阈值=10.8）。主要贡献特征：PC1 (100.0%)。
1724,2024-05-23 20:53:00,2024-05-23 21:01:00,9.0,带载运行,IsolationForest; Mahalanobis; 单变量IQR+3σ; 残差,13.076,234,Mahalanobis 距离=13.1（阈值=10.8）。主要贡献特征：PC1 (100.0%)。
1725,2024-05-23 21:03:00,2024-05-23 21:03:00,1.0,带载运行,IsolationForest; Mahalanobis; 单变量IQR+3σ; 残差,2.954,26,正常
1726,2024-05-23 21:06:00,2024-05-23 21:16:00,11.0,带载运行,IsolationForest; Mahalanobis; 单变量IQR+3σ; 残差,18.181,286,Mahalanobis 距离=18.2（阈值=10.8）。主要贡献特征：PC1 (100.0%)。
1727,2024-05-23 21:24:00,2024-05-23 21:35:00,12.0,带载运行,IsolationForest; Mahalanobis; 单变量IQR+3σ; 残差,21.708,312,Mahalanobis 距离=21.7（阈值=10.8）。主要贡献特征：PC1 (100.0%)。
1728,2024-05-23 21:39:00,2024-05-24 00:03:00,145.0,停机,IsolationForest; Mahalanobis; 单变量IQR+3σ; 残差,8734.347,3770,Mahalanobis 距离=8734.3（阈值=10.8）。主要贡献特征：PC1 (100.0%)。
1729,2024-05-24 00:06:00,2024-05-24 00:10:00,5.0,带载运行,IsolationForest; Mahalanobis; 单变量IQR+3σ; 残差,5.516,130,正常
1730,2024-05-24 00:12:00,2024-05-24 00:12:00,1.0,带载运行,IsolationForest; Mahalanobis; 单变量IQR+3σ; 残差,2.079,26,正常
1731,2024-05-24 00:16:00,2024-05-24 00:18:00,3.0,带载运行,IsolationForest; Mahalanobis; 单变量IQR+3σ; 残差,3.504,78,残差异常：三机_转载机_减速器_油箱_油位 偏高（残差 Z-score=3.5，实际=525.0 vs 预测=456.4）
1732,2024-05-24 00:21:00,2024-05-24 00:21:00,1.0,带载运行,IsolationForest; Mahalanobis; 单变量IQR+3σ; 残差,2.079,26,正常
1733,2024-05-24 00:26:00,2024-05-24 00:26:00,1.0,带载运行,IsolationForest; Mahalanobis; 单变量IQR+3σ; 残差,3.913,26,残差异常：三机_转载机_减速器_油箱_油位 偏高（残差 Z-score=3.9，实际=503.0 vs 预测=426.4）
1734,2024-05-24 00:31:00,2024-05-24 00:32:00,2.0,带载运行,IsolationForest; Mahalanobis; 单变量IQR+3σ; 残差,1.55,52,正常
1735,2024-05-24 00:35:00,2024-05-24 00:35:00,1.0,带载运行,IsolationForest; Mahalanobis; 单变量IQR+3σ; 残差,4.015,26,残差异常：三机_转载机_减速器_油箱_油位 偏高（残差 Z-score=4.0，实际=474.0 vs 预测=395.4）
1736,2024-05-24 00:40:00,2024-05-24 00:41:00,2.0,带载运行,IsolationForest; Mahalanobis; 单变量IQR+3σ; 残差,1.55,52,正常
1737,2024-05-24 00:44:00,2024-05-24 00:44:00,1.0,带载运行,IsolationForest; Mahalanobis; 单变量IQR+3σ; 残差,3.126,26,残差异常：三机_转载机_减速器_油箱_油位 偏高（残差 Z-score=3.1，实际=432.0 vs 预测=370.8）
1738,2024-05-24 00:48:00,2024-05-24 00:48:00,1.0,带载运行,IsolationForest; Mahalanobis; 单变量IQR+3σ; 残差,1.286,26,正常
1739,2024-05-24 00:57:00,2024-05-24 00:57:00,1.0,带载运行,IsolationForest; Mahalanobis; 单变量IQR+3σ; 残差,1.55,26,正常
1740,2024-05-24 01:12:00,2024-05-24 01:19:00,8.0,停机,IsolationForest; Mahalanobis; 单变量IQR+3σ; 残差,8010.26,208,Mahalanobis 距离=8010.3（阈值=10.8）。主要贡献特征：PC1 (100.0%)。
1741,2024-05-24 01:21:00,2024-05-24 01:26:00,6.0,带载运行,IsolationForest; Mahalanobis; 单变量IQR+3σ; 残差,118.23,156,Mahalanobis 距离=118.2（阈值=10.8）。主要贡献特征：PC1 (100.0%)。
1742,2024-05-24 01:43:00,2024-05-24 01:46:00,4.0,带载运行,IsolationForest; Mahalanobis; 单变量IQR+3σ; 残差,2.659,104,正常
1743,2024-05-24 02:05:00,2024-05-24 02:16:00,12.0,带载运行,IsolationForest; Mahalanobis; 单变量IQR+3σ; 残差,13.05,312,Mahalanobis 距离=13.0（阈值=10.8）。主要贡献特征：PC1 (100.0%)。
1744,2024-05-24 02:34:00,2024-05-24 03:31:00,58.0,带载运行,IsolationForest; Mahalanobis; 单变量IQR+3σ; 残差,13.067,1508,Mahalanobis 距离=13.1（阈值=10.8）。主要贡献特征：PC1 (100.0%)。
1745,2024-05-24 03:55:00,2024-05-24 06:21:00,147.0,停机,IsolationForest; Mahalanobis; 单变量IQR+3σ; 残差,8732.222,3822,Mahalanobis 距离=8732.2（阈值=10.8）。主要贡献特征：PC1 (100.0%)。
1746,2024-05-24 06:23:00,2024-05-24 08:02:00,100.0,停机,IsolationForest; Mahalanobis; 单变量IQR+3σ; 残差,8730.892,2600,Mahalanobis 距离=8730.9（阈值=10.8）。主要贡献特征：PC1 (100.0%)。
1747,2024-05-24 08:05:00,2024-05-24 08:05:00,1.0,带载运行,IsolationForest; Mahalanobis; 单变量IQR+3σ; 残差,3.065,26,残差异常：三机_转载机_减速器_油箱_油位 偏高（残差 Z-score=3.1，实际=389.0 vs 预测=329.0）
1748,2024-05-24 08:10:00,2024-05-24 08:18:00,9.0,停机,IsolationForest; Mahalanobis; 单变量IQR+3σ; 残差,8052.889,234,Mahalanobis 距离=8052.9（阈值=10.8）。主要贡献特征：PC1 (100.0%)。
1749,2024-05-24 08:22:00,2024-05-24 09:11:00,50.0,带载运行,IsolationForest; Mahalanobis; 单变量IQR+3σ; 残差,115.835,1300,Mahalanobis 距离=115.8（阈值=10.8）。主要贡献特征：PC1 (100.0%)。
1750,2024-05-24 09:30:00,2024-05-24 09:31:00,2.0,带载运行,IsolationForest; Mahalanobis; 单变量IQR+3σ; 残差,5.076,52,正常
1751,2024-05-24 09:34:00,2024-05-24 09:36:00,3.0,带载运行,IsolationForest; Mahalanobis; 单变量IQR+3σ; 残差,12.84,78,Mahalanobis 距离=12.8（阈值=10.8）。主要贡献特征：PC1 (100.0%)。
1752,2024-05-24 09:49:00,2024-05-24 09:59:00,11.0,停机,IsolationForest; Mahalanobis; 单变量IQR+3σ; 残差,8029.326,286,Mahalanobis 距离=8029.3（阈值=10.8）。主要贡献特征：PC1 (100.0%)。
1753,2024-05-24 10:09:00,2024-05-24 10:09:00,1.0,带载运行,IsolationForest; Mahalanobis; 单变量IQR+3σ; 残差,3.964,26,残差异常：三机_转载机_减速器_油箱_油位 偏高（残差 Z-score=4.0，实际=487.0 vs 预测=409.4）
1754,2024-05-24 10:12:00,2024-05-24 10:15:00,4.0,带载运行,IsolationForest; Mahalanobis; 单变量IQR+3σ; 残差,13.072,104,Mahalanobis 距离=13.1（阈值=10.8）。主要贡献特征：PC1 (100.0%)。
1755,2024-05-24 10:25:00,2024-05-24 10:32:00,8.0,停机,IsolationForest; Mahalanobis; 单变量IQR+3σ; 残差,8051.044,208,Mahalanobis 距离=8051.0（阈值=10.8）。主要贡献特征：PC1 (100.0%)。
1756,2024-05-24 10:41:00,2024-05-24 10:45:00,5.0,带载运行,IsolationForest; Mahalanobis; 单变量IQR+3σ; 残差,147.183,130,Mahalanobis 距离=147.2（阈值=10.8）。主要贡献特征：PC1 (100.0%)。
1757,2024-05-24 11:03:00,2024-05-24 11:15:00,13.0,停机,IsolationForest; Mahalanobis; 单变量IQR+3σ; 残差,481.737,338,Mahalanobis 距离=481.7（阈值=10.8）。主要贡献特征：PC1 (100.0%)。
1758,2024-05-24 11:19:00,2024-05-24 11:23:00,5.0,带载运行,IsolationForest; Mahalanobis; 单变量IQR+3σ; 残差,147.186,130,Mahalanobis 距离=147.2（阈值=10.8）。主要贡献特征：PC1 (100.0%)。
1759,2024-05-24 11:46:00,2024-05-24 11:48:00,3.0,停机,IsolationForest; Mahalanobis; 单变量IQR+3σ; 残差,0.767,78,正常
1760,2024-05-24 13:44:00,2024-05-24 13:48:00,5.0,带载运行,IsolationForest; Mahalanobis; 单变量IQR+3σ; 残差,147.145,130,Mahalanobis 距离=147.1（阈值=10.8）。主要贡献特征：PC1 (100.0%)。
1761,2024-05-24 14:18:00,2024-05-24 14:24:00,7.0,停机,IsolationForest; Mahalanobis; 单变量IQR+3σ; 残差,1014.791,182,Mahalanobis 距离=1014.8（阈值=10.8）。主要贡献特征：PC1 (100.0%)。
1762,2024-05-24 14:27:00,2024-05-24 14:36:00,10.0,停机,IsolationForest; Mahalanobis; 单变量IQR+3σ; 残差,950.444,260,Mahalanobis 距离=950.4（阈值=10.8）。主要贡献特征：PC1 (100.0%)。
1763,2024-05-24 15:11:00,2024-05-24 15:14:00,4.0,停机,IsolationForest; Mahalanobis; 单变量IQR+3σ; 残差,0.614,104,正常
1764,2024-05-24 15:32:00,2024-05-24 15:36:00,5.0,停机,IsolationForest; Mahalanobis; 单变量IQR+3σ; 残差,452.307,130,Mahalanobis 距离=452.3（阈值=10.8）。主要贡献特征：PC1 (100.0%)。
1765,2024-05-24 15:39:00,2024-05-24 15:40:00,2.0,停机,IsolationForest; Mahalanobis; 单变量IQR+3σ; 残差,0.602,52,正常
1766,2024-05-24 15:43:00,2024-05-24 18:08:00,146.0,空载运行,IsolationForest; Mahalanobis; 单变量IQR+3σ; 残差,8460.105,3796,Mahalanobis 距离=8460.1（阈值=10.8）。主要贡献特征：PC1 (100.0%)。
1767,2024-05-24 18:10:00,2024-05-24 18:55:00,46.0,停机,IsolationForest; Mahalanobis; 单变量IQR+3σ; 残差,7315.506,1196,Mahalanobis 距离=7315.5（阈值=10.8）。主要贡献特征：PC1 (100.0%)。
1768,2024-05-24 19:01:00,2024-05-24 19:06:00,6.0,带载运行,IsolationForest; Mahalanobis; 单变量IQR+3σ; 残差,141.821,156,Mahalanobis 距离=141.8（阈值=10.8）。主要贡献特征：PC1 (100.0%)。
1769,2024-05-24 19:10:00,2024-05-24 19:14:00,5.0,带载运行,IsolationForest; Mahalanobis; 单变量IQR+3σ; 残差,2.302,130,单变量异常：三机_转载机_减速器_油箱_油位（z-score=2.3，实际=506.0，均值=296.1±91.2）
1770,2024-05-24 19:17:00,2024-05-24 21:26:00,130.0,停机,IsolationForest; Mahalanobis; 单变量IQR+3σ; 残差,7041.519,3380,Mahalanobis 距离=7041.5（阈值=10.8）。主要贡献特征：PC1 (100.0%)。
1771,2024-05-24 21:28:00,2024-05-24 21:55:00,28.0,停机,IsolationForest; Mahalanobis; 单变量IQR+3σ; 残差,7130.785,728,Mahalanobis 距离=7130.8（阈值=10.8）。主要贡献特征：PC1 (100.0%)。
1772,2024-05-24 21:57:00,2024-05-24 23:35:00,99.0,带载运行,IsolationForest; Mahalanobis; 单变量IQR+3σ; 残差,19.571,2574,Mahalanobis 距离=19.6（阈值=10.8）。主要贡献特征：PC1 (100.0%)。
1773,2024-05-24 23:37:00,2024-05-24 23:41:00,5.0,带载运行,IsolationForest; Mahalanobis; 单变量IQR+3σ; 残差,6.355,130,正常
1774,2024-05-24 23:57:00,2024-05-25 00:04:00,8.0,停机,IsolationForest; Mahalanobis; 单变量IQR+3σ; 残差,8041.418,208,Mahalanobis 距离=8041.4（阈值=10.8）。主要贡献特征：PC1 (100.0%)。
1775,2024-05-25 00:09:00,2024-05-25 00:09:00,1.0,停机,IsolationForest; Mahalanobis; 单变量IQR+3σ; 残差,1.777,26,正常
1776,2024-05-25 00:16:00,2024-05-25 00:17:00,2.0,停机,IsolationForest; Mahalanobis; 单变量IQR+3σ; 残差,1.543,52,正常
1777,2024-05-25 00:25:00,2024-05-25 01:03:00,39.0,带载运行,IsolationForest; Mahalanobis; 单变量IQR+3σ; 残差,125.733,1014,Mahalanobis 距离=125.7（阈值=10.8）。主要贡献特征：PC1 (100.0%)。
1778,2024-05-25 01:05:00,2024-05-25 01:09:00,5.0,带载运行,IsolationForest; Mahalanobis; 单变量IQR+3σ; 残差,2.621,130,单变量异常：三机_转载机_减速器_油箱_油位（z-score=2.6，实际=535.0，均值=296.1±91.2）
1779,2024-05-25 01:13:00,2024-05-25 01:17:00,5.0,带载运行,IsolationForest; Mahalanobis; 单变量IQR+3σ; 残差,2.401,130,单变量异常：三机_转载机_减速器_油箱_油位（z-score=2.4，实际=515.0，均值=296.1±91.2）
1780,2024-05-25 01:28:00,2024-05-25 01:36:00,9.0,停机,IsolationForest; Mahalanobis; 单变量IQR+3σ; 残差,8037.823,234,Mahalanobis 距离=8037.8（阈值=10.8）。主要贡献特征：PC1 (100.0%)。
1781,2024-05-25 01:43:00,2024-05-25 01:47:00,5.0,带载运行,IsolationForest; Mahalanobis; 单变量IQR+3σ; 残差,145.906,130,Mahalanobis 距离=145.9（阈值=10.8）。主要贡献特征：PC1 (100.0%)。
1782,2024-05-25 01:49:00,2024-05-25 01:49:00,1.0,停机,IsolationForest; Mahalanobis; 单变量IQR+3σ; 残差,3.88,26,残差异常：三机_转载机_减速器_冷却水_压力 偏高（残差 Z-score=3.9，实际=0.2 vs 预测=0.1）
1783,2024-05-25 01:54:00,2024-05-25 02:30:00,37.0,带载运行,IsolationForest; Mahalanobis; 单变量IQR+3σ; 残差,134.011,962,Mahalanobis 距离=134.0（阈值=10.8）。主要贡献特征：PC1 (100.0%)。
1784,2024-05-25 02:34:00,2024-05-25 02:36:00,3.0,带载运行,IsolationForest; Mahalanobis; 单变量IQR+3σ; 残差,2.423,78,单变量异常：三机_转载机_减速器_油箱_油位（z-score=2.4，实际=517.0，均值=296.1±91.2）
1785,2024-05-25 02:42:00,2024-05-25 02:46:00,5.0,带载运行,IsolationForest; Mahalanobis; 单变量IQR+3σ; 残差,2.5,130,单变量异常：三机_转载机_减速器_油箱_油位（z-score=2.5，实际=524.0，均值=296.1±91.2）
1786,2024-05-25 03:31:00,2024-05-25 04:00:00,30.0,停机,IsolationForest; Mahalanobis; 单变量IQR+3σ; 残差,9123.035,780,Mahalanobis 距离=9123.0（阈值=10.8）。主要贡献特征：PC1 (100.0%)。
1787,2024-05-25 04:03:00,2024-05-25 04:10:00,8.0,带载运行,IsolationForest; Mahalanobis; 单变量IQR+3σ; 残差,147.117,208,Mahalanobis 距离=147.1（阈值=10.8）。主要贡献特征：PC1 (100.0%)。
1788,2024-05-25 04:16:00,2024-05-25 04:21:00,6.0,带载运行,IsolationForest; Mahalanobis; 单变量IQR+3σ; 残差,2.489,156,单变量异常：三机_转载机_减速器_油箱_油位（z-score=2.5，实际=523.0，均值=296.1±91.2）
1789,2024-05-25 04:24:00,2024-05-25 04:28:00,5.0,带载运行,IsolationForest; Mahalanobis; 单变量IQR+3σ; 残差,2.599,130,单变量异常：三机_转载机_减速器_油箱_油位（z-score=2.6，实际=533.0，均值=296.1±91.2）
1790,2024-05-25 04:32:00,2024-05-25 04:35:00,4.0,带载运行,IsolationForest; Mahalanobis; 单变量IQR+3σ; 残差,2.379,104,单变量异常：三机_转载机_减速器_油箱_油位（z-score=2.4，实际=513.0，均值=296.1±91.2）
1791,2024-05-25 04:42:00,2024-05-25 04:55:00,14.0,带载运行,IsolationForest; Mahalanobis; 单变量IQR+3σ; 残差,3.28,364,残差异常：三机_转载机_减速器_油箱_油位 偏高（残差 Z-score=3.3，实际=536.0 vs 预测=471.8）
1792,2024-05-25 05:07:00,2024-05-25 05:09:00,3.0,带载运行,IsolationForest; Mahalanobis; 单变量IQR+3σ; 残差,2.401,78,单变量异常：三机_转载机_减速器_油箱_油位（z-score=2.4，实际=515.0，均值=296.1±91.2）
1793,2024-05-25 06:03:00,2024-05-25 06:03:00,1.0,带载运行,IsolationForest; Mahalanobis; 单变量IQR+3σ; 残差,3.484,26,残差异常：三机_转载机_减速器_油箱_油位 偏高（残差 Z-score=3.5，实际=386.0 vs 预测=317.8）
1794,2024-05-25 07:17:00,2024-05-25 07:17:00,1.0,带载运行,IsolationForest; Mahalanobis; 单变量IQR+3σ; 残差,5.81,26,正常
1795,2024-05-25 07:32:00,2024-05-25 07:33:00,2.0,带载运行,IsolationForest; Mahalanobis; 单变量IQR+3σ; 残差,4.682,52,正常
1796,2024-05-25 08:12:00,2024-05-25 08:12:00,1.0,带载运行,IsolationForest; Mahalanobis; 单变量IQR+3σ; 残差,3.31,26,残差异常：三机_转载机_减速器_油箱_油位 偏高（残差 Z-score=3.3，实际=262.0 vs 预测=197.2）
1797,2024-05-25 08:36:00,2024-05-25 08:36:00,1.0,带载运行,IsolationForest; Mahalanobis; 单变量IQR+3σ; 残差,3.045,26,残差异常：三机_转载机_减速器_油箱_油位 偏高（残差 Z-score=3.0，实际=239.0 vs 预测=179.4）
1798,2024-05-25 08:59:00,2024-05-25 08:59:00,1.0,带载运行,IsolationForest; Mahalanobis; 单变量IQR+3σ; 残差,3.606,26,残差异常：三机_转载机_减速器_油箱_油位 偏高（残差 Z-score=3.6，实际=269.0 vs 预测=198.4）
1799,2024-05-25 09:36:00,2024-05-25 09:36:00,1.0,带载运行,IsolationForest; Mahalanobis; 单变量IQR+3σ; 残差,6.406,26,残差异常：三机_转载机_电机_电流 偏高（残差 Z-score=6.4，实际=169.0 vs 预测=92.6）
1800,2024-05-25 09:38:00,2024-05-25 09:40:00,3.0,带载运行,IsolationForest; Mahalanobis; 单变量IQR+3σ; 残差,6.788,78,正常
1801,2024-05-25 09:58:00,2024-05-25 10:05:00,8.0,停机,IsolationForest; Mahalanobis; 单变量IQR+3σ; 残差,8046.681,208,Mahalanobis 距离=8046.7（阈值=10.8）。主要贡献特征：PC1 (100.0%)。
1802,2024-05-25 10:11:00,2024-05-25 10:21:00,11.0,停机,IsolationForest; Mahalanobis; 单变量IQR+3σ; 残差,8036.909,286,Mahalanobis 距离=8036.9（阈值=10.8）。主要贡献特征：PC1 (100.0%)。
1803,2024-05-25 10:26:00,2024-05-25 10:37:00,12.0,停机,IsolationForest; Mahalanobis; 单变量IQR+3σ; 残差,803.299,312,Mahalanobis 距离=803.3（阈值=10.8）。主要贡献特征：PC1 (100.0%)。
1804,2024-05-25 10:40:00,2024-05-25 10:42:00,3.0,停机,IsolationForest; Mahalanobis; 单变量IQR+3σ; 残差,1.717,78,正常
1805,2024-05-25 10:46:00,2024-05-25 10:52:00,7.0,停机,IsolationForest; Mahalanobis; 单变量IQR+3σ; 残差,3.684,182,正常
1806,2024-05-25 10:54:00,2024-05-25 10:55:00,2.0,停机,IsolationForest; Mahalanobis; 单变量IQR+3σ; 残差,2.136,52,正常
1807,2024-05-25 11:54:00,2024-05-25 11:54:00,1.0,空载运行,IsolationForest; Mahalanobis; 单变量IQR+3σ; 残差,0.641,26,正常
1808,2024-05-25 12:24:00,2024-05-25 12:28:00,5.0,停机,IsolationForest; Mahalanobis; 单变量IQR+3σ; 残差,366.048,130,Mahalanobis 距离=366.0（阈值=10.8）。主要贡献特征：PC1 (100.0%)。
1809,2024-05-25 14:42:00,2024-05-25 14:44:00,3.0,停机,IsolationForest; Mahalanobis; 单变量IQR+3σ; 残差,5.001,78,残差异常：三机_转载机_减速器_冷却水_流量 偏高（残差 Z-score=5.0，实际=36.0 vs 预测=0.0）
1810,2024-05-25 14:49:00,2024-05-25 14:49:00,1.0,停机,IsolationForest; Mahalanobis; 单变量IQR+3σ; 残差,5.14,26,残差异常：三机_转载机_减速器_冷却水_流量 偏高（残差 Z-score=5.1，实际=37.0 vs 预测=0.0）
1811,2024-05-25 14:54:00,2024-05-25 14:55:00,2.0,停机,IsolationForest; Mahalanobis; 单变量IQR+3σ; 残差,3.668,52,残差异常：三机_转载机_减速器_冷却水_流量 偏高（残差 Z-score=3.7，实际=36.0 vs 预测=9.6）
1812,2024-05-25 14:58:00,2024-05-25 14:59:00,2.0,停机,IsolationForest; Mahalanobis; 单变量IQR+3σ; 残差,0.608,52,正常
1813,2024-05-25 15:01:00,2024-05-25 15:12:00,12.0,停机,IsolationForest; Mahalanobis; 单变量IQR+3σ; 残差,797.235,312,Mahalanobis 距离=797.2（阈值=10.8）。主要贡献特征：PC1 (100.0%)。
1814,2024-05-25 15:29:00,2024-05-25 15:29:00,1.0,停机,IsolationForest; Mahalanobis; 单变量IQR+3σ; 残差,3.473,26,残差异常：三机_转载机_减速器_冷却水_流量 偏高（残差 Z-score=3.5，实际=25.0 vs 预测=0.0）
1815,2024-05-25 15:43:00,2024-05-25 15:43:00,1.0,停机,IsolationForest; Mahalanobis; 单变量IQR+3σ; 残差,0.696,26,正常
1816,2024-05-25 17:41:00,2024-05-25 17:42:00,2.0,停机,IsolationForest; Mahalanobis; 单变量IQR+3σ; 残差,3.417,52,残差异常：三机_转载机_减速器_冷却水_流量 偏高（残差 Z-score=3.4，实际=30.0 vs 预测=5.4）
1817,2024-05-25 17:44:00,2024-05-25 18:14:00,31.0,停机,IsolationForest; Mahalanobis; 单变量IQR+3σ; 残差,8060.168,806,Mahalanobis 距离=8060.2（阈值=10.8）。主要贡献特征：PC1 (100.0%)。
1818,2024-05-25 18:18:00,2024-05-25 19:40:00,83.0,停机,IsolationForest; Mahalanobis; 单变量IQR+3σ; 残差,7964.416,2158,Mahalanobis 距离=7964.4（阈值=10.8）。主要贡献特征：PC1 (100.0%)。
1819,2024-05-25 20:09:00,2024-05-25 20:09:00,1.0,带载运行,IsolationForest; Mahalanobis; 单变量IQR+3σ; 残差,1.941,26,正常
1820,2024-05-25 21:55:00,2024-05-25 22:01:00,7.0,停机,IsolationForest; Mahalanobis; 单变量IQR+3σ; 残差,8055.187,182,Mahalanobis 距离=8055.2（阈值=10.8）。主要贡献特征：PC1 (100.0%)。
1821,2024-05-25 22:08:00,2024-05-25 22:12:00,5.0,带载运行,IsolationForest; Mahalanobis; 单变量IQR+3σ; 残差,123.787,130,Mahalanobis 距离=123.8（阈值=10.8）。主要贡献特征：PC1 (100.0%)。
1822,2024-05-25 22:15:00,2024-05-25 22:26:00,12.0,带载运行,IsolationForest; Mahalanobis; 单变量IQR+3σ; 残差,63.145,312,Mahalanobis 距离=63.1（阈值=10.8）。主要贡献特征：PC1 (100.0%)。
1823,2024-05-25 22:35:00,2024-05-25 23:01:00,27.0,停机,IsolationForest; Mahalanobis; 单变量IQR+3σ; 残差,5683.092,702,Mahalanobis 距离=5683.1（阈值=10.8）。主要贡献特征：PC1 (100.0%)。
1824,2024-05-26 01:04:00,2024-05-26 01:06:00,3.0,停机,IsolationForest; Mahalanobis; 单变量IQR+3σ; 残差,0.666,78,正常
1825,2024-05-26 06:53:00,2024-05-26 08:30:00,98.0,停机,IsolationForest; Mahalanobis; 单变量IQR+3σ; 残差,9755.431,2548,Mahalanobis 距离=9755.4（阈值=10.8）。主要贡献特征：PC1 (100.0%)。
1826,2024-05-26 09:24:00,2024-05-26 09:30:00,7.0,带载运行,IsolationForest; Mahalanobis; 单变量IQR+3σ; 残差,47.931,182,Mahalanobis 距离=47.9（阈值=10.8）。主要贡献特征：PC1 (100.0%)。
1827,2024-05-26 09:48:00,2024-05-26 09:49:00,2.0,带载运行,IsolationForest; Mahalanobis; 单变量IQR+3σ; 残差,3.555,52,残差异常：三机_转载机_减速器_油箱_油位 偏高（残差 Z-score=3.6，实际=449.0 vs 预测=379.4）
1828,2024-05-26 09:55:00,2024-05-26 10:01:00,7.0,带载运行,IsolationForest; Mahalanobis; 单变量IQR+3σ; 残差,6.457,182,残差异常：三机_转载机_减速器_油箱_油位 偏高（残差 Z-score=6.5，实际=585.0 vs 预测=458.6）
1829,2024-05-26 10:08:00,2024-05-26 10:21:00,14.0,带载运行,IsolationForest; Mahalanobis; 单变量IQR+3σ; 残差,18.217,364,Mahalanobis 距离=18.2（阈值=10.8）。主要贡献特征：PC1 (100.0%)。
1830,2024-05-26 10:48:00,2024-05-26 10:52:00,5.0,带载运行,IsolationForest; Mahalanobis; 单变量IQR+3σ; 残差,8.091,130,残差异常：三机_转载机_减速器_油箱_油位 偏高（残差 Z-score=8.1，实际=529.0 vs 预测=370.6）
1831,2024-05-26 10:59:00,2024-05-26 11:14:00,16.0,停机,IsolationForest; Mahalanobis; 单变量IQR+3σ; 残差,8048.809,416,Mahalanobis 距离=8048.8（阈值=10.8）。主要贡献特征：PC1 (100.0%)。
1832,2024-05-26 11:17:00,2024-05-26 11:17:00,1.0,停机,IsolationForest; Mahalanobis; 单变量IQR+3σ; 残差,3.095,26,残差异常：三机_转载机_减速器_油箱_油位 偏高（残差 Z-score=3.1，实际=280.0 vs 预测=227.0）
1833,2024-05-26 11:20:00,2024-05-26 11:20:00,1.0,停机,IsolationForest; Mahalanobis; 单变量IQR+3σ; 残差,1.11,26,正常
1834,2024-05-26 11:24:00,2024-05-26 11:24:00,1.0,停机,IsolationForest; Mahalanobis; 单变量IQR+3σ; 残差,3.325,26,残差异常：三机_转载机_减速器_冷却水_压力 偏高（残差 Z-score=3.3，实际=0.2 vs 预测=0.1）
1835,2024-05-26 11:29:00,2024-05-26 11:44:00,16.0,空载运行,IsolationForest; Mahalanobis; 单变量IQR+3σ; 残差,829.766,416,Mahalanobis 距离=829.8（阈值=10.8）。主要贡献特征：PC1 (100.0%)。
1836,2024-05-26 12:01:00,2024-05-26 12:03:00,3.0,停机,IsolationForest; Mahalanobis; 单变量IQR+3σ; 残差,1.688,78,正常
1837,2024-05-26 13:00:00,2024-05-26 13:04:00,5.0,带载运行,IsolationForest; Mahalanobis; 单变量IQR+3σ; 残差,145.583,130,Mahalanobis 距离=145.6（阈值=10.8）。主要贡献特征：PC1 (100.0%)。
1838,2024-05-26 13:20:00,2024-05-26 13:24:00,5.0,停机,IsolationForest; Mahalanobis; 单变量IQR+3σ; 残差,435.402,130,Mahalanobis 距离=435.4（阈值=10.8）。主要贡献特征：PC1 (100.0%)。
1839,2024-05-26 13:29:00,2024-05-26 13:37:00,9.0,停机,IsolationForest; Mahalanobis; 单变量IQR+3σ; 残差,435.386,234,Mahalanobis 距离=435.4（阈值=10.8）。主要贡献特征：PC1 (100.0%)。
1840,2024-05-26 14:27:00,2024-05-26 14:31:00,5.0,停机,IsolationForest; Mahalanobis; 单变量IQR+3σ; 残差,305.147,130,Mahalanobis 距离=305.1（阈值=10.8）。主要贡献特征：PC1 (100.0%)。
1841,2024-05-26 15:17:00,2024-05-26 15:22:00,6.0,带载运行,IsolationForest; Mahalanobis; 单变量IQR+3σ; 残差,147.181,156,Mahalanobis 距离=147.2（阈值=10.8）。主要贡献特征：PC1 (100.0%)。
1842,2024-05-26 15:30:00,2024-05-26 16:03:00,34.0,带载运行,IsolationForest; Mahalanobis; 单变量IQR+3σ; 残差,133.197,884,Mahalanobis 距离=133.2（阈值=10.8）。主要贡献特征：PC1 (100.0%)。
1843,2024-05-26 16:08:00,2024-05-26 17:53:00,106.0,停机,IsolationForest; Mahalanobis; 单变量IQR+3σ; 残差,8730.745,2756,Mahalanobis 距离=8730.7（阈值=10.8）。主要贡献特征：PC1 (100.0%)。
1844,2024-05-26 17:59:00,2024-05-26 18:16:00,18.0,带载运行,IsolationForest; Mahalanobis; 单变量IQR+3σ; 残差,12.656,468,Mahalanobis 距离=12.7（阈值=10.8）。主要贡献特征：PC1 (100.0%)。
1845,2024-05-26 18:31:00,2024-05-26 18:32:00,2.0,带载运行,IsolationForest; Mahalanobis; 单变量IQR+3σ; 残差,12.52,52,Mahalanobis 距离=12.5（阈值=10.8）。主要贡献特征：PC1 (100.0%)。
1846,2024-05-26 18:38:00,2024-05-26 18:57:00,20.0,带载运行,IsolationForest; Mahalanobis; 单变量IQR+3σ; 残差,12.701,520,Mahalanobis 距离=12.7（阈值=10.8）。主要贡献特征：PC1 (100.0%)。
1847,2024-05-26 19:39:00,2024-05-26 19:39:00,1.0,带载运行,IsolationForest; Mahalanobis; 单变量IQR+3σ; 残差,4.022,26,正常
1848,2024-05-26 19:47:00,2024-05-26 19:51:00,5.0,带载运行,IsolationForest; Mahalanobis; 单变量IQR+3σ; 残差,12.59,130,Mahalanobis 距离=12.6（阈值=10.8）。主要贡献特征：PC1 (100.0%)。
1849,2024-05-26 19:54:00,2024-05-26 19:54:00,1.0,带载运行,IsolationForest; Mahalanobis; 单变量IQR+3σ; 残差,4.292,26,残差异常：三机_转载机_电机_转矩 偏高（残差 Z-score=4.3，实际=56.0 vs 预测=26.0）
1850,2024-05-26 20:13:00,2024-05-26 20:26:00,14.0,带载运行,IsolationForest; Mahalanobis; 单变量IQR+3σ; 残差,12.545,364,Mahalanobis 距离=12.5（阈值=10.8）。主要贡献特征：PC1 (100.0%)。
1851,2024-05-26 20:28:00,2024-05-26 21:05:00,38.0,带载运行,IsolationForest; Mahalanobis; 单变量IQR+3σ; 残差,86.021,988,Mahalanobis 距离=86.0（阈值=10.8）。主要贡献特征：PC1 (100.0%)。
1852,2024-05-26 21:26:00,2024-05-26 21:34:00,9.0,带载运行,IsolationForest; Mahalanobis; 单变量IQR+3σ; 残差,12.758,234,Mahalanobis 距离=12.8（阈值=10.8）。主要贡献特征：PC1 (100.0%)。
1853,2024-05-26 22:54:00,2024-05-26 22:58:00,5.0,带载运行,IsolationForest; Mahalanobis; 单变量IQR+3σ; 残差,15.415,130,Mahalanobis 距离=15.4（阈值=10.8）。主要贡献特征：PC1 (100.0%)。
1854,2024-05-26 23:00:00,2024-05-26 23:04:00,5.0,带载运行,IsolationForest; Mahalanobis; 单变量IQR+3σ; 残差,17.576,130,Mahalanobis 距离=17.6（阈值=10.8）。主要贡献特征：PC1 (100.0%)。
1855,2024-05-26 23:25:00,2024-05-26 23:25:00,1.0,带载运行,IsolationForest; Mahalanobis; 单变量IQR+3σ; 残差,4.199,26,残差异常：三机_转载机_减速器_油箱_油位 偏高（残差 Z-score=4.2，实际=423.0 vs 预测=340.8）
1856,2024-05-26 23:46:00,2024-05-26 23:49:00,4.0,停机,IsolationForest; Mahalanobis; 单变量IQR+3σ; 残差,8048.705,104,Mahalanobis 距离=8048.7（阈值=10.8）。主要贡献特征：PC1 (100.0%)。
1857,2024-05-26 23:51:00,2024-05-26 23:52:00,2.0,停机,IsolationForest; Mahalanobis; 单变量IQR+3σ; 残差,3.515,52,残差异常：三机_转载机_减速器_油箱_油位 偏高（残差 Z-score=3.5，实际=303.0 vs 预测=242.8）
1858,2024-05-26 23:54:00,2024-05-26 23:54:00,1.0,停机,IsolationForest; Mahalanobis; 单变量IQR+3σ; 残差,2.818,26,正常
1859,2024-05-26 23:56:00,2024-05-27 00:00:00,5.0,带载运行,IsolationForest; Mahalanobis; 单变量IQR+3σ; 残差,114.408,130,Mahalanobis 距离=114.4（阈值=10.8）。主要贡献特征：PC1 (100.0%)。
1860,2024-05-27 00:04:00,2024-05-27 00:08:00,5.0,带载运行,IsolationForest; Mahalanobis; 单变量IQR+3σ; 残差,2.27,130,单变量异常：三机_转载机_减速器_油箱_油位（z-score=2.3，实际=503.0，均值=296.1±91.2）
1861,2024-05-27 00:14:00,2024-05-27 00:39:00,26.0,带载运行,IsolationForest; Mahalanobis; 单变量IQR+3σ; 残差,12.851,676,Mahalanobis 距离=12.9（阈值=10.8）。主要贡献特征：PC1 (100.0%)。
1862,2024-05-27 01:41:00,2024-05-27 01:41:00,1.0,带载运行,IsolationForest; Mahalanobis; 单变量IQR+3σ; 残差,1.48,26,正常
1863,2024-05-27 01:43:00,2024-05-27 01:46:00,4.0,停机,IsolationForest; Mahalanobis; 单变量IQR+3σ; 残差,8053.029,104,Mahalanobis 距离=8053.0（阈值=10.8）。主要贡献特征：PC1 (100.0%)。
1864,2024-05-27 01:50:00,2024-05-27 01:51:00,2.0,停机,IsolationForest; Mahalanobis; 单变量IQR+3σ; 残差,3.387,52,正常
1865,2024-05-27 01:53:00,2024-05-27 01:54:00,2.0,停机,IsolationForest; Mahalanobis; 单变量IQR+3σ; 残差,4.842,52,正常
1866,2024-05-27 01:56:00,2024-05-27 02:43:00,48.0,停机,IsolationForest; Mahalanobis; 单变量IQR+3σ; 残差,8072.081,1248,Mahalanobis 距离=8072.1（阈值=10.8）。主要贡献特征：PC1 (100.0%)。
1867,2024-05-27 02:45:00,2024-05-27 03:04:00,20.0,停机,IsolationForest; Mahalanobis; 单变量IQR+3σ; 残差,8061.151,520,Mahalanobis 距离=8061.2（阈值=10.8）。主要贡献特征：PC1 (100.0%)。
1868,2024-05-27 03:06:00,2024-05-27 03:19:00,14.0,带载运行,IsolationForest; Mahalanobis; 单变量IQR+3σ; 残差,4.214,364,正常
1869,2024-05-27 03:31:00,2024-05-27 03:31:00,1.0,带载运行,IsolationForest; Mahalanobis; 单变量IQR+3σ; 残差,7.877,26,正常
1870,2024-05-27 04:10:00,2024-05-27 04:10:00,1.0,带载运行,IsolationForest; Mahalanobis; 单变量IQR+3σ; 残差,3.198,26,残差异常：三机_转载机_减速器_油箱_油位 偏高（残差 Z-score=3.2，实际=439.0 vs 预测=376.4）
1871,2024-05-27 04:17:00,2024-05-27 04:20:00,4.0,停机,IsolationForest; Mahalanobis; 单变量IQR+3σ; 残差,7986.091,104,Mahalanobis 距离=7986.1（阈值=10.8）。主要贡献特征：PC1 (100.0%)。
1872,2024-05-27 04:26:00,2024-05-27 04:27:00,2.0,停机,IsolationForest; Mahalanobis; 单变量IQR+3σ; 残差,3.186,52,正常
1873,2024-05-27 04:29:00,2024-05-27 04:34:00,6.0,停机,IsolationForest; Mahalanobis; 单变量IQR+3σ; 残差,6.552,156,残差异常：三机_转载机_减速器_油箱_油位 偏高（残差 Z-score=6.6，实际=422.0 vs 预测=309.8）
1874,2024-05-27 04:40:00,2024-05-27 04:42:00,3.0,停机,IsolationForest; Mahalanobis; 单变量IQR+3σ; 残差,3.49,78,正常
1875,2024-05-27 04:45:00,2024-05-27 05:03:00,19.0,停机,IsolationForest; Mahalanobis; 单变量IQR+3σ; 残差,3.636,494,正常
1876,2024-05-27 05:05:00,2024-05-27 06:38:00,94.0,停机,IsolationForest; Mahalanobis; 单变量IQR+3σ; 残差,8076.738,2444,Mahalanobis 距离=8076.7（阈值=10.8）。主要贡献特征：PC1 (100.0%)。
1877,2024-05-27 06:48:00,2024-05-27 07:26:00,39.0,带载运行,IsolationForest; Mahalanobis; 单变量IQR+3σ; 残差,2.796,1014,单变量异常：三机_转载机_减速器_油箱_油位（z-score=2.8，实际=551.0，均值=296.1±91.2）
1878,2024-05-27 08:23:00,2024-05-27 08:30:00,8.0,停机,IsolationForest; Mahalanobis; 单变量IQR+3σ; 残差,8075.455,208,Mahalanobis 距离=8075.5（阈值=10.8）。主要贡献特征：PC1 (100.0%)。
1879,2024-05-27 08:40:00,2024-05-27 08:40:00,1.0,停机,IsolationForest; Mahalanobis; 单变量IQR+3σ; 残差,1.994,26,正常
1880,2024-05-27 08:51:00,2024-05-27 08:51:00,1.0,停机,IsolationForest; Mahalanobis; 单变量IQR+3σ; 残差,2.207,26,正常
1881,2024-05-27 08:53:00,2024-05-27 08:53:00,1.0,停机,IsolationForest; Mahalanobis; 单变量IQR+3σ; 残差,3.325,26,残差异常：三机_转载机_减速器_冷却水_压力 偏高（残差 Z-score=3.3，实际=0.2 vs 预测=0.1）
1882,2024-05-27 08:59:00,2024-05-27 08:59:00,1.0,停机,IsolationForest; Mahalanobis; 单变量IQR+3σ; 残差,2.767,26,正常
1883,2024-05-27 09:05:00,2024-05-27 09:05:00,1.0,停机,IsolationForest; Mahalanobis; 单变量IQR+3σ; 残差,3.03,26,正常
1884,2024-05-27 09:08:00,2024-05-27 09:12:00,5.0,带载运行,IsolationForest; Mahalanobis; 单变量IQR+3σ; 残差,147.128,130,Mahalanobis 距离=147.1（阈值=10.8）。主要贡献特征：PC1 (100.0%)。
1885,2024-05-27 09:14:00,2024-05-27 09:29:00,16.0,带载运行,IsolationForest; Mahalanobis; 单变量IQR+3σ; 残差,24.206,416,Mahalanobis 距离=24.2（阈值=10.8）。主要贡献特征：PC1 (100.0%)。
1886,2024-05-27 09:33:00,2024-05-27 10:15:00,43.0,停机,IsolationForest; Mahalanobis; 单变量IQR+3σ; 残差,6710.107,1118,Mahalanobis 距离=6710.1（阈值=10.8）。主要贡献特征：PC1 (100.0%)。
1887,2024-05-27 10:20:00,2024-05-27 10:25:00,6.0,带载运行,IsolationForest; Mahalanobis; 单变量IQR+3σ; 残差,38.95,156,Mahalanobis 距离=39.0（阈值=10.8）。主要贡献特征：PC1 (100.0%)。
1888,2024-05-27 10:33:00,2024-05-27 10:46:00,14.0,停机,IsolationForest; Mahalanobis; 单变量IQR+3σ; 残差,6955.324,364,Mahalanobis 距离=6955.3（阈值=10.8）。主要贡献特征：PC1 (100.0%)。
1889,2024-05-27 10:57:00,2024-05-27 11:13:00,17.0,停机,IsolationForest; Mahalanobis; 单变量IQR+3σ; 残差,812.323,442,Mahalanobis 距离=812.3（阈值=10.8）。主要贡献特征：PC1 (100.0%)。
1890,2024-05-27 11:19:00,2024-05-27 11:26:00,8.0,停机,IsolationForest; Mahalanobis; 单变量IQR+3σ; 残差,311.663,208,Mahalanobis 距离=311.7（阈值=10.8）。主要贡献特征：PC1 (100.0%)。
1891,2024-05-27 11:31:00,2024-05-27 11:40:00,10.0,停机,IsolationForest; Mahalanobis; 单变量IQR+3σ; 残差,446.834,260,Mahalanobis 距离=446.8（阈值=10.8）。主要贡献特征：PC1 (100.0%)。
1892,2024-05-27 11:46:00,2024-05-27 11:50:00,5.0,停机,IsolationForest; Mahalanobis; 单变量IQR+3σ; 残差,2.27,130,正常
1893,2024-05-27 11:54:00,2024-05-27 11:57:00,4.0,停机,IsolationForest; Mahalanobis; 单变量IQR+3σ; 残差,2.179,104,正常
1894,2024-05-27 13:57:00,2024-05-27 13:57:00,1.0,停机,IsolationForest; Mahalanobis; 单变量IQR+3σ; 残差,0.464,26,正常
1895,2024-05-27 14:12:00,2024-05-27 14:16:00,5.0,停机,IsolationForest; Mahalanobis; 单变量IQR+3σ; 残差,5.527,130,残差异常：三机_转载机_减速器_冷却水_温度 偏高（残差 Z-score=5.5，实际=39.4 vs 预测=32.2）
1896,2024-05-27 14:53:00,2024-05-27 14:57:00,5.0,停机,IsolationForest; Mahalanobis; 单变量IQR+3σ; 残差,342.168,130,Mahalanobis 距离=342.2（阈值=10.8）。主要贡献特征：PC1 (100.0%)。
1897,2024-05-27 15:00:00,2024-05-27 15:04:00,5.0,带载运行,IsolationForest; Mahalanobis; 单变量IQR+3σ; 残差,146.969,130,Mahalanobis 距离=147.0（阈值=10.8）。主要贡献特征：PC1 (100.0%)。
1898,2024-05-27 15:24:00,2024-05-27 16:13:00,50.0,停机,IsolationForest; Mahalanobis; 单变量IQR+3σ; 残差,811.998,1300,Mahalanobis 距离=812.0（阈值=10.8）。主要贡献特征：PC1 (100.0%)。
1899,2024-05-27 21:02:00,2024-05-27 21:03:00,2.0,停机,IsolationForest; Mahalanobis; 单变量IQR+3σ; 残差,6.946,52,残差异常：三机_转载机_减速器_冷却水_流量 偏高（残差 Z-score=6.9，实际=50.0 vs 预测=0.0）
1900,2024-05-27 21:05:00,2024-05-27 21:05:00,1.0,停机,IsolationForest; Mahalanobis; 单变量IQR+3σ; 残差,3.89,26,残差异常：三机_转载机_减速器_冷却水_流量 偏高（残差 Z-score=3.9，实际=48.0 vs 预测=20.0）
1901,2024-05-27 21:07:00,2024-05-28 00:56:00,230.0,停机,IsolationForest; Mahalanobis; 单变量IQR+3σ; 残差,6712.877,5980,Mahalanobis 距离=6712.9（阈值=10.8）。主要贡献特征：PC1 (100.0%)。
1902,2024-05-28 01:49:00,2024-05-28 02:17:00,29.0,带载运行,IsolationForest; Mahalanobis; 单变量IQR+3σ; 残差,12.888,754,Mahalanobis 距离=12.9（阈值=10.8）。主要贡献特征：PC1 (100.0%)。
1903,2024-05-28 02:23:00,2024-05-28 02:43:00,21.0,停机,IsolationForest; Mahalanobis; 单变量IQR+3σ; 残差,8721.026,546,Mahalanobis 距离=8721.0（阈值=10.8）。主要贡献特征：PC1 (100.0%)。
1904,2024-05-28 02:45:00,2024-05-28 02:48:00,4.0,带载运行,IsolationForest; Mahalanobis; 单变量IQR+3σ; 残差,126.576,104,Mahalanobis 距离=126.6（阈值=10.8）。主要贡献特征：PC1 (100.0%)。
1905,2024-05-28 02:51:00,2024-05-28 03:01:00,11.0,带载运行,IsolationForest; Mahalanobis; 单变量IQR+3σ; 残差,12.644,286,Mahalanobis 距离=12.6（阈值=10.8）。主要贡献特征：PC1 (100.0%)。
1906,2024-05-28 03:13:00,2024-05-28 03:17:00,5.0,带载运行,IsolationForest; Mahalanobis; 单变量IQR+3σ; 残差,21.749,130,Mahalanobis 距离=21.7（阈值=10.8）。主要贡献特征：PC1 (100.0%)。
1907,2024-05-28 03:27:00,2024-05-28 03:41:00,15.0,带载运行,IsolationForest; Mahalanobis; 单变量IQR+3σ; 残差,12.686,390,Mahalanobis 距离=12.7（阈值=10.8）。主要贡献特征：PC1 (100.0%)。
1908,2024-05-28 03:50:00,2024-05-28 03:50:00,1.0,带载运行,IsolationForest; Mahalanobis; 单变量IQR+3σ; 残差,4.36,26,残差异常：三机_转载机_电机_电流 偏高（残差 Z-score=4.4，实际=130.0 vs 预测=78.0）
1909,2024-05-28 04:24:00,2024-05-28 04:36:00,13.0,带载运行,IsolationForest; Mahalanobis; 单变量IQR+3σ; 残差,85.958,338,Mahalanobis 距离=86.0（阈值=10.8）。主要贡献特征：PC1 (100.0%)。
1910,2024-05-28 04:42:00,2024-05-28 04:48:00,7.0,空载运行,IsolationForest; Mahalanobis; 单变量IQR+3σ; 残差,7808.585,182,Mahalanobis 距离=7808.6（阈值=10.8）。主要贡献特征：PC1 (100.0%)。
1911,2024-05-28 04:52:00,2024-05-28 05:04:00,13.0,停机,IsolationForest; Mahalanobis; 单变量IQR+3σ; 残差,156.91,338,Mahalanobis 距离=156.9（阈值=10.8）。主要贡献特征：PC1 (100.0%)。
1912,2024-05-28 05:06:00,2024-05-28 05:11:00,6.0,带载运行,IsolationForest; Mahalanobis; 单变量IQR+3σ; 残差,142.112,156,Mahalanobis 距离=142.1（阈值=10.8）。主要贡献特征：PC1 (100.0%)。
1913,2024-05-28 05:13:00,2024-05-28 05:21:00,9.0,带载运行,IsolationForest; Mahalanobis; 单变量IQR+3σ; 残差,12.617,234,Mahalanobis 距离=12.6（阈值=10.8）。主要贡献特征：PC1 (100.0%)。
1914,2024-05-28 05:57:00,2024-05-28 05:58:00,2.0,带载运行,IsolationForest; Mahalanobis; 单变量IQR+3σ; 残差,12.605,52,Mahalanobis 距离=12.6（阈值=10.8）。主要贡献特征：PC1 (100.0%)。
1915,2024-05-28 06:42:00,2024-05-28 06:43:00,2.0,带载运行,IsolationForest; Mahalanobis; 单变量IQR+3σ; 残差,12.456,52,Mahalanobis 距离=12.5（阈值=10.8）。主要贡献特征：PC1 (100.0%)。
1916,2024-05-28 07:00:00,2024-05-28 07:00:00,1.0,带载运行,IsolationForest; Mahalanobis; 单变量IQR+3σ; 残差,4.008,26,残差异常：三机_转载机_电机_电流 偏高（残差 Z-score=4.0，实际=129.0 vs 预测=81.2）
1917,2024-05-28 07:07:00,2024-05-28 07:09:00,3.0,带载运行,IsolationForest; Mahalanobis; 单变量IQR+3σ; 残差,4.465,78,单变量异常：三机_转载机_电机_电流（z-score=4.5，实际=152.0，均值=86.6±14.6）
1918,2024-05-28 07:21:00,2024-05-28 07:23:00,3.0,带载运行,IsolationForest; Mahalanobis; 单变量IQR+3σ; 残差,3.646,78,单变量异常：三机_转载机_电机_电流（z-score=3.6，实际=140.0，均值=86.6±14.6）
1919,2024-05-28 07:59:00,2024-05-28 08:19:00,21.0,带载运行,IsolationForest; Mahalanobis; 单变量IQR+3σ; 残差,12.701,546,Mahalanobis 距离=12.7（阈值=10.8）。主要贡献特征：PC1 (100.0%)。
1920,2024-05-28 08:30:00,2024-05-28 08:30:00,1.0,带载运行,IsolationForest; Mahalanobis; 单变量IQR+3σ; 残差,7.789,26,正常
1921,2024-05-28 08:32:00,2024-05-28 08:33:00,2.0,带载运行,IsolationForest; Mahalanobis; 单变量IQR+3σ; 残差,12.583,52,Mahalanobis 距离=12.6（阈值=10.8）。主要贡献特征：PC1 (100.0%)。
1922,2024-05-28 08:45:00,2024-05-28 08:53:00,9.0,停机,IsolationForest; Mahalanobis; 单变量IQR+3σ; 残差,8056.927,234,Mahalanobis 距离=8056.9（阈值=10.8）。主要贡献特征：PC1 (100.0%)。
1923,2024-05-28 08:58:00,2024-05-28 08:58:00,1.0,停机,IsolationForest; Mahalanobis; 单变量IQR+3σ; 残差,1.777,26,正常
1924,2024-05-28 09:06:00,2024-05-28 09:06:00,1.0,停机,IsolationForest; Mahalanobis; 单变量IQR+3σ; 残差,1.309,26,正常
1925,2024-05-28 09:13:00,2024-05-28 09:35:00,23.0,停机,IsolationForest; Mahalanobis; 单变量IQR+3σ; 残差,5638.487,598,Mahalanobis 距离=5638.5（阈值=10.8）。主要贡献特征：PC1 (100.0%)。
1926,2024-05-28 09:39:00,2024-05-28 09:48:00,10.0,停机,IsolationForest; Mahalanobis; 单变量IQR+3σ; 残差,8054.687,260,Mahalanobis 距离=8054.7（阈值=10.8）。主要贡献特征：PC1 (100.0%)。
1927,2024-05-28 09:54:00,2024-05-28 10:03:00,10.0,停机,IsolationForest; Mahalanobis; 单变量IQR+3σ; 残差,8044.043,260,Mahalanobis 距离=8044.0（阈值=10.8）。主要贡献特征：PC1 (100.0%)。
1928,2024-05-28 10:09:00,2024-05-28 10:17:00,9.0,停机,IsolationForest; Mahalanobis; 单变量IQR+3σ; 残差,8032.69,234,Mahalanobis 距离=8032.7（阈值=10.8）。主要贡献特征：PC1 (100.0%)。
1929,2024-05-28 10:38:00,2024-05-28 10:56:00,19.0,停机,IsolationForest; Mahalanobis; 单变量IQR+3σ; 残差,809.634,494,Mahalanobis 距离=809.6（阈值=10.8）。主要贡献特征：PC1 (100.0%)。
1930,2024-05-28 11:01:00,2024-05-28 11:03:00,3.0,停机,IsolationForest; Mahalanobis; 单变量IQR+3σ; 残差,1.191,78,正常
1931,2024-05-28 12:19:00,2024-05-28 13:08:00,50.0,停机,IsolationForest; Mahalanobis; 单变量IQR+3σ; 残差,11.5,1300,残差异常：三机_转载机_变频器_IGBT2温度 偏高（残差 Z-score=11.5，实际=35.0 vs 预测=0.0）
1932,2024-05-28 14:36:00,2024-05-28 14:40:00,5.0,带载运行,IsolationForest; Mahalanobis; 单变量IQR+3σ; 残差,146.931,130,Mahalanobis 距离=146.9（阈值=10.8）。主要贡献特征：PC1 (100.0%)。
1933,2024-05-28 14:50:00,2024-05-28 15:07:00,18.0,停机,IsolationForest; Mahalanobis; 单变量IQR+3σ; 残差,2977.44,468,Mahalanobis 距离=2977.4（阈值=10.8）。主要贡献特征：PC1 (100.0%)。
1934,2024-05-28 15:29:00,2024-05-28 16:01:00,33.0,带载运行,IsolationForest; Mahalanobis; 单变量IQR+3σ; 残差,130.494,858,Mahalanobis 距离=130.5（阈值=10.8）。主要贡献特征：PC1 (100.0%)。
1935,2024-05-28 16:04:00,2024-05-28 17:10:00,67.0,停机,IsolationForest; Mahalanobis; 单变量IQR+3σ; 残差,8054.99,1742,Mahalanobis 距离=8055.0（阈值=10.8）。主要贡献特征：PC1 (100.0%)。
1936,2024-05-28 17:33:00,2024-05-28 17:37:00,5.0,带载运行,IsolationForest; Mahalanobis; 单变量IQR+3σ; 残差,131.123,130,Mahalanobis 距离=131.1（阈值=10.8）。主要贡献特征：PC1 (100.0%)。
1937,2024-05-28 17:58:00,2024-05-28 18:01:00,4.0,停机,IsolationForest; Mahalanobis; 单变量IQR+3σ; 残差,8043.181,104,Mahalanobis 距离=8043.2（阈值=10.8）。主要贡献特征：PC1 (100.0%)。
1938,2024-05-28 18:03:00,2024-05-28 18:03:00,1.0,停机,IsolationForest; Mahalanobis; 单变量IQR+3σ; 残差,4.23,26,正常
1939,2024-05-28 18:08:00,2024-05-28 18:12:00,5.0,带载运行,IsolationForest; Mahalanobis; 单变量IQR+3σ; 残差,134.266,130,Mahalanobis 距离=134.3（阈值=10.8）。主要贡献特征：PC1 (100.0%)。
1940,2024-05-28 18:15:00,2024-05-28 18:23:00,9.0,带载运行,IsolationForest; Mahalanobis; 单变量IQR+3σ; 残差,24.307,234,Mahalanobis 距离=24.3（阈值=10.8）。主要贡献特征：PC1 (100.0%)。
1941,2024-05-28 18:43:00,2024-05-28 18:54:00,12.0,停机,IsolationForest; Mahalanobis; 单变量IQR+3σ; 残差,7885.806,312,Mahalanobis 距离=7885.8（阈值=10.8）。主要贡献特征：PC1 (100.0%)。
1942,2024-05-28 19:38:00,2024-05-28 19:42:00,5.0,带载运行,IsolationForest; Mahalanobis; 单变量IQR+3σ; 残差,2.193,130,单变量异常：三机_转载机_减速器_油箱_油位（z-score=2.2，实际=496.0，均值=296.1±91.2）
1943,2024-05-28 19:45:00,2024-05-28 19:47:00,3.0,带载运行,IsolationForest; Mahalanobis; 单变量IQR+3σ; 残差,2.379,78,单变量异常：三机_转载机_减速器_油箱_油位（z-score=2.4，实际=513.0，均值=296.1±91.2）
1944,2024-05-28 20:24:00,2024-05-28 20:26:00,3.0,带载运行,IsolationForest; Mahalanobis; 单变量IQR+3σ; 残差,0.883,78,正常
1945,2024-05-28 21:03:00,2024-05-28 21:13:00,11.0,停机,IsolationForest; Mahalanobis; 单变量IQR+3σ; 残差,8036.388,286,Mahalanobis 距离=8036.4（阈值=10.8）。主要贡献特征：PC1 (100.0%)。
1946,2024-05-28 21:15:00,2024-05-28 21:19:00,5.0,带载运行,IsolationForest; Mahalanobis; 单变量IQR+3σ; 残差,137.781,130,Mahalanobis 距离=137.8（阈值=10.8）。主要贡献特征：PC1 (100.0%)。
1947,2024-05-28 21:22:00,2024-05-28 21:22:00,1.0,带载运行,IsolationForest; Mahalanobis; 单变量IQR+3σ; 残差,1.239,26,正常
1948,2024-05-28 23:29:00,2024-05-28 23:44:00,16.0,停机,IsolationForest; Mahalanobis; 单变量IQR+3σ; 残差,7418.894,416,Mahalanobis 距离=7418.9（阈值=10.8）。主要贡献特征：PC1 (100.0%)。
1949,2024-05-28 23:46:00,2024-05-29 00:07:00,22.0,带载运行,IsolationForest; Mahalanobis; 单变量IQR+3σ; 残差,120.816,572,Mahalanobis 距离=120.8（阈值=10.8）。主要贡献特征：PC1 (100.0%)。
1950,2024-05-29 00:25:00,2024-05-29 00:36:00,12.0,停机,IsolationForest; Mahalanobis; 单变量IQR+3σ; 残差,8029.153,312,Mahalanobis 距离=8029.2（阈值=10.8）。主要贡献特征：PC1 (100.0%)。
1951,2024-05-29 00:40:00,2024-05-29 00:49:00,10.0,空载运行,IsolationForest; Mahalanobis; 单变量IQR+3σ; 残差,7797.093,260,Mahalanobis 距离=7797.1（阈值=10.8）。主要贡献特征：PC1 (100.0%)。
1952,2024-05-29 00:55:00,2024-05-29 01:02:00,8.0,停机,IsolationForest; Mahalanobis; 单变量IQR+3σ; 残差,3305.954,208,Mahalanobis 距离=3306.0（阈值=10.8）。主要贡献特征：PC1 (100.0%)。
1953,2024-05-29 01:10:00,2024-05-29 01:10:00,1.0,停机,IsolationForest; Mahalanobis; 单变量IQR+3σ; 残差,0.888,26,正常
1954,2024-05-29 01:13:00,2024-05-29 01:21:00,9.0,停机,IsolationForest; Mahalanobis; 单变量IQR+3σ; 残差,1822.571,234,Mahalanobis 距离=1822.6（阈值=10.8）。主要贡献特征：PC1 (100.0%)。
1955,2024-05-29 01:29:00,2024-05-29 01:29:00,1.0,带载运行,IsolationForest; Mahalanobis; 单变量IQR+3σ; 残差,3.434,26,残差异常：三机_转载机_电机_转矩 偏高（残差 Z-score=3.4，实际=44.0 vs 预测=20.0）
1956,2024-05-29 01:32:00,2024-05-29 01:35:00,4.0,带载运行,IsolationForest; Mahalanobis; 单变量IQR+3σ; 残差,3.126,104,残差异常：三机_转载机_减速器_油箱_油位 偏高（残差 Z-score=3.1，实际=493.0 vs 预测=431.8）
1957,2024-05-29 01:39:00,2024-05-29 01:55:00,17.0,停机,IsolationForest; Mahalanobis; 单变量IQR+3σ; 残差,8045.856,442,Mahalanobis 距离=8045.9（阈值=10.8）。主要贡献特征：PC1 (100.0%)。
1958,2024-05-29 02:00:00,2024-05-29 02:05:00,6.0,停机,IsolationForest; Mahalanobis; 单变量IQR+3σ; 残差,8057.197,156,Mahalanobis 距离=8057.2（阈值=10.8）。主要贡献特征：PC1 (100.0%)。
1959,2024-05-29 02:33:00,2024-05-29 02:51:00,19.0,停机,IsolationForest; Mahalanobis; 单变量IQR+3σ; 残差,8061.962,494,Mahalanobis 距离=8062.0（阈值=10.8）。主要贡献特征：PC1 (100.0%)。
1960,2024-05-29 06:13:00,2024-05-29 06:27:00,15.0,带载运行,IsolationForest; Mahalanobis; 单变量IQR+3σ; 残差,122.548,390,Mahalanobis 距离=122.5（阈值=10.8）。主要贡献特征：PC1 (100.0%)。
1961,2024-05-29 06:53:00,2024-05-29 07:34:00,42.0,停机,IsolationForest; Mahalanobis; 单变量IQR+3σ; 残差,6704.247,1092,Mahalanobis 距离=6704.2（阈值=10.8）。主要贡献特征：PC1 (100.0%)。
1962,2024-05-29 07:46:00,2024-05-29 07:46:00,1.0,停机,IsolationForest; Mahalanobis; 单变量IQR+3σ; 残差,1.082,26,正常
1963,2024-05-29 08:06:00,2024-05-29 08:08:00,3.0,停机,IsolationForest; Mahalanobis; 单变量IQR+3σ; 残差,0.771,78,正常
1964,2024-05-29 10:52:00,2024-05-29 11:00:00,9.0,停机,IsolationForest; Mahalanobis; 单变量IQR+3σ; 残差,348.287,234,Mahalanobis 距离=348.3（阈值=10.8）。主要贡献特征：PC1 (100.0%)。
1965,2024-05-29 11:03:00,2024-05-29 11:19:00,17.0,停机,IsolationForest; Mahalanobis; 单变量IQR+3σ; 残差,602.848,442,Mahalanobis 距离=602.8（阈值=10.8）。主要贡献特征：PC1 (100.0%)。
1966,2024-05-29 11:52:00,2024-05-29 11:56:00,5.0,带载运行,IsolationForest; Mahalanobis; 单变量IQR+3σ; 残差,146.721,130,Mahalanobis 距离=146.7（阈值=10.8）。主要贡献特征：PC1 (100.0%)。
1967,2024-05-29 12:20:00,2024-05-29 12:24:00,5.0,停机,IsolationForest; Mahalanobis; 单变量IQR+3σ; 残差,389.65,130,Mahalanobis 距离=389.6（阈值=10.8）。主要贡献特征：PC1 (100.0%)。
1968,2024-05-29 15:29:00,2024-05-29 15:29:00,1.0,停机,IsolationForest; Mahalanobis; 单变量IQR+3σ; 残差,7.224,26,残差异常：三机_转载机_减速器_冷却水_流量 偏高（残差 Z-score=7.2，实际=52.0 vs 预测=0.0）
1969,2024-05-29 16:05:00,2024-05-29 18:49:00,165.0,停机,IsolationForest; Mahalanobis; 单变量IQR+3σ; 残差,8050.441,4290,Mahalanobis 距离=8050.4（阈值=10.8）。主要贡献特征：PC1 (100.0%)。
1970,2024-05-29 19:31:00,2024-05-29 19:39:00,9.0,带载运行,IsolationForest; Mahalanobis; 单变量IQR+3σ; 残差,85.796,234,Mahalanobis 距离=85.8（阈值=10.8）。主要贡献特征：PC1 (100.0%)。
1971,2024-05-29 23:35:00,2024-05-29 23:37:00,3.0,带载运行,IsolationForest; Mahalanobis; 单变量IQR+3σ; 残差,13.866,78,Mahalanobis 距离=13.9（阈值=10.8）。主要贡献特征：PC1 (100.0%)。
1972,2024-05-29 23:39:00,2024-05-29 23:40:00,2.0,带载运行,IsolationForest; Mahalanobis; 单变量IQR+3σ; 残差,3.867,52,正常
1973,2024-05-29 23:49:00,2024-05-30 00:06:00,18.0,停机,IsolationForest; Mahalanobis; 单变量IQR+3σ; 残差,6433.627,468,Mahalanobis 距离=6433.6（阈值=10.8）。主要贡献特征：PC1 (100.0%)。
1974,2024-05-30 00:13:00,2024-05-30 00:17:00,5.0,带载运行,IsolationForest; Mahalanobis; 单变量IQR+3σ; 残差,122.549,130,Mahalanobis 距离=122.5（阈值=10.8）。主要贡献特征：PC1 (100.0%)。
1975,2024-05-30 00:24:00,2024-05-30 00:24:00,1.0,带载运行,IsolationForest; Mahalanobis; 单变量IQR+3σ; 残差,3.119,26,残差异常：三机_转载机_电机_转矩 偏高（残差 Z-score=3.1，实际=51.0 vs 预测=29.2）
1976,2024-05-30 00:41:00,2024-05-30 00:51:00,11.0,停机,IsolationForest; Mahalanobis; 单变量IQR+3σ; 残差,8060.626,286,Mahalanobis 距离=8060.6（阈值=10.8）。主要贡献特征：PC1 (100.0%)。
1977,2024-05-30 05:03:00,2024-05-30 05:03:00,1.0,带载运行,IsolationForest; Mahalanobis; 单变量IQR+3σ; 残差,3.091,26,残差异常：三机_转载机_电机_转矩 偏高（残差 Z-score=3.1，实际=48.0 vs 预测=26.4）
1978,2024-05-30 05:43:00,2024-05-30 05:46:00,4.0,停机,IsolationForest; Mahalanobis; 单变量IQR+3σ; 残差,8047.467,104,Mahalanobis 距离=8047.5（阈值=10.8）。主要贡献特征：PC1 (100.0%)。
1979,2024-05-30 05:48:00,2024-05-30 05:51:00,4.0,带载运行,IsolationForest; Mahalanobis; 单变量IQR+3σ; 残差,108.493,104,Mahalanobis 距离=108.5（阈值=10.8）。主要贡献特征：PC1 (100.0%)。
1980,2024-05-30 08:47:00,2024-05-30 08:52:00,6.0,停机,IsolationForest; Mahalanobis; 单变量IQR+3σ; 残差,8039.562,156,Mahalanobis 距离=8039.6（阈值=10.8）。主要贡献特征：PC1 (100.0%)。
1981,2024-05-30 10:06:00,2024-05-30 10:17:00,12.0,停机,IsolationForest; Mahalanobis; 单变量IQR+3σ; 残差,8040.166,312,Mahalanobis 距离=8040.2（阈值=10.8）。主要贡献特征：PC1 (100.0%)。
1982,2024-05-30 10:22:00,2024-05-30 10:38:00,17.0,停机,IsolationForest; Mahalanobis; 单变量IQR+3σ; 残差,799.057,442,Mahalanobis 距离=799.1（阈值=10.8）。主要贡献特征：PC1 (100.0%)。
1983,2024-05-30 11:03:00,2024-05-30 11:05:00,3.0,停机,IsolationForest; Mahalanobis; 单变量IQR+3σ; 残差,0.998,78,正常
1984,2024-05-30 11:27:00,2024-05-30 11:31:00,5.0,带载运行,IsolationForest; Mahalanobis; 单变量IQR+3σ; 残差,145.399,130,Mahalanobis 距离=145.4（阈值=10.8）。主要贡献特征：PC1 (100.0%)。
1985,2024-05-30 13:04:00,2024-05-30 13:08:00,5.0,停机,IsolationForest; Mahalanobis; 单变量IQR+3σ; 残差,334.889,130,Mahalanobis 距离=334.9（阈值=10.8）。主要贡献特征：PC1 (100.0%)。
1986,2024-05-30 13:20:00,2024-05-30 13:20:00,1.0,停机,IsolationForest; Mahalanobis; 单变量IQR+3σ; 残差,1.352,26,正常
1987,2024-05-30 15:29:00,2024-05-30 16:02:00,34.0,停机,IsolationForest; Mahalanobis; 单变量IQR+3σ; 残差,8400.609,884,Mahalanobis 距离=8400.6（阈值=10.8）。主要贡献特征：PC1 (100.0%)。
1988,2024-05-30 16:07:00,2024-05-30 16:39:00,33.0,停机,IsolationForest; Mahalanobis; 单变量IQR+3σ; 残差,8393.952,858,Mahalanobis 距离=8394.0（阈值=10.8）。主要贡献特征：PC1 (100.0%)。
1989,2024-05-30 16:48:00,2024-05-30 16:53:00,6.0,停机,IsolationForest; Mahalanobis; 单变量IQR+3σ; 残差,8048.814,156,Mahalanobis 距离=8048.8（阈值=10.8）。主要贡献特征：PC1 (100.0%)。
1990,2024-05-30 16:56:00,2024-05-30 16:58:00,3.0,停机,IsolationForest; Mahalanobis; 单变量IQR+3σ; 残差,3.096,78,正常
1991,2024-05-30 17:13:00,2024-05-30 17:15:00,3.0,停机,IsolationForest; Mahalanobis; 单变量IQR+3σ; 残差,0.724,78,正常
1992,2024-05-30 17:18:00,2024-05-30 17:23:00,6.0,带载运行,IsolationForest; Mahalanobis; 单变量IQR+3σ; 残差,124.669,156,Mahalanobis 距离=124.7（阈值=10.8）。主要贡献特征：PC1 (100.0%)。
1993,2024-05-30 17:45:00,2024-05-30 18:17:00,33.0,带载运行,IsolationForest; Mahalanobis; 单变量IQR+3σ; 残差,6.774,858,正常
1994,2024-05-30 18:33:00,2024-05-30 18:36:00,4.0,停机,IsolationForest; Mahalanobis; 单变量IQR+3σ; 残差,8039.523,104,Mahalanobis 距离=8039.5（阈值=10.8）。主要贡献特征：PC1 (100.0%)。
1995,2024-05-30 18:39:00,2024-05-30 18:42:00,4.0,带载运行,IsolationForest; Mahalanobis; 单变量IQR+3σ; 残差,109.787,104,Mahalanobis 距离=109.8（阈值=10.8）。主要贡献特征：PC1 (100.0%)。
1996,2024-05-30 19:51:00,2024-05-30 19:53:00,3.0,带载运行,IsolationForest; Mahalanobis; 单变量IQR+3σ; 残差,18.692,78,Mahalanobis 距离=18.7（阈值=10.8）。主要贡献特征：PC1 (100.0%)。
1997,2024-05-30 19:55:00,2024-05-30 20:01:00,7.0,停机,IsolationForest; Mahalanobis; 单变量IQR+3σ; 残差,7818.668,182,Mahalanobis 距离=7818.7（阈值=10.8）。主要贡献特征：PC1 (100.0%)。
1998,2024-05-30 20:06:00,2024-05-30 20:12:00,7.0,停机,IsolationForest; Mahalanobis; 单变量IQR+3σ; 残差,8069.457,182,Mahalanobis 距离=8069.5（阈值=10.8）。主要贡献特征：PC1 (100.0%)。
1999,2024-05-30 21:49:00,2024-05-30 21:57:00,9.0,带载运行,IsolationForest; Mahalanobis; 单变量IQR+3σ; 残差,45.319,234,Mahalanobis 距离=45.3（阈值=10.8）。主要贡献特征：PC1 (100.0%)。
2000,2024-05-30 22:12:00,2024-05-30 22:18:00,7.0,带载运行,IsolationForest; Mahalanobis; 单变量IQR+3σ; 残差,12.652,182,Mahalanobis 距离=12.7（阈值=10.8）。主要贡献特征：PC1 (100.0%)。
2001,2024-05-31 00:45:00,2024-05-31 00:46:00,2.0,带载运行,IsolationForest; Mahalanobis; 单变量IQR+3σ; 残差,0.945,52,正常
2002,2024-05-31 01:15:00,2024-05-31 01:21:00,7.0,带载运行,IsolationForest; Mahalanobis; 单变量IQR+3σ; 残差,51.104,182,Mahalanobis 距离=51.1（阈值=10.8）。主要贡献特征：PC1 (100.0%)。
2003,2024-05-31 01:40:00,2024-05-31 02:02:00,23.0,停机,IsolationForest; Mahalanobis; 单变量IQR+3σ; 残差,7323.528,598,Mahalanobis 距离=7323.5（阈值=10.8）。主要贡献特征：PC1 (100.0%)。
2004,2024-05-31 03:43:00,2024-05-31 03:53:00,11.0,带载运行,IsolationForest; Mahalanobis; 单变量IQR+3σ; 残差,24.335,286,Mahalanobis 距离=24.3（阈值=10.8）。主要贡献特征：PC1 (100.0%)。
2005,2024-05-31 04:07:00,2024-05-31 04:52:00,46.0,停机,IsolationForest; Mahalanobis; 单变量IQR+3σ; 残差,6708.888,1196,Mahalanobis 距离=6708.9（阈值=10.8）。主要贡献特征：PC1 (100.0%)。
2006,2024-05-31 07:01:00,2024-05-31 07:04:00,4.0,带载运行,IsolationForest; Mahalanobis; 单变量IQR+3σ; 残差,15.799,104,Mahalanobis 距离=15.8（阈值=10.8）。主要贡献特征：PC1 (100.0%)。
2007,2024-05-31 07:13:00,2024-05-31 07:35:00,23.0,带载运行,IsolationForest; Mahalanobis; 单变量IQR+3σ; 残差,24.53,598,Mahalanobis 距离=24.5（阈值=10.8）。主要贡献特征：PC1 (100.0%)。
2008,2024-05-31 07:45:00,2024-05-31 07:54:00,10.0,停机,IsolationForest; Mahalanobis; 单变量IQR+3σ; 残差,8036.7,260,Mahalanobis 距离=8036.7（阈值=10.8）。主要贡献特征：PC1 (100.0%)。
2009,2024-05-31 09:01:00,2024-05-31 09:02:00,2.0,停机,IsolationForest; Mahalanobis; 单变量IQR+3σ; 残差,0.863,52,正常
2010,2024-05-31 09:08:00,2024-05-31 09:08:00,1.0,停机,IsolationForest; Mahalanobis; 单变量IQR+3σ; 残差,3.88,26,残差异常：三机_转载机_减速器_冷却水_压力 偏高（残差 Z-score=3.9，实际=0.2 vs 预测=0.1）
2011,2024-05-31 09:13:00,2024-05-31 09:13:00,1.0,停机,IsolationForest; Mahalanobis; 单变量IQR+3σ; 残差,0.97,26,正常
2012,2024-05-31 09:15:00,2024-05-31 09:15:00,1.0,停机,IsolationForest; Mahalanobis; 单变量IQR+3σ; 残差,3.325,26,残差异常：三机_转载机_减速器_冷却水_压力 偏高（残差 Z-score=3.3，实际=0.2 vs 预测=0.1）
2013,2024-05-31 09:18:00,2024-05-31 09:21:00,4.0,停机,IsolationForest; Mahalanobis; 单变量IQR+3σ; 残差,4.434,104,残差异常：三机_转载机_减速器_冷却水_压力 偏高（残差 Z-score=4.4，实际=0.2 vs 预测=0.0）
2014,2024-05-31 10:18:00,2024-05-31 10:23:00,6.0,带载运行,IsolationForest; Mahalanobis; 单变量IQR+3σ; 残差,142.148,156,Mahalanobis 距离=142.1（阈值=10.8）。主要贡献特征：PC1 (100.0%)。
2015,2024-05-31 10:32:00,2024-05-31 10:39:00,8.0,停机,IsolationForest; Mahalanobis; 单变量IQR+3σ; 残差,8058.9,208,Mahalanobis 距离=8058.9（阈值=10.8）。主要贡献特征：PC1 (100.0%)。
2016,2024-05-31 10:50:00,2024-05-31 10:54:00,5.0,停机,IsolationForest; Mahalanobis; 单变量IQR+3σ; 残差,438.647,130,Mahalanobis 距离=438.6（阈值=10.8）。主要贡献特征：PC1 (100.0%)。
2017,2024-05-31 10:59:00,2024-05-31 11:10:00,12.0,停机,IsolationForest; Mahalanobis; 单变量IQR+3σ; 残差,678.368,312,Mahalanobis 距离=678.4（阈值=10.8）。主要贡献特征：PC1 (100.0%)。
2018,2024-05-31 11:12:00,2024-05-31 11:17:00,6.0,带载运行,IsolationForest; Mahalanobis; 单变量IQR+3σ; 残差,147.185,156,Mahalanobis 距离=147.2（阈值=10.8）。主要贡献特征：PC1 (100.0%)。
2019,2024-05-31 13:47:00,2024-05-31 13:53:00,7.0,停机,IsolationForest; Mahalanobis; 单变量IQR+3σ; 残差,6.899,182,残差异常：三机_转载机_变频器_腔体温度 偏高（残差 Z-score=6.9，实际=39.0 vs 预测=15.6）
2020,2024-05-31 14:27:00,2024-05-31 14:31:00,5.0,停机,IsolationForest; Mahalanobis; 单变量IQR+3σ; 残差,230.557,130,Mahalanobis 距离=230.6（阈值=10.8）。主要贡献特征：PC1 (100.0%)。
2021,2024-05-31 14:38:00,2024-05-31 14:42:00,5.0,停机,IsolationForest; Mahalanobis; 单变量IQR+3σ; 残差,318.367,130,Mahalanobis 距离=318.4（阈值=10.8）。主要贡献特征：PC1 (100.0%)。
2022,2024-05-31 15:02:00,2024-05-31 15:06:00,5.0,带载运行,IsolationForest; Mahalanobis; 单变量IQR+3σ; 残差,147.202,130,Mahalanobis 距离=147.2（阈值=10.8）。主要贡献特征：PC1 (100.0%)。
2023,2024-05-31 15:28:00,2024-05-31 15:36:00,9.0,带载运行,IsolationForest; Mahalanobis; 单变量IQR+3σ; 残差,142.08,234,Mahalanobis 距离=142.1（阈值=10.8）。主要贡献特征：PC1 (100.0%)。
