段起始时间,段结束时间,持续时间(min),工况,是否异常,异常原因,段索引,分段号
2024-04-01 00:00:00,2024-04-01 00:01:00,2,停机,False,正常,0,1
2024-04-01 00:02:00,2024-04-01 00:51:00,50,待机,False,正常,1,1
2024-04-01 00:52:00,2024-04-01 00:53:00,2,调架中,False,正常,2,1
2024-04-01 00:54:00,2024-04-01 00:54:00,1,待机,False,正常,3,1
2024-04-01 00:55:00,2024-04-01 00:55:00,1,调架中,False,正常,4,1
2024-04-01 00:56:00,2024-04-01 00:56:00,1,割煤中位,False,正常,5,1
2024-04-01 00:57:00,2024-04-01 00:57:00,1,割煤高位,False,正常,6,1
2024-04-01 00:58:00,2024-04-01 00:59:00,2,调架中,False,正常,7,1
2024-04-01 01:00:00,2024-04-01 01:00:00,1,割煤高位,False,正常,8,1
2024-04-01 01:01:00,2024-04-01 04:36:00,216,待机-高位,True,异常持续段（>120min 阈值）,9,2
2024-04-01 04:37:00,2024-04-01 04:41:00,5,割煤高位,False,正常,10,3
2024-04-01 04:42:00,2024-04-01 04:42:00,1,割煤中位,False,正常,11,3
2024-04-01 04:43:00,2024-04-01 04:43:00,1,割煤高位,False,正常,12,3
2024-04-01 04:44:00,2024-04-01 04:44:00,1,调架中,False,正常,13,3
2024-04-01 04:45:00,2024-04-01 04:46:00,2,割煤中位,False,正常,14,3
2024-04-01 04:47:00,2024-04-01 04:50:00,4,割煤高位,False,正常,15,3
2024-04-01 04:51:00,2024-04-01 04:51:00,1,调架中,False,正常,16,3
2024-04-01 04:52:00,2024-04-01 04:52:00,1,割煤高位,False,正常,17,3
2024-04-01 04:53:00,2024-04-01 04:54:00,2,调架中,False,正常,18,3
2024-04-01 04:55:00,2024-04-01 04:59:00,5,割煤高位,False,正常,19,3
2024-04-01 05:00:00,2024-04-01 05:00:00,1,调架中,False,正常,20,3
2024-04-01 05:01:00,2024-04-01 05:01:00,1,割煤高位,False,正常,21,3
2024-04-01 05:02:00,2024-04-01 05:02:00,1,调架中,False,正常,22,3
2024-04-01 05:03:00,2024-04-01 05:04:00,2,割煤高位,False,正常,23,3
2024-04-01 05:05:00,2024-04-01 05:05:00,1,割煤中位,False,正常,24,3
2024-04-01 05:06:00,2024-04-01 05:08:00,3,调架中,False,正常,25,3
2024-04-01 05:09:00,2024-04-01 05:09:00,1,割煤中位,False,正常,26,3
2024-04-01 05:10:00,2024-04-01 05:11:00,2,调架中,False,正常,27,3
2024-04-01 05:12:00,2024-04-01 05:12:00,1,割煤中位,False,正常,28,3
2024-04-01 05:13:00,2024-04-01 05:14:00,2,割煤高位,False,正常,29,3
2024-04-01 05:15:00,2024-04-01 05:15:00,1,割煤中位,False,正常,30,3
2024-04-01 05:16:00,2024-04-01 05:17:00,2,调架中,False,正常,31,3
2024-04-01 05:18:00,2024-04-01 05:22:00,5,割煤高位,False,正常,32,3
2024-04-01 05:23:00,2024-04-01 05:23:00,1,调架中,False,正常,33,3
2024-04-01 05:24:00,2024-04-01 05:26:00,3,割煤中位,False,正常,34,3
2024-04-01 05:27:00,2024-04-01 05:28:00,2,割煤高位,False,正常,35,3
2024-04-01 05:29:00,2024-04-01 05:29:00,1,调架中,False,正常,36,3
2024-04-01 05:30:00,2024-04-01 05:36:00,7,割煤高位,False,正常,37,3
2024-04-01 05:37:00,2024-04-01 05:37:00,1,割煤中位,False,正常,38,3
2024-04-01 05:38:00,2024-04-01 05:41:00,4,割煤高位,False,正常,39,3
2024-04-01 05:42:00,2024-04-01 05:43:00,2,调架中,False,正常,40,3
2024-04-01 05:44:00,2024-04-01 05:44:00,1,割煤高位,False,正常,41,3
2024-04-01 05:45:00,2024-04-01 05:45:00,1,调架中,False,正常,42,3
2024-04-01 05:46:00,2024-04-01 05:47:00,2,割煤中位,False,正常,43,3
2024-04-01 05:48:00,2024-04-01 05:56:00,9,割煤高位,False,正常,44,3
2024-04-01 05:57:00,2024-04-01 05:58:00,2,割煤中位,False,正常,45,3
2024-04-01 05:59:00,2024-04-01 05:59:00,1,调架中,False,正常,46,3
2024-04-01 06:00:00,2024-04-01 06:01:00,2,割煤高位,False,正常,47,3
2024-04-01 06:02:00,2024-04-01 06:02:00,1,调架中,False,正常,48,3
2024-04-01 06:03:00,2024-04-01 06:03:00,1,割煤中位,False,正常,49,3
2024-04-01 06:04:00,2024-04-01 06:04:00,1,割煤高位,False,正常,50,3
2024-04-01 06:05:00,2024-04-01 06:05:00,1,调架中,False,正常,51,3
2024-04-01 06:06:00,2024-04-01 06:07:00,2,割煤高位,False,正常,52,3
2024-04-01 06:08:00,2024-04-01 06:14:00,7,调架中,False,正常,53,3
2024-04-01 06:15:00,2024-04-01 06:16:00,2,割煤高位,False,正常,54,3
2024-04-01 06:17:00,2024-04-01 06:17:00,1,调架中,False,正常,55,3
2024-04-01 06:18:00,2024-04-01 06:18:00,1,割煤高位,False,正常,56,3
2024-04-01 06:19:00,2024-04-01 06:20:00,2,调架中,False,正常,57,3
2024-04-01 06:21:00,2024-04-01 06:23:00,3,割煤中位,False,正常,58,3
2024-04-01 06:24:00,2024-04-01 06:24:00,1,割煤高位,False,正常,59,3
2024-04-01 06:25:00,2024-04-01 06:25:00,1,调架中,False,正常,60,3
2024-04-01 06:26:00,2024-04-01 06:30:00,5,割煤高位,False,正常,61,3
2024-04-01 06:31:00,2024-04-01 06:31:00,1,割煤中位,False,正常,62,3
2024-04-01 06:32:00,2024-04-01 06:32:00,1,割煤高位,False,正常,63,3
2024-04-01 06:33:00,2024-04-01 06:37:00,5,调架中,False,正常,64,3
2024-04-01 06:38:00,2024-04-01 06:38:00,1,割煤中位,False,正常,65,3
2024-04-01 06:39:00,2024-04-01 06:39:00,1,调架中,False,正常,66,3
2024-04-01 06:40:00,2024-04-01 06:40:00,1,割煤中位,False,正常,67,3
2024-04-01 06:41:00,2024-04-01 06:41:00,1,调架中,False,正常,68,3
2024-04-01 06:42:00,2024-04-01 06:53:00,12,待机,False,正常,69,3
2024-04-01 06:54:00,2024-04-01 06:54:00,1,割煤中位,False,正常,70,3
2024-04-01 06:55:00,2024-04-01 06:57:00,3,割煤高位,False,正常,71,3
2024-04-01 06:58:00,2024-04-01 06:59:00,2,调架中,False,正常,72,3
2024-04-01 07:00:00,2024-04-01 07:06:00,7,割煤中位,False,正常,73,3
2024-04-01 07:07:00,2024-04-01 07:07:00,1,调架中,False,正常,74,3
2024-04-01 07:08:00,2024-04-01 07:08:00,1,割煤中位,False,正常,75,3
2024-04-01 07:09:00,2024-04-01 07:24:00,16,待机,False,正常,76,3
2024-04-01 07:25:00,2024-04-01 07:26:00,2,割煤中位,False,正常,77,3
2024-04-01 07:27:00,2024-04-01 07:34:00,8,待机,False,正常,78,3
2024-04-01 07:35:00,2024-04-01 07:36:00,2,割煤中位,False,正常,79,3
2024-04-01 07:37:00,2024-04-01 07:41:00,5,待机,False,正常,80,3
2024-04-01 07:42:00,2024-04-01 07:44:00,3,割煤中位,False,正常,81,3
2024-04-01 07:45:00,2024-04-01 07:46:00,2,调架中,False,正常,82,3
2024-04-01 07:47:00,2024-04-01 07:48:00,2,割煤中位,False,正常,83,3
2024-04-01 07:49:00,2024-04-01 07:51:00,3,待机,False,正常,84,3
2024-04-01 07:52:00,2024-04-01 07:53:00,2,割煤中位,False,正常,85,3
2024-04-01 07:54:00,2024-04-01 07:55:00,2,待机,False,正常,86,3
2024-04-01 07:56:00,2024-04-01 07:56:00,1,割煤中位,False,正常,87,3
2024-04-01 07:57:00,2024-04-01 07:58:00,2,调架中,False,正常,88,3
2024-04-01 07:59:00,2024-04-01 07:59:00,1,割煤中位,False,正常,89,3
2024-04-01 08:00:00,2024-04-01 08:03:00,4,待机,False,正常,90,3
2024-04-01 08:04:00,2024-04-01 08:05:00,2,割煤中位,False,正常,91,3
2024-04-01 08:06:00,2024-04-01 08:06:00,1,割煤高位,False,正常,92,3
2024-04-01 08:07:00,2024-04-01 08:07:00,1,待机-高位,False,正常,93,3
2024-04-01 08:08:00,2024-04-01 08:08:00,1,割煤高位,False,正常,94,3
2024-04-01 08:09:00,2024-04-01 08:10:00,2,调架中,False,正常,95,3
2024-04-01 08:11:00,2024-04-01 08:12:00,2,割煤中位,False,正常,96,3
2024-04-01 08:13:00,2024-04-01 08:16:00,4,调架中,False,正常,97,3
2024-04-01 08:17:00,2024-04-01 08:17:00,1,割煤中位,False,正常,98,3
2024-04-01 08:18:00,2024-04-01 08:19:00,2,调架中,False,正常,99,3
2024-04-01 08:20:00,2024-04-01 08:21:00,2,割煤中位,False,正常,100,3
2024-04-01 08:22:00,2024-04-01 08:27:00,6,调架中,False,正常,101,3
2024-04-01 08:28:00,2024-04-01 08:28:00,1,割煤中位,False,正常,102,3
2024-04-01 08:29:00,2024-04-01 08:30:00,2,调架中,False,正常,103,3
2024-04-01 08:31:00,2024-04-01 08:34:00,4,待机,False,正常,104,3
2024-04-01 08:35:00,2024-04-01 08:48:00,14,调架中,False,正常,105,3
2024-04-01 08:49:00,2024-04-01 08:51:00,3,割煤中位,False,正常,106,3
2024-04-01 08:52:00,2024-04-01 08:53:00,2,调架中,False,正常,107,3
2024-04-01 08:54:00,2024-04-01 08:56:00,3,割煤中位,False,正常,108,3
2024-04-01 08:57:00,2024-04-01 08:57:00,1,调架中,False,正常,109,3
2024-04-01 08:58:00,2024-04-01 09:06:00,9,割煤中位,False,正常,110,3
2024-04-01 09:07:00,2024-04-01 09:07:00,1,调架中,False,正常,111,3
2024-04-01 09:08:00,2024-04-01 09:14:00,7,割煤中位,False,正常,112,3
2024-04-01 09:15:00,2024-04-01 09:15:00,1,调架中,False,正常,113,3
2024-04-01 09:16:00,2024-04-01 09:20:00,5,待机,False,正常,114,3
2024-04-01 09:21:00,2024-04-01 09:21:00,1,调架中,False,正常,115,3
2024-04-01 09:22:00,2024-04-01 11:23:00,122,待机,False,正常,116,3
2024-04-01 11:24:00,2024-04-01 11:24:00,1,调架中,False,正常,117,3
2024-04-01 11:25:00,2024-04-01 11:25:00,1,割煤中位,False,正常,118,3
2024-04-01 11:26:00,2024-04-01 11:26:00,1,待机,False,正常,119,3
2024-04-01 11:27:00,2024-04-01 11:30:00,4,割煤中位,False,正常,120,3
2024-04-01 11:31:00,2024-04-01 11:35:00,5,待机,False,正常,121,3
2024-04-01 11:36:00,2024-04-01 11:37:00,2,割煤中位,False,正常,122,3
2024-04-01 11:38:00,2024-04-01 11:39:00,2,调架中,False,正常,123,3
2024-04-01 11:40:00,2024-04-01 11:59:00,20,待机,False,正常,124,3
2024-04-01 12:00:00,2024-04-01 13:35:00,96,停机,False,正常,125,3
2024-04-01 13:36:00,2024-04-01 15:07:00,92,待机,False,正常,126,3
2024-04-01 15:08:00,2024-04-01 15:08:00,1,调架中,False,正常,127,3
2024-04-01 15:09:00,2024-04-01 15:09:00,1,割煤中位,False,正常,128,3
2024-04-01 15:10:00,2024-04-01 15:10:00,1,调架中,False,正常,129,3
2024-04-01 15:11:00,2024-04-01 15:12:00,2,割煤中位,False,正常,130,3
2024-04-01 15:13:00,2024-04-01 15:14:00,2,调架中,False,正常,131,3
2024-04-01 15:15:00,2024-04-01 15:15:00,1,待机,False,正常,132,3
2024-04-01 15:16:00,2024-04-01 15:16:00,1,停机,False,正常,133,3
2024-04-01 15:17:00,2024-04-01 15:38:00,22,待机,False,正常,134,3
2024-04-01 15:39:00,2024-04-01 15:39:00,1,调架中,False,正常,135,3
2024-04-01 15:40:00,2024-04-01 15:40:00,1,割煤中位,False,正常,136,3
2024-04-01 15:41:00,2024-04-01 15:42:00,2,调架中,False,正常,137,3
2024-04-01 15:43:00,2024-04-01 15:46:00,4,割煤中位,False,正常,138,3
2024-04-01 15:47:00,2024-04-01 15:48:00,2,待机,False,正常,139,3
2024-04-01 15:49:00,2024-04-01 15:49:00,1,割煤中位,False,正常,140,3
2024-04-01 15:50:00,2024-04-01 15:50:00,1,调架中,False,正常,141,3
2024-04-01 15:51:00,2024-04-01 15:52:00,2,割煤中位,False,正常,142,3
2024-04-01 15:53:00,2024-04-01 15:53:00,1,待机,False,正常,143,3
2024-04-01 15:54:00,2024-04-01 15:56:00,3,割煤中位,False,正常,144,3
2024-04-01 15:57:00,2024-04-01 15:57:00,1,调架中,False,正常,145,3
2024-04-01 15:58:00,2024-04-01 15:59:00,2,割煤中位,False,正常,146,3
2024-04-01 16:00:00,2024-04-01 16:03:00,4,待机,False,正常,147,3
2024-04-01 16:04:00,2024-04-01 16:10:00,7,割煤中位,False,正常,148,3
2024-04-01 16:11:00,2024-04-01 16:11:00,1,调架中,False,正常,149,3
2024-04-01 16:12:00,2024-04-01 16:15:00,4,割煤中位,False,正常,150,3
2024-04-01 16:16:00,2024-04-01 16:16:00,1,调架中,False,正常,151,3
2024-04-01 16:17:00,2024-04-01 16:17:00,1,割煤中位,False,正常,152,3
2024-04-01 16:18:00,2024-04-01 16:18:00,1,调架中,False,正常,153,3
2024-04-01 16:19:00,2024-04-01 16:25:00,7,割煤中位,False,正常,154,3
2024-04-01 16:26:00,2024-04-01 16:26:00,1,调架中,False,正常,155,3
2024-04-01 16:27:00,2024-04-01 16:29:00,3,割煤中位,False,正常,156,3
2024-04-01 16:30:00,2024-04-01 16:30:00,1,割煤高位,False,正常,157,3
2024-04-01 16:31:00,2024-04-01 16:32:00,2,调架中,False,正常,158,3
2024-04-01 16:33:00,2024-04-01 16:33:00,1,割煤高位,False,正常,159,3
2024-04-01 16:34:00,2024-04-01 16:39:00,6,割煤中位,False,正常,160,3
2024-04-01 16:40:00,2024-04-01 16:42:00,3,割煤高位,False,正常,161,3
2024-04-01 16:43:00,2024-04-01 16:44:00,2,割煤中位,False,正常,162,3
2024-04-01 16:45:00,2024-04-01 16:45:00,1,调架中,False,正常,163,3
2024-04-01 16:46:00,2024-04-01 16:55:00,10,待机,False,正常,164,3
2024-04-01 16:56:00,2024-04-01 17:04:00,9,割煤中位,False,正常,165,3
2024-04-01 17:05:00,2024-04-01 17:05:00,1,调架中,False,正常,166,3
2024-04-01 17:06:00,2024-04-01 17:14:00,9,割煤中位,False,正常,167,3
2024-04-01 17:15:00,2024-04-01 17:16:00,2,割煤高位,False,正常,168,3
2024-04-01 17:17:00,2024-04-01 17:17:00,1,调架中,False,正常,169,3
2024-04-01 17:18:00,2024-04-01 17:20:00,3,割煤高位,False,正常,170,3
2024-04-01 17:21:00,2024-04-01 17:21:00,1,调架中,False,正常,171,3
2024-04-01 17:22:00,2024-04-01 17:22:00,1,割煤高位,False,正常,172,3
2024-04-01 17:23:00,2024-04-01 17:23:00,1,调架中,False,正常,173,3
2024-04-01 17:24:00,2024-04-01 17:30:00,7,割煤高位,False,正常,174,3
2024-04-01 17:31:00,2024-04-01 17:33:00,3,割煤中位,False,正常,175,3
2024-04-01 17:34:00,2024-04-01 17:51:00,18,待机-高位,False,正常,176,3
2024-04-01 17:52:00,2024-04-01 17:54:00,3,割煤中位,False,正常,177,3
2024-04-01 17:55:00,2024-04-01 17:56:00,2,割煤高位,False,正常,178,3
2024-04-01 17:57:00,2024-04-01 17:57:00,1,割煤中位,False,正常,179,3
2024-04-01 17:58:00,2024-04-01 17:59:00,2,割煤高位,False,正常,180,3
2024-04-01 18:00:00,2024-04-01 18:02:00,3,割煤中位,False,正常,181,3
2024-04-01 18:03:00,2024-04-01 18:04:00,2,割煤高位,False,正常,182,3
2024-04-01 18:05:00,2024-04-01 18:05:00,1,割煤低位,False,正常,183,3
2024-04-01 18:06:00,2024-04-01 18:08:00,3,割煤高位,False,正常,184,3
2024-04-01 18:09:00,2024-04-01 18:13:00,5,割煤中位,False,正常,185,3
2024-04-01 18:14:00,2024-04-01 18:17:00,4,割煤高位,False,正常,186,3
2024-04-01 18:18:00,2024-04-01 18:18:00,1,调架中,False,正常,187,3
2024-04-01 18:19:00,2024-04-01 18:21:00,3,割煤中位,False,正常,188,3
2024-04-01 18:22:00,2024-04-01 18:30:00,9,割煤高位,False,正常,189,3
2024-04-01 18:31:00,2024-04-01 18:31:00,1,调架中,False,正常,190,3
2024-04-01 18:32:00,2024-04-01 18:37:00,6,割煤中位,False,正常,191,3
2024-04-01 18:38:00,2024-04-01 18:38:00,1,调架中,False,正常,192,3
2024-04-01 18:39:00,2024-04-01 18:39:00,1,割煤中位,False,正常,193,3
2024-04-01 18:40:00,2024-04-01 18:42:00,3,调架中,False,正常,194,3
2024-04-01 18:43:00,2024-04-01 18:48:00,6,割煤中位,False,正常,195,3
2024-04-01 18:49:00,2024-04-01 18:49:00,1,调架中,False,正常,196,3
2024-04-01 18:50:00,2024-04-01 18:51:00,2,待机,False,正常,197,3
2024-04-01 18:52:00,2024-04-01 18:53:00,2,割煤中位,False,正常,198,3
2024-04-01 18:54:00,2024-04-01 18:54:00,1,调架中,False,正常,199,3
2024-04-01 18:55:00,2024-04-01 18:57:00,3,待机,False,正常,200,3
2024-04-01 18:58:00,2024-04-01 18:58:00,1,调架中,False,正常,201,3
2024-04-01 18:59:00,2024-04-01 19:01:00,3,割煤中位,False,正常,202,3
2024-04-01 19:02:00,2024-04-01 19:03:00,2,调架中,False,正常,203,3
2024-04-01 19:04:00,2024-04-01 19:06:00,3,割煤中位,False,正常,204,3
2024-04-01 19:07:00,2024-04-01 19:08:00,2,调架中,False,正常,205,3
2024-04-01 19:09:00,2024-04-01 19:17:00,9,待机,False,正常,206,3
2024-04-01 19:18:00,2024-04-01 19:20:00,3,割煤中位,False,正常,207,3
2024-04-01 19:21:00,2024-04-01 19:22:00,2,割煤高位,False,正常,208,3
2024-04-01 19:23:00,2024-04-01 19:27:00,5,割煤中位,False,正常,209,3
2024-04-01 19:28:00,2024-04-01 19:28:00,1,调架中,False,正常,210,3
2024-04-01 19:29:00,2024-04-01 19:29:00,1,割煤中位,False,正常,211,3
2024-04-01 19:30:00,2024-04-01 19:33:00,4,割煤高位,False,正常,212,3
2024-04-01 19:34:00,2024-04-01 19:40:00,7,割煤中位,False,正常,213,3
2024-04-01 19:41:00,2024-04-01 19:41:00,1,调架中,False,正常,214,3
2024-04-01 19:42:00,2024-04-01 19:44:00,3,割煤中位,False,正常,215,3
2024-04-01 19:45:00,2024-04-01 19:45:00,1,调架中,False,正常,216,3
2024-04-01 19:46:00,2024-04-01 19:49:00,4,割煤中位,False,正常,217,3
2024-04-01 19:50:00,2024-04-01 19:50:00,1,调架中,False,正常,218,3
2024-04-01 19:51:00,2024-04-01 19:51:00,1,割煤中位,False,正常,219,3
2024-04-01 19:52:00,2024-04-01 19:53:00,2,调架中,False,正常,220,3
2024-04-01 19:54:00,2024-04-01 19:54:00,1,割煤中位,False,正常,221,3
2024-04-01 19:55:00,2024-04-01 20:02:00,8,调架中,False,正常,222,3
2024-04-01 20:03:00,2024-04-01 20:07:00,5,待机,False,正常,223,3
2024-04-01 20:08:00,2024-04-01 20:08:00,1,割煤高位,False,正常,224,3
2024-04-01 20:09:00,2024-04-01 20:09:00,1,调架中,False,正常,225,3
2024-04-01 20:10:00,2024-04-01 20:21:00,12,待机,False,正常,226,3
2024-04-01 20:22:00,2024-04-01 20:22:00,1,割煤高位,False,正常,227,3
2024-04-01 20:23:00,2024-04-01 20:23:00,1,割煤中位,False,正常,228,3
2024-04-01 20:24:00,2024-04-01 20:24:00,1,割煤高位,False,正常,229,3
2024-04-01 20:25:00,2024-04-01 20:25:00,1,割煤中位,False,正常,230,3
2024-04-01 20:26:00,2024-04-01 20:27:00,2,割煤高位,False,正常,231,3
2024-04-01 20:28:00,2024-04-01 20:28:00,1,调架中,False,正常,232,3
2024-04-01 20:29:00,2024-04-01 20:31:00,3,割煤高位,False,正常,233,3
2024-04-01 20:32:00,2024-04-01 20:33:00,2,调架中,False,正常,234,3
2024-04-01 20:34:00,2024-04-01 20:34:00,1,割煤中位,False,正常,235,3
2024-04-01 20:35:00,2024-04-01 20:35:00,1,割煤高位,False,正常,236,3
2024-04-01 20:36:00,2024-04-01 20:36:00,1,调架中,False,正常,237,3
2024-04-01 20:37:00,2024-04-01 20:39:00,3,割煤高位,False,正常,238,3
2024-04-01 20:40:00,2024-04-01 20:40:00,1,调架中,False,正常,239,3
2024-04-01 20:41:00,2024-04-01 20:42:00,2,割煤高位,False,正常,240,3
2024-04-01 20:43:00,2024-04-01 20:44:00,2,调架中,False,正常,241,3
2024-04-01 20:45:00,2024-04-01 20:47:00,3,割煤高位,False,正常,242,3
2024-04-01 20:48:00,2024-04-01 20:49:00,2,调架中,False,正常,243,3
2024-04-01 20:50:00,2024-04-01 20:50:00,1,割煤高位,False,正常,244,3
2024-04-01 20:51:00,2024-04-01 20:52:00,2,待机-高位,False,正常,245,3
2024-04-01 20:53:00,2024-04-01 20:54:00,2,割煤高位,False,正常,246,3
2024-04-01 20:55:00,2024-04-01 20:55:00,1,调架中,False,正常,247,3
2024-04-01 20:56:00,2024-04-01 20:56:00,1,割煤高位,False,正常,248,3
2024-04-01 20:57:00,2024-04-01 20:57:00,1,调架中,False,正常,249,3
2024-04-01 20:58:00,2024-04-01 20:58:00,1,割煤高位,False,正常,250,3
2024-04-01 20:59:00,2024-04-01 21:02:00,4,割煤中位,False,正常,251,3
2024-04-01 21:03:00,2024-04-01 21:07:00,5,割煤高位,False,正常,252,3
2024-04-01 21:08:00,2024-04-01 21:08:00,1,调架中,False,正常,253,3
2024-04-01 21:09:00,2024-04-01 21:09:00,1,割煤高位,False,正常,254,3
2024-04-01 21:10:00,2024-04-01 21:11:00,2,割煤中位,False,正常,255,3
2024-04-01 21:12:00,2024-04-01 21:17:00,6,割煤高位,False,正常,256,3
2024-04-01 21:18:00,2024-04-01 21:20:00,3,调架中,False,正常,257,3
2024-04-01 21:21:00,2024-04-01 21:25:00,5,待机-高位,False,正常,258,3
2024-04-01 21:26:00,2024-04-01 21:27:00,2,割煤高位,False,正常,259,3
2024-04-01 21:28:00,2024-04-01 21:28:00,1,调架中,False,正常,260,3
2024-04-01 21:29:00,2024-04-01 21:29:00,1,割煤中位,False,正常,261,3
2024-04-01 21:30:00,2024-04-01 21:32:00,3,调架中,False,正常,262,3
2024-04-01 21:33:00,2024-04-01 21:34:00,2,割煤中位,False,正常,263,3
2024-04-01 21:35:00,2024-04-01 21:35:00,1,调架中,False,正常,264,3
2024-04-01 21:36:00,2024-04-01 22:00:00,25,待机,False,正常,265,3
2024-04-01 22:01:00,2024-04-01 22:06:00,6,割煤中位,False,正常,266,3
2024-04-01 22:07:00,2024-04-01 22:08:00,2,割煤高位,False,正常,267,3
2024-04-01 22:09:00,2024-04-01 22:09:00,1,割煤中位,False,正常,268,3
2024-04-01 22:10:00,2024-04-01 22:10:00,1,割煤高位,False,正常,269,3
2024-04-01 22:11:00,2024-04-01 22:11:00,1,割煤中位,False,正常,270,3
2024-04-01 22:12:00,2024-04-01 22:12:00,1,割煤高位,False,正常,271,3
2024-04-01 22:13:00,2024-04-01 22:13:00,1,调架中,False,正常,272,3
2024-04-01 22:14:00,2024-04-01 22:14:00,1,割煤高位,False,正常,273,3
2024-04-01 22:15:00,2024-04-01 22:16:00,2,调架中,False,正常,274,3
2024-04-01 22:17:00,2024-04-01 22:18:00,2,割煤高位,False,正常,275,3
2024-04-01 22:19:00,2024-04-01 22:19:00,1,割煤中位,False,正常,276,3
2024-04-01 22:20:00,2024-04-01 22:20:00,1,调架中,False,正常,277,3
2024-04-01 22:21:00,2024-04-01 22:21:00,1,割煤中位,False,正常,278,3
2024-04-01 22:22:00,2024-04-01 22:22:00,1,割煤高位,False,正常,279,3
2024-04-01 22:23:00,2024-04-01 22:26:00,4,割煤中位,False,正常,280,3
2024-04-01 22:27:00,2024-04-01 22:29:00,3,待机,False,正常,281,3
2024-04-01 22:30:00,2024-04-01 22:30:00,1,调架中,False,正常,282,3
2024-04-01 22:31:00,2024-04-01 22:34:00,4,割煤中位,False,正常,283,3
2024-04-01 22:35:00,2024-04-01 22:35:00,1,调架中,False,正常,284,3
2024-04-01 22:36:00,2024-04-01 22:36:00,1,割煤中位,False,正常,285,3
2024-04-01 22:37:00,2024-04-01 22:37:00,1,调架中,False,正常,286,3
2024-04-01 22:38:00,2024-04-01 22:39:00,2,待机,False,正常,287,3
2024-04-01 22:40:00,2024-04-01 22:41:00,2,调架中,False,正常,288,3
2024-04-01 22:42:00,2024-04-01 22:45:00,4,割煤中位,False,正常,289,3
2024-04-01 22:46:00,2024-04-01 22:46:00,1,调架中,False,正常,290,3
2024-04-01 22:47:00,2024-04-01 22:47:00,1,割煤中位,False,正常,291,3
2024-04-01 22:48:00,2024-04-01 22:50:00,3,调架中,False,正常,292,3
2024-04-01 22:51:00,2024-04-01 22:54:00,4,割煤中位,False,正常,293,3
2024-04-01 22:55:00,2024-04-01 22:56:00,2,调架中,False,正常,294,3
2024-04-01 22:57:00,2024-04-01 22:57:00,1,割煤中位,False,正常,295,3
2024-04-01 22:58:00,2024-04-01 22:58:00,1,调架中,False,正常,296,3
2024-04-01 22:59:00,2024-04-01 23:06:00,8,割煤中位,False,正常,297,3
2024-04-01 23:07:00,2024-04-01 23:07:00,1,调架中,False,正常,298,3
2024-04-01 23:08:00,2024-04-01 23:10:00,3,割煤中位,False,正常,299,3
2024-04-01 23:11:00,2024-04-01 23:17:00,7,割煤高位,False,正常,300,3
2024-04-01 23:18:00,2024-04-01 23:23:00,6,割煤中位,False,正常,301,3
2024-04-01 23:24:00,2024-04-01 23:24:00,1,调架中,False,正常,302,3
2024-04-01 23:25:00,2024-04-01 23:25:00,1,待机-高位,False,正常,303,3
2024-04-01 23:26:00,2024-04-01 23:32:00,7,割煤中位,False,正常,304,3
2024-04-01 23:33:00,2024-04-01 23:33:00,1,待机,False,正常,305,3
2024-04-01 23:34:00,2024-04-01 23:36:00,3,割煤中位,False,正常,306,3
2024-04-01 23:37:00,2024-04-01 23:37:00,1,调架中,False,正常,307,3
2024-04-01 23:38:00,2024-04-01 23:43:00,6,割煤中位,False,正常,308,3
2024-04-01 23:44:00,2024-04-01 23:44:00,1,待机-高位,False,正常,309,3
2024-04-01 23:45:00,2024-04-01 23:45:00,1,调架中,False,正常,310,3
2024-04-01 23:46:00,2024-04-01 23:46:00,1,待机-高位,False,正常,311,3
2024-04-01 23:47:00,2024-04-01 23:48:00,2,割煤高位,False,正常,312,3
2024-04-01 23:49:00,2024-04-01 23:49:00,1,调架中,False,正常,313,3
2024-04-01 23:50:00,2024-04-01 23:52:00,3,割煤高位,False,正常,314,3
2024-04-01 23:53:00,2024-04-01 23:54:00,2,调架中,False,正常,315,3
2024-04-01 23:55:00,2024-04-01 23:58:00,4,割煤高位,False,正常,316,3
2024-04-01 23:59:00,2024-04-01 23:59:00,1,调架中,False,正常,317,3
2024-04-02 00:00:00,2024-04-02 00:00:00,1,割煤高位,False,正常,318,3
2024-04-02 00:01:00,2024-04-02 00:01:00,1,调架中,False,正常,319,3
2024-04-02 00:02:00,2024-04-02 00:03:00,2,割煤中位,False,正常,320,3
2024-04-02 00:04:00,2024-04-02 00:11:00,8,割煤高位,False,正常,321,3
2024-04-02 00:12:00,2024-04-02 00:13:00,2,割煤中位,False,正常,322,3
2024-04-02 00:14:00,2024-04-02 00:14:00,1,割煤高位,False,正常,323,3
2024-04-02 00:15:00,2024-04-02 00:15:00,1,调架中,False,正常,324,3
2024-04-02 00:16:00,2024-04-02 00:16:00,1,割煤中位,False,正常,325,3
2024-04-02 00:17:00,2024-04-02 00:18:00,2,割煤高位,False,正常,326,3
2024-04-02 00:19:00,2024-04-02 00:19:00,1,调架中,False,正常,327,3
2024-04-02 00:20:00,2024-04-02 00:23:00,4,割煤高位,False,正常,328,3
2024-04-02 00:24:00,2024-04-02 00:24:00,1,调架中,False,正常,329,3
2024-04-02 00:25:00,2024-04-02 00:27:00,3,割煤中位,False,正常,330,3
2024-04-02 00:28:00,2024-04-02 00:30:00,3,调架中,False,正常,331,3
2024-04-02 00:31:00,2024-04-02 00:39:00,9,割煤高位,False,正常,332,3
2024-04-02 00:40:00,2024-04-02 00:40:00,1,调架中,False,正常,333,3
2024-04-02 00:41:00,2024-04-02 00:41:00,1,待机-高位,False,正常,334,3
2024-04-02 00:42:00,2024-04-02 00:42:00,1,调架中,False,正常,335,3
2024-04-02 00:43:00,2024-04-02 00:46:00,4,割煤高位,False,正常,336,3
2024-04-02 00:47:00,2024-04-02 00:47:00,1,调架中,False,正常,337,3
2024-04-02 00:48:00,2024-04-02 00:49:00,2,割煤高位,False,正常,338,3
2024-04-02 00:50:00,2024-04-02 00:52:00,3,待机-高位,False,正常,339,3
2024-04-02 00:53:00,2024-04-02 00:54:00,2,割煤高位,False,正常,340,3
2024-04-02 00:55:00,2024-04-02 00:55:00,1,调架中,False,正常,341,3
2024-04-02 00:56:00,2024-04-02 00:57:00,2,待机-高位,False,正常,342,3
2024-04-02 00:58:00,2024-04-02 00:58:00,1,调架中,False,正常,343,3
2024-04-02 00:59:00,2024-04-02 00:59:00,1,割煤高位,False,正常,344,3
2024-04-02 01:00:00,2024-04-02 01:01:00,2,割煤中位,False,正常,345,3
2024-04-02 01:02:00,2024-04-02 01:02:00,1,调架中,False,正常,346,3
2024-04-02 01:03:00,2024-04-02 01:03:00,1,割煤中位,False,正常,347,3
2024-04-02 01:04:00,2024-04-02 01:04:00,1,调架中,False,正常,348,3
2024-04-02 01:05:00,2024-04-02 01:12:00,8,割煤中位,False,正常,349,3
2024-04-02 01:13:00,2024-04-02 01:13:00,1,调架中,False,正常,350,3
2024-04-02 01:14:00,2024-04-02 01:14:00,1,割煤中位,False,正常,351,3
2024-04-02 01:15:00,2024-04-02 01:24:00,10,待机,False,正常,352,3
2024-04-02 01:25:00,2024-04-02 01:29:00,5,割煤中位,False,正常,353,3
2024-04-02 01:30:00,2024-04-02 01:30:00,1,待机,False,正常,354,3
2024-04-02 01:31:00,2024-04-02 01:33:00,3,割煤中位,False,正常,355,3
2024-04-02 01:34:00,2024-04-02 01:34:00,1,调架中,False,正常,356,3
2024-04-02 01:35:00,2024-04-02 01:38:00,4,割煤中位,False,正常,357,3
2024-04-02 01:39:00,2024-04-02 01:40:00,2,割煤高位,False,正常,358,3
2024-04-02 01:41:00,2024-04-02 01:43:00,3,割煤中位,False,正常,359,3
2024-04-02 01:44:00,2024-04-02 01:48:00,5,割煤高位,False,正常,360,3
2024-04-02 01:49:00,2024-04-02 01:49:00,1,调架中,False,正常,361,3
2024-04-02 01:50:00,2024-04-02 01:58:00,9,割煤中位,False,正常,362,3
2024-04-02 01:59:00,2024-04-02 01:59:00,1,调架中,False,正常,363,3
2024-04-02 02:00:00,2024-04-02 02:07:00,8,割煤中位,False,正常,364,3
2024-04-02 02:08:00,2024-04-02 02:19:00,12,割煤高位,False,正常,365,3
2024-04-02 02:20:00,2024-04-02 02:20:00,1,调架中,False,正常,366,3
2024-04-02 02:21:00,2024-04-02 02:22:00,2,割煤高位,False,正常,367,3
2024-04-02 02:23:00,2024-04-02 02:23:00,1,调架中,False,正常,368,3
2024-04-02 02:24:00,2024-04-02 02:24:00,1,割煤高位,False,正常,369,3
2024-04-02 02:25:00,2024-04-02 02:25:00,1,调架中,False,正常,370,3
2024-04-02 02:26:00,2024-04-02 02:29:00,4,割煤高位,False,正常,371,3
2024-04-02 02:30:00,2024-04-02 02:31:00,2,割煤中位,False,正常,372,3
2024-04-02 02:32:00,2024-04-02 02:32:00,1,调架中,False,正常,373,3
2024-04-02 02:33:00,2024-04-02 02:33:00,1,割煤中位,False,正常,374,3
2024-04-02 02:34:00,2024-04-02 02:39:00,6,割煤高位,False,正常,375,3
2024-04-02 02:40:00,2024-04-02 02:41:00,2,调架中,False,正常,376,3
2024-04-02 02:42:00,2024-04-02 02:42:00,1,割煤高位,False,正常,377,3
2024-04-02 02:43:00,2024-04-02 02:43:00,1,调架中,False,正常,378,3
2024-04-02 02:44:00,2024-04-02 02:45:00,2,割煤高位,False,正常,379,3
2024-04-02 02:46:00,2024-04-02 02:47:00,2,调架中,False,正常,380,3
2024-04-02 02:48:00,2024-04-02 02:50:00,3,割煤高位,False,正常,381,3
2024-04-02 02:51:00,2024-04-02 02:52:00,2,割煤中位,False,正常,382,3
2024-04-02 02:53:00,2024-04-02 02:54:00,2,割煤高位,False,正常,383,3
2024-04-02 02:55:00,2024-04-02 02:56:00,2,调架中,False,正常,384,3
2024-04-02 02:57:00,2024-04-02 02:58:00,2,割煤高位,False,正常,385,3
2024-04-02 02:59:00,2024-04-02 02:59:00,1,调架中,False,正常,386,3
2024-04-02 03:00:00,2024-04-02 03:03:00,4,割煤中位,False,正常,387,3
2024-04-02 03:04:00,2024-04-02 03:05:00,2,割煤高位,False,正常,388,3
2024-04-02 03:06:00,2024-04-02 03:06:00,1,调架中,False,正常,389,3
2024-04-02 03:07:00,2024-04-02 03:34:00,28,待机-高位,False,正常,390,3
2024-04-02 03:35:00,2024-04-02 03:35:00,1,调架中,False,正常,391,3
2024-04-02 03:36:00,2024-04-02 03:39:00,4,割煤高位,False,正常,392,3
2024-04-02 03:40:00,2024-04-02 03:40:00,1,调架中,False,正常,393,3
2024-04-02 03:41:00,2024-04-02 03:44:00,4,待机-高位,False,正常,394,3
2024-04-02 03:45:00,2024-04-02 03:45:00,1,调架中,False,正常,395,3
2024-04-02 03:46:00,2024-04-02 03:59:00,14,割煤高位,False,正常,396,3
2024-04-02 04:00:00,2024-04-02 04:01:00,2,割煤中位,False,正常,397,3
2024-04-02 04:02:00,2024-04-02 04:02:00,1,调架中,False,正常,398,3
2024-04-02 04:03:00,2024-04-02 04:05:00,3,割煤中位,False,正常,399,3
2024-04-02 04:06:00,2024-04-02 04:06:00,1,调架中,False,正常,400,3
2024-04-02 04:07:00,2024-04-02 04:07:00,1,割煤中位,False,正常,401,3
2024-04-02 04:08:00,2024-04-02 04:08:00,1,调架中,False,正常,402,3
2024-04-02 04:09:00,2024-04-02 04:11:00,3,割煤中位,False,正常,403,3
2024-04-02 04:12:00,2024-04-02 04:14:00,3,割煤高位,False,正常,404,3
2024-04-02 04:15:00,2024-04-02 04:21:00,7,割煤中位,False,正常,405,3
2024-04-02 04:22:00,2024-04-02 04:23:00,2,割煤高位,False,正常,406,3
2024-04-02 04:24:00,2024-04-02 04:26:00,3,割煤中位,False,正常,407,3
2024-04-02 04:27:00,2024-04-02 04:28:00,2,割煤高位,False,正常,408,3
2024-04-02 04:29:00,2024-04-02 04:29:00,1,调架中,False,正常,409,3
2024-04-02 04:30:00,2024-04-02 04:31:00,2,割煤高位,False,正常,410,3
2024-04-02 04:32:00,2024-04-02 04:37:00,6,割煤中位,False,正常,411,3
2024-04-02 04:38:00,2024-04-02 04:41:00,4,割煤高位,False,正常,412,3
2024-04-02 04:42:00,2024-04-02 04:42:00,1,调架中,False,正常,413,3
2024-04-02 04:43:00,2024-04-02 04:45:00,3,割煤高位,False,正常,414,3
2024-04-02 04:46:00,2024-04-02 04:47:00,2,割煤中位,False,正常,415,3
2024-04-02 04:48:00,2024-04-02 04:48:00,1,调架中,False,正常,416,3
2024-04-02 04:49:00,2024-04-02 04:49:00,1,割煤中位,False,正常,417,3
2024-04-02 04:50:00,2024-04-02 04:50:00,1,待机-高位,False,正常,418,3
2024-04-02 04:51:00,2024-04-02 04:51:00,1,调架中,False,正常,419,3
2024-04-02 04:52:00,2024-04-02 04:53:00,2,待机-高位,False,正常,420,3
2024-04-02 04:54:00,2024-04-02 04:54:00,1,调架中,False,正常,421,3
2024-04-02 04:55:00,2024-04-02 04:59:00,5,割煤高位,False,正常,422,3
2024-04-02 05:00:00,2024-04-02 05:01:00,2,调架中,False,正常,423,3
2024-04-02 05:02:00,2024-04-02 05:04:00,3,割煤高位,False,正常,424,3
2024-04-02 05:05:00,2024-04-02 05:05:00,1,调架中,False,正常,425,3
2024-04-02 05:06:00,2024-04-02 05:06:00,1,割煤高位,False,正常,426,3
2024-04-02 05:07:00,2024-04-02 05:08:00,2,调架中,False,正常,427,3
2024-04-02 05:09:00,2024-04-02 05:11:00,3,割煤高位,False,正常,428,3
2024-04-02 05:12:00,2024-04-02 05:12:00,1,调架中,False,正常,429,3
2024-04-02 05:13:00,2024-04-02 05:15:00,3,割煤高位,False,正常,430,3
2024-04-02 05:16:00,2024-04-02 05:17:00,2,调架中,False,正常,431,3
2024-04-02 05:18:00,2024-04-02 05:20:00,3,割煤高位,False,正常,432,3
2024-04-02 05:21:00,2024-04-02 05:21:00,1,调架中,False,正常,433,3
2024-04-02 05:22:00,2024-04-02 05:25:00,4,割煤高位,False,正常,434,3
2024-04-02 05:26:00,2024-04-02 05:26:00,1,调架中,False,正常,435,3
2024-04-02 05:27:00,2024-04-02 05:27:00,1,割煤高位,False,正常,436,3
2024-04-02 05:28:00,2024-04-02 05:28:00,1,调架中,False,正常,437,3
2024-04-02 05:29:00,2024-04-02 05:31:00,3,割煤高位,False,正常,438,3
2024-04-02 05:32:00,2024-04-02 05:32:00,1,待机-高位,False,正常,439,3
2024-04-02 05:33:00,2024-04-02 05:33:00,1,割煤高位,False,正常,440,3
2024-04-02 05:34:00,2024-04-02 05:35:00,2,调架中,False,正常,441,3
2024-04-02 05:36:00,2024-04-02 05:36:00,1,割煤中位,False,正常,442,3
2024-04-02 05:37:00,2024-04-02 05:37:00,1,割煤高位,False,正常,443,3
2024-04-02 05:38:00,2024-04-02 05:39:00,2,调架中,False,正常,444,3
2024-04-02 05:40:00,2024-04-02 05:43:00,4,待机-高位,False,正常,445,3
2024-04-02 05:44:00,2024-04-02 05:44:00,1,调架中,False,正常,446,3
2024-04-02 05:45:00,2024-04-02 05:47:00,3,割煤高位,False,正常,447,3
2024-04-02 05:48:00,2024-04-02 05:48:00,1,调架中,False,正常,448,3
2024-04-02 05:49:00,2024-04-02 05:50:00,2,割煤中位,False,正常,449,3
2024-04-02 05:51:00,2024-04-02 05:56:00,6,割煤高位,False,正常,450,3
2024-04-02 05:57:00,2024-04-02 05:57:00,1,调架中,False,正常,451,3
2024-04-02 05:58:00,2024-04-02 06:00:00,3,待机-高位,False,正常,452,3
2024-04-02 06:01:00,2024-04-02 06:02:00,2,割煤高位,False,正常,453,3
2024-04-02 06:03:00,2024-04-02 06:03:00,1,调架中,False,正常,454,3
2024-04-02 06:04:00,2024-04-02 06:04:00,1,割煤高位,False,正常,455,3
2024-04-02 06:05:00,2024-04-02 06:05:00,1,调架中,False,正常,456,3
2024-04-02 06:06:00,2024-04-02 06:11:00,6,割煤高位,False,正常,457,3
2024-04-02 06:12:00,2024-04-02 06:14:00,3,割煤中位,False,正常,458,3
2024-04-02 06:15:00,2024-04-02 06:15:00,1,调架中,False,正常,459,3
2024-04-02 06:16:00,2024-04-02 06:16:00,1,割煤中位,False,正常,460,3
2024-04-02 06:17:00,2024-04-02 06:17:00,1,调架中,False,正常,461,3
2024-04-02 06:18:00,2024-04-02 06:25:00,8,割煤中位,False,正常,462,3
2024-04-02 06:26:00,2024-04-02 06:26:00,1,调架中,False,正常,463,3
2024-04-02 06:27:00,2024-04-02 06:37:00,11,待机-高位,False,正常,464,3
2024-04-02 06:38:00,2024-04-02 06:39:00,2,调架中,False,正常,465,3
2024-04-02 06:40:00,2024-04-02 06:41:00,2,割煤中位,False,正常,466,3
2024-04-02 06:42:00,2024-04-02 06:42:00,1,调架中,False,正常,467,3
2024-04-02 06:43:00,2024-04-02 06:45:00,3,割煤中位,False,正常,468,3
2024-04-02 06:46:00,2024-04-02 06:46:00,1,割煤高位,False,正常,469,3
2024-04-02 06:47:00,2024-04-02 06:47:00,1,待机,False,正常,470,3
2024-04-02 06:48:00,2024-04-02 06:51:00,4,割煤中位,False,正常,471,3
2024-04-02 06:52:00,2024-04-02 06:52:00,1,割煤高位,False,正常,472,3
2024-04-02 06:53:00,2024-04-02 06:53:00,1,调架中,False,正常,473,3
2024-04-02 06:54:00,2024-04-02 06:56:00,3,割煤高位,False,正常,474,3
2024-04-02 06:57:00,2024-04-02 07:01:00,5,割煤中位,False,正常,475,3
2024-04-02 07:02:00,2024-04-02 07:03:00,2,割煤高位,False,正常,476,3
2024-04-02 07:04:00,2024-04-02 07:04:00,1,割煤中位,False,正常,477,3
2024-04-02 07:05:00,2024-04-02 07:07:00,3,割煤高位,False,正常,478,3
2024-04-02 07:08:00,2024-04-02 07:08:00,1,割煤中位,False,正常,479,3
2024-04-02 07:09:00,2024-04-02 07:09:00,1,调架中,False,正常,480,3
2024-04-02 07:10:00,2024-04-02 07:11:00,2,割煤中位,False,正常,481,3
2024-04-02 07:12:00,2024-04-02 07:12:00,1,调架中,False,正常,482,3
2024-04-02 07:13:00,2024-04-02 07:19:00,7,割煤高位,False,正常,483,3
2024-04-02 07:20:00,2024-04-02 07:21:00,2,调架中,False,正常,484,3
2024-04-02 07:22:00,2024-04-02 07:22:00,1,割煤高位,False,正常,485,3
2024-04-02 07:23:00,2024-04-02 07:23:00,1,调架中,False,正常,486,3
2024-04-02 07:24:00,2024-04-02 07:24:00,1,待机-高位,False,正常,487,3
2024-04-02 07:25:00,2024-04-02 07:31:00,7,割煤高位,False,正常,488,3
2024-04-02 07:32:00,2024-04-02 07:33:00,2,调架中,False,正常,489,3
2024-04-02 07:34:00,2024-04-02 07:35:00,2,割煤高位,False,正常,490,3
2024-04-02 07:36:00,2024-04-02 07:36:00,1,调架中,False,正常,491,3
2024-04-02 07:37:00,2024-04-02 07:37:00,1,割煤高位,False,正常,492,3
2024-04-02 07:38:00,2024-04-02 07:38:00,1,调架中,False,正常,493,3
2024-04-02 07:39:00,2024-04-02 07:40:00,2,割煤高位,False,正常,494,3
2024-04-02 07:41:00,2024-04-02 07:41:00,1,调架中,False,正常,495,3
2024-04-02 07:42:00,2024-04-02 07:42:00,1,割煤高位,False,正常,496,3
2024-04-02 07:43:00,2024-04-02 07:44:00,2,待机-高位,False,正常,497,3
2024-04-02 07:45:00,2024-04-02 07:45:00,1,待机,False,正常,498,3
2024-04-02 07:46:00,2024-04-02 08:08:00,23,待机-高位,False,正常,499,3
2024-04-02 08:09:00,2024-04-02 08:09:00,1,调架中,False,正常,500,3
2024-04-02 08:10:00,2024-04-02 08:12:00,3,割煤高位,False,正常,501,3
2024-04-02 08:13:00,2024-04-02 08:13:00,1,调架中,False,正常,502,3
2024-04-02 08:14:00,2024-04-02 08:15:00,2,割煤中位,False,正常,503,3
2024-04-02 08:16:00,2024-04-02 08:16:00,1,待机,False,正常,504,3
2024-04-02 08:17:00,2024-04-02 08:17:00,1,调架中,False,正常,505,3
2024-04-02 08:18:00,2024-04-02 08:19:00,2,割煤中位,False,正常,506,3
2024-04-02 08:20:00,2024-04-02 08:21:00,2,割煤高位,False,正常,507,3
2024-04-02 08:22:00,2024-04-02 08:23:00,2,待机-高位,False,正常,508,3
2024-04-02 08:24:00,2024-04-02 08:24:00,1,调架中,False,正常,509,3
2024-04-02 08:25:00,2024-04-02 08:25:00,1,待机-高位,False,正常,510,3
2024-04-02 08:26:00,2024-04-02 08:26:00,1,调架中,False,正常,511,3
2024-04-02 08:27:00,2024-04-02 08:27:00,1,割煤中位,False,正常,512,3
2024-04-02 08:28:00,2024-04-02 08:31:00,4,割煤高位,False,正常,513,3
2024-04-02 08:32:00,2024-04-02 08:36:00,5,割煤中位,False,正常,514,3
2024-04-02 08:37:00,2024-04-02 08:39:00,3,割煤高位,False,正常,515,3
2024-04-02 08:40:00,2024-04-02 08:41:00,2,待机-高位,False,正常,516,3
2024-04-02 08:42:00,2024-04-02 08:53:00,12,割煤高位,False,正常,517,3
2024-04-02 08:54:00,2024-04-02 08:54:00,1,调架中,False,正常,518,3
2024-04-02 08:55:00,2024-04-02 08:59:00,5,割煤高位,False,正常,519,3
2024-04-02 09:00:00,2024-04-02 09:00:00,1,待机-高位,False,正常,520,3
2024-04-02 09:01:00,2024-04-02 09:06:00,6,割煤高位,False,正常,521,3
2024-04-02 09:07:00,2024-04-02 09:08:00,2,割煤中位,False,正常,522,3
2024-04-02 09:09:00,2024-04-02 09:09:00,1,调架中,False,正常,523,3
2024-04-02 09:10:00,2024-04-02 09:11:00,2,割煤中位,False,正常,524,3
2024-04-02 09:12:00,2024-04-02 09:12:00,1,割煤高位,False,正常,525,3
2024-04-02 09:13:00,2024-04-02 09:13:00,1,调架中,False,正常,526,3
2024-04-02 09:14:00,2024-04-02 09:16:00,3,割煤高位,False,正常,527,3
2024-04-02 09:17:00,2024-04-02 09:17:00,1,调架中,False,正常,528,3
2024-04-02 09:18:00,2024-04-02 09:24:00,7,割煤高位,False,正常,529,3
2024-04-02 09:25:00,2024-04-02 09:26:00,2,调架中,False,正常,530,3
2024-04-02 09:27:00,2024-04-02 09:27:00,1,割煤高位,False,正常,531,3
2024-04-02 09:28:00,2024-04-02 09:28:00,1,割煤中位,False,正常,532,3
2024-04-02 09:29:00,2024-04-02 09:29:00,1,调架中,False,正常,533,3
2024-04-02 09:30:00,2024-04-02 09:32:00,3,割煤中位,False,正常,534,3
2024-04-02 09:33:00,2024-04-02 09:36:00,4,调架中,False,正常,535,3
2024-04-02 09:37:00,2024-04-02 09:37:00,1,割煤中位,False,正常,536,3
2024-04-02 09:38:00,2024-04-02 09:38:00,1,割煤高位,False,正常,537,3
2024-04-02 09:39:00,2024-04-02 09:40:00,2,调架中,False,正常,538,3
2024-04-02 09:41:00,2024-04-02 09:41:00,1,割煤高位,False,正常,539,3
2024-04-02 09:42:00,2024-04-02 09:42:00,1,割煤中位,False,正常,540,3
2024-04-02 09:43:00,2024-04-02 09:45:00,3,割煤高位,False,正常,541,3
2024-04-02 09:46:00,2024-04-02 09:47:00,2,调架中,False,正常,542,3
2024-04-02 09:48:00,2024-04-02 09:52:00,5,割煤中位,False,正常,543,3
2024-04-02 09:53:00,2024-04-02 09:54:00,2,调架中,False,正常,544,3
2024-04-02 09:55:00,2024-04-02 10:01:00,7,割煤中位,False,正常,545,3
2024-04-02 10:02:00,2024-04-02 10:02:00,1,调架中,False,正常,546,3
2024-04-02 10:03:00,2024-04-02 10:05:00,3,割煤中位,False,正常,547,3
2024-04-02 10:06:00,2024-04-02 10:12:00,7,割煤高位,False,正常,548,3
2024-04-02 10:13:00,2024-04-02 10:13:00,1,调架中,False,正常,549,3
2024-04-02 10:14:00,2024-04-02 10:14:00,1,待机-高位,False,正常,550,3
2024-04-02 10:15:00,2024-04-02 10:16:00,2,割煤高位,False,正常,551,3
2024-04-02 10:17:00,2024-04-02 10:17:00,1,调架中,False,正常,552,3
2024-04-02 10:18:00,2024-04-02 10:19:00,2,待机-高位,False,正常,553,3
2024-04-02 10:20:00,2024-04-02 10:21:00,2,调架中,False,正常,554,3
2024-04-02 10:22:00,2024-04-02 10:31:00,10,割煤高位,False,正常,555,3
2024-04-02 10:32:00,2024-04-02 10:32:00,1,调架中,False,正常,556,3
2024-04-02 10:33:00,2024-04-02 10:35:00,3,割煤高位,False,正常,557,3
2024-04-02 10:36:00,2024-04-02 10:36:00,1,割煤中位,False,正常,558,3
2024-04-02 10:37:00,2024-04-02 10:37:00,1,割煤高位,False,正常,559,3
2024-04-02 10:38:00,2024-04-02 10:38:00,1,调架中,False,正常,560,3
2024-04-02 10:39:00,2024-04-02 10:39:00,1,割煤高位,False,正常,561,3
2024-04-02 10:40:00,2024-04-02 10:40:00,1,调架中,False,正常,562,3
2024-04-02 10:41:00,2024-04-02 10:41:00,1,割煤高位,False,正常,563,3
2024-04-02 10:42:00,2024-04-02 10:42:00,1,割煤中位,False,正常,564,3
2024-04-02 10:43:00,2024-04-02 10:44:00,2,割煤高位,False,正常,565,3
2024-04-02 10:45:00,2024-04-02 10:47:00,3,割煤中位,False,正常,566,3
2024-04-02 10:48:00,2024-04-02 10:49:00,2,待机,False,正常,567,3
2024-04-02 10:50:00,2024-04-02 10:50:00,1,调架中,False,正常,568,3
2024-04-02 10:51:00,2024-04-02 10:51:00,1,割煤中位,False,正常,569,3
2024-04-02 10:52:00,2024-04-02 13:36:00,165,待机,False,正常,570,3
2024-04-02 13:37:00,2024-04-02 13:37:00,1,调架中,False,正常,571,3
2024-04-02 13:38:00,2024-04-02 13:50:00,13,停机,False,正常,572,3
2024-04-02 13:51:00,2024-04-02 16:02:00,132,待机,False,正常,573,3
2024-04-02 16:03:00,2024-04-02 16:05:00,3,停机,False,正常,574,3
2024-04-02 16:06:00,2024-04-02 16:06:00,1,待机,False,正常,575,3
2024-04-02 16:07:00,2024-04-02 16:08:00,2,停机,False,正常,576,3
2024-04-02 16:09:00,2024-04-02 16:09:00,1,待机,False,正常,577,3
2024-04-02 16:10:00,2024-04-02 16:12:00,3,停机,False,正常,578,3
2024-04-02 16:13:00,2024-04-02 16:13:00,1,调架中,False,正常,579,3
2024-04-02 16:14:00,2024-04-02 16:19:00,6,停机,False,正常,580,3
2024-04-02 16:20:00,2024-04-02 16:20:00,1,待机,False,正常,581,3
2024-04-02 16:21:00,2024-04-02 16:21:00,1,割煤中位,False,正常,582,3
2024-04-02 16:22:00,2024-04-02 16:22:00,1,割煤高位,False,正常,583,3
2024-04-02 16:23:00,2024-04-02 16:23:00,1,调架中,False,正常,584,3
2024-04-02 16:24:00,2024-04-02 16:24:00,1,割煤高位,False,正常,585,3
2024-04-02 16:25:00,2024-04-02 16:25:00,1,调架中,False,正常,586,3
2024-04-02 16:26:00,2024-04-02 16:29:00,4,待机,False,正常,587,3
2024-04-02 16:30:00,2024-04-02 16:30:00,1,调架中,False,正常,588,3
2024-04-02 16:31:00,2024-04-02 16:32:00,2,割煤中位,False,正常,589,3
2024-04-02 16:33:00,2024-04-02 16:38:00,6,割煤高位,False,正常,590,3
2024-04-02 16:39:00,2024-04-02 16:43:00,5,割煤中位,False,正常,591,3
2024-04-02 16:44:00,2024-04-02 16:51:00,8,割煤高位,False,正常,592,3
2024-04-02 16:52:00,2024-04-02 16:53:00,2,待机-高位,False,正常,593,3
2024-04-02 16:54:00,2024-04-02 17:01:00,8,割煤高位,False,正常,594,3
2024-04-02 17:02:00,2024-04-02 17:02:00,1,割煤中位,False,正常,595,3
2024-04-02 17:03:00,2024-04-02 17:04:00,2,调架中,False,正常,596,3
2024-04-02 17:05:00,2024-04-02 17:07:00,3,割煤中位,False,正常,597,3
2024-04-02 17:08:00,2024-04-02 17:10:00,3,调架中,False,正常,598,3
2024-04-02 17:11:00,2024-04-02 17:19:00,9,割煤中位,False,正常,599,3
2024-04-02 17:20:00,2024-04-02 17:20:00,1,调架中,False,正常,600,3
2024-04-02 17:21:00,2024-04-02 17:22:00,2,割煤中位,False,正常,601,3
2024-04-02 17:23:00,2024-04-02 17:24:00,2,割煤高位,False,正常,602,3
2024-04-02 17:25:00,2024-04-02 17:31:00,7,割煤中位,False,正常,603,3
2024-04-02 17:32:00,2024-04-02 17:34:00,3,割煤高位,False,正常,604,3
2024-04-02 17:35:00,2024-04-02 17:44:00,10,割煤中位,False,正常,605,3
2024-04-02 17:45:00,2024-04-02 17:45:00,1,割煤高位,False,正常,606,3
2024-04-02 17:46:00,2024-04-02 17:58:00,13,割煤中位,False,正常,607,3
2024-04-02 17:59:00,2024-04-02 18:01:00,3,割煤高位,False,正常,608,3
2024-04-02 18:02:00,2024-04-02 18:02:00,1,调架中,False,正常,609,3
2024-04-02 18:03:00,2024-04-02 18:04:00,2,割煤高位,False,正常,610,3
2024-04-02 18:05:00,2024-04-02 18:05:00,1,调架中,False,正常,611,3
2024-04-02 18:06:00,2024-04-02 18:08:00,3,割煤中位,False,正常,612,3
2024-04-02 18:09:00,2024-04-02 18:09:00,1,待机-高位,False,正常,613,3
2024-04-02 18:10:00,2024-04-02 18:12:00,3,割煤高位,False,正常,614,3
2024-04-02 18:13:00,2024-04-02 18:13:00,1,割煤中位,False,正常,615,3
2024-04-02 18:14:00,2024-04-02 18:14:00,1,调架中,False,正常,616,3
2024-04-02 18:15:00,2024-04-02 18:16:00,2,割煤中位,False,正常,617,3
2024-04-02 18:17:00,2024-04-02 18:18:00,2,割煤高位,False,正常,618,3
2024-04-02 18:19:00,2024-04-02 18:21:00,3,割煤中位,False,正常,619,3
2024-04-02 18:22:00,2024-04-02 18:26:00,5,割煤高位,False,正常,620,3
2024-04-02 18:27:00,2024-04-02 18:28:00,2,调架中,False,正常,621,3
2024-04-02 18:29:00,2024-04-02 18:29:00,1,割煤高位,False,正常,622,3
2024-04-02 18:30:00,2024-04-02 18:30:00,1,调架中,False,正常,623,3
2024-04-02 18:31:00,2024-04-02 18:38:00,8,割煤中位,False,正常,624,3
2024-04-02 18:39:00,2024-04-02 18:39:00,1,割煤高位,False,正常,625,3
2024-04-02 18:40:00,2024-04-02 18:40:00,1,割煤中位,False,正常,626,3
2024-04-02 18:41:00,2024-04-02 18:41:00,1,调架中,False,正常,627,3
2024-04-02 18:42:00,2024-04-02 18:42:00,1,割煤中位,False,正常,628,3
2024-04-02 18:43:00,2024-04-02 18:43:00,1,割煤高位,False,正常,629,3
2024-04-02 18:44:00,2024-04-02 18:46:00,3,割煤中位,False,正常,630,3
2024-04-02 18:47:00,2024-04-02 18:49:00,3,割煤高位,False,正常,631,3
2024-04-02 18:50:00,2024-04-02 18:57:00,8,割煤中位,False,正常,632,3
2024-04-02 18:58:00,2024-04-02 18:59:00,2,割煤高位,False,正常,633,3
2024-04-02 19:00:00,2024-04-02 19:06:00,7,割煤中位,False,正常,634,3
2024-04-02 19:07:00,2024-04-02 19:07:00,1,割煤高位,False,正常,635,3
2024-04-02 19:08:00,2024-04-02 19:11:00,4,割煤中位,False,正常,636,3
2024-04-02 19:12:00,2024-04-02 19:18:00,7,割煤高位,False,正常,637,3
2024-04-02 19:19:00,2024-04-02 19:30:00,12,割煤中位,False,正常,638,3
2024-04-02 19:31:00,2024-04-02 19:33:00,3,调架中,False,正常,639,3
2024-04-02 19:34:00,2024-04-02 19:36:00,3,割煤中位,False,正常,640,3
2024-04-02 19:37:00,2024-04-02 19:37:00,1,割煤高位,False,正常,641,3
2024-04-02 19:38:00,2024-04-02 19:47:00,10,待机-高位,False,正常,642,3
2024-04-02 19:48:00,2024-04-02 19:49:00,2,割煤高位,False,正常,643,3
2024-04-02 19:50:00,2024-04-02 19:50:00,1,调架中,False,正常,644,3
2024-04-02 19:51:00,2024-04-02 19:52:00,2,割煤高位,False,正常,645,3
2024-04-02 19:53:00,2024-04-02 19:54:00,2,待机-高位,False,正常,646,3
2024-04-02 19:55:00,2024-04-02 19:55:00,1,割煤高位,False,正常,647,3
2024-04-02 19:56:00,2024-04-02 19:56:00,1,割煤中位,False,正常,648,3
2024-04-02 19:57:00,2024-04-02 19:57:00,1,调架中,False,正常,649,3
2024-04-02 19:58:00,2024-04-02 20:00:00,3,割煤高位,False,正常,650,3
2024-04-02 20:01:00,2024-04-02 20:01:00,1,调架中,False,正常,651,3
2024-04-02 20:02:00,2024-04-02 20:07:00,6,割煤高位,False,正常,652,3
2024-04-02 20:08:00,2024-04-02 20:08:00,1,调架中,False,正常,653,3
2024-04-02 20:09:00,2024-04-02 20:09:00,1,割煤高位,False,正常,654,3
2024-04-02 20:10:00,2024-04-02 20:11:00,2,调架中,False,正常,655,3
2024-04-02 20:12:00,2024-04-02 20:13:00,2,割煤高位,False,正常,656,3
2024-04-02 20:14:00,2024-04-02 20:14:00,1,割煤中位,False,正常,657,3
2024-04-02 20:15:00,2024-04-02 20:15:00,1,调架中,False,正常,658,3
2024-04-02 20:16:00,2024-04-02 20:16:00,1,割煤高位,False,正常,659,3
2024-04-02 20:17:00,2024-04-02 20:18:00,2,待机-高位,False,正常,660,3
2024-04-02 20:19:00,2024-04-02 20:20:00,2,割煤高位,False,正常,661,3
2024-04-02 20:21:00,2024-04-02 20:23:00,3,割煤中位,False,正常,662,3
2024-04-02 20:24:00,2024-04-02 20:29:00,6,割煤高位,False,正常,663,3
2024-04-02 20:30:00,2024-04-02 20:34:00,5,割煤中位,False,正常,664,3
2024-04-02 20:35:00,2024-04-02 20:39:00,5,割煤高位,False,正常,665,3
2024-04-02 20:40:00,2024-04-02 20:41:00,2,待机-高位,False,正常,666,3
2024-04-02 20:42:00,2024-04-02 20:44:00,3,割煤中位,False,正常,667,3
2024-04-02 20:45:00,2024-04-02 20:49:00,5,割煤高位,False,正常,668,3
2024-04-02 20:50:00,2024-04-02 20:50:00,1,调架中,False,正常,669,3
2024-04-02 20:51:00,2024-04-02 20:53:00,3,割煤中位,False,正常,670,3
2024-04-02 20:54:00,2024-04-02 20:54:00,1,割煤高位,False,正常,671,3
2024-04-02 20:55:00,2024-04-02 20:56:00,2,调架中,False,正常,672,3
2024-04-02 20:57:00,2024-04-02 20:57:00,1,割煤高位,False,正常,673,3
2024-04-02 20:58:00,2024-04-02 20:59:00,2,调架中,False,正常,674,3
2024-04-02 21:00:00,2024-04-02 21:00:00,1,割煤高位,False,正常,675,3
2024-04-02 21:01:00,2024-04-02 21:01:00,1,调架中,False,正常,676,3
2024-04-02 21:02:00,2024-04-02 21:03:00,2,割煤中位,False,正常,677,3
2024-04-02 21:04:00,2024-04-02 21:04:00,1,调架中,False,正常,678,3
2024-04-02 21:05:00,2024-04-02 21:12:00,8,割煤中位,False,正常,679,3
2024-04-02 21:13:00,2024-04-02 21:13:00,1,割煤高位,False,正常,680,3
2024-04-02 21:14:00,2024-04-02 21:17:00,4,割煤中位,False,正常,681,3
2024-04-02 21:18:00,2024-04-02 21:18:00,1,割煤高位,False,正常,682,3
2024-04-02 21:19:00,2024-04-02 21:20:00,2,割煤中位,False,正常,683,3
2024-04-02 21:21:00,2024-04-02 21:23:00,3,割煤高位,False,正常,684,3
2024-04-02 21:24:00,2024-04-02 21:31:00,8,割煤中位,False,正常,685,3
2024-04-02 21:32:00,2024-04-02 21:32:00,1,割煤高位,False,正常,686,3
2024-04-02 21:33:00,2024-04-02 21:41:00,9,割煤中位,False,正常,687,3
2024-04-02 21:42:00,2024-04-02 21:42:00,1,调架中,False,正常,688,3
2024-04-02 21:43:00,2024-04-02 21:45:00,3,割煤中位,False,正常,689,3
2024-04-02 21:46:00,2024-04-02 21:46:00,1,割煤高位,False,正常,690,3
2024-04-02 21:47:00,2024-04-02 21:47:00,1,调架中,False,正常,691,3
2024-04-02 21:48:00,2024-04-02 21:50:00,3,割煤高位,False,正常,692,3
2024-04-02 21:51:00,2024-04-02 21:51:00,1,割煤中位,False,正常,693,3
2024-04-02 21:52:00,2024-04-02 21:58:00,7,割煤高位,False,正常,694,3
2024-04-02 21:59:00,2024-04-02 22:14:00,16,待机-高位,False,正常,695,3
2024-04-02 22:15:00,2024-04-02 22:16:00,2,割煤高位,False,正常,696,3
2024-04-02 22:17:00,2024-04-02 22:17:00,1,割煤中位,False,正常,697,3
2024-04-02 22:18:00,2024-04-02 22:20:00,3,割煤高位,False,正常,698,3
2024-04-02 22:21:00,2024-04-02 22:22:00,2,调架中,False,正常,699,3
2024-04-02 22:23:00,2024-04-02 22:24:00,2,割煤中位,False,正常,700,3
2024-04-02 22:25:00,2024-04-02 22:26:00,2,调架中,False,正常,701,3
2024-04-02 22:27:00,2024-04-02 22:29:00,3,割煤高位,False,正常,702,3
2024-04-02 22:30:00,2024-04-02 22:32:00,3,割煤中位,False,正常,703,3
2024-04-02 22:33:00,2024-04-02 22:39:00,7,割煤高位,False,正常,704,3
2024-04-02 22:40:00,2024-04-02 22:48:00,9,割煤中位,False,正常,705,3
2024-04-02 22:49:00,2024-04-02 22:50:00,2,待机,False,正常,706,3
2024-04-02 22:51:00,2024-04-02 22:55:00,5,割煤中位,False,正常,707,3
2024-04-02 22:56:00,2024-04-02 22:58:00,3,割煤高位,False,正常,708,3
2024-04-02 22:59:00,2024-04-02 23:01:00,3,割煤中位,False,正常,709,3
2024-04-02 23:02:00,2024-04-02 23:02:00,1,调架中,False,正常,710,3
2024-04-02 23:03:00,2024-04-02 23:07:00,5,割煤中位,False,正常,711,3
2024-04-02 23:08:00,2024-04-02 23:08:00,1,调架中,False,正常,712,3
2024-04-02 23:09:00,2024-04-02 23:10:00,2,割煤高位,False,正常,713,3
2024-04-02 23:11:00,2024-04-02 23:12:00,2,割煤中位,False,正常,714,3
2024-04-02 23:13:00,2024-04-02 23:13:00,1,调架中,False,正常,715,3
2024-04-02 23:14:00,2024-04-02 23:21:00,8,割煤中位,False,正常,716,3
2024-04-02 23:22:00,2024-04-02 23:23:00,2,割煤高位,False,正常,717,3
2024-04-02 23:24:00,2024-04-02 23:26:00,3,割煤中位,False,正常,718,3
2024-04-02 23:27:00,2024-04-02 23:33:00,7,割煤高位,False,正常,719,3
2024-04-02 23:34:00,2024-04-02 23:34:00,1,调架中,False,正常,720,3
2024-04-02 23:35:00,2024-04-02 23:36:00,2,待机-高位,False,正常,721,3
2024-04-02 23:37:00,2024-04-02 23:38:00,2,割煤中位,False,正常,722,3
2024-04-02 23:39:00,2024-04-02 23:42:00,4,待机,False,正常,723,3
2024-04-02 23:43:00,2024-04-02 23:43:00,1,待机-高位,False,正常,724,3
2024-04-02 23:44:00,2024-04-02 23:55:00,12,割煤中位,False,正常,725,3
2024-04-02 23:56:00,2024-04-02 23:57:00,2,调架中,False,正常,726,3
2024-04-02 23:58:00,2024-04-03 00:01:00,4,割煤中位,False,正常,727,3
2024-04-03 00:02:00,2024-04-03 00:02:00,1,调架中,False,正常,728,3
2024-04-03 00:03:00,2024-04-03 00:03:00,1,割煤中位,False,正常,729,3
2024-04-03 00:04:00,2024-04-03 00:06:00,3,调架中,False,正常,730,3
2024-04-03 00:07:00,2024-04-03 00:08:00,2,割煤中位,False,正常,731,3
2024-04-03 00:09:00,2024-04-03 00:11:00,3,调架中,False,正常,732,3
2024-04-03 00:12:00,2024-04-03 00:12:00,1,割煤中位,False,正常,733,3
2024-04-03 00:13:00,2024-04-03 00:14:00,2,待机,False,正常,734,3
2024-04-03 00:15:00,2024-04-03 00:16:00,2,割煤中位,False,正常,735,3
2024-04-03 00:17:00,2024-04-03 00:17:00,1,调架中,False,正常,736,3
2024-04-03 00:18:00,2024-04-03 00:18:00,1,割煤中位,False,正常,737,3
2024-04-03 00:19:00,2024-04-03 00:22:00,4,割煤高位,False,正常,738,3
2024-04-03 00:23:00,2024-04-03 00:28:00,6,待机,False,正常,739,3
2024-04-03 00:29:00,2024-04-03 00:38:00,10,割煤高位,False,正常,740,3
2024-04-03 00:39:00,2024-04-03 00:39:00,1,调架中,False,正常,741,3
2024-04-03 00:40:00,2024-04-03 00:42:00,3,割煤高位,False,正常,742,3
2024-04-03 00:43:00,2024-04-03 00:44:00,2,调架中,False,正常,743,3
2024-04-03 00:45:00,2024-04-03 00:45:00,1,割煤高位,False,正常,744,3
2024-04-03 00:46:00,2024-04-03 00:46:00,1,调架中,False,正常,745,3
2024-04-03 00:47:00,2024-04-03 00:50:00,4,割煤高位,False,正常,746,3
2024-04-03 00:51:00,2024-04-03 00:51:00,1,割煤中位,False,正常,747,3
2024-04-03 00:52:00,2024-04-03 00:53:00,2,割煤高位,False,正常,748,3
2024-04-03 00:54:00,2024-04-03 00:55:00,2,调架中,False,正常,749,3
2024-04-03 00:56:00,2024-04-03 01:04:00,9,割煤中位,False,正常,750,3
2024-04-03 01:05:00,2024-04-03 01:06:00,2,割煤高位,False,正常,751,3
2024-04-03 01:07:00,2024-04-03 01:07:00,1,调架中,False,正常,752,3
2024-04-03 01:08:00,2024-04-03 01:11:00,4,割煤高位,False,正常,753,3
2024-04-03 01:12:00,2024-04-03 01:14:00,3,割煤中位,False,正常,754,3
2024-04-03 01:15:00,2024-04-03 01:17:00,3,割煤高位,False,正常,755,3
2024-04-03 01:18:00,2024-04-03 01:18:00,1,割煤中位,False,正常,756,3
2024-04-03 01:19:00,2024-04-03 01:20:00,2,割煤高位,False,正常,757,3
2024-04-03 01:21:00,2024-04-03 01:21:00,1,调架中,False,正常,758,3
2024-04-03 01:22:00,2024-04-03 01:22:00,1,割煤高位,False,正常,759,3
2024-04-03 01:23:00,2024-04-03 01:23:00,1,调架中,False,正常,760,3
2024-04-03 01:24:00,2024-04-03 01:27:00,4,割煤高位,False,正常,761,3
2024-04-03 01:28:00,2024-04-03 01:28:00,1,调架中,False,正常,762,3
2024-04-03 01:29:00,2024-04-03 01:29:00,1,割煤中位,False,正常,763,3
2024-04-03 01:30:00,2024-04-03 01:30:00,1,调架中,False,正常,764,3
2024-04-03 01:31:00,2024-04-03 01:31:00,1,割煤中位,False,正常,765,3
2024-04-03 01:32:00,2024-04-03 01:34:00,3,调架中,False,正常,766,3
2024-04-03 01:35:00,2024-04-03 01:36:00,2,割煤中位,False,正常,767,3
2024-04-03 01:37:00,2024-04-03 01:37:00,1,调架中,False,正常,768,3
2024-04-03 01:38:00,2024-04-03 01:39:00,2,割煤高位,False,正常,769,3
2024-04-03 01:40:00,2024-04-03 01:41:00,2,割煤中位,False,正常,770,3
2024-04-03 01:42:00,2024-04-03 01:43:00,2,调架中,False,正常,771,3
2024-04-03 01:44:00,2024-04-03 01:45:00,2,割煤中位,False,正常,772,3
2024-04-03 01:46:00,2024-04-03 01:49:00,4,调架中,False,正常,773,3
2024-04-03 01:50:00,2024-04-03 01:50:00,1,割煤中位,False,正常,774,3
2024-04-03 01:51:00,2024-04-03 01:51:00,1,调架中,False,正常,775,3
2024-04-03 01:52:00,2024-04-03 01:52:00,1,割煤中位,False,正常,776,3
2024-04-03 01:53:00,2024-04-03 01:53:00,1,调架中,False,正常,777,3
2024-04-03 01:54:00,2024-04-03 01:55:00,2,割煤中位,False,正常,778,3
2024-04-03 01:56:00,2024-04-03 01:56:00,1,调架中,False,正常,779,3
2024-04-03 01:57:00,2024-04-03 02:05:00,9,割煤中位,False,正常,780,3
2024-04-03 02:06:00,2024-04-03 02:06:00,1,调架中,False,正常,781,3
2024-04-03 02:07:00,2024-04-03 02:12:00,6,割煤中位,False,正常,782,3
2024-04-03 02:13:00,2024-04-03 02:13:00,1,调架中,False,正常,783,3
2024-04-03 02:14:00,2024-04-03 02:14:00,1,割煤中位,False,正常,784,3
2024-04-03 02:15:00,2024-04-03 02:16:00,2,调架中,False,正常,785,3
2024-04-03 02:17:00,2024-04-03 02:18:00,2,割煤中位,False,正常,786,3
2024-04-03 02:19:00,2024-04-03 02:19:00,1,调架中,False,正常,787,3
2024-04-03 02:20:00,2024-04-03 02:23:00,4,割煤中位,False,正常,788,3
2024-04-03 02:24:00,2024-04-03 02:25:00,2,调架中,False,正常,789,3
2024-04-03 02:26:00,2024-04-03 02:28:00,3,割煤中位,False,正常,790,3
2024-04-03 02:29:00,2024-04-03 02:29:00,1,调架中,False,正常,791,3
2024-04-03 02:30:00,2024-04-03 02:30:00,1,割煤中位,False,正常,792,3
2024-04-03 02:31:00,2024-04-03 02:32:00,2,调架中,False,正常,793,3
2024-04-03 02:33:00,2024-04-03 02:34:00,2,割煤中位,False,正常,794,3
2024-04-03 02:35:00,2024-04-03 02:35:00,1,调架中,False,正常,795,3
2024-04-03 02:36:00,2024-04-03 02:38:00,3,割煤中位,False,正常,796,3
2024-04-03 02:39:00,2024-04-03 02:39:00,1,调架中,False,正常,797,3
2024-04-03 02:40:00,2024-04-03 02:44:00,5,割煤高位,False,正常,798,3
2024-04-03 02:45:00,2024-04-03 02:45:00,1,调架中,False,正常,799,3
2024-04-03 02:46:00,2024-04-03 02:49:00,4,割煤中位,False,正常,800,3
2024-04-03 02:50:00,2024-04-03 02:50:00,1,割煤高位,False,正常,801,3
2024-04-03 02:51:00,2024-04-03 02:52:00,2,调架中,False,正常,802,3
2024-04-03 02:53:00,2024-04-03 02:54:00,2,割煤高位,False,正常,803,3
2024-04-03 02:55:00,2024-04-03 02:55:00,1,割煤中位,False,正常,804,3
2024-04-03 02:56:00,2024-04-03 02:56:00,1,调架中,False,正常,805,3
2024-04-03 02:57:00,2024-04-03 03:08:00,12,待机,False,正常,806,3
2024-04-03 03:09:00,2024-04-03 03:21:00,13,割煤中位,False,正常,807,3
2024-04-03 03:22:00,2024-04-03 03:23:00,2,调架中,False,正常,808,3
2024-04-03 03:24:00,2024-04-03 03:25:00,2,割煤中位,False,正常,809,3
2024-04-03 03:26:00,2024-04-03 03:27:00,2,调架中,False,正常,810,3
2024-04-03 03:28:00,2024-04-03 03:35:00,8,割煤中位,False,正常,811,3
2024-04-03 03:36:00,2024-04-03 03:41:00,6,调架中,False,正常,812,3
2024-04-03 03:42:00,2024-04-03 03:43:00,2,割煤中位,False,正常,813,3
2024-04-03 03:44:00,2024-04-03 03:44:00,1,割煤高位,False,正常,814,3
2024-04-03 03:45:00,2024-04-03 03:46:00,2,待机-高位,False,正常,815,3
2024-04-03 03:47:00,2024-04-03 03:47:00,1,割煤中位,False,正常,816,3
2024-04-03 03:48:00,2024-04-03 03:48:00,1,调架中,False,正常,817,3
2024-04-03 03:49:00,2024-04-03 03:52:00,4,割煤高位,False,正常,818,3
2024-04-03 03:53:00,2024-04-03 03:53:00,1,割煤中位,False,正常,819,3
2024-04-03 03:54:00,2024-04-03 03:55:00,2,割煤高位,False,正常,820,3
2024-04-03 03:56:00,2024-04-03 03:56:00,1,调架中,False,正常,821,3
2024-04-03 03:57:00,2024-04-03 03:58:00,2,割煤高位,False,正常,822,3
2024-04-03 03:59:00,2024-04-03 03:59:00,1,割煤中位,False,正常,823,3
2024-04-03 04:00:00,2024-04-03 04:01:00,2,割煤高位,False,正常,824,3
2024-04-03 04:02:00,2024-04-03 04:04:00,3,割煤中位,False,正常,825,3
2024-04-03 04:05:00,2024-04-03 04:08:00,4,割煤高位,False,正常,826,3
2024-04-03 04:09:00,2024-04-03 04:09:00,1,割煤中位,False,正常,827,3
2024-04-03 04:10:00,2024-04-03 04:10:00,1,调架中,False,正常,828,3
2024-04-03 04:11:00,2024-04-03 04:13:00,3,割煤中位,False,正常,829,3
2024-04-03 04:14:00,2024-04-03 04:18:00,5,割煤高位,False,正常,830,3
2024-04-03 04:19:00,2024-04-03 04:20:00,2,调架中,False,正常,831,3
2024-04-03 04:21:00,2024-04-03 04:23:00,3,割煤中位,False,正常,832,3
2024-04-03 04:24:00,2024-04-03 04:24:00,1,割煤高位,False,正常,833,3
2024-04-03 04:25:00,2024-04-03 04:27:00,3,调架中,False,正常,834,3
2024-04-03 04:28:00,2024-04-03 04:28:00,1,割煤中位,False,正常,835,3
2024-04-03 04:29:00,2024-04-03 04:29:00,1,调架中,False,正常,836,3
2024-04-03 04:30:00,2024-04-03 04:30:00,1,割煤中位,False,正常,837,3
2024-04-03 04:31:00,2024-04-03 04:32:00,2,割煤高位,False,正常,838,3
2024-04-03 04:33:00,2024-04-03 04:33:00,1,割煤中位,False,正常,839,3
2024-04-03 04:34:00,2024-04-03 04:34:00,1,调架中,False,正常,840,3
2024-04-03 04:35:00,2024-04-03 04:38:00,4,割煤中位,False,正常,841,3
2024-04-03 04:39:00,2024-04-03 04:40:00,2,割煤高位,False,正常,842,3
2024-04-03 04:41:00,2024-04-03 04:42:00,2,割煤中位,False,正常,843,3
2024-04-03 04:43:00,2024-04-03 04:46:00,4,割煤高位,False,正常,844,3
2024-04-03 04:47:00,2024-04-03 04:58:00,12,割煤中位,False,正常,845,3
2024-04-03 04:59:00,2024-04-03 05:00:00,2,调架中,False,正常,846,3
2024-04-03 05:01:00,2024-04-03 05:02:00,2,割煤中位,False,正常,847,3
2024-04-03 05:03:00,2024-04-03 05:03:00,1,割煤高位,False,正常,848,3
2024-04-03 05:04:00,2024-04-03 05:04:00,1,调架中,False,正常,849,3
2024-04-03 05:05:00,2024-04-03 05:08:00,4,割煤高位,False,正常,850,3
2024-04-03 05:09:00,2024-04-03 05:10:00,2,割煤中位,False,正常,851,3
2024-04-03 05:11:00,2024-04-03 05:11:00,1,调架中,False,正常,852,3
2024-04-03 05:12:00,2024-04-03 05:14:00,3,割煤高位,False,正常,853,3
2024-04-03 05:15:00,2024-04-03 05:15:00,1,调架中,False,正常,854,3
2024-04-03 05:16:00,2024-04-03 05:17:00,2,割煤中位,False,正常,855,3
2024-04-03 05:18:00,2024-04-03 05:19:00,2,割煤高位,False,正常,856,3
2024-04-03 05:20:00,2024-04-03 05:21:00,2,调架中,False,正常,857,3
2024-04-03 05:22:00,2024-04-03 05:22:00,1,割煤高位,False,正常,858,3
2024-04-03 05:23:00,2024-04-03 05:23:00,1,待机-高位,False,正常,859,3
2024-04-03 05:24:00,2024-04-03 05:24:00,1,割煤高位,False,正常,860,3
2024-04-03 05:25:00,2024-04-03 05:25:00,1,调架中,False,正常,861,3
2024-04-03 05:26:00,2024-04-03 05:31:00,6,割煤中位,False,正常,862,3
2024-04-03 05:32:00,2024-04-03 05:32:00,1,调架中,False,正常,863,3
2024-04-03 05:33:00,2024-04-03 05:46:00,14,割煤中位,False,正常,864,3
2024-04-03 05:47:00,2024-04-03 05:55:00,9,割煤高位,False,正常,865,3
2024-04-03 05:56:00,2024-04-03 05:58:00,3,割煤中位,False,正常,866,3
2024-04-03 05:59:00,2024-04-03 06:02:00,4,割煤高位,False,正常,867,3
2024-04-03 06:03:00,2024-04-03 06:03:00,1,割煤中位,False,正常,868,3
2024-04-03 06:04:00,2024-04-03 06:06:00,3,割煤高位,False,正常,869,3
2024-04-03 06:07:00,2024-04-03 06:07:00,1,调架中,False,正常,870,3
2024-04-03 06:08:00,2024-04-03 06:12:00,5,割煤高位,False,正常,871,3
2024-04-03 06:13:00,2024-04-03 06:14:00,2,割煤中位,False,正常,872,3
2024-04-03 06:15:00,2024-04-03 06:15:00,1,割煤高位,False,正常,873,3
2024-04-03 06:16:00,2024-04-03 06:16:00,1,割煤中位,False,正常,874,3
2024-04-03 06:17:00,2024-04-03 06:19:00,3,割煤高位,False,正常,875,3
2024-04-03 06:20:00,2024-04-03 06:24:00,5,割煤中位,False,正常,876,3
2024-04-03 06:25:00,2024-04-03 06:25:00,1,待机,False,正常,877,3
2024-04-03 06:26:00,2024-04-03 06:27:00,2,割煤中位,False,正常,878,3
2024-04-03 06:28:00,2024-04-03 06:28:00,1,调架中,False,正常,879,3
2024-04-03 06:29:00,2024-04-03 06:47:00,19,割煤中位,False,正常,880,3
2024-04-03 06:48:00,2024-04-03 06:48:00,1,调架中,False,正常,881,3
2024-04-03 06:49:00,2024-04-03 06:56:00,8,割煤中位,False,正常,882,3
2024-04-03 06:57:00,2024-04-03 06:58:00,2,割煤高位,False,正常,883,3
2024-04-03 06:59:00,2024-04-03 06:59:00,1,调架中,False,正常,884,3
2024-04-03 07:00:00,2024-04-03 07:00:00,1,割煤中位,False,正常,885,3
2024-04-03 07:01:00,2024-04-03 07:01:00,1,调架中,False,正常,886,3
2024-04-03 07:02:00,2024-04-03 07:03:00,2,割煤中位,False,正常,887,3
2024-04-03 07:04:00,2024-04-03 07:04:00,1,割煤高位,False,正常,888,3
2024-04-03 07:05:00,2024-04-03 07:05:00,1,待机-高位,False,正常,889,3
2024-04-03 07:06:00,2024-04-03 07:06:00,1,调架中,False,正常,890,3
2024-04-03 07:07:00,2024-04-03 07:09:00,3,割煤高位,False,正常,891,3
2024-04-03 07:10:00,2024-04-03 07:10:00,1,调架中,False,正常,892,3
2024-04-03 07:11:00,2024-04-03 07:18:00,8,割煤中位,False,正常,893,3
2024-04-03 07:19:00,2024-04-03 07:19:00,1,调架中,False,正常,894,3
2024-04-03 07:20:00,2024-04-03 07:26:00,7,割煤中位,False,正常,895,3
2024-04-03 07:27:00,2024-04-03 07:27:00,1,割煤高位,False,正常,896,3
2024-04-03 07:28:00,2024-04-03 07:28:00,1,调架中,False,正常,897,3
2024-04-03 07:29:00,2024-04-03 07:30:00,2,割煤高位,False,正常,898,3
2024-04-03 07:31:00,2024-04-03 07:31:00,1,调架中,False,正常,899,3
2024-04-03 07:32:00,2024-04-03 07:34:00,3,割煤高位,False,正常,900,3
2024-04-03 07:35:00,2024-04-03 07:35:00,1,割煤中位,False,正常,901,3
2024-04-03 07:36:00,2024-04-03 07:36:00,1,调架中,False,正常,902,3
2024-04-03 07:37:00,2024-04-03 07:38:00,2,割煤中位,False,正常,903,3
2024-04-03 07:39:00,2024-04-03 07:43:00,5,待机-高位,False,正常,904,3
2024-04-03 07:44:00,2024-04-03 07:48:00,5,割煤高位,False,正常,905,3
2024-04-03 07:49:00,2024-04-03 07:49:00,1,调架中,False,正常,906,3
2024-04-03 07:50:00,2024-04-03 07:50:00,1,割煤高位,False,正常,907,3
2024-04-03 07:51:00,2024-04-03 07:51:00,1,调架中,False,正常,908,3
2024-04-03 07:52:00,2024-04-03 07:52:00,1,待机-高位,False,正常,909,3
2024-04-03 07:53:00,2024-04-03 07:54:00,2,割煤中位,False,正常,910,3
2024-04-03 07:55:00,2024-04-03 07:57:00,3,割煤高位,False,正常,911,3
2024-04-03 07:58:00,2024-04-03 08:00:00,3,割煤中位,False,正常,912,3
2024-04-03 08:01:00,2024-04-03 08:02:00,2,割煤高位,False,正常,913,3
2024-04-03 08:03:00,2024-04-03 08:03:00,1,割煤中位,False,正常,914,3
2024-04-03 08:04:00,2024-04-03 08:06:00,3,割煤高位,False,正常,915,3
2024-04-03 08:07:00,2024-04-03 08:07:00,1,调架中,False,正常,916,3
2024-04-03 08:08:00,2024-04-03 08:08:00,1,割煤中位,False,正常,917,3
2024-04-03 08:09:00,2024-04-03 08:11:00,3,调架中,False,正常,918,3
2024-04-03 08:12:00,2024-04-03 08:12:00,1,割煤中位,False,正常,919,3
2024-04-03 08:13:00,2024-04-03 08:14:00,2,割煤高位,False,正常,920,3
2024-04-03 08:15:00,2024-04-03 08:15:00,1,割煤中位,False,正常,921,3
2024-04-03 08:16:00,2024-04-03 08:19:00,4,割煤高位,False,正常,922,3
2024-04-03 08:20:00,2024-04-03 08:20:00,1,割煤中位,False,正常,923,3
2024-04-03 08:21:00,2024-04-03 08:21:00,1,调架中,False,正常,924,3
2024-04-03 08:22:00,2024-04-03 08:23:00,2,割煤中位,False,正常,925,3
2024-04-03 08:24:00,2024-04-03 08:24:00,1,割煤高位,False,正常,926,3
2024-04-03 08:25:00,2024-04-03 08:25:00,1,割煤中位,False,正常,927,3
2024-04-03 08:26:00,2024-04-03 08:26:00,1,割煤高位,False,正常,928,3
2024-04-03 08:27:00,2024-04-03 08:27:00,1,调架中,False,正常,929,3
2024-04-03 08:28:00,2024-04-03 08:33:00,6,待机-高位,False,正常,930,3
2024-04-03 08:34:00,2024-04-03 08:36:00,3,割煤高位,False,正常,931,3
2024-04-03 08:37:00,2024-04-03 08:37:00,1,调架中,False,正常,932,3
2024-04-03 08:38:00,2024-04-03 08:40:00,3,割煤高位,False,正常,933,3
2024-04-03 08:41:00,2024-04-03 08:41:00,1,调架中,False,正常,934,3
2024-04-03 08:42:00,2024-04-03 08:43:00,2,割煤高位,False,正常,935,3
2024-04-03 08:44:00,2024-04-03 08:44:00,1,调架中,False,正常,936,3
2024-04-03 08:45:00,2024-04-03 08:49:00,5,割煤高位,False,正常,937,3
2024-04-03 08:50:00,2024-04-03 08:52:00,3,待机-高位,False,正常,938,3
2024-04-03 08:53:00,2024-04-03 08:53:00,1,割煤高位,False,正常,939,3
2024-04-03 08:54:00,2024-04-03 08:58:00,5,割煤中位,False,正常,940,3
2024-04-03 08:59:00,2024-04-03 09:01:00,3,割煤高位,False,正常,941,3
2024-04-03 09:02:00,2024-04-03 09:04:00,3,割煤中位,False,正常,942,3
2024-04-03 09:05:00,2024-04-03 09:07:00,3,调架中,False,正常,943,3
2024-04-03 09:08:00,2024-04-03 09:09:00,2,待机,False,正常,944,3
2024-04-03 09:10:00,2024-04-03 09:10:00,1,割煤中位,False,正常,945,3
2024-04-03 09:11:00,2024-04-03 09:12:00,2,调架中,False,正常,946,3
2024-04-03 09:13:00,2024-04-03 09:14:00,2,割煤中位,False,正常,947,3
2024-04-03 09:15:00,2024-04-03 09:17:00,3,调架中,False,正常,948,3
2024-04-03 09:18:00,2024-04-03 09:22:00,5,割煤中位,False,正常,949,3
2024-04-03 09:23:00,2024-04-03 09:23:00,1,调架中,False,正常,950,3
2024-04-03 09:24:00,2024-04-03 09:27:00,4,割煤中位,False,正常,951,3
2024-04-03 09:28:00,2024-04-03 09:28:00,1,调架中,False,正常,952,3
2024-04-03 09:29:00,2024-04-03 09:29:00,1,割煤中位,False,正常,953,3
2024-04-03 09:30:00,2024-04-03 09:31:00,2,待机,False,正常,954,3
2024-04-03 09:32:00,2024-04-03 09:33:00,2,割煤中位,False,正常,955,3
2024-04-03 09:34:00,2024-04-03 09:39:00,6,割煤高位,False,正常,956,3
2024-04-03 09:40:00,2024-04-03 09:43:00,4,割煤中位,False,正常,957,3
2024-04-03 09:44:00,2024-04-03 09:44:00,1,割煤高位,False,正常,958,3
2024-04-03 09:45:00,2024-04-03 09:45:00,1,割煤中位,False,正常,959,3
2024-04-03 09:46:00,2024-04-03 09:46:00,1,调架中,False,正常,960,3
2024-04-03 09:47:00,2024-04-03 09:49:00,3,割煤高位,False,正常,961,3
2024-04-03 09:50:00,2024-04-03 09:50:00,1,调架中,False,正常,962,3
2024-04-03 09:51:00,2024-04-03 09:54:00,4,割煤中位,False,正常,963,3
2024-04-03 09:55:00,2024-04-03 14:00:00,246,待机,False,正常,964,3
2024-04-03 14:01:00,2024-04-03 14:01:00,1,停机,False,正常,965,3
2024-04-03 14:02:00,2024-04-03 15:27:00,86,待机,False,正常,966,3
2024-04-03 15:28:00,2024-04-03 15:29:00,2,停机,False,正常,967,3
2024-04-03 15:30:00,2024-04-03 16:25:00,56,待机,False,正常,968,3
2024-04-03 16:26:00,2024-04-03 16:28:00,3,割煤高位,False,正常,969,3
2024-04-03 16:29:00,2024-04-03 16:29:00,1,调架中,False,正常,970,3
2024-04-03 16:30:00,2024-04-03 16:30:00,1,割煤中位,False,正常,971,3
2024-04-03 16:31:00,2024-04-03 16:31:00,1,调架中,False,正常,972,3
2024-04-03 16:32:00,2024-04-03 16:38:00,7,割煤中位,False,正常,973,3
2024-04-03 16:39:00,2024-04-03 16:39:00,1,调架中,False,正常,974,3
2024-04-03 16:40:00,2024-04-03 16:44:00,5,割煤中位,False,正常,975,3
2024-04-03 16:45:00,2024-04-03 16:45:00,1,调架中,False,正常,976,3
2024-04-03 16:46:00,2024-04-03 16:52:00,7,割煤中位,False,正常,977,3
2024-04-03 16:53:00,2024-04-03 16:53:00,1,割煤高位,False,正常,978,3
2024-04-03 16:54:00,2024-04-03 16:55:00,2,调架中,False,正常,979,3
2024-04-03 16:56:00,2024-04-03 17:00:00,5,割煤中位,False,正常,980,3
2024-04-03 17:01:00,2024-04-03 17:03:00,3,割煤高位,False,正常,981,3
2024-04-03 17:04:00,2024-04-03 17:12:00,9,待机-高位,False,正常,982,3
2024-04-03 17:13:00,2024-04-03 17:20:00,8,割煤高位,False,正常,983,3
2024-04-03 17:21:00,2024-04-03 17:21:00,1,调架中,False,正常,984,3
2024-04-03 17:22:00,2024-04-03 17:23:00,2,割煤高位,False,正常,985,3
2024-04-03 17:24:00,2024-04-03 17:27:00,4,割煤中位,False,正常,986,3
2024-04-03 17:28:00,2024-04-03 17:28:00,1,调架中,False,正常,987,3
2024-04-03 17:29:00,2024-04-03 17:29:00,1,割煤高位,False,正常,988,3
2024-04-03 17:30:00,2024-04-03 17:30:00,1,调架中,False,正常,989,3
2024-04-03 17:31:00,2024-04-03 17:34:00,4,割煤高位,False,正常,990,3
2024-04-03 17:35:00,2024-04-03 17:37:00,3,割煤中位,False,正常,991,3
2024-04-03 17:38:00,2024-04-03 17:38:00,1,调架中,False,正常,992,3
2024-04-03 17:39:00,2024-04-03 17:40:00,2,割煤中位,False,正常,993,3
2024-04-03 17:41:00,2024-04-03 17:41:00,1,割煤高位,False,正常,994,3
2024-04-03 17:42:00,2024-04-03 17:42:00,1,调架中,False,正常,995,3
2024-04-03 17:43:00,2024-04-03 17:43:00,1,割煤高位,False,正常,996,3
2024-04-03 17:44:00,2024-04-03 17:44:00,1,调架中,False,正常,997,3
2024-04-03 17:45:00,2024-04-03 17:49:00,5,割煤高位,False,正常,998,3
2024-04-03 17:50:00,2024-04-03 17:50:00,1,调架中,False,正常,999,3
2024-04-03 17:51:00,2024-04-03 17:52:00,2,割煤高位,False,正常,1000,3
2024-04-03 17:53:00,2024-04-03 17:55:00,3,割煤中位,False,正常,1001,3
2024-04-03 17:56:00,2024-04-03 17:56:00,1,调架中,False,正常,1002,3
2024-04-03 17:57:00,2024-04-03 18:17:00,21,待机,False,正常,1003,3
2024-04-03 18:18:00,2024-04-03 18:18:00,1,割煤中位,False,正常,1004,3
2024-04-03 18:19:00,2024-04-03 18:24:00,6,割煤高位,False,正常,1005,3
2024-04-03 18:25:00,2024-04-03 18:26:00,2,割煤中位,False,正常,1006,3
2024-04-03 18:27:00,2024-04-03 18:28:00,2,待机,False,正常,1007,3
2024-04-03 18:29:00,2024-04-03 18:34:00,6,割煤中位,False,正常,1008,3
2024-04-03 18:35:00,2024-04-03 18:35:00,1,待机,False,正常,1009,3
2024-04-03 18:36:00,2024-04-03 18:36:00,1,割煤中位,False,正常,1010,3
2024-04-03 18:37:00,2024-04-03 18:37:00,1,调架中,False,正常,1011,3
2024-04-03 18:38:00,2024-04-03 18:38:00,1,割煤中位,False,正常,1012,3
2024-04-03 18:39:00,2024-04-03 18:41:00,3,待机,False,正常,1013,3
2024-04-03 18:42:00,2024-04-03 18:48:00,7,割煤中位,False,正常,1014,3
2024-04-03 18:49:00,2024-04-03 18:49:00,1,调架中,False,正常,1015,3
2024-04-03 18:50:00,2024-04-03 18:50:00,1,割煤中位,False,正常,1016,3
2024-04-03 18:51:00,2024-04-03 18:51:00,1,割煤高位,False,正常,1017,3
2024-04-03 18:52:00,2024-04-03 18:52:00,1,割煤中位,False,正常,1018,3
2024-04-03 18:53:00,2024-04-03 18:53:00,1,调架中,False,正常,1019,3
2024-04-03 18:54:00,2024-04-03 18:57:00,4,割煤中位,False,正常,1020,3
2024-04-03 18:58:00,2024-04-03 18:58:00,1,割煤高位,False,正常,1021,3
2024-04-03 18:59:00,2024-04-03 18:59:00,1,割煤中位,False,正常,1022,3
2024-04-03 19:00:00,2024-04-03 19:03:00,4,割煤高位,False,正常,1023,3
2024-04-03 19:04:00,2024-04-03 19:16:00,13,割煤中位,False,正常,1024,3
2024-04-03 19:17:00,2024-04-03 19:17:00,1,调架中,False,正常,1025,3
2024-04-03 19:18:00,2024-04-03 19:20:00,3,待机-高位,False,正常,1026,3
2024-04-03 19:21:00,2024-04-03 19:21:00,1,调架中,False,正常,1027,3
2024-04-03 19:22:00,2024-04-03 19:24:00,3,割煤高位,False,正常,1028,3
2024-04-03 19:25:00,2024-04-03 19:26:00,2,调架中,False,正常,1029,3
2024-04-03 19:27:00,2024-04-03 19:27:00,1,割煤高位,False,正常,1030,3
2024-04-03 19:28:00,2024-04-03 19:28:00,1,割煤中位,False,正常,1031,3
2024-04-03 19:29:00,2024-04-03 19:29:00,1,待机,False,正常,1032,3
2024-04-03 19:30:00,2024-04-03 19:32:00,3,割煤中位,False,正常,1033,3
2024-04-03 19:33:00,2024-04-03 19:33:00,1,待机,False,正常,1034,3
2024-04-03 19:34:00,2024-04-03 19:34:00,1,割煤中位,False,正常,1035,3
2024-04-03 19:35:00,2024-04-03 19:35:00,1,调架中,False,正常,1036,3
2024-04-03 19:36:00,2024-04-03 19:37:00,2,割煤高位,False,正常,1037,3
2024-04-03 19:38:00,2024-04-03 19:38:00,1,调架中,False,正常,1038,3
2024-04-03 19:39:00,2024-04-03 19:43:00,5,割煤高位,False,正常,1039,3
2024-04-03 19:44:00,2024-04-03 19:44:00,1,调架中,False,正常,1040,3
2024-04-03 19:45:00,2024-04-03 19:47:00,3,割煤高位,False,正常,1041,3
2024-04-03 19:48:00,2024-04-03 19:49:00,2,调架中,False,正常,1042,3
2024-04-03 19:50:00,2024-04-03 19:57:00,8,割煤高位,False,正常,1043,3
2024-04-03 19:58:00,2024-04-03 19:58:00,1,调架中,False,正常,1044,3
2024-04-03 19:59:00,2024-04-03 20:02:00,4,割煤高位,False,正常,1045,3
2024-04-03 20:03:00,2024-04-03 20:03:00,1,调架中,False,正常,1046,3
2024-04-03 20:04:00,2024-04-03 20:04:00,1,待机-高位,False,正常,1047,3
2024-04-03 20:05:00,2024-04-03 20:05:00,1,调架中,False,正常,1048,3
2024-04-03 20:06:00,2024-04-03 20:08:00,3,割煤高位,False,正常,1049,3
2024-04-03 20:09:00,2024-04-03 20:12:00,4,割煤中位,False,正常,1050,3
2024-04-03 20:13:00,2024-04-03 20:13:00,1,割煤高位,False,正常,1051,3
2024-04-03 20:14:00,2024-04-03 20:14:00,1,割煤中位,False,正常,1052,3
2024-04-03 20:15:00,2024-04-03 20:18:00,4,割煤高位,False,正常,1053,3
2024-04-03 20:19:00,2024-04-03 20:22:00,4,割煤中位,False,正常,1054,3
2024-04-03 20:23:00,2024-04-03 20:25:00,3,割煤高位,False,正常,1055,3
2024-04-03 20:26:00,2024-04-03 20:26:00,1,调架中,False,正常,1056,3
2024-04-03 20:27:00,2024-04-03 20:32:00,6,割煤高位,False,正常,1057,3
2024-04-03 20:33:00,2024-04-03 20:37:00,5,调架中,False,正常,1058,3
2024-04-03 20:38:00,2024-04-03 20:41:00,4,割煤高位,False,正常,1059,3
2024-04-03 20:42:00,2024-04-03 20:42:00,1,调架中,False,正常,1060,3
2024-04-03 20:43:00,2024-04-03 20:45:00,3,割煤高位,False,正常,1061,3
2024-04-03 20:46:00,2024-04-03 20:46:00,1,调架中,False,正常,1062,3
2024-04-03 20:47:00,2024-04-03 20:48:00,2,割煤高位,False,正常,1063,3
2024-04-03 20:49:00,2024-04-03 20:49:00,1,调架中,False,正常,1064,3
2024-04-03 20:50:00,2024-04-03 20:55:00,6,待机-高位,False,正常,1065,3
2024-04-03 20:56:00,2024-04-03 20:56:00,1,割煤高位,False,正常,1066,3
2024-04-03 20:57:00,2024-04-03 20:57:00,1,调架中,False,正常,1067,3
2024-04-03 20:58:00,2024-04-03 20:59:00,2,割煤高位,False,正常,1068,3
2024-04-03 21:00:00,2024-04-03 21:00:00,1,割煤中位,False,正常,1069,3
2024-04-03 21:01:00,2024-04-03 21:02:00,2,割煤高位,False,正常,1070,3
2024-04-03 21:03:00,2024-04-03 21:36:00,34,待机-高位,False,正常,1071,3
2024-04-03 21:37:00,2024-04-03 21:37:00,1,割煤高位,False,正常,1072,3
2024-04-03 21:38:00,2024-04-03 21:41:00,4,待机,False,正常,1073,3
2024-04-03 21:42:00,2024-04-03 21:44:00,3,割煤中位,False,正常,1074,3
2024-04-03 21:45:00,2024-04-03 21:45:00,1,调架中,False,正常,1075,3
2024-04-03 21:46:00,2024-04-03 21:47:00,2,割煤中位,False,正常,1076,3
2024-04-03 21:48:00,2024-04-03 21:49:00,2,调架中,False,正常,1077,3
2024-04-03 21:50:00,2024-04-03 21:54:00,5,割煤中位,False,正常,1078,3
2024-04-03 21:55:00,2024-04-03 21:55:00,1,调架中,False,正常,1079,3
2024-04-03 21:56:00,2024-04-03 21:59:00,4,割煤中位,False,正常,1080,3
2024-04-03 22:00:00,2024-04-03 22:02:00,3,割煤高位,False,正常,1081,3
2024-04-03 22:03:00,2024-04-03 22:05:00,3,割煤中位,False,正常,1082,3
2024-04-03 22:06:00,2024-04-03 22:06:00,1,调架中,False,正常,1083,3
2024-04-03 22:07:00,2024-04-03 22:07:00,1,割煤中位,False,正常,1084,3
2024-04-03 22:08:00,2024-04-03 22:12:00,5,割煤高位,False,正常,1085,3
2024-04-03 22:13:00,2024-04-03 22:17:00,5,割煤中位,False,正常,1086,3
2024-04-03 22:18:00,2024-04-03 22:18:00,1,待机,False,正常,1087,3
2024-04-03 22:19:00,2024-04-03 22:22:00,4,割煤中位,False,正常,1088,3
2024-04-03 22:23:00,2024-04-03 22:23:00,1,调架中,False,正常,1089,3
2024-04-03 22:24:00,2024-04-03 22:30:00,7,割煤中位,False,正常,1090,3
2024-04-03 22:31:00,2024-04-03 22:31:00,1,调架中,False,正常,1091,3
2024-04-03 22:32:00,2024-04-03 22:32:00,1,割煤中位,False,正常,1092,3
2024-04-03 22:33:00,2024-04-03 22:33:00,1,调架中,False,正常,1093,3
2024-04-03 22:34:00,2024-04-03 22:34:00,1,割煤高位,False,正常,1094,3
2024-04-03 22:35:00,2024-04-03 22:36:00,2,割煤中位,False,正常,1095,3
2024-04-03 22:37:00,2024-04-03 22:37:00,1,调架中,False,正常,1096,3
2024-04-03 22:38:00,2024-04-03 22:39:00,2,割煤中位,False,正常,1097,3
2024-04-03 22:40:00,2024-04-03 22:41:00,2,调架中,False,正常,1098,3
2024-04-03 22:42:00,2024-04-03 22:43:00,2,割煤高位,False,正常,1099,3
2024-04-03 22:44:00,2024-04-03 22:45:00,2,调架中,False,正常,1100,3
2024-04-03 22:46:00,2024-04-03 22:46:00,1,割煤高位,False,正常,1101,3
2024-04-03 22:47:00,2024-04-03 22:48:00,2,待机,False,正常,1102,3
2024-04-03 22:49:00,2024-04-03 22:57:00,9,割煤高位,False,正常,1103,3
2024-04-03 22:58:00,2024-04-03 22:59:00,2,调架中,False,正常,1104,3
2024-04-03 23:00:00,2024-04-03 23:00:00,1,割煤高位,False,正常,1105,3
2024-04-03 23:01:00,2024-04-03 23:01:00,1,待机-高位,False,正常,1106,3
2024-04-03 23:02:00,2024-04-03 23:02:00,1,调架中,False,正常,1107,3
2024-04-03 23:03:00,2024-04-03 23:03:00,1,割煤高位,False,正常,1108,3
2024-04-03 23:04:00,2024-04-03 23:04:00,1,调架中,False,正常,1109,3
2024-04-03 23:05:00,2024-04-03 23:05:00,1,割煤高位,False,正常,1110,3
2024-04-03 23:06:00,2024-04-03 23:06:00,1,调架中,False,正常,1111,3
2024-04-03 23:07:00,2024-04-03 23:10:00,4,割煤高位,False,正常,1112,3
2024-04-03 23:11:00,2024-04-03 23:14:00,4,割煤中位,False,正常,1113,3
2024-04-03 23:15:00,2024-04-03 23:20:00,6,割煤高位,False,正常,1114,3
2024-04-03 23:21:00,2024-04-03 23:26:00,6,割煤中位,False,正常,1115,3
2024-04-03 23:27:00,2024-04-03 23:27:00,1,调架中,False,正常,1116,3
2024-04-03 23:28:00,2024-04-03 23:29:00,2,割煤中位,False,正常,1117,3
2024-04-03 23:30:00,2024-04-03 23:31:00,2,割煤高位,False,正常,1118,3
2024-04-03 23:32:00,2024-04-03 23:32:00,1,调架中,False,正常,1119,3
2024-04-03 23:33:00,2024-04-03 23:40:00,8,割煤高位,False,正常,1120,3
2024-04-03 23:41:00,2024-04-03 23:41:00,1,调架中,False,正常,1121,3
2024-04-03 23:42:00,2024-04-03 23:45:00,4,割煤高位,False,正常,1122,3
2024-04-03 23:46:00,2024-04-03 23:46:00,1,调架中,False,正常,1123,3
2024-04-03 23:47:00,2024-04-03 23:47:00,1,割煤中位,False,正常,1124,3
2024-04-03 23:48:00,2024-04-03 23:48:00,1,割煤高位,False,正常,1125,3
2024-04-03 23:49:00,2024-04-03 23:50:00,2,待机-高位,False,正常,1126,3
2024-04-03 23:51:00,2024-04-03 23:51:00,1,调架中,False,正常,1127,3
2024-04-03 23:52:00,2024-04-03 23:52:00,1,待机-高位,False,正常,1128,3
2024-04-03 23:53:00,2024-04-03 23:54:00,2,调架中,False,正常,1129,3
2024-04-03 23:55:00,2024-04-03 23:55:00,1,割煤高位,False,正常,1130,3
2024-04-03 23:56:00,2024-04-03 23:56:00,1,待机-高位,False,正常,1131,3
2024-04-03 23:57:00,2024-04-03 23:57:00,1,调架中,False,正常,1132,3
2024-04-03 23:58:00,2024-04-03 23:59:00,2,割煤高位,False,正常,1133,3
2024-04-04 00:00:00,2024-04-04 00:00:00,1,割煤中位,False,正常,1134,3
2024-04-04 00:01:00,2024-04-04 00:03:00,3,待机,False,正常,1135,3
2024-04-04 00:04:00,2024-04-04 00:04:00,1,调架中,False,正常,1136,3
2024-04-04 00:05:00,2024-04-04 00:08:00,4,割煤中位,False,正常,1137,3
2024-04-04 00:09:00,2024-04-04 00:09:00,1,调架中,False,正常,1138,3
2024-04-04 00:10:00,2024-04-04 00:12:00,3,割煤中位,False,正常,1139,3
2024-04-04 00:13:00,2024-04-04 00:16:00,4,调架中,False,正常,1140,3
2024-04-04 00:17:00,2024-04-04 00:17:00,1,割煤中位,False,正常,1141,3
2024-04-04 00:18:00,2024-04-04 00:19:00,2,调架中,False,正常,1142,3
2024-04-04 00:20:00,2024-04-04 00:20:00,1,割煤中位,False,正常,1143,3
2024-04-04 00:21:00,2024-04-04 00:24:00,4,割煤高位,False,正常,1144,3
2024-04-04 00:25:00,2024-04-04 00:29:00,5,割煤中位,False,正常,1145,3
2024-04-04 00:30:00,2024-04-04 00:30:00,1,割煤高位,False,正常,1146,3
2024-04-04 00:31:00,2024-04-04 00:31:00,1,调架中,False,正常,1147,3
2024-04-04 00:32:00,2024-04-04 00:34:00,3,待机-高位,False,正常,1148,3
2024-04-04 00:35:00,2024-04-04 00:38:00,4,割煤高位,False,正常,1149,3
2024-04-04 00:39:00,2024-04-04 00:39:00,1,调架中,False,正常,1150,3
2024-04-04 00:40:00,2024-04-04 00:41:00,2,割煤中位,False,正常,1151,3
2024-04-04 00:42:00,2024-04-04 00:42:00,1,待机,False,正常,1152,3
2024-04-04 00:43:00,2024-04-04 00:43:00,1,割煤中位,False,正常,1153,3
2024-04-04 00:44:00,2024-04-04 00:44:00,1,割煤低位,False,正常,1154,3
2024-04-04 00:45:00,2024-04-04 01:01:00,17,割煤中位,False,正常,1155,3
2024-04-04 01:02:00,2024-04-04 01:02:00,1,割煤高位,False,正常,1156,3
2024-04-04 01:03:00,2024-04-04 01:03:00,1,调架中,False,正常,1157,3
2024-04-04 01:04:00,2024-04-04 01:05:00,2,割煤高位,False,正常,1158,3
2024-04-04 01:06:00,2024-04-04 01:12:00,7,调架中,False,正常,1159,3
2024-04-04 01:13:00,2024-04-04 01:14:00,2,割煤中位,False,正常,1160,3
2024-04-04 01:15:00,2024-04-04 01:16:00,2,割煤高位,False,正常,1161,3
2024-04-04 01:17:00,2024-04-04 01:17:00,1,割煤中位,False,正常,1162,3
2024-04-04 01:18:00,2024-04-04 01:27:00,10,割煤高位,False,正常,1163,3
2024-04-04 01:28:00,2024-04-04 01:28:00,1,割煤中位,False,正常,1164,3
2024-04-04 01:29:00,2024-04-04 01:29:00,1,调架中,False,正常,1165,3
2024-04-04 01:30:00,2024-04-04 01:30:00,1,待机,False,正常,1166,3
2024-04-04 01:31:00,2024-04-04 01:34:00,4,割煤高位,False,正常,1167,3
2024-04-04 01:35:00,2024-04-04 01:35:00,1,调架中,False,正常,1168,3
2024-04-04 01:36:00,2024-04-04 01:37:00,2,割煤高位,False,正常,1169,3
2024-04-04 01:38:00,2024-04-04 01:41:00,4,调架中,False,正常,1170,3
2024-04-04 01:42:00,2024-04-04 01:42:00,1,割煤高位,False,正常,1171,3
2024-04-04 01:43:00,2024-04-04 01:43:00,1,调架中,False,正常,1172,3
2024-04-04 01:44:00,2024-04-04 01:44:00,1,割煤高位,False,正常,1173,3
2024-04-04 01:45:00,2024-04-04 01:46:00,2,调架中,False,正常,1174,3
2024-04-04 01:47:00,2024-04-04 01:47:00,1,割煤中位,False,正常,1175,3
2024-04-04 01:48:00,2024-04-04 01:48:00,1,割煤高位,False,正常,1176,3
2024-04-04 01:49:00,2024-04-04 01:49:00,1,调架中,False,正常,1177,3
2024-04-04 01:50:00,2024-04-04 01:50:00,1,割煤高位,False,正常,1178,3
2024-04-04 01:51:00,2024-04-04 01:52:00,2,调架中,False,正常,1179,3
2024-04-04 01:53:00,2024-04-04 01:54:00,2,割煤高位,False,正常,1180,3
2024-04-04 01:55:00,2024-04-04 01:55:00,1,调架中,False,正常,1181,3
2024-04-04 01:56:00,2024-04-04 01:57:00,2,割煤中位,False,正常,1182,3
2024-04-04 01:58:00,2024-04-04 01:59:00,2,割煤高位,False,正常,1183,3
2024-04-04 02:00:00,2024-04-04 02:00:00,1,割煤中位,False,正常,1184,3
2024-04-04 02:01:00,2024-04-04 03:36:00,96,待机-高位,False,正常,1185,3
2024-04-04 03:37:00,2024-04-04 03:37:00,1,待机,False,正常,1186,3
2024-04-04 03:38:00,2024-04-04 03:38:00,1,调架中,False,正常,1187,3
2024-04-04 03:39:00,2024-04-04 03:39:00,1,停机,False,正常,1188,3
2024-04-04 03:40:00,2024-04-04 03:40:00,1,割煤中位,False,正常,1189,3
2024-04-04 03:41:00,2024-04-04 03:51:00,11,割煤高位,False,正常,1190,3
2024-04-04 03:52:00,2024-04-04 03:53:00,2,割煤中位,False,正常,1191,3
2024-04-04 03:54:00,2024-04-04 03:54:00,1,调架中,False,正常,1192,3
2024-04-04 03:55:00,2024-04-04 03:55:00,1,割煤高位,False,正常,1193,3
2024-04-04 03:56:00,2024-04-04 03:58:00,3,割煤中位,False,正常,1194,3
2024-04-04 03:59:00,2024-04-04 03:59:00,1,调架中,False,正常,1195,3
2024-04-04 04:00:00,2024-04-04 04:03:00,4,待机,False,正常,1196,3
2024-04-04 04:04:00,2024-04-04 04:04:00,1,调架中,False,正常,1197,3
2024-04-04 04:05:00,2024-04-04 04:09:00,5,割煤中位,False,正常,1198,3
2024-04-04 04:10:00,2024-04-04 04:12:00,3,调架中,False,正常,1199,3
2024-04-04 04:13:00,2024-04-04 04:29:00,17,待机,False,正常,1200,3
2024-04-04 04:30:00,2024-04-04 04:35:00,6,割煤中位,False,正常,1201,3
2024-04-04 04:36:00,2024-04-04 04:36:00,1,调架中,False,正常,1202,3
2024-04-04 04:37:00,2024-04-04 04:38:00,2,割煤中位,False,正常,1203,3
2024-04-04 04:39:00,2024-04-04 04:39:00,1,调架中,False,正常,1204,3
2024-04-04 04:40:00,2024-04-04 04:42:00,3,割煤中位,False,正常,1205,3
2024-04-04 04:43:00,2024-04-04 04:43:00,1,割煤高位,False,正常,1206,3
2024-04-04 04:44:00,2024-04-04 04:45:00,2,调架中,False,正常,1207,3
2024-04-04 04:46:00,2024-04-04 04:47:00,2,割煤中位,False,正常,1208,3
2024-04-04 04:48:00,2024-04-04 04:48:00,1,待机,False,正常,1209,3
2024-04-04 04:49:00,2024-04-04 04:50:00,2,割煤中位,False,正常,1210,3
2024-04-04 04:51:00,2024-04-04 04:53:00,3,割煤高位,False,正常,1211,3
2024-04-04 04:54:00,2024-04-04 04:54:00,1,调架中,False,正常,1212,3
2024-04-04 04:55:00,2024-04-04 05:02:00,8,割煤中位,False,正常,1213,3
2024-04-04 05:03:00,2024-04-04 05:03:00,1,调架中,False,正常,1214,3
2024-04-04 05:04:00,2024-04-04 05:11:00,8,割煤中位,False,正常,1215,3
2024-04-04 05:12:00,2024-04-04 05:12:00,1,调架中,False,正常,1216,3
2024-04-04 05:13:00,2024-04-04 05:18:00,6,割煤中位,False,正常,1217,3
2024-04-04 05:19:00,2024-04-04 05:20:00,2,调架中,False,正常,1218,3
2024-04-04 05:21:00,2024-04-04 05:27:00,7,割煤中位,False,正常,1219,3
2024-04-04 05:28:00,2024-04-04 05:28:00,1,调架中,False,正常,1220,3
2024-04-04 05:29:00,2024-04-04 05:30:00,2,割煤高位,False,正常,1221,3
2024-04-04 05:31:00,2024-04-04 05:31:00,1,调架中,False,正常,1222,3
2024-04-04 05:32:00,2024-04-04 05:32:00,1,割煤高位,False,正常,1223,3
2024-04-04 05:33:00,2024-04-04 05:33:00,1,调架中,False,正常,1224,3
2024-04-04 05:34:00,2024-04-04 05:35:00,2,割煤中位,False,正常,1225,3
2024-04-04 05:36:00,2024-04-04 05:36:00,1,割煤高位,False,正常,1226,3
2024-04-04 05:37:00,2024-04-04 05:37:00,1,调架中,False,正常,1227,3
2024-04-04 05:38:00,2024-04-04 05:40:00,3,割煤高位,False,正常,1228,3
2024-04-04 05:41:00,2024-04-04 05:41:00,1,调架中,False,正常,1229,3
2024-04-04 05:42:00,2024-04-04 05:43:00,2,割煤中位,False,正常,1230,3
2024-04-04 05:44:00,2024-04-04 05:44:00,1,割煤高位,False,正常,1231,3
2024-04-04 05:45:00,2024-04-04 05:45:00,1,调架中,False,正常,1232,3
2024-04-04 05:46:00,2024-04-04 05:55:00,10,割煤高位,False,正常,1233,3
2024-04-04 05:56:00,2024-04-04 05:56:00,1,待机-高位,False,正常,1234,3
2024-04-04 05:57:00,2024-04-04 06:06:00,10,割煤高位,False,正常,1235,3
2024-04-04 06:07:00,2024-04-04 06:14:00,8,割煤中位,False,正常,1236,3
2024-04-04 06:15:00,2024-04-04 06:17:00,3,割煤高位,False,正常,1237,3
2024-04-04 06:18:00,2024-04-04 06:19:00,2,割煤中位,False,正常,1238,3
2024-04-04 06:20:00,2024-04-04 06:20:00,1,割煤高位,False,正常,1239,3
2024-04-04 06:21:00,2024-04-04 06:21:00,1,调架中,False,正常,1240,3
2024-04-04 06:22:00,2024-04-04 06:22:00,1,割煤高位,False,正常,1241,3
2024-04-04 06:23:00,2024-04-04 06:28:00,6,割煤中位,False,正常,1242,3
2024-04-04 06:29:00,2024-04-04 06:34:00,6,割煤高位,False,正常,1243,3
2024-04-04 06:35:00,2024-04-04 06:35:00,1,调架中,False,正常,1244,3
2024-04-04 06:36:00,2024-04-04 06:45:00,10,割煤中位,False,正常,1245,3
2024-04-04 06:46:00,2024-04-04 06:47:00,2,割煤高位,False,正常,1246,3
2024-04-04 06:48:00,2024-04-04 06:50:00,3,割煤中位,False,正常,1247,3
2024-04-04 06:51:00,2024-04-04 06:54:00,4,割煤高位,False,正常,1248,3
2024-04-04 06:55:00,2024-04-04 06:55:00,1,割煤中位,False,正常,1249,3
2024-04-04 06:56:00,2024-04-04 06:57:00,2,割煤高位,False,正常,1250,3
2024-04-04 06:58:00,2024-04-04 06:58:00,1,调架中,False,正常,1251,3
2024-04-04 06:59:00,2024-04-04 07:04:00,6,割煤高位,False,正常,1252,3
2024-04-04 07:05:00,2024-04-04 07:05:00,1,调架中,False,正常,1253,3
2024-04-04 07:06:00,2024-04-04 07:06:00,1,割煤高位,False,正常,1254,3
2024-04-04 07:07:00,2024-04-04 07:07:00,1,调架中,False,正常,1255,3
2024-04-04 07:08:00,2024-04-04 07:11:00,4,割煤高位,False,正常,1256,3
2024-04-04 07:12:00,2024-04-04 07:12:00,1,调架中,False,正常,1257,3
2024-04-04 07:13:00,2024-04-04 07:13:00,1,割煤高位,False,正常,1258,3
2024-04-04 07:14:00,2024-04-04 07:14:00,1,调架中,False,正常,1259,3
2024-04-04 07:15:00,2024-04-04 07:17:00,3,割煤高位,False,正常,1260,3
2024-04-04 07:18:00,2024-04-04 07:18:00,1,调架中,False,正常,1261,3
2024-04-04 07:19:00,2024-04-04 07:19:00,1,割煤高位,False,正常,1262,3
2024-04-04 07:20:00,2024-04-04 07:20:00,1,割煤中位,False,正常,1263,3
2024-04-04 07:21:00,2024-04-04 07:21:00,1,调架中,False,正常,1264,3
2024-04-04 07:22:00,2024-04-04 07:25:00,4,待机,False,正常,1265,3
2024-04-04 07:26:00,2024-04-04 07:30:00,5,割煤高位,False,正常,1266,3
2024-04-04 07:31:00,2024-04-04 07:32:00,2,调架中,False,正常,1267,3
2024-04-04 07:33:00,2024-04-04 07:34:00,2,割煤高位,False,正常,1268,3
2024-04-04 07:35:00,2024-04-04 07:36:00,2,调架中,False,正常,1269,3
2024-04-04 07:37:00,2024-04-04 07:37:00,1,待机,False,正常,1270,3
2024-04-04 07:38:00,2024-04-04 07:38:00,1,割煤中位,False,正常,1271,3
2024-04-04 07:39:00,2024-04-04 07:42:00,4,割煤高位,False,正常,1272,3
2024-04-04 07:43:00,2024-04-04 07:43:00,1,调架中,False,正常,1273,3
2024-04-04 07:44:00,2024-04-04 07:44:00,1,割煤高位,False,正常,1274,3
2024-04-04 07:45:00,2024-04-04 07:46:00,2,割煤中位,False,正常,1275,3
2024-04-04 07:47:00,2024-04-04 07:47:00,1,调架中,False,正常,1276,3
2024-04-04 07:48:00,2024-04-04 07:48:00,1,割煤高位,False,正常,1277,3
2024-04-04 07:49:00,2024-04-04 07:49:00,1,调架中,False,正常,1278,3
2024-04-04 07:50:00,2024-04-04 07:51:00,2,割煤高位,False,正常,1279,3
2024-04-04 07:52:00,2024-04-04 07:52:00,1,割煤中位,False,正常,1280,3
2024-04-04 07:53:00,2024-04-04 07:59:00,7,割煤高位,False,正常,1281,3
2024-04-04 08:00:00,2024-04-04 08:01:00,2,调架中,False,正常,1282,3
2024-04-04 08:02:00,2024-04-04 08:02:00,1,割煤高位,False,正常,1283,3
2024-04-04 08:03:00,2024-04-04 08:03:00,1,调架中,False,正常,1284,3
2024-04-04 08:04:00,2024-04-04 08:17:00,14,待机,False,正常,1285,3
2024-04-04 08:18:00,2024-04-04 08:18:00,1,调架中,False,正常,1286,3
2024-04-04 08:19:00,2024-04-04 08:22:00,4,割煤高位,False,正常,1287,3
2024-04-04 08:23:00,2024-04-04 08:26:00,4,待机-高位,False,正常,1288,3
2024-04-04 08:27:00,2024-04-04 08:30:00,4,调架中,False,正常,1289,3
2024-04-04 08:31:00,2024-04-04 08:31:00,1,割煤高位,False,正常,1290,3
2024-04-04 08:32:00,2024-04-04 08:33:00,2,割煤中位,False,正常,1291,3
2024-04-04 08:34:00,2024-04-04 08:34:00,1,调架中,False,正常,1292,3
2024-04-04 08:35:00,2024-04-04 08:35:00,1,割煤高位,False,正常,1293,3
2024-04-04 08:36:00,2024-04-04 08:37:00,2,割煤中位,False,正常,1294,3
2024-04-04 08:38:00,2024-04-04 08:39:00,2,割煤高位,False,正常,1295,3
2024-04-04 08:40:00,2024-04-04 08:41:00,2,割煤中位,False,正常,1296,3
2024-04-04 08:42:00,2024-04-04 08:43:00,2,割煤高位,False,正常,1297,3
2024-04-04 08:44:00,2024-04-04 08:44:00,1,调架中,False,正常,1298,3
2024-04-04 08:45:00,2024-04-04 08:52:00,8,待机-高位,False,正常,1299,3
2024-04-04 08:53:00,2024-04-04 08:55:00,3,割煤高位,False,正常,1300,3
2024-04-04 08:56:00,2024-04-04 08:57:00,2,割煤中位,False,正常,1301,3
2024-04-04 08:58:00,2024-04-04 09:01:00,4,待机,False,正常,1302,3
2024-04-04 09:02:00,2024-04-04 09:02:00,1,调架中,False,正常,1303,3
2024-04-04 09:03:00,2024-04-04 09:04:00,2,待机,False,正常,1304,3
2024-04-04 09:05:00,2024-04-04 09:05:00,1,割煤中位,False,正常,1305,3
2024-04-04 09:06:00,2024-04-04 13:10:00,245,待机,False,正常,1306,3
2024-04-04 13:11:00,2024-04-04 13:48:00,38,停机,False,正常,1307,3
2024-04-04 13:49:00,2024-04-04 13:55:00,7,待机,False,正常,1308,3
2024-04-04 13:56:00,2024-04-04 13:56:00,1,调架中,False,正常,1309,3
2024-04-04 13:57:00,2024-04-04 15:08:00,72,待机,False,正常,1310,3
2024-04-04 15:09:00,2024-04-04 15:09:00,1,调架中,False,正常,1311,3
2024-04-04 15:10:00,2024-04-04 15:10:00,1,割煤中位,False,正常,1312,3
2024-04-04 15:11:00,2024-04-04 15:11:00,1,调架中,False,正常,1313,3
2024-04-04 15:12:00,2024-04-04 15:14:00,3,待机,False,正常,1314,3
2024-04-04 15:15:00,2024-04-04 15:15:00,1,调架中,False,正常,1315,3
2024-04-04 15:16:00,2024-04-04 15:16:00,1,待机,False,正常,1316,3
2024-04-04 15:17:00,2024-04-04 15:17:00,1,停机,False,正常,1317,3
2024-04-04 15:18:00,2024-04-04 15:31:00,14,待机,False,正常,1318,3
2024-04-04 15:32:00,2024-04-04 15:34:00,3,割煤中位,False,正常,1319,3
2024-04-04 15:35:00,2024-04-04 15:35:00,1,割煤高位,False,正常,1320,3
2024-04-04 15:36:00,2024-04-04 15:37:00,2,调架中,False,正常,1321,3
2024-04-04 15:38:00,2024-04-04 15:38:00,1,割煤高位,False,正常,1322,3
2024-04-04 15:39:00,2024-04-04 15:40:00,2,割煤中位,False,正常,1323,3
2024-04-04 15:41:00,2024-04-04 15:46:00,6,待机-高位,False,正常,1324,3
2024-04-04 15:47:00,2024-04-04 15:47:00,1,停机,False,正常,1325,3
2024-04-04 15:48:00,2024-04-04 15:48:00,1,割煤中位,False,正常,1326,3
2024-04-04 15:49:00,2024-04-04 15:49:00,1,割煤高位,False,正常,1327,3
2024-04-04 15:50:00,2024-04-04 15:56:00,7,割煤中位,False,正常,1328,3
2024-04-04 15:57:00,2024-04-04 15:59:00,3,割煤高位,False,正常,1329,3
2024-04-04 16:00:00,2024-04-04 16:12:00,13,割煤中位,False,正常,1330,3
2024-04-04 16:13:00,2024-04-04 16:16:00,4,割煤高位,False,正常,1331,3
2024-04-04 16:17:00,2024-04-04 16:17:00,1,割煤中位,False,正常,1332,3
2024-04-04 16:18:00,2024-04-04 16:20:00,3,割煤高位,False,正常,1333,3
2024-04-04 16:21:00,2024-04-04 16:24:00,4,割煤中位,False,正常,1334,3
2024-04-04 16:25:00,2024-04-04 16:25:00,1,调架中,False,正常,1335,3
2024-04-04 16:26:00,2024-04-04 16:27:00,2,割煤高位,False,正常,1336,3
2024-04-04 16:28:00,2024-04-04 16:28:00,1,调架中,False,正常,1337,3
2024-04-04 16:29:00,2024-04-04 16:31:00,3,割煤高位,False,正常,1338,3
2024-04-04 16:32:00,2024-04-04 16:32:00,1,调架中,False,正常,1339,3
2024-04-04 16:33:00,2024-04-04 16:38:00,6,割煤高位,False,正常,1340,3
2024-04-04 16:39:00,2024-04-04 16:39:00,1,调架中,False,正常,1341,3
2024-04-04 16:40:00,2024-04-04 16:44:00,5,割煤高位,False,正常,1342,3
2024-04-04 16:45:00,2024-04-04 16:45:00,1,调架中,False,正常,1343,3
2024-04-04 16:46:00,2024-04-04 16:46:00,1,割煤高位,False,正常,1344,3
2024-04-04 16:47:00,2024-04-04 16:49:00,3,割煤中位,False,正常,1345,3
2024-04-04 16:50:00,2024-04-04 16:50:00,1,割煤高位,False,正常,1346,3
2024-04-04 16:51:00,2024-04-04 16:52:00,2,调架中,False,正常,1347,3
2024-04-04 16:53:00,2024-04-04 16:55:00,3,割煤高位,False,正常,1348,3
2024-04-04 16:56:00,2024-04-04 17:00:00,5,割煤中位,False,正常,1349,3
2024-04-04 17:01:00,2024-04-04 17:01:00,1,割煤高位,False,正常,1350,3
2024-04-04 17:02:00,2024-04-04 17:02:00,1,调架中,False,正常,1351,3
2024-04-04 17:03:00,2024-04-04 17:11:00,9,割煤高位,False,正常,1352,3
2024-04-04 17:12:00,2024-04-04 17:12:00,1,调架中,False,正常,1353,3
2024-04-04 17:13:00,2024-04-04 17:16:00,4,割煤高位,False,正常,1354,3
2024-04-04 17:17:00,2024-04-04 17:37:00,21,待机-高位,False,正常,1355,3
2024-04-04 17:38:00,2024-04-04 17:43:00,6,割煤高位,False,正常,1356,3
2024-04-04 17:44:00,2024-04-04 17:45:00,2,调架中,False,正常,1357,3
2024-04-04 17:46:00,2024-04-04 17:46:00,1,割煤高位,False,正常,1358,3
2024-04-04 17:47:00,2024-04-04 17:47:00,1,割煤中位,False,正常,1359,3
2024-04-04 17:48:00,2024-04-04 17:48:00,1,割煤高位,False,正常,1360,3
2024-04-04 17:49:00,2024-04-04 17:53:00,5,割煤中位,False,正常,1361,3
2024-04-04 17:54:00,2024-04-04 18:01:00,8,割煤高位,False,正常,1362,3
2024-04-04 18:02:00,2024-04-04 18:06:00,5,割煤中位,False,正常,1363,3
2024-04-04 18:07:00,2024-04-04 18:11:00,5,割煤高位,False,正常,1364,3
2024-04-04 18:12:00,2024-04-04 18:21:00,10,割煤中位,False,正常,1365,3
2024-04-04 18:22:00,2024-04-04 18:23:00,2,割煤高位,False,正常,1366,3
2024-04-04 18:24:00,2024-04-04 18:24:00,1,待机-高位,False,正常,1367,3
2024-04-04 18:25:00,2024-04-04 18:25:00,1,割煤中位,False,正常,1368,3
2024-04-04 18:26:00,2024-04-04 18:26:00,1,调架中,False,正常,1369,3
2024-04-04 18:27:00,2024-04-04 18:27:00,1,割煤高位,False,正常,1370,3
2024-04-04 18:28:00,2024-04-04 18:29:00,2,调架中,False,正常,1371,3
2024-04-04 18:30:00,2024-04-04 18:32:00,3,割煤高位,False,正常,1372,3
2024-04-04 18:33:00,2024-04-04 18:36:00,4,割煤中位,False,正常,1373,3
2024-04-04 18:37:00,2024-04-04 18:38:00,2,割煤高位,False,正常,1374,3
2024-04-04 18:39:00,2024-04-04 18:39:00,1,调架中,False,正常,1375,3
2024-04-04 18:40:00,2024-04-04 18:46:00,7,割煤高位,False,正常,1376,3
2024-04-04 18:47:00,2024-04-04 18:48:00,2,调架中,False,正常,1377,3
2024-04-04 18:49:00,2024-04-04 18:49:00,1,割煤高位,False,正常,1378,3
2024-04-04 18:50:00,2024-04-04 18:50:00,1,调架中,False,正常,1379,3
2024-04-04 18:51:00,2024-04-04 18:55:00,5,割煤高位,False,正常,1380,3
2024-04-04 18:56:00,2024-04-04 18:56:00,1,调架中,False,正常,1381,3
2024-04-04 18:57:00,2024-04-04 18:59:00,3,割煤高位,False,正常,1382,3
2024-04-04 19:00:00,2024-04-04 19:00:00,1,割煤中位,False,正常,1383,3
2024-04-04 19:01:00,2024-04-04 19:03:00,3,割煤高位,False,正常,1384,3
2024-04-04 19:04:00,2024-04-04 19:06:00,3,割煤中位,False,正常,1385,3
2024-04-04 19:07:00,2024-04-04 19:12:00,6,割煤高位,False,正常,1386,3
2024-04-04 19:13:00,2024-04-04 19:18:00,6,割煤中位,False,正常,1387,3
2024-04-04 19:19:00,2024-04-04 19:26:00,8,割煤高位,False,正常,1388,3
2024-04-04 19:27:00,2024-04-04 19:28:00,2,调架中,False,正常,1389,3
2024-04-04 19:29:00,2024-04-04 19:29:00,1,割煤高位,False,正常,1390,3
2024-04-04 19:30:00,2024-04-04 19:31:00,2,调架中,False,正常,1391,3
2024-04-04 19:32:00,2024-04-04 19:32:00,1,待机-高位,False,正常,1392,3
2024-04-04 19:33:00,2024-04-04 19:38:00,6,割煤高位,False,正常,1393,3
2024-04-04 19:39:00,2024-04-04 19:39:00,1,调架中,False,正常,1394,3
2024-04-04 19:40:00,2024-04-04 19:41:00,2,割煤高位,False,正常,1395,3
2024-04-04 19:42:00,2024-04-04 19:42:00,1,调架中,False,正常,1396,3
2024-04-04 19:43:00,2024-04-04 19:46:00,4,割煤高位,False,正常,1397,3
2024-04-04 19:47:00,2024-04-04 19:48:00,2,待机,False,正常,1398,3
2024-04-04 19:49:00,2024-04-04 19:49:00,1,调架中,False,正常,1399,3
2024-04-04 19:50:00,2024-04-04 19:50:00,1,割煤高位,False,正常,1400,3
2024-04-04 19:51:00,2024-04-04 19:54:00,4,待机-高位,False,正常,1401,3
2024-04-04 19:55:00,2024-04-04 19:56:00,2,割煤中位,False,正常,1402,3
2024-04-04 19:57:00,2024-04-04 19:57:00,1,割煤高位,False,正常,1403,3
2024-04-04 19:58:00,2024-04-04 19:58:00,1,调架中,False,正常,1404,3
2024-04-04 19:59:00,2024-04-04 19:59:00,1,割煤高位,False,正常,1405,3
2024-04-04 20:00:00,2024-04-04 20:00:00,1,待机-高位,False,正常,1406,3
2024-04-04 20:01:00,2024-04-04 20:02:00,2,割煤高位,False,正常,1407,3
2024-04-04 20:03:00,2024-04-04 20:03:00,1,割煤中位,False,正常,1408,3
2024-04-04 20:04:00,2024-04-04 20:06:00,3,割煤高位,False,正常,1409,3
2024-04-04 20:07:00,2024-04-04 20:08:00,2,调架中,False,正常,1410,3
2024-04-04 20:09:00,2024-04-04 20:11:00,3,割煤高位,False,正常,1411,3
2024-04-04 20:12:00,2024-04-04 20:18:00,7,割煤中位,False,正常,1412,3
2024-04-04 20:19:00,2024-04-04 20:23:00,5,割煤高位,False,正常,1413,3
2024-04-04 20:24:00,2024-04-04 20:29:00,6,割煤中位,False,正常,1414,3
2024-04-04 20:30:00,2024-04-04 20:31:00,2,割煤高位,False,正常,1415,3
2024-04-04 20:32:00,2024-04-04 20:34:00,3,待机-高位,False,正常,1416,3
2024-04-04 20:35:00,2024-04-04 20:41:00,7,割煤中位,False,正常,1417,3
2024-04-04 20:42:00,2024-04-04 20:43:00,2,割煤高位,False,正常,1418,3
2024-04-04 20:44:00,2024-04-04 20:47:00,4,割煤中位,False,正常,1419,3
2024-04-04 20:48:00,2024-04-04 20:48:00,1,调架中,False,正常,1420,3
2024-04-04 20:49:00,2024-04-04 20:53:00,5,割煤中位,False,正常,1421,3
2024-04-04 20:54:00,2024-04-04 20:54:00,1,待机-高位,False,正常,1422,3
2024-04-04 20:55:00,2024-04-04 20:56:00,2,割煤中位,False,正常,1423,3
2024-04-04 20:57:00,2024-04-04 20:59:00,3,割煤高位,False,正常,1424,3
2024-04-04 21:00:00,2024-04-04 21:02:00,3,调架中,False,正常,1425,3
2024-04-04 21:03:00,2024-04-04 21:04:00,2,割煤中位,False,正常,1426,3
2024-04-04 21:05:00,2024-04-04 21:07:00,3,割煤高位,False,正常,1427,3
2024-04-04 21:08:00,2024-04-04 21:08:00,1,割煤中位,False,正常,1428,3
2024-04-04 21:09:00,2024-04-04 21:09:00,1,调架中,False,正常,1429,3
2024-04-04 21:10:00,2024-04-04 21:13:00,4,割煤中位,False,正常,1430,3
2024-04-04 21:14:00,2024-04-04 21:15:00,2,调架中,False,正常,1431,3
2024-04-04 21:16:00,2024-04-04 21:16:00,1,割煤中位,False,正常,1432,3
2024-04-04 21:17:00,2024-04-04 21:19:00,3,割煤高位,False,正常,1433,3
2024-04-04 21:20:00,2024-04-04 21:21:00,2,割煤中位,False,正常,1434,3
2024-04-04 21:22:00,2024-04-04 21:22:00,1,调架中,False,正常,1435,3
2024-04-04 21:23:00,2024-04-04 21:23:00,1,割煤高位,False,正常,1436,3
2024-04-04 21:24:00,2024-04-04 21:28:00,5,割煤中位,False,正常,1437,3
2024-04-04 21:29:00,2024-04-04 21:32:00,4,割煤高位,False,正常,1438,3
2024-04-04 21:33:00,2024-04-04 21:35:00,3,割煤中位,False,正常,1439,3
2024-04-04 21:36:00,2024-04-04 21:36:00,1,调架中,False,正常,1440,3
2024-04-04 21:37:00,2024-04-04 21:43:00,7,割煤中位,False,正常,1441,3
2024-04-04 21:44:00,2024-04-04 21:45:00,2,割煤高位,False,正常,1442,3
2024-04-04 21:46:00,2024-04-04 21:46:00,1,调架中,False,正常,1443,3
2024-04-04 21:47:00,2024-04-04 21:53:00,7,割煤高位,False,正常,1444,3
2024-04-04 21:54:00,2024-04-04 21:54:00,1,调架中,False,正常,1445,3
2024-04-04 21:55:00,2024-04-04 21:56:00,2,割煤高位,False,正常,1446,3
2024-04-04 21:57:00,2024-04-04 21:57:00,1,割煤中位,False,正常,1447,3
2024-04-04 21:58:00,2024-04-04 22:02:00,5,待机,False,正常,1448,3
2024-04-04 22:03:00,2024-04-04 22:06:00,4,割煤中位,False,正常,1449,3
2024-04-04 22:07:00,2024-04-04 22:07:00,1,调架中,False,正常,1450,3
2024-04-04 22:08:00,2024-04-04 22:09:00,2,割煤中位,False,正常,1451,3
2024-04-04 22:10:00,2024-04-04 22:10:00,1,调架中,False,正常,1452,3
2024-04-04 22:11:00,2024-04-04 22:11:00,1,割煤中位,False,正常,1453,3
2024-04-04 22:12:00,2024-04-04 22:12:00,1,调架中,False,正常,1454,3
2024-04-04 22:13:00,2024-04-04 22:16:00,4,割煤中位,False,正常,1455,3
2024-04-04 22:17:00,2024-04-04 22:17:00,1,调架中,False,正常,1456,3
2024-04-04 22:18:00,2024-04-04 22:25:00,8,割煤中位,False,正常,1457,3
2024-04-04 22:26:00,2024-04-04 22:27:00,2,割煤高位,False,正常,1458,3
2024-04-04 22:28:00,2024-04-04 22:34:00,7,割煤中位,False,正常,1459,3
2024-04-04 22:35:00,2024-04-04 22:35:00,1,割煤高位,False,正常,1460,3
2024-04-04 22:36:00,2024-04-04 22:36:00,1,割煤中位,False,正常,1461,3
2024-04-04 22:37:00,2024-04-04 22:40:00,4,割煤高位,False,正常,1462,3
2024-04-04 22:41:00,2024-04-04 22:48:00,8,割煤中位,False,正常,1463,3
2024-04-04 22:49:00,2024-04-04 22:49:00,1,割煤高位,False,正常,1464,3
2024-04-04 22:50:00,2024-04-04 22:50:00,1,割煤中位,False,正常,1465,3
2024-04-04 22:51:00,2024-04-04 22:51:00,1,调架中,False,正常,1466,3
2024-04-04 22:52:00,2024-04-04 22:53:00,2,割煤中位,False,正常,1467,3
2024-04-04 22:54:00,2024-04-04 22:54:00,1,调架中,False,正常,1468,3
2024-04-04 22:55:00,2024-04-04 22:55:00,1,割煤中位,False,正常,1469,3
2024-04-04 22:56:00,2024-04-04 22:59:00,4,待机,False,正常,1470,3
2024-04-04 23:00:00,2024-04-04 23:03:00,4,割煤中位,False,正常,1471,3
2024-04-04 23:04:00,2024-04-04 23:04:00,1,调架中,False,正常,1472,3
2024-04-04 23:05:00,2024-04-04 23:05:00,1,割煤中位,False,正常,1473,3
2024-04-04 23:06:00,2024-04-04 23:06:00,1,调架中,False,正常,1474,3
2024-04-04 23:07:00,2024-04-04 23:07:00,1,待机,False,正常,1475,3
2024-04-04 23:08:00,2024-04-04 23:08:00,1,调架中,False,正常,1476,3
2024-04-04 23:09:00,2024-04-04 23:11:00,3,割煤中位,False,正常,1477,3
2024-04-04 23:12:00,2024-04-04 23:15:00,4,待机-高位,False,正常,1478,3
2024-04-04 23:16:00,2024-04-04 23:17:00,2,调架中,False,正常,1479,3
2024-04-04 23:18:00,2024-04-04 23:27:00,10,割煤中位,False,正常,1480,3
2024-04-04 23:28:00,2024-04-04 23:29:00,2,调架中,False,正常,1481,3
2024-04-04 23:30:00,2024-04-04 23:31:00,2,割煤中位,False,正常,1482,3
2024-04-04 23:32:00,2024-04-04 23:32:00,1,待机-高位,False,正常,1483,3
2024-04-04 23:33:00,2024-04-04 23:33:00,1,割煤中位,False,正常,1484,3
2024-04-04 23:34:00,2024-04-04 23:37:00,4,割煤高位,False,正常,1485,3
2024-04-04 23:38:00,2024-04-04 23:38:00,1,调架中,False,正常,1486,3
2024-04-04 23:39:00,2024-04-04 23:39:00,1,割煤高位,False,正常,1487,3
2024-04-04 23:40:00,2024-04-04 23:40:00,1,调架中,False,正常,1488,3
2024-04-04 23:41:00,2024-04-04 23:42:00,2,割煤高位,False,正常,1489,3
2024-04-04 23:43:00,2024-04-04 23:46:00,4,调架中,False,正常,1490,3
2024-04-04 23:47:00,2024-04-04 23:47:00,1,割煤中位,False,正常,1491,3
2024-04-04 23:48:00,2024-04-04 23:48:00,1,调架中,False,正常,1492,3
2024-04-04 23:49:00,2024-04-04 23:51:00,3,待机-高位,False,正常,1493,3
2024-04-04 23:52:00,2024-04-04 23:52:00,1,调架中,False,正常,1494,3
2024-04-04 23:53:00,2024-04-05 00:02:00,10,待机-高位,False,正常,1495,3
2024-04-05 00:03:00,2024-04-05 00:04:00,2,割煤高位,False,正常,1496,3
2024-04-05 00:05:00,2024-04-05 00:05:00,1,调架中,False,正常,1497,3
2024-04-05 00:06:00,2024-04-05 00:09:00,4,割煤高位,False,正常,1498,3
2024-04-05 00:10:00,2024-04-05 00:11:00,2,割煤中位,False,正常,1499,3
2024-04-05 00:12:00,2024-04-05 00:17:00,6,割煤高位,False,正常,1500,3
2024-04-05 00:18:00,2024-04-05 00:20:00,3,割煤中位,False,正常,1501,3
2024-04-05 00:21:00,2024-04-05 00:21:00,1,割煤高位,False,正常,1502,3
2024-04-05 00:22:00,2024-04-05 00:26:00,5,割煤中位,False,正常,1503,3
2024-04-05 00:27:00,2024-04-05 00:28:00,2,割煤高位,False,正常,1504,3
2024-04-05 00:29:00,2024-04-05 00:30:00,2,调架中,False,正常,1505,3
2024-04-05 00:31:00,2024-04-05 00:31:00,1,割煤高位,False,正常,1506,3
2024-04-05 00:32:00,2024-04-05 00:32:00,1,调架中,False,正常,1507,3
2024-04-05 00:33:00,2024-04-05 00:35:00,3,割煤高位,False,正常,1508,3
2024-04-05 00:36:00,2024-04-05 00:36:00,1,调架中,False,正常,1509,3
2024-04-05 00:37:00,2024-04-05 00:37:00,1,割煤中位,False,正常,1510,3
2024-04-05 00:38:00,2024-04-05 00:38:00,1,调架中,False,正常,1511,3
2024-04-05 00:39:00,2024-04-05 00:39:00,1,割煤中位,False,正常,1512,3
2024-04-05 00:40:00,2024-04-05 00:40:00,1,调架中,False,正常,1513,3
2024-04-05 00:41:00,2024-04-05 00:41:00,1,割煤中位,False,正常,1514,3
2024-04-05 00:42:00,2024-04-05 00:48:00,7,割煤高位,False,正常,1515,3
2024-04-05 00:49:00,2024-04-05 00:52:00,4,割煤中位,False,正常,1516,3
2024-04-05 00:53:00,2024-04-05 00:53:00,1,调架中,False,正常,1517,3
2024-04-05 00:54:00,2024-04-05 00:54:00,1,割煤中位,False,正常,1518,3
2024-04-05 00:55:00,2024-04-05 00:56:00,2,调架中,False,正常,1519,3
2024-04-05 00:57:00,2024-04-05 00:59:00,3,割煤中位,False,正常,1520,3
2024-04-05 01:00:00,2024-04-05 01:05:00,6,调架中,False,正常,1521,3
2024-04-05 01:06:00,2024-04-05 01:10:00,5,割煤中位,False,正常,1522,3
2024-04-05 01:11:00,2024-04-05 01:13:00,3,调架中,False,正常,1523,3
2024-04-05 01:14:00,2024-04-05 01:15:00,2,割煤中位,False,正常,1524,3
2024-04-05 01:16:00,2024-04-05 01:17:00,2,割煤低位,False,正常,1525,3
2024-04-05 01:18:00,2024-04-05 01:22:00,5,割煤中位,False,正常,1526,3
2024-04-05 01:23:00,2024-04-05 01:24:00,2,调架中,False,正常,1527,3
2024-04-05 01:25:00,2024-04-05 01:26:00,2,割煤中位,False,正常,1528,3
2024-04-05 01:27:00,2024-04-05 01:27:00,1,调架中,False,正常,1529,3
2024-04-05 01:28:00,2024-04-05 01:33:00,6,割煤中位,False,正常,1530,3
2024-04-05 01:34:00,2024-04-05 01:37:00,4,割煤高位,False,正常,1531,3
2024-04-05 01:38:00,2024-04-05 01:42:00,5,调架中,False,正常,1532,3
2024-04-05 01:43:00,2024-04-05 01:45:00,3,割煤高位,False,正常,1533,3
2024-04-05 01:46:00,2024-04-05 01:46:00,1,调架中,False,正常,1534,3
2024-04-05 01:47:00,2024-04-05 01:47:00,1,待机,False,正常,1535,3
2024-04-05 01:48:00,2024-04-05 01:50:00,3,割煤中位,False,正常,1536,3
2024-04-05 01:51:00,2024-04-05 01:51:00,1,调架中,False,正常,1537,3
2024-04-05 01:52:00,2024-04-05 01:52:00,1,割煤高位,False,正常,1538,3
2024-04-05 01:53:00,2024-04-05 01:53:00,1,调架中,False,正常,1539,3
2024-04-05 01:54:00,2024-04-05 01:54:00,1,割煤高位,False,正常,1540,3
2024-04-05 01:55:00,2024-04-05 02:01:00,7,待机-高位,False,正常,1541,3
2024-04-05 02:02:00,2024-04-05 02:03:00,2,调架中,False,正常,1542,3
2024-04-05 02:04:00,2024-04-05 02:06:00,3,割煤高位,False,正常,1543,3
2024-04-05 02:07:00,2024-04-05 02:08:00,2,割煤中位,False,正常,1544,3
2024-04-05 02:09:00,2024-04-05 02:09:00,1,待机-高位,False,正常,1545,3
2024-04-05 02:10:00,2024-04-05 02:18:00,9,割煤中位,False,正常,1546,3
2024-04-05 02:19:00,2024-04-05 02:19:00,1,待机,False,正常,1547,3
2024-04-05 02:20:00,2024-04-05 02:21:00,2,割煤中位,False,正常,1548,3
2024-04-05 02:22:00,2024-04-05 02:23:00,2,调架中,False,正常,1549,3
2024-04-05 02:24:00,2024-04-05 02:26:00,3,割煤中位,False,正常,1550,3
2024-04-05 02:27:00,2024-04-05 02:30:00,4,调架中,False,正常,1551,3
2024-04-05 02:31:00,2024-04-05 02:31:00,1,割煤中位,False,正常,1552,3
2024-04-05 02:32:00,2024-04-05 02:32:00,1,调架中,False,正常,1553,3
2024-04-05 02:33:00,2024-04-05 02:34:00,2,割煤中位,False,正常,1554,3
2024-04-05 02:35:00,2024-04-05 02:36:00,2,待机,False,正常,1555,3
2024-04-05 02:37:00,2024-04-05 02:37:00,1,调架中,False,正常,1556,3
2024-04-05 02:38:00,2024-04-05 02:38:00,1,割煤中位,False,正常,1557,3
2024-04-05 02:39:00,2024-04-05 02:39:00,1,调架中,False,正常,1558,3
2024-04-05 02:40:00,2024-04-05 02:43:00,4,割煤中位,False,正常,1559,3
2024-04-05 02:44:00,2024-04-05 02:45:00,2,调架中,False,正常,1560,3
2024-04-05 02:46:00,2024-04-05 02:46:00,1,割煤中位,False,正常,1561,3
2024-04-05 02:47:00,2024-04-05 02:47:00,1,调架中,False,正常,1562,3
2024-04-05 02:48:00,2024-04-05 02:48:00,1,割煤高位,False,正常,1563,3
2024-04-05 02:49:00,2024-04-05 02:50:00,2,调架中,False,正常,1564,3
2024-04-05 02:51:00,2024-04-05 02:52:00,2,割煤高位,False,正常,1565,3
2024-04-05 02:53:00,2024-04-05 02:53:00,1,调架中,False,正常,1566,3
2024-04-05 02:54:00,2024-04-05 02:58:00,5,待机-高位,False,正常,1567,3
2024-04-05 02:59:00,2024-04-05 02:59:00,1,调架中,False,正常,1568,3
2024-04-05 03:00:00,2024-04-05 03:00:00,1,割煤中位,False,正常,1569,3
2024-04-05 03:01:00,2024-04-05 03:01:00,1,调架中,False,正常,1570,3
2024-04-05 03:02:00,2024-04-05 03:03:00,2,割煤中位,False,正常,1571,3
2024-04-05 03:04:00,2024-04-05 03:06:00,3,待机,False,正常,1572,3
2024-04-05 03:07:00,2024-04-05 03:07:00,1,调架中,False,正常,1573,3
2024-04-05 03:08:00,2024-04-05 03:10:00,3,割煤中位,False,正常,1574,3
2024-04-05 03:11:00,2024-04-05 03:11:00,1,割煤高位,False,正常,1575,3
2024-04-05 03:12:00,2024-04-05 03:16:00,5,割煤中位,False,正常,1576,3
2024-04-05 03:17:00,2024-04-05 03:18:00,2,调架中,False,正常,1577,3
2024-04-05 03:19:00,2024-04-05 03:19:00,1,割煤中位,False,正常,1578,3
2024-04-05 03:20:00,2024-04-05 03:20:00,1,调架中,False,正常,1579,3
2024-04-05 03:21:00,2024-04-05 03:21:00,1,割煤高位,False,正常,1580,3
2024-04-05 03:22:00,2024-04-05 03:22:00,1,调架中,False,正常,1581,3
2024-04-05 03:23:00,2024-04-05 03:23:00,1,割煤高位,False,正常,1582,3
2024-04-05 03:24:00,2024-04-05 03:25:00,2,割煤中位,False,正常,1583,3
2024-04-05 03:26:00,2024-04-05 03:26:00,1,待机,False,正常,1584,3
2024-04-05 03:27:00,2024-04-05 03:29:00,3,割煤中位,False,正常,1585,3
2024-04-05 03:30:00,2024-04-05 03:30:00,1,调架中,False,正常,1586,3
2024-04-05 03:31:00,2024-04-05 03:31:00,1,割煤中位,False,正常,1587,3
2024-04-05 03:32:00,2024-04-05 03:36:00,5,割煤高位,False,正常,1588,3
2024-04-05 03:37:00,2024-04-05 03:37:00,1,割煤中位,False,正常,1589,3
2024-04-05 03:38:00,2024-04-05 03:38:00,1,待机,False,正常,1590,3
2024-04-05 03:39:00,2024-04-05 03:44:00,6,割煤中位,False,正常,1591,3
2024-04-05 03:45:00,2024-04-05 03:45:00,1,割煤高位,False,正常,1592,3
2024-04-05 03:46:00,2024-04-05 03:47:00,2,割煤中位,False,正常,1593,3
2024-04-05 03:48:00,2024-04-05 03:48:00,1,割煤高位,False,正常,1594,3
2024-04-05 03:49:00,2024-04-05 03:49:00,1,割煤中位,False,正常,1595,3
2024-04-05 03:50:00,2024-04-05 03:50:00,1,调架中,False,正常,1596,3
2024-04-05 03:51:00,2024-04-05 03:57:00,7,割煤中位,False,正常,1597,3
2024-04-05 03:58:00,2024-04-05 03:59:00,2,调架中,False,正常,1598,3
2024-04-05 04:00:00,2024-04-05 04:06:00,7,割煤中位,False,正常,1599,3
2024-04-05 04:07:00,2024-04-05 04:08:00,2,调架中,False,正常,1600,3
2024-04-05 04:09:00,2024-04-05 04:16:00,8,割煤中位,False,正常,1601,3
2024-04-05 04:17:00,2024-04-05 04:17:00,1,调架中,False,正常,1602,3
2024-04-05 04:18:00,2024-04-05 04:19:00,2,割煤中位,False,正常,1603,3
2024-04-05 04:20:00,2024-04-05 04:20:00,1,割煤高位,False,正常,1604,3
2024-04-05 04:21:00,2024-04-05 04:21:00,1,割煤中位,False,正常,1605,3
2024-04-05 04:22:00,2024-04-05 04:23:00,2,割煤高位,False,正常,1606,3
2024-04-05 04:24:00,2024-04-05 04:24:00,1,调架中,False,正常,1607,3
2024-04-05 04:25:00,2024-04-05 04:25:00,1,待机,False,正常,1608,3
2024-04-05 04:26:00,2024-04-05 04:26:00,1,调架中,False,正常,1609,3
2024-04-05 04:27:00,2024-04-05 04:28:00,2,割煤中位,False,正常,1610,3
2024-04-05 04:29:00,2024-04-05 04:32:00,4,割煤高位,False,正常,1611,3
2024-04-05 04:33:00,2024-04-05 04:34:00,2,割煤中位,False,正常,1612,3
2024-04-05 04:35:00,2024-04-05 04:35:00,1,调架中,False,正常,1613,3
2024-04-05 04:36:00,2024-04-05 04:42:00,7,割煤中位,False,正常,1614,3
2024-04-05 04:43:00,2024-04-05 04:43:00,1,调架中,False,正常,1615,3
2024-04-05 04:44:00,2024-04-05 04:51:00,8,割煤中位,False,正常,1616,3
2024-04-05 04:52:00,2024-04-05 04:54:00,3,割煤高位,False,正常,1617,3
2024-04-05 04:55:00,2024-04-05 04:57:00,3,割煤中位,False,正常,1618,3
2024-04-05 04:58:00,2024-04-05 04:58:00,1,调架中,False,正常,1619,3
2024-04-05 04:59:00,2024-04-05 05:01:00,3,割煤中位,False,正常,1620,3
2024-04-05 05:02:00,2024-04-05 05:05:00,4,割煤高位,False,正常,1621,3
2024-04-05 05:06:00,2024-04-05 05:06:00,1,调架中,False,正常,1622,3
2024-04-05 05:07:00,2024-04-05 05:07:00,1,割煤中位,False,正常,1623,3
2024-04-05 05:08:00,2024-04-05 05:08:00,1,调架中,False,正常,1624,3
2024-04-05 05:09:00,2024-04-05 05:11:00,3,待机,False,正常,1625,3
2024-04-05 05:12:00,2024-04-05 05:14:00,3,调架中,False,正常,1626,3
2024-04-05 05:15:00,2024-04-05 05:17:00,3,待机,False,正常,1627,3
2024-04-05 05:18:00,2024-04-05 05:20:00,3,调架中,False,正常,1628,3
2024-04-05 05:21:00,2024-04-05 05:21:00,1,割煤中位,False,正常,1629,3
2024-04-05 05:22:00,2024-04-05 05:22:00,1,调架中,False,正常,1630,3
2024-04-05 05:23:00,2024-04-05 05:25:00,3,待机,False,正常,1631,3
2024-04-05 05:26:00,2024-04-05 05:27:00,2,调架中,False,正常,1632,3
2024-04-05 05:28:00,2024-04-05 05:31:00,4,割煤中位,False,正常,1633,3
2024-04-05 05:32:00,2024-04-05 05:56:00,25,待机,False,正常,1634,3
2024-04-05 05:57:00,2024-04-05 05:59:00,3,割煤中位,False,正常,1635,3
2024-04-05 06:00:00,2024-04-05 06:01:00,2,割煤高位,False,正常,1636,3
2024-04-05 06:02:00,2024-04-05 06:02:00,1,调架中,False,正常,1637,3
2024-04-05 06:03:00,2024-04-05 06:04:00,2,割煤高位,False,正常,1638,3
2024-04-05 06:05:00,2024-04-05 06:06:00,2,调架中,False,正常,1639,3
2024-04-05 06:07:00,2024-04-05 06:08:00,2,割煤中位,False,正常,1640,3
2024-04-05 06:09:00,2024-04-05 06:09:00,1,割煤高位,False,正常,1641,3
2024-04-05 06:10:00,2024-04-05 06:10:00,1,割煤中位,False,正常,1642,3
2024-04-05 06:11:00,2024-04-05 06:11:00,1,调架中,False,正常,1643,3
2024-04-05 06:12:00,2024-04-05 06:13:00,2,割煤高位,False,正常,1644,3
2024-04-05 06:14:00,2024-04-05 06:17:00,4,割煤中位,False,正常,1645,3
2024-04-05 06:18:00,2024-04-05 06:22:00,5,割煤高位,False,正常,1646,3
2024-04-05 06:23:00,2024-04-05 06:24:00,2,割煤中位,False,正常,1647,3
2024-04-05 06:25:00,2024-04-05 06:25:00,1,调架中,False,正常,1648,3
2024-04-05 06:26:00,2024-04-05 06:26:00,1,割煤高位,False,正常,1649,3
2024-04-05 06:27:00,2024-04-05 06:27:00,1,割煤中位,False,正常,1650,3
2024-04-05 06:28:00,2024-04-05 06:30:00,3,割煤高位,False,正常,1651,3
2024-04-05 06:31:00,2024-04-05 06:31:00,1,调架中,False,正常,1652,3
2024-04-05 06:32:00,2024-04-05 06:41:00,10,割煤中位,False,正常,1653,3
2024-04-05 06:42:00,2024-04-05 06:42:00,1,割煤高位,False,正常,1654,3
2024-04-05 06:43:00,2024-04-05 06:45:00,3,调架中,False,正常,1655,3
2024-04-05 06:46:00,2024-04-05 06:47:00,2,割煤中位,False,正常,1656,3
2024-04-05 06:48:00,2024-04-05 06:49:00,2,待机-高位,False,正常,1657,3
2024-04-05 06:50:00,2024-04-05 06:50:00,1,调架中,False,正常,1658,3
2024-04-05 06:51:00,2024-04-05 06:51:00,1,割煤高位,False,正常,1659,3
2024-04-05 06:52:00,2024-04-05 06:54:00,3,调架中,False,正常,1660,3
2024-04-05 06:55:00,2024-04-05 06:55:00,1,待机,False,正常,1661,3
2024-04-05 06:56:00,2024-04-05 07:02:00,7,割煤中位,False,正常,1662,3
2024-04-05 07:03:00,2024-04-05 07:16:00,14,待机,False,正常,1663,3
2024-04-05 07:17:00,2024-04-05 07:28:00,12,割煤中位,False,正常,1664,3
2024-04-05 07:29:00,2024-04-05 07:32:00,4,割煤高位,False,正常,1665,3
2024-04-05 07:33:00,2024-04-05 07:37:00,5,调架中,False,正常,1666,3
2024-04-05 07:38:00,2024-04-05 07:41:00,4,割煤中位,False,正常,1667,3
2024-04-05 07:42:00,2024-04-05 07:47:00,6,割煤高位,False,正常,1668,3
2024-04-05 07:48:00,2024-04-05 07:48:00,1,调架中,False,正常,1669,3
2024-04-05 07:49:00,2024-04-05 07:49:00,1,割煤中位,False,正常,1670,3
2024-04-05 07:50:00,2024-04-05 07:50:00,1,待机-高位,False,正常,1671,3
2024-04-05 07:51:00,2024-04-05 07:54:00,4,割煤中位,False,正常,1672,3
2024-04-05 07:55:00,2024-04-05 07:55:00,1,调架中,False,正常,1673,3
2024-04-05 07:56:00,2024-04-05 08:03:00,8,割煤中位,False,正常,1674,3
2024-04-05 08:04:00,2024-04-05 08:04:00,1,调架中,False,正常,1675,3
2024-04-05 08:05:00,2024-04-05 08:05:00,1,割煤中位,False,正常,1676,3
2024-04-05 08:06:00,2024-04-05 08:06:00,1,调架中,False,正常,1677,3
2024-04-05 08:07:00,2024-04-05 08:13:00,7,待机,False,正常,1678,3
2024-04-05 08:14:00,2024-04-05 08:17:00,4,割煤中位,False,正常,1679,3
2024-04-05 08:18:00,2024-04-05 08:18:00,1,调架中,False,正常,1680,3
2024-04-05 08:19:00,2024-04-05 08:19:00,1,割煤中位,False,正常,1681,3
2024-04-05 08:20:00,2024-04-05 08:22:00,3,调架中,False,正常,1682,3
2024-04-05 08:23:00,2024-04-05 08:36:00,14,待机,False,正常,1683,3
2024-04-05 08:37:00,2024-04-05 08:40:00,4,待机-高位,False,正常,1684,3
2024-04-05 08:41:00,2024-04-05 08:43:00,3,割煤中位,False,正常,1685,3
2024-04-05 08:44:00,2024-04-05 08:44:00,1,调架中,False,正常,1686,3
2024-04-05 08:45:00,2024-04-05 08:46:00,2,割煤高位,False,正常,1687,3
2024-04-05 08:47:00,2024-04-05 08:50:00,4,割煤中位,False,正常,1688,3
2024-04-05 08:51:00,2024-04-05 08:55:00,5,调架中,False,正常,1689,3
2024-04-05 08:56:00,2024-04-05 09:03:00,8,待机,False,正常,1690,3
2024-04-05 09:04:00,2024-04-05 09:06:00,3,割煤中位,False,正常,1691,3
2024-04-05 09:07:00,2024-04-05 09:07:00,1,调架中,False,正常,1692,3
2024-04-05 09:08:00,2024-04-05 09:08:00,1,割煤中位,False,正常,1693,3
2024-04-05 09:09:00,2024-04-05 09:09:00,1,割煤高位,False,正常,1694,3
2024-04-05 09:10:00,2024-04-05 09:12:00,3,调架中,False,正常,1695,3
2024-04-05 09:13:00,2024-04-05 09:25:00,13,待机-高位,False,正常,1696,3
2024-04-05 09:26:00,2024-04-05 09:26:00,1,调架中,False,正常,1697,3
2024-04-05 09:27:00,2024-04-05 09:27:00,1,割煤高位,False,正常,1698,3
2024-04-05 09:28:00,2024-04-05 09:32:00,5,割煤中位,False,正常,1699,3
2024-04-05 09:33:00,2024-04-05 09:34:00,2,割煤高位,False,正常,1700,3
2024-04-05 09:35:00,2024-04-05 09:37:00,3,割煤中位,False,正常,1701,3
2024-04-05 09:38:00,2024-04-05 09:45:00,8,割煤高位,False,正常,1702,3
2024-04-05 09:46:00,2024-04-05 09:50:00,5,割煤中位,False,正常,1703,3
2024-04-05 09:51:00,2024-04-05 09:55:00,5,割煤高位,False,正常,1704,3
2024-04-05 09:56:00,2024-04-05 09:56:00,1,调架中,False,正常,1705,3
2024-04-05 09:57:00,2024-04-05 09:57:00,1,割煤高位,False,正常,1706,3
2024-04-05 09:58:00,2024-04-05 09:58:00,1,调架中,False,正常,1707,3
2024-04-05 09:59:00,2024-04-05 09:59:00,1,割煤高位,False,正常,1708,3
2024-04-05 10:00:00,2024-04-05 10:00:00,1,调架中,False,正常,1709,3
2024-04-05 10:01:00,2024-04-05 10:01:00,1,割煤中位,False,正常,1710,3
2024-04-05 10:02:00,2024-04-05 10:02:00,1,调架中,False,正常,1711,3
2024-04-05 10:03:00,2024-04-05 10:03:00,1,割煤中位,False,正常,1712,3
2024-04-05 10:04:00,2024-04-05 10:04:00,1,调架中,False,正常,1713,3
2024-04-05 10:05:00,2024-04-05 10:05:00,1,割煤中位,False,正常,1714,3
2024-04-05 10:06:00,2024-04-05 10:06:00,1,待机,False,正常,1715,3
2024-04-05 10:07:00,2024-04-05 10:07:00,1,调架中,False,正常,1716,3
2024-04-05 10:08:00,2024-04-05 10:08:00,1,割煤中位,False,正常,1717,3
2024-04-05 10:09:00,2024-04-05 10:10:00,2,待机,False,正常,1718,3
2024-04-05 10:11:00,2024-04-05 10:11:00,1,割煤中位,False,正常,1719,3
2024-04-05 10:12:00,2024-04-05 13:59:00,228,待机,False,正常,1720,3
2024-04-05 14:00:00,2024-04-05 14:59:00,60,停机,False,正常,1721,3
2024-04-05 15:00:00,2024-04-05 15:41:00,42,待机,False,正常,1722,3
2024-04-05 15:42:00,2024-04-05 15:42:00,1,割煤中位,False,正常,1723,3
2024-04-05 15:43:00,2024-04-05 15:44:00,2,待机,False,正常,1724,3
2024-04-05 15:45:00,2024-04-05 15:45:00,1,停机,False,正常,1725,3
2024-04-05 15:46:00,2024-04-05 15:48:00,3,待机,False,正常,1726,3
2024-04-05 15:49:00,2024-04-05 15:49:00,1,割煤中位,False,正常,1727,3
2024-04-05 15:50:00,2024-04-05 15:55:00,6,待机,False,正常,1728,3
2024-04-05 15:56:00,2024-04-05 15:58:00,3,割煤中位,False,正常,1729,3
2024-04-05 15:59:00,2024-04-05 15:59:00,1,调架中,False,正常,1730,3
2024-04-05 16:00:00,2024-04-05 16:00:00,1,割煤高位,False,正常,1731,3
2024-04-05 16:01:00,2024-04-05 16:01:00,1,调架中,False,正常,1732,3
2024-04-05 16:02:00,2024-04-05 16:03:00,2,割煤高位,False,正常,1733,3
2024-04-05 16:04:00,2024-04-05 16:04:00,1,调架中,False,正常,1734,3
2024-04-05 16:05:00,2024-04-05 16:08:00,4,割煤中位,False,正常,1735,3
2024-04-05 16:09:00,2024-04-05 16:10:00,2,调架中,False,正常,1736,3
2024-04-05 16:11:00,2024-04-05 16:12:00,2,割煤中位,False,正常,1737,3
2024-04-05 16:13:00,2024-04-05 16:15:00,3,调架中,False,正常,1738,3
2024-04-05 16:16:00,2024-04-05 16:16:00,1,待机-高位,False,正常,1739,3
2024-04-05 16:17:00,2024-04-05 16:18:00,2,割煤中位,False,正常,1740,3
2024-04-05 16:19:00,2024-04-05 16:20:00,2,待机,False,正常,1741,3
2024-04-05 16:21:00,2024-04-05 16:21:00,1,割煤中位,False,正常,1742,3
2024-04-05 16:22:00,2024-04-05 16:22:00,1,调架中,False,正常,1743,3
2024-04-05 16:23:00,2024-04-05 16:31:00,9,割煤中位,False,正常,1744,3
2024-04-05 16:32:00,2024-04-05 16:32:00,1,割煤高位,False,正常,1745,3
2024-04-05 16:33:00,2024-04-05 16:34:00,2,割煤中位,False,正常,1746,3
2024-04-05 16:35:00,2024-04-05 16:35:00,1,调架中,False,正常,1747,3
2024-04-05 16:36:00,2024-04-05 16:39:00,4,割煤中位,False,正常,1748,3
2024-04-05 16:40:00,2024-04-05 16:45:00,6,待机,False,正常,1749,3
2024-04-05 16:46:00,2024-04-05 16:49:00,4,割煤中位,False,正常,1750,3
2024-04-05 16:50:00,2024-04-05 17:03:00,14,待机,False,正常,1751,3
2024-04-05 17:04:00,2024-04-05 17:07:00,4,割煤中位,False,正常,1752,3
2024-04-05 17:08:00,2024-04-05 17:11:00,4,待机,False,正常,1753,3
2024-04-05 17:12:00,2024-04-05 17:13:00,2,停机,False,正常,1754,3
2024-04-05 17:14:00,2024-04-05 17:14:00,1,待机,False,正常,1755,3
2024-04-05 17:15:00,2024-04-05 17:16:00,2,停机,False,正常,1756,3
2024-04-05 17:17:00,2024-04-05 17:28:00,12,割煤中位,False,正常,1757,3
2024-04-05 17:29:00,2024-04-05 17:29:00,1,调架中,False,正常,1758,3
2024-04-05 17:30:00,2024-04-05 17:34:00,5,割煤中位,False,正常,1759,3
2024-04-05 17:35:00,2024-04-05 17:35:00,1,调架中,False,正常,1760,3
2024-04-05 17:36:00,2024-04-05 17:36:00,1,割煤高位,False,正常,1761,3
2024-04-05 17:37:00,2024-04-05 17:37:00,1,调架中,False,正常,1762,3
2024-04-05 17:38:00,2024-04-05 17:38:00,1,割煤高位,False,正常,1763,3
2024-04-05 17:39:00,2024-04-05 17:39:00,1,待机-高位,False,正常,1764,3
2024-04-05 17:40:00,2024-04-05 17:43:00,4,割煤高位,False,正常,1765,3
2024-04-05 17:44:00,2024-04-05 17:45:00,2,割煤中位,False,正常,1766,3
2024-04-05 17:46:00,2024-04-05 17:46:00,1,调架中,False,正常,1767,3
2024-04-05 17:47:00,2024-04-05 17:48:00,2,割煤中位,False,正常,1768,3
2024-04-05 17:49:00,2024-04-05 17:51:00,3,割煤高位,False,正常,1769,3
2024-04-05 17:52:00,2024-04-05 17:52:00,1,调架中,False,正常,1770,3
2024-04-05 17:53:00,2024-04-05 17:54:00,2,割煤高位,False,正常,1771,3
2024-04-05 17:55:00,2024-04-05 17:55:00,1,调架中,False,正常,1772,3
2024-04-05 17:56:00,2024-04-05 17:59:00,4,割煤高位,False,正常,1773,3
2024-04-05 18:00:00,2024-04-05 18:00:00,1,调架中,False,正常,1774,3
2024-04-05 18:01:00,2024-04-05 18:02:00,2,割煤中位,False,正常,1775,3
2024-04-05 18:03:00,2024-04-05 18:04:00,2,调架中,False,正常,1776,3
2024-04-05 18:05:00,2024-04-05 18:05:00,1,割煤中位,False,正常,1777,3
2024-04-05 18:06:00,2024-04-05 18:07:00,2,调架中,False,正常,1778,3
2024-04-05 18:08:00,2024-04-05 18:08:00,1,待机,False,正常,1779,3
2024-04-05 18:09:00,2024-04-05 18:13:00,5,割煤中位,False,正常,1780,3
2024-04-05 18:14:00,2024-04-05 18:15:00,2,待机,False,正常,1781,3
2024-04-05 18:16:00,2024-04-05 18:18:00,3,割煤中位,False,正常,1782,3
2024-04-05 18:19:00,2024-04-05 18:19:00,1,割煤高位,False,正常,1783,3
2024-04-05 18:20:00,2024-04-05 18:22:00,3,调架中,False,正常,1784,3
2024-04-05 18:23:00,2024-04-05 18:24:00,2,割煤中位,False,正常,1785,3
2024-04-05 18:25:00,2024-04-05 18:25:00,1,调架中,False,正常,1786,3
2024-04-05 18:26:00,2024-04-05 18:32:00,7,割煤中位,False,正常,1787,3
2024-04-05 18:33:00,2024-04-05 18:34:00,2,待机,False,正常,1788,3
2024-04-05 18:35:00,2024-04-05 18:36:00,2,割煤中位,False,正常,1789,3
2024-04-05 18:37:00,2024-04-05 18:37:00,1,调架中,False,正常,1790,3
2024-04-05 18:38:00,2024-04-05 18:40:00,3,割煤中位,False,正常,1791,3
2024-04-05 18:41:00,2024-04-05 18:41:00,1,待机-高位,False,正常,1792,3
2024-04-05 18:42:00,2024-04-05 18:50:00,9,割煤中位,False,正常,1793,3
2024-04-05 18:51:00,2024-04-05 18:51:00,1,割煤高位,False,正常,1794,3
2024-04-05 18:52:00,2024-04-05 18:52:00,1,调架中,False,正常,1795,3
2024-04-05 18:53:00,2024-04-05 18:54:00,2,割煤中位,False,正常,1796,3
2024-04-05 18:55:00,2024-04-05 18:55:00,1,调架中,False,正常,1797,3
2024-04-05 18:56:00,2024-04-05 18:59:00,4,割煤中位,False,正常,1798,3
2024-04-05 19:00:00,2024-04-05 19:00:00,1,调架中,False,正常,1799,3
2024-04-05 19:01:00,2024-04-05 19:05:00,5,割煤高位,False,正常,1800,3
2024-04-05 19:06:00,2024-04-05 19:06:00,1,调架中,False,正常,1801,3
2024-04-05 19:07:00,2024-04-05 19:07:00,1,割煤高位,False,正常,1802,3
2024-04-05 19:08:00,2024-04-05 19:15:00,8,割煤中位,False,正常,1803,3
2024-04-05 19:16:00,2024-04-05 19:19:00,4,割煤高位,False,正常,1804,3
2024-04-05 19:20:00,2024-04-05 19:20:00,1,割煤中位,False,正常,1805,3
2024-04-05 19:21:00,2024-04-05 19:21:00,1,割煤高位,False,正常,1806,3
2024-04-05 19:22:00,2024-04-05 19:22:00,1,割煤中位,False,正常,1807,3
2024-04-05 19:23:00,2024-04-05 19:24:00,2,待机-高位,False,正常,1808,3
2024-04-05 19:25:00,2024-04-05 19:26:00,2,割煤中位,False,正常,1809,3
2024-04-05 19:27:00,2024-04-05 19:27:00,1,调架中,False,正常,1810,3
2024-04-05 19:28:00,2024-04-05 19:29:00,2,割煤中位,False,正常,1811,3
2024-04-05 19:30:00,2024-04-05 19:31:00,2,割煤高位,False,正常,1812,3
2024-04-05 19:32:00,2024-04-05 19:33:00,2,调架中,False,正常,1813,3
2024-04-05 19:34:00,2024-04-05 19:34:00,1,割煤高位,False,正常,1814,3
2024-04-05 19:35:00,2024-04-05 19:35:00,1,割煤中位,False,正常,1815,3
2024-04-05 19:36:00,2024-04-05 19:39:00,4,割煤高位,False,正常,1816,3
2024-04-05 19:40:00,2024-04-05 19:41:00,2,割煤中位,False,正常,1817,3
2024-04-05 19:42:00,2024-04-05 19:47:00,6,调架中,False,正常,1818,3
2024-04-05 19:48:00,2024-04-05 19:51:00,4,割煤高位,False,正常,1819,3
2024-04-05 19:52:00,2024-04-05 19:52:00,1,调架中,False,正常,1820,3
2024-04-05 19:53:00,2024-04-05 20:02:00,10,待机-高位,False,正常,1821,3
2024-04-05 20:03:00,2024-04-05 20:04:00,2,调架中,False,正常,1822,3
2024-04-05 20:05:00,2024-04-05 20:09:00,5,割煤高位,False,正常,1823,3
2024-04-05 20:10:00,2024-04-05 20:10:00,1,调架中,False,正常,1824,3
2024-04-05 20:11:00,2024-04-05 20:11:00,1,割煤高位,False,正常,1825,3
2024-04-05 20:12:00,2024-04-05 20:12:00,1,调架中,False,正常,1826,3
2024-04-05 20:13:00,2024-04-05 20:14:00,2,割煤高位,False,正常,1827,3
2024-04-05 20:15:00,2024-04-05 20:19:00,5,割煤中位,False,正常,1828,3
2024-04-05 20:20:00,2024-04-05 20:23:00,4,割煤高位,False,正常,1829,3
2024-04-05 20:24:00,2024-04-05 20:30:00,7,割煤中位,False,正常,1830,3
2024-04-05 20:31:00,2024-04-05 20:31:00,1,调架中,False,正常,1831,3
2024-04-05 20:32:00,2024-04-05 20:32:00,1,割煤中位,False,正常,1832,3
2024-04-05 20:33:00,2024-04-05 20:33:00,1,待机,False,正常,1833,3
2024-04-05 20:34:00,2024-04-05 20:34:00,1,割煤中位,False,正常,1834,3
2024-04-05 20:35:00,2024-04-05 20:35:00,1,割煤高位,False,正常,1835,3
2024-04-05 20:36:00,2024-04-05 20:36:00,1,调架中,False,正常,1836,3
2024-04-05 20:37:00,2024-04-05 20:38:00,2,割煤高位,False,正常,1837,3
2024-04-05 20:39:00,2024-04-05 20:39:00,1,割煤中位,False,正常,1838,3
2024-04-05 20:40:00,2024-04-05 20:40:00,1,调架中,False,正常,1839,3
2024-04-05 20:41:00,2024-04-05 20:41:00,1,割煤中位,False,正常,1840,3
2024-04-05 20:42:00,2024-04-05 20:42:00,1,调架中,False,正常,1841,3
2024-04-05 20:43:00,2024-04-05 20:44:00,2,割煤中位,False,正常,1842,3
2024-04-05 20:45:00,2024-04-05 20:46:00,2,调架中,False,正常,1843,3
2024-04-05 20:47:00,2024-04-05 20:48:00,2,割煤中位,False,正常,1844,3
2024-04-05 20:49:00,2024-04-05 20:49:00,1,调架中,False,正常,1845,3
2024-04-05 20:50:00,2024-04-05 20:55:00,6,割煤中位,False,正常,1846,3
2024-04-05 20:56:00,2024-04-05 20:58:00,3,割煤高位,False,正常,1847,3
2024-04-05 20:59:00,2024-04-05 20:59:00,1,调架中,False,正常,1848,3
2024-04-05 21:00:00,2024-04-05 21:00:00,1,割煤高位,False,正常,1849,3
2024-04-05 21:01:00,2024-04-05 21:05:00,5,待机-高位,False,正常,1850,3
2024-04-05 21:06:00,2024-04-05 21:06:00,1,调架中,False,正常,1851,3
2024-04-05 21:07:00,2024-04-05 21:11:00,5,割煤高位,False,正常,1852,3
2024-04-05 21:12:00,2024-04-05 21:12:00,1,调架中,False,正常,1853,3
2024-04-05 21:13:00,2024-04-05 21:13:00,1,割煤高位,False,正常,1854,3
2024-04-05 21:14:00,2024-04-05 21:14:00,1,割煤中位,False,正常,1855,3
2024-04-05 21:15:00,2024-04-05 21:17:00,3,割煤高位,False,正常,1856,3
2024-04-05 21:18:00,2024-04-05 21:19:00,2,调架中,False,正常,1857,3
2024-04-05 21:20:00,2024-04-05 21:23:00,4,割煤中位,False,正常,1858,3
2024-04-05 21:24:00,2024-04-05 21:24:00,1,待机,False,正常,1859,3
2024-04-05 21:25:00,2024-04-05 21:25:00,1,割煤中位,False,正常,1860,3
2024-04-05 21:26:00,2024-04-05 21:26:00,1,割煤高位,False,正常,1861,3
2024-04-05 21:27:00,2024-04-05 21:27:00,1,割煤中位,False,正常,1862,3
2024-04-05 21:28:00,2024-04-05 21:30:00,3,割煤高位,False,正常,1863,3
2024-04-05 21:31:00,2024-04-05 21:41:00,11,割煤中位,False,正常,1864,3
2024-04-05 21:42:00,2024-04-05 21:42:00,1,割煤高位,False,正常,1865,3
2024-04-05 21:43:00,2024-04-05 21:43:00,1,调架中,False,正常,1866,3
2024-04-05 21:44:00,2024-04-05 21:44:00,1,割煤高位,False,正常,1867,3
2024-04-05 21:45:00,2024-04-05 21:46:00,2,待机-高位,False,正常,1868,3
2024-04-05 21:47:00,2024-04-05 21:47:00,1,割煤高位,False,正常,1869,3
2024-04-05 21:48:00,2024-04-05 21:51:00,4,待机-高位,False,正常,1870,3
2024-04-05 21:52:00,2024-04-05 21:55:00,4,割煤高位,False,正常,1871,3
2024-04-05 21:56:00,2024-04-05 21:56:00,1,调架中,False,正常,1872,3
2024-04-05 21:57:00,2024-04-05 21:58:00,2,割煤高位,False,正常,1873,3
2024-04-05 21:59:00,2024-04-05 21:59:00,1,割煤中位,False,正常,1874,3
2024-04-05 22:00:00,2024-04-05 22:00:00,1,调架中,False,正常,1875,3
2024-04-05 22:01:00,2024-04-05 22:06:00,6,割煤高位,False,正常,1876,3
2024-04-05 22:07:00,2024-04-05 22:07:00,1,调架中,False,正常,1877,3
2024-04-05 22:08:00,2024-04-05 22:10:00,3,割煤高位,False,正常,1878,3
2024-04-05 22:11:00,2024-04-05 22:11:00,1,调架中,False,正常,1879,3
2024-04-05 22:12:00,2024-04-05 22:12:00,1,割煤高位,False,正常,1880,3
2024-04-05 22:13:00,2024-04-05 22:14:00,2,调架中,False,正常,1881,3
2024-04-05 22:15:00,2024-04-05 22:17:00,3,割煤高位,False,正常,1882,3
2024-04-05 22:18:00,2024-04-05 22:19:00,2,割煤中位,False,正常,1883,3
2024-04-05 22:20:00,2024-04-05 22:20:00,1,调架中,False,正常,1884,3
2024-04-05 22:21:00,2024-04-05 22:21:00,1,割煤中位,False,正常,1885,3
2024-04-05 22:22:00,2024-04-05 22:24:00,3,待机-高位,False,正常,1886,3
2024-04-05 22:25:00,2024-04-05 22:25:00,1,调架中,False,正常,1887,3
2024-04-05 22:26:00,2024-04-05 22:26:00,1,割煤高位,False,正常,1888,3
2024-04-05 22:27:00,2024-04-05 22:27:00,1,调架中,False,正常,1889,3
2024-04-05 22:28:00,2024-04-05 22:28:00,1,割煤中位,False,正常,1890,3
2024-04-05 22:29:00,2024-04-05 22:31:00,3,割煤高位,False,正常,1891,3
2024-04-05 22:32:00,2024-04-05 22:34:00,3,割煤中位,False,正常,1892,3
2024-04-05 22:35:00,2024-04-05 22:36:00,2,割煤高位,False,正常,1893,3
2024-04-05 22:37:00,2024-04-05 22:37:00,1,调架中,False,正常,1894,3
2024-04-05 22:38:00,2024-04-05 22:41:00,4,割煤高位,False,正常,1895,3
2024-04-05 22:42:00,2024-04-05 22:49:00,8,割煤中位,False,正常,1896,3
2024-04-05 22:50:00,2024-04-05 22:51:00,2,待机,False,正常,1897,3
2024-04-05 22:52:00,2024-04-05 22:58:00,7,割煤中位,False,正常,1898,3
2024-04-05 22:59:00,2024-04-05 22:59:00,1,调架中,False,正常,1899,3
2024-04-05 23:00:00,2024-04-05 23:04:00,5,割煤中位,False,正常,1900,3
2024-04-05 23:05:00,2024-04-05 23:05:00,1,调架中,False,正常,1901,3
2024-04-05 23:06:00,2024-04-05 23:08:00,3,割煤高位,False,正常,1902,3
2024-04-05 23:09:00,2024-04-05 23:18:00,10,待机-高位,False,正常,1903,3
2024-04-05 23:19:00,2024-04-05 23:19:00,1,调架中,False,正常,1904,3
2024-04-05 23:20:00,2024-04-06 00:07:00,48,待机-高位,False,正常,1905,3
2024-04-06 00:08:00,2024-04-06 00:08:00,1,调架中,False,正常,1906,3
2024-04-06 00:09:00,2024-04-06 00:14:00,6,待机-高位,False,正常,1907,3
2024-04-06 00:15:00,2024-04-06 00:17:00,3,割煤高位,False,正常,1908,3
2024-04-06 00:18:00,2024-04-06 00:18:00,1,调架中,False,正常,1909,3
2024-04-06 00:19:00,2024-04-06 00:30:00,12,割煤中位,False,正常,1910,3
2024-04-06 00:31:00,2024-04-06 00:32:00,2,割煤高位,False,正常,1911,3
2024-04-06 00:33:00,2024-04-06 00:37:00,5,割煤中位,False,正常,1912,3
2024-04-06 00:38:00,2024-04-06 00:38:00,1,待机-高位,False,正常,1913,3
2024-04-06 00:39:00,2024-04-06 00:43:00,5,割煤高位,False,正常,1914,3
2024-04-06 00:44:00,2024-04-06 00:44:00,1,调架中,False,正常,1915,3
2024-04-06 00:45:00,2024-04-06 00:54:00,10,割煤中位,False,正常,1916,3
2024-04-06 00:55:00,2024-04-06 00:56:00,2,割煤高位,False,正常,1917,3
2024-04-06 00:57:00,2024-04-06 00:59:00,3,待机-高位,False,正常,1918,3
2024-04-06 01:00:00,2024-04-06 01:00:00,1,调架中,False,正常,1919,3
2024-04-06 01:01:00,2024-04-06 01:02:00,2,割煤高位,False,正常,1920,3
2024-04-06 01:03:00,2024-04-06 01:03:00,1,调架中,False,正常,1921,3
2024-04-06 01:04:00,2024-04-06 01:07:00,4,割煤高位,False,正常,1922,3
2024-04-06 01:08:00,2024-04-06 01:08:00,1,割煤中位,False,正常,1923,3
2024-04-06 01:09:00,2024-04-06 01:10:00,2,调架中,False,正常,1924,3
2024-04-06 01:11:00,2024-04-06 01:12:00,2,割煤中位,False,正常,1925,3
2024-04-06 01:13:00,2024-04-06 01:13:00,1,调架中,False,正常,1926,3
2024-04-06 01:14:00,2024-04-06 01:18:00,5,割煤中位,False,正常,1927,3
2024-04-06 01:19:00,2024-04-06 01:25:00,7,调架中,False,正常,1928,3
2024-04-06 01:26:00,2024-04-06 01:27:00,2,割煤中位,False,正常,1929,3
2024-04-06 01:28:00,2024-04-06 01:28:00,1,割煤高位,False,正常,1930,3
2024-04-06 01:29:00,2024-04-06 01:29:00,1,调架中,False,正常,1931,3
2024-04-06 01:30:00,2024-04-06 01:30:00,1,割煤高位,False,正常,1932,3
2024-04-06 01:31:00,2024-04-06 01:34:00,4,割煤中位,False,正常,1933,3
2024-04-06 01:35:00,2024-04-06 01:39:00,5,割煤高位,False,正常,1934,3
2024-04-06 01:40:00,2024-04-06 01:40:00,1,调架中,False,正常,1935,3
2024-04-06 01:41:00,2024-04-06 01:41:00,1,割煤高位,False,正常,1936,3
2024-04-06 01:42:00,2024-04-06 01:43:00,2,割煤中位,False,正常,1937,3
2024-04-06 01:44:00,2024-04-06 01:44:00,1,调架中,False,正常,1938,3
2024-04-06 01:45:00,2024-04-06 01:52:00,8,割煤高位,False,正常,1939,3
2024-04-06 01:53:00,2024-04-06 01:58:00,6,割煤中位,False,正常,1940,3
2024-04-06 01:59:00,2024-04-06 02:01:00,3,割煤高位,False,正常,1941,3
2024-04-06 02:02:00,2024-04-06 02:05:00,4,割煤中位,False,正常,1942,3
2024-04-06 02:06:00,2024-04-06 02:06:00,1,待机-高位,False,正常,1943,3
2024-04-06 02:07:00,2024-04-06 02:07:00,1,割煤高位,False,正常,1944,3
2024-04-06 02:08:00,2024-04-06 02:15:00,8,待机-高位,False,正常,1945,3
2024-04-06 02:16:00,2024-04-06 02:16:00,1,调架中,False,正常,1946,3
2024-04-06 02:17:00,2024-04-06 02:20:00,4,割煤高位,False,正常,1947,3
2024-04-06 02:21:00,2024-04-06 02:26:00,6,割煤中位,False,正常,1948,3
2024-04-06 02:27:00,2024-04-06 02:27:00,1,调架中,False,正常,1949,3
2024-04-06 02:28:00,2024-04-06 02:28:00,1,割煤高位,False,正常,1950,3
2024-04-06 02:29:00,2024-04-06 02:30:00,2,割煤中位,False,正常,1951,3
2024-04-06 02:31:00,2024-04-06 02:32:00,2,割煤高位,False,正常,1952,3
2024-04-06 02:33:00,2024-04-06 02:33:00,1,割煤中位,False,正常,1953,3
2024-04-06 02:34:00,2024-04-06 02:36:00,3,割煤高位,False,正常,1954,3
2024-04-06 02:37:00,2024-04-06 02:38:00,2,割煤中位,False,正常,1955,3
2024-04-06 02:39:00,2024-04-06 02:41:00,3,割煤高位,False,正常,1956,3
2024-04-06 02:42:00,2024-04-06 02:42:00,1,调架中,False,正常,1957,3
2024-04-06 02:43:00,2024-04-06 02:44:00,2,割煤中位,False,正常,1958,3
2024-04-06 02:45:00,2024-04-06 02:50:00,6,割煤高位,False,正常,1959,3
2024-04-06 02:51:00,2024-04-06 02:51:00,1,调架中,False,正常,1960,3
2024-04-06 02:52:00,2024-04-06 02:55:00,4,割煤中位,False,正常,1961,3
2024-04-06 02:56:00,2024-04-06 02:56:00,1,调架中,False,正常,1962,3
2024-04-06 02:57:00,2024-04-06 02:58:00,2,割煤高位,False,正常,1963,3
2024-04-06 02:59:00,2024-04-06 03:00:00,2,割煤中位,False,正常,1964,3
2024-04-06 03:01:00,2024-04-06 03:02:00,2,调架中,False,正常,1965,3
2024-04-06 03:03:00,2024-04-06 03:05:00,3,待机,False,正常,1966,3
2024-04-06 03:06:00,2024-04-06 03:06:00,1,调架中,False,正常,1967,3
2024-04-06 03:07:00,2024-04-06 03:08:00,2,割煤中位,False,正常,1968,3
2024-04-06 03:09:00,2024-04-06 03:18:00,10,割煤高位,False,正常,1969,3
2024-04-06 03:19:00,2024-04-06 03:19:00,1,割煤中位,False,正常,1970,3
2024-04-06 03:20:00,2024-04-06 03:25:00,6,割煤高位,False,正常,1971,3
2024-04-06 03:26:00,2024-04-06 03:26:00,1,割煤中位,False,正常,1972,3
2024-04-06 03:27:00,2024-04-06 03:28:00,2,调架中,False,正常,1973,3
2024-04-06 03:29:00,2024-04-06 03:29:00,1,割煤高位,False,正常,1974,3
2024-04-06 03:30:00,2024-04-06 03:30:00,1,割煤中位,False,正常,1975,3
2024-04-06 03:31:00,2024-04-06 03:31:00,1,割煤高位,False,正常,1976,3
2024-04-06 03:32:00,2024-04-06 03:33:00,2,割煤中位,False,正常,1977,3
2024-04-06 03:34:00,2024-04-06 03:34:00,1,调架中,False,正常,1978,3
2024-04-06 03:35:00,2024-04-06 03:36:00,2,割煤中位,False,正常,1979,3
2024-04-06 03:37:00,2024-04-06 03:43:00,7,割煤高位,False,正常,1980,3
2024-04-06 03:44:00,2024-04-06 03:44:00,1,调架中,False,正常,1981,3
2024-04-06 03:45:00,2024-04-06 03:46:00,2,割煤中位,False,正常,1982,3
2024-04-06 03:47:00,2024-04-06 03:51:00,5,割煤高位,False,正常,1983,3
2024-04-06 03:52:00,2024-04-06 03:53:00,2,调架中,False,正常,1984,3
2024-04-06 03:54:00,2024-04-06 03:55:00,2,割煤中位,False,正常,1985,3
2024-04-06 03:56:00,2024-04-06 03:58:00,3,割煤高位,False,正常,1986,3
2024-04-06 03:59:00,2024-04-06 04:01:00,3,割煤中位,False,正常,1987,3
2024-04-06 04:02:00,2024-04-06 04:06:00,5,割煤高位,False,正常,1988,3
2024-04-06 04:07:00,2024-04-06 04:27:00,21,待机-高位,False,正常,1989,3
2024-04-06 04:28:00,2024-04-06 04:28:00,1,调架中,False,正常,1990,3
2024-04-06 04:29:00,2024-04-06 04:31:00,3,割煤高位,False,正常,1991,3
2024-04-06 04:32:00,2024-04-06 04:34:00,3,调架中,False,正常,1992,3
2024-04-06 04:35:00,2024-04-06 04:39:00,5,待机-高位,False,正常,1993,3
2024-04-06 04:40:00,2024-04-06 04:40:00,1,调架中,False,正常,1994,3
2024-04-06 04:41:00,2024-04-06 04:43:00,3,割煤高位,False,正常,1995,3
2024-04-06 04:44:00,2024-04-06 04:44:00,1,待机-高位,False,正常,1996,3
2024-04-06 04:45:00,2024-04-06 04:45:00,1,割煤高位,False,正常,1997,3
2024-04-06 04:46:00,2024-04-06 04:48:00,3,待机,False,正常,1998,3
2024-04-06 04:49:00,2024-04-06 05:03:00,15,割煤高位,False,正常,1999,3
2024-04-06 05:04:00,2024-04-06 05:05:00,2,割煤中位,False,正常,2000,3
2024-04-06 05:06:00,2024-04-06 05:33:00,28,待机-高位,False,正常,2001,3
2024-04-06 05:34:00,2024-04-06 05:35:00,2,调架中,False,正常,2002,3
2024-04-06 05:36:00,2024-04-06 05:39:00,4,割煤高位,False,正常,2003,3
2024-04-06 05:40:00,2024-04-06 05:40:00,1,调架中,False,正常,2004,3
2024-04-06 05:41:00,2024-04-06 05:41:00,1,待机,False,正常,2005,3
2024-04-06 05:42:00,2024-04-06 05:43:00,2,割煤中位,False,正常,2006,3
2024-04-06 05:44:00,2024-04-06 05:49:00,6,割煤高位,False,正常,2007,3
2024-04-06 05:50:00,2024-04-06 05:50:00,1,调架中,False,正常,2008,3
2024-04-06 05:51:00,2024-04-06 05:55:00,5,割煤中位,False,正常,2009,3
2024-04-06 05:56:00,2024-04-06 05:58:00,3,割煤高位,False,正常,2010,3
2024-04-06 05:59:00,2024-04-06 06:00:00,2,割煤中位,False,正常,2011,3
2024-04-06 06:01:00,2024-04-06 06:09:00,9,割煤高位,False,正常,2012,3
2024-04-06 06:10:00,2024-04-06 06:12:00,3,割煤中位,False,正常,2013,3
2024-04-06 06:13:00,2024-04-06 06:13:00,1,调架中,False,正常,2014,3
2024-04-06 06:14:00,2024-04-06 06:16:00,3,割煤高位,False,正常,2015,3
2024-04-06 06:17:00,2024-04-06 06:21:00,5,割煤中位,False,正常,2016,3
2024-04-06 06:22:00,2024-04-06 06:26:00,5,割煤高位,False,正常,2017,3
2024-04-06 06:27:00,2024-04-06 06:28:00,2,割煤中位,False,正常,2018,3
2024-04-06 06:29:00,2024-04-06 06:29:00,1,调架中,False,正常,2019,3
2024-04-06 06:30:00,2024-04-06 06:38:00,9,割煤高位,False,正常,2020,3
2024-04-06 06:39:00,2024-04-06 06:40:00,2,割煤中位,False,正常,2021,3
2024-04-06 06:41:00,2024-04-06 06:42:00,2,割煤高位,False,正常,2022,3
2024-04-06 06:43:00,2024-04-06 06:43:00,1,割煤中位,False,正常,2023,3
2024-04-06 06:44:00,2024-04-06 06:45:00,2,割煤高位,False,正常,2024,3
2024-04-06 06:46:00,2024-04-06 06:49:00,4,割煤中位,False,正常,2025,3
2024-04-06 06:50:00,2024-04-06 06:50:00,1,待机-高位,False,正常,2026,3
2024-04-06 06:51:00,2024-04-06 07:03:00,13,割煤高位,False,正常,2027,3
2024-04-06 07:04:00,2024-04-06 07:04:00,1,待机-高位,False,正常,2028,3
2024-04-06 07:05:00,2024-04-06 07:06:00,2,割煤高位,False,正常,2029,3
2024-04-06 07:07:00,2024-04-06 07:08:00,2,待机-高位,False,正常,2030,3
2024-04-06 07:09:00,2024-04-06 07:12:00,4,割煤高位,False,正常,2031,3
2024-04-06 07:13:00,2024-04-06 07:14:00,2,调架中,False,正常,2032,3
2024-04-06 07:15:00,2024-04-06 07:16:00,2,割煤中位,False,正常,2033,3
2024-04-06 07:17:00,2024-04-06 07:17:00,1,割煤高位,False,正常,2034,3
2024-04-06 07:18:00,2024-04-06 07:18:00,1,调架中,False,正常,2035,3
2024-04-06 07:19:00,2024-04-06 07:22:00,4,割煤高位,False,正常,2036,3
2024-04-06 07:23:00,2024-04-06 07:23:00,1,割煤中位,False,正常,2037,3
2024-04-06 07:24:00,2024-04-06 07:24:00,1,待机-高位,False,正常,2038,3
2024-04-06 07:25:00,2024-04-06 07:25:00,1,调架中,False,正常,2039,3
2024-04-06 07:26:00,2024-04-06 07:27:00,2,割煤高位,False,正常,2040,3
2024-04-06 07:28:00,2024-04-06 07:29:00,2,调架中,False,正常,2041,3
2024-04-06 07:30:00,2024-04-06 07:30:00,1,割煤高位,False,正常,2042,3
2024-04-06 07:31:00,2024-04-06 07:31:00,1,割煤中位,False,正常,2043,3
2024-04-06 07:32:00,2024-04-06 07:34:00,3,割煤高位,False,正常,2044,3
2024-04-06 07:35:00,2024-04-06 07:36:00,2,调架中,False,正常,2045,3
2024-04-06 07:37:00,2024-04-06 07:37:00,1,割煤中位,False,正常,2046,3
2024-04-06 07:38:00,2024-04-06 07:44:00,7,割煤高位,False,正常,2047,3
2024-04-06 07:45:00,2024-04-06 07:45:00,1,调架中,False,正常,2048,3
2024-04-06 07:46:00,2024-04-06 07:50:00,5,割煤中位,False,正常,2049,3
2024-04-06 07:51:00,2024-04-06 07:59:00,9,割煤高位,False,正常,2050,3
2024-04-06 08:00:00,2024-04-06 08:02:00,3,待机-高位,False,正常,2051,3
2024-04-06 08:03:00,2024-04-06 08:06:00,4,割煤高位,False,正常,2052,3
2024-04-06 08:07:00,2024-04-06 08:09:00,3,调架中,False,正常,2053,3
2024-04-06 08:10:00,2024-04-06 08:13:00,4,割煤高位,False,正常,2054,3
2024-04-06 08:14:00,2024-04-06 08:14:00,1,调架中,False,正常,2055,3
2024-04-06 08:15:00,2024-04-06 08:15:00,1,割煤高位,False,正常,2056,3
2024-04-06 08:16:00,2024-04-06 08:16:00,1,调架中,False,正常,2057,3
2024-04-06 08:17:00,2024-04-06 08:22:00,6,割煤高位,False,正常,2058,3
2024-04-06 08:23:00,2024-04-06 08:24:00,2,割煤中位,False,正常,2059,3
2024-04-06 08:25:00,2024-04-06 08:28:00,4,割煤高位,False,正常,2060,3
2024-04-06 08:29:00,2024-04-06 08:29:00,1,调架中,False,正常,2061,3
2024-04-06 08:30:00,2024-04-06 08:36:00,7,割煤高位,False,正常,2062,3
2024-04-06 08:37:00,2024-04-06 08:37:00,1,调架中,False,正常,2063,3
2024-04-06 08:38:00,2024-04-06 08:38:00,1,割煤高位,False,正常,2064,3
2024-04-06 08:39:00,2024-04-06 08:39:00,1,调架中,False,正常,2065,3
2024-04-06 08:40:00,2024-04-06 08:41:00,2,割煤高位,False,正常,2066,3
2024-04-06 08:42:00,2024-04-06 08:44:00,3,割煤中位,False,正常,2067,3
2024-04-06 08:45:00,2024-04-06 08:45:00,1,割煤高位,False,正常,2068,3
2024-04-06 08:46:00,2024-04-06 08:46:00,1,割煤中位,False,正常,2069,3
2024-04-06 08:47:00,2024-04-06 09:35:00,49,调架中,False,正常,2070,3
2024-04-06 09:36:00,2024-04-06 09:44:00,9,割煤高位,False,正常,2071,3
2024-04-06 09:45:00,2024-04-06 09:45:00,1,调架中,False,正常,2072,3
2024-04-06 09:46:00,2024-04-06 09:46:00,1,割煤高位,False,正常,2073,3
2024-04-06 09:47:00,2024-04-06 09:47:00,1,调架中,False,正常,2074,3
2024-04-06 09:48:00,2024-04-06 09:49:00,2,割煤中位,False,正常,2075,3
2024-04-06 09:50:00,2024-04-06 09:52:00,3,割煤高位,False,正常,2076,3
2024-04-06 09:53:00,2024-04-06 09:54:00,2,调架中,False,正常,2077,3
2024-04-06 09:55:00,2024-04-06 09:55:00,1,割煤中位,False,正常,2078,3
2024-04-06 09:56:00,2024-04-06 09:56:00,1,调架中,False,正常,2079,3
2024-04-06 09:57:00,2024-04-06 09:59:00,3,待机,False,正常,2080,3
2024-04-06 10:00:00,2024-04-06 10:00:00,1,调架中,False,正常,2081,3
2024-04-06 10:01:00,2024-04-06 10:01:00,1,割煤中位,False,正常,2082,3
2024-04-06 10:02:00,2024-04-06 10:02:00,1,调架中,False,正常,2083,3
2024-04-06 10:03:00,2024-04-06 12:50:00,168,待机,False,正常,2084,3
2024-04-06 12:51:00,2024-04-06 13:11:00,21,停机,False,正常,2085,3
2024-04-06 13:12:00,2024-04-06 13:12:00,1,待机,False,正常,2086,3
2024-04-06 13:13:00,2024-04-06 13:13:00,1,调架中,False,正常,2087,3
2024-04-06 13:14:00,2024-04-06 15:03:00,110,待机,False,正常,2088,3
2024-04-06 15:04:00,2024-04-06 15:04:00,1,调架中,False,正常,2089,3
2024-04-06 15:05:00,2024-04-06 15:28:00,24,待机,False,正常,2090,3
2024-04-06 15:29:00,2024-04-06 15:30:00,2,调架中,False,正常,2091,3
2024-04-06 15:31:00,2024-04-06 15:32:00,2,割煤中位,False,正常,2092,3
2024-04-06 15:33:00,2024-04-06 15:35:00,3,割煤高位,False,正常,2093,3
2024-04-06 15:36:00,2024-04-06 15:39:00,4,割煤中位,False,正常,2094,3
2024-04-06 15:40:00,2024-04-06 15:40:00,1,待机,False,正常,2095,3
2024-04-06 15:41:00,2024-04-06 15:44:00,4,调架中,False,正常,2096,3
2024-04-06 15:45:00,2024-04-06 15:46:00,2,割煤中位,False,正常,2097,3
2024-04-06 15:47:00,2024-04-06 15:47:00,1,待机,False,正常,2098,3
2024-04-06 15:48:00,2024-04-06 15:48:00,1,调架中,False,正常,2099,3
2024-04-06 15:49:00,2024-04-06 15:50:00,2,割煤高位,False,正常,2100,3
2024-04-06 15:51:00,2024-04-06 15:54:00,4,待机-高位,False,正常,2101,3
2024-04-06 15:55:00,2024-04-06 16:00:00,6,割煤高位,False,正常,2102,3
2024-04-06 16:01:00,2024-04-06 16:01:00,1,调架中,False,正常,2103,3
2024-04-06 16:02:00,2024-04-06 16:08:00,7,待机,False,正常,2104,3
2024-04-06 16:09:00,2024-04-06 16:12:00,4,割煤中位,False,正常,2105,3
2024-04-06 16:13:00,2024-04-06 16:13:00,1,调架中,False,正常,2106,3
2024-04-06 16:14:00,2024-04-06 16:15:00,2,待机-高位,False,正常,2107,3
2024-04-06 16:16:00,2024-04-06 16:18:00,3,割煤中位,False,正常,2108,3
2024-04-06 16:19:00,2024-04-06 16:21:00,3,待机-高位,False,正常,2109,3
2024-04-06 16:22:00,2024-04-06 16:22:00,1,割煤中位,False,正常,2110,3
2024-04-06 16:23:00,2024-04-06 16:23:00,1,调架中,False,正常,2111,3
2024-04-06 16:24:00,2024-04-06 16:30:00,7,割煤中位,False,正常,2112,3
2024-04-06 16:31:00,2024-04-06 16:34:00,4,待机-高位,False,正常,2113,3
2024-04-06 16:35:00,2024-04-06 16:40:00,6,割煤中位,False,正常,2114,3
2024-04-06 16:41:00,2024-04-06 16:41:00,1,调架中,False,正常,2115,3
2024-04-06 16:42:00,2024-04-06 16:50:00,9,割煤中位,False,正常,2116,3
2024-04-06 16:51:00,2024-04-06 16:51:00,1,调架中,False,正常,2117,3
2024-04-06 16:52:00,2024-04-06 16:55:00,4,割煤中位,False,正常,2118,3
2024-04-06 16:56:00,2024-04-06 16:56:00,1,割煤高位,False,正常,2119,3
2024-04-06 16:57:00,2024-04-06 17:01:00,5,割煤中位,False,正常,2120,3
2024-04-06 17:02:00,2024-04-06 17:06:00,5,割煤高位,False,正常,2121,3
2024-04-06 17:07:00,2024-04-06 17:13:00,7,割煤中位,False,正常,2122,3
2024-04-06 17:14:00,2024-04-06 17:15:00,2,待机-高位,False,正常,2123,3
2024-04-06 17:16:00,2024-04-06 17:16:00,1,调架中,False,正常,2124,3
2024-04-06 17:17:00,2024-04-06 17:20:00,4,割煤中位,False,正常,2125,3
2024-04-06 17:21:00,2024-04-06 17:34:00,14,待机,False,正常,2126,3
2024-04-06 17:35:00,2024-04-06 17:37:00,3,割煤中位,False,正常,2127,3
2024-04-06 17:38:00,2024-04-06 17:45:00,8,调架中,False,正常,2128,3
2024-04-06 17:46:00,2024-04-06 17:49:00,4,待机,False,正常,2129,3
2024-04-06 17:50:00,2024-04-06 17:50:00,1,调架中,False,正常,2130,3
2024-04-06 17:51:00,2024-04-06 17:51:00,1,割煤中位,False,正常,2131,3
2024-04-06 17:52:00,2024-04-06 17:53:00,2,调架中,False,正常,2132,3
2024-04-06 17:54:00,2024-04-06 17:54:00,1,割煤中位,False,正常,2133,3
2024-04-06 17:55:00,2024-04-06 17:55:00,1,调架中,False,正常,2134,3
2024-04-06 17:56:00,2024-04-06 17:56:00,1,割煤中位,False,正常,2135,3
2024-04-06 17:57:00,2024-04-06 18:01:00,5,待机,False,正常,2136,3
2024-04-06 18:02:00,2024-04-06 18:02:00,1,割煤中位,False,正常,2137,3
2024-04-06 18:03:00,2024-04-06 18:07:00,5,调架中,False,正常,2138,3
2024-04-06 18:08:00,2024-04-06 18:08:00,1,割煤中位,False,正常,2139,3
2024-04-06 18:09:00,2024-04-06 18:09:00,1,调架中,False,正常,2140,3
2024-04-06 18:10:00,2024-04-06 18:11:00,2,割煤中位,False,正常,2141,3
2024-04-06 18:12:00,2024-04-06 18:12:00,1,调架中,False,正常,2142,3
2024-04-06 18:13:00,2024-04-06 18:17:00,5,割煤中位,False,正常,2143,3
2024-04-06 18:18:00,2024-04-06 18:18:00,1,调架中,False,正常,2144,3
2024-04-06 18:19:00,2024-04-06 18:22:00,4,割煤中位,False,正常,2145,3
2024-04-06 18:23:00,2024-04-06 18:24:00,2,待机,False,正常,2146,3
2024-04-06 18:25:00,2024-04-06 18:30:00,6,割煤中位,False,正常,2147,3
2024-04-06 18:31:00,2024-04-06 18:31:00,1,调架中,False,正常,2148,3
2024-04-06 18:32:00,2024-04-06 18:46:00,15,割煤中位,False,正常,2149,3
2024-04-06 18:47:00,2024-04-06 18:47:00,1,割煤高位,False,正常,2150,3
2024-04-06 18:48:00,2024-04-06 18:51:00,4,割煤中位,False,正常,2151,3
2024-04-06 18:52:00,2024-04-06 18:52:00,1,调架中,False,正常,2152,3
2024-04-06 18:53:00,2024-04-06 18:56:00,4,割煤中位,False,正常,2153,3
2024-04-06 18:57:00,2024-04-06 18:59:00,3,割煤高位,False,正常,2154,3
2024-04-06 19:00:00,2024-04-06 19:16:00,17,割煤中位,False,正常,2155,3
2024-04-06 19:17:00,2024-04-06 19:17:00,1,调架中,False,正常,2156,3
2024-04-06 19:18:00,2024-04-06 19:19:00,2,待机,False,正常,2157,3
2024-04-06 19:20:00,2024-04-06 19:21:00,2,割煤中位,False,正常,2158,3
2024-04-06 19:22:00,2024-04-06 19:22:00,1,割煤高位,False,正常,2159,3
2024-04-06 19:23:00,2024-04-06 19:23:00,1,割煤中位,False,正常,2160,3
2024-04-06 19:24:00,2024-04-06 19:25:00,2,调架中,False,正常,2161,3
2024-04-06 19:26:00,2024-04-06 19:26:00,1,割煤中位,False,正常,2162,3
2024-04-06 19:27:00,2024-04-06 19:29:00,3,割煤高位,False,正常,2163,3
2024-04-06 19:30:00,2024-04-06 19:30:00,1,割煤中位,False,正常,2164,3
2024-04-06 19:31:00,2024-04-06 19:31:00,1,调架中,False,正常,2165,3
2024-04-06 19:32:00,2024-04-06 19:34:00,3,待机,False,正常,2166,3
2024-04-06 19:35:00,2024-04-06 19:35:00,1,割煤中位,False,正常,2167,3
2024-04-06 19:36:00,2024-04-06 19:38:00,3,割煤高位,False,正常,2168,3
2024-04-06 19:39:00,2024-04-06 19:39:00,1,调架中,False,正常,2169,3
2024-04-06 19:40:00,2024-04-06 19:40:00,1,割煤高位,False,正常,2170,3
2024-04-06 19:41:00,2024-04-06 19:46:00,6,割煤中位,False,正常,2171,3
2024-04-06 19:47:00,2024-04-06 19:47:00,1,调架中,False,正常,2172,3
2024-04-06 19:48:00,2024-04-06 19:50:00,3,割煤高位,False,正常,2173,3
2024-04-06 19:51:00,2024-04-06 19:52:00,2,割煤中位,False,正常,2174,3
2024-04-06 19:53:00,2024-04-06 19:54:00,2,割煤高位,False,正常,2175,3
2024-04-06 19:55:00,2024-04-06 19:58:00,4,割煤中位,False,正常,2176,3
2024-04-06 19:59:00,2024-04-06 19:59:00,1,割煤高位,False,正常,2177,3
2024-04-06 20:00:00,2024-04-06 20:00:00,1,割煤中位,False,正常,2178,3
2024-04-06 20:01:00,2024-04-06 20:04:00,4,割煤高位,False,正常,2179,3
2024-04-06 20:05:00,2024-04-06 20:10:00,6,割煤中位,False,正常,2180,3
2024-04-06 20:11:00,2024-04-06 20:13:00,3,割煤高位,False,正常,2181,3
2024-04-06 20:14:00,2024-04-06 20:14:00,1,调架中,False,正常,2182,3
2024-04-06 20:15:00,2024-04-06 20:18:00,4,割煤中位,False,正常,2183,3
2024-04-06 20:19:00,2024-04-06 20:20:00,2,调架中,False,正常,2184,3
2024-04-06 20:21:00,2024-04-06 20:22:00,2,待机,False,正常,2185,3
2024-04-06 20:23:00,2024-04-06 20:30:00,8,割煤中位,False,正常,2186,3
2024-04-06 20:31:00,2024-04-06 20:31:00,1,割煤高位,False,正常,2187,3
2024-04-06 20:32:00,2024-04-06 20:36:00,5,割煤中位,False,正常,2188,3
2024-04-06 20:37:00,2024-04-06 20:38:00,2,调架中,False,正常,2189,3
2024-04-06 20:39:00,2024-04-06 20:46:00,8,割煤中位,False,正常,2190,3
2024-04-06 20:47:00,2024-04-06 20:47:00,1,割煤高位,False,正常,2191,3
2024-04-06 20:48:00,2024-04-06 20:48:00,1,割煤中位,False,正常,2192,3
2024-04-06 20:49:00,2024-04-06 20:49:00,1,调架中,False,正常,2193,3
2024-04-06 20:50:00,2024-04-06 20:50:00,1,割煤中位,False,正常,2194,3
2024-04-06 20:51:00,2024-04-06 20:51:00,1,调架中,False,正常,2195,3
2024-04-06 20:52:00,2024-04-06 20:57:00,6,割煤中位,False,正常,2196,3
2024-04-06 20:58:00,2024-04-06 20:59:00,2,割煤高位,False,正常,2197,3
2024-04-06 21:00:00,2024-04-06 21:00:00,1,割煤中位,False,正常,2198,3
2024-04-06 21:01:00,2024-04-06 21:03:00,3,割煤高位,False,正常,2199,3
2024-04-06 21:04:00,2024-04-06 21:08:00,5,割煤中位,False,正常,2200,3
2024-04-06 21:09:00,2024-04-06 21:09:00,1,割煤低位,False,正常,2201,3
2024-04-06 21:10:00,2024-04-06 21:18:00,9,割煤中位,False,正常,2202,3
2024-04-06 21:19:00,2024-04-06 21:19:00,1,调架中,False,正常,2203,3
2024-04-06 21:20:00,2024-04-06 21:23:00,4,割煤高位,False,正常,2204,3
2024-04-06 21:24:00,2024-04-06 21:24:00,1,调架中,False,正常,2205,3
2024-04-06 21:25:00,2024-04-06 21:44:00,20,待机-高位,False,正常,2206,3
2024-04-06 21:45:00,2024-04-06 21:46:00,2,调架中,False,正常,2207,3
2024-04-06 21:47:00,2024-04-06 21:47:00,1,割煤高位,False,正常,2208,3
2024-04-06 21:48:00,2024-04-06 21:50:00,3,割煤中位,False,正常,2209,3
2024-04-06 21:51:00,2024-04-06 21:51:00,1,割煤高位,False,正常,2210,3
2024-04-06 21:52:00,2024-04-06 21:52:00,1,调架中,False,正常,2211,3
2024-04-06 21:53:00,2024-04-06 21:54:00,2,割煤高位,False,正常,2212,3
2024-04-06 21:55:00,2024-04-06 21:58:00,4,待机-高位,False,正常,2213,3
2024-04-06 21:59:00,2024-04-06 22:04:00,6,割煤高位,False,正常,2214,3
2024-04-06 22:05:00,2024-04-06 22:12:00,8,割煤中位,False,正常,2215,3
2024-04-06 22:13:00,2024-04-06 22:14:00,2,割煤高位,False,正常,2216,3
2024-04-06 22:15:00,2024-04-06 22:15:00,1,调架中,False,正常,2217,3
2024-04-06 22:16:00,2024-04-06 22:16:00,1,割煤高位,False,正常,2218,3
2024-04-06 22:17:00,2024-04-06 22:17:00,1,割煤中位,False,正常,2219,3
2024-04-06 22:18:00,2024-04-06 22:19:00,2,割煤高位,False,正常,2220,3
2024-04-06 22:20:00,2024-04-06 22:20:00,1,调架中,False,正常,2221,3
2024-04-06 22:21:00,2024-04-06 22:22:00,2,割煤中位,False,正常,2222,3
2024-04-06 22:23:00,2024-04-06 22:23:00,1,割煤高位,False,正常,2223,3
2024-04-06 22:24:00,2024-04-06 22:24:00,1,割煤中位,False,正常,2224,3
2024-04-06 22:25:00,2024-04-06 22:27:00,3,割煤高位,False,正常,2225,3
2024-04-06 22:28:00,2024-04-06 22:28:00,1,调架中,False,正常,2226,3
2024-04-06 22:29:00,2024-04-06 22:37:00,9,待机-高位,False,正常,2227,3
2024-04-06 22:38:00,2024-04-06 22:39:00,2,割煤高位,False,正常,2228,3
2024-04-06 22:40:00,2024-04-06 22:44:00,5,割煤中位,False,正常,2229,3
2024-04-06 22:45:00,2024-04-06 22:46:00,2,割煤高位,False,正常,2230,3
2024-04-06 22:47:00,2024-04-06 22:51:00,5,割煤中位,False,正常,2231,3
2024-04-06 22:52:00,2024-04-06 22:52:00,1,调架中,False,正常,2232,3
2024-04-06 22:53:00,2024-04-06 22:53:00,1,割煤高位,False,正常,2233,3
2024-04-06 22:54:00,2024-04-06 22:55:00,2,割煤中位,False,正常,2234,3
2024-04-06 22:56:00,2024-04-06 23:00:00,5,待机,False,正常,2235,3
2024-04-06 23:01:00,2024-04-06 23:04:00,4,割煤中位,False,正常,2236,3
2024-04-06 23:05:00,2024-04-06 23:05:00,1,割煤高位,False,正常,2237,3
2024-04-06 23:06:00,2024-04-06 23:06:00,1,割煤中位,False,正常,2238,3
2024-04-06 23:07:00,2024-04-06 23:07:00,1,割煤高位,False,正常,2239,3
2024-04-06 23:08:00,2024-04-06 23:08:00,1,调架中,False,正常,2240,3
2024-04-06 23:09:00,2024-04-06 23:22:00,14,待机-高位,False,正常,2241,3
2024-04-06 23:23:00,2024-04-06 23:23:00,1,割煤中位,False,正常,2242,3
2024-04-06 23:24:00,2024-04-06 23:25:00,2,割煤高位,False,正常,2243,3
2024-04-06 23:26:00,2024-04-06 23:36:00,11,割煤中位,False,正常,2244,3
2024-04-06 23:37:00,2024-04-06 23:37:00,1,割煤高位,False,正常,2245,3
2024-04-06 23:38:00,2024-04-06 23:38:00,1,割煤中位,False,正常,2246,3
2024-04-06 23:39:00,2024-04-06 23:41:00,3,割煤高位,False,正常,2247,3
2024-04-06 23:42:00,2024-04-06 23:44:00,3,割煤中位,False,正常,2248,3
2024-04-06 23:45:00,2024-04-06 23:45:00,1,割煤高位,False,正常,2249,3
2024-04-06 23:46:00,2024-04-06 23:49:00,4,待机-高位,False,正常,2250,3
2024-04-06 23:50:00,2024-04-06 23:50:00,1,待机,False,正常,2251,3
2024-04-06 23:51:00,2024-04-06 23:51:00,1,待机-高位,False,正常,2252,3
2024-04-06 23:52:00,2024-04-06 23:54:00,3,待机,False,正常,2253,3
2024-04-06 23:55:00,2024-04-06 23:55:00,1,割煤高位,False,正常,2254,3
2024-04-06 23:56:00,2024-04-06 23:57:00,2,调架中,False,正常,2255,3
2024-04-06 23:58:00,2024-04-06 23:58:00,1,割煤中位,False,正常,2256,3
2024-04-06 23:59:00,2024-04-06 23:59:00,1,割煤低位,False,正常,2257,3
2024-04-07 00:00:00,2024-04-07 00:00:00,1,割煤中位,False,正常,2258,3
2024-04-07 00:01:00,2024-04-07 00:02:00,2,割煤高位,False,正常,2259,3
2024-04-07 00:03:00,2024-04-07 00:03:00,1,调架中,False,正常,2260,3
2024-04-07 00:04:00,2024-04-07 00:04:00,1,割煤高位,False,正常,2261,3
2024-04-07 00:05:00,2024-04-07 00:06:00,2,待机-高位,False,正常,2262,3
2024-04-07 00:07:00,2024-04-07 00:08:00,2,割煤高位,False,正常,2263,3
2024-04-07 00:09:00,2024-04-07 00:10:00,2,调架中,False,正常,2264,3
2024-04-07 00:11:00,2024-04-07 00:11:00,1,割煤中位,False,正常,2265,3
2024-04-07 00:12:00,2024-04-07 00:12:00,1,割煤低位,False,正常,2266,3
2024-04-07 00:13:00,2024-04-07 00:15:00,3,割煤中位,False,正常,2267,3
2024-04-07 00:16:00,2024-04-07 00:16:00,1,割煤高位,False,正常,2268,3
2024-04-07 00:17:00,2024-04-07 00:17:00,1,割煤中位,False,正常,2269,3
2024-04-07 00:18:00,2024-04-07 00:18:00,1,割煤高位,False,正常,2270,3
2024-04-07 00:19:00,2024-04-07 00:19:00,1,割煤中位,False,正常,2271,3
2024-04-07 00:20:00,2024-04-07 00:23:00,4,割煤高位,False,正常,2272,3
2024-04-07 00:24:00,2024-04-07 00:27:00,4,割煤中位,False,正常,2273,3
2024-04-07 00:28:00,2024-04-07 00:31:00,4,调架中,False,正常,2274,3
2024-04-07 00:32:00,2024-04-07 00:40:00,9,待机,False,正常,2275,3
2024-04-07 00:41:00,2024-04-07 00:41:00,1,割煤中位,False,正常,2276,3
2024-04-07 00:42:00,2024-04-07 00:42:00,1,割煤高位,False,正常,2277,3
2024-04-07 00:43:00,2024-04-07 00:43:00,1,调架中,False,正常,2278,3
2024-04-07 00:44:00,2024-04-07 00:44:00,1,割煤高位,False,正常,2279,3
2024-04-07 00:45:00,2024-04-07 00:52:00,8,割煤中位,False,正常,2280,3
2024-04-07 00:53:00,2024-04-07 00:53:00,1,调架中,False,正常,2281,3
2024-04-07 00:54:00,2024-04-07 00:54:00,1,割煤高位,False,正常,2282,3
2024-04-07 00:55:00,2024-04-07 00:55:00,1,调架中,False,正常,2283,3
2024-04-07 00:56:00,2024-04-07 00:56:00,1,割煤高位,False,正常,2284,3
2024-04-07 00:57:00,2024-04-07 00:57:00,1,调架中,False,正常,2285,3
2024-04-07 00:58:00,2024-04-07 01:00:00,3,割煤高位,False,正常,2286,3
2024-04-07 01:01:00,2024-04-07 01:06:00,6,割煤中位,False,正常,2287,3
2024-04-07 01:07:00,2024-04-07 01:07:00,1,调架中,False,正常,2288,3
2024-04-07 01:08:00,2024-04-07 01:09:00,2,待机,False,正常,2289,3
2024-04-07 01:10:00,2024-04-07 02:15:00,66,待机-高位,False,正常,2290,3
2024-04-07 02:16:00,2024-04-07 02:16:00,1,待机,False,正常,2291,3
2024-04-07 02:17:00,2024-04-07 02:17:00,1,待机-高位,False,正常,2292,3
2024-04-07 02:18:00,2024-04-07 02:18:00,1,调架中,False,正常,2293,3
2024-04-07 02:19:00,2024-04-07 02:23:00,5,割煤高位,False,正常,2294,3
2024-04-07 02:24:00,2024-04-07 02:24:00,1,割煤中位,False,正常,2295,3
2024-04-07 02:25:00,2024-04-07 02:25:00,1,割煤高位,False,正常,2296,3
2024-04-07 02:26:00,2024-04-07 02:26:00,1,调架中,False,正常,2297,3
2024-04-07 02:27:00,2024-04-07 02:34:00,8,割煤高位,False,正常,2298,3
2024-04-07 02:35:00,2024-04-07 02:36:00,2,割煤中位,False,正常,2299,3
2024-04-07 02:37:00,2024-04-07 02:38:00,2,割煤高位,False,正常,2300,3
2024-04-07 02:39:00,2024-04-07 02:39:00,1,调架中,False,正常,2301,3
2024-04-07 02:40:00,2024-04-07 02:40:00,1,割煤中位,False,正常,2302,3
2024-04-07 02:41:00,2024-04-07 02:41:00,1,割煤高位,False,正常,2303,3
2024-04-07 02:42:00,2024-04-07 02:42:00,1,调架中,False,正常,2304,3
2024-04-07 02:43:00,2024-04-07 02:49:00,7,割煤中位,False,正常,2305,3
2024-04-07 02:50:00,2024-04-07 02:53:00,4,割煤高位,False,正常,2306,3
2024-04-07 02:54:00,2024-04-07 02:54:00,1,调架中,False,正常,2307,3
2024-04-07 02:55:00,2024-04-07 02:56:00,2,割煤高位,False,正常,2308,3
2024-04-07 02:57:00,2024-04-07 02:57:00,1,调架中,False,正常,2309,3
2024-04-07 02:58:00,2024-04-07 03:00:00,3,割煤高位,False,正常,2310,3
2024-04-07 03:01:00,2024-04-07 03:03:00,3,割煤中位,False,正常,2311,3
2024-04-07 03:04:00,2024-04-07 03:06:00,3,割煤高位,False,正常,2312,3
2024-04-07 03:07:00,2024-04-07 03:07:00,1,调架中,False,正常,2313,3
2024-04-07 03:08:00,2024-04-07 03:08:00,1,割煤高位,False,正常,2314,3
2024-04-07 03:09:00,2024-04-07 03:09:00,1,调架中,False,正常,2315,3
2024-04-07 03:10:00,2024-04-07 03:11:00,2,割煤高位,False,正常,2316,3
2024-04-07 03:12:00,2024-04-07 03:12:00,1,调架中,False,正常,2317,3
2024-04-07 03:13:00,2024-04-07 03:14:00,2,割煤中位,False,正常,2318,3
2024-04-07 03:15:00,2024-04-07 03:15:00,1,待机-高位,False,正常,2319,3
2024-04-07 03:16:00,2024-04-07 03:19:00,4,割煤中位,False,正常,2320,3
2024-04-07 03:20:00,2024-04-07 03:21:00,2,待机,False,正常,2321,3
2024-04-07 03:22:00,2024-04-07 03:22:00,1,割煤中位,False,正常,2322,3
2024-04-07 03:23:00,2024-04-07 03:23:00,1,割煤高位,False,正常,2323,3
2024-04-07 03:24:00,2024-04-07 03:24:00,1,待机-高位,False,正常,2324,3
2024-04-07 03:25:00,2024-04-07 03:26:00,2,割煤高位,False,正常,2325,3
2024-04-07 03:27:00,2024-04-07 03:28:00,2,割煤中位,False,正常,2326,3
2024-04-07 03:29:00,2024-04-07 03:32:00,4,割煤高位,False,正常,2327,3
2024-04-07 03:33:00,2024-04-07 03:34:00,2,调架中,False,正常,2328,3
2024-04-07 03:35:00,2024-04-07 03:36:00,2,割煤中位,False,正常,2329,3
2024-04-07 03:37:00,2024-04-07 03:38:00,2,割煤高位,False,正常,2330,3
2024-04-07 03:39:00,2024-04-07 03:39:00,1,调架中,False,正常,2331,3
2024-04-07 03:40:00,2024-04-07 03:42:00,3,割煤中位,False,正常,2332,3
2024-04-07 03:43:00,2024-04-07 03:44:00,2,割煤高位,False,正常,2333,3
2024-04-07 03:45:00,2024-04-07 03:45:00,1,调架中,False,正常,2334,3
2024-04-07 03:46:00,2024-04-07 03:46:00,1,割煤中位,False,正常,2335,3
2024-04-07 03:47:00,2024-04-07 03:48:00,2,割煤高位,False,正常,2336,3
2024-04-07 03:49:00,2024-04-07 03:50:00,2,割煤中位,False,正常,2337,3
2024-04-07 03:51:00,2024-04-07 03:51:00,1,调架中,False,正常,2338,3
2024-04-07 03:52:00,2024-04-07 03:55:00,4,割煤中位,False,正常,2339,3
2024-04-07 03:56:00,2024-04-07 03:59:00,4,割煤高位,False,正常,2340,3
2024-04-07 04:00:00,2024-04-07 04:01:00,2,调架中,False,正常,2341,3
2024-04-07 04:02:00,2024-04-07 04:04:00,3,割煤高位,False,正常,2342,3
2024-04-07 04:05:00,2024-04-07 04:05:00,1,割煤中位,False,正常,2343,3
2024-04-07 04:06:00,2024-04-07 04:06:00,1,调架中,False,正常,2344,3
2024-04-07 04:07:00,2024-04-07 04:08:00,2,割煤中位,False,正常,2345,3
2024-04-07 04:09:00,2024-04-07 04:16:00,8,割煤高位,False,正常,2346,3
2024-04-07 04:17:00,2024-04-07 04:17:00,1,调架中,False,正常,2347,3
2024-04-07 04:18:00,2024-04-07 04:21:00,4,割煤高位,False,正常,2348,3
2024-04-07 04:22:00,2024-04-07 04:23:00,2,调架中,False,正常,2349,3
2024-04-07 04:24:00,2024-04-07 04:26:00,3,待机,False,正常,2350,3
2024-04-07 04:27:00,2024-04-07 04:27:00,1,割煤高位,False,正常,2351,3
2024-04-07 04:28:00,2024-04-07 04:28:00,1,调架中,False,正常,2352,3
2024-04-07 04:29:00,2024-04-07 04:29:00,1,割煤高位,False,正常,2353,3
2024-04-07 04:30:00,2024-04-07 04:31:00,2,割煤中位,False,正常,2354,3
2024-04-07 04:32:00,2024-04-07 04:42:00,11,割煤高位,False,正常,2355,3
2024-04-07 04:43:00,2024-04-07 04:47:00,5,割煤中位,False,正常,2356,3
2024-04-07 04:48:00,2024-04-07 04:48:00,1,调架中,False,正常,2357,3
2024-04-07 04:49:00,2024-04-07 04:58:00,10,割煤中位,False,正常,2358,3
2024-04-07 04:59:00,2024-04-07 04:59:00,1,待机,False,正常,2359,3
2024-04-07 05:00:00,2024-04-07 05:10:00,11,割煤中位,False,正常,2360,3
2024-04-07 05:11:00,2024-04-07 05:11:00,1,待机,False,正常,2361,3
2024-04-07 05:12:00,2024-04-07 05:12:00,1,割煤中位,False,正常,2362,3
2024-04-07 05:13:00,2024-04-07 05:13:00,1,待机,False,正常,2363,3
2024-04-07 05:14:00,2024-04-07 05:18:00,5,割煤中位,False,正常,2364,3
2024-04-07 05:19:00,2024-04-07 05:19:00,1,待机,False,正常,2365,3
2024-04-07 05:20:00,2024-04-07 05:20:00,1,割煤高位,False,正常,2366,3
2024-04-07 05:21:00,2024-04-07 05:21:00,1,割煤中位,False,正常,2367,3
2024-04-07 05:22:00,2024-04-07 05:26:00,5,割煤高位,False,正常,2368,3
2024-04-07 05:27:00,2024-04-07 05:27:00,1,调架中,False,正常,2369,3
2024-04-07 05:28:00,2024-04-07 05:29:00,2,割煤中位,False,正常,2370,3
2024-04-07 05:30:00,2024-04-07 05:34:00,5,割煤高位,False,正常,2371,3
2024-04-07 05:35:00,2024-04-07 05:35:00,1,调架中,False,正常,2372,3
2024-04-07 05:36:00,2024-04-07 05:42:00,7,割煤中位,False,正常,2373,3
2024-04-07 05:43:00,2024-04-07 05:46:00,4,割煤高位,False,正常,2374,3
2024-04-07 05:47:00,2024-04-07 05:48:00,2,割煤中位,False,正常,2375,3
2024-04-07 05:49:00,2024-04-07 05:50:00,2,割煤高位,False,正常,2376,3
2024-04-07 05:51:00,2024-04-07 05:51:00,1,调架中,False,正常,2377,3
2024-04-07 05:52:00,2024-04-07 05:53:00,2,割煤高位,False,正常,2378,3
2024-04-07 05:54:00,2024-04-07 05:57:00,4,割煤中位,False,正常,2379,3
2024-04-07 05:58:00,2024-04-07 05:58:00,1,调架中,False,正常,2380,3
2024-04-07 05:59:00,2024-04-07 05:59:00,1,割煤中位,False,正常,2381,3
2024-04-07 06:00:00,2024-04-07 06:00:00,1,调架中,False,正常,2382,3
2024-04-07 06:01:00,2024-04-07 06:01:00,1,割煤高位,False,正常,2383,3
2024-04-07 06:02:00,2024-04-07 06:07:00,6,割煤中位,False,正常,2384,3
2024-04-07 06:08:00,2024-04-07 06:08:00,1,割煤高位,False,正常,2385,3
2024-04-07 06:09:00,2024-04-07 06:10:00,2,调架中,False,正常,2386,3
2024-04-07 06:11:00,2024-04-07 06:12:00,2,割煤高位,False,正常,2387,3
2024-04-07 06:13:00,2024-04-07 06:13:00,1,调架中,False,正常,2388,3
2024-04-07 06:14:00,2024-04-07 06:16:00,3,割煤中位,False,正常,2389,3
2024-04-07 06:17:00,2024-04-07 06:17:00,1,割煤高位,False,正常,2390,3
2024-04-07 06:18:00,2024-04-07 06:19:00,2,调架中,False,正常,2391,3
2024-04-07 06:20:00,2024-04-07 06:22:00,3,割煤高位,False,正常,2392,3
2024-04-07 06:23:00,2024-04-07 06:25:00,3,割煤中位,False,正常,2393,3
2024-04-07 06:26:00,2024-04-07 06:27:00,2,割煤高位,False,正常,2394,3
2024-04-07 06:28:00,2024-04-07 06:29:00,2,割煤中位,False,正常,2395,3
2024-04-07 06:30:00,2024-04-07 06:30:00,1,调架中,False,正常,2396,3
2024-04-07 06:31:00,2024-04-07 06:31:00,1,割煤中位,False,正常,2397,3
2024-04-07 06:32:00,2024-04-07 06:33:00,2,待机-高位,False,正常,2398,3
2024-04-07 06:34:00,2024-04-07 06:34:00,1,割煤中位,False,正常,2399,3
2024-04-07 06:35:00,2024-04-07 06:35:00,1,割煤高位,False,正常,2400,3
2024-04-07 06:36:00,2024-04-07 06:36:00,1,割煤中位,False,正常,2401,3
2024-04-07 06:37:00,2024-04-07 06:39:00,3,割煤高位,False,正常,2402,3
2024-04-07 06:40:00,2024-04-07 06:40:00,1,调架中,False,正常,2403,3
2024-04-07 06:41:00,2024-04-07 06:43:00,3,割煤中位,False,正常,2404,3
2024-04-07 06:44:00,2024-04-07 06:46:00,3,割煤高位,False,正常,2405,3
2024-04-07 06:47:00,2024-04-07 06:49:00,3,割煤中位,False,正常,2406,3
2024-04-07 06:50:00,2024-04-07 06:51:00,2,调架中,False,正常,2407,3
2024-04-07 06:52:00,2024-04-07 06:56:00,5,割煤中位,False,正常,2408,3
2024-04-07 06:57:00,2024-04-07 06:57:00,1,调架中,False,正常,2409,3
2024-04-07 06:58:00,2024-04-07 06:58:00,1,割煤中位,False,正常,2410,3
2024-04-07 06:59:00,2024-04-07 06:59:00,1,割煤高位,False,正常,2411,3
2024-04-07 07:00:00,2024-04-07 07:00:00,1,调架中,False,正常,2412,3
2024-04-07 07:01:00,2024-04-07 07:04:00,4,割煤中位,False,正常,2413,3
2024-04-07 07:05:00,2024-04-07 07:05:00,1,调架中,False,正常,2414,3
2024-04-07 07:06:00,2024-04-07 07:07:00,2,割煤中位,False,正常,2415,3
2024-04-07 07:08:00,2024-04-07 07:08:00,1,待机,False,正常,2416,3
2024-04-07 07:09:00,2024-04-07 07:10:00,2,割煤中位,False,正常,2417,3
2024-04-07 07:11:00,2024-04-07 07:11:00,1,待机,False,正常,2418,3
2024-04-07 07:12:00,2024-04-07 07:12:00,1,调架中,False,正常,2419,3
2024-04-07 07:13:00,2024-04-07 07:14:00,2,割煤高位,False,正常,2420,3
2024-04-07 07:15:00,2024-04-07 07:16:00,2,割煤中位,False,正常,2421,3
2024-04-07 07:17:00,2024-04-07 07:18:00,2,待机,False,正常,2422,3
2024-04-07 07:19:00,2024-04-07 07:19:00,1,割煤高位,False,正常,2423,3
2024-04-07 07:20:00,2024-04-07 07:20:00,1,割煤中位,False,正常,2424,3
2024-04-07 07:21:00,2024-04-07 07:21:00,1,调架中,False,正常,2425,3
2024-04-07 07:22:00,2024-04-07 07:22:00,1,待机,False,正常,2426,3
2024-04-07 07:23:00,2024-04-07 07:25:00,3,割煤中位,False,正常,2427,3
2024-04-07 07:26:00,2024-04-07 07:26:00,1,待机,False,正常,2428,3
2024-04-07 07:27:00,2024-04-07 07:30:00,4,割煤中位,False,正常,2429,3
2024-04-07 07:31:00,2024-04-07 07:32:00,2,割煤高位,False,正常,2430,3
2024-04-07 07:33:00,2024-04-07 07:33:00,1,调架中,False,正常,2431,3
2024-04-07 07:34:00,2024-04-07 07:36:00,3,割煤中位,False,正常,2432,3
2024-04-07 07:37:00,2024-04-07 07:37:00,1,割煤高位,False,正常,2433,3
2024-04-07 07:38:00,2024-04-07 07:38:00,1,调架中,False,正常,2434,3
2024-04-07 07:39:00,2024-04-07 07:41:00,3,割煤高位,False,正常,2435,3
2024-04-07 07:42:00,2024-04-07 07:45:00,4,割煤中位,False,正常,2436,3
2024-04-07 07:46:00,2024-04-07 07:58:00,13,割煤高位,False,正常,2437,3
2024-04-07 07:59:00,2024-04-07 07:59:00,1,调架中,False,正常,2438,3
2024-04-07 08:00:00,2024-04-07 08:03:00,4,割煤中位,False,正常,2439,3
2024-04-07 08:04:00,2024-04-07 08:04:00,1,割煤高位,False,正常,2440,3
2024-04-07 08:05:00,2024-04-07 08:07:00,3,割煤中位,False,正常,2441,3
2024-04-07 08:08:00,2024-04-07 08:08:00,1,调架中,False,正常,2442,3
2024-04-07 08:09:00,2024-04-07 08:09:00,1,割煤中位,False,正常,2443,3
2024-04-07 08:10:00,2024-04-07 08:12:00,3,割煤高位,False,正常,2444,3
2024-04-07 08:13:00,2024-04-07 08:14:00,2,调架中,False,正常,2445,3
2024-04-07 08:15:00,2024-04-07 08:17:00,3,割煤高位,False,正常,2446,3
2024-04-07 08:18:00,2024-04-07 08:18:00,1,调架中,False,正常,2447,3
2024-04-07 08:19:00,2024-04-07 08:20:00,2,割煤高位,False,正常,2448,3
2024-04-07 08:21:00,2024-04-07 08:24:00,4,待机-高位,False,正常,2449,3
2024-04-07 08:25:00,2024-04-07 08:28:00,4,割煤高位,False,正常,2450,3
2024-04-07 08:29:00,2024-04-07 08:29:00,1,调架中,False,正常,2451,3
2024-04-07 08:30:00,2024-04-07 08:30:00,1,割煤高位,False,正常,2452,3
2024-04-07 08:31:00,2024-04-07 08:33:00,3,调架中,False,正常,2453,3
2024-04-07 08:34:00,2024-04-07 08:37:00,4,待机-高位,False,正常,2454,3
2024-04-07 08:38:00,2024-04-07 08:46:00,9,割煤高位,False,正常,2455,3
2024-04-07 08:47:00,2024-04-07 08:51:00,5,割煤中位,False,正常,2456,3
2024-04-07 08:52:00,2024-04-07 08:56:00,5,待机,False,正常,2457,3
2024-04-07 08:57:00,2024-04-07 09:03:00,7,割煤高位,False,正常,2458,3
2024-04-07 09:04:00,2024-04-07 09:04:00,1,调架中,False,正常,2459,3
2024-04-07 09:05:00,2024-04-07 09:07:00,3,割煤中位,False,正常,2460,3
2024-04-07 09:08:00,2024-04-07 09:09:00,2,割煤高位,False,正常,2461,3
2024-04-07 09:10:00,2024-04-07 09:10:00,1,调架中,False,正常,2462,3
2024-04-07 09:11:00,2024-04-07 09:21:00,11,割煤高位,False,正常,2463,3
2024-04-07 09:22:00,2024-04-07 09:26:00,5,割煤中位,False,正常,2464,3
2024-04-07 09:27:00,2024-04-07 09:27:00,1,调架中,False,正常,2465,3
2024-04-07 09:28:00,2024-04-07 09:28:00,1,割煤中位,False,正常,2466,3
2024-04-07 09:29:00,2024-04-07 09:30:00,2,割煤高位,False,正常,2467,3
2024-04-07 09:31:00,2024-04-07 09:32:00,2,割煤中位,False,正常,2468,3
2024-04-07 09:33:00,2024-04-07 09:37:00,5,割煤高位,False,正常,2469,3
2024-04-07 09:38:00,2024-04-07 09:39:00,2,割煤中位,False,正常,2470,3
2024-04-07 09:40:00,2024-04-07 09:40:00,1,调架中,False,正常,2471,3
2024-04-07 09:41:00,2024-04-07 09:42:00,2,割煤中位,False,正常,2472,3
2024-04-07 09:43:00,2024-04-07 09:44:00,2,待机,False,正常,2473,3
2024-04-07 09:45:00,2024-04-07 09:45:00,1,调架中,False,正常,2474,3
2024-04-07 09:46:00,2024-04-07 09:46:00,1,割煤中位,False,正常,2475,3
2024-04-07 09:47:00,2024-04-07 09:49:00,3,调架中,False,正常,2476,3
2024-04-07 09:50:00,2024-04-07 14:52:00,303,待机,True,通讯中断/传感器休眠（段持续 >= 4h）,2477,4
2024-04-07 14:53:00,2024-04-07 14:53:00,1,调架中,False,正常,2478,5
2024-04-07 14:54:00,2024-04-07 15:27:00,34,待机,False,正常,2479,5
2024-04-07 15:28:00,2024-04-07 15:31:00,4,割煤中位,False,正常,2480,5
2024-04-07 15:32:00,2024-04-07 15:38:00,7,待机,False,正常,2481,5
2024-04-07 15:39:00,2024-04-07 15:40:00,2,割煤高位,False,正常,2482,5
2024-04-07 15:41:00,2024-04-07 15:41:00,1,调架中,False,正常,2483,5
2024-04-07 15:42:00,2024-04-07 15:51:00,10,割煤高位,False,正常,2484,5
2024-04-07 15:52:00,2024-04-07 15:56:00,5,待机-高位,False,正常,2485,5
2024-04-07 15:57:00,2024-04-07 15:58:00,2,调架中,False,正常,2486,5
2024-04-07 15:59:00,2024-04-07 16:00:00,2,割煤高位,False,正常,2487,5
2024-04-07 16:01:00,2024-04-07 16:06:00,6,割煤中位,False,正常,2488,5
2024-04-07 16:07:00,2024-04-07 16:07:00,1,割煤高位,False,正常,2489,5
2024-04-07 16:08:00,2024-04-07 16:08:00,1,割煤中位,False,正常,2490,5
2024-04-07 16:09:00,2024-04-07 16:12:00,4,割煤高位,False,正常,2491,5
2024-04-07 16:13:00,2024-04-07 16:20:00,8,割煤中位,False,正常,2492,5
2024-04-07 16:21:00,2024-04-07 16:21:00,1,割煤高位,False,正常,2493,5
2024-04-07 16:22:00,2024-04-07 16:23:00,2,割煤中位,False,正常,2494,5
2024-04-07 16:24:00,2024-04-07 16:26:00,3,割煤高位,False,正常,2495,5
2024-04-07 16:27:00,2024-04-07 16:39:00,13,割煤中位,False,正常,2496,5
2024-04-07 16:40:00,2024-04-07 16:40:00,1,割煤高位,False,正常,2497,5
2024-04-07 16:41:00,2024-04-07 16:44:00,4,割煤中位,False,正常,2498,5
2024-04-07 16:45:00,2024-04-07 16:45:00,1,割煤高位,False,正常,2499,5
2024-04-07 16:46:00,2024-04-07 16:50:00,5,割煤中位,False,正常,2500,5
2024-04-07 16:51:00,2024-04-07 16:54:00,4,割煤高位,False,正常,2501,5
2024-04-07 16:55:00,2024-04-07 16:56:00,2,割煤中位,False,正常,2502,5
2024-04-07 16:57:00,2024-04-07 17:03:00,7,割煤高位,False,正常,2503,5
2024-04-07 17:04:00,2024-04-07 17:08:00,5,割煤中位,False,正常,2504,5
2024-04-07 17:09:00,2024-04-07 17:10:00,2,割煤高位,False,正常,2505,5
2024-04-07 17:11:00,2024-04-07 17:11:00,1,待机-高位,False,正常,2506,5
2024-04-07 17:12:00,2024-04-07 17:12:00,1,割煤高位,False,正常,2507,5
2024-04-07 17:13:00,2024-04-07 17:13:00,1,调架中,False,正常,2508,5
2024-04-07 17:14:00,2024-04-07 17:21:00,8,割煤高位,False,正常,2509,5
2024-04-07 17:22:00,2024-04-07 17:31:00,10,待机-高位,False,正常,2510,5
2024-04-07 17:32:00,2024-04-07 17:32:00,1,调架中,False,正常,2511,5
2024-04-07 17:33:00,2024-04-07 17:34:00,2,割煤中位,False,正常,2512,5
2024-04-07 17:35:00,2024-04-07 17:40:00,6,待机,False,正常,2513,5
2024-04-07 17:41:00,2024-04-07 17:48:00,8,割煤中位,False,正常,2514,5
2024-04-07 17:49:00,2024-04-07 17:50:00,2,割煤高位,False,正常,2515,5
2024-04-07 17:51:00,2024-04-07 17:51:00,1,割煤中位,False,正常,2516,5
2024-04-07 17:52:00,2024-04-07 17:52:00,1,调架中,False,正常,2517,5
2024-04-07 17:53:00,2024-04-07 17:54:00,2,割煤高位,False,正常,2518,5
2024-04-07 17:55:00,2024-04-07 17:55:00,1,调架中,False,正常,2519,5
2024-04-07 17:56:00,2024-04-07 17:56:00,1,割煤中位,False,正常,2520,5
2024-04-07 17:57:00,2024-04-07 17:57:00,1,调架中,False,正常,2521,5
2024-04-07 17:58:00,2024-04-07 18:00:00,3,割煤中位,False,正常,2522,5
2024-04-07 18:01:00,2024-04-07 18:01:00,1,割煤高位,False,正常,2523,5
2024-04-07 18:02:00,2024-04-07 18:02:00,1,调架中,False,正常,2524,5
2024-04-07 18:03:00,2024-04-07 18:04:00,2,割煤中位,False,正常,2525,5
2024-04-07 18:05:00,2024-04-07 18:06:00,2,割煤高位,False,正常,2526,5
2024-04-07 18:07:00,2024-04-07 18:07:00,1,割煤中位,False,正常,2527,5
2024-04-07 18:08:00,2024-04-07 18:09:00,2,调架中,False,正常,2528,5
2024-04-07 18:10:00,2024-04-07 18:11:00,2,割煤中位,False,正常,2529,5
2024-04-07 18:12:00,2024-04-07 18:12:00,1,割煤高位,False,正常,2530,5
2024-04-07 18:13:00,2024-04-07 18:13:00,1,割煤中位,False,正常,2531,5
2024-04-07 18:14:00,2024-04-07 18:17:00,4,割煤高位,False,正常,2532,5
2024-04-07 18:18:00,2024-04-07 18:24:00,7,割煤中位,False,正常,2533,5
2024-04-07 18:25:00,2024-04-07 18:26:00,2,待机-高位,False,正常,2534,5
2024-04-07 18:27:00,2024-04-07 18:29:00,3,调架中,False,正常,2535,5
2024-04-07 18:30:00,2024-04-07 18:32:00,3,割煤高位,False,正常,2536,5
2024-04-07 18:33:00,2024-04-07 18:33:00,1,调架中,False,正常,2537,5
2024-04-07 18:34:00,2024-04-07 18:39:00,6,割煤高位,False,正常,2538,5
2024-04-07 18:40:00,2024-04-07 18:40:00,1,调架中,False,正常,2539,5
2024-04-07 18:41:00,2024-04-07 18:42:00,2,割煤高位,False,正常,2540,5
2024-04-07 18:43:00,2024-04-07 18:43:00,1,割煤中位,False,正常,2541,5
2024-04-07 18:44:00,2024-04-07 18:44:00,1,调架中,False,正常,2542,5
2024-04-07 18:45:00,2024-04-07 18:47:00,3,割煤中位,False,正常,2543,5
2024-04-07 18:48:00,2024-04-07 18:48:00,1,调架中,False,正常,2544,5
2024-04-07 18:49:00,2024-04-07 18:49:00,1,待机,False,正常,2545,5
2024-04-07 18:50:00,2024-04-07 18:54:00,5,割煤中位,False,正常,2546,5
2024-04-07 18:55:00,2024-04-07 19:07:00,13,待机-高位,False,正常,2547,5
2024-04-07 19:08:00,2024-04-07 19:13:00,6,割煤中位,False,正常,2548,5
2024-04-07 19:14:00,2024-04-07 19:14:00,1,调架中,False,正常,2549,5
2024-04-07 19:15:00,2024-04-07 19:15:00,1,割煤高位,False,正常,2550,5
2024-04-07 19:16:00,2024-04-07 19:16:00,1,调架中,False,正常,2551,5
2024-04-07 19:17:00,2024-04-07 19:19:00,3,割煤高位,False,正常,2552,5
2024-04-07 19:20:00,2024-04-07 19:21:00,2,割煤中位,False,正常,2553,5
2024-04-07 19:22:00,2024-04-07 19:25:00,4,割煤高位,False,正常,2554,5
2024-04-07 19:26:00,2024-04-07 19:29:00,4,割煤中位,False,正常,2555,5
2024-04-07 19:30:00,2024-04-07 19:33:00,4,割煤高位,False,正常,2556,5
2024-04-07 19:34:00,2024-04-07 19:38:00,5,割煤中位,False,正常,2557,5
2024-04-07 19:39:00,2024-04-07 19:40:00,2,割煤高位,False,正常,2558,5
2024-04-07 19:41:00,2024-04-07 19:41:00,1,调架中,False,正常,2559,5
2024-04-07 19:42:00,2024-04-07 19:43:00,2,割煤中位,False,正常,2560,5
2024-04-07 19:44:00,2024-04-07 19:45:00,2,割煤高位,False,正常,2561,5
2024-04-07 19:46:00,2024-04-07 19:46:00,1,调架中,False,正常,2562,5
2024-04-07 19:47:00,2024-04-07 19:53:00,7,待机-高位,False,正常,2563,5
2024-04-07 19:54:00,2024-04-07 19:55:00,2,割煤高位,False,正常,2564,5
2024-04-07 19:56:00,2024-04-07 20:02:00,7,待机-高位,False,正常,2565,5
2024-04-07 20:03:00,2024-04-07 20:03:00,1,调架中,False,正常,2566,5
2024-04-07 20:04:00,2024-04-07 20:05:00,2,割煤高位,False,正常,2567,5
2024-04-07 20:06:00,2024-04-07 20:06:00,1,调架中,False,正常,2568,5
2024-04-07 20:07:00,2024-04-07 20:07:00,1,割煤中位,False,正常,2569,5
2024-04-07 20:08:00,2024-04-07 20:16:00,9,待机,False,正常,2570,5
2024-04-07 20:17:00,2024-04-07 20:18:00,2,割煤中位,False,正常,2571,5
2024-04-07 20:19:00,2024-04-07 20:20:00,2,调架中,False,正常,2572,5
2024-04-07 20:21:00,2024-04-07 20:22:00,2,待机,False,正常,2573,5
2024-04-07 20:23:00,2024-04-07 20:23:00,1,割煤中位,False,正常,2574,5
2024-04-07 20:24:00,2024-04-07 20:27:00,4,调架中,False,正常,2575,5
2024-04-07 20:28:00,2024-04-07 20:28:00,1,割煤中位,False,正常,2576,5
2024-04-07 20:29:00,2024-04-07 20:29:00,1,调架中,False,正常,2577,5
2024-04-07 20:30:00,2024-04-07 20:31:00,2,割煤中位,False,正常,2578,5
2024-04-07 20:32:00,2024-04-07 20:33:00,2,调架中,False,正常,2579,5
2024-04-07 20:34:00,2024-04-07 20:34:00,1,割煤中位,False,正常,2580,5
2024-04-07 20:35:00,2024-04-07 20:35:00,1,调架中,False,正常,2581,5
2024-04-07 20:36:00,2024-04-07 20:36:00,1,割煤中位,False,正常,2582,5
2024-04-07 20:37:00,2024-04-07 20:39:00,3,割煤高位,False,正常,2583,5
2024-04-07 20:40:00,2024-04-07 20:40:00,1,调架中,False,正常,2584,5
2024-04-07 20:41:00,2024-04-07 20:41:00,1,割煤高位,False,正常,2585,5
2024-04-07 20:42:00,2024-04-07 20:42:00,1,调架中,False,正常,2586,5
2024-04-07 20:43:00,2024-04-07 21:10:00,28,待机-高位,False,正常,2587,5
2024-04-07 21:11:00,2024-04-07 21:13:00,3,调架中,False,正常,2588,5
2024-04-07 21:14:00,2024-04-07 21:15:00,2,割煤中位,False,正常,2589,5
2024-04-07 21:16:00,2024-04-07 21:16:00,1,调架中,False,正常,2590,5
2024-04-07 21:17:00,2024-04-07 21:17:00,1,割煤高位,False,正常,2591,5
2024-04-07 21:18:00,2024-04-07 21:19:00,2,割煤中位,False,正常,2592,5
2024-04-07 21:20:00,2024-04-07 21:20:00,1,割煤高位,False,正常,2593,5
2024-04-07 21:21:00,2024-04-07 21:26:00,6,割煤中位,False,正常,2594,5
2024-04-07 21:27:00,2024-04-07 21:34:00,8,割煤高位,False,正常,2595,5
2024-04-07 21:35:00,2024-04-07 21:46:00,12,割煤中位,False,正常,2596,5
2024-04-07 21:47:00,2024-04-07 21:47:00,1,调架中,False,正常,2597,5
2024-04-07 21:48:00,2024-04-07 21:49:00,2,割煤中位,False,正常,2598,5
2024-04-07 21:50:00,2024-04-07 21:51:00,2,调架中,False,正常,2599,5
2024-04-07 21:52:00,2024-04-07 21:54:00,3,割煤中位,False,正常,2600,5
2024-04-07 21:55:00,2024-04-07 21:55:00,1,割煤高位,False,正常,2601,5
2024-04-07 21:56:00,2024-04-07 21:56:00,1,调架中,False,正常,2602,5
2024-04-07 21:57:00,2024-04-07 21:59:00,3,割煤中位,False,正常,2603,5
2024-04-07 22:00:00,2024-04-07 22:00:00,1,调架中,False,正常,2604,5
2024-04-07 22:01:00,2024-04-07 22:03:00,3,割煤中位,False,正常,2605,5
2024-04-07 22:04:00,2024-04-07 22:04:00,1,割煤高位,False,正常,2606,5
2024-04-07 22:05:00,2024-04-07 22:05:00,1,割煤中位,False,正常,2607,5
2024-04-07 22:06:00,2024-04-07 22:07:00,2,割煤高位,False,正常,2608,5
2024-04-07 22:08:00,2024-04-07 22:08:00,1,调架中,False,正常,2609,5
2024-04-07 22:09:00,2024-04-07 22:10:00,2,割煤高位,False,正常,2610,5
2024-04-07 22:11:00,2024-04-07 22:14:00,4,调架中,False,正常,2611,5
2024-04-07 22:15:00,2024-04-07 22:15:00,1,割煤高位,False,正常,2612,5
2024-04-07 22:16:00,2024-04-07 22:16:00,1,调架中,False,正常,2613,5
2024-04-07 22:17:00,2024-04-07 22:18:00,2,割煤高位,False,正常,2614,5
2024-04-07 22:19:00,2024-04-07 22:19:00,1,调架中,False,正常,2615,5
2024-04-07 22:20:00,2024-04-07 22:20:00,1,割煤高位,False,正常,2616,5
2024-04-07 22:21:00,2024-04-07 22:21:00,1,调架中,False,正常,2617,5
2024-04-07 22:22:00,2024-04-07 22:23:00,2,割煤高位,False,正常,2618,5
2024-04-07 22:24:00,2024-04-07 22:29:00,6,待机-高位,False,正常,2619,5
2024-04-07 22:30:00,2024-04-07 22:35:00,6,割煤高位,False,正常,2620,5
2024-04-07 22:36:00,2024-04-07 22:38:00,3,割煤中位,False,正常,2621,5
2024-04-07 22:39:00,2024-04-07 22:43:00,5,割煤高位,False,正常,2622,5
2024-04-07 22:44:00,2024-04-07 22:44:00,1,调架中,False,正常,2623,5
2024-04-07 22:45:00,2024-04-07 22:51:00,7,割煤中位,False,正常,2624,5
2024-04-07 22:52:00,2024-04-07 22:54:00,3,割煤高位,False,正常,2625,5
2024-04-07 22:55:00,2024-04-07 22:56:00,2,调架中,False,正常,2626,5
2024-04-07 22:57:00,2024-04-07 22:58:00,2,割煤高位,False,正常,2627,5
2024-04-07 22:59:00,2024-04-07 23:00:00,2,调架中,False,正常,2628,5
2024-04-07 23:01:00,2024-04-07 23:02:00,2,待机-高位,False,正常,2629,5
2024-04-07 23:03:00,2024-04-07 23:03:00,1,割煤高位,False,正常,2630,5
2024-04-07 23:04:00,2024-04-07 23:04:00,1,割煤中位,False,正常,2631,5
2024-04-07 23:05:00,2024-04-07 23:05:00,1,调架中,False,正常,2632,5
2024-04-07 23:06:00,2024-04-07 23:12:00,7,割煤中位,False,正常,2633,5
2024-04-07 23:13:00,2024-04-07 23:14:00,2,待机,False,正常,2634,5
2024-04-07 23:15:00,2024-04-07 23:15:00,1,割煤中位,False,正常,2635,5
2024-04-07 23:16:00,2024-04-07 23:16:00,1,调架中,False,正常,2636,5
2024-04-07 23:17:00,2024-04-07 23:17:00,1,割煤中位,False,正常,2637,5
2024-04-07 23:18:00,2024-04-07 23:18:00,1,割煤高位,False,正常,2638,5
2024-04-07 23:19:00,2024-04-07 23:19:00,1,调架中,False,正常,2639,5
2024-04-07 23:20:00,2024-04-07 23:21:00,2,割煤中位,False,正常,2640,5
2024-04-07 23:22:00,2024-04-07 23:22:00,1,待机,False,正常,2641,5
2024-04-07 23:23:00,2024-04-07 23:23:00,1,割煤中位,False,正常,2642,5
2024-04-07 23:24:00,2024-04-07 23:24:00,1,调架中,False,正常,2643,5
2024-04-07 23:25:00,2024-04-07 23:25:00,1,割煤中位,False,正常,2644,5
2024-04-07 23:26:00,2024-04-07 23:28:00,3,待机,False,正常,2645,5
2024-04-07 23:29:00,2024-04-07 23:29:00,1,调架中,False,正常,2646,5
2024-04-07 23:30:00,2024-04-07 23:31:00,2,割煤中位,False,正常,2647,5
2024-04-07 23:32:00,2024-04-07 23:35:00,4,待机,False,正常,2648,5
2024-04-07 23:36:00,2024-04-07 23:37:00,2,割煤中位,False,正常,2649,5
2024-04-07 23:38:00,2024-04-07 23:40:00,3,割煤高位,False,正常,2650,5
2024-04-07 23:41:00,2024-04-07 23:41:00,1,调架中,False,正常,2651,5
2024-04-07 23:42:00,2024-04-07 23:45:00,4,割煤中位,False,正常,2652,5
2024-04-07 23:46:00,2024-04-07 23:49:00,4,割煤高位,False,正常,2653,5
2024-04-07 23:50:00,2024-04-07 23:50:00,1,割煤中位,False,正常,2654,5
2024-04-07 23:51:00,2024-04-07 23:51:00,1,待机-高位,False,正常,2655,5
2024-04-07 23:52:00,2024-04-07 23:56:00,5,割煤中位,False,正常,2656,5
2024-04-07 23:57:00,2024-04-08 00:14:00,18,割煤高位,False,正常,2657,5
2024-04-08 00:15:00,2024-04-08 00:16:00,2,割煤中位,False,正常,2658,5
2024-04-08 00:17:00,2024-04-08 00:20:00,4,调架中,False,正常,2659,5
2024-04-08 00:21:00,2024-04-08 00:21:00,1,割煤高位,False,正常,2660,5
2024-04-08 00:22:00,2024-04-08 00:22:00,1,待机-高位,False,正常,2661,5
2024-04-08 00:23:00,2024-04-08 00:25:00,3,割煤高位,False,正常,2662,5
2024-04-08 00:26:00,2024-04-08 00:27:00,2,调架中,False,正常,2663,5
2024-04-08 00:28:00,2024-04-08 00:29:00,2,割煤高位,False,正常,2664,5
2024-04-08 00:30:00,2024-04-08 00:30:00,1,调架中,False,正常,2665,5
2024-04-08 00:31:00,2024-04-08 00:31:00,1,割煤高位,False,正常,2666,5
2024-04-08 00:32:00,2024-04-08 00:34:00,3,调架中,False,正常,2667,5
2024-04-08 00:35:00,2024-04-08 00:36:00,2,割煤高位,False,正常,2668,5
2024-04-08 00:37:00,2024-04-08 00:37:00,1,割煤中位,False,正常,2669,5
2024-04-08 00:38:00,2024-04-08 00:38:00,1,调架中,False,正常,2670,5
2024-04-08 00:39:00,2024-04-08 00:48:00,10,待机-高位,False,正常,2671,5
2024-04-08 00:49:00,2024-04-08 00:49:00,1,调架中,False,正常,2672,5
2024-04-08 00:50:00,2024-04-08 00:51:00,2,割煤高位,False,正常,2673,5
2024-04-08 00:52:00,2024-04-08 00:53:00,2,调架中,False,正常,2674,5
2024-04-08 00:54:00,2024-04-08 00:55:00,2,割煤高位,False,正常,2675,5
2024-04-08 00:56:00,2024-04-08 00:56:00,1,调架中,False,正常,2676,5
2024-04-08 00:57:00,2024-04-08 00:59:00,3,割煤高位,False,正常,2677,5
2024-04-08 01:00:00,2024-04-08 01:01:00,2,割煤中位,False,正常,2678,5
2024-04-08 01:02:00,2024-04-08 01:03:00,2,割煤高位,False,正常,2679,5
2024-04-08 01:04:00,2024-04-08 01:04:00,1,调架中,False,正常,2680,5
2024-04-08 01:05:00,2024-04-08 01:06:00,2,割煤中位,False,正常,2681,5
2024-04-08 01:07:00,2024-04-08 01:13:00,7,割煤高位,False,正常,2682,5
2024-04-08 01:14:00,2024-04-08 01:14:00,1,调架中,False,正常,2683,5
2024-04-08 01:15:00,2024-04-08 01:17:00,3,割煤中位,False,正常,2684,5
2024-04-08 01:18:00,2024-04-08 01:19:00,2,待机-高位,False,正常,2685,5
2024-04-08 01:20:00,2024-04-08 01:21:00,2,调架中,False,正常,2686,5
2024-04-08 01:22:00,2024-04-08 01:23:00,2,割煤中位,False,正常,2687,5
2024-04-08 01:24:00,2024-04-08 01:24:00,1,割煤高位,False,正常,2688,5
2024-04-08 01:25:00,2024-04-08 01:25:00,1,割煤中位,False,正常,2689,5
2024-04-08 01:26:00,2024-04-08 01:27:00,2,待机-高位,False,正常,2690,5
2024-04-08 01:28:00,2024-04-08 01:28:00,1,割煤中位,False,正常,2691,5
2024-04-08 01:29:00,2024-04-08 01:29:00,1,调架中,False,正常,2692,5
2024-04-08 01:30:00,2024-04-08 01:33:00,4,待机,False,正常,2693,5
2024-04-08 01:34:00,2024-04-08 01:35:00,2,割煤中位,False,正常,2694,5
2024-04-08 01:36:00,2024-04-08 01:36:00,1,调架中,False,正常,2695,5
2024-04-08 01:37:00,2024-04-08 01:37:00,1,割煤中位,False,正常,2696,5
2024-04-08 01:38:00,2024-04-08 01:38:00,1,割煤高位,False,正常,2697,5
2024-04-08 01:39:00,2024-04-08 01:47:00,9,割煤中位,False,正常,2698,5
2024-04-08 01:48:00,2024-04-08 01:48:00,1,调架中,False,正常,2699,5
2024-04-08 01:49:00,2024-04-08 01:49:00,1,割煤高位,False,正常,2700,5
2024-04-08 01:50:00,2024-04-08 01:50:00,1,割煤中位,False,正常,2701,5
2024-04-08 01:51:00,2024-04-08 02:02:00,12,割煤高位,False,正常,2702,5
2024-04-08 02:03:00,2024-04-08 02:05:00,3,割煤中位,False,正常,2703,5
2024-04-08 02:06:00,2024-04-08 02:06:00,1,调架中,False,正常,2704,5
2024-04-08 02:07:00,2024-04-08 02:07:00,1,割煤高位,False,正常,2705,5
2024-04-08 02:08:00,2024-04-08 02:11:00,4,割煤中位,False,正常,2706,5
2024-04-08 02:12:00,2024-04-08 02:16:00,5,割煤高位,False,正常,2707,5
2024-04-08 02:17:00,2024-04-08 02:17:00,1,调架中,False,正常,2708,5
2024-04-08 02:18:00,2024-04-08 02:18:00,1,割煤中位,False,正常,2709,5
2024-04-08 02:19:00,2024-04-08 02:19:00,1,待机,False,正常,2710,5
2024-04-08 02:20:00,2024-04-08 02:22:00,3,割煤中位,False,正常,2711,5
2024-04-08 02:23:00,2024-04-08 02:27:00,5,割煤高位,False,正常,2712,5
2024-04-08 02:28:00,2024-04-08 02:28:00,1,待机-高位,False,正常,2713,5
2024-04-08 02:29:00,2024-04-08 02:29:00,1,调架中,False,正常,2714,5
2024-04-08 02:30:00,2024-04-08 02:33:00,4,割煤中位,False,正常,2715,5
2024-04-08 02:34:00,2024-04-08 02:38:00,5,割煤高位,False,正常,2716,5
2024-04-08 02:39:00,2024-04-08 02:46:00,8,割煤中位,False,正常,2717,5
2024-04-08 02:47:00,2024-04-08 02:48:00,2,调架中,False,正常,2718,5
2024-04-08 02:49:00,2024-04-08 02:49:00,1,割煤高位,False,正常,2719,5
2024-04-08 02:50:00,2024-04-08 02:58:00,9,割煤中位,False,正常,2720,5
2024-04-08 02:59:00,2024-04-08 03:00:00,2,调架中,False,正常,2721,5
2024-04-08 03:01:00,2024-04-08 03:02:00,2,割煤中位,False,正常,2722,5
2024-04-08 03:03:00,2024-04-08 03:03:00,1,调架中,False,正常,2723,5
2024-04-08 03:04:00,2024-04-08 03:04:00,1,割煤中位,False,正常,2724,5
2024-04-08 03:05:00,2024-04-08 03:05:00,1,调架中,False,正常,2725,5
2024-04-08 03:06:00,2024-04-08 03:06:00,1,割煤中位,False,正常,2726,5
2024-04-08 03:07:00,2024-04-08 03:09:00,3,割煤高位,False,正常,2727,5
2024-04-08 03:10:00,2024-04-08 03:14:00,5,割煤中位,False,正常,2728,5
2024-04-08 03:15:00,2024-04-08 03:17:00,3,割煤高位,False,正常,2729,5
2024-04-08 03:18:00,2024-04-08 03:18:00,1,调架中,False,正常,2730,5
2024-04-08 03:19:00,2024-04-08 03:20:00,2,割煤中位,False,正常,2731,5
2024-04-08 03:21:00,2024-04-08 03:22:00,2,割煤高位,False,正常,2732,5
2024-04-08 03:23:00,2024-04-08 03:24:00,2,调架中,False,正常,2733,5
2024-04-08 03:25:00,2024-04-08 03:28:00,4,割煤高位,False,正常,2734,5
2024-04-08 03:29:00,2024-04-08 03:29:00,1,调架中,False,正常,2735,5
2024-04-08 03:30:00,2024-04-08 03:33:00,4,割煤中位,False,正常,2736,5
2024-04-08 03:34:00,2024-04-08 03:36:00,3,割煤高位,False,正常,2737,5
2024-04-08 03:37:00,2024-04-08 03:37:00,1,调架中,False,正常,2738,5
2024-04-08 03:38:00,2024-04-08 03:38:00,1,割煤高位,False,正常,2739,5
2024-04-08 03:39:00,2024-04-08 03:42:00,4,割煤中位,False,正常,2740,5
2024-04-08 03:43:00,2024-04-08 03:43:00,1,割煤高位,False,正常,2741,5
2024-04-08 03:44:00,2024-04-08 03:44:00,1,割煤中位,False,正常,2742,5
2024-04-08 03:45:00,2024-04-08 03:46:00,2,待机,False,正常,2743,5
2024-04-08 03:47:00,2024-04-08 03:47:00,1,调架中,False,正常,2744,5
2024-04-08 03:48:00,2024-04-08 03:51:00,4,割煤中位,False,正常,2745,5
2024-04-08 03:52:00,2024-04-08 03:55:00,4,割煤高位,False,正常,2746,5
2024-04-08 03:56:00,2024-04-08 03:56:00,1,调架中,False,正常,2747,5
2024-04-08 03:57:00,2024-04-08 04:08:00,12,割煤中位,False,正常,2748,5
2024-04-08 04:09:00,2024-04-08 04:12:00,4,割煤高位,False,正常,2749,5
2024-04-08 04:13:00,2024-04-08 04:13:00,1,割煤中位,False,正常,2750,5
2024-04-08 04:14:00,2024-04-08 04:19:00,6,割煤高位,False,正常,2751,5
2024-04-08 04:20:00,2024-04-08 04:20:00,1,调架中,False,正常,2752,5
2024-04-08 04:21:00,2024-04-08 04:23:00,3,割煤中位,False,正常,2753,5
2024-04-08 04:24:00,2024-04-08 04:27:00,4,割煤高位,False,正常,2754,5
2024-04-08 04:28:00,2024-04-08 04:28:00,1,调架中,False,正常,2755,5
2024-04-08 04:29:00,2024-04-08 04:29:00,1,待机-高位,False,正常,2756,5
2024-04-08 04:30:00,2024-04-08 04:30:00,1,割煤中位,False,正常,2757,5
2024-04-08 04:31:00,2024-04-08 04:31:00,1,待机,False,正常,2758,5
2024-04-08 04:32:00,2024-04-08 04:35:00,4,割煤中位,False,正常,2759,5
2024-04-08 04:36:00,2024-04-08 04:37:00,2,割煤高位,False,正常,2760,5
2024-04-08 04:38:00,2024-04-08 04:38:00,1,待机-高位,False,正常,2761,5
2024-04-08 04:39:00,2024-04-08 04:40:00,2,割煤高位,False,正常,2762,5
2024-04-08 04:41:00,2024-04-08 04:44:00,4,割煤中位,False,正常,2763,5
2024-04-08 04:45:00,2024-04-08 04:46:00,2,割煤高位,False,正常,2764,5
2024-04-08 04:47:00,2024-04-08 04:47:00,1,割煤中位,False,正常,2765,5
2024-04-08 04:48:00,2024-04-08 04:48:00,1,割煤高位,False,正常,2766,5
2024-04-08 04:49:00,2024-04-08 04:53:00,5,割煤中位,False,正常,2767,5
2024-04-08 04:54:00,2024-04-08 04:54:00,1,割煤高位,False,正常,2768,5
2024-04-08 04:55:00,2024-04-08 04:59:00,5,割煤中位,False,正常,2769,5
2024-04-08 05:00:00,2024-04-08 05:00:00,1,待机,False,正常,2770,5
2024-04-08 05:01:00,2024-04-08 05:02:00,2,割煤中位,False,正常,2771,5
2024-04-08 05:03:00,2024-04-08 05:05:00,3,待机-高位,False,正常,2772,5
2024-04-08 05:06:00,2024-04-08 05:14:00,9,割煤中位,False,正常,2773,5
2024-04-08 05:15:00,2024-04-08 05:16:00,2,调架中,False,正常,2774,5
2024-04-08 05:17:00,2024-04-08 05:18:00,2,割煤中位,False,正常,2775,5
2024-04-08 05:19:00,2024-04-08 05:19:00,1,割煤高位,False,正常,2776,5
2024-04-08 05:20:00,2024-04-08 05:20:00,1,割煤中位,False,正常,2777,5
2024-04-08 05:21:00,2024-04-08 05:24:00,4,割煤高位,False,正常,2778,5
2024-04-08 05:25:00,2024-04-08 05:25:00,1,调架中,False,正常,2779,5
2024-04-08 05:26:00,2024-04-08 05:29:00,4,割煤高位,False,正常,2780,5
2024-04-08 05:30:00,2024-04-08 05:32:00,3,割煤中位,False,正常,2781,5
2024-04-08 05:33:00,2024-04-08 05:33:00,1,割煤高位,False,正常,2782,5
2024-04-08 05:34:00,2024-04-08 05:36:00,3,调架中,False,正常,2783,5
2024-04-08 05:37:00,2024-04-08 05:38:00,2,割煤高位,False,正常,2784,5
2024-04-08 05:39:00,2024-04-08 05:39:00,1,调架中,False,正常,2785,5
2024-04-08 05:40:00,2024-04-08 05:40:00,1,割煤高位,False,正常,2786,5
2024-04-08 05:41:00,2024-04-08 05:41:00,1,调架中,False,正常,2787,5
2024-04-08 05:42:00,2024-04-08 05:43:00,2,割煤中位,False,正常,2788,5
2024-04-08 05:44:00,2024-04-08 05:47:00,4,割煤高位,False,正常,2789,5
2024-04-08 05:48:00,2024-04-08 06:13:00,26,待机-高位,False,正常,2790,5
2024-04-08 06:14:00,2024-04-08 06:14:00,1,割煤中位,False,正常,2791,5
2024-04-08 06:15:00,2024-04-08 06:15:00,1,待机-高位,False,正常,2792,5
2024-04-08 06:16:00,2024-04-08 06:16:00,1,割煤中位,False,正常,2793,5
2024-04-08 06:17:00,2024-04-08 06:17:00,1,调架中,False,正常,2794,5
2024-04-08 06:18:00,2024-04-08 06:18:00,1,割煤中位,False,正常,2795,5
2024-04-08 06:19:00,2024-04-08 06:21:00,3,调架中,False,正常,2796,5
2024-04-08 06:22:00,2024-04-08 06:22:00,1,待机-高位,False,正常,2797,5
2024-04-08 06:23:00,2024-04-08 06:24:00,2,割煤高位,False,正常,2798,5
2024-04-08 06:25:00,2024-04-08 06:25:00,1,割煤中位,False,正常,2799,5
2024-04-08 06:26:00,2024-04-08 06:31:00,6,待机,False,正常,2800,5
2024-04-08 06:32:00,2024-04-08 06:33:00,2,割煤中位,False,正常,2801,5
2024-04-08 06:34:00,2024-04-08 06:35:00,2,调架中,False,正常,2802,5
2024-04-08 06:36:00,2024-04-08 06:41:00,6,割煤中位,False,正常,2803,5
2024-04-08 06:42:00,2024-04-08 06:42:00,1,待机,False,正常,2804,5
2024-04-08 06:43:00,2024-04-08 06:44:00,2,割煤中位,False,正常,2805,5
2024-04-08 06:45:00,2024-04-08 06:45:00,1,调架中,False,正常,2806,5
2024-04-08 06:46:00,2024-04-08 06:47:00,2,割煤中位,False,正常,2807,5
2024-04-08 06:48:00,2024-04-08 06:49:00,2,待机,False,正常,2808,5
2024-04-08 06:50:00,2024-04-08 06:51:00,2,割煤中位,False,正常,2809,5
2024-04-08 06:52:00,2024-04-08 06:54:00,3,待机,False,正常,2810,5
2024-04-08 06:55:00,2024-04-08 06:59:00,5,割煤中位,False,正常,2811,5
2024-04-08 07:00:00,2024-04-08 07:04:00,5,调架中,False,正常,2812,5
2024-04-08 07:05:00,2024-04-08 07:05:00,1,割煤高位,False,正常,2813,5
2024-04-08 07:06:00,2024-04-08 07:08:00,3,调架中,False,正常,2814,5
2024-04-08 07:09:00,2024-04-08 07:11:00,3,割煤高位,False,正常,2815,5
2024-04-08 07:12:00,2024-04-08 07:14:00,3,调架中,False,正常,2816,5
2024-04-08 07:15:00,2024-04-08 07:16:00,2,待机-高位,False,正常,2817,5
2024-04-08 07:17:00,2024-04-08 07:19:00,3,调架中,False,正常,2818,5
2024-04-08 07:20:00,2024-04-08 07:21:00,2,割煤中位,False,正常,2819,5
2024-04-08 07:22:00,2024-04-08 08:17:00,56,待机-高位,False,正常,2820,5
2024-04-08 08:18:00,2024-04-08 08:27:00,10,停机,False,正常,2821,5
2024-04-08 08:28:00,2024-04-08 08:29:00,2,待机-高位,False,正常,2822,5
2024-04-08 08:30:00,2024-04-08 08:30:00,1,调架中,False,正常,2823,5
2024-04-08 08:31:00,2024-04-08 09:01:00,31,待机-高位,False,正常,2824,5
2024-04-08 09:02:00,2024-04-08 09:02:00,1,调架中,False,正常,2825,5
2024-04-08 09:03:00,2024-04-08 09:10:00,8,待机-高位,False,正常,2826,5
2024-04-08 09:11:00,2024-04-08 09:12:00,2,割煤高位,False,正常,2827,5
2024-04-08 09:13:00,2024-04-08 09:13:00,1,调架中,False,正常,2828,5
2024-04-08 09:14:00,2024-04-08 09:15:00,2,割煤中位,False,正常,2829,5
2024-04-08 09:16:00,2024-04-08 09:16:00,1,割煤高位,False,正常,2830,5
2024-04-08 09:17:00,2024-04-08 09:18:00,2,割煤中位,False,正常,2831,5
2024-04-08 09:19:00,2024-04-08 09:19:00,1,调架中,False,正常,2832,5
2024-04-08 09:20:00,2024-04-08 09:20:00,1,割煤中位,False,正常,2833,5
2024-04-08 09:21:00,2024-04-08 09:21:00,1,调架中,False,正常,2834,5
2024-04-08 09:22:00,2024-04-08 09:23:00,2,割煤中位,False,正常,2835,5
2024-04-08 09:24:00,2024-04-08 09:26:00,3,割煤高位,False,正常,2836,5
2024-04-08 09:27:00,2024-04-08 09:27:00,1,调架中,False,正常,2837,5
2024-04-08 09:28:00,2024-04-08 09:30:00,3,割煤高位,False,正常,2838,5
2024-04-08 09:31:00,2024-04-08 09:34:00,4,割煤中位,False,正常,2839,5
2024-04-08 09:35:00,2024-04-08 09:35:00,1,割煤高位,False,正常,2840,5
2024-04-08 09:36:00,2024-04-08 09:36:00,1,调架中,False,正常,2841,5
2024-04-08 09:37:00,2024-04-08 09:37:00,1,割煤高位,False,正常,2842,5
2024-04-08 09:38:00,2024-04-08 09:39:00,2,调架中,False,正常,2843,5
2024-04-08 09:40:00,2024-04-08 09:41:00,2,割煤高位,False,正常,2844,5
2024-04-08 09:42:00,2024-04-08 09:42:00,1,调架中,False,正常,2845,5
2024-04-08 09:43:00,2024-04-08 09:43:00,1,割煤中位,False,正常,2846,5
2024-04-08 09:44:00,2024-04-08 09:44:00,1,割煤高位,False,正常,2847,5
2024-04-08 09:45:00,2024-04-08 09:45:00,1,调架中,False,正常,2848,5
2024-04-08 09:46:00,2024-04-08 09:48:00,3,割煤中位,False,正常,2849,5
2024-04-08 09:49:00,2024-04-08 09:51:00,3,割煤高位,False,正常,2850,5
2024-04-08 09:52:00,2024-04-08 09:53:00,2,调架中,False,正常,2851,5
2024-04-08 09:54:00,2024-04-08 09:56:00,3,割煤高位,False,正常,2852,5
2024-04-08 09:57:00,2024-04-08 09:57:00,1,割煤中位,False,正常,2853,5
2024-04-08 09:58:00,2024-04-08 09:58:00,1,调架中,False,正常,2854,5
2024-04-08 09:59:00,2024-04-08 10:02:00,4,割煤中位,False,正常,2855,5
2024-04-08 10:03:00,2024-04-08 10:08:00,6,待机,False,正常,2856,5
2024-04-08 10:09:00,2024-04-08 10:09:00,1,割煤中位,False,正常,2857,5
2024-04-08 10:10:00,2024-04-08 14:37:00,268,待机,False,正常,2858,5
2024-04-08 14:38:00,2024-04-08 14:38:00,1,调架中,False,正常,2859,5
2024-04-08 14:39:00,2024-04-08 15:58:00,80,待机,False,正常,2860,5
2024-04-08 15:59:00,2024-04-08 15:59:00,1,割煤中位,False,正常,2861,5
2024-04-08 16:00:00,2024-04-08 16:00:00,1,调架中,False,正常,2862,5
2024-04-08 16:01:00,2024-04-08 16:01:00,1,待机,False,正常,2863,5
2024-04-08 16:02:00,2024-04-08 16:02:00,1,割煤中位,False,正常,2864,5
2024-04-08 16:03:00,2024-04-08 16:06:00,4,待机,False,正常,2865,5
2024-04-08 16:07:00,2024-04-08 16:07:00,1,调架中,False,正常,2866,5
2024-04-08 16:08:00,2024-04-08 16:11:00,4,割煤中位,False,正常,2867,5
2024-04-08 16:12:00,2024-04-08 16:12:00,1,待机-高位,False,正常,2868,5
2024-04-08 16:13:00,2024-04-08 16:15:00,3,割煤中位,False,正常,2869,5
2024-04-08 16:16:00,2024-04-08 16:17:00,2,待机,False,正常,2870,5
2024-04-08 16:18:00,2024-04-08 16:18:00,1,调架中,False,正常,2871,5
2024-04-08 16:19:00,2024-04-08 16:20:00,2,割煤中位,False,正常,2872,5
2024-04-08 16:21:00,2024-04-08 16:21:00,1,调架中,False,正常,2873,5
2024-04-08 16:22:00,2024-04-08 16:25:00,4,割煤中位,False,正常,2874,5
2024-04-08 16:26:00,2024-04-08 16:26:00,1,调架中,False,正常,2875,5
2024-04-08 16:27:00,2024-04-08 16:33:00,7,割煤中位,False,正常,2876,5
2024-04-08 16:34:00,2024-04-08 16:35:00,2,调架中,False,正常,2877,5
2024-04-08 16:36:00,2024-04-08 16:38:00,3,割煤中位,False,正常,2878,5
2024-04-08 16:39:00,2024-04-08 16:39:00,1,调架中,False,正常,2879,5
2024-04-08 16:40:00,2024-04-08 16:40:00,1,割煤中位,False,正常,2880,5
2024-04-08 16:41:00,2024-04-08 16:45:00,5,待机,False,正常,2881,5
2024-04-08 16:46:00,2024-04-08 16:46:00,1,割煤中位,False,正常,2882,5
2024-04-08 16:47:00,2024-04-08 16:57:00,11,调架中,False,正常,2883,5
2024-04-08 16:58:00,2024-04-08 16:59:00,2,割煤中位,False,正常,2884,5
2024-04-08 17:00:00,2024-04-08 17:04:00,5,调架中,False,正常,2885,5
2024-04-08 17:05:00,2024-04-08 17:05:00,1,割煤中位,False,正常,2886,5
2024-04-08 17:06:00,2024-04-08 17:06:00,1,调架中,False,正常,2887,5
2024-04-08 17:07:00,2024-04-08 17:07:00,1,待机,False,正常,2888,5
2024-04-08 17:08:00,2024-04-08 17:08:00,1,割煤中位,False,正常,2889,5
2024-04-08 17:09:00,2024-04-08 17:09:00,1,调架中,False,正常,2890,5
2024-04-08 17:10:00,2024-04-08 17:10:00,1,割煤中位,False,正常,2891,5
2024-04-08 17:11:00,2024-04-08 17:11:00,1,待机,False,正常,2892,5
2024-04-08 17:12:00,2024-04-08 17:12:00,1,割煤中位,False,正常,2893,5
2024-04-08 17:13:00,2024-04-08 17:13:00,1,待机,False,正常,2894,5
2024-04-08 17:14:00,2024-04-08 17:14:00,1,调架中,False,正常,2895,5
2024-04-08 17:15:00,2024-04-08 17:42:00,28,待机,False,正常,2896,5
2024-04-08 17:43:00,2024-04-08 17:50:00,8,调架中,False,正常,2897,5
2024-04-08 17:51:00,2024-04-08 17:52:00,2,割煤中位,False,正常,2898,5
2024-04-08 17:53:00,2024-04-08 17:55:00,3,调架中,False,正常,2899,5
2024-04-08 17:56:00,2024-04-08 17:56:00,1,待机,False,正常,2900,5
2024-04-08 17:57:00,2024-04-08 17:57:00,1,调架中,False,正常,2901,5
2024-04-08 17:58:00,2024-04-08 17:58:00,1,割煤中位,False,正常,2902,5
2024-04-08 17:59:00,2024-04-08 17:59:00,1,待机,False,正常,2903,5
2024-04-08 18:00:00,2024-04-08 18:00:00,1,割煤中位,False,正常,2904,5
2024-04-08 18:01:00,2024-04-08 18:04:00,4,调架中,False,正常,2905,5
2024-04-08 18:05:00,2024-04-08 18:06:00,2,割煤中位,False,正常,2906,5
2024-04-08 18:07:00,2024-04-08 18:07:00,1,调架中,False,正常,2907,5
2024-04-08 18:08:00,2024-04-08 18:11:00,4,割煤中位,False,正常,2908,5
2024-04-08 18:12:00,2024-04-08 18:12:00,1,调架中,False,正常,2909,5
2024-04-08 18:13:00,2024-04-08 18:17:00,5,割煤中位,False,正常,2910,5
2024-04-08 18:18:00,2024-04-08 18:18:00,1,割煤高位,False,正常,2911,5
2024-04-08 18:19:00,2024-04-08 18:19:00,1,调架中,False,正常,2912,5
2024-04-08 18:20:00,2024-04-08 18:21:00,2,割煤高位,False,正常,2913,5
2024-04-08 18:22:00,2024-04-08 18:22:00,1,割煤中位,False,正常,2914,5
2024-04-08 18:23:00,2024-04-08 18:23:00,1,调架中,False,正常,2915,5
2024-04-08 18:24:00,2024-04-08 18:24:00,1,割煤中位,False,正常,2916,5
2024-04-08 18:25:00,2024-04-08 18:28:00,4,割煤高位,False,正常,2917,5
2024-04-08 18:29:00,2024-04-08 18:29:00,1,调架中,False,正常,2918,5
2024-04-08 18:30:00,2024-04-08 18:30:00,1,割煤高位,False,正常,2919,5
2024-04-08 18:31:00,2024-04-08 18:33:00,3,割煤中位,False,正常,2920,5
2024-04-08 18:34:00,2024-04-08 18:35:00,2,待机,False,正常,2921,5
2024-04-08 18:36:00,2024-04-08 18:39:00,4,割煤中位,False,正常,2922,5
2024-04-08 18:40:00,2024-04-08 18:43:00,4,待机,False,正常,2923,5
2024-04-08 18:44:00,2024-04-08 18:45:00,2,割煤中位,False,正常,2924,5
2024-04-08 18:46:00,2024-04-08 18:52:00,7,待机,False,正常,2925,5
2024-04-08 18:53:00,2024-04-08 18:55:00,3,调架中,False,正常,2926,5
2024-04-08 18:56:00,2024-04-08 18:56:00,1,割煤高位,False,正常,2927,5
2024-04-08 18:57:00,2024-04-08 18:57:00,1,调架中,False,正常,2928,5
2024-04-08 18:58:00,2024-04-08 18:58:00,1,割煤中位,False,正常,2929,5
2024-04-08 18:59:00,2024-04-08 18:59:00,1,割煤高位,False,正常,2930,5
2024-04-08 19:00:00,2024-04-08 19:04:00,5,待机-高位,False,正常,2931,5
2024-04-08 19:05:00,2024-04-08 19:06:00,2,割煤高位,False,正常,2932,5
2024-04-08 19:07:00,2024-04-08 19:07:00,1,调架中,False,正常,2933,5
2024-04-08 19:08:00,2024-04-08 19:09:00,2,割煤高位,False,正常,2934,5
2024-04-08 19:10:00,2024-04-08 19:15:00,6,割煤中位,False,正常,2935,5
2024-04-08 19:16:00,2024-04-08 19:16:00,1,割煤高位,False,正常,2936,5
2024-04-08 19:17:00,2024-04-08 19:17:00,1,调架中,False,正常,2937,5
2024-04-08 19:18:00,2024-04-08 19:18:00,1,割煤高位,False,正常,2938,5
2024-04-08 19:19:00,2024-04-08 19:20:00,2,调架中,False,正常,2939,5
2024-04-08 19:21:00,2024-04-08 19:21:00,1,割煤中位,False,正常,2940,5
2024-04-08 19:22:00,2024-04-08 19:22:00,1,调架中,False,正常,2941,5
2024-04-08 19:23:00,2024-04-08 19:24:00,2,待机,False,正常,2942,5
2024-04-08 19:25:00,2024-04-08 19:25:00,1,割煤高位,False,正常,2943,5
2024-04-08 19:26:00,2024-04-08 19:26:00,1,调架中,False,正常,2944,5
2024-04-08 19:27:00,2024-04-08 19:27:00,1,割煤中位,False,正常,2945,5
2024-04-08 19:28:00,2024-04-08 19:30:00,3,调架中,False,正常,2946,5
2024-04-08 19:31:00,2024-04-08 19:31:00,1,割煤中位,False,正常,2947,5
2024-04-08 19:32:00,2024-04-08 19:32:00,1,调架中,False,正常,2948,5
2024-04-08 19:33:00,2024-04-08 19:33:00,1,割煤中位,False,正常,2949,5
2024-04-08 19:34:00,2024-04-08 19:35:00,2,割煤高位,False,正常,2950,5
2024-04-08 19:36:00,2024-04-08 19:36:00,1,割煤中位,False,正常,2951,5
2024-04-08 19:37:00,2024-04-08 19:37:00,1,调架中,False,正常,2952,5
2024-04-08 19:38:00,2024-04-08 19:41:00,4,割煤中位,False,正常,2953,5
2024-04-08 19:42:00,2024-04-08 19:56:00,15,待机,False,正常,2954,5
2024-04-08 19:57:00,2024-04-08 19:57:00,1,调架中,False,正常,2955,5
2024-04-08 19:58:00,2024-04-08 20:04:00,7,割煤中位,False,正常,2956,5
2024-04-08 20:05:00,2024-04-08 20:06:00,2,割煤高位,False,正常,2957,5
2024-04-08 20:07:00,2024-04-08 20:07:00,1,割煤中位,False,正常,2958,5
2024-04-08 20:08:00,2024-04-08 20:09:00,2,割煤高位,False,正常,2959,5
2024-04-08 20:10:00,2024-04-08 20:10:00,1,调架中,False,正常,2960,5
2024-04-08 20:11:00,2024-04-08 23:22:00,192,待机,False,正常,2961,5
2024-04-08 23:23:00,2024-04-08 23:23:00,1,调架中,False,正常,2962,5
2024-04-08 23:24:00,2024-04-08 23:25:00,2,割煤中位,False,正常,2963,5
2024-04-08 23:26:00,2024-04-08 23:26:00,1,调架中,False,正常,2964,5
2024-04-08 23:27:00,2024-04-08 23:29:00,3,割煤中位,False,正常,2965,5
2024-04-08 23:30:00,2024-04-08 23:31:00,2,调架中,False,正常,2966,5
2024-04-08 23:32:00,2024-04-08 23:36:00,5,割煤中位,False,正常,2967,5
2024-04-08 23:37:00,2024-04-08 23:40:00,4,调架中,False,正常,2968,5
2024-04-08 23:41:00,2024-04-08 23:42:00,2,割煤中位,False,正常,2969,5
2024-04-08 23:43:00,2024-04-08 23:44:00,2,调架中,False,正常,2970,5
2024-04-08 23:45:00,2024-04-08 23:45:00,1,割煤中位,False,正常,2971,5
2024-04-08 23:46:00,2024-04-08 23:48:00,3,待机,False,正常,2972,5
2024-04-08 23:49:00,2024-04-08 23:50:00,2,调架中,False,正常,2973,5
2024-04-08 23:51:00,2024-04-08 23:55:00,5,待机,False,正常,2974,5
2024-04-08 23:56:00,2024-04-08 23:56:00,1,调架中,False,正常,2975,5
2024-04-08 23:57:00,2024-04-08 23:57:00,1,割煤中位,False,正常,2976,5
2024-04-08 23:58:00,2024-04-08 23:58:00,1,调架中,False,正常,2977,5
2024-04-08 23:59:00,2024-04-08 23:59:00,1,割煤中位,False,正常,2978,5
2024-04-09 00:00:00,2024-04-09 00:00:00,1,调架中,False,正常,2979,5
2024-04-09 00:01:00,2024-04-09 00:06:00,6,割煤中位,False,正常,2980,5
2024-04-09 00:07:00,2024-04-09 00:07:00,1,调架中,False,正常,2981,5
2024-04-09 00:08:00,2024-04-09 00:09:00,2,割煤中位,False,正常,2982,5
2024-04-09 00:10:00,2024-04-09 00:10:00,1,调架中,False,正常,2983,5
2024-04-09 00:11:00,2024-04-09 01:12:00,62,待机,False,正常,2984,5
2024-04-09 01:13:00,2024-04-09 01:15:00,3,割煤中位,False,正常,2985,5
2024-04-09 01:16:00,2024-04-09 01:16:00,1,调架中,False,正常,2986,5
2024-04-09 01:17:00,2024-04-09 01:18:00,2,割煤中位,False,正常,2987,5
2024-04-09 01:19:00,2024-04-09 01:19:00,1,调架中,False,正常,2988,5
2024-04-09 01:20:00,2024-04-09 01:21:00,2,割煤中位,False,正常,2989,5
2024-04-09 01:22:00,2024-04-09 01:22:00,1,调架中,False,正常,2990,5
2024-04-09 01:23:00,2024-04-09 01:29:00,7,割煤中位,False,正常,2991,5
2024-04-09 01:30:00,2024-04-09 01:30:00,1,待机,False,正常,2992,5
2024-04-09 01:31:00,2024-04-09 01:32:00,2,割煤中位,False,正常,2993,5
2024-04-09 01:33:00,2024-04-09 01:33:00,1,调架中,False,正常,2994,5
2024-04-09 01:34:00,2024-04-09 01:42:00,9,割煤中位,False,正常,2995,5
2024-04-09 01:43:00,2024-04-09 01:43:00,1,调架中,False,正常,2996,5
2024-04-09 01:44:00,2024-04-09 01:44:00,1,割煤中位,False,正常,2997,5
2024-04-09 01:45:00,2024-04-09 01:47:00,3,调架中,False,正常,2998,5
2024-04-09 01:48:00,2024-04-09 01:51:00,4,割煤中位,False,正常,2999,5
2024-04-09 01:52:00,2024-04-09 01:53:00,2,调架中,False,正常,3000,5
2024-04-09 01:54:00,2024-04-09 01:57:00,4,割煤中位,False,正常,3001,5
2024-04-09 01:58:00,2024-04-09 01:58:00,1,调架中,False,正常,3002,5
2024-04-09 01:59:00,2024-04-09 02:01:00,3,割煤中位,False,正常,3003,5
2024-04-09 02:02:00,2024-04-09 02:02:00,1,调架中,False,正常,3004,5
2024-04-09 02:03:00,2024-04-09 02:05:00,3,待机,False,正常,3005,5
2024-04-09 02:06:00,2024-04-09 02:06:00,1,调架中,False,正常,3006,5
2024-04-09 02:07:00,2024-04-09 02:09:00,3,割煤中位,False,正常,3007,5
2024-04-09 02:10:00,2024-04-09 02:10:00,1,调架中,False,正常,3008,5
2024-04-09 02:11:00,2024-04-09 02:12:00,2,割煤中位,False,正常,3009,5
2024-04-09 02:13:00,2024-04-09 02:14:00,2,待机,False,正常,3010,5
2024-04-09 02:15:00,2024-04-09 02:16:00,2,割煤中位,False,正常,3011,5
2024-04-09 02:17:00,2024-04-09 02:18:00,2,待机,False,正常,3012,5
2024-04-09 02:19:00,2024-04-09 02:25:00,7,割煤中位,False,正常,3013,5
2024-04-09 02:26:00,2024-04-09 02:26:00,1,调架中,False,正常,3014,5
2024-04-09 02:27:00,2024-04-09 02:32:00,6,割煤中位,False,正常,3015,5
2024-04-09 02:33:00,2024-04-09 02:33:00,1,待机,False,正常,3016,5
2024-04-09 02:34:00,2024-04-09 02:46:00,13,割煤中位,False,正常,3017,5
2024-04-09 02:47:00,2024-04-09 02:47:00,1,调架中,False,正常,3018,5
2024-04-09 02:48:00,2024-04-09 02:58:00,11,割煤中位,False,正常,3019,5
2024-04-09 02:59:00,2024-04-09 03:01:00,3,割煤高位,False,正常,3020,5
2024-04-09 03:02:00,2024-04-09 03:03:00,2,割煤中位,False,正常,3021,5
2024-04-09 03:04:00,2024-04-09 03:04:00,1,调架中,False,正常,3022,5
2024-04-09 03:05:00,2024-04-09 03:08:00,4,割煤中位,False,正常,3023,5
2024-04-09 03:09:00,2024-04-09 03:09:00,1,割煤高位,False,正常,3024,5
2024-04-09 03:10:00,2024-04-09 03:10:00,1,割煤中位,False,正常,3025,5
2024-04-09 03:11:00,2024-04-09 03:11:00,1,调架中,False,正常,3026,5
2024-04-09 03:12:00,2024-04-09 03:12:00,1,割煤中位,False,正常,3027,5
2024-04-09 03:13:00,2024-04-09 03:14:00,2,割煤高位,False,正常,3028,5
2024-04-09 03:15:00,2024-04-09 03:19:00,5,割煤中位,False,正常,3029,5
2024-04-09 03:20:00,2024-04-09 03:25:00,6,割煤高位,False,正常,3030,5
2024-04-09 03:26:00,2024-04-09 03:26:00,1,调架中,False,正常,3031,5
2024-04-09 03:27:00,2024-04-09 03:29:00,3,割煤高位,False,正常,3032,5
2024-04-09 03:30:00,2024-04-09 03:31:00,2,待机-高位,False,正常,3033,5
2024-04-09 03:32:00,2024-04-09 03:32:00,1,调架中,False,正常,3034,5
2024-04-09 03:33:00,2024-04-09 03:33:00,1,割煤中位,False,正常,3035,5
2024-04-09 03:34:00,2024-04-09 03:35:00,2,割煤高位,False,正常,3036,5
2024-04-09 03:36:00,2024-04-09 03:36:00,1,割煤中位,False,正常,3037,5
2024-04-09 03:37:00,2024-04-09 03:40:00,4,割煤高位,False,正常,3038,5
2024-04-09 03:41:00,2024-04-09 03:48:00,8,割煤中位,False,正常,3039,5
2024-04-09 03:49:00,2024-04-09 03:49:00,1,调架中,False,正常,3040,5
2024-04-09 03:50:00,2024-04-09 03:50:00,1,割煤中位,False,正常,3041,5
2024-04-09 03:51:00,2024-04-09 03:51:00,1,调架中,False,正常,3042,5
2024-04-09 03:52:00,2024-04-09 03:52:00,1,割煤中位,False,正常,3043,5
2024-04-09 03:53:00,2024-04-09 03:55:00,3,调架中,False,正常,3044,5
2024-04-09 03:56:00,2024-04-09 03:57:00,2,割煤中位,False,正常,3045,5
2024-04-09 03:58:00,2024-04-09 03:58:00,1,调架中,False,正常,3046,5
2024-04-09 03:59:00,2024-04-09 04:03:00,5,割煤中位,False,正常,3047,5
2024-04-09 04:04:00,2024-04-09 04:04:00,1,割煤高位,False,正常,3048,5
2024-04-09 04:05:00,2024-04-09 04:05:00,1,调架中,False,正常,3049,5
2024-04-09 04:06:00,2024-04-09 04:06:00,1,割煤中位,False,正常,3050,5
2024-04-09 04:07:00,2024-04-09 04:07:00,1,割煤高位,False,正常,3051,5
2024-04-09 04:08:00,2024-04-09 04:08:00,1,调架中,False,正常,3052,5
2024-04-09 04:09:00,2024-04-09 04:11:00,3,待机-高位,False,正常,3053,5
2024-04-09 04:12:00,2024-04-09 04:12:00,1,调架中,False,正常,3054,5
2024-04-09 04:13:00,2024-04-09 04:15:00,3,待机,False,正常,3055,5
2024-04-09 04:16:00,2024-04-09 04:22:00,7,割煤中位,False,正常,3056,5
2024-04-09 04:23:00,2024-04-09 04:29:00,7,割煤高位,False,正常,3057,5
2024-04-09 04:30:00,2024-04-09 04:30:00,1,调架中,False,正常,3058,5
2024-04-09 04:31:00,2024-04-09 04:35:00,5,割煤中位,False,正常,3059,5
2024-04-09 04:36:00,2024-04-09 04:36:00,1,割煤高位,False,正常,3060,5
2024-04-09 04:37:00,2024-04-09 04:37:00,1,待机-高位,False,正常,3061,5
2024-04-09 04:38:00,2024-04-09 04:38:00,1,调架中,False,正常,3062,5
2024-04-09 04:39:00,2024-04-09 04:41:00,3,割煤中位,False,正常,3063,5
2024-04-09 04:42:00,2024-04-09 04:42:00,1,割煤高位,False,正常,3064,5
2024-04-09 04:43:00,2024-04-09 04:43:00,1,割煤中位,False,正常,3065,5
2024-04-09 04:44:00,2024-04-09 04:45:00,2,调架中,False,正常,3066,5
2024-04-09 04:46:00,2024-04-09 04:47:00,2,割煤中位,False,正常,3067,5
2024-04-09 04:48:00,2024-04-09 04:48:00,1,调架中,False,正常,3068,5
2024-04-09 04:49:00,2024-04-09 04:49:00,1,割煤中位,False,正常,3069,5
2024-04-09 04:50:00,2024-04-09 04:51:00,2,割煤高位,False,正常,3070,5
2024-04-09 04:52:00,2024-04-09 05:05:00,14,割煤中位,False,正常,3071,5
2024-04-09 05:06:00,2024-04-09 05:08:00,3,割煤高位,False,正常,3072,5
2024-04-09 05:09:00,2024-04-09 05:12:00,4,割煤中位,False,正常,3073,5
2024-04-09 05:13:00,2024-04-09 05:20:00,8,割煤高位,False,正常,3074,5
2024-04-09 05:21:00,2024-04-09 05:21:00,1,调架中,False,正常,3075,5
2024-04-09 05:22:00,2024-04-09 05:22:00,1,割煤高位,False,正常,3076,5
2024-04-09 05:23:00,2024-04-09 05:23:00,1,调架中,False,正常,3077,5
2024-04-09 05:24:00,2024-04-09 05:25:00,2,割煤中位,False,正常,3078,5
2024-04-09 05:26:00,2024-04-09 05:32:00,7,割煤高位,False,正常,3079,5
2024-04-09 05:33:00,2024-04-09 05:33:00,1,调架中,False,正常,3080,5
2024-04-09 05:34:00,2024-04-09 05:35:00,2,割煤中位,False,正常,3081,5
2024-04-09 05:36:00,2024-04-09 05:36:00,1,待机,False,正常,3082,5
2024-04-09 05:37:00,2024-04-09 05:37:00,1,调架中,False,正常,3083,5
2024-04-09 05:38:00,2024-04-09 05:40:00,3,割煤中位,False,正常,3084,5
2024-04-09 05:41:00,2024-04-09 05:50:00,10,割煤高位,False,正常,3085,5
2024-04-09 05:51:00,2024-04-09 06:32:00,42,待机-高位,False,正常,3086,5
2024-04-09 06:33:00,2024-04-09 06:33:00,1,调架中,False,正常,3087,5
2024-04-09 06:34:00,2024-04-09 06:34:00,1,割煤高位,False,正常,3088,5
2024-04-09 06:35:00,2024-04-09 06:37:00,3,调架中,False,正常,3089,5
2024-04-09 06:38:00,2024-04-09 06:38:00,1,割煤高位,False,正常,3090,5
2024-04-09 06:39:00,2024-04-09 06:40:00,2,调架中,False,正常,3091,5
2024-04-09 06:41:00,2024-04-09 06:42:00,2,割煤高位,False,正常,3092,5
2024-04-09 06:43:00,2024-04-09 06:47:00,5,割煤中位,False,正常,3093,5
2024-04-09 06:48:00,2024-04-09 06:49:00,2,调架中,False,正常,3094,5
2024-04-09 06:50:00,2024-04-09 06:51:00,2,割煤中位,False,正常,3095,5
2024-04-09 06:52:00,2024-04-09 06:57:00,6,割煤高位,False,正常,3096,5
2024-04-09 06:58:00,2024-04-09 06:58:00,1,调架中,False,正常,3097,5
2024-04-09 06:59:00,2024-04-09 07:00:00,2,割煤高位,False,正常,3098,5
2024-04-09 07:01:00,2024-04-09 07:04:00,4,割煤中位,False,正常,3099,5
2024-04-09 07:05:00,2024-04-09 07:06:00,2,割煤高位,False,正常,3100,5
2024-04-09 07:07:00,2024-04-09 07:08:00,2,割煤中位,False,正常,3101,5
2024-04-09 07:09:00,2024-04-09 07:09:00,1,割煤高位,False,正常,3102,5
2024-04-09 07:10:00,2024-04-09 07:10:00,1,调架中,False,正常,3103,5
2024-04-09 07:11:00,2024-04-09 07:14:00,4,割煤中位,False,正常,3104,5
2024-04-09 07:15:00,2024-04-09 07:15:00,1,割煤高位,False,正常,3105,5
2024-04-09 07:16:00,2024-04-09 07:18:00,3,割煤中位,False,正常,3106,5
2024-04-09 07:19:00,2024-04-09 07:21:00,3,割煤高位,False,正常,3107,5
2024-04-09 07:22:00,2024-04-09 07:25:00,4,调架中,False,正常,3108,5
2024-04-09 07:26:00,2024-04-09 07:26:00,1,待机-高位,False,正常,3109,5
2024-04-09 07:27:00,2024-04-09 07:31:00,5,割煤中位,False,正常,3110,5
2024-04-09 07:32:00,2024-04-09 07:32:00,1,调架中,False,正常,3111,5
2024-04-09 07:33:00,2024-04-09 07:47:00,15,待机-高位,False,正常,3112,5
2024-04-09 07:48:00,2024-04-09 07:59:00,12,割煤中位,False,正常,3113,5
2024-04-09 08:00:00,2024-04-09 08:00:00,1,调架中,False,正常,3114,5
2024-04-09 08:01:00,2024-04-09 08:21:00,21,割煤中位,False,正常,3115,5
2024-04-09 08:22:00,2024-04-09 08:22:00,1,调架中,False,正常,3116,5
2024-04-09 08:23:00,2024-04-09 08:23:00,1,割煤高位,False,正常,3117,5
2024-04-09 08:24:00,2024-04-09 08:25:00,2,待机-高位,False,正常,3118,5
2024-04-09 08:26:00,2024-04-09 08:27:00,2,割煤中位,False,正常,3119,5
2024-04-09 08:28:00,2024-04-09 08:29:00,2,待机,False,正常,3120,5
2024-04-09 08:30:00,2024-04-09 08:30:00,1,割煤中位,False,正常,3121,5
2024-04-09 08:31:00,2024-04-09 08:31:00,1,待机,False,正常,3122,5
2024-04-09 08:32:00,2024-04-09 08:32:00,1,调架中,False,正常,3123,5
2024-04-09 08:33:00,2024-04-09 08:35:00,3,待机,False,正常,3124,5
2024-04-09 08:36:00,2024-04-09 08:37:00,2,调架中,False,正常,3125,5
2024-04-09 08:38:00,2024-04-09 14:32:00,355,待机,True,通讯中断/传感器休眠（段持续 >= 4h）,3126,6
2024-04-09 14:33:00,2024-04-09 15:35:00,63,待机-高位,False,正常,3127,7
2024-04-09 15:36:00,2024-04-09 15:36:00,1,调架中,False,正常,3128,7
2024-04-09 15:37:00,2024-04-09 15:53:00,17,待机,False,正常,3129,7
2024-04-09 15:54:00,2024-04-09 15:55:00,2,调架中,False,正常,3130,7
2024-04-09 15:56:00,2024-04-09 16:59:00,64,待机,False,正常,3131,7
2024-04-09 17:00:00,2024-04-09 17:00:00,1,割煤中位,False,正常,3132,7
2024-04-09 17:01:00,2024-04-09 17:02:00,2,割煤高位,False,正常,3133,7
2024-04-09 17:03:00,2024-04-09 17:04:00,2,调架中,False,正常,3134,7
2024-04-09 17:05:00,2024-04-09 17:10:00,6,待机-高位,False,正常,3135,7
2024-04-09 17:11:00,2024-04-09 17:11:00,1,调架中,False,正常,3136,7
2024-04-09 17:12:00,2024-04-09 17:16:00,5,割煤高位,False,正常,3137,7
2024-04-09 17:17:00,2024-04-09 17:19:00,3,割煤中位,False,正常,3138,7
2024-04-09 17:20:00,2024-04-09 17:22:00,3,割煤高位,False,正常,3139,7
2024-04-09 17:23:00,2024-04-09 17:23:00,1,调架中,False,正常,3140,7
2024-04-09 17:24:00,2024-04-09 17:25:00,2,割煤高位,False,正常,3141,7
2024-04-09 17:26:00,2024-04-09 17:26:00,1,调架中,False,正常,3142,7
2024-04-09 17:27:00,2024-04-09 17:31:00,5,割煤中位,False,正常,3143,7
2024-04-09 17:32:00,2024-04-09 17:32:00,1,待机-高位,False,正常,3144,7
2024-04-09 17:33:00,2024-04-09 17:33:00,1,割煤中位,False,正常,3145,7
2024-04-09 17:34:00,2024-04-09 17:38:00,5,割煤高位,False,正常,3146,7
2024-04-09 17:39:00,2024-04-09 17:41:00,3,割煤中位,False,正常,3147,7
2024-04-09 17:42:00,2024-04-09 17:46:00,5,割煤高位,False,正常,3148,7
2024-04-09 17:47:00,2024-04-09 17:47:00,1,调架中,False,正常,3149,7
2024-04-09 17:48:00,2024-04-09 17:50:00,3,割煤高位,False,正常,3150,7
2024-04-09 17:51:00,2024-04-09 17:51:00,1,调架中,False,正常,3151,7
2024-04-09 17:52:00,2024-04-09 17:59:00,8,割煤高位,False,正常,3152,7
2024-04-09 18:00:00,2024-04-09 18:00:00,1,调架中,False,正常,3153,7
2024-04-09 18:01:00,2024-04-09 18:02:00,2,割煤高位,False,正常,3154,7
2024-04-09 18:03:00,2024-04-09 18:03:00,1,调架中,False,正常,3155,7
2024-04-09 18:04:00,2024-04-09 18:07:00,4,割煤高位,False,正常,3156,7
2024-04-09 18:08:00,2024-04-09 18:12:00,5,待机-高位,False,正常,3157,7
2024-04-09 18:13:00,2024-04-09 18:14:00,2,割煤高位,False,正常,3158,7
2024-04-09 18:15:00,2024-04-09 18:17:00,3,调架中,False,正常,3159,7
2024-04-09 18:18:00,2024-04-09 21:24:00,187,待机-高位,True,异常持续段（>120min 阈值）,3160,8
2024-04-09 21:25:00,2024-04-09 21:25:00,1,待机,False,正常,3161,9
2024-04-09 21:26:00,2024-04-09 21:29:00,4,待机-高位,False,正常,3162,9
2024-04-09 21:30:00,2024-04-09 21:30:00,1,调架中,False,正常,3163,9
2024-04-09 21:31:00,2024-04-09 21:31:00,1,割煤中位,False,正常,3164,9
2024-04-09 21:32:00,2024-04-09 21:32:00,1,割煤高位,False,正常,3165,9
2024-04-09 21:33:00,2024-04-09 21:33:00,1,调架中,False,正常,3166,9
2024-04-09 21:34:00,2024-04-09 21:34:00,1,待机-高位,False,正常,3167,9
2024-04-09 21:35:00,2024-04-09 21:37:00,3,调架中,False,正常,3168,9
2024-04-09 21:38:00,2024-04-09 21:39:00,2,割煤中位,False,正常,3169,9
2024-04-09 21:40:00,2024-04-09 21:40:00,1,割煤高位,False,正常,3170,9
2024-04-09 21:41:00,2024-04-09 21:41:00,1,调架中,False,正常,3171,9
2024-04-09 21:42:00,2024-04-09 21:43:00,2,割煤高位,False,正常,3172,9
2024-04-09 21:44:00,2024-04-09 21:44:00,1,调架中,False,正常,3173,9
2024-04-09 21:45:00,2024-04-09 21:45:00,1,割煤高位,False,正常,3174,9
2024-04-09 21:46:00,2024-04-09 21:50:00,5,割煤中位,False,正常,3175,9
2024-04-09 21:51:00,2024-04-09 21:55:00,5,割煤高位,False,正常,3176,9
2024-04-09 21:56:00,2024-04-09 21:56:00,1,割煤中位,False,正常,3177,9
2024-04-09 21:57:00,2024-04-09 21:57:00,1,调架中,False,正常,3178,9
2024-04-09 21:58:00,2024-04-09 21:59:00,2,割煤中位,False,正常,3179,9
2024-04-09 22:00:00,2024-04-09 22:01:00,2,待机,False,正常,3180,9
2024-04-09 22:02:00,2024-04-09 22:02:00,1,割煤中位,False,正常,3181,9
2024-04-09 22:03:00,2024-04-09 22:03:00,1,调架中,False,正常,3182,9
2024-04-09 22:04:00,2024-04-09 22:10:00,7,割煤中位,False,正常,3183,9
2024-04-09 22:11:00,2024-04-09 22:11:00,1,调架中,False,正常,3184,9
2024-04-09 22:12:00,2024-04-09 22:12:00,1,割煤高位,False,正常,3185,9
2024-04-09 22:13:00,2024-04-09 22:13:00,1,待机-高位,False,正常,3186,9
2024-04-09 22:14:00,2024-04-09 22:14:00,1,割煤高位,False,正常,3187,9
2024-04-09 22:15:00,2024-04-09 22:15:00,1,调架中,False,正常,3188,9
2024-04-09 22:16:00,2024-04-09 22:18:00,3,割煤高位,False,正常,3189,9
2024-04-09 22:19:00,2024-04-09 22:19:00,1,割煤中位,False,正常,3190,9
2024-04-09 22:20:00,2024-04-09 22:21:00,2,调架中,False,正常,3191,9
2024-04-09 22:22:00,2024-04-10 00:53:00,152,待机,False,正常,3192,9
2024-04-10 00:54:00,2024-04-10 00:54:00,1,调架中,False,正常,3193,9
2024-04-10 00:55:00,2024-04-10 00:55:00,1,割煤中位,False,正常,3194,9
2024-04-10 00:56:00,2024-04-10 00:58:00,3,割煤高位,False,正常,3195,9
2024-04-10 00:59:00,2024-04-10 00:59:00,1,割煤中位,False,正常,3196,9
2024-04-10 01:00:00,2024-04-10 01:04:00,5,割煤高位,False,正常,3197,9
2024-04-10 01:05:00,2024-04-10 01:07:00,3,割煤中位,False,正常,3198,9
2024-04-10 01:08:00,2024-04-10 01:10:00,3,割煤高位,False,正常,3199,9
2024-04-10 01:11:00,2024-04-10 01:11:00,1,调架中,False,正常,3200,9
2024-04-10 01:12:00,2024-04-10 01:14:00,3,割煤高位,False,正常,3201,9
2024-04-10 01:15:00,2024-04-10 01:20:00,6,割煤中位,False,正常,3202,9
2024-04-10 01:21:00,2024-04-10 01:23:00,3,割煤高位,False,正常,3203,9
2024-04-10 01:24:00,2024-04-10 01:25:00,2,割煤中位,False,正常,3204,9
2024-04-10 01:26:00,2024-04-10 01:37:00,12,割煤高位,False,正常,3205,9
2024-04-10 01:38:00,2024-04-10 01:42:00,5,割煤中位,False,正常,3206,9
2024-04-10 01:43:00,2024-04-10 01:44:00,2,调架中,False,正常,3207,9
2024-04-10 01:45:00,2024-04-10 01:45:00,1,割煤高位,False,正常,3208,9
2024-04-10 01:46:00,2024-04-10 01:51:00,6,割煤中位,False,正常,3209,9
2024-04-10 01:52:00,2024-04-10 01:56:00,5,割煤高位,False,正常,3210,9
2024-04-10 01:57:00,2024-04-10 01:57:00,1,调架中,False,正常,3211,9
2024-04-10 01:58:00,2024-04-10 01:58:00,1,割煤中位,False,正常,3212,9
2024-04-10 01:59:00,2024-04-10 02:08:00,10,割煤高位,False,正常,3213,9
2024-04-10 02:09:00,2024-04-10 02:10:00,2,割煤中位,False,正常,3214,9
2024-04-10 02:11:00,2024-04-10 02:13:00,3,割煤高位,False,正常,3215,9
2024-04-10 02:14:00,2024-04-10 02:14:00,1,调架中,False,正常,3216,9
2024-04-10 02:15:00,2024-04-10 02:17:00,3,割煤中位,False,正常,3217,9
2024-04-10 02:18:00,2024-04-10 02:18:00,1,调架中,False,正常,3218,9
2024-04-10 02:19:00,2024-04-10 02:19:00,1,割煤高位,False,正常,3219,9
2024-04-10 02:20:00,2024-04-10 02:20:00,1,待机-高位,False,正常,3220,9
2024-04-10 02:21:00,2024-04-10 02:23:00,3,割煤高位,False,正常,3221,9
2024-04-10 02:24:00,2024-04-10 02:27:00,4,割煤中位,False,正常,3222,9
2024-04-10 02:28:00,2024-04-10 02:36:00,9,割煤高位,False,正常,3223,9
2024-04-10 02:37:00,2024-04-10 02:38:00,2,割煤中位,False,正常,3224,9
2024-04-10 02:39:00,2024-04-10 02:39:00,1,调架中,False,正常,3225,9
2024-04-10 02:40:00,2024-04-10 02:40:00,1,待机,False,正常,3226,9
2024-04-10 02:41:00,2024-04-10 02:42:00,2,调架中,False,正常,3227,9
2024-04-10 02:43:00,2024-04-10 02:44:00,2,待机,False,正常,3228,9
2024-04-10 02:45:00,2024-04-10 02:54:00,10,割煤中位,False,正常,3229,9
2024-04-10 02:55:00,2024-04-10 02:57:00,3,待机,False,正常,3230,9
2024-04-10 02:58:00,2024-04-10 02:58:00,1,割煤中位,False,正常,3231,9
2024-04-10 02:59:00,2024-04-10 02:59:00,1,调架中,False,正常,3232,9
2024-04-10 03:00:00,2024-04-10 03:00:00,1,割煤中位,False,正常,3233,9
2024-04-10 03:01:00,2024-04-10 03:01:00,1,调架中,False,正常,3234,9
2024-04-10 03:02:00,2024-04-10 03:04:00,3,割煤中位,False,正常,3235,9
2024-04-10 03:05:00,2024-04-10 03:05:00,1,割煤高位,False,正常,3236,9
2024-04-10 03:06:00,2024-04-10 03:09:00,4,割煤中位,False,正常,3237,9
2024-04-10 03:10:00,2024-04-10 03:17:00,8,割煤高位,False,正常,3238,9
2024-04-10 03:18:00,2024-04-10 03:18:00,1,待机-高位,False,正常,3239,9
2024-04-10 03:19:00,2024-04-10 03:24:00,6,割煤高位,False,正常,3240,9
2024-04-10 03:25:00,2024-04-10 03:25:00,1,调架中,False,正常,3241,9
2024-04-10 03:26:00,2024-04-10 03:27:00,2,割煤中位,False,正常,3242,9
2024-04-10 03:28:00,2024-04-10 03:29:00,2,割煤高位,False,正常,3243,9
2024-04-10 03:30:00,2024-04-10 03:30:00,1,调架中,False,正常,3244,9
2024-04-10 03:31:00,2024-04-10 03:32:00,2,割煤高位,False,正常,3245,9
2024-04-10 03:33:00,2024-04-10 03:33:00,1,调架中,False,正常,3246,9
2024-04-10 03:34:00,2024-04-10 03:36:00,3,割煤中位,False,正常,3247,9
2024-04-10 03:37:00,2024-04-10 03:38:00,2,割煤高位,False,正常,3248,9
2024-04-10 03:39:00,2024-04-10 03:39:00,1,调架中,False,正常,3249,9
2024-04-10 03:40:00,2024-04-10 04:12:00,33,待机-高位,False,正常,3250,9
2024-04-10 04:13:00,2024-04-10 04:18:00,6,割煤高位,False,正常,3251,9
2024-04-10 04:19:00,2024-04-10 04:20:00,2,调架中,False,正常,3252,9
2024-04-10 04:21:00,2024-04-10 04:26:00,6,割煤高位,False,正常,3253,9
2024-04-10 04:27:00,2024-04-10 04:28:00,2,割煤中位,False,正常,3254,9
2024-04-10 04:29:00,2024-04-10 04:30:00,2,割煤高位,False,正常,3255,9
2024-04-10 04:31:00,2024-04-10 04:32:00,2,割煤中位,False,正常,3256,9
2024-04-10 04:33:00,2024-04-10 12:28:00,476,调架中,True,传感器断电/断线（段持续 >= 6h）,3257,10
2024-04-10 12:29:00,2024-04-10 12:46:00,18,待机,False,正常,3258,11
2024-04-10 12:47:00,2024-04-10 13:53:00,67,停机,False,正常,3259,11
2024-04-10 13:54:00,2024-04-10 15:10:00,77,待机,False,正常,3260,11
2024-04-10 15:11:00,2024-04-10 15:11:00,1,调架中,False,正常,3261,11
2024-04-10 15:12:00,2024-04-10 15:52:00,41,待机,False,正常,3262,11
2024-04-10 15:53:00,2024-04-10 15:55:00,3,割煤中位,False,正常,3263,11
2024-04-10 15:56:00,2024-04-10 15:58:00,3,割煤高位,False,正常,3264,11
2024-04-10 15:59:00,2024-04-10 15:59:00,1,调架中,False,正常,3265,11
2024-04-10 16:00:00,2024-04-10 16:02:00,3,割煤中位,False,正常,3266,11
2024-04-10 16:03:00,2024-04-10 16:06:00,4,调架中,False,正常,3267,11
2024-04-10 16:07:00,2024-04-10 16:09:00,3,割煤中位,False,正常,3268,11
2024-04-10 16:10:00,2024-04-10 16:12:00,3,待机,False,正常,3269,11
2024-04-10 16:13:00,2024-04-10 16:16:00,4,割煤中位,False,正常,3270,11
2024-04-10 16:17:00,2024-04-10 16:17:00,1,割煤高位,False,正常,3271,11
2024-04-10 16:18:00,2024-04-10 16:18:00,1,调架中,False,正常,3272,11
2024-04-10 16:19:00,2024-04-10 16:19:00,1,割煤中位,False,正常,3273,11
2024-04-10 16:20:00,2024-04-10 16:20:00,1,割煤高位,False,正常,3274,11
2024-04-10 16:21:00,2024-04-10 16:21:00,1,调架中,False,正常,3275,11
2024-04-10 16:22:00,2024-04-10 16:36:00,15,割煤高位,False,正常,3276,11
2024-04-10 16:37:00,2024-04-10 16:37:00,1,调架中,False,正常,3277,11
2024-04-10 16:38:00,2024-04-10 16:48:00,11,割煤高位,False,正常,3278,11
2024-04-10 16:49:00,2024-04-10 16:49:00,1,调架中,False,正常,3279,11
2024-04-10 16:50:00,2024-04-10 16:52:00,3,割煤中位,False,正常,3280,11
2024-04-10 16:53:00,2024-04-10 16:55:00,3,割煤高位,False,正常,3281,11
2024-04-10 16:56:00,2024-04-10 16:58:00,3,调架中,False,正常,3282,11
2024-04-10 16:59:00,2024-04-10 17:03:00,5,割煤高位,False,正常,3283,11
2024-04-10 17:04:00,2024-04-10 17:04:00,1,调架中,False,正常,3284,11
2024-04-10 17:05:00,2024-04-10 17:10:00,6,割煤中位,False,正常,3285,11
2024-04-10 17:11:00,2024-04-10 17:17:00,7,割煤高位,False,正常,3286,11
2024-04-10 17:18:00,2024-04-10 17:42:00,25,待机-高位,False,正常,3287,11
2024-04-10 17:43:00,2024-04-10 17:43:00,1,割煤高位,False,正常,3288,11
2024-04-10 17:44:00,2024-04-10 17:48:00,5,割煤中位,False,正常,3289,11
2024-04-10 17:49:00,2024-04-10 17:49:00,1,调架中,False,正常,3290,11
2024-04-10 17:50:00,2024-04-10 17:51:00,2,待机-高位,False,正常,3291,11
2024-04-10 17:52:00,2024-04-10 17:52:00,1,待机,False,正常,3292,11
2024-04-10 17:53:00,2024-04-10 19:43:00,111,待机-高位,False,正常,3293,11
2024-04-10 19:44:00,2024-04-10 19:44:00,1,待机,False,正常,3294,11
2024-04-10 19:45:00,2024-04-10 19:54:00,10,待机-高位,False,正常,3295,11
2024-04-10 19:55:00,2024-04-10 19:55:00,1,割煤高位,False,正常,3296,11
2024-04-10 19:56:00,2024-04-10 19:58:00,3,调架中,False,正常,3297,11
2024-04-10 19:59:00,2024-04-10 20:02:00,4,割煤中位,False,正常,3298,11
2024-04-10 20:03:00,2024-04-10 20:03:00,1,调架中,False,正常,3299,11
2024-04-10 20:04:00,2024-04-10 20:04:00,1,待机-高位,False,正常,3300,11
2024-04-10 20:05:00,2024-04-10 20:07:00,3,割煤高位,False,正常,3301,11
2024-04-10 20:08:00,2024-04-10 20:10:00,3,割煤中位,False,正常,3302,11
2024-04-10 20:11:00,2024-04-10 20:41:00,31,待机,False,正常,3303,11
2024-04-10 20:42:00,2024-04-10 20:42:00,1,调架中,False,正常,3304,11
2024-04-10 20:43:00,2024-04-10 20:43:00,1,割煤中位,False,正常,3305,11
2024-04-10 20:44:00,2024-04-10 20:44:00,1,调架中,False,正常,3306,11
2024-04-10 20:45:00,2024-04-10 20:46:00,2,割煤中位,False,正常,3307,11
2024-04-10 20:47:00,2024-04-10 20:47:00,1,调架中,False,正常,3308,11
2024-04-10 20:48:00,2024-04-10 20:48:00,1,割煤中位,False,正常,3309,11
2024-04-10 20:49:00,2024-04-10 20:50:00,2,调架中,False,正常,3310,11
2024-04-10 20:51:00,2024-04-10 21:01:00,11,割煤中位,False,正常,3311,11
2024-04-10 21:02:00,2024-04-10 21:08:00,7,割煤高位,False,正常,3312,11
2024-04-10 21:09:00,2024-04-10 21:09:00,1,调架中,False,正常,3313,11
2024-04-10 21:10:00,2024-04-10 21:15:00,6,割煤中位,False,正常,3314,11
2024-04-10 21:16:00,2024-04-10 21:16:00,1,调架中,False,正常,3315,11
2024-04-10 21:17:00,2024-04-10 21:17:00,1,待机,False,正常,3316,11
2024-04-10 21:18:00,2024-04-10 21:21:00,4,割煤高位,False,正常,3317,11
2024-04-10 21:22:00,2024-04-10 21:28:00,7,割煤中位,False,正常,3318,11
2024-04-10 21:29:00,2024-04-10 21:29:00,1,调架中,False,正常,3319,11
2024-04-10 21:30:00,2024-04-10 21:38:00,9,割煤中位,False,正常,3320,11
2024-04-10 21:39:00,2024-04-10 21:41:00,3,调架中,False,正常,3321,11
2024-04-10 21:42:00,2024-04-10 21:43:00,2,割煤中位,False,正常,3322,11
2024-04-10 21:44:00,2024-04-10 21:45:00,2,调架中,False,正常,3323,11
2024-04-10 21:46:00,2024-04-10 21:46:00,1,割煤中位,False,正常,3324,11
2024-04-10 21:47:00,2024-04-10 21:49:00,3,调架中,False,正常,3325,11
2024-04-10 21:50:00,2024-04-10 21:50:00,1,割煤中位,False,正常,3326,11
2024-04-10 21:51:00,2024-04-10 21:51:00,1,调架中,False,正常,3327,11
2024-04-10 21:52:00,2024-04-10 21:54:00,3,割煤中位,False,正常,3328,11
2024-04-10 21:55:00,2024-04-10 21:55:00,1,调架中,False,正常,3329,11
2024-04-10 21:56:00,2024-04-10 21:59:00,4,割煤中位,False,正常,3330,11
2024-04-10 22:00:00,2024-04-10 22:00:00,1,调架中,False,正常,3331,11
2024-04-10 22:01:00,2024-04-10 22:02:00,2,割煤中位,False,正常,3332,11
2024-04-10 22:03:00,2024-04-10 22:03:00,1,调架中,False,正常,3333,11
2024-04-10 22:04:00,2024-04-10 22:07:00,4,割煤高位,False,正常,3334,11
2024-04-10 22:08:00,2024-04-10 22:10:00,3,割煤中位,False,正常,3335,11
2024-04-10 22:11:00,2024-04-10 22:12:00,2,割煤高位,False,正常,3336,11
2024-04-10 22:13:00,2024-04-10 22:13:00,1,调架中,False,正常,3337,11
2024-04-10 22:14:00,2024-04-10 22:15:00,2,割煤中位,False,正常,3338,11
2024-04-10 22:16:00,2024-04-10 22:16:00,1,调架中,False,正常,3339,11
2024-04-10 22:17:00,2024-04-10 22:20:00,4,割煤高位,False,正常,3340,11
2024-04-10 22:21:00,2024-04-10 22:22:00,2,调架中,False,正常,3341,11
2024-04-10 22:23:00,2024-04-10 22:24:00,2,割煤中位,False,正常,3342,11
2024-04-10 22:25:00,2024-04-10 22:30:00,6,割煤高位,False,正常,3343,11
2024-04-10 22:31:00,2024-04-10 22:32:00,2,割煤中位,False,正常,3344,11
2024-04-10 22:33:00,2024-04-10 22:33:00,1,待机,False,正常,3345,11
2024-04-10 22:34:00,2024-04-10 22:37:00,4,割煤中位,False,正常,3346,11
2024-04-10 22:38:00,2024-04-10 22:39:00,2,割煤高位,False,正常,3347,11
2024-04-10 22:40:00,2024-04-10 22:41:00,2,待机-高位,False,正常,3348,11
2024-04-10 22:42:00,2024-04-10 22:42:00,1,调架中,False,正常,3349,11
2024-04-10 22:43:00,2024-04-10 22:45:00,3,割煤高位,False,正常,3350,11
2024-04-10 22:46:00,2024-04-10 22:46:00,1,调架中,False,正常,3351,11
2024-04-10 22:47:00,2024-04-10 22:49:00,3,割煤中位,False,正常,3352,11
2024-04-10 22:50:00,2024-04-10 22:50:00,1,调架中,False,正常,3353,11
2024-04-10 22:51:00,2024-04-10 22:54:00,4,割煤中位,False,正常,3354,11
2024-04-10 22:55:00,2024-04-10 22:55:00,1,调架中,False,正常,3355,11
2024-04-10 22:56:00,2024-04-10 22:56:00,1,割煤中位,False,正常,3356,11
2024-04-10 22:57:00,2024-04-10 22:57:00,1,调架中,False,正常,3357,11
2024-04-10 22:58:00,2024-04-10 23:04:00,7,割煤中位,False,正常,3358,11
2024-04-10 23:05:00,2024-04-10 23:05:00,1,调架中,False,正常,3359,11
2024-04-10 23:06:00,2024-04-10 23:06:00,1,割煤中位,False,正常,3360,11
2024-04-10 23:07:00,2024-04-10 23:07:00,1,调架中,False,正常,3361,11
2024-04-10 23:08:00,2024-04-10 23:14:00,7,割煤中位,False,正常,3362,11
2024-04-10 23:15:00,2024-04-10 23:15:00,1,调架中,False,正常,3363,11
2024-04-10 23:16:00,2024-04-10 23:23:00,8,割煤中位,False,正常,3364,11
2024-04-10 23:24:00,2024-04-10 23:24:00,1,调架中,False,正常,3365,11
2024-04-10 23:25:00,2024-04-10 23:28:00,4,割煤中位,False,正常,3366,11
2024-04-10 23:29:00,2024-04-10 23:30:00,2,割煤高位,False,正常,3367,11
2024-04-10 23:31:00,2024-04-10 23:31:00,1,调架中,False,正常,3368,11
2024-04-10 23:32:00,2024-04-10 23:35:00,4,割煤高位,False,正常,3369,11
2024-04-10 23:36:00,2024-04-10 23:36:00,1,调架中,False,正常,3370,11
2024-04-10 23:37:00,2024-04-10 23:41:00,5,割煤中位,False,正常,3371,11
2024-04-10 23:42:00,2024-04-10 23:43:00,2,调架中,False,正常,3372,11
2024-04-10 23:44:00,2024-04-10 23:50:00,7,割煤中位,False,正常,3373,11
2024-04-10 23:51:00,2024-04-10 23:58:00,8,待机,False,正常,3374,11
2024-04-10 23:59:00,2024-04-10 23:59:00,1,调架中,False,正常,3375,11
2024-04-11 00:00:00,2024-04-11 00:02:00,3,割煤中位,False,正常,3376,11
2024-04-11 00:03:00,2024-04-11 00:03:00,1,调架中,False,正常,3377,11
2024-04-11 00:04:00,2024-04-11 00:04:00,1,割煤中位,False,正常,3378,11
2024-04-11 00:05:00,2024-04-11 00:05:00,1,调架中,False,正常,3379,11
2024-04-11 00:06:00,2024-04-11 00:10:00,5,割煤中位,False,正常,3380,11
2024-04-11 00:11:00,2024-04-11 00:11:00,1,调架中,False,正常,3381,11
2024-04-11 00:12:00,2024-04-11 00:14:00,3,割煤中位,False,正常,3382,11
2024-04-11 00:15:00,2024-04-11 00:15:00,1,调架中,False,正常,3383,11
2024-04-11 00:16:00,2024-04-11 00:16:00,1,割煤中位,False,正常,3384,11
2024-04-11 00:17:00,2024-04-11 00:18:00,2,调架中,False,正常,3385,11
2024-04-11 00:19:00,2024-04-11 00:20:00,2,待机,False,正常,3386,11
2024-04-11 00:21:00,2024-04-11 00:21:00,1,割煤中位,False,正常,3387,11
2024-04-11 00:22:00,2024-04-11 00:23:00,2,调架中,False,正常,3388,11
2024-04-11 00:24:00,2024-04-11 00:25:00,2,割煤中位,False,正常,3389,11
2024-04-11 00:26:00,2024-04-11 00:28:00,3,调架中,False,正常,3390,11
2024-04-11 00:29:00,2024-04-11 00:30:00,2,割煤中位,False,正常,3391,11
2024-04-11 00:31:00,2024-04-11 00:31:00,1,割煤高位,False,正常,3392,11
2024-04-11 00:32:00,2024-04-11 00:33:00,2,调架中,False,正常,3393,11
2024-04-11 00:34:00,2024-04-11 00:45:00,12,割煤高位,False,正常,3394,11
2024-04-11 00:46:00,2024-04-11 00:47:00,2,调架中,False,正常,3395,11
2024-04-11 00:48:00,2024-04-11 00:53:00,6,割煤高位,False,正常,3396,11
2024-04-11 00:54:00,2024-04-11 00:57:00,4,割煤中位,False,正常,3397,11
2024-04-11 00:58:00,2024-04-11 00:58:00,1,割煤高位,False,正常,3398,11
2024-04-11 00:59:00,2024-04-11 00:59:00,1,调架中,False,正常,3399,11
2024-04-11 01:00:00,2024-04-11 01:00:00,1,割煤高位,False,正常,3400,11
2024-04-11 01:01:00,2024-04-11 01:01:00,1,割煤中位,False,正常,3401,11
2024-04-11 01:02:00,2024-04-11 01:05:00,4,割煤高位,False,正常,3402,11
2024-04-11 01:06:00,2024-04-11 01:10:00,5,割煤中位,False,正常,3403,11
2024-04-11 01:11:00,2024-04-11 01:13:00,3,割煤高位,False,正常,3404,11
2024-04-11 01:14:00,2024-04-11 01:15:00,2,待机-高位,False,正常,3405,11
2024-04-11 01:16:00,2024-04-11 01:16:00,1,调架中,False,正常,3406,11
2024-04-11 01:17:00,2024-04-11 01:17:00,1,割煤中位,False,正常,3407,11
2024-04-11 01:18:00,2024-04-11 01:20:00,3,割煤高位,False,正常,3408,11
2024-04-11 01:21:00,2024-04-11 01:21:00,1,割煤中位,False,正常,3409,11
2024-04-11 01:22:00,2024-04-11 01:22:00,1,调架中,False,正常,3410,11
2024-04-11 01:23:00,2024-04-11 01:30:00,8,割煤中位,False,正常,3411,11
2024-04-11 01:31:00,2024-04-11 01:31:00,1,调架中,False,正常,3412,11
2024-04-11 01:32:00,2024-04-11 01:33:00,2,割煤中位,False,正常,3413,11
2024-04-11 01:34:00,2024-04-11 01:34:00,1,调架中,False,正常,3414,11
2024-04-11 01:35:00,2024-04-11 01:37:00,3,割煤中位,False,正常,3415,11
2024-04-11 01:38:00,2024-04-11 01:39:00,2,割煤高位,False,正常,3416,11
2024-04-11 01:40:00,2024-04-11 01:41:00,2,割煤中位,False,正常,3417,11
2024-04-11 01:42:00,2024-04-11 01:42:00,1,调架中,False,正常,3418,11
2024-04-11 01:43:00,2024-04-11 01:43:00,1,待机-高位,False,正常,3419,11
2024-04-11 01:44:00,2024-04-11 01:45:00,2,割煤中位,False,正常,3420,11
2024-04-11 01:46:00,2024-04-11 01:46:00,1,割煤高位,False,正常,3421,11
2024-04-11 01:47:00,2024-04-11 01:47:00,1,调架中,False,正常,3422,11
2024-04-11 01:48:00,2024-04-11 01:48:00,1,割煤中位,False,正常,3423,11
2024-04-11 01:49:00,2024-04-11 01:49:00,1,割煤高位,False,正常,3424,11
2024-04-11 01:50:00,2024-04-11 01:51:00,2,调架中,False,正常,3425,11
2024-04-11 01:52:00,2024-04-11 01:52:00,1,待机-高位,False,正常,3426,11
2024-04-11 01:53:00,2024-04-11 01:53:00,1,调架中,False,正常,3427,11
2024-04-11 01:54:00,2024-04-11 01:54:00,1,割煤中位,False,正常,3428,11
2024-04-11 01:55:00,2024-04-11 01:59:00,5,割煤高位,False,正常,3429,11
2024-04-11 02:00:00,2024-04-11 02:01:00,2,调架中,False,正常,3430,11
2024-04-11 02:02:00,2024-04-11 02:03:00,2,割煤中位,False,正常,3431,11
2024-04-11 02:04:00,2024-04-11 02:04:00,1,调架中,False,正常,3432,11
2024-04-11 02:05:00,2024-04-11 02:05:00,1,割煤中位,False,正常,3433,11
2024-04-11 02:06:00,2024-04-11 02:06:00,1,调架中,False,正常,3434,11
2024-04-11 02:07:00,2024-04-11 02:09:00,3,割煤高位,False,正常,3435,11
2024-04-11 02:10:00,2024-04-11 02:10:00,1,调架中,False,正常,3436,11
2024-04-11 02:11:00,2024-04-11 02:12:00,2,割煤高位,False,正常,3437,11
2024-04-11 02:13:00,2024-04-11 02:13:00,1,割煤中位,False,正常,3438,11
2024-04-11 02:14:00,2024-04-11 02:16:00,3,割煤高位,False,正常,3439,11
2024-04-11 02:17:00,2024-04-11 02:18:00,2,割煤中位,False,正常,3440,11
2024-04-11 02:19:00,2024-04-11 02:35:00,17,待机,False,正常,3441,11
2024-04-11 02:36:00,2024-04-11 02:39:00,4,割煤中位,False,正常,3442,11
2024-04-11 02:40:00,2024-04-11 02:40:00,1,割煤高位,False,正常,3443,11
2024-04-11 02:41:00,2024-04-11 02:42:00,2,割煤中位,False,正常,3444,11
2024-04-11 02:43:00,2024-04-11 02:43:00,1,调架中,False,正常,3445,11
2024-04-11 02:44:00,2024-04-11 02:44:00,1,待机,False,正常,3446,11
2024-04-11 02:45:00,2024-04-11 02:45:00,1,调架中,False,正常,3447,11
2024-04-11 02:46:00,2024-04-11 02:48:00,3,割煤中位,False,正常,3448,11
2024-04-11 02:49:00,2024-04-11 02:49:00,1,调架中,False,正常,3449,11
2024-04-11 02:50:00,2024-04-11 02:50:00,1,割煤中位,False,正常,3450,11
2024-04-11 02:51:00,2024-04-11 02:52:00,2,待机,False,正常,3451,11
2024-04-11 02:53:00,2024-04-11 02:53:00,1,割煤高位,False,正常,3452,11
2024-04-11 02:54:00,2024-04-11 02:55:00,2,割煤中位,False,正常,3453,11
2024-04-11 02:56:00,2024-04-11 02:59:00,4,待机,False,正常,3454,11
2024-04-11 03:00:00,2024-04-11 03:02:00,3,割煤中位,False,正常,3455,11
2024-04-11 03:03:00,2024-04-11 03:04:00,2,调架中,False,正常,3456,11
2024-04-11 03:05:00,2024-04-11 03:06:00,2,割煤中位,False,正常,3457,11
2024-04-11 03:07:00,2024-04-11 03:07:00,1,调架中,False,正常,3458,11
2024-04-11 03:08:00,2024-04-11 03:08:00,1,割煤中位,False,正常,3459,11
2024-04-11 03:09:00,2024-04-11 03:09:00,1,待机-高位,False,正常,3460,11
2024-04-11 03:10:00,2024-04-11 03:14:00,5,割煤中位,False,正常,3461,11
2024-04-11 03:15:00,2024-04-11 03:15:00,1,待机,False,正常,3462,11
2024-04-11 03:16:00,2024-04-11 03:16:00,1,调架中,False,正常,3463,11
2024-04-11 03:17:00,2024-04-11 03:19:00,3,割煤中位,False,正常,3464,11
2024-04-11 03:20:00,2024-04-11 03:21:00,2,调架中,False,正常,3465,11
2024-04-11 03:22:00,2024-04-11 03:23:00,2,割煤中位,False,正常,3466,11
2024-04-11 03:24:00,2024-04-11 03:24:00,1,调架中,False,正常,3467,11
2024-04-11 03:25:00,2024-04-11 03:26:00,2,割煤中位,False,正常,3468,11
2024-04-11 03:27:00,2024-04-11 03:27:00,1,待机,False,正常,3469,11
2024-04-11 03:28:00,2024-04-11 03:28:00,1,调架中,False,正常,3470,11
2024-04-11 03:29:00,2024-04-11 03:29:00,1,待机,False,正常,3471,11
2024-04-11 03:30:00,2024-04-11 03:32:00,3,割煤中位,False,正常,3472,11
2024-04-11 03:33:00,2024-04-11 03:33:00,1,调架中,False,正常,3473,11
2024-04-11 03:34:00,2024-04-11 03:34:00,1,待机,False,正常,3474,11
2024-04-11 03:35:00,2024-04-11 03:39:00,5,割煤中位,False,正常,3475,11
2024-04-11 03:40:00,2024-04-11 03:40:00,1,割煤高位,False,正常,3476,11
2024-04-11 03:41:00,2024-04-11 03:41:00,1,割煤中位,False,正常,3477,11
2024-04-11 03:42:00,2024-04-11 03:42:00,1,调架中,False,正常,3478,11
2024-04-11 03:43:00,2024-04-11 03:44:00,2,割煤中位,False,正常,3479,11
2024-04-11 03:45:00,2024-04-11 03:45:00,1,割煤高位,False,正常,3480,11
2024-04-11 03:46:00,2024-04-11 03:46:00,1,待机-高位,False,正常,3481,11
2024-04-11 03:47:00,2024-04-11 03:48:00,2,割煤高位,False,正常,3482,11
2024-04-11 03:49:00,2024-04-11 03:51:00,3,割煤中位,False,正常,3483,11
2024-04-11 03:52:00,2024-04-11 03:53:00,2,割煤高位,False,正常,3484,11
2024-04-11 03:54:00,2024-04-11 03:55:00,2,调架中,False,正常,3485,11
2024-04-11 03:56:00,2024-04-11 03:56:00,1,割煤高位,False,正常,3486,11
2024-04-11 03:57:00,2024-04-11 04:00:00,4,割煤中位,False,正常,3487,11
2024-04-11 04:01:00,2024-04-11 04:02:00,2,割煤高位,False,正常,3488,11
2024-04-11 04:03:00,2024-04-11 04:23:00,21,待机-高位,False,正常,3489,11
2024-04-11 04:24:00,2024-04-11 04:24:00,1,调架中,False,正常,3490,11
2024-04-11 04:25:00,2024-04-11 04:28:00,4,割煤高位,False,正常,3491,11
2024-04-11 04:29:00,2024-04-11 04:33:00,5,割煤中位,False,正常,3492,11
2024-04-11 04:34:00,2024-04-11 04:34:00,1,割煤高位,False,正常,3493,11
2024-04-11 04:35:00,2024-04-11 04:43:00,9,割煤中位,False,正常,3494,11
2024-04-11 04:44:00,2024-04-11 04:44:00,1,调架中,False,正常,3495,11
2024-04-11 04:45:00,2024-04-11 04:55:00,11,割煤中位,False,正常,3496,11
2024-04-11 04:56:00,2024-04-11 04:57:00,2,割煤高位,False,正常,3497,11
2024-04-11 04:58:00,2024-04-11 04:59:00,2,割煤中位,False,正常,3498,11
2024-04-11 05:00:00,2024-04-11 05:00:00,1,调架中,False,正常,3499,11
2024-04-11 05:01:00,2024-04-11 05:01:00,1,割煤中位,False,正常,3500,11
2024-04-11 05:02:00,2024-04-11 05:02:00,1,割煤高位,False,正常,3501,11
2024-04-11 05:03:00,2024-04-11 05:04:00,2,割煤中位,False,正常,3502,11
2024-04-11 05:05:00,2024-04-11 05:05:00,1,调架中,False,正常,3503,11
2024-04-11 05:06:00,2024-04-11 05:06:00,1,割煤中位,False,正常,3504,11
2024-04-11 05:07:00,2024-04-11 05:08:00,2,割煤高位,False,正常,3505,11
2024-04-11 05:09:00,2024-04-11 05:09:00,1,割煤中位,False,正常,3506,11
2024-04-11 05:10:00,2024-04-11 05:12:00,3,割煤高位,False,正常,3507,11
2024-04-11 05:13:00,2024-04-11 05:13:00,1,调架中,False,正常,3508,11
2024-04-11 05:14:00,2024-04-11 05:14:00,1,割煤高位,False,正常,3509,11
2024-04-11 05:15:00,2024-04-11 05:16:00,2,调架中,False,正常,3510,11
2024-04-11 05:17:00,2024-04-11 05:20:00,4,割煤中位,False,正常,3511,11
2024-04-11 05:21:00,2024-04-11 05:21:00,1,调架中,False,正常,3512,11
2024-04-11 05:22:00,2024-04-11 05:22:00,1,割煤高位,False,正常,3513,11
2024-04-11 05:23:00,2024-04-11 05:23:00,1,调架中,False,正常,3514,11
2024-04-11 05:24:00,2024-04-11 05:26:00,3,割煤高位,False,正常,3515,11
2024-04-11 05:27:00,2024-04-11 05:28:00,2,调架中,False,正常,3516,11
2024-04-11 05:29:00,2024-04-11 05:33:00,5,割煤高位,False,正常,3517,11
2024-04-11 05:34:00,2024-04-11 05:34:00,1,调架中,False,正常,3518,11
2024-04-11 05:35:00,2024-04-11 05:41:00,7,割煤中位,False,正常,3519,11
2024-04-11 05:42:00,2024-04-11 05:43:00,2,割煤高位,False,正常,3520,11
2024-04-11 05:44:00,2024-04-11 05:44:00,1,割煤中位,False,正常,3521,11
2024-04-11 05:45:00,2024-04-11 05:45:00,1,调架中,False,正常,3522,11
2024-04-11 05:46:00,2024-04-11 05:46:00,1,割煤中位,False,正常,3523,11
2024-04-11 05:47:00,2024-04-11 05:48:00,2,调架中,False,正常,3524,11
2024-04-11 05:49:00,2024-04-11 05:49:00,1,割煤高位,False,正常,3525,11
2024-04-11 05:50:00,2024-04-11 05:50:00,1,待机-高位,False,正常,3526,11
2024-04-11 05:51:00,2024-04-11 05:51:00,1,调架中,False,正常,3527,11
2024-04-11 05:52:00,2024-04-11 05:52:00,1,割煤高位,False,正常,3528,11
2024-04-11 05:53:00,2024-04-11 05:54:00,2,割煤中位,False,正常,3529,11
2024-04-11 05:55:00,2024-04-11 05:56:00,2,割煤高位,False,正常,3530,11
2024-04-11 05:57:00,2024-04-11 05:57:00,1,调架中,False,正常,3531,11
2024-04-11 05:58:00,2024-04-11 06:00:00,3,割煤中位,False,正常,3532,11
2024-04-11 06:01:00,2024-04-11 06:01:00,1,调架中,False,正常,3533,11
2024-04-11 06:02:00,2024-04-11 06:02:00,1,割煤高位,False,正常,3534,11
2024-04-11 06:03:00,2024-04-11 06:03:00,1,调架中,False,正常,3535,11
2024-04-11 06:04:00,2024-04-11 06:04:00,1,割煤高位,False,正常,3536,11
2024-04-11 06:05:00,2024-04-11 06:09:00,5,割煤中位,False,正常,3537,11
2024-04-11 06:10:00,2024-04-11 06:14:00,5,调架中,False,正常,3538,11
2024-04-11 06:15:00,2024-04-11 06:16:00,2,割煤中位,False,正常,3539,11
2024-04-11 06:17:00,2024-04-11 06:23:00,7,调架中,False,正常,3540,11
2024-04-11 06:24:00,2024-04-11 06:28:00,5,割煤中位,False,正常,3541,11
2024-04-11 06:29:00,2024-04-11 06:29:00,1,调架中,False,正常,3542,11
2024-04-11 06:30:00,2024-04-11 06:31:00,2,割煤中位,False,正常,3543,11
2024-04-11 06:32:00,2024-04-11 06:32:00,1,割煤高位,False,正常,3544,11
2024-04-11 06:33:00,2024-04-11 06:33:00,1,调架中,False,正常,3545,11
2024-04-11 06:34:00,2024-04-11 06:38:00,5,割煤中位,False,正常,3546,11
2024-04-11 06:39:00,2024-04-11 06:40:00,2,割煤高位,False,正常,3547,11
2024-04-11 06:41:00,2024-04-11 06:42:00,2,割煤中位,False,正常,3548,11
2024-04-11 06:43:00,2024-04-11 06:43:00,1,调架中,False,正常,3549,11
2024-04-11 06:44:00,2024-04-11 06:45:00,2,割煤中位,False,正常,3550,11
2024-04-11 06:46:00,2024-04-11 06:49:00,4,割煤高位,False,正常,3551,11
2024-04-11 06:50:00,2024-04-11 06:50:00,1,待机-高位,False,正常,3552,11
2024-04-11 06:51:00,2024-04-11 06:54:00,4,割煤高位,False,正常,3553,11
2024-04-11 06:55:00,2024-04-11 06:58:00,4,割煤中位,False,正常,3554,11
2024-04-11 06:59:00,2024-04-11 06:59:00,1,待机-高位,False,正常,3555,11
2024-04-11 07:00:00,2024-04-11 07:01:00,2,割煤中位,False,正常,3556,11
2024-04-11 07:02:00,2024-04-11 07:10:00,9,割煤高位,False,正常,3557,11
2024-04-11 07:11:00,2024-04-11 07:13:00,3,调架中,False,正常,3558,11
2024-04-11 07:14:00,2024-04-11 07:15:00,2,割煤中位,False,正常,3559,11
2024-04-11 07:16:00,2024-04-11 07:17:00,2,待机,False,正常,3560,11
2024-04-11 07:18:00,2024-04-11 07:20:00,3,割煤中位,False,正常,3561,11
2024-04-11 07:21:00,2024-04-11 07:21:00,1,待机,False,正常,3562,11
2024-04-11 07:22:00,2024-04-11 07:22:00,1,调架中,False,正常,3563,11
2024-04-11 07:23:00,2024-04-11 07:25:00,3,待机,False,正常,3564,11
2024-04-11 07:26:00,2024-04-11 07:28:00,3,割煤中位,False,正常,3565,11
2024-04-11 07:29:00,2024-04-11 07:29:00,1,调架中,False,正常,3566,11
2024-04-11 07:30:00,2024-04-11 07:30:00,1,割煤中位,False,正常,3567,11
2024-04-11 07:31:00,2024-04-11 07:31:00,1,调架中,False,正常,3568,11
2024-04-11 07:32:00,2024-04-11 07:33:00,2,割煤中位,False,正常,3569,11
2024-04-11 07:34:00,2024-04-11 07:34:00,1,待机,False,正常,3570,11
2024-04-11 07:35:00,2024-04-11 07:35:00,1,调架中,False,正常,3571,11
2024-04-11 07:36:00,2024-04-11 07:36:00,1,割煤中位,False,正常,3572,11
2024-04-11 07:37:00,2024-04-11 07:37:00,1,调架中,False,正常,3573,11
2024-04-11 07:38:00,2024-04-11 07:39:00,2,割煤中位,False,正常,3574,11
2024-04-11 07:40:00,2024-04-11 07:40:00,1,调架中,False,正常,3575,11
2024-04-11 07:41:00,2024-04-11 07:42:00,2,割煤中位,False,正常,3576,11
2024-04-11 07:43:00,2024-04-11 07:43:00,1,调架中,False,正常,3577,11
2024-04-11 07:44:00,2024-04-11 07:44:00,1,割煤中位,False,正常,3578,11
2024-04-11 07:45:00,2024-04-11 07:45:00,1,调架中,False,正常,3579,11
2024-04-11 07:46:00,2024-04-11 07:46:00,1,割煤中位,False,正常,3580,11
2024-04-11 07:47:00,2024-04-11 07:47:00,1,割煤高位,False,正常,3581,11
2024-04-11 07:48:00,2024-04-11 07:49:00,2,割煤中位,False,正常,3582,11
2024-04-11 07:50:00,2024-04-11 07:50:00,1,调架中,False,正常,3583,11
2024-04-11 07:51:00,2024-04-11 07:51:00,1,割煤中位,False,正常,3584,11
2024-04-11 07:52:00,2024-04-11 07:54:00,3,待机,False,正常,3585,11
2024-04-11 07:55:00,2024-04-11 07:58:00,4,割煤中位,False,正常,3586,11
2024-04-11 07:59:00,2024-04-11 08:00:00,2,调架中,False,正常,3587,11
2024-04-11 08:01:00,2024-04-11 08:03:00,3,割煤高位,False,正常,3588,11
2024-04-11 08:04:00,2024-04-11 08:04:00,1,调架中,False,正常,3589,11
2024-04-11 08:05:00,2024-04-11 08:12:00,8,割煤中位,False,正常,3590,11
2024-04-11 08:13:00,2024-04-11 08:13:00,1,割煤高位,False,正常,3591,11
2024-04-11 08:14:00,2024-04-11 08:15:00,2,割煤中位,False,正常,3592,11
2024-04-11 08:16:00,2024-04-11 08:16:00,1,调架中,False,正常,3593,11
2024-04-11 08:17:00,2024-04-11 08:18:00,2,割煤中位,False,正常,3594,11
2024-04-11 08:19:00,2024-04-11 08:20:00,2,调架中,False,正常,3595,11
2024-04-11 08:21:00,2024-04-11 08:24:00,4,待机,False,正常,3596,11
2024-04-11 08:25:00,2024-04-11 08:27:00,3,割煤高位,False,正常,3597,11
2024-04-11 08:28:00,2024-04-11 08:28:00,1,调架中,False,正常,3598,11
2024-04-11 08:29:00,2024-04-11 08:32:00,4,割煤中位,False,正常,3599,11
2024-04-11 08:33:00,2024-04-11 08:37:00,5,待机,False,正常,3600,11
2024-04-11 08:38:00,2024-04-11 08:38:00,1,调架中,False,正常,3601,11
2024-04-11 08:39:00,2024-04-11 08:40:00,2,待机,False,正常,3602,11
2024-04-11 08:41:00,2024-04-11 08:41:00,1,割煤中位,False,正常,3603,11
2024-04-11 08:42:00,2024-04-11 08:42:00,1,割煤高位,False,正常,3604,11
2024-04-11 08:43:00,2024-04-11 08:44:00,2,调架中,False,正常,3605,11
2024-04-11 08:45:00,2024-04-11 08:52:00,8,割煤中位,False,正常,3606,11
2024-04-11 08:53:00,2024-04-11 08:57:00,5,割煤高位,False,正常,3607,11
2024-04-11 08:58:00,2024-04-11 08:58:00,1,调架中,False,正常,3608,11
2024-04-11 08:59:00,2024-04-11 08:59:00,1,割煤高位,False,正常,3609,11
2024-04-11 09:00:00,2024-04-11 09:00:00,1,调架中,False,正常,3610,11
2024-04-11 09:01:00,2024-04-11 09:01:00,1,割煤高位,False,正常,3611,11
2024-04-11 09:02:00,2024-04-11 09:02:00,1,调架中,False,正常,3612,11
2024-04-11 09:03:00,2024-04-11 09:03:00,1,割煤高位,False,正常,3613,11
2024-04-11 09:04:00,2024-04-11 09:05:00,2,割煤中位,False,正常,3614,11
2024-04-11 09:06:00,2024-04-11 09:06:00,1,调架中,False,正常,3615,11
2024-04-11 09:07:00,2024-04-11 09:09:00,3,割煤高位,False,正常,3616,11
2024-04-11 09:10:00,2024-04-11 09:10:00,1,割煤中位,False,正常,3617,11
2024-04-11 09:11:00,2024-04-11 09:11:00,1,调架中,False,正常,3618,11
2024-04-11 09:12:00,2024-04-11 09:12:00,1,割煤高位,False,正常,3619,11
2024-04-11 09:13:00,2024-04-11 09:21:00,9,割煤中位,False,正常,3620,11
2024-04-11 09:22:00,2024-04-11 09:22:00,1,待机,False,正常,3621,11
2024-04-11 09:23:00,2024-04-11 09:23:00,1,调架中,False,正常,3622,11
2024-04-11 09:24:00,2024-04-11 09:24:00,1,割煤中位,False,正常,3623,11
2024-04-11 09:25:00,2024-04-11 09:27:00,3,割煤高位,False,正常,3624,11
2024-04-11 09:28:00,2024-04-11 09:28:00,1,割煤中位,False,正常,3625,11
2024-04-11 09:29:00,2024-04-11 09:30:00,2,割煤高位,False,正常,3626,11
2024-04-11 09:31:00,2024-04-11 09:31:00,1,调架中,False,正常,3627,11
2024-04-11 09:32:00,2024-04-11 09:35:00,4,割煤中位,False,正常,3628,11
2024-04-11 09:36:00,2024-04-11 09:41:00,6,割煤高位,False,正常,3629,11
2024-04-11 09:42:00,2024-04-11 09:43:00,2,割煤中位,False,正常,3630,11
2024-04-11 09:44:00,2024-04-11 09:46:00,3,割煤高位,False,正常,3631,11
2024-04-11 09:47:00,2024-04-11 09:47:00,1,调架中,False,正常,3632,11
2024-04-11 09:48:00,2024-04-11 09:51:00,4,割煤中位,False,正常,3633,11
2024-04-11 09:52:00,2024-04-11 09:58:00,7,割煤高位,False,正常,3634,11
2024-04-11 09:59:00,2024-04-11 10:04:00,6,割煤中位,False,正常,3635,11
2024-04-11 10:05:00,2024-04-11 10:05:00,1,割煤高位,False,正常,3636,11
2024-04-11 10:06:00,2024-04-11 10:06:00,1,调架中,False,正常,3637,11
2024-04-11 10:07:00,2024-04-11 10:07:00,1,割煤中位,False,正常,3638,11
2024-04-11 10:08:00,2024-04-11 10:08:00,1,调架中,False,正常,3639,11
2024-04-11 10:09:00,2024-04-11 14:10:00,242,待机,False,正常,3640,11
2024-04-11 14:11:00,2024-04-11 14:19:00,9,停机,False,正常,3641,11
2024-04-11 14:20:00,2024-04-11 14:20:00,1,待机,False,正常,3642,11
2024-04-11 14:21:00,2024-04-11 14:22:00,2,调架中,False,正常,3643,11
2024-04-11 14:23:00,2024-04-11 15:49:00,87,待机,False,正常,3644,11
2024-04-11 15:50:00,2024-04-11 15:50:00,1,割煤中位,False,正常,3645,11
2024-04-11 15:51:00,2024-04-11 15:55:00,5,割煤高位,False,正常,3646,11
2024-04-11 15:56:00,2024-04-11 15:56:00,1,调架中,False,正常,3647,11
2024-04-11 15:57:00,2024-04-11 15:57:00,1,割煤高位,False,正常,3648,11
2024-04-11 15:58:00,2024-04-11 15:58:00,1,调架中,False,正常,3649,11
2024-04-11 15:59:00,2024-04-11 15:59:00,1,割煤高位,False,正常,3650,11
2024-04-11 16:00:00,2024-04-11 16:00:00,1,割煤中位,False,正常,3651,11
2024-04-11 16:01:00,2024-04-11 16:03:00,3,待机-高位,False,正常,3652,11
2024-04-11 16:04:00,2024-04-11 16:04:00,1,割煤中位,False,正常,3653,11
2024-04-11 16:05:00,2024-04-11 16:06:00,2,割煤高位,False,正常,3654,11
2024-04-11 16:07:00,2024-04-11 16:07:00,1,调架中,False,正常,3655,11
2024-04-11 16:08:00,2024-04-11 16:09:00,2,割煤中位,False,正常,3656,11
2024-04-11 16:10:00,2024-04-11 16:14:00,5,待机,False,正常,3657,11
2024-04-11 16:15:00,2024-04-11 16:16:00,2,调架中,False,正常,3658,11
2024-04-11 16:17:00,2024-04-11 16:19:00,3,割煤中位,False,正常,3659,11
2024-04-11 16:20:00,2024-04-11 16:23:00,4,待机,False,正常,3660,11
2024-04-11 16:24:00,2024-04-11 16:24:00,1,调架中,False,正常,3661,11
2024-04-11 16:25:00,2024-04-11 16:26:00,2,待机,False,正常,3662,11
2024-04-11 16:27:00,2024-04-11 16:27:00,1,调架中,False,正常,3663,11
2024-04-11 16:28:00,2024-04-11 16:29:00,2,割煤中位,False,正常,3664,11
2024-04-11 16:30:00,2024-04-11 16:30:00,1,调架中,False,正常,3665,11
2024-04-11 16:31:00,2024-04-11 16:35:00,5,割煤中位,False,正常,3666,11
2024-04-11 16:36:00,2024-04-11 16:36:00,1,调架中,False,正常,3667,11
2024-04-11 16:37:00,2024-04-11 16:37:00,1,割煤中位,False,正常,3668,11
2024-04-11 16:38:00,2024-04-11 16:40:00,3,待机,False,正常,3669,11
2024-04-11 16:41:00,2024-04-11 16:41:00,1,调架中,False,正常,3670,11
2024-04-11 16:42:00,2024-04-11 16:43:00,2,割煤中位,False,正常,3671,11
2024-04-11 16:44:00,2024-04-11 16:44:00,1,调架中,False,正常,3672,11
2024-04-11 16:45:00,2024-04-11 16:45:00,1,割煤中位,False,正常,3673,11
2024-04-11 16:46:00,2024-04-11 16:47:00,2,调架中,False,正常,3674,11
2024-04-11 16:48:00,2024-04-11 16:52:00,5,割煤高位,False,正常,3675,11
2024-04-11 16:53:00,2024-04-11 16:54:00,2,调架中,False,正常,3676,11
2024-04-11 16:55:00,2024-04-11 16:55:00,1,割煤中位,False,正常,3677,11
2024-04-11 16:56:00,2024-04-11 16:57:00,2,调架中,False,正常,3678,11
2024-04-11 16:58:00,2024-04-11 17:00:00,3,割煤中位,False,正常,3679,11
2024-04-11 17:01:00,2024-04-11 17:01:00,1,待机-高位,False,正常,3680,11
2024-04-11 17:02:00,2024-04-11 17:02:00,1,调架中,False,正常,3681,11
2024-04-11 17:03:00,2024-04-11 17:03:00,1,割煤中位,False,正常,3682,11
2024-04-11 17:04:00,2024-04-11 17:04:00,1,调架中,False,正常,3683,11
2024-04-11 17:05:00,2024-04-11 17:05:00,1,待机-高位,False,正常,3684,11
2024-04-11 17:06:00,2024-04-11 17:06:00,1,待机,False,正常,3685,11
2024-04-11 17:07:00,2024-04-11 19:20:00,134,待机-高位,True,异常持续段（>120min 阈值）,3686,12
2024-04-11 19:21:00,2024-04-11 19:44:00,24,待机,False,正常,3687,13
2024-04-11 19:45:00,2024-04-11 19:45:00,1,调架中,False,正常,3688,13
2024-04-11 19:46:00,2024-04-11 19:49:00,4,割煤中位,False,正常,3689,13
2024-04-11 19:50:00,2024-04-11 19:51:00,2,调架中,False,正常,3690,13
2024-04-11 19:52:00,2024-04-11 19:52:00,1,割煤高位,False,正常,3691,13
2024-04-11 19:53:00,2024-04-11 19:54:00,2,调架中,False,正常,3692,13
2024-04-11 19:55:00,2024-04-11 19:56:00,2,割煤中位,False,正常,3693,13
2024-04-11 19:57:00,2024-04-11 19:57:00,1,割煤高位,False,正常,3694,13
2024-04-11 19:58:00,2024-04-11 19:58:00,1,调架中,False,正常,3695,13
2024-04-11 19:59:00,2024-04-11 19:59:00,1,割煤高位,False,正常,3696,13
2024-04-11 20:00:00,2024-04-11 20:00:00,1,割煤中位,False,正常,3697,13
2024-04-11 20:01:00,2024-04-11 20:03:00,3,割煤高位,False,正常,3698,13
2024-04-11 20:04:00,2024-04-11 20:05:00,2,割煤中位,False,正常,3699,13
2024-04-11 20:06:00,2024-04-11 20:06:00,1,割煤高位,False,正常,3700,13
2024-04-11 20:07:00,2024-04-11 20:12:00,6,割煤中位,False,正常,3701,13
2024-04-11 20:13:00,2024-04-11 20:13:00,1,调架中,False,正常,3702,13
2024-04-11 20:14:00,2024-04-11 20:15:00,2,割煤中位,False,正常,3703,13
2024-04-11 20:16:00,2024-04-11 20:16:00,1,待机,False,正常,3704,13
2024-04-11 20:17:00,2024-04-11 20:17:00,1,调架中,False,正常,3705,13
2024-04-11 20:18:00,2024-04-11 20:18:00,1,割煤中位,False,正常,3706,13
2024-04-11 20:19:00,2024-04-11 20:19:00,1,调架中,False,正常,3707,13
2024-04-11 20:20:00,2024-04-11 20:20:00,1,割煤中位,False,正常,3708,13
2024-04-11 20:21:00,2024-04-11 20:21:00,1,待机,False,正常,3709,13
2024-04-11 20:22:00,2024-04-11 20:22:00,1,割煤中位,False,正常,3710,13
2024-04-11 20:23:00,2024-04-11 20:23:00,1,调架中,False,正常,3711,13
2024-04-11 20:24:00,2024-04-11 20:25:00,2,待机,False,正常,3712,13
2024-04-11 20:26:00,2024-04-11 20:28:00,3,割煤中位,False,正常,3713,13
2024-04-11 20:29:00,2024-04-11 20:29:00,1,调架中,False,正常,3714,13
2024-04-11 20:30:00,2024-04-11 20:32:00,3,割煤高位,False,正常,3715,13
2024-04-11 20:33:00,2024-04-11 20:34:00,2,割煤中位,False,正常,3716,13
2024-04-11 20:35:00,2024-04-11 20:35:00,1,调架中,False,正常,3717,13
2024-04-11 20:36:00,2024-04-11 20:42:00,7,割煤中位,False,正常,3718,13
2024-04-11 20:43:00,2024-04-11 20:43:00,1,调架中,False,正常,3719,13
2024-04-11 20:44:00,2024-04-11 20:56:00,13,割煤中位,False,正常,3720,13
2024-04-11 20:57:00,2024-04-11 21:02:00,6,割煤高位,False,正常,3721,13
2024-04-11 21:03:00,2024-04-11 21:03:00,1,调架中,False,正常,3722,13
2024-04-11 21:04:00,2024-04-11 21:08:00,5,割煤高位,False,正常,3723,13
2024-04-11 21:09:00,2024-04-11 21:09:00,1,调架中,False,正常,3724,13
2024-04-11 21:10:00,2024-04-11 21:15:00,6,割煤高位,False,正常,3725,13
2024-04-11 21:16:00,2024-04-11 21:20:00,5,割煤中位,False,正常,3726,13
2024-04-11 21:21:00,2024-04-11 21:21:00,1,割煤高位,False,正常,3727,13
2024-04-11 21:22:00,2024-04-11 21:23:00,2,割煤中位,False,正常,3728,13
2024-04-11 21:24:00,2024-04-11 21:26:00,3,割煤高位,False,正常,3729,13
2024-04-11 21:27:00,2024-04-11 21:27:00,1,调架中,False,正常,3730,13
2024-04-11 21:28:00,2024-04-11 21:28:00,1,割煤高位,False,正常,3731,13
2024-04-11 21:29:00,2024-04-11 21:30:00,2,割煤中位,False,正常,3732,13
2024-04-11 21:31:00,2024-04-11 21:31:00,1,待机,False,正常,3733,13
2024-04-11 21:32:00,2024-04-11 21:44:00,13,割煤中位,False,正常,3734,13
2024-04-11 21:45:00,2024-04-11 21:45:00,1,调架中,False,正常,3735,13
2024-04-11 21:46:00,2024-04-11 21:47:00,2,割煤中位,False,正常,3736,13
2024-04-11 21:48:00,2024-04-11 21:50:00,3,待机,False,正常,3737,13
2024-04-11 21:51:00,2024-04-11 21:51:00,1,调架中,False,正常,3738,13
2024-04-11 21:52:00,2024-04-11 21:52:00,1,割煤中位,False,正常,3739,13
2024-04-11 21:53:00,2024-04-11 21:53:00,1,调架中,False,正常,3740,13
2024-04-11 21:54:00,2024-04-11 21:54:00,1,割煤中位,False,正常,3741,13
2024-04-11 21:55:00,2024-04-11 21:55:00,1,调架中,False,正常,3742,13
2024-04-11 21:56:00,2024-04-11 21:57:00,2,割煤中位,False,正常,3743,13
2024-04-11 21:58:00,2024-04-11 21:58:00,1,调架中,False,正常,3744,13
2024-04-11 21:59:00,2024-04-11 22:04:00,6,割煤中位,False,正常,3745,13
2024-04-11 22:05:00,2024-04-11 22:06:00,2,待机,False,正常,3746,13
2024-04-11 22:07:00,2024-04-11 22:12:00,6,割煤中位,False,正常,3747,13
2024-04-11 22:13:00,2024-04-11 22:15:00,3,调架中,False,正常,3748,13
2024-04-11 22:16:00,2024-04-11 22:16:00,1,割煤高位,False,正常,3749,13
2024-04-11 22:17:00,2024-04-11 22:18:00,2,割煤中位,False,正常,3750,13
2024-04-11 22:19:00,2024-04-11 22:19:00,1,调架中,False,正常,3751,13
2024-04-11 22:20:00,2024-04-11 22:20:00,1,割煤中位,False,正常,3752,13
2024-04-11 22:21:00,2024-04-11 22:21:00,1,调架中,False,正常,3753,13
2024-04-11 22:22:00,2024-04-11 22:22:00,1,割煤中位,False,正常,3754,13
2024-04-11 22:23:00,2024-04-11 22:23:00,1,调架中,False,正常,3755,13
2024-04-11 22:24:00,2024-04-11 22:24:00,1,割煤中位,False,正常,3756,13
2024-04-11 22:25:00,2024-04-11 22:25:00,1,调架中,False,正常,3757,13
2024-04-11 22:26:00,2024-04-11 22:27:00,2,割煤中位,False,正常,3758,13
2024-04-11 22:28:00,2024-04-11 22:32:00,5,待机,False,正常,3759,13
2024-04-11 22:33:00,2024-04-11 22:37:00,5,割煤中位,False,正常,3760,13
2024-04-11 22:38:00,2024-04-11 22:41:00,4,割煤高位,False,正常,3761,13
2024-04-11 22:42:00,2024-04-11 22:42:00,1,调架中,False,正常,3762,13
2024-04-11 22:43:00,2024-04-11 22:45:00,3,割煤中位,False,正常,3763,13
2024-04-11 22:46:00,2024-04-11 22:48:00,3,调架中,False,正常,3764,13
2024-04-11 22:49:00,2024-04-11 22:51:00,3,待机,False,正常,3765,13
2024-04-11 22:52:00,2024-04-11 22:52:00,1,调架中,False,正常,3766,13
2024-04-11 22:53:00,2024-04-11 22:53:00,1,割煤中位,False,正常,3767,13
2024-04-11 22:54:00,2024-04-11 22:54:00,1,待机,False,正常,3768,13
2024-04-11 22:55:00,2024-04-11 22:56:00,2,割煤中位,False,正常,3769,13
2024-04-11 22:57:00,2024-04-11 22:57:00,1,调架中,False,正常,3770,13
2024-04-11 22:58:00,2024-04-11 22:58:00,1,割煤中位,False,正常,3771,13
2024-04-11 22:59:00,2024-04-11 23:00:00,2,调架中,False,正常,3772,13
2024-04-11 23:01:00,2024-04-11 23:01:00,1,割煤中位,False,正常,3773,13
2024-04-11 23:02:00,2024-04-11 23:02:00,1,待机,False,正常,3774,13
2024-04-11 23:03:00,2024-04-11 23:03:00,1,调架中,False,正常,3775,13
2024-04-11 23:04:00,2024-04-11 23:04:00,1,割煤中位,False,正常,3776,13
2024-04-11 23:05:00,2024-04-11 23:05:00,1,调架中,False,正常,3777,13
2024-04-11 23:06:00,2024-04-11 23:07:00,2,割煤中位,False,正常,3778,13
2024-04-11 23:08:00,2024-04-11 23:09:00,2,待机,False,正常,3779,13
2024-04-11 23:10:00,2024-04-11 23:10:00,1,调架中,False,正常,3780,13
2024-04-11 23:11:00,2024-04-11 23:13:00,3,割煤中位,False,正常,3781,13
2024-04-11 23:14:00,2024-04-11 23:18:00,5,割煤高位,False,正常,3782,13
2024-04-11 23:19:00,2024-04-11 23:21:00,3,割煤中位,False,正常,3783,13
2024-04-11 23:22:00,2024-04-11 23:22:00,1,调架中,False,正常,3784,13
2024-04-11 23:23:00,2024-04-11 23:23:00,1,割煤中位,False,正常,3785,13
2024-04-11 23:24:00,2024-04-11 23:24:00,1,调架中,False,正常,3786,13
2024-04-11 23:25:00,2024-04-11 23:25:00,1,割煤中位,False,正常,3787,13
2024-04-11 23:26:00,2024-04-11 23:26:00,1,调架中,False,正常,3788,13
2024-04-11 23:27:00,2024-04-11 23:27:00,1,割煤中位,False,正常,3789,13
2024-04-11 23:28:00,2024-04-11 23:28:00,1,调架中,False,正常,3790,13
2024-04-11 23:29:00,2024-04-11 23:30:00,2,待机,False,正常,3791,13
2024-04-11 23:31:00,2024-04-11 23:31:00,1,割煤中位,False,正常,3792,13
2024-04-11 23:32:00,2024-04-11 23:32:00,1,调架中,False,正常,3793,13
2024-04-11 23:33:00,2024-04-11 23:35:00,3,割煤中位,False,正常,3794,13
2024-04-11 23:36:00,2024-04-11 23:36:00,1,待机,False,正常,3795,13
2024-04-11 23:37:00,2024-04-11 23:37:00,1,割煤中位,False,正常,3796,13
2024-04-11 23:38:00,2024-04-11 23:38:00,1,调架中,False,正常,3797,13
2024-04-11 23:39:00,2024-04-11 23:42:00,4,割煤中位,False,正常,3798,13
2024-04-11 23:43:00,2024-04-11 23:43:00,1,调架中,False,正常,3799,13
2024-04-11 23:44:00,2024-04-11 23:45:00,2,割煤中位,False,正常,3800,13
2024-04-11 23:46:00,2024-04-11 23:46:00,1,调架中,False,正常,3801,13
2024-04-11 23:47:00,2024-04-11 23:48:00,2,割煤中位,False,正常,3802,13
2024-04-11 23:49:00,2024-04-11 23:51:00,3,待机,False,正常,3803,13
2024-04-11 23:52:00,2024-04-11 23:54:00,3,调架中,False,正常,3804,13
2024-04-11 23:55:00,2024-04-11 23:58:00,4,割煤中位,False,正常,3805,13
2024-04-11 23:59:00,2024-04-11 23:59:00,1,调架中,False,正常,3806,13
2024-04-12 00:00:00,2024-04-12 00:00:00,1,割煤中位,False,正常,3807,13
2024-04-12 00:01:00,2024-04-12 00:01:00,1,待机,False,正常,3808,13
2024-04-12 00:02:00,2024-04-12 00:03:00,2,割煤中位,False,正常,3809,13
2024-04-12 00:04:00,2024-04-12 00:04:00,1,调架中,False,正常,3810,13
2024-04-12 00:05:00,2024-04-12 00:05:00,1,割煤中位,False,正常,3811,13
2024-04-12 00:06:00,2024-04-12 00:06:00,1,调架中,False,正常,3812,13
2024-04-12 00:07:00,2024-04-12 00:08:00,2,割煤中位,False,正常,3813,13
2024-04-12 00:09:00,2024-04-12 00:09:00,1,调架中,False,正常,3814,13
2024-04-12 00:10:00,2024-04-12 00:20:00,11,割煤中位,False,正常,3815,13
2024-04-12 00:21:00,2024-04-12 00:21:00,1,调架中,False,正常,3816,13
2024-04-12 00:22:00,2024-04-12 00:26:00,5,割煤中位,False,正常,3817,13
2024-04-12 00:27:00,2024-04-12 00:27:00,1,调架中,False,正常,3818,13
2024-04-12 00:28:00,2024-04-12 00:29:00,2,割煤中位,False,正常,3819,13
2024-04-12 00:30:00,2024-04-12 00:30:00,1,调架中,False,正常,3820,13
2024-04-12 00:31:00,2024-04-12 00:36:00,6,割煤中位,False,正常,3821,13
2024-04-12 00:37:00,2024-04-12 00:37:00,1,调架中,False,正常,3822,13
2024-04-12 00:38:00,2024-04-12 00:42:00,5,割煤中位,False,正常,3823,13
2024-04-12 00:43:00,2024-04-12 00:48:00,6,割煤高位,False,正常,3824,13
2024-04-12 00:49:00,2024-04-12 00:49:00,1,调架中,False,正常,3825,13
2024-04-12 00:50:00,2024-04-12 00:51:00,2,割煤中位,False,正常,3826,13
2024-04-12 00:52:00,2024-04-12 00:53:00,2,割煤高位,False,正常,3827,13
2024-04-12 00:54:00,2024-04-12 00:57:00,4,割煤中位,False,正常,3828,13
2024-04-12 00:58:00,2024-04-12 01:02:00,5,割煤高位,False,正常,3829,13
2024-04-12 01:03:00,2024-04-12 01:03:00,1,待机-高位,False,正常,3830,13
2024-04-12 01:04:00,2024-04-12 01:05:00,2,割煤高位,False,正常,3831,13
2024-04-12 01:06:00,2024-04-12 01:07:00,2,割煤中位,False,正常,3832,13
2024-04-12 01:08:00,2024-04-12 01:11:00,4,割煤高位,False,正常,3833,13
2024-04-12 01:12:00,2024-04-12 01:12:00,1,割煤中位,False,正常,3834,13
2024-04-12 01:13:00,2024-04-12 01:14:00,2,割煤高位,False,正常,3835,13
2024-04-12 01:15:00,2024-04-12 01:15:00,1,割煤中位,False,正常,3836,13
2024-04-12 01:16:00,2024-04-12 01:19:00,4,割煤高位,False,正常,3837,13
2024-04-12 01:20:00,2024-04-12 01:22:00,3,割煤中位,False,正常,3838,13
2024-04-12 01:23:00,2024-04-12 01:30:00,8,待机-高位,False,正常,3839,13
2024-04-12 01:31:00,2024-04-12 01:36:00,6,割煤中位,False,正常,3840,13
2024-04-12 01:37:00,2024-04-12 01:37:00,1,调架中,False,正常,3841,13
2024-04-12 01:38:00,2024-04-12 01:39:00,2,割煤中位,False,正常,3842,13
2024-04-12 01:40:00,2024-04-12 01:42:00,3,调架中,False,正常,3843,13
2024-04-12 01:43:00,2024-04-12 01:43:00,1,割煤中位,False,正常,3844,13
2024-04-12 01:44:00,2024-04-12 01:44:00,1,割煤高位,False,正常,3845,13
2024-04-12 01:45:00,2024-04-12 01:52:00,8,待机-高位,False,正常,3846,13
2024-04-12 01:53:00,2024-04-12 01:53:00,1,调架中,False,正常,3847,13
2024-04-12 01:54:00,2024-04-12 01:54:00,1,割煤中位,False,正常,3848,13
2024-04-12 01:55:00,2024-04-12 01:58:00,4,割煤高位,False,正常,3849,13
2024-04-12 01:59:00,2024-04-12 02:03:00,5,割煤中位,False,正常,3850,13
2024-04-12 02:04:00,2024-04-12 02:04:00,1,割煤高位,False,正常,3851,13
2024-04-12 02:05:00,2024-04-12 02:06:00,2,调架中,False,正常,3852,13
2024-04-12 02:07:00,2024-04-12 02:08:00,2,割煤高位,False,正常,3853,13
2024-04-12 02:09:00,2024-04-12 02:10:00,2,割煤中位,False,正常,3854,13
2024-04-12 02:11:00,2024-04-12 02:11:00,1,调架中,False,正常,3855,13
2024-04-12 02:12:00,2024-04-12 02:13:00,2,割煤中位,False,正常,3856,13
2024-04-12 02:14:00,2024-04-12 02:18:00,5,割煤高位,False,正常,3857,13
2024-04-12 02:19:00,2024-04-12 02:21:00,3,割煤中位,False,正常,3858,13
2024-04-12 02:22:00,2024-04-12 02:24:00,3,待机,False,正常,3859,13
2024-04-12 02:25:00,2024-04-12 02:25:00,1,调架中,False,正常,3860,13
2024-04-12 02:26:00,2024-04-12 02:27:00,2,割煤高位,False,正常,3861,13
2024-04-12 02:28:00,2024-04-12 02:31:00,4,割煤中位,False,正常,3862,13
2024-04-12 02:32:00,2024-04-12 02:32:00,1,割煤高位,False,正常,3863,13
2024-04-12 02:33:00,2024-04-12 02:36:00,4,割煤中位,False,正常,3864,13
2024-04-12 02:37:00,2024-04-12 02:42:00,6,割煤高位,False,正常,3865,13
2024-04-12 02:43:00,2024-04-12 02:44:00,2,割煤中位,False,正常,3866,13
2024-04-12 02:45:00,2024-04-12 02:45:00,1,调架中,False,正常,3867,13
2024-04-12 02:46:00,2024-04-12 02:46:00,1,割煤中位,False,正常,3868,13
2024-04-12 02:47:00,2024-04-12 02:47:00,1,割煤低位,False,正常,3869,13
2024-04-12 02:48:00,2024-04-12 02:53:00,6,割煤中位,False,正常,3870,13
2024-04-12 02:54:00,2024-04-12 02:55:00,2,调架中,False,正常,3871,13
2024-04-12 02:56:00,2024-04-12 02:58:00,3,割煤中位,False,正常,3872,13
2024-04-12 02:59:00,2024-04-12 02:59:00,1,调架中,False,正常,3873,13
2024-04-12 03:00:00,2024-04-12 03:03:00,4,割煤中位,False,正常,3874,13
2024-04-12 03:04:00,2024-04-12 03:04:00,1,调架中,False,正常,3875,13
2024-04-12 03:05:00,2024-04-12 03:05:00,1,割煤中位,False,正常,3876,13
2024-04-12 03:06:00,2024-04-12 03:08:00,3,调架中,False,正常,3877,13
2024-04-12 03:09:00,2024-04-12 03:09:00,1,割煤中位,False,正常,3878,13
2024-04-12 03:10:00,2024-04-12 03:10:00,1,调架中,False,正常,3879,13
2024-04-12 03:11:00,2024-04-12 03:11:00,1,割煤中位,False,正常,3880,13
2024-04-12 03:12:00,2024-04-12 03:12:00,1,调架中,False,正常,3881,13
2024-04-12 03:13:00,2024-04-12 03:15:00,3,割煤中位,False,正常,3882,13
2024-04-12 03:16:00,2024-04-12 03:16:00,1,调架中,False,正常,3883,13
2024-04-12 03:17:00,2024-04-12 03:19:00,3,割煤中位,False,正常,3884,13
2024-04-12 03:20:00,2024-04-12 03:20:00,1,调架中,False,正常,3885,13
2024-04-12 03:21:00,2024-04-12 03:21:00,1,割煤中位,False,正常,3886,13
2024-04-12 03:22:00,2024-04-12 03:22:00,1,调架中,False,正常,3887,13
2024-04-12 03:23:00,2024-04-12 03:24:00,2,割煤中位,False,正常,3888,13
2024-04-12 03:25:00,2024-04-12 03:30:00,6,待机,False,正常,3889,13
2024-04-12 03:31:00,2024-04-12 03:31:00,1,割煤中位,False,正常,3890,13
2024-04-12 03:32:00,2024-04-12 03:32:00,1,调架中,False,正常,3891,13
2024-04-12 03:33:00,2024-04-12 03:34:00,2,割煤中位,False,正常,3892,13
2024-04-12 03:35:00,2024-04-12 03:35:00,1,调架中,False,正常,3893,13
2024-04-12 03:36:00,2024-04-12 03:36:00,1,割煤中位,False,正常,3894,13
2024-04-12 03:37:00,2024-04-12 03:38:00,2,待机,False,正常,3895,13
2024-04-12 03:39:00,2024-04-12 03:40:00,2,割煤中位,False,正常,3896,13
2024-04-12 03:41:00,2024-04-12 03:43:00,3,待机,False,正常,3897,13
2024-04-12 03:44:00,2024-04-12 03:45:00,2,调架中,False,正常,3898,13
2024-04-12 03:46:00,2024-04-12 03:49:00,4,割煤高位,False,正常,3899,13
2024-04-12 03:50:00,2024-04-12 03:50:00,1,调架中,False,正常,3900,13
2024-04-12 03:51:00,2024-04-12 03:51:00,1,割煤中位,False,正常,3901,13
2024-04-12 03:52:00,2024-04-12 03:55:00,4,割煤高位,False,正常,3902,13
2024-04-12 03:56:00,2024-04-12 03:56:00,1,调架中,False,正常,3903,13
2024-04-12 03:57:00,2024-04-12 03:57:00,1,割煤高位,False,正常,3904,13
2024-04-12 03:58:00,2024-04-12 03:58:00,1,割煤中位,False,正常,3905,13
2024-04-12 03:59:00,2024-04-12 04:00:00,2,待机,False,正常,3906,13
2024-04-12 04:01:00,2024-04-12 04:01:00,1,割煤高位,False,正常,3907,13
2024-04-12 04:02:00,2024-04-12 04:06:00,5,割煤中位,False,正常,3908,13
2024-04-12 04:07:00,2024-04-12 04:08:00,2,割煤高位,False,正常,3909,13
2024-04-12 04:09:00,2024-04-12 04:09:00,1,调架中,False,正常,3910,13
2024-04-12 04:10:00,2024-04-12 04:12:00,3,割煤高位,False,正常,3911,13
2024-04-12 04:13:00,2024-04-12 04:15:00,3,割煤中位,False,正常,3912,13
2024-04-12 04:16:00,2024-04-12 04:16:00,1,调架中,False,正常,3913,13
2024-04-12 04:17:00,2024-04-12 04:17:00,1,割煤中位,False,正常,3914,13
2024-04-12 04:18:00,2024-04-12 04:22:00,5,割煤高位,False,正常,3915,13
2024-04-12 04:23:00,2024-04-12 04:23:00,1,待机-高位,False,正常,3916,13
2024-04-12 04:24:00,2024-04-12 04:24:00,1,割煤高位,False,正常,3917,13
2024-04-12 04:25:00,2024-04-12 04:27:00,3,割煤中位,False,正常,3918,13
2024-04-12 04:28:00,2024-04-12 04:32:00,5,割煤高位,False,正常,3919,13
2024-04-12 04:33:00,2024-04-12 04:40:00,8,割煤中位,False,正常,3920,13
2024-04-12 04:41:00,2024-04-12 04:42:00,2,待机,False,正常,3921,13
2024-04-12 04:43:00,2024-04-12 04:43:00,1,割煤中位,False,正常,3922,13
2024-04-12 04:44:00,2024-04-12 04:45:00,2,待机,False,正常,3923,13
2024-04-12 04:46:00,2024-04-12 04:49:00,4,割煤中位,False,正常,3924,13
2024-04-12 04:50:00,2024-04-12 04:53:00,4,割煤高位,False,正常,3925,13
2024-04-12 04:54:00,2024-04-12 04:54:00,1,调架中,False,正常,3926,13
2024-04-12 04:55:00,2024-04-12 04:55:00,1,割煤中位,False,正常,3927,13
2024-04-12 04:56:00,2024-04-12 04:56:00,1,割煤高位,False,正常,3928,13
2024-04-12 04:57:00,2024-04-12 04:57:00,1,调架中,False,正常,3929,13
2024-04-12 04:58:00,2024-04-12 04:59:00,2,割煤高位,False,正常,3930,13
2024-04-12 05:00:00,2024-04-12 05:00:00,1,割煤中位,False,正常,3931,13
2024-04-12 05:01:00,2024-04-12 05:01:00,1,割煤高位,False,正常,3932,13
2024-04-12 05:02:00,2024-04-12 05:02:00,1,调架中,False,正常,3933,13
2024-04-12 05:03:00,2024-04-12 05:05:00,3,割煤中位,False,正常,3934,13
2024-04-12 05:06:00,2024-04-12 05:06:00,1,割煤高位,False,正常,3935,13
2024-04-12 05:07:00,2024-04-12 05:07:00,1,调架中,False,正常,3936,13
2024-04-12 05:08:00,2024-04-12 05:21:00,14,待机,False,正常,3937,13
2024-04-12 05:22:00,2024-04-12 05:22:00,1,割煤高位,False,正常,3938,13
2024-04-12 05:23:00,2024-04-12 05:24:00,2,待机,False,正常,3939,13
2024-04-12 05:25:00,2024-04-12 05:27:00,3,割煤高位,False,正常,3940,13
2024-04-12 05:28:00,2024-04-12 05:33:00,6,割煤中位,False,正常,3941,13
2024-04-12 05:34:00,2024-04-12 05:37:00,4,割煤高位,False,正常,3942,13
2024-04-12 05:38:00,2024-04-12 05:38:00,1,调架中,False,正常,3943,13
2024-04-12 05:39:00,2024-04-12 05:40:00,2,割煤高位,False,正常,3944,13
2024-04-12 05:41:00,2024-04-12 05:41:00,1,调架中,False,正常,3945,13
2024-04-12 05:42:00,2024-04-12 05:44:00,3,割煤高位,False,正常,3946,13
2024-04-12 05:45:00,2024-04-12 05:46:00,2,调架中,False,正常,3947,13
2024-04-12 05:47:00,2024-04-12 05:48:00,2,割煤中位,False,正常,3948,13
2024-04-12 05:49:00,2024-04-12 05:50:00,2,待机,False,正常,3949,13
2024-04-12 05:51:00,2024-04-12 05:52:00,2,割煤中位,False,正常,3950,13
2024-04-12 05:53:00,2024-04-12 05:53:00,1,调架中,False,正常,3951,13
2024-04-12 05:54:00,2024-04-12 05:54:00,1,割煤中位,False,正常,3952,13
2024-04-12 05:55:00,2024-04-12 05:55:00,1,调架中,False,正常,3953,13
2024-04-12 05:56:00,2024-04-12 05:56:00,1,割煤中位,False,正常,3954,13
2024-04-12 05:57:00,2024-04-12 05:58:00,2,待机,False,正常,3955,13
2024-04-12 05:59:00,2024-04-12 06:00:00,2,调架中,False,正常,3956,13
2024-04-12 06:01:00,2024-04-12 06:01:00,1,割煤中位,False,正常,3957,13
2024-04-12 06:02:00,2024-04-12 06:03:00,2,调架中,False,正常,3958,13
2024-04-12 06:04:00,2024-04-12 06:05:00,2,割煤中位,False,正常,3959,13
2024-04-12 06:06:00,2024-04-12 06:07:00,2,待机,False,正常,3960,13
2024-04-12 06:08:00,2024-04-12 06:23:00,16,割煤中位,False,正常,3961,13
2024-04-12 06:24:00,2024-04-12 06:24:00,1,调架中,False,正常,3962,13
2024-04-12 06:25:00,2024-04-12 06:28:00,4,割煤中位,False,正常,3963,13
2024-04-12 06:29:00,2024-04-12 06:30:00,2,待机,False,正常,3964,13
2024-04-12 06:31:00,2024-04-12 06:31:00,1,割煤中位,False,正常,3965,13
2024-04-12 06:32:00,2024-04-12 06:32:00,1,调架中,False,正常,3966,13
2024-04-12 06:33:00,2024-04-12 06:33:00,1,割煤中位,False,正常,3967,13
2024-04-12 06:34:00,2024-04-12 06:34:00,1,调架中,False,正常,3968,13
2024-04-12 06:35:00,2024-04-12 06:38:00,4,割煤中位,False,正常,3969,13
2024-04-12 06:39:00,2024-04-12 06:44:00,6,割煤高位,False,正常,3970,13
2024-04-12 06:45:00,2024-04-12 06:50:00,6,割煤中位,False,正常,3971,13
2024-04-12 06:51:00,2024-04-12 06:52:00,2,割煤高位,False,正常,3972,13
2024-04-12 06:53:00,2024-04-12 06:53:00,1,待机-高位,False,正常,3973,13
2024-04-12 06:54:00,2024-04-12 06:55:00,2,割煤高位,False,正常,3974,13
2024-04-12 06:56:00,2024-04-12 06:56:00,1,调架中,False,正常,3975,13
2024-04-12 06:57:00,2024-04-12 06:57:00,1,割煤中位,False,正常,3976,13
2024-04-12 06:58:00,2024-04-12 06:58:00,1,调架中,False,正常,3977,13
2024-04-12 06:59:00,2024-04-12 06:59:00,1,割煤中位,False,正常,3978,13
2024-04-12 07:00:00,2024-04-12 07:01:00,2,割煤高位,False,正常,3979,13
2024-04-12 07:02:00,2024-04-12 07:02:00,1,调架中,False,正常,3980,13
2024-04-12 07:03:00,2024-04-12 07:06:00,4,割煤中位,False,正常,3981,13
2024-04-12 07:07:00,2024-04-12 07:07:00,1,调架中,False,正常,3982,13
2024-04-12 07:08:00,2024-04-12 07:09:00,2,待机,False,正常,3983,13
2024-04-12 07:10:00,2024-04-12 07:12:00,3,割煤中位,False,正常,3984,13
2024-04-12 07:13:00,2024-04-12 07:13:00,1,调架中,False,正常,3985,13
2024-04-12 07:14:00,2024-04-12 07:14:00,1,割煤中位,False,正常,3986,13
2024-04-12 07:15:00,2024-04-12 07:18:00,4,调架中,False,正常,3987,13
2024-04-12 07:19:00,2024-04-12 07:20:00,2,割煤中位,False,正常,3988,13
2024-04-12 07:21:00,2024-04-12 07:24:00,4,待机-高位,False,正常,3989,13
2024-04-12 07:25:00,2024-04-12 07:25:00,1,调架中,False,正常,3990,13
2024-04-12 07:26:00,2024-04-12 07:26:00,1,割煤高位,False,正常,3991,13
2024-04-12 07:27:00,2024-04-12 07:30:00,4,调架中,False,正常,3992,13
2024-04-12 07:31:00,2024-04-12 07:32:00,2,待机-高位,False,正常,3993,13
2024-04-12 07:33:00,2024-04-12 07:33:00,1,割煤中位,False,正常,3994,13
2024-04-12 07:34:00,2024-04-12 07:34:00,1,割煤高位,False,正常,3995,13
2024-04-12 07:35:00,2024-04-12 07:35:00,1,割煤中位,False,正常,3996,13
2024-04-12 07:36:00,2024-04-12 07:36:00,1,调架中,False,正常,3997,13
2024-04-12 07:37:00,2024-04-12 07:37:00,1,割煤高位,False,正常,3998,13
2024-04-12 07:38:00,2024-04-12 07:38:00,1,割煤中位,False,正常,3999,13
2024-04-12 07:39:00,2024-04-12 07:39:00,1,调架中,False,正常,4000,13
2024-04-12 07:40:00,2024-04-12 07:42:00,3,割煤中位,False,正常,4001,13
2024-04-12 07:43:00,2024-04-12 07:43:00,1,调架中,False,正常,4002,13
2024-04-12 07:44:00,2024-04-12 07:44:00,1,割煤中位,False,正常,4003,13
2024-04-12 07:45:00,2024-04-12 07:45:00,1,调架中,False,正常,4004,13
2024-04-12 07:46:00,2024-04-12 07:46:00,1,割煤中位,False,正常,4005,13
2024-04-12 07:47:00,2024-04-12 07:48:00,2,调架中,False,正常,4006,13
2024-04-12 07:49:00,2024-04-12 07:49:00,1,割煤中位,False,正常,4007,13
2024-04-12 07:50:00,2024-04-12 07:51:00,2,割煤高位,False,正常,4008,13
2024-04-12 07:52:00,2024-04-12 07:52:00,1,调架中,False,正常,4009,13
2024-04-12 07:53:00,2024-04-12 07:53:00,1,割煤高位,False,正常,4010,13
2024-04-12 07:54:00,2024-04-12 07:55:00,2,调架中,False,正常,4011,13
2024-04-12 07:56:00,2024-04-12 07:56:00,1,割煤高位,False,正常,4012,13
2024-04-12 07:57:00,2024-04-12 07:57:00,1,割煤中位,False,正常,4013,13
2024-04-12 07:58:00,2024-04-12 07:58:00,1,调架中,False,正常,4014,13
2024-04-12 07:59:00,2024-04-12 08:00:00,2,割煤中位,False,正常,4015,13
2024-04-12 08:01:00,2024-04-12 08:01:00,1,调架中,False,正常,4016,13
2024-04-12 08:02:00,2024-04-12 08:05:00,4,待机-高位,False,正常,4017,13
2024-04-12 08:06:00,2024-04-12 08:08:00,3,割煤高位,False,正常,4018,13
2024-04-12 08:09:00,2024-04-12 08:10:00,2,调架中,False,正常,4019,13
2024-04-12 08:11:00,2024-04-12 08:11:00,1,割煤高位,False,正常,4020,13
2024-04-12 08:12:00,2024-04-12 08:14:00,3,割煤中位,False,正常,4021,13
2024-04-12 08:15:00,2024-04-12 08:15:00,1,调架中,False,正常,4022,13
2024-04-12 08:16:00,2024-04-12 08:17:00,2,割煤中位,False,正常,4023,13
2024-04-12 08:18:00,2024-04-12 08:18:00,1,调架中,False,正常,4024,13
2024-04-12 08:19:00,2024-04-12 08:21:00,3,割煤高位,False,正常,4025,13
2024-04-12 08:22:00,2024-04-12 08:22:00,1,割煤中位,False,正常,4026,13
2024-04-12 08:23:00,2024-04-12 08:23:00,1,待机-高位,False,正常,4027,13
2024-04-12 08:24:00,2024-04-12 08:33:00,10,割煤中位,False,正常,4028,13
2024-04-12 08:34:00,2024-04-12 08:34:00,1,调架中,False,正常,4029,13
2024-04-12 08:35:00,2024-04-12 08:44:00,10,待机,False,正常,4030,13
2024-04-12 08:45:00,2024-04-12 08:46:00,2,割煤中位,False,正常,4031,13
2024-04-12 08:47:00,2024-04-12 09:04:00,18,待机,False,正常,4032,13
2024-04-12 09:05:00,2024-04-12 09:05:00,1,割煤中位,False,正常,4033,13
2024-04-12 09:06:00,2024-04-12 09:06:00,1,待机,False,正常,4034,13
2024-04-12 09:07:00,2024-04-12 09:08:00,2,割煤中位,False,正常,4035,13
2024-04-12 09:09:00,2024-04-12 12:54:00,226,待机,False,正常,4036,13
2024-04-12 12:55:00,2024-04-12 16:47:00,233,停机,True,异常持续段（>157min 阈值）,4037,14
2024-04-12 16:48:00,2024-04-12 16:56:00,9,待机,False,正常,4038,15
2024-04-12 16:57:00,2024-04-12 16:57:00,1,调架中,False,正常,4039,15
2024-04-12 16:58:00,2024-04-12 17:16:00,19,待机,False,正常,4040,15
2024-04-12 17:17:00,2024-04-12 17:24:00,8,割煤中位,False,正常,4041,15
2024-04-12 17:25:00,2024-04-12 17:25:00,1,调架中,False,正常,4042,15
2024-04-12 17:26:00,2024-04-12 17:28:00,3,割煤中位,False,正常,4043,15
2024-04-12 17:29:00,2024-04-12 17:33:00,5,割煤高位,False,正常,4044,15
2024-04-12 17:34:00,2024-04-12 17:34:00,1,调架中,False,正常,4045,15
2024-04-12 17:35:00,2024-04-12 17:36:00,2,割煤中位,False,正常,4046,15
2024-04-12 17:37:00,2024-04-12 17:38:00,2,调架中,False,正常,4047,15
2024-04-12 17:39:00,2024-04-12 17:39:00,1,割煤高位,False,正常,4048,15
2024-04-12 17:40:00,2024-04-12 17:41:00,2,割煤中位,False,正常,4049,15
2024-04-12 17:42:00,2024-04-12 17:42:00,1,调架中,False,正常,4050,15
2024-04-12 17:43:00,2024-04-12 17:43:00,1,割煤中位,False,正常,4051,15
2024-04-12 17:44:00,2024-04-12 17:44:00,1,调架中,False,正常,4052,15
2024-04-12 17:45:00,2024-04-12 17:46:00,2,割煤高位,False,正常,4053,15
2024-04-12 17:47:00,2024-04-12 17:48:00,2,调架中,False,正常,4054,15
2024-04-12 17:49:00,2024-04-12 17:49:00,1,割煤高位,False,正常,4055,15
2024-04-12 17:50:00,2024-04-12 17:50:00,1,调架中,False,正常,4056,15
2024-04-12 17:51:00,2024-04-12 17:52:00,2,割煤中位,False,正常,4057,15
2024-04-12 17:53:00,2024-04-12 18:02:00,10,割煤高位,False,正常,4058,15
2024-04-12 18:03:00,2024-04-12 18:05:00,3,割煤中位,False,正常,4059,15
2024-04-12 18:06:00,2024-04-12 18:09:00,4,割煤高位,False,正常,4060,15
2024-04-12 18:10:00,2024-04-12 18:11:00,2,调架中,False,正常,4061,15
2024-04-12 18:12:00,2024-04-12 18:16:00,5,割煤中位,False,正常,4062,15
2024-04-12 18:17:00,2024-04-12 18:17:00,1,调架中,False,正常,4063,15
2024-04-12 18:18:00,2024-04-12 18:23:00,6,割煤中位,False,正常,4064,15
2024-04-12 18:24:00,2024-04-12 18:24:00,1,调架中,False,正常,4065,15
2024-04-12 18:25:00,2024-04-12 18:37:00,13,割煤中位,False,正常,4066,15
2024-04-12 18:38:00,2024-04-12 18:40:00,3,调架中,False,正常,4067,15
2024-04-12 18:41:00,2024-04-12 18:46:00,6,待机-高位,False,正常,4068,15
2024-04-12 18:47:00,2024-04-12 18:48:00,2,调架中,False,正常,4069,15
2024-04-12 18:49:00,2024-04-12 18:54:00,6,割煤中位,False,正常,4070,15
2024-04-12 18:55:00,2024-04-12 18:56:00,2,割煤高位,False,正常,4071,15
2024-04-12 18:57:00,2024-04-12 18:57:00,1,割煤中位,False,正常,4072,15
2024-04-12 18:58:00,2024-04-12 18:58:00,1,调架中,False,正常,4073,15
2024-04-12 18:59:00,2024-04-12 19:03:00,5,割煤中位,False,正常,4074,15
2024-04-12 19:04:00,2024-04-12 19:04:00,1,调架中,False,正常,4075,15
2024-04-12 19:05:00,2024-04-12 19:06:00,2,割煤中位,False,正常,4076,15
2024-04-12 19:07:00,2024-04-12 19:07:00,1,调架中,False,正常,4077,15
2024-04-12 19:08:00,2024-04-12 19:08:00,1,待机,False,正常,4078,15
2024-04-12 19:09:00,2024-04-12 19:09:00,1,调架中,False,正常,4079,15
2024-04-12 19:10:00,2024-04-12 19:24:00,15,割煤中位,False,正常,4080,15
2024-04-12 19:25:00,2024-04-12 19:25:00,1,割煤高位,False,正常,4081,15
2024-04-12 19:26:00,2024-04-12 19:26:00,1,割煤中位,False,正常,4082,15
2024-04-12 19:27:00,2024-04-12 19:27:00,1,调架中,False,正常,4083,15
2024-04-12 19:28:00,2024-04-12 19:29:00,2,割煤中位,False,正常,4084,15
2024-04-12 19:30:00,2024-04-12 19:31:00,2,待机,False,正常,4085,15
2024-04-12 19:32:00,2024-04-12 19:32:00,1,割煤中位,False,正常,4086,15
2024-04-12 19:33:00,2024-04-12 19:37:00,5,割煤高位,False,正常,4087,15
2024-04-12 19:38:00,2024-04-12 19:38:00,1,调架中,False,正常,4088,15
2024-04-12 19:39:00,2024-04-12 19:43:00,5,割煤中位,False,正常,4089,15
2024-04-12 19:44:00,2024-04-12 19:44:00,1,调架中,False,正常,4090,15
2024-04-12 19:45:00,2024-04-12 19:47:00,3,割煤中位,False,正常,4091,15
2024-04-12 19:48:00,2024-04-12 19:48:00,1,调架中,False,正常,4092,15
2024-04-12 19:49:00,2024-04-12 19:52:00,4,割煤中位,False,正常,4093,15
2024-04-12 19:53:00,2024-04-12 19:53:00,1,调架中,False,正常,4094,15
2024-04-12 19:54:00,2024-04-12 19:58:00,5,割煤中位,False,正常,4095,15
2024-04-12 19:59:00,2024-04-12 20:01:00,3,待机,False,正常,4096,15
2024-04-12 20:02:00,2024-04-12 20:03:00,2,调架中,False,正常,4097,15
2024-04-12 20:04:00,2024-04-12 20:07:00,4,割煤中位,False,正常,4098,15
2024-04-12 20:08:00,2024-04-12 20:08:00,1,调架中,False,正常,4099,15
2024-04-12 20:09:00,2024-04-12 20:11:00,3,割煤中位,False,正常,4100,15
2024-04-12 20:12:00,2024-04-12 20:15:00,4,割煤高位,False,正常,4101,15
2024-04-12 20:16:00,2024-04-12 20:19:00,4,割煤中位,False,正常,4102,15
2024-04-12 20:20:00,2024-04-12 20:25:00,6,割煤高位,False,正常,4103,15
2024-04-12 20:26:00,2024-04-12 20:26:00,1,割煤中位,False,正常,4104,15
2024-04-12 20:27:00,2024-04-12 20:27:00,1,调架中,False,正常,4105,15
2024-04-12 20:28:00,2024-04-12 20:30:00,3,割煤中位,False,正常,4106,15
2024-04-12 20:31:00,2024-04-12 20:31:00,1,待机-高位,False,正常,4107,15
2024-04-12 20:32:00,2024-04-12 20:32:00,1,调架中,False,正常,4108,15
2024-04-12 20:33:00,2024-04-12 20:58:00,26,割煤中位,False,正常,4109,15
2024-04-12 20:59:00,2024-04-12 20:59:00,1,调架中,False,正常,4110,15
2024-04-12 21:00:00,2024-04-12 21:00:00,1,割煤高位,False,正常,4111,15
2024-04-12 21:01:00,2024-04-12 21:01:00,1,调架中,False,正常,4112,15
2024-04-12 21:02:00,2024-04-12 21:08:00,7,割煤中位,False,正常,4113,15
2024-04-12 21:09:00,2024-04-12 21:09:00,1,割煤高位,False,正常,4114,15
2024-04-12 21:10:00,2024-04-12 21:10:00,1,割煤中位,False,正常,4115,15
2024-04-12 21:11:00,2024-04-12 21:11:00,1,割煤高位,False,正常,4116,15
2024-04-12 21:12:00,2024-04-12 21:12:00,1,调架中,False,正常,4117,15
2024-04-12 21:13:00,2024-04-12 21:17:00,5,割煤中位,False,正常,4118,15
2024-04-12 21:18:00,2024-04-12 21:19:00,2,割煤高位,False,正常,4119,15
2024-04-12 21:20:00,2024-04-12 21:20:00,1,调架中,False,正常,4120,15
2024-04-12 21:21:00,2024-04-12 21:21:00,1,割煤中位,False,正常,4121,15
2024-04-12 21:22:00,2024-04-12 21:22:00,1,调架中,False,正常,4122,15
2024-04-12 21:23:00,2024-04-12 21:23:00,1,待机,False,正常,4123,15
2024-04-12 21:24:00,2024-04-12 21:30:00,7,割煤中位,False,正常,4124,15
2024-04-12 21:31:00,2024-04-12 21:31:00,1,割煤高位,False,正常,4125,15
2024-04-12 21:32:00,2024-04-12 21:38:00,7,割煤中位,False,正常,4126,15
2024-04-12 21:39:00,2024-04-12 21:39:00,1,割煤高位,False,正常,4127,15
2024-04-12 21:40:00,2024-04-12 21:44:00,5,割煤中位,False,正常,4128,15
2024-04-12 21:45:00,2024-04-12 21:45:00,1,调架中,False,正常,4129,15
2024-04-12 21:46:00,2024-04-12 21:50:00,5,割煤中位,False,正常,4130,15
2024-04-12 21:51:00,2024-04-12 21:51:00,1,调架中,False,正常,4131,15
2024-04-12 21:52:00,2024-04-12 21:55:00,4,割煤中位,False,正常,4132,15
2024-04-12 21:56:00,2024-04-12 21:57:00,2,调架中,False,正常,4133,15
2024-04-12 21:58:00,2024-04-12 21:58:00,1,割煤中位,False,正常,4134,15
2024-04-12 21:59:00,2024-04-12 21:59:00,1,调架中,False,正常,4135,15
2024-04-12 22:00:00,2024-04-12 22:00:00,1,割煤中位,False,正常,4136,15
2024-04-12 22:01:00,2024-04-12 22:01:00,1,调架中,False,正常,4137,15
2024-04-12 22:02:00,2024-04-12 22:02:00,1,待机,False,正常,4138,15
2024-04-12 22:03:00,2024-04-12 22:09:00,7,割煤中位,False,正常,4139,15
2024-04-12 22:10:00,2024-04-12 22:12:00,3,割煤高位,False,正常,4140,15
2024-04-12 22:13:00,2024-04-12 22:13:00,1,调架中,False,正常,4141,15
2024-04-12 22:14:00,2024-04-12 22:16:00,3,割煤中位,False,正常,4142,15
2024-04-12 22:17:00,2024-04-12 22:18:00,2,割煤高位,False,正常,4143,15
2024-04-12 22:19:00,2024-04-12 22:19:00,1,调架中,False,正常,4144,15
2024-04-12 22:20:00,2024-04-12 22:22:00,3,割煤高位,False,正常,4145,15
2024-04-12 22:23:00,2024-04-12 22:28:00,6,割煤中位,False,正常,4146,15
2024-04-12 22:29:00,2024-04-12 22:29:00,1,待机-高位,False,正常,4147,15
2024-04-12 22:30:00,2024-04-12 22:32:00,3,割煤高位,False,正常,4148,15
2024-04-12 22:33:00,2024-04-12 22:36:00,4,割煤中位,False,正常,4149,15
2024-04-12 22:37:00,2024-04-12 22:37:00,1,调架中,False,正常,4150,15
2024-04-12 22:38:00,2024-04-12 22:39:00,2,割煤中位,False,正常,4151,15
2024-04-12 22:40:00,2024-04-12 22:41:00,2,待机,False,正常,4152,15
2024-04-12 22:42:00,2024-04-12 22:44:00,3,割煤中位,False,正常,4153,15
2024-04-12 22:45:00,2024-04-12 22:46:00,2,调架中,False,正常,4154,15
2024-04-12 22:47:00,2024-04-12 22:54:00,8,割煤中位,False,正常,4155,15
2024-04-12 22:55:00,2024-04-12 22:57:00,3,调架中,False,正常,4156,15
2024-04-12 22:58:00,2024-04-12 22:58:00,1,割煤中位,False,正常,4157,15
2024-04-12 22:59:00,2024-04-12 22:59:00,1,调架中,False,正常,4158,15
2024-04-12 23:00:00,2024-04-12 23:12:00,13,割煤中位,False,正常,4159,15
2024-04-12 23:13:00,2024-04-12 23:13:00,1,调架中,False,正常,4160,15
2024-04-12 23:14:00,2024-04-12 23:19:00,6,割煤高位,False,正常,4161,15
2024-04-12 23:20:00,2024-04-12 23:24:00,5,割煤中位,False,正常,4162,15
2024-04-12 23:25:00,2024-04-12 23:25:00,1,待机-高位,False,正常,4163,15
2024-04-12 23:26:00,2024-04-12 23:26:00,1,割煤中位,False,正常,4164,15
2024-04-12 23:27:00,2024-04-12 23:27:00,1,割煤高位,False,正常,4165,15
2024-04-12 23:28:00,2024-04-12 23:28:00,1,割煤中位,False,正常,4166,15
2024-04-12 23:29:00,2024-04-12 23:29:00,1,调架中,False,正常,4167,15
2024-04-12 23:30:00,2024-04-12 23:30:00,1,割煤高位,False,正常,4168,15
2024-04-12 23:31:00,2024-04-12 23:31:00,1,调架中,False,正常,4169,15
2024-04-12 23:32:00,2024-04-12 23:35:00,4,割煤中位,False,正常,4170,15
2024-04-12 23:36:00,2024-04-12 23:37:00,2,割煤高位,False,正常,4171,15
2024-04-12 23:38:00,2024-04-12 23:38:00,1,调架中,False,正常,4172,15
2024-04-12 23:39:00,2024-04-12 23:40:00,2,割煤高位,False,正常,4173,15
2024-04-12 23:41:00,2024-04-12 23:41:00,1,割煤中位,False,正常,4174,15
2024-04-12 23:42:00,2024-04-12 23:42:00,1,待机,False,正常,4175,15
2024-04-12 23:43:00,2024-04-12 23:45:00,3,割煤中位,False,正常,4176,15
2024-04-12 23:46:00,2024-04-12 23:46:00,1,调架中,False,正常,4177,15
2024-04-12 23:47:00,2024-04-12 23:47:00,1,割煤中位,False,正常,4178,15
2024-04-12 23:48:00,2024-04-12 23:49:00,2,待机,False,正常,4179,15
2024-04-12 23:50:00,2024-04-12 23:51:00,2,待机-高位,False,正常,4180,15
2024-04-12 23:52:00,2024-04-12 23:53:00,2,调架中,False,正常,4181,15
2024-04-12 23:54:00,2024-04-12 23:56:00,3,待机-高位,False,正常,4182,15
2024-04-12 23:57:00,2024-04-13 00:01:00,5,割煤高位,False,正常,4183,15
2024-04-13 00:02:00,2024-04-13 00:05:00,4,割煤中位,False,正常,4184,15
2024-04-13 00:06:00,2024-04-13 00:06:00,1,割煤高位,False,正常,4185,15
2024-04-13 00:07:00,2024-04-13 00:08:00,2,割煤中位,False,正常,4186,15
2024-04-13 00:09:00,2024-04-13 00:09:00,1,待机,False,正常,4187,15
2024-04-13 00:10:00,2024-04-13 00:12:00,3,割煤中位,False,正常,4188,15
2024-04-13 00:13:00,2024-04-13 00:13:00,1,调架中,False,正常,4189,15
2024-04-13 00:14:00,2024-04-13 00:14:00,1,割煤中位,False,正常,4190,15
2024-04-13 00:15:00,2024-04-13 00:16:00,2,待机,False,正常,4191,15
2024-04-13 00:17:00,2024-04-13 00:20:00,4,割煤中位,False,正常,4192,15
2024-04-13 00:21:00,2024-04-13 00:21:00,1,调架中,False,正常,4193,15
2024-04-13 00:22:00,2024-04-13 00:28:00,7,割煤中位,False,正常,4194,15
2024-04-13 00:29:00,2024-04-13 00:29:00,1,调架中,False,正常,4195,15
2024-04-13 00:30:00,2024-04-13 00:30:00,1,割煤高位,False,正常,4196,15
2024-04-13 00:31:00,2024-04-13 00:35:00,5,割煤中位,False,正常,4197,15
2024-04-13 00:36:00,2024-04-13 00:46:00,11,割煤高位,False,正常,4198,15
2024-04-13 00:47:00,2024-04-13 00:47:00,1,调架中,False,正常,4199,15
2024-04-13 00:48:00,2024-04-13 00:50:00,3,割煤中位,False,正常,4200,15
2024-04-13 00:51:00,2024-04-13 00:56:00,6,割煤高位,False,正常,4201,15
2024-04-13 00:57:00,2024-04-13 00:59:00,3,待机-高位,False,正常,4202,15
2024-04-13 01:00:00,2024-04-13 01:00:00,1,割煤高位,False,正常,4203,15
2024-04-13 01:01:00,2024-04-13 01:05:00,5,割煤中位,False,正常,4204,15
2024-04-13 01:06:00,2024-04-13 01:10:00,5,割煤高位,False,正常,4205,15
2024-04-13 01:11:00,2024-04-13 01:13:00,3,割煤中位,False,正常,4206,15
2024-04-13 01:14:00,2024-04-13 01:16:00,3,待机,False,正常,4207,15
2024-04-13 01:17:00,2024-04-13 01:18:00,2,割煤中位,False,正常,4208,15
2024-04-13 01:19:00,2024-04-13 01:19:00,1,调架中,False,正常,4209,15
2024-04-13 01:20:00,2024-04-13 01:20:00,1,待机,False,正常,4210,15
2024-04-13 01:21:00,2024-04-13 01:21:00,1,调架中,False,正常,4211,15
2024-04-13 01:22:00,2024-04-13 01:23:00,2,待机,False,正常,4212,15
2024-04-13 01:24:00,2024-04-13 01:24:00,1,待机-高位,False,正常,4213,15
2024-04-13 01:25:00,2024-04-13 01:26:00,2,割煤中位,False,正常,4214,15
2024-04-13 01:27:00,2024-04-13 01:27:00,1,调架中,False,正常,4215,15
2024-04-13 01:28:00,2024-04-13 01:28:00,1,割煤中位,False,正常,4216,15
2024-04-13 01:29:00,2024-04-13 01:34:00,6,调架中,False,正常,4217,15
2024-04-13 01:35:00,2024-04-13 01:42:00,8,割煤中位,False,正常,4218,15
2024-04-13 01:43:00,2024-04-13 01:44:00,2,调架中,False,正常,4219,15
2024-04-13 01:45:00,2024-04-13 01:45:00,1,割煤高位,False,正常,4220,15
2024-04-13 01:46:00,2024-04-13 01:48:00,3,调架中,False,正常,4221,15
2024-04-13 01:49:00,2024-04-13 01:52:00,4,割煤中位,False,正常,4222,15
2024-04-13 01:53:00,2024-04-13 01:54:00,2,割煤高位,False,正常,4223,15
2024-04-13 01:55:00,2024-04-13 01:55:00,1,割煤中位,False,正常,4224,15
2024-04-13 01:56:00,2024-04-13 01:56:00,1,调架中,False,正常,4225,15
2024-04-13 01:57:00,2024-04-13 02:02:00,6,割煤中位,False,正常,4226,15
2024-04-13 02:03:00,2024-04-13 02:06:00,4,割煤高位,False,正常,4227,15
2024-04-13 02:07:00,2024-04-13 02:07:00,1,割煤中位,False,正常,4228,15
2024-04-13 02:08:00,2024-04-13 02:10:00,3,调架中,False,正常,4229,15
2024-04-13 02:11:00,2024-04-13 02:11:00,1,割煤中位,False,正常,4230,15
2024-04-13 02:12:00,2024-04-13 02:12:00,1,调架中,False,正常,4231,15
2024-04-13 02:13:00,2024-04-13 02:16:00,4,割煤中位,False,正常,4232,15
2024-04-13 02:17:00,2024-04-13 02:18:00,2,割煤高位,False,正常,4233,15
2024-04-13 02:19:00,2024-04-13 02:19:00,1,调架中,False,正常,4234,15
2024-04-13 02:20:00,2024-04-13 02:20:00,1,割煤高位,False,正常,4235,15
2024-04-13 02:21:00,2024-04-13 02:23:00,3,割煤中位,False,正常,4236,15
2024-04-13 02:24:00,2024-04-13 02:29:00,6,待机,False,正常,4237,15
2024-04-13 02:30:00,2024-04-13 02:32:00,3,割煤中位,False,正常,4238,15
2024-04-13 02:33:00,2024-04-13 02:33:00,1,割煤高位,False,正常,4239,15
2024-04-13 02:34:00,2024-04-13 02:34:00,1,割煤中位,False,正常,4240,15
2024-04-13 02:35:00,2024-04-13 02:35:00,1,待机,False,正常,4241,15
2024-04-13 02:36:00,2024-04-13 02:37:00,2,割煤中位,False,正常,4242,15
2024-04-13 02:38:00,2024-04-13 02:40:00,3,割煤高位,False,正常,4243,15
2024-04-13 02:41:00,2024-04-13 02:42:00,2,割煤中位,False,正常,4244,15
2024-04-13 02:43:00,2024-04-13 02:44:00,2,割煤高位,False,正常,4245,15
2024-04-13 02:45:00,2024-04-13 02:59:00,15,割煤中位,False,正常,4246,15
2024-04-13 03:00:00,2024-04-13 03:00:00,1,调架中,False,正常,4247,15
2024-04-13 03:01:00,2024-04-13 03:02:00,2,割煤中位,False,正常,4248,15
2024-04-13 03:03:00,2024-04-13 03:12:00,10,割煤高位,False,正常,4249,15
2024-04-13 03:13:00,2024-04-13 03:13:00,1,调架中,False,正常,4250,15
2024-04-13 03:14:00,2024-04-13 03:14:00,1,待机-高位,False,正常,4251,15
2024-04-13 03:15:00,2024-04-13 03:17:00,3,割煤高位,False,正常,4252,15
2024-04-13 03:18:00,2024-04-13 03:21:00,4,割煤中位,False,正常,4253,15
2024-04-13 03:22:00,2024-04-13 03:27:00,6,割煤高位,False,正常,4254,15
2024-04-13 03:28:00,2024-04-13 03:33:00,6,割煤中位,False,正常,4255,15
2024-04-13 03:34:00,2024-04-13 03:37:00,4,割煤高位,False,正常,4256,15
2024-04-13 03:38:00,2024-04-13 03:38:00,1,调架中,False,正常,4257,15
2024-04-13 03:39:00,2024-04-13 03:40:00,2,割煤高位,False,正常,4258,15
2024-04-13 03:41:00,2024-04-13 03:48:00,8,割煤中位,False,正常,4259,15
2024-04-13 03:49:00,2024-04-13 03:49:00,1,割煤高位,False,正常,4260,15
2024-04-13 03:50:00,2024-04-13 03:50:00,1,调架中,False,正常,4261,15
2024-04-13 03:51:00,2024-04-13 03:52:00,2,割煤高位,False,正常,4262,15
2024-04-13 03:53:00,2024-04-13 03:53:00,1,割煤中位,False,正常,4263,15
2024-04-13 03:54:00,2024-04-13 03:54:00,1,调架中,False,正常,4264,15
2024-04-13 03:55:00,2024-04-13 03:56:00,2,割煤高位,False,正常,4265,15
2024-04-13 03:57:00,2024-04-13 03:58:00,2,调架中,False,正常,4266,15
2024-04-13 03:59:00,2024-04-13 04:02:00,4,割煤高位,False,正常,4267,15
2024-04-13 04:03:00,2024-04-13 04:03:00,1,调架中,False,正常,4268,15
2024-04-13 04:04:00,2024-04-13 04:05:00,2,割煤高位,False,正常,4269,15
2024-04-13 04:06:00,2024-04-13 04:09:00,4,割煤中位,False,正常,4270,15
2024-04-13 04:10:00,2024-04-13 04:10:00,1,割煤高位,False,正常,4271,15
2024-04-13 04:11:00,2024-04-13 04:12:00,2,割煤中位,False,正常,4272,15
2024-04-13 04:13:00,2024-04-13 04:13:00,1,调架中,False,正常,4273,15
2024-04-13 04:14:00,2024-04-13 04:15:00,2,割煤中位,False,正常,4274,15
2024-04-13 04:16:00,2024-04-13 04:17:00,2,调架中,False,正常,4275,15
2024-04-13 04:18:00,2024-04-13 04:18:00,1,割煤高位,False,正常,4276,15
2024-04-13 04:19:00,2024-04-13 04:19:00,1,调架中,False,正常,4277,15
2024-04-13 04:20:00,2024-04-13 04:23:00,4,割煤中位,False,正常,4278,15
2024-04-13 04:24:00,2024-04-13 04:26:00,3,割煤高位,False,正常,4279,15
2024-04-13 04:27:00,2024-04-13 04:27:00,1,调架中,False,正常,4280,15
2024-04-13 04:28:00,2024-04-13 04:29:00,2,割煤高位,False,正常,4281,15
2024-04-13 04:30:00,2024-04-13 04:37:00,8,割煤中位,False,正常,4282,15
2024-04-13 04:38:00,2024-04-13 04:38:00,1,待机,False,正常,4283,15
2024-04-13 04:39:00,2024-04-13 04:39:00,1,调架中,False,正常,4284,15
2024-04-13 04:40:00,2024-04-13 04:40:00,1,割煤中位,False,正常,4285,15
2024-04-13 04:41:00,2024-04-13 04:43:00,3,待机-高位,False,正常,4286,15
2024-04-13 04:44:00,2024-04-13 04:46:00,3,割煤高位,False,正常,4287,15
2024-04-13 04:47:00,2024-04-13 04:50:00,4,割煤中位,False,正常,4288,15
2024-04-13 04:51:00,2024-04-13 04:51:00,1,调架中,False,正常,4289,15
2024-04-13 04:52:00,2024-04-13 04:55:00,4,割煤中位,False,正常,4290,15
2024-04-13 04:56:00,2024-04-13 04:56:00,1,调架中,False,正常,4291,15
2024-04-13 04:57:00,2024-04-13 04:58:00,2,待机,False,正常,4292,15
2024-04-13 04:59:00,2024-04-13 05:00:00,2,调架中,False,正常,4293,15
2024-04-13 05:01:00,2024-04-13 05:08:00,8,割煤高位,False,正常,4294,15
2024-04-13 05:09:00,2024-04-13 05:12:00,4,割煤中位,False,正常,4295,15
2024-04-13 05:13:00,2024-04-13 05:15:00,3,割煤高位,False,正常,4296,15
2024-04-13 05:16:00,2024-04-13 05:20:00,5,待机,False,正常,4297,15
2024-04-13 05:21:00,2024-04-13 05:24:00,4,割煤中位,False,正常,4298,15
2024-04-13 05:25:00,2024-04-13 05:25:00,1,割煤高位,False,正常,4299,15
2024-04-13 05:26:00,2024-04-13 05:27:00,2,割煤中位,False,正常,4300,15
2024-04-13 05:28:00,2024-04-13 05:31:00,4,割煤高位,False,正常,4301,15
2024-04-13 05:32:00,2024-04-13 05:34:00,3,割煤中位,False,正常,4302,15
2024-04-13 05:35:00,2024-04-13 05:37:00,3,割煤高位,False,正常,4303,15
2024-04-13 05:38:00,2024-04-13 05:38:00,1,调架中,False,正常,4304,15
2024-04-13 05:39:00,2024-04-13 05:42:00,4,割煤高位,False,正常,4305,15
2024-04-13 05:43:00,2024-04-13 05:43:00,1,调架中,False,正常,4306,15
2024-04-13 05:44:00,2024-04-13 05:47:00,4,割煤中位,False,正常,4307,15
2024-04-13 05:48:00,2024-04-13 05:50:00,3,割煤高位,False,正常,4308,15
2024-04-13 05:51:00,2024-04-13 05:51:00,1,调架中,False,正常,4309,15
2024-04-13 05:52:00,2024-04-13 05:57:00,6,割煤高位,False,正常,4310,15
2024-04-13 05:58:00,2024-04-13 06:02:00,5,待机-高位,False,正常,4311,15
2024-04-13 06:03:00,2024-04-13 06:05:00,3,割煤高位,False,正常,4312,15
2024-04-13 06:06:00,2024-04-13 06:13:00,8,割煤中位,False,正常,4313,15
2024-04-13 06:14:00,2024-04-13 06:16:00,3,调架中,False,正常,4314,15
2024-04-13 06:17:00,2024-04-13 06:21:00,5,割煤中位,False,正常,4315,15
2024-04-13 06:22:00,2024-04-13 06:22:00,1,调架中,False,正常,4316,15
2024-04-13 06:23:00,2024-04-13 06:23:00,1,割煤高位,False,正常,4317,15
2024-04-13 06:24:00,2024-04-13 06:24:00,1,调架中,False,正常,4318,15
2024-04-13 06:25:00,2024-04-13 06:25:00,1,割煤中位,False,正常,4319,15
2024-04-13 06:26:00,2024-04-13 06:26:00,1,调架中,False,正常,4320,15
2024-04-13 06:27:00,2024-04-13 06:27:00,1,割煤中位,False,正常,4321,15
2024-04-13 06:28:00,2024-04-13 06:29:00,2,割煤高位,False,正常,4322,15
2024-04-13 06:30:00,2024-04-13 06:34:00,5,调架中,False,正常,4323,15
2024-04-13 06:35:00,2024-04-13 06:36:00,2,割煤高位,False,正常,4324,15
2024-04-13 06:37:00,2024-04-13 06:37:00,1,割煤中位,False,正常,4325,15
2024-04-13 06:38:00,2024-04-13 06:38:00,1,调架中,False,正常,4326,15
2024-04-13 06:39:00,2024-04-13 06:41:00,3,割煤中位,False,正常,4327,15
2024-04-13 06:42:00,2024-04-13 06:42:00,1,割煤高位,False,正常,4328,15
2024-04-13 06:43:00,2024-04-13 06:43:00,1,割煤中位,False,正常,4329,15
2024-04-13 06:44:00,2024-04-13 06:45:00,2,调架中,False,正常,4330,15
2024-04-13 06:46:00,2024-04-13 06:47:00,2,割煤中位,False,正常,4331,15
2024-04-13 06:48:00,2024-04-13 06:49:00,2,调架中,False,正常,4332,15
2024-04-13 06:50:00,2024-04-13 06:52:00,3,割煤中位,False,正常,4333,15
2024-04-13 06:53:00,2024-04-13 06:55:00,3,割煤高位,False,正常,4334,15
2024-04-13 06:56:00,2024-04-13 07:02:00,7,割煤中位,False,正常,4335,15
2024-04-13 07:03:00,2024-04-13 07:03:00,1,待机,False,正常,4336,15
2024-04-13 07:04:00,2024-04-13 07:04:00,1,割煤中位,False,正常,4337,15
2024-04-13 07:05:00,2024-04-13 07:09:00,5,待机,False,正常,4338,15
2024-04-13 07:10:00,2024-04-13 07:11:00,2,割煤中位,False,正常,4339,15
2024-04-13 07:12:00,2024-04-13 07:12:00,1,割煤高位,False,正常,4340,15
2024-04-13 07:13:00,2024-04-13 07:13:00,1,割煤中位,False,正常,4341,15
2024-04-13 07:14:00,2024-04-13 07:14:00,1,调架中,False,正常,4342,15
2024-04-13 07:15:00,2024-04-13 07:15:00,1,割煤中位,False,正常,4343,15
2024-04-13 07:16:00,2024-04-13 07:18:00,3,割煤高位,False,正常,4344,15
2024-04-13 07:19:00,2024-04-13 07:22:00,4,割煤中位,False,正常,4345,15
2024-04-13 07:23:00,2024-04-13 07:25:00,3,割煤高位,False,正常,4346,15
2024-04-13 07:26:00,2024-04-13 07:26:00,1,调架中,False,正常,4347,15
2024-04-13 07:27:00,2024-04-13 07:32:00,6,割煤中位,False,正常,4348,15
2024-04-13 07:33:00,2024-04-13 07:33:00,1,调架中,False,正常,4349,15
2024-04-13 07:34:00,2024-04-13 07:35:00,2,割煤中位,False,正常,4350,15
2024-04-13 07:36:00,2024-04-13 07:36:00,1,割煤高位,False,正常,4351,15
2024-04-13 07:37:00,2024-04-13 07:39:00,3,割煤中位,False,正常,4352,15
2024-04-13 07:40:00,2024-04-13 07:40:00,1,调架中,False,正常,4353,15
2024-04-13 07:41:00,2024-04-13 07:41:00,1,割煤中位,False,正常,4354,15
2024-04-13 07:42:00,2024-04-13 07:44:00,3,待机,False,正常,4355,15
2024-04-13 07:45:00,2024-04-13 07:46:00,2,割煤高位,False,正常,4356,15
2024-04-13 07:47:00,2024-04-13 07:50:00,4,割煤中位,False,正常,4357,15
2024-04-13 07:51:00,2024-04-13 07:58:00,8,割煤高位,False,正常,4358,15
2024-04-13 07:59:00,2024-04-13 07:59:00,1,调架中,False,正常,4359,15
2024-04-13 08:00:00,2024-04-13 08:03:00,4,割煤中位,False,正常,4360,15
2024-04-13 08:04:00,2024-04-13 08:06:00,3,割煤高位,False,正常,4361,15
2024-04-13 08:07:00,2024-04-13 08:07:00,1,调架中,False,正常,4362,15
2024-04-13 08:08:00,2024-04-13 08:09:00,2,割煤高位,False,正常,4363,15
2024-04-13 08:10:00,2024-04-13 08:10:00,1,割煤中位,False,正常,4364,15
2024-04-13 08:11:00,2024-04-13 08:17:00,7,待机,False,正常,4365,15
2024-04-13 08:18:00,2024-04-13 08:18:00,1,调架中,False,正常,4366,15
2024-04-13 08:19:00,2024-04-13 08:22:00,4,割煤中位,False,正常,4367,15
2024-04-13 08:23:00,2024-04-13 08:23:00,1,调架中,False,正常,4368,15
2024-04-13 08:24:00,2024-04-13 14:20:00,357,待机,True,通讯中断/传感器休眠（段持续 >= 4h）,4369,16
2024-04-13 14:21:00,2024-04-13 14:37:00,17,停机,False,正常,4370,17
2024-04-13 14:38:00,2024-04-13 14:46:00,9,待机,False,正常,4371,17
2024-04-13 14:47:00,2024-04-13 14:48:00,2,调架中,False,正常,4372,17
2024-04-13 14:49:00,2024-04-13 15:50:00,62,待机,False,正常,4373,17
2024-04-13 15:51:00,2024-04-13 15:51:00,1,割煤中位,False,正常,4374,17
2024-04-13 15:52:00,2024-04-13 15:52:00,1,调架中,False,正常,4375,17
2024-04-13 15:53:00,2024-04-13 16:04:00,12,待机,False,正常,4376,17
2024-04-13 16:05:00,2024-04-13 16:05:00,1,调架中,False,正常,4377,17
2024-04-13 16:06:00,2024-04-13 16:07:00,2,待机,False,正常,4378,17
2024-04-13 16:08:00,2024-04-13 16:10:00,3,调架中,False,正常,4379,17
2024-04-13 16:11:00,2024-04-13 16:14:00,4,割煤高位,False,正常,4380,17
2024-04-13 16:15:00,2024-04-13 16:16:00,2,割煤中位,False,正常,4381,17
2024-04-13 16:17:00,2024-04-13 16:21:00,5,待机-高位,False,正常,4382,17
2024-04-13 16:22:00,2024-04-13 16:22:00,1,调架中,False,正常,4383,17
2024-04-13 16:23:00,2024-04-13 16:25:00,3,割煤中位,False,正常,4384,17
2024-04-13 16:26:00,2024-04-13 16:26:00,1,调架中,False,正常,4385,17
2024-04-13 16:27:00,2024-04-13 16:34:00,8,待机-高位,False,正常,4386,17
2024-04-13 16:35:00,2024-04-13 16:35:00,1,割煤中位,False,正常,4387,17
2024-04-13 16:36:00,2024-04-13 16:36:00,1,割煤高位,False,正常,4388,17
2024-04-13 16:37:00,2024-04-13 16:45:00,9,割煤中位,False,正常,4389,17
2024-04-13 16:46:00,2024-04-13 16:47:00,2,割煤高位,False,正常,4390,17
2024-04-13 16:48:00,2024-04-13 16:48:00,1,调架中,False,正常,4391,17
2024-04-13 16:49:00,2024-04-13 16:51:00,3,割煤高位,False,正常,4392,17
2024-04-13 16:52:00,2024-04-13 16:55:00,4,割煤中位,False,正常,4393,17
2024-04-13 16:56:00,2024-04-13 16:56:00,1,割煤高位,False,正常,4394,17
2024-04-13 16:57:00,2024-04-13 17:00:00,4,调架中,False,正常,4395,17
2024-04-13 17:01:00,2024-04-13 17:01:00,1,割煤中位,False,正常,4396,17
2024-04-13 17:02:00,2024-04-13 17:03:00,2,调架中,False,正常,4397,17
2024-04-13 17:04:00,2024-04-13 17:04:00,1,割煤中位,False,正常,4398,17
2024-04-13 17:05:00,2024-04-13 17:06:00,2,割煤高位,False,正常,4399,17
2024-04-13 17:07:00,2024-04-13 17:07:00,1,调架中,False,正常,4400,17
2024-04-13 17:08:00,2024-04-13 17:08:00,1,割煤中位,False,正常,4401,17
2024-04-13 17:09:00,2024-04-13 17:09:00,1,调架中,False,正常,4402,17
2024-04-13 17:10:00,2024-04-13 17:13:00,4,割煤中位,False,正常,4403,17
2024-04-13 17:14:00,2024-04-13 17:15:00,2,待机,False,正常,4404,17
2024-04-13 17:16:00,2024-04-13 17:16:00,1,调架中,False,正常,4405,17
2024-04-13 17:17:00,2024-04-13 17:19:00,3,割煤中位,False,正常,4406,17
2024-04-13 17:20:00,2024-04-13 17:20:00,1,调架中,False,正常,4407,17
2024-04-13 17:21:00,2024-04-13 17:21:00,1,割煤中位,False,正常,4408,17
2024-04-13 17:22:00,2024-04-13 17:22:00,1,割煤高位,False,正常,4409,17
2024-04-13 17:23:00,2024-04-13 17:24:00,2,割煤中位,False,正常,4410,17
2024-04-13 17:25:00,2024-04-13 17:26:00,2,待机,False,正常,4411,17
2024-04-13 17:27:00,2024-04-13 17:30:00,4,割煤中位,False,正常,4412,17
2024-04-13 17:31:00,2024-04-13 17:31:00,1,割煤高位,False,正常,4413,17
2024-04-13 17:32:00,2024-04-13 17:34:00,3,割煤中位,False,正常,4414,17
2024-04-13 17:35:00,2024-04-13 17:35:00,1,调架中,False,正常,4415,17
2024-04-13 17:36:00,2024-04-13 17:38:00,3,割煤中位,False,正常,4416,17
2024-04-13 17:39:00,2024-04-13 17:39:00,1,调架中,False,正常,4417,17
2024-04-13 17:40:00,2024-04-13 17:41:00,2,割煤中位,False,正常,4418,17
2024-04-13 17:42:00,2024-04-13 17:44:00,3,待机,False,正常,4419,17
2024-04-13 17:45:00,2024-04-13 17:48:00,4,割煤中位,False,正常,4420,17
2024-04-13 17:49:00,2024-04-13 17:49:00,1,割煤高位,False,正常,4421,17
2024-04-13 17:50:00,2024-04-13 17:50:00,1,调架中,False,正常,4422,17
2024-04-13 17:51:00,2024-04-13 17:55:00,5,待机-高位,False,正常,4423,17
2024-04-13 17:56:00,2024-04-13 17:56:00,1,调架中,False,正常,4424,17
2024-04-13 17:57:00,2024-04-13 17:57:00,1,割煤高位,False,正常,4425,17
2024-04-13 17:58:00,2024-04-13 17:58:00,1,调架中,False,正常,4426,17
2024-04-13 17:59:00,2024-04-13 17:59:00,1,割煤高位,False,正常,4427,17
2024-04-13 18:00:00,2024-04-13 18:00:00,1,割煤中位,False,正常,4428,17
2024-04-13 18:01:00,2024-04-13 18:04:00,4,割煤高位,False,正常,4429,17
2024-04-13 18:05:00,2024-04-13 18:05:00,1,待机-高位,False,正常,4430,17
2024-04-13 18:06:00,2024-04-13 18:09:00,4,割煤高位,False,正常,4431,17
2024-04-13 18:10:00,2024-04-13 18:10:00,1,调架中,False,正常,4432,17
2024-04-13 18:11:00,2024-04-13 18:17:00,7,割煤高位,False,正常,4433,17
2024-04-13 18:18:00,2024-04-13 18:18:00,1,调架中,False,正常,4434,17
2024-04-13 18:19:00,2024-04-13 18:19:00,1,割煤高位,False,正常,4435,17
2024-04-13 18:20:00,2024-04-13 18:20:00,1,调架中,False,正常,4436,17
2024-04-13 18:21:00,2024-04-13 18:21:00,1,割煤高位,False,正常,4437,17
2024-04-13 18:22:00,2024-04-13 18:25:00,4,割煤中位,False,正常,4438,17
2024-04-13 18:26:00,2024-04-13 18:27:00,2,割煤高位,False,正常,4439,17
2024-04-13 18:28:00,2024-04-13 18:28:00,1,调架中,False,正常,4440,17
2024-04-13 18:29:00,2024-04-13 18:31:00,3,割煤高位,False,正常,4441,17
2024-04-13 18:32:00,2024-04-13 18:32:00,1,调架中,False,正常,4442,17
2024-04-13 18:33:00,2024-04-13 18:35:00,3,割煤中位,False,正常,4443,17
2024-04-13 18:36:00,2024-04-13 18:42:00,7,割煤高位,False,正常,4444,17
2024-04-13 18:43:00,2024-04-13 18:43:00,1,调架中,False,正常,4445,17
2024-04-13 18:44:00,2024-04-13 18:47:00,4,割煤高位,False,正常,4446,17
2024-04-13 18:48:00,2024-04-13 18:55:00,8,割煤中位,False,正常,4447,17
2024-04-13 18:56:00,2024-04-13 18:56:00,1,调架中,False,正常,4448,17
2024-04-13 18:57:00,2024-04-13 19:03:00,7,割煤中位,False,正常,4449,17
2024-04-13 19:04:00,2024-04-13 20:27:00,84,调架中,False,正常,4450,17
2024-04-13 20:28:00,2024-04-13 20:28:00,1,割煤高位,False,正常,4451,17
2024-04-13 20:29:00,2024-04-13 20:30:00,2,调架中,False,正常,4452,17
2024-04-13 20:31:00,2024-04-13 20:40:00,10,割煤高位,False,正常,4453,17
2024-04-13 20:41:00,2024-04-13 20:41:00,1,调架中,False,正常,4454,17
2024-04-13 20:42:00,2024-04-13 20:46:00,5,割煤高位,False,正常,4455,17
2024-04-13 20:47:00,2024-04-13 20:49:00,3,调架中,False,正常,4456,17
2024-04-13 20:50:00,2024-04-13 20:53:00,4,割煤中位,False,正常,4457,17
2024-04-13 20:54:00,2024-04-13 20:54:00,1,割煤高位,False,正常,4458,17
2024-04-13 20:55:00,2024-04-13 20:55:00,1,调架中,False,正常,4459,17
2024-04-13 20:56:00,2024-04-13 20:58:00,3,割煤高位,False,正常,4460,17
2024-04-13 20:59:00,2024-04-13 20:59:00,1,调架中,False,正常,4461,17
2024-04-13 21:00:00,2024-04-13 21:04:00,5,割煤中位,False,正常,4462,17
2024-04-13 21:05:00,2024-04-13 21:58:00,54,割煤高位,False,正常,4463,17
2024-04-13 21:59:00,2024-04-13 23:00:00,62,待机-高位,False,正常,4464,17
2024-04-13 23:01:00,2024-04-13 23:03:00,3,停机,False,正常,4465,17
2024-04-13 23:04:00,2024-04-13 23:10:00,7,待机-高位,False,正常,4466,17
2024-04-13 23:11:00,2024-04-13 23:11:00,1,调架中,False,正常,4467,17
2024-04-13 23:12:00,2024-04-13 23:12:00,1,割煤高位,False,正常,4468,17
2024-04-13 23:13:00,2024-04-13 23:13:00,1,待机-高位,False,正常,4469,17
2024-04-13 23:14:00,2024-04-13 23:23:00,10,割煤高位,False,正常,4470,17
2024-04-13 23:24:00,2024-04-13 23:24:00,1,调架中,False,正常,4471,17
2024-04-13 23:25:00,2024-04-13 23:25:00,1,割煤中位,False,正常,4472,17
2024-04-13 23:26:00,2024-04-13 23:27:00,2,调架中,False,正常,4473,17
2024-04-13 23:28:00,2024-04-13 23:28:00,1,割煤中位,False,正常,4474,17
2024-04-13 23:29:00,2024-04-13 23:29:00,1,调架中,False,正常,4475,17
2024-04-13 23:30:00,2024-04-13 23:30:00,1,割煤中位,False,正常,4476,17
2024-04-13 23:31:00,2024-04-13 23:31:00,1,调架中,False,正常,4477,17
2024-04-13 23:32:00,2024-04-13 23:34:00,3,割煤中位,False,正常,4478,17
2024-04-13 23:35:00,2024-04-13 23:35:00,1,调架中,False,正常,4479,17
2024-04-13 23:36:00,2024-04-13 23:36:00,1,割煤中位,False,正常,4480,17
2024-04-13 23:37:00,2024-04-13 23:37:00,1,调架中,False,正常,4481,17
2024-04-13 23:38:00,2024-04-13 23:39:00,2,割煤中位,False,正常,4482,17
2024-04-13 23:40:00,2024-04-13 23:41:00,2,调架中,False,正常,4483,17
2024-04-13 23:42:00,2024-04-13 23:44:00,3,割煤中位,False,正常,4484,17
2024-04-13 23:45:00,2024-04-13 23:45:00,1,调架中,False,正常,4485,17
2024-04-13 23:46:00,2024-04-13 23:47:00,2,待机-高位,False,正常,4486,17
2024-04-13 23:48:00,2024-04-13 23:49:00,2,待机,False,正常,4487,17
2024-04-13 23:50:00,2024-04-13 23:50:00,1,割煤中位,False,正常,4488,17
2024-04-13 23:51:00,2024-04-13 23:51:00,1,调架中,False,正常,4489,17
2024-04-13 23:52:00,2024-04-13 23:55:00,4,割煤中位,False,正常,4490,17
2024-04-13 23:56:00,2024-04-13 23:56:00,1,割煤高位,False,正常,4491,17
2024-04-13 23:57:00,2024-04-13 23:59:00,3,割煤中位,False,正常,4492,17
2024-04-14 00:00:00,2024-04-14 00:01:00,2,调架中,False,正常,4493,17
2024-04-14 00:02:00,2024-04-14 00:02:00,1,割煤中位,False,正常,4494,17
2024-04-14 00:03:00,2024-04-14 00:04:00,2,调架中,False,正常,4495,17
2024-04-14 00:05:00,2024-04-14 00:12:00,8,待机-高位,False,正常,4496,17
2024-04-14 00:13:00,2024-04-14 00:13:00,1,调架中,False,正常,4497,17
2024-04-14 00:14:00,2024-04-14 00:18:00,5,待机-高位,False,正常,4498,17
2024-04-14 00:19:00,2024-04-14 00:19:00,1,调架中,False,正常,4499,17
2024-04-14 00:20:00,2024-04-14 00:22:00,3,割煤中位,False,正常,4500,17
2024-04-14 00:23:00,2024-04-14 00:23:00,1,割煤高位,False,正常,4501,17
2024-04-14 00:24:00,2024-04-14 00:24:00,1,调架中,False,正常,4502,17
2024-04-14 00:25:00,2024-04-14 00:25:00,1,割煤中位,False,正常,4503,17
2024-04-14 00:26:00,2024-04-14 00:26:00,1,调架中,False,正常,4504,17
2024-04-14 00:27:00,2024-04-14 00:31:00,5,割煤中位,False,正常,4505,17
2024-04-14 00:32:00,2024-04-14 00:33:00,2,调架中,False,正常,4506,17
2024-04-14 00:34:00,2024-04-14 00:38:00,5,割煤中位,False,正常,4507,17
2024-04-14 00:39:00,2024-04-14 00:39:00,1,割煤高位,False,正常,4508,17
2024-04-14 00:40:00,2024-04-14 00:40:00,1,割煤中位,False,正常,4509,17
2024-04-14 00:41:00,2024-04-14 00:41:00,1,调架中,False,正常,4510,17
2024-04-14 00:42:00,2024-04-14 00:46:00,5,割煤中位,False,正常,4511,17
2024-04-14 00:47:00,2024-04-14 00:47:00,1,调架中,False,正常,4512,17
2024-04-14 00:48:00,2024-04-14 00:50:00,3,割煤中位,False,正常,4513,17
2024-04-14 00:51:00,2024-04-14 00:52:00,2,待机,False,正常,4514,17
2024-04-14 00:53:00,2024-04-14 00:55:00,3,割煤中位,False,正常,4515,17
2024-04-14 00:56:00,2024-04-14 00:56:00,1,调架中,False,正常,4516,17
2024-04-14 00:57:00,2024-04-14 00:59:00,3,割煤中位,False,正常,4517,17
2024-04-14 01:00:00,2024-04-14 01:00:00,1,待机,False,正常,4518,17
2024-04-14 01:01:00,2024-04-14 01:08:00,8,割煤中位,False,正常,4519,17
2024-04-14 01:09:00,2024-04-14 01:09:00,1,调架中,False,正常,4520,17
2024-04-14 01:10:00,2024-04-14 01:13:00,4,割煤中位,False,正常,4521,17
2024-04-14 01:14:00,2024-04-14 01:15:00,2,割煤高位,False,正常,4522,17
2024-04-14 01:16:00,2024-04-14 01:16:00,1,调架中,False,正常,4523,17
2024-04-14 01:17:00,2024-04-14 01:22:00,6,割煤高位,False,正常,4524,17
2024-04-14 01:23:00,2024-04-14 01:24:00,2,调架中,False,正常,4525,17
2024-04-14 01:25:00,2024-04-14 01:27:00,3,割煤高位,False,正常,4526,17
2024-04-14 01:28:00,2024-04-14 01:28:00,1,调架中,False,正常,4527,17
2024-04-14 01:29:00,2024-04-14 01:33:00,5,割煤高位,False,正常,4528,17
2024-04-14 01:34:00,2024-04-14 01:37:00,4,割煤中位,False,正常,4529,17
2024-04-14 01:38:00,2024-04-14 01:45:00,8,割煤高位,False,正常,4530,17
2024-04-14 01:46:00,2024-04-14 01:51:00,6,割煤中位,False,正常,4531,17
2024-04-14 01:52:00,2024-04-14 01:56:00,5,割煤高位,False,正常,4532,17
2024-04-14 01:57:00,2024-04-14 01:58:00,2,待机-高位,False,正常,4533,17
2024-04-14 01:59:00,2024-04-14 01:59:00,1,割煤高位,False,正常,4534,17
2024-04-14 02:00:00,2024-04-14 02:04:00,5,割煤中位,False,正常,4535,17
2024-04-14 02:05:00,2024-04-14 02:06:00,2,调架中,False,正常,4536,17
2024-04-14 02:07:00,2024-04-14 02:09:00,3,割煤高位,False,正常,4537,17
2024-04-14 02:10:00,2024-04-14 02:10:00,1,调架中,False,正常,4538,17
2024-04-14 02:11:00,2024-04-14 02:14:00,4,割煤中位,False,正常,4539,17
2024-04-14 02:15:00,2024-04-14 02:17:00,3,割煤高位,False,正常,4540,17
2024-04-14 02:18:00,2024-04-14 02:18:00,1,割煤中位,False,正常,4541,17
2024-04-14 02:19:00,2024-04-14 02:20:00,2,割煤高位,False,正常,4542,17
2024-04-14 02:21:00,2024-04-14 02:21:00,1,调架中,False,正常,4543,17
2024-04-14 02:22:00,2024-04-14 02:23:00,2,割煤高位,False,正常,4544,17
2024-04-14 02:24:00,2024-04-14 02:24:00,1,调架中,False,正常,4545,17
2024-04-14 02:25:00,2024-04-14 02:26:00,2,割煤高位,False,正常,4546,17
2024-04-14 02:27:00,2024-04-14 02:31:00,5,割煤中位,False,正常,4547,17
2024-04-14 02:32:00,2024-04-14 02:32:00,1,调架中,False,正常,4548,17
2024-04-14 02:33:00,2024-04-14 02:34:00,2,割煤中位,False,正常,4549,17
2024-04-14 02:35:00,2024-04-14 02:35:00,1,调架中,False,正常,4550,17
2024-04-14 02:36:00,2024-04-14 02:37:00,2,待机,False,正常,4551,17
2024-04-14 02:38:00,2024-04-14 02:40:00,3,割煤中位,False,正常,4552,17
2024-04-14 02:41:00,2024-04-14 02:41:00,1,割煤高位,False,正常,4553,17
2024-04-14 02:42:00,2024-04-14 02:47:00,6,调架中,False,正常,4554,17
2024-04-14 02:48:00,2024-04-14 02:48:00,1,割煤高位,False,正常,4555,17
2024-04-14 02:49:00,2024-04-14 02:56:00,8,割煤中位,False,正常,4556,17
2024-04-14 02:57:00,2024-04-14 02:58:00,2,割煤高位,False,正常,4557,17
2024-04-14 02:59:00,2024-04-14 03:06:00,8,割煤中位,False,正常,4558,17
2024-04-14 03:07:00,2024-04-14 03:09:00,3,待机,False,正常,4559,17
2024-04-14 03:10:00,2024-04-14 03:10:00,1,割煤高位,False,正常,4560,17
2024-04-14 03:11:00,2024-04-14 03:11:00,1,调架中,False,正常,4561,17
2024-04-14 03:12:00,2024-04-14 03:19:00,8,割煤中位,False,正常,4562,17
2024-04-14 03:20:00,2024-04-14 03:20:00,1,割煤高位,False,正常,4563,17
2024-04-14 03:21:00,2024-04-14 03:21:00,1,调架中,False,正常,4564,17
2024-04-14 03:22:00,2024-04-14 03:26:00,5,割煤中位,False,正常,4565,17
2024-04-14 03:27:00,2024-04-14 03:27:00,1,调架中,False,正常,4566,17
2024-04-14 03:28:00,2024-04-14 03:31:00,4,割煤中位,False,正常,4567,17
2024-04-14 03:32:00,2024-04-14 03:32:00,1,待机,False,正常,4568,17
2024-04-14 03:33:00,2024-04-14 03:36:00,4,割煤中位,False,正常,4569,17
2024-04-14 03:37:00,2024-04-14 03:39:00,3,待机,False,正常,4570,17
2024-04-14 03:40:00,2024-04-14 03:40:00,1,调架中,False,正常,4571,17
2024-04-14 03:41:00,2024-04-14 03:43:00,3,割煤高位,False,正常,4572,17
2024-04-14 03:44:00,2024-04-14 03:44:00,1,待机-高位,False,正常,4573,17
2024-04-14 03:45:00,2024-04-14 03:49:00,5,割煤高位,False,正常,4574,17
2024-04-14 03:50:00,2024-04-14 03:53:00,4,割煤中位,False,正常,4575,17
2024-04-14 03:54:00,2024-04-14 03:55:00,2,割煤高位,False,正常,4576,17
2024-04-14 03:56:00,2024-04-14 03:56:00,1,调架中,False,正常,4577,17
2024-04-14 03:57:00,2024-04-14 04:00:00,4,割煤高位,False,正常,4578,17
2024-04-14 04:01:00,2024-04-14 04:06:00,6,割煤中位,False,正常,4579,17
2024-04-14 04:07:00,2024-04-14 04:08:00,2,割煤高位,False,正常,4580,17
2024-04-14 04:09:00,2024-04-14 04:09:00,1,割煤中位,False,正常,4581,17
2024-04-14 04:10:00,2024-04-14 04:11:00,2,割煤高位,False,正常,4582,17
2024-04-14 04:12:00,2024-04-14 04:13:00,2,调架中,False,正常,4583,17
2024-04-14 04:14:00,2024-04-14 04:16:00,3,割煤中位,False,正常,4584,17
2024-04-14 04:17:00,2024-04-14 04:18:00,2,割煤高位,False,正常,4585,17
2024-04-14 04:19:00,2024-04-14 04:20:00,2,割煤中位,False,正常,4586,17
2024-04-14 04:21:00,2024-04-14 04:21:00,1,割煤高位,False,正常,4587,17
2024-04-14 04:22:00,2024-04-14 04:22:00,1,调架中,False,正常,4588,17
2024-04-14 04:23:00,2024-04-14 04:26:00,4,割煤中位,False,正常,4589,17
2024-04-14 04:27:00,2024-04-14 04:29:00,3,割煤高位,False,正常,4590,17
2024-04-14 04:30:00,2024-04-14 04:32:00,3,割煤中位,False,正常,4591,17
2024-04-14 04:33:00,2024-04-14 04:33:00,1,割煤高位,False,正常,4592,17
2024-04-14 04:34:00,2024-04-14 04:35:00,2,调架中,False,正常,4593,17
2024-04-14 04:36:00,2024-04-14 04:36:00,1,割煤中位,False,正常,4594,17
2024-04-14 04:37:00,2024-04-14 04:37:00,1,割煤高位,False,正常,4595,17
2024-04-14 04:38:00,2024-04-14 04:39:00,2,待机-高位,False,正常,4596,17
2024-04-14 04:40:00,2024-04-14 04:40:00,1,调架中,False,正常,4597,17
2024-04-14 04:41:00,2024-04-14 04:41:00,1,割煤高位,False,正常,4598,17
2024-04-14 04:42:00,2024-04-14 04:42:00,1,割煤中位,False,正常,4599,17
2024-04-14 04:43:00,2024-04-14 04:44:00,2,调架中,False,正常,4600,17
2024-04-14 04:45:00,2024-04-14 04:47:00,3,待机,False,正常,4601,17
2024-04-14 04:48:00,2024-04-14 04:48:00,1,调架中,False,正常,4602,17
2024-04-14 04:49:00,2024-04-14 04:50:00,2,割煤中位,False,正常,4603,17
2024-04-14 04:51:00,2024-04-14 04:51:00,1,调架中,False,正常,4604,17
2024-04-14 04:52:00,2024-04-14 04:53:00,2,割煤中位,False,正常,4605,17
2024-04-14 04:54:00,2024-04-14 04:56:00,3,调架中,False,正常,4606,17
2024-04-14 04:57:00,2024-04-14 05:01:00,5,割煤中位,False,正常,4607,17
2024-04-14 05:02:00,2024-04-14 05:04:00,3,调架中,False,正常,4608,17
2024-04-14 05:05:00,2024-04-14 05:05:00,1,割煤高位,False,正常,4609,17
2024-04-14 05:06:00,2024-04-14 05:11:00,6,割煤中位,False,正常,4610,17
2024-04-14 05:12:00,2024-04-14 05:12:00,1,调架中,False,正常,4611,17
2024-04-14 05:13:00,2024-04-14 05:13:00,1,割煤中位,False,正常,4612,17
2024-04-14 05:14:00,2024-04-14 05:14:00,1,割煤高位,False,正常,4613,17
2024-04-14 05:15:00,2024-04-14 05:19:00,5,割煤中位,False,正常,4614,17
2024-04-14 05:20:00,2024-04-14 05:32:00,13,待机,False,正常,4615,17
2024-04-14 05:33:00,2024-04-14 05:43:00,11,割煤中位,False,正常,4616,17
2024-04-14 05:44:00,2024-04-14 05:44:00,1,待机,False,正常,4617,17
2024-04-14 05:45:00,2024-04-14 05:46:00,2,割煤中位,False,正常,4618,17
2024-04-14 05:47:00,2024-04-14 05:48:00,2,割煤高位,False,正常,4619,17
2024-04-14 05:49:00,2024-04-14 05:55:00,7,割煤中位,False,正常,4620,17
2024-04-14 05:56:00,2024-04-14 05:56:00,1,割煤高位,False,正常,4621,17
2024-04-14 05:57:00,2024-04-14 05:57:00,1,调架中,False,正常,4622,17
2024-04-14 05:58:00,2024-04-14 06:05:00,8,割煤中位,False,正常,4623,17
2024-04-14 06:06:00,2024-04-14 06:06:00,1,调架中,False,正常,4624,17
2024-04-14 06:07:00,2024-04-14 06:07:00,1,割煤中位,False,正常,4625,17
2024-04-14 06:08:00,2024-04-14 06:08:00,1,割煤高位,False,正常,4626,17
2024-04-14 06:09:00,2024-04-14 06:09:00,1,调架中,False,正常,4627,17
2024-04-14 06:10:00,2024-04-14 06:10:00,1,割煤中位,False,正常,4628,17
2024-04-14 06:11:00,2024-04-14 06:14:00,4,割煤高位,False,正常,4629,17
2024-04-14 06:15:00,2024-04-14 06:18:00,4,割煤中位,False,正常,4630,17
2024-04-14 06:19:00,2024-04-14 06:23:00,5,割煤高位,False,正常,4631,17
2024-04-14 06:24:00,2024-04-14 06:24:00,1,调架中,False,正常,4632,17
2024-04-14 06:25:00,2024-04-14 06:25:00,1,割煤高位,False,正常,4633,17
2024-04-14 06:26:00,2024-04-14 06:29:00,4,割煤中位,False,正常,4634,17
2024-04-14 06:30:00,2024-04-14 06:32:00,3,割煤高位,False,正常,4635,17
2024-04-14 06:33:00,2024-04-14 06:34:00,2,待机-高位,False,正常,4636,17
2024-04-14 06:35:00,2024-04-14 06:35:00,1,割煤高位,False,正常,4637,17
2024-04-14 06:36:00,2024-04-14 06:36:00,1,割煤中位,False,正常,4638,17
2024-04-14 06:37:00,2024-04-14 06:37:00,1,割煤高位,False,正常,4639,17
2024-04-14 06:38:00,2024-04-14 06:38:00,1,调架中,False,正常,4640,17
2024-04-14 06:39:00,2024-04-14 06:40:00,2,割煤中位,False,正常,4641,17
2024-04-14 06:41:00,2024-04-14 06:41:00,1,调架中,False,正常,4642,17
2024-04-14 06:42:00,2024-04-14 06:43:00,2,割煤高位,False,正常,4643,17
2024-04-14 06:44:00,2024-04-14 06:57:00,14,割煤中位,False,正常,4644,17
2024-04-14 06:58:00,2024-04-14 06:59:00,2,割煤高位,False,正常,4645,17
2024-04-14 07:00:00,2024-04-14 07:00:00,1,割煤中位,False,正常,4646,17
2024-04-14 07:01:00,2024-04-14 07:02:00,2,割煤高位,False,正常,4647,17
2024-04-14 07:03:00,2024-04-14 07:03:00,1,调架中,False,正常,4648,17
2024-04-14 07:04:00,2024-04-14 07:06:00,3,割煤中位,False,正常,4649,17
2024-04-14 07:07:00,2024-04-14 07:07:00,1,调架中,False,正常,4650,17
2024-04-14 07:08:00,2024-04-14 07:10:00,3,割煤中位,False,正常,4651,17
2024-04-14 07:11:00,2024-04-14 07:11:00,1,调架中,False,正常,4652,17
2024-04-14 07:12:00,2024-04-14 07:13:00,2,割煤中位,False,正常,4653,17
2024-04-14 07:14:00,2024-04-14 07:16:00,3,割煤高位,False,正常,4654,17
2024-04-14 07:17:00,2024-04-14 07:18:00,2,割煤中位,False,正常,4655,17
2024-04-14 07:19:00,2024-04-14 07:21:00,3,待机,False,正常,4656,17
2024-04-14 07:22:00,2024-04-14 07:23:00,2,割煤中位,False,正常,4657,17
2024-04-14 07:24:00,2024-04-14 07:25:00,2,调架中,False,正常,4658,17
2024-04-14 07:26:00,2024-04-14 07:29:00,4,割煤中位,False,正常,4659,17
2024-04-14 07:30:00,2024-04-14 07:30:00,1,割煤高位,False,正常,4660,17
2024-04-14 07:31:00,2024-04-14 07:36:00,6,割煤中位,False,正常,4661,17
2024-04-14 07:37:00,2024-04-14 07:38:00,2,调架中,False,正常,4662,17
2024-04-14 07:39:00,2024-04-14 07:46:00,8,待机,False,正常,4663,17
2024-04-14 07:47:00,2024-04-14 07:52:00,6,割煤中位,False,正常,4664,17
2024-04-14 07:53:00,2024-04-14 07:53:00,1,割煤高位,False,正常,4665,17
2024-04-14 07:54:00,2024-04-14 07:54:00,1,割煤中位,False,正常,4666,17
2024-04-14 07:55:00,2024-04-14 07:55:00,1,待机,False,正常,4667,17
2024-04-14 07:56:00,2024-04-14 07:57:00,2,割煤中位,False,正常,4668,17
2024-04-14 07:58:00,2024-04-14 07:59:00,2,待机,False,正常,4669,17
2024-04-14 08:00:00,2024-04-14 08:01:00,2,割煤中位,False,正常,4670,17
2024-04-14 08:02:00,2024-04-14 08:02:00,1,调架中,False,正常,4671,17
2024-04-14 08:03:00,2024-04-14 08:04:00,2,待机,False,正常,4672,17
2024-04-14 08:05:00,2024-04-14 08:11:00,7,割煤中位,False,正常,4673,17
2024-04-14 08:12:00,2024-04-14 08:12:00,1,割煤高位,False,正常,4674,17
2024-04-14 08:13:00,2024-04-14 08:13:00,1,调架中,False,正常,4675,17
2024-04-14 08:14:00,2024-04-14 08:21:00,8,割煤中位,False,正常,4676,17
2024-04-14 08:22:00,2024-04-14 08:24:00,3,割煤高位,False,正常,4677,17
2024-04-14 08:25:00,2024-04-14 08:25:00,1,割煤中位,False,正常,4678,17
2024-04-14 08:26:00,2024-04-14 08:27:00,2,待机,False,正常,4679,17
2024-04-14 08:28:00,2024-04-14 08:35:00,8,割煤中位,False,正常,4680,17
2024-04-14 08:36:00,2024-04-14 12:41:00,246,待机,False,正常,4681,17
2024-04-14 12:42:00,2024-04-14 12:52:00,11,停机,False,正常,4682,17
2024-04-14 12:53:00,2024-04-14 13:19:00,27,待机,False,正常,4683,17
2024-04-14 13:20:00,2024-04-14 13:20:00,1,停机,False,正常,4684,17
2024-04-14 13:21:00,2024-04-14 13:37:00,17,待机,False,正常,4685,17
2024-04-14 13:38:00,2024-04-14 14:14:00,37,停机,False,正常,4686,17
2024-04-14 14:15:00,2024-04-14 14:31:00,17,待机,False,正常,4687,17
2024-04-14 14:32:00,2024-04-14 14:32:00,1,调架中,False,正常,4688,17
2024-04-14 14:33:00,2024-04-14 14:50:00,18,待机,False,正常,4689,17
2024-04-14 14:51:00,2024-04-14 14:52:00,2,停机,False,正常,4690,17
2024-04-14 14:53:00,2024-04-14 15:01:00,9,待机,False,正常,4691,17
2024-04-14 15:02:00,2024-04-14 15:03:00,2,停机,False,正常,4692,17
2024-04-14 15:04:00,2024-04-14 15:37:00,34,待机,False,正常,4693,17
2024-04-14 15:38:00,2024-04-14 15:38:00,1,调架中,False,正常,4694,17
2024-04-14 15:39:00,2024-04-14 15:44:00,6,待机,False,正常,4695,17
2024-04-14 15:45:00,2024-04-14 15:46:00,2,调架中,False,正常,4696,17
2024-04-14 15:47:00,2024-04-14 15:49:00,3,割煤高位,False,正常,4697,17
2024-04-14 15:50:00,2024-04-14 15:50:00,1,调架中,False,正常,4698,17
2024-04-14 15:51:00,2024-04-14 15:51:00,1,割煤高位,False,正常,4699,17
2024-04-14 15:52:00,2024-04-14 15:52:00,1,调架中,False,正常,4700,17
2024-04-14 15:53:00,2024-04-14 15:57:00,5,割煤中位,False,正常,4701,17
2024-04-14 15:58:00,2024-04-14 15:59:00,2,割煤高位,False,正常,4702,17
2024-04-14 16:00:00,2024-04-14 16:00:00,1,调架中,False,正常,4703,17
2024-04-14 16:01:00,2024-04-14 16:05:00,5,割煤高位,False,正常,4704,17
2024-04-14 16:06:00,2024-04-14 16:06:00,1,调架中,False,正常,4705,17
2024-04-14 16:07:00,2024-04-14 16:09:00,3,割煤中位,False,正常,4706,17
2024-04-14 16:10:00,2024-04-14 16:16:00,7,割煤高位,False,正常,4707,17
2024-04-14 16:17:00,2024-04-14 16:17:00,1,调架中,False,正常,4708,17
2024-04-14 16:18:00,2024-04-14 16:25:00,8,割煤高位,False,正常,4709,17
2024-04-14 16:26:00,2024-04-14 16:27:00,2,割煤中位,False,正常,4710,17
2024-04-14 16:28:00,2024-04-14 16:28:00,1,割煤高位,False,正常,4711,17
2024-04-14 16:29:00,2024-04-14 16:29:00,1,割煤中位,False,正常,4712,17
2024-04-14 16:30:00,2024-04-14 16:30:00,1,调架中,False,正常,4713,17
2024-04-14 16:31:00,2024-04-14 16:39:00,9,割煤中位,False,正常,4714,17
2024-04-14 16:40:00,2024-04-14 16:40:00,1,待机,False,正常,4715,17
2024-04-14 16:41:00,2024-04-14 16:46:00,6,割煤中位,False,正常,4716,17
2024-04-14 16:47:00,2024-04-14 16:47:00,1,割煤高位,False,正常,4717,17
2024-04-14 16:48:00,2024-04-14 16:48:00,1,割煤中位,False,正常,4718,17
2024-04-14 16:49:00,2024-04-14 16:49:00,1,调架中,False,正常,4719,17
2024-04-14 16:50:00,2024-04-14 16:54:00,5,割煤中位,False,正常,4720,17
2024-04-14 16:55:00,2024-04-14 16:55:00,1,调架中,False,正常,4721,17
2024-04-14 16:56:00,2024-04-14 16:57:00,2,割煤中位,False,正常,4722,17
2024-04-14 16:58:00,2024-04-14 16:59:00,2,割煤高位,False,正常,4723,17
2024-04-14 17:00:00,2024-04-14 17:02:00,3,调架中,False,正常,4724,17
2024-04-14 17:03:00,2024-04-14 17:06:00,4,待机,False,正常,4725,17
2024-04-14 17:07:00,2024-04-14 17:07:00,1,割煤中位,False,正常,4726,17
2024-04-14 17:08:00,2024-04-14 17:08:00,1,调架中,False,正常,4727,17
2024-04-14 17:09:00,2024-04-14 17:09:00,1,待机,False,正常,4728,17
2024-04-14 17:10:00,2024-04-14 17:10:00,1,割煤中位,False,正常,4729,17
2024-04-14 17:11:00,2024-04-14 17:50:00,40,待机,False,正常,4730,17
2024-04-14 17:51:00,2024-04-14 17:51:00,1,调架中,False,正常,4731,17
2024-04-14 17:52:00,2024-04-14 17:54:00,3,割煤中位,False,正常,4732,17
2024-04-14 17:55:00,2024-04-14 17:55:00,1,调架中,False,正常,4733,17
2024-04-14 17:56:00,2024-04-14 17:58:00,3,割煤中位,False,正常,4734,17
2024-04-14 17:59:00,2024-04-14 17:59:00,1,割煤高位,False,正常,4735,17
2024-04-14 18:00:00,2024-04-14 18:01:00,2,调架中,False,正常,4736,17
2024-04-14 18:02:00,2024-04-14 18:06:00,5,割煤中位,False,正常,4737,17
2024-04-14 18:07:00,2024-04-14 18:08:00,2,调架中,False,正常,4738,17
2024-04-14 18:09:00,2024-04-14 18:10:00,2,割煤中位,False,正常,4739,17
2024-04-14 18:11:00,2024-04-14 18:11:00,1,割煤高位,False,正常,4740,17
2024-04-14 18:12:00,2024-04-14 18:12:00,1,调架中,False,正常,4741,17
2024-04-14 18:13:00,2024-04-14 18:16:00,4,割煤中位,False,正常,4742,17
2024-04-14 18:17:00,2024-04-14 18:17:00,1,调架中,False,正常,4743,17
2024-04-14 18:18:00,2024-04-14 18:22:00,5,割煤中位,False,正常,4744,17
2024-04-14 18:23:00,2024-04-14 18:23:00,1,待机,False,正常,4745,17
2024-04-14 18:24:00,2024-04-14 18:24:00,1,割煤中位,False,正常,4746,17
2024-04-14 18:25:00,2024-04-14 18:25:00,1,调架中,False,正常,4747,17
2024-04-14 18:26:00,2024-04-14 18:28:00,3,割煤中位,False,正常,4748,17
2024-04-14 18:29:00,2024-04-14 18:29:00,1,割煤高位,False,正常,4749,17
2024-04-14 18:30:00,2024-04-14 18:31:00,2,割煤中位,False,正常,4750,17
2024-04-14 18:32:00,2024-04-14 18:32:00,1,调架中,False,正常,4751,17
2024-04-14 18:33:00,2024-04-14 18:36:00,4,割煤高位,False,正常,4752,17
2024-04-14 18:37:00,2024-04-14 18:37:00,1,调架中,False,正常,4753,17
2024-04-14 18:38:00,2024-04-14 18:43:00,6,割煤高位,False,正常,4754,17
2024-04-14 18:44:00,2024-04-14 18:44:00,1,调架中,False,正常,4755,17
2024-04-14 18:45:00,2024-04-14 18:45:00,1,割煤高位,False,正常,4756,17
2024-04-14 18:46:00,2024-04-14 18:46:00,1,调架中,False,正常,4757,17
2024-04-14 18:47:00,2024-04-14 18:48:00,2,割煤高位,False,正常,4758,17
2024-04-14 18:49:00,2024-04-14 18:49:00,1,待机-高位,False,正常,4759,17
2024-04-14 18:50:00,2024-04-14 18:52:00,3,割煤高位,False,正常,4760,17
2024-04-14 18:53:00,2024-04-14 18:53:00,1,调架中,False,正常,4761,17
2024-04-14 18:54:00,2024-04-14 18:55:00,2,割煤中位,False,正常,4762,17
2024-04-14 18:56:00,2024-04-14 19:01:00,6,割煤高位,False,正常,4763,17
2024-04-14 19:02:00,2024-04-14 19:02:00,1,调架中,False,正常,4764,17
2024-04-14 19:03:00,2024-04-14 19:03:00,1,割煤高位,False,正常,4765,17
2024-04-14 19:04:00,2024-04-14 19:04:00,1,调架中,False,正常,4766,17
2024-04-14 19:05:00,2024-04-14 19:08:00,4,割煤中位,False,正常,4767,17
2024-04-14 19:09:00,2024-04-14 19:12:00,4,割煤高位,False,正常,4768,17
2024-04-14 19:13:00,2024-04-14 19:13:00,1,调架中,False,正常,4769,17
2024-04-14 19:14:00,2024-04-14 19:17:00,4,割煤高位,False,正常,4770,17
2024-04-14 19:18:00,2024-04-14 19:20:00,3,调架中,False,正常,4771,17
2024-04-14 19:21:00,2024-04-14 19:28:00,8,割煤高位,False,正常,4772,17
2024-04-14 19:29:00,2024-04-14 19:33:00,5,割煤中位,False,正常,4773,17
2024-04-14 19:34:00,2024-04-14 19:35:00,2,调架中,False,正常,4774,17
2024-04-14 19:36:00,2024-04-14 19:38:00,3,割煤中位,False,正常,4775,17
2024-04-14 19:39:00,2024-04-14 19:39:00,1,割煤高位,False,正常,4776,17
2024-04-14 19:40:00,2024-04-14 19:40:00,1,割煤中位,False,正常,4777,17
2024-04-14 19:41:00,2024-04-14 19:42:00,2,割煤高位,False,正常,4778,17
2024-04-14 19:43:00,2024-04-14 19:48:00,6,割煤中位,False,正常,4779,17
2024-04-14 19:49:00,2024-04-14 19:51:00,3,割煤高位,False,正常,4780,17
2024-04-14 19:52:00,2024-04-14 19:52:00,1,调架中,False,正常,4781,17
2024-04-14 19:53:00,2024-04-14 19:53:00,1,割煤高位,False,正常,4782,17
2024-04-14 19:54:00,2024-04-14 19:58:00,5,调架中,False,正常,4783,17
2024-04-14 19:59:00,2024-04-14 19:59:00,1,待机,False,正常,4784,17
2024-04-14 20:00:00,2024-04-14 20:00:00,1,割煤中位,False,正常,4785,17
2024-04-14 20:01:00,2024-04-14 20:01:00,1,调架中,False,正常,4786,17
2024-04-14 20:02:00,2024-04-14 20:02:00,1,割煤高位,False,正常,4787,17
2024-04-14 20:03:00,2024-04-14 20:03:00,1,割煤中位,False,正常,4788,17
2024-04-14 20:04:00,2024-04-14 20:04:00,1,调架中,False,正常,4789,17
2024-04-14 20:05:00,2024-04-14 20:06:00,2,割煤中位,False,正常,4790,17
2024-04-14 20:07:00,2024-04-14 20:07:00,1,割煤高位,False,正常,4791,17
2024-04-14 20:08:00,2024-04-14 20:09:00,2,割煤中位,False,正常,4792,17
2024-04-14 20:10:00,2024-04-14 20:13:00,4,待机,False,正常,4793,17
2024-04-14 20:14:00,2024-04-14 20:14:00,1,调架中,False,正常,4794,17
2024-04-14 20:15:00,2024-04-14 20:15:00,1,割煤中位,False,正常,4795,17
2024-04-14 20:16:00,2024-04-14 20:17:00,2,调架中,False,正常,4796,17
2024-04-14 20:18:00,2024-04-14 20:19:00,2,待机,False,正常,4797,17
2024-04-14 20:20:00,2024-04-14 20:22:00,3,割煤中位,False,正常,4798,17
2024-04-14 20:23:00,2024-04-14 20:23:00,1,调架中,False,正常,4799,17
2024-04-14 20:24:00,2024-04-14 20:24:00,1,割煤中位,False,正常,4800,17
2024-04-14 20:25:00,2024-04-14 20:27:00,3,调架中,False,正常,4801,17
2024-04-14 20:28:00,2024-04-14 20:31:00,4,割煤中位,False,正常,4802,17
2024-04-14 20:32:00,2024-04-14 20:33:00,2,调架中,False,正常,4803,17
2024-04-14 20:34:00,2024-04-14 20:34:00,1,割煤中位,False,正常,4804,17
2024-04-14 20:35:00,2024-04-14 20:35:00,1,调架中,False,正常,4805,17
2024-04-14 20:36:00,2024-04-14 20:42:00,7,割煤中位,False,正常,4806,17
2024-04-14 20:43:00,2024-04-14 20:43:00,1,调架中,False,正常,4807,17
2024-04-14 20:44:00,2024-04-14 20:46:00,3,割煤中位,False,正常,4808,17
2024-04-14 20:47:00,2024-04-14 20:47:00,1,调架中,False,正常,4809,17
2024-04-14 20:48:00,2024-04-14 20:49:00,2,割煤中位,False,正常,4810,17
2024-04-14 20:50:00,2024-04-14 20:51:00,2,调架中,False,正常,4811,17
2024-04-14 20:52:00,2024-04-14 20:54:00,3,割煤中位,False,正常,4812,17
2024-04-14 20:55:00,2024-04-14 20:55:00,1,调架中,False,正常,4813,17
2024-04-14 20:56:00,2024-04-14 20:56:00,1,割煤中位,False,正常,4814,17
2024-04-14 20:57:00,2024-04-14 20:57:00,1,调架中,False,正常,4815,17
2024-04-14 20:58:00,2024-04-14 20:58:00,1,割煤中位,False,正常,4816,17
2024-04-14 20:59:00,2024-04-14 21:00:00,2,调架中,False,正常,4817,17
2024-04-14 21:01:00,2024-04-14 21:02:00,2,割煤中位,False,正常,4818,17
2024-04-14 21:03:00,2024-04-14 21:03:00,1,调架中,False,正常,4819,17
2024-04-14 21:04:00,2024-04-14 21:05:00,2,待机,False,正常,4820,17
2024-04-14 21:06:00,2024-04-14 21:06:00,1,调架中,False,正常,4821,17
2024-04-14 21:07:00,2024-04-14 21:13:00,7,待机,False,正常,4822,17
2024-04-14 21:14:00,2024-04-14 21:14:00,1,割煤中位,False,正常,4823,17
2024-04-14 21:15:00,2024-04-14 21:15:00,1,待机,False,正常,4824,17
2024-04-14 21:16:00,2024-04-14 21:22:00,7,割煤中位,False,正常,4825,17
2024-04-14 21:23:00,2024-04-14 21:23:00,1,调架中,False,正常,4826,17
2024-04-14 21:24:00,2024-04-14 21:24:00,1,割煤中位,False,正常,4827,17
2024-04-14 21:25:00,2024-04-14 21:25:00,1,调架中,False,正常,4828,17
2024-04-14 21:26:00,2024-04-14 21:28:00,3,割煤中位,False,正常,4829,17
2024-04-14 21:29:00,2024-04-14 21:29:00,1,待机,False,正常,4830,17
2024-04-14 21:30:00,2024-04-14 21:31:00,2,调架中,False,正常,4831,17
2024-04-14 21:32:00,2024-04-14 21:33:00,2,割煤中位,False,正常,4832,17
2024-04-14 21:34:00,2024-04-14 21:34:00,1,待机,False,正常,4833,17
2024-04-14 21:35:00,2024-04-14 21:38:00,4,调架中,False,正常,4834,17
2024-04-14 21:39:00,2024-04-14 21:40:00,2,割煤高位,False,正常,4835,17
2024-04-14 21:41:00,2024-04-14 21:41:00,1,调架中,False,正常,4836,17
2024-04-14 21:42:00,2024-04-14 21:48:00,7,割煤高位,False,正常,4837,17
2024-04-14 21:49:00,2024-04-14 21:49:00,1,割煤中位,False,正常,4838,17
2024-04-14 21:50:00,2024-04-14 21:56:00,7,割煤高位,False,正常,4839,17
2024-04-14 21:57:00,2024-04-14 21:57:00,1,待机,False,正常,4840,17
2024-04-14 21:58:00,2024-04-14 21:58:00,1,割煤高位,False,正常,4841,17
2024-04-14 21:59:00,2024-04-14 21:59:00,1,割煤中位,False,正常,4842,17
2024-04-14 22:00:00,2024-04-14 22:00:00,1,调架中,False,正常,4843,17
2024-04-14 22:01:00,2024-04-14 22:01:00,1,割煤中位,False,正常,4844,17
2024-04-14 22:02:00,2024-04-14 22:07:00,6,割煤高位,False,正常,4845,17
2024-04-14 22:08:00,2024-04-14 22:08:00,1,调架中,False,正常,4846,17
2024-04-14 22:09:00,2024-04-14 22:12:00,4,割煤中位,False,正常,4847,17
2024-04-14 22:13:00,2024-04-14 22:19:00,7,割煤高位,False,正常,4848,17
2024-04-14 22:20:00,2024-04-14 22:21:00,2,待机-高位,False,正常,4849,17
2024-04-14 22:22:00,2024-04-14 22:22:00,1,割煤高位,False,正常,4850,17
2024-04-14 22:23:00,2024-04-14 22:28:00,6,割煤中位,False,正常,4851,17
2024-04-14 22:29:00,2024-04-14 22:29:00,1,割煤高位,False,正常,4852,17
2024-04-14 22:30:00,2024-04-14 22:32:00,3,割煤中位,False,正常,4853,17
2024-04-14 22:33:00,2024-04-14 22:33:00,1,割煤高位,False,正常,4854,17
2024-04-14 22:34:00,2024-04-14 22:38:00,5,割煤中位,False,正常,4855,17
2024-04-14 22:39:00,2024-04-14 22:39:00,1,调架中,False,正常,4856,17
2024-04-14 22:40:00,2024-04-14 22:40:00,1,割煤中位,False,正常,4857,17
2024-04-14 22:41:00,2024-04-14 22:41:00,1,调架中,False,正常,4858,17
2024-04-14 22:42:00,2024-04-14 22:42:00,1,割煤高位,False,正常,4859,17
2024-04-14 22:43:00,2024-04-14 22:43:00,1,调架中,False,正常,4860,17
2024-04-14 22:44:00,2024-04-14 22:44:00,1,割煤中位,False,正常,4861,17
2024-04-14 22:45:00,2024-04-14 22:46:00,2,调架中,False,正常,4862,17
2024-04-14 22:47:00,2024-04-14 22:50:00,4,割煤中位,False,正常,4863,17
2024-04-14 22:51:00,2024-04-14 22:52:00,2,调架中,False,正常,4864,17
2024-04-14 22:53:00,2024-04-14 22:53:00,1,割煤中位,False,正常,4865,17
2024-04-14 22:54:00,2024-04-14 22:54:00,1,割煤高位,False,正常,4866,17
2024-04-14 22:55:00,2024-04-14 22:57:00,3,割煤中位,False,正常,4867,17
2024-04-14 22:58:00,2024-04-14 22:58:00,1,调架中,False,正常,4868,17
2024-04-14 22:59:00,2024-04-14 23:00:00,2,割煤中位,False,正常,4869,17
2024-04-14 23:01:00,2024-04-14 23:02:00,2,调架中,False,正常,4870,17
2024-04-14 23:03:00,2024-04-14 23:03:00,1,割煤中位,False,正常,4871,17
2024-04-14 23:04:00,2024-04-14 23:05:00,2,调架中,False,正常,4872,17
2024-04-14 23:06:00,2024-04-14 23:06:00,1,割煤中位,False,正常,4873,17
2024-04-14 23:07:00,2024-04-14 23:10:00,4,待机-高位,False,正常,4874,17
2024-04-14 23:11:00,2024-04-14 23:11:00,1,割煤中位,False,正常,4875,17
2024-04-14 23:12:00,2024-04-14 23:13:00,2,调架中,False,正常,4876,17
2024-04-14 23:14:00,2024-04-14 23:14:00,1,割煤高位,False,正常,4877,17
2024-04-14 23:15:00,2024-04-14 23:15:00,1,调架中,False,正常,4878,17
2024-04-14 23:16:00,2024-04-14 23:17:00,2,割煤中位,False,正常,4879,17
2024-04-14 23:18:00,2024-04-14 23:18:00,1,调架中,False,正常,4880,17
2024-04-14 23:19:00,2024-04-14 23:20:00,2,割煤中位,False,正常,4881,17
2024-04-14 23:21:00,2024-04-14 23:21:00,1,调架中,False,正常,4882,17
2024-04-14 23:22:00,2024-04-14 23:24:00,3,割煤中位,False,正常,4883,17
2024-04-14 23:25:00,2024-04-14 23:25:00,1,待机,False,正常,4884,17
2024-04-14 23:26:00,2024-04-14 23:26:00,1,调架中,False,正常,4885,17
2024-04-14 23:27:00,2024-04-14 23:28:00,2,割煤中位,False,正常,4886,17
2024-04-14 23:29:00,2024-04-14 23:29:00,1,调架中,False,正常,4887,17
2024-04-14 23:30:00,2024-04-14 23:31:00,2,割煤中位,False,正常,4888,17
2024-04-14 23:32:00,2024-04-14 23:33:00,2,割煤高位,False,正常,4889,17
2024-04-14 23:34:00,2024-04-14 23:35:00,2,割煤中位,False,正常,4890,17
2024-04-14 23:36:00,2024-04-14 23:36:00,1,调架中,False,正常,4891,17
2024-04-14 23:37:00,2024-04-14 23:39:00,3,割煤中位,False,正常,4892,17
2024-04-14 23:40:00,2024-04-14 23:42:00,3,调架中,False,正常,4893,17
2024-04-14 23:43:00,2024-04-14 23:43:00,1,割煤中位,False,正常,4894,17
2024-04-14 23:44:00,2024-04-14 23:46:00,3,待机,False,正常,4895,17
2024-04-14 23:47:00,2024-04-14 23:47:00,1,调架中,False,正常,4896,17
2024-04-14 23:48:00,2024-04-14 23:50:00,3,待机,False,正常,4897,17
2024-04-14 23:51:00,2024-04-14 23:51:00,1,割煤中位,False,正常,4898,17
2024-04-14 23:52:00,2024-04-14 23:52:00,1,调架中,False,正常,4899,17
2024-04-14 23:53:00,2024-04-14 23:55:00,3,割煤中位,False,正常,4900,17
2024-04-14 23:56:00,2024-04-15 00:04:00,9,待机,False,正常,4901,17
2024-04-15 00:05:00,2024-04-15 00:05:00,1,割煤中位,False,正常,4902,17
2024-04-15 00:06:00,2024-04-15 00:06:00,1,调架中,False,正常,4903,17
2024-04-15 00:07:00,2024-04-15 00:10:00,4,割煤中位,False,正常,4904,17
2024-04-15 00:11:00,2024-04-15 00:12:00,2,调架中,False,正常,4905,17
2024-04-15 00:13:00,2024-04-15 00:15:00,3,割煤中位,False,正常,4906,17
2024-04-15 00:16:00,2024-04-15 00:16:00,1,调架中,False,正常,4907,17
2024-04-15 00:17:00,2024-04-15 00:26:00,10,割煤中位,False,正常,4908,17
2024-04-15 00:27:00,2024-04-15 00:27:00,1,调架中,False,正常,4909,17
2024-04-15 00:28:00,2024-04-15 00:29:00,2,割煤中位,False,正常,4910,17
2024-04-15 00:30:00,2024-04-15 00:33:00,4,调架中,False,正常,4911,17
2024-04-15 00:34:00,2024-04-15 00:37:00,4,割煤中位,False,正常,4912,17
2024-04-15 00:38:00,2024-04-15 00:38:00,1,调架中,False,正常,4913,17
2024-04-15 00:39:00,2024-04-15 00:40:00,2,割煤中位,False,正常,4914,17
2024-04-15 00:41:00,2024-04-15 00:41:00,1,调架中,False,正常,4915,17
2024-04-15 00:42:00,2024-04-15 00:43:00,2,割煤中位,False,正常,4916,17
2024-04-15 00:44:00,2024-04-15 00:44:00,1,调架中,False,正常,4917,17
2024-04-15 00:45:00,2024-04-15 00:46:00,2,割煤中位,False,正常,4918,17
2024-04-15 00:47:00,2024-04-15 00:47:00,1,调架中,False,正常,4919,17
2024-04-15 00:48:00,2024-04-15 00:50:00,3,割煤中位,False,正常,4920,17
2024-04-15 00:51:00,2024-04-15 00:56:00,6,割煤高位,False,正常,4921,17
2024-04-15 00:57:00,2024-04-15 00:57:00,1,调架中,False,正常,4922,17
2024-04-15 00:58:00,2024-04-15 01:13:00,16,待机-高位,False,正常,4923,17
2024-04-15 01:14:00,2024-04-15 01:18:00,5,割煤高位,False,正常,4924,17
2024-04-15 01:19:00,2024-04-15 01:22:00,4,割煤中位,False,正常,4925,17
2024-04-15 01:23:00,2024-04-15 01:30:00,8,割煤高位,False,正常,4926,17
2024-04-15 01:31:00,2024-04-15 01:36:00,6,割煤中位,False,正常,4927,17
2024-04-15 01:37:00,2024-04-15 01:45:00,9,割煤高位,False,正常,4928,17
2024-04-15 01:46:00,2024-04-15 01:46:00,1,调架中,False,正常,4929,17
2024-04-15 01:47:00,2024-04-15 01:47:00,1,割煤高位,False,正常,4930,17
2024-04-15 01:48:00,2024-04-15 01:50:00,3,割煤中位,False,正常,4931,17
2024-04-15 01:51:00,2024-04-15 01:51:00,1,调架中,False,正常,4932,17
2024-04-15 01:52:00,2024-04-15 02:00:00,9,割煤中位,False,正常,4933,17
2024-04-15 02:01:00,2024-04-15 02:03:00,3,割煤高位,False,正常,4934,17
2024-04-15 02:04:00,2024-04-15 02:11:00,8,割煤中位,False,正常,4935,17
2024-04-15 02:12:00,2024-04-15 02:16:00,5,待机,False,正常,4936,17
2024-04-15 02:17:00,2024-04-15 02:17:00,1,调架中,False,正常,4937,17
2024-04-15 02:18:00,2024-04-15 02:19:00,2,割煤中位,False,正常,4938,17
2024-04-15 02:20:00,2024-04-15 02:20:00,1,割煤高位,False,正常,4939,17
2024-04-15 02:21:00,2024-04-15 02:25:00,5,割煤中位,False,正常,4940,17
2024-04-15 02:26:00,2024-04-15 02:26:00,1,调架中,False,正常,4941,17
2024-04-15 02:27:00,2024-04-15 02:31:00,5,割煤中位,False,正常,4942,17
2024-04-15 02:32:00,2024-04-15 02:32:00,1,调架中,False,正常,4943,17
2024-04-15 02:33:00,2024-04-15 02:36:00,4,待机,False,正常,4944,17
2024-04-15 02:37:00,2024-04-15 02:40:00,4,割煤中位,False,正常,4945,17
2024-04-15 02:41:00,2024-04-15 02:42:00,2,调架中,False,正常,4946,17
2024-04-15 02:43:00,2024-04-15 02:47:00,5,待机,False,正常,4947,17
2024-04-15 02:48:00,2024-04-15 02:50:00,3,割煤中位,False,正常,4948,17
2024-04-15 02:51:00,2024-04-15 02:52:00,2,调架中,False,正常,4949,17
2024-04-15 02:53:00,2024-04-15 02:56:00,4,待机,False,正常,4950,17
2024-04-15 02:57:00,2024-04-15 03:04:00,8,割煤中位,False,正常,4951,17
2024-04-15 03:05:00,2024-04-15 03:06:00,2,割煤高位,False,正常,4952,17
2024-04-15 03:07:00,2024-04-15 03:08:00,2,调架中,False,正常,4953,17
2024-04-15 03:09:00,2024-04-15 03:16:00,8,割煤中位,False,正常,4954,17
2024-04-15 03:17:00,2024-04-15 03:17:00,1,待机,False,正常,4955,17
2024-04-15 03:18:00,2024-04-15 03:18:00,1,调架中,False,正常,4956,17
2024-04-15 03:19:00,2024-04-15 03:19:00,1,割煤中位,False,正常,4957,17
2024-04-15 03:20:00,2024-04-15 03:21:00,2,调架中,False,正常,4958,17
2024-04-15 03:22:00,2024-04-15 03:23:00,2,割煤中位,False,正常,4959,17
2024-04-15 03:24:00,2024-04-15 03:24:00,1,调架中,False,正常,4960,17
2024-04-15 03:25:00,2024-04-15 03:30:00,6,割煤中位,False,正常,4961,17
2024-04-15 03:31:00,2024-04-15 03:32:00,2,待机,False,正常,4962,17
2024-04-15 03:33:00,2024-04-15 03:43:00,11,割煤中位,False,正常,4963,17
2024-04-15 03:44:00,2024-04-15 03:49:00,6,割煤高位,False,正常,4964,17
2024-04-15 03:50:00,2024-04-15 03:50:00,1,割煤中位,False,正常,4965,17
2024-04-15 03:51:00,2024-04-15 03:56:00,6,待机,False,正常,4966,17
2024-04-15 03:57:00,2024-04-15 04:00:00,4,割煤中位,False,正常,4967,17
2024-04-15 04:01:00,2024-04-15 04:02:00,2,割煤高位,False,正常,4968,17
2024-04-15 04:03:00,2024-04-15 04:03:00,1,调架中,False,正常,4969,17
2024-04-15 04:04:00,2024-04-15 04:07:00,4,割煤高位,False,正常,4970,17
2024-04-15 04:08:00,2024-04-15 04:14:00,7,割煤中位,False,正常,4971,17
2024-04-15 04:15:00,2024-04-15 04:19:00,5,割煤高位,False,正常,4972,17
2024-04-15 04:20:00,2024-04-15 04:21:00,2,割煤中位,False,正常,4973,17
2024-04-15 04:22:00,2024-04-15 04:22:00,1,调架中,False,正常,4974,17
2024-04-15 04:23:00,2024-04-15 04:27:00,5,割煤中位,False,正常,4975,17
2024-04-15 04:28:00,2024-04-15 04:28:00,1,割煤高位,False,正常,4976,17
2024-04-15 04:29:00,2024-04-15 04:29:00,1,调架中,False,正常,4977,17
2024-04-15 04:30:00,2024-04-15 04:31:00,2,割煤高位,False,正常,4978,17
2024-04-15 04:32:00,2024-04-15 04:33:00,2,调架中,False,正常,4979,17
2024-04-15 04:34:00,2024-04-15 04:34:00,1,割煤高位,False,正常,4980,17
2024-04-15 04:35:00,2024-04-15 04:37:00,3,调架中,False,正常,4981,17
2024-04-15 04:38:00,2024-04-15 04:38:00,1,待机-高位,False,正常,4982,17
2024-04-15 04:39:00,2024-04-15 04:39:00,1,调架中,False,正常,4983,17
2024-04-15 04:40:00,2024-04-15 04:42:00,3,割煤中位,False,正常,4984,17
2024-04-15 04:43:00,2024-04-15 04:43:00,1,调架中,False,正常,4985,17
2024-04-15 04:44:00,2024-04-15 04:50:00,7,割煤中位,False,正常,4986,17
2024-04-15 04:51:00,2024-04-15 04:51:00,1,调架中,False,正常,4987,17
2024-04-15 04:52:00,2024-04-15 04:54:00,3,割煤中位,False,正常,4988,17
2024-04-15 04:55:00,2024-04-15 04:55:00,1,调架中,False,正常,4989,17
2024-04-15 04:56:00,2024-04-15 05:03:00,8,割煤中位,False,正常,4990,17
2024-04-15 05:04:00,2024-04-15 05:06:00,3,割煤高位,False,正常,4991,17
2024-04-15 05:07:00,2024-04-15 05:07:00,1,调架中,False,正常,4992,17
2024-04-15 05:08:00,2024-04-15 05:08:00,1,割煤高位,False,正常,4993,17
2024-04-15 05:09:00,2024-04-15 05:09:00,1,调架中,False,正常,4994,17
2024-04-15 05:10:00,2024-04-15 05:19:00,10,割煤中位,False,正常,4995,17
2024-04-15 05:20:00,2024-04-15 05:20:00,1,割煤高位,False,正常,4996,17
2024-04-15 05:21:00,2024-04-15 05:22:00,2,调架中,False,正常,4997,17
2024-04-15 05:23:00,2024-04-15 05:33:00,11,割煤中位,False,正常,4998,17
2024-04-15 05:34:00,2024-04-15 05:34:00,1,待机,False,正常,4999,17
2024-04-15 05:35:00,2024-04-15 05:37:00,3,割煤中位,False,正常,5000,17
2024-04-15 05:38:00,2024-04-15 05:38:00,1,割煤高位,False,正常,5001,17
2024-04-15 05:39:00,2024-04-15 05:39:00,1,调架中,False,正常,5002,17
2024-04-15 05:40:00,2024-04-15 05:45:00,6,割煤中位,False,正常,5003,17
2024-04-15 05:46:00,2024-04-15 05:47:00,2,割煤高位,False,正常,5004,17
2024-04-15 05:48:00,2024-04-15 05:48:00,1,调架中,False,正常,5005,17
2024-04-15 05:49:00,2024-04-15 05:53:00,5,割煤高位,False,正常,5006,17
2024-04-15 05:54:00,2024-04-15 05:55:00,2,割煤中位,False,正常,5007,17
2024-04-15 05:56:00,2024-04-15 05:56:00,1,调架中,False,正常,5008,17
2024-04-15 05:57:00,2024-04-15 05:57:00,1,割煤中位,False,正常,5009,17
2024-04-15 05:58:00,2024-04-15 06:03:00,6,割煤高位,False,正常,5010,17
2024-04-15 06:04:00,2024-04-15 06:07:00,4,待机-高位,False,正常,5011,17
2024-04-15 06:08:00,2024-04-15 06:11:00,4,割煤高位,False,正常,5012,17
2024-04-15 06:12:00,2024-04-15 06:13:00,2,割煤中位,False,正常,5013,17
2024-04-15 06:14:00,2024-04-15 06:14:00,1,调架中,False,正常,5014,17
2024-04-15 06:15:00,2024-04-15 06:17:00,3,割煤中位,False,正常,5015,17
2024-04-15 06:18:00,2024-04-15 06:18:00,1,调架中,False,正常,5016,17
2024-04-15 06:19:00,2024-04-15 06:22:00,4,割煤中位,False,正常,5017,17
2024-04-15 06:23:00,2024-04-15 06:25:00,3,割煤高位,False,正常,5018,17
2024-04-15 06:26:00,2024-04-15 06:26:00,1,调架中,False,正常,5019,17
2024-04-15 06:27:00,2024-04-15 06:29:00,3,割煤高位,False,正常,5020,17
2024-04-15 06:30:00,2024-04-15 06:30:00,1,割煤中位,False,正常,5021,17
2024-04-15 06:31:00,2024-04-15 06:31:00,1,调架中,False,正常,5022,17
2024-04-15 06:32:00,2024-04-15 06:32:00,1,割煤高位,False,正常,5023,17
2024-04-15 06:33:00,2024-04-15 06:33:00,1,调架中,False,正常,5024,17
2024-04-15 06:34:00,2024-04-15 06:38:00,5,待机,False,正常,5025,17
2024-04-15 06:39:00,2024-04-15 06:42:00,4,割煤高位,False,正常,5026,17
2024-04-15 06:43:00,2024-04-15 06:47:00,5,割煤中位,False,正常,5027,17
2024-04-15 06:48:00,2024-04-15 06:48:00,1,割煤高位,False,正常,5028,17
2024-04-15 06:49:00,2024-04-15 06:56:00,8,待机-高位,False,正常,5029,17
2024-04-15 06:57:00,2024-04-15 06:57:00,1,调架中,False,正常,5030,17
2024-04-15 06:58:00,2024-04-15 06:58:00,1,割煤高位,False,正常,5031,17
2024-04-15 06:59:00,2024-04-15 06:59:00,1,割煤中位,False,正常,5032,17
2024-04-15 07:00:00,2024-04-15 07:01:00,2,割煤高位,False,正常,5033,17
2024-04-15 07:02:00,2024-04-15 07:03:00,2,割煤中位,False,正常,5034,17
2024-04-15 07:04:00,2024-04-15 07:04:00,1,调架中,False,正常,5035,17
2024-04-15 07:05:00,2024-04-15 07:06:00,2,割煤中位,False,正常,5036,17
2024-04-15 07:07:00,2024-04-15 07:08:00,2,调架中,False,正常,5037,17
2024-04-15 07:09:00,2024-04-15 07:15:00,7,割煤中位,False,正常,5038,17
2024-04-15 07:16:00,2024-04-15 07:17:00,2,割煤高位,False,正常,5039,17
2024-04-15 07:18:00,2024-04-15 07:18:00,1,调架中,False,正常,5040,17
2024-04-15 07:19:00,2024-04-15 07:29:00,11,割煤中位,False,正常,5041,17
2024-04-15 07:30:00,2024-04-15 07:30:00,1,调架中,False,正常,5042,17
2024-04-15 07:31:00,2024-04-15 07:31:00,1,割煤高位,False,正常,5043,17
2024-04-15 07:32:00,2024-04-15 07:40:00,9,割煤中位,False,正常,5044,17
2024-04-15 07:41:00,2024-04-15 07:42:00,2,割煤高位,False,正常,5045,17
2024-04-15 07:43:00,2024-04-15 07:45:00,3,割煤中位,False,正常,5046,17
2024-04-15 07:46:00,2024-04-15 07:47:00,2,待机,False,正常,5047,17
2024-04-15 07:48:00,2024-04-15 07:51:00,4,割煤中位,False,正常,5048,17
2024-04-15 07:52:00,2024-04-15 07:52:00,1,调架中,False,正常,5049,17
2024-04-15 07:53:00,2024-04-15 07:56:00,4,割煤中位,False,正常,5050,17
2024-04-15 07:57:00,2024-04-15 07:57:00,1,待机,False,正常,5051,17
2024-04-15 07:58:00,2024-04-15 08:01:00,4,割煤中位,False,正常,5052,17
2024-04-15 08:02:00,2024-04-15 08:02:00,1,待机,False,正常,5053,17
2024-04-15 08:03:00,2024-04-15 08:08:00,6,割煤中位,False,正常,5054,17
2024-04-15 08:09:00,2024-04-15 08:10:00,2,调架中,False,正常,5055,17
2024-04-15 08:11:00,2024-04-15 09:06:00,56,割煤高位,False,正常,5056,17
2024-04-15 09:07:00,2024-04-15 09:07:00,1,割煤低位,False,正常,5057,17
2024-04-15 09:08:00,2024-04-15 10:01:00,54,割煤中位,False,正常,5058,17
2024-04-15 10:02:00,2024-04-15 15:02:00,301,割煤低位,True,通讯中断/传感器休眠（段持续 >= 4h）,5059,18
2024-04-15 15:03:00,2024-04-15 15:04:00,2,割煤中位,False,正常,5060,19
2024-04-15 15:05:00,2024-04-15 15:19:00,15,待机,False,正常,5061,19
2024-04-15 15:20:00,2024-04-15 15:29:00,10,停机,False,正常,5062,19
2024-04-15 15:30:00,2024-04-15 15:31:00,2,待机,False,正常,5063,19
2024-04-15 15:32:00,2024-04-15 15:32:00,1,割煤中位,False,正常,5064,19
2024-04-15 15:33:00,2024-04-15 15:33:00,1,待机,False,正常,5065,19
2024-04-15 15:34:00,2024-04-15 15:34:00,1,停机,False,正常,5066,19
2024-04-15 15:35:00,2024-04-15 15:48:00,14,待机,False,正常,5067,19
2024-04-15 15:49:00,2024-04-15 15:49:00,1,调架中,False,正常,5068,19
2024-04-15 15:50:00,2024-04-15 16:22:00,33,待机,False,正常,5069,19
2024-04-15 16:23:00,2024-04-15 16:24:00,2,调架中,False,正常,5070,19
2024-04-15 16:25:00,2024-04-15 16:29:00,5,待机-高位,False,正常,5071,19
2024-04-15 16:30:00,2024-04-15 16:31:00,2,割煤高位,False,正常,5072,19
2024-04-15 16:32:00,2024-04-15 16:37:00,6,割煤中位,False,正常,5073,19
2024-04-15 16:38:00,2024-04-15 16:38:00,1,调架中,False,正常,5074,19
2024-04-15 16:39:00,2024-04-15 16:40:00,2,割煤中位,False,正常,5075,19
2024-04-15 16:41:00,2024-04-15 16:41:00,1,割煤高位,False,正常,5076,19
2024-04-15 16:42:00,2024-04-15 16:42:00,1,调架中,False,正常,5077,19
2024-04-15 16:43:00,2024-04-15 16:45:00,3,割煤高位,False,正常,5078,19
2024-04-15 16:46:00,2024-04-15 16:47:00,2,调架中,False,正常,5079,19
2024-04-15 16:48:00,2024-04-15 16:48:00,1,待机,False,正常,5080,19
2024-04-15 16:49:00,2024-04-15 16:49:00,1,割煤高位,False,正常,5081,19
2024-04-15 16:50:00,2024-04-15 16:50:00,1,割煤中位,False,正常,5082,19
2024-04-15 16:51:00,2024-04-15 16:51:00,1,割煤低位,False,正常,5083,19
2024-04-15 16:52:00,2024-04-15 16:53:00,2,割煤中位,False,正常,5084,19
2024-04-15 16:54:00,2024-04-15 16:55:00,2,割煤高位,False,正常,5085,19
2024-04-15 16:56:00,2024-04-15 16:56:00,1,调架中,False,正常,5086,19
2024-04-15 16:57:00,2024-04-15 16:58:00,2,割煤高位,False,正常,5087,19
2024-04-15 16:59:00,2024-04-15 16:59:00,1,割煤中位,False,正常,5088,19
2024-04-15 17:00:00,2024-04-15 17:00:00,1,割煤低位,False,正常,5089,19
2024-04-15 17:01:00,2024-04-15 17:05:00,5,割煤中位,False,正常,5090,19
2024-04-15 17:06:00,2024-04-15 17:13:00,8,割煤高位,False,正常,5091,19
2024-04-15 17:14:00,2024-04-15 17:16:00,3,割煤中位,False,正常,5092,19
2024-04-15 17:17:00,2024-04-15 17:17:00,1,割煤高位,False,正常,5093,19
2024-04-15 17:18:00,2024-04-15 17:18:00,1,割煤中位,False,正常,5094,19
2024-04-15 17:19:00,2024-04-15 17:19:00,1,待机-高位,False,正常,5095,19
2024-04-15 17:20:00,2024-04-15 17:20:00,1,调架中,False,正常,5096,19
2024-04-15 17:21:00,2024-04-15 17:21:00,1,割煤高位,False,正常,5097,19
2024-04-15 17:22:00,2024-04-15 17:29:00,8,割煤中位,False,正常,5098,19
2024-04-15 17:30:00,2024-04-15 17:32:00,3,割煤高位,False,正常,5099,19
2024-04-15 17:33:00,2024-04-15 17:33:00,1,割煤中位,False,正常,5100,19
2024-04-15 17:34:00,2024-04-15 17:34:00,1,割煤高位,False,正常,5101,19
2024-04-15 17:35:00,2024-04-15 17:36:00,2,割煤中位,False,正常,5102,19
2024-04-15 17:37:00,2024-04-15 17:38:00,2,待机-高位,False,正常,5103,19
2024-04-15 17:39:00,2024-04-15 17:39:00,1,调架中,False,正常,5104,19
2024-04-15 17:40:00,2024-04-15 17:41:00,2,割煤中位,False,正常,5105,19
2024-04-15 17:42:00,2024-04-15 17:46:00,5,待机-高位,False,正常,5106,19
2024-04-15 17:47:00,2024-04-15 17:48:00,2,割煤高位,False,正常,5107,19
2024-04-15 17:49:00,2024-04-15 17:49:00,1,调架中,False,正常,5108,19
2024-04-15 17:50:00,2024-04-15 17:50:00,1,割煤高位,False,正常,5109,19
2024-04-15 17:51:00,2024-04-15 17:53:00,3,割煤中位,False,正常,5110,19
2024-04-15 17:54:00,2024-04-15 17:59:00,6,调架中,False,正常,5111,19
2024-04-15 18:00:00,2024-04-15 18:05:00,6,待机-高位,False,正常,5112,19
2024-04-15 18:06:00,2024-04-15 18:06:00,1,割煤中位,False,正常,5113,19
2024-04-15 18:07:00,2024-04-15 18:07:00,1,调架中,False,正常,5114,19
2024-04-15 18:08:00,2024-04-15 18:17:00,10,待机,False,正常,5115,19
2024-04-15 18:18:00,2024-04-15 18:19:00,2,调架中,False,正常,5116,19
2024-04-15 18:20:00,2024-04-15 18:20:00,1,割煤中位,False,正常,5117,19
2024-04-15 18:21:00,2024-04-15 18:21:00,1,调架中,False,正常,5118,19
2024-04-15 18:22:00,2024-04-15 18:24:00,3,割煤中位,False,正常,5119,19
2024-04-15 18:25:00,2024-04-15 18:25:00,1,调架中,False,正常,5120,19
2024-04-15 18:26:00,2024-04-15 18:26:00,1,割煤高位,False,正常,5121,19
2024-04-15 18:27:00,2024-04-15 18:27:00,1,调架中,False,正常,5122,19
2024-04-15 18:28:00,2024-04-15 18:29:00,2,割煤中位,False,正常,5123,19
2024-04-15 18:30:00,2024-04-15 18:30:00,1,待机,False,正常,5124,19
2024-04-15 18:31:00,2024-04-15 18:31:00,1,调架中,False,正常,5125,19
2024-04-15 18:32:00,2024-04-15 18:36:00,5,待机,False,正常,5126,19
2024-04-15 18:37:00,2024-04-15 18:38:00,2,调架中,False,正常,5127,19
2024-04-15 18:39:00,2024-04-15 18:39:00,1,待机,False,正常,5128,19
2024-04-15 18:40:00,2024-04-15 18:46:00,7,割煤中位,False,正常,5129,19
2024-04-15 18:47:00,2024-04-15 18:47:00,1,割煤高位,False,正常,5130,19
2024-04-15 18:48:00,2024-04-15 18:48:00,1,调架中,False,正常,5131,19
2024-04-15 18:49:00,2024-04-15 18:50:00,2,待机,False,正常,5132,19
2024-04-15 18:51:00,2024-04-15 18:51:00,1,调架中,False,正常,5133,19
2024-04-15 18:52:00,2024-04-15 18:52:00,1,割煤中位,False,正常,5134,19
2024-04-15 18:53:00,2024-04-15 18:53:00,1,调架中,False,正常,5135,19
2024-04-15 18:54:00,2024-04-15 18:59:00,6,割煤中位,False,正常,5136,19
2024-04-15 19:00:00,2024-04-15 19:00:00,1,调架中,False,正常,5137,19
2024-04-15 19:01:00,2024-04-15 19:01:00,1,割煤中位,False,正常,5138,19
2024-04-15 19:02:00,2024-04-15 19:03:00,2,调架中,False,正常,5139,19
2024-04-15 19:04:00,2024-04-15 19:04:00,1,待机,False,正常,5140,19
2024-04-15 19:05:00,2024-04-15 19:06:00,2,调架中,False,正常,5141,19
2024-04-15 19:07:00,2024-04-15 19:07:00,1,待机,False,正常,5142,19
2024-04-15 19:08:00,2024-04-15 19:09:00,2,调架中,False,正常,5143,19
2024-04-15 19:10:00,2024-04-15 19:10:00,1,割煤中位,False,正常,5144,19
2024-04-15 19:11:00,2024-04-15 19:11:00,1,调架中,False,正常,5145,19
2024-04-15 19:12:00,2024-04-15 19:12:00,1,割煤中位,False,正常,5146,19
2024-04-15 19:13:00,2024-04-15 19:49:00,37,待机,False,正常,5147,19
2024-04-15 19:50:00,2024-04-15 20:00:00,11,割煤中位,False,正常,5148,19
2024-04-15 20:01:00,2024-04-15 20:02:00,2,待机,False,正常,5149,19
2024-04-15 20:03:00,2024-04-15 20:04:00,2,调架中,False,正常,5150,19
2024-04-15 20:05:00,2024-04-15 20:06:00,2,割煤中位,False,正常,5151,19
2024-04-15 20:07:00,2024-04-15 20:07:00,1,调架中,False,正常,5152,19
2024-04-15 20:08:00,2024-04-15 20:08:00,1,割煤中位,False,正常,5153,19
2024-04-15 20:09:00,2024-04-15 20:15:00,7,待机,False,正常,5154,19
2024-04-15 20:16:00,2024-04-15 20:18:00,3,割煤中位,False,正常,5155,19
2024-04-15 20:19:00,2024-04-15 20:19:00,1,调架中,False,正常,5156,19
2024-04-15 20:20:00,2024-04-15 20:22:00,3,割煤中位,False,正常,5157,19
2024-04-15 20:23:00,2024-04-15 20:24:00,2,割煤高位,False,正常,5158,19
2024-04-15 20:25:00,2024-04-15 20:34:00,10,待机,False,正常,5159,19
2024-04-15 20:35:00,2024-04-15 20:36:00,2,调架中,False,正常,5160,19
2024-04-15 20:37:00,2024-04-15 20:39:00,3,割煤高位,False,正常,5161,19
2024-04-15 20:40:00,2024-04-15 20:40:00,1,调架中,False,正常,5162,19
2024-04-15 20:41:00,2024-04-15 20:41:00,1,割煤高位,False,正常,5163,19
2024-04-15 20:42:00,2024-04-15 20:42:00,1,割煤中位,False,正常,5164,19
2024-04-15 20:43:00,2024-04-15 20:43:00,1,调架中,False,正常,5165,19
2024-04-15 20:44:00,2024-04-15 20:44:00,1,割煤高位,False,正常,5166,19
2024-04-15 20:45:00,2024-04-15 20:46:00,2,割煤中位,False,正常,5167,19
2024-04-15 20:47:00,2024-04-15 20:48:00,2,割煤高位,False,正常,5168,19
2024-04-15 20:49:00,2024-04-15 20:50:00,2,割煤中位,False,正常,5169,19
2024-04-15 20:51:00,2024-04-15 20:54:00,4,割煤高位,False,正常,5170,19
2024-04-15 20:55:00,2024-04-15 20:55:00,1,调架中,False,正常,5171,19
2024-04-15 20:56:00,2024-04-15 20:57:00,2,割煤高位,False,正常,5172,19
2024-04-15 20:58:00,2024-04-15 20:58:00,1,调架中,False,正常,5173,19
2024-04-15 20:59:00,2024-04-15 21:02:00,4,割煤中位,False,正常,5174,19
2024-04-15 21:03:00,2024-04-15 21:08:00,6,割煤高位,False,正常,5175,19
2024-04-15 21:09:00,2024-04-15 21:09:00,1,调架中,False,正常,5176,19
2024-04-15 21:10:00,2024-04-15 21:13:00,4,割煤中位,False,正常,5177,19
2024-04-15 21:14:00,2024-04-15 21:26:00,13,割煤高位,False,正常,5178,19
2024-04-15 21:27:00,2024-04-15 21:35:00,9,割煤中位,False,正常,5179,19
2024-04-15 21:36:00,2024-04-15 21:37:00,2,割煤高位,False,正常,5180,19
2024-04-15 21:38:00,2024-04-15 21:40:00,3,割煤中位,False,正常,5181,19
2024-04-15 21:41:00,2024-04-15 21:41:00,1,调架中,False,正常,5182,19
2024-04-15 21:42:00,2024-04-15 21:43:00,2,割煤中位,False,正常,5183,19
2024-04-15 21:44:00,2024-04-15 21:45:00,2,割煤高位,False,正常,5184,19
2024-04-15 21:46:00,2024-04-15 21:48:00,3,割煤中位,False,正常,5185,19
2024-04-15 21:49:00,2024-04-15 21:49:00,1,调架中,False,正常,5186,19
2024-04-15 21:50:00,2024-04-15 21:54:00,5,割煤中位,False,正常,5187,19
2024-04-15 21:55:00,2024-04-15 21:55:00,1,待机,False,正常,5188,19
2024-04-15 21:56:00,2024-04-15 21:57:00,2,割煤中位,False,正常,5189,19
2024-04-15 21:58:00,2024-04-15 21:58:00,1,调架中,False,正常,5190,19
2024-04-15 21:59:00,2024-04-15 21:59:00,1,割煤中位,False,正常,5191,19
2024-04-15 22:00:00,2024-04-15 22:00:00,1,割煤高位,False,正常,5192,19
2024-04-15 22:01:00,2024-04-15 22:09:00,9,割煤中位,False,正常,5193,19
2024-04-15 22:10:00,2024-04-15 22:10:00,1,调架中,False,正常,5194,19
2024-04-15 22:11:00,2024-04-15 22:12:00,2,割煤中位,False,正常,5195,19
2024-04-15 22:13:00,2024-04-15 22:13:00,1,调架中,False,正常,5196,19
2024-04-15 22:14:00,2024-04-15 22:28:00,15,待机,False,正常,5197,19
2024-04-15 22:29:00,2024-04-15 22:31:00,3,割煤中位,False,正常,5198,19
2024-04-15 22:32:00,2024-04-15 22:32:00,1,调架中,False,正常,5199,19
2024-04-15 22:33:00,2024-04-15 22:35:00,3,割煤中位,False,正常,5200,19
2024-04-15 22:36:00,2024-04-15 22:36:00,1,调架中,False,正常,5201,19
2024-04-15 22:37:00,2024-04-15 22:43:00,7,割煤中位,False,正常,5202,19
2024-04-15 22:44:00,2024-04-15 22:46:00,3,割煤高位,False,正常,5203,19
2024-04-15 22:47:00,2024-04-15 22:48:00,2,调架中,False,正常,5204,19
2024-04-15 22:49:00,2024-04-15 22:50:00,2,割煤中位,False,正常,5205,19
2024-04-15 22:51:00,2024-04-15 22:53:00,3,调架中,False,正常,5206,19
2024-04-15 22:54:00,2024-04-15 22:56:00,3,割煤中位,False,正常,5207,19
2024-04-15 22:57:00,2024-04-15 22:57:00,1,调架中,False,正常,5208,19
2024-04-15 22:58:00,2024-04-15 22:58:00,1,割煤高位,False,正常,5209,19
2024-04-15 22:59:00,2024-04-15 23:00:00,2,调架中,False,正常,5210,19
2024-04-15 23:01:00,2024-04-15 23:03:00,3,割煤中位,False,正常,5211,19
2024-04-15 23:04:00,2024-04-15 23:07:00,4,割煤高位,False,正常,5212,19
2024-04-15 23:08:00,2024-04-15 23:10:00,3,调架中,False,正常,5213,19
2024-04-15 23:11:00,2024-04-15 23:12:00,2,割煤高位,False,正常,5214,19
2024-04-15 23:13:00,2024-04-15 23:13:00,1,调架中,False,正常,5215,19
2024-04-15 23:14:00,2024-04-15 23:15:00,2,割煤高位,False,正常,5216,19
2024-04-15 23:16:00,2024-04-15 23:20:00,5,割煤中位,False,正常,5217,19
2024-04-15 23:21:00,2024-04-15 23:21:00,1,割煤低位,False,正常,5218,19
2024-04-15 23:22:00,2024-04-15 23:22:00,1,割煤中位,False,正常,5219,19
2024-04-15 23:23:00,2024-04-15 23:26:00,4,割煤高位,False,正常,5220,19
2024-04-15 23:27:00,2024-04-15 23:27:00,1,调架中,False,正常,5221,19
2024-04-15 23:28:00,2024-04-15 23:28:00,1,割煤高位,False,正常,5222,19
2024-04-15 23:29:00,2024-04-15 23:29:00,1,待机,False,正常,5223,19
2024-04-15 23:30:00,2024-04-15 23:30:00,1,割煤中位,False,正常,5224,19
2024-04-15 23:31:00,2024-04-15 23:31:00,1,割煤低位,False,正常,5225,19
2024-04-15 23:32:00,2024-04-15 23:35:00,4,割煤中位,False,正常,5226,19
2024-04-15 23:36:00,2024-04-15 23:41:00,6,待机-高位,False,正常,5227,19
2024-04-15 23:42:00,2024-04-15 23:42:00,1,调架中,False,正常,5228,19
2024-04-15 23:43:00,2024-04-15 23:49:00,7,割煤高位,False,正常,5229,19
2024-04-15 23:50:00,2024-04-15 23:50:00,1,调架中,False,正常,5230,19
2024-04-15 23:51:00,2024-04-15 23:53:00,3,割煤高位,False,正常,5231,19
2024-04-15 23:54:00,2024-04-15 23:58:00,5,待机,False,正常,5232,19
2024-04-15 23:59:00,2024-04-16 00:03:00,5,割煤高位,False,正常,5233,19
2024-04-16 00:04:00,2024-04-16 00:04:00,1,割煤中位,False,正常,5234,19
2024-04-16 00:05:00,2024-04-16 00:05:00,1,调架中,False,正常,5235,19
2024-04-16 00:06:00,2024-04-16 00:09:00,4,割煤中位,False,正常,5236,19
2024-04-16 00:10:00,2024-04-16 00:10:00,1,调架中,False,正常,5237,19
2024-04-16 00:11:00,2024-04-16 00:13:00,3,割煤中位,False,正常,5238,19
2024-04-16 00:14:00,2024-04-16 00:20:00,7,调架中,False,正常,5239,19
2024-04-16 00:21:00,2024-04-16 00:26:00,6,割煤中位,False,正常,5240,19
2024-04-16 00:27:00,2024-04-16 00:27:00,1,调架中,False,正常,5241,19
2024-04-16 00:28:00,2024-04-16 00:28:00,1,割煤中位,False,正常,5242,19
2024-04-16 00:29:00,2024-04-16 00:31:00,3,调架中,False,正常,5243,19
2024-04-16 00:32:00,2024-04-16 00:38:00,7,割煤中位,False,正常,5244,19
2024-04-16 00:39:00,2024-04-16 00:39:00,1,割煤高位,False,正常,5245,19
2024-04-16 00:40:00,2024-04-16 00:40:00,1,调架中,False,正常,5246,19
2024-04-16 00:41:00,2024-04-16 00:44:00,4,割煤中位,False,正常,5247,19
2024-04-16 00:45:00,2024-04-16 00:45:00,1,调架中,False,正常,5248,19
2024-04-16 00:46:00,2024-04-16 00:47:00,2,割煤中位,False,正常,5249,19
2024-04-16 00:48:00,2024-04-16 00:49:00,2,调架中,False,正常,5250,19
2024-04-16 00:50:00,2024-04-16 00:52:00,3,割煤高位,False,正常,5251,19
2024-04-16 00:53:00,2024-04-16 00:58:00,6,割煤中位,False,正常,5252,19
2024-04-16 00:59:00,2024-04-16 01:00:00,2,待机,False,正常,5253,19
2024-04-16 01:01:00,2024-04-16 01:01:00,1,割煤中位,False,正常,5254,19
2024-04-16 01:02:00,2024-04-16 01:02:00,1,调架中,False,正常,5255,19
2024-04-16 01:03:00,2024-04-16 01:03:00,1,割煤中位,False,正常,5256,19
2024-04-16 01:04:00,2024-04-16 01:04:00,1,调架中,False,正常,5257,19
2024-04-16 01:05:00,2024-04-16 01:12:00,8,割煤中位,False,正常,5258,19
2024-04-16 01:13:00,2024-04-16 01:15:00,3,调架中,False,正常,5259,19
2024-04-16 01:16:00,2024-04-16 01:20:00,5,割煤中位,False,正常,5260,19
2024-04-16 01:21:00,2024-04-16 01:21:00,1,调架中,False,正常,5261,19
2024-04-16 01:22:00,2024-04-16 01:26:00,5,割煤中位,False,正常,5262,19
2024-04-16 01:27:00,2024-04-16 01:27:00,1,调架中,False,正常,5263,19
2024-04-16 01:28:00,2024-04-16 01:32:00,5,割煤中位,False,正常,5264,19
2024-04-16 01:33:00,2024-04-16 01:33:00,1,调架中,False,正常,5265,19
2024-04-16 01:34:00,2024-04-16 01:37:00,4,割煤中位,False,正常,5266,19
2024-04-16 01:38:00,2024-04-16 01:38:00,1,调架中,False,正常,5267,19
2024-04-16 01:39:00,2024-04-16 01:39:00,1,割煤中位,False,正常,5268,19
2024-04-16 01:40:00,2024-04-16 01:41:00,2,调架中,False,正常,5269,19
2024-04-16 01:42:00,2024-04-16 01:42:00,1,割煤中位,False,正常,5270,19
2024-04-16 01:43:00,2024-04-16 01:43:00,1,调架中,False,正常,5271,19
2024-04-16 01:44:00,2024-04-16 02:06:00,23,割煤中位,False,正常,5272,19
2024-04-16 02:07:00,2024-04-16 02:18:00,12,割煤高位,False,正常,5273,19
2024-04-16 02:19:00,2024-04-16 02:20:00,2,待机,False,正常,5274,19
2024-04-16 02:21:00,2024-04-16 02:21:00,1,调架中,False,正常,5275,19
2024-04-16 02:22:00,2024-04-16 02:22:00,1,割煤高位,False,正常,5276,19
2024-04-16 02:23:00,2024-04-16 02:27:00,5,割煤中位,False,正常,5277,19
2024-04-16 02:28:00,2024-04-16 02:28:00,1,割煤高位,False,正常,5278,19
2024-04-16 02:29:00,2024-04-16 02:30:00,2,调架中,False,正常,5279,19
2024-04-16 02:31:00,2024-04-16 02:33:00,3,割煤高位,False,正常,5280,19
2024-04-16 02:34:00,2024-04-16 02:43:00,10,割煤中位,False,正常,5281,19
2024-04-16 02:44:00,2024-04-16 02:46:00,3,割煤高位,False,正常,5282,19
2024-04-16 02:47:00,2024-04-16 02:51:00,5,割煤中位,False,正常,5283,19
2024-04-16 02:52:00,2024-04-16 02:54:00,3,割煤高位,False,正常,5284,19
2024-04-16 02:55:00,2024-04-16 02:59:00,5,割煤中位,False,正常,5285,19
2024-04-16 03:00:00,2024-04-16 03:01:00,2,调架中,False,正常,5286,19
2024-04-16 03:02:00,2024-04-16 03:02:00,1,割煤中位,False,正常,5287,19
2024-04-16 03:03:00,2024-04-16 03:03:00,1,割煤高位,False,正常,5288,19
2024-04-16 03:04:00,2024-04-16 03:19:00,16,割煤中位,False,正常,5289,19
2024-04-16 03:20:00,2024-04-16 03:20:00,1,割煤高位,False,正常,5290,19
2024-04-16 03:21:00,2024-04-16 03:34:00,14,割煤中位,False,正常,5291,19
2024-04-16 03:35:00,2024-04-16 03:36:00,2,调架中,False,正常,5292,19
2024-04-16 03:37:00,2024-04-16 03:48:00,12,待机,False,正常,5293,19
2024-04-16 03:49:00,2024-04-16 03:59:00,11,割煤中位,False,正常,5294,19
2024-04-16 04:00:00,2024-04-16 04:00:00,1,调架中,False,正常,5295,19
2024-04-16 04:01:00,2024-04-16 04:06:00,6,割煤中位,False,正常,5296,19
2024-04-16 04:07:00,2024-04-16 04:12:00,6,割煤高位,False,正常,5297,19
2024-04-16 04:13:00,2024-04-16 04:19:00,7,割煤中位,False,正常,5298,19
2024-04-16 04:20:00,2024-04-16 04:20:00,1,割煤高位,False,正常,5299,19
2024-04-16 04:21:00,2024-04-16 04:24:00,4,割煤中位,False,正常,5300,19
2024-04-16 04:25:00,2024-04-16 04:26:00,2,割煤高位,False,正常,5301,19
2024-04-16 04:27:00,2024-04-16 04:27:00,1,割煤中位,False,正常,5302,19
2024-04-16 04:28:00,2024-04-16 04:32:00,5,割煤高位,False,正常,5303,19
2024-04-16 04:33:00,2024-04-16 04:42:00,10,割煤中位,False,正常,5304,19
2024-04-16 04:43:00,2024-04-16 04:48:00,6,待机-高位,False,正常,5305,19
2024-04-16 04:49:00,2024-04-16 04:49:00,1,调架中,False,正常,5306,19
2024-04-16 04:50:00,2024-04-16 04:51:00,2,割煤中位,False,正常,5307,19
2024-04-16 04:52:00,2024-04-16 04:53:00,2,割煤高位,False,正常,5308,19
2024-04-16 04:54:00,2024-04-16 04:55:00,2,割煤中位,False,正常,5309,19
2024-04-16 04:56:00,2024-04-16 04:57:00,2,割煤高位,False,正常,5310,19
2024-04-16 04:58:00,2024-04-16 04:59:00,2,割煤中位,False,正常,5311,19
2024-04-16 05:00:00,2024-04-16 05:00:00,1,调架中,False,正常,5312,19
2024-04-16 05:01:00,2024-04-16 05:13:00,13,割煤中位,False,正常,5313,19
2024-04-16 05:14:00,2024-04-16 05:14:00,1,割煤高位,False,正常,5314,19
2024-04-16 05:15:00,2024-04-16 05:18:00,4,割煤中位,False,正常,5315,19
2024-04-16 05:19:00,2024-04-16 05:19:00,1,调架中,False,正常,5316,19
2024-04-16 05:20:00,2024-04-16 05:20:00,1,割煤中位,False,正常,5317,19
2024-04-16 05:21:00,2024-04-16 05:21:00,1,调架中,False,正常,5318,19
2024-04-16 05:22:00,2024-04-16 05:25:00,4,割煤中位,False,正常,5319,19
2024-04-16 05:26:00,2024-04-16 05:26:00,1,割煤高位,False,正常,5320,19
2024-04-16 05:27:00,2024-04-16 05:33:00,7,割煤中位,False,正常,5321,19
2024-04-16 05:34:00,2024-04-16 05:34:00,1,调架中,False,正常,5322,19
2024-04-16 05:35:00,2024-04-16 05:36:00,2,割煤高位,False,正常,5323,19
2024-04-16 05:37:00,2024-04-16 05:45:00,9,割煤中位,False,正常,5324,19
2024-04-16 05:46:00,2024-04-16 05:46:00,1,调架中,False,正常,5325,19
2024-04-16 05:47:00,2024-04-16 05:47:00,1,割煤中位,False,正常,5326,19
2024-04-16 05:48:00,2024-04-16 05:49:00,2,调架中,False,正常,5327,19
2024-04-16 05:50:00,2024-04-16 05:50:00,1,割煤中位,False,正常,5328,19
2024-04-16 05:51:00,2024-04-16 05:51:00,1,调架中,False,正常,5329,19
2024-04-16 05:52:00,2024-04-16 05:53:00,2,割煤中位,False,正常,5330,19
2024-04-16 05:54:00,2024-04-16 05:55:00,2,调架中,False,正常,5331,19
2024-04-16 05:56:00,2024-04-16 05:56:00,1,割煤中位,False,正常,5332,19
2024-04-16 05:57:00,2024-04-16 05:59:00,3,割煤高位,False,正常,5333,19
2024-04-16 06:00:00,2024-04-16 06:00:00,1,调架中,False,正常,5334,19
2024-04-16 06:01:00,2024-04-16 06:01:00,1,割煤中位,False,正常,5335,19
2024-04-16 06:02:00,2024-04-16 06:02:00,1,调架中,False,正常,5336,19
2024-04-16 06:03:00,2024-04-16 06:04:00,2,割煤高位,False,正常,5337,19
2024-04-16 06:05:00,2024-04-16 06:06:00,2,割煤中位,False,正常,5338,19
2024-04-16 06:07:00,2024-04-16 06:07:00,1,调架中,False,正常,5339,19
2024-04-16 06:08:00,2024-04-16 06:10:00,3,割煤中位,False,正常,5340,19
2024-04-16 06:11:00,2024-04-16 06:13:00,3,调架中,False,正常,5341,19
2024-04-16 06:14:00,2024-04-16 06:21:00,8,割煤中位,False,正常,5342,19
2024-04-16 06:22:00,2024-04-16 06:24:00,3,调架中,False,正常,5343,19
2024-04-16 06:25:00,2024-04-16 06:29:00,5,待机,False,正常,5344,19
2024-04-16 06:30:00,2024-04-16 06:32:00,3,调架中,False,正常,5345,19
2024-04-16 06:33:00,2024-04-16 06:37:00,5,待机,False,正常,5346,19
2024-04-16 06:38:00,2024-04-16 06:45:00,8,割煤中位,False,正常,5347,19
2024-04-16 06:46:00,2024-04-16 06:47:00,2,调架中,False,正常,5348,19
2024-04-16 06:48:00,2024-04-16 06:48:00,1,割煤中位,False,正常,5349,19
2024-04-16 06:49:00,2024-04-16 06:49:00,1,调架中,False,正常,5350,19
2024-04-16 06:50:00,2024-04-16 06:50:00,1,割煤中位,False,正常,5351,19
2024-04-16 06:51:00,2024-04-16 06:51:00,1,调架中,False,正常,5352,19
2024-04-16 06:52:00,2024-04-16 06:52:00,1,割煤中位,False,正常,5353,19
2024-04-16 06:53:00,2024-04-16 06:53:00,1,调架中,False,正常,5354,19
2024-04-16 06:54:00,2024-04-16 06:55:00,2,割煤中位,False,正常,5355,19
2024-04-16 06:56:00,2024-04-16 06:56:00,1,调架中,False,正常,5356,19
2024-04-16 06:57:00,2024-04-16 06:59:00,3,割煤中位,False,正常,5357,19
2024-04-16 07:00:00,2024-04-16 07:00:00,1,割煤高位,False,正常,5358,19
2024-04-16 07:01:00,2024-04-16 07:01:00,1,调架中,False,正常,5359,19
2024-04-16 07:02:00,2024-04-16 07:03:00,2,割煤中位,False,正常,5360,19
2024-04-16 07:04:00,2024-04-16 07:04:00,1,调架中,False,正常,5361,19
2024-04-16 07:05:00,2024-04-16 07:08:00,4,割煤高位,False,正常,5362,19
2024-04-16 07:09:00,2024-04-16 07:09:00,1,调架中,False,正常,5363,19
2024-04-16 07:10:00,2024-04-16 07:14:00,5,割煤中位,False,正常,5364,19
2024-04-16 07:15:00,2024-04-16 07:15:00,1,割煤高位,False,正常,5365,19
2024-04-16 07:16:00,2024-04-16 07:21:00,6,割煤中位,False,正常,5366,19
2024-04-16 07:22:00,2024-04-16 07:24:00,3,割煤高位,False,正常,5367,19
2024-04-16 07:25:00,2024-04-16 07:25:00,1,调架中,False,正常,5368,19
2024-04-16 07:26:00,2024-04-16 07:26:00,1,割煤高位,False,正常,5369,19
2024-04-16 07:27:00,2024-04-16 07:27:00,1,割煤中位,False,正常,5370,19
2024-04-16 07:28:00,2024-04-16 07:29:00,2,待机-高位,False,正常,5371,19
2024-04-16 07:30:00,2024-04-16 07:31:00,2,割煤高位,False,正常,5372,19
2024-04-16 07:32:00,2024-04-16 07:32:00,1,调架中,False,正常,5373,19
2024-04-16 07:33:00,2024-04-16 07:35:00,3,割煤高位,False,正常,5374,19
2024-04-16 07:36:00,2024-04-16 07:44:00,9,割煤中位,False,正常,5375,19
2024-04-16 07:45:00,2024-04-16 07:45:00,1,待机,False,正常,5376,19
2024-04-16 07:46:00,2024-04-16 07:49:00,4,待机-高位,False,正常,5377,19
2024-04-16 07:50:00,2024-04-16 07:52:00,3,割煤中位,False,正常,5378,19
2024-04-16 07:53:00,2024-04-16 07:53:00,1,调架中,False,正常,5379,19
2024-04-16 07:54:00,2024-04-16 07:57:00,4,割煤中位,False,正常,5380,19
2024-04-16 07:58:00,2024-04-16 07:59:00,2,割煤高位,False,正常,5381,19
2024-04-16 08:00:00,2024-04-16 08:00:00,1,调架中,False,正常,5382,19
2024-04-16 08:01:00,2024-04-16 08:01:00,1,割煤中位,False,正常,5383,19
2024-04-16 08:02:00,2024-04-16 08:02:00,1,割煤高位,False,正常,5384,19
2024-04-16 08:03:00,2024-04-16 08:05:00,3,割煤中位,False,正常,5385,19
2024-04-16 08:06:00,2024-04-16 08:07:00,2,调架中,False,正常,5386,19
2024-04-16 08:08:00,2024-04-16 08:08:00,1,割煤中位,False,正常,5387,19
2024-04-16 08:09:00,2024-04-16 08:11:00,3,割煤高位,False,正常,5388,19
2024-04-16 08:12:00,2024-04-16 08:13:00,2,调架中,False,正常,5389,19
2024-04-16 08:14:00,2024-04-16 08:14:00,1,割煤高位,False,正常,5390,19
2024-04-16 08:15:00,2024-04-16 08:19:00,5,割煤中位,False,正常,5391,19
2024-04-16 08:20:00,2024-04-16 08:20:00,1,调架中,False,正常,5392,19
2024-04-16 08:21:00,2024-04-16 08:27:00,7,待机,False,正常,5393,19
2024-04-16 08:28:00,2024-04-16 08:31:00,4,调架中,False,正常,5394,19
2024-04-16 08:32:00,2024-04-16 08:36:00,5,割煤中位,False,正常,5395,19
2024-04-16 08:37:00,2024-04-16 08:38:00,2,待机,False,正常,5396,19
2024-04-16 08:39:00,2024-04-16 08:39:00,1,调架中,False,正常,5397,19
2024-04-16 08:40:00,2024-04-16 08:42:00,3,割煤中位,False,正常,5398,19
2024-04-16 08:43:00,2024-04-16 08:51:00,9,待机,False,正常,5399,19
2024-04-16 08:52:00,2024-04-16 08:53:00,2,割煤中位,False,正常,5400,19
2024-04-16 08:54:00,2024-04-16 08:54:00,1,调架中,False,正常,5401,19
2024-04-16 08:55:00,2024-04-16 14:14:00,320,待机,True,通讯中断/传感器休眠（段持续 >= 4h）,5402,20
2024-04-16 14:15:00,2024-04-16 14:15:00,1,停机,False,正常,5403,21
2024-04-16 14:16:00,2024-04-16 15:43:00,88,待机,False,正常,5404,21
2024-04-16 15:44:00,2024-04-16 15:44:00,1,调架中,False,正常,5405,21
2024-04-16 15:45:00,2024-04-16 15:55:00,11,待机,False,正常,5406,21
2024-04-16 15:56:00,2024-04-16 15:56:00,1,停机,False,正常,5407,21
2024-04-16 15:57:00,2024-04-16 15:57:00,1,调架中,False,正常,5408,21
2024-04-16 15:58:00,2024-04-16 15:58:00,1,停机,False,正常,5409,21
2024-04-16 15:59:00,2024-04-16 16:00:00,2,割煤中位,False,正常,5410,21
2024-04-16 16:01:00,2024-04-16 16:01:00,1,调架中,False,正常,5411,21
2024-04-16 16:02:00,2024-04-16 16:02:00,1,割煤中位,False,正常,5412,21
2024-04-16 16:03:00,2024-04-16 16:05:00,3,调架中,False,正常,5413,21
2024-04-16 16:06:00,2024-04-16 16:08:00,3,停机,False,正常,5414,21
2024-04-16 16:09:00,2024-04-16 16:39:00,31,待机,False,正常,5415,21
2024-04-16 16:40:00,2024-04-16 16:41:00,2,割煤中位,False,正常,5416,21
2024-04-16 16:42:00,2024-04-16 16:42:00,1,调架中,False,正常,5417,21
2024-04-16 16:43:00,2024-04-16 16:43:00,1,割煤中位,False,正常,5418,21
2024-04-16 16:44:00,2024-04-16 16:44:00,1,割煤高位,False,正常,5419,21
2024-04-16 16:45:00,2024-04-16 16:45:00,1,待机,False,正常,5420,21
2024-04-16 16:46:00,2024-04-16 16:48:00,3,割煤中位,False,正常,5421,21
2024-04-16 16:49:00,2024-04-16 16:50:00,2,待机,False,正常,5422,21
2024-04-16 16:51:00,2024-04-16 16:51:00,1,割煤中位,False,正常,5423,21
2024-04-16 16:52:00,2024-04-16 16:52:00,1,调架中,False,正常,5424,21
2024-04-16 16:53:00,2024-04-16 16:54:00,2,割煤中位,False,正常,5425,21
2024-04-16 16:55:00,2024-04-16 16:58:00,4,待机,False,正常,5426,21
2024-04-16 16:59:00,2024-04-16 17:03:00,5,割煤中位,False,正常,5427,21
2024-04-16 17:04:00,2024-04-16 17:04:00,1,待机,False,正常,5428,21
2024-04-16 17:05:00,2024-04-16 17:05:00,1,割煤中位,False,正常,5429,21
2024-04-16 17:06:00,2024-04-16 17:07:00,2,待机,False,正常,5430,21
2024-04-16 17:08:00,2024-04-16 17:08:00,1,割煤中位,False,正常,5431,21
2024-04-16 17:09:00,2024-04-16 17:09:00,1,待机,False,正常,5432,21
2024-04-16 17:10:00,2024-04-16 17:10:00,1,割煤中位,False,正常,5433,21
2024-04-16 17:11:00,2024-04-16 17:11:00,1,调架中,False,正常,5434,21
2024-04-16 17:12:00,2024-04-16 17:19:00,8,割煤中位,False,正常,5435,21
2024-04-16 17:20:00,2024-04-16 17:20:00,1,调架中,False,正常,5436,21
2024-04-16 17:21:00,2024-04-16 17:21:00,1,割煤中位,False,正常,5437,21
2024-04-16 17:22:00,2024-04-16 17:23:00,2,调架中,False,正常,5438,21
2024-04-16 17:24:00,2024-04-16 17:25:00,2,待机,False,正常,5439,21
2024-04-16 17:26:00,2024-04-16 17:26:00,1,调架中,False,正常,5440,21
2024-04-16 17:27:00,2024-04-16 17:28:00,2,割煤中位,False,正常,5441,21
2024-04-16 17:29:00,2024-04-16 17:29:00,1,待机,False,正常,5442,21
2024-04-16 17:30:00,2024-04-16 17:30:00,1,调架中,False,正常,5443,21
2024-04-16 17:31:00,2024-04-16 17:32:00,2,割煤中位,False,正常,5444,21
2024-04-16 17:33:00,2024-04-16 17:34:00,2,调架中,False,正常,5445,21
2024-04-16 17:35:00,2024-04-16 17:35:00,1,割煤中位,False,正常,5446,21
2024-04-16 17:36:00,2024-04-16 17:36:00,1,调架中,False,正常,5447,21
2024-04-16 17:37:00,2024-04-16 17:38:00,2,割煤中位,False,正常,5448,21
2024-04-16 17:39:00,2024-04-16 17:40:00,2,调架中,False,正常,5449,21
2024-04-16 17:41:00,2024-04-16 17:41:00,1,割煤中位,False,正常,5450,21
2024-04-16 17:42:00,2024-04-16 17:42:00,1,调架中,False,正常,5451,21
2024-04-16 17:43:00,2024-04-16 17:43:00,1,割煤中位,False,正常,5452,21
2024-04-16 17:44:00,2024-04-16 17:46:00,3,割煤高位,False,正常,5453,21
2024-04-16 17:47:00,2024-04-16 17:54:00,8,割煤中位,False,正常,5454,21
2024-04-16 17:55:00,2024-04-16 17:57:00,3,割煤高位,False,正常,5455,21
2024-04-16 17:58:00,2024-04-16 17:58:00,1,割煤中位,False,正常,5456,21
2024-04-16 17:59:00,2024-04-16 17:59:00,1,调架中,False,正常,5457,21
2024-04-16 18:00:00,2024-04-16 18:03:00,4,割煤高位,False,正常,5458,21
2024-04-16 18:04:00,2024-04-16 18:04:00,1,待机,False,正常,5459,21
2024-04-16 18:05:00,2024-04-16 18:07:00,3,割煤高位,False,正常,5460,21
2024-04-16 18:08:00,2024-04-16 18:09:00,2,调架中,False,正常,5461,21
2024-04-16 18:10:00,2024-04-16 18:11:00,2,割煤高位,False,正常,5462,21
2024-04-16 18:12:00,2024-04-16 18:14:00,3,割煤中位,False,正常,5463,21
2024-04-16 18:15:00,2024-04-16 18:15:00,1,待机,False,正常,5464,21
2024-04-16 18:16:00,2024-04-16 18:16:00,1,割煤中位,False,正常,5465,21
2024-04-16 18:17:00,2024-04-16 18:22:00,6,割煤高位,False,正常,5466,21
2024-04-16 18:23:00,2024-04-16 18:23:00,1,割煤中位,False,正常,5467,21
2024-04-16 18:24:00,2024-04-16 18:24:00,1,调架中,False,正常,5468,21
2024-04-16 18:25:00,2024-04-16 18:25:00,1,割煤中位,False,正常,5469,21
2024-04-16 18:26:00,2024-04-16 18:28:00,3,待机-高位,False,正常,5470,21
2024-04-16 18:29:00,2024-04-16 18:29:00,1,割煤中位,False,正常,5471,21
2024-04-16 18:30:00,2024-04-16 18:31:00,2,割煤高位,False,正常,5472,21
2024-04-16 18:32:00,2024-04-16 18:32:00,1,调架中,False,正常,5473,21
2024-04-16 18:33:00,2024-04-16 18:33:00,1,割煤高位,False,正常,5474,21
2024-04-16 18:34:00,2024-04-16 18:35:00,2,割煤中位,False,正常,5475,21
2024-04-16 18:36:00,2024-04-16 18:41:00,6,割煤高位,False,正常,5476,21
2024-04-16 18:42:00,2024-04-16 18:43:00,2,待机-高位,False,正常,5477,21
2024-04-16 18:44:00,2024-04-16 18:45:00,2,割煤高位,False,正常,5478,21
2024-04-16 18:46:00,2024-04-16 18:46:00,1,待机-高位,False,正常,5479,21
2024-04-16 18:47:00,2024-04-16 18:47:00,1,割煤高位,False,正常,5480,21
2024-04-16 18:48:00,2024-04-16 18:53:00,6,割煤中位,False,正常,5481,21
2024-04-16 18:54:00,2024-04-16 18:54:00,1,调架中,False,正常,5482,21
2024-04-16 18:55:00,2024-04-16 18:56:00,2,割煤高位,False,正常,5483,21
2024-04-16 18:57:00,2024-04-16 19:04:00,8,割煤中位,False,正常,5484,21
2024-04-16 19:05:00,2024-04-16 19:05:00,1,调架中,False,正常,5485,21
2024-04-16 19:06:00,2024-04-16 19:10:00,5,割煤中位,False,正常,5486,21
2024-04-16 19:11:00,2024-04-16 19:12:00,2,调架中,False,正常,5487,21
2024-04-16 19:13:00,2024-04-16 19:15:00,3,割煤中位,False,正常,5488,21
2024-04-16 19:16:00,2024-04-16 19:16:00,1,调架中,False,正常,5489,21
2024-04-16 19:17:00,2024-04-16 19:18:00,2,割煤中位,False,正常,5490,21
2024-04-16 19:19:00,2024-04-16 19:19:00,1,割煤高位,False,正常,5491,21
2024-04-16 19:20:00,2024-04-16 19:20:00,1,待机-高位,False,正常,5492,21
2024-04-16 19:21:00,2024-04-16 19:21:00,1,调架中,False,正常,5493,21
2024-04-16 19:22:00,2024-04-16 19:22:00,1,割煤中位,False,正常,5494,21
2024-04-16 19:23:00,2024-04-16 19:23:00,1,待机,False,正常,5495,21
2024-04-16 19:24:00,2024-04-16 19:24:00,1,调架中,False,正常,5496,21
2024-04-16 19:25:00,2024-04-16 19:32:00,8,割煤中位,False,正常,5497,21
2024-04-16 19:33:00,2024-04-16 19:33:00,1,割煤高位,False,正常,5498,21
2024-04-16 19:34:00,2024-04-16 19:35:00,2,割煤中位,False,正常,5499,21
2024-04-16 19:36:00,2024-04-16 19:43:00,8,待机,False,正常,5500,21
2024-04-16 19:44:00,2024-04-16 19:44:00,1,调架中,False,正常,5501,21
2024-04-16 19:45:00,2024-04-17 01:25:00,341,待机,True,通讯中断/传感器休眠（段持续 >= 4h）,5502,22
2024-04-17 01:26:00,2024-04-17 01:26:00,1,调架中,False,正常,5503,23
2024-04-17 01:27:00,2024-04-17 01:49:00,23,待机,False,正常,5504,23
2024-04-17 01:50:00,2024-04-17 02:03:00,14,割煤中位,False,正常,5505,23
2024-04-17 02:04:00,2024-04-17 02:05:00,2,待机,False,正常,5506,23
2024-04-17 02:06:00,2024-04-17 02:14:00,9,割煤中位,False,正常,5507,23
2024-04-17 02:15:00,2024-04-17 02:15:00,1,调架中,False,正常,5508,23
2024-04-17 02:16:00,2024-04-17 02:31:00,16,割煤中位,False,正常,5509,23
2024-04-17 02:32:00,2024-04-17 02:33:00,2,割煤高位,False,正常,5510,23
2024-04-17 02:34:00,2024-04-17 02:39:00,6,割煤中位,False,正常,5511,23
2024-04-17 02:40:00,2024-04-17 02:40:00,1,割煤高位,False,正常,5512,23
2024-04-17 02:41:00,2024-04-17 02:44:00,4,割煤中位,False,正常,5513,23
2024-04-17 02:45:00,2024-04-17 02:48:00,4,割煤高位,False,正常,5514,23
2024-04-17 02:49:00,2024-04-17 02:52:00,4,割煤中位,False,正常,5515,23
2024-04-17 02:53:00,2024-04-17 02:54:00,2,割煤高位,False,正常,5516,23
2024-04-17 02:55:00,2024-04-17 02:55:00,1,调架中,False,正常,5517,23
2024-04-17 02:56:00,2024-04-17 03:00:00,5,割煤高位,False,正常,5518,23
2024-04-17 03:01:00,2024-04-17 03:05:00,5,割煤中位,False,正常,5519,23
2024-04-17 03:06:00,2024-04-17 03:11:00,6,割煤高位,False,正常,5520,23
2024-04-17 03:12:00,2024-04-17 03:12:00,1,割煤中位,False,正常,5521,23
2024-04-17 03:13:00,2024-04-17 03:19:00,7,割煤高位,False,正常,5522,23
2024-04-17 03:20:00,2024-04-17 03:20:00,1,调架中,False,正常,5523,23
2024-04-17 03:21:00,2024-04-17 03:21:00,1,割煤中位,False,正常,5524,23
2024-04-17 03:22:00,2024-04-17 03:33:00,12,待机,False,正常,5525,23
2024-04-17 03:34:00,2024-04-17 03:34:00,1,割煤中位,False,正常,5526,23
2024-04-17 03:35:00,2024-04-17 03:35:00,1,割煤高位,False,正常,5527,23
2024-04-17 03:36:00,2024-04-17 03:36:00,1,割煤中位,False,正常,5528,23
2024-04-17 03:37:00,2024-04-17 03:37:00,1,调架中,False,正常,5529,23
2024-04-17 03:38:00,2024-04-17 03:38:00,1,割煤中位,False,正常,5530,23
2024-04-17 03:39:00,2024-04-17 03:39:00,1,割煤高位,False,正常,5531,23
2024-04-17 03:40:00,2024-04-17 03:52:00,13,割煤中位,False,正常,5532,23
2024-04-17 03:53:00,2024-04-17 03:53:00,1,调架中,False,正常,5533,23
2024-04-17 03:54:00,2024-04-17 03:59:00,6,割煤中位,False,正常,5534,23
2024-04-17 04:00:00,2024-04-17 04:00:00,1,调架中,False,正常,5535,23
2024-04-17 04:01:00,2024-04-17 04:09:00,9,割煤中位,False,正常,5536,23
2024-04-17 04:10:00,2024-04-17 04:10:00,1,调架中,False,正常,5537,23
2024-04-17 04:11:00,2024-04-17 04:11:00,1,割煤中位,False,正常,5538,23
2024-04-17 04:12:00,2024-04-17 04:12:00,1,割煤高位,False,正常,5539,23
2024-04-17 04:13:00,2024-04-17 04:13:00,1,调架中,False,正常,5540,23
2024-04-17 04:14:00,2024-04-17 04:14:00,1,割煤中位,False,正常,5541,23
2024-04-17 04:15:00,2024-04-17 06:25:00,131,待机,False,正常,5542,23
2024-04-17 06:26:00,2024-04-17 06:26:00,1,调架中,False,正常,5543,23
2024-04-17 06:27:00,2024-04-17 06:37:00,11,割煤中位,False,正常,5544,23
2024-04-17 06:38:00,2024-04-17 06:41:00,4,调架中,False,正常,5545,23
2024-04-17 06:42:00,2024-04-17 06:42:00,1,割煤中位,False,正常,5546,23
2024-04-17 06:43:00,2024-04-17 06:43:00,1,调架中,False,正常,5547,23
2024-04-17 06:44:00,2024-04-17 06:49:00,6,割煤中位,False,正常,5548,23
2024-04-17 06:50:00,2024-04-17 06:50:00,1,调架中,False,正常,5549,23
2024-04-17 06:51:00,2024-04-17 07:02:00,12,割煤中位,False,正常,5550,23
2024-04-17 07:03:00,2024-04-17 07:03:00,1,割煤高位,False,正常,5551,23
2024-04-17 07:04:00,2024-04-17 07:09:00,6,割煤中位,False,正常,5552,23
2024-04-17 07:10:00,2024-04-17 07:13:00,4,割煤高位,False,正常,5553,23
2024-04-17 07:14:00,2024-04-17 07:15:00,2,调架中,False,正常,5554,23
2024-04-17 07:16:00,2024-04-17 07:18:00,3,待机,False,正常,5555,23
2024-04-17 07:19:00,2024-04-17 07:20:00,2,割煤中位,False,正常,5556,23
2024-04-17 07:21:00,2024-04-17 07:21:00,1,调架中,False,正常,5557,23
2024-04-17 07:22:00,2024-04-17 07:26:00,5,待机,False,正常,5558,23
2024-04-17 07:27:00,2024-04-17 07:32:00,6,割煤中位,False,正常,5559,23
2024-04-17 07:33:00,2024-04-17 07:33:00,1,割煤高位,False,正常,5560,23
2024-04-17 07:34:00,2024-04-17 07:38:00,5,割煤中位,False,正常,5561,23
2024-04-17 07:39:00,2024-04-17 07:39:00,1,割煤高位,False,正常,5562,23
2024-04-17 07:40:00,2024-04-17 07:40:00,1,调架中,False,正常,5563,23
2024-04-17 07:41:00,2024-04-17 07:45:00,5,割煤高位,False,正常,5564,23
2024-04-17 07:46:00,2024-04-17 07:50:00,5,割煤中位,False,正常,5565,23
2024-04-17 07:51:00,2024-04-17 07:51:00,1,调架中,False,正常,5566,23
2024-04-17 07:52:00,2024-04-17 07:56:00,5,割煤高位,False,正常,5567,23
2024-04-17 07:57:00,2024-04-17 07:57:00,1,割煤中位,False,正常,5568,23
2024-04-17 07:58:00,2024-04-17 07:58:00,1,调架中,False,正常,5569,23
2024-04-17 07:59:00,2024-04-17 07:59:00,1,割煤中位,False,正常,5570,23
2024-04-17 08:00:00,2024-04-17 08:04:00,5,割煤高位,False,正常,5571,23
2024-04-17 08:05:00,2024-04-17 08:06:00,2,调架中,False,正常,5572,23
2024-04-17 08:07:00,2024-04-17 08:11:00,5,割煤中位,False,正常,5573,23
2024-04-17 08:12:00,2024-04-17 08:12:00,1,割煤高位,False,正常,5574,23
2024-04-17 08:13:00,2024-04-17 08:13:00,1,割煤中位,False,正常,5575,23
2024-04-17 08:14:00,2024-04-17 08:14:00,1,割煤高位,False,正常,5576,23
2024-04-17 08:15:00,2024-04-17 08:17:00,3,割煤中位,False,正常,5577,23
2024-04-17 08:18:00,2024-04-17 08:18:00,1,割煤高位,False,正常,5578,23
2024-04-17 08:19:00,2024-04-17 08:19:00,1,割煤中位,False,正常,5579,23
2024-04-17 08:20:00,2024-04-17 08:20:00,1,调架中,False,正常,5580,23
2024-04-17 08:21:00,2024-04-17 08:26:00,6,割煤中位,False,正常,5581,23
2024-04-17 08:27:00,2024-04-17 08:27:00,1,调架中,False,正常,5582,23
2024-04-17 08:28:00,2024-04-17 08:29:00,2,割煤中位,False,正常,5583,23
2024-04-17 08:30:00,2024-04-17 08:30:00,1,调架中,False,正常,5584,23
2024-04-17 08:31:00,2024-04-17 08:31:00,1,待机,False,正常,5585,23
2024-04-17 08:32:00,2024-04-17 08:32:00,1,割煤中位,False,正常,5586,23
2024-04-17 08:33:00,2024-04-17 08:33:00,1,割煤高位,False,正常,5587,23
2024-04-17 08:34:00,2024-04-17 08:38:00,5,割煤中位,False,正常,5588,23
2024-04-17 08:39:00,2024-04-17 08:45:00,7,调架中,False,正常,5589,23
2024-04-17 08:46:00,2024-04-17 08:46:00,1,割煤中位,False,正常,5590,23
2024-04-17 08:47:00,2024-04-17 08:47:00,1,割煤高位,False,正常,5591,23
2024-04-17 08:48:00,2024-04-17 08:48:00,1,调架中,False,正常,5592,23
2024-04-17 08:49:00,2024-04-17 08:50:00,2,割煤中位,False,正常,5593,23
2024-04-17 08:51:00,2024-04-17 08:51:00,1,待机,False,正常,5594,23
2024-04-17 08:52:00,2024-04-17 08:53:00,2,割煤中位,False,正常,5595,23
2024-04-17 08:54:00,2024-04-17 08:54:00,1,调架中,False,正常,5596,23
2024-04-17 08:55:00,2024-04-17 08:55:00,1,待机,False,正常,5597,23
2024-04-17 08:56:00,2024-04-17 08:56:00,1,调架中,False,正常,5598,23
2024-04-17 08:57:00,2024-04-17 08:58:00,2,割煤中位,False,正常,5599,23
2024-04-17 08:59:00,2024-04-17 09:04:00,6,调架中,False,正常,5600,23
2024-04-17 09:05:00,2024-04-17 09:06:00,2,割煤中位,False,正常,5601,23
2024-04-17 09:07:00,2024-04-17 09:08:00,2,调架中,False,正常,5602,23
2024-04-17 09:09:00,2024-04-17 09:09:00,1,割煤中位,False,正常,5603,23
2024-04-17 09:10:00,2024-04-17 09:10:00,1,调架中,False,正常,5604,23
2024-04-17 09:11:00,2024-04-17 09:12:00,2,割煤中位,False,正常,5605,23
2024-04-17 09:13:00,2024-04-17 09:13:00,1,调架中,False,正常,5606,23
2024-04-17 09:14:00,2024-04-17 09:14:00,1,割煤中位,False,正常,5607,23
2024-04-17 09:15:00,2024-04-17 09:15:00,1,调架中,False,正常,5608,23
2024-04-17 09:16:00,2024-04-17 09:22:00,7,割煤中位,False,正常,5609,23
2024-04-17 09:23:00,2024-04-17 09:23:00,1,调架中,False,正常,5610,23
2024-04-17 09:24:00,2024-04-17 09:27:00,4,割煤中位,False,正常,5611,23
2024-04-17 09:28:00,2024-04-17 11:56:00,149,待机,False,正常,5612,23
2024-04-17 11:57:00,2024-04-17 13:04:00,68,停机,False,正常,5613,23
2024-04-17 13:05:00,2024-04-17 14:43:00,99,待机,False,正常,5614,23
2024-04-17 14:44:00,2024-04-17 14:44:00,1,停机,False,正常,5615,23
2024-04-17 14:45:00,2024-04-17 14:45:00,1,待机,False,正常,5616,23
2024-04-17 14:46:00,2024-04-17 14:49:00,4,停机,False,正常,5617,23
2024-04-17 14:50:00,2024-04-17 14:57:00,8,待机,False,正常,5618,23
2024-04-17 14:58:00,2024-04-17 15:03:00,6,停机,False,正常,5619,23
2024-04-17 15:04:00,2024-04-17 15:20:00,17,待机,False,正常,5620,23
2024-04-17 15:21:00,2024-04-17 15:55:00,35,停机,False,正常,5621,23
2024-04-17 15:56:00,2024-04-17 15:57:00,2,待机,False,正常,5622,23
2024-04-17 15:58:00,2024-04-17 15:59:00,2,停机,False,正常,5623,23
2024-04-17 16:00:00,2024-04-17 16:38:00,39,待机,False,正常,5624,23
2024-04-17 16:39:00,2024-04-17 16:39:00,1,停机,False,正常,5625,23
2024-04-17 16:40:00,2024-04-17 16:40:00,1,调架中,False,正常,5626,23
2024-04-17 16:41:00,2024-04-17 16:41:00,1,停机,False,正常,5627,23
2024-04-17 16:42:00,2024-04-17 16:42:00,1,调架中,False,正常,5628,23
2024-04-17 16:43:00,2024-04-17 16:49:00,7,停机,False,正常,5629,23
2024-04-17 16:50:00,2024-04-17 16:50:00,1,调架中,False,正常,5630,23
2024-04-17 16:51:00,2024-04-17 16:52:00,2,割煤中位,False,正常,5631,23
2024-04-17 16:53:00,2024-04-17 16:53:00,1,割煤高位,False,正常,5632,23
2024-04-17 16:54:00,2024-04-17 16:57:00,4,调架中,False,正常,5633,23
2024-04-17 16:58:00,2024-04-17 16:58:00,1,割煤高位,False,正常,5634,23
2024-04-17 16:59:00,2024-04-17 16:59:00,1,停机,False,正常,5635,23
2024-04-17 17:00:00,2024-04-17 17:00:00,1,调架中,False,正常,5636,23
2024-04-17 17:01:00,2024-04-17 17:01:00,1,割煤中位,False,正常,5637,23
2024-04-17 17:02:00,2024-04-17 17:02:00,1,停机,False,正常,5638,23
2024-04-17 17:03:00,2024-04-17 17:03:00,1,割煤中位,False,正常,5639,23
2024-04-17 17:04:00,2024-04-17 17:04:00,1,调架中,False,正常,5640,23
2024-04-17 17:05:00,2024-04-17 17:05:00,1,割煤高位,False,正常,5641,23
2024-04-17 17:06:00,2024-04-17 17:07:00,2,割煤中位,False,正常,5642,23
2024-04-17 17:08:00,2024-04-17 17:08:00,1,停机,False,正常,5643,23
2024-04-17 17:09:00,2024-04-17 17:09:00,1,调架中,False,正常,5644,23
2024-04-17 17:10:00,2024-04-17 17:13:00,4,割煤中位,False,正常,5645,23
2024-04-17 17:14:00,2024-04-17 17:14:00,1,割煤高位,False,正常,5646,23
2024-04-17 17:15:00,2024-04-17 17:18:00,4,割煤中位,False,正常,5647,23
2024-04-17 17:19:00,2024-04-17 17:27:00,9,割煤高位,False,正常,5648,23
2024-04-17 17:28:00,2024-04-17 17:28:00,1,割煤中位,False,正常,5649,23
2024-04-17 17:29:00,2024-04-17 17:30:00,2,割煤高位,False,正常,5650,23
2024-04-17 17:31:00,2024-04-17 17:32:00,2,待机-高位,False,正常,5651,23
2024-04-17 17:33:00,2024-04-17 17:35:00,3,调架中,False,正常,5652,23
2024-04-17 17:36:00,2024-04-17 17:36:00,1,割煤高位,False,正常,5653,23
2024-04-17 17:37:00,2024-04-17 17:37:00,1,调架中,False,正常,5654,23
2024-04-17 17:38:00,2024-04-17 17:39:00,2,割煤高位,False,正常,5655,23
2024-04-17 17:40:00,2024-04-17 17:40:00,1,调架中,False,正常,5656,23
2024-04-17 17:41:00,2024-04-17 17:44:00,4,割煤高位,False,正常,5657,23
2024-04-17 17:45:00,2024-04-17 17:46:00,2,调架中,False,正常,5658,23
2024-04-17 17:47:00,2024-04-17 17:47:00,1,待机,False,正常,5659,23
2024-04-17 17:48:00,2024-04-17 17:48:00,1,割煤中位,False,正常,5660,23
2024-04-17 17:49:00,2024-04-17 17:50:00,2,待机,False,正常,5661,23
2024-04-17 17:51:00,2024-04-17 17:53:00,3,割煤中位,False,正常,5662,23
2024-04-17 17:54:00,2024-04-17 17:55:00,2,割煤高位,False,正常,5663,23
2024-04-17 17:56:00,2024-04-17 18:00:00,5,割煤中位,False,正常,5664,23
2024-04-17 18:01:00,2024-04-17 18:01:00,1,调架中,False,正常,5665,23
2024-04-17 18:02:00,2024-04-17 18:06:00,5,割煤中位,False,正常,5666,23
2024-04-17 18:07:00,2024-04-17 18:10:00,4,割煤高位,False,正常,5667,23
2024-04-17 18:11:00,2024-04-17 18:11:00,1,割煤中位,False,正常,5668,23
2024-04-17 18:12:00,2024-04-17 18:14:00,3,割煤高位,False,正常,5669,23
2024-04-17 18:15:00,2024-04-17 18:17:00,3,割煤中位,False,正常,5670,23
2024-04-17 18:18:00,2024-04-17 18:18:00,1,调架中,False,正常,5671,23
2024-04-17 18:19:00,2024-04-17 18:23:00,5,割煤中位,False,正常,5672,23
2024-04-17 18:24:00,2024-04-17 18:25:00,2,调架中,False,正常,5673,23
2024-04-17 18:26:00,2024-04-17 18:27:00,2,割煤中位,False,正常,5674,23
2024-04-17 18:28:00,2024-04-17 18:28:00,1,调架中,False,正常,5675,23
2024-04-17 18:29:00,2024-04-17 18:37:00,9,割煤中位,False,正常,5676,23
2024-04-17 18:38:00,2024-04-17 18:39:00,2,调架中,False,正常,5677,23
2024-04-17 18:40:00,2024-04-17 18:40:00,1,割煤高位,False,正常,5678,23
2024-04-17 18:41:00,2024-04-17 18:41:00,1,割煤中位,False,正常,5679,23
2024-04-17 18:42:00,2024-04-17 18:42:00,1,待机,False,正常,5680,23
2024-04-17 18:43:00,2024-04-17 18:43:00,1,割煤中位,False,正常,5681,23
2024-04-17 18:44:00,2024-04-17 18:45:00,2,待机,False,正常,5682,23
2024-04-17 18:46:00,2024-04-17 18:46:00,1,调架中,False,正常,5683,23
2024-04-17 18:47:00,2024-04-17 18:49:00,3,割煤中位,False,正常,5684,23
2024-04-17 18:50:00,2024-04-17 18:51:00,2,调架中,False,正常,5685,23
2024-04-17 18:52:00,2024-04-17 18:55:00,4,割煤中位,False,正常,5686,23
2024-04-17 18:56:00,2024-04-17 18:56:00,1,待机,False,正常,5687,23
2024-04-17 18:57:00,2024-04-17 19:02:00,6,调架中,False,正常,5688,23
2024-04-17 19:03:00,2024-04-17 19:04:00,2,待机,False,正常,5689,23
2024-04-17 19:05:00,2024-04-17 19:11:00,7,调架中,False,正常,5690,23
2024-04-17 19:12:00,2024-04-17 19:13:00,2,割煤中位,False,正常,5691,23
2024-04-17 19:14:00,2024-04-17 19:30:00,17,待机,False,正常,5692,23
2024-04-17 19:31:00,2024-04-17 20:19:00,49,停机,False,正常,5693,23
2024-04-17 20:20:00,2024-04-17 20:20:00,1,调架中,False,正常,5694,23
2024-04-17 20:21:00,2024-04-17 20:21:00,1,割煤中位,False,正常,5695,23
2024-04-17 20:22:00,2024-04-17 20:22:00,1,调架中,False,正常,5696,23
2024-04-17 20:23:00,2024-04-17 20:23:00,1,割煤中位,False,正常,5697,23
2024-04-17 20:24:00,2024-04-17 20:24:00,1,调架中,False,正常,5698,23
2024-04-17 20:25:00,2024-04-17 20:25:00,1,割煤中位,False,正常,5699,23
2024-04-17 20:26:00,2024-04-17 20:29:00,4,调架中,False,正常,5700,23
2024-04-17 20:30:00,2024-04-17 20:30:00,1,停机,False,正常,5701,23
2024-04-17 20:31:00,2024-04-17 20:32:00,2,割煤中位,False,正常,5702,23
2024-04-17 20:33:00,2024-04-17 20:33:00,1,停机,False,正常,5703,23
2024-04-17 20:34:00,2024-04-17 20:34:00,1,割煤中位,False,正常,5704,23
2024-04-17 20:35:00,2024-04-17 20:35:00,1,调架中,False,正常,5705,23
2024-04-17 20:36:00,2024-04-17 20:39:00,4,割煤中位,False,正常,5706,23
2024-04-17 20:40:00,2024-04-17 20:40:00,1,调架中,False,正常,5707,23
2024-04-17 20:41:00,2024-04-17 20:42:00,2,割煤中位,False,正常,5708,23
2024-04-17 20:43:00,2024-04-17 20:45:00,3,调架中,False,正常,5709,23
2024-04-17 20:46:00,2024-04-17 20:46:00,1,割煤中位,False,正常,5710,23
2024-04-17 20:47:00,2024-04-17 20:48:00,2,停机,False,正常,5711,23
2024-04-17 20:49:00,2024-04-17 20:50:00,2,待机,False,正常,5712,23
2024-04-17 20:51:00,2024-04-17 20:52:00,2,割煤中位,False,正常,5713,23
2024-04-17 20:53:00,2024-04-17 20:53:00,1,调架中,False,正常,5714,23
2024-04-17 20:54:00,2024-04-17 20:54:00,1,割煤中位,False,正常,5715,23
2024-04-17 20:55:00,2024-04-17 20:56:00,2,调架中,False,正常,5716,23
2024-04-17 20:57:00,2024-04-17 20:57:00,1,待机,False,正常,5717,23
2024-04-17 20:58:00,2024-04-17 20:58:00,1,停机,False,正常,5718,23
2024-04-17 20:59:00,2024-04-17 21:02:00,4,待机,False,正常,5719,23
2024-04-17 21:03:00,2024-04-17 21:45:00,43,停机,False,正常,5720,23
2024-04-17 21:46:00,2024-04-17 21:47:00,2,调架中,False,正常,5721,23
2024-04-17 21:48:00,2024-04-17 21:49:00,2,割煤中位,False,正常,5722,23
2024-04-17 21:50:00,2024-04-17 21:50:00,1,调架中,False,正常,5723,23
2024-04-17 21:51:00,2024-04-17 21:51:00,1,割煤中位,False,正常,5724,23
2024-04-17 21:52:00,2024-04-17 21:52:00,1,停机,False,正常,5725,23
2024-04-17 21:53:00,2024-04-17 21:54:00,2,割煤中位,False,正常,5726,23
2024-04-17 21:55:00,2024-04-17 21:57:00,3,调架中,False,正常,5727,23
2024-04-17 21:58:00,2024-04-17 22:01:00,4,割煤中位,False,正常,5728,23
2024-04-17 22:02:00,2024-04-17 22:03:00,2,调架中,False,正常,5729,23
2024-04-17 22:04:00,2024-04-17 22:04:00,1,割煤中位,False,正常,5730,23
2024-04-17 22:05:00,2024-04-17 22:05:00,1,调架中,False,正常,5731,23
2024-04-17 22:06:00,2024-04-17 22:12:00,7,待机,False,正常,5732,23
2024-04-17 22:13:00,2024-04-17 22:28:00,16,停机,False,正常,5733,23
2024-04-17 22:29:00,2024-04-17 22:29:00,1,待机,False,正常,5734,23
2024-04-17 22:30:00,2024-04-17 22:32:00,3,割煤中位,False,正常,5735,23
2024-04-17 22:33:00,2024-04-17 22:44:00,12,调架中,False,正常,5736,23
2024-04-17 22:45:00,2024-04-17 23:09:00,25,停机,False,正常,5737,23
2024-04-17 23:10:00,2024-04-17 23:10:00,1,待机,False,正常,5738,23
2024-04-17 23:11:00,2024-04-17 23:11:00,1,停机,False,正常,5739,23
2024-04-17 23:12:00,2024-04-17 23:12:00,1,调架中,False,正常,5740,23
2024-04-17 23:13:00,2024-04-17 23:14:00,2,割煤中位,False,正常,5741,23
2024-04-17 23:15:00,2024-04-17 23:16:00,2,调架中,False,正常,5742,23
2024-04-17 23:17:00,2024-04-17 23:18:00,2,割煤中位,False,正常,5743,23
2024-04-17 23:19:00,2024-04-17 23:20:00,2,调架中,False,正常,5744,23
2024-04-17 23:21:00,2024-04-17 23:21:00,1,待机,False,正常,5745,23
2024-04-17 23:22:00,2024-04-17 23:22:00,1,割煤中位,False,正常,5746,23
2024-04-17 23:23:00,2024-04-17 23:24:00,2,调架中,False,正常,5747,23
2024-04-17 23:25:00,2024-04-17 23:25:00,1,割煤中位,False,正常,5748,23
2024-04-17 23:26:00,2024-04-17 23:38:00,13,停机,False,正常,5749,23
2024-04-17 23:39:00,2024-04-17 23:39:00,1,待机,False,正常,5750,23
2024-04-17 23:40:00,2024-04-17 23:40:00,1,调架中,False,正常,5751,23
2024-04-17 23:41:00,2024-04-17 23:41:00,1,割煤中位,False,正常,5752,23
2024-04-17 23:42:00,2024-04-17 23:43:00,2,调架中,False,正常,5753,23
2024-04-17 23:44:00,2024-04-17 23:48:00,5,割煤中位,False,正常,5754,23
2024-04-17 23:49:00,2024-04-17 23:49:00,1,调架中,False,正常,5755,23
2024-04-17 23:50:00,2024-04-17 23:51:00,2,割煤中位,False,正常,5756,23
2024-04-17 23:52:00,2024-04-17 23:53:00,2,待机,False,正常,5757,23
2024-04-17 23:54:00,2024-04-17 23:55:00,2,调架中,False,正常,5758,23
2024-04-17 23:56:00,2024-04-17 23:57:00,2,割煤中位,False,正常,5759,23
2024-04-17 23:58:00,2024-04-17 23:58:00,1,调架中,False,正常,5760,23
2024-04-17 23:59:00,2024-04-17 23:59:00,1,割煤中位,False,正常,5761,23
2024-04-18 00:00:00,2024-04-18 00:00:00,1,调架中,False,正常,5762,23
2024-04-18 00:01:00,2024-04-18 00:03:00,3,割煤中位,False,正常,5763,23
2024-04-18 00:04:00,2024-04-18 00:04:00,1,调架中,False,正常,5764,23
2024-04-18 00:05:00,2024-04-18 00:14:00,10,割煤中位,False,正常,5765,23
2024-04-18 00:15:00,2024-04-18 00:15:00,1,调架中,False,正常,5766,23
2024-04-18 00:16:00,2024-04-18 00:16:00,1,割煤中位,False,正常,5767,23
2024-04-18 00:17:00,2024-04-18 00:17:00,1,待机,False,正常,5768,23
2024-04-18 00:18:00,2024-04-18 00:22:00,5,割煤中位,False,正常,5769,23
2024-04-18 00:23:00,2024-04-18 00:23:00,1,调架中,False,正常,5770,23
2024-04-18 00:24:00,2024-04-18 00:54:00,31,割煤中位,False,正常,5771,23
2024-04-18 00:55:00,2024-04-18 00:56:00,2,割煤高位,False,正常,5772,23
2024-04-18 00:57:00,2024-04-18 01:00:00,4,割煤中位,False,正常,5773,23
2024-04-18 01:01:00,2024-04-18 01:01:00,1,割煤高位,False,正常,5774,23
2024-04-18 01:02:00,2024-04-18 01:02:00,1,调架中,False,正常,5775,23
2024-04-18 01:03:00,2024-04-18 01:03:00,1,割煤高位,False,正常,5776,23
2024-04-18 01:04:00,2024-04-18 01:04:00,1,割煤中位,False,正常,5777,23
2024-04-18 01:05:00,2024-04-18 01:05:00,1,调架中,False,正常,5778,23
2024-04-18 01:06:00,2024-04-18 01:10:00,5,割煤高位,False,正常,5779,23
2024-04-18 01:11:00,2024-04-18 01:16:00,6,割煤中位,False,正常,5780,23
2024-04-18 01:17:00,2024-04-18 01:20:00,4,割煤高位,False,正常,5781,23
2024-04-18 01:21:00,2024-04-18 01:22:00,2,调架中,False,正常,5782,23
2024-04-18 01:23:00,2024-04-18 01:27:00,5,割煤中位,False,正常,5783,23
2024-04-18 01:28:00,2024-04-18 01:28:00,1,割煤高位,False,正常,5784,23
2024-04-18 01:29:00,2024-04-18 01:34:00,6,割煤中位,False,正常,5785,23
2024-04-18 01:35:00,2024-04-18 01:37:00,3,调架中,False,正常,5786,23
2024-04-18 01:38:00,2024-04-18 01:38:00,1,割煤中位,False,正常,5787,23
2024-04-18 01:39:00,2024-04-18 01:39:00,1,调架中,False,正常,5788,23
2024-04-18 01:40:00,2024-04-18 01:44:00,5,待机,False,正常,5789,23
2024-04-18 01:45:00,2024-04-18 01:47:00,3,割煤中位,False,正常,5790,23
2024-04-18 01:48:00,2024-04-18 01:48:00,1,调架中,False,正常,5791,23
2024-04-18 01:49:00,2024-04-18 01:52:00,4,割煤中位,False,正常,5792,23
2024-04-18 01:53:00,2024-04-18 01:56:00,4,调架中,False,正常,5793,23
2024-04-18 01:57:00,2024-04-18 02:12:00,16,待机,False,正常,5794,23
2024-04-18 02:13:00,2024-04-18 02:13:00,1,调架中,False,正常,5795,23
2024-04-18 02:14:00,2024-04-18 02:21:00,8,割煤中位,False,正常,5796,23
2024-04-18 02:22:00,2024-04-18 02:24:00,3,调架中,False,正常,5797,23
2024-04-18 02:25:00,2024-04-18 02:31:00,7,割煤中位,False,正常,5798,23
2024-04-18 02:32:00,2024-04-18 02:32:00,1,待机,False,正常,5799,23
2024-04-18 02:33:00,2024-04-18 02:34:00,2,割煤中位,False,正常,5800,23
2024-04-18 02:35:00,2024-04-18 02:35:00,1,割煤高位,False,正常,5801,23
2024-04-18 02:36:00,2024-04-18 02:39:00,4,割煤中位,False,正常,5802,23
2024-04-18 02:40:00,2024-04-18 02:40:00,1,调架中,False,正常,5803,23
2024-04-18 02:41:00,2024-04-18 02:41:00,1,割煤中位,False,正常,5804,23
2024-04-18 02:42:00,2024-04-18 02:42:00,1,调架中,False,正常,5805,23
2024-04-18 02:43:00,2024-04-18 02:49:00,7,割煤中位,False,正常,5806,23
2024-04-18 02:50:00,2024-04-18 02:50:00,1,调架中,False,正常,5807,23
2024-04-18 02:51:00,2024-04-18 02:53:00,3,割煤中位,False,正常,5808,23
2024-04-18 02:54:00,2024-04-18 02:55:00,2,调架中,False,正常,5809,23
2024-04-18 02:56:00,2024-04-18 03:01:00,6,割煤中位,False,正常,5810,23
2024-04-18 03:02:00,2024-04-18 03:02:00,1,待机,False,正常,5811,23
2024-04-18 03:03:00,2024-04-18 03:03:00,1,调架中,False,正常,5812,23
2024-04-18 03:04:00,2024-04-18 03:12:00,9,割煤中位,False,正常,5813,23
2024-04-18 03:13:00,2024-04-18 03:13:00,1,调架中,False,正常,5814,23
2024-04-18 03:14:00,2024-04-18 03:22:00,9,割煤中位,False,正常,5815,23
2024-04-18 03:23:00,2024-04-18 03:23:00,1,调架中,False,正常,5816,23
2024-04-18 03:24:00,2024-04-18 03:25:00,2,割煤中位,False,正常,5817,23
2024-04-18 03:26:00,2024-04-18 03:26:00,1,调架中,False,正常,5818,23
2024-04-18 03:27:00,2024-04-18 03:36:00,10,割煤中位,False,正常,5819,23
2024-04-18 03:37:00,2024-04-18 03:37:00,1,调架中,False,正常,5820,23
2024-04-18 03:38:00,2024-04-18 03:44:00,7,割煤中位,False,正常,5821,23
2024-04-18 03:45:00,2024-04-18 03:54:00,10,待机,False,正常,5822,23
2024-04-18 03:55:00,2024-04-18 03:55:00,1,割煤中位,False,正常,5823,23
2024-04-18 03:56:00,2024-04-18 04:06:00,11,割煤高位,False,正常,5824,23
2024-04-18 04:07:00,2024-04-18 04:07:00,1,调架中,False,正常,5825,23
2024-04-18 04:08:00,2024-04-18 04:16:00,9,割煤高位,False,正常,5826,23
2024-04-18 04:17:00,2024-04-18 04:18:00,2,调架中,False,正常,5827,23
2024-04-18 04:19:00,2024-04-18 04:24:00,6,割煤高位,False,正常,5828,23
2024-04-18 04:25:00,2024-04-18 04:29:00,5,割煤中位,False,正常,5829,23
2024-04-18 04:30:00,2024-04-18 04:30:00,1,调架中,False,正常,5830,23
2024-04-18 04:31:00,2024-04-18 04:35:00,5,割煤高位,False,正常,5831,23
2024-04-18 04:36:00,2024-04-18 04:40:00,5,割煤中位,False,正常,5832,23
2024-04-18 04:41:00,2024-04-18 04:44:00,4,割煤高位,False,正常,5833,23
2024-04-18 04:45:00,2024-04-18 04:45:00,1,调架中,False,正常,5834,23
2024-04-18 04:46:00,2024-04-18 04:52:00,7,割煤高位,False,正常,5835,23
2024-04-18 04:53:00,2024-04-18 04:56:00,4,割煤中位,False,正常,5836,23
2024-04-18 04:57:00,2024-04-18 04:58:00,2,割煤高位,False,正常,5837,23
2024-04-18 04:59:00,2024-04-18 05:09:00,11,割煤中位,False,正常,5838,23
2024-04-18 05:10:00,2024-04-18 05:17:00,8,待机,False,正常,5839,23
2024-04-18 05:18:00,2024-04-18 05:24:00,7,割煤中位,False,正常,5840,23
2024-04-18 05:25:00,2024-04-18 05:25:00,1,调架中,False,正常,5841,23
2024-04-18 05:26:00,2024-04-18 05:31:00,6,割煤中位,False,正常,5842,23
2024-04-18 05:32:00,2024-04-18 05:32:00,1,割煤高位,False,正常,5843,23
2024-04-18 05:33:00,2024-04-18 05:36:00,4,割煤中位,False,正常,5844,23
2024-04-18 05:37:00,2024-04-18 05:37:00,1,调架中,False,正常,5845,23
2024-04-18 05:38:00,2024-04-18 05:49:00,12,割煤中位,False,正常,5846,23
2024-04-18 05:50:00,2024-04-18 05:50:00,1,调架中,False,正常,5847,23
2024-04-18 05:51:00,2024-04-18 05:51:00,1,割煤中位,False,正常,5848,23
2024-04-18 05:52:00,2024-04-18 05:53:00,2,割煤高位,False,正常,5849,23
2024-04-18 05:54:00,2024-04-18 05:56:00,3,割煤中位,False,正常,5850,23
2024-04-18 05:57:00,2024-04-18 05:57:00,1,调架中,False,正常,5851,23
2024-04-18 05:58:00,2024-04-18 06:04:00,7,割煤中位,False,正常,5852,23
2024-04-18 06:05:00,2024-04-18 06:08:00,4,待机,False,正常,5853,23
2024-04-18 06:09:00,2024-04-18 06:21:00,13,割煤中位,False,正常,5854,23
2024-04-18 06:22:00,2024-04-18 06:22:00,1,调架中,False,正常,5855,23
2024-04-18 06:23:00,2024-04-18 06:25:00,3,割煤中位,False,正常,5856,23
2024-04-18 06:26:00,2024-04-18 06:27:00,2,调架中,False,正常,5857,23
2024-04-18 06:28:00,2024-04-18 06:28:00,1,待机,False,正常,5858,23
2024-04-18 06:29:00,2024-04-18 06:37:00,9,割煤中位,False,正常,5859,23
2024-04-18 06:38:00,2024-04-18 06:44:00,7,割煤高位,False,正常,5860,23
2024-04-18 06:45:00,2024-04-18 06:45:00,1,待机-高位,False,正常,5861,23
2024-04-18 06:46:00,2024-04-18 06:46:00,1,调架中,False,正常,5862,23
2024-04-18 06:47:00,2024-04-18 06:47:00,1,割煤高位,False,正常,5863,23
2024-04-18 06:48:00,2024-04-18 06:48:00,1,割煤中位,False,正常,5864,23
2024-04-18 06:49:00,2024-04-18 06:51:00,3,待机,False,正常,5865,23
2024-04-18 06:52:00,2024-04-18 06:53:00,2,割煤高位,False,正常,5866,23
2024-04-18 06:54:00,2024-04-18 06:55:00,2,待机,False,正常,5867,23
2024-04-18 06:56:00,2024-04-18 06:56:00,1,割煤高位,False,正常,5868,23
2024-04-18 06:57:00,2024-04-18 06:59:00,3,待机,False,正常,5869,23
2024-04-18 07:00:00,2024-04-18 07:00:00,1,割煤高位,False,正常,5870,23
2024-04-18 07:01:00,2024-04-18 07:01:00,1,调架中,False,正常,5871,23
2024-04-18 07:02:00,2024-04-18 07:02:00,1,割煤高位,False,正常,5872,23
2024-04-18 07:03:00,2024-04-18 07:03:00,1,调架中,False,正常,5873,23
2024-04-18 07:04:00,2024-04-18 07:04:00,1,割煤中位,False,正常,5874,23
2024-04-18 07:05:00,2024-04-18 07:05:00,1,割煤高位,False,正常,5875,23
2024-04-18 07:06:00,2024-04-18 07:08:00,3,调架中,False,正常,5876,23
2024-04-18 07:09:00,2024-04-18 07:09:00,1,割煤低位,False,正常,5877,23
2024-04-18 07:10:00,2024-04-18 07:10:00,1,割煤中位,False,正常,5878,23
2024-04-18 07:11:00,2024-04-18 07:13:00,3,割煤高位,False,正常,5879,23
2024-04-18 07:14:00,2024-04-18 07:14:00,1,调架中,False,正常,5880,23
2024-04-18 07:15:00,2024-04-18 07:18:00,4,割煤高位,False,正常,5881,23
2024-04-18 07:19:00,2024-04-18 07:19:00,1,割煤中位,False,正常,5882,23
2024-04-18 07:20:00,2024-04-18 07:23:00,4,待机,False,正常,5883,23
2024-04-18 07:24:00,2024-04-18 07:27:00,4,割煤中位,False,正常,5884,23
2024-04-18 07:28:00,2024-04-18 07:32:00,5,割煤高位,False,正常,5885,23
2024-04-18 07:33:00,2024-04-18 07:38:00,6,割煤中位,False,正常,5886,23
2024-04-18 07:39:00,2024-04-18 07:46:00,8,割煤高位,False,正常,5887,23
2024-04-18 07:47:00,2024-04-18 07:47:00,1,调架中,False,正常,5888,23
2024-04-18 07:48:00,2024-04-18 07:48:00,1,割煤高位,False,正常,5889,23
2024-04-18 07:49:00,2024-04-18 07:51:00,3,割煤中位,False,正常,5890,23
2024-04-18 07:52:00,2024-04-18 07:53:00,2,割煤高位,False,正常,5891,23
2024-04-18 07:54:00,2024-04-18 07:56:00,3,割煤中位,False,正常,5892,23
2024-04-18 07:57:00,2024-04-18 07:57:00,1,调架中,False,正常,5893,23
2024-04-18 07:58:00,2024-04-18 08:05:00,8,割煤中位,False,正常,5894,23
2024-04-18 08:06:00,2024-04-18 08:09:00,4,调架中,False,正常,5895,23
2024-04-18 08:10:00,2024-04-18 08:18:00,9,待机-高位,False,正常,5896,23
2024-04-18 08:19:00,2024-04-18 08:21:00,3,割煤中位,False,正常,5897,23
2024-04-18 08:22:00,2024-04-18 08:23:00,2,调架中,False,正常,5898,23
2024-04-18 08:24:00,2024-04-18 08:30:00,7,割煤中位,False,正常,5899,23
2024-04-18 08:31:00,2024-04-18 08:32:00,2,调架中,False,正常,5900,23
2024-04-18 08:33:00,2024-04-18 08:34:00,2,割煤中位,False,正常,5901,23
2024-04-18 08:35:00,2024-04-18 08:35:00,1,割煤高位,False,正常,5902,23
2024-04-18 08:36:00,2024-04-18 08:39:00,4,割煤中位,False,正常,5903,23
2024-04-18 08:40:00,2024-04-18 08:40:00,1,调架中,False,正常,5904,23
2024-04-18 08:41:00,2024-04-18 08:41:00,1,割煤中位,False,正常,5905,23
2024-04-18 08:42:00,2024-04-18 08:42:00,1,调架中,False,正常,5906,23
2024-04-18 08:43:00,2024-04-18 08:43:00,1,待机,False,正常,5907,23
2024-04-18 08:44:00,2024-04-18 08:44:00,1,调架中,False,正常,5908,23
2024-04-18 08:45:00,2024-04-18 08:48:00,4,割煤中位,False,正常,5909,23
2024-04-18 08:49:00,2024-04-18 08:52:00,4,待机,False,正常,5910,23
2024-04-18 08:53:00,2024-04-18 08:54:00,2,割煤中位,False,正常,5911,23
2024-04-18 08:55:00,2024-04-18 08:55:00,1,调架中,False,正常,5912,23
2024-04-18 08:56:00,2024-04-18 08:57:00,2,割煤中位,False,正常,5913,23
2024-04-18 08:58:00,2024-04-18 09:32:00,35,待机,False,正常,5914,23
2024-04-18 09:33:00,2024-04-18 09:34:00,2,停机,False,正常,5915,23
2024-04-18 09:35:00,2024-04-18 14:24:00,290,待机,True,通讯中断/传感器休眠（段持续 >= 4h）,5916,24
2024-04-18 14:25:00,2024-04-18 15:30:00,66,停机,False,正常,5917,25
2024-04-18 15:31:00,2024-04-18 15:33:00,3,待机,False,正常,5918,25
2024-04-18 15:34:00,2024-04-18 15:43:00,10,停机,False,正常,5919,25
2024-04-18 15:44:00,2024-04-18 15:45:00,2,割煤中位,False,正常,5920,25
2024-04-18 15:46:00,2024-04-18 15:46:00,1,调架中,False,正常,5921,25
2024-04-18 15:47:00,2024-04-18 15:47:00,1,割煤中位,False,正常,5922,25
2024-04-18 15:48:00,2024-04-18 15:48:00,1,调架中,False,正常,5923,25
2024-04-18 15:49:00,2024-04-18 15:50:00,2,割煤中位,False,正常,5924,25
2024-04-18 15:51:00,2024-04-18 15:52:00,2,调架中,False,正常,5925,25
2024-04-18 15:53:00,2024-04-18 15:54:00,2,停机,False,正常,5926,25
2024-04-18 15:55:00,2024-04-18 15:57:00,3,待机,False,正常,5927,25
2024-04-18 15:58:00,2024-04-18 15:58:00,1,停机,False,正常,5928,25
2024-04-18 15:59:00,2024-04-18 16:00:00,2,割煤中位,False,正常,5929,25
2024-04-18 16:01:00,2024-04-18 16:01:00,1,割煤高位,False,正常,5930,25
2024-04-18 16:02:00,2024-04-18 16:05:00,4,停机,False,正常,5931,25
2024-04-18 16:06:00,2024-04-18 16:06:00,1,割煤中位,False,正常,5932,25
2024-04-18 16:07:00,2024-04-18 16:07:00,1,调架中,False,正常,5933,25
2024-04-18 16:08:00,2024-04-18 16:08:00,1,割煤中位,False,正常,5934,25
2024-04-18 16:09:00,2024-04-18 16:09:00,1,待机,False,正常,5935,25
2024-04-18 16:10:00,2024-04-18 16:10:00,1,停机,False,正常,5936,25
2024-04-18 16:11:00,2024-04-18 16:11:00,1,割煤中位,False,正常,5937,25
2024-04-18 16:12:00,2024-04-18 16:12:00,1,停机,False,正常,5938,25
2024-04-18 16:13:00,2024-04-18 16:13:00,1,割煤中位,False,正常,5939,25
2024-04-18 16:14:00,2024-04-18 16:15:00,2,割煤高位,False,正常,5940,25
2024-04-18 16:16:00,2024-04-18 16:18:00,3,割煤中位,False,正常,5941,25
2024-04-18 16:19:00,2024-04-18 16:19:00,1,调架中,False,正常,5942,25
2024-04-18 16:20:00,2024-04-18 16:22:00,3,割煤中位,False,正常,5943,25
2024-04-18 16:23:00,2024-04-18 16:23:00,1,停机,False,正常,5944,25
2024-04-18 16:24:00,2024-04-18 16:25:00,2,割煤高位,False,正常,5945,25
2024-04-18 16:26:00,2024-04-18 16:26:00,1,调架中,False,正常,5946,25
2024-04-18 16:27:00,2024-04-18 16:28:00,2,割煤中位,False,正常,5947,25
2024-04-18 16:29:00,2024-04-18 16:32:00,4,停机,False,正常,5948,25
2024-04-18 16:33:00,2024-04-18 16:38:00,6,割煤中位,False,正常,5949,25
2024-04-18 16:39:00,2024-04-18 16:43:00,5,割煤高位,False,正常,5950,25
2024-04-18 16:44:00,2024-04-18 16:44:00,1,割煤中位,False,正常,5951,25
2024-04-18 16:45:00,2024-04-18 16:45:00,1,割煤高位,False,正常,5952,25
2024-04-18 16:46:00,2024-04-18 16:46:00,1,割煤中位,False,正常,5953,25
2024-04-18 16:47:00,2024-04-18 16:55:00,9,割煤高位,False,正常,5954,25
2024-04-18 16:56:00,2024-04-18 16:56:00,1,调架中,False,正常,5955,25
2024-04-18 16:57:00,2024-04-18 17:01:00,5,割煤高位,False,正常,5956,25
2024-04-18 17:02:00,2024-04-18 17:03:00,2,割煤中位,False,正常,5957,25
2024-04-18 17:04:00,2024-04-18 17:10:00,7,割煤高位,False,正常,5958,25
2024-04-18 17:11:00,2024-04-18 17:14:00,4,割煤中位,False,正常,5959,25
2024-04-18 17:15:00,2024-04-18 17:16:00,2,调架中,False,正常,5960,25
2024-04-18 17:17:00,2024-04-18 17:17:00,1,割煤高位,False,正常,5961,25
2024-04-18 17:18:00,2024-04-18 17:21:00,4,调架中,False,正常,5962,25
2024-04-18 17:22:00,2024-04-18 17:22:00,1,割煤中位,False,正常,5963,25
2024-04-18 17:23:00,2024-04-18 17:23:00,1,调架中,False,正常,5964,25
2024-04-18 17:24:00,2024-04-18 17:25:00,2,割煤中位,False,正常,5965,25
2024-04-18 17:26:00,2024-04-18 17:26:00,1,调架中,False,正常,5966,25
2024-04-18 17:27:00,2024-04-18 17:27:00,1,割煤中位,False,正常,5967,25
2024-04-18 17:28:00,2024-04-18 17:28:00,1,调架中,False,正常,5968,25
2024-04-18 17:29:00,2024-04-18 17:29:00,1,割煤中位,False,正常,5969,25
2024-04-18 17:30:00,2024-04-18 17:36:00,7,待机,False,正常,5970,25
2024-04-18 17:37:00,2024-04-18 17:37:00,1,割煤中位,False,正常,5971,25
2024-04-18 17:38:00,2024-04-18 17:39:00,2,割煤高位,False,正常,5972,25
2024-04-18 17:40:00,2024-04-18 17:40:00,1,调架中,False,正常,5973,25
2024-04-18 17:41:00,2024-04-18 17:44:00,4,割煤高位,False,正常,5974,25
2024-04-18 17:45:00,2024-04-18 17:46:00,2,待机-高位,False,正常,5975,25
2024-04-18 17:47:00,2024-04-18 17:47:00,1,割煤高位,False,正常,5976,25
2024-04-18 17:48:00,2024-04-18 17:48:00,1,割煤中位,False,正常,5977,25
2024-04-18 17:49:00,2024-04-18 17:49:00,1,待机,False,正常,5978,25
2024-04-18 17:50:00,2024-04-18 17:54:00,5,割煤中位,False,正常,5979,25
2024-04-18 17:55:00,2024-04-18 18:01:00,7,割煤高位,False,正常,5980,25
2024-04-18 18:02:00,2024-04-18 18:02:00,1,割煤中位,False,正常,5981,25
2024-04-18 18:03:00,2024-04-18 18:04:00,2,割煤高位,False,正常,5982,25
2024-04-18 18:05:00,2024-04-18 18:07:00,3,割煤中位,False,正常,5983,25
2024-04-18 18:08:00,2024-04-18 18:10:00,3,割煤高位,False,正常,5984,25
2024-04-18 18:11:00,2024-04-18 18:43:00,33,割煤中位,False,正常,5985,25
2024-04-18 18:44:00,2024-04-18 19:04:00,21,停机,False,正常,5986,25
2024-04-18 19:05:00,2024-04-18 19:05:00,1,调架中,False,正常,5987,25
2024-04-18 19:06:00,2024-04-18 19:08:00,3,停机,False,正常,5988,25
2024-04-18 19:09:00,2024-04-18 19:19:00,11,割煤中位,False,正常,5989,25
2024-04-18 19:20:00,2024-04-18 19:20:00,1,调架中,False,正常,5990,25
2024-04-18 19:21:00,2024-04-18 19:23:00,3,割煤中位,False,正常,5991,25
2024-04-18 19:24:00,2024-04-18 19:24:00,1,割煤高位,False,正常,5992,25
2024-04-18 19:25:00,2024-04-18 19:32:00,8,割煤中位,False,正常,5993,25
2024-04-18 19:33:00,2024-04-18 19:33:00,1,割煤高位,False,正常,5994,25
2024-04-18 19:34:00,2024-04-18 19:38:00,5,割煤中位,False,正常,5995,25
2024-04-18 19:39:00,2024-04-18 19:39:00,1,调架中,False,正常,5996,25
2024-04-18 19:40:00,2024-04-18 19:42:00,3,待机,False,正常,5997,25
2024-04-18 19:43:00,2024-04-18 19:43:00,1,割煤中位,False,正常,5998,25
2024-04-18 19:44:00,2024-04-18 19:44:00,1,调架中,False,正常,5999,25
2024-04-18 19:45:00,2024-04-18 19:45:00,1,割煤中位,False,正常,6000,25
2024-04-18 19:46:00,2024-04-18 19:47:00,2,割煤高位,False,正常,6001,25
2024-04-18 19:48:00,2024-04-18 19:49:00,2,割煤中位,False,正常,6002,25
2024-04-18 19:50:00,2024-04-18 19:50:00,1,调架中,False,正常,6003,25
2024-04-18 19:51:00,2024-04-18 19:52:00,2,割煤中位,False,正常,6004,25
2024-04-18 19:53:00,2024-04-18 19:53:00,1,调架中,False,正常,6005,25
2024-04-18 19:54:00,2024-04-18 19:58:00,5,待机-高位,False,正常,6006,25
2024-04-18 19:59:00,2024-04-18 19:59:00,1,调架中,False,正常,6007,25
2024-04-18 20:00:00,2024-04-18 20:02:00,3,割煤中位,False,正常,6008,25
2024-04-18 20:03:00,2024-04-18 20:09:00,7,割煤高位,False,正常,6009,25
2024-04-18 20:10:00,2024-04-18 20:12:00,3,割煤中位,False,正常,6010,25
2024-04-18 20:13:00,2024-04-18 20:13:00,1,割煤高位,False,正常,6011,25
2024-04-18 20:14:00,2024-04-18 20:14:00,1,调架中,False,正常,6012,25
2024-04-18 20:15:00,2024-04-18 20:15:00,1,割煤高位,False,正常,6013,25
2024-04-18 20:16:00,2024-04-18 20:16:00,1,调架中,False,正常,6014,25
2024-04-18 20:17:00,2024-04-18 20:19:00,3,割煤高位,False,正常,6015,25
2024-04-18 20:20:00,2024-04-18 20:22:00,3,调架中,False,正常,6016,25
2024-04-18 20:23:00,2024-04-18 20:28:00,6,割煤高位,False,正常,6017,25
2024-04-18 20:29:00,2024-04-18 20:29:00,1,调架中,False,正常,6018,25
2024-04-18 20:30:00,2024-04-18 20:30:00,1,割煤中位,False,正常,6019,25
2024-04-18 20:31:00,2024-04-18 20:31:00,1,调架中,False,正常,6020,25
2024-04-18 20:32:00,2024-04-18 20:33:00,2,割煤中位,False,正常,6021,25
2024-04-18 20:34:00,2024-04-18 20:35:00,2,割煤高位,False,正常,6022,25
2024-04-18 20:36:00,2024-04-18 20:37:00,2,调架中,False,正常,6023,25
2024-04-18 20:38:00,2024-04-18 20:39:00,2,待机-高位,False,正常,6024,25
2024-04-18 20:40:00,2024-04-18 20:41:00,2,割煤高位,False,正常,6025,25
2024-04-18 20:42:00,2024-04-18 20:45:00,4,割煤中位,False,正常,6026,25
2024-04-18 20:46:00,2024-04-18 20:46:00,1,待机-高位,False,正常,6027,25
2024-04-18 20:47:00,2024-04-18 20:47:00,1,割煤中位,False,正常,6028,25
2024-04-18 20:48:00,2024-04-18 20:48:00,1,调架中,False,正常,6029,25
2024-04-18 20:49:00,2024-04-18 20:52:00,4,割煤中位,False,正常,6030,25
2024-04-18 20:53:00,2024-04-18 20:56:00,4,割煤高位,False,正常,6031,25
2024-04-18 20:57:00,2024-04-18 20:59:00,3,割煤中位,False,正常,6032,25
2024-04-18 21:00:00,2024-04-18 21:00:00,1,调架中,False,正常,6033,25
2024-04-18 21:01:00,2024-04-18 21:04:00,4,割煤中位,False,正常,6034,25
2024-04-18 21:05:00,2024-04-18 21:06:00,2,割煤高位,False,正常,6035,25
2024-04-18 21:07:00,2024-04-18 21:08:00,2,割煤中位,False,正常,6036,25
2024-04-18 21:09:00,2024-04-18 21:09:00,1,调架中,False,正常,6037,25
2024-04-18 21:10:00,2024-04-18 21:10:00,1,割煤高位,False,正常,6038,25
2024-04-18 21:11:00,2024-04-18 21:11:00,1,调架中,False,正常,6039,25
2024-04-18 21:12:00,2024-04-18 21:12:00,1,割煤高位,False,正常,6040,25
2024-04-18 21:13:00,2024-04-18 21:13:00,1,调架中,False,正常,6041,25
2024-04-18 21:14:00,2024-04-18 21:14:00,1,割煤高位,False,正常,6042,25
2024-04-18 21:15:00,2024-04-18 21:25:00,11,割煤中位,False,正常,6043,25
2024-04-18 21:26:00,2024-04-18 21:26:00,1,割煤高位,False,正常,6044,25
2024-04-18 21:27:00,2024-04-18 21:27:00,1,割煤中位,False,正常,6045,25
2024-04-18 21:28:00,2024-04-18 21:28:00,1,调架中,False,正常,6046,25
2024-04-18 21:29:00,2024-04-18 21:31:00,3,割煤中位,False,正常,6047,25
2024-04-18 21:32:00,2024-04-18 21:32:00,1,调架中,False,正常,6048,25
2024-04-18 21:33:00,2024-04-18 21:35:00,3,割煤中位,False,正常,6049,25
2024-04-18 21:36:00,2024-04-18 21:36:00,1,待机,False,正常,6050,25
2024-04-18 21:37:00,2024-04-18 21:38:00,2,割煤中位,False,正常,6051,25
2024-04-18 21:39:00,2024-04-18 21:39:00,1,割煤高位,False,正常,6052,25
2024-04-18 21:40:00,2024-04-18 21:40:00,1,割煤中位,False,正常,6053,25
2024-04-18 21:41:00,2024-04-18 21:41:00,1,调架中,False,正常,6054,25
2024-04-18 21:42:00,2024-04-18 21:47:00,6,割煤中位,False,正常,6055,25
2024-04-18 21:48:00,2024-04-18 21:48:00,1,调架中,False,正常,6056,25
2024-04-18 21:49:00,2024-04-18 21:52:00,4,割煤中位,False,正常,6057,25
2024-04-18 21:53:00,2024-04-18 22:00:00,8,割煤高位,False,正常,6058,25
2024-04-18 22:01:00,2024-04-18 22:01:00,1,调架中,False,正常,6059,25
2024-04-18 22:02:00,2024-04-18 22:02:00,1,割煤中位,False,正常,6060,25
2024-04-18 22:03:00,2024-04-18 22:04:00,2,割煤高位,False,正常,6061,25
2024-04-18 22:05:00,2024-04-18 22:05:00,1,调架中,False,正常,6062,25
2024-04-18 22:06:00,2024-04-18 22:06:00,1,割煤高位,False,正常,6063,25
2024-04-18 22:07:00,2024-04-18 22:07:00,1,割煤中位,False,正常,6064,25
2024-04-18 22:08:00,2024-04-18 22:08:00,1,调架中,False,正常,6065,25
2024-04-18 22:09:00,2024-04-18 22:10:00,2,割煤高位,False,正常,6066,25
2024-04-18 22:11:00,2024-04-18 22:11:00,1,调架中,False,正常,6067,25
2024-04-18 22:12:00,2024-04-18 22:18:00,7,割煤高位,False,正常,6068,25
2024-04-18 22:19:00,2024-04-18 22:20:00,2,割煤中位,False,正常,6069,25
2024-04-18 22:21:00,2024-04-18 22:29:00,9,割煤高位,False,正常,6070,25
2024-04-18 22:30:00,2024-04-18 22:31:00,2,待机-高位,False,正常,6071,25
2024-04-18 22:32:00,2024-04-18 22:39:00,8,割煤高位,False,正常,6072,25
2024-04-18 22:40:00,2024-04-18 22:42:00,3,割煤中位,False,正常,6073,25
2024-04-18 22:43:00,2024-04-18 22:45:00,3,割煤高位,False,正常,6074,25
2024-04-18 22:46:00,2024-04-18 22:47:00,2,调架中,False,正常,6075,25
2024-04-18 22:48:00,2024-04-18 22:48:00,1,割煤高位,False,正常,6076,25
2024-04-18 22:49:00,2024-04-18 22:49:00,1,调架中,False,正常,6077,25
2024-04-18 22:50:00,2024-04-18 22:50:00,1,待机-高位,False,正常,6078,25
2024-04-18 22:51:00,2024-04-18 22:52:00,2,割煤高位,False,正常,6079,25
2024-04-18 22:53:00,2024-04-18 22:53:00,1,待机-高位,False,正常,6080,25
2024-04-18 22:54:00,2024-04-18 22:55:00,2,割煤高位,False,正常,6081,25
2024-04-18 22:56:00,2024-04-18 23:00:00,5,割煤中位,False,正常,6082,25
2024-04-18 23:01:00,2024-04-18 23:01:00,1,割煤高位,False,正常,6083,25
2024-04-18 23:02:00,2024-04-18 23:02:00,1,调架中,False,正常,6084,25
2024-04-18 23:03:00,2024-04-18 23:05:00,3,割煤高位,False,正常,6085,25
2024-04-18 23:06:00,2024-04-18 23:06:00,1,调架中,False,正常,6086,25
2024-04-18 23:07:00,2024-04-18 23:08:00,2,割煤高位,False,正常,6087,25
2024-04-18 23:09:00,2024-04-18 23:09:00,1,调架中,False,正常,6088,25
2024-04-18 23:10:00,2024-04-18 23:10:00,1,割煤中位,False,正常,6089,25
2024-04-18 23:11:00,2024-04-18 23:12:00,2,调架中,False,正常,6090,25
2024-04-18 23:13:00,2024-04-18 23:13:00,1,割煤高位,False,正常,6091,25
2024-04-18 23:14:00,2024-04-18 23:14:00,1,调架中,False,正常,6092,25
2024-04-18 23:15:00,2024-04-18 23:15:00,1,割煤中位,False,正常,6093,25
2024-04-18 23:16:00,2024-04-18 23:17:00,2,待机,False,正常,6094,25
2024-04-18 23:18:00,2024-04-18 23:18:00,1,调架中,False,正常,6095,25
2024-04-18 23:19:00,2024-04-18 23:20:00,2,割煤中位,False,正常,6096,25
2024-04-18 23:21:00,2024-04-18 23:21:00,1,割煤高位,False,正常,6097,25
2024-04-18 23:22:00,2024-04-19 00:26:00,65,待机-高位,False,正常,6098,25
2024-04-19 00:27:00,2024-04-19 00:28:00,2,割煤高位,False,正常,6099,25
2024-04-19 00:29:00,2024-04-19 00:49:00,21,割煤中位,False,正常,6100,25
2024-04-19 00:50:00,2024-04-19 00:50:00,1,调架中,False,正常,6101,25
2024-04-19 00:51:00,2024-04-19 00:51:00,1,待机-高位,False,正常,6102,25
2024-04-19 00:52:00,2024-04-19 00:52:00,1,割煤高位,False,正常,6103,25
2024-04-19 00:53:00,2024-04-19 00:53:00,1,调架中,False,正常,6104,25
2024-04-19 00:54:00,2024-04-19 00:55:00,2,割煤中位,False,正常,6105,25
2024-04-19 00:56:00,2024-04-19 00:57:00,2,待机,False,正常,6106,25
2024-04-19 00:58:00,2024-04-19 01:00:00,3,调架中,False,正常,6107,25
2024-04-19 01:01:00,2024-04-19 01:02:00,2,待机,False,正常,6108,25
2024-04-19 01:03:00,2024-04-19 01:03:00,1,调架中,False,正常,6109,25
2024-04-19 01:04:00,2024-04-19 01:07:00,4,割煤中位,False,正常,6110,25
2024-04-19 01:08:00,2024-04-19 01:08:00,1,调架中,False,正常,6111,25
2024-04-19 01:09:00,2024-04-19 01:12:00,4,割煤中位,False,正常,6112,25
2024-04-19 01:13:00,2024-04-19 01:13:00,1,割煤高位,False,正常,6113,25
2024-04-19 01:14:00,2024-04-19 01:14:00,1,割煤低位,False,正常,6114,25
2024-04-19 01:15:00,2024-04-19 01:18:00,4,割煤中位,False,正常,6115,25
2024-04-19 01:19:00,2024-04-19 01:24:00,6,待机,False,正常,6116,25
2024-04-19 01:25:00,2024-04-19 01:38:00,14,割煤中位,False,正常,6117,25
2024-04-19 01:39:00,2024-04-19 01:39:00,1,割煤高位,False,正常,6118,25
2024-04-19 01:40:00,2024-04-19 01:40:00,1,待机-高位,False,正常,6119,25
2024-04-19 01:41:00,2024-04-19 01:45:00,5,割煤高位,False,正常,6120,25
2024-04-19 01:46:00,2024-04-19 01:49:00,4,割煤中位,False,正常,6121,25
2024-04-19 01:50:00,2024-04-19 01:51:00,2,割煤高位,False,正常,6122,25
2024-04-19 01:52:00,2024-04-19 01:56:00,5,割煤中位,False,正常,6123,25
2024-04-19 01:57:00,2024-04-19 01:57:00,1,调架中,False,正常,6124,25
2024-04-19 01:58:00,2024-04-19 01:59:00,2,割煤中位,False,正常,6125,25
2024-04-19 02:00:00,2024-04-19 02:03:00,4,割煤高位,False,正常,6126,25
2024-04-19 02:04:00,2024-04-19 02:06:00,3,割煤中位,False,正常,6127,25
2024-04-19 02:07:00,2024-04-19 02:07:00,1,调架中,False,正常,6128,25
2024-04-19 02:08:00,2024-04-19 02:14:00,7,割煤高位,False,正常,6129,25
2024-04-19 02:15:00,2024-04-19 02:19:00,5,割煤中位,False,正常,6130,25
2024-04-19 02:20:00,2024-04-19 02:28:00,9,割煤高位,False,正常,6131,25
2024-04-19 02:29:00,2024-04-19 02:33:00,5,割煤中位,False,正常,6132,25
2024-04-19 02:34:00,2024-04-19 02:34:00,1,割煤高位,False,正常,6133,25
2024-04-19 02:35:00,2024-04-19 02:35:00,1,调架中,False,正常,6134,25
2024-04-19 02:36:00,2024-04-19 02:50:00,15,割煤中位,False,正常,6135,25
2024-04-19 02:51:00,2024-04-19 02:53:00,3,割煤高位,False,正常,6136,25
2024-04-19 02:54:00,2024-04-19 02:55:00,2,待机-高位,False,正常,6137,25
2024-04-19 02:56:00,2024-04-19 02:58:00,3,割煤高位,False,正常,6138,25
2024-04-19 02:59:00,2024-04-19 02:59:00,1,调架中,False,正常,6139,25
2024-04-19 03:00:00,2024-04-19 03:00:00,1,割煤中位,False,正常,6140,25
2024-04-19 03:01:00,2024-04-19 03:01:00,1,调架中,False,正常,6141,25
2024-04-19 03:02:00,2024-04-19 03:02:00,1,割煤中位,False,正常,6142,25
2024-04-19 03:03:00,2024-04-19 03:03:00,1,调架中,False,正常,6143,25
2024-04-19 03:04:00,2024-04-19 03:07:00,4,割煤中位,False,正常,6144,25
2024-04-19 03:08:00,2024-04-19 03:08:00,1,割煤高位,False,正常,6145,25
2024-04-19 03:09:00,2024-04-19 03:18:00,10,割煤中位,False,正常,6146,25
2024-04-19 03:19:00,2024-04-19 03:20:00,2,调架中,False,正常,6147,25
2024-04-19 03:21:00,2024-04-19 03:30:00,10,割煤中位,False,正常,6148,25
2024-04-19 03:31:00,2024-04-19 03:31:00,1,割煤高位,False,正常,6149,25
2024-04-19 03:32:00,2024-04-19 03:32:00,1,调架中,False,正常,6150,25
2024-04-19 03:33:00,2024-04-19 03:34:00,2,割煤中位,False,正常,6151,25
2024-04-19 03:35:00,2024-04-19 03:36:00,2,割煤高位,False,正常,6152,25
2024-04-19 03:37:00,2024-04-19 03:38:00,2,割煤中位,False,正常,6153,25
2024-04-19 03:39:00,2024-04-19 03:41:00,3,割煤高位,False,正常,6154,25
2024-04-19 03:42:00,2024-04-19 03:45:00,4,割煤中位,False,正常,6155,25
2024-04-19 03:46:00,2024-04-19 03:49:00,4,割煤高位,False,正常,6156,25
2024-04-19 03:50:00,2024-04-19 03:53:00,4,割煤中位,False,正常,6157,25
2024-04-19 03:54:00,2024-04-19 03:54:00,1,调架中,False,正常,6158,25
2024-04-19 03:55:00,2024-04-19 04:05:00,11,割煤中位,False,正常,6159,25
2024-04-19 04:06:00,2024-04-19 04:06:00,1,割煤高位,False,正常,6160,25
2024-04-19 04:07:00,2024-04-19 04:09:00,3,割煤中位,False,正常,6161,25
2024-04-19 04:10:00,2024-04-19 04:10:00,1,割煤低位,False,正常,6162,25
2024-04-19 04:11:00,2024-04-19 04:18:00,8,割煤高位,False,正常,6163,25
2024-04-19 04:19:00,2024-04-19 04:24:00,6,割煤中位,False,正常,6164,25
2024-04-19 04:25:00,2024-04-19 04:26:00,2,割煤高位,False,正常,6165,25
2024-04-19 04:27:00,2024-04-19 04:31:00,5,割煤中位,False,正常,6166,25
2024-04-19 04:32:00,2024-04-19 04:33:00,2,割煤高位,False,正常,6167,25
2024-04-19 04:34:00,2024-04-19 04:35:00,2,调架中,False,正常,6168,25
2024-04-19 04:36:00,2024-04-19 04:38:00,3,割煤中位,False,正常,6169,25
2024-04-19 04:39:00,2024-04-19 04:40:00,2,割煤高位,False,正常,6170,25
2024-04-19 04:41:00,2024-04-19 04:42:00,2,调架中,False,正常,6171,25
2024-04-19 04:43:00,2024-04-19 04:43:00,1,割煤中位,False,正常,6172,25
2024-04-19 04:44:00,2024-04-19 04:44:00,1,割煤高位,False,正常,6173,25
2024-04-19 04:45:00,2024-04-19 04:45:00,1,调架中,False,正常,6174,25
2024-04-19 04:46:00,2024-04-19 04:47:00,2,待机-高位,False,正常,6175,25
2024-04-19 04:48:00,2024-04-19 04:49:00,2,割煤高位,False,正常,6176,25
2024-04-19 04:50:00,2024-04-19 04:51:00,2,割煤中位,False,正常,6177,25
2024-04-19 04:52:00,2024-04-19 04:52:00,1,待机,False,正常,6178,25
2024-04-19 04:53:00,2024-04-19 04:59:00,7,割煤中位,False,正常,6179,25
2024-04-19 05:00:00,2024-04-19 05:02:00,3,割煤高位,False,正常,6180,25
2024-04-19 05:03:00,2024-04-19 05:03:00,1,调架中,False,正常,6181,25
2024-04-19 05:04:00,2024-04-19 05:04:00,1,割煤中位,False,正常,6182,25
2024-04-19 05:05:00,2024-04-19 05:05:00,1,调架中,False,正常,6183,25
2024-04-19 05:06:00,2024-04-19 05:07:00,2,割煤中位,False,正常,6184,25
2024-04-19 05:08:00,2024-04-19 05:08:00,1,割煤高位,False,正常,6185,25
2024-04-19 05:09:00,2024-04-19 05:16:00,8,割煤中位,False,正常,6186,25
2024-04-19 05:17:00,2024-04-19 05:19:00,3,调架中,False,正常,6187,25
2024-04-19 05:20:00,2024-04-19 05:21:00,2,割煤中位,False,正常,6188,25
2024-04-19 05:22:00,2024-04-19 05:22:00,1,割煤高位,False,正常,6189,25
2024-04-19 05:23:00,2024-04-19 05:23:00,1,调架中,False,正常,6190,25
2024-04-19 05:24:00,2024-04-19 05:24:00,1,割煤低位,False,正常,6191,25
2024-04-19 05:25:00,2024-04-19 05:29:00,5,割煤中位,False,正常,6192,25
2024-04-19 05:30:00,2024-04-19 05:32:00,3,割煤高位,False,正常,6193,25
2024-04-19 05:33:00,2024-04-19 05:33:00,1,调架中,False,正常,6194,25
2024-04-19 05:34:00,2024-04-19 05:34:00,1,割煤中位,False,正常,6195,25
2024-04-19 05:35:00,2024-04-19 05:35:00,1,割煤低位,False,正常,6196,25
2024-04-19 05:36:00,2024-04-19 05:39:00,4,割煤中位,False,正常,6197,25
2024-04-19 05:40:00,2024-04-19 05:40:00,1,割煤高位,False,正常,6198,25
2024-04-19 05:41:00,2024-04-19 05:41:00,1,待机-高位,False,正常,6199,25
2024-04-19 05:42:00,2024-04-19 05:42:00,1,割煤高位,False,正常,6200,25
2024-04-19 05:43:00,2024-04-19 05:43:00,1,调架中,False,正常,6201,25
2024-04-19 05:44:00,2024-04-19 05:46:00,3,割煤中位,False,正常,6202,25
2024-04-19 05:47:00,2024-04-19 05:49:00,3,割煤高位,False,正常,6203,25
2024-04-19 05:50:00,2024-04-19 05:57:00,8,待机-高位,False,正常,6204,25
2024-04-19 05:58:00,2024-04-19 05:59:00,2,割煤高位,False,正常,6205,25
2024-04-19 06:00:00,2024-04-19 06:01:00,2,割煤中位,False,正常,6206,25
2024-04-19 06:02:00,2024-04-19 06:03:00,2,割煤高位,False,正常,6207,25
2024-04-19 06:04:00,2024-04-19 06:07:00,4,割煤中位,False,正常,6208,25
2024-04-19 06:08:00,2024-04-19 06:08:00,1,割煤高位,False,正常,6209,25
2024-04-19 06:09:00,2024-04-19 06:13:00,5,割煤中位,False,正常,6210,25
2024-04-19 06:14:00,2024-04-19 06:14:00,1,调架中,False,正常,6211,25
2024-04-19 06:15:00,2024-04-19 06:15:00,1,待机-高位,False,正常,6212,25
2024-04-19 06:16:00,2024-04-19 06:17:00,2,割煤高位,False,正常,6213,25
2024-04-19 06:18:00,2024-04-19 06:23:00,6,割煤中位,False,正常,6214,25
2024-04-19 06:24:00,2024-04-19 06:28:00,5,割煤高位,False,正常,6215,25
2024-04-19 06:29:00,2024-04-19 06:30:00,2,割煤中位,False,正常,6216,25
2024-04-19 06:31:00,2024-04-19 06:32:00,2,调架中,False,正常,6217,25
2024-04-19 06:33:00,2024-04-19 06:33:00,1,待机,False,正常,6218,25
2024-04-19 06:34:00,2024-04-19 06:34:00,1,割煤高位,False,正常,6219,25
2024-04-19 06:35:00,2024-04-19 06:35:00,1,调架中,False,正常,6220,25
2024-04-19 06:36:00,2024-04-19 06:36:00,1,割煤中位,False,正常,6221,25
2024-04-19 06:37:00,2024-04-19 06:38:00,2,割煤高位,False,正常,6222,25
2024-04-19 06:39:00,2024-04-19 06:42:00,4,割煤中位,False,正常,6223,25
2024-04-19 06:43:00,2024-04-19 06:50:00,8,割煤高位,False,正常,6224,25
2024-04-19 06:51:00,2024-04-19 06:55:00,5,割煤中位,False,正常,6225,25
2024-04-19 06:56:00,2024-04-19 07:04:00,9,割煤高位,False,正常,6226,25
2024-04-19 07:05:00,2024-04-19 07:06:00,2,割煤中位,False,正常,6227,25
2024-04-19 07:07:00,2024-04-19 07:07:00,1,割煤高位,False,正常,6228,25
2024-04-19 07:08:00,2024-04-19 07:09:00,2,调架中,False,正常,6229,25
2024-04-19 07:10:00,2024-04-19 07:16:00,7,割煤高位,False,正常,6230,25
2024-04-19 07:17:00,2024-04-19 07:17:00,1,调架中,False,正常,6231,25
2024-04-19 07:18:00,2024-04-19 07:20:00,3,割煤高位,False,正常,6232,25
2024-04-19 07:21:00,2024-04-19 07:22:00,2,割煤中位,False,正常,6233,25
2024-04-19 07:23:00,2024-04-19 07:23:00,1,调架中,False,正常,6234,25
2024-04-19 07:24:00,2024-04-19 07:24:00,1,割煤中位,False,正常,6235,25
2024-04-19 07:25:00,2024-04-19 07:27:00,3,调架中,False,正常,6236,25
2024-04-19 07:28:00,2024-04-19 07:28:00,1,割煤高位,False,正常,6237,25
2024-04-19 07:29:00,2024-04-19 07:29:00,1,割煤中位,False,正常,6238,25
2024-04-19 07:30:00,2024-04-19 07:30:00,1,调架中,False,正常,6239,25
2024-04-19 07:31:00,2024-04-19 07:33:00,3,割煤中位,False,正常,6240,25
2024-04-19 07:34:00,2024-04-19 07:34:00,1,割煤高位,False,正常,6241,25
2024-04-19 07:35:00,2024-04-19 07:36:00,2,待机-高位,False,正常,6242,25
2024-04-19 07:37:00,2024-04-19 07:37:00,1,割煤高位,False,正常,6243,25
2024-04-19 07:38:00,2024-04-19 07:40:00,3,割煤中位,False,正常,6244,25
2024-04-19 07:41:00,2024-04-19 07:41:00,1,调架中,False,正常,6245,25
2024-04-19 07:42:00,2024-04-19 07:44:00,3,割煤中位,False,正常,6246,25
2024-04-19 07:45:00,2024-04-19 07:49:00,5,调架中,False,正常,6247,25
2024-04-19 07:50:00,2024-04-19 07:50:00,1,割煤中位,False,正常,6248,25
2024-04-19 07:51:00,2024-04-19 07:51:00,1,割煤高位,False,正常,6249,25
2024-04-19 07:52:00,2024-04-19 07:52:00,1,割煤中位,False,正常,6250,25
2024-04-19 07:53:00,2024-04-19 07:53:00,1,割煤低位,False,正常,6251,25
2024-04-19 07:54:00,2024-04-19 07:59:00,6,割煤中位,False,正常,6252,25
2024-04-19 08:00:00,2024-04-19 08:02:00,3,调架中,False,正常,6253,25
2024-04-19 08:03:00,2024-04-19 08:04:00,2,割煤中位,False,正常,6254,25
2024-04-19 08:05:00,2024-04-19 08:06:00,2,割煤高位,False,正常,6255,25
2024-04-19 08:07:00,2024-04-19 08:16:00,10,割煤中位,False,正常,6256,25
2024-04-19 08:17:00,2024-04-19 08:17:00,1,调架中,False,正常,6257,25
2024-04-19 08:18:00,2024-04-19 08:19:00,2,割煤中位,False,正常,6258,25
2024-04-19 08:20:00,2024-04-19 08:23:00,4,割煤高位,False,正常,6259,25
2024-04-19 08:24:00,2024-04-19 08:26:00,3,待机-高位,False,正常,6260,25
2024-04-19 08:27:00,2024-04-19 08:27:00,1,调架中,False,正常,6261,25
2024-04-19 08:28:00,2024-04-19 08:28:00,1,待机,False,正常,6262,25
2024-04-19 08:29:00,2024-04-19 08:32:00,4,割煤中位,False,正常,6263,25
2024-04-19 08:33:00,2024-04-19 08:33:00,1,调架中,False,正常,6264,25
2024-04-19 08:34:00,2024-04-19 08:37:00,4,割煤中位,False,正常,6265,25
2024-04-19 08:38:00,2024-04-19 09:41:00,64,待机,False,正常,6266,25
2024-04-19 09:42:00,2024-04-19 09:50:00,9,停机,False,正常,6267,25
2024-04-19 09:51:00,2024-04-19 09:52:00,2,待机-高位,False,正常,6268,25
2024-04-19 09:53:00,2024-04-19 10:36:00,44,停机,False,正常,6269,25
2024-04-19 10:37:00,2024-04-19 10:37:00,1,待机,False,正常,6270,25
2024-04-19 10:38:00,2024-04-19 11:52:00,75,停机,False,正常,6271,25
2024-04-19 11:53:00,2024-04-19 11:53:00,1,待机,False,正常,6272,25
2024-04-19 11:54:00,2024-04-19 12:37:00,44,停机,False,正常,6273,25
2024-04-19 12:38:00,2024-04-19 12:46:00,9,待机,False,正常,6274,25
2024-04-19 12:47:00,2024-04-19 14:05:00,79,停机,False,正常,6275,25
2024-04-19 14:06:00,2024-04-19 14:38:00,33,待机,False,正常,6276,25
2024-04-19 14:39:00,2024-04-19 16:02:00,84,停机,False,正常,6277,25
2024-04-19 16:03:00,2024-04-19 16:03:00,1,割煤中位,False,正常,6278,25
2024-04-19 16:04:00,2024-04-19 16:05:00,2,调架中,False,正常,6279,25
2024-04-19 16:06:00,2024-04-19 16:10:00,5,待机,False,正常,6280,25
2024-04-19 16:11:00,2024-04-19 16:12:00,2,停机,False,正常,6281,25
2024-04-19 16:13:00,2024-04-19 17:08:00,56,待机,False,正常,6282,25
2024-04-19 17:09:00,2024-04-19 17:09:00,1,调架中,False,正常,6283,25
2024-04-19 17:10:00,2024-04-19 17:21:00,12,割煤中位,False,正常,6284,25
2024-04-19 17:22:00,2024-04-19 17:24:00,3,割煤高位,False,正常,6285,25
2024-04-19 17:25:00,2024-04-19 17:25:00,1,调架中,False,正常,6286,25
2024-04-19 17:26:00,2024-04-19 17:30:00,5,割煤高位,False,正常,6287,25
2024-04-19 17:31:00,2024-04-19 17:31:00,1,调架中,False,正常,6288,25
2024-04-19 17:32:00,2024-04-19 17:35:00,4,割煤高位,False,正常,6289,25
2024-04-19 17:36:00,2024-04-19 17:36:00,1,调架中,False,正常,6290,25
2024-04-19 17:37:00,2024-04-19 17:40:00,4,割煤高位,False,正常,6291,25
2024-04-19 17:41:00,2024-04-19 17:41:00,1,调架中,False,正常,6292,25
2024-04-19 17:42:00,2024-04-19 17:44:00,3,割煤高位,False,正常,6293,25
2024-04-19 17:45:00,2024-04-19 17:45:00,1,调架中,False,正常,6294,25
2024-04-19 17:46:00,2024-04-19 17:48:00,3,割煤中位,False,正常,6295,25
2024-04-19 17:49:00,2024-04-19 17:49:00,1,割煤高位,False,正常,6296,25
2024-04-19 17:50:00,2024-04-19 17:50:00,1,调架中,False,正常,6297,25
2024-04-19 17:51:00,2024-04-19 17:55:00,5,割煤高位,False,正常,6298,25
2024-04-19 17:56:00,2024-04-19 18:01:00,6,割煤中位,False,正常,6299,25
2024-04-19 18:02:00,2024-04-19 18:03:00,2,割煤高位,False,正常,6300,25
2024-04-19 18:04:00,2024-04-19 18:04:00,1,割煤中位,False,正常,6301,25
2024-04-19 18:05:00,2024-04-19 18:05:00,1,调架中,False,正常,6302,25
2024-04-19 18:06:00,2024-04-19 18:11:00,6,割煤高位,False,正常,6303,25
2024-04-19 18:12:00,2024-04-19 18:12:00,1,调架中,False,正常,6304,25
2024-04-19 18:13:00,2024-04-19 18:15:00,3,割煤高位,False,正常,6305,25
2024-04-19 18:16:00,2024-04-19 18:18:00,3,割煤中位,False,正常,6306,25
2024-04-19 18:19:00,2024-04-19 18:21:00,3,割煤高位,False,正常,6307,25
2024-04-19 18:22:00,2024-04-19 18:28:00,7,割煤中位,False,正常,6308,25
2024-04-19 18:29:00,2024-04-19 18:29:00,1,调架中,False,正常,6309,25
2024-04-19 18:30:00,2024-04-19 18:31:00,2,割煤中位,False,正常,6310,25
2024-04-19 18:32:00,2024-04-19 18:32:00,1,调架中,False,正常,6311,25
2024-04-19 18:33:00,2024-04-19 18:35:00,3,割煤中位,False,正常,6312,25
2024-04-19 18:36:00,2024-04-19 18:36:00,1,调架中,False,正常,6313,25
2024-04-19 18:37:00,2024-04-19 18:49:00,13,割煤中位,False,正常,6314,25
2024-04-19 18:50:00,2024-04-19 18:52:00,3,调架中,False,正常,6315,25
2024-04-19 18:53:00,2024-04-19 18:53:00,1,割煤中位,False,正常,6316,25
2024-04-19 18:54:00,2024-04-19 18:54:00,1,调架中,False,正常,6317,25
2024-04-19 18:55:00,2024-04-19 18:55:00,1,割煤中位,False,正常,6318,25
2024-04-19 18:56:00,2024-04-19 19:15:00,20,待机,False,正常,6319,25
2024-04-19 19:16:00,2024-04-19 19:16:00,1,调架中,False,正常,6320,25
2024-04-19 19:17:00,2024-04-19 19:17:00,1,割煤中位,False,正常,6321,25
2024-04-19 19:18:00,2024-04-19 19:18:00,1,调架中,False,正常,6322,25
2024-04-19 19:19:00,2024-04-19 19:20:00,2,割煤高位,False,正常,6323,25
2024-04-19 19:21:00,2024-04-19 19:26:00,6,待机,False,正常,6324,25
2024-04-19 19:27:00,2024-04-19 19:31:00,5,割煤中位,False,正常,6325,25
2024-04-19 19:32:00,2024-04-19 19:32:00,1,调架中,False,正常,6326,25
2024-04-19 19:33:00,2024-04-19 19:33:00,1,割煤中位,False,正常,6327,25
2024-04-19 19:34:00,2024-04-19 19:35:00,2,调架中,False,正常,6328,25
2024-04-19 19:36:00,2024-04-19 19:40:00,5,待机,False,正常,6329,25
2024-04-19 19:41:00,2024-04-19 19:42:00,2,调架中,False,正常,6330,25
2024-04-19 19:43:00,2024-04-19 19:55:00,13,待机,False,正常,6331,25
2024-04-19 19:56:00,2024-04-19 20:13:00,18,停机,False,正常,6332,25
2024-04-19 20:14:00,2024-04-19 20:14:00,1,调架中,False,正常,6333,25
2024-04-19 20:15:00,2024-04-19 20:15:00,1,待机,False,正常,6334,25
2024-04-19 20:16:00,2024-04-19 20:31:00,16,停机,False,正常,6335,25
2024-04-19 20:32:00,2024-04-19 20:34:00,3,割煤中位,False,正常,6336,25
2024-04-19 20:35:00,2024-04-19 20:35:00,1,割煤高位,False,正常,6337,25
2024-04-19 20:36:00,2024-04-19 20:36:00,1,调架中,False,正常,6338,25
2024-04-19 20:37:00,2024-04-19 20:55:00,19,割煤中位,False,正常,6339,25
2024-04-19 20:56:00,2024-04-19 20:57:00,2,停机,False,正常,6340,25
2024-04-19 20:58:00,2024-04-19 21:02:00,5,割煤中位,False,正常,6341,25
2024-04-19 21:03:00,2024-04-19 21:03:00,1,割煤高位,False,正常,6342,25
2024-04-19 21:04:00,2024-04-19 21:05:00,2,调架中,False,正常,6343,25
2024-04-19 21:06:00,2024-04-19 21:07:00,2,割煤高位,False,正常,6344,25
2024-04-19 21:08:00,2024-04-19 21:11:00,4,割煤中位,False,正常,6345,25
2024-04-19 21:12:00,2024-04-19 21:15:00,4,割煤高位,False,正常,6346,25
2024-04-19 21:16:00,2024-04-19 21:16:00,1,调架中,False,正常,6347,25
2024-04-19 21:17:00,2024-04-19 21:23:00,7,割煤高位,False,正常,6348,25
2024-04-19 21:24:00,2024-04-19 21:25:00,2,调架中,False,正常,6349,25
2024-04-19 21:26:00,2024-04-19 21:26:00,1,割煤中位,False,正常,6350,25
2024-04-19 21:27:00,2024-04-19 21:30:00,4,割煤高位,False,正常,6351,25
2024-04-19 21:31:00,2024-04-19 21:33:00,3,调架中,False,正常,6352,25
2024-04-19 21:34:00,2024-04-19 21:37:00,4,割煤高位,False,正常,6353,25
2024-04-19 21:38:00,2024-04-19 21:43:00,6,割煤中位,False,正常,6354,25
2024-04-19 21:44:00,2024-04-19 21:47:00,4,割煤高位,False,正常,6355,25
2024-04-19 21:48:00,2024-04-19 21:49:00,2,调架中,False,正常,6356,25
2024-04-19 21:50:00,2024-04-19 21:52:00,3,割煤中位,False,正常,6357,25
2024-04-19 21:53:00,2024-04-19 21:53:00,1,割煤高位,False,正常,6358,25
2024-04-19 21:54:00,2024-04-19 21:54:00,1,调架中,False,正常,6359,25
2024-04-19 21:55:00,2024-04-19 22:00:00,6,割煤高位,False,正常,6360,25
2024-04-19 22:01:00,2024-04-19 22:01:00,1,待机-高位,False,正常,6361,25
2024-04-19 22:02:00,2024-04-19 22:03:00,2,割煤高位,False,正常,6362,25
2024-04-19 22:04:00,2024-04-19 22:07:00,4,调架中,False,正常,6363,25
2024-04-19 22:08:00,2024-04-19 22:09:00,2,待机-高位,False,正常,6364,25
2024-04-19 22:10:00,2024-04-19 22:12:00,3,割煤高位,False,正常,6365,25
2024-04-19 22:13:00,2024-04-19 22:23:00,11,割煤中位,False,正常,6366,25
2024-04-19 22:24:00,2024-04-19 22:27:00,4,调架中,False,正常,6367,25
2024-04-19 22:28:00,2024-04-19 22:28:00,1,割煤高位,False,正常,6368,25
2024-04-19 22:29:00,2024-04-19 22:33:00,5,割煤中位,False,正常,6369,25
2024-04-19 22:34:00,2024-04-19 22:35:00,2,调架中,False,正常,6370,25
2024-04-19 22:36:00,2024-04-19 22:36:00,1,割煤中位,False,正常,6371,25
2024-04-19 22:37:00,2024-04-19 22:37:00,1,调架中,False,正常,6372,25
2024-04-19 22:38:00,2024-04-19 22:38:00,1,割煤高位,False,正常,6373,25
2024-04-19 22:39:00,2024-04-19 22:43:00,5,割煤中位,False,正常,6374,25
2024-04-19 22:44:00,2024-04-19 22:44:00,1,调架中,False,正常,6375,25
2024-04-19 22:45:00,2024-04-19 22:49:00,5,待机-高位,False,正常,6376,25
2024-04-19 22:50:00,2024-04-19 22:52:00,3,割煤中位,False,正常,6377,25
2024-04-19 22:53:00,2024-04-19 22:53:00,1,调架中,False,正常,6378,25
2024-04-19 22:54:00,2024-04-19 22:55:00,2,割煤中位,False,正常,6379,25
2024-04-19 22:56:00,2024-04-19 22:56:00,1,调架中,False,正常,6380,25
2024-04-19 22:57:00,2024-04-19 23:00:00,4,割煤中位,False,正常,6381,25
2024-04-19 23:01:00,2024-04-19 23:05:00,5,割煤高位,False,正常,6382,25
2024-04-19 23:06:00,2024-04-19 23:09:00,4,调架中,False,正常,6383,25
2024-04-19 23:10:00,2024-04-19 23:14:00,5,割煤高位,False,正常,6384,25
2024-04-19 23:15:00,2024-04-19 23:15:00,1,割煤中位,False,正常,6385,25
2024-04-19 23:16:00,2024-04-19 23:16:00,1,调架中,False,正常,6386,25
2024-04-19 23:17:00,2024-04-19 23:17:00,1,割煤中位,False,正常,6387,25
2024-04-19 23:18:00,2024-04-19 23:18:00,1,调架中,False,正常,6388,25
2024-04-19 23:19:00,2024-04-19 23:20:00,2,割煤高位,False,正常,6389,25
2024-04-19 23:21:00,2024-04-19 23:23:00,3,割煤中位,False,正常,6390,25
2024-04-19 23:24:00,2024-04-19 23:24:00,1,调架中,False,正常,6391,25
2024-04-19 23:25:00,2024-04-19 23:27:00,3,割煤高位,False,正常,6392,25
2024-04-19 23:28:00,2024-04-19 23:28:00,1,调架中,False,正常,6393,25
2024-04-19 23:29:00,2024-04-19 23:34:00,6,割煤高位,False,正常,6394,25
2024-04-19 23:35:00,2024-04-19 23:35:00,1,调架中,False,正常,6395,25
2024-04-19 23:36:00,2024-04-19 23:39:00,4,割煤高位,False,正常,6396,25
2024-04-19 23:40:00,2024-04-19 23:40:00,1,调架中,False,正常,6397,25
2024-04-19 23:41:00,2024-04-19 23:42:00,2,待机-高位,False,正常,6398,25
2024-04-19 23:43:00,2024-04-19 23:43:00,1,调架中,False,正常,6399,25
2024-04-19 23:44:00,2024-04-19 23:44:00,1,待机-高位,False,正常,6400,25
2024-04-19 23:45:00,2024-04-19 23:45:00,1,调架中,False,正常,6401,25
2024-04-19 23:46:00,2024-04-19 23:50:00,5,割煤中位,False,正常,6402,25
2024-04-19 23:51:00,2024-04-19 23:51:00,1,待机-高位,False,正常,6403,25
2024-04-19 23:52:00,2024-04-19 23:52:00,1,割煤中位,False,正常,6404,25
2024-04-19 23:53:00,2024-04-19 23:56:00,4,待机-高位,False,正常,6405,25
2024-04-19 23:57:00,2024-04-19 23:57:00,1,调架中,False,正常,6406,25
2024-04-19 23:58:00,2024-04-19 23:59:00,2,割煤中位,False,正常,6407,25
2024-04-20 00:00:00,2024-04-20 00:05:00,6,割煤高位,False,正常,6408,25
2024-04-20 00:06:00,2024-04-20 00:06:00,1,调架中,False,正常,6409,25
2024-04-20 00:07:00,2024-04-20 00:10:00,4,割煤中位,False,正常,6410,25
2024-04-20 00:11:00,2024-04-20 00:12:00,2,割煤高位,False,正常,6411,25
2024-04-20 00:13:00,2024-04-20 00:14:00,2,待机-高位,False,正常,6412,25
2024-04-20 00:15:00,2024-04-20 00:20:00,6,割煤高位,False,正常,6413,25
2024-04-20 00:21:00,2024-04-20 00:21:00,1,调架中,False,正常,6414,25
2024-04-20 00:22:00,2024-04-20 00:28:00,7,割煤中位,False,正常,6415,25
2024-04-20 00:29:00,2024-04-20 00:32:00,4,割煤高位,False,正常,6416,25
2024-04-20 00:33:00,2024-04-20 00:33:00,1,调架中,False,正常,6417,25
2024-04-20 00:34:00,2024-04-20 00:35:00,2,待机-高位,False,正常,6418,25
2024-04-20 00:36:00,2024-04-20 00:38:00,3,割煤高位,False,正常,6419,25
2024-04-20 00:39:00,2024-04-20 00:48:00,10,割煤中位,False,正常,6420,25
2024-04-20 00:49:00,2024-04-20 00:49:00,1,调架中,False,正常,6421,25
2024-04-20 00:50:00,2024-04-20 00:51:00,2,待机-高位,False,正常,6422,25
2024-04-20 00:52:00,2024-04-20 00:53:00,2,割煤高位,False,正常,6423,25
2024-04-20 00:54:00,2024-04-20 00:54:00,1,待机-高位,False,正常,6424,25
2024-04-20 00:55:00,2024-04-20 00:55:00,1,调架中,False,正常,6425,25
2024-04-20 00:56:00,2024-04-20 00:57:00,2,割煤高位,False,正常,6426,25
2024-04-20 00:58:00,2024-04-20 00:58:00,1,调架中,False,正常,6427,25
2024-04-20 00:59:00,2024-04-20 01:01:00,3,割煤中位,False,正常,6428,25
2024-04-20 01:02:00,2024-04-20 01:04:00,3,割煤高位,False,正常,6429,25
2024-04-20 01:05:00,2024-04-20 01:05:00,1,调架中,False,正常,6430,25
2024-04-20 01:06:00,2024-04-20 01:07:00,2,割煤高位,False,正常,6431,25
2024-04-20 01:08:00,2024-04-20 01:11:00,4,待机-高位,False,正常,6432,25
2024-04-20 01:12:00,2024-04-20 01:12:00,1,调架中,False,正常,6433,25
2024-04-20 01:13:00,2024-04-20 01:16:00,4,割煤高位,False,正常,6434,25
2024-04-20 01:17:00,2024-04-20 01:17:00,1,调架中,False,正常,6435,25
2024-04-20 01:18:00,2024-04-20 01:22:00,5,割煤高位,False,正常,6436,25
2024-04-20 01:23:00,2024-04-20 01:24:00,2,调架中,False,正常,6437,25
2024-04-20 01:25:00,2024-04-20 01:28:00,4,割煤高位,False,正常,6438,25
2024-04-20 01:29:00,2024-04-20 01:34:00,6,割煤中位,False,正常,6439,25
2024-04-20 01:35:00,2024-04-20 01:35:00,1,调架中,False,正常,6440,25
2024-04-20 01:36:00,2024-04-20 01:36:00,1,割煤高位,False,正常,6441,25
2024-04-20 01:37:00,2024-04-20 01:49:00,13,割煤中位,False,正常,6442,25
2024-04-20 01:50:00,2024-04-20 01:50:00,1,待机,False,正常,6443,25
2024-04-20 01:51:00,2024-04-20 01:51:00,1,割煤中位,False,正常,6444,25
2024-04-20 01:52:00,2024-04-20 01:52:00,1,待机,False,正常,6445,25
2024-04-20 01:53:00,2024-04-20 01:57:00,5,割煤中位,False,正常,6446,25
2024-04-20 01:58:00,2024-04-20 01:58:00,1,割煤高位,False,正常,6447,25
2024-04-20 01:59:00,2024-04-20 01:59:00,1,待机,False,正常,6448,25
2024-04-20 02:00:00,2024-04-20 02:11:00,12,割煤中位,False,正常,6449,25
2024-04-20 02:12:00,2024-04-20 02:12:00,1,待机,False,正常,6450,25
2024-04-20 02:13:00,2024-04-20 02:14:00,2,割煤中位,False,正常,6451,25
2024-04-20 02:15:00,2024-04-20 02:15:00,1,割煤高位,False,正常,6452,25
2024-04-20 02:16:00,2024-04-20 02:16:00,1,调架中,False,正常,6453,25
2024-04-20 02:17:00,2024-04-20 02:25:00,9,割煤中位,False,正常,6454,25
2024-04-20 02:26:00,2024-04-20 02:26:00,1,调架中,False,正常,6455,25
2024-04-20 02:27:00,2024-04-20 02:27:00,1,割煤高位,False,正常,6456,25
2024-04-20 02:28:00,2024-04-20 02:32:00,5,割煤中位,False,正常,6457,25
2024-04-20 02:33:00,2024-04-20 02:34:00,2,割煤高位,False,正常,6458,25
2024-04-20 02:35:00,2024-04-20 02:35:00,1,调架中,False,正常,6459,25
2024-04-20 02:36:00,2024-04-20 02:37:00,2,割煤高位,False,正常,6460,25
2024-04-20 02:38:00,2024-04-20 02:38:00,1,调架中,False,正常,6461,25
2024-04-20 02:39:00,2024-04-20 02:39:00,1,割煤高位,False,正常,6462,25
2024-04-20 02:40:00,2024-04-20 02:40:00,1,调架中,False,正常,6463,25
2024-04-20 02:41:00,2024-04-20 02:42:00,2,割煤高位,False,正常,6464,25
2024-04-20 02:43:00,2024-04-20 02:44:00,2,调架中,False,正常,6465,25
2024-04-20 02:45:00,2024-04-20 02:45:00,1,割煤高位,False,正常,6466,25
2024-04-20 02:46:00,2024-04-20 02:46:00,1,调架中,False,正常,6467,25
2024-04-20 02:47:00,2024-04-20 02:48:00,2,割煤中位,False,正常,6468,25
2024-04-20 02:49:00,2024-04-20 02:51:00,3,割煤高位,False,正常,6469,25
2024-04-20 02:52:00,2024-04-20 02:52:00,1,调架中,False,正常,6470,25
2024-04-20 02:53:00,2024-04-20 02:54:00,2,割煤高位,False,正常,6471,25
2024-04-20 02:55:00,2024-04-20 03:04:00,10,割煤中位,False,正常,6472,25
2024-04-20 03:05:00,2024-04-20 03:11:00,7,割煤高位,False,正常,6473,25
2024-04-20 03:12:00,2024-04-20 03:12:00,1,调架中,False,正常,6474,25
2024-04-20 03:13:00,2024-04-20 03:15:00,3,割煤中位,False,正常,6475,25
2024-04-20 03:16:00,2024-04-20 03:16:00,1,调架中,False,正常,6476,25
2024-04-20 03:17:00,2024-04-20 03:17:00,1,割煤高位,False,正常,6477,25
2024-04-20 03:18:00,2024-04-20 03:19:00,2,调架中,False,正常,6478,25
2024-04-20 03:20:00,2024-04-20 03:21:00,2,割煤高位,False,正常,6479,25
2024-04-20 03:22:00,2024-04-20 03:22:00,1,调架中,False,正常,6480,25
2024-04-20 03:23:00,2024-04-20 03:28:00,6,割煤高位,False,正常,6481,25
2024-04-20 03:29:00,2024-04-20 03:39:00,11,割煤中位,False,正常,6482,25
2024-04-20 03:40:00,2024-04-20 03:40:00,1,调架中,False,正常,6483,25
2024-04-20 03:41:00,2024-04-20 03:41:00,1,割煤中位,False,正常,6484,25
2024-04-20 03:42:00,2024-04-20 03:42:00,1,割煤高位,False,正常,6485,25
2024-04-20 03:43:00,2024-04-20 03:43:00,1,调架中,False,正常,6486,25
2024-04-20 03:44:00,2024-04-20 03:45:00,2,待机-高位,False,正常,6487,25
2024-04-20 03:46:00,2024-04-20 03:47:00,2,割煤高位,False,正常,6488,25
2024-04-20 03:48:00,2024-04-20 03:48:00,1,调架中,False,正常,6489,25
2024-04-20 03:49:00,2024-04-20 03:50:00,2,割煤中位,False,正常,6490,25
2024-04-20 03:51:00,2024-04-20 03:51:00,1,割煤高位,False,正常,6491,25
2024-04-20 03:52:00,2024-04-20 03:52:00,1,调架中,False,正常,6492,25
2024-04-20 03:53:00,2024-04-20 03:55:00,3,待机-高位,False,正常,6493,25
2024-04-20 03:56:00,2024-04-20 03:56:00,1,调架中,False,正常,6494,25
2024-04-20 03:57:00,2024-04-20 03:57:00,1,割煤中位,False,正常,6495,25
2024-04-20 03:58:00,2024-04-20 03:58:00,1,调架中,False,正常,6496,25
2024-04-20 03:59:00,2024-04-20 04:16:00,18,割煤中位,False,正常,6497,25
2024-04-20 04:17:00,2024-04-20 04:18:00,2,调架中,False,正常,6498,25
2024-04-20 04:19:00,2024-04-20 04:21:00,3,割煤中位,False,正常,6499,25
2024-04-20 04:22:00,2024-04-20 04:22:00,1,调架中,False,正常,6500,25
2024-04-20 04:23:00,2024-04-20 04:23:00,1,割煤中位,False,正常,6501,25
2024-04-20 04:24:00,2024-04-20 04:25:00,2,割煤高位,False,正常,6502,25
2024-04-20 04:26:00,2024-04-20 04:31:00,6,割煤中位,False,正常,6503,25
2024-04-20 04:32:00,2024-04-20 04:32:00,1,调架中,False,正常,6504,25
2024-04-20 04:33:00,2024-04-20 04:35:00,3,割煤中位,False,正常,6505,25
2024-04-20 04:36:00,2024-04-20 04:40:00,5,调架中,False,正常,6506,25
2024-04-20 04:41:00,2024-04-20 04:43:00,3,割煤中位,False,正常,6507,25
2024-04-20 04:44:00,2024-04-20 04:44:00,1,割煤高位,False,正常,6508,25
2024-04-20 04:45:00,2024-04-20 04:50:00,6,割煤中位,False,正常,6509,25
2024-04-20 04:51:00,2024-04-20 04:55:00,5,割煤高位,False,正常,6510,25
2024-04-20 04:56:00,2024-04-20 04:57:00,2,调架中,False,正常,6511,25
2024-04-20 04:58:00,2024-04-20 04:58:00,1,待机-高位,False,正常,6512,25
2024-04-20 04:59:00,2024-04-20 04:59:00,1,调架中,False,正常,6513,25
2024-04-20 05:00:00,2024-04-20 05:03:00,4,割煤中位,False,正常,6514,25
2024-04-20 05:04:00,2024-04-20 05:04:00,1,割煤高位,False,正常,6515,25
2024-04-20 05:05:00,2024-04-20 05:06:00,2,割煤中位,False,正常,6516,25
2024-04-20 05:07:00,2024-04-20 05:07:00,1,调架中,False,正常,6517,25
2024-04-20 05:08:00,2024-04-20 05:08:00,1,割煤中位,False,正常,6518,25
2024-04-20 05:09:00,2024-04-20 05:21:00,13,待机,False,正常,6519,25
2024-04-20 05:22:00,2024-04-20 05:22:00,1,割煤中位,False,正常,6520,25
2024-04-20 05:23:00,2024-04-20 05:23:00,1,调架中,False,正常,6521,25
2024-04-20 05:24:00,2024-04-20 05:25:00,2,待机,False,正常,6522,25
2024-04-20 05:26:00,2024-04-20 05:28:00,3,割煤中位,False,正常,6523,25
2024-04-20 05:29:00,2024-04-20 05:32:00,4,割煤高位,False,正常,6524,25
2024-04-20 05:33:00,2024-04-20 05:37:00,5,割煤中位,False,正常,6525,25
2024-04-20 05:38:00,2024-04-20 05:38:00,1,调架中,False,正常,6526,25
2024-04-20 05:39:00,2024-04-20 05:44:00,6,割煤中位,False,正常,6527,25
2024-04-20 05:45:00,2024-04-20 05:47:00,3,割煤高位,False,正常,6528,25
2024-04-20 05:48:00,2024-04-20 05:50:00,3,割煤中位,False,正常,6529,25
2024-04-20 05:51:00,2024-04-20 05:52:00,2,割煤高位,False,正常,6530,25
2024-04-20 05:53:00,2024-04-20 05:53:00,1,调架中,False,正常,6531,25
2024-04-20 05:54:00,2024-04-20 05:54:00,1,割煤高位,False,正常,6532,25
2024-04-20 05:55:00,2024-04-20 05:59:00,5,割煤中位,False,正常,6533,25
2024-04-20 06:00:00,2024-04-20 06:00:00,1,割煤高位,False,正常,6534,25
2024-04-20 06:01:00,2024-04-20 06:04:00,4,割煤中位,False,正常,6535,25
2024-04-20 06:05:00,2024-04-20 06:12:00,8,割煤高位,False,正常,6536,25
2024-04-20 06:13:00,2024-04-20 06:13:00,1,割煤低位,False,正常,6537,25
2024-04-20 06:14:00,2024-04-20 06:18:00,5,割煤中位,False,正常,6538,25
2024-04-20 06:19:00,2024-04-20 06:26:00,8,割煤高位,False,正常,6539,25
2024-04-20 06:27:00,2024-04-20 06:28:00,2,调架中,False,正常,6540,25
2024-04-20 06:29:00,2024-04-20 06:29:00,1,割煤中位,False,正常,6541,25
2024-04-20 06:30:00,2024-04-20 06:32:00,3,割煤高位,False,正常,6542,25
2024-04-20 06:33:00,2024-04-20 06:34:00,2,待机-高位,False,正常,6543,25
2024-04-20 06:35:00,2024-04-20 06:36:00,2,割煤高位,False,正常,6544,25
2024-04-20 06:37:00,2024-04-20 06:37:00,1,调架中,False,正常,6545,25
2024-04-20 06:38:00,2024-04-20 06:39:00,2,割煤高位,False,正常,6546,25
2024-04-20 06:40:00,2024-04-20 06:41:00,2,割煤中位,False,正常,6547,25
2024-04-20 06:42:00,2024-04-20 06:42:00,1,割煤高位,False,正常,6548,25
2024-04-20 06:43:00,2024-04-20 06:45:00,3,割煤中位,False,正常,6549,25
2024-04-20 06:46:00,2024-04-20 06:46:00,1,割煤高位,False,正常,6550,25
2024-04-20 06:47:00,2024-04-20 06:47:00,1,割煤中位,False,正常,6551,25
2024-04-20 06:48:00,2024-04-20 06:49:00,2,调架中,False,正常,6552,25
2024-04-20 06:50:00,2024-04-20 06:51:00,2,割煤中位,False,正常,6553,25
2024-04-20 06:52:00,2024-04-20 06:52:00,1,调架中,False,正常,6554,25
2024-04-20 06:53:00,2024-04-20 06:53:00,1,割煤高位,False,正常,6555,25
2024-04-20 06:54:00,2024-04-20 07:06:00,13,割煤中位,False,正常,6556,25
2024-04-20 07:07:00,2024-04-20 07:08:00,2,割煤高位,False,正常,6557,25
2024-04-20 07:09:00,2024-04-20 07:09:00,1,割煤低位,False,正常,6558,25
2024-04-20 07:10:00,2024-04-20 07:11:00,2,割煤中位,False,正常,6559,25
2024-04-20 07:12:00,2024-04-20 07:12:00,1,调架中,False,正常,6560,25
2024-04-20 07:13:00,2024-04-20 07:13:00,1,割煤中位,False,正常,6561,25
2024-04-20 07:14:00,2024-04-20 07:14:00,1,调架中,False,正常,6562,25
2024-04-20 07:15:00,2024-04-20 07:16:00,2,割煤中位,False,正常,6563,25
2024-04-20 07:17:00,2024-04-20 07:17:00,1,调架中,False,正常,6564,25
2024-04-20 07:18:00,2024-04-20 07:19:00,2,割煤中位,False,正常,6565,25
2024-04-20 07:20:00,2024-04-20 07:20:00,1,调架中,False,正常,6566,25
2024-04-20 07:21:00,2024-04-20 07:22:00,2,割煤中位,False,正常,6567,25
2024-04-20 07:23:00,2024-04-20 07:23:00,1,割煤高位,False,正常,6568,25
2024-04-20 07:24:00,2024-04-20 07:28:00,5,割煤中位,False,正常,6569,25
2024-04-20 07:29:00,2024-04-20 07:30:00,2,割煤高位,False,正常,6570,25
2024-04-20 07:31:00,2024-04-20 07:31:00,1,调架中,False,正常,6571,25
2024-04-20 07:32:00,2024-04-20 07:32:00,1,割煤中位,False,正常,6572,25
2024-04-20 07:33:00,2024-04-20 07:33:00,1,待机,False,正常,6573,25
2024-04-20 07:34:00,2024-04-20 07:36:00,3,割煤中位,False,正常,6574,25
2024-04-20 07:37:00,2024-04-20 07:41:00,5,割煤高位,False,正常,6575,25
2024-04-20 07:42:00,2024-04-20 07:47:00,6,割煤中位,False,正常,6576,25
2024-04-20 07:48:00,2024-04-20 07:49:00,2,割煤高位,False,正常,6577,25
2024-04-20 07:50:00,2024-04-20 07:54:00,5,待机,False,正常,6578,25
2024-04-20 07:55:00,2024-04-20 07:55:00,1,调架中,False,正常,6579,25
2024-04-20 07:56:00,2024-04-20 07:56:00,1,割煤中位,False,正常,6580,25
2024-04-20 07:57:00,2024-04-20 07:57:00,1,调架中,False,正常,6581,25
2024-04-20 07:58:00,2024-04-20 08:02:00,5,割煤中位,False,正常,6582,25
2024-04-20 08:03:00,2024-04-20 08:03:00,1,调架中,False,正常,6583,25
2024-04-20 08:04:00,2024-04-20 08:05:00,2,割煤高位,False,正常,6584,25
2024-04-20 08:06:00,2024-04-20 08:06:00,1,割煤中位,False,正常,6585,25
2024-04-20 08:07:00,2024-04-20 08:07:00,1,割煤高位,False,正常,6586,25
2024-04-20 08:08:00,2024-04-20 08:08:00,1,待机-高位,False,正常,6587,25
2024-04-20 08:09:00,2024-04-20 08:14:00,6,割煤高位,False,正常,6588,25
2024-04-20 08:15:00,2024-04-20 08:17:00,3,待机-高位,False,正常,6589,25
2024-04-20 08:18:00,2024-04-20 08:26:00,9,割煤中位,False,正常,6590,25
2024-04-20 08:27:00,2024-04-20 10:04:00,98,待机,False,正常,6591,25
2024-04-20 10:05:00,2024-04-20 10:06:00,2,停机,False,正常,6592,25
2024-04-20 10:07:00,2024-04-20 10:07:00,1,待机,False,正常,6593,25
2024-04-20 10:08:00,2024-04-20 10:24:00,17,停机,False,正常,6594,25
2024-04-20 10:25:00,2024-04-20 13:15:00,171,待机,False,正常,6595,25
2024-04-20 13:16:00,2024-04-20 13:49:00,34,停机,False,正常,6596,25
2024-04-20 13:50:00,2024-04-20 13:50:00,1,待机,False,正常,6597,25
2024-04-20 13:51:00,2024-04-20 13:52:00,2,停机,False,正常,6598,25
2024-04-20 13:53:00,2024-04-20 16:40:00,168,待机,False,正常,6599,25
2024-04-20 16:41:00,2024-04-20 16:42:00,2,停机,False,正常,6600,25
2024-04-20 16:43:00,2024-04-20 18:22:00,100,待机,False,正常,6601,25
2024-04-20 18:23:00,2024-04-20 18:31:00,9,停机,False,正常,6602,25
2024-04-20 18:32:00,2024-04-20 18:34:00,3,割煤中位,False,正常,6603,25
2024-04-20 18:35:00,2024-04-20 18:37:00,3,割煤高位,False,正常,6604,25
2024-04-20 18:38:00,2024-04-20 18:45:00,8,割煤中位,False,正常,6605,25
2024-04-20 18:46:00,2024-04-20 18:48:00,3,割煤高位,False,正常,6606,25
2024-04-20 18:49:00,2024-04-20 18:49:00,1,调架中,False,正常,6607,25
2024-04-20 18:50:00,2024-04-20 18:53:00,4,割煤高位,False,正常,6608,25
2024-04-20 18:54:00,2024-04-20 18:58:00,5,割煤中位,False,正常,6609,25
2024-04-20 18:59:00,2024-04-20 18:59:00,1,待机,False,正常,6610,25
2024-04-20 19:00:00,2024-04-20 19:00:00,1,割煤中位,False,正常,6611,25
2024-04-20 19:01:00,2024-04-20 19:04:00,4,割煤高位,False,正常,6612,25
2024-04-20 19:05:00,2024-04-20 19:05:00,1,调架中,False,正常,6613,25
2024-04-20 19:06:00,2024-04-20 19:07:00,2,待机-高位,False,正常,6614,25
2024-04-20 19:08:00,2024-04-20 19:08:00,1,调架中,False,正常,6615,25
2024-04-20 19:09:00,2024-04-20 19:12:00,4,割煤高位,False,正常,6616,25
2024-04-20 19:13:00,2024-04-20 19:14:00,2,待机-高位,False,正常,6617,25
2024-04-20 19:15:00,2024-04-20 19:15:00,1,割煤高位,False,正常,6618,25
2024-04-20 19:16:00,2024-04-20 19:16:00,1,割煤中位,False,正常,6619,25
2024-04-20 19:17:00,2024-04-20 19:18:00,2,调架中,False,正常,6620,25
2024-04-20 19:19:00,2024-04-20 19:19:00,1,割煤中位,False,正常,6621,25
2024-04-20 19:20:00,2024-04-20 19:20:00,1,调架中,False,正常,6622,25
2024-04-20 19:21:00,2024-04-20 19:24:00,4,待机,False,正常,6623,25
2024-04-20 19:25:00,2024-04-20 19:25:00,1,调架中,False,正常,6624,25
2024-04-20 19:26:00,2024-04-20 19:31:00,6,停机,False,正常,6625,25
2024-04-20 19:32:00,2024-04-20 19:33:00,2,割煤中位,False,正常,6626,25
2024-04-20 19:34:00,2024-04-20 19:35:00,2,调架中,False,正常,6627,25
2024-04-20 19:36:00,2024-04-20 19:36:00,1,割煤中位,False,正常,6628,25
2024-04-20 19:37:00,2024-04-20 19:37:00,1,待机,False,正常,6629,25
2024-04-20 19:38:00,2024-04-20 19:45:00,8,停机,False,正常,6630,25
2024-04-20 19:46:00,2024-04-20 19:48:00,3,割煤中位,False,正常,6631,25
2024-04-20 19:49:00,2024-04-20 19:49:00,1,调架中,False,正常,6632,25
2024-04-20 19:50:00,2024-04-20 20:14:00,25,割煤中位,False,正常,6633,25
2024-04-20 20:15:00,2024-04-20 20:15:00,1,调架中,False,正常,6634,25
2024-04-20 20:16:00,2024-04-20 20:18:00,3,割煤中位,False,正常,6635,25
2024-04-20 20:19:00,2024-04-20 20:19:00,1,割煤高位,False,正常,6636,25
2024-04-20 20:20:00,2024-04-20 20:20:00,1,割煤中位,False,正常,6637,25
2024-04-20 20:21:00,2024-04-20 20:22:00,2,割煤低位,False,正常,6638,25
2024-04-20 20:23:00,2024-04-20 20:30:00,8,待机,False,正常,6639,25
2024-04-20 20:31:00,2024-04-20 20:35:00,5,割煤中位,False,正常,6640,25
2024-04-20 20:36:00,2024-04-20 20:36:00,1,调架中,False,正常,6641,25
2024-04-20 20:37:00,2024-04-20 20:39:00,3,割煤中位,False,正常,6642,25
2024-04-20 20:40:00,2024-04-20 20:40:00,1,待机,False,正常,6643,25
2024-04-20 20:41:00,2024-04-20 20:42:00,2,割煤中位,False,正常,6644,25
2024-04-20 20:43:00,2024-04-20 20:43:00,1,调架中,False,正常,6645,25
2024-04-20 20:44:00,2024-04-20 20:44:00,1,割煤高位,False,正常,6646,25
2024-04-20 20:45:00,2024-04-20 20:45:00,1,割煤低位,False,正常,6647,25
2024-04-20 20:46:00,2024-04-20 20:46:00,1,割煤中位,False,正常,6648,25
2024-04-20 20:47:00,2024-04-20 20:47:00,1,调架中,False,正常,6649,25
2024-04-20 20:48:00,2024-04-20 20:51:00,4,割煤中位,False,正常,6650,25
2024-04-20 20:52:00,2024-04-20 20:53:00,2,割煤高位,False,正常,6651,25
2024-04-20 20:54:00,2024-04-20 20:54:00,1,调架中,False,正常,6652,25
2024-04-20 20:55:00,2024-04-20 20:58:00,4,待机,False,正常,6653,25
2024-04-20 20:59:00,2024-04-20 20:59:00,1,调架中,False,正常,6654,25
2024-04-20 21:00:00,2024-04-20 21:00:00,1,割煤高位,False,正常,6655,25
2024-04-20 21:01:00,2024-04-20 21:01:00,1,调架中,False,正常,6656,25
2024-04-20 21:02:00,2024-04-20 21:11:00,10,割煤中位,False,正常,6657,25
2024-04-20 21:12:00,2024-04-20 21:15:00,4,调架中,False,正常,6658,25
2024-04-20 21:16:00,2024-04-20 21:17:00,2,割煤中位,False,正常,6659,25
2024-04-20 21:18:00,2024-04-20 21:19:00,2,待机,False,正常,6660,25
2024-04-20 21:20:00,2024-04-20 21:22:00,3,割煤中位,False,正常,6661,25
2024-04-20 21:23:00,2024-04-20 21:23:00,1,调架中,False,正常,6662,25
2024-04-20 21:24:00,2024-04-20 21:25:00,2,割煤中位,False,正常,6663,25
2024-04-20 21:26:00,2024-04-20 21:26:00,1,调架中,False,正常,6664,25
2024-04-20 21:27:00,2024-04-20 21:27:00,1,割煤中位,False,正常,6665,25
2024-04-20 21:28:00,2024-04-20 21:30:00,3,割煤高位,False,正常,6666,25
2024-04-20 21:31:00,2024-04-20 21:40:00,10,割煤中位,False,正常,6667,25
2024-04-20 21:41:00,2024-04-20 21:43:00,3,割煤高位,False,正常,6668,25
2024-04-20 21:44:00,2024-04-20 21:44:00,1,调架中,False,正常,6669,25
2024-04-20 21:45:00,2024-04-20 21:46:00,2,割煤高位,False,正常,6670,25
2024-04-20 21:47:00,2024-04-20 21:47:00,1,调架中,False,正常,6671,25
2024-04-20 21:48:00,2024-04-20 21:58:00,11,割煤中位,False,正常,6672,25
2024-04-20 21:59:00,2024-04-20 22:10:00,12,割煤高位,False,正常,6673,25
2024-04-20 22:11:00,2024-04-20 22:11:00,1,割煤中位,False,正常,6674,25
2024-04-20 22:12:00,2024-04-20 22:17:00,6,待机,False,正常,6675,25
2024-04-20 22:18:00,2024-04-20 22:18:00,1,调架中,False,正常,6676,25
2024-04-20 22:19:00,2024-04-20 22:23:00,5,割煤中位,False,正常,6677,25
2024-04-20 22:24:00,2024-04-20 22:28:00,5,割煤高位,False,正常,6678,25
2024-04-20 22:29:00,2024-04-20 22:37:00,9,割煤中位,False,正常,6679,25
2024-04-20 22:38:00,2024-04-20 22:38:00,1,调架中,False,正常,6680,25
2024-04-20 22:39:00,2024-04-20 22:39:00,1,割煤中位,False,正常,6681,25
2024-04-20 22:40:00,2024-04-20 22:40:00,1,调架中,False,正常,6682,25
2024-04-20 22:41:00,2024-04-20 22:42:00,2,待机-高位,False,正常,6683,25
2024-04-20 22:43:00,2024-04-20 22:47:00,5,割煤中位,False,正常,6684,25
2024-04-20 22:48:00,2024-04-20 22:48:00,1,调架中,False,正常,6685,25
2024-04-20 22:49:00,2024-04-20 22:53:00,5,割煤中位,False,正常,6686,25
2024-04-20 22:54:00,2024-04-20 22:54:00,1,调架中,False,正常,6687,25
2024-04-20 22:55:00,2024-04-20 22:58:00,4,割煤中位,False,正常,6688,25
2024-04-20 22:59:00,2024-04-20 22:59:00,1,调架中,False,正常,6689,25
2024-04-20 23:00:00,2024-04-20 23:16:00,17,割煤中位,False,正常,6690,25
2024-04-20 23:17:00,2024-04-20 23:17:00,1,调架中,False,正常,6691,25
2024-04-20 23:18:00,2024-04-20 23:21:00,4,割煤中位,False,正常,6692,25
2024-04-20 23:22:00,2024-04-20 23:22:00,1,割煤高位,False,正常,6693,25
2024-04-20 23:23:00,2024-04-20 23:23:00,1,割煤中位,False,正常,6694,25
2024-04-20 23:24:00,2024-04-20 23:24:00,1,调架中,False,正常,6695,25
2024-04-20 23:25:00,2024-04-20 23:25:00,1,割煤中位,False,正常,6696,25
2024-04-20 23:26:00,2024-04-20 23:27:00,2,调架中,False,正常,6697,25
2024-04-20 23:28:00,2024-04-20 23:30:00,3,待机,False,正常,6698,25
2024-04-20 23:31:00,2024-04-20 23:37:00,7,割煤中位,False,正常,6699,25
2024-04-20 23:38:00,2024-04-20 23:42:00,5,割煤高位,False,正常,6700,25
2024-04-20 23:43:00,2024-04-20 23:45:00,3,割煤中位,False,正常,6701,25
2024-04-20 23:46:00,2024-04-20 23:46:00,1,割煤高位,False,正常,6702,25
2024-04-20 23:47:00,2024-04-20 23:47:00,1,割煤中位,False,正常,6703,25
2024-04-20 23:48:00,2024-04-20 23:48:00,1,割煤低位,False,正常,6704,25
2024-04-20 23:49:00,2024-04-20 23:51:00,3,割煤中位,False,正常,6705,25
2024-04-20 23:52:00,2024-04-20 23:53:00,2,割煤高位,False,正常,6706,25
2024-04-20 23:54:00,2024-04-20 23:55:00,2,待机-高位,False,正常,6707,25
2024-04-20 23:56:00,2024-04-20 23:56:00,1,调架中,False,正常,6708,25
2024-04-20 23:57:00,2024-04-20 23:58:00,2,待机-高位,False,正常,6709,25
2024-04-20 23:59:00,2024-04-20 23:59:00,1,割煤中位,False,正常,6710,25
2024-04-21 00:00:00,2024-04-21 00:00:00,1,调架中,False,正常,6711,25
2024-04-21 00:01:00,2024-04-21 00:02:00,2,割煤中位,False,正常,6712,25
2024-04-21 00:03:00,2024-04-21 00:10:00,8,待机,False,正常,6713,25
2024-04-21 00:11:00,2024-04-21 00:11:00,1,调架中,False,正常,6714,25
2024-04-21 00:12:00,2024-04-21 00:19:00,8,割煤中位,False,正常,6715,25
2024-04-21 00:20:00,2024-04-21 00:21:00,2,割煤高位,False,正常,6716,25
2024-04-21 00:22:00,2024-04-21 00:27:00,6,割煤中位,False,正常,6717,25
2024-04-21 00:28:00,2024-04-21 00:28:00,1,调架中,False,正常,6718,25
2024-04-21 00:29:00,2024-04-21 00:29:00,1,待机-高位,False,正常,6719,25
2024-04-21 00:30:00,2024-04-21 00:30:00,1,调架中,False,正常,6720,25
2024-04-21 00:31:00,2024-04-21 00:39:00,9,待机,False,正常,6721,25
2024-04-21 00:40:00,2024-04-21 00:46:00,7,割煤中位,False,正常,6722,25
2024-04-21 00:47:00,2024-04-21 00:47:00,1,调架中,False,正常,6723,25
2024-04-21 00:48:00,2024-04-21 00:50:00,3,割煤中位,False,正常,6724,25
2024-04-21 00:51:00,2024-04-21 00:52:00,2,割煤高位,False,正常,6725,25
2024-04-21 00:53:00,2024-04-21 01:01:00,9,割煤中位,False,正常,6726,25
2024-04-21 01:02:00,2024-04-21 01:16:00,15,割煤高位,False,正常,6727,25
2024-04-21 01:17:00,2024-04-21 01:20:00,4,割煤中位,False,正常,6728,25
2024-04-21 01:21:00,2024-04-21 01:29:00,9,割煤高位,False,正常,6729,25
2024-04-21 01:30:00,2024-04-21 01:38:00,9,割煤中位,False,正常,6730,25
2024-04-21 01:39:00,2024-04-21 01:39:00,1,割煤高位,False,正常,6731,25
2024-04-21 01:40:00,2024-04-21 01:40:00,1,割煤中位,False,正常,6732,25
2024-04-21 01:41:00,2024-04-21 01:42:00,2,割煤高位,False,正常,6733,25
2024-04-21 01:43:00,2024-04-21 01:45:00,3,割煤中位,False,正常,6734,25
2024-04-21 01:46:00,2024-04-21 01:46:00,1,调架中,False,正常,6735,25
2024-04-21 01:47:00,2024-04-21 01:49:00,3,割煤中位,False,正常,6736,25
2024-04-21 01:50:00,2024-04-21 01:51:00,2,割煤高位,False,正常,6737,25
2024-04-21 01:52:00,2024-04-21 01:52:00,1,调架中,False,正常,6738,25
2024-04-21 01:53:00,2024-04-21 01:54:00,2,割煤高位,False,正常,6739,25
2024-04-21 01:55:00,2024-04-21 01:55:00,1,割煤中位,False,正常,6740,25
2024-04-21 01:56:00,2024-04-21 01:57:00,2,割煤高位,False,正常,6741,25
2024-04-21 01:58:00,2024-04-21 02:19:00,22,割煤中位,False,正常,6742,25
2024-04-21 02:20:00,2024-04-21 02:21:00,2,割煤高位,False,正常,6743,25
2024-04-21 02:22:00,2024-04-21 02:22:00,1,调架中,False,正常,6744,25
2024-04-21 02:23:00,2024-04-21 02:23:00,1,割煤中位,False,正常,6745,25
2024-04-21 02:24:00,2024-04-21 02:24:00,1,调架中,False,正常,6746,25
2024-04-21 02:25:00,2024-04-21 02:26:00,2,割煤高位,False,正常,6747,25
2024-04-21 02:27:00,2024-04-21 02:27:00,1,调架中,False,正常,6748,25
2024-04-21 02:28:00,2024-04-21 02:29:00,2,割煤高位,False,正常,6749,25
2024-04-21 02:30:00,2024-04-21 02:31:00,2,割煤中位,False,正常,6750,25
2024-04-21 02:32:00,2024-04-21 02:33:00,2,调架中,False,正常,6751,25
2024-04-21 02:34:00,2024-04-21 02:43:00,10,待机,False,正常,6752,25
2024-04-21 02:44:00,2024-04-21 02:44:00,1,调架中,False,正常,6753,25
2024-04-21 02:45:00,2024-04-21 02:46:00,2,割煤中位,False,正常,6754,25
2024-04-21 02:47:00,2024-04-21 02:47:00,1,割煤高位,False,正常,6755,25
2024-04-21 02:48:00,2024-04-21 02:51:00,4,割煤中位,False,正常,6756,25
2024-04-21 02:52:00,2024-04-21 02:53:00,2,割煤高位,False,正常,6757,25
2024-04-21 02:54:00,2024-04-21 02:54:00,1,调架中,False,正常,6758,25
2024-04-21 02:55:00,2024-04-21 02:56:00,2,割煤中位,False,正常,6759,25
2024-04-21 02:57:00,2024-04-21 03:00:00,4,调架中,False,正常,6760,25
2024-04-21 03:01:00,2024-04-21 03:02:00,2,割煤中位,False,正常,6761,25
2024-04-21 03:03:00,2024-04-21 03:03:00,1,调架中,False,正常,6762,25
2024-04-21 03:04:00,2024-04-21 03:04:00,1,割煤中位,False,正常,6763,25
2024-04-21 03:05:00,2024-04-21 03:08:00,4,待机,False,正常,6764,25
2024-04-21 03:09:00,2024-04-21 03:09:00,1,调架中,False,正常,6765,25
2024-04-21 03:10:00,2024-04-21 03:14:00,5,割煤中位,False,正常,6766,25
2024-04-21 03:15:00,2024-04-21 03:27:00,13,调架中,False,正常,6767,25
2024-04-21 03:28:00,2024-04-21 03:28:00,1,割煤中位,False,正常,6768,25
2024-04-21 03:29:00,2024-04-21 03:29:00,1,调架中,False,正常,6769,25
2024-04-21 03:30:00,2024-04-21 03:33:00,4,待机-高位,False,正常,6770,25
2024-04-21 03:34:00,2024-04-21 03:36:00,3,调架中,False,正常,6771,25
2024-04-21 03:37:00,2024-04-21 03:37:00,1,割煤高位,False,正常,6772,25
2024-04-21 03:38:00,2024-04-21 03:43:00,6,割煤中位,False,正常,6773,25
2024-04-21 03:44:00,2024-04-21 03:45:00,2,调架中,False,正常,6774,25
2024-04-21 03:46:00,2024-04-21 03:56:00,11,割煤中位,False,正常,6775,25
2024-04-21 03:57:00,2024-04-21 03:58:00,2,割煤高位,False,正常,6776,25
2024-04-21 03:59:00,2024-04-21 03:59:00,1,调架中,False,正常,6777,25
2024-04-21 04:00:00,2024-04-21 04:01:00,2,待机,False,正常,6778,25
2024-04-21 04:02:00,2024-04-21 04:03:00,2,割煤中位,False,正常,6779,25
2024-04-21 04:04:00,2024-04-21 04:04:00,1,待机-高位,False,正常,6780,25
2024-04-21 04:05:00,2024-04-21 04:06:00,2,割煤中位,False,正常,6781,25
2024-04-21 04:07:00,2024-04-21 04:07:00,1,待机,False,正常,6782,25
2024-04-21 04:08:00,2024-04-21 04:08:00,1,调架中,False,正常,6783,25
2024-04-21 04:09:00,2024-04-21 04:11:00,3,割煤中位,False,正常,6784,25
2024-04-21 04:12:00,2024-04-21 04:12:00,1,割煤高位,False,正常,6785,25
2024-04-21 04:13:00,2024-04-21 04:17:00,5,割煤中位,False,正常,6786,25
2024-04-21 04:18:00,2024-04-21 04:31:00,14,割煤高位,False,正常,6787,25
2024-04-21 04:32:00,2024-04-21 04:32:00,1,调架中,False,正常,6788,25
2024-04-21 04:33:00,2024-04-21 04:33:00,1,割煤中位,False,正常,6789,25
2024-04-21 04:34:00,2024-04-21 04:37:00,4,割煤高位,False,正常,6790,25
2024-04-21 04:38:00,2024-04-21 04:38:00,1,调架中,False,正常,6791,25
2024-04-21 04:39:00,2024-04-21 04:40:00,2,割煤高位,False,正常,6792,25
2024-04-21 04:41:00,2024-04-21 04:41:00,1,调架中,False,正常,6793,25
2024-04-21 04:42:00,2024-04-21 04:45:00,4,割煤高位,False,正常,6794,25
2024-04-21 04:46:00,2024-04-21 04:50:00,5,割煤中位,False,正常,6795,25
2024-04-21 04:51:00,2024-04-21 04:55:00,5,割煤高位,False,正常,6796,25
2024-04-21 04:56:00,2024-04-21 04:56:00,1,调架中,False,正常,6797,25
2024-04-21 04:57:00,2024-04-21 05:03:00,7,割煤中位,False,正常,6798,25
2024-04-21 05:04:00,2024-04-21 05:04:00,1,调架中,False,正常,6799,25
2024-04-21 05:05:00,2024-04-21 05:05:00,1,割煤高位,False,正常,6800,25
2024-04-21 05:06:00,2024-04-21 05:06:00,1,调架中,False,正常,6801,25
2024-04-21 05:07:00,2024-04-21 05:08:00,2,割煤中位,False,正常,6802,25
2024-04-21 05:09:00,2024-04-21 05:09:00,1,待机-高位,False,正常,6803,25
2024-04-21 05:10:00,2024-04-21 05:14:00,5,割煤高位,False,正常,6804,25
2024-04-21 05:15:00,2024-04-21 05:19:00,5,割煤中位,False,正常,6805,25
2024-04-21 05:20:00,2024-04-21 05:20:00,1,割煤高位,False,正常,6806,25
2024-04-21 05:21:00,2024-04-21 05:22:00,2,割煤中位,False,正常,6807,25
2024-04-21 05:23:00,2024-04-21 05:24:00,2,调架中,False,正常,6808,25
2024-04-21 05:25:00,2024-04-21 05:32:00,8,割煤中位,False,正常,6809,25
2024-04-21 05:33:00,2024-04-21 05:36:00,4,割煤高位,False,正常,6810,25
2024-04-21 05:37:00,2024-04-21 05:38:00,2,割煤中位,False,正常,6811,25
2024-04-21 05:39:00,2024-04-21 05:39:00,1,调架中,False,正常,6812,25
2024-04-21 05:40:00,2024-04-21 05:44:00,5,割煤中位,False,正常,6813,25
2024-04-21 05:45:00,2024-04-21 05:46:00,2,调架中,False,正常,6814,25
2024-04-21 05:47:00,2024-04-21 05:51:00,5,割煤中位,False,正常,6815,25
2024-04-21 05:52:00,2024-04-21 05:52:00,1,调架中,False,正常,6816,25
2024-04-21 05:53:00,2024-04-21 05:57:00,5,割煤中位,False,正常,6817,25
2024-04-21 05:58:00,2024-04-21 05:58:00,1,割煤高位,False,正常,6818,25
2024-04-21 05:59:00,2024-04-21 06:03:00,5,割煤中位,False,正常,6819,25
2024-04-21 06:04:00,2024-04-21 06:04:00,1,调架中,False,正常,6820,25
2024-04-21 06:05:00,2024-04-21 06:05:00,1,待机,False,正常,6821,25
2024-04-21 06:06:00,2024-04-21 06:06:00,1,割煤中位,False,正常,6822,25
2024-04-21 06:07:00,2024-04-21 06:07:00,1,调架中,False,正常,6823,25
2024-04-21 06:08:00,2024-04-21 06:08:00,1,割煤中位,False,正常,6824,25
2024-04-21 06:09:00,2024-04-21 06:09:00,1,割煤高位,False,正常,6825,25
2024-04-21 06:10:00,2024-04-21 06:10:00,1,待机-高位,False,正常,6826,25
2024-04-21 06:11:00,2024-04-21 06:11:00,1,调架中,False,正常,6827,25
2024-04-21 06:12:00,2024-04-21 06:12:00,1,割煤高位,False,正常,6828,25
2024-04-21 06:13:00,2024-04-21 06:13:00,1,调架中,False,正常,6829,25
2024-04-21 06:14:00,2024-04-21 06:21:00,8,割煤高位,False,正常,6830,25
2024-04-21 06:22:00,2024-04-21 06:22:00,1,调架中,False,正常,6831,25
2024-04-21 06:23:00,2024-04-21 06:24:00,2,割煤中位,False,正常,6832,25
2024-04-21 06:25:00,2024-04-21 06:25:00,1,调架中,False,正常,6833,25
2024-04-21 06:26:00,2024-04-21 06:31:00,6,割煤中位,False,正常,6834,25
2024-04-21 06:32:00,2024-04-21 06:32:00,1,割煤高位,False,正常,6835,25
2024-04-21 06:33:00,2024-04-21 06:33:00,1,调架中,False,正常,6836,25
2024-04-21 06:34:00,2024-04-21 06:47:00,14,待机-高位,False,正常,6837,25
2024-04-21 06:48:00,2024-04-21 06:48:00,1,调架中,False,正常,6838,25
2024-04-21 06:49:00,2024-04-21 06:49:00,1,割煤高位,False,正常,6839,25
2024-04-21 06:50:00,2024-04-21 06:51:00,2,调架中,False,正常,6840,25
2024-04-21 06:52:00,2024-04-21 06:52:00,1,割煤中位,False,正常,6841,25
2024-04-21 06:53:00,2024-04-21 06:53:00,1,待机,False,正常,6842,25
2024-04-21 06:54:00,2024-04-21 06:57:00,4,割煤中位,False,正常,6843,25
2024-04-21 06:58:00,2024-04-21 07:01:00,4,割煤高位,False,正常,6844,25
2024-04-21 07:02:00,2024-04-21 07:04:00,3,割煤中位,False,正常,6845,25
2024-04-21 07:05:00,2024-04-21 07:05:00,1,调架中,False,正常,6846,25
2024-04-21 07:06:00,2024-04-21 07:10:00,5,割煤中位,False,正常,6847,25
2024-04-21 07:11:00,2024-04-21 07:11:00,1,调架中,False,正常,6848,25
2024-04-21 07:12:00,2024-04-21 07:15:00,4,割煤高位,False,正常,6849,25
2024-04-21 07:16:00,2024-04-21 07:16:00,1,调架中,False,正常,6850,25
2024-04-21 07:17:00,2024-04-21 07:17:00,1,割煤高位,False,正常,6851,25
2024-04-21 07:18:00,2024-04-21 07:18:00,1,调架中,False,正常,6852,25
2024-04-21 07:19:00,2024-04-21 07:25:00,7,割煤高位,False,正常,6853,25
2024-04-21 07:26:00,2024-04-21 07:26:00,1,调架中,False,正常,6854,25
2024-04-21 07:27:00,2024-04-21 07:28:00,2,割煤中位,False,正常,6855,25
2024-04-21 07:29:00,2024-04-21 07:30:00,2,割煤高位,False,正常,6856,25
2024-04-21 07:31:00,2024-04-21 07:31:00,1,割煤中位,False,正常,6857,25
2024-04-21 07:32:00,2024-04-21 07:36:00,5,割煤高位,False,正常,6858,25
2024-04-21 07:37:00,2024-04-21 07:40:00,4,割煤中位,False,正常,6859,25
2024-04-21 07:41:00,2024-04-21 07:46:00,6,割煤高位,False,正常,6860,25
2024-04-21 07:47:00,2024-04-21 07:47:00,1,调架中,False,正常,6861,25
2024-04-21 07:48:00,2024-04-21 07:50:00,3,割煤高位,False,正常,6862,25
2024-04-21 07:51:00,2024-04-21 07:54:00,4,割煤中位,False,正常,6863,25
2024-04-21 07:55:00,2024-04-21 07:59:00,5,割煤高位,False,正常,6864,25
2024-04-21 08:00:00,2024-04-21 08:00:00,1,调架中,False,正常,6865,25
2024-04-21 08:01:00,2024-04-21 08:02:00,2,割煤高位,False,正常,6866,25
2024-04-21 08:03:00,2024-04-21 08:03:00,1,调架中,False,正常,6867,25
2024-04-21 08:04:00,2024-04-21 08:05:00,2,割煤高位,False,正常,6868,25
2024-04-21 08:06:00,2024-04-21 08:07:00,2,调架中,False,正常,6869,25
2024-04-21 08:08:00,2024-04-21 08:08:00,1,割煤中位,False,正常,6870,25
2024-04-21 08:09:00,2024-04-21 08:09:00,1,调架中,False,正常,6871,25
2024-04-21 08:10:00,2024-04-21 08:12:00,3,割煤中位,False,正常,6872,25
2024-04-21 08:13:00,2024-04-21 08:13:00,1,调架中,False,正常,6873,25
2024-04-21 08:14:00,2024-04-21 08:16:00,3,割煤中位,False,正常,6874,25
2024-04-21 08:17:00,2024-04-21 08:17:00,1,调架中,False,正常,6875,25
2024-04-21 08:18:00,2024-04-21 08:19:00,2,割煤中位,False,正常,6876,25
2024-04-21 08:20:00,2024-04-21 08:20:00,1,调架中,False,正常,6877,25
2024-04-21 08:21:00,2024-04-21 08:27:00,7,待机,False,正常,6878,25
2024-04-21 08:28:00,2024-04-21 08:30:00,3,割煤中位,False,正常,6879,25
2024-04-21 08:31:00,2024-04-21 08:31:00,1,割煤高位,False,正常,6880,25
2024-04-21 08:32:00,2024-04-21 08:32:00,1,调架中,False,正常,6881,25
2024-04-21 08:33:00,2024-04-21 08:33:00,1,割煤高位,False,正常,6882,25
2024-04-21 08:34:00,2024-04-21 08:34:00,1,调架中,False,正常,6883,25
2024-04-21 08:35:00,2024-04-21 08:36:00,2,割煤中位,False,正常,6884,25
2024-04-21 08:37:00,2024-04-21 08:37:00,1,割煤高位,False,正常,6885,25
2024-04-21 08:38:00,2024-04-21 08:39:00,2,调架中,False,正常,6886,25
2024-04-21 08:40:00,2024-04-21 08:40:00,1,割煤高位,False,正常,6887,25
2024-04-21 08:41:00,2024-04-21 08:41:00,1,调架中,False,正常,6888,25
2024-04-21 08:42:00,2024-04-21 08:43:00,2,割煤中位,False,正常,6889,25
2024-04-21 08:44:00,2024-04-21 08:48:00,5,调架中,False,正常,6890,25
2024-04-21 08:49:00,2024-04-21 08:49:00,1,待机-高位,False,正常,6891,25
2024-04-21 08:50:00,2024-04-21 08:52:00,3,割煤高位,False,正常,6892,25
2024-04-21 08:53:00,2024-04-21 08:54:00,2,割煤中位,False,正常,6893,25
2024-04-21 08:55:00,2024-04-21 08:56:00,2,调架中,False,正常,6894,25
2024-04-21 08:57:00,2024-04-21 08:57:00,1,割煤中位,False,正常,6895,25
2024-04-21 08:58:00,2024-04-21 08:59:00,2,割煤高位,False,正常,6896,25
2024-04-21 09:00:00,2024-04-21 09:00:00,1,调架中,False,正常,6897,25
2024-04-21 09:01:00,2024-04-21 09:02:00,2,割煤中位,False,正常,6898,25
2024-04-21 09:03:00,2024-04-21 09:12:00,10,割煤高位,False,正常,6899,25
2024-04-21 09:13:00,2024-04-21 09:14:00,2,调架中,False,正常,6900,25
2024-04-21 09:15:00,2024-04-21 09:18:00,4,割煤中位,False,正常,6901,25
2024-04-21 09:19:00,2024-04-21 09:22:00,4,割煤高位,False,正常,6902,25
2024-04-21 09:23:00,2024-04-21 09:25:00,3,割煤中位,False,正常,6903,25
2024-04-21 09:26:00,2024-04-21 09:29:00,4,割煤高位,False,正常,6904,25
2024-04-21 09:30:00,2024-04-21 09:32:00,3,割煤中位,False,正常,6905,25
2024-04-21 09:33:00,2024-04-21 09:34:00,2,待机,False,正常,6906,25
2024-04-21 09:35:00,2024-04-21 09:35:00,1,割煤中位,False,正常,6907,25
2024-04-21 09:36:00,2024-04-21 09:36:00,1,调架中,False,正常,6908,25
2024-04-21 09:37:00,2024-04-21 09:37:00,1,割煤中位,False,正常,6909,25
2024-04-21 09:38:00,2024-04-21 09:41:00,4,割煤高位,False,正常,6910,25
2024-04-21 09:42:00,2024-04-21 09:43:00,2,割煤中位,False,正常,6911,25
2024-04-21 09:44:00,2024-04-21 09:50:00,7,割煤高位,False,正常,6912,25
2024-04-21 09:51:00,2024-04-21 09:52:00,2,割煤中位,False,正常,6913,25
2024-04-21 09:53:00,2024-04-21 09:58:00,6,割煤高位,False,正常,6914,25
2024-04-21 09:59:00,2024-04-21 10:02:00,4,割煤中位,False,正常,6915,25
2024-04-21 10:03:00,2024-04-21 12:55:00,173,待机,False,正常,6916,25
2024-04-21 12:56:00,2024-04-21 15:17:00,142,停机,False,正常,6917,25
2024-04-21 15:18:00,2024-04-21 15:41:00,24,待机,False,正常,6918,25
2024-04-21 15:42:00,2024-04-21 15:42:00,1,调架中,False,正常,6919,25
2024-04-21 15:43:00,2024-04-21 16:05:00,23,待机,False,正常,6920,25
2024-04-21 16:06:00,2024-04-21 16:33:00,28,停机,False,正常,6921,25
2024-04-21 16:34:00,2024-04-21 16:34:00,1,割煤中位,False,正常,6922,25
2024-04-21 16:35:00,2024-04-21 16:35:00,1,调架中,False,正常,6923,25
2024-04-21 16:36:00,2024-04-21 16:38:00,3,停机,False,正常,6924,25
2024-04-21 16:39:00,2024-04-21 16:40:00,2,割煤中位,False,正常,6925,25
2024-04-21 16:41:00,2024-04-21 16:49:00,9,割煤高位,False,正常,6926,25
2024-04-21 16:50:00,2024-04-21 16:50:00,1,割煤中位,False,正常,6927,25
2024-04-21 16:51:00,2024-04-21 16:51:00,1,停机,False,正常,6928,25
2024-04-21 16:52:00,2024-04-21 16:55:00,4,割煤中位,False,正常,6929,25
2024-04-21 16:56:00,2024-04-21 16:57:00,2,割煤高位,False,正常,6930,25
2024-04-21 16:58:00,2024-04-21 16:58:00,1,调架中,False,正常,6931,25
2024-04-21 16:59:00,2024-04-21 17:00:00,2,割煤高位,False,正常,6932,25
2024-04-21 17:01:00,2024-04-21 17:06:00,6,待机-高位,False,正常,6933,25
2024-04-21 17:07:00,2024-04-21 17:11:00,5,停机,False,正常,6934,25
2024-04-21 17:12:00,2024-04-21 17:12:00,1,调架中,False,正常,6935,25
2024-04-21 17:13:00,2024-04-21 17:13:00,1,待机,False,正常,6936,25
2024-04-21 17:14:00,2024-04-21 17:27:00,14,停机,False,正常,6937,25
2024-04-21 17:28:00,2024-04-21 17:31:00,4,割煤高位,False,正常,6938,25
2024-04-21 17:32:00,2024-04-21 17:37:00,6,割煤中位,False,正常,6939,25
2024-04-21 17:38:00,2024-04-21 17:42:00,5,割煤高位,False,正常,6940,25
2024-04-21 17:43:00,2024-04-21 17:43:00,1,调架中,False,正常,6941,25
2024-04-21 17:44:00,2024-04-21 17:50:00,7,割煤高位,False,正常,6942,25
2024-04-21 17:51:00,2024-04-21 17:51:00,1,调架中,False,正常,6943,25
2024-04-21 17:52:00,2024-04-21 17:58:00,7,割煤高位,False,正常,6944,25
2024-04-21 17:59:00,2024-04-21 18:07:00,9,割煤中位,False,正常,6945,25
2024-04-21 18:08:00,2024-04-21 18:08:00,1,调架中,False,正常,6946,25
2024-04-21 18:09:00,2024-04-21 18:13:00,5,待机,False,正常,6947,25
2024-04-21 18:14:00,2024-04-21 18:21:00,8,割煤中位,False,正常,6948,25
2024-04-21 18:22:00,2024-04-21 18:22:00,1,调架中,False,正常,6949,25
2024-04-21 18:23:00,2024-04-21 18:25:00,3,割煤中位,False,正常,6950,25
2024-04-21 18:26:00,2024-04-21 18:26:00,1,调架中,False,正常,6951,25
2024-04-21 18:27:00,2024-04-21 18:34:00,8,待机-高位,False,正常,6952,25
2024-04-21 18:35:00,2024-04-21 18:35:00,1,调架中,False,正常,6953,25
2024-04-21 18:36:00,2024-04-21 18:36:00,1,割煤中位,False,正常,6954,25
2024-04-21 18:37:00,2024-04-21 18:37:00,1,调架中,False,正常,6955,25
2024-04-21 18:38:00,2024-04-21 18:39:00,2,割煤高位,False,正常,6956,25
2024-04-21 18:40:00,2024-04-21 18:40:00,1,调架中,False,正常,6957,25
2024-04-21 18:41:00,2024-04-21 18:41:00,1,割煤高位,False,正常,6958,25
2024-04-21 18:42:00,2024-04-21 18:44:00,3,割煤中位,False,正常,6959,25
2024-04-21 18:45:00,2024-04-21 18:45:00,1,割煤高位,False,正常,6960,25
2024-04-21 18:46:00,2024-04-21 18:46:00,1,调架中,False,正常,6961,25
2024-04-21 18:47:00,2024-04-21 18:50:00,4,割煤高位,False,正常,6962,25
2024-04-21 18:51:00,2024-04-21 18:51:00,1,调架中,False,正常,6963,25
2024-04-21 18:52:00,2024-04-21 18:54:00,3,割煤中位,False,正常,6964,25
2024-04-21 18:55:00,2024-04-21 18:57:00,3,待机,False,正常,6965,25
2024-04-21 18:58:00,2024-04-21 19:01:00,4,割煤中位,False,正常,6966,25
2024-04-21 19:02:00,2024-04-21 19:04:00,3,割煤高位,False,正常,6967,25
2024-04-21 19:05:00,2024-04-21 19:05:00,1,调架中,False,正常,6968,25
2024-04-21 19:06:00,2024-04-21 19:06:00,1,割煤高位,False,正常,6969,25
2024-04-21 19:07:00,2024-04-21 19:14:00,8,割煤中位,False,正常,6970,25
2024-04-21 19:15:00,2024-04-21 19:15:00,1,调架中,False,正常,6971,25
2024-04-21 19:16:00,2024-04-21 19:17:00,2,割煤中位,False,正常,6972,25
2024-04-21 19:18:00,2024-04-21 19:19:00,2,调架中,False,正常,6973,25
2024-04-21 19:20:00,2024-04-21 19:23:00,4,割煤中位,False,正常,6974,25
2024-04-21 19:24:00,2024-04-21 19:28:00,5,割煤高位,False,正常,6975,25
2024-04-21 19:29:00,2024-04-21 19:38:00,10,割煤中位,False,正常,6976,25
2024-04-21 19:39:00,2024-04-21 19:39:00,1,调架中,False,正常,6977,25
2024-04-21 19:40:00,2024-04-21 19:40:00,1,割煤高位,False,正常,6978,25
2024-04-21 19:41:00,2024-04-21 19:48:00,8,待机-高位,False,正常,6979,25
2024-04-21 19:49:00,2024-04-21 19:49:00,1,调架中,False,正常,6980,25
2024-04-21 19:50:00,2024-04-21 19:55:00,6,割煤高位,False,正常,6981,25
2024-04-21 19:56:00,2024-04-21 19:56:00,1,调架中,False,正常,6982,25
2024-04-21 19:57:00,2024-04-21 19:58:00,2,割煤中位,False,正常,6983,25
2024-04-21 19:59:00,2024-04-21 20:05:00,7,割煤高位,False,正常,6984,25
2024-04-21 20:06:00,2024-04-21 20:12:00,7,割煤中位,False,正常,6985,25
2024-04-21 20:13:00,2024-04-21 20:17:00,5,割煤高位,False,正常,6986,25
2024-04-21 20:18:00,2024-04-21 20:19:00,2,调架中,False,正常,6987,25
2024-04-21 20:20:00,2024-04-21 20:23:00,4,割煤高位,False,正常,6988,25
2024-04-21 20:24:00,2024-04-21 20:24:00,1,调架中,False,正常,6989,25
2024-04-21 20:25:00,2024-04-21 20:26:00,2,割煤高位,False,正常,6990,25
2024-04-21 20:27:00,2024-04-21 20:27:00,1,调架中,False,正常,6991,25
2024-04-21 20:28:00,2024-04-21 20:29:00,2,割煤高位,False,正常,6992,25
2024-04-21 20:30:00,2024-04-21 20:30:00,1,调架中,False,正常,6993,25
2024-04-21 20:31:00,2024-04-21 20:31:00,1,割煤高位,False,正常,6994,25
2024-04-21 20:32:00,2024-04-21 20:36:00,5,割煤中位,False,正常,6995,25
2024-04-21 20:37:00,2024-04-21 20:40:00,4,割煤高位,False,正常,6996,25
2024-04-21 20:41:00,2024-04-21 20:41:00,1,调架中,False,正常,6997,25
2024-04-21 20:42:00,2024-04-21 20:52:00,11,割煤中位,False,正常,6998,25
2024-04-21 20:53:00,2024-04-21 20:54:00,2,割煤高位,False,正常,6999,25
2024-04-21 20:55:00,2024-04-21 20:55:00,1,割煤中位,False,正常,7000,25
2024-04-21 20:56:00,2024-04-21 20:56:00,1,调架中,False,正常,7001,25
2024-04-21 20:57:00,2024-04-21 20:57:00,1,割煤中位,False,正常,7002,25
2024-04-21 20:58:00,2024-04-21 20:59:00,2,割煤高位,False,正常,7003,25
2024-04-21 21:00:00,2024-04-21 21:00:00,1,割煤中位,False,正常,7004,25
2024-04-21 21:01:00,2024-04-21 21:02:00,2,调架中,False,正常,7005,25
2024-04-21 21:03:00,2024-04-21 21:03:00,1,割煤中位,False,正常,7006,25
2024-04-21 21:04:00,2024-04-21 21:06:00,3,待机-高位,False,正常,7007,25
2024-04-21 21:07:00,2024-04-21 21:10:00,4,割煤高位,False,正常,7008,25
2024-04-21 21:11:00,2024-04-21 21:11:00,1,调架中,False,正常,7009,25
2024-04-21 21:12:00,2024-04-21 21:16:00,5,待机,False,正常,7010,25
2024-04-21 21:17:00,2024-04-21 21:22:00,6,割煤中位,False,正常,7011,25
2024-04-21 21:23:00,2024-04-21 21:23:00,1,调架中,False,正常,7012,25
2024-04-21 21:24:00,2024-04-21 21:24:00,1,割煤中位,False,正常,7013,25
2024-04-21 21:25:00,2024-04-21 21:25:00,1,调架中,False,正常,7014,25
2024-04-21 21:26:00,2024-04-21 21:27:00,2,割煤中位,False,正常,7015,25
2024-04-21 21:28:00,2024-04-21 21:31:00,4,割煤高位,False,正常,7016,25
2024-04-21 21:32:00,2024-04-21 21:32:00,1,割煤中位,False,正常,7017,25
2024-04-21 21:33:00,2024-04-21 21:33:00,1,调架中,False,正常,7018,25
2024-04-21 21:34:00,2024-04-21 21:44:00,11,割煤中位,False,正常,7019,25
2024-04-21 21:45:00,2024-04-21 21:48:00,4,割煤高位,False,正常,7020,25
2024-04-21 21:49:00,2024-04-21 21:49:00,1,调架中,False,正常,7021,25
2024-04-21 21:50:00,2024-04-21 21:53:00,4,割煤高位,False,正常,7022,25
2024-04-21 21:54:00,2024-04-21 21:54:00,1,待机-高位,False,正常,7023,25
2024-04-21 21:55:00,2024-04-21 21:55:00,1,调架中,False,正常,7024,25
2024-04-21 21:56:00,2024-04-21 22:02:00,7,割煤高位,False,正常,7025,25
2024-04-21 22:03:00,2024-04-21 22:04:00,2,割煤中位,False,正常,7026,25
2024-04-21 22:05:00,2024-04-21 22:06:00,2,割煤高位,False,正常,7027,25
2024-04-21 22:07:00,2024-04-21 22:10:00,4,割煤中位,False,正常,7028,25
2024-04-21 22:11:00,2024-04-21 22:14:00,4,割煤高位,False,正常,7029,25
2024-04-21 22:15:00,2024-04-21 22:15:00,1,割煤中位,False,正常,7030,25
2024-04-21 22:16:00,2024-04-21 22:19:00,4,割煤高位,False,正常,7031,25
2024-04-21 22:20:00,2024-04-21 22:30:00,11,割煤中位,False,正常,7032,25
2024-04-21 22:31:00,2024-04-21 22:31:00,1,割煤高位,False,正常,7033,25
2024-04-21 22:32:00,2024-04-21 22:33:00,2,调架中,False,正常,7034,25
2024-04-21 22:34:00,2024-04-21 22:38:00,5,割煤高位,False,正常,7035,25
2024-04-21 22:39:00,2024-04-21 22:39:00,1,调架中,False,正常,7036,25
2024-04-21 22:40:00,2024-04-21 22:50:00,11,割煤高位,False,正常,7037,25
2024-04-21 22:51:00,2024-04-21 22:54:00,4,割煤中位,False,正常,7038,25
2024-04-21 22:55:00,2024-04-21 22:56:00,2,调架中,False,正常,7039,25
2024-04-21 22:57:00,2024-04-21 22:59:00,3,割煤中位,False,正常,7040,25
2024-04-21 23:00:00,2024-04-21 23:03:00,4,割煤高位,False,正常,7041,25
2024-04-21 23:04:00,2024-04-21 23:06:00,3,调架中,False,正常,7042,25
2024-04-21 23:07:00,2024-04-21 23:11:00,5,割煤高位,False,正常,7043,25
2024-04-21 23:12:00,2024-04-21 23:12:00,1,调架中,False,正常,7044,25
2024-04-21 23:13:00,2024-04-21 23:23:00,11,待机-高位,False,正常,7045,25
2024-04-21 23:24:00,2024-04-21 23:24:00,1,调架中,False,正常,7046,25
2024-04-21 23:25:00,2024-04-21 23:26:00,2,割煤中位,False,正常,7047,25
2024-04-21 23:27:00,2024-04-21 23:27:00,1,调架中,False,正常,7048,25
2024-04-21 23:28:00,2024-04-21 23:29:00,2,割煤中位,False,正常,7049,25
2024-04-21 23:30:00,2024-04-21 23:44:00,15,待机,False,正常,7050,25
2024-04-21 23:45:00,2024-04-21 23:45:00,1,调架中,False,正常,7051,25
2024-04-21 23:46:00,2024-04-21 23:53:00,8,待机-高位,False,正常,7052,25
2024-04-21 23:54:00,2024-04-21 23:55:00,2,割煤高位,False,正常,7053,25
2024-04-21 23:56:00,2024-04-21 23:56:00,1,割煤中位,False,正常,7054,25
2024-04-21 23:57:00,2024-04-21 23:58:00,2,调架中,False,正常,7055,25
2024-04-21 23:59:00,2024-04-21 23:59:00,1,割煤高位,False,正常,7056,25
2024-04-22 00:00:00,2024-04-22 00:00:00,1,调架中,False,正常,7057,25
2024-04-22 00:01:00,2024-04-22 00:03:00,3,割煤中位,False,正常,7058,25
2024-04-22 00:04:00,2024-04-22 00:04:00,1,割煤高位,False,正常,7059,25
2024-04-22 00:05:00,2024-04-22 00:05:00,1,调架中,False,正常,7060,25
2024-04-22 00:06:00,2024-04-22 00:07:00,2,待机,False,正常,7061,25
2024-04-22 00:08:00,2024-04-22 00:11:00,4,割煤高位,False,正常,7062,25
2024-04-22 00:12:00,2024-04-22 00:15:00,4,割煤中位,False,正常,7063,25
2024-04-22 00:16:00,2024-04-22 00:16:00,1,调架中,False,正常,7064,25
2024-04-22 00:17:00,2024-04-22 00:17:00,1,割煤中位,False,正常,7065,25
2024-04-22 00:18:00,2024-04-22 00:20:00,3,割煤高位,False,正常,7066,25
2024-04-22 00:21:00,2024-04-22 00:21:00,1,割煤中位,False,正常,7067,25
2024-04-22 00:22:00,2024-04-22 00:22:00,1,调架中,False,正常,7068,25
2024-04-22 00:23:00,2024-04-22 00:23:00,1,割煤中位,False,正常,7069,25
2024-04-22 00:24:00,2024-04-22 00:24:00,1,调架中,False,正常,7070,25
2024-04-22 00:25:00,2024-04-22 00:32:00,8,割煤高位,False,正常,7071,25
2024-04-22 00:33:00,2024-04-22 00:35:00,3,待机-高位,False,正常,7072,25
2024-04-22 00:36:00,2024-04-22 00:42:00,7,割煤中位,False,正常,7073,25
2024-04-22 00:43:00,2024-04-22 00:43:00,1,割煤高位,False,正常,7074,25
2024-04-22 00:44:00,2024-04-22 00:44:00,1,调架中,False,正常,7075,25
2024-04-22 00:45:00,2024-04-22 00:50:00,6,割煤高位,False,正常,7076,25
2024-04-22 00:51:00,2024-04-22 00:53:00,3,调架中,False,正常,7077,25
2024-04-22 00:54:00,2024-04-22 01:11:00,18,待机-高位,False,正常,7078,25
2024-04-22 01:12:00,2024-04-22 01:13:00,2,调架中,False,正常,7079,25
2024-04-22 01:14:00,2024-04-22 01:14:00,1,割煤高位,False,正常,7080,25
2024-04-22 01:15:00,2024-04-22 01:15:00,1,调架中,False,正常,7081,25
2024-04-22 01:16:00,2024-04-22 01:18:00,3,割煤高位,False,正常,7082,25
2024-04-22 01:19:00,2024-04-22 01:21:00,3,割煤中位,False,正常,7083,25
2024-04-22 01:22:00,2024-04-22 01:24:00,3,割煤高位,False,正常,7084,25
2024-04-22 01:25:00,2024-04-22 01:25:00,1,割煤中位,False,正常,7085,25
2024-04-22 01:26:00,2024-04-22 01:27:00,2,割煤高位,False,正常,7086,25
2024-04-22 01:28:00,2024-04-22 01:29:00,2,割煤中位,False,正常,7087,25
2024-04-22 01:30:00,2024-04-22 01:31:00,2,割煤高位,False,正常,7088,25
2024-04-22 01:32:00,2024-04-22 01:32:00,1,割煤中位,False,正常,7089,25
2024-04-22 01:33:00,2024-04-22 01:35:00,3,割煤高位,False,正常,7090,25
2024-04-22 01:36:00,2024-04-22 01:36:00,1,调架中,False,正常,7091,25
2024-04-22 01:37:00,2024-04-22 01:37:00,1,割煤中位,False,正常,7092,25
2024-04-22 01:38:00,2024-04-22 01:38:00,1,调架中,False,正常,7093,25
2024-04-22 01:39:00,2024-04-22 01:41:00,3,割煤中位,False,正常,7094,25
2024-04-22 01:42:00,2024-04-22 01:43:00,2,割煤高位,False,正常,7095,25
2024-04-22 01:44:00,2024-04-22 01:47:00,4,调架中,False,正常,7096,25
2024-04-22 01:48:00,2024-04-22 01:50:00,3,待机-高位,False,正常,7097,25
2024-04-22 01:51:00,2024-04-22 01:52:00,2,调架中,False,正常,7098,25
2024-04-22 01:53:00,2024-04-22 01:58:00,6,割煤高位,False,正常,7099,25
2024-04-22 01:59:00,2024-04-22 02:03:00,5,割煤中位,False,正常,7100,25
2024-04-22 02:04:00,2024-04-22 02:10:00,7,割煤高位,False,正常,7101,25
2024-04-22 02:11:00,2024-04-22 02:14:00,4,割煤中位,False,正常,7102,25
2024-04-22 02:15:00,2024-04-22 02:15:00,1,割煤高位,False,正常,7103,25
2024-04-22 02:16:00,2024-04-22 02:16:00,1,调架中,False,正常,7104,25
2024-04-22 02:17:00,2024-04-22 02:17:00,1,待机-高位,False,正常,7105,25
2024-04-22 02:18:00,2024-04-22 02:18:00,1,割煤高位,False,正常,7106,25
2024-04-22 02:19:00,2024-04-22 02:19:00,1,调架中,False,正常,7107,25
2024-04-22 02:20:00,2024-04-22 02:20:00,1,割煤高位,False,正常,7108,25
2024-04-22 02:21:00,2024-04-22 02:21:00,1,调架中,False,正常,7109,25
2024-04-22 02:22:00,2024-04-22 02:23:00,2,待机-高位,False,正常,7110,25
2024-04-22 02:24:00,2024-04-22 02:37:00,14,割煤中位,False,正常,7111,25
2024-04-22 02:38:00,2024-04-22 02:42:00,5,割煤高位,False,正常,7112,25
2024-04-22 02:43:00,2024-04-22 02:45:00,3,割煤中位,False,正常,7113,25
2024-04-22 02:46:00,2024-04-22 02:50:00,5,割煤高位,False,正常,7114,25
2024-04-22 02:51:00,2024-04-22 02:51:00,1,调架中,False,正常,7115,25
2024-04-22 02:52:00,2024-04-22 02:54:00,3,割煤高位,False,正常,7116,25
2024-04-22 02:55:00,2024-04-22 02:56:00,2,割煤中位,False,正常,7117,25
2024-04-22 02:57:00,2024-04-22 02:58:00,2,调架中,False,正常,7118,25
2024-04-22 02:59:00,2024-04-22 03:03:00,5,待机,False,正常,7119,25
2024-04-22 03:04:00,2024-04-22 03:04:00,1,调架中,False,正常,7120,25
2024-04-22 03:05:00,2024-04-22 03:06:00,2,割煤中位,False,正常,7121,25
2024-04-22 03:07:00,2024-04-22 03:08:00,2,割煤高位,False,正常,7122,25
2024-04-22 03:09:00,2024-04-22 03:09:00,1,调架中,False,正常,7123,25
2024-04-22 03:10:00,2024-04-22 03:11:00,2,割煤高位,False,正常,7124,25
2024-04-22 03:12:00,2024-04-22 03:26:00,15,割煤中位,False,正常,7125,25
2024-04-22 03:27:00,2024-04-22 03:28:00,2,调架中,False,正常,7126,25
2024-04-22 03:29:00,2024-04-22 03:33:00,5,割煤中位,False,正常,7127,25
2024-04-22 03:34:00,2024-04-22 03:36:00,3,割煤高位,False,正常,7128,25
2024-04-22 03:37:00,2024-04-22 03:37:00,1,割煤中位,False,正常,7129,25
2024-04-22 03:38:00,2024-04-22 03:39:00,2,割煤高位,False,正常,7130,25
2024-04-22 03:40:00,2024-04-22 03:40:00,1,调架中,False,正常,7131,25
2024-04-22 03:41:00,2024-04-22 03:42:00,2,割煤高位,False,正常,7132,25
2024-04-22 03:43:00,2024-04-22 03:43:00,1,调架中,False,正常,7133,25
2024-04-22 03:44:00,2024-04-22 03:47:00,4,割煤中位,False,正常,7134,25
2024-04-22 03:48:00,2024-04-22 03:49:00,2,割煤高位,False,正常,7135,25
2024-04-22 03:50:00,2024-04-22 03:50:00,1,割煤中位,False,正常,7136,25
2024-04-22 03:51:00,2024-04-22 03:56:00,6,割煤高位,False,正常,7137,25
2024-04-22 03:57:00,2024-04-22 03:59:00,3,调架中,False,正常,7138,25
2024-04-22 04:00:00,2024-04-22 04:01:00,2,割煤中位,False,正常,7139,25
2024-04-22 04:02:00,2024-04-22 04:04:00,3,割煤高位,False,正常,7140,25
2024-04-22 04:05:00,2024-04-22 04:06:00,2,调架中,False,正常,7141,25
2024-04-22 04:07:00,2024-04-22 04:08:00,2,割煤高位,False,正常,7142,25
2024-04-22 04:09:00,2024-04-22 04:09:00,1,调架中,False,正常,7143,25
2024-04-22 04:10:00,2024-04-22 04:10:00,1,割煤中位,False,正常,7144,25
2024-04-22 04:11:00,2024-04-22 04:12:00,2,割煤低位,False,正常,7145,25
2024-04-22 04:13:00,2024-04-22 04:14:00,2,割煤中位,False,正常,7146,25
2024-04-22 04:15:00,2024-04-22 04:20:00,6,割煤高位,False,正常,7147,25
2024-04-22 04:21:00,2024-04-22 04:21:00,1,调架中,False,正常,7148,25
2024-04-22 04:22:00,2024-04-22 04:24:00,3,割煤中位,False,正常,7149,25
2024-04-22 04:25:00,2024-04-22 04:25:00,1,割煤高位,False,正常,7150,25
2024-04-22 04:26:00,2024-04-22 04:28:00,3,割煤中位,False,正常,7151,25
2024-04-22 04:29:00,2024-04-22 04:30:00,2,割煤高位,False,正常,7152,25
2024-04-22 04:31:00,2024-04-22 04:34:00,4,割煤中位,False,正常,7153,25
2024-04-22 04:35:00,2024-04-22 04:37:00,3,割煤高位,False,正常,7154,25
2024-04-22 04:38:00,2024-04-22 04:59:00,22,割煤中位,False,正常,7155,25
2024-04-22 05:00:00,2024-04-22 05:02:00,3,割煤高位,False,正常,7156,25
2024-04-22 05:03:00,2024-04-22 05:03:00,1,调架中,False,正常,7157,25
2024-04-22 05:04:00,2024-04-22 05:09:00,6,待机-高位,False,正常,7158,25
2024-04-22 05:10:00,2024-04-22 05:10:00,1,调架中,False,正常,7159,25
2024-04-22 05:11:00,2024-04-22 05:14:00,4,割煤高位,False,正常,7160,25
2024-04-22 05:15:00,2024-04-22 05:18:00,4,割煤中位,False,正常,7161,25
2024-04-22 05:19:00,2024-04-22 05:19:00,1,调架中,False,正常,7162,25
2024-04-22 05:20:00,2024-04-22 05:22:00,3,割煤高位,False,正常,7163,25
2024-04-22 05:23:00,2024-04-22 05:23:00,1,调架中,False,正常,7164,25
2024-04-22 05:24:00,2024-04-22 05:26:00,3,割煤中位,False,正常,7165,25
2024-04-22 05:27:00,2024-04-22 05:27:00,1,调架中,False,正常,7166,25
2024-04-22 05:28:00,2024-04-22 05:28:00,1,割煤高位,False,正常,7167,25
2024-04-22 05:29:00,2024-04-22 05:29:00,1,调架中,False,正常,7168,25
2024-04-22 05:30:00,2024-04-22 05:34:00,5,割煤高位,False,正常,7169,25
2024-04-22 05:35:00,2024-04-22 05:35:00,1,割煤中位,False,正常,7170,25
2024-04-22 05:36:00,2024-04-22 05:36:00,1,调架中,False,正常,7171,25
2024-04-22 05:37:00,2024-04-22 05:38:00,2,割煤中位,False,正常,7172,25
2024-04-22 05:39:00,2024-04-22 05:40:00,2,调架中,False,正常,7173,25
2024-04-22 05:41:00,2024-04-22 05:42:00,2,割煤中位,False,正常,7174,25
2024-04-22 05:43:00,2024-04-22 05:44:00,2,割煤高位,False,正常,7175,25
2024-04-22 05:45:00,2024-04-22 05:52:00,8,割煤中位,False,正常,7176,25
2024-04-22 05:53:00,2024-04-22 05:53:00,1,割煤高位,False,正常,7177,25
2024-04-22 05:54:00,2024-04-22 06:00:00,7,割煤中位,False,正常,7178,25
2024-04-22 06:01:00,2024-04-22 06:02:00,2,割煤高位,False,正常,7179,25
2024-04-22 06:03:00,2024-04-22 06:03:00,1,调架中,False,正常,7180,25
2024-04-22 06:04:00,2024-04-22 06:04:00,1,割煤中位,False,正常,7181,25
2024-04-22 06:05:00,2024-04-22 06:07:00,3,割煤高位,False,正常,7182,25
2024-04-22 06:08:00,2024-04-22 06:08:00,1,割煤中位,False,正常,7183,25
2024-04-22 06:09:00,2024-04-22 06:11:00,3,调架中,False,正常,7184,25
2024-04-22 06:12:00,2024-04-22 06:12:00,1,割煤中位,False,正常,7185,25
2024-04-22 06:13:00,2024-04-22 06:16:00,4,调架中,False,正常,7186,25
2024-04-22 06:17:00,2024-04-22 06:19:00,3,割煤中位,False,正常,7187,25
2024-04-22 06:20:00,2024-04-22 06:20:00,1,调架中,False,正常,7188,25
2024-04-22 06:21:00,2024-04-22 06:25:00,5,割煤中位,False,正常,7189,25
2024-04-22 06:26:00,2024-04-22 06:30:00,5,割煤高位,False,正常,7190,25
2024-04-22 06:31:00,2024-04-22 06:31:00,1,调架中,False,正常,7191,25
2024-04-22 06:32:00,2024-04-22 06:33:00,2,割煤中位,False,正常,7192,25
2024-04-22 06:34:00,2024-04-22 06:40:00,7,割煤高位,False,正常,7193,25
2024-04-22 06:41:00,2024-04-22 06:41:00,1,调架中,False,正常,7194,25
2024-04-22 06:42:00,2024-04-22 06:45:00,4,割煤中位,False,正常,7195,25
2024-04-22 06:46:00,2024-04-22 06:47:00,2,待机,False,正常,7196,25
2024-04-22 06:48:00,2024-04-22 07:16:00,29,割煤高位,False,正常,7197,25
2024-04-22 07:17:00,2024-04-22 07:17:00,1,调架中,False,正常,7198,25
2024-04-22 07:18:00,2024-04-22 07:18:00,1,割煤中位,False,正常,7199,25
2024-04-22 07:19:00,2024-04-22 07:20:00,2,割煤高位,False,正常,7200,25
2024-04-22 07:21:00,2024-04-22 07:21:00,1,调架中,False,正常,7201,25
2024-04-22 07:22:00,2024-04-22 07:22:00,1,割煤高位,False,正常,7202,25
2024-04-22 07:23:00,2024-04-22 07:24:00,2,调架中,False,正常,7203,25
2024-04-22 07:25:00,2024-04-22 07:38:00,14,割煤中位,False,正常,7204,25
2024-04-22 07:39:00,2024-04-22 07:39:00,1,调架中,False,正常,7205,25
2024-04-22 07:40:00,2024-04-22 07:42:00,3,割煤高位,False,正常,7206,25
2024-04-22 07:43:00,2024-04-22 07:44:00,2,割煤中位,False,正常,7207,25
2024-04-22 07:45:00,2024-04-22 07:47:00,3,割煤高位,False,正常,7208,25
2024-04-22 07:48:00,2024-04-22 07:48:00,1,调架中,False,正常,7209,25
2024-04-22 07:49:00,2024-04-22 07:50:00,2,待机-高位,False,正常,7210,25
2024-04-22 07:51:00,2024-04-22 07:51:00,1,调架中,False,正常,7211,25
2024-04-22 07:52:00,2024-04-22 07:52:00,1,割煤高位,False,正常,7212,25
2024-04-22 07:53:00,2024-04-22 07:53:00,1,割煤中位,False,正常,7213,25
2024-04-22 07:54:00,2024-04-22 07:55:00,2,割煤高位,False,正常,7214,25
2024-04-22 07:56:00,2024-04-22 07:59:00,4,割煤中位,False,正常,7215,25
2024-04-22 08:00:00,2024-04-22 08:00:00,1,待机,False,正常,7216,25
2024-04-22 08:01:00,2024-04-22 08:01:00,1,割煤中位,False,正常,7217,25
2024-04-22 08:02:00,2024-04-22 08:02:00,1,待机-高位,False,正常,7218,25
2024-04-22 08:03:00,2024-04-22 08:10:00,8,割煤高位,False,正常,7219,25
2024-04-22 08:11:00,2024-04-22 08:12:00,2,待机,False,正常,7220,25
2024-04-22 08:13:00,2024-04-22 08:13:00,1,调架中,False,正常,7221,25
2024-04-22 08:14:00,2024-04-22 08:19:00,6,割煤中位,False,正常,7222,25
2024-04-22 08:20:00,2024-04-22 08:20:00,1,调架中,False,正常,7223,25
2024-04-22 08:21:00,2024-04-22 08:24:00,4,割煤中位,False,正常,7224,25
2024-04-22 08:25:00,2024-04-22 08:25:00,1,调架中,False,正常,7225,25
2024-04-22 08:26:00,2024-04-22 08:29:00,4,割煤高位,False,正常,7226,25
2024-04-22 08:30:00,2024-04-22 08:30:00,1,调架中,False,正常,7227,25
2024-04-22 08:31:00,2024-04-22 08:40:00,10,割煤高位,False,正常,7228,25
2024-04-22 08:41:00,2024-04-22 08:43:00,3,待机-高位,False,正常,7229,25
2024-04-22 08:44:00,2024-04-22 08:44:00,1,调架中,False,正常,7230,25
2024-04-22 08:45:00,2024-04-22 08:45:00,1,割煤高位,False,正常,7231,25
2024-04-22 08:46:00,2024-04-22 08:52:00,7,待机-高位,False,正常,7232,25
2024-04-22 08:53:00,2024-04-22 08:53:00,1,调架中,False,正常,7233,25
2024-04-22 08:54:00,2024-04-22 09:00:00,7,割煤高位,False,正常,7234,25
2024-04-22 09:01:00,2024-04-22 09:01:00,1,调架中,False,正常,7235,25
2024-04-22 09:02:00,2024-04-22 09:07:00,6,割煤高位,False,正常,7236,25
2024-04-22 09:08:00,2024-04-22 09:08:00,1,调架中,False,正常,7237,25
2024-04-22 09:09:00,2024-04-22 09:19:00,11,割煤高位,False,正常,7238,25
2024-04-22 09:20:00,2024-04-22 09:24:00,5,割煤中位,False,正常,7239,25
2024-04-22 09:25:00,2024-04-22 09:27:00,3,割煤高位,False,正常,7240,25
2024-04-22 09:28:00,2024-04-22 09:28:00,1,调架中,False,正常,7241,25
2024-04-22 09:29:00,2024-04-22 09:34:00,6,割煤高位,False,正常,7242,25
2024-04-22 09:35:00,2024-04-22 09:35:00,1,割煤中位,False,正常,7243,25
2024-04-22 09:36:00,2024-04-22 09:37:00,2,调架中,False,正常,7244,25
2024-04-22 09:38:00,2024-04-22 09:41:00,4,割煤中位,False,正常,7245,25
2024-04-22 09:42:00,2024-04-22 09:46:00,5,待机,False,正常,7246,25
2024-04-22 09:47:00,2024-04-22 09:57:00,11,割煤中位,False,正常,7247,25
2024-04-22 09:58:00,2024-04-22 09:58:00,1,待机-高位,False,正常,7248,25
2024-04-22 09:59:00,2024-04-22 09:59:00,1,调架中,False,正常,7249,25
2024-04-22 10:00:00,2024-04-22 10:01:00,2,割煤高位,False,正常,7250,25
2024-04-22 10:02:00,2024-04-22 10:02:00,1,调架中,False,正常,7251,25
2024-04-22 10:03:00,2024-04-22 10:05:00,3,割煤高位,False,正常,7252,25
2024-04-22 10:06:00,2024-04-22 10:06:00,1,调架中,False,正常,7253,25
2024-04-22 10:07:00,2024-04-22 10:08:00,2,割煤高位,False,正常,7254,25
2024-04-22 10:09:00,2024-04-22 10:09:00,1,调架中,False,正常,7255,25
2024-04-22 10:10:00,2024-04-22 10:10:00,1,割煤高位,False,正常,7256,25
2024-04-22 10:11:00,2024-04-22 10:11:00,1,割煤中位,False,正常,7257,25
2024-04-22 10:12:00,2024-04-22 10:12:00,1,调架中,False,正常,7258,25
2024-04-22 10:13:00,2024-04-22 10:13:00,1,割煤中位,False,正常,7259,25
2024-04-22 10:14:00,2024-04-22 10:14:00,1,调架中,False,正常,7260,25
2024-04-22 10:15:00,2024-04-22 10:18:00,4,待机,False,正常,7261,25
2024-04-22 10:19:00,2024-04-22 10:19:00,1,割煤中位,False,正常,7262,25
2024-04-22 10:20:00,2024-04-22 12:27:00,128,待机,False,正常,7263,25
2024-04-22 12:28:00,2024-04-22 14:25:00,118,停机,False,正常,7264,25
2024-04-22 14:26:00,2024-04-22 14:26:00,1,待机,False,正常,7265,25
2024-04-22 14:27:00,2024-04-22 14:28:00,2,停机,False,正常,7266,25
2024-04-22 14:29:00,2024-04-22 15:34:00,66,待机,False,正常,7267,25
2024-04-22 15:35:00,2024-04-22 15:36:00,2,调架中,False,正常,7268,25
2024-04-22 15:37:00,2024-04-22 15:37:00,1,割煤中位,False,正常,7269,25
2024-04-22 15:38:00,2024-04-22 15:38:00,1,调架中,False,正常,7270,25
2024-04-22 15:39:00,2024-04-22 15:40:00,2,停机,False,正常,7271,25
2024-04-22 15:41:00,2024-04-22 15:42:00,2,待机-高位,False,正常,7272,25
2024-04-22 15:43:00,2024-04-22 16:04:00,22,停机,False,正常,7273,25
2024-04-22 16:05:00,2024-04-22 16:05:00,1,待机-高位,False,正常,7274,25
2024-04-22 16:06:00,2024-04-22 16:08:00,3,停机,False,正常,7275,25
2024-04-22 16:09:00,2024-04-22 16:09:00,1,割煤中位,False,正常,7276,25
2024-04-22 16:10:00,2024-04-22 16:10:00,1,调架中,False,正常,7277,25
2024-04-22 16:11:00,2024-04-22 16:13:00,3,割煤中位,False,正常,7278,25
2024-04-22 16:14:00,2024-04-22 16:19:00,6,割煤高位,False,正常,7279,25
2024-04-22 16:20:00,2024-04-22 16:21:00,2,调架中,False,正常,7280,25
2024-04-22 16:22:00,2024-04-22 16:22:00,1,割煤高位,False,正常,7281,25
2024-04-22 16:23:00,2024-04-22 16:23:00,1,调架中,False,正常,7282,25
2024-04-22 16:24:00,2024-04-22 16:24:00,1,割煤高位,False,正常,7283,25
2024-04-22 16:25:00,2024-04-22 16:25:00,1,调架中,False,正常,7284,25
2024-04-22 16:26:00,2024-04-22 16:31:00,6,待机-高位,False,正常,7285,25
2024-04-22 16:32:00,2024-04-22 16:33:00,2,停机,False,正常,7286,25
2024-04-22 16:34:00,2024-04-22 16:43:00,10,待机-高位,False,正常,7287,25
2024-04-22 16:44:00,2024-04-22 16:44:00,1,停机,False,正常,7288,25
2024-04-22 16:45:00,2024-04-22 16:46:00,2,割煤高位,False,正常,7289,25
2024-04-22 16:47:00,2024-04-22 16:47:00,1,调架中,False,正常,7290,25
2024-04-22 16:48:00,2024-04-22 16:49:00,2,停机,False,正常,7291,25
2024-04-22 16:50:00,2024-04-22 16:50:00,1,待机-高位,False,正常,7292,25
2024-04-22 16:51:00,2024-04-22 17:02:00,12,割煤中位,False,正常,7293,25
2024-04-22 17:03:00,2024-04-22 17:03:00,1,调架中,False,正常,7294,25
2024-04-22 17:04:00,2024-04-22 17:05:00,2,割煤高位,False,正常,7295,25
2024-04-22 17:06:00,2024-04-22 17:06:00,1,割煤中位,False,正常,7296,25
2024-04-22 17:07:00,2024-04-22 17:07:00,1,割煤高位,False,正常,7297,25
2024-04-22 17:08:00,2024-04-22 17:11:00,4,割煤中位,False,正常,7298,25
2024-04-22 17:12:00,2024-04-22 17:19:00,8,割煤高位,False,正常,7299,25
2024-04-22 17:20:00,2024-04-22 17:32:00,13,待机-高位,False,正常,7300,25
2024-04-22 17:33:00,2024-04-22 17:35:00,3,割煤高位,False,正常,7301,25
2024-04-22 17:36:00,2024-04-22 17:40:00,5,割煤中位,False,正常,7302,25
2024-04-22 17:41:00,2024-04-22 17:46:00,6,待机-高位,False,正常,7303,25
2024-04-22 17:47:00,2024-04-22 17:49:00,3,割煤高位,False,正常,7304,25
2024-04-22 17:50:00,2024-04-22 17:55:00,6,割煤中位,False,正常,7305,25
2024-04-22 17:56:00,2024-04-22 18:16:00,21,待机,False,正常,7306,25
2024-04-22 18:17:00,2024-04-22 18:40:00,24,停机,False,正常,7307,25
2024-04-22 18:41:00,2024-04-22 18:41:00,1,调架中,False,正常,7308,25
2024-04-22 18:42:00,2024-04-22 18:45:00,4,割煤中位,False,正常,7309,25
2024-04-22 18:46:00,2024-04-22 18:47:00,2,割煤高位,False,正常,7310,25
2024-04-22 18:48:00,2024-04-22 18:50:00,3,割煤中位,False,正常,7311,25
2024-04-22 18:51:00,2024-04-22 18:55:00,5,割煤高位,False,正常,7312,25
2024-04-22 18:56:00,2024-04-22 18:58:00,3,割煤中位,False,正常,7313,25
2024-04-22 18:59:00,2024-04-22 19:00:00,2,割煤高位,False,正常,7314,25
2024-04-22 19:01:00,2024-04-22 19:03:00,3,割煤中位,False,正常,7315,25
2024-04-22 19:04:00,2024-04-22 19:04:00,1,割煤高位,False,正常,7316,25
2024-04-22 19:05:00,2024-04-22 19:05:00,1,待机-高位,False,正常,7317,25
2024-04-22 19:06:00,2024-04-22 19:06:00,1,调架中,False,正常,7318,25
2024-04-22 19:07:00,2024-04-22 19:07:00,1,割煤高位,False,正常,7319,25
2024-04-22 19:08:00,2024-04-22 19:08:00,1,调架中,False,正常,7320,25
2024-04-22 19:09:00,2024-04-22 19:26:00,18,割煤中位,False,正常,7321,25
2024-04-22 19:27:00,2024-04-22 19:27:00,1,割煤高位,False,正常,7322,25
2024-04-22 19:28:00,2024-04-22 19:33:00,6,割煤中位,False,正常,7323,25
2024-04-22 19:34:00,2024-04-22 19:35:00,2,割煤高位,False,正常,7324,25
2024-04-22 19:36:00,2024-04-22 19:36:00,1,割煤中位,False,正常,7325,25
2024-04-22 19:37:00,2024-04-22 19:38:00,2,割煤高位,False,正常,7326,25
2024-04-22 19:39:00,2024-04-22 19:41:00,3,割煤中位,False,正常,7327,25
2024-04-22 19:42:00,2024-04-22 19:43:00,2,割煤高位,False,正常,7328,25
2024-04-22 19:44:00,2024-04-22 19:44:00,1,调架中,False,正常,7329,25
2024-04-22 19:45:00,2024-04-22 19:46:00,2,割煤高位,False,正常,7330,25
2024-04-22 19:47:00,2024-04-22 19:47:00,1,调架中,False,正常,7331,25
2024-04-22 19:48:00,2024-04-22 19:48:00,1,割煤高位,False,正常,7332,25
2024-04-22 19:49:00,2024-04-22 19:50:00,2,调架中,False,正常,7333,25
2024-04-22 19:51:00,2024-04-22 19:56:00,6,待机-高位,False,正常,7334,25
2024-04-22 19:57:00,2024-04-22 19:57:00,1,调架中,False,正常,7335,25
2024-04-22 19:58:00,2024-04-22 20:06:00,9,待机-高位,False,正常,7336,25
2024-04-22 20:07:00,2024-04-22 20:08:00,2,割煤高位,False,正常,7337,25
2024-04-22 20:09:00,2024-04-22 20:11:00,3,割煤中位,False,正常,7338,25
2024-04-22 20:12:00,2024-04-22 20:13:00,2,割煤高位,False,正常,7339,25
2024-04-22 20:14:00,2024-04-22 20:14:00,1,割煤中位,False,正常,7340,25
2024-04-22 20:15:00,2024-04-22 20:15:00,1,待机,False,正常,7341,25
2024-04-22 20:16:00,2024-04-22 20:24:00,9,割煤高位,False,正常,7342,25
2024-04-22 20:25:00,2024-04-22 20:29:00,5,割煤中位,False,正常,7343,25
2024-04-22 20:30:00,2024-04-22 20:40:00,11,割煤高位,False,正常,7344,25
2024-04-22 20:41:00,2024-04-22 20:44:00,4,割煤中位,False,正常,7345,25
2024-04-22 20:45:00,2024-04-22 20:47:00,3,割煤高位,False,正常,7346,25
2024-04-22 20:48:00,2024-04-22 20:50:00,3,割煤中位,False,正常,7347,25
2024-04-22 20:51:00,2024-04-22 20:51:00,1,调架中,False,正常,7348,25
2024-04-22 20:52:00,2024-04-22 20:54:00,3,待机,False,正常,7349,25
2024-04-22 20:55:00,2024-04-22 20:55:00,1,调架中,False,正常,7350,25
2024-04-22 20:56:00,2024-04-22 20:56:00,1,割煤中位,False,正常,7351,25
2024-04-22 20:57:00,2024-04-22 21:04:00,8,割煤高位,False,正常,7352,25
2024-04-22 21:05:00,2024-04-22 21:08:00,4,割煤中位,False,正常,7353,25
2024-04-22 21:09:00,2024-04-22 21:10:00,2,割煤高位,False,正常,7354,25
2024-04-22 21:11:00,2024-04-22 21:14:00,4,割煤中位,False,正常,7355,25
2024-04-22 21:15:00,2024-04-22 21:22:00,8,割煤高位,False,正常,7356,25
2024-04-22 21:23:00,2024-04-22 21:35:00,13,割煤中位,False,正常,7357,25
2024-04-22 21:36:00,2024-04-22 21:39:00,4,割煤高位,False,正常,7358,25
2024-04-22 21:40:00,2024-04-22 21:40:00,1,调架中,False,正常,7359,25
2024-04-22 21:41:00,2024-04-22 21:46:00,6,割煤高位,False,正常,7360,25
2024-04-22 21:47:00,2024-04-22 21:47:00,1,调架中,False,正常,7361,25
2024-04-22 21:48:00,2024-04-22 21:49:00,2,待机-高位,False,正常,7362,25
2024-04-22 21:50:00,2024-04-22 22:01:00,12,割煤高位,False,正常,7363,25
2024-04-22 22:02:00,2024-04-22 22:02:00,1,调架中,False,正常,7364,25
2024-04-22 22:03:00,2024-04-22 22:09:00,7,割煤高位,False,正常,7365,25
2024-04-22 22:10:00,2024-04-22 22:10:00,1,调架中,False,正常,7366,25
2024-04-22 22:11:00,2024-04-22 22:12:00,2,割煤中位,False,正常,7367,25
2024-04-22 22:13:00,2024-04-22 22:13:00,1,调架中,False,正常,7368,25
2024-04-22 22:14:00,2024-04-22 22:15:00,2,割煤高位,False,正常,7369,25
2024-04-22 22:16:00,2024-04-22 22:17:00,2,调架中,False,正常,7370,25
2024-04-22 22:18:00,2024-04-22 22:19:00,2,割煤中位,False,正常,7371,25
2024-04-22 22:20:00,2024-04-22 22:20:00,1,割煤高位,False,正常,7372,25
2024-04-22 22:21:00,2024-04-22 22:21:00,1,调架中,False,正常,7373,25
2024-04-22 22:22:00,2024-04-22 22:24:00,3,割煤高位,False,正常,7374,25
2024-04-22 22:25:00,2024-04-22 22:25:00,1,调架中,False,正常,7375,25
2024-04-22 22:26:00,2024-04-22 22:49:00,24,待机-高位,False,正常,7376,25
2024-04-22 22:50:00,2024-04-22 22:56:00,7,割煤高位,False,正常,7377,25
2024-04-22 22:57:00,2024-04-22 22:58:00,2,割煤中位,False,正常,7378,25
2024-04-22 22:59:00,2024-04-22 23:09:00,11,待机,False,正常,7379,25
2024-04-22 23:10:00,2024-04-22 23:12:00,3,割煤中位,False,正常,7380,25
2024-04-22 23:13:00,2024-04-22 23:18:00,6,割煤高位,False,正常,7381,25
2024-04-22 23:19:00,2024-04-22 23:31:00,13,割煤中位,False,正常,7382,25
2024-04-22 23:32:00,2024-04-22 23:40:00,9,割煤高位,False,正常,7383,25
2024-04-22 23:41:00,2024-04-22 23:41:00,1,割煤中位,False,正常,7384,25
2024-04-22 23:42:00,2024-04-22 23:47:00,6,割煤高位,False,正常,7385,25
2024-04-22 23:48:00,2024-04-22 23:49:00,2,割煤中位,False,正常,7386,25
2024-04-22 23:50:00,2024-04-22 23:56:00,7,待机-高位,False,正常,7387,25
2024-04-22 23:57:00,2024-04-22 23:57:00,1,调架中,False,正常,7388,25
2024-04-22 23:58:00,2024-04-22 23:59:00,2,割煤高位,False,正常,7389,25
2024-04-23 00:00:00,2024-04-23 00:04:00,5,待机-高位,False,正常,7390,25
2024-04-23 00:05:00,2024-04-23 00:06:00,2,割煤高位,False,正常,7391,25
2024-04-23 00:07:00,2024-04-23 00:07:00,1,调架中,False,正常,7392,25
2024-04-23 00:08:00,2024-04-23 00:09:00,2,割煤高位,False,正常,7393,25
2024-04-23 00:10:00,2024-04-23 00:10:00,1,调架中,False,正常,7394,25
2024-04-23 00:11:00,2024-04-23 00:13:00,3,割煤中位,False,正常,7395,25
2024-04-23 00:14:00,2024-04-23 00:16:00,3,割煤高位,False,正常,7396,25
2024-04-23 00:17:00,2024-04-23 00:17:00,1,调架中,False,正常,7397,25
2024-04-23 00:18:00,2024-04-23 00:19:00,2,割煤高位,False,正常,7398,25
2024-04-23 00:20:00,2024-04-23 00:20:00,1,调架中,False,正常,7399,25
2024-04-23 00:21:00,2024-04-23 00:21:00,1,割煤高位,False,正常,7400,25
2024-04-23 00:22:00,2024-04-23 00:22:00,1,调架中,False,正常,7401,25
2024-04-23 00:23:00,2024-04-23 00:27:00,5,割煤中位,False,正常,7402,25
2024-04-23 00:28:00,2024-04-23 00:31:00,4,割煤高位,False,正常,7403,25
2024-04-23 00:32:00,2024-04-23 00:32:00,1,调架中,False,正常,7404,25
2024-04-23 00:33:00,2024-04-23 01:19:00,47,割煤高位,False,正常,7405,25
2024-04-23 01:20:00,2024-04-23 01:21:00,2,调架中,False,正常,7406,25
2024-04-23 01:22:00,2024-04-23 01:36:00,15,割煤高位,False,正常,7407,25
2024-04-23 01:37:00,2024-04-23 01:37:00,1,调架中,False,正常,7408,25
2024-04-23 01:38:00,2024-04-23 01:39:00,2,割煤中位,False,正常,7409,25
2024-04-23 01:40:00,2024-04-23 01:47:00,8,割煤高位,False,正常,7410,25
2024-04-23 01:48:00,2024-04-23 01:51:00,4,待机,False,正常,7411,25
2024-04-23 01:52:00,2024-04-23 01:52:00,1,调架中,False,正常,7412,25
2024-04-23 01:53:00,2024-04-23 01:54:00,2,割煤高位,False,正常,7413,25
2024-04-23 01:55:00,2024-04-23 01:55:00,1,调架中,False,正常,7414,25
2024-04-23 01:56:00,2024-04-23 01:56:00,1,割煤中位,False,正常,7415,25
2024-04-23 01:57:00,2024-04-23 01:59:00,3,调架中,False,正常,7416,25
2024-04-23 02:00:00,2024-04-23 02:08:00,9,待机,False,正常,7417,25
2024-04-23 02:09:00,2024-04-23 02:10:00,2,割煤中位,False,正常,7418,25
2024-04-23 02:11:00,2024-04-23 02:11:00,1,割煤高位,False,正常,7419,25
2024-04-23 02:12:00,2024-04-23 02:13:00,2,待机-高位,False,正常,7420,25
2024-04-23 02:14:00,2024-04-23 03:00:00,47,割煤高位,False,正常,7421,25
2024-04-23 03:01:00,2024-04-23 03:01:00,1,调架中,False,正常,7422,25
2024-04-23 03:02:00,2024-04-23 03:04:00,3,割煤中位,False,正常,7423,25
2024-04-23 03:05:00,2024-04-23 03:07:00,3,割煤高位,False,正常,7424,25
2024-04-23 03:08:00,2024-04-23 03:08:00,1,割煤中位,False,正常,7425,25
2024-04-23 03:09:00,2024-04-23 03:12:00,4,割煤高位,False,正常,7426,25
2024-04-23 03:13:00,2024-04-23 03:13:00,1,调架中,False,正常,7427,25
2024-04-23 03:14:00,2024-04-23 03:18:00,5,割煤中位,False,正常,7428,25
2024-04-23 03:19:00,2024-04-23 03:19:00,1,割煤高位,False,正常,7429,25
2024-04-23 03:20:00,2024-04-23 03:20:00,1,调架中,False,正常,7430,25
2024-04-23 03:21:00,2024-04-23 03:27:00,7,割煤高位,False,正常,7431,25
2024-04-23 03:28:00,2024-04-23 03:30:00,3,割煤中位,False,正常,7432,25
2024-04-23 03:31:00,2024-04-23 03:36:00,6,割煤高位,False,正常,7433,25
2024-04-23 03:37:00,2024-04-23 03:37:00,1,调架中,False,正常,7434,25
2024-04-23 03:38:00,2024-04-23 03:55:00,18,割煤高位,False,正常,7435,25
2024-04-23 03:56:00,2024-04-23 03:56:00,1,调架中,False,正常,7436,25
2024-04-23 03:57:00,2024-04-23 04:01:00,5,待机-高位,False,正常,7437,25
2024-04-23 04:02:00,2024-04-23 04:02:00,1,调架中,False,正常,7438,25
2024-04-23 04:03:00,2024-04-23 04:11:00,9,割煤高位,False,正常,7439,25
2024-04-23 04:12:00,2024-04-23 04:12:00,1,调架中,False,正常,7440,25
2024-04-23 04:13:00,2024-04-23 04:14:00,2,割煤中位,False,正常,7441,25
2024-04-23 04:15:00,2024-04-23 04:18:00,4,割煤高位,False,正常,7442,25
2024-04-23 04:19:00,2024-04-23 04:19:00,1,调架中,False,正常,7443,25
2024-04-23 04:20:00,2024-04-23 04:22:00,3,割煤高位,False,正常,7444,25
2024-04-23 04:23:00,2024-04-23 04:23:00,1,调架中,False,正常,7445,25
2024-04-23 04:24:00,2024-04-23 04:24:00,1,割煤中位,False,正常,7446,25
2024-04-23 04:25:00,2024-04-23 04:29:00,5,割煤高位,False,正常,7447,25
2024-04-23 04:30:00,2024-04-23 04:30:00,1,调架中,False,正常,7448,25
2024-04-23 04:31:00,2024-04-23 04:34:00,4,割煤高位,False,正常,7449,25
2024-04-23 04:35:00,2024-04-23 04:38:00,4,割煤中位,False,正常,7450,25
2024-04-23 04:39:00,2024-04-23 04:41:00,3,割煤高位,False,正常,7451,25
2024-04-23 04:42:00,2024-04-23 04:42:00,1,待机-高位,False,正常,7452,25
2024-04-23 04:43:00,2024-04-23 04:58:00,16,割煤高位,False,正常,7453,25
2024-04-23 04:59:00,2024-04-23 04:59:00,1,割煤中位,False,正常,7454,25
2024-04-23 05:00:00,2024-04-23 05:01:00,2,待机,False,正常,7455,25
2024-04-23 05:02:00,2024-04-23 05:02:00,1,调架中,False,正常,7456,25
2024-04-23 05:03:00,2024-04-23 05:07:00,5,割煤高位,False,正常,7457,25
2024-04-23 05:08:00,2024-04-23 05:08:00,1,调架中,False,正常,7458,25
2024-04-23 05:09:00,2024-04-23 05:10:00,2,待机-高位,False,正常,7459,25
2024-04-23 05:11:00,2024-04-23 05:20:00,10,割煤高位,False,正常,7460,25
2024-04-23 05:21:00,2024-04-23 05:21:00,1,调架中,False,正常,7461,25
2024-04-23 05:22:00,2024-04-23 05:31:00,10,割煤高位,False,正常,7462,25
2024-04-23 05:32:00,2024-04-23 05:35:00,4,割煤中位,False,正常,7463,25
2024-04-23 05:36:00,2024-04-23 05:38:00,3,割煤高位,False,正常,7464,25
2024-04-23 05:39:00,2024-04-23 05:39:00,1,割煤中位,False,正常,7465,25
2024-04-23 05:40:00,2024-04-23 05:44:00,5,割煤高位,False,正常,7466,25
2024-04-23 05:45:00,2024-04-23 05:51:00,7,割煤中位,False,正常,7467,25
2024-04-23 05:52:00,2024-04-23 05:53:00,2,割煤高位,False,正常,7468,25
2024-04-23 05:54:00,2024-04-23 05:54:00,1,调架中,False,正常,7469,25
2024-04-23 05:55:00,2024-04-23 05:57:00,3,割煤高位,False,正常,7470,25
2024-04-23 05:58:00,2024-04-23 06:00:00,3,割煤中位,False,正常,7471,25
2024-04-23 06:01:00,2024-04-23 06:01:00,1,调架中,False,正常,7472,25
2024-04-23 06:02:00,2024-04-23 06:09:00,8,割煤中位,False,正常,7473,25
2024-04-23 06:10:00,2024-04-23 06:49:00,40,割煤高位,False,正常,7474,25
2024-04-23 06:50:00,2024-04-23 06:51:00,2,割煤中位,False,正常,7475,25
2024-04-23 06:52:00,2024-04-23 06:56:00,5,割煤高位,False,正常,7476,25
2024-04-23 06:57:00,2024-04-23 06:59:00,3,待机-高位,False,正常,7477,25
2024-04-23 07:00:00,2024-04-23 07:03:00,4,割煤高位,False,正常,7478,25
2024-04-23 07:04:00,2024-04-23 07:04:00,1,调架中,False,正常,7479,25
2024-04-23 07:05:00,2024-04-23 07:10:00,6,割煤中位,False,正常,7480,25
2024-04-23 07:11:00,2024-04-23 07:12:00,2,待机-高位,False,正常,7481,25
2024-04-23 07:13:00,2024-04-23 07:36:00,24,割煤高位,False,正常,7482,25
2024-04-23 07:37:00,2024-04-23 07:38:00,2,调架中,False,正常,7483,25
2024-04-23 07:39:00,2024-04-23 07:45:00,7,割煤高位,False,正常,7484,25
2024-04-23 07:46:00,2024-04-23 07:48:00,3,割煤中位,False,正常,7485,25
2024-04-23 07:49:00,2024-04-23 07:49:00,1,割煤高位,False,正常,7486,25
2024-04-23 07:50:00,2024-04-23 07:52:00,3,割煤中位,False,正常,7487,25
2024-04-23 07:53:00,2024-04-23 08:05:00,13,割煤高位,False,正常,7488,25
2024-04-23 08:06:00,2024-04-23 08:07:00,2,调架中,False,正常,7489,25
2024-04-23 08:08:00,2024-04-23 08:09:00,2,割煤中位,False,正常,7490,25
2024-04-23 08:10:00,2024-04-23 08:12:00,3,割煤高位,False,正常,7491,25
2024-04-23 08:13:00,2024-04-23 08:13:00,1,调架中,False,正常,7492,25
2024-04-23 08:14:00,2024-04-23 08:15:00,2,割煤高位,False,正常,7493,25
2024-04-23 08:16:00,2024-04-23 08:17:00,2,调架中,False,正常,7494,25
2024-04-23 08:18:00,2024-04-23 08:19:00,2,割煤高位,False,正常,7495,25
2024-04-23 08:20:00,2024-04-23 08:24:00,5,割煤中位,False,正常,7496,25
2024-04-23 08:25:00,2024-04-23 08:26:00,2,割煤高位,False,正常,7497,25
2024-04-23 08:27:00,2024-04-23 08:31:00,5,割煤中位,False,正常,7498,25
2024-04-23 08:32:00,2024-04-23 08:37:00,6,割煤高位,False,正常,7499,25
2024-04-23 08:38:00,2024-04-23 08:43:00,6,待机-高位,False,正常,7500,25
2024-04-23 08:44:00,2024-04-23 08:44:00,1,割煤高位,False,正常,7501,25
2024-04-23 08:45:00,2024-04-23 08:46:00,2,调架中,False,正常,7502,25
2024-04-23 08:47:00,2024-04-23 08:49:00,3,割煤高位,False,正常,7503,25
2024-04-23 08:50:00,2024-04-23 08:55:00,6,待机-高位,False,正常,7504,25
2024-04-23 08:56:00,2024-04-23 08:57:00,2,调架中,False,正常,7505,25
2024-04-23 08:58:00,2024-04-23 09:00:00,3,割煤中位,False,正常,7506,25
2024-04-23 09:01:00,2024-04-23 09:09:00,9,待机,False,正常,7507,25
2024-04-23 09:10:00,2024-04-23 09:10:00,1,调架中,False,正常,7508,25
2024-04-23 09:11:00,2024-04-23 11:38:00,148,待机,False,正常,7509,25
2024-04-23 11:39:00,2024-04-23 12:45:00,67,停机,False,正常,7510,25
2024-04-23 12:46:00,2024-04-23 12:46:00,1,调架中,False,正常,7511,25
2024-04-23 12:47:00,2024-04-23 12:48:00,2,待机,False,正常,7512,25
2024-04-23 12:49:00,2024-04-23 12:49:00,1,调架中,False,正常,7513,25
2024-04-23 12:50:00,2024-04-23 14:18:00,89,待机,False,正常,7514,25
2024-04-23 14:19:00,2024-04-23 14:45:00,27,停机,False,正常,7515,25
2024-04-23 14:46:00,2024-04-23 14:55:00,10,待机,False,正常,7516,25
2024-04-23 14:56:00,2024-04-23 15:43:00,48,停机,False,正常,7517,25
2024-04-23 15:44:00,2024-04-23 15:53:00,10,待机,False,正常,7518,25
2024-04-23 15:54:00,2024-04-23 15:54:00,1,调架中,False,正常,7519,25
2024-04-23 15:55:00,2024-04-23 15:55:00,1,待机,False,正常,7520,25
2024-04-23 15:56:00,2024-04-23 15:56:00,1,停机,False,正常,7521,25
2024-04-23 15:57:00,2024-04-23 16:04:00,8,待机,False,正常,7522,25
2024-04-23 16:05:00,2024-04-23 16:05:00,1,调架中,False,正常,7523,25
2024-04-23 16:06:00,2024-04-23 16:11:00,6,割煤高位,False,正常,7524,25
2024-04-23 16:12:00,2024-04-23 16:16:00,5,待机-高位,False,正常,7525,25
2024-04-23 16:17:00,2024-04-23 16:22:00,6,割煤高位,False,正常,7526,25
2024-04-23 16:23:00,2024-04-23 16:23:00,1,调架中,False,正常,7527,25
2024-04-23 16:24:00,2024-04-23 16:27:00,4,割煤高位,False,正常,7528,25
2024-04-23 16:28:00,2024-04-23 16:43:00,16,待机-高位,False,正常,7529,25
2024-04-23 16:44:00,2024-04-23 16:44:00,1,调架中,False,正常,7530,25
2024-04-23 16:45:00,2024-04-23 16:50:00,6,割煤高位,False,正常,7531,25
2024-04-23 16:51:00,2024-04-23 16:51:00,1,割煤中位,False,正常,7532,25
2024-04-23 16:52:00,2024-04-23 16:52:00,1,待机-高位,False,正常,7533,25
2024-04-23 16:53:00,2024-04-23 16:55:00,3,割煤中位,False,正常,7534,25
2024-04-23 16:56:00,2024-04-23 16:57:00,2,割煤高位,False,正常,7535,25
2024-04-23 16:58:00,2024-04-23 17:00:00,3,割煤中位,False,正常,7536,25
2024-04-23 17:01:00,2024-04-23 17:07:00,7,割煤高位,False,正常,7537,25
2024-04-23 17:08:00,2024-04-23 17:09:00,2,割煤中位,False,正常,7538,25
2024-04-23 17:10:00,2024-04-23 17:10:00,1,调架中,False,正常,7539,25
2024-04-23 17:11:00,2024-04-23 17:11:00,1,割煤中位,False,正常,7540,25
2024-04-23 17:12:00,2024-04-23 17:32:00,21,待机,False,正常,7541,25
2024-04-23 17:33:00,2024-04-23 17:52:00,20,停机,False,正常,7542,25
2024-04-23 17:53:00,2024-04-23 17:53:00,1,调架中,False,正常,7543,25
2024-04-23 17:54:00,2024-04-23 17:57:00,4,割煤中位,False,正常,7544,25
2024-04-23 17:58:00,2024-04-23 18:01:00,4,割煤高位,False,正常,7545,25
2024-04-23 18:02:00,2024-04-23 18:02:00,1,调架中,False,正常,7546,25
2024-04-23 18:03:00,2024-04-23 18:05:00,3,割煤高位,False,正常,7547,25
2024-04-23 18:06:00,2024-04-23 18:08:00,3,调架中,False,正常,7548,25
2024-04-23 18:09:00,2024-04-23 18:09:00,1,待机-高位,False,正常,7549,25
2024-04-23 18:10:00,2024-04-23 18:10:00,1,调架中,False,正常,7550,25
2024-04-23 18:11:00,2024-04-23 18:11:00,1,割煤高位,False,正常,7551,25
2024-04-23 18:12:00,2024-04-23 18:12:00,1,调架中,False,正常,7552,25
2024-04-23 18:13:00,2024-04-23 18:19:00,7,割煤高位,False,正常,7553,25
2024-04-23 18:20:00,2024-04-23 18:20:00,1,调架中,False,正常,7554,25
2024-04-23 18:21:00,2024-04-23 18:22:00,2,割煤高位,False,正常,7555,25
2024-04-23 18:23:00,2024-04-23 18:23:00,1,调架中,False,正常,7556,25
2024-04-23 18:24:00,2024-04-23 18:32:00,9,割煤高位,False,正常,7557,25
2024-04-23 18:33:00,2024-04-23 18:33:00,1,待机,False,正常,7558,25
2024-04-23 18:34:00,2024-04-23 18:49:00,16,割煤高位,False,正常,7559,25
2024-04-23 18:50:00,2024-04-23 18:54:00,5,割煤中位,False,正常,7560,25
2024-04-23 18:55:00,2024-04-23 18:56:00,2,割煤高位,False,正常,7561,25
2024-04-23 18:57:00,2024-04-23 18:57:00,1,调架中,False,正常,7562,25
2024-04-23 18:58:00,2024-04-23 19:01:00,4,割煤高位,False,正常,7563,25
2024-04-23 19:02:00,2024-04-23 19:02:00,1,调架中,False,正常,7564,25
2024-04-23 19:03:00,2024-04-23 19:08:00,6,割煤中位,False,正常,7565,25
2024-04-23 19:09:00,2024-04-23 19:12:00,4,割煤高位,False,正常,7566,25
2024-04-23 19:13:00,2024-04-23 19:13:00,1,割煤中位,False,正常,7567,25
2024-04-23 19:14:00,2024-04-23 19:16:00,3,待机,False,正常,7568,25
2024-04-23 19:17:00,2024-04-23 19:27:00,11,割煤高位,False,正常,7569,25
2024-04-23 19:28:00,2024-04-23 19:28:00,1,调架中,False,正常,7570,25
2024-04-23 19:29:00,2024-04-23 19:32:00,4,割煤高位,False,正常,7571,25
2024-04-23 19:33:00,2024-04-23 19:33:00,1,调架中,False,正常,7572,25
2024-04-23 19:34:00,2024-04-23 19:40:00,7,割煤高位,False,正常,7573,25
2024-04-23 19:41:00,2024-04-23 19:41:00,1,割煤中位,False,正常,7574,25
2024-04-23 19:42:00,2024-04-23 19:44:00,3,待机-高位,False,正常,7575,25
2024-04-23 19:45:00,2024-04-23 19:45:00,1,割煤中位,False,正常,7576,25
2024-04-23 19:46:00,2024-04-23 19:53:00,8,割煤高位,False,正常,7577,25
2024-04-23 19:54:00,2024-04-23 19:54:00,1,割煤中位,False,正常,7578,25
2024-04-23 19:55:00,2024-04-23 19:58:00,4,待机,False,正常,7579,25
2024-04-23 19:59:00,2024-04-23 19:59:00,1,调架中,False,正常,7580,25
2024-04-23 20:00:00,2024-04-23 20:03:00,4,割煤中位,False,正常,7581,25
2024-04-23 20:04:00,2024-04-23 20:05:00,2,割煤高位,False,正常,7582,25
2024-04-23 20:06:00,2024-04-23 20:06:00,1,调架中,False,正常,7583,25
2024-04-23 20:07:00,2024-04-23 20:08:00,2,割煤高位,False,正常,7584,25
2024-04-23 20:09:00,2024-04-23 20:14:00,6,待机-高位,False,正常,7585,25
2024-04-23 20:15:00,2024-04-23 20:17:00,3,割煤高位,False,正常,7586,25
2024-04-23 20:18:00,2024-04-23 20:24:00,7,割煤中位,False,正常,7587,25
2024-04-23 20:25:00,2024-04-23 20:36:00,12,割煤高位,False,正常,7588,25
2024-04-23 20:37:00,2024-04-23 20:39:00,3,割煤中位,False,正常,7589,25
2024-04-23 20:40:00,2024-04-23 20:43:00,4,割煤高位,False,正常,7590,25
2024-04-23 20:44:00,2024-04-23 20:44:00,1,调架中,False,正常,7591,25
2024-04-23 20:45:00,2024-04-23 20:47:00,3,割煤高位,False,正常,7592,25
2024-04-23 20:48:00,2024-04-23 20:48:00,1,调架中,False,正常,7593,25
2024-04-23 20:49:00,2024-04-23 20:51:00,3,割煤中位,False,正常,7594,25
2024-04-23 20:52:00,2024-04-23 20:56:00,5,待机,False,正常,7595,25
2024-04-23 20:57:00,2024-04-23 20:57:00,1,割煤中位,False,正常,7596,25
2024-04-23 20:58:00,2024-04-23 21:12:00,15,割煤高位,False,正常,7597,25
2024-04-23 21:13:00,2024-04-23 21:16:00,4,割煤中位,False,正常,7598,25
2024-04-23 21:17:00,2024-04-23 21:21:00,5,割煤高位,False,正常,7599,25
2024-04-23 21:22:00,2024-04-23 21:22:00,1,割煤中位,False,正常,7600,25
2024-04-23 21:23:00,2024-04-23 21:23:00,1,调架中,False,正常,7601,25
2024-04-23 21:24:00,2024-04-23 21:27:00,4,割煤中位,False,正常,7602,25
2024-04-23 21:28:00,2024-04-23 21:29:00,2,割煤高位,False,正常,7603,25
2024-04-23 21:30:00,2024-04-23 21:30:00,1,调架中,False,正常,7604,25
2024-04-23 21:31:00,2024-04-23 21:34:00,4,割煤高位,False,正常,7605,25
2024-04-23 21:35:00,2024-04-23 21:41:00,7,割煤中位,False,正常,7606,25
2024-04-23 21:42:00,2024-04-23 21:43:00,2,割煤高位,False,正常,7607,25
2024-04-23 21:44:00,2024-04-23 21:44:00,1,调架中,False,正常,7608,25
2024-04-23 21:45:00,2024-04-23 21:45:00,1,待机-高位,False,正常,7609,25
2024-04-23 21:46:00,2024-04-23 21:55:00,10,割煤高位,False,正常,7610,25
2024-04-23 21:56:00,2024-04-23 21:56:00,1,调架中,False,正常,7611,25
2024-04-23 21:57:00,2024-04-23 21:58:00,2,割煤高位,False,正常,7612,25
2024-04-23 21:59:00,2024-04-23 21:59:00,1,调架中,False,正常,7613,25
2024-04-23 22:00:00,2024-04-23 22:04:00,5,割煤高位,False,正常,7614,25
2024-04-23 22:05:00,2024-04-23 22:05:00,1,调架中,False,正常,7615,25
2024-04-23 22:06:00,2024-04-23 22:15:00,10,割煤高位,False,正常,7616,25
2024-04-23 22:16:00,2024-04-23 22:16:00,1,割煤中位,False,正常,7617,25
2024-04-23 22:17:00,2024-04-23 22:18:00,2,调架中,False,正常,7618,25
2024-04-23 22:19:00,2024-04-23 22:19:00,1,割煤中位,False,正常,7619,25
2024-04-23 22:20:00,2024-04-23 22:20:00,1,待机-高位,False,正常,7620,25
2024-04-23 22:21:00,2024-04-23 22:28:00,8,割煤中位,False,正常,7621,25
2024-04-23 22:29:00,2024-04-23 22:32:00,4,割煤高位,False,正常,7622,25
2024-04-23 22:33:00,2024-04-23 22:33:00,1,调架中,False,正常,7623,25
2024-04-23 22:34:00,2024-04-23 22:42:00,9,割煤高位,False,正常,7624,25
2024-04-23 22:43:00,2024-04-23 22:43:00,1,割煤中位,False,正常,7625,25
2024-04-23 22:44:00,2024-04-23 22:44:00,1,割煤高位,False,正常,7626,25
2024-04-23 22:45:00,2024-04-23 22:45:00,1,割煤中位,False,正常,7627,25
2024-04-23 22:46:00,2024-04-23 22:47:00,2,调架中,False,正常,7628,25
2024-04-23 22:48:00,2024-04-23 22:48:00,1,割煤低位,False,正常,7629,25
2024-04-23 22:49:00,2024-04-23 22:51:00,3,割煤中位,False,正常,7630,25
2024-04-23 22:52:00,2024-04-23 22:52:00,1,调架中,False,正常,7631,25
2024-04-23 22:53:00,2024-04-23 22:55:00,3,割煤高位,False,正常,7632,25
2024-04-23 22:56:00,2024-04-23 22:56:00,1,调架中,False,正常,7633,25
2024-04-23 22:57:00,2024-04-23 22:57:00,1,割煤高位,False,正常,7634,25
2024-04-23 22:58:00,2024-04-23 22:58:00,1,割煤中位,False,正常,7635,25
2024-04-23 22:59:00,2024-04-23 23:00:00,2,割煤低位,False,正常,7636,25
2024-04-23 23:01:00,2024-04-23 23:05:00,5,割煤中位,False,正常,7637,25
2024-04-23 23:06:00,2024-04-23 23:08:00,3,割煤高位,False,正常,7638,25
2024-04-23 23:09:00,2024-04-23 23:11:00,3,割煤中位,False,正常,7639,25
2024-04-23 23:12:00,2024-04-23 23:12:00,1,调架中,False,正常,7640,25
2024-04-23 23:13:00,2024-04-23 23:13:00,1,割煤中位,False,正常,7641,25
2024-04-23 23:14:00,2024-04-23 23:15:00,2,待机,False,正常,7642,25
2024-04-23 23:16:00,2024-04-23 23:25:00,10,割煤中位,False,正常,7643,25
2024-04-23 23:26:00,2024-04-23 23:26:00,1,割煤高位,False,正常,7644,25
2024-04-23 23:27:00,2024-04-23 23:28:00,2,调架中,False,正常,7645,25
2024-04-23 23:29:00,2024-04-23 23:30:00,2,割煤高位,False,正常,7646,25
2024-04-23 23:31:00,2024-04-23 23:31:00,1,调架中,False,正常,7647,25
2024-04-23 23:32:00,2024-04-23 23:43:00,12,割煤高位,False,正常,7648,25
2024-04-23 23:44:00,2024-04-23 23:44:00,1,调架中,False,正常,7649,25
2024-04-23 23:45:00,2024-04-23 23:46:00,2,割煤高位,False,正常,7650,25
2024-04-23 23:47:00,2024-04-23 23:48:00,2,待机-高位,False,正常,7651,25
2024-04-23 23:49:00,2024-04-23 23:49:00,1,调架中,False,正常,7652,25
2024-04-23 23:50:00,2024-04-23 23:55:00,6,待机-高位,False,正常,7653,25
2024-04-23 23:56:00,2024-04-23 23:57:00,2,割煤高位,False,正常,7654,25
2024-04-23 23:58:00,2024-04-23 23:58:00,1,割煤中位,False,正常,7655,25
2024-04-23 23:59:00,2024-04-24 00:00:00,2,割煤高位,False,正常,7656,25
2024-04-24 00:01:00,2024-04-24 00:01:00,1,调架中,False,正常,7657,25
2024-04-24 00:02:00,2024-04-24 00:02:00,1,割煤高位,False,正常,7658,25
2024-04-24 00:03:00,2024-04-24 00:03:00,1,调架中,False,正常,7659,25
2024-04-24 00:04:00,2024-04-24 00:09:00,6,割煤高位,False,正常,7660,25
2024-04-24 00:10:00,2024-04-24 00:10:00,1,调架中,False,正常,7661,25
2024-04-24 00:11:00,2024-04-24 00:21:00,11,割煤高位,False,正常,7662,25
2024-04-24 00:22:00,2024-04-24 00:23:00,2,待机-高位,False,正常,7663,25
2024-04-24 00:24:00,2024-04-24 00:24:00,1,调架中,False,正常,7664,25
2024-04-24 00:25:00,2024-04-24 00:26:00,2,割煤高位,False,正常,7665,25
2024-04-24 00:27:00,2024-04-24 00:27:00,1,割煤中位,False,正常,7666,25
2024-04-24 00:28:00,2024-04-24 00:28:00,1,调架中,False,正常,7667,25
2024-04-24 00:29:00,2024-04-24 00:31:00,3,割煤中位,False,正常,7668,25
2024-04-24 00:32:00,2024-04-24 00:39:00,8,割煤高位,False,正常,7669,25
2024-04-24 00:40:00,2024-04-24 00:43:00,4,割煤中位,False,正常,7670,25
2024-04-24 00:44:00,2024-04-24 00:48:00,5,割煤高位,False,正常,7671,25
2024-04-24 00:49:00,2024-04-24 00:49:00,1,调架中,False,正常,7672,25
2024-04-24 00:50:00,2024-04-24 00:51:00,2,割煤高位,False,正常,7673,25
2024-04-24 00:52:00,2024-04-24 00:53:00,2,待机-高位,False,正常,7674,25
2024-04-24 00:54:00,2024-04-24 00:56:00,3,割煤高位,False,正常,7675,25
2024-04-24 00:57:00,2024-04-24 00:57:00,1,割煤中位,False,正常,7676,25
2024-04-24 00:58:00,2024-04-24 01:01:00,4,割煤高位,False,正常,7677,25
2024-04-24 01:02:00,2024-04-24 01:02:00,1,调架中,False,正常,7678,25
2024-04-24 01:03:00,2024-04-24 01:11:00,9,割煤高位,False,正常,7679,25
2024-04-24 01:12:00,2024-04-24 01:16:00,5,割煤中位,False,正常,7680,25
2024-04-24 01:17:00,2024-04-24 01:20:00,4,割煤高位,False,正常,7681,25
2024-04-24 01:21:00,2024-04-24 01:25:00,5,割煤中位,False,正常,7682,25
2024-04-24 01:26:00,2024-04-24 01:26:00,1,割煤高位,False,正常,7683,25
2024-04-24 01:27:00,2024-04-24 01:30:00,4,割煤中位,False,正常,7684,25
2024-04-24 01:31:00,2024-04-24 01:36:00,6,割煤高位,False,正常,7685,25
2024-04-24 01:37:00,2024-04-24 01:39:00,3,割煤中位,False,正常,7686,25
2024-04-24 01:40:00,2024-04-24 01:46:00,7,割煤高位,False,正常,7687,25
2024-04-24 01:47:00,2024-04-24 01:50:00,4,割煤中位,False,正常,7688,25
2024-04-24 01:51:00,2024-04-24 01:52:00,2,割煤高位,False,正常,7689,25
2024-04-24 01:53:00,2024-04-24 01:53:00,1,调架中,False,正常,7690,25
2024-04-24 01:54:00,2024-04-24 01:54:00,1,割煤高位,False,正常,7691,25
2024-04-24 01:55:00,2024-04-24 01:56:00,2,割煤中位,False,正常,7692,25
2024-04-24 01:57:00,2024-04-24 01:57:00,1,调架中,False,正常,7693,25
2024-04-24 01:58:00,2024-04-24 01:59:00,2,割煤中位,False,正常,7694,25
2024-04-24 02:00:00,2024-04-24 02:03:00,4,调架中,False,正常,7695,25
2024-04-24 02:04:00,2024-04-24 02:05:00,2,割煤中位,False,正常,7696,25
2024-04-24 02:06:00,2024-04-24 02:10:00,5,待机-高位,False,正常,7697,25
2024-04-24 02:11:00,2024-04-24 02:11:00,1,调架中,False,正常,7698,25
2024-04-24 02:12:00,2024-04-24 02:12:00,1,割煤高位,False,正常,7699,25
2024-04-24 02:13:00,2024-04-24 02:13:00,1,待机-高位,False,正常,7700,25
2024-04-24 02:14:00,2024-04-24 02:15:00,2,割煤高位,False,正常,7701,25
2024-04-24 02:16:00,2024-04-24 02:22:00,7,割煤中位,False,正常,7702,25
2024-04-24 02:23:00,2024-04-24 02:28:00,6,待机,False,正常,7703,25
2024-04-24 02:29:00,2024-04-24 02:29:00,1,调架中,False,正常,7704,25
2024-04-24 02:30:00,2024-04-24 02:30:00,1,割煤中位,False,正常,7705,25
2024-04-24 02:31:00,2024-04-24 02:31:00,1,调架中,False,正常,7706,25
2024-04-24 02:32:00,2024-04-24 02:32:00,1,割煤中位,False,正常,7707,25
2024-04-24 02:33:00,2024-04-24 02:33:00,1,调架中,False,正常,7708,25
2024-04-24 02:34:00,2024-04-24 02:35:00,2,割煤中位,False,正常,7709,25
2024-04-24 02:36:00,2024-04-24 02:41:00,6,割煤高位,False,正常,7710,25
2024-04-24 02:42:00,2024-04-24 02:42:00,1,调架中,False,正常,7711,25
2024-04-24 02:43:00,2024-04-24 02:50:00,8,割煤高位,False,正常,7712,25
2024-04-24 02:51:00,2024-04-24 02:51:00,1,割煤中位,False,正常,7713,25
2024-04-24 02:52:00,2024-04-24 02:53:00,2,割煤高位,False,正常,7714,25
2024-04-24 02:54:00,2024-04-24 03:50:00,57,待机,False,正常,7715,25
2024-04-24 03:51:00,2024-04-24 04:00:00,10,停机,False,正常,7716,25
2024-04-24 04:01:00,2024-04-24 04:06:00,6,割煤高位,False,正常,7717,25
2024-04-24 04:07:00,2024-04-24 04:07:00,1,调架中,False,正常,7718,25
2024-04-24 04:08:00,2024-04-24 04:08:00,1,割煤中位,False,正常,7719,25
2024-04-24 04:09:00,2024-04-24 04:09:00,1,调架中,False,正常,7720,25
2024-04-24 04:10:00,2024-04-24 04:12:00,3,割煤中位,False,正常,7721,25
2024-04-24 04:13:00,2024-04-24 04:18:00,6,割煤高位,False,正常,7722,25
2024-04-24 04:19:00,2024-04-24 04:25:00,7,割煤中位,False,正常,7723,25
2024-04-24 04:26:00,2024-04-24 04:26:00,1,割煤高位,False,正常,7724,25
2024-04-24 04:27:00,2024-04-24 04:29:00,3,割煤中位,False,正常,7725,25
2024-04-24 04:30:00,2024-04-24 04:32:00,3,割煤高位,False,正常,7726,25
2024-04-24 04:33:00,2024-04-24 04:35:00,3,割煤中位,False,正常,7727,25
2024-04-24 04:36:00,2024-04-24 04:36:00,1,割煤高位,False,正常,7728,25
2024-04-24 04:37:00,2024-04-24 04:38:00,2,割煤中位,False,正常,7729,25
2024-04-24 04:39:00,2024-04-24 04:42:00,4,割煤高位,False,正常,7730,25
2024-04-24 04:43:00,2024-04-24 04:48:00,6,割煤中位,False,正常,7731,25
2024-04-24 04:49:00,2024-04-24 04:53:00,5,割煤高位,False,正常,7732,25
2024-04-24 04:54:00,2024-04-24 05:01:00,8,割煤中位,False,正常,7733,25
2024-04-24 05:02:00,2024-04-24 05:06:00,5,割煤高位,False,正常,7734,25
2024-04-24 05:07:00,2024-04-24 05:07:00,1,调架中,False,正常,7735,25
2024-04-24 05:08:00,2024-04-24 05:11:00,4,割煤中位,False,正常,7736,25
2024-04-24 05:12:00,2024-04-24 05:12:00,1,调架中,False,正常,7737,25
2024-04-24 05:13:00,2024-04-24 05:13:00,1,割煤中位,False,正常,7738,25
2024-04-24 05:14:00,2024-04-24 05:15:00,2,调架中,False,正常,7739,25
2024-04-24 05:16:00,2024-04-24 05:18:00,3,割煤中位,False,正常,7740,25
2024-04-24 05:19:00,2024-04-24 05:20:00,2,调架中,False,正常,7741,25
2024-04-24 05:21:00,2024-04-24 05:28:00,8,割煤中位,False,正常,7742,25
2024-04-24 05:29:00,2024-04-24 05:29:00,1,调架中,False,正常,7743,25
2024-04-24 05:30:00,2024-04-24 05:34:00,5,割煤中位,False,正常,7744,25
2024-04-24 05:35:00,2024-04-24 05:37:00,3,割煤高位,False,正常,7745,25
2024-04-24 05:38:00,2024-04-24 05:38:00,1,割煤中位,False,正常,7746,25
2024-04-24 05:39:00,2024-04-24 05:39:00,1,割煤高位,False,正常,7747,25
2024-04-24 05:40:00,2024-04-24 05:40:00,1,割煤中位,False,正常,7748,25
2024-04-24 05:41:00,2024-04-24 05:41:00,1,割煤高位,False,正常,7749,25
2024-04-24 05:42:00,2024-04-24 05:42:00,1,调架中,False,正常,7750,25
2024-04-24 05:43:00,2024-04-24 05:43:00,1,割煤中位,False,正常,7751,25
2024-04-24 05:44:00,2024-04-24 05:45:00,2,割煤高位,False,正常,7752,25
2024-04-24 05:46:00,2024-04-24 05:47:00,2,割煤中位,False,正常,7753,25
2024-04-24 05:48:00,2024-04-24 05:48:00,1,割煤高位,False,正常,7754,25
2024-04-24 05:49:00,2024-04-24 05:50:00,2,割煤中位,False,正常,7755,25
2024-04-24 05:51:00,2024-04-24 05:52:00,2,割煤高位,False,正常,7756,25
2024-04-24 05:53:00,2024-04-24 05:54:00,2,割煤中位,False,正常,7757,25
2024-04-24 05:55:00,2024-04-24 05:56:00,2,割煤高位,False,正常,7758,25
2024-04-24 05:57:00,2024-04-24 05:57:00,1,调架中,False,正常,7759,25
2024-04-24 05:58:00,2024-04-24 05:58:00,1,割煤高位,False,正常,7760,25
2024-04-24 05:59:00,2024-04-24 05:59:00,1,调架中,False,正常,7761,25
2024-04-24 06:00:00,2024-04-24 06:03:00,4,割煤中位,False,正常,7762,25
2024-04-24 06:04:00,2024-04-24 07:18:00,75,待机,False,正常,7763,25
2024-04-24 07:19:00,2024-04-24 07:20:00,2,停机,False,正常,7764,25
2024-04-24 07:21:00,2024-04-24 07:22:00,2,待机,False,正常,7765,25
2024-04-24 07:23:00,2024-04-24 07:23:00,1,停机,False,正常,7766,25
2024-04-24 07:24:00,2024-04-24 08:13:00,50,待机,False,正常,7767,25
2024-04-24 08:14:00,2024-04-24 08:16:00,3,停机,False,正常,7768,25
2024-04-24 08:17:00,2024-04-24 09:09:00,53,待机,False,正常,7769,25
2024-04-24 09:10:00,2024-04-24 09:10:00,1,停机,False,正常,7770,25
2024-04-24 09:11:00,2024-04-24 14:20:00,310,待机,True,通讯中断/传感器休眠（段持续 >= 4h）,7771,26
2024-04-24 14:21:00,2024-04-24 14:22:00,2,停机,False,正常,7772,27
2024-04-24 14:23:00,2024-04-24 15:01:00,39,待机,False,正常,7773,27
2024-04-24 15:02:00,2024-04-24 15:02:00,1,调架中,False,正常,7774,27
2024-04-24 15:03:00,2024-04-24 15:04:00,2,停机,False,正常,7775,27
2024-04-24 15:05:00,2024-04-24 15:16:00,12,待机,False,正常,7776,27
2024-04-24 15:17:00,2024-04-24 15:18:00,2,调架中,False,正常,7777,27
2024-04-24 15:19:00,2024-04-24 15:19:00,1,割煤中位,False,正常,7778,27
2024-04-24 15:20:00,2024-04-24 15:20:00,1,待机,False,正常,7779,27
2024-04-24 15:21:00,2024-04-24 15:30:00,10,停机,False,正常,7780,27
2024-04-24 15:31:00,2024-04-24 15:37:00,7,待机,False,正常,7781,27
2024-04-24 15:38:00,2024-04-24 15:39:00,2,调架中,False,正常,7782,27
2024-04-24 15:40:00,2024-04-24 15:40:00,1,割煤中位,False,正常,7783,27
2024-04-24 15:41:00,2024-04-24 15:41:00,1,割煤高位,False,正常,7784,27
2024-04-24 15:42:00,2024-04-24 15:42:00,1,调架中,False,正常,7785,27
2024-04-24 15:43:00,2024-04-24 15:45:00,3,割煤高位,False,正常,7786,27
2024-04-24 15:46:00,2024-04-24 15:46:00,1,待机-高位,False,正常,7787,27
2024-04-24 15:47:00,2024-04-24 15:50:00,4,停机,False,正常,7788,27
2024-04-24 15:51:00,2024-04-24 15:57:00,7,待机-高位,False,正常,7789,27
2024-04-24 15:58:00,2024-04-24 15:59:00,2,割煤高位,False,正常,7790,27
2024-04-24 16:00:00,2024-04-24 16:08:00,9,割煤中位,False,正常,7791,27
2024-04-24 16:09:00,2024-04-24 16:23:00,15,割煤高位,False,正常,7792,27
2024-04-24 16:24:00,2024-04-24 16:26:00,3,割煤中位,False,正常,7793,27
2024-04-24 16:27:00,2024-04-24 16:27:00,1,调架中,False,正常,7794,27
2024-04-24 16:28:00,2024-04-24 16:29:00,2,待机,False,正常,7795,27
2024-04-24 16:30:00,2024-04-24 16:34:00,5,割煤中位,False,正常,7796,27
2024-04-24 16:35:00,2024-04-24 16:35:00,1,割煤高位,False,正常,7797,27
2024-04-24 16:36:00,2024-04-24 16:37:00,2,调架中,False,正常,7798,27
2024-04-24 16:38:00,2024-04-24 16:39:00,2,待机-高位,False,正常,7799,27
2024-04-24 16:40:00,2024-04-24 16:41:00,2,割煤高位,False,正常,7800,27
2024-04-24 16:42:00,2024-04-24 16:42:00,1,割煤中位,False,正常,7801,27
2024-04-24 16:43:00,2024-04-24 16:49:00,7,割煤高位,False,正常,7802,27
2024-04-24 16:50:00,2024-04-24 16:51:00,2,割煤中位,False,正常,7803,27
2024-04-24 16:52:00,2024-04-24 16:52:00,1,调架中,False,正常,7804,27
2024-04-24 16:53:00,2024-04-24 16:53:00,1,割煤中位,False,正常,7805,27
2024-04-24 16:54:00,2024-04-24 16:55:00,2,割煤高位,False,正常,7806,27
2024-04-24 16:56:00,2024-04-24 16:56:00,1,割煤中位,False,正常,7807,27
2024-04-24 16:57:00,2024-04-24 17:00:00,4,割煤高位,False,正常,7808,27
2024-04-24 17:01:00,2024-04-24 17:07:00,7,割煤中位,False,正常,7809,27
2024-04-24 17:08:00,2024-04-24 17:08:00,1,割煤高位,False,正常,7810,27
2024-04-24 17:09:00,2024-04-24 17:29:00,21,待机,False,正常,7811,27
2024-04-24 17:30:00,2024-04-24 17:52:00,23,停机,False,正常,7812,27
2024-04-24 17:53:00,2024-04-24 17:58:00,6,割煤高位,False,正常,7813,27
2024-04-24 17:59:00,2024-04-24 17:59:00,1,割煤中位,False,正常,7814,27
2024-04-24 18:00:00,2024-04-24 18:01:00,2,割煤高位,False,正常,7815,27
2024-04-24 18:02:00,2024-04-24 18:03:00,2,待机-高位,False,正常,7816,27
2024-04-24 18:04:00,2024-04-24 18:08:00,5,割煤高位,False,正常,7817,27
2024-04-24 18:09:00,2024-04-24 18:11:00,3,割煤中位,False,正常,7818,27
2024-04-24 18:12:00,2024-04-24 18:12:00,1,调架中,False,正常,7819,27
2024-04-24 18:13:00,2024-04-24 18:13:00,1,割煤中位,False,正常,7820,27
2024-04-24 18:14:00,2024-04-24 18:14:00,1,割煤高位,False,正常,7821,27
2024-04-24 18:15:00,2024-04-24 18:15:00,1,调架中,False,正常,7822,27
2024-04-24 18:16:00,2024-04-24 18:22:00,7,割煤中位,False,正常,7823,27
2024-04-24 18:23:00,2024-04-24 18:23:00,1,割煤高位,False,正常,7824,27
2024-04-24 18:24:00,2024-04-24 18:24:00,1,调架中,False,正常,7825,27
2024-04-24 18:25:00,2024-04-24 18:36:00,12,割煤高位,False,正常,7826,27
2024-04-24 18:37:00,2024-04-24 18:40:00,4,割煤中位,False,正常,7827,27
2024-04-24 18:41:00,2024-04-24 18:43:00,3,割煤高位,False,正常,7828,27
2024-04-24 18:44:00,2024-04-24 18:44:00,1,调架中,False,正常,7829,27
2024-04-24 18:45:00,2024-04-24 18:45:00,1,割煤高位,False,正常,7830,27
2024-04-24 18:46:00,2024-04-24 19:05:00,20,待机-高位,False,正常,7831,27
2024-04-24 19:06:00,2024-04-24 19:09:00,4,割煤高位,False,正常,7832,27
2024-04-24 19:10:00,2024-04-24 19:16:00,7,割煤中位,False,正常,7833,27
2024-04-24 19:17:00,2024-04-24 19:18:00,2,割煤高位,False,正常,7834,27
2024-04-24 19:19:00,2024-04-24 19:27:00,9,待机-高位,False,正常,7835,27
2024-04-24 19:28:00,2024-04-24 19:28:00,1,调架中,False,正常,7836,27
2024-04-24 19:29:00,2024-04-24 19:32:00,4,待机-高位,False,正常,7837,27
2024-04-24 19:33:00,2024-04-24 19:35:00,3,停机,False,正常,7838,27
2024-04-24 19:36:00,2024-04-24 19:36:00,1,调架中,False,正常,7839,27
2024-04-24 19:37:00,2024-04-24 19:39:00,3,割煤高位,False,正常,7840,27
2024-04-24 19:40:00,2024-04-24 19:40:00,1,调架中,False,正常,7841,27
2024-04-24 19:41:00,2024-04-24 19:51:00,11,割煤高位,False,正常,7842,27
2024-04-24 19:52:00,2024-04-24 19:52:00,1,调架中,False,正常,7843,27
2024-04-24 19:53:00,2024-04-24 19:54:00,2,割煤高位,False,正常,7844,27
2024-04-24 19:55:00,2024-04-24 19:55:00,1,调架中,False,正常,7845,27
2024-04-24 19:56:00,2024-04-24 19:58:00,3,割煤高位,False,正常,7846,27
2024-04-24 19:59:00,2024-04-24 20:00:00,2,割煤中位,False,正常,7847,27
2024-04-24 20:01:00,2024-04-24 20:02:00,2,调架中,False,正常,7848,27
2024-04-24 20:03:00,2024-04-24 20:03:00,1,待机-高位,False,正常,7849,27
2024-04-24 20:04:00,2024-04-24 20:05:00,2,割煤高位,False,正常,7850,27
2024-04-24 20:06:00,2024-04-24 20:08:00,3,割煤中位,False,正常,7851,27
2024-04-24 20:09:00,2024-04-24 20:15:00,7,割煤高位,False,正常,7852,27
2024-04-24 20:16:00,2024-04-24 20:16:00,1,调架中,False,正常,7853,27
2024-04-24 20:17:00,2024-04-24 20:17:00,1,割煤高位,False,正常,7854,27
2024-04-24 20:18:00,2024-04-24 20:19:00,2,调架中,False,正常,7855,27
2024-04-24 20:20:00,2024-04-24 20:24:00,5,割煤高位,False,正常,7856,27
2024-04-24 20:25:00,2024-04-24 20:25:00,1,调架中,False,正常,7857,27
2024-04-24 20:26:00,2024-04-24 20:28:00,3,割煤中位,False,正常,7858,27
2024-04-24 20:29:00,2024-04-24 20:31:00,3,待机,False,正常,7859,27
2024-04-24 20:32:00,2024-04-24 20:39:00,8,割煤高位,False,正常,7860,27
2024-04-24 20:40:00,2024-04-24 20:40:00,1,调架中,False,正常,7861,27
2024-04-24 20:41:00,2024-04-24 20:45:00,5,割煤中位,False,正常,7862,27
2024-04-24 20:46:00,2024-04-24 20:48:00,3,割煤高位,False,正常,7863,27
2024-04-24 20:49:00,2024-04-24 20:49:00,1,割煤中位,False,正常,7864,27
2024-04-24 20:50:00,2024-04-24 21:01:00,12,割煤高位,False,正常,7865,27
2024-04-24 21:02:00,2024-04-24 21:02:00,1,待机-高位,False,正常,7866,27
2024-04-24 21:03:00,2024-04-24 21:11:00,9,割煤高位,False,正常,7867,27
2024-04-24 21:12:00,2024-04-24 21:12:00,1,割煤中位,False,正常,7868,27
2024-04-24 21:13:00,2024-04-24 21:21:00,9,待机,False,正常,7869,27
2024-04-24 21:22:00,2024-04-24 21:25:00,4,割煤中位,False,正常,7870,27
2024-04-24 21:26:00,2024-04-24 21:32:00,7,割煤高位,False,正常,7871,27
2024-04-24 21:33:00,2024-04-24 21:33:00,1,调架中,False,正常,7872,27
2024-04-24 21:34:00,2024-04-24 21:36:00,3,割煤高位,False,正常,7873,27
2024-04-24 21:37:00,2024-04-24 21:46:00,10,待机-高位,False,正常,7874,27
2024-04-24 21:47:00,2024-04-24 21:49:00,3,割煤中位,False,正常,7875,27
2024-04-24 21:50:00,2024-04-24 21:51:00,2,待机-高位,False,正常,7876,27
2024-04-24 21:52:00,2024-04-24 21:54:00,3,割煤中位,False,正常,7877,27
2024-04-24 21:55:00,2024-04-24 22:01:00,7,割煤高位,False,正常,7878,27
2024-04-24 22:02:00,2024-04-24 22:05:00,4,割煤中位,False,正常,7879,27
2024-04-24 22:06:00,2024-04-24 22:07:00,2,割煤高位,False,正常,7880,27
2024-04-24 22:08:00,2024-04-24 22:08:00,1,调架中,False,正常,7881,27
2024-04-24 22:09:00,2024-04-24 22:11:00,3,割煤高位,False,正常,7882,27
2024-04-24 22:12:00,2024-04-24 22:17:00,6,割煤中位,False,正常,7883,27
2024-04-24 22:18:00,2024-04-24 22:30:00,13,割煤高位,False,正常,7884,27
2024-04-24 22:31:00,2024-04-24 22:31:00,1,调架中,False,正常,7885,27
2024-04-24 22:32:00,2024-04-24 22:39:00,8,割煤高位,False,正常,7886,27
2024-04-24 22:40:00,2024-04-24 22:40:00,1,调架中,False,正常,7887,27
2024-04-24 22:41:00,2024-04-24 22:41:00,1,割煤高位,False,正常,7888,27
2024-04-24 22:42:00,2024-04-24 22:42:00,1,调架中,False,正常,7889,27
2024-04-24 22:43:00,2024-04-24 22:43:00,1,割煤高位,False,正常,7890,27
2024-04-24 22:44:00,2024-04-24 22:44:00,1,割煤中位,False,正常,7891,27
2024-04-24 22:45:00,2024-04-24 22:51:00,7,割煤高位,False,正常,7892,27
2024-04-24 22:52:00,2024-04-24 22:58:00,7,割煤中位,False,正常,7893,27
2024-04-24 22:59:00,2024-04-24 23:03:00,5,割煤高位,False,正常,7894,27
2024-04-24 23:04:00,2024-04-24 23:05:00,2,调架中,False,正常,7895,27
2024-04-24 23:06:00,2024-04-24 23:08:00,3,割煤中位,False,正常,7896,27
2024-04-24 23:09:00,2024-04-24 23:16:00,8,割煤高位,False,正常,7897,27
2024-04-24 23:17:00,2024-04-24 23:22:00,6,割煤中位,False,正常,7898,27
2024-04-24 23:23:00,2024-04-24 23:24:00,2,割煤高位,False,正常,7899,27
2024-04-24 23:25:00,2024-04-24 23:25:00,1,割煤中位,False,正常,7900,27
2024-04-24 23:26:00,2024-04-24 23:33:00,8,待机,False,正常,7901,27
2024-04-24 23:34:00,2024-04-24 23:35:00,2,调架中,False,正常,7902,27
2024-04-24 23:36:00,2024-04-24 23:38:00,3,割煤中位,False,正常,7903,27
2024-04-24 23:39:00,2024-04-24 23:39:00,1,割煤高位,False,正常,7904,27
2024-04-24 23:40:00,2024-04-24 23:42:00,3,待机-高位,False,正常,7905,27
2024-04-24 23:43:00,2024-04-24 23:43:00,1,割煤高位,False,正常,7906,27
2024-04-24 23:44:00,2024-04-24 23:45:00,2,待机-高位,False,正常,7907,27
2024-04-24 23:46:00,2024-04-24 23:46:00,1,调架中,False,正常,7908,27
2024-04-24 23:47:00,2024-04-24 23:47:00,1,待机-高位,False,正常,7909,27
2024-04-24 23:48:00,2024-04-24 23:48:00,1,调架中,False,正常,7910,27
2024-04-24 23:49:00,2024-04-24 23:49:00,1,待机-高位,False,正常,7911,27
2024-04-24 23:50:00,2024-04-24 23:50:00,1,割煤高位,False,正常,7912,27
2024-04-24 23:51:00,2024-04-25 00:03:00,13,待机-高位,False,正常,7913,27
2024-04-25 00:04:00,2024-04-25 00:04:00,1,停机,False,正常,7914,27
2024-04-25 00:05:00,2024-04-25 00:12:00,8,割煤高位,False,正常,7915,27
2024-04-25 00:13:00,2024-04-25 00:13:00,1,调架中,False,正常,7916,27
2024-04-25 00:14:00,2024-04-25 00:14:00,1,割煤中位,False,正常,7917,27
2024-04-25 00:15:00,2024-04-25 00:21:00,7,割煤高位,False,正常,7918,27
2024-04-25 00:22:00,2024-04-25 00:22:00,1,调架中,False,正常,7919,27
2024-04-25 00:23:00,2024-04-25 00:32:00,10,割煤高位,False,正常,7920,27
2024-04-25 00:33:00,2024-04-25 00:33:00,1,调架中,False,正常,7921,27
2024-04-25 00:34:00,2024-04-25 00:36:00,3,割煤高位,False,正常,7922,27
2024-04-25 00:37:00,2024-04-25 00:39:00,3,割煤中位,False,正常,7923,27
2024-04-25 00:40:00,2024-04-25 00:42:00,3,割煤高位,False,正常,7924,27
2024-04-25 00:43:00,2024-04-25 00:44:00,2,调架中,False,正常,7925,27
2024-04-25 00:45:00,2024-04-25 00:45:00,1,割煤高位,False,正常,7926,27
2024-04-25 00:46:00,2024-04-25 00:46:00,1,调架中,False,正常,7927,27
2024-04-25 00:47:00,2024-04-25 00:52:00,6,割煤中位,False,正常,7928,27
2024-04-25 00:53:00,2024-04-25 00:58:00,6,割煤高位,False,正常,7929,27
2024-04-25 00:59:00,2024-04-25 00:59:00,1,调架中,False,正常,7930,27
2024-04-25 01:00:00,2024-04-25 01:06:00,7,割煤高位,False,正常,7931,27
2024-04-25 01:07:00,2024-04-25 01:08:00,2,调架中,False,正常,7932,27
2024-04-25 01:09:00,2024-04-25 01:15:00,7,割煤高位,False,正常,7933,27
2024-04-25 01:16:00,2024-04-25 01:16:00,1,调架中,False,正常,7934,27
2024-04-25 01:17:00,2024-04-25 01:17:00,1,割煤高位,False,正常,7935,27
2024-04-25 01:18:00,2024-04-25 01:18:00,1,割煤中位,False,正常,7936,27
2024-04-25 01:19:00,2024-04-25 01:21:00,3,割煤高位,False,正常,7937,27
2024-04-25 01:22:00,2024-04-25 01:24:00,3,调架中,False,正常,7938,27
2024-04-25 01:25:00,2024-04-25 01:31:00,7,割煤高位,False,正常,7939,27
2024-04-25 01:32:00,2024-04-25 01:33:00,2,调架中,False,正常,7940,27
2024-04-25 01:34:00,2024-04-25 01:38:00,5,割煤高位,False,正常,7941,27
2024-04-25 01:39:00,2024-04-25 01:40:00,2,割煤中位,False,正常,7942,27
2024-04-25 01:41:00,2024-04-25 01:50:00,10,割煤高位,False,正常,7943,27
2024-04-25 01:51:00,2024-04-25 01:51:00,1,调架中,False,正常,7944,27
2024-04-25 01:52:00,2024-04-25 01:54:00,3,割煤中位,False,正常,7945,27
2024-04-25 01:55:00,2024-04-25 02:01:00,7,割煤高位,False,正常,7946,27
2024-04-25 02:02:00,2024-04-25 02:02:00,1,调架中,False,正常,7947,27
2024-04-25 02:03:00,2024-04-25 02:06:00,4,割煤中位,False,正常,7948,27
2024-04-25 02:07:00,2024-04-25 02:08:00,2,割煤高位,False,正常,7949,27
2024-04-25 02:09:00,2024-04-25 02:10:00,2,割煤中位,False,正常,7950,27
2024-04-25 02:11:00,2024-04-25 02:12:00,2,待机,False,正常,7951,27
2024-04-25 02:13:00,2024-04-25 02:15:00,3,割煤中位,False,正常,7952,27
2024-04-25 02:16:00,2024-04-25 02:16:00,1,割煤高位,False,正常,7953,27
2024-04-25 02:17:00,2024-04-25 02:17:00,1,调架中,False,正常,7954,27
2024-04-25 02:18:00,2024-04-25 02:22:00,5,割煤高位,False,正常,7955,27
2024-04-25 02:23:00,2024-04-25 02:23:00,1,调架中,False,正常,7956,27
2024-04-25 02:24:00,2024-04-25 02:24:00,1,割煤中位,False,正常,7957,27
2024-04-25 02:25:00,2024-04-25 02:31:00,7,待机,False,正常,7958,27
2024-04-25 02:32:00,2024-04-25 02:32:00,1,调架中,False,正常,7959,27
2024-04-25 02:33:00,2024-04-25 02:33:00,1,割煤中位,False,正常,7960,27
2024-04-25 02:34:00,2024-04-25 02:34:00,1,割煤高位,False,正常,7961,27
2024-04-25 02:35:00,2024-04-25 02:35:00,1,待机-高位,False,正常,7962,27
2024-04-25 02:36:00,2024-04-25 02:36:00,1,割煤高位,False,正常,7963,27
2024-04-25 02:37:00,2024-04-25 02:37:00,1,割煤中位,False,正常,7964,27
2024-04-25 02:38:00,2024-04-25 02:42:00,5,割煤高位,False,正常,7965,27
2024-04-25 02:43:00,2024-04-25 02:43:00,1,割煤中位,False,正常,7966,27
2024-04-25 02:44:00,2024-04-25 03:03:00,20,割煤高位,False,正常,7967,27
2024-04-25 03:04:00,2024-04-25 03:04:00,1,割煤中位,False,正常,7968,27
2024-04-25 03:05:00,2024-04-25 03:05:00,1,割煤高位,False,正常,7969,27
2024-04-25 03:06:00,2024-04-25 03:07:00,2,割煤中位,False,正常,7970,27
2024-04-25 03:08:00,2024-04-25 03:08:00,1,割煤高位,False,正常,7971,27
2024-04-25 03:09:00,2024-04-25 03:10:00,2,割煤中位,False,正常,7972,27
2024-04-25 03:11:00,2024-04-25 03:11:00,1,待机,False,正常,7973,27
2024-04-25 03:12:00,2024-04-25 03:14:00,3,割煤中位,False,正常,7974,27
2024-04-25 03:15:00,2024-04-25 03:29:00,15,待机,False,正常,7975,27
2024-04-25 03:30:00,2024-04-25 03:30:00,1,割煤中位,False,正常,7976,27
2024-04-25 03:31:00,2024-04-25 03:31:00,1,调架中,False,正常,7977,27
2024-04-25 03:32:00,2024-04-25 03:32:00,1,割煤中位,False,正常,7978,27
2024-04-25 03:33:00,2024-04-25 03:38:00,6,割煤高位,False,正常,7979,27
2024-04-25 03:39:00,2024-04-25 03:44:00,6,割煤中位,False,正常,7980,27
2024-04-25 03:45:00,2024-04-25 03:55:00,11,割煤高位,False,正常,7981,27
2024-04-25 03:56:00,2024-04-25 03:56:00,1,调架中,False,正常,7982,27
2024-04-25 03:57:00,2024-04-25 03:57:00,1,割煤高位,False,正常,7983,27
2024-04-25 03:58:00,2024-04-25 03:58:00,1,待机-高位,False,正常,7984,27
2024-04-25 03:59:00,2024-04-25 03:59:00,1,调架中,False,正常,7985,27
2024-04-25 04:00:00,2024-04-25 04:01:00,2,割煤高位,False,正常,7986,27
2024-04-25 04:02:00,2024-04-25 04:02:00,1,调架中,False,正常,7987,27
2024-04-25 04:03:00,2024-04-25 04:04:00,2,割煤高位,False,正常,7988,27
2024-04-25 04:05:00,2024-04-25 04:05:00,1,割煤中位,False,正常,7989,27
2024-04-25 04:06:00,2024-04-25 04:06:00,1,调架中,False,正常,7990,27
2024-04-25 04:07:00,2024-04-25 04:20:00,14,割煤高位,False,正常,7991,27
2024-04-25 04:21:00,2024-04-25 04:21:00,1,调架中,False,正常,7992,27
2024-04-25 04:22:00,2024-04-25 04:24:00,3,待机,False,正常,7993,27
2024-04-25 04:25:00,2024-04-25 04:28:00,4,割煤中位,False,正常,7994,27
2024-04-25 04:29:00,2024-04-25 04:31:00,3,割煤高位,False,正常,7995,27
2024-04-25 04:32:00,2024-04-25 04:32:00,1,割煤中位,False,正常,7996,27
2024-04-25 04:33:00,2024-04-25 04:36:00,4,割煤高位,False,正常,7997,27
2024-04-25 04:37:00,2024-04-25 04:38:00,2,调架中,False,正常,7998,27
2024-04-25 04:39:00,2024-04-25 04:39:00,1,待机,False,正常,7999,27
2024-04-25 04:40:00,2024-04-25 04:45:00,6,割煤中位,False,正常,8000,27
2024-04-25 04:46:00,2024-04-25 04:51:00,6,割煤高位,False,正常,8001,27
2024-04-25 04:52:00,2024-04-25 04:52:00,1,调架中,False,正常,8002,27
2024-04-25 04:53:00,2024-04-25 04:57:00,5,割煤中位,False,正常,8003,27
2024-04-25 04:58:00,2024-04-25 04:58:00,1,调架中,False,正常,8004,27
2024-04-25 04:59:00,2024-04-25 05:04:00,6,割煤中位,False,正常,8005,27
2024-04-25 05:05:00,2024-04-25 05:05:00,1,待机,False,正常,8006,27
2024-04-25 05:06:00,2024-04-25 05:09:00,4,割煤中位,False,正常,8007,27
2024-04-25 05:10:00,2024-04-25 05:10:00,1,调架中,False,正常,8008,27
2024-04-25 05:11:00,2024-04-25 05:16:00,6,割煤中位,False,正常,8009,27
2024-04-25 05:17:00,2024-04-25 05:17:00,1,调架中,False,正常,8010,27
2024-04-25 05:18:00,2024-04-25 05:20:00,3,割煤中位,False,正常,8011,27
2024-04-25 05:21:00,2024-04-25 05:22:00,2,割煤高位,False,正常,8012,27
2024-04-25 05:23:00,2024-04-25 05:24:00,2,割煤中位,False,正常,8013,27
2024-04-25 05:25:00,2024-04-25 05:26:00,2,割煤高位,False,正常,8014,27
2024-04-25 05:27:00,2024-04-25 05:27:00,1,调架中,False,正常,8015,27
2024-04-25 05:28:00,2024-04-25 05:30:00,3,割煤高位,False,正常,8016,27
2024-04-25 05:31:00,2024-04-25 05:33:00,3,调架中,False,正常,8017,27
2024-04-25 05:34:00,2024-04-25 05:34:00,1,割煤高位,False,正常,8018,27
2024-04-25 05:35:00,2024-04-25 05:36:00,2,割煤中位,False,正常,8019,27
2024-04-25 05:37:00,2024-04-25 05:43:00,7,割煤高位,False,正常,8020,27
2024-04-25 05:44:00,2024-04-25 05:44:00,1,调架中,False,正常,8021,27
2024-04-25 05:45:00,2024-04-25 05:46:00,2,割煤中位,False,正常,8022,27
2024-04-25 05:47:00,2024-04-25 05:48:00,2,待机,False,正常,8023,27
2024-04-25 05:49:00,2024-04-25 05:50:00,2,割煤中位,False,正常,8024,27
2024-04-25 05:51:00,2024-04-25 05:55:00,5,割煤高位,False,正常,8025,27
2024-04-25 05:56:00,2024-04-25 06:00:00,5,割煤中位,False,正常,8026,27
2024-04-25 06:01:00,2024-04-25 06:16:00,16,割煤高位,False,正常,8027,27
2024-04-25 06:17:00,2024-04-25 06:24:00,8,割煤中位,False,正常,8028,27
2024-04-25 06:25:00,2024-04-25 06:25:00,1,割煤高位,False,正常,8029,27
2024-04-25 06:26:00,2024-04-25 06:30:00,5,割煤中位,False,正常,8030,27
2024-04-25 06:31:00,2024-04-25 06:31:00,1,调架中,False,正常,8031,27
2024-04-25 06:32:00,2024-04-25 06:32:00,1,割煤中位,False,正常,8032,27
2024-04-25 06:33:00,2024-04-25 06:33:00,1,调架中,False,正常,8033,27
2024-04-25 06:34:00,2024-04-25 06:37:00,4,待机,False,正常,8034,27
2024-04-25 06:38:00,2024-04-25 06:38:00,1,割煤中位,False,正常,8035,27
2024-04-25 06:39:00,2024-04-25 06:39:00,1,调架中,False,正常,8036,27
2024-04-25 06:40:00,2024-04-25 06:46:00,7,割煤中位,False,正常,8037,27
2024-04-25 06:47:00,2024-04-25 06:47:00,1,调架中,False,正常,8038,27
2024-04-25 06:48:00,2024-04-25 06:53:00,6,割煤高位,False,正常,8039,27
2024-04-25 06:54:00,2024-04-25 06:57:00,4,调架中,False,正常,8040,27
2024-04-25 06:58:00,2024-04-25 06:59:00,2,割煤中位,False,正常,8041,27
2024-04-25 07:00:00,2024-04-25 07:01:00,2,调架中,False,正常,8042,27
2024-04-25 07:02:00,2024-04-25 07:03:00,2,割煤中位,False,正常,8043,27
2024-04-25 07:04:00,2024-04-25 07:07:00,4,割煤高位,False,正常,8044,27
2024-04-25 07:08:00,2024-04-25 07:12:00,5,割煤中位,False,正常,8045,27
2024-04-25 07:13:00,2024-04-25 07:13:00,1,待机,False,正常,8046,27
2024-04-25 07:14:00,2024-04-25 07:17:00,4,割煤中位,False,正常,8047,27
2024-04-25 07:18:00,2024-04-25 07:18:00,1,调架中,False,正常,8048,27
2024-04-25 07:19:00,2024-04-25 07:20:00,2,割煤中位,False,正常,8049,27
2024-04-25 07:21:00,2024-04-25 07:21:00,1,调架中,False,正常,8050,27
2024-04-25 07:22:00,2024-04-25 07:26:00,5,割煤中位,False,正常,8051,27
2024-04-25 07:27:00,2024-04-25 07:27:00,1,调架中,False,正常,8052,27
2024-04-25 07:28:00,2024-04-25 07:30:00,3,割煤中位,False,正常,8053,27
2024-04-25 07:31:00,2024-04-25 07:33:00,3,待机-高位,False,正常,8054,27
2024-04-25 07:34:00,2024-04-25 07:34:00,1,割煤中位,False,正常,8055,27
2024-04-25 07:35:00,2024-04-25 07:35:00,1,割煤高位,False,正常,8056,27
2024-04-25 07:36:00,2024-04-25 07:42:00,7,割煤中位,False,正常,8057,27
2024-04-25 07:43:00,2024-04-25 07:44:00,2,待机,False,正常,8058,27
2024-04-25 07:45:00,2024-04-25 07:45:00,1,调架中,False,正常,8059,27
2024-04-25 07:46:00,2024-04-25 07:46:00,1,割煤中位,False,正常,8060,27
2024-04-25 07:47:00,2024-04-25 07:49:00,3,割煤高位,False,正常,8061,27
2024-04-25 07:50:00,2024-04-25 07:50:00,1,调架中,False,正常,8062,27
2024-04-25 07:51:00,2024-04-25 07:55:00,5,割煤中位,False,正常,8063,27
2024-04-25 07:56:00,2024-04-25 08:00:00,5,割煤高位,False,正常,8064,27
2024-04-25 08:01:00,2024-04-25 08:01:00,1,调架中,False,正常,8065,27
2024-04-25 08:02:00,2024-04-25 08:05:00,4,割煤高位,False,正常,8066,27
2024-04-25 08:06:00,2024-04-25 08:08:00,3,割煤中位,False,正常,8067,27
2024-04-25 08:09:00,2024-04-25 08:09:00,1,割煤高位,False,正常,8068,27
2024-04-25 08:10:00,2024-04-25 08:10:00,1,割煤中位,False,正常,8069,27
2024-04-25 08:11:00,2024-04-25 08:12:00,2,割煤高位,False,正常,8070,27
2024-04-25 08:13:00,2024-04-25 08:13:00,1,割煤中位,False,正常,8071,27
2024-04-25 08:14:00,2024-04-25 08:15:00,2,调架中,False,正常,8072,27
2024-04-25 08:16:00,2024-04-25 08:18:00,3,割煤中位,False,正常,8073,27
2024-04-25 08:19:00,2024-04-25 08:23:00,5,割煤高位,False,正常,8074,27
2024-04-25 08:24:00,2024-04-25 08:24:00,1,调架中,False,正常,8075,27
2024-04-25 08:25:00,2024-04-25 08:26:00,2,割煤中位,False,正常,8076,27
2024-04-25 08:27:00,2024-04-25 08:27:00,1,割煤高位,False,正常,8077,27
2024-04-25 08:28:00,2024-04-25 08:28:00,1,割煤中位,False,正常,8078,27
2024-04-25 08:29:00,2024-04-25 08:32:00,4,割煤高位,False,正常,8079,27
2024-04-25 08:33:00,2024-04-25 08:34:00,2,调架中,False,正常,8080,27
2024-04-25 08:35:00,2024-04-25 08:45:00,11,待机-高位,False,正常,8081,27
2024-04-25 08:46:00,2024-04-25 08:46:00,1,调架中,False,正常,8082,27
2024-04-25 08:47:00,2024-04-25 08:48:00,2,割煤高位,False,正常,8083,27
2024-04-25 08:49:00,2024-04-25 08:49:00,1,调架中,False,正常,8084,27
2024-04-25 08:50:00,2024-04-25 08:56:00,7,割煤高位,False,正常,8085,27
2024-04-25 08:57:00,2024-04-25 09:03:00,7,割煤中位,False,正常,8086,27
2024-04-25 09:04:00,2024-04-25 09:04:00,1,割煤高位,False,正常,8087,27
2024-04-25 09:05:00,2024-04-25 09:06:00,2,调架中,False,正常,8088,27
2024-04-25 09:07:00,2024-04-25 09:10:00,4,割煤高位,False,正常,8089,27
2024-04-25 09:11:00,2024-04-25 09:20:00,10,待机-高位,False,正常,8090,27
2024-04-25 09:21:00,2024-04-25 09:21:00,1,调架中,False,正常,8091,27
2024-04-25 09:22:00,2024-04-25 09:23:00,2,割煤中位,False,正常,8092,27
2024-04-25 09:24:00,2024-04-25 09:24:00,1,调架中,False,正常,8093,27
2024-04-25 09:25:00,2024-04-25 09:25:00,1,割煤中位,False,正常,8094,27
2024-04-25 09:26:00,2024-04-25 09:27:00,2,待机,False,正常,8095,27
2024-04-25 09:28:00,2024-04-25 09:38:00,11,调架中,False,正常,8096,27
2024-04-25 09:39:00,2024-04-25 09:45:00,7,割煤中位,False,正常,8097,27
2024-04-25 09:46:00,2024-04-25 09:46:00,1,调架中,False,正常,8098,27
2024-04-25 09:47:00,2024-04-25 09:47:00,1,割煤高位,False,正常,8099,27
2024-04-25 09:48:00,2024-04-25 09:51:00,4,待机-高位,False,正常,8100,27
2024-04-25 09:52:00,2024-04-25 09:53:00,2,割煤中位,False,正常,8101,27
2024-04-25 09:54:00,2024-04-25 09:54:00,1,调架中,False,正常,8102,27
2024-04-25 09:55:00,2024-04-25 09:55:00,1,割煤高位,False,正常,8103,27
2024-04-25 09:56:00,2024-04-25 09:57:00,2,割煤中位,False,正常,8104,27
2024-04-25 09:58:00,2024-04-25 09:59:00,2,割煤高位,False,正常,8105,27
2024-04-25 10:00:00,2024-04-25 10:03:00,4,割煤中位,False,正常,8106,27
2024-04-25 10:04:00,2024-04-25 10:04:00,1,调架中,False,正常,8107,27
2024-04-25 10:05:00,2024-04-25 10:06:00,2,割煤高位,False,正常,8108,27
2024-04-25 10:07:00,2024-04-25 10:11:00,5,割煤中位,False,正常,8109,27
2024-04-25 10:12:00,2024-04-25 11:09:00,58,待机,False,正常,8110,27
2024-04-25 11:10:00,2024-04-25 13:31:00,142,停机,False,正常,8111,27
2024-04-25 13:32:00,2024-04-25 13:32:00,1,待机,False,正常,8112,27
2024-04-25 13:33:00,2024-04-25 13:33:00,1,停机,False,正常,8113,27
2024-04-25 13:34:00,2024-04-25 13:44:00,11,待机,False,正常,8114,27
2024-04-25 13:45:00,2024-04-25 13:48:00,4,停机,False,正常,8115,27
2024-04-25 13:49:00,2024-04-25 14:26:00,38,待机,False,正常,8116,27
2024-04-25 14:27:00,2024-04-25 14:30:00,4,停机,False,正常,8117,27
2024-04-25 14:31:00,2024-04-25 14:37:00,7,待机,False,正常,8118,27
2024-04-25 14:38:00,2024-04-25 15:30:00,53,停机,False,正常,8119,27
2024-04-25 15:31:00,2024-04-25 15:31:00,1,待机,False,正常,8120,27
2024-04-25 15:32:00,2024-04-25 15:33:00,2,停机,False,正常,8121,27
2024-04-25 15:34:00,2024-04-25 15:34:00,1,待机,False,正常,8122,27
2024-04-25 15:35:00,2024-04-25 15:41:00,7,停机,False,正常,8123,27
2024-04-25 15:42:00,2024-04-25 15:42:00,1,待机,False,正常,8124,27
2024-04-25 15:43:00,2024-04-25 15:43:00,1,调架中,False,正常,8125,27
2024-04-25 15:44:00,2024-04-25 15:44:00,1,停机,False,正常,8126,27
2024-04-25 15:45:00,2024-04-25 15:48:00,4,割煤中位,False,正常,8127,27
2024-04-25 15:49:00,2024-04-25 15:49:00,1,调架中,False,正常,8128,27
2024-04-25 15:50:00,2024-04-25 15:51:00,2,割煤高位,False,正常,8129,27
2024-04-25 15:52:00,2024-04-25 15:52:00,1,调架中,False,正常,8130,27
2024-04-25 15:53:00,2024-04-25 15:53:00,1,割煤高位,False,正常,8131,27
2024-04-25 15:54:00,2024-04-25 15:54:00,1,调架中,False,正常,8132,27
2024-04-25 15:55:00,2024-04-25 15:55:00,1,割煤高位,False,正常,8133,27
2024-04-25 15:56:00,2024-04-25 15:57:00,2,调架中,False,正常,8134,27
2024-04-25 15:58:00,2024-04-25 15:58:00,1,待机-高位,False,正常,8135,27
2024-04-25 15:59:00,2024-04-25 16:00:00,2,割煤高位,False,正常,8136,27
2024-04-25 16:01:00,2024-04-25 16:01:00,1,割煤中位,False,正常,8137,27
2024-04-25 16:02:00,2024-04-25 16:05:00,4,待机,False,正常,8138,27
2024-04-25 16:06:00,2024-04-25 16:06:00,1,割煤中位,False,正常,8139,27
2024-04-25 16:07:00,2024-04-25 16:07:00,1,调架中,False,正常,8140,27
2024-04-25 16:08:00,2024-04-25 16:08:00,1,待机,False,正常,8141,27
2024-04-25 16:09:00,2024-04-25 16:13:00,5,割煤中位,False,正常,8142,27
2024-04-25 16:14:00,2024-04-25 16:15:00,2,待机,False,正常,8143,27
2024-04-25 16:16:00,2024-04-25 16:20:00,5,割煤中位,False,正常,8144,27
2024-04-25 16:21:00,2024-04-25 16:23:00,3,待机,False,正常,8145,27
2024-04-25 16:24:00,2024-04-25 16:25:00,2,割煤中位,False,正常,8146,27
2024-04-25 16:26:00,2024-04-25 16:26:00,1,割煤高位,False,正常,8147,27
2024-04-25 16:27:00,2024-04-25 16:27:00,1,调架中,False,正常,8148,27
2024-04-25 16:28:00,2024-04-25 16:29:00,2,待机,False,正常,8149,27
2024-04-25 16:30:00,2024-04-25 16:31:00,2,割煤高位,False,正常,8150,27
2024-04-25 16:32:00,2024-04-25 16:36:00,5,割煤中位,False,正常,8151,27
2024-04-25 16:37:00,2024-04-25 16:37:00,1,调架中,False,正常,8152,27
2024-04-25 16:38:00,2024-04-25 16:45:00,8,割煤中位,False,正常,8153,27
2024-04-25 16:46:00,2024-04-25 16:46:00,1,调架中,False,正常,8154,27
2024-04-25 16:47:00,2024-04-25 16:47:00,1,割煤高位,False,正常,8155,27
2024-04-25 16:48:00,2024-04-25 16:49:00,2,待机,False,正常,8156,27
2024-04-25 16:50:00,2024-04-25 16:53:00,4,割煤高位,False,正常,8157,27
2024-04-25 16:54:00,2024-04-25 16:54:00,1,调架中,False,正常,8158,27
2024-04-25 16:55:00,2024-04-25 17:00:00,6,割煤高位,False,正常,8159,27
2024-04-25 17:01:00,2024-04-25 17:01:00,1,调架中,False,正常,8160,27
2024-04-25 17:02:00,2024-04-25 17:19:00,18,待机-高位,False,正常,8161,27
2024-04-25 17:20:00,2024-04-25 17:58:00,39,停机,False,正常,8162,27
2024-04-25 17:59:00,2024-04-25 18:00:00,2,割煤中位,False,正常,8163,27
2024-04-25 18:01:00,2024-04-25 18:02:00,2,停机,False,正常,8164,27
2024-04-25 18:03:00,2024-04-25 18:30:00,28,待机-高位,False,正常,8165,27
2024-04-25 18:31:00,2024-04-25 18:31:00,1,割煤中位,False,正常,8166,27
2024-04-25 18:32:00,2024-04-25 18:35:00,4,割煤高位,False,正常,8167,27
2024-04-25 18:36:00,2024-04-25 18:39:00,4,割煤中位,False,正常,8168,27
2024-04-25 18:40:00,2024-04-25 18:40:00,1,调架中,False,正常,8169,27
2024-04-25 18:41:00,2024-04-25 18:46:00,6,割煤中位,False,正常,8170,27
2024-04-25 18:47:00,2024-04-25 18:50:00,4,割煤高位,False,正常,8171,27
2024-04-25 18:51:00,2024-04-25 18:51:00,1,调架中,False,正常,8172,27
2024-04-25 18:52:00,2024-04-25 18:59:00,8,割煤高位,False,正常,8173,27
2024-04-25 19:00:00,2024-04-25 19:01:00,2,割煤中位,False,正常,8174,27
2024-04-25 19:02:00,2024-04-25 19:02:00,1,调架中,False,正常,8175,27
2024-04-25 19:03:00,2024-04-25 19:08:00,6,割煤中位,False,正常,8176,27
2024-04-25 19:09:00,2024-04-25 19:09:00,1,调架中,False,正常,8177,27
2024-04-25 19:10:00,2024-04-25 19:11:00,2,待机,False,正常,8178,27
2024-04-25 19:12:00,2024-04-25 19:12:00,1,割煤中位,False,正常,8179,27
2024-04-25 19:13:00,2024-04-25 19:14:00,2,割煤高位,False,正常,8180,27
2024-04-25 19:15:00,2024-04-25 19:15:00,1,割煤中位,False,正常,8181,27
2024-04-25 19:16:00,2024-04-25 19:16:00,1,调架中,False,正常,8182,27
2024-04-25 19:17:00,2024-04-25 19:17:00,1,待机,False,正常,8183,27
2024-04-25 19:18:00,2024-04-25 19:18:00,1,调架中,False,正常,8184,27
2024-04-25 19:19:00,2024-04-25 19:23:00,5,割煤中位,False,正常,8185,27
2024-04-25 19:24:00,2024-04-25 19:24:00,1,割煤高位,False,正常,8186,27
2024-04-25 19:25:00,2024-04-25 19:25:00,1,调架中,False,正常,8187,27
2024-04-25 19:26:00,2024-04-25 19:35:00,10,待机-高位,False,正常,8188,27
2024-04-25 19:36:00,2024-04-25 19:41:00,6,割煤高位,False,正常,8189,27
2024-04-25 19:42:00,2024-04-25 19:44:00,3,割煤中位,False,正常,8190,27
2024-04-25 19:45:00,2024-04-25 19:46:00,2,割煤高位,False,正常,8191,27
2024-04-25 19:47:00,2024-04-25 19:47:00,1,调架中,False,正常,8192,27
2024-04-25 19:48:00,2024-04-25 19:54:00,7,割煤高位,False,正常,8193,27
2024-04-25 19:55:00,2024-04-25 20:04:00,10,割煤中位,False,正常,8194,27
2024-04-25 20:05:00,2024-04-25 20:08:00,4,割煤高位,False,正常,8195,27
2024-04-25 20:09:00,2024-04-25 20:18:00,10,割煤中位,False,正常,8196,27
2024-04-25 20:19:00,2024-04-25 20:20:00,2,割煤高位,False,正常,8197,27
2024-04-25 20:21:00,2024-04-25 20:21:00,1,割煤中位,False,正常,8198,27
2024-04-25 20:22:00,2024-04-25 20:22:00,1,调架中,False,正常,8199,27
2024-04-25 20:23:00,2024-04-25 20:25:00,3,割煤中位,False,正常,8200,27
2024-04-25 20:26:00,2024-04-25 20:27:00,2,割煤高位,False,正常,8201,27
2024-04-25 20:28:00,2024-04-25 20:28:00,1,待机-高位,False,正常,8202,27
2024-04-25 20:29:00,2024-04-25 20:44:00,16,割煤高位,False,正常,8203,27
2024-04-25 20:45:00,2024-04-25 20:49:00,5,割煤中位,False,正常,8204,27
2024-04-25 20:50:00,2024-04-25 20:57:00,8,割煤高位,False,正常,8205,27
2024-04-25 20:58:00,2024-04-25 21:02:00,5,割煤中位,False,正常,8206,27
2024-04-25 21:03:00,2024-04-25 21:03:00,1,待机,False,正常,8207,27
2024-04-25 21:04:00,2024-04-25 21:06:00,3,割煤中位,False,正常,8208,27
2024-04-25 21:07:00,2024-04-25 21:17:00,11,割煤高位,False,正常,8209,27
2024-04-25 21:18:00,2024-04-25 21:18:00,1,调架中,False,正常,8210,27
2024-04-25 21:19:00,2024-04-25 21:24:00,6,割煤高位,False,正常,8211,27
2024-04-25 21:25:00,2024-04-25 21:26:00,2,割煤中位,False,正常,8212,27
2024-04-25 21:27:00,2024-04-25 21:27:00,1,割煤高位,False,正常,8213,27
2024-04-25 21:28:00,2024-04-25 21:28:00,1,调架中,False,正常,8214,27
2024-04-25 21:29:00,2024-04-25 21:29:00,1,割煤中位,False,正常,8215,27
2024-04-25 21:30:00,2024-04-25 21:30:00,1,调架中,False,正常,8216,27
2024-04-25 21:31:00,2024-04-25 21:31:00,1,割煤高位,False,正常,8217,27
2024-04-25 21:32:00,2024-04-25 21:32:00,1,调架中,False,正常,8218,27
2024-04-25 21:33:00,2024-04-25 21:39:00,7,待机-高位,False,正常,8219,27
2024-04-25 21:40:00,2024-04-25 21:40:00,1,调架中,False,正常,8220,27
2024-04-25 21:41:00,2024-04-25 21:46:00,6,割煤高位,False,正常,8221,27
2024-04-25 21:47:00,2024-04-25 21:47:00,1,待机-高位,False,正常,8222,27
2024-04-25 21:48:00,2024-04-25 21:48:00,1,调架中,False,正常,8223,27
2024-04-25 21:49:00,2024-04-25 21:49:00,1,割煤高位,False,正常,8224,27
2024-04-25 21:50:00,2024-04-25 21:50:00,1,割煤中位,False,正常,8225,27
2024-04-25 21:51:00,2024-04-25 21:51:00,1,待机-高位,False,正常,8226,27
2024-04-25 21:52:00,2024-04-25 21:52:00,1,割煤中位,False,正常,8227,27
2024-04-25 21:53:00,2024-04-25 21:54:00,2,待机,False,正常,8228,27
2024-04-25 21:55:00,2024-04-25 21:55:00,1,割煤中位,False,正常,8229,27
2024-04-25 21:56:00,2024-04-25 21:57:00,2,调架中,False,正常,8230,27
2024-04-25 21:58:00,2024-04-25 22:03:00,6,割煤高位,False,正常,8231,27
2024-04-25 22:04:00,2024-04-25 22:05:00,2,调架中,False,正常,8232,27
2024-04-25 22:06:00,2024-04-25 22:07:00,2,割煤高位,False,正常,8233,27
2024-04-25 22:08:00,2024-04-25 22:10:00,3,割煤中位,False,正常,8234,27
2024-04-25 22:11:00,2024-04-25 22:18:00,8,割煤高位,False,正常,8235,27
2024-04-25 22:19:00,2024-04-25 22:28:00,10,割煤中位,False,正常,8236,27
2024-04-25 22:29:00,2024-04-25 22:31:00,3,割煤高位,False,正常,8237,27
2024-04-25 22:32:00,2024-04-25 22:32:00,1,待机-高位,False,正常,8238,27
2024-04-25 22:33:00,2024-04-25 22:39:00,7,割煤高位,False,正常,8239,27
2024-04-25 22:40:00,2024-04-25 22:41:00,2,割煤中位,False,正常,8240,27
2024-04-25 22:42:00,2024-04-25 22:42:00,1,待机,False,正常,8241,27
2024-04-25 22:43:00,2024-04-25 22:43:00,1,割煤中位,False,正常,8242,27
2024-04-25 22:44:00,2024-04-25 22:46:00,3,割煤高位,False,正常,8243,27
2024-04-25 22:47:00,2024-04-25 22:49:00,3,割煤中位,False,正常,8244,27
2024-04-25 22:50:00,2024-04-25 22:52:00,3,割煤高位,False,正常,8245,27
2024-04-25 22:53:00,2024-04-25 22:54:00,2,待机-高位,False,正常,8246,27
2024-04-25 22:55:00,2024-04-25 22:55:00,1,调架中,False,正常,8247,27
2024-04-25 22:56:00,2024-04-25 22:59:00,4,割煤高位,False,正常,8248,27
2024-04-25 23:00:00,2024-04-25 23:02:00,3,待机,False,正常,8249,27
2024-04-25 23:03:00,2024-04-25 23:07:00,5,割煤高位,False,正常,8250,27
2024-04-25 23:08:00,2024-04-25 23:15:00,8,割煤中位,False,正常,8251,27
2024-04-25 23:16:00,2024-04-25 23:16:00,1,调架中,False,正常,8252,27
2024-04-25 23:17:00,2024-04-25 23:19:00,3,割煤中位,False,正常,8253,27
2024-04-25 23:20:00,2024-04-25 23:21:00,2,割煤高位,False,正常,8254,27
2024-04-25 23:22:00,2024-04-25 23:22:00,1,调架中,False,正常,8255,27
2024-04-25 23:23:00,2024-04-25 23:32:00,10,待机-高位,False,正常,8256,27
2024-04-25 23:33:00,2024-04-25 23:36:00,4,割煤高位,False,正常,8257,27
2024-04-25 23:37:00,2024-04-25 23:43:00,7,割煤中位,False,正常,8258,27
2024-04-25 23:44:00,2024-04-25 23:49:00,6,割煤高位,False,正常,8259,27
2024-04-25 23:50:00,2024-04-25 23:54:00,5,待机-高位,False,正常,8260,27
2024-04-25 23:55:00,2024-04-25 23:55:00,1,割煤高位,False,正常,8261,27
2024-04-25 23:56:00,2024-04-25 23:56:00,1,调架中,False,正常,8262,27
2024-04-25 23:57:00,2024-04-26 00:02:00,6,割煤高位,False,正常,8263,27
2024-04-26 00:03:00,2024-04-26 00:03:00,1,调架中,False,正常,8264,27
2024-04-26 00:04:00,2024-04-26 00:04:00,1,割煤高位,False,正常,8265,27
2024-04-26 00:05:00,2024-04-26 00:05:00,1,调架中,False,正常,8266,27
2024-04-26 00:06:00,2024-04-26 00:07:00,2,割煤高位,False,正常,8267,27
2024-04-26 00:08:00,2024-04-26 00:08:00,1,割煤中位,False,正常,8268,27
2024-04-26 00:09:00,2024-04-26 00:09:00,1,割煤高位,False,正常,8269,27
2024-04-26 00:10:00,2024-04-26 00:11:00,2,割煤中位,False,正常,8270,27
2024-04-26 00:12:00,2024-04-26 00:13:00,2,调架中,False,正常,8271,27
2024-04-26 00:14:00,2024-04-26 00:14:00,1,割煤高位,False,正常,8272,27
2024-04-26 00:15:00,2024-04-26 00:15:00,1,调架中,False,正常,8273,27
2024-04-26 00:16:00,2024-04-26 00:16:00,1,割煤高位,False,正常,8274,27
2024-04-26 00:17:00,2024-04-26 00:17:00,1,割煤中位,False,正常,8275,27
2024-04-26 00:18:00,2024-04-26 00:31:00,14,割煤高位,False,正常,8276,27
2024-04-26 00:32:00,2024-04-26 00:32:00,1,调架中,False,正常,8277,27
2024-04-26 00:33:00,2024-04-26 00:35:00,3,割煤高位,False,正常,8278,27
2024-04-26 00:36:00,2024-04-26 00:36:00,1,调架中,False,正常,8279,27
2024-04-26 00:37:00,2024-04-26 00:39:00,3,割煤高位,False,正常,8280,27
2024-04-26 00:40:00,2024-04-26 00:42:00,3,调架中,False,正常,8281,27
2024-04-26 00:43:00,2024-04-26 00:43:00,1,割煤中位,False,正常,8282,27
2024-04-26 00:44:00,2024-04-26 00:44:00,1,待机-高位,False,正常,8283,27
2024-04-26 00:45:00,2024-04-26 00:46:00,2,割煤中位,False,正常,8284,27
2024-04-26 00:47:00,2024-04-26 00:50:00,4,割煤高位,False,正常,8285,27
2024-04-26 00:51:00,2024-04-26 00:54:00,4,割煤中位,False,正常,8286,27
2024-04-26 00:55:00,2024-04-26 00:56:00,2,割煤高位,False,正常,8287,27
2024-04-26 00:57:00,2024-04-26 00:57:00,1,调架中,False,正常,8288,27
2024-04-26 00:58:00,2024-04-26 01:10:00,13,割煤高位,False,正常,8289,27
2024-04-26 01:11:00,2024-04-26 01:12:00,2,待机-高位,False,正常,8290,27
2024-04-26 01:13:00,2024-04-26 01:13:00,1,调架中,False,正常,8291,27
2024-04-26 01:14:00,2024-04-26 01:19:00,6,割煤中位,False,正常,8292,27
2024-04-26 01:20:00,2024-04-26 01:23:00,4,割煤高位,False,正常,8293,27
2024-04-26 01:24:00,2024-04-26 01:24:00,1,割煤中位,False,正常,8294,27
2024-04-26 01:25:00,2024-04-26 01:28:00,4,待机,False,正常,8295,27
2024-04-26 01:29:00,2024-04-26 01:29:00,1,割煤高位,False,正常,8296,27
2024-04-26 01:30:00,2024-04-26 01:30:00,1,调架中,False,正常,8297,27
2024-04-26 01:31:00,2024-04-26 01:31:00,1,割煤中位,False,正常,8298,27
2024-04-26 01:32:00,2024-04-26 01:35:00,4,调架中,False,正常,8299,27
2024-04-26 01:36:00,2024-04-26 01:37:00,2,待机,False,正常,8300,27
2024-04-26 01:38:00,2024-04-26 01:38:00,1,割煤中位,False,正常,8301,27
2024-04-26 01:39:00,2024-04-26 01:42:00,4,割煤高位,False,正常,8302,27
2024-04-26 01:43:00,2024-04-26 01:43:00,1,调架中,False,正常,8303,27
2024-04-26 01:44:00,2024-04-26 01:47:00,4,割煤高位,False,正常,8304,27
2024-04-26 01:48:00,2024-04-26 01:49:00,2,割煤中位,False,正常,8305,27
2024-04-26 01:50:00,2024-04-26 01:50:00,1,割煤高位,False,正常,8306,27
2024-04-26 01:51:00,2024-04-26 01:52:00,2,割煤中位,False,正常,8307,27
2024-04-26 01:53:00,2024-04-26 01:53:00,1,割煤低位,False,正常,8308,27
2024-04-26 01:54:00,2024-04-26 01:56:00,3,割煤中位,False,正常,8309,27
2024-04-26 01:57:00,2024-04-26 01:59:00,3,割煤高位,False,正常,8310,27
2024-04-26 02:00:00,2024-04-26 02:00:00,1,割煤中位,False,正常,8311,27
2024-04-26 02:01:00,2024-04-26 02:04:00,4,割煤高位,False,正常,8312,27
2024-04-26 02:05:00,2024-04-26 02:06:00,2,割煤中位,False,正常,8313,27
2024-04-26 02:07:00,2024-04-26 02:07:00,1,调架中,False,正常,8314,27
2024-04-26 02:08:00,2024-04-26 02:08:00,1,割煤中位,False,正常,8315,27
2024-04-26 02:09:00,2024-04-26 02:09:00,1,割煤低位,False,正常,8316,27
2024-04-26 02:10:00,2024-04-26 02:12:00,3,割煤中位,False,正常,8317,27
2024-04-26 02:13:00,2024-04-26 02:18:00,6,割煤高位,False,正常,8318,27
2024-04-26 02:19:00,2024-04-26 02:22:00,4,割煤中位,False,正常,8319,27
2024-04-26 02:23:00,2024-04-26 02:25:00,3,割煤高位,False,正常,8320,27
2024-04-26 02:26:00,2024-04-26 02:30:00,5,割煤中位,False,正常,8321,27
2024-04-26 02:31:00,2024-04-26 02:32:00,2,割煤高位,False,正常,8322,27
2024-04-26 02:33:00,2024-04-26 02:33:00,1,调架中,False,正常,8323,27
2024-04-26 02:34:00,2024-04-26 02:35:00,2,割煤高位,False,正常,8324,27
2024-04-26 02:36:00,2024-04-26 02:36:00,1,调架中,False,正常,8325,27
2024-04-26 02:37:00,2024-04-26 02:40:00,4,割煤高位,False,正常,8326,27
2024-04-26 02:41:00,2024-04-26 02:41:00,1,调架中,False,正常,8327,27
2024-04-26 02:42:00,2024-04-26 02:45:00,4,割煤高位,False,正常,8328,27
2024-04-26 02:46:00,2024-04-26 02:46:00,1,调架中,False,正常,8329,27
2024-04-26 02:47:00,2024-04-26 02:54:00,8,待机-高位,False,正常,8330,27
2024-04-26 02:55:00,2024-04-26 02:56:00,2,调架中,False,正常,8331,27
2024-04-26 02:57:00,2024-04-26 02:59:00,3,割煤高位,False,正常,8332,27
2024-04-26 03:00:00,2024-04-26 03:01:00,2,调架中,False,正常,8333,27
2024-04-26 03:02:00,2024-04-26 03:02:00,1,待机-高位,False,正常,8334,27
2024-04-26 03:03:00,2024-04-26 03:09:00,7,割煤高位,False,正常,8335,27
2024-04-26 03:10:00,2024-04-26 03:12:00,3,调架中,False,正常,8336,27
2024-04-26 03:13:00,2024-04-26 03:15:00,3,割煤中位,False,正常,8337,27
2024-04-26 03:16:00,2024-04-26 03:16:00,1,割煤高位,False,正常,8338,27
2024-04-26 03:17:00,2024-04-26 03:17:00,1,调架中,False,正常,8339,27
2024-04-26 03:18:00,2024-04-26 03:19:00,2,割煤高位,False,正常,8340,27
2024-04-26 03:20:00,2024-04-26 03:20:00,1,调架中,False,正常,8341,27
2024-04-26 03:21:00,2024-04-26 03:22:00,2,割煤高位,False,正常,8342,27
2024-04-26 03:23:00,2024-04-26 03:25:00,3,待机-高位,False,正常,8343,27
2024-04-26 03:26:00,2024-04-26 03:27:00,2,割煤高位,False,正常,8344,27
2024-04-26 03:28:00,2024-04-26 03:28:00,1,调架中,False,正常,8345,27
2024-04-26 03:29:00,2024-04-26 03:32:00,4,割煤中位,False,正常,8346,27
2024-04-26 03:33:00,2024-04-26 03:33:00,1,割煤高位,False,正常,8347,27
2024-04-26 03:34:00,2024-04-26 03:34:00,1,待机-高位,False,正常,8348,27
2024-04-26 03:35:00,2024-04-26 03:35:00,1,调架中,False,正常,8349,27
2024-04-26 03:36:00,2024-04-26 03:42:00,7,割煤高位,False,正常,8350,27
2024-04-26 03:43:00,2024-04-26 03:43:00,1,调架中,False,正常,8351,27
2024-04-26 03:44:00,2024-04-26 03:47:00,4,割煤高位,False,正常,8352,27
2024-04-26 03:48:00,2024-04-26 03:48:00,1,调架中,False,正常,8353,27
2024-04-26 03:49:00,2024-04-26 03:52:00,4,割煤高位,False,正常,8354,27
2024-04-26 03:53:00,2024-04-26 03:57:00,5,割煤中位,False,正常,8355,27
2024-04-26 03:58:00,2024-04-26 04:01:00,4,待机,False,正常,8356,27
2024-04-26 04:02:00,2024-04-26 04:05:00,4,割煤中位,False,正常,8357,27
2024-04-26 04:06:00,2024-04-26 04:06:00,1,待机,False,正常,8358,27
2024-04-26 04:07:00,2024-04-26 04:07:00,1,调架中,False,正常,8359,27
2024-04-26 04:08:00,2024-04-26 04:08:00,1,割煤中位,False,正常,8360,27
2024-04-26 04:09:00,2024-04-26 04:22:00,14,割煤高位,False,正常,8361,27
2024-04-26 04:23:00,2024-04-26 04:24:00,2,割煤中位,False,正常,8362,27
2024-04-26 04:25:00,2024-04-26 04:25:00,1,割煤低位,False,正常,8363,27
2024-04-26 04:26:00,2024-04-26 04:26:00,1,割煤中位,False,正常,8364,27
2024-04-26 04:27:00,2024-04-26 04:27:00,1,割煤低位,False,正常,8365,27
2024-04-26 04:28:00,2024-04-26 04:29:00,2,割煤中位,False,正常,8366,27
2024-04-26 04:30:00,2024-04-26 04:31:00,2,割煤高位,False,正常,8367,27
2024-04-26 04:32:00,2024-04-26 04:32:00,1,割煤中位,False,正常,8368,27
2024-04-26 04:33:00,2024-04-26 04:35:00,3,割煤高位,False,正常,8369,27
2024-04-26 04:36:00,2024-04-26 04:42:00,7,割煤中位,False,正常,8370,27
2024-04-26 04:43:00,2024-04-26 04:44:00,2,割煤高位,False,正常,8371,27
2024-04-26 04:45:00,2024-04-26 04:45:00,1,调架中,False,正常,8372,27
2024-04-26 04:46:00,2024-04-26 04:49:00,4,割煤高位,False,正常,8373,27
2024-04-26 04:50:00,2024-04-26 04:50:00,1,调架中,False,正常,8374,27
2024-04-26 04:51:00,2024-04-26 04:52:00,2,割煤中位,False,正常,8375,27
2024-04-26 04:53:00,2024-04-26 04:55:00,3,割煤高位,False,正常,8376,27
2024-04-26 04:56:00,2024-04-26 05:26:00,31,待机-高位,False,正常,8377,27
2024-04-26 05:27:00,2024-04-26 05:27:00,1,调架中,False,正常,8378,27
2024-04-26 05:28:00,2024-04-26 05:42:00,15,割煤高位,False,正常,8379,27
2024-04-26 05:43:00,2024-04-26 05:43:00,1,割煤中位,False,正常,8380,27
2024-04-26 05:44:00,2024-04-26 05:44:00,1,调架中,False,正常,8381,27
2024-04-26 05:45:00,2024-04-26 05:45:00,1,待机,False,正常,8382,27
2024-04-26 05:46:00,2024-04-26 05:47:00,2,割煤高位,False,正常,8383,27
2024-04-26 05:48:00,2024-04-26 05:48:00,1,调架中,False,正常,8384,27
2024-04-26 05:49:00,2024-04-26 05:50:00,2,割煤中位,False,正常,8385,27
2024-04-26 05:51:00,2024-04-26 05:58:00,8,割煤高位,False,正常,8386,27
2024-04-26 05:59:00,2024-04-26 06:00:00,2,调架中,False,正常,8387,27
2024-04-26 06:01:00,2024-04-26 06:19:00,19,割煤中位,False,正常,8388,27
2024-04-26 06:20:00,2024-04-26 06:20:00,1,待机,False,正常,8389,27
2024-04-26 06:21:00,2024-04-26 06:22:00,2,割煤中位,False,正常,8390,27
2024-04-26 06:23:00,2024-04-26 06:23:00,1,待机,False,正常,8391,27
2024-04-26 06:24:00,2024-04-26 06:25:00,2,割煤中位,False,正常,8392,27
2024-04-26 06:26:00,2024-04-26 06:28:00,3,割煤高位,False,正常,8393,27
2024-04-26 06:29:00,2024-04-26 06:43:00,15,割煤中位,False,正常,8394,27
2024-04-26 06:44:00,2024-04-26 06:44:00,1,割煤高位,False,正常,8395,27
2024-04-26 06:45:00,2024-04-26 06:45:00,1,调架中,False,正常,8396,27
2024-04-26 06:46:00,2024-04-26 06:51:00,6,割煤中位,False,正常,8397,27
2024-04-26 06:52:00,2024-04-26 06:53:00,2,调架中,False,正常,8398,27
2024-04-26 06:54:00,2024-04-26 06:54:00,1,割煤中位,False,正常,8399,27
2024-04-26 06:55:00,2024-04-26 06:56:00,2,待机,False,正常,8400,27
2024-04-26 06:57:00,2024-04-26 06:58:00,2,割煤中位,False,正常,8401,27
2024-04-26 06:59:00,2024-04-26 10:29:00,211,待机,False,正常,8402,27
2024-04-26 10:30:00,2024-04-26 13:00:00,151,停机,False,正常,8403,27
2024-04-26 13:01:00,2024-04-26 13:11:00,11,待机,False,正常,8404,27
2024-04-26 13:12:00,2024-04-26 13:12:00,1,调架中,False,正常,8405,27
2024-04-26 13:13:00,2024-04-26 15:54:00,162,停机,True,异常持续段（>157min 阈值）,8406,28
2024-04-26 15:55:00,2024-04-26 15:55:00,1,待机,False,正常,8407,29
2024-04-26 15:56:00,2024-04-26 15:56:00,1,调架中,False,正常,8408,29
2024-04-26 15:57:00,2024-04-26 16:01:00,5,停机,False,正常,8409,29
2024-04-26 16:02:00,2024-04-26 16:02:00,1,调架中,False,正常,8410,29
2024-04-26 16:03:00,2024-04-26 16:03:00,1,停机,False,正常,8411,29
2024-04-26 16:04:00,2024-04-26 16:04:00,1,调架中,False,正常,8412,29
2024-04-26 16:05:00,2024-04-26 16:05:00,1,割煤中位,False,正常,8413,29
2024-04-26 16:06:00,2024-04-26 16:06:00,1,停机,False,正常,8414,29
2024-04-26 16:07:00,2024-04-26 16:21:00,15,待机,False,正常,8415,29
2024-04-26 16:22:00,2024-04-26 16:23:00,2,停机,False,正常,8416,29
2024-04-26 16:24:00,2024-04-26 16:25:00,2,割煤中位,False,正常,8417,29
2024-04-26 16:26:00,2024-04-26 16:27:00,2,停机,False,正常,8418,29
2024-04-26 16:28:00,2024-04-26 16:35:00,8,待机,False,正常,8419,29
2024-04-26 16:36:00,2024-04-26 16:36:00,1,调架中,False,正常,8420,29
2024-04-26 16:37:00,2024-04-26 16:37:00,1,割煤中位,False,正常,8421,29
2024-04-26 16:38:00,2024-04-26 16:39:00,2,割煤高位,False,正常,8422,29
2024-04-26 16:40:00,2024-04-26 16:44:00,5,割煤中位,False,正常,8423,29
2024-04-26 16:45:00,2024-04-26 16:54:00,10,割煤高位,False,正常,8424,29
2024-04-26 16:55:00,2024-04-26 16:55:00,1,调架中,False,正常,8425,29
2024-04-26 16:56:00,2024-04-26 17:03:00,8,割煤高位,False,正常,8426,29
2024-04-26 17:04:00,2024-04-26 17:04:00,1,调架中,False,正常,8427,29
2024-04-26 17:05:00,2024-04-26 17:06:00,2,割煤高位,False,正常,8428,29
2024-04-26 17:07:00,2024-04-26 17:08:00,2,待机-高位,False,正常,8429,29
2024-04-26 17:09:00,2024-04-26 17:10:00,2,调架中,False,正常,8430,29
2024-04-26 17:11:00,2024-04-26 17:11:00,1,割煤高位,False,正常,8431,29
2024-04-26 17:12:00,2024-04-26 17:12:00,1,割煤中位,False,正常,8432,29
2024-04-26 17:13:00,2024-04-26 17:15:00,3,待机,False,正常,8433,29
2024-04-26 17:16:00,2024-04-26 17:16:00,1,调架中,False,正常,8434,29
2024-04-26 17:17:00,2024-04-26 17:19:00,3,待机-高位,False,正常,8435,29
2024-04-26 17:20:00,2024-04-26 17:20:00,1,调架中,False,正常,8436,29
2024-04-26 17:21:00,2024-04-26 17:24:00,4,待机-高位,False,正常,8437,29
2024-04-26 17:25:00,2024-04-26 17:26:00,2,割煤高位,False,正常,8438,29
2024-04-26 17:27:00,2024-04-26 17:27:00,1,调架中,False,正常,8439,29
2024-04-26 17:28:00,2024-04-26 17:28:00,1,割煤高位,False,正常,8440,29
2024-04-26 17:29:00,2024-04-26 17:29:00,1,调架中,False,正常,8441,29
2024-04-26 17:30:00,2024-04-26 17:30:00,1,割煤高位,False,正常,8442,29
2024-04-26 17:31:00,2024-04-26 17:32:00,2,调架中,False,正常,8443,29
2024-04-26 17:33:00,2024-04-26 17:38:00,6,割煤高位,False,正常,8444,29
2024-04-26 17:39:00,2024-04-26 17:40:00,2,调架中,False,正常,8445,29
2024-04-26 17:41:00,2024-04-26 17:44:00,4,割煤中位,False,正常,8446,29
2024-04-26 17:45:00,2024-04-26 17:49:00,5,调架中,False,正常,8447,29
2024-04-26 17:50:00,2024-04-26 17:52:00,3,待机,False,正常,8448,29
2024-04-26 17:53:00,2024-04-26 17:53:00,1,割煤中位,False,正常,8449,29
2024-04-26 17:54:00,2024-04-26 17:59:00,6,割煤高位,False,正常,8450,29
2024-04-26 18:00:00,2024-04-26 18:00:00,1,调架中,False,正常,8451,29
2024-04-26 18:01:00,2024-04-26 18:09:00,9,待机-高位,False,正常,8452,29
2024-04-26 18:10:00,2024-04-26 18:11:00,2,割煤高位,False,正常,8453,29
2024-04-26 18:12:00,2024-04-26 18:12:00,1,调架中,False,正常,8454,29
2024-04-26 18:13:00,2024-04-26 18:14:00,2,割煤中位,False,正常,8455,29
2024-04-26 18:15:00,2024-04-26 18:16:00,2,割煤高位,False,正常,8456,29
2024-04-26 18:17:00,2024-04-26 18:17:00,1,调架中,False,正常,8457,29
2024-04-26 18:18:00,2024-04-26 18:21:00,4,割煤高位,False,正常,8458,29
2024-04-26 18:22:00,2024-04-26 18:22:00,1,调架中,False,正常,8459,29
2024-04-26 18:23:00,2024-04-26 18:27:00,5,割煤中位,False,正常,8460,29
2024-04-26 18:28:00,2024-04-26 18:30:00,3,割煤高位,False,正常,8461,29
2024-04-26 18:31:00,2024-04-26 18:39:00,9,割煤中位,False,正常,8462,29
2024-04-26 18:40:00,2024-04-26 18:40:00,1,调架中,False,正常,8463,29
2024-04-26 18:41:00,2024-04-26 18:50:00,10,割煤中位,False,正常,8464,29
2024-04-26 18:51:00,2024-04-26 18:51:00,1,调架中,False,正常,8465,29
2024-04-26 18:52:00,2024-04-26 18:52:00,1,割煤高位,False,正常,8466,29
2024-04-26 18:53:00,2024-04-26 18:53:00,1,割煤中位,False,正常,8467,29
2024-04-26 18:54:00,2024-04-26 18:54:00,1,调架中,False,正常,8468,29
2024-04-26 18:55:00,2024-04-26 18:57:00,3,割煤高位,False,正常,8469,29
2024-04-26 18:58:00,2024-04-26 18:58:00,1,调架中,False,正常,8470,29
2024-04-26 18:59:00,2024-04-26 19:03:00,5,割煤高位,False,正常,8471,29
2024-04-26 19:04:00,2024-04-26 19:04:00,1,调架中,False,正常,8472,29
2024-04-26 19:05:00,2024-04-26 19:06:00,2,割煤高位,False,正常,8473,29
2024-04-26 19:07:00,2024-04-26 19:07:00,1,调架中,False,正常,8474,29
2024-04-26 19:08:00,2024-04-26 19:13:00,6,割煤高位,False,正常,8475,29
2024-04-26 19:14:00,2024-04-26 19:14:00,1,割煤中位,False,正常,8476,29
2024-04-26 19:15:00,2024-04-26 19:16:00,2,割煤高位,False,正常,8477,29
2024-04-26 19:17:00,2024-04-26 19:17:00,1,调架中,False,正常,8478,29
2024-04-26 19:18:00,2024-04-26 19:31:00,14,待机-高位,False,正常,8479,29
2024-04-26 19:32:00,2024-04-26 19:33:00,2,割煤高位,False,正常,8480,29
2024-04-26 19:34:00,2024-04-26 19:35:00,2,割煤中位,False,正常,8481,29
2024-04-26 19:36:00,2024-04-26 19:36:00,1,调架中,False,正常,8482,29
2024-04-26 19:37:00,2024-04-26 19:37:00,1,割煤中位,False,正常,8483,29
2024-04-26 19:38:00,2024-04-26 19:45:00,8,割煤高位,False,正常,8484,29
2024-04-26 19:46:00,2024-04-26 19:51:00,6,割煤中位,False,正常,8485,29
2024-04-26 19:52:00,2024-04-26 20:01:00,10,割煤高位,False,正常,8486,29
2024-04-26 20:02:00,2024-04-26 20:02:00,1,调架中,False,正常,8487,29
2024-04-26 20:03:00,2024-04-26 20:04:00,2,待机-高位,False,正常,8488,29
2024-04-26 20:05:00,2024-04-26 20:05:00,1,调架中,False,正常,8489,29
2024-04-26 20:06:00,2024-04-26 20:07:00,2,割煤高位,False,正常,8490,29
2024-04-26 20:08:00,2024-04-26 20:16:00,9,割煤中位,False,正常,8491,29
2024-04-26 20:17:00,2024-04-26 20:17:00,1,割煤高位,False,正常,8492,29
2024-04-26 20:18:00,2024-04-26 20:19:00,2,待机-高位,False,正常,8493,29
2024-04-26 20:20:00,2024-04-26 20:35:00,16,割煤高位,False,正常,8494,29
2024-04-26 20:36:00,2024-04-26 20:36:00,1,割煤中位,False,正常,8495,29
2024-04-26 20:37:00,2024-04-26 20:40:00,4,割煤高位,False,正常,8496,29
2024-04-26 20:41:00,2024-04-26 20:42:00,2,调架中,False,正常,8497,29
2024-04-26 20:43:00,2024-04-26 20:43:00,1,割煤中位,False,正常,8498,29
2024-04-26 20:44:00,2024-04-26 20:48:00,5,割煤高位,False,正常,8499,29
2024-04-26 20:49:00,2024-04-26 20:49:00,1,调架中,False,正常,8500,29
2024-04-26 20:50:00,2024-04-26 20:52:00,3,割煤高位,False,正常,8501,29
2024-04-26 20:53:00,2024-04-26 20:56:00,4,割煤中位,False,正常,8502,29
2024-04-26 20:57:00,2024-04-26 20:58:00,2,割煤高位,False,正常,8503,29
2024-04-26 20:59:00,2024-04-26 20:59:00,1,调架中,False,正常,8504,29
2024-04-26 21:00:00,2024-04-26 21:00:00,1,待机-高位,False,正常,8505,29
2024-04-26 21:01:00,2024-04-26 21:01:00,1,调架中,False,正常,8506,29
2024-04-26 21:02:00,2024-04-26 21:04:00,3,割煤高位,False,正常,8507,29
2024-04-26 21:05:00,2024-04-26 21:08:00,4,割煤中位,False,正常,8508,29
2024-04-26 21:09:00,2024-04-26 21:16:00,8,割煤高位,False,正常,8509,29
2024-04-26 21:17:00,2024-04-26 21:18:00,2,割煤中位,False,正常,8510,29
2024-04-26 21:19:00,2024-04-26 21:19:00,1,调架中,False,正常,8511,29
2024-04-26 21:20:00,2024-04-26 21:27:00,8,割煤中位,False,正常,8512,29
2024-04-26 21:28:00,2024-04-26 21:29:00,2,割煤高位,False,正常,8513,29
2024-04-26 21:30:00,2024-04-26 21:31:00,2,割煤中位,False,正常,8514,29
2024-04-26 21:32:00,2024-04-26 21:33:00,2,割煤高位,False,正常,8515,29
2024-04-26 21:34:00,2024-04-26 21:35:00,2,待机-高位,False,正常,8516,29
2024-04-26 21:36:00,2024-04-26 21:37:00,2,割煤高位,False,正常,8517,29
2024-04-26 21:38:00,2024-04-26 21:40:00,3,割煤中位,False,正常,8518,29
2024-04-26 21:41:00,2024-04-26 21:42:00,2,割煤高位,False,正常,8519,29
2024-04-26 21:43:00,2024-04-26 21:44:00,2,割煤中位,False,正常,8520,29
2024-04-26 21:45:00,2024-04-26 21:46:00,2,割煤高位,False,正常,8521,29
2024-04-26 21:47:00,2024-04-26 21:50:00,4,割煤中位,False,正常,8522,29
2024-04-26 21:51:00,2024-04-26 21:52:00,2,割煤高位,False,正常,8523,29
2024-04-26 21:53:00,2024-04-26 21:53:00,1,调架中,False,正常,8524,29
2024-04-26 21:54:00,2024-04-26 21:56:00,3,割煤高位,False,正常,8525,29
2024-04-26 21:57:00,2024-04-26 22:02:00,6,割煤中位,False,正常,8526,29
2024-04-26 22:03:00,2024-04-26 22:04:00,2,割煤高位,False,正常,8527,29
2024-04-26 22:05:00,2024-04-26 22:05:00,1,调架中,False,正常,8528,29
2024-04-26 22:06:00,2024-04-26 22:10:00,5,割煤高位,False,正常,8529,29
2024-04-26 22:11:00,2024-04-26 22:11:00,1,调架中,False,正常,8530,29
2024-04-26 22:12:00,2024-04-26 22:13:00,2,割煤高位,False,正常,8531,29
2024-04-26 22:14:00,2024-04-26 22:16:00,3,调架中,False,正常,8532,29
2024-04-26 22:17:00,2024-04-26 22:18:00,2,割煤高位,False,正常,8533,29
2024-04-26 22:19:00,2024-04-26 22:19:00,1,调架中,False,正常,8534,29
2024-04-26 22:20:00,2024-04-26 22:23:00,4,割煤高位,False,正常,8535,29
2024-04-26 22:24:00,2024-04-26 22:31:00,8,割煤中位,False,正常,8536,29
2024-04-26 22:32:00,2024-04-26 22:32:00,1,调架中,False,正常,8537,29
2024-04-26 22:33:00,2024-04-26 22:45:00,13,割煤高位,False,正常,8538,29
2024-04-26 22:46:00,2024-04-26 22:46:00,1,割煤中位,False,正常,8539,29
2024-04-26 22:47:00,2024-04-26 22:48:00,2,割煤高位,False,正常,8540,29
2024-04-26 22:49:00,2024-04-26 22:54:00,6,割煤中位,False,正常,8541,29
2024-04-26 22:55:00,2024-04-26 22:55:00,1,割煤高位,False,正常,8542,29
2024-04-26 22:56:00,2024-04-26 22:58:00,3,割煤中位,False,正常,8543,29
2024-04-26 22:59:00,2024-04-26 23:03:00,5,割煤高位,False,正常,8544,29
2024-04-26 23:04:00,2024-04-26 23:04:00,1,调架中,False,正常,8545,29
2024-04-26 23:05:00,2024-04-26 23:06:00,2,割煤高位,False,正常,8546,29
2024-04-26 23:07:00,2024-04-26 23:10:00,4,割煤中位,False,正常,8547,29
2024-04-26 23:11:00,2024-04-26 23:12:00,2,割煤高位,False,正常,8548,29
2024-04-26 23:13:00,2024-04-26 23:13:00,1,割煤中位,False,正常,8549,29
2024-04-26 23:14:00,2024-04-26 23:15:00,2,割煤高位,False,正常,8550,29
2024-04-26 23:16:00,2024-04-26 23:18:00,3,割煤中位,False,正常,8551,29
2024-04-26 23:19:00,2024-04-26 23:20:00,2,待机-高位,False,正常,8552,29
2024-04-26 23:21:00,2024-04-26 23:21:00,1,割煤高位,False,正常,8553,29
2024-04-26 23:22:00,2024-04-26 23:22:00,1,待机-高位,False,正常,8554,29
2024-04-26 23:23:00,2024-04-26 23:23:00,1,割煤高位,False,正常,8555,29
2024-04-26 23:24:00,2024-04-26 23:25:00,2,待机,False,正常,8556,29
2024-04-26 23:26:00,2024-04-26 23:26:00,1,割煤高位,False,正常,8557,29
2024-04-26 23:27:00,2024-04-26 23:29:00,3,待机-高位,False,正常,8558,29
2024-04-26 23:30:00,2024-04-26 23:32:00,3,割煤高位,False,正常,8559,29
2024-04-26 23:33:00,2024-04-26 23:33:00,1,割煤中位,False,正常,8560,29
2024-04-26 23:34:00,2024-04-26 23:34:00,1,待机,False,正常,8561,29
2024-04-26 23:35:00,2024-04-26 23:42:00,8,割煤中位,False,正常,8562,29
2024-04-26 23:43:00,2024-04-26 23:43:00,1,割煤高位,False,正常,8563,29
2024-04-26 23:44:00,2024-04-26 23:45:00,2,割煤中位,False,正常,8564,29
2024-04-26 23:46:00,2024-04-26 23:47:00,2,待机-高位,False,正常,8565,29
2024-04-26 23:48:00,2024-04-26 23:48:00,1,调架中,False,正常,8566,29
2024-04-26 23:49:00,2024-04-26 23:51:00,3,待机-高位,False,正常,8567,29
2024-04-26 23:52:00,2024-04-26 23:52:00,1,割煤中位,False,正常,8568,29
2024-04-26 23:53:00,2024-04-26 23:59:00,7,割煤高位,False,正常,8569,29
2024-04-27 00:00:00,2024-04-27 00:00:00,1,调架中,False,正常,8570,29
2024-04-27 00:01:00,2024-04-27 00:03:00,3,割煤高位,False,正常,8571,29
2024-04-27 00:04:00,2024-04-27 00:05:00,2,割煤中位,False,正常,8572,29
2024-04-27 00:06:00,2024-04-27 00:07:00,2,割煤高位,False,正常,8573,29
2024-04-27 00:08:00,2024-04-27 00:10:00,3,割煤中位,False,正常,8574,29
2024-04-27 00:11:00,2024-04-27 00:11:00,1,调架中,False,正常,8575,29
2024-04-27 00:12:00,2024-04-27 00:12:00,1,割煤中位,False,正常,8576,29
2024-04-27 00:13:00,2024-04-27 00:13:00,1,调架中,False,正常,8577,29
2024-04-27 00:14:00,2024-04-27 00:14:00,1,割煤中位,False,正常,8578,29
2024-04-27 00:15:00,2024-04-27 00:16:00,2,割煤高位,False,正常,8579,29
2024-04-27 00:17:00,2024-04-27 00:18:00,2,调架中,False,正常,8580,29
2024-04-27 00:19:00,2024-04-27 00:21:00,3,割煤高位,False,正常,8581,29
2024-04-27 00:22:00,2024-04-27 00:22:00,1,调架中,False,正常,8582,29
2024-04-27 00:23:00,2024-04-27 00:24:00,2,割煤中位,False,正常,8583,29
2024-04-27 00:25:00,2024-04-27 00:29:00,5,割煤高位,False,正常,8584,29
2024-04-27 00:30:00,2024-04-27 00:30:00,1,调架中,False,正常,8585,29
2024-04-27 00:31:00,2024-04-27 00:31:00,1,割煤高位,False,正常,8586,29
2024-04-27 00:32:00,2024-04-27 00:32:00,1,调架中,False,正常,8587,29
2024-04-27 00:33:00,2024-04-27 00:34:00,2,割煤高位,False,正常,8588,29
2024-04-27 00:35:00,2024-04-27 00:35:00,1,调架中,False,正常,8589,29
2024-04-27 00:36:00,2024-04-27 00:37:00,2,割煤中位,False,正常,8590,29
2024-04-27 00:38:00,2024-04-27 00:38:00,1,割煤高位,False,正常,8591,29
2024-04-27 00:39:00,2024-04-27 00:39:00,1,调架中,False,正常,8592,29
2024-04-27 00:40:00,2024-04-27 00:40:00,1,待机-高位,False,正常,8593,29
2024-04-27 00:41:00,2024-04-27 00:42:00,2,割煤高位,False,正常,8594,29
2024-04-27 00:43:00,2024-04-27 00:47:00,5,割煤中位,False,正常,8595,29
2024-04-27 00:48:00,2024-04-27 00:48:00,1,割煤高位,False,正常,8596,29
2024-04-27 00:49:00,2024-04-27 00:49:00,1,割煤中位,False,正常,8597,29
2024-04-27 00:50:00,2024-04-27 00:51:00,2,待机-高位,False,正常,8598,29
2024-04-27 00:52:00,2024-04-27 00:53:00,2,割煤中位,False,正常,8599,29
2024-04-27 00:54:00,2024-04-27 00:54:00,1,调架中,False,正常,8600,29
2024-04-27 00:55:00,2024-04-27 00:55:00,1,割煤高位,False,正常,8601,29
2024-04-27 00:56:00,2024-04-27 00:56:00,1,待机-高位,False,正常,8602,29
2024-04-27 00:57:00,2024-04-27 01:04:00,8,割煤高位,False,正常,8603,29
2024-04-27 01:05:00,2024-04-27 01:05:00,1,调架中,False,正常,8604,29
2024-04-27 01:06:00,2024-04-27 01:07:00,2,割煤中位,False,正常,8605,29
2024-04-27 01:08:00,2024-04-27 01:13:00,6,割煤高位,False,正常,8606,29
2024-04-27 01:14:00,2024-04-27 01:14:00,1,调架中,False,正常,8607,29
2024-04-27 01:15:00,2024-04-27 01:17:00,3,割煤高位,False,正常,8608,29
2024-04-27 01:18:00,2024-04-27 01:18:00,1,调架中,False,正常,8609,29
2024-04-27 01:19:00,2024-04-27 01:20:00,2,割煤中位,False,正常,8610,29
2024-04-27 01:21:00,2024-04-27 01:22:00,2,割煤高位,False,正常,8611,29
2024-04-27 01:23:00,2024-04-27 01:23:00,1,割煤中位,False,正常,8612,29
2024-04-27 01:24:00,2024-04-27 01:28:00,5,割煤高位,False,正常,8613,29
2024-04-27 01:29:00,2024-04-27 01:32:00,4,割煤中位,False,正常,8614,29
2024-04-27 01:33:00,2024-04-27 01:34:00,2,割煤高位,False,正常,8615,29
2024-04-27 01:35:00,2024-04-27 01:35:00,1,割煤中位,False,正常,8616,29
2024-04-27 01:36:00,2024-04-27 01:38:00,3,割煤高位,False,正常,8617,29
2024-04-27 01:39:00,2024-04-27 01:39:00,1,调架中,False,正常,8618,29
2024-04-27 01:40:00,2024-04-27 01:42:00,3,割煤高位,False,正常,8619,29
2024-04-27 01:43:00,2024-04-27 01:43:00,1,调架中,False,正常,8620,29
2024-04-27 01:44:00,2024-04-27 01:45:00,2,割煤高位,False,正常,8621,29
2024-04-27 01:46:00,2024-04-27 01:46:00,1,调架中,False,正常,8622,29
2024-04-27 01:47:00,2024-04-27 01:47:00,1,割煤高位,False,正常,8623,29
2024-04-27 01:48:00,2024-04-27 01:50:00,3,割煤中位,False,正常,8624,29
2024-04-27 01:51:00,2024-04-27 01:51:00,1,调架中,False,正常,8625,29
2024-04-27 01:52:00,2024-04-27 01:52:00,1,割煤中位,False,正常,8626,29
2024-04-27 01:53:00,2024-04-27 01:53:00,1,调架中,False,正常,8627,29
2024-04-27 01:54:00,2024-04-27 01:54:00,1,割煤中位,False,正常,8628,29
2024-04-27 01:55:00,2024-04-27 01:55:00,1,调架中,False,正常,8629,29
2024-04-27 01:56:00,2024-04-27 01:57:00,2,割煤中位,False,正常,8630,29
2024-04-27 01:58:00,2024-04-27 01:58:00,1,调架中,False,正常,8631,29
2024-04-27 01:59:00,2024-04-27 02:04:00,6,割煤中位,False,正常,8632,29
2024-04-27 02:05:00,2024-04-27 02:09:00,5,割煤高位,False,正常,8633,29
2024-04-27 02:10:00,2024-04-27 02:10:00,1,割煤中位,False,正常,8634,29
2024-04-27 02:11:00,2024-04-27 02:11:00,1,调架中,False,正常,8635,29
2024-04-27 02:12:00,2024-04-27 02:14:00,3,割煤高位,False,正常,8636,29
2024-04-27 02:15:00,2024-04-27 02:15:00,1,调架中,False,正常,8637,29
2024-04-27 02:16:00,2024-04-27 02:18:00,3,割煤中位,False,正常,8638,29
2024-04-27 02:19:00,2024-04-27 02:25:00,7,割煤高位,False,正常,8639,29
2024-04-27 02:26:00,2024-04-27 02:31:00,6,割煤中位,False,正常,8640,29
2024-04-27 02:32:00,2024-04-27 02:39:00,8,割煤高位,False,正常,8641,29
2024-04-27 02:40:00,2024-04-27 02:41:00,2,割煤中位,False,正常,8642,29
2024-04-27 02:42:00,2024-04-27 02:42:00,1,调架中,False,正常,8643,29
2024-04-27 02:43:00,2024-04-27 02:44:00,2,割煤高位,False,正常,8644,29
2024-04-27 02:45:00,2024-04-27 02:45:00,1,调架中,False,正常,8645,29
2024-04-27 02:46:00,2024-04-27 02:49:00,4,割煤中位,False,正常,8646,29
2024-04-27 02:50:00,2024-04-27 02:50:00,1,调架中,False,正常,8647,29
2024-04-27 02:51:00,2024-04-27 02:51:00,1,待机,False,正常,8648,29
2024-04-27 02:52:00,2024-04-27 02:53:00,2,调架中,False,正常,8649,29
2024-04-27 02:54:00,2024-04-27 02:54:00,1,割煤中位,False,正常,8650,29
2024-04-27 02:55:00,2024-04-27 02:58:00,4,割煤高位,False,正常,8651,29
2024-04-27 02:59:00,2024-04-27 02:59:00,1,割煤中位,False,正常,8652,29
2024-04-27 03:00:00,2024-04-27 03:03:00,4,割煤高位,False,正常,8653,29
2024-04-27 03:04:00,2024-04-27 03:04:00,1,割煤中位,False,正常,8654,29
2024-04-27 03:05:00,2024-04-27 03:12:00,8,割煤高位,False,正常,8655,29
2024-04-27 03:13:00,2024-04-27 03:14:00,2,调架中,False,正常,8656,29
2024-04-27 03:15:00,2024-04-27 03:15:00,1,割煤中位,False,正常,8657,29
2024-04-27 03:16:00,2024-04-27 03:23:00,8,割煤高位,False,正常,8658,29
2024-04-27 03:24:00,2024-04-27 03:28:00,5,割煤中位,False,正常,8659,29
2024-04-27 03:29:00,2024-04-27 03:38:00,10,割煤高位,False,正常,8660,29
2024-04-27 03:39:00,2024-04-27 03:44:00,6,割煤中位,False,正常,8661,29
2024-04-27 03:45:00,2024-04-27 03:45:00,1,调架中,False,正常,8662,29
2024-04-27 03:46:00,2024-04-27 03:48:00,3,割煤中位,False,正常,8663,29
2024-04-27 03:49:00,2024-04-27 03:49:00,1,割煤高位,False,正常,8664,29
2024-04-27 03:50:00,2024-04-27 03:53:00,4,割煤中位,False,正常,8665,29
2024-04-27 03:54:00,2024-04-27 04:05:00,12,割煤高位,False,正常,8666,29
2024-04-27 04:06:00,2024-04-27 04:06:00,1,调架中,False,正常,8667,29
2024-04-27 04:07:00,2024-04-27 04:10:00,4,割煤中位,False,正常,8668,29
2024-04-27 04:11:00,2024-04-27 04:13:00,3,割煤高位,False,正常,8669,29
2024-04-27 04:14:00,2024-04-27 04:15:00,2,割煤中位,False,正常,8670,29
2024-04-27 04:16:00,2024-04-27 04:17:00,2,割煤高位,False,正常,8671,29
2024-04-27 04:18:00,2024-04-27 04:23:00,6,割煤中位,False,正常,8672,29
2024-04-27 04:24:00,2024-04-27 04:24:00,1,调架中,False,正常,8673,29
2024-04-27 04:25:00,2024-04-27 04:33:00,9,割煤高位,False,正常,8674,29
2024-04-27 04:34:00,2024-04-27 04:34:00,1,割煤中位,False,正常,8675,29
2024-04-27 04:35:00,2024-04-27 04:39:00,5,割煤高位,False,正常,8676,29
2024-04-27 04:40:00,2024-04-27 04:44:00,5,割煤中位,False,正常,8677,29
2024-04-27 04:45:00,2024-04-27 04:45:00,1,调架中,False,正常,8678,29
2024-04-27 04:46:00,2024-04-27 04:54:00,9,割煤高位,False,正常,8679,29
2024-04-27 04:55:00,2024-04-27 04:55:00,1,调架中,False,正常,8680,29
2024-04-27 04:56:00,2024-04-27 04:56:00,1,割煤高位,False,正常,8681,29
2024-04-27 04:57:00,2024-04-27 05:00:00,4,调架中,False,正常,8682,29
2024-04-27 05:01:00,2024-04-27 05:03:00,3,割煤高位,False,正常,8683,29
2024-04-27 05:04:00,2024-04-27 05:04:00,1,调架中,False,正常,8684,29
2024-04-27 05:05:00,2024-04-27 05:09:00,5,割煤高位,False,正常,8685,29
2024-04-27 05:10:00,2024-04-27 05:10:00,1,调架中,False,正常,8686,29
2024-04-27 05:11:00,2024-04-27 05:12:00,2,割煤中位,False,正常,8687,29
2024-04-27 05:13:00,2024-04-27 05:14:00,2,割煤高位,False,正常,8688,29
2024-04-27 05:15:00,2024-04-27 05:15:00,1,调架中,False,正常,8689,29
2024-04-27 05:16:00,2024-04-27 05:16:00,1,割煤中位,False,正常,8690,29
2024-04-27 05:17:00,2024-04-27 05:19:00,3,割煤高位,False,正常,8691,29
2024-04-27 05:20:00,2024-04-27 05:20:00,1,调架中,False,正常,8692,29
2024-04-27 05:21:00,2024-04-27 05:23:00,3,割煤中位,False,正常,8693,29
2024-04-27 05:24:00,2024-04-27 05:39:00,16,割煤高位,False,正常,8694,29
2024-04-27 05:40:00,2024-04-27 05:41:00,2,待机-高位,False,正常,8695,29
2024-04-27 05:42:00,2024-04-27 05:42:00,1,调架中,False,正常,8696,29
2024-04-27 05:43:00,2024-04-27 05:47:00,5,割煤中位,False,正常,8697,29
2024-04-27 05:48:00,2024-04-27 05:48:00,1,调架中,False,正常,8698,29
2024-04-27 05:49:00,2024-04-27 05:49:00,1,割煤中位,False,正常,8699,29
2024-04-27 05:50:00,2024-04-27 05:50:00,1,待机-高位,False,正常,8700,29
2024-04-27 05:51:00,2024-04-27 05:51:00,1,调架中,False,正常,8701,29
2024-04-27 05:52:00,2024-04-27 05:52:00,1,割煤中位,False,正常,8702,29
2024-04-27 05:53:00,2024-04-27 06:33:00,41,待机,False,正常,8703,29
2024-04-27 06:34:00,2024-04-27 06:35:00,2,调架中,False,正常,8704,29
2024-04-27 06:36:00,2024-04-27 06:39:00,4,割煤中位,False,正常,8705,29
2024-04-27 06:40:00,2024-04-27 06:40:00,1,割煤高位,False,正常,8706,29
2024-04-27 06:41:00,2024-04-27 06:41:00,1,割煤中位,False,正常,8707,29
2024-04-27 06:42:00,2024-04-27 06:43:00,2,调架中,False,正常,8708,29
2024-04-27 06:44:00,2024-04-27 06:44:00,1,割煤中位,False,正常,8709,29
2024-04-27 06:45:00,2024-04-27 06:45:00,1,调架中,False,正常,8710,29
2024-04-27 06:46:00,2024-04-27 06:50:00,5,待机,False,正常,8711,29
2024-04-27 06:51:00,2024-04-27 06:52:00,2,割煤中位,False,正常,8712,29
2024-04-27 06:53:00,2024-04-27 06:56:00,4,割煤高位,False,正常,8713,29
2024-04-27 06:57:00,2024-04-27 06:57:00,1,调架中,False,正常,8714,29
2024-04-27 06:58:00,2024-04-27 06:59:00,2,待机-高位,False,正常,8715,29
2024-04-27 07:00:00,2024-04-27 07:01:00,2,割煤高位,False,正常,8716,29
2024-04-27 07:02:00,2024-04-27 07:02:00,1,调架中,False,正常,8717,29
2024-04-27 07:03:00,2024-04-27 07:07:00,5,割煤高位,False,正常,8718,29
2024-04-27 07:08:00,2024-04-27 07:08:00,1,调架中,False,正常,8719,29
2024-04-27 07:09:00,2024-04-27 07:11:00,3,割煤高位,False,正常,8720,29
2024-04-27 07:12:00,2024-04-27 07:12:00,1,调架中,False,正常,8721,29
2024-04-27 07:13:00,2024-04-27 07:14:00,2,割煤中位,False,正常,8722,29
2024-04-27 07:15:00,2024-04-27 07:15:00,1,调架中,False,正常,8723,29
2024-04-27 07:16:00,2024-04-27 07:16:00,1,割煤中位,False,正常,8724,29
2024-04-27 07:17:00,2024-04-27 07:18:00,2,割煤高位,False,正常,8725,29
2024-04-27 07:19:00,2024-04-27 07:20:00,2,割煤中位,False,正常,8726,29
2024-04-27 07:21:00,2024-04-27 07:22:00,2,割煤高位,False,正常,8727,29
2024-04-27 07:23:00,2024-04-27 07:26:00,4,割煤中位,False,正常,8728,29
2024-04-27 07:27:00,2024-04-27 07:30:00,4,待机,False,正常,8729,29
2024-04-27 07:31:00,2024-04-27 07:31:00,1,割煤中位,False,正常,8730,29
2024-04-27 07:32:00,2024-04-27 07:32:00,1,调架中,False,正常,8731,29
2024-04-27 07:33:00,2024-04-27 07:33:00,1,割煤中位,False,正常,8732,29
2024-04-27 07:34:00,2024-04-27 07:37:00,4,割煤高位,False,正常,8733,29
2024-04-27 07:38:00,2024-04-27 07:39:00,2,待机-高位,False,正常,8734,29
2024-04-27 07:40:00,2024-04-27 07:42:00,3,割煤高位,False,正常,8735,29
2024-04-27 07:43:00,2024-04-27 07:43:00,1,调架中,False,正常,8736,29
2024-04-27 07:44:00,2024-04-27 07:48:00,5,割煤高位,False,正常,8737,29
2024-04-27 07:49:00,2024-04-27 07:49:00,1,割煤中位,False,正常,8738,29
2024-04-27 07:50:00,2024-04-27 07:50:00,1,调架中,False,正常,8739,29
2024-04-27 07:51:00,2024-04-27 07:51:00,1,割煤中位,False,正常,8740,29
2024-04-27 07:52:00,2024-04-27 07:55:00,4,割煤高位,False,正常,8741,29
2024-04-27 07:56:00,2024-04-27 07:58:00,3,割煤中位,False,正常,8742,29
2024-04-27 07:59:00,2024-04-27 08:03:00,5,割煤高位,False,正常,8743,29
2024-04-27 08:04:00,2024-04-27 08:05:00,2,调架中,False,正常,8744,29
2024-04-27 08:06:00,2024-04-27 08:14:00,9,割煤高位,False,正常,8745,29
2024-04-27 08:15:00,2024-04-27 08:15:00,1,调架中,False,正常,8746,29
2024-04-27 08:16:00,2024-04-27 08:17:00,2,割煤高位,False,正常,8747,29
2024-04-27 08:18:00,2024-04-27 08:46:00,29,待机-高位,False,正常,8748,29
2024-04-27 08:47:00,2024-04-27 08:50:00,4,割煤高位,False,正常,8749,29
2024-04-27 08:51:00,2024-04-27 08:53:00,3,调架中,False,正常,8750,29
2024-04-27 08:54:00,2024-04-27 08:58:00,5,割煤高位,False,正常,8751,29
2024-04-27 08:59:00,2024-04-27 09:02:00,4,割煤中位,False,正常,8752,29
2024-04-27 09:03:00,2024-04-27 09:04:00,2,割煤高位,False,正常,8753,29
2024-04-27 09:05:00,2024-04-27 09:05:00,1,割煤中位,False,正常,8754,29
2024-04-27 09:06:00,2024-04-27 09:11:00,6,割煤高位,False,正常,8755,29
2024-04-27 09:12:00,2024-04-27 09:15:00,4,割煤中位,False,正常,8756,29
2024-04-27 09:16:00,2024-04-27 09:21:00,6,割煤高位,False,正常,8757,29
2024-04-27 09:22:00,2024-04-27 09:29:00,8,调架中,False,正常,8758,29
2024-04-27 09:30:00,2024-04-27 09:30:00,1,待机-高位,False,正常,8759,29
2024-04-27 09:31:00,2024-04-27 09:31:00,1,调架中,False,正常,8760,29
2024-04-27 09:32:00,2024-04-27 09:32:00,1,割煤高位,False,正常,8761,29
2024-04-27 09:33:00,2024-04-27 09:33:00,1,调架中,False,正常,8762,29
2024-04-27 09:34:00,2024-04-27 09:40:00,7,割煤高位,False,正常,8763,29
2024-04-27 09:41:00,2024-04-27 09:42:00,2,调架中,False,正常,8764,29
2024-04-27 09:43:00,2024-04-27 09:48:00,6,割煤中位,False,正常,8765,29
2024-04-27 09:49:00,2024-04-27 09:49:00,1,调架中,False,正常,8766,29
2024-04-27 09:50:00,2024-04-27 09:57:00,8,割煤中位,False,正常,8767,29
2024-04-27 09:58:00,2024-04-27 10:04:00,7,待机,False,正常,8768,29
2024-04-27 10:05:00,2024-04-27 10:06:00,2,调架中,False,正常,8769,29
2024-04-27 10:07:00,2024-04-27 14:46:00,280,待机,False,正常,8770,29
2024-04-27 14:47:00,2024-04-27 15:44:00,58,停机,False,正常,8771,29
2024-04-27 15:45:00,2024-04-27 15:45:00,1,待机,False,正常,8772,29
2024-04-27 15:46:00,2024-04-27 16:09:00,24,停机,False,正常,8773,29
2024-04-27 16:10:00,2024-04-27 16:10:00,1,调架中,False,正常,8774,29
2024-04-27 16:11:00,2024-04-27 17:16:00,66,停机,False,正常,8775,29
2024-04-27 17:17:00,2024-04-27 17:17:00,1,调架中,False,正常,8776,29
2024-04-27 17:18:00,2024-04-27 17:18:00,1,待机,False,正常,8777,29
2024-04-27 17:19:00,2024-04-27 17:19:00,1,停机,False,正常,8778,29
2024-04-27 17:20:00,2024-04-27 17:39:00,20,待机,False,正常,8779,29
2024-04-27 17:40:00,2024-04-27 17:42:00,3,割煤中位,False,正常,8780,29
2024-04-27 17:43:00,2024-04-27 17:44:00,2,停机,False,正常,8781,29
2024-04-27 17:45:00,2024-04-27 17:46:00,2,待机,False,正常,8782,29
2024-04-27 17:47:00,2024-04-27 17:48:00,2,割煤中位,False,正常,8783,29
2024-04-27 17:49:00,2024-04-27 18:01:00,13,割煤高位,False,正常,8784,29
2024-04-27 18:02:00,2024-04-27 18:02:00,1,割煤中位,False,正常,8785,29
2024-04-27 18:03:00,2024-04-27 18:03:00,1,割煤高位,False,正常,8786,29
2024-04-27 18:04:00,2024-04-27 18:15:00,12,停机,False,正常,8787,29
2024-04-27 18:16:00,2024-04-27 18:16:00,1,调架中,False,正常,8788,29
2024-04-27 18:17:00,2024-04-27 18:18:00,2,割煤高位,False,正常,8789,29
2024-04-27 18:19:00,2024-04-27 18:22:00,4,割煤中位,False,正常,8790,29
2024-04-27 18:23:00,2024-04-27 18:36:00,14,割煤高位,False,正常,8791,29
2024-04-27 18:37:00,2024-04-27 18:38:00,2,割煤中位,False,正常,8792,29
2024-04-27 18:39:00,2024-04-27 18:40:00,2,待机-高位,False,正常,8793,29
2024-04-27 18:41:00,2024-04-27 18:44:00,4,割煤中位,False,正常,8794,29
2024-04-27 18:45:00,2024-04-27 18:45:00,1,割煤高位,False,正常,8795,29
2024-04-27 18:46:00,2024-04-27 18:46:00,1,割煤中位,False,正常,8796,29
2024-04-27 18:47:00,2024-04-27 19:07:00,21,割煤高位,False,正常,8797,29
2024-04-27 19:08:00,2024-04-27 19:08:00,1,调架中,False,正常,8798,29
2024-04-27 19:09:00,2024-04-27 19:09:00,1,割煤高位,False,正常,8799,29
2024-04-27 19:10:00,2024-04-27 19:10:00,1,调架中,False,正常,8800,29
2024-04-27 19:11:00,2024-04-27 19:11:00,1,割煤高位,False,正常,8801,29
2024-04-27 19:12:00,2024-04-27 19:12:00,1,调架中,False,正常,8802,29
2024-04-27 19:13:00,2024-04-27 19:15:00,3,割煤中位,False,正常,8803,29
2024-04-27 19:16:00,2024-04-27 19:20:00,5,割煤高位,False,正常,8804,29
2024-04-27 19:21:00,2024-04-27 19:21:00,1,调架中,False,正常,8805,29
2024-04-27 19:22:00,2024-04-27 19:26:00,5,割煤高位,False,正常,8806,29
2024-04-27 19:27:00,2024-04-27 19:27:00,1,割煤中位,False,正常,8807,29
2024-04-27 19:28:00,2024-04-27 19:32:00,5,待机,False,正常,8808,29
2024-04-27 19:33:00,2024-04-27 19:33:00,1,割煤高位,False,正常,8809,29
2024-04-27 19:34:00,2024-04-27 19:34:00,1,割煤中位,False,正常,8810,29
2024-04-27 19:35:00,2024-04-27 19:41:00,7,割煤高位,False,正常,8811,29
2024-04-27 19:42:00,2024-04-27 19:42:00,1,调架中,False,正常,8812,29
2024-04-27 19:43:00,2024-04-27 19:49:00,7,割煤高位,False,正常,8813,29
2024-04-27 19:50:00,2024-04-27 19:50:00,1,调架中,False,正常,8814,29
2024-04-27 19:51:00,2024-04-27 19:52:00,2,待机-高位,False,正常,8815,29
2024-04-27 19:53:00,2024-04-27 19:53:00,1,调架中,False,正常,8816,29
2024-04-27 19:54:00,2024-04-27 19:59:00,6,割煤高位,False,正常,8817,29
2024-04-27 20:00:00,2024-04-27 20:00:00,1,调架中,False,正常,8818,29
2024-04-27 20:01:00,2024-04-27 20:04:00,4,割煤高位,False,正常,8819,29
2024-04-27 20:05:00,2024-04-27 20:07:00,3,割煤中位,False,正常,8820,29
2024-04-27 20:08:00,2024-04-27 20:09:00,2,割煤高位,False,正常,8821,29
2024-04-27 20:10:00,2024-04-27 20:10:00,1,调架中,False,正常,8822,29
2024-04-27 20:11:00,2024-04-27 20:16:00,6,待机,False,正常,8823,29
2024-04-27 20:17:00,2024-04-27 20:17:00,1,割煤中位,False,正常,8824,29
2024-04-27 20:18:00,2024-04-27 20:22:00,5,割煤高位,False,正常,8825,29
2024-04-27 20:23:00,2024-04-27 20:35:00,13,割煤中位,False,正常,8826,29
2024-04-27 20:36:00,2024-04-27 20:36:00,1,割煤高位,False,正常,8827,29
2024-04-27 20:37:00,2024-04-27 20:58:00,22,割煤中位,False,正常,8828,29
2024-04-27 20:59:00,2024-04-27 21:00:00,2,割煤高位,False,正常,8829,29
2024-04-27 21:01:00,2024-04-27 21:05:00,5,割煤中位,False,正常,8830,29
2024-04-27 21:06:00,2024-04-27 21:07:00,2,割煤高位,False,正常,8831,29
2024-04-27 21:08:00,2024-04-27 21:08:00,1,调架中,False,正常,8832,29
2024-04-27 21:09:00,2024-04-27 21:12:00,4,割煤高位,False,正常,8833,29
2024-04-27 21:13:00,2024-04-27 21:20:00,8,割煤中位,False,正常,8834,29
2024-04-27 21:21:00,2024-04-27 21:21:00,1,待机,False,正常,8835,29
2024-04-27 21:22:00,2024-04-27 21:22:00,1,割煤中位,False,正常,8836,29
2024-04-27 21:23:00,2024-04-27 21:28:00,6,割煤高位,False,正常,8837,29
2024-04-27 21:29:00,2024-04-27 21:31:00,3,割煤中位,False,正常,8838,29
2024-04-27 21:32:00,2024-04-27 21:34:00,3,待机-高位,False,正常,8839,29
2024-04-27 21:35:00,2024-04-27 21:41:00,7,割煤中位,False,正常,8840,29
2024-04-27 21:42:00,2024-04-27 21:43:00,2,割煤高位,False,正常,8841,29
2024-04-27 21:44:00,2024-04-27 21:44:00,1,调架中,False,正常,8842,29
2024-04-27 21:45:00,2024-04-27 21:45:00,1,割煤中位,False,正常,8843,29
2024-04-27 21:46:00,2024-04-27 21:49:00,4,割煤高位,False,正常,8844,29
2024-04-27 21:50:00,2024-04-27 21:57:00,8,割煤中位,False,正常,8845,29
2024-04-27 21:58:00,2024-04-27 21:58:00,1,调架中,False,正常,8846,29
2024-04-27 21:59:00,2024-04-27 22:02:00,4,割煤中位,False,正常,8847,29
2024-04-27 22:03:00,2024-04-27 22:05:00,3,割煤高位,False,正常,8848,29
2024-04-27 22:06:00,2024-04-27 22:09:00,4,割煤中位,False,正常,8849,29
2024-04-27 22:10:00,2024-04-27 22:12:00,3,割煤高位,False,正常,8850,29
2024-04-27 22:13:00,2024-04-27 22:13:00,1,调架中,False,正常,8851,29
2024-04-27 22:14:00,2024-04-27 22:15:00,2,割煤高位,False,正常,8852,29
2024-04-27 22:16:00,2024-04-27 22:17:00,2,调架中,False,正常,8853,29
2024-04-27 22:18:00,2024-04-27 22:18:00,1,割煤高位,False,正常,8854,29
2024-04-27 22:19:00,2024-04-27 22:19:00,1,调架中,False,正常,8855,29
2024-04-27 22:20:00,2024-04-27 22:20:00,1,割煤中位,False,正常,8856,29
2024-04-27 22:21:00,2024-04-27 22:21:00,1,调架中,False,正常,8857,29
2024-04-27 22:22:00,2024-04-27 22:30:00,9,割煤中位,False,正常,8858,29
2024-04-27 22:31:00,2024-04-27 22:31:00,1,调架中,False,正常,8859,29
2024-04-27 22:32:00,2024-04-27 22:33:00,2,割煤中位,False,正常,8860,29
2024-04-27 22:34:00,2024-04-27 22:35:00,2,割煤高位,False,正常,8861,29
2024-04-27 22:36:00,2024-04-27 22:36:00,1,待机,False,正常,8862,29
2024-04-27 22:37:00,2024-04-27 22:41:00,5,割煤高位,False,正常,8863,29
2024-04-27 22:42:00,2024-04-27 22:49:00,8,割煤中位,False,正常,8864,29
2024-04-27 22:50:00,2024-04-27 22:50:00,1,调架中,False,正常,8865,29
2024-04-27 22:51:00,2024-04-27 22:51:00,1,割煤中位,False,正常,8866,29
2024-04-27 22:52:00,2024-04-27 22:56:00,5,待机,False,正常,8867,29
2024-04-27 22:57:00,2024-04-27 22:57:00,1,割煤中位,False,正常,8868,29
2024-04-27 22:58:00,2024-04-27 22:58:00,1,待机-高位,False,正常,8869,29
2024-04-27 22:59:00,2024-04-27 23:00:00,2,割煤高位,False,正常,8870,29
2024-04-27 23:01:00,2024-04-27 23:01:00,1,待机-高位,False,正常,8871,29
2024-04-27 23:02:00,2024-04-27 23:05:00,4,割煤高位,False,正常,8872,29
2024-04-27 23:06:00,2024-04-27 23:09:00,4,待机-高位,False,正常,8873,29
2024-04-27 23:10:00,2024-04-27 23:13:00,4,割煤高位,False,正常,8874,29
2024-04-27 23:14:00,2024-04-27 23:16:00,3,割煤中位,False,正常,8875,29
2024-04-27 23:17:00,2024-04-27 23:18:00,2,割煤高位,False,正常,8876,29
2024-04-27 23:19:00,2024-04-27 23:23:00,5,割煤中位,False,正常,8877,29
2024-04-27 23:24:00,2024-04-27 23:25:00,2,割煤高位,False,正常,8878,29
2024-04-27 23:26:00,2024-04-27 23:28:00,3,待机-高位,False,正常,8879,29
2024-04-27 23:29:00,2024-04-27 23:29:00,1,割煤中位,False,正常,8880,29
2024-04-27 23:30:00,2024-04-27 23:31:00,2,割煤高位,False,正常,8881,29
2024-04-27 23:32:00,2024-04-27 23:32:00,1,调架中,False,正常,8882,29
2024-04-27 23:33:00,2024-04-27 23:33:00,1,割煤高位,False,正常,8883,29
2024-04-27 23:34:00,2024-04-27 23:38:00,5,割煤中位,False,正常,8884,29
2024-04-27 23:39:00,2024-04-27 23:41:00,3,待机-高位,False,正常,8885,29
2024-04-27 23:42:00,2024-04-27 23:43:00,2,割煤中位,False,正常,8886,29
2024-04-27 23:44:00,2024-04-27 23:44:00,1,调架中,False,正常,8887,29
2024-04-27 23:45:00,2024-04-27 23:50:00,6,割煤高位,False,正常,8888,29
2024-04-27 23:51:00,2024-04-27 23:53:00,3,割煤中位,False,正常,8889,29
2024-04-27 23:54:00,2024-04-27 23:54:00,1,待机,False,正常,8890,29
2024-04-27 23:55:00,2024-04-27 23:57:00,3,割煤中位,False,正常,8891,29
2024-04-27 23:58:00,2024-04-28 00:01:00,4,待机,False,正常,8892,29
2024-04-28 00:02:00,2024-04-28 00:03:00,2,待机-高位,False,正常,8893,29
2024-04-28 00:04:00,2024-04-28 00:04:00,1,调架中,False,正常,8894,29
2024-04-28 00:05:00,2024-04-28 00:07:00,3,割煤中位,False,正常,8895,29
2024-04-28 00:08:00,2024-04-28 00:08:00,1,割煤高位,False,正常,8896,29
2024-04-28 00:09:00,2024-04-28 00:09:00,1,割煤中位,False,正常,8897,29
2024-04-28 00:10:00,2024-04-28 00:10:00,1,割煤高位,False,正常,8898,29
2024-04-28 00:11:00,2024-04-28 00:11:00,1,调架中,False,正常,8899,29
2024-04-28 00:12:00,2024-04-28 00:15:00,4,割煤高位,False,正常,8900,29
2024-04-28 00:16:00,2024-04-28 00:16:00,1,调架中,False,正常,8901,29
2024-04-28 00:17:00,2024-04-28 00:31:00,15,割煤高位,False,正常,8902,29
2024-04-28 00:32:00,2024-04-28 00:32:00,1,割煤中位,False,正常,8903,29
2024-04-28 00:33:00,2024-04-28 00:36:00,4,割煤高位,False,正常,8904,29
2024-04-28 00:37:00,2024-04-28 00:37:00,1,调架中,False,正常,8905,29
2024-04-28 00:38:00,2024-04-28 00:42:00,5,割煤高位,False,正常,8906,29
2024-04-28 00:43:00,2024-04-28 00:44:00,2,调架中,False,正常,8907,29
2024-04-28 00:45:00,2024-04-28 00:45:00,1,割煤中位,False,正常,8908,29
2024-04-28 00:46:00,2024-04-28 00:46:00,1,调架中,False,正常,8909,29
2024-04-28 00:47:00,2024-04-28 00:47:00,1,割煤中位,False,正常,8910,29
2024-04-28 00:48:00,2024-04-28 00:55:00,8,割煤高位,False,正常,8911,29
2024-04-28 00:56:00,2024-04-28 00:56:00,1,割煤中位,False,正常,8912,29
2024-04-28 00:57:00,2024-04-28 00:57:00,1,调架中,False,正常,8913,29
2024-04-28 00:58:00,2024-04-28 01:01:00,4,割煤中位,False,正常,8914,29
2024-04-28 01:02:00,2024-04-28 01:05:00,4,割煤高位,False,正常,8915,29
2024-04-28 01:06:00,2024-04-28 01:06:00,1,调架中,False,正常,8916,29
2024-04-28 01:07:00,2024-04-28 01:08:00,2,待机-高位,False,正常,8917,29
2024-04-28 01:09:00,2024-04-28 01:09:00,1,调架中,False,正常,8918,29
2024-04-28 01:10:00,2024-04-28 01:12:00,3,割煤中位,False,正常,8919,29
2024-04-28 01:13:00,2024-04-28 01:13:00,1,调架中,False,正常,8920,29
2024-04-28 01:14:00,2024-04-28 01:15:00,2,割煤中位,False,正常,8921,29
2024-04-28 01:16:00,2024-04-28 01:28:00,13,割煤高位,False,正常,8922,29
2024-04-28 01:29:00,2024-04-28 01:29:00,1,割煤中位,False,正常,8923,29
2024-04-28 01:30:00,2024-04-28 01:32:00,3,调架中,False,正常,8924,29
2024-04-28 01:33:00,2024-04-28 01:38:00,6,割煤中位,False,正常,8925,29
2024-04-28 01:39:00,2024-04-28 01:43:00,5,割煤高位,False,正常,8926,29
2024-04-28 01:44:00,2024-04-28 01:47:00,4,待机-高位,False,正常,8927,29
2024-04-28 01:48:00,2024-04-28 01:48:00,1,割煤高位,False,正常,8928,29
2024-04-28 01:49:00,2024-04-28 01:49:00,1,调架中,False,正常,8929,29
2024-04-28 01:50:00,2024-04-28 01:55:00,6,割煤高位,False,正常,8930,29
2024-04-28 01:56:00,2024-04-28 01:56:00,1,调架中,False,正常,8931,29
2024-04-28 01:57:00,2024-04-28 01:59:00,3,割煤中位,False,正常,8932,29
2024-04-28 02:00:00,2024-04-28 02:00:00,1,调架中,False,正常,8933,29
2024-04-28 02:01:00,2024-04-28 02:02:00,2,割煤中位,False,正常,8934,29
2024-04-28 02:03:00,2024-04-28 02:04:00,2,割煤高位,False,正常,8935,29
2024-04-28 02:05:00,2024-04-28 02:12:00,8,割煤中位,False,正常,8936,29
2024-04-28 02:13:00,2024-04-28 02:13:00,1,调架中,False,正常,8937,29
2024-04-28 02:14:00,2024-04-28 02:15:00,2,割煤中位,False,正常,8938,29
2024-04-28 02:16:00,2024-04-28 02:16:00,1,调架中,False,正常,8939,29
2024-04-28 02:17:00,2024-04-28 02:20:00,4,割煤中位,False,正常,8940,29
2024-04-28 02:21:00,2024-04-28 02:22:00,2,调架中,False,正常,8941,29
2024-04-28 02:23:00,2024-04-28 02:23:00,1,割煤中位,False,正常,8942,29
2024-04-28 02:24:00,2024-04-28 02:24:00,1,调架中,False,正常,8943,29
2024-04-28 02:25:00,2024-04-28 02:25:00,1,割煤中位,False,正常,8944,29
2024-04-28 02:26:00,2024-04-28 02:26:00,1,待机-高位,False,正常,8945,29
2024-04-28 02:27:00,2024-04-28 02:27:00,1,调架中,False,正常,8946,29
2024-04-28 02:28:00,2024-04-28 02:28:00,1,割煤中位,False,正常,8947,29
2024-04-28 02:29:00,2024-04-28 02:31:00,3,割煤高位,False,正常,8948,29
2024-04-28 02:32:00,2024-04-28 02:34:00,3,待机-高位,False,正常,8949,29
2024-04-28 02:35:00,2024-04-28 02:37:00,3,割煤中位,False,正常,8950,29
2024-04-28 02:38:00,2024-04-28 02:49:00,12,割煤高位,False,正常,8951,29
2024-04-28 02:50:00,2024-04-28 02:51:00,2,调架中,False,正常,8952,29
2024-04-28 02:52:00,2024-04-28 02:53:00,2,割煤高位,False,正常,8953,29
2024-04-28 02:54:00,2024-04-28 02:54:00,1,调架中,False,正常,8954,29
2024-04-28 02:55:00,2024-04-28 02:57:00,3,割煤高位,False,正常,8955,29
2024-04-28 02:58:00,2024-04-28 02:58:00,1,待机-高位,False,正常,8956,29
2024-04-28 02:59:00,2024-04-28 02:59:00,1,割煤高位,False,正常,8957,29
2024-04-28 03:00:00,2024-04-28 03:00:00,1,割煤中位,False,正常,8958,29
2024-04-28 03:01:00,2024-04-28 03:01:00,1,割煤高位,False,正常,8959,29
2024-04-28 03:02:00,2024-04-28 03:07:00,6,割煤中位,False,正常,8960,29
2024-04-28 03:08:00,2024-04-28 03:12:00,5,割煤高位,False,正常,8961,29
2024-04-28 03:13:00,2024-04-28 03:13:00,1,调架中,False,正常,8962,29
2024-04-28 03:14:00,2024-04-28 03:14:00,1,待机,False,正常,8963,29
2024-04-28 03:15:00,2024-04-28 03:16:00,2,调架中,False,正常,8964,29
2024-04-28 03:17:00,2024-04-28 03:17:00,1,割煤中位,False,正常,8965,29
2024-04-28 03:18:00,2024-04-28 03:18:00,1,割煤高位,False,正常,8966,29
2024-04-28 03:19:00,2024-04-28 03:19:00,1,割煤中位,False,正常,8967,29
2024-04-28 03:20:00,2024-04-28 03:24:00,5,割煤高位,False,正常,8968,29
2024-04-28 03:25:00,2024-04-28 03:25:00,1,割煤中位,False,正常,8969,29
2024-04-28 03:26:00,2024-04-28 03:26:00,1,调架中,False,正常,8970,29
2024-04-28 03:27:00,2024-04-28 03:29:00,3,割煤中位,False,正常,8971,29
2024-04-28 03:30:00,2024-04-28 03:32:00,3,调架中,False,正常,8972,29
2024-04-28 03:33:00,2024-04-28 03:36:00,4,割煤中位,False,正常,8973,29
2024-04-28 03:37:00,2024-04-28 03:37:00,1,调架中,False,正常,8974,29
2024-04-28 03:38:00,2024-04-28 03:44:00,7,割煤中位,False,正常,8975,29
2024-04-28 03:45:00,2024-04-28 03:48:00,4,待机,False,正常,8976,29
2024-04-28 03:49:00,2024-04-28 03:50:00,2,调架中,False,正常,8977,29
2024-04-28 03:51:00,2024-04-28 03:52:00,2,割煤高位,False,正常,8978,29
2024-04-28 03:53:00,2024-04-28 03:54:00,2,割煤中位,False,正常,8979,29
2024-04-28 03:55:00,2024-04-28 03:57:00,3,割煤高位,False,正常,8980,29
2024-04-28 03:58:00,2024-04-28 04:00:00,3,割煤中位,False,正常,8981,29
2024-04-28 04:01:00,2024-04-28 04:01:00,1,割煤高位,False,正常,8982,29
2024-04-28 04:02:00,2024-04-28 04:02:00,1,调架中,False,正常,8983,29
2024-04-28 04:03:00,2024-04-28 04:03:00,1,割煤中位,False,正常,8984,29
2024-04-28 04:04:00,2024-04-28 04:04:00,1,调架中,False,正常,8985,29
2024-04-28 04:05:00,2024-04-28 04:08:00,4,割煤中位,False,正常,8986,29
2024-04-28 04:09:00,2024-04-28 04:10:00,2,调架中,False,正常,8987,29
2024-04-28 04:11:00,2024-04-28 04:12:00,2,割煤中位,False,正常,8988,29
2024-04-28 04:13:00,2024-04-28 04:14:00,2,割煤高位,False,正常,8989,29
2024-04-28 04:15:00,2024-04-28 04:15:00,1,调架中,False,正常,8990,29
2024-04-28 04:16:00,2024-04-28 04:20:00,5,割煤中位,False,正常,8991,29
2024-04-28 04:21:00,2024-04-28 04:23:00,3,割煤高位,False,正常,8992,29
2024-04-28 04:24:00,2024-04-28 04:24:00,1,待机-高位,False,正常,8993,29
2024-04-28 04:25:00,2024-04-28 04:25:00,1,割煤高位,False,正常,8994,29
2024-04-28 04:26:00,2024-04-28 04:26:00,1,待机-高位,False,正常,8995,29
2024-04-28 04:27:00,2024-04-28 04:32:00,6,割煤高位,False,正常,8996,29
2024-04-28 04:33:00,2024-04-28 04:33:00,1,调架中,False,正常,8997,29
2024-04-28 04:34:00,2024-04-28 04:34:00,1,割煤高位,False,正常,8998,29
2024-04-28 04:35:00,2024-04-28 04:41:00,7,割煤中位,False,正常,8999,29
2024-04-28 04:42:00,2024-04-28 04:42:00,1,调架中,False,正常,9000,29
2024-04-28 04:43:00,2024-04-28 04:43:00,1,割煤中位,False,正常,9001,29
2024-04-28 04:44:00,2024-04-28 04:44:00,1,调架中,False,正常,9002,29
2024-04-28 04:45:00,2024-04-28 04:45:00,1,割煤中位,False,正常,9003,29
2024-04-28 04:46:00,2024-04-28 04:46:00,1,调架中,False,正常,9004,29
2024-04-28 04:47:00,2024-04-28 04:49:00,3,割煤中位,False,正常,9005,29
2024-04-28 04:50:00,2024-04-28 04:50:00,1,待机,False,正常,9006,29
2024-04-28 04:51:00,2024-04-28 04:52:00,2,割煤中位,False,正常,9007,29
2024-04-28 04:53:00,2024-04-28 04:53:00,1,割煤高位,False,正常,9008,29
2024-04-28 04:54:00,2024-04-28 04:54:00,1,调架中,False,正常,9009,29
2024-04-28 04:55:00,2024-04-28 04:55:00,1,割煤高位,False,正常,9010,29
2024-04-28 04:56:00,2024-04-28 04:59:00,4,割煤中位,False,正常,9011,29
2024-04-28 05:00:00,2024-04-28 05:00:00,1,割煤高位,False,正常,9012,29
2024-04-28 05:01:00,2024-04-28 05:01:00,1,调架中,False,正常,9013,29
2024-04-28 05:02:00,2024-04-28 05:03:00,2,割煤高位,False,正常,9014,29
