段起始时间,段结束时间,持续时间(min),工况,是否异常,异常原因,段索引,分段号
2024-04-01 00:00:00,2024-04-01 00:01:00,2,停机,False,正常,0,1
2024-04-01 00:02:00,2024-04-01 00:07:00,6,轻载,False,正常,1,1
2024-04-01 00:08:00,2024-04-01 00:10:00,3,停机,False,正常,2,1
2024-04-01 00:11:00,2024-04-01 00:11:00,1,重载,False,正常,3,1
2024-04-01 00:12:00,2024-04-01 00:51:00,40,停机,False,正常,4,1
2024-04-01 00:52:00,2024-04-01 00:53:00,2,重载,False,正常,5,1
2024-04-01 00:54:00,2024-04-01 00:54:00,1,停机,False,正常,6,1
2024-04-01 00:55:00,2024-04-01 01:00:00,6,重载,False,正常,7,1
2024-04-01 01:01:00,2024-04-01 01:37:00,37,停机,False,正常,8,1
2024-04-01 01:38:00,2024-04-01 01:38:00,1,重载,False,正常,9,1
2024-04-01 01:39:00,2024-04-01 04:36:00,178,停机,True,异常持续段（>135min 阈值）,10,2
2024-04-01 04:37:00,2024-04-01 05:28:00,52,重载,False,正常,11,3
2024-04-01 05:29:00,2024-04-01 05:29:00,1,停机,False,正常,12,3
2024-04-01 05:30:00,2024-04-01 06:41:00,72,重载,False,正常,13,3
2024-04-01 06:42:00,2024-04-01 06:52:00,11,停机,False,正常,14,3
2024-04-01 06:53:00,2024-04-01 07:08:00,16,重载,False,正常,15,3
2024-04-01 07:09:00,2024-04-01 07:23:00,15,停机,False,正常,16,3
2024-04-01 07:24:00,2024-04-01 07:26:00,3,重载,False,正常,17,3
2024-04-01 07:27:00,2024-04-01 07:33:00,7,停机,False,正常,18,3
2024-04-01 07:34:00,2024-04-01 07:36:00,3,重载,False,正常,19,3
2024-04-01 07:37:00,2024-04-01 07:41:00,5,停机,False,正常,20,3
2024-04-01 07:42:00,2024-04-01 07:48:00,7,重载,False,正常,21,3
2024-04-01 07:49:00,2024-04-01 07:51:00,3,停机,False,正常,22,3
2024-04-01 07:52:00,2024-04-01 07:53:00,2,重载,False,正常,23,3
2024-04-01 07:54:00,2024-04-01 07:54:00,1,停机,False,正常,24,3
2024-04-01 07:55:00,2024-04-01 07:59:00,5,重载,False,正常,25,3
2024-04-01 08:00:00,2024-04-01 08:02:00,3,停机,False,正常,26,3
2024-04-01 08:03:00,2024-04-01 08:06:00,4,重载,False,正常,27,3
2024-04-01 08:07:00,2024-04-01 08:07:00,1,停机,False,正常,28,3
2024-04-01 08:08:00,2024-04-01 08:30:00,23,重载,False,正常,29,3
2024-04-01 08:31:00,2024-04-01 08:33:00,3,停机,False,正常,30,3
2024-04-01 08:34:00,2024-04-01 09:15:00,42,重载,False,正常,31,3
2024-04-01 09:16:00,2024-04-01 09:17:00,2,停机,False,正常,32,3
2024-04-01 09:18:00,2024-04-01 09:18:00,1,重载,False,正常,33,3
2024-04-01 09:19:00,2024-04-01 09:19:00,1,停机,False,正常,34,3
2024-04-01 09:20:00,2024-04-01 09:21:00,2,重载,False,正常,35,3
2024-04-01 09:22:00,2024-04-01 09:40:00,19,停机,False,正常,36,3
2024-04-01 09:41:00,2024-04-01 09:41:00,1,轻载,False,正常,37,3
2024-04-01 09:42:00,2024-04-01 09:42:00,1,停机,False,正常,38,3
2024-04-01 09:43:00,2024-04-01 11:22:00,100,轻载,False,正常,39,3
2024-04-01 11:23:00,2024-04-01 11:23:00,1,停机,False,正常,40,3
2024-04-01 11:24:00,2024-04-01 11:25:00,2,重载,False,正常,41,3
2024-04-01 11:26:00,2024-04-01 11:26:00,1,轻载,False,正常,42,3
2024-04-01 11:27:00,2024-04-01 11:30:00,4,重载,False,正常,43,3
2024-04-01 11:31:00,2024-04-01 11:35:00,5,停机,False,正常,44,3
2024-04-01 11:36:00,2024-04-01 11:39:00,4,重载,False,正常,45,3
2024-04-01 11:40:00,2024-04-01 11:40:00,1,停机,False,正常,46,3
2024-04-01 11:41:00,2024-04-01 11:42:00,2,重载,False,正常,47,3
2024-04-01 11:43:00,2024-04-01 11:44:00,2,停机,False,正常,48,3
2024-04-01 11:45:00,2024-04-01 11:59:00,15,轻载,False,正常,49,3
2024-04-01 12:00:00,2024-04-01 13:36:00,97,停机,False,正常,50,3
2024-04-01 13:37:00,2024-04-01 13:38:00,2,重载,False,正常,51,3
2024-04-01 13:39:00,2024-04-01 13:57:00,19,停机,False,正常,52,3
2024-04-01 13:58:00,2024-04-01 13:58:00,1,重载,False,正常,53,3
2024-04-01 13:59:00,2024-04-01 14:07:00,9,停机,False,正常,54,3
2024-04-01 14:08:00,2024-04-01 14:08:00,1,轻载,False,正常,55,3
2024-04-01 14:09:00,2024-04-01 14:09:00,1,重载,False,正常,56,3
2024-04-01 14:10:00,2024-04-01 14:11:00,2,停机,False,正常,57,3
2024-04-01 14:12:00,2024-04-01 14:12:00,1,重载,False,正常,58,3
2024-04-01 14:13:00,2024-04-01 15:07:00,55,轻载,False,正常,59,3
2024-04-01 15:08:00,2024-04-01 15:14:00,7,重载,False,正常,60,3
2024-04-01 15:15:00,2024-04-01 15:38:00,24,停机,False,正常,61,3
2024-04-01 15:39:00,2024-04-01 15:46:00,8,重载,False,正常,62,3
2024-04-01 15:47:00,2024-04-01 15:47:00,1,轻载,False,正常,63,3
2024-04-01 15:48:00,2024-04-01 15:52:00,5,重载,False,正常,64,3
2024-04-01 15:53:00,2024-04-01 15:53:00,1,停机,False,正常,65,3
2024-04-01 15:54:00,2024-04-01 15:59:00,6,重载,False,正常,66,3
2024-04-01 16:00:00,2024-04-01 16:02:00,3,停机,False,正常,67,3
2024-04-01 16:03:00,2024-04-01 16:45:00,43,重载,False,正常,68,3
2024-04-01 16:46:00,2024-04-01 16:54:00,9,停机,False,正常,69,3
2024-04-01 16:55:00,2024-04-01 17:33:00,39,重载,False,正常,70,3
2024-04-01 17:34:00,2024-04-01 17:50:00,17,停机,False,正常,71,3
2024-04-01 17:51:00,2024-04-01 18:49:00,59,重载,False,正常,72,3
2024-04-01 18:50:00,2024-04-01 18:51:00,2,停机,False,正常,73,3
2024-04-01 18:52:00,2024-04-01 18:54:00,3,重载,False,正常,74,3
2024-04-01 18:55:00,2024-04-01 18:57:00,3,停机,False,正常,75,3
2024-04-01 18:58:00,2024-04-01 19:08:00,11,重载,False,正常,76,3
2024-04-01 19:09:00,2024-04-01 19:17:00,9,停机,False,正常,77,3
2024-04-01 19:18:00,2024-04-01 20:02:00,45,重载,False,正常,78,3
2024-04-01 20:03:00,2024-04-01 20:07:00,5,停机,False,正常,79,3
2024-04-01 20:08:00,2024-04-01 20:09:00,2,重载,False,正常,80,3
2024-04-01 20:10:00,2024-04-01 20:20:00,11,停机,False,正常,81,3
2024-04-01 20:21:00,2024-04-01 20:50:00,30,重载,False,正常,82,3
2024-04-01 20:51:00,2024-04-01 20:51:00,1,停机,False,正常,83,3
2024-04-01 20:52:00,2024-04-01 20:52:00,1,轻载,False,正常,84,3
2024-04-01 20:53:00,2024-04-01 21:20:00,28,重载,False,正常,85,3
2024-04-01 21:21:00,2024-04-01 21:24:00,4,停机,False,正常,86,3
2024-04-01 21:25:00,2024-04-01 21:25:00,1,轻载,False,正常,87,3
2024-04-01 21:26:00,2024-04-01 21:35:00,10,重载,False,正常,88,3
2024-04-01 21:36:00,2024-04-01 21:59:00,24,停机,False,正常,89,3
2024-04-01 22:00:00,2024-04-01 22:26:00,27,重载,False,正常,90,3
2024-04-01 22:27:00,2024-04-01 22:29:00,3,停机,False,正常,91,3
2024-04-01 22:30:00,2024-04-01 22:37:00,8,重载,False,正常,92,3
2024-04-01 22:38:00,2024-04-01 22:39:00,2,停机,False,正常,93,3
2024-04-01 22:40:00,2024-04-01 23:24:00,45,重载,False,正常,94,3
2024-04-01 23:25:00,2024-04-01 23:25:00,1,停机,False,正常,95,3
2024-04-01 23:26:00,2024-04-01 23:32:00,7,重载,False,正常,96,3
2024-04-01 23:33:00,2024-04-01 23:33:00,1,停机,False,正常,97,3
2024-04-01 23:34:00,2024-04-01 23:43:00,10,重载,False,正常,98,3
2024-04-01 23:44:00,2024-04-01 23:44:00,1,停机,False,正常,99,3
2024-04-01 23:45:00,2024-04-01 23:45:00,1,重载,False,正常,100,3
2024-04-01 23:46:00,2024-04-01 23:46:00,1,停机,False,正常,101,3
2024-04-01 23:47:00,2024-04-02 00:40:00,54,重载,False,正常,102,3
2024-04-02 00:41:00,2024-04-02 00:41:00,1,停机,False,正常,103,3
2024-04-02 00:42:00,2024-04-02 00:49:00,8,重载,False,正常,104,3
2024-04-02 00:50:00,2024-04-02 00:52:00,3,停机,False,正常,105,3
2024-04-02 00:53:00,2024-04-02 00:55:00,3,重载,False,正常,106,3
2024-04-02 00:56:00,2024-04-02 00:57:00,2,停机,False,正常,107,3
2024-04-02 00:58:00,2024-04-02 01:14:00,17,重载,False,正常,108,3
2024-04-02 01:15:00,2024-04-02 01:24:00,10,停机,False,正常,109,3
2024-04-02 01:25:00,2024-04-02 01:29:00,5,重载,False,正常,110,3
2024-04-02 01:30:00,2024-04-02 01:30:00,1,停机,False,正常,111,3
2024-04-02 01:31:00,2024-04-02 02:45:00,75,重载,False,正常,112,3
2024-04-02 02:46:00,2024-04-02 02:46:00,1,停机,False,正常,113,3
2024-04-02 02:47:00,2024-04-02 03:07:00,21,重载,False,正常,114,3
2024-04-02 03:08:00,2024-04-02 03:09:00,2,停机,False,正常,115,3
2024-04-02 03:10:00,2024-04-02 03:10:00,1,重载,False,正常,116,3
2024-04-02 03:11:00,2024-04-02 03:23:00,13,停机,False,正常,117,3
2024-04-02 03:24:00,2024-04-02 03:24:00,1,重载,False,正常,118,3
2024-04-02 03:25:00,2024-04-02 03:33:00,9,停机,False,正常,119,3
2024-04-02 03:34:00,2024-04-02 03:40:00,7,重载,False,正常,120,3
2024-04-02 03:41:00,2024-04-02 03:44:00,4,停机,False,正常,121,3
2024-04-02 03:45:00,2024-04-02 04:49:00,65,重载,False,正常,122,3
2024-04-02 04:50:00,2024-04-02 04:50:00,1,停机,False,正常,123,3
2024-04-02 04:51:00,2024-04-02 04:51:00,1,重载,False,正常,124,3
2024-04-02 04:52:00,2024-04-02 04:53:00,2,停机,False,正常,125,3
2024-04-02 04:54:00,2024-04-02 05:31:00,38,重载,False,正常,126,3
2024-04-02 05:32:00,2024-04-02 05:32:00,1,停机,False,正常,127,3
2024-04-02 05:33:00,2024-04-02 05:39:00,7,重载,False,正常,128,3
2024-04-02 05:40:00,2024-04-02 05:43:00,4,停机,False,正常,129,3
2024-04-02 05:44:00,2024-04-02 05:57:00,14,重载,False,正常,130,3
2024-04-02 05:58:00,2024-04-02 05:58:00,1,停机,False,正常,131,3
2024-04-02 05:59:00,2024-04-02 06:26:00,28,重载,False,正常,132,3
2024-04-02 06:27:00,2024-04-02 06:36:00,10,停机,False,正常,133,3
2024-04-02 06:37:00,2024-04-02 06:46:00,10,重载,False,正常,134,3
2024-04-02 06:47:00,2024-04-02 06:47:00,1,停机,False,正常,135,3
2024-04-02 06:48:00,2024-04-02 07:23:00,36,重载,False,正常,136,3
2024-04-02 07:24:00,2024-04-02 07:24:00,1,停机,False,正常,137,3
2024-04-02 07:25:00,2024-04-02 07:42:00,18,重载,False,正常,138,3
2024-04-02 07:43:00,2024-04-02 07:44:00,2,停机,False,正常,139,3
2024-04-02 07:45:00,2024-04-02 07:45:00,1,轻载,False,正常,140,3
2024-04-02 07:46:00,2024-04-02 07:48:00,3,停机,False,正常,141,3
2024-04-02 07:49:00,2024-04-02 07:49:00,1,轻载,False,正常,142,3
2024-04-02 07:50:00,2024-04-02 07:50:00,1,停机,False,正常,143,3
2024-04-02 07:51:00,2024-04-02 07:52:00,2,轻载,False,正常,144,3
2024-04-02 07:53:00,2024-04-02 07:57:00,5,停机,False,正常,145,3
2024-04-02 07:58:00,2024-04-02 07:58:00,1,轻载,False,正常,146,3
2024-04-02 07:59:00,2024-04-02 08:07:00,9,停机,False,正常,147,3
2024-04-02 08:08:00,2024-04-02 08:15:00,8,重载,False,正常,148,3
2024-04-02 08:16:00,2024-04-02 08:16:00,1,停机,False,正常,149,3
2024-04-02 08:17:00,2024-04-02 08:21:00,5,重载,False,正常,150,3
2024-04-02 08:22:00,2024-04-02 08:23:00,2,停机,False,正常,151,3
2024-04-02 08:24:00,2024-04-02 08:24:00,1,重载,False,正常,152,3
2024-04-02 08:25:00,2024-04-02 08:25:00,1,停机,False,正常,153,3
2024-04-02 08:26:00,2024-04-02 08:40:00,15,重载,False,正常,154,3
2024-04-02 08:41:00,2024-04-02 08:41:00,1,停机,False,正常,155,3
2024-04-02 08:42:00,2024-04-02 08:59:00,18,重载,False,正常,156,3
2024-04-02 09:00:00,2024-04-02 09:00:00,1,停机,False,正常,157,3
2024-04-02 09:01:00,2024-04-02 10:13:00,73,重载,False,正常,158,3
2024-04-02 10:14:00,2024-04-02 10:14:00,1,停机,False,正常,159,3
2024-04-02 10:15:00,2024-04-02 10:17:00,3,重载,False,正常,160,3
2024-04-02 10:18:00,2024-04-02 10:19:00,2,停机,False,正常,161,3
2024-04-02 10:20:00,2024-04-02 10:47:00,28,重载,False,正常,162,3
2024-04-02 10:48:00,2024-04-02 10:48:00,1,停机,False,正常,163,3
2024-04-02 10:49:00,2024-04-02 10:51:00,3,重载,False,正常,164,3
2024-04-02 10:52:00,2024-04-02 13:36:00,165,停机,True,异常持续段（>135min 阈值）,165,4
2024-04-02 13:37:00,2024-04-02 13:38:00,2,重载,False,正常,166,5
2024-04-02 13:39:00,2024-04-02 13:49:00,11,停机,False,正常,167,5
2024-04-02 13:50:00,2024-04-02 13:50:00,1,轻载,False,正常,168,5
2024-04-02 13:51:00,2024-04-02 13:51:00,1,重载,False,正常,169,5
2024-04-02 13:52:00,2024-04-02 16:05:00,134,停机,False,正常,170,5
2024-04-02 16:06:00,2024-04-02 16:06:00,1,重载,False,正常,171,5
2024-04-02 16:07:00,2024-04-02 16:12:00,6,停机,False,正常,172,5
2024-04-02 16:13:00,2024-04-02 16:13:00,1,重载,False,正常,173,5
2024-04-02 16:14:00,2024-04-02 16:20:00,7,停机,False,正常,174,5
2024-04-02 16:21:00,2024-04-02 16:25:00,5,重载,False,正常,175,5
2024-04-02 16:26:00,2024-04-02 16:29:00,4,停机,False,正常,176,5
2024-04-02 16:30:00,2024-04-02 16:51:00,22,重载,False,正常,177,5
2024-04-02 16:52:00,2024-04-02 16:53:00,2,停机,False,正常,178,5
2024-04-02 16:54:00,2024-04-02 18:08:00,75,重载,False,正常,179,5
2024-04-02 18:09:00,2024-04-02 18:09:00,1,停机,False,正常,180,5
2024-04-02 18:10:00,2024-04-02 19:37:00,88,重载,False,正常,181,5
2024-04-02 19:38:00,2024-04-02 19:47:00,10,停机,False,正常,182,5
2024-04-02 19:48:00,2024-04-02 19:52:00,5,重载,False,正常,183,5
2024-04-02 19:53:00,2024-04-02 19:53:00,1,停机,False,正常,184,5
2024-04-02 19:54:00,2024-04-02 20:09:00,16,重载,False,正常,185,5
2024-04-02 20:10:00,2024-04-02 20:10:00,1,停机,False,正常,186,5
2024-04-02 20:11:00,2024-04-02 20:16:00,6,重载,False,正常,187,5
2024-04-02 20:17:00,2024-04-02 20:17:00,1,停机,False,正常,188,5
2024-04-02 20:18:00,2024-04-02 20:39:00,22,重载,False,正常,189,5
2024-04-02 20:40:00,2024-04-02 20:41:00,2,停机,False,正常,190,5
2024-04-02 20:42:00,2024-04-02 21:58:00,77,重载,False,正常,191,5
2024-04-02 21:59:00,2024-04-02 22:13:00,15,停机,False,正常,192,5
2024-04-02 22:14:00,2024-04-02 22:48:00,35,重载,False,正常,193,5
2024-04-02 22:49:00,2024-04-02 22:50:00,2,停机,False,正常,194,5
2024-04-02 22:51:00,2024-04-02 23:33:00,43,重载,False,正常,195,5
2024-04-02 23:34:00,2024-04-02 23:36:00,3,停机,False,正常,196,5
2024-04-02 23:37:00,2024-04-02 23:38:00,2,重载,False,正常,197,5
2024-04-02 23:39:00,2024-04-02 23:40:00,2,轻载,False,正常,198,5
2024-04-02 23:41:00,2024-04-02 23:41:00,1,停机,False,正常,199,5
2024-04-02 23:42:00,2024-04-02 23:42:00,1,重载,False,正常,200,5
2024-04-02 23:43:00,2024-04-02 23:43:00,1,停机,False,正常,201,5
2024-04-02 23:44:00,2024-04-02 23:46:00,3,重载,False,正常,202,5
2024-04-02 23:47:00,2024-04-02 23:47:00,1,停机,False,正常,203,5
2024-04-02 23:48:00,2024-04-03 00:12:00,25,重载,False,正常,204,5
2024-04-03 00:13:00,2024-04-03 00:13:00,1,停机,False,正常,205,5
2024-04-03 00:14:00,2024-04-03 00:22:00,9,重载,False,正常,206,5
2024-04-03 00:23:00,2024-04-03 00:23:00,1,停机,False,正常,207,5
2024-04-03 00:24:00,2024-04-03 00:24:00,1,重载,False,正常,208,5
2024-04-03 00:25:00,2024-04-03 00:27:00,3,停机,False,正常,209,5
2024-04-03 00:28:00,2024-04-03 03:02:00,155,重载,True,异常持续段（>120min 阈值）,210,6
2024-04-03 03:03:00,2024-04-03 03:07:00,5,停机,False,正常,211,7
2024-04-03 03:08:00,2024-04-03 03:08:00,1,轻载,False,正常,212,7
2024-04-03 03:09:00,2024-04-03 03:44:00,36,重载,False,正常,213,7
2024-04-03 03:45:00,2024-04-03 03:46:00,2,停机,False,正常,214,7
2024-04-03 03:47:00,2024-04-03 05:22:00,96,重载,False,正常,215,7
2024-04-03 05:23:00,2024-04-03 05:23:00,1,停机,False,正常,216,7
2024-04-03 05:24:00,2024-04-03 07:04:00,101,重载,False,正常,217,7
2024-04-03 07:05:00,2024-04-03 07:05:00,1,停机,False,正常,218,7
2024-04-03 07:06:00,2024-04-03 07:38:00,33,重载,False,正常,219,7
2024-04-03 07:39:00,2024-04-03 07:43:00,5,停机,False,正常,220,7
2024-04-03 07:44:00,2024-04-03 08:27:00,44,重载,False,正常,221,7
2024-04-03 08:28:00,2024-04-03 08:31:00,4,停机,False,正常,222,7
2024-04-03 08:32:00,2024-04-03 08:32:00,1,轻载,False,正常,223,7
2024-04-03 08:33:00,2024-04-03 08:33:00,1,停机,False,正常,224,7
2024-04-03 08:34:00,2024-04-03 08:50:00,17,重载,False,正常,225,7
2024-04-03 08:51:00,2024-04-03 08:51:00,1,停机,False,正常,226,7
2024-04-03 08:52:00,2024-04-03 09:07:00,16,重载,False,正常,227,7
2024-04-03 09:08:00,2024-04-03 09:08:00,1,停机,False,正常,228,7
2024-04-03 09:09:00,2024-04-03 09:29:00,21,重载,False,正常,229,7
2024-04-03 09:30:00,2024-04-03 09:31:00,2,停机,False,正常,230,7
2024-04-03 09:32:00,2024-04-03 09:54:00,23,重载,False,正常,231,7
2024-04-03 09:55:00,2024-04-03 09:58:00,4,停机,False,正常,232,7
2024-04-03 09:59:00,2024-04-03 10:00:00,2,重载,False,正常,233,7
2024-04-03 10:01:00,2024-04-03 10:01:00,1,停机,False,正常,234,7
2024-04-03 10:02:00,2024-04-03 13:58:00,237,轻载,False,正常,235,7
2024-04-03 13:59:00,2024-04-03 13:59:00,1,停机,False,正常,236,7
2024-04-03 14:00:00,2024-04-03 14:00:00,1,轻载,False,正常,237,7
2024-04-03 14:01:00,2024-04-03 14:01:00,1,停机,False,正常,238,7
2024-04-03 14:02:00,2024-04-03 14:02:00,1,重载,False,正常,239,7
2024-04-03 14:03:00,2024-04-03 14:03:00,1,停机,False,正常,240,7
2024-04-03 14:04:00,2024-04-03 15:26:00,83,轻载,False,正常,241,7
2024-04-03 15:27:00,2024-04-03 15:27:00,1,重载,False,正常,242,7
2024-04-03 15:28:00,2024-04-03 15:48:00,21,停机,False,正常,243,7
2024-04-03 15:49:00,2024-04-03 15:50:00,2,轻载,False,正常,244,7
2024-04-03 15:51:00,2024-04-03 16:24:00,34,停机,False,正常,245,7
2024-04-03 16:25:00,2024-04-03 17:03:00,39,重载,False,正常,246,7
2024-04-03 17:04:00,2024-04-03 17:11:00,8,停机,False,正常,247,7
2024-04-03 17:12:00,2024-04-03 17:56:00,45,重载,False,正常,248,7
2024-04-03 17:57:00,2024-04-03 18:16:00,20,停机,False,正常,249,7
2024-04-03 18:17:00,2024-04-03 18:26:00,10,重载,False,正常,250,7
2024-04-03 18:27:00,2024-04-03 18:27:00,1,停机,False,正常,251,7
2024-04-03 18:28:00,2024-04-03 18:34:00,7,重载,False,正常,252,7
2024-04-03 18:35:00,2024-04-03 18:35:00,1,停机,False,正常,253,7
2024-04-03 18:36:00,2024-04-03 18:38:00,3,重载,False,正常,254,7
2024-04-03 18:39:00,2024-04-03 18:40:00,2,停机,False,正常,255,7
2024-04-03 18:41:00,2024-04-03 19:17:00,37,重载,False,正常,256,7
2024-04-03 19:18:00,2024-04-03 19:20:00,3,停机,False,正常,257,7
2024-04-03 19:21:00,2024-04-03 19:28:00,8,重载,False,正常,258,7
2024-04-03 19:29:00,2024-04-03 19:29:00,1,停机,False,正常,259,7
2024-04-03 19:30:00,2024-04-03 19:32:00,3,重载,False,正常,260,7
2024-04-03 19:33:00,2024-04-03 19:33:00,1,停机,False,正常,261,7
2024-04-03 19:34:00,2024-04-03 20:03:00,30,重载,False,正常,262,7
2024-04-03 20:04:00,2024-04-03 20:04:00,1,停机,False,正常,263,7
2024-04-03 20:05:00,2024-04-03 20:49:00,45,重载,False,正常,264,7
2024-04-03 20:50:00,2024-04-03 20:51:00,2,停机,False,正常,265,7
2024-04-03 20:52:00,2024-04-03 20:52:00,1,重载,False,正常,266,7
2024-04-03 20:53:00,2024-04-03 20:55:00,3,停机,False,正常,267,7
2024-04-03 20:56:00,2024-04-03 21:02:00,7,重载,False,正常,268,7
2024-04-03 21:03:00,2024-04-03 21:35:00,33,停机,False,正常,269,7
2024-04-03 21:36:00,2024-04-03 21:37:00,2,重载,False,正常,270,7
2024-04-03 21:38:00,2024-04-03 21:40:00,3,停机,False,正常,271,7
2024-04-03 21:41:00,2024-04-03 21:41:00,1,轻载,False,正常,272,7
2024-04-03 21:42:00,2024-04-03 22:46:00,65,重载,False,正常,273,7
2024-04-03 22:47:00,2024-04-03 22:48:00,2,停机,False,正常,274,7
2024-04-03 22:49:00,2024-04-03 23:00:00,12,重载,False,正常,275,7
2024-04-03 23:01:00,2024-04-03 23:01:00,1,停机,False,正常,276,7
2024-04-03 23:02:00,2024-04-03 23:48:00,47,重载,False,正常,277,7
2024-04-03 23:49:00,2024-04-03 23:50:00,2,停机,False,正常,278,7
2024-04-03 23:51:00,2024-04-03 23:51:00,1,重载,False,正常,279,7
2024-04-03 23:52:00,2024-04-03 23:52:00,1,停机,False,正常,280,7
2024-04-03 23:53:00,2024-04-03 23:55:00,3,重载,False,正常,281,7
2024-04-03 23:56:00,2024-04-03 23:56:00,1,停机,False,正常,282,7
2024-04-03 23:57:00,2024-04-04 00:00:00,4,重载,False,正常,283,7
2024-04-04 00:01:00,2024-04-04 00:03:00,3,停机,False,正常,284,7
2024-04-04 00:04:00,2024-04-04 00:31:00,28,重载,False,正常,285,7
2024-04-04 00:32:00,2024-04-04 00:33:00,2,停机,False,正常,286,7
2024-04-04 00:34:00,2024-04-04 00:41:00,8,重载,False,正常,287,7
2024-04-04 00:42:00,2024-04-04 00:42:00,1,停机,False,正常,288,7
2024-04-04 00:43:00,2024-04-04 01:29:00,47,重载,False,正常,289,7
2024-04-04 01:30:00,2024-04-04 01:30:00,1,停机,False,正常,290,7
2024-04-04 01:31:00,2024-04-04 02:00:00,30,重载,False,正常,291,7
2024-04-04 02:01:00,2024-04-04 02:01:00,1,停机,False,正常,292,7
2024-04-04 02:02:00,2024-04-04 03:37:00,96,轻载,False,正常,293,7
2024-04-04 03:38:00,2024-04-04 03:38:00,1,重载,False,正常,294,7
2024-04-04 03:39:00,2024-04-04 03:39:00,1,停机,False,正常,295,7
2024-04-04 03:40:00,2024-04-04 03:59:00,20,重载,False,正常,296,7
2024-04-04 04:00:00,2024-04-04 04:01:00,2,停机,False,正常,297,7
2024-04-04 04:02:00,2024-04-04 04:12:00,11,重载,False,正常,298,7
2024-04-04 04:13:00,2024-04-04 04:28:00,16,停机,False,正常,299,7
2024-04-04 04:29:00,2024-04-04 04:47:00,19,重载,False,正常,300,7
2024-04-04 04:48:00,2024-04-04 04:48:00,1,轻载,False,正常,301,7
2024-04-04 04:49:00,2024-04-04 05:55:00,67,重载,False,正常,302,7
2024-04-04 05:56:00,2024-04-04 05:56:00,1,停机,False,正常,303,7
2024-04-04 05:57:00,2024-04-04 07:21:00,85,重载,False,正常,304,7
2024-04-04 07:22:00,2024-04-04 07:24:00,3,停机,False,正常,305,7
2024-04-04 07:25:00,2024-04-04 08:03:00,39,重载,False,正常,306,7
2024-04-04 08:04:00,2024-04-04 08:08:00,5,停机,False,正常,307,7
2024-04-04 08:09:00,2024-04-04 08:17:00,9,轻载,False,正常,308,7
2024-04-04 08:18:00,2024-04-04 08:22:00,5,重载,False,正常,309,7
2024-04-04 08:23:00,2024-04-04 08:25:00,3,停机,False,正常,310,7
2024-04-04 08:26:00,2024-04-04 08:44:00,19,重载,False,正常,311,7
2024-04-04 08:45:00,2024-04-04 08:46:00,2,停机,False,正常,312,7
2024-04-04 08:47:00,2024-04-04 08:49:00,3,轻载,False,正常,313,7
2024-04-04 08:50:00,2024-04-04 08:52:00,3,停机,False,正常,314,7
2024-04-04 08:53:00,2024-04-04 08:57:00,5,重载,False,正常,315,7
2024-04-04 08:58:00,2024-04-04 09:01:00,4,停机,False,正常,316,7
2024-04-04 09:02:00,2024-04-04 09:02:00,1,重载,False,正常,317,7
2024-04-04 09:03:00,2024-04-04 09:04:00,2,停机,False,正常,318,7
2024-04-04 09:05:00,2024-04-04 09:05:00,1,重载,False,正常,319,7
2024-04-04 09:06:00,2024-04-04 09:06:00,1,轻载,False,正常,320,7
2024-04-04 09:07:00,2024-04-04 09:07:00,1,重载,False,正常,321,7
2024-04-04 09:08:00,2024-04-04 13:10:00,243,轻载,False,正常,322,7
2024-04-04 13:11:00,2024-04-04 13:48:00,38,停机,False,正常,323,7
2024-04-04 13:49:00,2024-04-04 13:49:00,1,轻载,False,正常,324,7
2024-04-04 13:50:00,2024-04-04 13:52:00,3,停机,False,正常,325,7
2024-04-04 13:53:00,2024-04-04 13:53:00,1,重载,False,正常,326,7
2024-04-04 13:54:00,2024-04-04 13:54:00,1,停机,False,正常,327,7
2024-04-04 13:55:00,2024-04-04 13:56:00,2,重载,False,正常,328,7
2024-04-04 13:57:00,2024-04-04 14:10:00,14,停机,False,正常,329,7
2024-04-04 14:11:00,2024-04-04 14:12:00,2,重载,False,正常,330,7
2024-04-04 14:13:00,2024-04-04 14:29:00,17,停机,False,正常,331,7
2024-04-04 14:30:00,2024-04-04 14:30:00,1,重载,False,正常,332,7
2024-04-04 14:31:00,2024-04-04 14:42:00,12,停机,False,正常,333,7
2024-04-04 14:43:00,2024-04-04 14:43:00,1,轻载,False,正常,334,7
2024-04-04 14:44:00,2024-04-04 14:44:00,1,停机,False,正常,335,7
2024-04-04 14:45:00,2024-04-04 14:45:00,1,重载,False,正常,336,7
2024-04-04 14:46:00,2024-04-04 15:06:00,21,停机,False,正常,337,7
2024-04-04 15:07:00,2024-04-04 15:07:00,1,轻载,False,正常,338,7
2024-04-04 15:08:00,2024-04-04 15:08:00,1,停机,False,正常,339,7
2024-04-04 15:09:00,2024-04-04 15:11:00,3,重载,False,正常,340,7
2024-04-04 15:12:00,2024-04-04 15:14:00,3,停机,False,正常,341,7
2024-04-04 15:15:00,2024-04-04 15:15:00,1,重载,False,正常,342,7
2024-04-04 15:16:00,2024-04-04 15:31:00,16,停机,False,正常,343,7
2024-04-04 15:32:00,2024-04-04 15:40:00,9,重载,False,正常,344,7
2024-04-04 15:41:00,2024-04-04 15:45:00,5,停机,False,正常,345,7
2024-04-04 15:46:00,2024-04-04 15:46:00,1,重载,False,正常,346,7
2024-04-04 15:47:00,2024-04-04 15:47:00,1,停机,False,正常,347,7
2024-04-04 15:48:00,2024-04-04 16:00:00,13,重载,False,正常,348,7
2024-04-04 16:01:00,2024-04-04 16:01:00,1,停机,False,正常,349,7
2024-04-04 16:02:00,2024-04-04 17:16:00,75,重载,False,正常,350,7
2024-04-04 17:17:00,2024-04-04 17:34:00,18,停机,False,正常,351,7
2024-04-04 17:35:00,2024-04-04 17:35:00,1,重载,False,正常,352,7
2024-04-04 17:36:00,2024-04-04 17:36:00,1,停机,False,正常,353,7
2024-04-04 17:37:00,2024-04-04 17:37:00,1,轻载,False,正常,354,7
2024-04-04 17:38:00,2024-04-04 19:31:00,114,重载,False,正常,355,7
2024-04-04 19:32:00,2024-04-04 19:32:00,1,停机,False,正常,356,7
2024-04-04 19:33:00,2024-04-04 19:46:00,14,重载,False,正常,357,7
2024-04-04 19:47:00,2024-04-04 19:48:00,2,停机,False,正常,358,7
2024-04-04 19:49:00,2024-04-04 19:50:00,2,重载,False,正常,359,7
2024-04-04 19:51:00,2024-04-04 19:54:00,4,停机,False,正常,360,7
2024-04-04 19:55:00,2024-04-04 19:59:00,5,重载,False,正常,361,7
2024-04-04 20:00:00,2024-04-04 20:00:00,1,停机,False,正常,362,7
2024-04-04 20:01:00,2024-04-04 20:31:00,31,重载,False,正常,363,7
2024-04-04 20:32:00,2024-04-04 20:34:00,3,停机,False,正常,364,7
2024-04-04 20:35:00,2024-04-04 21:57:00,83,重载,False,正常,365,7
2024-04-04 21:58:00,2024-04-04 22:02:00,5,停机,False,正常,366,7
2024-04-04 22:03:00,2024-04-04 22:55:00,53,重载,False,正常,367,7
2024-04-04 22:56:00,2024-04-04 22:59:00,4,停机,False,正常,368,7
2024-04-04 23:00:00,2024-04-04 23:06:00,7,重载,False,正常,369,7
2024-04-04 23:07:00,2024-04-04 23:07:00,1,停机,False,正常,370,7
2024-04-04 23:08:00,2024-04-04 23:11:00,4,重载,False,正常,371,7
2024-04-04 23:12:00,2024-04-04 23:13:00,2,停机,False,正常,372,7
2024-04-04 23:14:00,2024-04-04 23:30:00,17,重载,False,正常,373,7
2024-04-04 23:31:00,2024-04-04 23:31:00,1,停机,False,正常,374,7
2024-04-04 23:32:00,2024-04-04 23:48:00,17,重载,False,正常,375,7
2024-04-04 23:49:00,2024-04-04 23:49:00,1,停机,False,正常,376,7
2024-04-04 23:50:00,2024-04-04 23:50:00,1,轻载,False,正常,377,7
2024-04-04 23:51:00,2024-04-04 23:53:00,3,停机,False,正常,378,7
2024-04-04 23:54:00,2024-04-04 23:56:00,3,重载,False,正常,379,7
2024-04-04 23:57:00,2024-04-05 00:01:00,5,停机,False,正常,380,7
2024-04-05 00:02:00,2024-04-05 01:46:00,105,重载,False,正常,381,7
2024-04-05 01:47:00,2024-04-05 01:47:00,1,停机,False,正常,382,7
2024-04-05 01:48:00,2024-04-05 01:54:00,7,重载,False,正常,383,7
2024-04-05 01:55:00,2024-04-05 02:00:00,6,停机,False,正常,384,7
2024-04-05 02:01:00,2024-04-05 02:34:00,34,重载,False,正常,385,7
2024-04-05 02:35:00,2024-04-05 02:37:00,3,停机,False,正常,386,7
2024-04-05 02:38:00,2024-04-05 03:03:00,26,重载,False,正常,387,7
2024-04-05 03:04:00,2024-04-05 03:06:00,3,停机,False,正常,388,7
2024-04-05 03:07:00,2024-04-05 03:25:00,19,重载,False,正常,389,7
2024-04-05 03:26:00,2024-04-05 03:26:00,1,停机,False,正常,390,7
2024-04-05 03:27:00,2024-04-05 04:24:00,58,重载,False,正常,391,7
2024-04-05 04:25:00,2024-04-05 04:25:00,1,轻载,False,正常,392,7
2024-04-05 04:26:00,2024-04-05 05:09:00,44,重载,False,正常,393,7
2024-04-05 05:10:00,2024-04-05 05:10:00,1,停机,False,正常,394,7
2024-04-05 05:11:00,2024-04-05 05:14:00,4,重载,False,正常,395,7
2024-04-05 05:15:00,2024-04-05 05:17:00,3,停机,False,正常,396,7
2024-04-05 05:18:00,2024-04-05 05:22:00,5,重载,False,正常,397,7
2024-04-05 05:23:00,2024-04-05 05:25:00,3,停机,False,正常,398,7
2024-04-05 05:26:00,2024-04-05 05:31:00,6,重载,False,正常,399,7
2024-04-05 05:32:00,2024-04-05 05:56:00,25,停机,False,正常,400,7
2024-04-05 05:57:00,2024-04-05 06:47:00,51,重载,False,正常,401,7
2024-04-05 06:48:00,2024-04-05 06:49:00,2,停机,False,正常,402,7
2024-04-05 06:50:00,2024-04-05 06:54:00,5,重载,False,正常,403,7
2024-04-05 06:55:00,2024-04-05 06:55:00,1,停机,False,正常,404,7
2024-04-05 06:56:00,2024-04-05 07:04:00,9,重载,False,正常,405,7
2024-04-05 07:05:00,2024-04-05 07:05:00,1,轻载,False,正常,406,7
2024-04-05 07:06:00,2024-04-05 07:12:00,7,停机,False,正常,407,7
2024-04-05 07:13:00,2024-04-05 07:13:00,1,轻载,False,正常,408,7
2024-04-05 07:14:00,2024-04-05 07:16:00,3,停机,False,正常,409,7
2024-04-05 07:17:00,2024-04-05 07:49:00,33,重载,False,正常,410,7
2024-04-05 07:50:00,2024-04-05 07:50:00,1,停机,False,正常,411,7
2024-04-05 07:51:00,2024-04-05 08:06:00,16,重载,False,正常,412,7
2024-04-05 08:07:00,2024-04-05 08:12:00,6,停机,False,正常,413,7
2024-04-05 08:13:00,2024-04-05 08:21:00,9,重载,False,正常,414,7
2024-04-05 08:22:00,2024-04-05 08:33:00,12,停机,False,正常,415,7
2024-04-05 08:34:00,2024-04-05 08:34:00,1,重载,False,正常,416,7
2024-04-05 08:35:00,2024-04-05 08:40:00,6,停机,False,正常,417,7
2024-04-05 08:41:00,2024-04-05 08:55:00,15,重载,False,正常,418,7
2024-04-05 08:56:00,2024-04-05 09:03:00,8,停机,False,正常,419,7
2024-04-05 09:04:00,2024-04-05 09:12:00,9,重载,False,正常,420,7
2024-04-05 09:13:00,2024-04-05 09:25:00,13,停机,False,正常,421,7
2024-04-05 09:26:00,2024-04-05 10:05:00,40,重载,False,正常,422,7
2024-04-05 10:06:00,2024-04-05 10:06:00,1,停机,False,正常,423,7
2024-04-05 10:07:00,2024-04-05 10:08:00,2,重载,False,正常,424,7
2024-04-05 10:09:00,2024-04-05 10:09:00,1,停机,False,正常,425,7
2024-04-05 10:10:00,2024-04-05 10:11:00,2,重载,False,正常,426,7
2024-04-05 10:12:00,2024-04-05 10:12:00,1,停机,False,正常,427,7
2024-04-05 10:13:00,2024-04-05 10:14:00,2,重载,False,正常,428,7
2024-04-05 10:15:00,2024-04-05 10:16:00,2,停机,False,正常,429,7
2024-04-05 10:17:00,2024-04-05 13:59:00,223,轻载,False,正常,430,7
2024-04-05 14:00:00,2024-04-05 15:00:00,61,停机,False,正常,431,7
2024-04-05 15:01:00,2024-04-05 15:01:00,1,重载,False,正常,432,7
2024-04-05 15:02:00,2024-04-05 15:16:00,15,停机,False,正常,433,7
2024-04-05 15:17:00,2024-04-05 15:19:00,3,重载,False,正常,434,7
2024-04-05 15:20:00,2024-04-05 15:35:00,16,停机,False,正常,435,7
2024-04-05 15:36:00,2024-04-05 15:36:00,1,轻载,False,正常,436,7
2024-04-05 15:37:00,2024-04-05 15:37:00,1,停机,False,正常,437,7
2024-04-05 15:38:00,2024-04-05 15:39:00,2,重载,False,正常,438,7
2024-04-05 15:40:00,2024-04-05 15:40:00,1,停机,False,正常,439,7
2024-04-05 15:41:00,2024-04-05 15:42:00,2,重载,False,正常,440,7
2024-04-05 15:43:00,2024-04-05 15:48:00,6,停机,False,正常,441,7
2024-04-05 15:49:00,2024-04-05 15:49:00,1,重载,False,正常,442,7
2024-04-05 15:50:00,2024-04-05 15:54:00,5,停机,False,正常,443,7
2024-04-05 15:55:00,2024-04-05 16:15:00,21,重载,False,正常,444,7
2024-04-05 16:16:00,2024-04-05 16:16:00,1,停机,False,正常,445,7
2024-04-05 16:17:00,2024-04-05 16:18:00,2,重载,False,正常,446,7
2024-04-05 16:19:00,2024-04-05 16:19:00,1,停机,False,正常,447,7
2024-04-05 16:20:00,2024-04-05 16:39:00,20,重载,False,正常,448,7
2024-04-05 16:40:00,2024-04-05 16:45:00,6,停机,False,正常,449,7
2024-04-05 16:46:00,2024-04-05 16:49:00,4,重载,False,正常,450,7
2024-04-05 16:50:00,2024-04-05 17:03:00,14,停机,False,正常,451,7
2024-04-05 17:04:00,2024-04-05 17:07:00,4,重载,False,正常,452,7
2024-04-05 17:08:00,2024-04-05 17:16:00,9,停机,False,正常,453,7
2024-04-05 17:17:00,2024-04-05 17:38:00,22,重载,False,正常,454,7
2024-04-05 17:39:00,2024-04-05 17:39:00,1,停机,False,正常,455,7
2024-04-05 17:40:00,2024-04-05 18:07:00,28,重载,False,正常,456,7
2024-04-05 18:08:00,2024-04-05 18:08:00,1,停机,False,正常,457,7
2024-04-05 18:09:00,2024-04-05 18:13:00,5,重载,False,正常,458,7
2024-04-05 18:14:00,2024-04-05 18:14:00,1,停机,False,正常,459,7
2024-04-05 18:15:00,2024-04-05 18:32:00,18,重载,False,正常,460,7
2024-04-05 18:33:00,2024-04-05 18:33:00,1,停机,False,正常,461,7
2024-04-05 18:34:00,2024-04-05 18:40:00,7,重载,False,正常,462,7
2024-04-05 18:41:00,2024-04-05 18:41:00,1,停机,False,正常,463,7
2024-04-05 18:42:00,2024-04-05 19:22:00,41,重载,False,正常,464,7
2024-04-05 19:23:00,2024-04-05 19:23:00,1,停机,False,正常,465,7
2024-04-05 19:24:00,2024-04-05 19:52:00,29,重载,False,正常,466,7
2024-04-05 19:53:00,2024-04-05 20:02:00,10,停机,False,正常,467,7
2024-04-05 20:03:00,2024-04-05 20:32:00,30,重载,False,正常,468,7
2024-04-05 20:33:00,2024-04-05 20:33:00,1,停机,False,正常,469,7
2024-04-05 20:34:00,2024-04-05 21:00:00,27,重载,False,正常,470,7
2024-04-05 21:01:00,2024-04-05 21:05:00,5,停机,False,正常,471,7
2024-04-05 21:06:00,2024-04-05 21:44:00,39,重载,False,正常,472,7
2024-04-05 21:45:00,2024-04-05 21:46:00,2,停机,False,正常,473,7
2024-04-05 21:47:00,2024-04-05 21:47:00,1,重载,False,正常,474,7
2024-04-05 21:48:00,2024-04-05 21:51:00,4,停机,False,正常,475,7
2024-04-05 21:52:00,2024-04-05 22:21:00,30,重载,False,正常,476,7
2024-04-05 22:22:00,2024-04-05 22:24:00,3,停机,False,正常,477,7
2024-04-05 22:25:00,2024-04-05 22:49:00,25,重载,False,正常,478,7
2024-04-05 22:50:00,2024-04-05 22:51:00,2,停机,False,正常,479,7
2024-04-05 22:52:00,2024-04-05 23:08:00,17,重载,False,正常,480,7
2024-04-05 23:09:00,2024-04-05 23:17:00,9,停机,False,正常,481,7
2024-04-05 23:18:00,2024-04-05 23:19:00,2,重载,False,正常,482,7
2024-04-05 23:20:00,2024-04-05 23:57:00,38,停机,False,正常,483,7
2024-04-05 23:58:00,2024-04-06 00:05:00,8,轻载,False,正常,484,7
2024-04-06 00:06:00,2024-04-06 00:07:00,2,停机,False,正常,485,7
2024-04-06 00:08:00,2024-04-06 00:08:00,1,重载,False,正常,486,7
2024-04-06 00:09:00,2024-04-06 00:13:00,5,停机,False,正常,487,7
2024-04-06 00:14:00,2024-04-06 00:37:00,24,重载,False,正常,488,7
2024-04-06 00:38:00,2024-04-06 00:38:00,1,停机,False,正常,489,7
2024-04-06 00:39:00,2024-04-06 00:56:00,18,重载,False,正常,490,7
2024-04-06 00:57:00,2024-04-06 00:58:00,2,停机,False,正常,491,7
2024-04-06 00:59:00,2024-04-06 02:05:00,67,重载,False,正常,492,7
2024-04-06 02:06:00,2024-04-06 02:06:00,1,停机,False,正常,493,7
2024-04-06 02:07:00,2024-04-06 02:07:00,1,重载,False,正常,494,7
2024-04-06 02:08:00,2024-04-06 02:15:00,8,停机,False,正常,495,7
2024-04-06 02:16:00,2024-04-06 03:02:00,47,重载,False,正常,496,7
2024-04-06 03:03:00,2024-04-06 03:05:00,3,停机,False,正常,497,7
2024-04-06 03:06:00,2024-04-06 03:59:00,54,重载,False,正常,498,7
2024-04-06 04:00:00,2024-04-06 04:00:00,1,停机,False,正常,499,7
2024-04-06 04:01:00,2024-04-06 04:06:00,6,重载,False,正常,500,7
2024-04-06 04:07:00,2024-04-06 04:27:00,21,停机,False,正常,501,7
2024-04-06 04:28:00,2024-04-06 04:34:00,7,重载,False,正常,502,7
2024-04-06 04:35:00,2024-04-06 04:39:00,5,停机,False,正常,503,7
2024-04-06 04:40:00,2024-04-06 04:43:00,4,重载,False,正常,504,7
2024-04-06 04:44:00,2024-04-06 04:44:00,1,停机,False,正常,505,7
2024-04-06 04:45:00,2024-04-06 04:45:00,1,重载,False,正常,506,7
2024-04-06 04:46:00,2024-04-06 04:48:00,3,停机,False,正常,507,7
2024-04-06 04:49:00,2024-04-06 05:05:00,17,重载,False,正常,508,7
2024-04-06 05:06:00,2024-04-06 05:33:00,28,停机,False,正常,509,7
2024-04-06 05:34:00,2024-04-06 05:40:00,7,重载,False,正常,510,7
2024-04-06 05:41:00,2024-04-06 05:41:00,1,停机,False,正常,511,7
2024-04-06 05:42:00,2024-04-06 06:49:00,68,重载,False,正常,512,7
2024-04-06 06:50:00,2024-04-06 06:50:00,1,停机,False,正常,513,7
2024-04-06 06:51:00,2024-04-06 07:03:00,13,重载,False,正常,514,7
2024-04-06 07:04:00,2024-04-06 07:04:00,1,停机,False,正常,515,7
2024-04-06 07:05:00,2024-04-06 07:06:00,2,重载,False,正常,516,7
2024-04-06 07:07:00,2024-04-06 07:08:00,2,停机,False,正常,517,7
2024-04-06 07:09:00,2024-04-06 07:23:00,15,重载,False,正常,518,7
2024-04-06 07:24:00,2024-04-06 07:24:00,1,停机,False,正常,519,7
2024-04-06 07:25:00,2024-04-06 07:59:00,35,重载,False,正常,520,7
2024-04-06 08:00:00,2024-04-06 08:02:00,3,停机,False,正常,521,7
2024-04-06 08:03:00,2024-04-06 09:56:00,114,重载,False,正常,522,7
2024-04-06 09:57:00,2024-04-06 09:57:00,1,停机,False,正常,523,7
2024-04-06 09:58:00,2024-04-06 10:01:00,4,重载,False,正常,524,7
2024-04-06 10:02:00,2024-04-06 10:03:00,2,停机,False,正常,525,7
2024-04-06 10:04:00,2024-04-06 10:04:00,1,重载,False,正常,526,7
2024-04-06 10:05:00,2024-04-06 11:29:00,85,停机,False,正常,527,7
2024-04-06 11:30:00,2024-04-06 12:50:00,81,轻载,False,正常,528,7
2024-04-06 12:51:00,2024-04-06 13:12:00,22,停机,False,正常,529,7
2024-04-06 13:13:00,2024-04-06 13:14:00,2,重载,False,正常,530,7
2024-04-06 13:15:00,2024-04-06 13:15:00,1,停机,False,正常,531,7
2024-04-06 13:16:00,2024-04-06 14:03:00,48,轻载,False,正常,532,7
2024-04-06 14:04:00,2024-04-06 14:04:00,1,停机,False,正常,533,7
2024-04-06 14:05:00,2024-04-06 14:08:00,4,重载,False,正常,534,7
2024-04-06 14:09:00,2024-04-06 15:03:00,55,轻载,False,正常,535,7
2024-04-06 15:04:00,2024-04-06 15:04:00,1,重载,False,正常,536,7
2024-04-06 15:05:00,2024-04-06 15:28:00,24,停机,False,正常,537,7
2024-04-06 15:29:00,2024-04-06 15:39:00,11,重载,False,正常,538,7
2024-04-06 15:40:00,2024-04-06 15:40:00,1,停机,False,正常,539,7
2024-04-06 15:41:00,2024-04-06 15:46:00,6,重载,False,正常,540,7
2024-04-06 15:47:00,2024-04-06 15:47:00,1,停机,False,正常,541,7
2024-04-06 15:48:00,2024-04-06 15:50:00,3,重载,False,正常,542,7
2024-04-06 15:51:00,2024-04-06 15:51:00,1,停机,False,正常,543,7
2024-04-06 15:52:00,2024-04-06 15:52:00,1,重载,False,正常,544,7
2024-04-06 15:53:00,2024-04-06 15:53:00,1,停机,False,正常,545,7
2024-04-06 15:54:00,2024-04-06 15:54:00,1,轻载,False,正常,546,7
2024-04-06 15:55:00,2024-04-06 16:01:00,7,重载,False,正常,547,7
2024-04-06 16:02:00,2024-04-06 16:08:00,7,停机,False,正常,548,7
2024-04-06 16:09:00,2024-04-06 16:13:00,5,重载,False,正常,549,7
2024-04-06 16:14:00,2024-04-06 16:14:00,1,停机,False,正常,550,7
2024-04-06 16:15:00,2024-04-06 16:18:00,4,重载,False,正常,551,7
2024-04-06 16:19:00,2024-04-06 16:21:00,3,停机,False,正常,552,7
2024-04-06 16:22:00,2024-04-06 16:30:00,9,重载,False,正常,553,7
2024-04-06 16:31:00,2024-04-06 16:34:00,4,停机,False,正常,554,7
2024-04-06 16:35:00,2024-04-06 17:13:00,39,重载,False,正常,555,7
2024-04-06 17:14:00,2024-04-06 17:15:00,2,停机,False,正常,556,7
2024-04-06 17:16:00,2024-04-06 17:20:00,5,重载,False,正常,557,7
2024-04-06 17:21:00,2024-04-06 17:34:00,14,停机,False,正常,558,7
2024-04-06 17:35:00,2024-04-06 17:45:00,11,重载,False,正常,559,7
2024-04-06 17:46:00,2024-04-06 17:49:00,4,停机,False,正常,560,7
2024-04-06 17:50:00,2024-04-06 17:56:00,7,重载,False,正常,561,7
2024-04-06 17:57:00,2024-04-06 18:01:00,5,轻载,False,正常,562,7
2024-04-06 18:02:00,2024-04-06 18:22:00,21,重载,False,正常,563,7
2024-04-06 18:23:00,2024-04-06 18:24:00,2,停机,False,正常,564,7
2024-04-06 18:25:00,2024-04-06 19:17:00,53,重载,False,正常,565,7
2024-04-06 19:18:00,2024-04-06 19:19:00,2,停机,False,正常,566,7
2024-04-06 19:20:00,2024-04-06 19:31:00,12,重载,False,正常,567,7
2024-04-06 19:32:00,2024-04-06 19:34:00,3,停机,False,正常,568,7
2024-04-06 19:35:00,2024-04-06 20:20:00,46,重载,False,正常,569,7
2024-04-06 20:21:00,2024-04-06 20:22:00,2,停机,False,正常,570,7
2024-04-06 20:23:00,2024-04-06 21:24:00,62,重载,False,正常,571,7
2024-04-06 21:25:00,2024-04-06 21:44:00,20,停机,False,正常,572,7
2024-04-06 21:45:00,2024-04-06 21:54:00,10,重载,False,正常,573,7
2024-04-06 21:55:00,2024-04-06 21:57:00,3,停机,False,正常,574,7
2024-04-06 21:58:00,2024-04-06 22:28:00,31,重载,False,正常,575,7
2024-04-06 22:29:00,2024-04-06 22:37:00,9,停机,False,正常,576,7
2024-04-06 22:38:00,2024-04-06 22:55:00,18,重载,False,正常,577,7
2024-04-06 22:56:00,2024-04-06 22:59:00,4,停机,False,正常,578,7
2024-04-06 23:00:00,2024-04-06 23:08:00,9,重载,False,正常,579,7
2024-04-06 23:09:00,2024-04-06 23:21:00,13,停机,False,正常,580,7
2024-04-06 23:22:00,2024-04-06 23:45:00,24,重载,False,正常,581,7
2024-04-06 23:46:00,2024-04-06 23:47:00,2,停机,False,正常,582,7
2024-04-06 23:48:00,2024-04-06 23:48:00,1,轻载,False,正常,583,7
2024-04-06 23:49:00,2024-04-06 23:50:00,2,重载,False,正常,584,7
2024-04-06 23:51:00,2024-04-06 23:54:00,4,停机,False,正常,585,7
2024-04-06 23:55:00,2024-04-07 00:04:00,10,重载,False,正常,586,7
2024-04-07 00:05:00,2024-04-07 00:05:00,1,轻载,False,正常,587,7
2024-04-07 00:06:00,2024-04-07 00:31:00,26,重载,False,正常,588,7
2024-04-07 00:32:00,2024-04-07 00:36:00,5,停机,False,正常,589,7
2024-04-07 00:37:00,2024-04-07 00:38:00,2,重载,False,正常,590,7
2024-04-07 00:39:00,2024-04-07 00:39:00,1,停机,False,正常,591,7
2024-04-07 00:40:00,2024-04-07 01:07:00,28,重载,False,正常,592,7
2024-04-07 01:08:00,2024-04-07 01:09:00,2,停机,False,正常,593,7
2024-04-07 01:10:00,2024-04-07 01:11:00,2,重载,False,正常,594,7
2024-04-07 01:12:00,2024-04-07 01:39:00,28,停机,False,正常,595,7
2024-04-07 01:40:00,2024-04-07 01:41:00,2,重载,False,正常,596,7
2024-04-07 01:42:00,2024-04-07 01:42:00,1,停机,False,正常,597,7
2024-04-07 01:43:00,2024-04-07 01:45:00,3,重载,False,正常,598,7
2024-04-07 01:46:00,2024-04-07 01:46:00,1,停机,False,正常,599,7
2024-04-07 01:47:00,2024-04-07 01:47:00,1,重载,False,正常,600,7
2024-04-07 01:48:00,2024-04-07 02:15:00,28,停机,False,正常,601,7
2024-04-07 02:16:00,2024-04-07 02:16:00,1,轻载,False,正常,602,7
2024-04-07 02:17:00,2024-04-07 03:14:00,58,重载,False,正常,603,7
2024-04-07 03:15:00,2024-04-07 03:15:00,1,轻载,False,正常,604,7
2024-04-07 03:16:00,2024-04-07 03:19:00,4,重载,False,正常,605,7
2024-04-07 03:20:00,2024-04-07 03:21:00,2,停机,False,正常,606,7
2024-04-07 03:22:00,2024-04-07 03:23:00,2,重载,False,正常,607,7
2024-04-07 03:24:00,2024-04-07 03:24:00,1,停机,False,正常,608,7
2024-04-07 03:25:00,2024-04-07 04:23:00,59,重载,False,正常,609,7
2024-04-07 04:24:00,2024-04-07 04:26:00,3,停机,False,正常,610,7
2024-04-07 04:27:00,2024-04-07 05:10:00,44,重载,False,正常,611,7
2024-04-07 05:11:00,2024-04-07 05:11:00,1,停机,False,正常,612,7
2024-04-07 05:12:00,2024-04-07 05:12:00,1,重载,False,正常,613,7
2024-04-07 05:13:00,2024-04-07 05:13:00,1,停机,False,正常,614,7
2024-04-07 05:14:00,2024-04-07 05:18:00,5,重载,False,正常,615,7
2024-04-07 05:19:00,2024-04-07 05:19:00,1,停机,False,正常,616,7
2024-04-07 05:20:00,2024-04-07 06:31:00,72,重载,False,正常,617,7
2024-04-07 06:32:00,2024-04-07 06:33:00,2,停机,False,正常,618,7
2024-04-07 06:34:00,2024-04-07 07:07:00,34,重载,False,正常,619,7
2024-04-07 07:08:00,2024-04-07 07:08:00,1,停机,False,正常,620,7
2024-04-07 07:09:00,2024-04-07 07:10:00,2,重载,False,正常,621,7
2024-04-07 07:11:00,2024-04-07 07:11:00,1,停机,False,正常,622,7
2024-04-07 07:12:00,2024-04-07 07:16:00,5,重载,False,正常,623,7
2024-04-07 07:17:00,2024-04-07 07:18:00,2,停机,False,正常,624,7
2024-04-07 07:19:00,2024-04-07 07:21:00,3,重载,False,正常,625,7
2024-04-07 07:22:00,2024-04-07 07:22:00,1,停机,False,正常,626,7
2024-04-07 07:23:00,2024-04-07 07:25:00,3,重载,False,正常,627,7
2024-04-07 07:26:00,2024-04-07 07:26:00,1,停机,False,正常,628,7
2024-04-07 07:27:00,2024-04-07 08:20:00,54,重载,False,正常,629,7
2024-04-07 08:21:00,2024-04-07 08:24:00,4,停机,False,正常,630,7
2024-04-07 08:25:00,2024-04-07 08:33:00,9,重载,False,正常,631,7
2024-04-07 08:34:00,2024-04-07 08:37:00,4,停机,False,正常,632,7
2024-04-07 08:38:00,2024-04-07 08:51:00,14,重载,False,正常,633,7
2024-04-07 08:52:00,2024-04-07 08:52:00,1,停机,False,正常,634,7
2024-04-07 08:53:00,2024-04-07 08:53:00,1,重载,False,正常,635,7
2024-04-07 08:54:00,2024-04-07 08:56:00,3,停机,False,正常,636,7
2024-04-07 08:57:00,2024-04-07 09:42:00,46,重载,False,正常,637,7
2024-04-07 09:43:00,2024-04-07 09:43:00,1,停机,False,正常,638,7
2024-04-07 09:44:00,2024-04-07 09:50:00,7,重载,False,正常,639,7
2024-04-07 09:51:00,2024-04-07 10:29:00,39,停机,False,正常,640,7
2024-04-07 10:30:00,2024-04-07 10:30:00,1,轻载,False,正常,641,7
2024-04-07 10:31:00,2024-04-07 10:32:00,2,重载,False,正常,642,7
2024-04-07 10:33:00,2024-04-07 10:35:00,3,停机,False,正常,643,7
2024-04-07 10:36:00,2024-04-07 10:37:00,2,重载,False,正常,644,7
2024-04-07 10:38:00,2024-04-07 11:26:00,49,轻载,False,正常,645,7
2024-04-07 11:27:00,2024-04-07 11:27:00,1,停机,False,正常,646,7
2024-04-07 11:28:00,2024-04-07 11:48:00,21,轻载,False,正常,647,7
2024-04-07 11:49:00,2024-04-07 14:52:00,184,停机,True,异常持续段（>135min 阈值）,648,8
2024-04-07 14:53:00,2024-04-07 14:53:00,1,重载,False,正常,649,9
2024-04-07 14:54:00,2024-04-07 15:16:00,23,停机,False,正常,650,9
2024-04-07 15:17:00,2024-04-07 15:17:00,1,轻载,False,正常,651,9
2024-04-07 15:18:00,2024-04-07 15:26:00,9,停机,False,正常,652,9
2024-04-07 15:27:00,2024-04-07 15:31:00,5,重载,False,正常,653,9
2024-04-07 15:32:00,2024-04-07 15:37:00,6,停机,False,正常,654,9
2024-04-07 15:38:00,2024-04-07 15:51:00,14,重载,False,正常,655,9
2024-04-07 15:52:00,2024-04-07 15:56:00,5,停机,False,正常,656,9
2024-04-07 15:57:00,2024-04-07 17:10:00,74,重载,False,正常,657,9
2024-04-07 17:11:00,2024-04-07 17:11:00,1,停机,False,正常,658,9
2024-04-07 17:12:00,2024-04-07 17:21:00,10,重载,False,正常,659,9
2024-04-07 17:22:00,2024-04-07 17:31:00,10,停机,False,正常,660,9
2024-04-07 17:32:00,2024-04-07 17:34:00,3,重载,False,正常,661,9
2024-04-07 17:35:00,2024-04-07 17:40:00,6,停机,False,正常,662,9
2024-04-07 17:41:00,2024-04-07 18:24:00,44,重载,False,正常,663,9
2024-04-07 18:25:00,2024-04-07 18:26:00,2,停机,False,正常,664,9
2024-04-07 18:27:00,2024-04-07 18:54:00,28,重载,False,正常,665,9
2024-04-07 18:55:00,2024-04-07 19:07:00,13,停机,False,正常,666,9
2024-04-07 19:08:00,2024-04-07 19:46:00,39,重载,False,正常,667,9
2024-04-07 19:47:00,2024-04-07 19:53:00,7,停机,False,正常,668,9
2024-04-07 19:54:00,2024-04-07 19:55:00,2,重载,False,正常,669,9
2024-04-07 19:56:00,2024-04-07 20:01:00,6,停机,False,正常,670,9
2024-04-07 20:02:00,2024-04-07 20:07:00,6,重载,False,正常,671,9
2024-04-07 20:08:00,2024-04-07 20:15:00,8,停机,False,正常,672,9
2024-04-07 20:16:00,2024-04-07 20:20:00,5,重载,False,正常,673,9
2024-04-07 20:21:00,2024-04-07 20:21:00,1,停机,False,正常,674,9
2024-04-07 20:22:00,2024-04-07 20:42:00,21,重载,False,正常,675,9
2024-04-07 20:43:00,2024-04-07 20:43:00,1,停机,False,正常,676,9
2024-04-07 20:44:00,2024-04-07 20:44:00,1,重载,False,正常,677,9
2024-04-07 20:45:00,2024-04-07 21:08:00,24,停机,False,正常,678,9
2024-04-07 21:09:00,2024-04-07 21:09:00,1,重载,False,正常,679,9
2024-04-07 21:10:00,2024-04-07 21:10:00,1,停机,False,正常,680,9
2024-04-07 21:11:00,2024-04-07 22:23:00,73,重载,False,正常,681,9
2024-04-07 22:24:00,2024-04-07 22:26:00,3,停机,False,正常,682,9
2024-04-07 22:27:00,2024-04-07 22:28:00,2,重载,False,正常,683,9
2024-04-07 22:29:00,2024-04-07 22:29:00,1,停机,False,正常,684,9
2024-04-07 22:30:00,2024-04-07 23:00:00,31,重载,False,正常,685,9
2024-04-07 23:01:00,2024-04-07 23:01:00,1,停机,False,正常,686,9
2024-04-07 23:02:00,2024-04-07 23:12:00,11,重载,False,正常,687,9
2024-04-07 23:13:00,2024-04-07 23:13:00,1,停机,False,正常,688,9
2024-04-07 23:14:00,2024-04-07 23:14:00,1,轻载,False,正常,689,9
2024-04-07 23:15:00,2024-04-07 23:25:00,11,重载,False,正常,690,9
2024-04-07 23:26:00,2024-04-07 23:28:00,3,停机,False,正常,691,9
2024-04-07 23:29:00,2024-04-07 23:31:00,3,重载,False,正常,692,9
2024-04-07 23:32:00,2024-04-07 23:32:00,1,轻载,False,正常,693,9
2024-04-07 23:33:00,2024-04-07 23:35:00,3,停机,False,正常,694,9
2024-04-07 23:36:00,2024-04-07 23:50:00,15,重载,False,正常,695,9
2024-04-07 23:51:00,2024-04-07 23:51:00,1,停机,False,正常,696,9
2024-04-07 23:52:00,2024-04-08 00:21:00,30,重载,False,正常,697,9
2024-04-08 00:22:00,2024-04-08 00:22:00,1,停机,False,正常,698,9
2024-04-08 00:23:00,2024-04-08 00:38:00,16,重载,False,正常,699,9
2024-04-08 00:39:00,2024-04-08 00:48:00,10,停机,False,正常,700,9
2024-04-08 00:49:00,2024-04-08 01:17:00,29,重载,False,正常,701,9
2024-04-08 01:18:00,2024-04-08 01:19:00,2,停机,False,正常,702,9
2024-04-08 01:20:00,2024-04-08 01:25:00,6,重载,False,正常,703,9
2024-04-08 01:26:00,2024-04-08 01:26:00,1,停机,False,正常,704,9
2024-04-08 01:27:00,2024-04-08 01:29:00,3,重载,False,正常,705,9
2024-04-08 01:30:00,2024-04-08 01:32:00,3,停机,False,正常,706,9
2024-04-08 01:33:00,2024-04-08 02:18:00,46,重载,False,正常,707,9
2024-04-08 02:19:00,2024-04-08 02:19:00,1,停机,False,正常,708,9
2024-04-08 02:20:00,2024-04-08 02:27:00,8,重载,False,正常,709,9
2024-04-08 02:28:00,2024-04-08 02:28:00,1,停机,False,正常,710,9
2024-04-08 02:29:00,2024-04-08 03:44:00,76,重载,False,正常,711,9
2024-04-08 03:45:00,2024-04-08 03:46:00,2,停机,False,正常,712,9
2024-04-08 03:47:00,2024-04-08 04:28:00,42,重载,False,正常,713,9
2024-04-08 04:29:00,2024-04-08 04:29:00,1,轻载,False,正常,714,9
2024-04-08 04:30:00,2024-04-08 04:30:00,1,重载,False,正常,715,9
2024-04-08 04:31:00,2024-04-08 04:31:00,1,停机,False,正常,716,9
2024-04-08 04:32:00,2024-04-08 04:37:00,6,重载,False,正常,717,9
2024-04-08 04:38:00,2024-04-08 04:38:00,1,停机,False,正常,718,9
2024-04-08 04:39:00,2024-04-08 04:59:00,21,重载,False,正常,719,9
2024-04-08 05:00:00,2024-04-08 05:00:00,1,停机,False,正常,720,9
2024-04-08 05:01:00,2024-04-08 05:02:00,2,重载,False,正常,721,9
2024-04-08 05:03:00,2024-04-08 05:03:00,1,停机,False,正常,722,9
2024-04-08 05:04:00,2024-04-08 05:04:00,1,重载,False,正常,723,9
2024-04-08 05:05:00,2024-04-08 05:05:00,1,停机,False,正常,724,9
2024-04-08 05:06:00,2024-04-08 05:47:00,42,重载,False,正常,725,9
2024-04-08 05:48:00,2024-04-08 06:13:00,26,停机,False,正常,726,9
2024-04-08 06:14:00,2024-04-08 06:21:00,8,重载,False,正常,727,9
2024-04-08 06:22:00,2024-04-08 06:22:00,1,停机,False,正常,728,9
2024-04-08 06:23:00,2024-04-08 06:25:00,3,重载,False,正常,729,9
2024-04-08 06:26:00,2024-04-08 06:30:00,5,停机,False,正常,730,9
2024-04-08 06:31:00,2024-04-08 06:41:00,11,重载,False,正常,731,9
2024-04-08 06:42:00,2024-04-08 06:42:00,1,停机,False,正常,732,9
2024-04-08 06:43:00,2024-04-08 06:47:00,5,重载,False,正常,733,9
2024-04-08 06:48:00,2024-04-08 06:49:00,2,停机,False,正常,734,9
2024-04-08 06:50:00,2024-04-08 06:52:00,3,重载,False,正常,735,9
2024-04-08 06:53:00,2024-04-08 06:54:00,2,停机,False,正常,736,9
2024-04-08 06:55:00,2024-04-08 07:14:00,20,重载,False,正常,737,9
2024-04-08 07:15:00,2024-04-08 07:15:00,1,停机,False,正常,738,9
2024-04-08 07:16:00,2024-04-08 07:16:00,1,轻载,False,正常,739,9
2024-04-08 07:17:00,2024-04-08 07:21:00,5,重载,False,正常,740,9
2024-04-08 07:22:00,2024-04-08 08:27:00,66,停机,False,正常,741,9
2024-04-08 08:28:00,2024-04-08 08:28:00,1,重载,False,正常,742,9
2024-04-08 08:29:00,2024-04-08 08:29:00,1,停机,False,正常,743,9
2024-04-08 08:30:00,2024-04-08 08:30:00,1,重载,False,正常,744,9
2024-04-08 08:31:00,2024-04-08 08:54:00,24,停机,False,正常,745,9
2024-04-08 08:55:00,2024-04-08 08:55:00,1,轻载,False,正常,746,9
2024-04-08 08:56:00,2024-04-08 08:56:00,1,重载,False,正常,747,9
2024-04-08 08:57:00,2024-04-08 09:01:00,5,停机,False,正常,748,9
2024-04-08 09:02:00,2024-04-08 09:02:00,1,重载,False,正常,749,9
2024-04-08 09:03:00,2024-04-08 09:10:00,8,停机,False,正常,750,9
2024-04-08 09:11:00,2024-04-08 10:02:00,52,重载,False,正常,751,9
2024-04-08 10:03:00,2024-04-08 10:07:00,5,停机,False,正常,752,9
2024-04-08 10:08:00,2024-04-08 10:09:00,2,重载,False,正常,753,9
2024-04-08 10:10:00,2024-04-08 10:10:00,1,停机,False,正常,754,9
2024-04-08 10:11:00,2024-04-08 10:14:00,4,重载,False,正常,755,9
2024-04-08 10:15:00,2024-04-08 11:47:00,93,轻载,False,正常,756,9
2024-04-08 11:48:00,2024-04-08 11:50:00,3,停机,False,正常,757,9
2024-04-08 11:51:00,2024-04-08 13:12:00,82,轻载,False,正常,758,9
2024-04-08 13:13:00,2024-04-08 13:14:00,2,停机,False,正常,759,9
2024-04-08 13:15:00,2024-04-08 13:15:00,1,重载,False,正常,760,9
2024-04-08 13:16:00,2024-04-08 13:27:00,12,轻载,False,正常,761,9
2024-04-08 13:28:00,2024-04-08 13:39:00,12,停机,False,正常,762,9
2024-04-08 13:40:00,2024-04-08 13:47:00,8,轻载,False,正常,763,9
2024-04-08 13:48:00,2024-04-08 13:51:00,4,重载,False,正常,764,9
2024-04-08 13:52:00,2024-04-08 13:52:00,1,停机,False,正常,765,9
2024-04-08 13:53:00,2024-04-08 13:53:00,1,重载,False,正常,766,9
2024-04-08 13:54:00,2024-04-08 14:20:00,27,轻载,False,正常,767,9
2024-04-08 14:21:00,2024-04-08 14:22:00,2,停机,False,正常,768,9
2024-04-08 14:23:00,2024-04-08 14:37:00,15,轻载,False,正常,769,9
2024-04-08 14:38:00,2024-04-08 14:38:00,1,重载,False,正常,770,9
2024-04-08 14:39:00,2024-04-08 14:39:00,1,停机,False,正常,771,9
2024-04-08 14:40:00,2024-04-08 15:55:00,76,轻载,False,正常,772,9
2024-04-08 15:56:00,2024-04-08 15:57:00,2,停机,False,正常,773,9
2024-04-08 15:58:00,2024-04-08 16:00:00,3,重载,False,正常,774,9
2024-04-08 16:01:00,2024-04-08 16:01:00,1,停机,False,正常,775,9
2024-04-08 16:02:00,2024-04-08 16:02:00,1,重载,False,正常,776,9
2024-04-08 16:03:00,2024-04-08 16:06:00,4,停机,False,正常,777,9
2024-04-08 16:07:00,2024-04-08 16:11:00,5,重载,False,正常,778,9
2024-04-08 16:12:00,2024-04-08 16:12:00,1,停机,False,正常,779,9
2024-04-08 16:13:00,2024-04-08 16:15:00,3,重载,False,正常,780,9
2024-04-08 16:16:00,2024-04-08 16:16:00,1,停机,False,正常,781,9
2024-04-08 16:17:00,2024-04-08 16:40:00,24,重载,False,正常,782,9
2024-04-08 16:41:00,2024-04-08 16:41:00,1,停机,False,正常,783,9
2024-04-08 16:42:00,2024-04-08 16:42:00,1,重载,False,正常,784,9
2024-04-08 16:43:00,2024-04-08 16:45:00,3,停机,False,正常,785,9
2024-04-08 16:46:00,2024-04-08 17:01:00,16,重载,False,正常,786,9
2024-04-08 17:02:00,2024-04-08 17:03:00,2,停机,False,正常,787,9
2024-04-08 17:04:00,2024-04-08 17:06:00,3,重载,False,正常,788,9
2024-04-08 17:07:00,2024-04-08 17:07:00,1,停机,False,正常,789,9
2024-04-08 17:08:00,2024-04-08 17:10:00,3,重载,False,正常,790,9
2024-04-08 17:11:00,2024-04-08 17:11:00,1,停机,False,正常,791,9
2024-04-08 17:12:00,2024-04-08 17:17:00,6,重载,False,正常,792,9
2024-04-08 17:18:00,2024-04-08 17:18:00,1,停机,False,正常,793,9
2024-04-08 17:19:00,2024-04-08 17:20:00,2,重载,False,正常,794,9
2024-04-08 17:21:00,2024-04-08 17:21:00,1,停机,False,正常,795,9
2024-04-08 17:22:00,2024-04-08 17:33:00,12,重载,False,正常,796,9
2024-04-08 17:34:00,2024-04-08 17:34:00,1,停机,False,正常,797,9
2024-04-08 17:35:00,2024-04-08 17:36:00,2,重载,False,正常,798,9
2024-04-08 17:37:00,2024-04-08 17:37:00,1,停机,False,正常,799,9
2024-04-08 17:38:00,2024-04-08 17:41:00,4,重载,False,正常,800,9
2024-04-08 17:42:00,2024-04-08 17:42:00,1,停机,False,正常,801,9
2024-04-08 17:43:00,2024-04-08 17:52:00,10,重载,False,正常,802,9
2024-04-08 17:53:00,2024-04-08 17:53:00,1,轻载,False,正常,803,9
2024-04-08 17:54:00,2024-04-08 17:55:00,2,停机,False,正常,804,9
2024-04-08 17:56:00,2024-04-08 18:33:00,38,重载,False,正常,805,9
2024-04-08 18:34:00,2024-04-08 18:35:00,2,停机,False,正常,806,9
2024-04-08 18:36:00,2024-04-08 18:39:00,4,重载,False,正常,807,9
2024-04-08 18:40:00,2024-04-08 18:43:00,4,停机,False,正常,808,9
2024-04-08 18:44:00,2024-04-08 18:45:00,2,重载,False,正常,809,9
2024-04-08 18:46:00,2024-04-08 18:52:00,7,停机,False,正常,810,9
2024-04-08 18:53:00,2024-04-08 18:59:00,7,重载,False,正常,811,9
2024-04-08 19:00:00,2024-04-08 19:04:00,5,轻载,False,正常,812,9
2024-04-08 19:05:00,2024-04-08 19:22:00,18,重载,False,正常,813,9
2024-04-08 19:23:00,2024-04-08 19:24:00,2,停机,False,正常,814,9
2024-04-08 19:25:00,2024-04-08 19:42:00,18,重载,False,正常,815,9
2024-04-08 19:43:00,2024-04-08 19:56:00,14,停机,False,正常,816,9
2024-04-08 19:57:00,2024-04-08 20:10:00,14,重载,False,正常,817,9
2024-04-08 20:11:00,2024-04-08 20:11:00,1,停机,False,正常,818,9
2024-04-08 20:12:00,2024-04-08 23:20:00,189,重载,True,异常持续段（>120min 阈值）,819,10
2024-04-08 23:21:00,2024-04-08 23:22:00,2,停机,False,正常,820,11
2024-04-08 23:23:00,2024-04-08 23:45:00,23,重载,False,正常,821,11
2024-04-08 23:46:00,2024-04-08 23:46:00,1,停机,False,正常,822,11
2024-04-08 23:47:00,2024-04-08 23:47:00,1,轻载,False,正常,823,11
2024-04-08 23:48:00,2024-04-08 23:50:00,3,重载,False,正常,824,11
2024-04-08 23:51:00,2024-04-08 23:55:00,5,停机,False,正常,825,11
2024-04-08 23:56:00,2024-04-09 00:10:00,15,重载,False,正常,826,11
2024-04-09 00:11:00,2024-04-09 01:09:00,59,停机,False,正常,827,11
2024-04-09 01:10:00,2024-04-09 01:11:00,2,轻载,False,正常,828,11
2024-04-09 01:12:00,2024-04-09 01:12:00,1,停机,False,正常,829,11
2024-04-09 01:13:00,2024-04-09 01:15:00,3,重载,False,正常,830,11
2024-04-09 01:16:00,2024-04-09 01:16:00,1,停机,False,正常,831,11
2024-04-09 01:17:00,2024-04-09 01:29:00,13,重载,False,正常,832,11
2024-04-09 01:30:00,2024-04-09 01:30:00,1,停机,False,正常,833,11
2024-04-09 01:31:00,2024-04-09 02:02:00,32,重载,False,正常,834,11
2024-04-09 02:03:00,2024-04-09 02:03:00,1,停机,False,正常,835,11
2024-04-09 02:04:00,2024-04-09 02:12:00,9,重载,False,正常,836,11
2024-04-09 02:13:00,2024-04-09 02:13:00,1,停机,False,正常,837,11
2024-04-09 02:14:00,2024-04-09 02:16:00,3,重载,False,正常,838,11
2024-04-09 02:17:00,2024-04-09 02:18:00,2,停机,False,正常,839,11
2024-04-09 02:19:00,2024-04-09 02:32:00,14,重载,False,正常,840,11
2024-04-09 02:33:00,2024-04-09 02:33:00,1,停机,False,正常,841,11
2024-04-09 02:34:00,2024-04-09 03:29:00,56,重载,False,正常,842,11
2024-04-09 03:30:00,2024-04-09 03:31:00,2,停机,False,正常,843,11
2024-04-09 03:32:00,2024-04-09 04:08:00,37,重载,False,正常,844,11
2024-04-09 04:09:00,2024-04-09 04:10:00,2,停机,False,正常,845,11
2024-04-09 04:11:00,2024-04-09 04:12:00,2,重载,False,正常,846,11
2024-04-09 04:13:00,2024-04-09 04:14:00,2,停机,False,正常,847,11
2024-04-09 04:15:00,2024-04-09 04:36:00,22,重载,False,正常,848,11
2024-04-09 04:37:00,2024-04-09 04:37:00,1,停机,False,正常,849,11
2024-04-09 04:38:00,2024-04-09 05:35:00,58,重载,False,正常,850,11
2024-04-09 05:36:00,2024-04-09 05:36:00,1,停机,False,正常,851,11
2024-04-09 05:37:00,2024-04-09 05:50:00,14,重载,False,正常,852,11
2024-04-09 05:51:00,2024-04-09 06:32:00,42,停机,False,正常,853,11
2024-04-09 06:33:00,2024-04-09 07:32:00,60,重载,False,正常,854,11
2024-04-09 07:33:00,2024-04-09 07:47:00,15,停机,False,正常,855,11
2024-04-09 07:48:00,2024-04-09 08:23:00,36,重载,False,正常,856,11
2024-04-09 08:24:00,2024-04-09 08:24:00,1,停机,False,正常,857,11
2024-04-09 08:25:00,2024-04-09 08:27:00,3,重载,False,正常,858,11
2024-04-09 08:28:00,2024-04-09 08:28:00,1,停机,False,正常,859,11
2024-04-09 08:29:00,2024-04-09 08:29:00,1,轻载,False,正常,860,11
2024-04-09 08:30:00,2024-04-09 08:30:00,1,重载,False,正常,861,11
2024-04-09 08:31:00,2024-04-09 08:31:00,1,停机,False,正常,862,11
2024-04-09 08:32:00,2024-04-09 08:32:00,1,重载,False,正常,863,11
2024-04-09 08:33:00,2024-04-09 08:33:00,1,停机,False,正常,864,11
2024-04-09 08:34:00,2024-04-09 08:37:00,4,重载,False,正常,865,11
2024-04-09 08:38:00,2024-04-09 10:16:00,99,轻载,False,正常,866,11
2024-04-09 10:17:00,2024-04-09 10:19:00,3,停机,False,正常,867,11
2024-04-09 10:20:00,2024-04-09 10:20:00,1,重载,False,正常,868,11
2024-04-09 10:21:00,2024-04-09 13:26:00,186,轻载,False,正常,869,11
2024-04-09 13:27:00,2024-04-09 13:28:00,2,停机,False,正常,870,11
2024-04-09 13:29:00,2024-04-09 13:29:00,1,重载,False,正常,871,11
2024-04-09 13:30:00,2024-04-09 14:31:00,62,轻载,False,正常,872,11
2024-04-09 14:32:00,2024-04-09 15:34:00,63,停机,False,正常,873,11
2024-04-09 15:35:00,2024-04-09 15:35:00,1,轻载,False,正常,874,11
2024-04-09 15:36:00,2024-04-09 15:53:00,18,停机,False,正常,875,11
2024-04-09 15:54:00,2024-04-09 15:54:00,1,重载,False,正常,876,11
2024-04-09 15:55:00,2024-04-09 15:58:00,4,停机,False,正常,877,11
2024-04-09 15:59:00,2024-04-09 15:59:00,1,轻载,False,正常,878,11
2024-04-09 16:00:00,2024-04-09 16:09:00,10,停机,False,正常,879,11
2024-04-09 16:10:00,2024-04-09 16:10:00,1,重载,False,正常,880,11
2024-04-09 16:11:00,2024-04-09 16:52:00,42,轻载,False,正常,881,11
2024-04-09 16:53:00,2024-04-09 16:59:00,7,停机,False,正常,882,11
2024-04-09 17:00:00,2024-04-09 17:04:00,5,重载,False,正常,883,11
2024-04-09 17:05:00,2024-04-09 17:10:00,6,停机,False,正常,884,11
2024-04-09 17:11:00,2024-04-09 17:31:00,21,重载,False,正常,885,11
2024-04-09 17:32:00,2024-04-09 17:32:00,1,停机,False,正常,886,11
2024-04-09 17:33:00,2024-04-09 18:07:00,35,重载,False,正常,887,11
2024-04-09 18:08:00,2024-04-09 18:13:00,6,停机,False,正常,888,11
2024-04-09 18:14:00,2024-04-09 18:14:00,1,重载,False,正常,889,11
2024-04-09 18:15:00,2024-04-09 18:18:00,4,停机,False,正常,890,11
2024-04-09 18:19:00,2024-04-09 18:47:00,29,轻载,False,正常,891,11
2024-04-09 18:48:00,2024-04-09 18:49:00,2,停机,False,正常,892,11
2024-04-09 18:50:00,2024-04-09 21:26:00,157,轻载,False,正常,893,11
2024-04-09 21:27:00,2024-04-09 21:33:00,7,重载,False,正常,894,11
2024-04-09 21:34:00,2024-04-09 21:34:00,1,停机,False,正常,895,11
2024-04-09 21:35:00,2024-04-09 21:59:00,25,重载,False,正常,896,11
2024-04-09 22:00:00,2024-04-09 22:00:00,1,停机,False,正常,897,11
2024-04-09 22:01:00,2024-04-09 22:12:00,12,重载,False,正常,898,11
2024-04-09 22:13:00,2024-04-09 22:13:00,1,停机,False,正常,899,11
2024-04-09 22:14:00,2024-04-09 22:19:00,6,重载,False,正常,900,11
2024-04-09 22:20:00,2024-04-09 22:20:00,1,轻载,False,正常,901,11
2024-04-09 22:21:00,2024-04-09 22:21:00,1,停机,False,正常,902,11
2024-04-09 22:22:00,2024-04-10 00:45:00,144,轻载,False,正常,903,11
2024-04-10 00:46:00,2024-04-10 00:53:00,8,停机,False,正常,904,11
2024-04-10 00:54:00,2024-04-10 02:19:00,86,重载,False,正常,905,11
2024-04-10 02:20:00,2024-04-10 02:20:00,1,停机,False,正常,906,11
2024-04-10 02:21:00,2024-04-10 02:39:00,19,重载,False,正常,907,11
2024-04-10 02:40:00,2024-04-10 02:40:00,1,停机,False,正常,908,11
2024-04-10 02:41:00,2024-04-10 02:41:00,1,重载,False,正常,909,11
2024-04-10 02:42:00,2024-04-10 02:42:00,1,停机,False,正常,910,11
2024-04-10 02:43:00,2024-04-10 02:43:00,1,重载,False,正常,911,11
2024-04-10 02:44:00,2024-04-10 02:44:00,1,轻载,False,正常,912,11
2024-04-10 02:45:00,2024-04-10 02:54:00,10,重载,False,正常,913,11
2024-04-10 02:55:00,2024-04-10 02:57:00,3,停机,False,正常,914,11
2024-04-10 02:58:00,2024-04-10 03:17:00,20,重载,False,正常,915,11
2024-04-10 03:18:00,2024-04-10 03:18:00,1,停机,False,正常,916,11
2024-04-10 03:19:00,2024-04-10 03:39:00,21,重载,False,正常,917,11
2024-04-10 03:40:00,2024-04-10 04:12:00,33,停机,False,正常,918,11
2024-04-10 04:13:00,2024-04-10 12:28:00,496,重载,True,传感器断电/断线（段持续 >= 6h）,919,12
2024-04-10 12:29:00,2024-04-10 12:46:00,18,轻载,False,正常,920,13
2024-04-10 12:47:00,2024-04-10 13:54:00,68,停机,False,正常,921,13
2024-04-10 13:55:00,2024-04-10 13:56:00,2,重载,False,正常,922,13
2024-04-10 13:57:00,2024-04-10 14:23:00,27,轻载,False,正常,923,13
2024-04-10 14:24:00,2024-04-10 14:30:00,7,停机,False,正常,924,13
2024-04-10 14:31:00,2024-04-10 14:31:00,1,重载,False,正常,925,13
2024-04-10 14:32:00,2024-04-10 15:08:00,37,轻载,False,正常,926,13
2024-04-10 15:09:00,2024-04-10 15:10:00,2,停机,False,正常,927,13
2024-04-10 15:11:00,2024-04-10 15:11:00,1,重载,False,正常,928,13
2024-04-10 15:12:00,2024-04-10 15:44:00,33,停机,False,正常,929,13
2024-04-10 15:45:00,2024-04-10 15:45:00,1,重载,False,正常,930,13
2024-04-10 15:46:00,2024-04-10 15:51:00,6,停机,False,正常,931,13
2024-04-10 15:52:00,2024-04-10 16:09:00,18,重载,False,正常,932,13
2024-04-10 16:10:00,2024-04-10 16:12:00,3,停机,False,正常,933,13
2024-04-10 16:13:00,2024-04-10 17:17:00,65,重载,False,正常,934,13
2024-04-10 17:18:00,2024-04-10 17:18:00,1,停机,False,正常,935,13
2024-04-10 17:19:00,2024-04-10 17:20:00,2,轻载,False,正常,936,13
2024-04-10 17:21:00,2024-04-10 17:34:00,14,停机,False,正常,937,13
2024-04-10 17:35:00,2024-04-10 17:35:00,1,重载,False,正常,938,13
2024-04-10 17:36:00,2024-04-10 17:42:00,7,停机,False,正常,939,13
2024-04-10 17:43:00,2024-04-10 17:49:00,7,重载,False,正常,940,13
2024-04-10 17:50:00,2024-04-10 17:51:00,2,停机,False,正常,941,13
2024-04-10 17:52:00,2024-04-10 17:52:00,1,轻载,False,正常,942,13
2024-04-10 17:53:00,2024-04-10 19:43:00,111,停机,False,正常,943,13
2024-04-10 19:44:00,2024-04-10 19:49:00,6,轻载,False,正常,944,13
2024-04-10 19:50:00,2024-04-10 19:54:00,5,停机,False,正常,945,13
2024-04-10 19:55:00,2024-04-10 20:03:00,9,重载,False,正常,946,13
2024-04-10 20:04:00,2024-04-10 20:04:00,1,停机,False,正常,947,13
2024-04-10 20:05:00,2024-04-10 20:10:00,6,重载,False,正常,948,13
2024-04-10 20:11:00,2024-04-10 20:41:00,31,停机,False,正常,949,13
2024-04-10 20:42:00,2024-04-10 22:39:00,118,重载,False,正常,950,13
2024-04-10 22:40:00,2024-04-10 22:41:00,2,停机,False,正常,951,13
2024-04-10 22:42:00,2024-04-10 23:50:00,69,重载,False,正常,952,13
2024-04-10 23:51:00,2024-04-10 23:53:00,3,停机,False,正常,953,13
2024-04-10 23:54:00,2024-04-10 23:55:00,2,轻载,False,正常,954,13
2024-04-10 23:56:00,2024-04-10 23:56:00,1,停机,False,正常,955,13
2024-04-10 23:57:00,2024-04-10 23:57:00,1,重载,False,正常,956,13
2024-04-10 23:58:00,2024-04-10 23:58:00,1,停机,False,正常,957,13
2024-04-10 23:59:00,2024-04-11 00:18:00,20,重载,False,正常,958,13
2024-04-11 00:19:00,2024-04-11 00:20:00,2,停机,False,正常,959,13
2024-04-11 00:21:00,2024-04-11 01:13:00,53,重载,False,正常,960,13
2024-04-11 01:14:00,2024-04-11 01:15:00,2,停机,False,正常,961,13
2024-04-11 01:16:00,2024-04-11 01:41:00,26,重载,False,正常,962,13
2024-04-11 01:42:00,2024-04-11 01:52:00,11,停机,False,正常,963,13
2024-04-11 01:53:00,2024-04-11 02:18:00,26,重载,False,正常,964,13
2024-04-11 02:19:00,2024-04-11 02:35:00,17,停机,False,正常,965,13
2024-04-11 02:36:00,2024-04-11 02:43:00,8,重载,False,正常,966,13
2024-04-11 02:44:00,2024-04-11 02:44:00,1,停机,False,正常,967,13
2024-04-11 02:45:00,2024-04-11 02:50:00,6,重载,False,正常,968,13
2024-04-11 02:51:00,2024-04-11 02:51:00,1,停机,False,正常,969,13
2024-04-11 02:52:00,2024-04-11 02:54:00,3,重载,False,正常,970,13
2024-04-11 02:55:00,2024-04-11 02:55:00,1,停机,False,正常,971,13
2024-04-11 02:56:00,2024-04-11 02:56:00,1,轻载,False,正常,972,13
2024-04-11 02:57:00,2024-04-11 02:58:00,2,停机,False,正常,973,13
2024-04-11 02:59:00,2024-04-11 03:08:00,10,重载,False,正常,974,13
2024-04-11 03:09:00,2024-04-11 03:09:00,1,停机,False,正常,975,13
2024-04-11 03:10:00,2024-04-11 03:14:00,5,重载,False,正常,976,13
2024-04-11 03:15:00,2024-04-11 03:15:00,1,停机,False,正常,977,13
2024-04-11 03:16:00,2024-04-11 03:26:00,11,重载,False,正常,978,13
2024-04-11 03:27:00,2024-04-11 03:27:00,1,停机,False,正常,979,13
2024-04-11 03:28:00,2024-04-11 03:33:00,6,重载,False,正常,980,13
2024-04-11 03:34:00,2024-04-11 03:34:00,1,停机,False,正常,981,13
2024-04-11 03:35:00,2024-04-11 03:45:00,11,重载,False,正常,982,13
2024-04-11 03:46:00,2024-04-11 03:46:00,1,停机,False,正常,983,13
2024-04-11 03:47:00,2024-04-11 04:02:00,16,重载,False,正常,984,13
2024-04-11 04:03:00,2024-04-11 04:23:00,21,停机,False,正常,985,13
2024-04-11 04:24:00,2024-04-11 05:49:00,86,重载,False,正常,986,13
2024-04-11 05:50:00,2024-04-11 05:50:00,1,轻载,False,正常,987,13
2024-04-11 05:51:00,2024-04-11 06:49:00,59,重载,False,正常,988,13
2024-04-11 06:50:00,2024-04-11 06:50:00,1,轻载,False,正常,989,13
2024-04-11 06:51:00,2024-04-11 06:58:00,8,重载,False,正常,990,13
2024-04-11 06:59:00,2024-04-11 06:59:00,1,轻载,False,正常,991,13
2024-04-11 07:00:00,2024-04-11 07:15:00,16,重载,False,正常,992,13
2024-04-11 07:16:00,2024-04-11 07:16:00,1,停机,False,正常,993,13
2024-04-11 07:17:00,2024-04-11 07:17:00,1,轻载,False,正常,994,13
2024-04-11 07:18:00,2024-04-11 07:22:00,5,重载,False,正常,995,13
2024-04-11 07:23:00,2024-04-11 07:23:00,1,停机,False,正常,996,13
2024-04-11 07:24:00,2024-04-11 07:24:00,1,重载,False,正常,997,13
2024-04-11 07:25:00,2024-04-11 07:25:00,1,停机,False,正常,998,13
2024-04-11 07:26:00,2024-04-11 07:51:00,26,重载,False,正常,999,13
2024-04-11 07:52:00,2024-04-11 07:53:00,2,停机,False,正常,1000,13
2024-04-11 07:54:00,2024-04-11 08:20:00,27,重载,False,正常,1001,13
2024-04-11 08:21:00,2024-04-11 08:24:00,4,停机,False,正常,1002,13
2024-04-11 08:25:00,2024-04-11 08:32:00,8,重载,False,正常,1003,13
2024-04-11 08:33:00,2024-04-11 08:33:00,1,轻载,False,正常,1004,13
2024-04-11 08:34:00,2024-04-11 08:37:00,4,停机,False,正常,1005,13
2024-04-11 08:38:00,2024-04-11 08:39:00,2,重载,False,正常,1006,13
2024-04-11 08:40:00,2024-04-11 08:40:00,1,停机,False,正常,1007,13
2024-04-11 08:41:00,2024-04-11 09:21:00,41,重载,False,正常,1008,13
2024-04-11 09:22:00,2024-04-11 09:22:00,1,停机,False,正常,1009,13
2024-04-11 09:23:00,2024-04-11 10:08:00,46,重载,False,正常,1010,13
2024-04-11 10:09:00,2024-04-11 10:13:00,5,停机,False,正常,1011,13
2024-04-11 10:14:00,2024-04-11 14:10:00,237,轻载,False,正常,1012,13
2024-04-11 14:11:00,2024-04-11 14:20:00,10,停机,False,正常,1013,13
2024-04-11 14:21:00,2024-04-11 14:23:00,3,重载,False,正常,1014,13
2024-04-11 14:24:00,2024-04-11 14:24:00,1,停机,False,正常,1015,13
2024-04-11 14:25:00,2024-04-11 14:25:00,1,重载,False,正常,1016,13
2024-04-11 14:26:00,2024-04-11 14:27:00,2,停机,False,正常,1017,13
2024-04-11 14:28:00,2024-04-11 14:28:00,1,重载,False,正常,1018,13
2024-04-11 14:29:00,2024-04-11 15:10:00,42,停机,False,正常,1019,13
2024-04-11 15:11:00,2024-04-11 15:11:00,1,轻载,False,正常,1020,13
2024-04-11 15:12:00,2024-04-11 15:13:00,2,停机,False,正常,1021,13
2024-04-11 15:14:00,2024-04-11 15:14:00,1,重载,False,正常,1022,13
2024-04-11 15:15:00,2024-04-11 15:15:00,1,停机,False,正常,1023,13
2024-04-11 15:16:00,2024-04-11 15:39:00,24,轻载,False,正常,1024,13
2024-04-11 15:40:00,2024-04-11 15:41:00,2,停机,False,正常,1025,13
2024-04-11 15:42:00,2024-04-11 15:42:00,1,重载,False,正常,1026,13
2024-04-11 15:43:00,2024-04-11 15:43:00,1,停机,False,正常,1027,13
2024-04-11 15:44:00,2024-04-11 15:44:00,1,重载,False,正常,1028,13
2024-04-11 15:45:00,2024-04-11 15:49:00,5,停机,False,正常,1029,13
2024-04-11 15:50:00,2024-04-11 16:00:00,11,重载,False,正常,1030,13
2024-04-11 16:01:00,2024-04-11 16:03:00,3,停机,False,正常,1031,13
2024-04-11 16:04:00,2024-04-11 16:09:00,6,重载,False,正常,1032,13
2024-04-11 16:10:00,2024-04-11 16:12:00,3,停机,False,正常,1033,13
2024-04-11 16:13:00,2024-04-11 16:19:00,7,重载,False,正常,1034,13
2024-04-11 16:20:00,2024-04-11 16:23:00,4,停机,False,正常,1035,13
2024-04-11 16:24:00,2024-04-11 16:37:00,14,重载,False,正常,1036,13
2024-04-11 16:38:00,2024-04-11 16:40:00,3,停机,False,正常,1037,13
2024-04-11 16:41:00,2024-04-11 17:00:00,20,重载,False,正常,1038,13
2024-04-11 17:01:00,2024-04-11 17:01:00,1,停机,False,正常,1039,13
2024-04-11 17:02:00,2024-04-11 17:03:00,2,重载,False,正常,1040,13
2024-04-11 17:04:00,2024-04-11 17:05:00,2,停机,False,正常,1041,13
2024-04-11 17:06:00,2024-04-11 17:09:00,4,轻载,False,正常,1042,13
2024-04-11 17:10:00,2024-04-11 17:10:00,1,停机,False,正常,1043,13
2024-04-11 17:11:00,2024-04-11 17:16:00,6,轻载,False,正常,1044,13
2024-04-11 17:17:00,2024-04-11 19:20:00,124,停机,False,正常,1045,13
2024-04-11 19:21:00,2024-04-11 19:21:00,1,重载,False,正常,1046,13
2024-04-11 19:22:00,2024-04-11 19:34:00,13,停机,False,正常,1047,13
2024-04-11 19:35:00,2024-04-11 19:43:00,9,轻载,False,正常,1048,13
2024-04-11 19:44:00,2024-04-11 20:15:00,32,重载,False,正常,1049,13
2024-04-11 20:16:00,2024-04-11 20:16:00,1,停机,False,正常,1050,13
2024-04-11 20:17:00,2024-04-11 20:20:00,4,重载,False,正常,1051,13
2024-04-11 20:21:00,2024-04-11 20:21:00,1,停机,False,正常,1052,13
2024-04-11 20:22:00,2024-04-11 20:23:00,2,重载,False,正常,1053,13
2024-04-11 20:24:00,2024-04-11 20:24:00,1,停机,False,正常,1054,13
2024-04-11 20:25:00,2024-04-11 20:25:00,1,轻载,False,正常,1055,13
2024-04-11 20:26:00,2024-04-11 21:30:00,65,重载,False,正常,1056,13
2024-04-11 21:31:00,2024-04-11 21:31:00,1,停机,False,正常,1057,13
2024-04-11 21:32:00,2024-04-11 21:47:00,16,重载,False,正常,1058,13
2024-04-11 21:48:00,2024-04-11 21:50:00,3,停机,False,正常,1059,13
2024-04-11 21:51:00,2024-04-11 22:04:00,14,重载,False,正常,1060,13
2024-04-11 22:05:00,2024-04-11 22:06:00,2,停机,False,正常,1061,13
2024-04-11 22:07:00,2024-04-11 22:27:00,21,重载,False,正常,1062,13
2024-04-11 22:28:00,2024-04-11 22:28:00,1,停机,False,正常,1063,13
2024-04-11 22:29:00,2024-04-11 22:48:00,20,重载,False,正常,1064,13
2024-04-11 22:49:00,2024-04-11 22:49:00,1,停机,False,正常,1065,13
2024-04-11 22:50:00,2024-04-11 22:50:00,1,重载,False,正常,1066,13
2024-04-11 22:51:00,2024-04-11 22:51:00,1,停机,False,正常,1067,13
2024-04-11 22:52:00,2024-04-11 22:53:00,2,重载,False,正常,1068,13
2024-04-11 22:54:00,2024-04-11 22:54:00,1,停机,False,正常,1069,13
2024-04-11 22:55:00,2024-04-11 23:01:00,7,重载,False,正常,1070,13
2024-04-11 23:02:00,2024-04-11 23:02:00,1,停机,False,正常,1071,13
2024-04-11 23:03:00,2024-04-11 23:07:00,5,重载,False,正常,1072,13
2024-04-11 23:08:00,2024-04-11 23:09:00,2,停机,False,正常,1073,13
2024-04-11 23:10:00,2024-04-11 23:28:00,19,重载,False,正常,1074,13
2024-04-11 23:29:00,2024-04-11 23:30:00,2,停机,False,正常,1075,13
2024-04-11 23:31:00,2024-04-11 23:35:00,5,重载,False,正常,1076,13
2024-04-11 23:36:00,2024-04-11 23:36:00,1,停机,False,正常,1077,13
2024-04-11 23:37:00,2024-04-11 23:48:00,12,重载,False,正常,1078,13
2024-04-11 23:49:00,2024-04-11 23:49:00,1,停机,False,正常,1079,13
2024-04-11 23:50:00,2024-04-11 23:50:00,1,轻载,False,正常,1080,13
2024-04-11 23:51:00,2024-04-11 23:51:00,1,停机,False,正常,1081,13
2024-04-11 23:52:00,2024-04-12 00:00:00,9,重载,False,正常,1082,13
2024-04-12 00:01:00,2024-04-12 00:01:00,1,停机,False,正常,1083,13
2024-04-12 00:02:00,2024-04-12 01:02:00,61,重载,False,正常,1084,13
2024-04-12 01:03:00,2024-04-12 01:03:00,1,停机,False,正常,1085,13
2024-04-12 01:04:00,2024-04-12 01:22:00,19,重载,False,正常,1086,13
2024-04-12 01:23:00,2024-04-12 01:23:00,1,停机,False,正常,1087,13
2024-04-12 01:24:00,2024-04-12 01:24:00,1,重载,False,正常,1088,13
2024-04-12 01:25:00,2024-04-12 01:30:00,6,停机,False,正常,1089,13
2024-04-12 01:31:00,2024-04-12 01:45:00,15,重载,False,正常,1090,13
2024-04-12 01:46:00,2024-04-12 01:47:00,2,停机,False,正常,1091,13
2024-04-12 01:48:00,2024-04-12 01:48:00,1,轻载,False,正常,1092,13
2024-04-12 01:49:00,2024-04-12 01:49:00,1,停机,False,正常,1093,13
2024-04-12 01:50:00,2024-04-12 02:21:00,32,重载,False,正常,1094,13
2024-04-12 02:22:00,2024-04-12 02:24:00,3,停机,False,正常,1095,13
2024-04-12 02:25:00,2024-04-12 03:24:00,60,重载,False,正常,1096,13
2024-04-12 03:25:00,2024-04-12 03:30:00,6,停机,False,正常,1097,13
2024-04-12 03:31:00,2024-04-12 03:36:00,6,重载,False,正常,1098,13
2024-04-12 03:37:00,2024-04-12 03:37:00,1,停机,False,正常,1099,13
2024-04-12 03:38:00,2024-04-12 03:40:00,3,重载,False,正常,1100,13
2024-04-12 03:41:00,2024-04-12 03:42:00,2,停机,False,正常,1101,13
2024-04-12 03:43:00,2024-04-12 03:58:00,16,重载,False,正常,1102,13
2024-04-12 03:59:00,2024-04-12 04:00:00,2,停机,False,正常,1103,13
2024-04-12 04:01:00,2024-04-12 04:22:00,22,重载,False,正常,1104,13
2024-04-12 04:23:00,2024-04-12 04:23:00,1,停机,False,正常,1105,13
2024-04-12 04:24:00,2024-04-12 04:40:00,17,重载,False,正常,1106,13
2024-04-12 04:41:00,2024-04-12 04:41:00,1,停机,False,正常,1107,13
2024-04-12 04:42:00,2024-04-12 04:42:00,1,轻载,False,正常,1108,13
2024-04-12 04:43:00,2024-04-12 04:44:00,2,重载,False,正常,1109,13
2024-04-12 04:45:00,2024-04-12 04:45:00,1,停机,False,正常,1110,13
2024-04-12 04:46:00,2024-04-12 05:07:00,22,重载,False,正常,1111,13
2024-04-12 05:08:00,2024-04-12 05:20:00,13,停机,False,正常,1112,13
2024-04-12 05:21:00,2024-04-12 05:22:00,2,重载,False,正常,1113,13
2024-04-12 05:23:00,2024-04-12 05:24:00,2,停机,False,正常,1114,13
2024-04-12 05:25:00,2024-04-12 05:48:00,24,重载,False,正常,1115,13
2024-04-12 05:49:00,2024-04-12 05:50:00,2,停机,False,正常,1116,13
2024-04-12 05:51:00,2024-04-12 05:56:00,6,重载,False,正常,1117,13
2024-04-12 05:57:00,2024-04-12 05:58:00,2,停机,False,正常,1118,13
2024-04-12 05:59:00,2024-04-12 06:05:00,7,重载,False,正常,1119,13
2024-04-12 06:06:00,2024-04-12 06:07:00,2,停机,False,正常,1120,13
2024-04-12 06:08:00,2024-04-12 06:28:00,21,重载,False,正常,1121,13
2024-04-12 06:29:00,2024-04-12 06:30:00,2,停机,False,正常,1122,13
2024-04-12 06:31:00,2024-04-12 07:07:00,37,重载,False,正常,1123,13
2024-04-12 07:08:00,2024-04-12 07:09:00,2,停机,False,正常,1124,13
2024-04-12 07:10:00,2024-04-12 07:20:00,11,重载,False,正常,1125,13
2024-04-12 07:21:00,2024-04-12 07:24:00,4,停机,False,正常,1126,13
2024-04-12 07:25:00,2024-04-12 07:30:00,6,重载,False,正常,1127,13
2024-04-12 07:31:00,2024-04-12 07:32:00,2,停机,False,正常,1128,13
2024-04-12 07:33:00,2024-04-12 08:01:00,29,重载,False,正常,1129,13
2024-04-12 08:02:00,2024-04-12 08:05:00,4,停机,False,正常,1130,13
2024-04-12 08:06:00,2024-04-12 08:22:00,17,重载,False,正常,1131,13
2024-04-12 08:23:00,2024-04-12 08:23:00,1,停机,False,正常,1132,13
2024-04-12 08:24:00,2024-04-12 08:34:00,11,重载,False,正常,1133,13
2024-04-12 08:35:00,2024-04-12 08:44:00,10,停机,False,正常,1134,13
2024-04-12 08:45:00,2024-04-12 08:46:00,2,重载,False,正常,1135,13
2024-04-12 08:47:00,2024-04-12 08:48:00,2,停机,False,正常,1136,13
2024-04-12 08:49:00,2024-04-12 08:57:00,9,轻载,False,正常,1137,13
2024-04-12 08:58:00,2024-04-12 08:59:00,2,停机,False,正常,1138,13
2024-04-12 09:00:00,2024-04-12 09:00:00,1,重载,False,正常,1139,13
2024-04-12 09:01:00,2024-04-12 09:03:00,3,停机,False,正常,1140,13
2024-04-12 09:04:00,2024-04-12 09:08:00,5,重载,False,正常,1141,13
2024-04-12 09:09:00,2024-04-12 09:10:00,2,停机,False,正常,1142,13
2024-04-12 09:11:00,2024-04-12 09:11:00,1,重载,False,正常,1143,13
2024-04-12 09:12:00,2024-04-12 12:54:00,223,轻载,False,正常,1144,13
2024-04-12 12:55:00,2024-04-12 16:53:00,239,停机,True,异常持续段（>135min 阈值）,1145,14
2024-04-12 16:54:00,2024-04-12 16:57:00,4,重载,False,正常,1146,15
2024-04-12 16:58:00,2024-04-12 17:13:00,16,停机,False,正常,1147,15
2024-04-12 17:14:00,2024-04-12 18:40:00,87,重载,False,正常,1148,15
2024-04-12 18:41:00,2024-04-12 18:42:00,2,停机,False,正常,1149,15
2024-04-12 18:43:00,2024-04-12 18:45:00,3,重载,False,正常,1150,15
2024-04-12 18:46:00,2024-04-12 18:46:00,1,停机,False,正常,1151,15
2024-04-12 18:47:00,2024-04-12 19:07:00,21,重载,False,正常,1152,15
2024-04-12 19:08:00,2024-04-12 19:08:00,1,停机,False,正常,1153,15
2024-04-12 19:09:00,2024-04-12 19:29:00,21,重载,False,正常,1154,15
2024-04-12 19:30:00,2024-04-12 19:30:00,1,停机,False,正常,1155,15
2024-04-12 19:31:00,2024-04-12 19:58:00,28,重载,False,正常,1156,15
2024-04-12 19:59:00,2024-04-12 20:01:00,3,停机,False,正常,1157,15
2024-04-12 20:02:00,2024-04-12 20:30:00,29,重载,False,正常,1158,15
2024-04-12 20:31:00,2024-04-12 20:31:00,1,停机,False,正常,1159,15
2024-04-12 20:32:00,2024-04-12 21:22:00,51,重载,False,正常,1160,15
2024-04-12 21:23:00,2024-04-12 21:23:00,1,停机,False,正常,1161,15
2024-04-12 21:24:00,2024-04-12 22:01:00,38,重载,False,正常,1162,15
2024-04-12 22:02:00,2024-04-12 22:02:00,1,停机,False,正常,1163,15
2024-04-12 22:03:00,2024-04-12 22:28:00,26,重载,False,正常,1164,15
2024-04-12 22:29:00,2024-04-12 22:29:00,1,停机,False,正常,1165,15
2024-04-12 22:30:00,2024-04-12 22:39:00,10,重载,False,正常,1166,15
2024-04-12 22:40:00,2024-04-12 22:41:00,2,停机,False,正常,1167,15
2024-04-12 22:42:00,2024-04-12 23:41:00,60,重载,False,正常,1168,15
2024-04-12 23:42:00,2024-04-12 23:42:00,1,停机,False,正常,1169,15
2024-04-12 23:43:00,2024-04-12 23:47:00,5,重载,False,正常,1170,15
2024-04-12 23:48:00,2024-04-12 23:49:00,2,停机,False,正常,1171,15
2024-04-12 23:50:00,2024-04-12 23:50:00,1,重载,False,正常,1172,15
2024-04-12 23:51:00,2024-04-12 23:51:00,1,停机,False,正常,1173,15
2024-04-12 23:52:00,2024-04-12 23:53:00,2,重载,False,正常,1174,15
2024-04-12 23:54:00,2024-04-12 23:55:00,2,停机,False,正常,1175,15
2024-04-12 23:56:00,2024-04-13 00:08:00,13,重载,False,正常,1176,15
2024-04-13 00:09:00,2024-04-13 00:09:00,1,停机,False,正常,1177,15
2024-04-13 00:10:00,2024-04-13 00:14:00,5,重载,False,正常,1178,15
2024-04-13 00:15:00,2024-04-13 00:15:00,1,停机,False,正常,1179,15
2024-04-13 00:16:00,2024-04-13 00:16:00,1,轻载,False,正常,1180,15
2024-04-13 00:17:00,2024-04-13 00:56:00,40,重载,False,正常,1181,15
2024-04-13 00:57:00,2024-04-13 00:58:00,2,停机,False,正常,1182,15
2024-04-13 00:59:00,2024-04-13 01:13:00,15,重载,False,正常,1183,15
2024-04-13 01:14:00,2024-04-13 01:16:00,3,停机,False,正常,1184,15
2024-04-13 01:17:00,2024-04-13 01:19:00,3,重载,False,正常,1185,15
2024-04-13 01:20:00,2024-04-13 01:23:00,4,停机,False,正常,1186,15
2024-04-13 01:24:00,2024-04-13 02:23:00,60,重载,False,正常,1187,15
2024-04-13 02:24:00,2024-04-13 02:29:00,6,停机,False,正常,1188,15
2024-04-13 02:30:00,2024-04-13 02:34:00,5,重载,False,正常,1189,15
2024-04-13 02:35:00,2024-04-13 02:35:00,1,停机,False,正常,1190,15
2024-04-13 02:36:00,2024-04-13 03:13:00,38,重载,False,正常,1191,15
2024-04-13 03:14:00,2024-04-13 03:14:00,1,停机,False,正常,1192,15
2024-04-13 03:15:00,2024-04-13 04:37:00,83,重载,False,正常,1193,15
2024-04-13 04:38:00,2024-04-13 04:38:00,1,停机,False,正常,1194,15
2024-04-13 04:39:00,2024-04-13 04:40:00,2,重载,False,正常,1195,15
2024-04-13 04:41:00,2024-04-13 04:43:00,3,停机,False,正常,1196,15
2024-04-13 04:44:00,2024-04-13 04:56:00,13,重载,False,正常,1197,15
2024-04-13 04:57:00,2024-04-13 04:58:00,2,停机,False,正常,1198,15
2024-04-13 04:59:00,2024-04-13 05:15:00,17,重载,False,正常,1199,15
2024-04-13 05:16:00,2024-04-13 05:20:00,5,停机,False,正常,1200,15
2024-04-13 05:21:00,2024-04-13 05:57:00,37,重载,False,正常,1201,15
2024-04-13 05:58:00,2024-04-13 06:02:00,5,停机,False,正常,1202,15
2024-04-13 06:03:00,2024-04-13 07:02:00,60,重载,False,正常,1203,15
2024-04-13 07:03:00,2024-04-13 07:03:00,1,停机,False,正常,1204,15
2024-04-13 07:04:00,2024-04-13 07:04:00,1,重载,False,正常,1205,15
2024-04-13 07:05:00,2024-04-13 07:08:00,4,停机,False,正常,1206,15
2024-04-13 07:09:00,2024-04-13 07:41:00,33,重载,False,正常,1207,15
2024-04-13 07:42:00,2024-04-13 07:43:00,2,停机,False,正常,1208,15
2024-04-13 07:44:00,2024-04-13 08:10:00,27,重载,False,正常,1209,15
2024-04-13 08:11:00,2024-04-13 08:11:00,1,停机,False,正常,1210,15
2024-04-13 08:12:00,2024-04-13 08:12:00,1,轻载,False,正常,1211,15
2024-04-13 08:13:00,2024-04-13 08:17:00,5,停机,False,正常,1212,15
2024-04-13 08:18:00,2024-04-13 08:23:00,6,重载,False,正常,1213,15
2024-04-13 08:24:00,2024-04-13 08:25:00,2,停机,False,正常,1214,15
2024-04-13 08:26:00,2024-04-13 08:26:00,1,重载,False,正常,1215,15
2024-04-13 08:27:00,2024-04-13 09:09:00,43,轻载,False,正常,1216,15
2024-04-13 09:10:00,2024-04-13 09:10:00,1,停机,False,正常,1217,15
2024-04-13 09:11:00,2024-04-13 09:11:00,1,重载,False,正常,1218,15
2024-04-13 09:12:00,2024-04-13 09:12:00,1,停机,False,正常,1219,15
2024-04-13 09:13:00,2024-04-13 09:23:00,11,轻载,False,正常,1220,15
2024-04-13 09:24:00,2024-04-13 09:24:00,1,重载,False,正常,1221,15
2024-04-13 09:25:00,2024-04-13 14:37:00,313,停机,True,通讯中断/传感器休眠（段持续 >= 4h）,1222,16
2024-04-13 14:38:00,2024-04-13 14:38:00,1,重载,False,正常,1223,17
2024-04-13 14:39:00,2024-04-13 14:46:00,8,停机,False,正常,1224,17
2024-04-13 14:47:00,2024-04-13 14:48:00,2,重载,False,正常,1225,17
2024-04-13 14:49:00,2024-04-13 15:40:00,52,停机,False,正常,1226,17
2024-04-13 15:41:00,2024-04-13 15:41:00,1,轻载,False,正常,1227,17
2024-04-13 15:42:00,2024-04-13 15:50:00,9,停机,False,正常,1228,17
2024-04-13 15:51:00,2024-04-13 15:52:00,2,重载,False,正常,1229,17
2024-04-13 15:53:00,2024-04-13 16:04:00,12,停机,False,正常,1230,17
2024-04-13 16:05:00,2024-04-13 16:06:00,2,重载,False,正常,1231,17
2024-04-13 16:07:00,2024-04-13 16:07:00,1,停机,False,正常,1232,17
2024-04-13 16:08:00,2024-04-13 16:16:00,9,重载,False,正常,1233,17
2024-04-13 16:17:00,2024-04-13 16:21:00,5,停机,False,正常,1234,17
2024-04-13 16:22:00,2024-04-13 16:26:00,5,重载,False,正常,1235,17
2024-04-13 16:27:00,2024-04-13 16:34:00,8,停机,False,正常,1236,17
2024-04-13 16:35:00,2024-04-13 17:13:00,39,重载,False,正常,1237,17
2024-04-13 17:14:00,2024-04-13 17:15:00,2,停机,False,正常,1238,17
2024-04-13 17:16:00,2024-04-13 17:24:00,9,重载,False,正常,1239,17
2024-04-13 17:25:00,2024-04-13 17:26:00,2,停机,False,正常,1240,17
2024-04-13 17:27:00,2024-04-13 17:41:00,15,重载,False,正常,1241,17
2024-04-13 17:42:00,2024-04-13 17:43:00,2,停机,False,正常,1242,17
2024-04-13 17:44:00,2024-04-13 17:50:00,7,重载,False,正常,1243,17
2024-04-13 17:51:00,2024-04-13 17:55:00,5,停机,False,正常,1244,17
2024-04-13 17:56:00,2024-04-13 18:04:00,9,重载,False,正常,1245,17
2024-04-13 18:05:00,2024-04-13 18:05:00,1,停机,False,正常,1246,17
2024-04-13 18:06:00,2024-04-13 21:58:00,233,重载,True,异常持续段（>120min 阈值）,1247,18
2024-04-13 21:59:00,2024-04-13 23:10:00,72,停机,False,正常,1248,19
2024-04-13 23:11:00,2024-04-13 23:12:00,2,重载,False,正常,1249,19
2024-04-13 23:13:00,2024-04-13 23:13:00,1,停机,False,正常,1250,19
2024-04-13 23:14:00,2024-04-13 23:45:00,32,重载,False,正常,1251,19
2024-04-13 23:46:00,2024-04-13 23:49:00,4,停机,False,正常,1252,19
2024-04-13 23:50:00,2024-04-14 00:04:00,15,重载,False,正常,1253,19
2024-04-14 00:05:00,2024-04-14 00:05:00,1,停机,False,正常,1254,19
2024-04-14 00:06:00,2024-04-14 00:11:00,6,轻载,False,正常,1255,19
2024-04-14 00:12:00,2024-04-14 00:12:00,1,停机,False,正常,1256,19
2024-04-14 00:13:00,2024-04-14 00:13:00,1,重载,False,正常,1257,19
2024-04-14 00:14:00,2024-04-14 00:14:00,1,停机,False,正常,1258,19
2024-04-14 00:15:00,2024-04-14 00:15:00,1,重载,False,正常,1259,19
2024-04-14 00:16:00,2024-04-14 00:18:00,3,停机,False,正常,1260,19
2024-04-14 00:19:00,2024-04-14 00:25:00,7,重载,False,正常,1261,19
2024-04-14 00:26:00,2024-04-14 00:26:00,1,轻载,False,正常,1262,19
2024-04-14 00:27:00,2024-04-14 00:50:00,24,重载,False,正常,1263,19
2024-04-14 00:51:00,2024-04-14 00:52:00,2,停机,False,正常,1264,19
2024-04-14 00:53:00,2024-04-14 00:59:00,7,重载,False,正常,1265,19
2024-04-14 01:00:00,2024-04-14 01:00:00,1,停机,False,正常,1266,19
2024-04-14 01:01:00,2024-04-14 01:56:00,56,重载,False,正常,1267,19
2024-04-14 01:57:00,2024-04-14 01:58:00,2,停机,False,正常,1268,19
2024-04-14 01:59:00,2024-04-14 02:34:00,36,重载,False,正常,1269,19
2024-04-14 02:35:00,2024-04-14 02:37:00,3,停机,False,正常,1270,19
2024-04-14 02:38:00,2024-04-14 03:06:00,29,重载,False,正常,1271,19
2024-04-14 03:07:00,2024-04-14 03:08:00,2,停机,False,正常,1272,19
2024-04-14 03:09:00,2024-04-14 03:36:00,28,重载,False,正常,1273,19
2024-04-14 03:37:00,2024-04-14 03:39:00,3,停机,False,正常,1274,19
2024-04-14 03:40:00,2024-04-14 04:37:00,58,重载,False,正常,1275,19
2024-04-14 04:38:00,2024-04-14 04:39:00,2,停机,False,正常,1276,19
2024-04-14 04:40:00,2024-04-14 04:44:00,5,重载,False,正常,1277,19
2024-04-14 04:45:00,2024-04-14 04:46:00,2,停机,False,正常,1278,19
2024-04-14 04:47:00,2024-04-14 05:19:00,33,重载,False,正常,1279,19
2024-04-14 05:20:00,2024-04-14 05:31:00,12,停机,False,正常,1280,19
2024-04-14 05:32:00,2024-04-14 05:32:00,1,轻载,False,正常,1281,19
2024-04-14 05:33:00,2024-04-14 05:43:00,11,重载,False,正常,1282,19
2024-04-14 05:44:00,2024-04-14 05:44:00,1,停机,False,正常,1283,19
2024-04-14 05:45:00,2024-04-14 06:32:00,48,重载,False,正常,1284,19
2024-04-14 06:33:00,2024-04-14 06:34:00,2,停机,False,正常,1285,19
2024-04-14 06:35:00,2024-04-14 07:18:00,44,重载,False,正常,1286,19
2024-04-14 07:19:00,2024-04-14 07:20:00,2,停机,False,正常,1287,19
2024-04-14 07:21:00,2024-04-14 07:21:00,1,轻载,False,正常,1288,19
2024-04-14 07:22:00,2024-04-14 07:38:00,17,重载,False,正常,1289,19
2024-04-14 07:39:00,2024-04-14 07:43:00,5,停机,False,正常,1290,19
2024-04-14 07:44:00,2024-04-14 07:44:00,1,重载,False,正常,1291,19
2024-04-14 07:45:00,2024-04-14 07:45:00,1,停机,False,正常,1292,19
2024-04-14 07:46:00,2024-04-14 07:54:00,9,重载,False,正常,1293,19
2024-04-14 07:55:00,2024-04-14 07:55:00,1,停机,False,正常,1294,19
2024-04-14 07:56:00,2024-04-14 07:57:00,2,重载,False,正常,1295,19
2024-04-14 07:58:00,2024-04-14 07:59:00,2,停机,False,正常,1296,19
2024-04-14 08:00:00,2024-04-14 08:02:00,3,重载,False,正常,1297,19
2024-04-14 08:03:00,2024-04-14 08:04:00,2,停机,False,正常,1298,19
2024-04-14 08:05:00,2024-04-14 08:25:00,21,重载,False,正常,1299,19
2024-04-14 08:26:00,2024-04-14 08:27:00,2,停机,False,正常,1300,19
2024-04-14 08:28:00,2024-04-14 08:35:00,8,重载,False,正常,1301,19
2024-04-14 08:36:00,2024-04-14 08:47:00,12,轻载,False,正常,1302,19
2024-04-14 08:48:00,2024-04-14 08:48:00,1,重载,False,正常,1303,19
2024-04-14 08:49:00,2024-04-14 08:49:00,1,停机,False,正常,1304,19
2024-04-14 08:50:00,2024-04-14 08:50:00,1,重载,False,正常,1305,19
2024-04-14 08:51:00,2024-04-14 08:51:00,1,停机,False,正常,1306,19
2024-04-14 08:52:00,2024-04-14 09:20:00,29,轻载,False,正常,1307,19
2024-04-14 09:21:00,2024-04-14 09:21:00,1,停机,False,正常,1308,19
2024-04-14 09:22:00,2024-04-14 09:22:00,1,重载,False,正常,1309,19
2024-04-14 09:23:00,2024-04-14 09:57:00,35,停机,False,正常,1310,19
2024-04-14 09:58:00,2024-04-14 10:02:00,5,轻载,False,正常,1311,19
2024-04-14 10:03:00,2024-04-14 10:03:00,1,重载,False,正常,1312,19
2024-04-14 10:04:00,2024-04-14 10:09:00,6,停机,False,正常,1313,19
2024-04-14 10:10:00,2024-04-14 10:10:00,1,轻载,False,正常,1314,19
2024-04-14 10:11:00,2024-04-14 10:34:00,24,停机,False,正常,1315,19
2024-04-14 10:35:00,2024-04-14 10:36:00,2,重载,False,正常,1316,19
2024-04-14 10:37:00,2024-04-14 10:37:00,1,停机,False,正常,1317,19
2024-04-14 10:38:00,2024-04-14 12:41:00,124,轻载,False,正常,1318,19
2024-04-14 12:42:00,2024-04-14 12:53:00,12,停机,False,正常,1319,19
2024-04-14 12:54:00,2024-04-14 12:55:00,2,重载,False,正常,1320,19
2024-04-14 12:56:00,2024-04-14 12:56:00,1,停机,False,正常,1321,19
2024-04-14 12:57:00,2024-04-14 13:17:00,21,轻载,False,正常,1322,19
2024-04-14 13:18:00,2024-04-14 13:20:00,3,重载,False,正常,1323,19
2024-04-14 13:21:00,2024-04-14 13:36:00,16,轻载,False,正常,1324,19
2024-04-14 13:37:00,2024-04-14 13:37:00,1,重载,False,正常,1325,19
2024-04-14 13:38:00,2024-04-14 14:14:00,37,停机,False,正常,1326,19
2024-04-14 14:15:00,2024-04-14 14:26:00,12,轻载,False,正常,1327,19
2024-04-14 14:27:00,2024-04-14 14:31:00,5,停机,False,正常,1328,19
2024-04-14 14:32:00,2024-04-14 14:32:00,1,重载,False,正常,1329,19
2024-04-14 14:33:00,2024-04-14 14:49:00,17,停机,False,正常,1330,19
2024-04-14 14:50:00,2024-04-14 14:50:00,1,轻载,False,正常,1331,19
2024-04-14 14:51:00,2024-04-14 14:52:00,2,停机,False,正常,1332,19
2024-04-14 14:53:00,2024-04-14 15:01:00,9,轻载,False,正常,1333,19
2024-04-14 15:02:00,2024-04-14 15:03:00,2,重载,False,正常,1334,19
2024-04-14 15:04:00,2024-04-14 15:32:00,29,轻载,False,正常,1335,19
2024-04-14 15:33:00,2024-04-14 15:36:00,4,停机,False,正常,1336,19
2024-04-14 15:37:00,2024-04-14 15:38:00,2,重载,False,正常,1337,19
2024-04-14 15:39:00,2024-04-14 15:39:00,1,轻载,False,正常,1338,19
2024-04-14 15:40:00,2024-04-14 15:44:00,5,停机,False,正常,1339,19
2024-04-14 15:45:00,2024-04-14 16:39:00,55,重载,False,正常,1340,19
2024-04-14 16:40:00,2024-04-14 16:40:00,1,停机,False,正常,1341,19
2024-04-14 16:41:00,2024-04-14 17:02:00,22,重载,False,正常,1342,19
2024-04-14 17:03:00,2024-04-14 17:03:00,1,停机,False,正常,1343,19
2024-04-14 17:04:00,2024-04-14 17:04:00,1,重载,False,正常,1344,19
2024-04-14 17:05:00,2024-04-14 17:05:00,1,停机,False,正常,1345,19
2024-04-14 17:06:00,2024-04-14 17:08:00,3,重载,False,正常,1346,19
2024-04-14 17:09:00,2024-04-14 17:09:00,1,停机,False,正常,1347,19
2024-04-14 17:10:00,2024-04-14 17:10:00,1,重载,False,正常,1348,19
2024-04-14 17:11:00,2024-04-14 17:49:00,39,停机,False,正常,1349,19
2024-04-14 17:50:00,2024-04-14 18:22:00,33,重载,False,正常,1350,19
2024-04-14 18:23:00,2024-04-14 18:23:00,1,停机,False,正常,1351,19
2024-04-14 18:24:00,2024-04-14 18:48:00,25,重载,False,正常,1352,19
2024-04-14 18:49:00,2024-04-14 18:49:00,1,停机,False,正常,1353,19
2024-04-14 18:50:00,2024-04-14 19:58:00,69,重载,False,正常,1354,19
2024-04-14 19:59:00,2024-04-14 19:59:00,1,停机,False,正常,1355,19
2024-04-14 20:00:00,2024-04-14 20:09:00,10,重载,False,正常,1356,19
2024-04-14 20:10:00,2024-04-14 20:13:00,4,停机,False,正常,1357,19
2024-04-14 20:14:00,2024-04-14 20:17:00,4,重载,False,正常,1358,19
2024-04-14 20:18:00,2024-04-14 20:18:00,1,停机,False,正常,1359,19
2024-04-14 20:19:00,2024-04-14 21:03:00,45,重载,False,正常,1360,19
2024-04-14 21:04:00,2024-04-14 21:05:00,2,停机,False,正常,1361,19
2024-04-14 21:06:00,2024-04-14 21:06:00,1,重载,False,正常,1362,19
2024-04-14 21:07:00,2024-04-14 21:13:00,7,停机,False,正常,1363,19
2024-04-14 21:14:00,2024-04-14 21:14:00,1,重载,False,正常,1364,19
2024-04-14 21:15:00,2024-04-14 21:15:00,1,停机,False,正常,1365,19
2024-04-14 21:16:00,2024-04-14 21:28:00,13,重载,False,正常,1366,19
2024-04-14 21:29:00,2024-04-14 21:29:00,1,停机,False,正常,1367,19
2024-04-14 21:30:00,2024-04-14 21:32:00,3,重载,False,正常,1368,19
2024-04-14 21:33:00,2024-04-14 21:33:00,1,停机,False,正常,1369,19
2024-04-14 21:34:00,2024-04-14 21:56:00,23,重载,False,正常,1370,19
2024-04-14 21:57:00,2024-04-14 21:57:00,1,停机,False,正常,1371,19
2024-04-14 21:58:00,2024-04-14 22:19:00,22,重载,False,正常,1372,19
2024-04-14 22:20:00,2024-04-14 22:21:00,2,停机,False,正常,1373,19
2024-04-14 22:22:00,2024-04-14 23:06:00,45,重载,False,正常,1374,19
2024-04-14 23:07:00,2024-04-14 23:09:00,3,停机,False,正常,1375,19
2024-04-14 23:10:00,2024-04-14 23:24:00,15,重载,False,正常,1376,19
2024-04-14 23:25:00,2024-04-14 23:25:00,1,停机,False,正常,1377,19
2024-04-14 23:26:00,2024-04-14 23:43:00,18,重载,False,正常,1378,19
2024-04-14 23:44:00,2024-04-14 23:46:00,3,停机,False,正常,1379,19
2024-04-14 23:47:00,2024-04-14 23:47:00,1,重载,False,正常,1380,19
2024-04-14 23:48:00,2024-04-14 23:49:00,2,停机,False,正常,1381,19
2024-04-14 23:50:00,2024-04-14 23:55:00,6,重载,False,正常,1382,19
2024-04-14 23:56:00,2024-04-15 00:04:00,9,停机,False,正常,1383,19
2024-04-15 00:05:00,2024-04-15 00:57:00,53,重载,False,正常,1384,19
2024-04-15 00:58:00,2024-04-15 01:13:00,16,停机,False,正常,1385,19
2024-04-15 01:14:00,2024-04-15 02:11:00,58,重载,False,正常,1386,19
2024-04-15 02:12:00,2024-04-15 02:13:00,2,停机,False,正常,1387,19
2024-04-15 02:14:00,2024-04-15 02:15:00,2,重载,False,正常,1388,19
2024-04-15 02:16:00,2024-04-15 02:16:00,1,停机,False,正常,1389,19
2024-04-15 02:17:00,2024-04-15 02:32:00,16,重载,False,正常,1390,19
2024-04-15 02:33:00,2024-04-15 02:36:00,4,停机,False,正常,1391,19
2024-04-15 02:37:00,2024-04-15 02:42:00,6,重载,False,正常,1392,19
2024-04-15 02:43:00,2024-04-15 02:47:00,5,停机,False,正常,1393,19
2024-04-15 02:48:00,2024-04-15 02:52:00,5,重载,False,正常,1394,19
2024-04-15 02:53:00,2024-04-15 02:57:00,5,停机,False,正常,1395,19
2024-04-15 02:58:00,2024-04-15 03:16:00,19,重载,False,正常,1396,19
2024-04-15 03:17:00,2024-04-15 03:17:00,1,停机,False,正常,1397,19
2024-04-15 03:18:00,2024-04-15 03:30:00,13,重载,False,正常,1398,19
2024-04-15 03:31:00,2024-04-15 03:32:00,2,停机,False,正常,1399,19
2024-04-15 03:33:00,2024-04-15 03:50:00,18,重载,False,正常,1400,19
2024-04-15 03:51:00,2024-04-15 03:55:00,5,停机,False,正常,1401,19
2024-04-15 03:56:00,2024-04-15 04:37:00,42,重载,False,正常,1402,19
2024-04-15 04:38:00,2024-04-15 04:38:00,1,停机,False,正常,1403,19
2024-04-15 04:39:00,2024-04-15 05:33:00,55,重载,False,正常,1404,19
2024-04-15 05:34:00,2024-04-15 05:34:00,1,停机,False,正常,1405,19
2024-04-15 05:35:00,2024-04-15 06:03:00,29,重载,False,正常,1406,19
2024-04-15 06:04:00,2024-04-15 06:06:00,3,停机,False,正常,1407,19
2024-04-15 06:07:00,2024-04-15 06:34:00,28,重载,False,正常,1408,19
2024-04-15 06:35:00,2024-04-15 06:38:00,4,停机,False,正常,1409,19
2024-04-15 06:39:00,2024-04-15 06:48:00,10,重载,False,正常,1410,19
2024-04-15 06:49:00,2024-04-15 06:58:00,10,停机,False,正常,1411,19
2024-04-15 06:59:00,2024-04-15 07:36:00,38,重载,False,正常,1412,19
2024-04-15 07:37:00,2024-04-15 07:37:00,1,停机,False,正常,1413,19
2024-04-15 07:38:00,2024-04-15 07:45:00,8,重载,False,正常,1414,19
2024-04-15 07:46:00,2024-04-15 07:47:00,2,停机,False,正常,1415,19
2024-04-15 07:48:00,2024-04-15 07:56:00,9,重载,False,正常,1416,19
2024-04-15 07:57:00,2024-04-15 07:57:00,1,停机,False,正常,1417,19
2024-04-15 07:58:00,2024-04-15 10:01:00,124,重载,True,异常持续段（>120min 阈值）,1418,20
2024-04-15 10:02:00,2024-04-15 15:02:00,301,停机,True,通讯中断/传感器休眠（段持续 >= 4h）,1419,20
2024-04-15 15:03:00,2024-04-15 15:04:00,2,重载,False,正常,1420,21
2024-04-15 15:05:00,2024-04-15 15:19:00,15,轻载,False,正常,1421,21
2024-04-15 15:20:00,2024-04-15 15:29:00,10,停机,False,正常,1422,21
2024-04-15 15:30:00,2024-04-15 15:30:00,1,轻载,False,正常,1423,21
2024-04-15 15:31:00,2024-04-15 15:32:00,2,重载,False,正常,1424,21
2024-04-15 15:33:00,2024-04-15 15:34:00,2,停机,False,正常,1425,21
2024-04-15 15:35:00,2024-04-15 15:36:00,2,重载,False,正常,1426,21
2024-04-15 15:37:00,2024-04-15 15:40:00,4,停机,False,正常,1427,21
2024-04-15 15:41:00,2024-04-15 15:42:00,2,轻载,False,正常,1428,21
2024-04-15 15:43:00,2024-04-15 15:48:00,6,停机,False,正常,1429,21
2024-04-15 15:49:00,2024-04-15 15:49:00,1,重载,False,正常,1430,21
2024-04-15 15:50:00,2024-04-15 15:51:00,2,停机,False,正常,1431,21
2024-04-15 15:52:00,2024-04-15 15:52:00,1,轻载,False,正常,1432,21
2024-04-15 15:53:00,2024-04-15 16:02:00,10,停机,False,正常,1433,21
2024-04-15 16:03:00,2024-04-15 16:03:00,1,重载,False,正常,1434,21
2024-04-15 16:04:00,2024-04-15 16:04:00,1,停机,False,正常,1435,21
2024-04-15 16:05:00,2024-04-15 16:05:00,1,重载,False,正常,1436,21
2024-04-15 16:06:00,2024-04-15 16:07:00,2,停机,False,正常,1437,21
2024-04-15 16:08:00,2024-04-15 16:08:00,1,重载,False,正常,1438,21
2024-04-15 16:09:00,2024-04-15 16:19:00,11,停机,False,正常,1439,21
2024-04-15 16:20:00,2024-04-15 16:24:00,5,重载,False,正常,1440,21
2024-04-15 16:25:00,2024-04-15 16:27:00,3,停机,False,正常,1441,21
2024-04-15 16:28:00,2024-04-15 16:28:00,1,重载,False,正常,1442,21
2024-04-15 16:29:00,2024-04-15 16:29:00,1,停机,False,正常,1443,21
2024-04-15 16:30:00,2024-04-15 16:47:00,18,重载,False,正常,1444,21
2024-04-15 16:48:00,2024-04-15 16:48:00,1,停机,False,正常,1445,21
2024-04-15 16:49:00,2024-04-15 17:18:00,30,重载,False,正常,1446,21
2024-04-15 17:19:00,2024-04-15 17:19:00,1,停机,False,正常,1447,21
2024-04-15 17:20:00,2024-04-15 17:36:00,17,重载,False,正常,1448,21
2024-04-15 17:37:00,2024-04-15 17:38:00,2,停机,False,正常,1449,21
2024-04-15 17:39:00,2024-04-15 17:41:00,3,重载,False,正常,1450,21
2024-04-15 17:42:00,2024-04-15 17:43:00,2,停机,False,正常,1451,21
2024-04-15 17:44:00,2024-04-15 17:44:00,1,重载,False,正常,1452,21
2024-04-15 17:45:00,2024-04-15 17:45:00,1,停机,False,正常,1453,21
2024-04-15 17:46:00,2024-04-15 17:59:00,14,重载,False,正常,1454,21
2024-04-15 18:00:00,2024-04-15 18:05:00,6,停机,False,正常,1455,21
2024-04-15 18:06:00,2024-04-15 18:07:00,2,重载,False,正常,1456,21
2024-04-15 18:08:00,2024-04-15 18:17:00,10,停机,False,正常,1457,21
2024-04-15 18:18:00,2024-04-15 18:29:00,12,重载,False,正常,1458,21
2024-04-15 18:30:00,2024-04-15 18:30:00,1,停机,False,正常,1459,21
2024-04-15 18:31:00,2024-04-15 18:31:00,1,重载,False,正常,1460,21
2024-04-15 18:32:00,2024-04-15 18:36:00,5,停机,False,正常,1461,21
2024-04-15 18:37:00,2024-04-15 18:38:00,2,重载,False,正常,1462,21
2024-04-15 18:39:00,2024-04-15 18:39:00,1,停机,False,正常,1463,21
2024-04-15 18:40:00,2024-04-15 18:48:00,9,重载,False,正常,1464,21
2024-04-15 18:49:00,2024-04-15 18:50:00,2,停机,False,正常,1465,21
2024-04-15 18:51:00,2024-04-15 19:03:00,13,重载,False,正常,1466,21
2024-04-15 19:04:00,2024-04-15 19:04:00,1,停机,False,正常,1467,21
2024-04-15 19:05:00,2024-04-15 19:06:00,2,重载,False,正常,1468,21
2024-04-15 19:07:00,2024-04-15 19:07:00,1,停机,False,正常,1469,21
2024-04-15 19:08:00,2024-04-15 19:12:00,5,重载,False,正常,1470,21
2024-04-15 19:13:00,2024-04-15 19:48:00,36,停机,False,正常,1471,21
2024-04-15 19:49:00,2024-04-15 20:00:00,12,重载,False,正常,1472,21
2024-04-15 20:01:00,2024-04-15 20:02:00,2,停机,False,正常,1473,21
2024-04-15 20:03:00,2024-04-15 20:08:00,6,重载,False,正常,1474,21
2024-04-15 20:09:00,2024-04-15 20:15:00,7,停机,False,正常,1475,21
2024-04-15 20:16:00,2024-04-15 20:24:00,9,重载,False,正常,1476,21
2024-04-15 20:25:00,2024-04-15 20:34:00,10,停机,False,正常,1477,21
2024-04-15 20:35:00,2024-04-15 21:54:00,80,重载,False,正常,1478,21
2024-04-15 21:55:00,2024-04-15 21:55:00,1,停机,False,正常,1479,21
2024-04-15 21:56:00,2024-04-15 22:13:00,18,重载,False,正常,1480,21
2024-04-15 22:14:00,2024-04-15 22:28:00,15,停机,False,正常,1481,21
2024-04-15 22:29:00,2024-04-15 23:28:00,60,重载,False,正常,1482,21
2024-04-15 23:29:00,2024-04-15 23:29:00,1,停机,False,正常,1483,21
2024-04-15 23:30:00,2024-04-15 23:35:00,6,重载,False,正常,1484,21
2024-04-15 23:36:00,2024-04-15 23:38:00,3,停机,False,正常,1485,21
2024-04-15 23:39:00,2024-04-15 23:39:00,1,轻载,False,正常,1486,21
2024-04-15 23:40:00,2024-04-15 23:41:00,2,停机,False,正常,1487,21
2024-04-15 23:42:00,2024-04-15 23:53:00,12,重载,False,正常,1488,21
2024-04-15 23:54:00,2024-04-15 23:57:00,4,停机,False,正常,1489,21
2024-04-15 23:58:00,2024-04-16 00:58:00,61,重载,False,正常,1490,21
2024-04-16 00:59:00,2024-04-16 00:59:00,1,停机,False,正常,1491,21
2024-04-16 01:00:00,2024-04-16 02:18:00,79,重载,False,正常,1492,21
2024-04-16 02:19:00,2024-04-16 02:20:00,2,停机,False,正常,1493,21
2024-04-16 02:21:00,2024-04-16 03:36:00,76,重载,False,正常,1494,21
2024-04-16 03:37:00,2024-04-16 03:47:00,11,停机,False,正常,1495,21
2024-04-16 03:48:00,2024-04-16 04:42:00,55,重载,False,正常,1496,21
2024-04-16 04:43:00,2024-04-16 04:48:00,6,停机,False,正常,1497,21
2024-04-16 04:49:00,2024-04-16 06:24:00,96,重载,False,正常,1498,21
2024-04-16 06:25:00,2024-04-16 06:29:00,5,停机,False,正常,1499,21
2024-04-16 06:30:00,2024-04-16 06:32:00,3,重载,False,正常,1500,21
2024-04-16 06:33:00,2024-04-16 06:37:00,5,停机,False,正常,1501,21
2024-04-16 06:38:00,2024-04-16 07:27:00,50,重载,False,正常,1502,21
2024-04-16 07:28:00,2024-04-16 07:28:00,1,停机,False,正常,1503,21
2024-04-16 07:29:00,2024-04-16 07:45:00,17,重载,False,正常,1504,21
2024-04-16 07:46:00,2024-04-16 07:49:00,4,停机,False,正常,1505,21
2024-04-16 07:50:00,2024-04-16 08:20:00,31,重载,False,正常,1506,21
2024-04-16 08:21:00,2024-04-16 08:26:00,6,停机,False,正常,1507,21
2024-04-16 08:27:00,2024-04-16 08:37:00,11,重载,False,正常,1508,21
2024-04-16 08:38:00,2024-04-16 08:38:00,1,停机,False,正常,1509,21
2024-04-16 08:39:00,2024-04-16 08:42:00,4,重载,False,正常,1510,21
2024-04-16 08:43:00,2024-04-16 08:51:00,9,停机,False,正常,1511,21
2024-04-16 08:52:00,2024-04-16 08:54:00,3,重载,False,正常,1512,21
2024-04-16 08:55:00,2024-04-16 08:56:00,2,停机,False,正常,1513,21
2024-04-16 08:57:00,2024-04-16 09:00:00,4,重载,False,正常,1514,21
2024-04-16 09:01:00,2024-04-16 09:01:00,1,停机,False,正常,1515,21
2024-04-16 09:02:00,2024-04-16 14:13:00,312,轻载,True,通讯中断/传感器休眠（段持续 >= 4h）,1516,22
2024-04-16 14:14:00,2024-04-16 14:16:00,3,停机,False,正常,1517,23
2024-04-16 14:17:00,2024-04-16 14:59:00,43,轻载,False,正常,1518,23
2024-04-16 15:00:00,2024-04-16 15:01:00,2,停机,False,正常,1519,23
2024-04-16 15:02:00,2024-04-16 15:06:00,5,轻载,False,正常,1520,23
2024-04-16 15:07:00,2024-04-16 15:07:00,1,重载,False,正常,1521,23
2024-04-16 15:08:00,2024-04-16 15:20:00,13,停机,False,正常,1522,23
2024-04-16 15:21:00,2024-04-16 15:43:00,23,轻载,False,正常,1523,23
2024-04-16 15:44:00,2024-04-16 15:44:00,1,重载,False,正常,1524,23
2024-04-16 15:45:00,2024-04-16 15:55:00,11,轻载,False,正常,1525,23
2024-04-16 15:56:00,2024-04-16 15:56:00,1,停机,False,正常,1526,23
2024-04-16 15:57:00,2024-04-16 16:05:00,9,重载,False,正常,1527,23
2024-04-16 16:06:00,2024-04-16 16:07:00,2,停机,False,正常,1528,23
2024-04-16 16:08:00,2024-04-16 16:08:00,1,重载,False,正常,1529,23
2024-04-16 16:09:00,2024-04-16 16:09:00,1,停机,False,正常,1530,23
2024-04-16 16:10:00,2024-04-16 16:10:00,1,轻载,False,正常,1531,23
2024-04-16 16:11:00,2024-04-16 16:31:00,21,停机,False,正常,1532,23
2024-04-16 16:32:00,2024-04-16 16:33:00,2,重载,False,正常,1533,23
2024-04-16 16:34:00,2024-04-16 16:35:00,2,停机,False,正常,1534,23
2024-04-16 16:36:00,2024-04-16 16:38:00,3,重载,False,正常,1535,23
2024-04-16 16:39:00,2024-04-16 16:39:00,1,停机,False,正常,1536,23
2024-04-16 16:40:00,2024-04-16 16:44:00,5,重载,False,正常,1537,23
2024-04-16 16:45:00,2024-04-16 16:45:00,1,停机,False,正常,1538,23
2024-04-16 16:46:00,2024-04-16 16:48:00,3,重载,False,正常,1539,23
2024-04-16 16:49:00,2024-04-16 16:50:00,2,停机,False,正常,1540,23
2024-04-16 16:51:00,2024-04-16 16:54:00,4,重载,False,正常,1541,23
2024-04-16 16:55:00,2024-04-16 16:58:00,4,停机,False,正常,1542,23
2024-04-16 16:59:00,2024-04-16 17:05:00,7,重载,False,正常,1543,23
2024-04-16 17:06:00,2024-04-16 17:06:00,1,轻载,False,正常,1544,23
2024-04-16 17:07:00,2024-04-16 17:07:00,1,停机,False,正常,1545,23
2024-04-16 17:08:00,2024-04-16 17:08:00,1,重载,False,正常,1546,23
2024-04-16 17:09:00,2024-04-16 17:09:00,1,停机,False,正常,1547,23
2024-04-16 17:10:00,2024-04-16 17:23:00,14,重载,False,正常,1548,23
2024-04-16 17:24:00,2024-04-16 17:25:00,2,停机,False,正常,1549,23
2024-04-16 17:26:00,2024-04-16 17:28:00,3,重载,False,正常,1550,23
2024-04-16 17:29:00,2024-04-16 17:29:00,1,停机,False,正常,1551,23
2024-04-16 17:30:00,2024-04-16 18:03:00,34,重载,False,正常,1552,23
2024-04-16 18:04:00,2024-04-16 18:04:00,1,停机,False,正常,1553,23
2024-04-16 18:05:00,2024-04-16 18:14:00,10,重载,False,正常,1554,23
2024-04-16 18:15:00,2024-04-16 18:15:00,1,停机,False,正常,1555,23
2024-04-16 18:16:00,2024-04-16 18:25:00,10,重载,False,正常,1556,23
2024-04-16 18:26:00,2024-04-16 18:28:00,3,停机,False,正常,1557,23
2024-04-16 18:29:00,2024-04-16 18:41:00,13,重载,False,正常,1558,23
2024-04-16 18:42:00,2024-04-16 18:42:00,1,停机,False,正常,1559,23
2024-04-16 18:43:00,2024-04-16 18:45:00,3,重载,False,正常,1560,23
2024-04-16 18:46:00,2024-04-16 18:46:00,1,停机,False,正常,1561,23
2024-04-16 18:47:00,2024-04-16 19:19:00,33,重载,False,正常,1562,23
2024-04-16 19:20:00,2024-04-16 19:20:00,1,停机,False,正常,1563,23
2024-04-16 19:21:00,2024-04-16 19:22:00,2,重载,False,正常,1564,23
2024-04-16 19:23:00,2024-04-16 19:23:00,1,停机,False,正常,1565,23
2024-04-16 19:24:00,2024-04-16 19:35:00,12,重载,False,正常,1566,23
2024-04-16 19:36:00,2024-04-16 19:36:00,1,停机,False,正常,1567,23
2024-04-16 19:37:00,2024-04-16 19:38:00,2,重载,False,正常,1568,23
2024-04-16 19:39:00,2024-04-16 19:40:00,2,停机,False,正常,1569,23
2024-04-16 19:41:00,2024-04-16 19:41:00,1,重载,False,正常,1570,23
2024-04-16 19:42:00,2024-04-16 19:43:00,2,停机,False,正常,1571,23
2024-04-16 19:44:00,2024-04-16 19:45:00,2,重载,False,正常,1572,23
2024-04-16 19:46:00,2024-04-16 19:47:00,2,停机,False,正常,1573,23
2024-04-16 19:48:00,2024-04-16 19:52:00,5,轻载,False,正常,1574,23
2024-04-16 19:53:00,2024-04-16 20:00:00,8,停机,False,正常,1575,23
2024-04-16 20:01:00,2024-04-16 20:01:00,1,轻载,False,正常,1576,23
2024-04-16 20:02:00,2024-04-16 20:07:00,6,停机,False,正常,1577,23
2024-04-16 20:08:00,2024-04-16 20:08:00,1,重载,False,正常,1578,23
2024-04-16 20:09:00,2024-04-17 00:19:00,251,停机,True,通讯中断/传感器休眠（段持续 >= 4h）,1579,24
2024-04-17 00:20:00,2024-04-17 00:24:00,5,重载,False,正常,1580,25
2024-04-17 00:25:00,2024-04-17 00:29:00,5,停机,False,正常,1581,25
2024-04-17 00:30:00,2024-04-17 00:31:00,2,重载,False,正常,1582,25
2024-04-17 00:32:00,2024-04-17 00:34:00,3,停机,False,正常,1583,25
2024-04-17 00:35:00,2024-04-17 00:35:00,1,重载,False,正常,1584,25
2024-04-17 00:36:00,2024-04-17 00:40:00,5,停机,False,正常,1585,25
2024-04-17 00:41:00,2024-04-17 00:41:00,1,重载,False,正常,1586,25
2024-04-17 00:42:00,2024-04-17 00:48:00,7,停机,False,正常,1587,25
2024-04-17 00:49:00,2024-04-17 00:49:00,1,重载,False,正常,1588,25
2024-04-17 00:50:00,2024-04-17 01:25:00,36,停机,False,正常,1589,25
2024-04-17 01:26:00,2024-04-17 01:28:00,3,重载,False,正常,1590,25
2024-04-17 01:29:00,2024-04-17 01:43:00,15,轻载,False,正常,1591,25
2024-04-17 01:44:00,2024-04-17 01:48:00,5,停机,False,正常,1592,25
2024-04-17 01:49:00,2024-04-17 02:03:00,15,重载,False,正常,1593,25
2024-04-17 02:04:00,2024-04-17 02:04:00,1,停机,False,正常,1594,25
2024-04-17 02:05:00,2024-04-17 03:21:00,77,重载,False,正常,1595,25
2024-04-17 03:22:00,2024-04-17 03:25:00,4,停机,False,正常,1596,25
2024-04-17 03:26:00,2024-04-17 03:26:00,1,重载,False,正常,1597,25
2024-04-17 03:27:00,2024-04-17 03:32:00,6,停机,False,正常,1598,25
2024-04-17 03:33:00,2024-04-17 03:33:00,1,轻载,False,正常,1599,25
2024-04-17 03:34:00,2024-04-17 04:14:00,41,重载,False,正常,1600,25
2024-04-17 04:15:00,2024-04-17 06:25:00,131,停机,False,正常,1601,25
2024-04-17 06:26:00,2024-04-17 07:15:00,50,重载,False,正常,1602,25
2024-04-17 07:16:00,2024-04-17 07:18:00,3,停机,False,正常,1603,25
2024-04-17 07:19:00,2024-04-17 07:21:00,3,重载,False,正常,1604,25
2024-04-17 07:22:00,2024-04-17 07:26:00,5,停机,False,正常,1605,25
2024-04-17 07:27:00,2024-04-17 08:30:00,64,重载,False,正常,1606,25
2024-04-17 08:31:00,2024-04-17 08:31:00,1,轻载,False,正常,1607,25
2024-04-17 08:32:00,2024-04-17 08:50:00,19,重载,False,正常,1608,25
2024-04-17 08:51:00,2024-04-17 08:51:00,1,停机,False,正常,1609,25
2024-04-17 08:52:00,2024-04-17 08:54:00,3,重载,False,正常,1610,25
2024-04-17 08:55:00,2024-04-17 08:55:00,1,轻载,False,正常,1611,25
2024-04-17 08:56:00,2024-04-17 09:30:00,35,重载,False,正常,1612,25
2024-04-17 09:31:00,2024-04-17 10:06:00,36,轻载,False,正常,1613,25
2024-04-17 10:07:00,2024-04-17 10:07:00,1,重载,False,正常,1614,25
2024-04-17 10:08:00,2024-04-17 13:04:00,177,停机,True,异常持续段（>135min 阈值）,1615,26
2024-04-17 13:05:00,2024-04-17 13:05:00,1,轻载,False,正常,1616,27
2024-04-17 13:06:00,2024-04-17 13:07:00,2,重载,False,正常,1617,27
2024-04-17 13:08:00,2024-04-17 13:12:00,5,停机,False,正常,1618,27
2024-04-17 13:13:00,2024-04-17 13:15:00,3,重载,False,正常,1619,27
2024-04-17 13:16:00,2024-04-17 13:22:00,7,停机,False,正常,1620,27
2024-04-17 13:23:00,2024-04-17 13:40:00,18,重载,False,正常,1621,27
2024-04-17 13:41:00,2024-04-17 13:43:00,3,停机,False,正常,1622,27
2024-04-17 13:44:00,2024-04-17 13:53:00,10,重载,False,正常,1623,27
2024-04-17 13:54:00,2024-04-17 13:55:00,2,停机,False,正常,1624,27
2024-04-17 13:56:00,2024-04-17 13:56:00,1,轻载,False,正常,1625,27
2024-04-17 13:57:00,2024-04-17 14:11:00,15,停机,False,正常,1626,27
2024-04-17 14:12:00,2024-04-17 14:43:00,32,轻载,False,正常,1627,27
2024-04-17 14:44:00,2024-04-17 14:44:00,1,停机,False,正常,1628,27
2024-04-17 14:45:00,2024-04-17 14:49:00,5,重载,False,正常,1629,27
2024-04-17 14:50:00,2024-04-17 14:57:00,8,轻载,False,正常,1630,27
2024-04-17 14:58:00,2024-04-17 15:02:00,5,停机,False,正常,1631,27
2024-04-17 15:03:00,2024-04-17 15:03:00,1,重载,False,正常,1632,27
2024-04-17 15:04:00,2024-04-17 15:20:00,17,轻载,False,正常,1633,27
2024-04-17 15:21:00,2024-04-17 15:55:00,35,停机,False,正常,1634,27
2024-04-17 15:56:00,2024-04-17 15:57:00,2,轻载,False,正常,1635,27
2024-04-17 15:58:00,2024-04-17 15:59:00,2,停机,False,正常,1636,27
2024-04-17 16:00:00,2024-04-17 16:38:00,39,轻载,False,正常,1637,27
2024-04-17 16:39:00,2024-04-17 16:39:00,1,停机,False,正常,1638,27
2024-04-17 16:40:00,2024-04-17 16:40:00,1,重载,False,正常,1639,27
2024-04-17 16:41:00,2024-04-17 16:41:00,1,轻载,False,正常,1640,27
2024-04-17 16:42:00,2024-04-17 16:42:00,1,重载,False,正常,1641,27
2024-04-17 16:43:00,2024-04-17 16:48:00,6,停机,False,正常,1642,27
2024-04-17 16:49:00,2024-04-17 16:58:00,10,重载,False,正常,1643,27
2024-04-17 16:59:00,2024-04-17 16:59:00,1,停机,False,正常,1644,27
2024-04-17 17:00:00,2024-04-17 17:06:00,7,重载,False,正常,1645,27
2024-04-17 17:07:00,2024-04-17 17:08:00,2,停机,False,正常,1646,27
2024-04-17 17:09:00,2024-04-17 17:30:00,22,重载,False,正常,1647,27
2024-04-17 17:31:00,2024-04-17 17:31:00,1,停机,False,正常,1648,27
2024-04-17 17:32:00,2024-04-17 17:46:00,15,重载,False,正常,1649,27
2024-04-17 17:47:00,2024-04-17 17:47:00,1,停机,False,正常,1650,27
2024-04-17 17:48:00,2024-04-17 17:48:00,1,重载,False,正常,1651,27
2024-04-17 17:49:00,2024-04-17 17:50:00,2,停机,False,正常,1652,27
2024-04-17 17:51:00,2024-04-17 18:41:00,51,重载,False,正常,1653,27
2024-04-17 18:42:00,2024-04-17 18:42:00,1,停机,False,正常,1654,27
2024-04-17 18:43:00,2024-04-17 18:43:00,1,重载,False,正常,1655,27
2024-04-17 18:44:00,2024-04-17 18:45:00,2,停机,False,正常,1656,27
2024-04-17 18:46:00,2024-04-17 19:02:00,17,重载,False,正常,1657,27
2024-04-17 19:03:00,2024-04-17 19:04:00,2,停机,False,正常,1658,27
2024-04-17 19:05:00,2024-04-17 19:13:00,9,重载,False,正常,1659,27
2024-04-17 19:14:00,2024-04-17 20:19:00,66,停机,False,正常,1660,27
2024-04-17 20:20:00,2024-04-17 20:29:00,10,重载,False,正常,1661,27
2024-04-17 20:30:00,2024-04-17 20:30:00,1,停机,False,正常,1662,27
2024-04-17 20:31:00,2024-04-17 20:32:00,2,重载,False,正常,1663,27
2024-04-17 20:33:00,2024-04-17 20:33:00,1,停机,False,正常,1664,27
2024-04-17 20:34:00,2024-04-17 20:46:00,13,重载,False,正常,1665,27
2024-04-17 20:47:00,2024-04-17 20:49:00,3,停机,False,正常,1666,27
2024-04-17 20:50:00,2024-04-17 20:56:00,7,重载,False,正常,1667,27
2024-04-17 20:57:00,2024-04-17 21:43:00,47,停机,False,正常,1668,27
2024-04-17 21:44:00,2024-04-17 21:51:00,8,重载,False,正常,1669,27
2024-04-17 21:52:00,2024-04-17 21:52:00,1,停机,False,正常,1670,27
2024-04-17 21:53:00,2024-04-17 21:54:00,2,重载,False,正常,1671,27
2024-04-17 21:55:00,2024-04-17 21:56:00,2,停机,False,正常,1672,27
2024-04-17 21:57:00,2024-04-17 22:05:00,9,重载,False,正常,1673,27
2024-04-17 22:06:00,2024-04-17 22:28:00,23,停机,False,正常,1674,27
2024-04-17 22:29:00,2024-04-17 22:33:00,5,重载,False,正常,1675,27
2024-04-17 22:34:00,2024-04-17 23:10:00,37,停机,False,正常,1676,27
2024-04-17 23:11:00,2024-04-17 23:25:00,15,重载,False,正常,1677,27
2024-04-17 23:26:00,2024-04-17 23:38:00,13,停机,False,正常,1678,27
2024-04-17 23:39:00,2024-04-17 23:51:00,13,重载,False,正常,1679,27
2024-04-17 23:52:00,2024-04-17 23:52:00,1,停机,False,正常,1680,27
2024-04-17 23:53:00,2024-04-17 23:53:00,1,轻载,False,正常,1681,27
2024-04-17 23:54:00,2024-04-18 00:16:00,23,重载,False,正常,1682,27
2024-04-18 00:17:00,2024-04-18 00:17:00,1,停机,False,正常,1683,27
2024-04-18 00:18:00,2024-04-18 01:39:00,82,重载,False,正常,1684,27
2024-04-18 01:40:00,2024-04-18 01:44:00,5,停机,False,正常,1685,27
2024-04-18 01:45:00,2024-04-18 01:56:00,12,重载,False,正常,1686,27
2024-04-18 01:57:00,2024-04-18 02:11:00,15,停机,False,正常,1687,27
2024-04-18 02:12:00,2024-04-18 03:01:00,50,重载,False,正常,1688,27
2024-04-18 03:02:00,2024-04-18 03:02:00,1,停机,False,正常,1689,27
2024-04-18 03:03:00,2024-04-18 03:44:00,42,重载,False,正常,1690,27
2024-04-18 03:45:00,2024-04-18 03:53:00,9,停机,False,正常,1691,27
2024-04-18 03:54:00,2024-04-18 03:54:00,1,轻载,False,正常,1692,27
2024-04-18 03:55:00,2024-04-18 05:09:00,75,重载,False,正常,1693,27
2024-04-18 05:10:00,2024-04-18 05:15:00,6,停机,False,正常,1694,27
2024-04-18 05:16:00,2024-04-18 06:04:00,49,重载,False,正常,1695,27
2024-04-18 06:05:00,2024-04-18 06:09:00,5,停机,False,正常,1696,27
2024-04-18 06:10:00,2024-04-18 06:44:00,35,重载,False,正常,1697,27
2024-04-18 06:45:00,2024-04-18 06:45:00,1,停机,False,正常,1698,27
2024-04-18 06:46:00,2024-04-18 06:48:00,3,重载,False,正常,1699,27
2024-04-18 06:49:00,2024-04-18 06:51:00,3,停机,False,正常,1700,27
2024-04-18 06:52:00,2024-04-18 06:53:00,2,重载,False,正常,1701,27
2024-04-18 06:54:00,2024-04-18 06:55:00,2,停机,False,正常,1702,27
2024-04-18 06:56:00,2024-04-18 06:56:00,1,重载,False,正常,1703,27
2024-04-18 06:57:00,2024-04-18 06:58:00,2,停机,False,正常,1704,27
2024-04-18 06:59:00,2024-04-18 07:19:00,21,重载,False,正常,1705,27
2024-04-18 07:20:00,2024-04-18 07:23:00,4,停机,False,正常,1706,27
2024-04-18 07:24:00,2024-04-18 08:09:00,46,重载,False,正常,1707,27
2024-04-18 08:10:00,2024-04-18 08:18:00,9,停机,False,正常,1708,27
2024-04-18 08:19:00,2024-04-18 08:42:00,24,重载,False,正常,1709,27
2024-04-18 08:43:00,2024-04-18 08:43:00,1,轻载,False,正常,1710,27
2024-04-18 08:44:00,2024-04-18 08:48:00,5,重载,False,正常,1711,27
2024-04-18 08:49:00,2024-04-18 08:49:00,1,停机,False,正常,1712,27
2024-04-18 08:50:00,2024-04-18 08:50:00,1,重载,False,正常,1713,27
2024-04-18 08:51:00,2024-04-18 08:52:00,2,停机,False,正常,1714,27
2024-04-18 08:53:00,2024-04-18 08:57:00,5,重载,False,正常,1715,27
2024-04-18 08:58:00,2024-04-18 08:58:00,1,停机,False,正常,1716,27
2024-04-18 08:59:00,2024-04-18 09:00:00,2,重载,False,正常,1717,27
2024-04-18 09:01:00,2024-04-18 09:32:00,32,停机,False,正常,1718,27
2024-04-18 09:33:00,2024-04-18 09:34:00,2,重载,False,正常,1719,27
2024-04-18 09:35:00,2024-04-18 14:24:00,290,轻载,True,通讯中断/传感器休眠（段持续 >= 4h）,1720,28
2024-04-18 14:25:00,2024-04-18 14:26:00,2,重载,False,正常,1721,29
2024-04-18 14:27:00,2024-04-18 15:15:00,49,停机,False,正常,1722,29
2024-04-18 15:16:00,2024-04-18 15:16:00,1,重载,False,正常,1723,29
2024-04-18 15:17:00,2024-04-18 15:30:00,14,停机,False,正常,1724,29
2024-04-18 15:31:00,2024-04-18 15:31:00,1,轻载,False,正常,1725,29
2024-04-18 15:32:00,2024-04-18 15:32:00,1,停机,False,正常,1726,29
2024-04-18 15:33:00,2024-04-18 15:33:00,1,轻载,False,正常,1727,29
2024-04-18 15:34:00,2024-04-18 15:36:00,3,停机,False,正常,1728,29
2024-04-18 15:37:00,2024-04-18 15:41:00,5,重载,False,正常,1729,29
2024-04-18 15:42:00,2024-04-18 15:43:00,2,停机,False,正常,1730,29
2024-04-18 15:44:00,2024-04-18 15:52:00,9,重载,False,正常,1731,29
2024-04-18 15:53:00,2024-04-18 15:54:00,2,停机,False,正常,1732,29
2024-04-18 15:55:00,2024-04-18 15:57:00,3,轻载,False,正常,1733,29
2024-04-18 15:58:00,2024-04-18 16:03:00,6,重载,False,正常,1734,29
2024-04-18 16:04:00,2024-04-18 16:04:00,1,停机,False,正常,1735,29
2024-04-18 16:05:00,2024-04-18 16:08:00,4,重载,False,正常,1736,29
2024-04-18 16:09:00,2024-04-18 16:10:00,2,停机,False,正常,1737,29
2024-04-18 16:11:00,2024-04-18 16:11:00,1,重载,False,正常,1738,29
2024-04-18 16:12:00,2024-04-18 16:12:00,1,停机,False,正常,1739,29
2024-04-18 16:13:00,2024-04-18 16:22:00,10,重载,False,正常,1740,29
2024-04-18 16:23:00,2024-04-18 16:23:00,1,停机,False,正常,1741,29
2024-04-18 16:24:00,2024-04-18 16:28:00,5,重载,False,正常,1742,29
2024-04-18 16:29:00,2024-04-18 16:32:00,4,停机,False,正常,1743,29
2024-04-18 16:33:00,2024-04-18 17:29:00,57,重载,False,正常,1744,29
2024-04-18 17:30:00,2024-04-18 17:35:00,6,停机,False,正常,1745,29
2024-04-18 17:36:00,2024-04-18 17:45:00,10,重载,False,正常,1746,29
2024-04-18 17:46:00,2024-04-18 17:46:00,1,轻载,False,正常,1747,29
2024-04-18 17:47:00,2024-04-18 17:48:00,2,重载,False,正常,1748,29
2024-04-18 17:49:00,2024-04-18 17:49:00,1,停机,False,正常,1749,29
2024-04-18 17:50:00,2024-04-18 18:43:00,54,重载,False,正常,1750,29
2024-04-18 18:44:00,2024-04-18 19:02:00,19,停机,False,正常,1751,29
2024-04-18 19:03:00,2024-04-18 19:05:00,3,重载,False,正常,1752,29
2024-04-18 19:06:00,2024-04-18 19:08:00,3,停机,False,正常,1753,29
2024-04-18 19:09:00,2024-04-18 19:39:00,31,重载,False,正常,1754,29
2024-04-18 19:40:00,2024-04-18 19:42:00,3,停机,False,正常,1755,29
2024-04-18 19:43:00,2024-04-18 19:53:00,11,重载,False,正常,1756,29
2024-04-18 19:54:00,2024-04-18 19:58:00,5,停机,False,正常,1757,29
2024-04-18 19:59:00,2024-04-18 20:37:00,39,重载,False,正常,1758,29
2024-04-18 20:38:00,2024-04-18 20:38:00,1,停机,False,正常,1759,29
2024-04-18 20:39:00,2024-04-18 21:35:00,57,重载,False,正常,1760,29
2024-04-18 21:36:00,2024-04-18 21:36:00,1,停机,False,正常,1761,29
2024-04-18 21:37:00,2024-04-18 22:29:00,53,重载,False,正常,1762,29
2024-04-18 22:30:00,2024-04-18 22:30:00,1,停机,False,正常,1763,29
2024-04-18 22:31:00,2024-04-18 22:49:00,19,重载,False,正常,1764,29
2024-04-18 22:50:00,2024-04-18 22:50:00,1,停机,False,正常,1765,29
2024-04-18 22:51:00,2024-04-18 22:52:00,2,重载,False,正常,1766,29
2024-04-18 22:53:00,2024-04-18 22:53:00,1,停机,False,正常,1767,29
2024-04-18 22:54:00,2024-04-18 23:15:00,22,重载,False,正常,1768,29
2024-04-18 23:16:00,2024-04-18 23:17:00,2,停机,False,正常,1769,29
2024-04-18 23:18:00,2024-04-18 23:21:00,4,重载,False,正常,1770,29
2024-04-18 23:22:00,2024-04-18 23:42:00,21,停机,False,正常,1771,29
2024-04-18 23:43:00,2024-04-18 23:44:00,2,轻载,False,正常,1772,29
2024-04-18 23:45:00,2024-04-19 00:23:00,39,停机,False,正常,1773,29
2024-04-19 00:24:00,2024-04-19 00:24:00,1,重载,False,正常,1774,29
2024-04-19 00:25:00,2024-04-19 00:25:00,1,停机,False,正常,1775,29
2024-04-19 00:26:00,2024-04-19 00:26:00,1,轻载,False,正常,1776,29
2024-04-19 00:27:00,2024-04-19 00:50:00,24,重载,False,正常,1777,29
2024-04-19 00:51:00,2024-04-19 00:51:00,1,停机,False,正常,1778,29
2024-04-19 00:52:00,2024-04-19 00:55:00,4,重载,False,正常,1779,29
2024-04-19 00:56:00,2024-04-19 00:57:00,2,停机,False,正常,1780,29
2024-04-19 00:58:00,2024-04-19 01:00:00,3,重载,False,正常,1781,29
2024-04-19 01:01:00,2024-04-19 01:02:00,2,停机,False,正常,1782,29
2024-04-19 01:03:00,2024-04-19 01:18:00,16,重载,False,正常,1783,29
2024-04-19 01:19:00,2024-04-19 01:23:00,5,停机,False,正常,1784,29
2024-04-19 01:24:00,2024-04-19 01:39:00,16,重载,False,正常,1785,29
2024-04-19 01:40:00,2024-04-19 01:40:00,1,停机,False,正常,1786,29
2024-04-19 01:41:00,2024-04-19 02:53:00,73,重载,False,正常,1787,29
2024-04-19 02:54:00,2024-04-19 02:55:00,2,停机,False,正常,1788,29
2024-04-19 02:56:00,2024-04-19 04:45:00,110,重载,False,正常,1789,29
2024-04-19 04:46:00,2024-04-19 04:46:00,1,停机,False,正常,1790,29
2024-04-19 04:47:00,2024-04-19 04:51:00,5,重载,False,正常,1791,29
2024-04-19 04:52:00,2024-04-19 04:52:00,1,停机,False,正常,1792,29
2024-04-19 04:53:00,2024-04-19 05:40:00,48,重载,False,正常,1793,29
2024-04-19 05:41:00,2024-04-19 05:41:00,1,停机,False,正常,1794,29
2024-04-19 05:42:00,2024-04-19 05:49:00,8,重载,False,正常,1795,29
2024-04-19 05:50:00,2024-04-19 05:57:00,8,停机,False,正常,1796,29
2024-04-19 05:58:00,2024-04-19 06:32:00,35,重载,False,正常,1797,29
2024-04-19 06:33:00,2024-04-19 06:33:00,1,停机,False,正常,1798,29
2024-04-19 06:34:00,2024-04-19 07:34:00,61,重载,False,正常,1799,29
2024-04-19 07:35:00,2024-04-19 07:36:00,2,停机,False,正常,1800,29
2024-04-19 07:37:00,2024-04-19 08:23:00,47,重载,False,正常,1801,29
2024-04-19 08:24:00,2024-04-19 08:24:00,1,停机,False,正常,1802,29
2024-04-19 08:25:00,2024-04-19 08:26:00,2,轻载,False,正常,1803,29
2024-04-19 08:27:00,2024-04-19 08:37:00,11,重载,False,正常,1804,29
2024-04-19 08:38:00,2024-04-19 08:38:00,1,停机,False,正常,1805,29
2024-04-19 08:39:00,2024-04-19 08:39:00,1,重载,False,正常,1806,29
2024-04-19 08:40:00,2024-04-19 08:40:00,1,停机,False,正常,1807,29
2024-04-19 08:41:00,2024-04-19 08:42:00,2,重载,False,正常,1808,29
2024-04-19 08:43:00,2024-04-19 08:44:00,2,停机,False,正常,1809,29
2024-04-19 08:45:00,2024-04-19 08:49:00,5,重载,False,正常,1810,29
2024-04-19 08:50:00,2024-04-19 08:50:00,1,停机,False,正常,1811,29
2024-04-19 08:51:00,2024-04-19 08:51:00,1,轻载,False,正常,1812,29
2024-04-19 08:52:00,2024-04-19 08:52:00,1,停机,False,正常,1813,29
2024-04-19 08:53:00,2024-04-19 09:41:00,49,轻载,False,正常,1814,29
2024-04-19 09:42:00,2024-04-19 09:48:00,7,重载,False,正常,1815,29
2024-04-19 09:49:00,2024-04-19 09:50:00,2,停机,False,正常,1816,29
2024-04-19 09:51:00,2024-04-19 09:52:00,2,轻载,False,正常,1817,29
2024-04-19 09:53:00,2024-04-19 09:53:00,1,重载,False,正常,1818,29
2024-04-19 09:54:00,2024-04-19 10:08:00,15,停机,False,正常,1819,29
2024-04-19 10:09:00,2024-04-19 10:11:00,3,重载,False,正常,1820,29
2024-04-19 10:12:00,2024-04-19 10:37:00,26,停机,False,正常,1821,29
2024-04-19 10:38:00,2024-04-19 10:38:00,1,重载,False,正常,1822,29
2024-04-19 10:39:00,2024-04-19 10:39:00,1,停机,False,正常,1823,29
2024-04-19 10:40:00,2024-04-19 10:41:00,2,重载,False,正常,1824,29
2024-04-19 10:42:00,2024-04-19 10:46:00,5,停机,False,正常,1825,29
2024-04-19 10:47:00,2024-04-19 10:47:00,1,重载,False,正常,1826,29
2024-04-19 10:48:00,2024-04-19 10:49:00,2,停机,False,正常,1827,29
2024-04-19 10:50:00,2024-04-19 10:50:00,1,重载,False,正常,1828,29
2024-04-19 10:51:00,2024-04-19 10:51:00,1,停机,False,正常,1829,29
2024-04-19 10:52:00,2024-04-19 10:54:00,3,重载,False,正常,1830,29
2024-04-19 10:55:00,2024-04-19 10:55:00,1,停机,False,正常,1831,29
2024-04-19 10:56:00,2024-04-19 10:56:00,1,重载,False,正常,1832,29
2024-04-19 10:57:00,2024-04-19 11:07:00,11,停机,False,正常,1833,29
2024-04-19 11:08:00,2024-04-19 11:08:00,1,轻载,False,正常,1834,29
2024-04-19 11:09:00,2024-04-19 11:09:00,1,停机,False,正常,1835,29
2024-04-19 11:10:00,2024-04-19 11:11:00,2,重载,False,正常,1836,29
2024-04-19 11:12:00,2024-04-19 11:22:00,11,停机,False,正常,1837,29
2024-04-19 11:23:00,2024-04-19 11:24:00,2,重载,False,正常,1838,29
2024-04-19 11:25:00,2024-04-19 11:52:00,28,停机,False,正常,1839,29
2024-04-19 11:53:00,2024-04-19 11:53:00,1,轻载,False,正常,1840,29
2024-04-19 11:54:00,2024-04-19 11:55:00,2,重载,False,正常,1841,29
2024-04-19 11:56:00,2024-04-19 12:37:00,42,停机,False,正常,1842,29
2024-04-19 12:38:00,2024-04-19 12:46:00,9,轻载,False,正常,1843,29
2024-04-19 12:47:00,2024-04-19 12:52:00,6,重载,False,正常,1844,29
2024-04-19 12:53:00,2024-04-19 12:58:00,6,停机,False,正常,1845,29
2024-04-19 12:59:00,2024-04-19 13:00:00,2,重载,False,正常,1846,29
2024-04-19 13:01:00,2024-04-19 13:15:00,15,停机,False,正常,1847,29
2024-04-19 13:16:00,2024-04-19 13:17:00,2,重载,False,正常,1848,29
2024-04-19 13:18:00,2024-04-19 13:24:00,7,停机,False,正常,1849,29
2024-04-19 13:25:00,2024-04-19 13:30:00,6,重载,False,正常,1850,29
2024-04-19 13:31:00,2024-04-19 13:35:00,5,停机,False,正常,1851,29
2024-04-19 13:36:00,2024-04-19 13:38:00,3,重载,False,正常,1852,29
2024-04-19 13:39:00,2024-04-19 13:42:00,4,停机,False,正常,1853,29
2024-04-19 13:43:00,2024-04-19 13:45:00,3,重载,False,正常,1854,29
2024-04-19 13:46:00,2024-04-19 13:47:00,2,停机,False,正常,1855,29
2024-04-19 13:48:00,2024-04-19 13:48:00,1,重载,False,正常,1856,29
2024-04-19 13:49:00,2024-04-19 13:49:00,1,停机,False,正常,1857,29
2024-04-19 13:50:00,2024-04-19 13:50:00,1,重载,False,正常,1858,29
2024-04-19 13:51:00,2024-04-19 13:53:00,3,停机,False,正常,1859,29
2024-04-19 13:54:00,2024-04-19 13:56:00,3,重载,False,正常,1860,29
2024-04-19 13:57:00,2024-04-19 13:57:00,1,停机,False,正常,1861,29
2024-04-19 13:58:00,2024-04-19 13:59:00,2,重载,False,正常,1862,29
2024-04-19 14:00:00,2024-04-19 14:00:00,1,停机,False,正常,1863,29
2024-04-19 14:01:00,2024-04-19 14:01:00,1,轻载,False,正常,1864,29
2024-04-19 14:02:00,2024-04-19 14:04:00,3,重载,False,正常,1865,29
2024-04-19 14:05:00,2024-04-19 14:05:00,1,停机,False,正常,1866,29
2024-04-19 14:06:00,2024-04-19 14:38:00,33,轻载,False,正常,1867,29
2024-04-19 14:39:00,2024-04-19 14:39:00,1,停机,False,正常,1868,29
2024-04-19 14:40:00,2024-04-19 14:40:00,1,重载,False,正常,1869,29
2024-04-19 14:41:00,2024-04-19 14:55:00,15,停机,False,正常,1870,29
2024-04-19 14:56:00,2024-04-19 14:57:00,2,重载,False,正常,1871,29
2024-04-19 14:58:00,2024-04-19 15:20:00,23,停机,False,正常,1872,29
2024-04-19 15:21:00,2024-04-19 15:21:00,1,重载,False,正常,1873,29
2024-04-19 15:22:00,2024-04-19 16:00:00,39,停机,False,正常,1874,29
2024-04-19 16:01:00,2024-04-19 16:05:00,5,重载,False,正常,1875,29
2024-04-19 16:06:00,2024-04-19 16:10:00,5,轻载,False,正常,1876,29
2024-04-19 16:11:00,2024-04-19 16:11:00,1,停机,False,正常,1877,29
2024-04-19 16:12:00,2024-04-19 16:12:00,1,重载,False,正常,1878,29
2024-04-19 16:13:00,2024-04-19 17:08:00,56,轻载,False,正常,1879,29
2024-04-19 17:09:00,2024-04-19 18:55:00,107,重载,False,正常,1880,29
2024-04-19 18:56:00,2024-04-19 19:13:00,18,停机,False,正常,1881,29
2024-04-19 19:14:00,2024-04-19 19:14:00,1,重载,False,正常,1882,29
2024-04-19 19:15:00,2024-04-19 19:15:00,1,停机,False,正常,1883,29
2024-04-19 19:16:00,2024-04-19 19:20:00,5,重载,False,正常,1884,29
2024-04-19 19:21:00,2024-04-19 19:26:00,6,停机,False,正常,1885,29
2024-04-19 19:27:00,2024-04-19 19:35:00,9,重载,False,正常,1886,29
2024-04-19 19:36:00,2024-04-19 19:40:00,5,停机,False,正常,1887,29
2024-04-19 19:41:00,2024-04-19 19:42:00,2,重载,False,正常,1888,29
2024-04-19 19:43:00,2024-04-19 20:13:00,31,停机,False,正常,1889,29
2024-04-19 20:14:00,2024-04-19 20:14:00,1,重载,False,正常,1890,29
2024-04-19 20:15:00,2024-04-19 20:30:00,16,停机,False,正常,1891,29
2024-04-19 20:31:00,2024-04-19 20:55:00,25,重载,False,正常,1892,29
2024-04-19 20:56:00,2024-04-19 20:57:00,2,停机,False,正常,1893,29
2024-04-19 20:58:00,2024-04-19 22:00:00,63,重载,False,正常,1894,29
2024-04-19 22:01:00,2024-04-19 22:01:00,1,停机,False,正常,1895,29
2024-04-19 22:02:00,2024-04-19 22:06:00,5,重载,False,正常,1896,29
2024-04-19 22:07:00,2024-04-19 22:08:00,2,停机,False,正常,1897,29
2024-04-19 22:09:00,2024-04-19 22:44:00,36,重载,False,正常,1898,29
2024-04-19 22:45:00,2024-04-19 22:49:00,5,停机,False,正常,1899,29
2024-04-19 22:50:00,2024-04-19 23:40:00,51,重载,False,正常,1900,29
2024-04-19 23:41:00,2024-04-19 23:41:00,1,停机,False,正常,1901,29
2024-04-19 23:42:00,2024-04-19 23:50:00,9,重载,False,正常,1902,29
2024-04-19 23:51:00,2024-04-19 23:51:00,1,停机,False,正常,1903,29
2024-04-19 23:52:00,2024-04-19 23:52:00,1,重载,False,正常,1904,29
2024-04-19 23:53:00,2024-04-19 23:54:00,2,轻载,False,正常,1905,29
2024-04-19 23:55:00,2024-04-20 00:12:00,18,重载,False,正常,1906,29
2024-04-20 00:13:00,2024-04-20 00:13:00,1,停机,False,正常,1907,29
2024-04-20 00:14:00,2024-04-20 00:33:00,20,重载,False,正常,1908,29
2024-04-20 00:34:00,2024-04-20 00:34:00,1,停机,False,正常,1909,29
2024-04-20 00:35:00,2024-04-20 00:49:00,15,重载,False,正常,1910,29
2024-04-20 00:50:00,2024-04-20 00:50:00,1,停机,False,正常,1911,29
2024-04-20 00:51:00,2024-04-20 00:53:00,3,重载,False,正常,1912,29
2024-04-20 00:54:00,2024-04-20 00:54:00,1,停机,False,正常,1913,29
2024-04-20 00:55:00,2024-04-20 01:07:00,13,重载,False,正常,1914,29
2024-04-20 01:08:00,2024-04-20 01:11:00,4,停机,False,正常,1915,29
2024-04-20 01:12:00,2024-04-20 01:49:00,38,重载,False,正常,1916,29
2024-04-20 01:50:00,2024-04-20 01:50:00,1,停机,False,正常,1917,29
2024-04-20 01:51:00,2024-04-20 01:51:00,1,重载,False,正常,1918,29
2024-04-20 01:52:00,2024-04-20 01:52:00,1,停机,False,正常,1919,29
2024-04-20 01:53:00,2024-04-20 01:58:00,6,重载,False,正常,1920,29
2024-04-20 01:59:00,2024-04-20 01:59:00,1,停机,False,正常,1921,29
2024-04-20 02:00:00,2024-04-20 02:11:00,12,重载,False,正常,1922,29
2024-04-20 02:12:00,2024-04-20 02:13:00,2,停机,False,正常,1923,29
2024-04-20 02:14:00,2024-04-20 03:43:00,90,重载,False,正常,1924,29
2024-04-20 03:44:00,2024-04-20 03:44:00,1,停机,False,正常,1925,29
2024-04-20 03:45:00,2024-04-20 03:52:00,8,重载,False,正常,1926,29
2024-04-20 03:53:00,2024-04-20 03:55:00,3,停机,False,正常,1927,29
2024-04-20 03:56:00,2024-04-20 04:57:00,62,重载,False,正常,1928,29
2024-04-20 04:58:00,2024-04-20 04:58:00,1,停机,False,正常,1929,29
2024-04-20 04:59:00,2024-04-20 05:08:00,10,重载,False,正常,1930,29
2024-04-20 05:09:00,2024-04-20 05:21:00,13,停机,False,正常,1931,29
2024-04-20 05:22:00,2024-04-20 05:23:00,2,重载,False,正常,1932,29
2024-04-20 05:24:00,2024-04-20 05:25:00,2,停机,False,正常,1933,29
2024-04-20 05:26:00,2024-04-20 06:32:00,67,重载,False,正常,1934,29
2024-04-20 06:33:00,2024-04-20 06:34:00,2,停机,False,正常,1935,29
2024-04-20 06:35:00,2024-04-20 07:32:00,58,重载,False,正常,1936,29
2024-04-20 07:33:00,2024-04-20 07:33:00,1,停机,False,正常,1937,29
2024-04-20 07:34:00,2024-04-20 07:49:00,16,重载,False,正常,1938,29
2024-04-20 07:50:00,2024-04-20 07:54:00,5,停机,False,正常,1939,29
2024-04-20 07:55:00,2024-04-20 08:07:00,13,重载,False,正常,1940,29
2024-04-20 08:08:00,2024-04-20 08:08:00,1,停机,False,正常,1941,29
2024-04-20 08:09:00,2024-04-20 08:14:00,6,重载,False,正常,1942,29
2024-04-20 08:15:00,2024-04-20 08:17:00,3,停机,False,正常,1943,29
2024-04-20 08:18:00,2024-04-20 08:26:00,9,重载,False,正常,1944,29
2024-04-20 08:27:00,2024-04-20 08:32:00,6,停机,False,正常,1945,29
2024-04-20 08:33:00,2024-04-20 08:33:00,1,重载,False,正常,1946,29
2024-04-20 08:34:00,2024-04-20 09:23:00,50,停机,False,正常,1947,29
2024-04-20 09:24:00,2024-04-20 10:04:00,41,轻载,False,正常,1948,29
2024-04-20 10:05:00,2024-04-20 10:05:00,1,停机,False,正常,1949,29
2024-04-20 10:06:00,2024-04-20 10:07:00,2,重载,False,正常,1950,29
2024-04-20 10:08:00,2024-04-20 13:14:00,187,停机,True,异常持续段（>135min 阈值）,1951,30
2024-04-20 13:15:00,2024-04-20 13:15:00,1,轻载,False,正常,1952,31
2024-04-20 13:16:00,2024-04-20 13:16:00,1,停机,False,正常,1953,31
2024-04-20 13:17:00,2024-04-20 13:17:00,1,重载,False,正常,1954,31
2024-04-20 13:18:00,2024-04-20 13:49:00,32,停机,False,正常,1955,31
2024-04-20 13:50:00,2024-04-20 13:50:00,1,轻载,False,正常,1956,31
2024-04-20 13:51:00,2024-04-20 13:52:00,2,重载,False,正常,1957,31
2024-04-20 13:53:00,2024-04-20 13:53:00,1,停机,False,正常,1958,31
2024-04-20 13:54:00,2024-04-20 16:40:00,167,轻载,False,正常,1959,31
2024-04-20 16:41:00,2024-04-20 16:41:00,1,停机,False,正常,1960,31
2024-04-20 16:42:00,2024-04-20 16:42:00,1,重载,False,正常,1961,31
2024-04-20 16:43:00,2024-04-20 18:22:00,100,轻载,False,正常,1962,31
2024-04-20 18:23:00,2024-04-20 18:23:00,1,重载,False,正常,1963,31
2024-04-20 18:24:00,2024-04-20 18:30:00,7,停机,False,正常,1964,31
2024-04-20 18:31:00,2024-04-20 18:31:00,1,轻载,False,正常,1965,31
2024-04-20 18:32:00,2024-04-20 19:05:00,34,重载,False,正常,1966,31
2024-04-20 19:06:00,2024-04-20 19:07:00,2,停机,False,正常,1967,31
2024-04-20 19:08:00,2024-04-20 19:12:00,5,重载,False,正常,1968,31
2024-04-20 19:13:00,2024-04-20 19:14:00,2,停机,False,正常,1969,31
2024-04-20 19:15:00,2024-04-20 19:20:00,6,重载,False,正常,1970,31
2024-04-20 19:21:00,2024-04-20 19:24:00,4,停机,False,正常,1971,31
2024-04-20 19:25:00,2024-04-20 19:25:00,1,重载,False,正常,1972,31
2024-04-20 19:26:00,2024-04-20 19:31:00,6,停机,False,正常,1973,31
2024-04-20 19:32:00,2024-04-20 19:36:00,5,重载,False,正常,1974,31
2024-04-20 19:37:00,2024-04-20 19:45:00,9,停机,False,正常,1975,31
2024-04-20 19:46:00,2024-04-20 20:22:00,37,重载,False,正常,1976,31
2024-04-20 20:23:00,2024-04-20 20:30:00,8,停机,False,正常,1977,31
2024-04-20 20:31:00,2024-04-20 20:39:00,9,重载,False,正常,1978,31
2024-04-20 20:40:00,2024-04-20 20:40:00,1,停机,False,正常,1979,31
2024-04-20 20:41:00,2024-04-20 20:54:00,14,重载,False,正常,1980,31
2024-04-20 20:55:00,2024-04-20 20:57:00,3,停机,False,正常,1981,31
2024-04-20 20:58:00,2024-04-20 21:17:00,20,重载,False,正常,1982,31
2024-04-20 21:18:00,2024-04-20 21:18:00,1,停机,False,正常,1983,31
2024-04-20 21:19:00,2024-04-20 22:11:00,53,重载,False,正常,1984,31
2024-04-20 22:12:00,2024-04-20 22:17:00,6,停机,False,正常,1985,31
2024-04-20 22:18:00,2024-04-20 22:40:00,23,重载,False,正常,1986,31
2024-04-20 22:41:00,2024-04-20 22:41:00,1,停机,False,正常,1987,31
2024-04-20 22:42:00,2024-04-20 23:27:00,46,重载,False,正常,1988,31
2024-04-20 23:28:00,2024-04-20 23:30:00,3,停机,False,正常,1989,31
2024-04-20 23:31:00,2024-04-20 23:53:00,23,重载,False,正常,1990,31
2024-04-20 23:54:00,2024-04-20 23:55:00,2,轻载,False,正常,1991,31
2024-04-20 23:56:00,2024-04-20 23:56:00,1,重载,False,正常,1992,31
2024-04-20 23:57:00,2024-04-20 23:58:00,2,停机,False,正常,1993,31
2024-04-20 23:59:00,2024-04-21 00:02:00,4,重载,False,正常,1994,31
2024-04-21 00:03:00,2024-04-21 00:10:00,8,停机,False,正常,1995,31
2024-04-21 00:11:00,2024-04-21 00:28:00,18,重载,False,正常,1996,31
2024-04-21 00:29:00,2024-04-21 00:29:00,1,停机,False,正常,1997,31
2024-04-21 00:30:00,2024-04-21 00:30:00,1,重载,False,正常,1998,31
2024-04-21 00:31:00,2024-04-21 00:38:00,8,停机,False,正常,1999,31
2024-04-21 00:39:00,2024-04-21 02:33:00,115,重载,False,正常,2000,31
2024-04-21 02:34:00,2024-04-21 02:42:00,9,停机,False,正常,2001,31
2024-04-21 02:43:00,2024-04-21 03:04:00,22,重载,False,正常,2002,31
2024-04-21 03:05:00,2024-04-21 03:08:00,4,停机,False,正常,2003,31
2024-04-21 03:09:00,2024-04-21 03:29:00,21,重载,False,正常,2004,31
2024-04-21 03:30:00,2024-04-21 03:33:00,4,停机,False,正常,2005,31
2024-04-21 03:34:00,2024-04-21 03:59:00,26,重载,False,正常,2006,31
2024-04-21 04:00:00,2024-04-21 04:01:00,2,停机,False,正常,2007,31
2024-04-21 04:02:00,2024-04-21 04:03:00,2,重载,False,正常,2008,31
2024-04-21 04:04:00,2024-04-21 04:04:00,1,停机,False,正常,2009,31
2024-04-21 04:05:00,2024-04-21 04:06:00,2,重载,False,正常,2010,31
2024-04-21 04:07:00,2024-04-21 04:07:00,1,停机,False,正常,2011,31
2024-04-21 04:08:00,2024-04-21 05:08:00,61,重载,False,正常,2012,31
2024-04-21 05:09:00,2024-04-21 05:09:00,1,停机,False,正常,2013,31
2024-04-21 05:10:00,2024-04-21 06:03:00,54,重载,False,正常,2014,31
2024-04-21 06:04:00,2024-04-21 06:05:00,2,停机,False,正常,2015,31
2024-04-21 06:06:00,2024-04-21 06:09:00,4,重载,False,正常,2016,31
2024-04-21 06:10:00,2024-04-21 06:10:00,1,停机,False,正常,2017,31
2024-04-21 06:11:00,2024-04-21 06:33:00,23,重载,False,正常,2018,31
2024-04-21 06:34:00,2024-04-21 06:46:00,13,停机,False,正常,2019,31
2024-04-21 06:47:00,2024-04-21 06:52:00,6,重载,False,正常,2020,31
2024-04-21 06:53:00,2024-04-21 06:53:00,1,停机,False,正常,2021,31
2024-04-21 06:54:00,2024-04-21 08:20:00,87,重载,False,正常,2022,31
2024-04-21 08:21:00,2024-04-21 08:21:00,1,停机,False,正常,2023,31
2024-04-21 08:22:00,2024-04-21 08:23:00,2,轻载,False,正常,2024,31
2024-04-21 08:24:00,2024-04-21 08:24:00,1,停机,False,正常,2025,31
2024-04-21 08:25:00,2024-04-21 08:26:00,2,轻载,False,正常,2026,31
2024-04-21 08:27:00,2024-04-21 08:27:00,1,停机,False,正常,2027,31
2024-04-21 08:28:00,2024-04-21 08:48:00,21,重载,False,正常,2028,31
2024-04-21 08:49:00,2024-04-21 08:49:00,1,停机,False,正常,2029,31
2024-04-21 08:50:00,2024-04-21 09:32:00,43,重载,False,正常,2030,31
2024-04-21 09:33:00,2024-04-21 09:34:00,2,停机,False,正常,2031,31
2024-04-21 09:35:00,2024-04-21 10:02:00,28,重载,False,正常,2032,31
2024-04-21 10:03:00,2024-04-21 10:05:00,3,停机,False,正常,2033,31
2024-04-21 10:06:00,2024-04-21 10:06:00,1,重载,False,正常,2034,31
2024-04-21 10:07:00,2024-04-21 13:12:00,186,停机,True,异常持续段（>135min 阈值）,2035,32
2024-04-21 13:13:00,2024-04-21 13:13:00,1,重载,False,正常,2036,33
2024-04-21 13:14:00,2024-04-21 14:48:00,95,停机,False,正常,2037,33
2024-04-21 14:49:00,2024-04-21 14:49:00,1,重载,False,正常,2038,33
2024-04-21 14:50:00,2024-04-21 14:53:00,4,停机,False,正常,2039,33
2024-04-21 14:54:00,2024-04-21 14:55:00,2,重载,False,正常,2040,33
2024-04-21 14:56:00,2024-04-21 15:17:00,22,停机,False,正常,2041,33
2024-04-21 15:18:00,2024-04-21 15:41:00,24,轻载,False,正常,2042,33
2024-04-21 15:42:00,2024-04-21 15:42:00,1,重载,False,正常,2043,33
2024-04-21 15:43:00,2024-04-21 16:04:00,22,停机,False,正常,2044,33
2024-04-21 16:05:00,2024-04-21 16:05:00,1,轻载,False,正常,2045,33
2024-04-21 16:06:00,2024-04-21 16:06:00,1,重载,False,正常,2046,33
2024-04-21 16:07:00,2024-04-21 16:11:00,5,停机,False,正常,2047,33
2024-04-21 16:12:00,2024-04-21 16:12:00,1,重载,False,正常,2048,33
2024-04-21 16:13:00,2024-04-21 16:33:00,21,停机,False,正常,2049,33
2024-04-21 16:34:00,2024-04-21 16:35:00,2,重载,False,正常,2050,33
2024-04-21 16:36:00,2024-04-21 16:38:00,3,停机,False,正常,2051,33
2024-04-21 16:39:00,2024-04-21 16:50:00,12,重载,False,正常,2052,33
2024-04-21 16:51:00,2024-04-21 16:51:00,1,停机,False,正常,2053,33
2024-04-21 16:52:00,2024-04-21 17:00:00,9,重载,False,正常,2054,33
2024-04-21 17:01:00,2024-04-21 17:11:00,11,停机,False,正常,2055,33
2024-04-21 17:12:00,2024-04-21 17:12:00,1,重载,False,正常,2056,33
2024-04-21 17:13:00,2024-04-21 17:27:00,15,停机,False,正常,2057,33
2024-04-21 17:28:00,2024-04-21 18:08:00,41,重载,False,正常,2058,33
2024-04-21 18:09:00,2024-04-21 18:13:00,5,停机,False,正常,2059,33
2024-04-21 18:14:00,2024-04-21 18:26:00,13,重载,False,正常,2060,33
2024-04-21 18:27:00,2024-04-21 18:34:00,8,停机,False,正常,2061,33
2024-04-21 18:35:00,2024-04-21 18:54:00,20,重载,False,正常,2062,33
2024-04-21 18:55:00,2024-04-21 18:57:00,3,停机,False,正常,2063,33
2024-04-21 18:58:00,2024-04-21 19:40:00,43,重载,False,正常,2064,33
2024-04-21 19:41:00,2024-04-21 19:48:00,8,停机,False,正常,2065,33
2024-04-21 19:49:00,2024-04-21 21:03:00,75,重载,False,正常,2066,33
2024-04-21 21:04:00,2024-04-21 21:06:00,3,停机,False,正常,2067,33
2024-04-21 21:07:00,2024-04-21 21:11:00,5,重载,False,正常,2068,33
2024-04-21 21:12:00,2024-04-21 21:15:00,4,停机,False,正常,2069,33
2024-04-21 21:16:00,2024-04-21 21:53:00,38,重载,False,正常,2070,33
2024-04-21 21:54:00,2024-04-21 21:54:00,1,停机,False,正常,2071,33
2024-04-21 21:55:00,2024-04-21 23:12:00,78,重载,False,正常,2072,33
2024-04-21 23:13:00,2024-04-21 23:22:00,10,停机,False,正常,2073,33
2024-04-21 23:23:00,2024-04-21 23:29:00,7,重载,False,正常,2074,33
2024-04-21 23:30:00,2024-04-21 23:39:00,10,停机,False,正常,2075,33
2024-04-21 23:40:00,2024-04-21 23:40:00,1,轻载,False,正常,2076,33
2024-04-21 23:41:00,2024-04-21 23:44:00,4,停机,False,正常,2077,33
2024-04-21 23:45:00,2024-04-21 23:45:00,1,重载,False,正常,2078,33
2024-04-21 23:46:00,2024-04-21 23:53:00,8,停机,False,正常,2079,33
2024-04-21 23:54:00,2024-04-22 00:05:00,12,重载,False,正常,2080,33
2024-04-22 00:06:00,2024-04-22 00:07:00,2,停机,False,正常,2081,33
2024-04-22 00:08:00,2024-04-22 00:32:00,25,重载,False,正常,2082,33
2024-04-22 00:33:00,2024-04-22 00:35:00,3,停机,False,正常,2083,33
2024-04-22 00:36:00,2024-04-22 00:53:00,18,重载,False,正常,2084,33
2024-04-22 00:54:00,2024-04-22 01:11:00,18,停机,False,正常,2085,33
2024-04-22 01:12:00,2024-04-22 01:47:00,36,重载,False,正常,2086,33
2024-04-22 01:48:00,2024-04-22 01:49:00,2,停机,False,正常,2087,33
2024-04-22 01:50:00,2024-04-22 02:16:00,27,重载,False,正常,2088,33
2024-04-22 02:17:00,2024-04-22 02:17:00,1,停机,False,正常,2089,33
2024-04-22 02:18:00,2024-04-22 02:21:00,4,重载,False,正常,2090,33
2024-04-22 02:22:00,2024-04-22 02:22:00,1,停机,False,正常,2091,33
2024-04-22 02:23:00,2024-04-22 02:23:00,1,轻载,False,正常,2092,33
2024-04-22 02:24:00,2024-04-22 02:58:00,35,重载,False,正常,2093,33
2024-04-22 02:59:00,2024-04-22 03:03:00,5,停机,False,正常,2094,33
2024-04-22 03:04:00,2024-04-22 05:03:00,120,重载,False,正常,2095,33
2024-04-22 05:04:00,2024-04-22 05:09:00,6,停机,False,正常,2096,33
2024-04-22 05:10:00,2024-04-22 06:45:00,96,重载,False,正常,2097,33
2024-04-22 06:46:00,2024-04-22 06:46:00,1,停机,False,正常,2098,33
2024-04-22 06:47:00,2024-04-22 06:47:00,1,轻载,False,正常,2099,33
2024-04-22 06:48:00,2024-04-22 07:48:00,61,重载,False,正常,2100,33
2024-04-22 07:49:00,2024-04-22 07:50:00,2,停机,False,正常,2101,33
2024-04-22 07:51:00,2024-04-22 07:59:00,9,重载,False,正常,2102,33
2024-04-22 08:00:00,2024-04-22 08:00:00,1,停机,False,正常,2103,33
2024-04-22 08:01:00,2024-04-22 08:01:00,1,重载,False,正常,2104,33
2024-04-22 08:02:00,2024-04-22 08:02:00,1,停机,False,正常,2105,33
2024-04-22 08:03:00,2024-04-22 08:10:00,8,重载,False,正常,2106,33
2024-04-22 08:11:00,2024-04-22 08:12:00,2,停机,False,正常,2107,33
2024-04-22 08:13:00,2024-04-22 08:40:00,28,重载,False,正常,2108,33
2024-04-22 08:41:00,2024-04-22 08:43:00,3,停机,False,正常,2109,33
2024-04-22 08:44:00,2024-04-22 08:45:00,2,重载,False,正常,2110,33
2024-04-22 08:46:00,2024-04-22 08:52:00,7,停机,False,正常,2111,33
2024-04-22 08:53:00,2024-04-22 09:41:00,49,重载,False,正常,2112,33
2024-04-22 09:42:00,2024-04-22 09:46:00,5,停机,False,正常,2113,33
2024-04-22 09:47:00,2024-04-22 09:57:00,11,重载,False,正常,2114,33
2024-04-22 09:58:00,2024-04-22 09:58:00,1,停机,False,正常,2115,33
2024-04-22 09:59:00,2024-04-22 10:14:00,16,重载,False,正常,2116,33
2024-04-22 10:15:00,2024-04-22 10:17:00,3,停机,False,正常,2117,33
2024-04-22 10:18:00,2024-04-22 10:19:00,2,重载,False,正常,2118,33
2024-04-22 10:20:00,2024-04-22 10:24:00,5,停机,False,正常,2119,33
2024-04-22 10:25:00,2024-04-22 10:27:00,3,重载,False,正常,2120,33
2024-04-22 10:28:00,2024-04-22 10:28:00,1,停机,False,正常,2121,33
2024-04-22 10:29:00,2024-04-22 12:27:00,119,轻载,False,正常,2122,33
2024-04-22 12:28:00,2024-04-22 14:25:00,118,停机,False,正常,2123,33
2024-04-22 14:26:00,2024-04-22 14:27:00,2,重载,False,正常,2124,33
2024-04-22 14:28:00,2024-04-22 14:29:00,2,停机,False,正常,2125,33
2024-04-22 14:30:00,2024-04-22 14:30:00,1,重载,False,正常,2126,33
2024-04-22 14:31:00,2024-04-22 15:33:00,63,停机,False,正常,2127,33
2024-04-22 15:34:00,2024-04-22 15:38:00,5,重载,False,正常,2128,33
2024-04-22 15:39:00,2024-04-22 15:44:00,6,停机,False,正常,2129,33
2024-04-22 15:45:00,2024-04-22 15:45:00,1,重载,False,正常,2130,33
2024-04-22 15:46:00,2024-04-22 16:04:00,19,停机,False,正常,2131,33
2024-04-22 16:05:00,2024-04-22 16:05:00,1,轻载,False,正常,2132,33
2024-04-22 16:06:00,2024-04-22 16:06:00,1,停机,False,正常,2133,33
2024-04-22 16:07:00,2024-04-22 16:07:00,1,重载,False,正常,2134,33
2024-04-22 16:08:00,2024-04-22 16:08:00,1,停机,False,正常,2135,33
2024-04-22 16:09:00,2024-04-22 16:25:00,17,重载,False,正常,2136,33
2024-04-22 16:26:00,2024-04-22 16:44:00,19,停机,False,正常,2137,33
2024-04-22 16:45:00,2024-04-22 16:47:00,3,重载,False,正常,2138,33
2024-04-22 16:48:00,2024-04-22 16:49:00,2,停机,False,正常,2139,33
2024-04-22 16:50:00,2024-04-22 17:19:00,30,重载,False,正常,2140,33
2024-04-22 17:20:00,2024-04-22 17:32:00,13,停机,False,正常,2141,33
2024-04-22 17:33:00,2024-04-22 17:40:00,8,重载,False,正常,2142,33
2024-04-22 17:41:00,2024-04-22 17:46:00,6,停机,False,正常,2143,33
2024-04-22 17:47:00,2024-04-22 17:55:00,9,重载,False,正常,2144,33
2024-04-22 17:56:00,2024-04-22 18:33:00,38,停机,False,正常,2145,33
2024-04-22 18:34:00,2024-04-22 18:34:00,1,重载,False,正常,2146,33
2024-04-22 18:35:00,2024-04-22 18:40:00,6,停机,False,正常,2147,33
2024-04-22 18:41:00,2024-04-22 19:04:00,24,重载,False,正常,2148,33
2024-04-22 19:05:00,2024-04-22 19:05:00,1,停机,False,正常,2149,33
2024-04-22 19:06:00,2024-04-22 19:50:00,45,重载,False,正常,2150,33
2024-04-22 19:51:00,2024-04-22 19:56:00,6,停机,False,正常,2151,33
2024-04-22 19:57:00,2024-04-22 19:57:00,1,重载,False,正常,2152,33
2024-04-22 19:58:00,2024-04-22 20:06:00,9,停机,False,正常,2153,33
2024-04-22 20:07:00,2024-04-22 20:14:00,8,重载,False,正常,2154,33
2024-04-22 20:15:00,2024-04-22 20:15:00,1,停机,False,正常,2155,33
2024-04-22 20:16:00,2024-04-22 20:51:00,36,重载,False,正常,2156,33
2024-04-22 20:52:00,2024-04-22 20:54:00,3,停机,False,正常,2157,33
2024-04-22 20:55:00,2024-04-22 21:47:00,53,重载,False,正常,2158,33
2024-04-22 21:48:00,2024-04-22 21:49:00,2,停机,False,正常,2159,33
2024-04-22 21:50:00,2024-04-22 22:24:00,35,重载,False,正常,2160,33
2024-04-22 22:25:00,2024-04-22 22:49:00,25,停机,False,正常,2161,33
2024-04-22 22:50:00,2024-04-22 22:58:00,9,重载,False,正常,2162,33
2024-04-22 22:59:00,2024-04-22 23:09:00,11,停机,False,正常,2163,33
2024-04-22 23:10:00,2024-04-22 23:49:00,40,重载,False,正常,2164,33
2024-04-22 23:50:00,2024-04-22 23:56:00,7,停机,False,正常,2165,33
2024-04-22 23:57:00,2024-04-22 23:59:00,3,重载,False,正常,2166,33
2024-04-23 00:00:00,2024-04-23 00:00:00,1,停机,False,正常,2167,33
2024-04-23 00:01:00,2024-04-23 00:01:00,1,轻载,False,正常,2168,33
2024-04-23 00:02:00,2024-04-23 00:02:00,1,重载,False,正常,2169,33
2024-04-23 00:03:00,2024-04-23 00:04:00,2,停机,False,正常,2170,33
2024-04-23 00:05:00,2024-04-23 01:47:00,103,重载,False,正常,2171,33
2024-04-23 01:48:00,2024-04-23 01:51:00,4,停机,False,正常,2172,33
2024-04-23 01:52:00,2024-04-23 01:59:00,8,重载,False,正常,2173,33
2024-04-23 02:00:00,2024-04-23 02:08:00,9,停机,False,正常,2174,33
2024-04-23 02:09:00,2024-04-23 02:11:00,3,重载,False,正常,2175,33
2024-04-23 02:12:00,2024-04-23 02:13:00,2,停机,False,正常,2176,33
2024-04-23 02:14:00,2024-04-23 03:56:00,103,重载,False,正常,2177,33
2024-04-23 03:57:00,2024-04-23 04:00:00,4,停机,False,正常,2178,33
2024-04-23 04:01:00,2024-04-23 04:41:00,41,重载,False,正常,2179,33
2024-04-23 04:42:00,2024-04-23 04:42:00,1,停机,False,正常,2180,33
2024-04-23 04:43:00,2024-04-23 04:59:00,17,重载,False,正常,2181,33
2024-04-23 05:00:00,2024-04-23 05:01:00,2,停机,False,正常,2182,33
2024-04-23 05:02:00,2024-04-23 05:08:00,7,重载,False,正常,2183,33
2024-04-23 05:09:00,2024-04-23 05:10:00,2,停机,False,正常,2184,33
2024-04-23 05:11:00,2024-04-23 06:56:00,106,重载,False,正常,2185,33
2024-04-23 06:57:00,2024-04-23 06:59:00,3,停机,False,正常,2186,33
2024-04-23 07:00:00,2024-04-23 07:10:00,11,重载,False,正常,2187,33
2024-04-23 07:11:00,2024-04-23 07:12:00,2,停机,False,正常,2188,33
2024-04-23 07:13:00,2024-04-23 08:37:00,85,重载,False,正常,2189,33
2024-04-23 08:38:00,2024-04-23 08:40:00,3,停机,False,正常,2190,33
2024-04-23 08:41:00,2024-04-23 08:49:00,9,重载,False,正常,2191,33
2024-04-23 08:50:00,2024-04-23 08:51:00,2,停机,False,正常,2192,33
2024-04-23 08:52:00,2024-04-23 08:52:00,1,重载,False,正常,2193,33
2024-04-23 08:53:00,2024-04-23 08:55:00,3,停机,False,正常,2194,33
2024-04-23 08:56:00,2024-04-23 09:00:00,5,重载,False,正常,2195,33
2024-04-23 09:01:00,2024-04-23 09:09:00,9,停机,False,正常,2196,33
2024-04-23 09:10:00,2024-04-23 09:10:00,1,重载,False,正常,2197,33
2024-04-23 09:11:00,2024-04-23 09:12:00,2,停机,False,正常,2198,33
2024-04-23 09:13:00,2024-04-23 09:15:00,3,重载,False,正常,2199,33
2024-04-23 09:16:00,2024-04-23 11:37:00,142,轻载,False,正常,2200,33
2024-04-23 11:38:00,2024-04-23 12:46:00,69,停机,False,正常,2201,33
2024-04-23 12:47:00,2024-04-23 12:48:00,2,重载,False,正常,2202,33
2024-04-23 12:49:00,2024-04-23 12:49:00,1,停机,False,正常,2203,33
2024-04-23 12:50:00,2024-04-23 14:17:00,88,轻载,False,正常,2204,33
2024-04-23 14:18:00,2024-04-23 14:47:00,30,停机,False,正常,2205,33
2024-04-23 14:48:00,2024-04-23 14:48:00,1,重载,False,正常,2206,33
2024-04-23 14:49:00,2024-04-23 15:43:00,55,停机,False,正常,2207,33
2024-04-23 15:44:00,2024-04-23 15:45:00,2,轻载,False,正常,2208,33
2024-04-23 15:46:00,2024-04-23 15:47:00,2,停机,False,正常,2209,33
2024-04-23 15:48:00,2024-04-23 15:48:00,1,轻载,False,正常,2210,33
2024-04-23 15:49:00,2024-04-23 15:53:00,5,停机,False,正常,2211,33
2024-04-23 15:54:00,2024-04-23 15:54:00,1,重载,False,正常,2212,33
2024-04-23 15:55:00,2024-04-23 16:04:00,10,停机,False,正常,2213,33
2024-04-23 16:05:00,2024-04-23 16:11:00,7,重载,False,正常,2214,33
2024-04-23 16:12:00,2024-04-23 16:16:00,5,停机,False,正常,2215,33
2024-04-23 16:17:00,2024-04-23 16:27:00,11,重载,False,正常,2216,33
2024-04-23 16:28:00,2024-04-23 16:42:00,15,停机,False,正常,2217,33
2024-04-23 16:43:00,2024-04-23 16:51:00,9,重载,False,正常,2218,33
2024-04-23 16:52:00,2024-04-23 16:52:00,1,停机,False,正常,2219,33
2024-04-23 16:53:00,2024-04-23 17:11:00,19,重载,False,正常,2220,33
2024-04-23 17:12:00,2024-04-23 17:52:00,41,停机,False,正常,2221,33
2024-04-23 17:53:00,2024-04-23 18:08:00,16,重载,False,正常,2222,33
2024-04-23 18:09:00,2024-04-23 18:09:00,1,停机,False,正常,2223,33
2024-04-23 18:10:00,2024-04-23 19:13:00,64,重载,False,正常,2224,33
2024-04-23 19:14:00,2024-04-23 19:16:00,3,停机,False,正常,2225,33
2024-04-23 19:17:00,2024-04-23 19:41:00,25,重载,False,正常,2226,33
2024-04-23 19:42:00,2024-04-23 19:43:00,2,停机,False,正常,2227,33
2024-04-23 19:44:00,2024-04-23 19:54:00,11,重载,False,正常,2228,33
2024-04-23 19:55:00,2024-04-23 19:58:00,4,停机,False,正常,2229,33
2024-04-23 19:59:00,2024-04-23 20:08:00,10,重载,False,正常,2230,33
2024-04-23 20:09:00,2024-04-23 20:14:00,6,停机,False,正常,2231,33
2024-04-23 20:15:00,2024-04-23 20:51:00,37,重载,False,正常,2232,33
2024-04-23 20:52:00,2024-04-23 20:55:00,4,停机,False,正常,2233,33
2024-04-23 20:56:00,2024-04-23 21:44:00,49,重载,False,正常,2234,33
2024-04-23 21:45:00,2024-04-23 21:45:00,1,停机,False,正常,2235,33
2024-04-23 21:46:00,2024-04-23 22:19:00,34,重载,False,正常,2236,33
2024-04-23 22:20:00,2024-04-23 22:20:00,1,停机,False,正常,2237,33
2024-04-23 22:21:00,2024-04-23 23:13:00,53,重载,False,正常,2238,33
2024-04-23 23:14:00,2024-04-23 23:14:00,1,停机,False,正常,2239,33
2024-04-23 23:15:00,2024-04-23 23:46:00,32,重载,False,正常,2240,33
2024-04-23 23:47:00,2024-04-23 23:48:00,2,轻载,False,正常,2241,33
2024-04-23 23:49:00,2024-04-23 23:49:00,1,重载,False,正常,2242,33
2024-04-23 23:50:00,2024-04-23 23:55:00,6,停机,False,正常,2243,33
2024-04-23 23:56:00,2024-04-24 00:21:00,26,重载,False,正常,2244,33
2024-04-24 00:22:00,2024-04-24 00:23:00,2,停机,False,正常,2245,33
2024-04-24 00:24:00,2024-04-24 00:51:00,28,重载,False,正常,2246,33
2024-04-24 00:52:00,2024-04-24 00:52:00,1,停机,False,正常,2247,33
2024-04-24 00:53:00,2024-04-24 02:05:00,73,重载,False,正常,2248,33
2024-04-24 02:06:00,2024-04-24 02:10:00,5,轻载,False,正常,2249,33
2024-04-24 02:11:00,2024-04-24 02:12:00,2,重载,False,正常,2250,33
2024-04-24 02:13:00,2024-04-24 02:13:00,1,停机,False,正常,2251,33
2024-04-24 02:14:00,2024-04-24 02:22:00,9,重载,False,正常,2252,33
2024-04-24 02:23:00,2024-04-24 02:28:00,6,停机,False,正常,2253,33
2024-04-24 02:29:00,2024-04-24 02:53:00,25,重载,False,正常,2254,33
2024-04-24 02:54:00,2024-04-24 03:49:00,56,停机,False,正常,2255,33
2024-04-24 03:50:00,2024-04-24 03:50:00,1,轻载,False,正常,2256,33
2024-04-24 03:51:00,2024-04-24 03:56:00,6,停机,False,正常,2257,33
2024-04-24 03:57:00,2024-04-24 06:03:00,127,重载,True,异常持续段（>120min 阈值）,2258,34
2024-04-24 06:04:00,2024-04-24 06:09:00,6,停机,False,正常,2259,35
2024-04-24 06:10:00,2024-04-24 06:10:00,1,重载,False,正常,2260,35
2024-04-24 06:11:00,2024-04-24 07:17:00,67,停机,False,正常,2261,35
2024-04-24 07:18:00,2024-04-24 07:18:00,1,轻载,False,正常,2262,35
2024-04-24 07:19:00,2024-04-24 07:23:00,5,停机,False,正常,2263,35
2024-04-24 07:24:00,2024-04-24 08:13:00,50,轻载,False,正常,2264,35
2024-04-24 08:14:00,2024-04-24 08:16:00,3,停机,False,正常,2265,35
2024-04-24 08:17:00,2024-04-24 08:28:00,12,轻载,False,正常,2266,35
2024-04-24 08:29:00,2024-04-24 08:29:00,1,重载,False,正常,2267,35
2024-04-24 08:30:00,2024-04-24 09:08:00,39,轻载,False,正常,2268,35
2024-04-24 09:09:00,2024-04-24 09:10:00,2,重载,False,正常,2269,35
2024-04-24 09:11:00,2024-04-24 09:11:00,1,停机,False,正常,2270,35
2024-04-24 09:12:00,2024-04-24 09:12:00,1,重载,False,正常,2271,35
2024-04-24 09:13:00,2024-04-24 09:13:00,1,停机,False,正常,2272,35
2024-04-24 09:14:00,2024-04-24 09:48:00,35,轻载,False,正常,2273,35
2024-04-24 09:49:00,2024-04-24 09:49:00,1,停机,False,正常,2274,35
2024-04-24 09:50:00,2024-04-24 14:18:00,269,轻载,False,正常,2275,35
2024-04-24 14:19:00,2024-04-24 14:19:00,1,停机,False,正常,2276,35
2024-04-24 14:20:00,2024-04-24 14:22:00,3,重载,False,正常,2277,35
2024-04-24 14:23:00,2024-04-24 14:58:00,36,轻载,False,正常,2278,35
2024-04-24 14:59:00,2024-04-24 15:01:00,3,停机,False,正常,2279,35
2024-04-24 15:02:00,2024-04-24 15:02:00,1,重载,False,正常,2280,35
2024-04-24 15:03:00,2024-04-24 15:16:00,14,停机,False,正常,2281,35
2024-04-24 15:17:00,2024-04-24 15:19:00,3,重载,False,正常,2282,35
2024-04-24 15:20:00,2024-04-24 15:30:00,11,停机,False,正常,2283,35
2024-04-24 15:31:00,2024-04-24 15:31:00,1,轻载,False,正常,2284,35
2024-04-24 15:32:00,2024-04-24 15:37:00,6,停机,False,正常,2285,35
2024-04-24 15:38:00,2024-04-24 15:45:00,8,重载,False,正常,2286,35
2024-04-24 15:46:00,2024-04-24 15:50:00,5,停机,False,正常,2287,35
2024-04-24 15:51:00,2024-04-24 16:27:00,37,重载,False,正常,2288,35
2024-04-24 16:28:00,2024-04-24 16:29:00,2,停机,False,正常,2289,35
2024-04-24 16:30:00,2024-04-24 16:37:00,8,重载,False,正常,2290,35
2024-04-24 16:38:00,2024-04-24 16:39:00,2,停机,False,正常,2291,35
2024-04-24 16:40:00,2024-04-24 17:08:00,29,重载,False,正常,2292,35
2024-04-24 17:09:00,2024-04-24 17:51:00,43,停机,False,正常,2293,35
2024-04-24 17:52:00,2024-04-24 18:01:00,10,重载,False,正常,2294,35
2024-04-24 18:02:00,2024-04-24 18:03:00,2,停机,False,正常,2295,35
2024-04-24 18:04:00,2024-04-24 18:45:00,42,重载,False,正常,2296,35
2024-04-24 18:46:00,2024-04-24 19:05:00,20,停机,False,正常,2297,35
2024-04-24 19:06:00,2024-04-24 19:18:00,13,重载,False,正常,2298,35
2024-04-24 19:19:00,2024-04-24 19:24:00,6,停机,False,正常,2299,35
2024-04-24 19:25:00,2024-04-24 19:25:00,1,重载,False,正常,2300,35
2024-04-24 19:26:00,2024-04-24 19:27:00,2,停机,False,正常,2301,35
2024-04-24 19:28:00,2024-04-24 19:28:00,1,重载,False,正常,2302,35
2024-04-24 19:29:00,2024-04-24 19:35:00,7,停机,False,正常,2303,35
2024-04-24 19:36:00,2024-04-24 20:01:00,26,重载,False,正常,2304,35
2024-04-24 20:02:00,2024-04-24 20:02:00,1,停机,False,正常,2305,35
2024-04-24 20:03:00,2024-04-24 20:03:00,1,轻载,False,正常,2306,35
2024-04-24 20:04:00,2024-04-24 20:28:00,25,重载,False,正常,2307,35
2024-04-24 20:29:00,2024-04-24 20:31:00,3,停机,False,正常,2308,35
2024-04-24 20:32:00,2024-04-24 21:01:00,30,重载,False,正常,2309,35
2024-04-24 21:02:00,2024-04-24 21:02:00,1,停机,False,正常,2310,35
2024-04-24 21:03:00,2024-04-24 21:12:00,10,重载,False,正常,2311,35
2024-04-24 21:13:00,2024-04-24 21:14:00,2,停机,False,正常,2312,35
2024-04-24 21:15:00,2024-04-24 21:15:00,1,重载,False,正常,2313,35
2024-04-24 21:16:00,2024-04-24 21:20:00,5,停机,False,正常,2314,35
2024-04-24 21:21:00,2024-04-24 21:36:00,16,重载,False,正常,2315,35
2024-04-24 21:37:00,2024-04-24 21:45:00,9,停机,False,正常,2316,35
2024-04-24 21:46:00,2024-04-24 21:49:00,4,重载,False,正常,2317,35
2024-04-24 21:50:00,2024-04-24 21:51:00,2,停机,False,正常,2318,35
2024-04-24 21:52:00,2024-04-24 22:18:00,27,重载,False,正常,2319,35
2024-04-24 22:19:00,2024-04-24 22:19:00,1,停机,False,正常,2320,35
2024-04-24 22:20:00,2024-04-24 23:25:00,66,重载,False,正常,2321,35
2024-04-24 23:26:00,2024-04-24 23:33:00,8,停机,False,正常,2322,35
2024-04-24 23:34:00,2024-04-24 23:39:00,6,重载,False,正常,2323,35
2024-04-24 23:40:00,2024-04-24 23:42:00,3,停机,False,正常,2324,35
2024-04-24 23:43:00,2024-04-24 23:43:00,1,重载,False,正常,2325,35
2024-04-24 23:44:00,2024-04-24 23:44:00,1,停机,False,正常,2326,35
2024-04-24 23:45:00,2024-04-24 23:45:00,1,轻载,False,正常,2327,35
2024-04-24 23:46:00,2024-04-24 23:46:00,1,重载,False,正常,2328,35
2024-04-24 23:47:00,2024-04-24 23:47:00,1,停机,False,正常,2329,35
2024-04-24 23:48:00,2024-04-24 23:48:00,1,重载,False,正常,2330,35
2024-04-24 23:49:00,2024-04-24 23:49:00,1,轻载,False,正常,2331,35
2024-04-24 23:50:00,2024-04-24 23:50:00,1,重载,False,正常,2332,35
2024-04-24 23:51:00,2024-04-25 00:03:00,13,停机,False,正常,2333,35
2024-04-25 00:04:00,2024-04-25 02:10:00,127,重载,True,异常持续段（>120min 阈值）,2334,36
2024-04-25 02:11:00,2024-04-25 02:12:00,2,停机,False,正常,2335,37
2024-04-25 02:13:00,2024-04-25 02:24:00,12,重载,False,正常,2336,37
2024-04-25 02:25:00,2024-04-25 02:30:00,6,停机,False,正常,2337,37
2024-04-25 02:31:00,2024-04-25 02:34:00,4,重载,False,正常,2338,37
2024-04-25 02:35:00,2024-04-25 02:35:00,1,停机,False,正常,2339,37
2024-04-25 02:36:00,2024-04-25 03:10:00,35,重载,False,正常,2340,37
2024-04-25 03:11:00,2024-04-25 03:11:00,1,停机,False,正常,2341,37
2024-04-25 03:12:00,2024-04-25 03:14:00,3,重载,False,正常,2342,37
2024-04-25 03:15:00,2024-04-25 03:28:00,14,停机,False,正常,2343,37
2024-04-25 03:29:00,2024-04-25 03:29:00,1,轻载,False,正常,2344,37
2024-04-25 03:30:00,2024-04-25 03:57:00,28,重载,False,正常,2345,37
2024-04-25 03:58:00,2024-04-25 03:58:00,1,停机,False,正常,2346,37
2024-04-25 03:59:00,2024-04-25 04:21:00,23,重载,False,正常,2347,37
2024-04-25 04:22:00,2024-04-25 04:23:00,2,停机,False,正常,2348,37
2024-04-25 04:24:00,2024-04-25 05:46:00,83,重载,False,正常,2349,37
2024-04-25 05:47:00,2024-04-25 05:48:00,2,停机,False,正常,2350,37
2024-04-25 05:49:00,2024-04-25 06:33:00,45,重载,False,正常,2351,37
2024-04-25 06:34:00,2024-04-25 06:36:00,3,停机,False,正常,2352,37
2024-04-25 06:37:00,2024-04-25 07:12:00,36,重载,False,正常,2353,37
2024-04-25 07:13:00,2024-04-25 07:13:00,1,停机,False,正常,2354,37
2024-04-25 07:14:00,2024-04-25 07:30:00,17,重载,False,正常,2355,37
2024-04-25 07:31:00,2024-04-25 07:33:00,3,停机,False,正常,2356,37
2024-04-25 07:34:00,2024-04-25 07:42:00,9,重载,False,正常,2357,37
2024-04-25 07:43:00,2024-04-25 07:44:00,2,停机,False,正常,2358,37
2024-04-25 07:45:00,2024-04-25 08:34:00,50,重载,False,正常,2359,37
2024-04-25 08:35:00,2024-04-25 08:35:00,1,停机,False,正常,2360,37
2024-04-25 08:36:00,2024-04-25 08:36:00,1,重载,False,正常,2361,37
2024-04-25 08:37:00,2024-04-25 08:45:00,9,停机,False,正常,2362,37
2024-04-25 08:46:00,2024-04-25 09:10:00,25,重载,False,正常,2363,37
2024-04-25 09:11:00,2024-04-25 09:20:00,10,停机,False,正常,2364,37
2024-04-25 09:21:00,2024-04-25 09:25:00,5,重载,False,正常,2365,37
2024-04-25 09:26:00,2024-04-25 09:27:00,2,停机,False,正常,2366,37
2024-04-25 09:28:00,2024-04-25 09:47:00,20,重载,False,正常,2367,37
2024-04-25 09:48:00,2024-04-25 09:51:00,4,停机,False,正常,2368,37
2024-04-25 09:52:00,2024-04-25 10:11:00,20,重载,False,正常,2369,37
2024-04-25 10:12:00,2024-04-25 10:15:00,4,停机,False,正常,2370,37
2024-04-25 10:16:00,2024-04-25 10:16:00,1,重载,False,正常,2371,37
2024-04-25 10:17:00,2024-04-25 10:20:00,4,停机,False,正常,2372,37
2024-04-25 10:21:00,2024-04-25 11:09:00,49,轻载,False,正常,2373,37
2024-04-25 11:10:00,2024-04-25 13:24:00,135,停机,True,异常持续段（>135min 阈值）,2374,38
2024-04-25 13:25:00,2024-04-25 13:26:00,2,重载,False,正常,2375,39
2024-04-25 13:27:00,2024-04-25 13:29:00,3,停机,False,正常,2376,39
2024-04-25 13:30:00,2024-04-25 13:31:00,2,重载,False,正常,2377,39
2024-04-25 13:32:00,2024-04-25 13:32:00,1,轻载,False,正常,2378,39
2024-04-25 13:33:00,2024-04-25 13:33:00,1,重载,False,正常,2379,39
2024-04-25 13:34:00,2024-04-25 13:44:00,11,轻载,False,正常,2380,39
2024-04-25 13:45:00,2024-04-25 13:46:00,2,重载,False,正常,2381,39
2024-04-25 13:47:00,2024-04-25 13:47:00,1,停机,False,正常,2382,39
2024-04-25 13:48:00,2024-04-25 13:48:00,1,重载,False,正常,2383,39
2024-04-25 13:49:00,2024-04-25 14:26:00,38,轻载,False,正常,2384,39
2024-04-25 14:27:00,2024-04-25 14:28:00,2,停机,False,正常,2385,39
2024-04-25 14:29:00,2024-04-25 14:30:00,2,重载,False,正常,2386,39
2024-04-25 14:31:00,2024-04-25 14:37:00,7,轻载,False,正常,2387,39
2024-04-25 14:38:00,2024-04-25 15:29:00,52,停机,False,正常,2388,39
2024-04-25 15:30:00,2024-04-25 15:33:00,4,重载,False,正常,2389,39
2024-04-25 15:34:00,2024-04-25 15:34:00,1,轻载,False,正常,2390,39
2024-04-25 15:35:00,2024-04-25 15:41:00,7,停机,False,正常,2391,39
2024-04-25 15:42:00,2024-04-25 15:42:00,1,轻载,False,正常,2392,39
2024-04-25 15:43:00,2024-04-25 15:43:00,1,重载,False,正常,2393,39
2024-04-25 15:44:00,2024-04-25 15:44:00,1,停机,False,正常,2394,39
2024-04-25 15:45:00,2024-04-25 15:57:00,13,重载,False,正常,2395,39
2024-04-25 15:58:00,2024-04-25 15:58:00,1,停机,False,正常,2396,39
2024-04-25 15:59:00,2024-04-25 16:01:00,3,重载,False,正常,2397,39
2024-04-25 16:02:00,2024-04-25 16:03:00,2,停机,False,正常,2398,39
2024-04-25 16:04:00,2024-04-25 16:04:00,1,重载,False,正常,2399,39
2024-04-25 16:05:00,2024-04-25 16:05:00,1,停机,False,正常,2400,39
2024-04-25 16:06:00,2024-04-25 16:13:00,8,重载,False,正常,2401,39
2024-04-25 16:14:00,2024-04-25 16:14:00,1,停机,False,正常,2402,39
2024-04-25 16:15:00,2024-04-25 16:20:00,6,重载,False,正常,2403,39
2024-04-25 16:21:00,2024-04-25 16:23:00,3,停机,False,正常,2404,39
2024-04-25 16:24:00,2024-04-25 16:27:00,4,重载,False,正常,2405,39
2024-04-25 16:28:00,2024-04-25 16:29:00,2,停机,False,正常,2406,39
2024-04-25 16:30:00,2024-04-25 16:47:00,18,重载,False,正常,2407,39
2024-04-25 16:48:00,2024-04-25 16:48:00,1,停机,False,正常,2408,39
2024-04-25 16:49:00,2024-04-25 17:01:00,13,重载,False,正常,2409,39
2024-04-25 17:02:00,2024-04-25 17:58:00,57,停机,False,正常,2410,39
2024-04-25 17:59:00,2024-04-25 18:00:00,2,重载,False,正常,2411,39
2024-04-25 18:01:00,2024-04-25 18:30:00,30,停机,False,正常,2412,39
2024-04-25 18:31:00,2024-04-25 19:09:00,39,重载,False,正常,2413,39
2024-04-25 19:10:00,2024-04-25 19:11:00,2,停机,False,正常,2414,39
2024-04-25 19:12:00,2024-04-25 19:16:00,5,重载,False,正常,2415,39
2024-04-25 19:17:00,2024-04-25 19:17:00,1,停机,False,正常,2416,39
2024-04-25 19:18:00,2024-04-25 19:25:00,8,重载,False,正常,2417,39
2024-04-25 19:26:00,2024-04-25 19:28:00,3,停机,False,正常,2418,39
2024-04-25 19:29:00,2024-04-25 19:29:00,1,重载,False,正常,2419,39
2024-04-25 19:30:00,2024-04-25 19:34:00,5,停机,False,正常,2420,39
2024-04-25 19:35:00,2024-04-25 20:27:00,53,重载,False,正常,2421,39
2024-04-25 20:28:00,2024-04-25 20:28:00,1,停机,False,正常,2422,39
2024-04-25 20:29:00,2024-04-25 21:02:00,34,重载,False,正常,2423,39
2024-04-25 21:03:00,2024-04-25 21:03:00,1,停机,False,正常,2424,39
2024-04-25 21:04:00,2024-04-25 21:32:00,29,重载,False,正常,2425,39
2024-04-25 21:33:00,2024-04-25 21:39:00,7,停机,False,正常,2426,39
2024-04-25 21:40:00,2024-04-25 21:46:00,7,重载,False,正常,2427,39
2024-04-25 21:47:00,2024-04-25 21:47:00,1,停机,False,正常,2428,39
2024-04-25 21:48:00,2024-04-25 21:50:00,3,重载,False,正常,2429,39
2024-04-25 21:51:00,2024-04-25 21:51:00,1,停机,False,正常,2430,39
2024-04-25 21:52:00,2024-04-25 21:52:00,1,重载,False,正常,2431,39
2024-04-25 21:53:00,2024-04-25 21:54:00,2,停机,False,正常,2432,39
2024-04-25 21:55:00,2024-04-25 22:31:00,37,重载,False,正常,2433,39
2024-04-25 22:32:00,2024-04-25 22:32:00,1,停机,False,正常,2434,39
2024-04-25 22:33:00,2024-04-25 22:40:00,8,重载,False,正常,2435,39
2024-04-25 22:41:00,2024-04-25 22:42:00,2,停机,False,正常,2436,39
2024-04-25 22:43:00,2024-04-25 22:52:00,10,重载,False,正常,2437,39
2024-04-25 22:53:00,2024-04-25 22:54:00,2,停机,False,正常,2438,39
2024-04-25 22:55:00,2024-04-25 22:59:00,5,重载,False,正常,2439,39
2024-04-25 23:00:00,2024-04-25 23:01:00,2,停机,False,正常,2440,39
2024-04-25 23:02:00,2024-04-25 23:22:00,21,重载,False,正常,2441,39
2024-04-25 23:23:00,2024-04-25 23:32:00,10,停机,False,正常,2442,39
2024-04-25 23:33:00,2024-04-25 23:49:00,17,重载,False,正常,2443,39
2024-04-25 23:50:00,2024-04-25 23:50:00,1,轻载,False,正常,2444,39
2024-04-25 23:51:00,2024-04-26 00:43:00,53,重载,False,正常,2445,39
2024-04-26 00:44:00,2024-04-26 00:44:00,1,停机,False,正常,2446,39
2024-04-26 00:45:00,2024-04-26 01:10:00,26,重载,False,正常,2447,39
2024-04-26 01:11:00,2024-04-26 01:12:00,2,停机,False,正常,2448,39
2024-04-26 01:13:00,2024-04-26 01:24:00,12,重载,False,正常,2449,39
2024-04-26 01:25:00,2024-04-26 01:27:00,3,停机,False,正常,2450,39
2024-04-26 01:28:00,2024-04-26 01:35:00,8,重载,False,正常,2451,39
2024-04-26 01:36:00,2024-04-26 01:37:00,2,停机,False,正常,2452,39
2024-04-26 01:38:00,2024-04-26 01:40:00,3,重载,False,正常,2453,39
2024-04-26 01:41:00,2024-04-26 01:41:00,1,停机,False,正常,2454,39
2024-04-26 01:42:00,2024-04-26 02:46:00,65,重载,False,正常,2455,39
2024-04-26 02:47:00,2024-04-26 02:54:00,8,停机,False,正常,2456,39
2024-04-26 02:55:00,2024-04-26 03:01:00,7,重载,False,正常,2457,39
2024-04-26 03:02:00,2024-04-26 03:02:00,1,停机,False,正常,2458,39
2024-04-26 03:03:00,2024-04-26 03:22:00,20,重载,False,正常,2459,39
2024-04-26 03:23:00,2024-04-26 03:25:00,3,停机,False,正常,2460,39
2024-04-26 03:26:00,2024-04-26 03:33:00,8,重载,False,正常,2461,39
2024-04-26 03:34:00,2024-04-26 03:34:00,1,停机,False,正常,2462,39
2024-04-26 03:35:00,2024-04-26 03:57:00,23,重载,False,正常,2463,39
2024-04-26 03:58:00,2024-04-26 04:01:00,4,停机,False,正常,2464,39
2024-04-26 04:02:00,2024-04-26 04:05:00,4,重载,False,正常,2465,39
2024-04-26 04:06:00,2024-04-26 04:06:00,1,停机,False,正常,2466,39
2024-04-26 04:07:00,2024-04-26 04:55:00,49,重载,False,正常,2467,39
2024-04-26 04:56:00,2024-04-26 05:24:00,29,停机,False,正常,2468,39
2024-04-26 05:25:00,2024-04-26 05:44:00,20,重载,False,正常,2469,39
2024-04-26 05:45:00,2024-04-26 05:45:00,1,停机,False,正常,2470,39
2024-04-26 05:46:00,2024-04-26 06:19:00,34,重载,False,正常,2471,39
2024-04-26 06:20:00,2024-04-26 06:20:00,1,停机,False,正常,2472,39
2024-04-26 06:21:00,2024-04-26 06:59:00,39,重载,False,正常,2473,39
2024-04-26 07:00:00,2024-04-26 08:42:00,103,停机,False,正常,2474,39
2024-04-26 08:43:00,2024-04-26 08:43:00,1,轻载,False,正常,2475,39
2024-04-26 08:44:00,2024-04-26 08:44:00,1,重载,False,正常,2476,39
2024-04-26 08:45:00,2024-04-26 10:29:00,105,停机,False,正常,2477,39
2024-04-26 10:30:00,2024-04-26 10:31:00,2,重载,False,正常,2478,39
2024-04-26 10:32:00,2024-04-26 13:00:00,149,停机,True,异常持续段（>135min 阈值）,2479,40
2024-04-26 13:01:00,2024-04-26 13:11:00,11,轻载,False,正常,2480,41
2024-04-26 13:12:00,2024-04-26 13:12:00,1,重载,False,正常,2481,41
2024-04-26 13:13:00,2024-04-26 15:48:00,156,停机,True,异常持续段（>135min 阈值）,2482,42
2024-04-26 15:49:00,2024-04-26 15:53:00,5,重载,False,正常,2483,43
2024-04-26 15:54:00,2024-04-26 15:54:00,1,轻载,False,正常,2484,43
2024-04-26 15:55:00,2024-04-26 15:55:00,1,停机,False,正常,2485,43
2024-04-26 15:56:00,2024-04-26 15:58:00,3,重载,False,正常,2486,43
2024-04-26 15:59:00,2024-04-26 15:59:00,1,停机,False,正常,2487,43
2024-04-26 16:00:00,2024-04-26 16:00:00,1,重载,False,正常,2488,43
2024-04-26 16:01:00,2024-04-26 16:01:00,1,停机,False,正常,2489,43
2024-04-26 16:02:00,2024-04-26 16:02:00,1,重载,False,正常,2490,43
2024-04-26 16:03:00,2024-04-26 16:03:00,1,停机,False,正常,2491,43
2024-04-26 16:04:00,2024-04-26 16:05:00,2,重载,False,正常,2492,43
2024-04-26 16:06:00,2024-04-26 16:06:00,1,停机,False,正常,2493,43
2024-04-26 16:07:00,2024-04-26 16:21:00,15,轻载,False,正常,2494,43
2024-04-26 16:22:00,2024-04-26 16:23:00,2,停机,False,正常,2495,43
2024-04-26 16:24:00,2024-04-26 16:25:00,2,重载,False,正常,2496,43
2024-04-26 16:26:00,2024-04-26 16:27:00,2,停机,False,正常,2497,43
2024-04-26 16:28:00,2024-04-26 16:30:00,3,轻载,False,正常,2498,43
2024-04-26 16:31:00,2024-04-26 16:35:00,5,停机,False,正常,2499,43
2024-04-26 16:36:00,2024-04-26 17:06:00,31,重载,False,正常,2500,43
2024-04-26 17:07:00,2024-04-26 17:08:00,2,停机,False,正常,2501,43
2024-04-26 17:09:00,2024-04-26 17:12:00,4,重载,False,正常,2502,43
2024-04-26 17:13:00,2024-04-26 17:14:00,2,停机,False,正常,2503,43
2024-04-26 17:15:00,2024-04-26 17:15:00,1,轻载,False,正常,2504,43
2024-04-26 17:16:00,2024-04-26 17:16:00,1,重载,False,正常,2505,43
2024-04-26 17:17:00,2024-04-26 17:19:00,3,停机,False,正常,2506,43
2024-04-26 17:20:00,2024-04-26 17:21:00,2,重载,False,正常,2507,43
2024-04-26 17:22:00,2024-04-26 17:22:00,1,轻载,False,正常,2508,43
2024-04-26 17:23:00,2024-04-26 17:49:00,27,重载,False,正常,2509,43
2024-04-26 17:50:00,2024-04-26 17:52:00,3,停机,False,正常,2510,43
2024-04-26 17:53:00,2024-04-26 18:00:00,8,重载,False,正常,2511,43
2024-04-26 18:01:00,2024-04-26 18:09:00,9,停机,False,正常,2512,43
2024-04-26 18:10:00,2024-04-26 19:17:00,68,重载,False,正常,2513,43
2024-04-26 19:18:00,2024-04-26 19:31:00,14,停机,False,正常,2514,43
2024-04-26 19:32:00,2024-04-26 20:02:00,31,重载,False,正常,2515,43
2024-04-26 20:03:00,2024-04-26 20:04:00,2,停机,False,正常,2516,43
2024-04-26 20:05:00,2024-04-26 20:17:00,13,重载,False,正常,2517,43
2024-04-26 20:18:00,2024-04-26 20:19:00,2,停机,False,正常,2518,43
2024-04-26 20:20:00,2024-04-26 20:59:00,40,重载,False,正常,2519,43
2024-04-26 21:00:00,2024-04-26 21:00:00,1,停机,False,正常,2520,43
2024-04-26 21:01:00,2024-04-26 21:33:00,33,重载,False,正常,2521,43
2024-04-26 21:34:00,2024-04-26 21:35:00,2,停机,False,正常,2522,43
2024-04-26 21:36:00,2024-04-26 23:18:00,103,重载,False,正常,2523,43
2024-04-26 23:19:00,2024-04-26 23:20:00,2,停机,False,正常,2524,43
2024-04-26 23:21:00,2024-04-26 23:21:00,1,重载,False,正常,2525,43
2024-04-26 23:22:00,2024-04-26 23:22:00,1,停机,False,正常,2526,43
2024-04-26 23:23:00,2024-04-26 23:23:00,1,重载,False,正常,2527,43
2024-04-26 23:24:00,2024-04-26 23:25:00,2,停机,False,正常,2528,43
2024-04-26 23:26:00,2024-04-26 23:26:00,1,重载,False,正常,2529,43
2024-04-26 23:27:00,2024-04-26 23:28:00,2,停机,False,正常,2530,43
2024-04-26 23:29:00,2024-04-26 23:33:00,5,重载,False,正常,2531,43
2024-04-26 23:34:00,2024-04-26 23:34:00,1,停机,False,正常,2532,43
2024-04-26 23:35:00,2024-04-26 23:45:00,11,重载,False,正常,2533,43
2024-04-26 23:46:00,2024-04-26 23:46:00,1,轻载,False,正常,2534,43
2024-04-26 23:47:00,2024-04-26 23:47:00,1,停机,False,正常,2535,43
2024-04-26 23:48:00,2024-04-26 23:48:00,1,重载,False,正常,2536,43
2024-04-26 23:49:00,2024-04-26 23:51:00,3,停机,False,正常,2537,43
2024-04-26 23:52:00,2024-04-27 00:39:00,48,重载,False,正常,2538,43
2024-04-27 00:40:00,2024-04-27 00:40:00,1,停机,False,正常,2539,43
2024-04-27 00:41:00,2024-04-27 00:49:00,9,重载,False,正常,2540,43
2024-04-27 00:50:00,2024-04-27 00:51:00,2,停机,False,正常,2541,43
2024-04-27 00:52:00,2024-04-27 00:55:00,4,重载,False,正常,2542,43
2024-04-27 00:56:00,2024-04-27 00:56:00,1,停机,False,正常,2543,43
2024-04-27 00:57:00,2024-04-27 02:50:00,114,重载,False,正常,2544,43
2024-04-27 02:51:00,2024-04-27 02:51:00,1,停机,False,正常,2545,43
2024-04-27 02:52:00,2024-04-27 05:39:00,168,重载,True,异常持续段（>120min 阈值）,2546,44
2024-04-27 05:40:00,2024-04-27 05:40:00,1,停机,False,正常,2547,45
2024-04-27 05:41:00,2024-04-27 05:41:00,1,轻载,False,正常,2548,45
2024-04-27 05:42:00,2024-04-27 05:49:00,8,重载,False,正常,2549,45
2024-04-27 05:50:00,2024-04-27 05:50:00,1,停机,False,正常,2550,45
2024-04-27 05:51:00,2024-04-27 05:52:00,2,重载,False,正常,2551,45
2024-04-27 05:53:00,2024-04-27 06:33:00,41,停机,False,正常,2552,45
2024-04-27 06:34:00,2024-04-27 06:46:00,13,重载,False,正常,2553,45
2024-04-27 06:47:00,2024-04-27 06:49:00,3,停机,False,正常,2554,45
2024-04-27 06:50:00,2024-04-27 06:57:00,8,重载,False,正常,2555,45
2024-04-27 06:58:00,2024-04-27 06:58:00,1,停机,False,正常,2556,45
2024-04-27 06:59:00,2024-04-27 07:26:00,28,重载,False,正常,2557,45
2024-04-27 07:27:00,2024-04-27 07:29:00,3,停机,False,正常,2558,45
2024-04-27 07:30:00,2024-04-27 07:37:00,8,重载,False,正常,2559,45
2024-04-27 07:38:00,2024-04-27 07:39:00,2,停机,False,正常,2560,45
2024-04-27 07:40:00,2024-04-27 08:17:00,38,重载,False,正常,2561,45
2024-04-27 08:18:00,2024-04-27 08:32:00,15,停机,False,正常,2562,45
2024-04-27 08:33:00,2024-04-27 08:35:00,3,轻载,False,正常,2563,45
2024-04-27 08:36:00,2024-04-27 08:36:00,1,重载,False,正常,2564,45
2024-04-27 08:37:00,2024-04-27 08:38:00,2,停机,False,正常,2565,45
2024-04-27 08:39:00,2024-04-27 08:39:00,1,轻载,False,正常,2566,45
2024-04-27 08:40:00,2024-04-27 08:46:00,7,停机,False,正常,2567,45
2024-04-27 08:47:00,2024-04-27 09:29:00,43,重载,False,正常,2568,45
2024-04-27 09:30:00,2024-04-27 09:30:00,1,停机,False,正常,2569,45
2024-04-27 09:31:00,2024-04-27 09:57:00,27,重载,False,正常,2570,45
2024-04-27 09:58:00,2024-04-27 10:04:00,7,停机,False,正常,2571,45
2024-04-27 10:05:00,2024-04-27 10:06:00,2,重载,False,正常,2572,45
2024-04-27 10:07:00,2024-04-27 10:07:00,1,停机,False,正常,2573,45
2024-04-27 10:08:00,2024-04-27 10:11:00,4,重载,False,正常,2574,45
2024-04-27 10:12:00,2024-04-27 10:12:00,1,停机,False,正常,2575,45
2024-04-27 10:13:00,2024-04-27 10:13:00,1,重载,False,正常,2576,45
2024-04-27 10:14:00,2024-04-27 10:14:00,1,停机,False,正常,2577,45
2024-04-27 10:15:00,2024-04-27 14:46:00,272,轻载,True,通讯中断/传感器休眠（段持续 >= 4h）,2578,46
2024-04-27 14:47:00,2024-04-27 15:44:00,58,停机,False,正常,2579,47
2024-04-27 15:45:00,2024-04-27 15:45:00,1,轻载,False,正常,2580,47
2024-04-27 15:46:00,2024-04-27 15:47:00,2,重载,False,正常,2581,47
2024-04-27 15:48:00,2024-04-27 15:52:00,5,停机,False,正常,2582,47
2024-04-27 15:53:00,2024-04-27 15:53:00,1,重载,False,正常,2583,47
2024-04-27 15:54:00,2024-04-27 16:08:00,15,停机,False,正常,2584,47
2024-04-27 16:09:00,2024-04-27 16:11:00,3,重载,False,正常,2585,47
2024-04-27 16:12:00,2024-04-27 17:16:00,65,停机,False,正常,2586,47
2024-04-27 17:17:00,2024-04-27 17:17:00,1,重载,False,正常,2587,47
2024-04-27 17:18:00,2024-04-27 17:39:00,22,停机,False,正常,2588,47
2024-04-27 17:40:00,2024-04-27 17:42:00,3,重载,False,正常,2589,47
2024-04-27 17:43:00,2024-04-27 17:45:00,3,停机,False,正常,2590,47
2024-04-27 17:46:00,2024-04-27 18:03:00,18,重载,False,正常,2591,47
2024-04-27 18:04:00,2024-04-27 18:15:00,12,停机,False,正常,2592,47
2024-04-27 18:16:00,2024-04-27 18:38:00,23,重载,False,正常,2593,47
2024-04-27 18:39:00,2024-04-27 18:40:00,2,停机,False,正常,2594,47
2024-04-27 18:41:00,2024-04-27 19:27:00,47,重载,False,正常,2595,47
2024-04-27 19:28:00,2024-04-27 19:32:00,5,停机,False,正常,2596,47
2024-04-27 19:33:00,2024-04-27 19:50:00,18,重载,False,正常,2597,47
2024-04-27 19:51:00,2024-04-27 19:51:00,1,停机,False,正常,2598,47
2024-04-27 19:52:00,2024-04-27 19:52:00,1,轻载,False,正常,2599,47
2024-04-27 19:53:00,2024-04-27 20:10:00,18,重载,False,正常,2600,47
2024-04-27 20:11:00,2024-04-27 20:16:00,6,停机,False,正常,2601,47
2024-04-27 20:17:00,2024-04-27 21:20:00,64,重载,False,正常,2602,47
2024-04-27 21:21:00,2024-04-27 21:21:00,1,停机,False,正常,2603,47
2024-04-27 21:22:00,2024-04-27 21:31:00,10,重载,False,正常,2604,47
2024-04-27 21:32:00,2024-04-27 21:34:00,3,停机,False,正常,2605,47
2024-04-27 21:35:00,2024-04-27 22:35:00,61,重载,False,正常,2606,47
2024-04-27 22:36:00,2024-04-27 22:36:00,1,停机,False,正常,2607,47
2024-04-27 22:37:00,2024-04-27 22:51:00,15,重载,False,正常,2608,47
2024-04-27 22:52:00,2024-04-27 22:56:00,5,停机,False,正常,2609,47
2024-04-27 22:57:00,2024-04-27 22:57:00,1,重载,False,正常,2610,47
2024-04-27 22:58:00,2024-04-27 22:58:00,1,停机,False,正常,2611,47
2024-04-27 22:59:00,2024-04-27 23:00:00,2,重载,False,正常,2612,47
2024-04-27 23:01:00,2024-04-27 23:01:00,1,停机,False,正常,2613,47
2024-04-27 23:02:00,2024-04-27 23:05:00,4,重载,False,正常,2614,47
2024-04-27 23:06:00,2024-04-27 23:09:00,4,停机,False,正常,2615,47
2024-04-27 23:10:00,2024-04-27 23:25:00,16,重载,False,正常,2616,47
2024-04-27 23:26:00,2024-04-27 23:28:00,3,停机,False,正常,2617,47
2024-04-27 23:29:00,2024-04-27 23:38:00,10,重载,False,正常,2618,47
2024-04-27 23:39:00,2024-04-27 23:40:00,2,停机,False,正常,2619,47
2024-04-27 23:41:00,2024-04-27 23:41:00,1,轻载,False,正常,2620,47
2024-04-27 23:42:00,2024-04-27 23:53:00,12,重载,False,正常,2621,47
2024-04-27 23:54:00,2024-04-27 23:54:00,1,停机,False,正常,2622,47
2024-04-27 23:55:00,2024-04-27 23:57:00,3,重载,False,正常,2623,47
2024-04-27 23:58:00,2024-04-27 23:59:00,2,停机,False,正常,2624,47
2024-04-28 00:00:00,2024-04-28 00:00:00,1,轻载,False,正常,2625,47
2024-04-28 00:01:00,2024-04-28 00:02:00,2,重载,False,正常,2626,47
2024-04-28 00:03:00,2024-04-28 00:03:00,1,停机,False,正常,2627,47
2024-04-28 00:04:00,2024-04-28 01:06:00,63,重载,False,正常,2628,47
2024-04-28 01:07:00,2024-04-28 01:08:00,2,停机,False,正常,2629,47
2024-04-28 01:09:00,2024-04-28 01:43:00,35,重载,False,正常,2630,47
2024-04-28 01:44:00,2024-04-28 01:44:00,1,停机,False,正常,2631,47
2024-04-28 01:45:00,2024-04-28 01:45:00,1,重载,False,正常,2632,47
2024-04-28 01:46:00,2024-04-28 01:46:00,1,停机,False,正常,2633,47
2024-04-28 01:47:00,2024-04-28 02:31:00,45,重载,False,正常,2634,47
2024-04-28 02:32:00,2024-04-28 02:33:00,2,停机,False,正常,2635,47
2024-04-28 02:34:00,2024-04-28 02:57:00,24,重载,False,正常,2636,47
2024-04-28 02:58:00,2024-04-28 02:58:00,1,停机,False,正常,2637,47
2024-04-28 02:59:00,2024-04-28 03:13:00,15,重载,False,正常,2638,47
2024-04-28 03:14:00,2024-04-28 03:14:00,1,停机,False,正常,2639,47
2024-04-28 03:15:00,2024-04-28 03:44:00,30,重载,False,正常,2640,47
2024-04-28 03:45:00,2024-04-28 03:47:00,3,停机,False,正常,2641,47
2024-04-28 03:48:00,2024-04-28 04:23:00,36,重载,False,正常,2642,47
2024-04-28 04:24:00,2024-04-28 04:24:00,1,停机,False,正常,2643,47
2024-04-28 04:25:00,2024-04-28 04:25:00,1,重载,False,正常,2644,47
2024-04-28 04:26:00,2024-04-28 04:26:00,1,停机,False,正常,2645,47
2024-04-28 04:27:00,2024-04-28 05:03:00,37,重载,False,正常,2646,47
