段起始时间,段结束时间,持续时间(min),工况,是否异常,异常原因,段索引,分段号
2024-04-01 00:00:00,2024-04-01 00:01:00,2,停机,False,正常,0,1
2024-04-01 00:02:00,2024-04-01 00:07:00,6,空载运行,False,正常,1,1
2024-04-01 00:08:00,2024-04-01 05:50:00,343,停机,True,通讯中断/传感器休眠（段持续 >= 4h）,2,2
2024-04-01 05:51:00,2024-04-01 05:51:00,1,空载运行,False,正常,3,3
2024-04-01 05:52:00,2024-04-01 06:06:00,15,停机,False,正常,4,3
2024-04-01 06:07:00,2024-04-01 06:09:00,3,空载运行,False,正常,5,3
2024-04-01 06:10:00,2024-04-01 06:11:00,2,停机,False,正常,6,3
2024-04-01 06:12:00,2024-04-01 06:14:00,3,空载运行,False,正常,7,3
2024-04-01 06:15:00,2024-04-01 06:16:00,2,停机,False,正常,8,3
2024-04-01 06:17:00,2024-04-01 06:19:00,3,空载运行,False,正常,9,3
2024-04-01 06:20:00,2024-04-01 06:20:00,1,带载运行,False,正常,10,3
2024-04-01 06:21:00,2024-04-01 06:22:00,2,停机,False,正常,11,3
2024-04-01 06:23:00,2024-04-01 06:23:00,1,空载运行,False,正常,12,3
2024-04-01 06:24:00,2024-04-01 06:24:00,1,带载运行,False,正常,13,3
2024-04-01 06:25:00,2024-04-01 07:48:00,84,空载运行,False,正常,14,3
2024-04-01 07:49:00,2024-04-01 09:07:00,79,停机,False,正常,15,3
2024-04-01 09:08:00,2024-04-01 09:08:00,1,空载运行,False,正常,16,3
2024-04-01 09:09:00,2024-04-01 09:40:00,32,停机,False,正常,17,3
2024-04-01 09:41:00,2024-04-01 09:41:00,1,空载运行,False,正常,18,3
2024-04-01 09:42:00,2024-04-01 09:42:00,1,停机,False,正常,19,3
2024-04-01 09:43:00,2024-04-01 11:22:00,100,空载运行,False,正常,20,3
2024-04-01 11:23:00,2024-04-01 11:23:00,1,停机,False,正常,21,3
2024-04-01 11:24:00,2024-04-01 11:24:00,1,空载运行,False,正常,22,3
2024-04-01 11:25:00,2024-04-01 11:44:00,20,停机,False,正常,23,3
2024-04-01 11:45:00,2024-04-01 11:59:00,15,空载运行,False,正常,24,3
2024-04-01 12:00:00,2024-04-01 14:07:00,128,停机,False,正常,25,3
2024-04-01 14:08:00,2024-04-01 14:08:00,1,空载运行,False,正常,26,3
2024-04-01 14:09:00,2024-04-01 14:12:00,4,停机,False,正常,27,3
2024-04-01 14:13:00,2024-04-01 15:07:00,55,空载运行,False,正常,28,3
2024-04-01 15:08:00,2024-04-01 15:08:00,1,停机,False,正常,29,3
2024-04-01 15:09:00,2024-04-01 15:14:00,6,空载运行,False,正常,30,3
2024-04-01 15:15:00,2024-04-01 15:43:00,29,停机,False,正常,31,3
2024-04-01 15:44:00,2024-04-01 15:46:00,3,空载运行,False,正常,32,3
2024-04-01 15:47:00,2024-04-01 15:48:00,2,停机,False,正常,33,3
2024-04-01 15:49:00,2024-04-01 15:52:00,4,空载运行,False,正常,34,3
2024-04-01 15:53:00,2024-04-01 15:53:00,1,停机,False,正常,35,3
2024-04-01 15:54:00,2024-04-01 15:59:00,6,空载运行,False,正常,36,3
2024-04-01 16:00:00,2024-04-01 16:14:00,15,停机,False,正常,37,3
2024-04-01 16:15:00,2024-04-01 16:18:00,4,空载运行,False,正常,38,3
2024-04-01 16:19:00,2024-04-01 16:19:00,1,带载运行,False,正常,39,3
2024-04-01 16:20:00,2024-04-01 16:27:00,8,空载运行,False,正常,40,3
2024-04-01 16:28:00,2024-04-01 17:09:00,42,停机,False,正常,41,3
2024-04-01 17:10:00,2024-04-01 17:15:00,6,空载运行,False,正常,42,3
2024-04-01 17:16:00,2024-04-01 17:28:00,13,停机,False,正常,43,3
2024-04-01 17:29:00,2024-04-01 17:30:00,2,空载运行,False,正常,44,3
2024-04-01 17:31:00,2024-04-01 17:59:00,29,停机,False,正常,45,3
2024-04-01 18:00:00,2024-04-01 18:00:00,1,空载运行,False,正常,46,3
2024-04-01 18:01:00,2024-04-01 18:47:00,47,停机,False,正常,47,3
2024-04-01 18:48:00,2024-04-01 18:48:00,1,带载运行,False,正常,48,3
2024-04-01 18:49:00,2024-04-01 18:49:00,1,空载运行,False,正常,49,3
2024-04-01 18:50:00,2024-04-01 18:53:00,4,停机,False,正常,50,3
2024-04-01 18:54:00,2024-04-01 18:54:00,1,空载运行,False,正常,51,3
2024-04-01 18:55:00,2024-04-01 18:57:00,3,停机,False,正常,52,3
2024-04-01 18:58:00,2024-04-01 18:58:00,1,带载运行,False,正常,53,3
2024-04-01 18:59:00,2024-04-01 19:09:00,11,空载运行,False,正常,54,3
2024-04-01 19:10:00,2024-04-01 19:56:00,47,停机,False,正常,55,3
2024-04-01 19:57:00,2024-04-01 20:03:00,7,空载运行,False,正常,56,3
2024-04-01 20:04:00,2024-04-01 20:07:00,4,停机,False,正常,57,3
2024-04-01 20:08:00,2024-04-01 20:08:00,1,空载运行,False,正常,58,3
2024-04-01 20:09:00,2024-04-01 20:09:00,1,带载运行,False,正常,59,3
2024-04-01 20:10:00,2024-04-01 20:20:00,11,空载运行,False,正常,60,3
2024-04-01 20:21:00,2024-04-01 20:21:00,1,停机,False,正常,61,3
2024-04-01 20:22:00,2024-04-01 20:38:00,17,空载运行,False,正常,62,3
2024-04-01 20:39:00,2024-04-01 20:52:00,14,停机,False,正常,63,3
2024-04-01 20:53:00,2024-04-01 20:54:00,2,空载运行,False,正常,64,3
2024-04-01 20:55:00,2024-04-01 20:58:00,4,停机,False,正常,65,3
2024-04-01 20:59:00,2024-04-01 21:07:00,9,空载运行,False,正常,66,3
2024-04-01 21:08:00,2024-04-01 22:09:00,62,停机,False,正常,67,3
2024-04-01 22:10:00,2024-04-01 22:11:00,2,空载运行,False,正常,68,3
2024-04-01 22:12:00,2024-04-01 22:15:00,4,停机,False,正常,69,3
2024-04-01 22:16:00,2024-04-01 22:16:00,1,空载运行,False,正常,70,3
2024-04-01 22:17:00,2024-04-01 22:56:00,40,停机,False,正常,71,3
2024-04-01 22:57:00,2024-04-01 22:58:00,2,空载运行,False,正常,72,3
2024-04-01 22:59:00,2024-04-01 23:38:00,40,停机,False,正常,73,3
2024-04-01 23:39:00,2024-04-01 23:43:00,5,空载运行,False,正常,74,3
2024-04-01 23:44:00,2024-04-01 23:59:00,16,停机,False,正常,75,3
2024-04-02 00:00:00,2024-04-02 00:00:00,1,带载运行,False,正常,76,3
2024-04-02 00:01:00,2024-04-02 00:07:00,7,空载运行,False,正常,77,3
2024-04-02 00:08:00,2024-04-02 00:15:00,8,停机,False,正常,78,3
2024-04-02 00:16:00,2024-04-02 00:40:00,25,空载运行,False,正常,79,3
2024-04-02 00:41:00,2024-04-02 00:41:00,1,停机,False,正常,80,3
2024-04-02 00:42:00,2024-04-02 00:49:00,8,空载运行,False,正常,81,3
2024-04-02 00:50:00,2024-04-02 00:52:00,3,停机,False,正常,82,3
2024-04-02 00:53:00,2024-04-02 00:54:00,2,空载运行,False,正常,83,3
2024-04-02 00:55:00,2024-04-02 00:58:00,4,停机,False,正常,84,3
2024-04-02 00:59:00,2024-04-02 01:14:00,16,空载运行,False,正常,85,3
2024-04-02 01:15:00,2024-04-02 01:43:00,29,停机,False,正常,86,3
2024-04-02 01:44:00,2024-04-02 01:44:00,1,空载运行,False,正常,87,3
2024-04-02 01:45:00,2024-04-02 03:34:00,110,停机,False,正常,88,3
2024-04-02 03:35:00,2024-04-02 04:05:00,31,空载运行,False,正常,89,3
2024-04-02 04:06:00,2024-04-02 04:14:00,9,停机,False,正常,90,3
2024-04-02 04:15:00,2024-04-02 04:22:00,8,空载运行,False,正常,91,3
2024-04-02 04:23:00,2024-04-02 05:17:00,55,停机,False,正常,92,3
2024-04-02 05:18:00,2024-04-02 05:18:00,1,空载运行,False,正常,93,3
2024-04-02 05:19:00,2024-04-02 05:26:00,8,停机,False,正常,94,3
2024-04-02 05:27:00,2024-04-02 05:33:00,7,空载运行,False,正常,95,3
2024-04-02 05:34:00,2024-04-02 05:36:00,3,停机,False,正常,96,3
2024-04-02 05:37:00,2024-04-02 05:39:00,3,空载运行,False,正常,97,3
2024-04-02 05:40:00,2024-04-02 05:43:00,4,停机,False,正常,98,3
2024-04-02 05:44:00,2024-04-02 05:57:00,14,空载运行,False,正常,99,3
2024-04-02 05:58:00,2024-04-02 06:00:00,3,停机,False,正常,100,3
2024-04-02 06:01:00,2024-04-02 06:16:00,16,空载运行,False,正常,101,3
2024-04-02 06:17:00,2024-04-02 06:21:00,5,停机,False,正常,102,3
2024-04-02 06:22:00,2024-04-02 06:26:00,5,空载运行,False,正常,103,3
2024-04-02 06:27:00,2024-04-02 06:37:00,11,停机,False,正常,104,3
2024-04-02 06:38:00,2024-04-02 06:45:00,8,空载运行,False,正常,105,3
2024-04-02 06:46:00,2024-04-02 07:40:00,55,停机,False,正常,106,3
2024-04-02 07:41:00,2024-04-02 07:43:00,3,空载运行,False,正常,107,3
2024-04-02 07:44:00,2024-04-02 07:45:00,2,停机,False,正常,108,3
2024-04-02 07:46:00,2024-04-02 08:05:00,20,空载运行,False,正常,109,3
2024-04-02 08:06:00,2024-04-02 08:08:00,3,停机,False,正常,110,3
2024-04-02 08:09:00,2024-04-02 08:09:00,1,空载运行,False,正常,111,3
2024-04-02 08:10:00,2024-04-02 08:19:00,10,停机,False,正常,112,3
2024-04-02 08:20:00,2024-04-02 08:21:00,2,空载运行,False,正常,113,3
2024-04-02 08:22:00,2024-04-02 08:23:00,2,停机,False,正常,114,3
2024-04-02 08:24:00,2024-04-02 08:24:00,1,空载运行,False,正常,115,3
2024-04-02 08:25:00,2024-04-02 08:34:00,10,停机,False,正常,116,3
2024-04-02 08:35:00,2024-04-02 08:39:00,5,空载运行,False,正常,117,3
2024-04-02 08:40:00,2024-04-02 08:41:00,2,停机,False,正常,118,3
2024-04-02 08:42:00,2024-04-02 08:59:00,18,空载运行,False,正常,119,3
2024-04-02 09:00:00,2024-04-02 09:00:00,1,停机,False,正常,120,3
2024-04-02 09:01:00,2024-04-02 09:24:00,24,空载运行,False,正常,121,3
2024-04-02 09:25:00,2024-04-02 09:42:00,18,停机,False,正常,122,3
2024-04-02 09:43:00,2024-04-02 09:43:00,1,空载运行,False,正常,123,3
2024-04-02 09:44:00,2024-04-02 13:49:00,246,停机,True,通讯中断/传感器休眠（段持续 >= 4h）,124,4
2024-04-02 13:50:00,2024-04-02 13:50:00,1,空载运行,False,正常,125,5
2024-04-02 13:51:00,2024-04-02 16:53:00,183,停机,False,正常,126,5
2024-04-02 16:54:00,2024-04-02 16:55:00,2,空载运行,False,正常,127,5
2024-04-02 16:56:00,2024-04-02 17:02:00,7,停机,False,正常,128,5
2024-04-02 17:03:00,2024-04-02 17:03:00,1,空载运行,False,正常,129,5
2024-04-02 17:04:00,2024-04-02 17:04:00,1,停机,False,正常,130,5
2024-04-02 17:05:00,2024-04-02 17:06:00,2,空载运行,False,正常,131,5
2024-04-02 17:07:00,2024-04-02 17:59:00,53,停机,False,正常,132,5
2024-04-02 18:00:00,2024-04-02 18:04:00,5,空载运行,False,正常,133,5
2024-04-02 18:05:00,2024-04-02 18:05:00,1,带载运行,False,正常,134,5
2024-04-02 18:06:00,2024-04-02 18:16:00,11,空载运行,False,正常,135,5
2024-04-02 18:17:00,2024-04-02 18:32:00,16,停机,False,正常,136,5
2024-04-02 18:33:00,2024-04-02 18:42:00,10,空载运行,False,正常,137,5
2024-04-02 18:43:00,2024-04-02 20:14:00,92,停机,False,正常,138,5
2024-04-02 20:15:00,2024-04-02 20:15:00,1,空载运行,False,正常,139,5
2024-04-02 20:16:00,2024-04-02 20:54:00,39,停机,False,正常,140,5
2024-04-02 20:55:00,2024-04-02 21:00:00,6,空载运行,False,正常,141,5
2024-04-02 21:01:00,2024-04-02 21:01:00,1,停机,False,正常,142,5
2024-04-02 21:02:00,2024-04-02 21:02:00,1,空载运行,False,正常,143,5
2024-04-02 21:03:00,2024-04-02 22:16:00,74,停机,False,正常,144,5
2024-04-02 22:17:00,2024-04-02 22:25:00,9,空载运行,False,正常,145,5
2024-04-02 22:26:00,2024-04-02 22:27:00,2,停机,False,正常,146,5
2024-04-02 22:28:00,2024-04-02 22:29:00,2,空载运行,False,正常,147,5
2024-04-02 22:30:00,2024-04-02 22:30:00,1,带载运行,False,正常,148,5
2024-04-02 22:31:00,2024-04-02 22:32:00,2,空载运行,False,正常,149,5
2024-04-02 22:33:00,2024-04-02 22:40:00,8,停机,False,正常,150,5
2024-04-02 22:41:00,2024-04-02 22:41:00,1,空载运行,False,正常,151,5
2024-04-02 22:42:00,2024-04-02 22:50:00,9,停机,False,正常,152,5
2024-04-02 22:51:00,2024-04-02 22:51:00,1,空载运行,False,正常,153,5
2024-04-02 22:52:00,2024-04-02 23:38:00,47,停机,False,正常,154,5
2024-04-02 23:39:00,2024-04-02 23:40:00,2,空载运行,False,正常,155,5
2024-04-02 23:41:00,2024-04-03 00:52:00,72,停机,False,正常,156,5
2024-04-03 00:53:00,2024-04-03 00:58:00,6,空载运行,False,正常,157,5
2024-04-03 00:59:00,2024-04-03 01:03:00,5,停机,False,正常,158,5
2024-04-03 01:04:00,2024-04-03 01:20:00,17,空载运行,False,正常,159,5
2024-04-03 01:21:00,2024-04-03 01:21:00,1,停机,False,正常,160,5
2024-04-03 01:22:00,2024-04-03 01:40:00,19,空载运行,False,正常,161,5
2024-04-03 01:41:00,2024-04-03 01:41:00,1,停机,False,正常,162,5
2024-04-03 01:42:00,2024-04-03 01:57:00,16,空载运行,False,正常,163,5
2024-04-03 01:58:00,2024-04-03 02:56:00,59,停机,False,正常,164,5
2024-04-03 02:57:00,2024-04-03 03:08:00,12,空载运行,False,正常,165,5
2024-04-03 03:09:00,2024-04-03 04:07:00,59,停机,False,正常,166,5
2024-04-03 04:08:00,2024-04-03 04:08:00,1,空载运行,False,正常,167,5
2024-04-03 04:09:00,2024-04-03 04:21:00,13,停机,False,正常,168,5
2024-04-03 04:22:00,2024-04-03 04:24:00,3,空载运行,False,正常,169,5
2024-04-03 04:25:00,2024-04-03 04:25:00,1,停机,False,正常,170,5
2024-04-03 04:26:00,2024-04-03 04:56:00,31,空载运行,False,正常,171,5
2024-04-03 04:57:00,2024-04-03 05:00:00,4,停机,False,正常,172,5
2024-04-03 05:01:00,2024-04-03 05:15:00,15,空载运行,False,正常,173,5
2024-04-03 05:16:00,2024-04-03 06:11:00,56,停机,False,正常,174,5
2024-04-03 06:12:00,2024-04-03 06:12:00,1,空载运行,False,正常,175,5
2024-04-03 06:13:00,2024-04-03 07:35:00,83,停机,False,正常,176,5
2024-04-03 07:36:00,2024-04-03 07:38:00,3,空载运行,False,正常,177,5
2024-04-03 07:39:00,2024-04-03 07:45:00,7,停机,False,正常,178,5
2024-04-03 07:46:00,2024-04-03 07:47:00,2,空载运行,False,正常,179,5
2024-04-03 07:48:00,2024-04-03 07:49:00,2,停机,False,正常,180,5
2024-04-03 07:50:00,2024-04-03 07:51:00,2,空载运行,False,正常,181,5
2024-04-03 07:52:00,2024-04-03 07:52:00,1,停机,False,正常,182,5
2024-04-03 07:53:00,2024-04-03 07:53:00,1,空载运行,False,正常,183,5
2024-04-03 07:54:00,2024-04-03 07:54:00,1,停机,False,正常,184,5
2024-04-03 07:55:00,2024-04-03 08:27:00,33,空载运行,False,正常,185,5
2024-04-03 08:28:00,2024-04-03 09:28:00,61,停机,False,正常,186,5
2024-04-03 09:29:00,2024-04-03 09:29:00,1,空载运行,False,正常,187,5
2024-04-03 09:30:00,2024-04-03 09:46:00,17,停机,False,正常,188,5
2024-04-03 09:47:00,2024-04-03 09:54:00,8,空载运行,False,正常,189,5
2024-04-03 09:55:00,2024-04-03 10:01:00,7,停机,False,正常,190,5
2024-04-03 10:02:00,2024-04-03 13:58:00,237,空载运行,True,异常持续段（>233min 阈值）,191,6
2024-04-03 13:59:00,2024-04-03 14:03:00,5,停机,False,正常,192,7
2024-04-03 14:04:00,2024-04-03 15:26:00,83,空载运行,False,正常,193,7
2024-04-03 15:27:00,2024-04-03 15:48:00,22,停机,False,正常,194,7
2024-04-03 15:49:00,2024-04-03 15:50:00,2,空载运行,False,正常,195,7
2024-04-03 15:51:00,2024-04-03 16:50:00,60,停机,False,正常,196,7
2024-04-03 16:51:00,2024-04-03 16:55:00,5,空载运行,False,正常,197,7
2024-04-03 16:56:00,2024-04-03 17:12:00,17,停机,False,正常,198,7
2024-04-03 17:13:00,2024-04-03 17:21:00,9,空载运行,False,正常,199,7
2024-04-03 17:22:00,2024-04-03 17:28:00,7,停机,False,正常,200,7
2024-04-03 17:29:00,2024-04-03 17:37:00,9,空载运行,False,正常,201,7
2024-04-03 17:38:00,2024-04-03 17:44:00,7,停机,False,正常,202,7
2024-04-03 17:45:00,2024-04-03 17:47:00,3,空载运行,False,正常,203,7
2024-04-03 17:48:00,2024-04-03 18:28:00,41,停机,False,正常,204,7
2024-04-03 18:29:00,2024-04-03 18:29:00,1,空载运行,False,正常,205,7
2024-04-03 18:30:00,2024-04-03 18:37:00,8,停机,False,正常,206,7
2024-04-03 18:38:00,2024-04-03 18:38:00,1,空载运行,False,正常,207,7
2024-04-03 18:39:00,2024-04-03 20:58:00,140,停机,False,正常,208,7
2024-04-03 20:59:00,2024-04-03 21:02:00,4,空载运行,False,正常,209,7
2024-04-03 21:03:00,2024-04-03 21:47:00,45,停机,False,正常,210,7
2024-04-03 21:48:00,2024-04-03 21:50:00,3,空载运行,False,正常,211,7
2024-04-03 21:51:00,2024-04-03 21:54:00,4,停机,False,正常,212,7
2024-04-03 21:55:00,2024-04-03 22:00:00,6,空载运行,False,正常,213,7
2024-04-03 22:01:00,2024-04-03 22:43:00,43,停机,False,正常,214,7
2024-04-03 22:44:00,2024-04-03 22:44:00,1,带载运行,False,正常,215,7
2024-04-03 22:45:00,2024-04-03 22:47:00,3,空载运行,False,正常,216,7
2024-04-03 22:48:00,2024-04-03 23:53:00,66,停机,False,正常,217,7
2024-04-03 23:54:00,2024-04-03 23:55:00,2,空载运行,False,正常,218,7
2024-04-03 23:56:00,2024-04-03 23:56:00,1,停机,False,正常,219,7
2024-04-03 23:57:00,2024-04-04 00:00:00,4,空载运行,False,正常,220,7
2024-04-04 00:01:00,2024-04-04 00:03:00,3,停机,False,正常,221,7
2024-04-04 00:04:00,2024-04-04 00:24:00,21,空载运行,False,正常,222,7
2024-04-04 00:25:00,2024-04-04 00:46:00,22,停机,False,正常,223,7
2024-04-04 00:47:00,2024-04-04 00:49:00,3,空载运行,False,正常,224,7
2024-04-04 00:50:00,2024-04-04 01:03:00,14,停机,False,正常,225,7
2024-04-04 01:04:00,2024-04-04 01:04:00,1,空载运行,False,正常,226,7
2024-04-04 01:05:00,2024-04-04 01:13:00,9,停机,False,正常,227,7
2024-04-04 01:14:00,2024-04-04 01:20:00,7,空载运行,False,正常,228,7
2024-04-04 01:21:00,2024-04-04 01:33:00,13,停机,False,正常,229,7
2024-04-04 01:34:00,2024-04-04 01:35:00,2,空载运行,False,正常,230,7
2024-04-04 01:36:00,2024-04-04 01:36:00,1,停机,False,正常,231,7
2024-04-04 01:37:00,2024-04-04 01:43:00,7,空载运行,False,正常,232,7
2024-04-04 01:44:00,2024-04-04 01:44:00,1,停机,False,正常,233,7
2024-04-04 01:45:00,2024-04-04 02:00:00,16,空载运行,False,正常,234,7
2024-04-04 02:01:00,2024-04-04 02:01:00,1,停机,False,正常,235,7
2024-04-04 02:02:00,2024-04-04 03:37:00,96,空载运行,False,正常,236,7
2024-04-04 03:38:00,2024-04-04 03:39:00,2,停机,False,正常,237,7
2024-04-04 03:40:00,2024-04-04 04:12:00,33,空载运行,False,正常,238,7
2024-04-04 04:13:00,2024-04-04 04:34:00,22,停机,False,正常,239,7
2024-04-04 04:35:00,2024-04-04 04:38:00,4,空载运行,False,正常,240,7
2024-04-04 04:39:00,2024-04-04 04:39:00,1,停机,False,正常,241,7
2024-04-04 04:40:00,2024-04-04 04:44:00,5,空载运行,False,正常,242,7
2024-04-04 04:45:00,2024-04-04 04:47:00,3,停机,False,正常,243,7
2024-04-04 04:48:00,2024-04-04 04:48:00,1,空载运行,False,正常,244,7
2024-04-04 04:49:00,2024-04-04 04:53:00,5,停机,False,正常,245,7
2024-04-04 04:54:00,2024-04-04 04:54:00,1,空载运行,False,正常,246,7
2024-04-04 04:55:00,2024-04-04 05:33:00,39,停机,False,正常,247,7
2024-04-04 05:34:00,2024-04-04 05:39:00,6,空载运行,False,正常,248,7
2024-04-04 05:40:00,2024-04-04 05:42:00,3,停机,False,正常,249,7
2024-04-04 05:43:00,2024-04-04 05:55:00,13,空载运行,False,正常,250,7
2024-04-04 05:56:00,2024-04-04 05:56:00,1,停机,False,正常,251,7
2024-04-04 05:57:00,2024-04-04 06:23:00,27,空载运行,False,正常,252,7
2024-04-04 06:24:00,2024-04-04 06:42:00,19,停机,False,正常,253,7
2024-04-04 06:43:00,2024-04-04 06:43:00,1,空载运行,False,正常,254,7
2024-04-04 06:44:00,2024-04-04 06:54:00,11,停机,False,正常,255,7
2024-04-04 06:55:00,2024-04-04 06:55:00,1,空载运行,False,正常,256,7
2024-04-04 06:56:00,2024-04-04 07:00:00,5,停机,False,正常,257,7
2024-04-04 07:01:00,2024-04-04 07:02:00,2,空载运行,False,正常,258,7
2024-04-04 07:03:00,2024-04-04 07:27:00,25,停机,False,正常,259,7
2024-04-04 07:28:00,2024-04-04 07:28:00,1,空载运行,False,正常,260,7
2024-04-04 07:29:00,2024-04-04 07:31:00,3,停机,False,正常,261,7
2024-04-04 07:32:00,2024-04-04 07:33:00,2,空载运行,False,正常,262,7
2024-04-04 07:34:00,2024-04-04 07:37:00,4,停机,False,正常,263,7
2024-04-04 07:38:00,2024-04-04 08:03:00,26,空载运行,False,正常,264,7
2024-04-04 08:04:00,2024-04-04 08:08:00,5,停机,False,正常,265,7
2024-04-04 08:09:00,2024-04-04 08:23:00,15,空载运行,False,正常,266,7
2024-04-04 08:24:00,2024-04-04 08:26:00,3,停机,False,正常,267,7
2024-04-04 08:27:00,2024-04-04 08:45:00,19,空载运行,False,正常,268,7
2024-04-04 08:46:00,2024-04-04 08:46:00,1,停机,False,正常,269,7
2024-04-04 08:47:00,2024-04-04 08:49:00,3,空载运行,False,正常,270,7
2024-04-04 08:50:00,2024-04-04 08:53:00,4,停机,False,正常,271,7
2024-04-04 08:54:00,2024-04-04 08:57:00,4,空载运行,False,正常,272,7
2024-04-04 08:58:00,2024-04-04 09:07:00,10,停机,False,正常,273,7
2024-04-04 09:08:00,2024-04-04 13:10:00,243,空载运行,True,通讯中断/传感器休眠（段持续 >= 4h）,274,8
2024-04-04 13:11:00,2024-04-04 13:48:00,38,停机,False,正常,275,9
2024-04-04 13:49:00,2024-04-04 13:49:00,1,空载运行,False,正常,276,9
2024-04-04 13:50:00,2024-04-04 14:42:00,53,停机,False,正常,277,9
2024-04-04 14:43:00,2024-04-04 14:43:00,1,空载运行,False,正常,278,9
2024-04-04 14:44:00,2024-04-04 15:09:00,26,停机,False,正常,279,9
2024-04-04 15:10:00,2024-04-04 15:11:00,2,空载运行,False,正常,280,9
2024-04-04 15:12:00,2024-04-04 15:37:00,26,停机,False,正常,281,9
2024-04-04 15:38:00,2024-04-04 15:40:00,3,空载运行,False,正常,282,9
2024-04-04 15:41:00,2024-04-04 16:12:00,32,停机,False,正常,283,9
2024-04-04 16:13:00,2024-04-04 16:44:00,32,空载运行,False,正常,284,9
2024-04-04 16:45:00,2024-04-04 16:55:00,11,停机,False,正常,285,9
2024-04-04 16:56:00,2024-04-04 16:56:00,1,空载运行,False,正常,286,9
2024-04-04 16:57:00,2024-04-04 16:58:00,2,停机,False,正常,287,9
2024-04-04 16:59:00,2024-04-04 17:00:00,2,空载运行,False,正常,288,9
2024-04-04 17:01:00,2024-04-04 17:39:00,39,停机,False,正常,289,9
2024-04-04 17:40:00,2024-04-04 17:40:00,1,空载运行,False,正常,290,9
2024-04-04 17:41:00,2024-04-04 18:38:00,58,停机,False,正常,291,9
2024-04-04 18:39:00,2024-04-04 19:02:00,24,空载运行,False,正常,292,9
2024-04-04 19:03:00,2024-04-04 19:21:00,19,停机,False,正常,293,9
2024-04-04 19:22:00,2024-04-04 19:24:00,3,空载运行,False,正常,294,9
2024-04-04 19:25:00,2024-04-04 19:42:00,18,停机,False,正常,295,9
2024-04-04 19:43:00,2024-04-04 19:46:00,4,空载运行,False,正常,296,9
2024-04-04 19:47:00,2024-04-04 19:48:00,2,停机,False,正常,297,9
2024-04-04 19:49:00,2024-04-04 19:51:00,3,空载运行,False,正常,298,9
2024-04-04 19:52:00,2024-04-04 19:55:00,4,停机,False,正常,299,9
2024-04-04 19:56:00,2024-04-04 19:56:00,1,空载运行,False,正常,300,9
2024-04-04 19:57:00,2024-04-04 20:43:00,47,停机,False,正常,301,9
2024-04-04 20:44:00,2024-04-04 20:50:00,7,空载运行,False,正常,302,9
2024-04-04 20:51:00,2024-04-04 20:51:00,1,带载运行,False,正常,303,9
2024-04-04 20:52:00,2024-04-04 20:53:00,2,空载运行,False,正常,304,9
2024-04-04 20:54:00,2024-04-04 20:54:00,1,停机,False,正常,305,9
2024-04-04 20:55:00,2024-04-04 20:55:00,1,带载运行,False,正常,306,9
2024-04-04 20:56:00,2024-04-04 21:43:00,48,空载运行,False,正常,307,9
2024-04-04 21:44:00,2024-04-04 21:56:00,13,停机,False,正常,308,9
2024-04-04 21:57:00,2024-04-04 21:57:00,1,空载运行,False,正常,309,9
2024-04-04 21:58:00,2024-04-04 22:08:00,11,停机,False,正常,310,9
2024-04-04 22:09:00,2024-04-04 22:13:00,5,空载运行,False,正常,311,9
2024-04-04 22:14:00,2024-04-04 22:46:00,33,停机,False,正常,312,9
2024-04-04 22:47:00,2024-04-04 22:54:00,8,空载运行,False,正常,313,9
2024-04-04 22:55:00,2024-04-04 23:01:00,7,停机,False,正常,314,9
2024-04-04 23:02:00,2024-04-04 23:06:00,5,空载运行,False,正常,315,9
2024-04-04 23:07:00,2024-04-04 23:09:00,3,停机,False,正常,316,9
2024-04-04 23:10:00,2024-04-04 23:11:00,2,空载运行,False,正常,317,9
2024-04-04 23:12:00,2024-04-04 23:25:00,14,停机,False,正常,318,9
2024-04-04 23:26:00,2024-04-04 23:26:00,1,空载运行,False,正常,319,9
2024-04-04 23:27:00,2024-04-04 23:27:00,1,带载运行,False,正常,320,9
2024-04-04 23:28:00,2024-04-04 23:36:00,9,空载运行,False,正常,321,9
2024-04-04 23:37:00,2024-04-04 23:37:00,1,带载运行,False,正常,322,9
2024-04-04 23:38:00,2024-04-04 23:43:00,6,空载运行,False,正常,323,9
2024-04-04 23:44:00,2024-04-04 23:46:00,3,停机,False,正常,324,9
2024-04-04 23:47:00,2024-04-04 23:48:00,2,空载运行,False,正常,325,9
2024-04-04 23:49:00,2024-04-04 23:49:00,1,停机,False,正常,326,9
2024-04-04 23:50:00,2024-04-04 23:50:00,1,空载运行,False,正常,327,9
2024-04-04 23:51:00,2024-04-04 23:51:00,1,停机,False,正常,328,9
2024-04-04 23:52:00,2024-04-04 23:52:00,1,空载运行,False,正常,329,9
2024-04-04 23:53:00,2024-04-04 23:55:00,3,停机,False,正常,330,9
2024-04-04 23:56:00,2024-04-05 00:01:00,6,空载运行,False,正常,331,9
2024-04-05 00:02:00,2024-04-05 00:04:00,3,停机,False,正常,332,9
2024-04-05 00:05:00,2024-04-05 00:06:00,2,空载运行,False,正常,333,9
2024-04-05 00:07:00,2024-04-05 00:09:00,3,停机,False,正常,334,9
2024-04-05 00:10:00,2024-04-05 00:33:00,24,空载运行,False,正常,335,9
2024-04-05 00:34:00,2024-04-05 00:34:00,1,带载运行,False,正常,336,9
2024-04-05 00:35:00,2024-04-05 00:49:00,15,空载运行,False,正常,337,9
2024-04-05 00:50:00,2024-04-05 00:50:00,1,带载运行,False,正常,338,9
2024-04-05 00:51:00,2024-04-05 00:54:00,4,空载运行,False,正常,339,9
2024-04-05 00:55:00,2024-04-05 01:10:00,16,停机,False,正常,340,9
2024-04-05 01:11:00,2024-04-05 01:22:00,12,空载运行,False,正常,341,9
2024-04-05 01:23:00,2024-04-05 01:23:00,1,带载运行,False,正常,342,9
2024-04-05 01:24:00,2024-04-05 01:28:00,5,空载运行,False,正常,343,9
2024-04-05 01:29:00,2024-04-05 01:29:00,1,停机,False,正常,344,9
2024-04-05 01:30:00,2024-04-05 01:37:00,8,空载运行,False,正常,345,9
2024-04-05 01:38:00,2024-04-05 01:38:00,1,停机,False,正常,346,9
2024-04-05 01:39:00,2024-04-05 01:45:00,7,空载运行,False,正常,347,9
2024-04-05 01:46:00,2024-04-05 01:52:00,7,停机,False,正常,348,9
2024-04-05 01:53:00,2024-04-05 01:53:00,1,空载运行,False,正常,349,9
2024-04-05 01:54:00,2024-04-05 02:44:00,51,停机,False,正常,350,9
2024-04-05 02:45:00,2024-04-05 02:46:00,2,空载运行,False,正常,351,9
2024-04-05 02:47:00,2024-04-05 02:47:00,1,带载运行,False,正常,352,9
2024-04-05 02:48:00,2024-04-05 02:51:00,4,空载运行,False,正常,353,9
2024-04-05 02:52:00,2024-04-05 02:52:00,1,停机,False,正常,354,9
2024-04-05 02:53:00,2024-04-05 02:59:00,7,空载运行,False,正常,355,9
2024-04-05 03:00:00,2024-04-05 03:07:00,8,停机,False,正常,356,9
2024-04-05 03:08:00,2024-04-05 03:14:00,7,空载运行,False,正常,357,9
2024-04-05 03:15:00,2024-04-05 03:15:00,1,带载运行,False,正常,358,9
2024-04-05 03:16:00,2024-04-05 03:22:00,7,空载运行,False,正常,359,9
2024-04-05 03:23:00,2024-04-05 03:24:00,2,停机,False,正常,360,9
2024-04-05 03:25:00,2024-04-05 03:26:00,2,空载运行,False,正常,361,9
2024-04-05 03:27:00,2024-04-05 03:27:00,1,停机,False,正常,362,9
2024-04-05 03:28:00,2024-04-05 03:30:00,3,空载运行,False,正常,363,9
2024-04-05 03:31:00,2024-04-05 03:38:00,8,停机,False,正常,364,9
2024-04-05 03:39:00,2024-04-05 04:02:00,24,空载运行,False,正常,365,9
2024-04-05 04:03:00,2024-04-05 04:03:00,1,带载运行,False,正常,366,9
2024-04-05 04:04:00,2024-04-05 04:24:00,21,停机,False,正常,367,9
2024-04-05 04:25:00,2024-04-05 04:25:00,1,空载运行,False,正常,368,9
2024-04-05 04:26:00,2024-04-05 04:58:00,33,停机,False,正常,369,9
2024-04-05 04:59:00,2024-04-05 04:59:00,1,空载运行,False,正常,370,9
2024-04-05 05:00:00,2024-04-05 05:27:00,28,停机,False,正常,371,9
2024-04-05 05:28:00,2024-04-05 05:40:00,13,空载运行,False,正常,372,9
2024-04-05 05:41:00,2024-04-05 05:58:00,18,停机,False,正常,373,9
2024-04-05 05:59:00,2024-04-05 06:02:00,4,空载运行,False,正常,374,9
2024-04-05 06:03:00,2024-04-05 06:14:00,12,停机,False,正常,375,9
2024-04-05 06:15:00,2024-04-05 06:16:00,2,空载运行,False,正常,376,9
2024-04-05 06:17:00,2024-04-05 06:22:00,6,停机,False,正常,377,9
2024-04-05 06:23:00,2024-04-05 06:26:00,4,空载运行,False,正常,378,9
2024-04-05 06:27:00,2024-04-05 06:28:00,2,带载运行,False,正常,379,9
2024-04-05 06:29:00,2024-04-05 06:45:00,17,空载运行,False,正常,380,9
2024-04-05 06:46:00,2024-04-05 07:02:00,17,停机,False,正常,381,9
2024-04-05 07:03:00,2024-04-05 07:13:00,11,空载运行,False,正常,382,9
2024-04-05 07:14:00,2024-04-05 07:22:00,9,停机,False,正常,383,9
2024-04-05 07:23:00,2024-04-05 07:23:00,1,空载运行,False,正常,384,9
2024-04-05 07:24:00,2024-04-05 07:35:00,12,停机,False,正常,385,9
2024-04-05 07:36:00,2024-04-05 07:36:00,1,空载运行,False,正常,386,9
2024-04-05 07:37:00,2024-04-05 09:11:00,95,停机,False,正常,387,9
2024-04-05 09:12:00,2024-04-05 09:13:00,2,空载运行,False,正常,388,9
2024-04-05 09:14:00,2024-04-05 09:26:00,13,停机,False,正常,389,9
2024-04-05 09:27:00,2024-04-05 09:27:00,1,空载运行,False,正常,390,9
2024-04-05 09:28:00,2024-04-05 10:01:00,34,停机,False,正常,391,9
2024-04-05 10:02:00,2024-04-05 10:05:00,4,空载运行,False,正常,392,9
2024-04-05 10:06:00,2024-04-05 10:16:00,11,停机,False,正常,393,9
2024-04-05 10:17:00,2024-04-05 13:59:00,223,空载运行,False,正常,394,9
2024-04-05 14:00:00,2024-04-05 15:41:00,102,停机,False,正常,395,9
2024-04-05 15:42:00,2024-04-05 15:42:00,1,空载运行,False,正常,396,9
2024-04-05 15:43:00,2024-04-05 15:57:00,15,停机,False,正常,397,9
2024-04-05 15:58:00,2024-04-05 16:05:00,8,空载运行,False,正常,398,9
2024-04-05 16:06:00,2024-04-05 16:17:00,12,停机,False,正常,399,9
2024-04-05 16:18:00,2024-04-05 16:18:00,1,空载运行,False,正常,400,9
2024-04-05 16:19:00,2024-04-05 16:20:00,2,停机,False,正常,401,9
2024-04-05 16:21:00,2024-04-05 16:22:00,2,空载运行,False,正常,402,9
2024-04-05 16:23:00,2024-04-05 16:23:00,1,停机,False,正常,403,9
2024-04-05 16:24:00,2024-04-05 16:31:00,8,空载运行,False,正常,404,9
2024-04-05 16:32:00,2024-04-05 17:22:00,51,停机,False,正常,405,9
2024-04-05 17:23:00,2024-04-05 17:38:00,16,空载运行,False,正常,406,9
2024-04-05 17:39:00,2024-04-05 17:39:00,1,停机,False,正常,407,9
2024-04-05 17:40:00,2024-04-05 18:04:00,25,空载运行,False,正常,408,9
2024-04-05 18:05:00,2024-04-05 18:05:00,1,带载运行,False,正常,409,9
2024-04-05 18:06:00,2024-04-05 18:07:00,2,空载运行,False,正常,410,9
2024-04-05 18:08:00,2024-04-05 18:16:00,9,停机,False,正常,411,9
2024-04-05 18:17:00,2024-04-05 18:17:00,1,空载运行,False,正常,412,9
2024-04-05 18:18:00,2024-04-05 18:24:00,7,停机,False,正常,413,9
2024-04-05 18:25:00,2024-04-05 18:40:00,16,空载运行,False,正常,414,9
2024-04-05 18:41:00,2024-04-05 18:42:00,2,停机,False,正常,415,9
2024-04-05 18:43:00,2024-04-05 18:51:00,9,空载运行,False,正常,416,9
2024-04-05 18:52:00,2024-04-05 19:25:00,34,停机,False,正常,417,9
2024-04-05 19:26:00,2024-04-05 19:26:00,1,空载运行,False,正常,418,9
2024-04-05 19:27:00,2024-04-05 19:27:00,1,带载运行,False,正常,419,9
2024-04-05 19:28:00,2024-04-05 19:57:00,30,空载运行,False,正常,420,9
2024-04-05 19:58:00,2024-04-05 20:03:00,6,停机,False,正常,421,9
2024-04-05 20:04:00,2024-04-05 20:13:00,10,空载运行,False,正常,422,9
2024-04-05 20:14:00,2024-04-05 20:18:00,5,停机,False,正常,423,9
2024-04-05 20:19:00,2024-04-05 20:19:00,1,空载运行,False,正常,424,9
2024-04-05 20:20:00,2024-04-05 20:36:00,17,停机,False,正常,425,9
2024-04-05 20:37:00,2024-04-05 20:46:00,10,空载运行,False,正常,426,9
2024-04-05 20:47:00,2024-04-05 20:47:00,1,带载运行,False,正常,427,9
2024-04-05 20:48:00,2024-04-05 20:57:00,10,空载运行,False,正常,428,9
2024-04-05 20:58:00,2024-04-05 20:58:00,1,停机,False,正常,429,9
2024-04-05 20:59:00,2024-04-05 21:00:00,2,空载运行,False,正常,430,9
2024-04-05 21:01:00,2024-04-05 21:08:00,8,停机,False,正常,431,9
2024-04-05 21:09:00,2024-04-05 21:09:00,1,空载运行,False,正常,432,9
2024-04-05 21:10:00,2024-04-05 21:14:00,5,停机,False,正常,433,9
2024-04-05 21:15:00,2024-04-05 21:15:00,1,空载运行,False,正常,434,9
2024-04-05 21:16:00,2024-04-05 21:16:00,1,停机,False,正常,435,9
2024-04-05 21:17:00,2024-04-05 21:17:00,1,空载运行,False,正常,436,9
2024-04-05 21:18:00,2024-04-05 21:40:00,23,停机,False,正常,437,9
2024-04-05 21:41:00,2024-04-05 21:44:00,4,空载运行,False,正常,438,9
2024-04-05 21:45:00,2024-04-05 21:46:00,2,停机,False,正常,439,9
2024-04-05 21:47:00,2024-04-05 21:47:00,1,空载运行,False,正常,440,9
2024-04-05 21:48:00,2024-04-05 21:51:00,4,停机,False,正常,441,9
2024-04-05 21:52:00,2024-04-05 22:21:00,30,空载运行,False,正常,442,9
2024-04-05 22:22:00,2024-04-05 22:23:00,2,停机,False,正常,443,9
2024-04-05 22:24:00,2024-04-05 22:24:00,1,空载运行,False,正常,444,9
2024-04-05 22:25:00,2024-04-05 22:25:00,1,停机,False,正常,445,9
2024-04-05 22:26:00,2024-04-05 22:30:00,5,空载运行,False,正常,446,9
2024-04-05 22:31:00,2024-04-05 22:51:00,21,停机,False,正常,447,9
2024-04-05 22:52:00,2024-04-05 23:09:00,18,空载运行,False,正常,448,9
2024-04-05 23:10:00,2024-04-05 23:18:00,9,停机,False,正常,449,9
2024-04-05 23:19:00,2024-04-05 23:19:00,1,空载运行,False,正常,450,9
2024-04-05 23:20:00,2024-04-05 23:57:00,38,停机,False,正常,451,9
2024-04-05 23:58:00,2024-04-06 00:05:00,8,空载运行,False,正常,452,9
2024-04-06 00:06:00,2024-04-06 00:14:00,9,停机,False,正常,453,9
2024-04-06 00:15:00,2024-04-06 00:32:00,18,空载运行,False,正常,454,9
2024-04-06 00:33:00,2024-04-06 01:02:00,30,停机,False,正常,455,9
2024-04-06 01:03:00,2024-04-06 01:07:00,5,空载运行,False,正常,456,9
2024-04-06 01:08:00,2024-04-06 01:09:00,2,停机,False,正常,457,9
2024-04-06 01:10:00,2024-04-06 01:10:00,1,空载运行,False,正常,458,9
2024-04-06 01:11:00,2024-04-06 01:12:00,2,停机,False,正常,459,9
2024-04-06 01:13:00,2024-04-06 01:34:00,22,空载运行,False,正常,460,9
2024-04-06 01:35:00,2024-04-06 01:37:00,3,停机,False,正常,461,9
2024-04-06 01:38:00,2024-04-06 02:05:00,28,空载运行,False,正常,462,9
2024-04-06 02:06:00,2024-04-06 02:06:00,1,停机,False,正常,463,9
2024-04-06 02:07:00,2024-04-06 02:07:00,1,空载运行,False,正常,464,9
2024-04-06 02:08:00,2024-04-06 02:16:00,9,停机,False,正常,465,9
2024-04-06 02:17:00,2024-04-06 02:41:00,25,空载运行,False,正常,466,9
2024-04-06 02:42:00,2024-04-06 02:55:00,14,停机,False,正常,467,9
2024-04-06 02:56:00,2024-04-06 02:57:00,2,空载运行,False,正常,468,9
2024-04-06 02:58:00,2024-04-06 03:05:00,8,停机,False,正常,469,9
2024-04-06 03:06:00,2024-04-06 03:06:00,1,空载运行,False,正常,470,9
2024-04-06 03:07:00,2024-04-06 03:22:00,16,停机,False,正常,471,9
2024-04-06 03:23:00,2024-04-06 04:07:00,45,空载运行,False,正常,472,9
2024-04-06 04:08:00,2024-04-06 04:27:00,20,停机,False,正常,473,9
2024-04-06 04:28:00,2024-04-06 04:29:00,2,空载运行,False,正常,474,9
2024-04-06 04:30:00,2024-04-06 04:30:00,1,带载运行,False,正常,475,9
2024-04-06 04:31:00,2024-04-06 04:34:00,4,空载运行,False,正常,476,9
2024-04-06 04:35:00,2024-04-06 04:40:00,6,停机,False,正常,477,9
2024-04-06 04:41:00,2024-04-06 04:43:00,3,空载运行,False,正常,478,9
2024-04-06 04:44:00,2024-04-06 04:44:00,1,停机,False,正常,479,9
2024-04-06 04:45:00,2024-04-06 04:46:00,2,空载运行,False,正常,480,9
2024-04-06 04:47:00,2024-04-06 04:48:00,2,停机,False,正常,481,9
2024-04-06 04:49:00,2024-04-06 05:06:00,18,空载运行,False,正常,482,9
2024-04-06 05:07:00,2024-04-06 05:33:00,27,停机,False,正常,483,9
2024-04-06 05:34:00,2024-04-06 05:39:00,6,空载运行,False,正常,484,9
2024-04-06 05:40:00,2024-04-06 06:25:00,46,停机,False,正常,485,9
2024-04-06 06:26:00,2024-04-06 06:49:00,24,空载运行,False,正常,486,9
2024-04-06 06:50:00,2024-04-06 06:50:00,1,停机,False,正常,487,9
2024-04-06 06:51:00,2024-04-06 07:23:00,33,空载运行,False,正常,488,9
2024-04-06 07:24:00,2024-04-06 07:32:00,9,停机,False,正常,489,9
2024-04-06 07:33:00,2024-04-06 07:35:00,3,空载运行,False,正常,490,9
2024-04-06 07:36:00,2024-04-06 08:04:00,29,停机,False,正常,491,9
2024-04-06 08:05:00,2024-04-06 08:10:00,6,空载运行,False,正常,492,9
2024-04-06 08:11:00,2024-04-06 08:13:00,3,停机,False,正常,493,9
2024-04-06 08:14:00,2024-04-06 08:37:00,24,空载运行,False,正常,494,9
2024-04-06 08:38:00,2024-04-06 08:39:00,2,停机,False,正常,495,9
2024-04-06 08:40:00,2024-04-06 09:45:00,66,空载运行,False,正常,496,9
2024-04-06 09:46:00,2024-04-06 09:52:00,7,停机,False,正常,497,9
2024-04-06 09:53:00,2024-04-06 09:56:00,4,空载运行,False,正常,498,9
2024-04-06 09:57:00,2024-04-06 11:29:00,93,停机,False,正常,499,9
2024-04-06 11:30:00,2024-04-06 12:50:00,81,空载运行,False,正常,500,9
2024-04-06 12:51:00,2024-04-06 13:15:00,25,停机,False,正常,501,9
2024-04-06 13:16:00,2024-04-06 14:03:00,48,空载运行,False,正常,502,9
2024-04-06 14:04:00,2024-04-06 14:08:00,5,停机,False,正常,503,9
2024-04-06 14:09:00,2024-04-06 15:03:00,55,空载运行,False,正常,504,9
2024-04-06 15:04:00,2024-04-06 15:32:00,29,停机,False,正常,505,9
2024-04-06 15:33:00,2024-04-06 15:34:00,2,空载运行,False,正常,506,9
2024-04-06 15:35:00,2024-04-06 15:39:00,5,停机,False,正常,507,9
2024-04-06 15:40:00,2024-04-06 15:44:00,5,空载运行,False,正常,508,9
2024-04-06 15:45:00,2024-04-06 15:45:00,1,停机,False,正常,509,9
2024-04-06 15:46:00,2024-04-06 15:46:00,1,空载运行,False,正常,510,9
2024-04-06 15:47:00,2024-04-06 15:48:00,2,停机,False,正常,511,9
2024-04-06 15:49:00,2024-04-06 15:50:00,2,空载运行,False,正常,512,9
2024-04-06 15:51:00,2024-04-06 16:09:00,19,停机,False,正常,513,9
2024-04-06 16:10:00,2024-04-06 16:11:00,2,空载运行,False,正常,514,9
2024-04-06 16:12:00,2024-04-06 16:24:00,13,停机,False,正常,515,9
2024-04-06 16:25:00,2024-04-06 16:28:00,4,空载运行,False,正常,516,9
2024-04-06 16:29:00,2024-04-06 16:29:00,1,带载运行,False,正常,517,9
2024-04-06 16:30:00,2024-04-06 16:30:00,1,空载运行,False,正常,518,9
2024-04-06 16:31:00,2024-04-06 16:35:00,5,停机,False,正常,519,9
2024-04-06 16:36:00,2024-04-06 16:39:00,4,空载运行,False,正常,520,9
2024-04-06 16:40:00,2024-04-06 16:40:00,1,停机,False,正常,521,9
2024-04-06 16:41:00,2024-04-06 16:55:00,15,空载运行,False,正常,522,9
2024-04-06 16:56:00,2024-04-06 17:04:00,9,停机,False,正常,523,9
2024-04-06 17:05:00,2024-04-06 17:05:00,1,空载运行,False,正常,524,9
2024-04-06 17:06:00,2024-04-06 17:16:00,11,停机,False,正常,525,9
2024-04-06 17:17:00,2024-04-06 17:19:00,3,空载运行,False,正常,526,9
2024-04-06 17:20:00,2024-04-06 17:34:00,15,停机,False,正常,527,9
2024-04-06 17:35:00,2024-04-06 17:36:00,2,空载运行,False,正常,528,9
2024-04-06 17:37:00,2024-04-06 17:42:00,6,停机,False,正常,529,9
2024-04-06 17:43:00,2024-04-06 17:43:00,1,空载运行,False,正常,530,9
2024-04-06 17:44:00,2024-04-06 17:44:00,1,带载运行,False,正常,531,9
2024-04-06 17:45:00,2024-04-06 17:49:00,5,空载运行,False,正常,532,9
2024-04-06 17:50:00,2024-04-06 17:50:00,1,停机,False,正常,533,9
2024-04-06 17:51:00,2024-04-06 17:53:00,3,空载运行,False,正常,534,9
2024-04-06 17:54:00,2024-04-06 17:55:00,2,停机,False,正常,535,9
2024-04-06 17:56:00,2024-04-06 17:57:00,2,空载运行,False,正常,536,9
2024-04-06 17:58:00,2024-04-06 18:01:00,4,停机,False,正常,537,9
2024-04-06 18:02:00,2024-04-06 18:11:00,10,空载运行,False,正常,538,9
2024-04-06 18:12:00,2024-04-06 18:15:00,4,停机,False,正常,539,9
2024-04-06 18:16:00,2024-04-06 18:30:00,15,空载运行,False,正常,540,9
2024-04-06 18:31:00,2024-04-06 18:32:00,2,停机,False,正常,541,9
2024-04-06 18:33:00,2024-04-06 18:45:00,13,空载运行,False,正常,542,9
2024-04-06 18:46:00,2024-04-06 19:12:00,27,停机,False,正常,543,9
2024-04-06 19:13:00,2024-04-06 19:17:00,5,空载运行,False,正常,544,9
2024-04-06 19:18:00,2024-04-06 19:19:00,2,停机,False,正常,545,9
2024-04-06 19:20:00,2024-04-06 19:31:00,12,空载运行,False,正常,546,9
2024-04-06 19:32:00,2024-04-06 19:54:00,23,停机,False,正常,547,9
2024-04-06 19:55:00,2024-04-06 19:56:00,2,空载运行,False,正常,548,9
2024-04-06 19:57:00,2024-04-06 20:08:00,12,停机,False,正常,549,9
2024-04-06 20:09:00,2024-04-06 20:14:00,6,空载运行,False,正常,550,9
2024-04-06 20:15:00,2024-04-06 20:22:00,8,停机,False,正常,551,9
2024-04-06 20:23:00,2024-04-06 20:33:00,11,空载运行,False,正常,552,9
2024-04-06 20:34:00,2024-04-06 20:37:00,4,停机,False,正常,553,9
2024-04-06 20:38:00,2024-04-06 20:38:00,1,带载运行,False,正常,554,9
2024-04-06 20:39:00,2024-04-06 20:43:00,5,停机,False,正常,555,9
2024-04-06 20:44:00,2024-04-06 20:44:00,1,空载运行,False,正常,556,9
2024-04-06 20:45:00,2024-04-06 21:23:00,39,停机,False,正常,557,9
2024-04-06 21:24:00,2024-04-06 21:24:00,1,空载运行,False,正常,558,9
2024-04-06 21:25:00,2024-04-06 21:46:00,22,停机,False,正常,559,9
2024-04-06 21:47:00,2024-04-06 21:54:00,8,空载运行,False,正常,560,9
2024-04-06 21:55:00,2024-04-06 21:58:00,4,停机,False,正常,561,9
2024-04-06 21:59:00,2024-04-06 22:09:00,11,空载运行,False,正常,562,9
2024-04-06 22:10:00,2024-04-06 22:12:00,3,停机,False,正常,563,9
2024-04-06 22:13:00,2024-04-06 22:19:00,7,空载运行,False,正常,564,9
2024-04-06 22:20:00,2024-04-06 22:22:00,3,停机,False,正常,565,9
2024-04-06 22:23:00,2024-04-06 22:24:00,2,空载运行,False,正常,566,9
2024-04-06 22:25:00,2024-04-06 22:47:00,23,停机,False,正常,567,9
2024-04-06 22:48:00,2024-04-06 22:56:00,9,空载运行,False,正常,568,9
2024-04-06 22:57:00,2024-04-06 23:00:00,4,停机,False,正常,569,9
2024-04-06 23:01:00,2024-04-06 23:08:00,8,空载运行,False,正常,570,9
2024-04-06 23:09:00,2024-04-06 23:22:00,14,停机,False,正常,571,9
2024-04-06 23:23:00,2024-04-06 23:44:00,22,空载运行,False,正常,572,9
2024-04-06 23:45:00,2024-04-06 23:47:00,3,停机,False,正常,573,9
2024-04-06 23:48:00,2024-04-06 23:48:00,1,空载运行,False,正常,574,9
2024-04-06 23:49:00,2024-04-07 00:26:00,38,停机,False,正常,575,9
2024-04-07 00:27:00,2024-04-07 00:31:00,5,空载运行,False,正常,576,9
2024-04-07 00:32:00,2024-04-07 00:45:00,14,停机,False,正常,577,9
2024-04-07 00:46:00,2024-04-07 00:53:00,8,空载运行,False,正常,578,9
2024-04-07 00:54:00,2024-04-07 02:35:00,102,停机,False,正常,579,9
2024-04-07 02:36:00,2024-04-07 03:11:00,36,空载运行,False,正常,580,9
2024-04-07 03:12:00,2024-04-07 03:26:00,15,停机,False,正常,581,9
2024-04-07 03:27:00,2024-04-07 03:29:00,3,空载运行,False,正常,582,9
2024-04-07 03:30:00,2024-04-07 04:19:00,50,停机,False,正常,583,9
2024-04-07 04:20:00,2024-04-07 04:23:00,4,空载运行,False,正常,584,9
2024-04-07 04:24:00,2024-04-07 04:45:00,22,停机,False,正常,585,9
2024-04-07 04:46:00,2024-04-07 04:58:00,13,空载运行,False,正常,586,9
2024-04-07 04:59:00,2024-04-07 04:59:00,1,停机,False,正常,587,9
2024-04-07 05:00:00,2024-04-07 05:01:00,2,空载运行,False,正常,588,9
2024-04-07 05:02:00,2024-04-07 05:03:00,2,停机,False,正常,589,9
2024-04-07 05:04:00,2024-04-07 05:04:00,1,带载运行,False,正常,590,9
2024-04-07 05:05:00,2024-04-07 05:05:00,1,空载运行,False,正常,591,9
2024-04-07 05:06:00,2024-04-07 05:14:00,9,停机,False,正常,592,9
2024-04-07 05:15:00,2024-04-07 05:19:00,5,空载运行,False,正常,593,9
2024-04-07 05:20:00,2024-04-07 05:20:00,1,停机,False,正常,594,9
2024-04-07 05:21:00,2024-04-07 05:26:00,6,空载运行,False,正常,595,9
2024-04-07 05:27:00,2024-04-07 05:57:00,31,停机,False,正常,596,9
2024-04-07 05:58:00,2024-04-07 05:58:00,1,带载运行,False,正常,597,9
2024-04-07 05:59:00,2024-04-07 06:02:00,4,空载运行,False,正常,598,9
2024-04-07 06:03:00,2024-04-07 06:03:00,1,带载运行,False,正常,599,9
2024-04-07 06:04:00,2024-04-07 06:12:00,9,空载运行,False,正常,600,9
2024-04-07 06:13:00,2024-04-07 06:13:00,1,停机,False,正常,601,9
2024-04-07 06:14:00,2024-04-07 06:23:00,10,空载运行,False,正常,602,9
2024-04-07 06:24:00,2024-04-07 06:28:00,5,停机,False,正常,603,9
2024-04-07 06:29:00,2024-04-07 06:31:00,3,空载运行,False,正常,604,9
2024-04-07 06:32:00,2024-04-07 06:33:00,2,停机,False,正常,605,9
2024-04-07 06:34:00,2024-04-07 06:59:00,26,空载运行,False,正常,606,9
2024-04-07 07:00:00,2024-04-07 07:00:00,1,停机,False,正常,607,9
2024-04-07 07:01:00,2024-04-07 07:01:00,1,带载运行,False,正常,608,9
2024-04-07 07:02:00,2024-04-07 07:02:00,1,空载运行,False,正常,609,9
2024-04-07 07:03:00,2024-04-07 07:28:00,26,停机,False,正常,610,9
2024-04-07 07:29:00,2024-04-07 07:32:00,4,空载运行,False,正常,611,9
2024-04-07 07:33:00,2024-04-07 08:23:00,51,停机,False,正常,612,9
2024-04-07 08:24:00,2024-04-07 08:24:00,1,空载运行,False,正常,613,9
2024-04-07 08:25:00,2024-04-07 10:29:00,125,停机,False,正常,614,9
2024-04-07 10:30:00,2024-04-07 10:30:00,1,空载运行,False,正常,615,9
2024-04-07 10:31:00,2024-04-07 10:37:00,7,停机,False,正常,616,9
2024-04-07 10:38:00,2024-04-07 11:26:00,49,空载运行,False,正常,617,9
2024-04-07 11:27:00,2024-04-07 11:27:00,1,停机,False,正常,618,9
2024-04-07 11:28:00,2024-04-07 11:48:00,21,空载运行,False,正常,619,9
2024-04-07 11:49:00,2024-04-07 15:16:00,208,停机,False,正常,620,9
2024-04-07 15:17:00,2024-04-07 15:17:00,1,空载运行,False,正常,621,9
2024-04-07 15:18:00,2024-04-07 15:40:00,23,停机,False,正常,622,9
2024-04-07 15:41:00,2024-04-07 15:51:00,11,空载运行,False,正常,623,9
2024-04-07 15:52:00,2024-04-07 16:45:00,54,停机,False,正常,624,9
2024-04-07 16:46:00,2024-04-07 17:10:00,25,空载运行,False,正常,625,9
2024-04-07 17:11:00,2024-04-07 17:11:00,1,停机,False,正常,626,9
2024-04-07 17:12:00,2024-04-07 17:13:00,2,空载运行,False,正常,627,9
2024-04-07 17:14:00,2024-04-07 17:32:00,19,停机,False,正常,628,9
2024-04-07 17:33:00,2024-04-07 17:33:00,1,空载运行,False,正常,629,9
2024-04-07 17:34:00,2024-04-07 17:55:00,22,停机,False,正常,630,9
2024-04-07 17:56:00,2024-04-07 18:07:00,12,空载运行,False,正常,631,9
2024-04-07 18:08:00,2024-04-07 18:42:00,35,停机,False,正常,632,9
2024-04-07 18:43:00,2024-04-07 18:43:00,1,带载运行,False,正常,633,9
2024-04-07 18:44:00,2024-04-07 18:49:00,6,空载运行,False,正常,634,9
2024-04-07 18:50:00,2024-04-07 18:54:00,5,停机,False,正常,635,9
2024-04-07 18:55:00,2024-04-07 18:59:00,5,空载运行,False,正常,636,9
2024-04-07 19:00:00,2024-04-07 19:08:00,9,停机,False,正常,637,9
2024-04-07 19:09:00,2024-04-07 19:46:00,38,空载运行,False,正常,638,9
2024-04-07 19:47:00,2024-04-07 19:53:00,7,停机,False,正常,639,9
2024-04-07 19:54:00,2024-04-07 19:55:00,2,空载运行,False,正常,640,9
2024-04-07 19:56:00,2024-04-07 20:02:00,7,停机,False,正常,641,9
2024-04-07 20:03:00,2024-04-07 20:08:00,6,空载运行,False,正常,642,9
2024-04-07 20:09:00,2024-04-07 20:16:00,8,停机,False,正常,643,9
2024-04-07 20:17:00,2024-04-07 20:21:00,5,空载运行,False,正常,644,9
2024-04-07 20:22:00,2024-04-07 20:22:00,1,停机,False,正常,645,9
2024-04-07 20:23:00,2024-04-07 20:33:00,11,空载运行,False,正常,646,9
2024-04-07 20:34:00,2024-04-07 20:39:00,6,停机,False,正常,647,9
2024-04-07 20:40:00,2024-04-07 20:40:00,1,空载运行,False,正常,648,9
2024-04-07 20:41:00,2024-04-07 21:46:00,66,停机,False,正常,649,9
2024-04-07 21:47:00,2024-04-07 21:50:00,4,空载运行,False,正常,650,9
2024-04-07 21:51:00,2024-04-07 21:54:00,4,停机,False,正常,651,9
2024-04-07 21:55:00,2024-04-07 22:05:00,11,空载运行,False,正常,652,9
2024-04-07 22:06:00,2024-04-07 22:06:00,1,带载运行,False,正常,653,9
2024-04-07 22:07:00,2024-04-07 22:28:00,22,空载运行,False,正常,654,9
2024-04-07 22:29:00,2024-04-07 22:32:00,4,停机,False,正常,655,9
2024-04-07 22:33:00,2024-04-07 22:33:00,1,带载运行,False,正常,656,9
2024-04-07 22:34:00,2024-04-07 23:00:00,27,空载运行,False,正常,657,9
2024-04-07 23:01:00,2024-04-07 23:04:00,4,停机,False,正常,658,9
2024-04-07 23:05:00,2024-04-07 23:05:00,1,空载运行,False,正常,659,9
2024-04-07 23:06:00,2024-04-07 23:15:00,10,停机,False,正常,660,9
2024-04-07 23:16:00,2024-04-07 23:17:00,2,空载运行,False,正常,661,9
2024-04-07 23:18:00,2024-04-07 23:31:00,14,停机,False,正常,662,9
2024-04-07 23:32:00,2024-04-07 23:32:00,1,空载运行,False,正常,663,9
2024-04-07 23:33:00,2024-04-07 23:35:00,3,停机,False,正常,664,9
2024-04-07 23:36:00,2024-04-07 23:40:00,5,空载运行,False,正常,665,9
2024-04-07 23:41:00,2024-04-08 00:09:00,29,停机,False,正常,666,9
2024-04-08 00:10:00,2024-04-08 00:12:00,3,空载运行,False,正常,667,9
2024-04-08 00:13:00,2024-04-08 00:14:00,2,停机,False,正常,668,9
2024-04-08 00:15:00,2024-04-08 00:21:00,7,空载运行,False,正常,669,9
2024-04-08 00:22:00,2024-04-08 00:25:00,4,停机,False,正常,670,9
2024-04-08 00:26:00,2024-04-08 00:38:00,13,空载运行,False,正常,671,9
2024-04-08 00:39:00,2024-04-08 00:48:00,10,停机,False,正常,672,9
2024-04-08 00:49:00,2024-04-08 01:18:00,30,空载运行,False,正常,673,9
2024-04-08 01:19:00,2024-04-08 01:19:00,1,停机,False,正常,674,9
2024-04-08 01:20:00,2024-04-08 01:25:00,6,空载运行,False,正常,675,9
2024-04-08 01:26:00,2024-04-08 01:27:00,2,停机,False,正常,676,9
2024-04-08 01:28:00,2024-04-08 01:29:00,2,空载运行,False,正常,677,9
2024-04-08 01:30:00,2024-04-08 01:33:00,4,停机,False,正常,678,9
2024-04-08 01:34:00,2024-04-08 01:49:00,16,空载运行,False,正常,679,9
2024-04-08 01:50:00,2024-04-08 01:50:00,1,带载运行,False,正常,680,9
2024-04-08 01:51:00,2024-04-08 01:52:00,2,空载运行,False,正常,681,9
2024-04-08 01:53:00,2024-04-08 01:53:00,1,带载运行,False,正常,682,9
2024-04-08 01:54:00,2024-04-08 02:02:00,9,空载运行,False,正常,683,9
2024-04-08 02:03:00,2024-04-08 02:10:00,8,停机,False,正常,684,9
2024-04-08 02:11:00,2024-04-08 02:11:00,1,空载运行,False,正常,685,9
2024-04-08 02:12:00,2024-04-08 02:22:00,11,停机,False,正常,686,9
2024-04-08 02:23:00,2024-04-08 02:23:00,1,带载运行,False,正常,687,9
2024-04-08 02:24:00,2024-04-08 02:27:00,4,空载运行,False,正常,688,9
2024-04-08 02:28:00,2024-04-08 04:28:00,121,停机,False,正常,689,9
2024-04-08 04:29:00,2024-04-08 04:29:00,1,空载运行,False,正常,690,9
2024-04-08 04:30:00,2024-04-08 06:47:00,138,停机,False,正常,691,9
2024-04-08 06:48:00,2024-04-08 06:52:00,5,空载运行,False,正常,692,9
2024-04-08 06:53:00,2024-04-08 08:54:00,122,停机,False,正常,693,9
2024-04-08 08:55:00,2024-04-08 08:55:00,1,空载运行,False,正常,694,9
2024-04-08 08:56:00,2024-04-08 09:13:00,18,停机,False,正常,695,9
2024-04-08 09:14:00,2024-04-08 09:17:00,4,空载运行,False,正常,696,9
2024-04-08 09:18:00,2024-04-08 09:19:00,2,停机,False,正常,697,9
2024-04-08 09:20:00,2024-04-08 09:29:00,10,空载运行,False,正常,698,9
2024-04-08 09:30:00,2024-04-08 09:36:00,7,停机,False,正常,699,9
2024-04-08 09:37:00,2024-04-08 09:43:00,7,空载运行,False,正常,700,9
2024-04-08 09:44:00,2024-04-08 10:14:00,31,停机,False,正常,701,9
2024-04-08 10:15:00,2024-04-08 11:47:00,93,空载运行,False,正常,702,9
2024-04-08 11:48:00,2024-04-08 11:50:00,3,停机,False,正常,703,9
2024-04-08 11:51:00,2024-04-08 13:12:00,82,空载运行,False,正常,704,9
2024-04-08 13:13:00,2024-04-08 13:15:00,3,停机,False,正常,705,9
2024-04-08 13:16:00,2024-04-08 13:27:00,12,空载运行,False,正常,706,9
2024-04-08 13:28:00,2024-04-08 13:39:00,12,停机,False,正常,707,9
2024-04-08 13:40:00,2024-04-08 13:47:00,8,空载运行,False,正常,708,9
2024-04-08 13:48:00,2024-04-08 13:53:00,6,停机,False,正常,709,9
2024-04-08 13:54:00,2024-04-08 14:20:00,27,空载运行,False,正常,710,9
2024-04-08 14:21:00,2024-04-08 14:22:00,2,停机,False,正常,711,9
2024-04-08 14:23:00,2024-04-08 14:37:00,15,空载运行,False,正常,712,9
2024-04-08 14:38:00,2024-04-08 14:39:00,2,停机,False,正常,713,9
2024-04-08 14:40:00,2024-04-08 15:55:00,76,空载运行,False,正常,714,9
2024-04-08 15:56:00,2024-04-08 16:21:00,26,停机,False,正常,715,9
2024-04-08 16:22:00,2024-04-08 16:45:00,24,空载运行,False,正常,716,9
2024-04-08 16:46:00,2024-04-08 17:58:00,73,停机,False,正常,717,9
2024-04-08 17:59:00,2024-04-08 18:03:00,5,空载运行,False,正常,718,9
2024-04-08 18:04:00,2024-04-08 18:24:00,21,停机,False,正常,719,9
2024-04-08 18:25:00,2024-04-08 18:25:00,1,带载运行,False,正常,720,9
2024-04-08 18:26:00,2024-04-08 18:26:00,1,空载运行,False,正常,721,9
2024-04-08 18:27:00,2024-04-08 18:57:00,31,停机,False,正常,722,9
2024-04-08 18:58:00,2024-04-08 18:58:00,1,空载运行,False,正常,723,9
2024-04-08 18:59:00,2024-04-08 19:16:00,18,停机,False,正常,724,9
2024-04-08 19:17:00,2024-04-08 19:17:00,1,带载运行,False,正常,725,9
2024-04-08 19:18:00,2024-04-08 19:22:00,5,空载运行,False,正常,726,9
2024-04-08 19:23:00,2024-04-08 19:26:00,4,停机,False,正常,727,9
2024-04-08 19:27:00,2024-04-08 19:30:00,4,空载运行,False,正常,728,9
2024-04-08 19:31:00,2024-04-08 19:31:00,1,带载运行,False,正常,729,9
2024-04-08 19:32:00,2024-04-08 19:39:00,8,空载运行,False,正常,730,9
2024-04-08 19:40:00,2024-04-08 19:59:00,20,停机,False,正常,731,9
2024-04-08 20:00:00,2024-04-08 20:01:00,2,空载运行,False,正常,732,9
2024-04-08 20:02:00,2024-04-08 23:27:00,206,停机,False,正常,733,9
2024-04-08 23:28:00,2024-04-08 23:31:00,4,空载运行,False,正常,734,9
2024-04-08 23:32:00,2024-04-08 23:32:00,1,停机,False,正常,735,9
2024-04-08 23:33:00,2024-04-08 23:37:00,5,空载运行,False,正常,736,9
2024-04-08 23:38:00,2024-04-08 23:38:00,1,带载运行,False,正常,737,9
2024-04-08 23:39:00,2024-04-08 23:44:00,6,空载运行,False,正常,738,9
2024-04-08 23:45:00,2024-04-08 23:45:00,1,带载运行,False,正常,739,9
2024-04-08 23:46:00,2024-04-08 23:47:00,2,空载运行,False,正常,740,9
2024-04-08 23:48:00,2024-04-08 23:59:00,12,停机,False,正常,741,9
2024-04-09 00:00:00,2024-04-09 00:00:00,1,空载运行,False,正常,742,9
2024-04-09 00:01:00,2024-04-09 01:09:00,69,停机,False,正常,743,9
2024-04-09 01:10:00,2024-04-09 01:10:00,1,空载运行,False,正常,744,9
2024-04-09 01:11:00,2024-04-09 01:20:00,10,停机,False,正常,745,9
2024-04-09 01:21:00,2024-04-09 01:21:00,1,空载运行,False,正常,746,9
2024-04-09 01:22:00,2024-04-09 03:32:00,131,停机,False,正常,747,9
2024-04-09 03:33:00,2024-04-09 03:34:00,2,空载运行,False,正常,748,9
2024-04-09 03:35:00,2024-04-09 03:51:00,17,停机,False,正常,749,9
2024-04-09 03:52:00,2024-04-09 03:56:00,5,空载运行,False,正常,750,9
2024-04-09 03:57:00,2024-04-09 03:58:00,2,停机,False,正常,751,9
2024-04-09 03:59:00,2024-04-09 04:05:00,7,空载运行,False,正常,752,9
2024-04-09 04:06:00,2024-04-09 04:43:00,38,停机,False,正常,753,9
2024-04-09 04:44:00,2024-04-09 04:44:00,1,空载运行,False,正常,754,9
2024-04-09 04:45:00,2024-04-09 07:52:00,188,停机,False,正常,755,9
2024-04-09 07:53:00,2024-04-09 07:53:00,1,空载运行,False,正常,756,9
2024-04-09 07:54:00,2024-04-09 08:37:00,44,停机,False,正常,757,9
2024-04-09 08:38:00,2024-04-09 10:16:00,99,空载运行,False,正常,758,9
2024-04-09 10:17:00,2024-04-09 10:20:00,4,停机,False,正常,759,9
2024-04-09 10:21:00,2024-04-09 13:26:00,186,空载运行,False,正常,760,9
2024-04-09 13:27:00,2024-04-09 13:29:00,3,停机,False,正常,761,9
2024-04-09 13:30:00,2024-04-09 14:31:00,62,空载运行,False,正常,762,9
2024-04-09 14:32:00,2024-04-09 15:34:00,63,停机,False,正常,763,9
2024-04-09 15:35:00,2024-04-09 15:35:00,1,空载运行,False,正常,764,9
2024-04-09 15:36:00,2024-04-09 15:54:00,19,停机,False,正常,765,9
2024-04-09 15:55:00,2024-04-09 15:55:00,1,空载运行,False,正常,766,9
2024-04-09 15:56:00,2024-04-09 15:58:00,3,停机,False,正常,767,9
2024-04-09 15:59:00,2024-04-09 15:59:00,1,空载运行,False,正常,768,9
2024-04-09 16:00:00,2024-04-09 16:10:00,11,停机,False,正常,769,9
2024-04-09 16:11:00,2024-04-09 16:52:00,42,空载运行,False,正常,770,9
2024-04-09 16:53:00,2024-04-09 17:40:00,48,停机,False,正常,771,9
2024-04-09 17:41:00,2024-04-09 18:05:00,25,空载运行,False,正常,772,9
2024-04-09 18:06:00,2024-04-09 18:06:00,1,带载运行,False,正常,773,9
2024-04-09 18:07:00,2024-04-09 18:12:00,6,空载运行,False,正常,774,9
2024-04-09 18:13:00,2024-04-09 18:14:00,2,停机,False,正常,775,9
2024-04-09 18:15:00,2024-04-09 18:19:00,5,空载运行,False,正常,776,9
2024-04-09 18:20:00,2024-04-09 21:29:00,190,停机,False,正常,777,9
2024-04-09 21:30:00,2024-04-09 21:33:00,4,空载运行,False,正常,778,9
2024-04-09 21:34:00,2024-04-09 22:02:00,29,停机,False,正常,779,9
2024-04-09 22:03:00,2024-04-09 22:04:00,2,空载运行,False,正常,780,9
2024-04-09 22:05:00,2024-04-09 22:08:00,4,停机,False,正常,781,9
2024-04-09 22:09:00,2024-04-09 22:09:00,1,空载运行,False,正常,782,9
2024-04-09 22:10:00,2024-04-09 22:12:00,3,停机,False,正常,783,9
2024-04-09 22:13:00,2024-04-09 22:14:00,2,空载运行,False,正常,784,9
2024-04-09 22:15:00,2024-04-09 22:15:00,1,停机,False,正常,785,9
2024-04-09 22:16:00,2024-04-09 22:17:00,2,空载运行,False,正常,786,9
2024-04-09 22:18:00,2024-04-09 22:19:00,2,停机,False,正常,787,9
2024-04-09 22:20:00,2024-04-09 22:24:00,5,空载运行,False,正常,788,9
2024-04-09 22:25:00,2024-04-10 01:33:00,189,停机,False,正常,789,9
2024-04-10 01:34:00,2024-04-10 01:34:00,1,空载运行,False,正常,790,9
2024-04-10 01:35:00,2024-04-10 02:43:00,69,停机,False,正常,791,9
2024-04-10 02:44:00,2024-04-10 02:44:00,1,空载运行,False,正常,792,9
2024-04-10 02:45:00,2024-04-10 12:28:00,584,停机,True,传感器断电/断线（段持续 >= 6h）,793,10
2024-04-10 12:29:00,2024-04-10 12:46:00,18,空载运行,False,正常,794,11
2024-04-10 12:47:00,2024-04-10 13:56:00,70,停机,False,正常,795,11
2024-04-10 13:57:00,2024-04-10 14:23:00,27,空载运行,False,正常,796,11
2024-04-10 14:24:00,2024-04-10 14:31:00,8,停机,False,正常,797,11
2024-04-10 14:32:00,2024-04-10 15:08:00,37,空载运行,False,正常,798,11
2024-04-10 15:09:00,2024-04-10 15:54:00,46,停机,False,正常,799,11
2024-04-10 15:55:00,2024-04-10 16:09:00,15,空载运行,False,正常,800,11
2024-04-10 16:10:00,2024-04-10 16:27:00,18,停机,False,正常,801,11
2024-04-10 16:28:00,2024-04-10 16:28:00,1,空载运行,False,正常,802,11
2024-04-10 16:29:00,2024-04-10 16:29:00,1,带载运行,False,正常,803,11
2024-04-10 16:30:00,2024-04-10 16:44:00,15,空载运行,False,正常,804,11
2024-04-10 16:45:00,2024-04-10 16:59:00,15,停机,False,正常,805,11
2024-04-10 17:00:00,2024-04-10 17:03:00,4,空载运行,False,正常,806,11
2024-04-10 17:04:00,2024-04-10 17:18:00,15,停机,False,正常,807,11
2024-04-10 17:19:00,2024-04-10 17:20:00,2,空载运行,False,正常,808,11
2024-04-10 17:21:00,2024-04-10 19:44:00,144,停机,False,正常,809,11
2024-04-10 19:45:00,2024-04-10 19:49:00,5,空载运行,False,正常,810,11
2024-04-10 19:50:00,2024-04-10 20:42:00,53,停机,False,正常,811,11
2024-04-10 20:43:00,2024-04-10 20:45:00,3,空载运行,False,正常,812,11
2024-04-10 20:46:00,2024-04-10 21:07:00,22,停机,False,正常,813,11
2024-04-10 21:08:00,2024-04-10 21:16:00,9,空载运行,False,正常,814,11
2024-04-10 21:17:00,2024-04-10 21:17:00,1,停机,False,正常,815,11
2024-04-10 21:18:00,2024-04-10 21:25:00,8,空载运行,False,正常,816,11
2024-04-10 21:26:00,2024-04-10 21:32:00,7,停机,False,正常,817,11
2024-04-10 21:33:00,2024-04-10 22:03:00,31,空载运行,False,正常,818,11
2024-04-10 22:04:00,2024-04-10 22:46:00,43,停机,False,正常,819,11
2024-04-10 22:47:00,2024-04-10 22:53:00,7,空载运行,False,正常,820,11
2024-04-10 22:54:00,2024-04-10 23:53:00,60,停机,False,正常,821,11
2024-04-10 23:54:00,2024-04-10 23:55:00,2,空载运行,False,正常,822,11
2024-04-10 23:56:00,2024-04-10 23:57:00,2,停机,False,正常,823,11
2024-04-10 23:58:00,2024-04-10 23:58:00,1,空载运行,False,正常,824,11
2024-04-10 23:59:00,2024-04-10 23:59:00,1,停机,False,正常,825,11
2024-04-11 00:00:00,2024-04-11 00:00:00,1,空载运行,False,正常,826,11
2024-04-11 00:01:00,2024-04-11 00:14:00,14,停机,False,正常,827,11
2024-04-11 00:15:00,2024-04-11 00:25:00,11,空载运行,False,正常,828,11
2024-04-11 00:26:00,2024-04-11 00:47:00,22,停机,False,正常,829,11
2024-04-11 00:48:00,2024-04-11 00:48:00,1,空载运行,False,正常,830,11
2024-04-11 00:49:00,2024-04-11 00:57:00,9,停机,False,正常,831,11
2024-04-11 00:58:00,2024-04-11 00:58:00,1,空载运行,False,正常,832,11
2024-04-11 00:59:00,2024-04-11 01:16:00,18,停机,False,正常,833,11
2024-04-11 01:17:00,2024-04-11 01:51:00,35,空载运行,False,正常,834,11
2024-04-11 01:52:00,2024-04-11 01:52:00,1,停机,False,正常,835,11
2024-04-11 01:53:00,2024-04-11 01:59:00,7,空载运行,False,正常,836,11
2024-04-11 02:00:00,2024-04-11 02:03:00,4,停机,False,正常,837,11
2024-04-11 02:04:00,2024-04-11 02:05:00,2,空载运行,False,正常,838,11
2024-04-11 02:06:00,2024-04-11 02:09:00,4,停机,False,正常,839,11
2024-04-11 02:10:00,2024-04-11 02:12:00,3,空载运行,False,正常,840,11
2024-04-11 02:13:00,2024-04-11 02:18:00,6,停机,False,正常,841,11
2024-04-11 02:19:00,2024-04-11 02:19:00,1,空载运行,False,正常,842,11
2024-04-11 02:20:00,2024-04-11 02:35:00,16,停机,False,正常,843,11
2024-04-11 02:36:00,2024-04-11 02:37:00,2,空载运行,False,正常,844,11
2024-04-11 02:38:00,2024-04-11 02:44:00,7,停机,False,正常,845,11
2024-04-11 02:45:00,2024-04-11 02:49:00,5,空载运行,False,正常,846,11
2024-04-11 02:50:00,2024-04-11 03:03:00,14,停机,False,正常,847,11
2024-04-11 03:04:00,2024-04-11 03:08:00,5,空载运行,False,正常,848,11
2024-04-11 03:09:00,2024-04-11 03:18:00,10,停机,False,正常,849,11
2024-04-11 03:19:00,2024-04-11 03:22:00,4,空载运行,False,正常,850,11
2024-04-11 03:23:00,2024-04-11 03:23:00,1,停机,False,正常,851,11
2024-04-11 03:24:00,2024-04-11 03:24:00,1,空载运行,False,正常,852,11
2024-04-11 03:25:00,2024-04-11 03:29:00,5,停机,False,正常,853,11
2024-04-11 03:30:00,2024-04-11 03:33:00,4,空载运行,False,正常,854,11
2024-04-11 03:34:00,2024-04-11 03:34:00,1,停机,False,正常,855,11
2024-04-11 03:35:00,2024-04-11 03:45:00,11,空载运行,False,正常,856,11
2024-04-11 03:46:00,2024-04-11 03:46:00,1,停机,False,正常,857,11
2024-04-11 03:47:00,2024-04-11 03:53:00,7,空载运行,False,正常,858,11
2024-04-11 03:54:00,2024-04-11 04:40:00,47,停机,False,正常,859,11
2024-04-11 04:41:00,2024-04-11 05:00:00,20,空载运行,False,正常,860,11
2024-04-11 05:01:00,2024-04-11 05:02:00,2,停机,False,正常,861,11
2024-04-11 05:03:00,2024-04-11 05:05:00,3,空载运行,False,正常,862,11
2024-04-11 05:06:00,2024-04-11 05:10:00,5,停机,False,正常,863,11
2024-04-11 05:11:00,2024-04-11 05:21:00,11,空载运行,False,正常,864,11
2024-04-11 05:22:00,2024-04-11 05:23:00,2,停机,False,正常,865,11
2024-04-11 05:24:00,2024-04-11 05:32:00,9,空载运行,False,正常,866,11
2024-04-11 05:33:00,2024-04-11 05:33:00,1,带载运行,False,正常,867,11
2024-04-11 05:34:00,2024-04-11 05:34:00,1,空载运行,False,正常,868,11
2024-04-11 05:35:00,2024-04-11 05:44:00,10,停机,False,正常,869,11
2024-04-11 05:45:00,2024-04-11 05:45:00,1,带载运行,False,正常,870,11
2024-04-11 05:46:00,2024-04-11 05:52:00,7,空载运行,False,正常,871,11
2024-04-11 05:53:00,2024-04-11 05:53:00,1,停机,False,正常,872,11
2024-04-11 05:54:00,2024-04-11 05:54:00,1,空载运行,False,正常,873,11
2024-04-11 05:55:00,2024-04-11 06:32:00,38,停机,False,正常,874,11
2024-04-11 06:33:00,2024-04-11 06:35:00,3,空载运行,False,正常,875,11
2024-04-11 06:36:00,2024-04-11 06:58:00,23,停机,False,正常,876,11
2024-04-11 06:59:00,2024-04-11 06:59:00,1,空载运行,False,正常,877,11
2024-04-11 07:00:00,2024-04-11 07:22:00,23,停机,False,正常,878,11
2024-04-11 07:23:00,2024-04-11 07:25:00,3,空载运行,False,正常,879,11
2024-04-11 07:26:00,2024-04-11 07:47:00,22,停机,False,正常,880,11
2024-04-11 07:48:00,2024-04-11 07:48:00,1,空载运行,False,正常,881,11
2024-04-11 07:49:00,2024-04-11 07:49:00,1,带载运行,False,正常,882,11
2024-04-11 07:50:00,2024-04-11 07:52:00,3,空载运行,False,正常,883,11
2024-04-11 07:53:00,2024-04-11 07:54:00,2,停机,False,正常,884,11
2024-04-11 07:55:00,2024-04-11 08:13:00,19,空载运行,False,正常,885,11
2024-04-11 08:14:00,2024-04-11 08:14:00,1,停机,False,正常,886,11
2024-04-11 08:15:00,2024-04-11 08:20:00,6,空载运行,False,正常,887,11
2024-04-11 08:21:00,2024-04-11 08:24:00,4,停机,False,正常,888,11
2024-04-11 08:25:00,2024-04-11 08:25:00,1,空载运行,False,正常,889,11
2024-04-11 08:26:00,2024-04-11 08:32:00,7,停机,False,正常,890,11
2024-04-11 08:33:00,2024-04-11 08:33:00,1,空载运行,False,正常,891,11
2024-04-11 08:34:00,2024-04-11 08:46:00,13,停机,False,正常,892,11
2024-04-11 08:47:00,2024-04-11 09:22:00,36,空载运行,False,正常,893,11
2024-04-11 09:23:00,2024-04-11 09:23:00,1,停机,False,正常,894,11
2024-04-11 09:24:00,2024-04-11 09:31:00,8,空载运行,False,正常,895,11
2024-04-11 09:32:00,2024-04-11 09:32:00,1,带载运行,False,正常,896,11
2024-04-11 09:33:00,2024-04-11 09:46:00,14,空载运行,False,正常,897,11
2024-04-11 09:47:00,2024-04-11 10:14:00,28,停机,False,正常,898,11
2024-04-11 10:15:00,2024-04-11 14:10:00,236,空载运行,True,异常持续段（>233min 阈值）,899,12
2024-04-11 14:11:00,2024-04-11 15:15:00,65,停机,False,正常,900,13
2024-04-11 15:16:00,2024-04-11 15:39:00,24,空载运行,False,正常,901,13
2024-04-11 15:40:00,2024-04-11 16:09:00,30,停机,False,正常,902,13
2024-04-11 16:10:00,2024-04-11 16:14:00,5,空载运行,False,正常,903,13
2024-04-11 16:15:00,2024-04-11 16:16:00,2,停机,False,正常,904,13
2024-04-11 16:17:00,2024-04-11 16:24:00,8,空载运行,False,正常,905,13
2024-04-11 16:25:00,2024-04-11 16:26:00,2,停机,False,正常,906,13
2024-04-11 16:27:00,2024-04-11 16:33:00,7,空载运行,False,正常,907,13
2024-04-11 16:34:00,2024-04-11 16:34:00,1,带载运行,False,正常,908,13
2024-04-11 16:35:00,2024-04-11 16:36:00,2,空载运行,False,正常,909,13
2024-04-11 16:37:00,2024-04-11 16:37:00,1,带载运行,False,正常,910,13
2024-04-11 16:38:00,2024-04-11 16:41:00,4,停机,False,正常,911,13
2024-04-11 16:42:00,2024-04-11 16:53:00,12,空载运行,False,正常,912,13
2024-04-11 16:54:00,2024-04-11 16:54:00,1,停机,False,正常,913,13
2024-04-11 16:55:00,2024-04-11 16:59:00,5,空载运行,False,正常,914,13
2024-04-11 17:00:00,2024-04-11 17:00:00,1,带载运行,False,正常,915,13
2024-04-11 17:01:00,2024-04-11 17:03:00,3,停机,False,正常,916,13
2024-04-11 17:04:00,2024-04-11 17:16:00,13,空载运行,False,正常,917,13
2024-04-11 17:17:00,2024-04-11 19:34:00,138,停机,False,正常,918,13
2024-04-11 19:35:00,2024-04-11 19:43:00,9,空载运行,False,正常,919,13
2024-04-11 19:44:00,2024-04-11 20:21:00,38,停机,False,正常,920,13
2024-04-11 20:22:00,2024-04-11 20:23:00,2,空载运行,False,正常,921,13
2024-04-11 20:24:00,2024-04-11 22:27:00,124,停机,False,正常,922,13
2024-04-11 22:28:00,2024-04-11 22:32:00,5,空载运行,False,正常,923,13
2024-04-11 22:33:00,2024-04-11 22:48:00,16,停机,False,正常,924,13
2024-04-11 22:49:00,2024-04-11 23:13:00,25,空载运行,False,正常,925,13
2024-04-11 23:14:00,2024-04-11 23:49:00,36,停机,False,正常,926,13
2024-04-11 23:50:00,2024-04-11 23:50:00,1,空载运行,False,正常,927,13
2024-04-11 23:51:00,2024-04-11 23:53:00,3,停机,False,正常,928,13
2024-04-11 23:54:00,2024-04-11 23:54:00,1,空载运行,False,正常,929,13
2024-04-11 23:55:00,2024-04-12 00:14:00,20,停机,False,正常,930,13
2024-04-12 00:15:00,2024-04-12 00:23:00,9,空载运行,False,正常,931,13
2024-04-12 00:24:00,2024-04-12 00:24:00,1,停机,False,正常,932,13
2024-04-12 00:25:00,2024-04-12 00:25:00,1,空载运行,False,正常,933,13
2024-04-12 00:26:00,2024-04-12 00:26:00,1,带载运行,False,正常,934,13
2024-04-12 00:27:00,2024-04-12 00:34:00,8,空载运行,False,正常,935,13
2024-04-12 00:35:00,2024-04-12 00:35:00,1,带载运行,False,正常,936,13
2024-04-12 00:36:00,2024-04-12 00:50:00,15,空载运行,False,正常,937,13
2024-04-12 00:51:00,2024-04-12 01:18:00,28,停机,False,正常,938,13
2024-04-12 01:19:00,2024-04-12 01:20:00,2,带载运行,False,正常,939,13
2024-04-12 01:21:00,2024-04-12 01:22:00,2,空载运行,False,正常,940,13
2024-04-12 01:23:00,2024-04-12 01:33:00,11,停机,False,正常,941,13
2024-04-12 01:34:00,2024-04-12 01:43:00,10,空载运行,False,正常,942,13
2024-04-12 01:44:00,2024-04-12 01:47:00,4,停机,False,正常,943,13
2024-04-12 01:48:00,2024-04-12 01:52:00,5,空载运行,False,正常,944,13
2024-04-12 01:53:00,2024-04-12 01:54:00,2,停机,False,正常,945,13
2024-04-12 01:55:00,2024-04-12 02:09:00,15,空载运行,False,正常,946,13
2024-04-12 02:10:00,2024-04-12 02:54:00,45,停机,False,正常,947,13
2024-04-12 02:55:00,2024-04-12 02:57:00,3,空载运行,False,正常,948,13
2024-04-12 02:58:00,2024-04-12 03:05:00,8,停机,False,正常,949,13
2024-04-12 03:06:00,2024-04-12 03:16:00,11,空载运行,False,正常,950,13
2024-04-12 03:17:00,2024-04-12 03:35:00,19,停机,False,正常,951,13
2024-04-12 03:36:00,2024-04-12 03:37:00,2,空载运行,False,正常,952,13
2024-04-12 03:38:00,2024-04-12 03:39:00,2,停机,False,正常,953,13
2024-04-12 03:40:00,2024-04-12 03:41:00,2,空载运行,False,正常,954,13
2024-04-12 03:42:00,2024-04-12 03:43:00,2,停机,False,正常,955,13
2024-04-12 03:44:00,2024-04-12 03:46:00,3,空载运行,False,正常,956,13
2024-04-12 03:47:00,2024-04-12 04:29:00,43,停机,False,正常,957,13
2024-04-12 04:30:00,2024-04-12 04:30:00,1,带载运行,False,正常,958,13
2024-04-12 04:31:00,2024-04-12 04:31:00,1,空载运行,False,正常,959,13
2024-04-12 04:32:00,2024-04-12 04:32:00,1,带载运行,False,正常,960,13
2024-04-12 04:33:00,2024-04-12 04:36:00,4,空载运行,False,正常,961,13
2024-04-12 04:37:00,2024-04-12 04:37:00,1,带载运行,False,正常,962,13
2024-04-12 04:38:00,2024-04-12 04:41:00,4,空载运行,False,正常,963,13
2024-04-12 04:42:00,2024-04-12 04:42:00,1,停机,False,正常,964,13
2024-04-12 04:43:00,2024-04-12 04:43:00,1,空载运行,False,正常,965,13
2024-04-12 04:44:00,2024-04-12 04:46:00,3,停机,False,正常,966,13
2024-04-12 04:47:00,2024-04-12 05:01:00,15,空载运行,False,正常,967,13
2024-04-12 05:02:00,2024-04-12 05:40:00,39,停机,False,正常,968,13
2024-04-12 05:41:00,2024-04-12 05:44:00,4,空载运行,False,正常,969,13
2024-04-12 05:45:00,2024-04-12 05:54:00,10,停机,False,正常,970,13
2024-04-12 05:55:00,2024-04-12 05:56:00,2,空载运行,False,正常,971,13
2024-04-12 05:57:00,2024-04-12 05:58:00,2,停机,False,正常,972,13
2024-04-12 05:59:00,2024-04-12 06:00:00,2,空载运行,False,正常,973,13
2024-04-12 06:01:00,2024-04-12 06:01:00,1,带载运行,False,正常,974,13
2024-04-12 06:02:00,2024-04-12 06:02:00,1,空载运行,False,正常,975,13
2024-04-12 06:03:00,2024-04-12 06:05:00,3,停机,False,正常,976,13
2024-04-12 06:06:00,2024-04-12 06:06:00,1,空载运行,False,正常,977,13
2024-04-12 06:07:00,2024-04-12 06:07:00,1,停机,False,正常,978,13
2024-04-12 06:08:00,2024-04-12 06:10:00,3,空载运行,False,正常,979,13
2024-04-12 06:11:00,2024-04-12 07:06:00,56,停机,False,正常,980,13
2024-04-12 07:07:00,2024-04-12 07:07:00,1,空载运行,False,正常,981,13
2024-04-12 07:08:00,2024-04-12 07:13:00,6,停机,False,正常,982,13
2024-04-12 07:14:00,2024-04-12 07:20:00,7,空载运行,False,正常,983,13
2024-04-12 07:21:00,2024-04-12 07:25:00,5,停机,False,正常,984,13
2024-04-12 07:26:00,2024-04-12 07:30:00,5,空载运行,False,正常,985,13
2024-04-12 07:31:00,2024-04-12 07:34:00,4,停机,False,正常,986,13
2024-04-12 07:35:00,2024-04-12 07:56:00,22,空载运行,False,正常,987,13
2024-04-12 07:57:00,2024-04-12 08:06:00,10,停机,False,正常,988,13
2024-04-12 08:07:00,2024-04-12 08:18:00,12,空载运行,False,正常,989,13
2024-04-12 08:19:00,2024-04-12 08:19:00,1,带载运行,False,正常,990,13
2024-04-12 08:20:00,2024-04-12 08:22:00,3,空载运行,False,正常,991,13
2024-04-12 08:23:00,2024-04-12 08:23:00,1,停机,False,正常,992,13
2024-04-12 08:24:00,2024-04-12 08:28:00,5,空载运行,False,正常,993,13
2024-04-12 08:29:00,2024-04-12 08:29:00,1,带载运行,False,正常,994,13
2024-04-12 08:30:00,2024-04-12 08:31:00,2,空载运行,False,正常,995,13
2024-04-12 08:32:00,2024-04-12 08:32:00,1,带载运行,False,正常,996,13
2024-04-12 08:33:00,2024-04-12 08:34:00,2,空载运行,False,正常,997,13
2024-04-12 08:35:00,2024-04-12 08:48:00,14,停机,False,正常,998,13
2024-04-12 08:49:00,2024-04-12 08:57:00,9,空载运行,False,正常,999,13
2024-04-12 08:58:00,2024-04-12 09:06:00,9,停机,False,正常,1000,13
2024-04-12 09:07:00,2024-04-12 09:07:00,1,空载运行,False,正常,1001,13
2024-04-12 09:08:00,2024-04-12 09:11:00,4,停机,False,正常,1002,13
2024-04-12 09:12:00,2024-04-12 12:54:00,223,空载运行,False,正常,1003,13
2024-04-12 12:55:00,2024-04-12 16:56:00,242,停机,False,正常,1004,13
2024-04-12 16:57:00,2024-04-12 16:57:00,1,空载运行,False,正常,1005,13
2024-04-12 16:58:00,2024-04-12 17:16:00,19,停机,False,正常,1006,13
2024-04-12 17:17:00,2024-04-12 17:48:00,32,空载运行,False,正常,1007,13
2024-04-12 17:49:00,2024-04-12 19:06:00,78,停机,False,正常,1008,13
2024-04-12 19:07:00,2024-04-12 19:29:00,23,空载运行,False,正常,1009,13
2024-04-12 19:30:00,2024-04-12 19:31:00,2,停机,False,正常,1010,13
2024-04-12 19:32:00,2024-04-12 19:37:00,6,空载运行,False,正常,1011,13
2024-04-12 19:38:00,2024-04-12 19:42:00,5,停机,False,正常,1012,13
2024-04-12 19:43:00,2024-04-12 19:58:00,16,空载运行,False,正常,1013,13
2024-04-12 19:59:00,2024-04-12 20:02:00,4,停机,False,正常,1014,13
2024-04-12 20:03:00,2024-04-12 20:15:00,13,空载运行,False,正常,1015,13
2024-04-12 20:16:00,2024-04-12 21:12:00,57,停机,False,正常,1016,13
2024-04-12 21:13:00,2024-04-12 21:17:00,5,空载运行,False,正常,1017,13
2024-04-12 21:18:00,2024-04-12 21:23:00,6,停机,False,正常,1018,13
2024-04-12 21:24:00,2024-04-12 22:01:00,38,空载运行,False,正常,1019,13
2024-04-12 22:02:00,2024-04-12 22:02:00,1,停机,False,正常,1020,13
2024-04-12 22:03:00,2024-04-12 22:11:00,9,空载运行,False,正常,1021,13
2024-04-12 22:12:00,2024-04-12 23:42:00,91,停机,False,正常,1022,13
2024-04-12 23:43:00,2024-04-12 23:47:00,5,空载运行,False,正常,1023,13
2024-04-12 23:48:00,2024-04-12 23:49:00,2,停机,False,正常,1024,13
2024-04-12 23:50:00,2024-04-12 23:51:00,2,空载运行,False,正常,1025,13
2024-04-12 23:52:00,2024-04-12 23:56:00,5,停机,False,正常,1026,13
2024-04-12 23:57:00,2024-04-13 00:02:00,6,空载运行,False,正常,1027,13
2024-04-13 00:03:00,2024-04-13 00:04:00,2,停机,False,正常,1028,13
2024-04-13 00:05:00,2024-04-13 00:05:00,1,空载运行,False,正常,1029,13
2024-04-13 00:06:00,2024-04-13 00:11:00,6,停机,False,正常,1030,13
2024-04-13 00:12:00,2024-04-13 00:44:00,33,空载运行,False,正常,1031,13
2024-04-13 00:45:00,2024-04-13 01:16:00,32,停机,False,正常,1032,13
2024-04-13 01:17:00,2024-04-13 01:17:00,1,带载运行,False,正常,1033,13
2024-04-13 01:18:00,2024-04-13 01:19:00,2,停机,False,正常,1034,13
2024-04-13 01:20:00,2024-04-13 01:26:00,7,空载运行,False,正常,1035,13
2024-04-13 01:27:00,2024-04-13 01:27:00,1,带载运行,False,正常,1036,13
2024-04-13 01:28:00,2024-04-13 01:38:00,11,空载运行,False,正常,1037,13
2024-04-13 01:39:00,2024-04-13 01:42:00,4,停机,False,正常,1038,13
2024-04-13 01:43:00,2024-04-13 01:43:00,1,带载运行,False,正常,1039,13
2024-04-13 01:44:00,2024-04-13 01:46:00,3,空载运行,False,正常,1040,13
2024-04-13 01:47:00,2024-04-13 01:48:00,2,停机,False,正常,1041,13
2024-04-13 01:49:00,2024-04-13 02:01:00,13,空载运行,False,正常,1042,13
2024-04-13 02:02:00,2024-04-13 02:02:00,1,带载运行,False,正常,1043,13
2024-04-13 02:03:00,2024-04-13 02:15:00,13,空载运行,False,正常,1044,13
2024-04-13 02:16:00,2024-04-13 02:29:00,14,停机,False,正常,1045,13
2024-04-13 02:30:00,2024-04-13 02:30:00,1,空载运行,False,正常,1046,13
2024-04-13 02:31:00,2024-04-13 02:36:00,6,停机,False,正常,1047,13
2024-04-13 02:37:00,2024-04-13 02:53:00,17,空载运行,False,正常,1048,13
2024-04-13 02:54:00,2024-04-13 02:55:00,2,停机,False,正常,1049,13
2024-04-13 02:56:00,2024-04-13 02:56:00,1,空载运行,False,正常,1050,13
2024-04-13 02:57:00,2024-04-13 02:57:00,1,停机,False,正常,1051,13
2024-04-13 02:58:00,2024-04-13 03:13:00,16,空载运行,False,正常,1052,13
2024-04-13 03:14:00,2024-04-13 04:01:00,48,停机,False,正常,1053,13
2024-04-13 04:02:00,2024-04-13 04:09:00,8,空载运行,False,正常,1054,13
2024-04-13 04:10:00,2024-04-13 04:10:00,1,带载运行,False,正常,1055,13
2024-04-13 04:11:00,2024-04-13 04:18:00,8,空载运行,False,正常,1056,13
2024-04-13 04:19:00,2024-04-13 04:44:00,26,停机,False,正常,1057,13
2024-04-13 04:45:00,2024-04-13 04:45:00,1,带载运行,False,正常,1058,13
2024-04-13 04:46:00,2024-04-13 04:56:00,11,空载运行,False,正常,1059,13
2024-04-13 04:57:00,2024-04-13 04:58:00,2,停机,False,正常,1060,13
2024-04-13 04:59:00,2024-04-13 05:30:00,32,空载运行,False,正常,1061,13
2024-04-13 05:31:00,2024-04-13 05:57:00,27,停机,False,正常,1062,13
2024-04-13 05:58:00,2024-04-13 06:02:00,5,空载运行,False,正常,1063,13
2024-04-13 06:03:00,2024-04-13 06:18:00,16,停机,False,正常,1064,13
2024-04-13 06:19:00,2024-04-13 06:40:00,22,空载运行,False,正常,1065,13
2024-04-13 06:41:00,2024-04-13 06:42:00,2,带载运行,False,正常,1066,13
2024-04-13 06:43:00,2024-04-13 07:03:00,21,空载运行,False,正常,1067,13
2024-04-13 07:04:00,2024-04-13 07:09:00,6,停机,False,正常,1068,13
2024-04-13 07:10:00,2024-04-13 07:23:00,14,空载运行,False,正常,1069,13
2024-04-13 07:24:00,2024-04-13 07:24:00,1,带载运行,False,正常,1070,13
2024-04-13 07:25:00,2024-04-13 07:41:00,17,空载运行,False,正常,1071,13
2024-04-13 07:42:00,2024-04-13 08:11:00,30,停机,False,正常,1072,13
2024-04-13 08:12:00,2024-04-13 08:12:00,1,空载运行,False,正常,1073,13
2024-04-13 08:13:00,2024-04-13 08:26:00,14,停机,False,正常,1074,13
2024-04-13 08:27:00,2024-04-13 09:09:00,43,空载运行,False,正常,1075,13
2024-04-13 09:10:00,2024-04-13 09:12:00,3,停机,False,正常,1076,13
2024-04-13 09:13:00,2024-04-13 09:23:00,11,空载运行,False,正常,1077,13
2024-04-13 09:24:00,2024-04-13 14:47:00,324,停机,True,通讯中断/传感器休眠（段持续 >= 4h）,1078,14
2024-04-13 14:48:00,2024-04-13 14:48:00,1,空载运行,False,正常,1079,15
2024-04-13 14:49:00,2024-04-13 15:40:00,52,停机,False,正常,1080,15
2024-04-13 15:41:00,2024-04-13 15:41:00,1,空载运行,False,正常,1081,15
2024-04-13 15:42:00,2024-04-13 16:16:00,35,停机,False,正常,1082,15
2024-04-13 16:17:00,2024-04-13 16:21:00,5,空载运行,False,正常,1083,15
2024-04-13 16:22:00,2024-04-13 17:02:00,41,停机,False,正常,1084,15
2024-04-13 17:03:00,2024-04-13 17:07:00,5,空载运行,False,正常,1085,15
2024-04-13 17:08:00,2024-04-13 17:08:00,1,带载运行,False,正常,1086,15
2024-04-13 17:09:00,2024-04-13 23:00:00,352,空载运行,True,通讯中断/传感器休眠（段持续 >= 4h）,1087,16
2024-04-13 23:01:00,2024-04-13 23:03:00,3,停机,False,正常,1088,17
2024-04-13 23:04:00,2024-04-14 09:20:00,617,空载运行,True,传感器断电/断线（段持续 >= 6h）,1089,18
2024-04-14 09:21:00,2024-04-14 09:57:00,37,停机,False,正常,1090,19
2024-04-14 09:58:00,2024-04-14 10:02:00,5,空载运行,False,正常,1091,19
2024-04-14 10:03:00,2024-04-14 10:37:00,35,停机,False,正常,1092,19
2024-04-14 10:38:00,2024-04-14 12:41:00,124,空载运行,False,正常,1093,19
2024-04-14 12:42:00,2024-04-14 12:52:00,11,停机,False,正常,1094,19
2024-04-14 12:53:00,2024-04-15 10:01:00,1269,空载运行,True,传感器断电/断线（段持续 >= 6h）,1095,20
2024-04-15 10:02:00,2024-04-15 15:02:00,301,停机,True,通讯中断/传感器休眠（段持续 >= 4h）,1096,20
2024-04-15 15:03:00,2024-04-15 15:19:00,17,空载运行,False,正常,1097,21
2024-04-15 15:20:00,2024-04-15 15:29:00,10,停机,False,正常,1098,21
2024-04-15 15:30:00,2024-04-17 11:56:00,2667,空载运行,True,传感器断电/断线（段持续 >= 6h）,1099,22
2024-04-17 11:57:00,2024-04-17 13:04:00,68,停机,False,正常,1100,23
2024-04-17 13:05:00,2024-04-17 15:20:00,136,空载运行,False,正常,1101,23
2024-04-17 15:21:00,2024-04-17 15:55:00,35,停机,False,正常,1102,23
2024-04-17 15:56:00,2024-04-17 15:58:00,3,空载运行,False,正常,1103,23
2024-04-17 15:59:00,2024-04-17 15:59:00,1,停机,False,正常,1104,23
2024-04-17 16:00:00,2024-04-17 16:38:00,39,空载运行,False,正常,1105,23
2024-04-17 16:39:00,2024-04-17 16:41:00,3,停机,False,正常,1106,23
2024-04-17 16:42:00,2024-04-17 16:42:00,1,空载运行,False,正常,1107,23
2024-04-17 16:43:00,2024-04-17 16:50:00,8,停机,False,正常,1108,23
2024-04-17 16:51:00,2024-04-17 16:58:00,8,空载运行,False,正常,1109,23
2024-04-17 16:59:00,2024-04-17 17:00:00,2,停机,False,正常,1110,23
2024-04-17 17:01:00,2024-04-17 17:01:00,1,空载运行,False,正常,1111,23
2024-04-17 17:02:00,2024-04-17 17:03:00,2,停机,False,正常,1112,23
2024-04-17 17:04:00,2024-04-17 17:07:00,4,空载运行,False,正常,1113,23
2024-04-17 17:08:00,2024-04-17 17:08:00,1,停机,False,正常,1114,23
2024-04-17 17:09:00,2024-04-17 17:09:00,1,带载运行,False,正常,1115,23
2024-04-17 17:10:00,2024-04-17 17:12:00,3,空载运行,False,正常,1116,23
2024-04-17 17:13:00,2024-04-17 17:13:00,1,带载运行,False,正常,1117,23
2024-04-17 17:14:00,2024-04-17 17:30:00,17,空载运行,False,正常,1118,23
2024-04-17 17:31:00,2024-04-17 17:32:00,2,停机,False,正常,1119,23
2024-04-17 17:33:00,2024-04-17 17:43:00,11,空载运行,False,正常,1120,23
2024-04-17 17:44:00,2024-04-17 17:47:00,4,停机,False,正常,1121,23
2024-04-17 17:48:00,2024-04-17 17:48:00,1,空载运行,False,正常,1122,23
2024-04-17 17:49:00,2024-04-17 18:25:00,37,停机,False,正常,1123,23
2024-04-17 18:26:00,2024-04-17 18:27:00,2,空载运行,False,正常,1124,23
2024-04-17 18:28:00,2024-04-17 18:28:00,1,停机,False,正常,1125,23
2024-04-17 18:29:00,2024-04-17 18:29:00,1,空载运行,False,正常,1126,23
2024-04-17 18:30:00,2024-04-17 18:30:00,1,停机,False,正常,1127,23
2024-04-17 18:31:00,2024-04-17 18:41:00,11,空载运行,False,正常,1128,23
2024-04-17 18:42:00,2024-04-17 18:42:00,1,停机,False,正常,1129,23
2024-04-17 18:43:00,2024-04-17 18:43:00,1,空载运行,False,正常,1130,23
2024-04-17 18:44:00,2024-04-17 18:46:00,3,停机,False,正常,1131,23
2024-04-17 18:47:00,2024-04-17 18:55:00,9,空载运行,False,正常,1132,23
2024-04-17 18:56:00,2024-04-17 18:56:00,1,停机,False,正常,1133,23
2024-04-17 18:57:00,2024-04-17 19:02:00,6,空载运行,False,正常,1134,23
2024-04-17 19:03:00,2024-04-17 19:04:00,2,停机,False,正常,1135,23
2024-04-17 19:05:00,2024-04-17 19:11:00,7,空载运行,False,正常,1136,23
2024-04-17 19:12:00,2024-04-17 22:00:00,169,停机,False,正常,1137,23
2024-04-17 22:01:00,2024-04-17 22:01:00,1,空载运行,False,正常,1138,23
2024-04-17 22:02:00,2024-04-17 22:33:00,32,停机,False,正常,1139,23
2024-04-17 22:34:00,2024-04-17 22:44:00,11,空载运行,False,正常,1140,23
2024-04-17 22:45:00,2024-04-17 23:52:00,68,停机,False,正常,1141,23
2024-04-17 23:53:00,2024-04-17 23:54:00,2,空载运行,False,正常,1142,23
2024-04-17 23:55:00,2024-04-17 23:59:00,5,停机,False,正常,1143,23
2024-04-18 00:00:00,2024-04-18 00:00:00,1,带载运行,False,正常,1144,23
2024-04-18 00:01:00,2024-04-18 00:01:00,1,空载运行,False,正常,1145,23
2024-04-18 00:02:00,2024-04-18 00:10:00,9,停机,False,正常,1146,23
2024-04-18 00:11:00,2024-04-18 00:15:00,5,空载运行,False,正常,1147,23
2024-04-18 00:16:00,2024-04-18 00:16:00,1,带载运行,False,正常,1148,23
2024-04-18 00:17:00,2024-04-18 00:17:00,1,停机,False,正常,1149,23
2024-04-18 00:18:00,2024-04-18 00:36:00,19,空载运行,False,正常,1150,23
2024-04-18 00:37:00,2024-04-18 00:37:00,1,停机,False,正常,1151,23
2024-04-18 00:38:00,2024-04-18 00:49:00,12,空载运行,False,正常,1152,23
2024-04-18 00:50:00,2024-04-18 01:46:00,57,停机,False,正常,1153,23
2024-04-18 01:47:00,2024-04-18 01:56:00,10,空载运行,False,正常,1154,23
2024-04-18 01:57:00,2024-04-18 02:12:00,16,停机,False,正常,1155,23
2024-04-18 02:13:00,2024-04-18 02:14:00,2,空载运行,False,正常,1156,23
2024-04-18 02:15:00,2024-04-18 02:15:00,1,带载运行,False,正常,1157,23
2024-04-18 02:16:00,2024-04-18 02:31:00,16,空载运行,False,正常,1158,23
2024-04-18 02:32:00,2024-04-18 08:42:00,371,停机,True,传感器断电/断线（段持续 >= 6h）,1159,24
2024-04-18 08:43:00,2024-04-18 08:43:00,1,空载运行,False,正常,1160,25
2024-04-18 08:44:00,2024-04-18 09:34:00,51,停机,False,正常,1161,25
2024-04-18 09:35:00,2024-04-18 14:24:00,290,空载运行,True,通讯中断/传感器休眠（段持续 >= 4h）,1162,26
2024-04-18 14:25:00,2024-04-18 15:30:00,66,停机,False,正常,1163,27
2024-04-18 15:31:00,2024-04-18 15:31:00,1,空载运行,False,正常,1164,27
2024-04-18 15:32:00,2024-04-18 15:32:00,1,停机,False,正常,1165,27
2024-04-18 15:33:00,2024-04-18 15:33:00,1,空载运行,False,正常,1166,27
2024-04-18 15:34:00,2024-04-18 15:54:00,21,停机,False,正常,1167,27
2024-04-18 15:55:00,2024-04-18 15:57:00,3,空载运行,False,正常,1168,27
2024-04-18 15:58:00,2024-04-18 17:45:00,108,停机,False,正常,1169,27
2024-04-18 17:46:00,2024-04-18 17:46:00,1,空载运行,False,正常,1170,27
2024-04-18 17:47:00,2024-04-18 23:42:00,356,停机,True,通讯中断/传感器休眠（段持续 >= 4h）,1171,28
2024-04-18 23:43:00,2024-04-18 23:44:00,2,空载运行,False,正常,1172,29
2024-04-18 23:45:00,2024-04-19 00:30:00,46,停机,False,正常,1173,29
2024-04-19 00:31:00,2024-04-19 00:50:00,20,空载运行,False,正常,1174,29
2024-04-19 00:51:00,2024-04-19 03:01:00,131,停机,False,正常,1175,29
2024-04-19 03:02:00,2024-04-19 03:09:00,8,空载运行,False,正常,1176,29
2024-04-19 03:10:00,2024-04-19 05:12:00,123,停机,False,正常,1177,29
2024-04-19 05:13:00,2024-04-19 05:21:00,9,空载运行,False,正常,1178,29
2024-04-19 05:22:00,2024-04-19 05:48:00,27,停机,False,正常,1179,29
2024-04-19 05:49:00,2024-04-19 05:49:00,1,空载运行,False,正常,1180,29
2024-04-19 05:50:00,2024-04-19 05:59:00,10,停机,False,正常,1181,29
2024-04-19 06:00:00,2024-04-19 06:04:00,5,空载运行,False,正常,1182,29
2024-04-19 06:05:00,2024-04-19 06:08:00,4,停机,False,正常,1183,29
2024-04-19 06:09:00,2024-04-19 06:11:00,3,空载运行,False,正常,1184,29
2024-04-19 06:12:00,2024-04-19 06:18:00,7,停机,False,正常,1185,29
2024-04-19 06:19:00,2024-04-19 06:27:00,9,空载运行,False,正常,1186,29
2024-04-19 06:28:00,2024-04-19 07:21:00,54,停机,False,正常,1187,29
2024-04-19 07:22:00,2024-04-19 07:34:00,13,空载运行,False,正常,1188,29
2024-04-19 07:35:00,2024-04-19 07:36:00,2,停机,False,正常,1189,29
2024-04-19 07:37:00,2024-04-19 07:53:00,17,空载运行,False,正常,1190,29
2024-04-19 07:54:00,2024-04-19 08:12:00,19,停机,False,正常,1191,29
2024-04-19 08:13:00,2024-04-19 08:22:00,10,空载运行,False,正常,1192,29
2024-04-19 08:23:00,2024-04-19 08:24:00,2,停机,False,正常,1193,29
2024-04-19 08:25:00,2024-04-19 08:26:00,2,空载运行,False,正常,1194,29
2024-04-19 08:27:00,2024-04-19 08:50:00,24,停机,False,正常,1195,29
2024-04-19 08:51:00,2024-04-19 08:51:00,1,空载运行,False,正常,1196,29
2024-04-19 08:52:00,2024-04-19 08:52:00,1,停机,False,正常,1197,29
2024-04-19 08:53:00,2024-04-19 09:41:00,49,空载运行,False,正常,1198,29
2024-04-19 09:42:00,2024-04-19 09:50:00,9,停机,False,正常,1199,29
2024-04-19 09:51:00,2024-04-19 09:52:00,2,空载运行,False,正常,1200,29
2024-04-19 09:53:00,2024-04-19 11:52:00,120,停机,False,正常,1201,29
2024-04-19 11:53:00,2024-04-19 11:53:00,1,空载运行,False,正常,1202,29
2024-04-19 11:54:00,2024-04-19 12:37:00,44,停机,False,正常,1203,29
2024-04-19 12:38:00,2024-04-19 12:46:00,9,空载运行,False,正常,1204,29
2024-04-19 12:47:00,2024-04-19 14:05:00,79,停机,False,正常,1205,29
2024-04-19 14:06:00,2024-04-19 14:38:00,33,空载运行,False,正常,1206,29
2024-04-19 14:39:00,2024-04-19 16:05:00,87,停机,False,正常,1207,29
2024-04-19 16:06:00,2024-04-19 16:10:00,5,空载运行,False,正常,1208,29
2024-04-19 16:11:00,2024-04-19 16:12:00,2,停机,False,正常,1209,29
2024-04-19 16:13:00,2024-04-19 17:45:00,93,空载运行,False,正常,1210,29
2024-04-19 17:46:00,2024-04-19 18:32:00,47,停机,False,正常,1211,29
2024-04-19 18:33:00,2024-04-19 18:36:00,4,空载运行,False,正常,1212,29
2024-04-19 18:37:00,2024-04-19 18:46:00,10,停机,False,正常,1213,29
2024-04-19 18:47:00,2024-04-19 18:52:00,6,空载运行,False,正常,1214,29
2024-04-19 18:53:00,2024-04-19 19:15:00,23,停机,False,正常,1215,29
2024-04-19 19:16:00,2024-04-19 19:21:00,6,空载运行,False,正常,1216,29
2024-04-19 19:22:00,2024-04-19 19:31:00,10,停机,False,正常,1217,29
2024-04-19 19:32:00,2024-04-19 19:33:00,2,空载运行,False,正常,1218,29
2024-04-19 19:34:00,2024-04-19 20:31:00,58,停机,False,正常,1219,29
2024-04-19 20:32:00,2024-04-19 20:55:00,24,空载运行,False,正常,1220,29
2024-04-19 20:56:00,2024-04-19 20:59:00,4,停机,False,正常,1221,29
2024-04-19 21:00:00,2024-04-19 21:24:00,25,空载运行,False,正常,1222,29
2024-04-19 21:25:00,2024-04-19 22:34:00,70,停机,False,正常,1223,29
2024-04-19 22:35:00,2024-04-19 22:36:00,2,空载运行,False,正常,1224,29
2024-04-19 22:37:00,2024-04-19 22:49:00,13,停机,False,正常,1225,29
2024-04-19 22:50:00,2024-04-19 23:40:00,51,空载运行,False,正常,1226,29
2024-04-19 23:41:00,2024-04-19 23:44:00,4,停机,False,正常,1227,29
2024-04-19 23:45:00,2024-04-19 23:54:00,10,空载运行,False,正常,1228,29
2024-04-19 23:55:00,2024-04-20 01:00:00,66,停机,False,正常,1229,29
2024-04-20 01:01:00,2024-04-20 01:02:00,2,空载运行,False,正常,1230,29
2024-04-20 01:03:00,2024-04-20 01:13:00,11,停机,False,正常,1231,29
2024-04-20 01:14:00,2024-04-20 01:22:00,9,空载运行,False,正常,1232,29
2024-04-20 01:23:00,2024-04-20 01:24:00,2,停机,False,正常,1233,29
2024-04-20 01:25:00,2024-04-20 01:36:00,12,空载运行,False,正常,1234,29
2024-04-20 01:37:00,2024-04-20 01:50:00,14,停机,False,正常,1235,29
2024-04-20 01:51:00,2024-04-20 01:51:00,1,空载运行,False,正常,1236,29
2024-04-20 01:52:00,2024-04-20 02:03:00,12,停机,False,正常,1237,29
2024-04-20 02:04:00,2024-04-20 02:11:00,8,空载运行,False,正常,1238,29
2024-04-20 02:12:00,2024-04-20 02:12:00,1,停机,False,正常,1239,29
2024-04-20 02:13:00,2024-04-20 02:21:00,9,空载运行,False,正常,1240,29
2024-04-20 02:22:00,2024-04-20 03:59:00,98,停机,False,正常,1241,29
2024-04-20 04:00:00,2024-04-20 04:12:00,13,空载运行,False,正常,1242,29
2024-04-20 04:13:00,2024-04-20 04:14:00,2,停机,False,正常,1243,29
2024-04-20 04:15:00,2024-04-20 04:19:00,5,空载运行,False,正常,1244,29
2024-04-20 04:20:00,2024-04-20 04:20:00,1,带载运行,False,正常,1245,29
2024-04-20 04:21:00,2024-04-20 04:21:00,1,空载运行,False,正常,1246,29
2024-04-20 04:22:00,2024-04-20 04:22:00,1,带载运行,False,正常,1247,29
2024-04-20 04:23:00,2024-04-20 04:25:00,3,空载运行,False,正常,1248,29
2024-04-20 04:26:00,2024-04-20 04:53:00,28,停机,False,正常,1249,29
2024-04-20 04:54:00,2024-04-20 04:54:00,1,空载运行,False,正常,1250,29
2024-04-20 04:55:00,2024-04-20 04:58:00,4,停机,False,正常,1251,29
2024-04-20 04:59:00,2024-04-20 05:08:00,10,空载运行,False,正常,1252,29
2024-04-20 05:09:00,2024-04-20 05:27:00,19,停机,False,正常,1253,29
2024-04-20 05:28:00,2024-04-20 05:36:00,9,空载运行,False,正常,1254,29
2024-04-20 05:37:00,2024-04-20 05:43:00,7,停机,False,正常,1255,29
2024-04-20 05:44:00,2024-04-20 05:48:00,5,空载运行,False,正常,1256,29
2024-04-20 05:49:00,2024-04-20 06:40:00,52,停机,False,正常,1257,29
2024-04-20 06:41:00,2024-04-20 07:08:00,28,空载运行,False,正常,1258,29
2024-04-20 07:09:00,2024-04-20 07:11:00,3,停机,False,正常,1259,29
2024-04-20 07:12:00,2024-04-20 07:15:00,4,空载运行,False,正常,1260,29
2024-04-20 07:16:00,2024-04-20 07:39:00,24,停机,False,正常,1261,29
2024-04-20 07:40:00,2024-04-20 07:41:00,2,空载运行,False,正常,1262,29
2024-04-20 07:42:00,2024-04-20 07:43:00,2,停机,False,正常,1263,29
2024-04-20 07:44:00,2024-04-20 07:49:00,6,空载运行,False,正常,1264,29
2024-04-20 07:50:00,2024-04-20 07:54:00,5,停机,False,正常,1265,29
2024-04-20 07:55:00,2024-04-20 08:07:00,13,空载运行,False,正常,1266,29
2024-04-20 08:08:00,2024-04-20 08:08:00,1,停机,False,正常,1267,29
2024-04-20 08:09:00,2024-04-20 08:14:00,6,空载运行,False,正常,1268,29
2024-04-20 08:15:00,2024-04-20 09:23:00,69,停机,False,正常,1269,29
2024-04-20 09:24:00,2024-04-20 10:04:00,41,空载运行,False,正常,1270,29
2024-04-20 10:05:00,2024-04-20 13:14:00,190,停机,False,正常,1271,29
2024-04-20 13:15:00,2024-04-20 13:15:00,1,空载运行,False,正常,1272,29
2024-04-20 13:16:00,2024-04-20 13:49:00,34,停机,False,正常,1273,29
2024-04-20 13:50:00,2024-04-20 13:50:00,1,空载运行,False,正常,1274,29
2024-04-20 13:51:00,2024-04-20 13:53:00,3,停机,False,正常,1275,29
2024-04-20 13:54:00,2024-04-20 16:40:00,167,空载运行,False,正常,1276,29
2024-04-20 16:41:00,2024-04-20 16:42:00,2,停机,False,正常,1277,29
2024-04-20 16:43:00,2024-04-20 18:22:00,100,空载运行,False,正常,1278,29
2024-04-20 18:23:00,2024-04-20 20:10:00,108,停机,False,正常,1279,29
2024-04-20 20:11:00,2024-04-20 20:20:00,10,空载运行,False,正常,1280,29
2024-04-20 20:21:00,2024-04-20 21:00:00,40,停机,False,正常,1281,29
2024-04-20 21:01:00,2024-04-20 21:16:00,16,空载运行,False,正常,1282,29
2024-04-20 21:17:00,2024-04-20 21:23:00,7,停机,False,正常,1283,29
2024-04-20 21:24:00,2024-04-20 21:35:00,12,空载运行,False,正常,1284,29
2024-04-20 21:36:00,2024-04-20 21:36:00,1,停机,False,正常,1285,29
2024-04-20 21:37:00,2024-04-20 21:41:00,5,空载运行,False,正常,1286,29
2024-04-20 21:42:00,2024-04-20 22:50:00,69,停机,False,正常,1287,29
2024-04-20 22:51:00,2024-04-20 23:00:00,10,空载运行,False,正常,1288,29
2024-04-20 23:01:00,2024-04-20 23:01:00,1,带载运行,False,正常,1289,29
2024-04-20 23:02:00,2024-04-20 23:05:00,4,空载运行,False,正常,1290,29
2024-04-20 23:06:00,2024-04-20 23:13:00,8,停机,False,正常,1291,29
2024-04-20 23:14:00,2024-04-20 23:26:00,13,空载运行,False,正常,1292,29
2024-04-20 23:27:00,2024-04-20 23:32:00,6,停机,False,正常,1293,29
2024-04-20 23:33:00,2024-04-20 23:35:00,3,空载运行,False,正常,1294,29
2024-04-20 23:36:00,2024-04-20 23:53:00,18,停机,False,正常,1295,29
2024-04-20 23:54:00,2024-04-20 23:56:00,3,空载运行,False,正常,1296,29
2024-04-20 23:57:00,2024-04-21 00:10:00,14,停机,False,正常,1297,29
2024-04-21 00:11:00,2024-04-21 00:28:00,18,空载运行,False,正常,1298,29
2024-04-21 00:29:00,2024-04-21 00:39:00,11,停机,False,正常,1299,29
2024-04-21 00:40:00,2024-04-21 01:20:00,41,空载运行,False,正常,1300,29
2024-04-21 01:21:00,2024-04-21 01:55:00,35,停机,False,正常,1301,29
2024-04-21 01:56:00,2024-04-21 01:56:00,1,带载运行,False,正常,1302,29
2024-04-21 01:57:00,2024-04-21 02:09:00,13,空载运行,False,正常,1303,29
2024-04-21 02:10:00,2024-04-21 02:11:00,2,带载运行,False,正常,1304,29
2024-04-21 02:12:00,2024-04-21 02:22:00,11,空载运行,False,正常,1305,29
2024-04-21 02:23:00,2024-04-21 02:23:00,1,带载运行,False,正常,1306,29
2024-04-21 02:24:00,2024-04-21 02:33:00,10,空载运行,False,正常,1307,29
2024-04-21 02:34:00,2024-04-21 02:43:00,10,停机,False,正常,1308,29
2024-04-21 02:44:00,2024-04-21 02:56:00,13,空载运行,False,正常,1309,29
2024-04-21 02:57:00,2024-04-21 03:34:00,38,停机,False,正常,1310,29
2024-04-21 03:35:00,2024-04-21 03:40:00,6,空载运行,False,正常,1311,29
2024-04-21 03:41:00,2024-04-21 03:41:00,1,带载运行,False,正常,1312,29
2024-04-21 03:42:00,2024-04-21 04:00:00,19,空载运行,False,正常,1313,29
2024-04-21 04:01:00,2024-04-21 04:01:00,1,停机,False,正常,1314,29
2024-04-21 04:02:00,2024-04-21 04:02:00,1,空载运行,False,正常,1315,29
2024-04-21 04:03:00,2024-04-21 04:04:00,2,停机,False,正常,1316,29
2024-04-21 04:05:00,2024-04-21 04:06:00,2,空载运行,False,正常,1317,29
2024-04-21 04:07:00,2024-04-21 04:07:00,1,停机,False,正常,1318,29
2024-04-21 04:08:00,2024-04-21 04:29:00,22,空载运行,False,正常,1319,29
2024-04-21 04:30:00,2024-04-21 05:42:00,73,停机,False,正常,1320,29
2024-04-21 05:43:00,2024-04-21 05:44:00,2,空载运行,False,正常,1321,29
2024-04-21 05:45:00,2024-04-21 05:45:00,1,停机,False,正常,1322,29
2024-04-21 05:46:00,2024-04-21 05:48:00,3,空载运行,False,正常,1323,29
2024-04-21 05:49:00,2024-04-21 06:06:00,18,停机,False,正常,1324,29
2024-04-21 06:07:00,2024-04-21 06:09:00,3,空载运行,False,正常,1325,29
2024-04-21 06:10:00,2024-04-21 06:11:00,2,停机,False,正常,1326,29
2024-04-21 06:12:00,2024-04-21 06:33:00,22,空载运行,False,正常,1327,29
2024-04-21 06:34:00,2024-04-21 06:47:00,14,停机,False,正常,1328,29
2024-04-21 06:48:00,2024-04-21 06:49:00,2,空载运行,False,正常,1329,29
2024-04-21 06:50:00,2024-04-21 06:50:00,1,带载运行,False,正常,1330,29
2024-04-21 06:51:00,2024-04-21 06:52:00,2,空载运行,False,正常,1331,29
2024-04-21 06:53:00,2024-04-21 06:53:00,1,停机,False,正常,1332,29
2024-04-21 06:54:00,2024-04-21 07:26:00,33,空载运行,False,正常,1333,29
2024-04-21 07:27:00,2024-04-21 08:13:00,47,停机,False,正常,1334,29
2024-04-21 08:14:00,2024-04-21 08:15:00,2,空载运行,False,正常,1335,29
2024-04-21 08:16:00,2024-04-21 08:16:00,1,带载运行,False,正常,1336,29
2024-04-21 08:17:00,2024-04-21 08:17:00,1,空载运行,False,正常,1337,29
2024-04-21 08:18:00,2024-04-21 08:21:00,4,停机,False,正常,1338,29
2024-04-21 08:22:00,2024-04-21 08:23:00,2,空载运行,False,正常,1339,29
2024-04-21 08:24:00,2024-04-21 08:24:00,1,停机,False,正常,1340,29
2024-04-21 08:25:00,2024-04-21 08:26:00,2,空载运行,False,正常,1341,29
2024-04-21 08:27:00,2024-04-21 08:28:00,2,停机,False,正常,1342,29
2024-04-21 08:29:00,2024-04-21 08:46:00,18,空载运行,False,正常,1343,29
2024-04-21 08:47:00,2024-04-21 08:49:00,3,停机,False,正常,1344,29
2024-04-21 08:50:00,2024-04-21 09:18:00,29,空载运行,False,正常,1345,29
2024-04-21 09:19:00,2024-04-21 09:26:00,8,停机,False,正常,1346,29
2024-04-21 09:27:00,2024-04-21 09:31:00,5,空载运行,False,正常,1347,29
2024-04-21 09:32:00,2024-04-21 09:35:00,4,停机,False,正常,1348,29
2024-04-21 09:36:00,2024-04-21 09:46:00,11,空载运行,False,正常,1349,29
2024-04-21 09:47:00,2024-04-21 10:01:00,15,停机,False,正常,1350,29
2024-04-21 10:02:00,2024-04-21 10:02:00,1,空载运行,False,正常,1351,29
2024-04-21 10:03:00,2024-04-21 15:17:00,315,停机,True,通讯中断/传感器休眠（段持续 >= 4h）,1352,30
2024-04-21 15:18:00,2024-04-21 15:41:00,24,空载运行,False,正常,1353,31
2024-04-21 15:42:00,2024-04-21 16:04:00,23,停机,False,正常,1354,31
2024-04-21 16:05:00,2024-04-21 16:05:00,1,空载运行,False,正常,1355,31
2024-04-21 16:06:00,2024-04-21 17:11:00,66,停机,False,正常,1356,31
2024-04-21 17:12:00,2024-04-21 17:12:00,1,空载运行,False,正常,1357,31
2024-04-21 17:13:00,2024-04-21 18:01:00,49,停机,False,正常,1358,31
2024-04-21 18:02:00,2024-04-21 18:08:00,7,空载运行,False,正常,1359,31
2024-04-21 18:09:00,2024-04-21 18:13:00,5,停机,False,正常,1360,31
2024-04-21 18:14:00,2024-04-21 18:14:00,1,带载运行,False,正常,1361,31
2024-04-21 18:15:00,2024-04-21 18:29:00,15,空载运行,False,正常,1362,31
2024-04-21 18:30:00,2024-04-21 18:35:00,6,停机,False,正常,1363,31
2024-04-21 18:36:00,2024-04-21 18:41:00,6,空载运行,False,正常,1364,31
2024-04-21 18:42:00,2024-04-21 18:43:00,2,停机,False,正常,1365,31
2024-04-21 18:44:00,2024-04-21 18:52:00,9,空载运行,False,正常,1366,31
2024-04-21 18:53:00,2024-04-21 18:58:00,6,停机,False,正常,1367,31
2024-04-21 18:59:00,2024-04-21 19:15:00,17,空载运行,False,正常,1368,31
2024-04-21 19:16:00,2024-04-21 19:17:00,2,带载运行,False,正常,1369,31
2024-04-21 19:18:00,2024-04-21 19:19:00,2,停机,False,正常,1370,31
2024-04-21 19:20:00,2024-04-21 19:38:00,19,空载运行,False,正常,1371,31
2024-04-21 19:39:00,2024-04-21 20:42:00,64,停机,False,正常,1372,31
2024-04-21 20:43:00,2024-04-21 20:54:00,12,空载运行,False,正常,1373,31
2024-04-21 20:55:00,2024-04-21 20:58:00,4,停机,False,正常,1374,31
2024-04-21 20:59:00,2024-04-21 21:02:00,4,空载运行,False,正常,1375,31
2024-04-21 21:03:00,2024-04-21 21:23:00,21,停机,False,正常,1376,31
2024-04-21 21:24:00,2024-04-21 21:53:00,30,空载运行,False,正常,1377,31
2024-04-21 21:54:00,2024-04-21 21:55:00,2,停机,False,正常,1378,31
2024-04-21 21:56:00,2024-04-21 22:02:00,7,空载运行,False,正常,1379,31
2024-04-21 22:03:00,2024-04-21 22:52:00,50,停机,False,正常,1380,31
2024-04-21 22:53:00,2024-04-21 23:03:00,11,空载运行,False,正常,1381,31
2024-04-21 23:04:00,2024-04-21 23:04:00,1,带载运行,False,正常,1382,31
2024-04-21 23:05:00,2024-04-21 23:29:00,25,空载运行,False,正常,1383,31
2024-04-21 23:30:00,2024-04-21 23:39:00,10,停机,False,正常,1384,31
2024-04-21 23:40:00,2024-04-21 23:40:00,1,空载运行,False,正常,1385,31
2024-04-21 23:41:00,2024-04-21 23:56:00,16,停机,False,正常,1386,31
2024-04-21 23:57:00,2024-04-22 00:05:00,9,空载运行,False,正常,1387,31
2024-04-22 00:06:00,2024-04-22 00:11:00,6,停机,False,正常,1388,31
2024-04-22 00:12:00,2024-04-22 00:32:00,21,空载运行,False,正常,1389,31
2024-04-22 00:33:00,2024-04-22 00:38:00,6,停机,False,正常,1390,31
2024-04-22 00:39:00,2024-04-22 00:53:00,15,空载运行,False,正常,1391,31
2024-04-22 00:54:00,2024-04-22 01:11:00,18,停机,False,正常,1392,31
2024-04-22 01:12:00,2024-04-22 01:28:00,17,空载运行,False,正常,1393,31
2024-04-22 01:29:00,2024-04-22 01:58:00,30,停机,False,正常,1394,31
2024-04-22 01:59:00,2024-04-22 01:59:00,1,空载运行,False,正常,1395,31
2024-04-22 02:00:00,2024-04-22 02:28:00,29,停机,False,正常,1396,31
2024-04-22 02:29:00,2024-04-22 02:29:00,1,带载运行,False,正常,1397,31
2024-04-22 02:30:00,2024-04-22 02:30:00,1,空载运行,False,正常,1398,31
2024-04-22 02:31:00,2024-04-22 02:41:00,11,停机,False,正常,1399,31
2024-04-22 02:42:00,2024-04-22 02:42:00,1,空载运行,False,正常,1400,31
2024-04-22 02:43:00,2024-04-22 02:43:00,1,停机,False,正常,1401,31
2024-04-22 02:44:00,2024-04-22 02:58:00,15,空载运行,False,正常,1402,31
2024-04-22 02:59:00,2024-04-22 03:03:00,5,停机,False,正常,1403,31
2024-04-22 03:04:00,2024-04-22 03:56:00,53,空载运行,False,正常,1404,31
2024-04-22 03:57:00,2024-04-22 04:12:00,16,停机,False,正常,1405,31
2024-04-22 04:13:00,2024-04-22 04:13:00,1,空载运行,False,正常,1406,31
2024-04-22 04:14:00,2024-04-22 05:13:00,60,停机,False,正常,1407,31
2024-04-22 05:14:00,2024-04-22 05:22:00,9,空载运行,False,正常,1408,31
2024-04-22 05:23:00,2024-04-22 05:36:00,14,停机,False,正常,1409,31
2024-04-22 05:37:00,2024-04-22 06:30:00,54,空载运行,False,正常,1410,31
2024-04-22 06:31:00,2024-04-22 06:34:00,4,停机,False,正常,1411,31
2024-04-22 06:35:00,2024-04-22 06:35:00,1,空载运行,False,正常,1412,31
2024-04-22 06:36:00,2024-04-22 07:03:00,28,停机,False,正常,1413,31
2024-04-22 07:04:00,2024-04-22 07:08:00,5,空载运行,False,正常,1414,31
2024-04-22 07:09:00,2024-04-22 07:42:00,34,停机,False,正常,1415,31
2024-04-22 07:43:00,2024-04-22 07:48:00,6,空载运行,False,正常,1416,31
2024-04-22 07:49:00,2024-04-22 07:50:00,2,停机,False,正常,1417,31
2024-04-22 07:51:00,2024-04-22 07:59:00,9,空载运行,False,正常,1418,31
2024-04-22 08:00:00,2024-04-22 08:00:00,1,停机,False,正常,1419,31
2024-04-22 08:01:00,2024-04-22 08:01:00,1,空载运行,False,正常,1420,31
2024-04-22 08:02:00,2024-04-22 08:04:00,3,停机,False,正常,1421,31
2024-04-22 08:05:00,2024-04-22 08:19:00,15,空载运行,False,正常,1422,31
2024-04-22 08:20:00,2024-04-22 08:20:00,1,停机,False,正常,1423,31
2024-04-22 08:21:00,2024-04-22 08:40:00,20,空载运行,False,正常,1424,31
2024-04-22 08:41:00,2024-04-22 08:43:00,3,停机,False,正常,1425,31
2024-04-22 08:44:00,2024-04-22 08:45:00,2,空载运行,False,正常,1426,31
2024-04-22 08:46:00,2024-04-22 08:58:00,13,停机,False,正常,1427,31
2024-04-22 08:59:00,2024-04-22 09:17:00,19,空载运行,False,正常,1428,31
2024-04-22 09:18:00,2024-04-22 10:28:00,71,停机,False,正常,1429,31
2024-04-22 10:29:00,2024-04-22 12:27:00,119,空载运行,False,正常,1430,31
2024-04-22 12:28:00,2024-04-22 16:04:00,217,停机,False,正常,1431,31
2024-04-22 16:05:00,2024-04-22 16:05:00,1,空载运行,False,正常,1432,31
2024-04-22 16:06:00,2024-04-22 16:10:00,5,停机,False,正常,1433,31
2024-04-22 16:11:00,2024-04-22 16:11:00,1,空载运行,False,正常,1434,31
2024-04-22 16:12:00,2024-04-22 16:21:00,10,停机,False,正常,1435,31
2024-04-22 16:22:00,2024-04-22 16:22:00,1,带载运行,False,正常,1436,31
2024-04-22 16:23:00,2024-04-22 16:25:00,3,空载运行,False,正常,1437,31
2024-04-22 16:26:00,2024-04-22 16:44:00,19,停机,False,正常,1438,31
2024-04-22 16:45:00,2024-04-22 16:47:00,3,空载运行,False,正常,1439,31
2024-04-22 16:48:00,2024-04-22 16:50:00,3,停机,False,正常,1440,31
2024-04-22 16:51:00,2024-04-22 17:08:00,18,空载运行,False,正常,1441,31
2024-04-22 17:09:00,2024-04-22 17:39:00,31,停机,False,正常,1442,31
2024-04-22 17:40:00,2024-04-22 17:40:00,1,空载运行,False,正常,1443,31
2024-04-22 17:41:00,2024-04-22 17:46:00,6,停机,False,正常,1444,31
2024-04-22 17:47:00,2024-04-22 17:55:00,9,空载运行,False,正常,1445,31
2024-04-22 17:56:00,2024-04-22 18:41:00,46,停机,False,正常,1446,31
2024-04-22 18:42:00,2024-04-22 19:01:00,20,空载运行,False,正常,1447,31
2024-04-22 19:02:00,2024-04-22 20:10:00,69,停机,False,正常,1448,31
2024-04-22 20:11:00,2024-04-22 20:14:00,4,空载运行,False,正常,1449,31
2024-04-22 20:15:00,2024-04-22 20:15:00,1,停机,False,正常,1450,31
2024-04-22 20:16:00,2024-04-22 20:19:00,4,空载运行,False,正常,1451,31
2024-04-22 20:20:00,2024-04-22 20:28:00,9,停机,False,正常,1452,31
2024-04-22 20:29:00,2024-04-22 20:51:00,23,空载运行,False,正常,1453,31
2024-04-22 20:52:00,2024-04-22 20:55:00,4,停机,False,正常,1454,31
2024-04-22 20:56:00,2024-04-22 21:05:00,10,空载运行,False,正常,1455,31
2024-04-22 21:06:00,2024-04-22 22:19:00,74,停机,False,正常,1456,31
2024-04-22 22:20:00,2024-04-22 22:23:00,4,空载运行,False,正常,1457,31
2024-04-22 22:24:00,2024-04-22 23:11:00,48,停机,False,正常,1458,31
2024-04-22 23:12:00,2024-04-22 23:49:00,38,空载运行,False,正常,1459,31
2024-04-22 23:50:00,2024-04-23 00:00:00,11,停机,False,正常,1460,31
2024-04-23 00:01:00,2024-04-23 00:01:00,1,空载运行,False,正常,1461,31
2024-04-23 00:02:00,2024-04-23 00:04:00,3,停机,False,正常,1462,31
2024-04-23 00:05:00,2024-04-23 00:09:00,5,空载运行,False,正常,1463,31
2024-04-23 00:10:00,2024-04-23 00:32:00,23,停机,False,正常,1464,31
2024-04-23 00:33:00,2024-04-23 00:40:00,8,空载运行,False,正常,1465,31
2024-04-23 00:41:00,2024-04-23 01:36:00,56,停机,False,正常,1466,31
2024-04-23 01:37:00,2024-04-23 01:47:00,11,空载运行,False,正常,1467,31
2024-04-23 01:48:00,2024-04-23 01:52:00,5,停机,False,正常,1468,31
2024-04-23 01:53:00,2024-04-23 02:11:00,19,空载运行,False,正常,1469,31
2024-04-23 02:12:00,2024-04-23 02:13:00,2,停机,False,正常,1470,31
2024-04-23 02:14:00,2024-04-23 02:15:00,2,空载运行,False,正常,1471,31
2024-04-23 02:16:00,2024-04-23 02:16:00,1,带载运行,False,正常,1472,31
2024-04-23 02:17:00,2024-04-23 03:01:00,45,空载运行,False,正常,1473,31
2024-04-23 03:02:00,2024-04-23 04:23:00,82,停机,False,正常,1474,31
2024-04-23 04:24:00,2024-04-23 04:26:00,3,空载运行,False,正常,1475,31
2024-04-23 04:27:00,2024-04-23 04:27:00,1,带载运行,False,正常,1476,31
2024-04-23 04:28:00,2024-04-23 04:41:00,14,空载运行,False,正常,1477,31
2024-04-23 04:42:00,2024-04-23 04:42:00,1,停机,False,正常,1478,31
2024-04-23 04:43:00,2024-04-23 05:00:00,18,空载运行,False,正常,1479,31
2024-04-23 05:01:00,2024-04-23 05:02:00,2,停机,False,正常,1480,31
2024-04-23 05:03:00,2024-04-23 05:09:00,7,空载运行,False,正常,1481,31
2024-04-23 05:10:00,2024-04-23 05:10:00,1,停机,False,正常,1482,31
2024-04-23 05:11:00,2024-04-23 05:31:00,21,空载运行,False,正常,1483,31
2024-04-23 05:32:00,2024-04-23 06:49:00,78,停机,False,正常,1484,31
2024-04-23 06:50:00,2024-04-23 06:52:00,3,空载运行,False,正常,1485,31
2024-04-23 06:53:00,2024-04-23 06:53:00,1,带载运行,False,正常,1486,31
2024-04-23 06:54:00,2024-04-23 06:56:00,3,空载运行,False,正常,1487,31
2024-04-23 06:57:00,2024-04-23 06:59:00,3,停机,False,正常,1488,31
2024-04-23 07:00:00,2024-04-23 07:11:00,12,空载运行,False,正常,1489,31
2024-04-23 07:12:00,2024-04-23 07:12:00,1,停机,False,正常,1490,31
2024-04-23 07:13:00,2024-04-23 08:07:00,55,空载运行,False,正常,1491,31
2024-04-23 08:08:00,2024-04-23 08:58:00,51,停机,False,正常,1492,31
2024-04-23 08:59:00,2024-04-23 09:00:00,2,空载运行,False,正常,1493,31
2024-04-23 09:01:00,2024-04-23 09:15:00,15,停机,False,正常,1494,31
2024-04-23 09:16:00,2024-04-23 11:37:00,142,空载运行,False,正常,1495,31
2024-04-23 11:38:00,2024-04-23 12:49:00,72,停机,False,正常,1496,31
2024-04-23 12:50:00,2024-04-23 14:17:00,88,空载运行,False,正常,1497,31
2024-04-23 14:18:00,2024-04-23 15:43:00,86,停机,False,正常,1498,31
2024-04-23 15:44:00,2024-04-23 15:45:00,2,空载运行,False,正常,1499,31
2024-04-23 15:46:00,2024-04-23 16:50:00,65,停机,False,正常,1500,31
2024-04-23 16:51:00,2024-04-23 16:52:00,2,空载运行,False,正常,1501,31
2024-04-23 16:53:00,2024-04-23 16:54:00,2,停机,False,正常,1502,31
2024-04-23 16:55:00,2024-04-23 16:58:00,4,空载运行,False,正常,1503,31
2024-04-23 16:59:00,2024-04-23 17:56:00,58,停机,False,正常,1504,31
2024-04-23 17:57:00,2024-04-23 18:08:00,12,空载运行,False,正常,1505,31
2024-04-23 18:09:00,2024-04-23 18:10:00,2,停机,False,正常,1506,31
2024-04-23 18:11:00,2024-04-23 18:17:00,7,空载运行,False,正常,1507,31
2024-04-23 18:18:00,2024-04-23 18:46:00,29,停机,False,正常,1508,31
2024-04-23 18:47:00,2024-04-23 18:47:00,1,空载运行,False,正常,1509,31
2024-04-23 18:48:00,2024-04-23 19:58:00,71,停机,False,正常,1510,31
2024-04-23 19:59:00,2024-04-23 19:59:00,1,空载运行,False,正常,1511,31
2024-04-23 20:00:00,2024-04-23 22:15:00,136,停机,False,正常,1512,31
2024-04-23 22:16:00,2024-04-23 22:27:00,12,空载运行,False,正常,1513,31
2024-04-23 22:28:00,2024-04-23 22:35:00,8,停机,False,正常,1514,31
2024-04-23 22:36:00,2024-04-23 22:45:00,10,空载运行,False,正常,1515,31
2024-04-23 22:46:00,2024-04-23 23:35:00,50,停机,False,正常,1516,31
2024-04-23 23:36:00,2024-04-23 23:36:00,1,空载运行,False,正常,1517,31
2024-04-23 23:37:00,2024-04-23 23:44:00,8,停机,False,正常,1518,31
2024-04-23 23:45:00,2024-04-23 23:48:00,4,空载运行,False,正常,1519,31
2024-04-23 23:49:00,2024-04-23 23:55:00,7,停机,False,正常,1520,31
2024-04-23 23:56:00,2024-04-24 00:21:00,26,空载运行,False,正常,1521,31
2024-04-24 00:22:00,2024-04-24 00:24:00,3,停机,False,正常,1522,31
2024-04-24 00:25:00,2024-04-24 00:27:00,3,空载运行,False,正常,1523,31
2024-04-24 00:28:00,2024-04-24 01:36:00,69,停机,False,正常,1524,31
2024-04-24 01:37:00,2024-04-24 01:41:00,5,空载运行,False,正常,1525,31
2024-04-24 01:42:00,2024-04-24 01:50:00,9,停机,False,正常,1526,31
2024-04-24 01:51:00,2024-04-24 01:59:00,9,空载运行,False,正常,1527,31
2024-04-24 02:00:00,2024-04-24 02:11:00,12,停机,False,正常,1528,31
2024-04-24 02:12:00,2024-04-24 02:12:00,1,空载运行,False,正常,1529,31
2024-04-24 02:13:00,2024-04-24 02:13:00,1,停机,False,正常,1530,31
2024-04-24 02:14:00,2024-04-24 02:22:00,9,空载运行,False,正常,1531,31
2024-04-24 02:23:00,2024-04-24 02:29:00,7,停机,False,正常,1532,31
2024-04-24 02:30:00,2024-04-24 02:54:00,25,空载运行,False,正常,1533,31
2024-04-24 02:55:00,2024-04-24 03:49:00,55,停机,False,正常,1534,31
2024-04-24 03:50:00,2024-04-24 03:50:00,1,空载运行,False,正常,1535,31
2024-04-24 03:51:00,2024-04-24 04:00:00,10,停机,False,正常,1536,31
2024-04-24 04:01:00,2024-04-24 04:07:00,7,空载运行,False,正常,1537,31
2024-04-24 04:08:00,2024-04-24 05:08:00,61,停机,False,正常,1538,31
2024-04-24 05:09:00,2024-04-24 05:22:00,14,空载运行,False,正常,1539,31
2024-04-24 05:23:00,2024-04-24 07:23:00,121,停机,False,正常,1540,31
2024-04-24 07:24:00,2024-04-24 08:13:00,50,空载运行,False,正常,1541,31
2024-04-24 08:14:00,2024-04-24 08:16:00,3,停机,False,正常,1542,31
2024-04-24 08:17:00,2024-04-24 08:28:00,12,空载运行,False,正常,1543,31
2024-04-24 08:29:00,2024-04-24 08:29:00,1,停机,False,正常,1544,31
2024-04-24 08:30:00,2024-04-24 09:08:00,39,空载运行,False,正常,1545,31
2024-04-24 09:09:00,2024-04-24 09:13:00,5,停机,False,正常,1546,31
2024-04-24 09:14:00,2024-04-24 09:48:00,35,空载运行,False,正常,1547,31
2024-04-24 09:49:00,2024-04-24 09:49:00,1,停机,False,正常,1548,31
2024-04-24 09:50:00,2024-04-24 14:18:00,269,空载运行,True,通讯中断/传感器休眠（段持续 >= 4h）,1549,32
2024-04-24 14:19:00,2024-04-24 14:22:00,4,停机,False,正常,1550,33
2024-04-24 14:23:00,2024-04-24 14:58:00,36,空载运行,False,正常,1551,33
2024-04-24 14:59:00,2024-04-24 15:01:00,3,停机,False,正常,1552,33
2024-04-24 15:02:00,2024-04-24 15:02:00,1,空载运行,False,正常,1553,33
2024-04-24 15:03:00,2024-04-24 15:18:00,16,停机,False,正常,1554,33
2024-04-24 15:19:00,2024-04-24 15:19:00,1,空载运行,False,正常,1555,33
2024-04-24 15:20:00,2024-04-24 15:30:00,11,停机,False,正常,1556,33
2024-04-24 15:31:00,2024-04-24 15:31:00,1,空载运行,False,正常,1557,33
2024-04-24 15:32:00,2024-04-24 15:50:00,19,停机,False,正常,1558,33
2024-04-24 15:51:00,2024-04-24 15:57:00,7,空载运行,False,正常,1559,33
2024-04-24 15:58:00,2024-04-24 16:24:00,27,停机,False,正常,1560,33
2024-04-24 16:25:00,2024-04-24 16:27:00,3,空载运行,False,正常,1561,33
2024-04-24 16:28:00,2024-04-24 17:52:00,85,停机,False,正常,1562,33
2024-04-24 17:53:00,2024-04-24 17:53:00,1,空载运行,False,正常,1563,33
2024-04-24 17:54:00,2024-04-24 17:56:00,3,停机,False,正常,1564,33
2024-04-24 17:57:00,2024-04-24 17:58:00,2,空载运行,False,正常,1565,33
2024-04-24 17:59:00,2024-04-24 18:00:00,2,停机,False,正常,1566,33
2024-04-24 18:01:00,2024-04-24 18:02:00,2,空载运行,False,正常,1567,33
2024-04-24 18:03:00,2024-04-24 18:03:00,1,停机,False,正常,1568,33
2024-04-24 18:04:00,2024-04-24 18:06:00,3,空载运行,False,正常,1569,33
2024-04-24 18:07:00,2024-04-24 18:10:00,4,停机,False,正常,1570,33
2024-04-24 18:11:00,2024-04-24 18:37:00,27,空载运行,False,正常,1571,33
2024-04-24 18:38:00,2024-04-24 18:43:00,6,停机,False,正常,1572,33
2024-04-24 18:44:00,2024-04-24 18:48:00,5,空载运行,False,正常,1573,33
2024-04-24 18:49:00,2024-04-24 20:07:00,79,停机,False,正常,1574,33
2024-04-24 20:08:00,2024-04-24 20:12:00,5,空载运行,False,正常,1575,33
2024-04-24 20:13:00,2024-04-24 20:14:00,2,停机,False,正常,1576,33
2024-04-24 20:15:00,2024-04-24 20:23:00,9,空载运行,False,正常,1577,33
2024-04-24 20:24:00,2024-04-24 20:32:00,9,停机,False,正常,1578,33
2024-04-24 20:33:00,2024-04-24 20:35:00,3,空载运行,False,正常,1579,33
2024-04-24 20:36:00,2024-04-24 20:45:00,10,停机,False,正常,1580,33
2024-04-24 20:46:00,2024-04-24 21:01:00,16,空载运行,False,正常,1581,33
2024-04-24 21:02:00,2024-04-24 21:07:00,6,停机,False,正常,1582,33
2024-04-24 21:08:00,2024-04-24 21:09:00,2,空载运行,False,正常,1583,33
2024-04-24 21:10:00,2024-04-24 21:27:00,18,停机,False,正常,1584,33
2024-04-24 21:28:00,2024-04-24 21:32:00,5,空载运行,False,正常,1585,33
2024-04-24 21:33:00,2024-04-24 21:46:00,14,停机,False,正常,1586,33
2024-04-24 21:47:00,2024-04-24 21:49:00,3,空载运行,False,正常,1587,33
2024-04-24 21:50:00,2024-04-24 21:51:00,2,停机,False,正常,1588,33
2024-04-24 21:52:00,2024-04-24 21:56:00,5,空载运行,False,正常,1589,33
2024-04-24 21:57:00,2024-04-24 22:56:00,60,停机,False,正常,1590,33
2024-04-24 22:57:00,2024-04-24 23:01:00,5,空载运行,False,正常,1591,33
2024-04-24 23:02:00,2024-04-24 23:02:00,1,带载运行,False,正常,1592,33
2024-04-24 23:03:00,2024-04-24 23:04:00,2,空载运行,False,正常,1593,33
2024-04-24 23:05:00,2024-04-24 23:34:00,30,停机,False,正常,1594,33
2024-04-24 23:35:00,2024-04-24 23:40:00,6,空载运行,False,正常,1595,33
2024-04-24 23:41:00,2024-04-24 23:42:00,2,停机,False,正常,1596,33
2024-04-24 23:43:00,2024-04-24 23:45:00,3,空载运行,False,正常,1597,33
2024-04-24 23:46:00,2024-04-24 23:47:00,2,停机,False,正常,1598,33
2024-04-24 23:48:00,2024-04-24 23:48:00,1,空载运行,False,正常,1599,33
2024-04-24 23:49:00,2024-04-24 23:49:00,1,停机,False,正常,1600,33
2024-04-24 23:50:00,2024-04-24 23:50:00,1,空载运行,False,正常,1601,33
2024-04-24 23:51:00,2024-04-25 00:04:00,14,停机,False,正常,1602,33
2024-04-25 00:05:00,2024-04-25 00:37:00,33,空载运行,False,正常,1603,33
2024-04-25 00:38:00,2024-04-25 00:56:00,19,停机,False,正常,1604,33
2024-04-25 00:57:00,2024-04-25 00:58:00,2,空载运行,False,正常,1605,33
2024-04-25 00:59:00,2024-04-25 01:04:00,6,停机,False,正常,1606,33
2024-04-25 01:05:00,2024-04-25 01:13:00,9,空载运行,False,正常,1607,33
2024-04-25 01:14:00,2024-04-25 01:26:00,13,停机,False,正常,1608,33
2024-04-25 01:27:00,2024-04-25 01:55:00,29,空载运行,False,正常,1609,33
2024-04-25 01:56:00,2024-04-25 01:56:00,1,带载运行,False,正常,1610,33
2024-04-25 01:57:00,2024-04-25 02:01:00,5,空载运行,False,正常,1611,33
2024-04-25 02:02:00,2024-04-25 02:04:00,3,停机,False,正常,1612,33
2024-04-25 02:05:00,2024-04-25 02:10:00,6,空载运行,False,正常,1613,33
2024-04-25 02:11:00,2024-04-25 02:12:00,2,停机,False,正常,1614,33
2024-04-25 02:13:00,2024-04-25 02:25:00,13,空载运行,False,正常,1615,33
2024-04-25 02:26:00,2024-04-25 02:31:00,6,停机,False,正常,1616,33
2024-04-25 02:32:00,2024-04-25 02:34:00,3,空载运行,False,正常,1617,33
2024-04-25 02:35:00,2024-04-25 02:35:00,1,停机,False,正常,1618,33
2024-04-25 02:36:00,2024-04-25 03:06:00,31,空载运行,False,正常,1619,33
2024-04-25 03:07:00,2024-04-25 03:59:00,53,停机,False,正常,1620,33
2024-04-25 04:00:00,2024-04-25 04:12:00,13,空载运行,False,正常,1621,33
2024-04-25 04:13:00,2024-04-25 04:13:00,1,带载运行,False,正常,1622,33
2024-04-25 04:14:00,2024-04-25 04:21:00,8,空载运行,False,正常,1623,33
2024-04-25 04:22:00,2024-04-25 04:24:00,3,停机,False,正常,1624,33
2024-04-25 04:25:00,2024-04-25 04:28:00,4,空载运行,False,正常,1625,33
2024-04-25 04:29:00,2024-04-25 04:29:00,1,带载运行,False,正常,1626,33
2024-04-25 04:30:00,2024-04-25 04:36:00,7,空载运行,False,正常,1627,33
2024-04-25 04:37:00,2024-04-25 04:37:00,1,停机,False,正常,1628,33
2024-04-25 04:38:00,2024-04-25 04:38:00,1,空载运行,False,正常,1629,33
2024-04-25 04:39:00,2024-04-25 04:39:00,1,停机,False,正常,1630,33
2024-04-25 04:40:00,2024-04-25 05:04:00,25,空载运行,False,正常,1631,33
2024-04-25 05:05:00,2024-04-25 05:05:00,1,停机,False,正常,1632,33
2024-04-25 05:06:00,2024-04-25 05:44:00,39,空载运行,False,正常,1633,33
2024-04-25 05:45:00,2024-04-25 06:45:00,61,停机,False,正常,1634,33
2024-04-25 06:46:00,2024-04-25 06:47:00,2,空载运行,False,正常,1635,33
2024-04-25 06:48:00,2024-04-25 07:13:00,26,停机,False,正常,1636,33
2024-04-25 07:14:00,2024-04-25 07:23:00,10,空载运行,False,正常,1637,33
2024-04-25 07:24:00,2024-04-25 07:27:00,4,停机,False,正常,1638,33
2024-04-25 07:28:00,2024-04-25 07:31:00,4,空载运行,False,正常,1639,33
2024-04-25 07:32:00,2024-04-25 07:33:00,2,停机,False,正常,1640,33
2024-04-25 07:34:00,2024-04-25 07:43:00,10,空载运行,False,正常,1641,33
2024-04-25 07:44:00,2024-04-25 07:45:00,2,停机,False,正常,1642,33
2024-04-25 07:46:00,2024-04-25 08:05:00,20,空载运行,False,正常,1643,33
2024-04-25 08:06:00,2024-04-25 08:46:00,41,停机,False,正常,1644,33
2024-04-25 08:47:00,2024-04-25 08:59:00,13,空载运行,False,正常,1645,33
2024-04-25 09:00:00,2024-04-25 09:21:00,22,停机,False,正常,1646,33
2024-04-25 09:22:00,2024-04-25 09:26:00,5,空载运行,False,正常,1647,33
2024-04-25 09:27:00,2024-04-25 09:38:00,12,停机,False,正常,1648,33
2024-04-25 09:39:00,2024-04-25 09:39:00,1,空载运行,False,正常,1649,33
2024-04-25 09:40:00,2024-04-25 09:40:00,1,带载运行,False,正常,1650,33
2024-04-25 09:41:00,2024-04-25 09:47:00,7,空载运行,False,正常,1651,33
2024-04-25 09:48:00,2024-04-25 09:51:00,4,停机,False,正常,1652,33
2024-04-25 09:52:00,2024-04-25 10:04:00,13,空载运行,False,正常,1653,33
2024-04-25 10:05:00,2024-04-25 10:07:00,3,停机,False,正常,1654,33
2024-04-25 10:08:00,2024-04-25 10:11:00,4,空载运行,False,正常,1655,33
2024-04-25 10:12:00,2024-04-25 10:20:00,9,停机,False,正常,1656,33
2024-04-25 10:21:00,2024-04-25 11:09:00,49,空载运行,False,正常,1657,33
2024-04-25 11:10:00,2024-04-25 13:31:00,142,停机,False,正常,1658,33
2024-04-25 13:32:00,2024-04-25 13:32:00,1,空载运行,False,正常,1659,33
2024-04-25 13:33:00,2024-04-25 13:33:00,1,停机,False,正常,1660,33
2024-04-25 13:34:00,2024-04-25 13:44:00,11,空载运行,False,正常,1661,33
2024-04-25 13:45:00,2024-04-25 13:48:00,4,停机,False,正常,1662,33
2024-04-25 13:49:00,2024-04-25 14:26:00,38,空载运行,False,正常,1663,33
2024-04-25 14:27:00,2024-04-25 14:30:00,4,停机,False,正常,1664,33
2024-04-25 14:31:00,2024-04-25 14:37:00,7,空载运行,False,正常,1665,33
2024-04-25 14:38:00,2024-04-25 15:33:00,56,停机,False,正常,1666,33
2024-04-25 15:34:00,2024-04-25 15:34:00,1,空载运行,False,正常,1667,33
2024-04-25 15:35:00,2024-04-25 15:41:00,7,停机,False,正常,1668,33
2024-04-25 15:42:00,2024-04-25 15:42:00,1,空载运行,False,正常,1669,33
2024-04-25 15:43:00,2024-04-25 16:15:00,33,停机,False,正常,1670,33
2024-04-25 16:16:00,2024-04-25 16:20:00,5,空载运行,False,正常,1671,33
2024-04-25 16:21:00,2024-04-25 16:23:00,3,停机,False,正常,1672,33
2024-04-25 16:24:00,2024-04-25 16:27:00,4,空载运行,False,正常,1673,33
2024-04-25 16:28:00,2024-04-25 16:29:00,2,停机,False,正常,1674,33
2024-04-25 16:30:00,2024-04-25 16:39:00,10,空载运行,False,正常,1675,33
2024-04-25 16:40:00,2024-04-25 16:45:00,6,停机,False,正常,1676,33
2024-04-25 16:46:00,2024-04-25 16:47:00,2,空载运行,False,正常,1677,33
2024-04-25 16:48:00,2024-04-25 16:49:00,2,停机,False,正常,1678,33
2024-04-25 16:50:00,2024-04-25 17:01:00,12,空载运行,False,正常,1679,33
2024-04-25 17:02:00,2024-04-25 19:15:00,134,停机,False,正常,1680,33
2024-04-25 19:16:00,2024-04-25 19:16:00,1,空载运行,False,正常,1681,33
2024-04-25 19:17:00,2024-04-25 19:18:00,2,停机,False,正常,1682,33
2024-04-25 19:19:00,2024-04-25 19:26:00,8,空载运行,False,正常,1683,33
2024-04-25 19:27:00,2024-04-25 19:37:00,11,停机,False,正常,1684,33
2024-04-25 19:38:00,2024-04-25 19:41:00,4,空载运行,False,正常,1685,33
2024-04-25 19:42:00,2024-04-25 20:00:00,19,停机,False,正常,1686,33
2024-04-25 20:01:00,2024-04-25 20:09:00,9,空载运行,False,正常,1687,33
2024-04-25 20:10:00,2024-04-25 20:20:00,11,停机,False,正常,1688,33
2024-04-25 20:21:00,2024-04-25 20:27:00,7,空载运行,False,正常,1689,33
2024-04-25 20:28:00,2024-04-25 20:28:00,1,停机,False,正常,1690,33
2024-04-25 20:29:00,2024-04-25 20:39:00,11,空载运行,False,正常,1691,33
2024-04-25 20:40:00,2024-04-25 22:06:00,87,停机,False,正常,1692,33
2024-04-25 22:07:00,2024-04-25 22:13:00,7,空载运行,False,正常,1693,33
2024-04-25 22:14:00,2024-04-25 22:24:00,11,停机,False,正常,1694,33
2024-04-25 22:25:00,2024-04-25 22:31:00,7,空载运行,False,正常,1695,33
2024-04-25 22:32:00,2024-04-25 22:32:00,1,停机,False,正常,1696,33
2024-04-25 22:33:00,2024-04-25 22:36:00,4,空载运行,False,正常,1697,33
2024-04-25 22:37:00,2024-04-25 22:46:00,10,停机,False,正常,1698,33
2024-04-25 22:47:00,2024-04-25 22:50:00,4,空载运行,False,正常,1699,33
2024-04-25 22:51:00,2024-04-25 22:55:00,5,停机,False,正常,1700,33
2024-04-25 22:56:00,2024-04-25 22:59:00,4,空载运行,False,正常,1701,33
2024-04-25 23:00:00,2024-04-25 23:02:00,3,停机,False,正常,1702,33
2024-04-25 23:03:00,2024-04-25 23:07:00,5,空载运行,False,正常,1703,33
2024-04-25 23:08:00,2024-04-25 23:47:00,40,停机,False,正常,1704,33
2024-04-25 23:48:00,2024-04-25 23:50:00,3,空载运行,False,正常,1705,33
2024-04-25 23:51:00,2024-04-26 00:09:00,19,停机,False,正常,1706,33
2024-04-26 00:10:00,2024-04-26 00:15:00,6,空载运行,False,正常,1707,33
2024-04-26 00:16:00,2024-04-26 00:16:00,1,停机,False,正常,1708,33
2024-04-26 00:17:00,2024-04-26 00:17:00,1,带载运行,False,正常,1709,33
2024-04-26 00:18:00,2024-04-26 00:36:00,19,空载运行,False,正常,1710,33
2024-04-26 00:37:00,2024-04-26 00:38:00,2,停机,False,正常,1711,33
2024-04-26 00:39:00,2024-04-26 00:39:00,1,空载运行,False,正常,1712,33
2024-04-26 00:40:00,2024-04-26 00:40:00,1,停机,False,正常,1713,33
2024-04-26 00:41:00,2024-04-26 01:11:00,31,空载运行,False,正常,1714,33
2024-04-26 01:12:00,2024-04-26 01:13:00,2,停机,False,正常,1715,33
2024-04-26 01:14:00,2024-04-26 01:25:00,12,空载运行,False,正常,1716,33
2024-04-26 01:26:00,2024-04-26 01:28:00,3,停机,False,正常,1717,33
2024-04-26 01:29:00,2024-04-26 01:35:00,7,空载运行,False,正常,1718,33
2024-04-26 01:36:00,2024-04-26 01:37:00,2,停机,False,正常,1719,33
2024-04-26 01:38:00,2024-04-26 01:51:00,14,空载运行,False,正常,1720,33
2024-04-26 01:52:00,2024-04-26 01:57:00,6,停机,False,正常,1721,33
2024-04-26 01:58:00,2024-04-26 01:58:00,1,空载运行,False,正常,1722,33
2024-04-26 01:59:00,2024-04-26 02:39:00,41,停机,False,正常,1723,33
2024-04-26 02:40:00,2024-04-26 02:43:00,4,空载运行,False,正常,1724,33
2024-04-26 02:44:00,2024-04-26 02:56:00,13,停机,False,正常,1725,33
2024-04-26 02:57:00,2024-04-26 02:57:00,1,空载运行,False,正常,1726,33
2024-04-26 02:58:00,2024-04-26 02:59:00,2,停机,False,正常,1727,33
2024-04-26 03:00:00,2024-04-26 03:00:00,1,带载运行,False,正常,1728,33
2024-04-26 03:01:00,2024-04-26 03:01:00,1,空载运行,False,正常,1729,33
2024-04-26 03:02:00,2024-04-26 03:04:00,3,停机,False,正常,1730,33
2024-04-26 03:05:00,2024-04-26 03:16:00,12,空载运行,False,正常,1731,33
2024-04-26 03:17:00,2024-04-26 03:17:00,1,停机,False,正常,1732,33
2024-04-26 03:18:00,2024-04-26 03:22:00,5,空载运行,False,正常,1733,33
2024-04-26 03:23:00,2024-04-26 03:27:00,5,停机,False,正常,1734,33
2024-04-26 03:28:00,2024-04-26 03:33:00,6,空载运行,False,正常,1735,33
2024-04-26 03:34:00,2024-04-26 03:34:00,1,停机,False,正常,1736,33
2024-04-26 03:35:00,2024-04-26 03:36:00,2,空载运行,False,正常,1737,33
2024-04-26 03:37:00,2024-04-26 03:37:00,1,带载运行,False,正常,1738,33
2024-04-26 03:38:00,2024-04-26 03:55:00,18,空载运行,False,正常,1739,33
2024-04-26 03:56:00,2024-04-26 04:01:00,6,停机,False,正常,1740,33
2024-04-26 04:02:00,2024-04-26 04:22:00,21,空载运行,False,正常,1741,33
2024-04-26 04:23:00,2024-04-26 05:26:00,64,停机,False,正常,1742,33
2024-04-26 05:27:00,2024-04-26 05:30:00,4,空载运行,False,正常,1743,33
2024-04-26 05:31:00,2024-04-26 05:52:00,22,停机,False,正常,1744,33
2024-04-26 05:53:00,2024-04-26 05:53:00,1,带载运行,False,正常,1745,33
2024-04-26 05:54:00,2024-04-26 05:56:00,3,空载运行,False,正常,1746,33
2024-04-26 05:57:00,2024-04-26 05:59:00,3,停机,False,正常,1747,33
2024-04-26 06:00:00,2024-04-26 06:19:00,20,空载运行,False,正常,1748,33
2024-04-26 06:20:00,2024-04-26 06:20:00,1,停机,False,正常,1749,33
2024-04-26 06:21:00,2024-04-26 06:22:00,2,空载运行,False,正常,1750,33
2024-04-26 06:23:00,2024-04-26 08:41:00,139,停机,False,正常,1751,33
2024-04-26 08:42:00,2024-04-26 08:42:00,1,空载运行,False,正常,1752,33
2024-04-26 08:43:00,2024-04-26 13:00:00,258,停机,True,通讯中断/传感器休眠（段持续 >= 4h）,1753,34
2024-04-26 13:01:00,2024-04-26 13:11:00,11,空载运行,False,正常,1754,35
2024-04-26 13:12:00,2024-04-26 16:06:00,175,停机,False,正常,1755,35
2024-04-26 16:07:00,2024-04-26 16:21:00,15,空载运行,False,正常,1756,35
2024-04-26 16:22:00,2024-04-26 16:27:00,6,停机,False,正常,1757,35
2024-04-26 16:28:00,2024-04-26 16:30:00,3,空载运行,False,正常,1758,35
2024-04-26 16:31:00,2024-04-26 16:54:00,24,停机,False,正常,1759,35
2024-04-26 16:55:00,2024-04-26 16:57:00,3,空载运行,False,正常,1760,35
2024-04-26 16:58:00,2024-04-26 17:08:00,11,停机,False,正常,1761,35
2024-04-26 17:09:00,2024-04-26 17:12:00,4,空载运行,False,正常,1762,35
2024-04-26 17:13:00,2024-04-26 17:25:00,13,停机,False,正常,1763,35
2024-04-26 17:26:00,2024-04-26 17:28:00,3,空载运行,False,正常,1764,35
2024-04-26 17:29:00,2024-04-26 18:10:00,42,停机,False,正常,1765,35
2024-04-26 18:11:00,2024-04-26 18:11:00,1,空载运行,False,正常,1766,35
2024-04-26 18:12:00,2024-04-26 18:12:00,1,停机,False,正常,1767,35
2024-04-26 18:13:00,2024-04-26 18:17:00,5,空载运行,False,正常,1768,35
2024-04-26 18:18:00,2024-04-26 18:29:00,12,停机,False,正常,1769,35
2024-04-26 18:30:00,2024-04-26 18:33:00,4,空载运行,False,正常,1770,35
2024-04-26 18:34:00,2024-04-26 18:42:00,9,停机,False,正常,1771,35
2024-04-26 18:43:00,2024-04-26 18:44:00,2,空载运行,False,正常,1772,35
2024-04-26 18:45:00,2024-04-26 18:51:00,7,停机,False,正常,1773,35
2024-04-26 18:52:00,2024-04-26 19:17:00,26,空载运行,False,正常,1774,35
2024-04-26 19:18:00,2024-04-26 20:37:00,80,停机,False,正常,1775,35
2024-04-26 20:38:00,2024-04-26 20:39:00,2,空载运行,False,正常,1776,35
2024-04-26 20:40:00,2024-04-26 20:40:00,1,带载运行,False,正常,1777,35
2024-04-26 20:41:00,2024-04-26 20:41:00,1,空载运行,False,正常,1778,35
2024-04-26 20:42:00,2024-04-26 20:46:00,5,停机,False,正常,1779,35
2024-04-26 20:47:00,2024-04-26 20:59:00,13,空载运行,False,正常,1780,35
2024-04-26 21:00:00,2024-04-26 21:01:00,2,停机,False,正常,1781,35
2024-04-26 21:02:00,2024-04-26 21:23:00,22,空载运行,False,正常,1782,35
2024-04-26 21:24:00,2024-04-26 21:24:00,1,停机,False,正常,1783,35
2024-04-26 21:25:00,2024-04-26 21:33:00,9,空载运行,False,正常,1784,35
2024-04-26 21:34:00,2024-04-26 21:35:00,2,停机,False,正常,1785,35
2024-04-26 21:36:00,2024-04-26 21:37:00,2,空载运行,False,正常,1786,35
2024-04-26 21:38:00,2024-04-26 21:38:00,1,停机,False,正常,1787,35
2024-04-26 21:39:00,2024-04-26 21:44:00,6,空载运行,False,正常,1788,35
2024-04-26 21:45:00,2024-04-26 22:09:00,25,停机,False,正常,1789,35
2024-04-26 22:10:00,2024-04-26 22:32:00,23,空载运行,False,正常,1790,35
2024-04-26 22:33:00,2024-04-26 22:47:00,15,停机,False,正常,1791,35
2024-04-26 22:48:00,2024-04-26 22:56:00,9,空载运行,False,正常,1792,35
2024-04-26 22:57:00,2024-04-26 23:11:00,15,停机,False,正常,1793,35
2024-04-26 23:12:00,2024-04-26 23:18:00,7,空载运行,False,正常,1794,35
2024-04-26 23:19:00,2024-04-26 23:20:00,2,停机,False,正常,1795,35
2024-04-26 23:21:00,2024-04-26 23:21:00,1,空载运行,False,正常,1796,35
2024-04-26 23:22:00,2024-04-26 23:22:00,1,停机,False,正常,1797,35
2024-04-26 23:23:00,2024-04-26 23:23:00,1,空载运行,False,正常,1798,35
2024-04-26 23:24:00,2024-04-26 23:25:00,2,停机,False,正常,1799,35
2024-04-26 23:26:00,2024-04-26 23:27:00,2,空载运行,False,正常,1800,35
2024-04-26 23:28:00,2024-04-26 23:29:00,2,停机,False,正常,1801,35
2024-04-26 23:30:00,2024-04-26 23:33:00,4,空载运行,False,正常,1802,35
2024-04-26 23:34:00,2024-04-26 23:34:00,1,停机,False,正常,1803,35
2024-04-26 23:35:00,2024-04-26 23:46:00,12,空载运行,False,正常,1804,35
2024-04-26 23:47:00,2024-04-26 23:47:00,1,停机,False,正常,1805,35
2024-04-26 23:48:00,2024-04-26 23:48:00,1,空载运行,False,正常,1806,35
2024-04-26 23:49:00,2024-04-26 23:51:00,3,停机,False,正常,1807,35
2024-04-26 23:52:00,2024-04-27 00:09:00,18,空载运行,False,正常,1808,35
2024-04-27 00:10:00,2024-04-27 00:37:00,28,停机,False,正常,1809,35
2024-04-27 00:38:00,2024-04-27 00:39:00,2,空载运行,False,正常,1810,35
2024-04-27 00:40:00,2024-04-27 00:40:00,1,停机,False,正常,1811,35
2024-04-27 00:41:00,2024-04-27 00:50:00,10,空载运行,False,正常,1812,35
2024-04-27 00:51:00,2024-04-27 00:52:00,2,停机,False,正常,1813,35
2024-04-27 00:53:00,2024-04-27 00:55:00,3,空载运行,False,正常,1814,35
2024-04-27 00:56:00,2024-04-27 01:09:00,14,停机,False,正常,1815,35
2024-04-27 01:10:00,2024-04-27 01:16:00,7,空载运行,False,正常,1816,35
2024-04-27 01:17:00,2024-04-27 01:17:00,1,停机,False,正常,1817,35
2024-04-27 01:18:00,2024-04-27 02:15:00,58,空载运行,False,正常,1818,35
2024-04-27 02:16:00,2024-04-27 02:53:00,38,停机,False,正常,1819,35
2024-04-27 02:54:00,2024-04-27 03:26:00,33,空载运行,False,正常,1820,35
2024-04-27 03:27:00,2024-04-27 03:27:00,1,带载运行,False,正常,1821,35
2024-04-27 03:28:00,2024-04-27 04:06:00,39,空载运行,False,正常,1822,35
2024-04-27 04:07:00,2024-04-27 05:10:00,64,停机,False,正常,1823,35
2024-04-27 05:11:00,2024-04-27 05:39:00,29,空载运行,False,正常,1824,35
2024-04-27 05:40:00,2024-04-27 05:41:00,2,停机,False,正常,1825,35
2024-04-27 05:42:00,2024-04-27 05:49:00,8,空载运行,False,正常,1826,35
2024-04-27 05:50:00,2024-04-27 05:51:00,2,停机,False,正常,1827,35
2024-04-27 05:52:00,2024-04-27 05:52:00,1,空载运行,False,正常,1828,35
2024-04-27 05:53:00,2024-04-27 06:34:00,42,停机,False,正常,1829,35
2024-04-27 06:35:00,2024-04-27 06:45:00,11,空载运行,False,正常,1830,35
2024-04-27 06:46:00,2024-04-27 06:50:00,5,停机,False,正常,1831,35
2024-04-27 06:51:00,2024-04-27 06:57:00,7,空载运行,False,正常,1832,35
2024-04-27 06:58:00,2024-04-27 06:59:00,2,停机,False,正常,1833,35
2024-04-27 07:00:00,2024-04-27 07:11:00,12,空载运行,False,正常,1834,35
2024-04-27 07:12:00,2024-04-27 07:47:00,36,停机,False,正常,1835,35
2024-04-27 07:48:00,2024-04-27 07:55:00,8,空载运行,False,正常,1836,35
2024-04-27 07:56:00,2024-04-27 08:32:00,37,停机,False,正常,1837,35
2024-04-27 08:33:00,2024-04-27 08:35:00,3,空载运行,False,正常,1838,35
2024-04-27 08:36:00,2024-04-27 08:38:00,3,停机,False,正常,1839,35
2024-04-27 08:39:00,2024-04-27 08:39:00,1,空载运行,False,正常,1840,35
2024-04-27 08:40:00,2024-04-27 08:49:00,10,停机,False,正常,1841,35
2024-04-27 08:50:00,2024-04-27 09:07:00,18,空载运行,False,正常,1842,35
2024-04-27 09:08:00,2024-04-27 09:22:00,15,停机,False,正常,1843,35
2024-04-27 09:23:00,2024-04-27 09:29:00,7,空载运行,False,正常,1844,35
2024-04-27 09:30:00,2024-04-27 09:34:00,5,停机,False,正常,1845,35
2024-04-27 09:35:00,2024-04-27 09:57:00,23,空载运行,False,正常,1846,35
2024-04-27 09:58:00,2024-04-27 10:14:00,17,停机,False,正常,1847,35
2024-04-27 10:15:00,2024-04-27 14:46:00,272,空载运行,True,通讯中断/传感器休眠（段持续 >= 4h）,1848,36
2024-04-27 14:47:00,2024-04-27 15:44:00,58,停机,False,正常,1849,37
2024-04-27 15:45:00,2024-04-27 15:45:00,1,空载运行,False,正常,1850,37
2024-04-27 15:46:00,2024-04-27 17:46:00,121,停机,False,正常,1851,37
2024-04-27 17:47:00,2024-04-27 17:48:00,2,空载运行,False,正常,1852,37
2024-04-27 17:49:00,2024-04-27 17:50:00,2,停机,False,正常,1853,37
2024-04-27 17:51:00,2024-04-27 17:56:00,6,空载运行,False,正常,1854,37
2024-04-27 17:57:00,2024-04-27 17:57:00,1,带载运行,False,正常,1855,37
2024-04-27 17:58:00,2024-04-27 18:41:00,44,空载运行,False,正常,1856,37
2024-04-27 18:42:00,2024-04-27 19:16:00,35,停机,False,正常,1857,37
2024-04-27 19:17:00,2024-04-27 19:27:00,11,空载运行,False,正常,1858,37
2024-04-27 19:28:00,2024-04-27 19:32:00,5,停机,False,正常,1859,37
2024-04-27 19:33:00,2024-04-27 19:44:00,12,空载运行,False,正常,1860,37
2024-04-27 19:45:00,2024-04-27 21:55:00,131,停机,False,正常,1861,37
2024-04-27 21:56:00,2024-04-27 21:56:00,1,空载运行,False,正常,1862,37
2024-04-27 21:57:00,2024-04-27 21:57:00,1,带载运行,False,正常,1863,37
2024-04-27 21:58:00,2024-04-27 22:35:00,38,空载运行,False,正常,1864,37
2024-04-27 22:36:00,2024-04-27 22:36:00,1,停机,False,正常,1865,37
2024-04-27 22:37:00,2024-04-27 22:46:00,10,空载运行,False,正常,1866,37
2024-04-27 22:47:00,2024-04-27 22:49:00,3,停机,False,正常,1867,37
2024-04-27 22:50:00,2024-04-27 22:51:00,2,空载运行,False,正常,1868,37
2024-04-27 22:52:00,2024-04-27 23:59:00,68,停机,False,正常,1869,37
2024-04-28 00:00:00,2024-04-28 00:00:00,1,空载运行,False,正常,1870,37
2024-04-28 00:01:00,2024-04-28 00:43:00,43,停机,False,正常,1871,37
2024-04-28 00:44:00,2024-04-28 01:06:00,23,空载运行,False,正常,1872,37
2024-04-28 01:07:00,2024-04-28 01:08:00,2,停机,False,正常,1873,37
2024-04-28 01:09:00,2024-04-28 01:43:00,35,空载运行,False,正常,1874,37
2024-04-28 01:44:00,2024-04-28 01:47:00,4,停机,False,正常,1875,37
2024-04-28 01:48:00,2024-04-28 01:55:00,8,空载运行,False,正常,1876,37
2024-04-28 01:56:00,2024-04-28 02:28:00,33,停机,False,正常,1877,37
2024-04-28 02:29:00,2024-04-28 02:31:00,3,空载运行,False,正常,1878,37
2024-04-28 02:32:00,2024-04-28 02:44:00,13,停机,False,正常,1879,37
2024-04-28 02:45:00,2024-04-28 02:57:00,13,空载运行,False,正常,1880,37
2024-04-28 02:58:00,2024-04-28 02:58:00,1,停机,False,正常,1881,37
2024-04-28 02:59:00,2024-04-28 03:13:00,15,空载运行,False,正常,1882,37
2024-04-28 03:14:00,2024-04-28 03:14:00,1,停机,False,正常,1883,37
2024-04-28 03:15:00,2024-04-28 03:28:00,14,空载运行,False,正常,1884,37
2024-04-28 03:29:00,2024-04-28 03:29:00,1,带载运行,False,正常,1885,37
2024-04-28 03:30:00,2024-04-28 03:44:00,15,空载运行,False,正常,1886,37
2024-04-28 03:45:00,2024-04-28 03:48:00,4,停机,False,正常,1887,37
2024-04-28 03:49:00,2024-04-28 03:49:00,1,空载运行,False,正常,1888,37
2024-04-28 03:50:00,2024-04-28 03:50:00,1,停机,False,正常,1889,37
2024-04-28 03:51:00,2024-04-28 04:02:00,12,空载运行,False,正常,1890,37
2024-04-28 04:03:00,2024-04-28 05:03:00,61,停机,False,正常,1891,37
