段起始时间,段结束时间,持续时间(min),工况,是否异常,异常原因,段索引,分段号
2024-04-01 00:00:00,2024-04-01 00:07:00,8,停机,False,正常,0,1
2024-04-01 00:08:00,2024-04-01 00:19:00,12,带载运行,False,正常,1,1
2024-04-01 00:20:00,2024-04-01 00:32:00,13,停机,False,正常,2,1
2024-04-01 00:33:00,2024-04-01 00:34:00,2,带载运行,False,正常,3,1
2024-04-01 00:35:00,2024-04-01 00:35:00,1,停机,False,正常,4,1
2024-04-01 00:36:00,2024-04-01 00:36:00,1,带载运行,False,正常,5,1
2024-04-01 00:37:00,2024-04-01 00:51:00,15,停机,False,正常,6,1
2024-04-01 00:52:00,2024-04-01 00:53:00,2,空载运行,False,正常,7,1
2024-04-01 00:54:00,2024-04-01 01:05:00,12,带载运行,False,正常,8,1
2024-04-01 01:06:00,2024-04-01 01:24:00,19,停机,False,正常,9,1
2024-04-01 01:25:00,2024-04-01 01:25:00,1,空载运行,False,正常,10,1
2024-04-01 01:26:00,2024-04-01 01:40:00,15,带载运行,False,正常,11,1
2024-04-01 01:41:00,2024-04-01 02:26:00,46,停机,False,正常,12,1
2024-04-01 02:27:00,2024-04-01 02:27:00,1,带载运行,False,正常,13,1
2024-04-01 02:28:00,2024-04-01 04:10:00,103,停机,False,正常,14,1
2024-04-01 04:11:00,2024-04-01 04:11:00,1,空载运行,False,正常,15,1
2024-04-01 04:12:00,2024-04-01 04:12:00,1,带载运行,False,正常,16,1
2024-04-01 04:13:00,2024-04-01 04:18:00,6,停机,False,正常,17,1
2024-04-01 04:19:00,2024-04-01 04:19:00,1,空载运行,False,正常,18,1
2024-04-01 04:20:00,2024-04-01 04:21:00,2,停机,False,正常,19,1
2024-04-01 04:22:00,2024-04-01 04:22:00,1,带载运行,False,正常,20,1
2024-04-01 04:23:00,2024-04-01 04:26:00,4,停机,False,正常,21,1
2024-04-01 04:27:00,2024-04-01 04:27:00,1,空载运行,False,正常,22,1
2024-04-01 04:28:00,2024-04-01 04:28:00,1,带载运行,False,正常,23,1
2024-04-01 04:29:00,2024-04-01 04:30:00,2,停机,False,正常,24,1
2024-04-01 04:31:00,2024-04-01 06:36:00,126,带载运行,False,正常,25,1
2024-04-01 06:37:00,2024-04-01 08:02:00,86,停机,False,正常,26,1
2024-04-01 08:03:00,2024-04-01 08:03:00,1,空载运行,False,正常,27,1
2024-04-01 08:04:00,2024-04-01 08:17:00,14,带载运行,False,正常,28,1
2024-04-01 08:18:00,2024-04-01 08:32:00,15,停机,False,正常,29,1
2024-04-01 08:33:00,2024-04-01 08:43:00,11,带载运行,False,正常,30,1
2024-04-01 08:44:00,2024-04-01 08:44:00,1,停机,False,正常,31,1
2024-04-01 08:45:00,2024-04-01 08:45:00,1,空载运行,False,正常,32,1
2024-04-01 08:46:00,2024-04-01 09:34:00,49,带载运行,False,正常,33,1
2024-04-01 09:35:00,2024-04-01 10:02:00,28,停机,False,正常,34,1
2024-04-01 10:03:00,2024-04-01 10:03:00,1,空载运行,False,正常,35,1
2024-04-01 10:04:00,2024-04-01 10:05:00,2,停机,False,正常,36,1
2024-04-01 10:06:00,2024-04-01 10:07:00,2,带载运行,False,正常,37,1
2024-04-01 10:08:00,2024-04-01 10:10:00,3,停机,False,正常,38,1
2024-04-01 10:11:00,2024-04-01 10:12:00,2,带载运行,False,正常,39,1
2024-04-01 10:13:00,2024-04-01 10:13:00,1,停机,False,正常,40,1
2024-04-01 10:14:00,2024-04-01 10:14:00,1,空载运行,False,正常,41,1
2024-04-01 10:15:00,2024-04-01 10:15:00,1,带载运行,False,正常,42,1
2024-04-01 10:16:00,2024-04-01 10:19:00,4,停机,False,正常,43,1
2024-04-01 10:20:00,2024-04-01 10:21:00,2,带载运行,False,正常,44,1
2024-04-01 10:22:00,2024-04-01 10:22:00,1,空载运行,False,正常,45,1
2024-04-01 10:23:00,2024-04-01 10:24:00,2,停机,False,正常,46,1
2024-04-01 10:25:00,2024-04-01 10:25:00,1,带载运行,False,正常,47,1
2024-04-01 10:26:00,2024-04-01 10:26:00,1,空载运行,False,正常,48,1
2024-04-01 10:27:00,2024-04-01 10:27:00,1,停机,False,正常,49,1
2024-04-01 10:28:00,2024-04-01 10:28:00,1,带载运行,False,正常,50,1
2024-04-01 10:29:00,2024-04-01 10:29:00,1,停机,False,正常,51,1
2024-04-01 10:30:00,2024-04-01 10:30:00,1,空载运行,False,正常,52,1
2024-04-01 10:31:00,2024-04-01 10:51:00,21,停机,False,正常,53,1
2024-04-01 10:52:00,2024-04-01 10:52:00,1,带载运行,False,正常,54,1
2024-04-01 10:53:00,2024-04-01 10:55:00,3,停机,False,正常,55,1
2024-04-01 10:56:00,2024-04-01 10:56:00,1,带载运行,False,正常,56,1
2024-04-01 10:57:00,2024-04-01 11:01:00,5,停机,False,正常,57,1
2024-04-01 11:02:00,2024-04-01 11:02:00,1,空载运行,False,正常,58,1
2024-04-01 11:03:00,2024-04-01 11:03:00,1,带载运行,False,正常,59,1
2024-04-01 11:04:00,2024-04-01 11:06:00,3,停机,False,正常,60,1
2024-04-01 11:07:00,2024-04-01 11:07:00,1,空载运行,False,正常,61,1
2024-04-01 11:08:00,2024-04-01 11:13:00,6,停机,False,正常,62,1
2024-04-01 11:14:00,2024-04-01 11:14:00,1,空载运行,False,正常,63,1
2024-04-01 11:15:00,2024-04-01 11:26:00,12,停机,False,正常,64,1
2024-04-01 11:27:00,2024-04-01 11:27:00,1,空载运行,False,正常,65,1
2024-04-01 11:28:00,2024-04-01 11:37:00,10,停机,False,正常,66,1
2024-04-01 11:38:00,2024-04-01 11:39:00,2,空载运行,False,正常,67,1
2024-04-01 11:40:00,2024-04-01 12:11:00,32,停机,False,正常,68,1
2024-04-01 12:12:00,2024-04-01 12:13:00,2,带载运行,False,正常,69,1
2024-04-01 12:14:00,2024-04-01 12:16:00,3,停机,False,正常,70,1
2024-04-01 12:17:00,2024-04-01 12:19:00,3,带载运行,False,正常,71,1
2024-04-01 12:20:00,2024-04-01 14:16:00,117,停机,False,正常,72,1
2024-04-01 14:17:00,2024-04-01 14:18:00,2,空载运行,False,正常,73,1
2024-04-01 14:19:00,2024-04-01 14:21:00,3,停机,False,正常,74,1
2024-04-01 14:22:00,2024-04-01 14:22:00,1,空载运行,False,正常,75,1
2024-04-01 14:23:00,2024-04-01 14:24:00,2,带载运行,False,正常,76,1
2024-04-01 14:25:00,2024-04-01 14:40:00,16,空载运行,False,正常,77,1
2024-04-01 14:41:00,2024-04-01 14:47:00,7,带载运行,False,正常,78,1
2024-04-01 14:48:00,2024-04-01 14:55:00,8,停机,False,正常,79,1
2024-04-01 14:56:00,2024-04-01 14:56:00,1,空载运行,False,正常,80,1
2024-04-01 14:57:00,2024-04-01 15:09:00,13,停机,False,正常,81,1
2024-04-01 15:10:00,2024-04-01 15:10:00,1,空载运行,False,正常,82,1
2024-04-01 15:11:00,2024-04-01 15:14:00,4,停机,False,正常,83,1
2024-04-01 15:15:00,2024-04-01 15:15:00,1,空载运行,False,正常,84,1
2024-04-01 15:16:00,2024-04-01 15:22:00,7,带载运行,False,正常,85,1
2024-04-01 15:23:00,2024-04-01 15:36:00,14,停机,False,正常,86,1
2024-04-01 15:37:00,2024-04-01 16:43:00,67,带载运行,False,正常,87,1
2024-04-01 16:44:00,2024-04-01 16:53:00,10,停机,False,正常,88,1
2024-04-01 16:54:00,2024-04-01 17:32:00,39,带载运行,False,正常,89,1
2024-04-01 17:33:00,2024-04-01 17:47:00,15,停机,False,正常,90,1
2024-04-01 17:48:00,2024-04-01 17:48:00,1,带载运行,False,正常,91,1
2024-04-01 17:49:00,2024-04-01 17:49:00,1,停机,False,正常,92,1
2024-04-01 17:50:00,2024-04-01 17:50:00,1,空载运行,False,正常,93,1
2024-04-01 17:51:00,2024-04-01 19:59:00,129,带载运行,False,正常,94,1
2024-04-01 20:00:00,2024-04-01 20:00:00,1,停机,False,正常,95,1
2024-04-01 20:01:00,2024-04-01 20:10:00,10,带载运行,False,正常,96,1
2024-04-01 20:11:00,2024-04-01 20:11:00,1,空载运行,False,正常,97,1
2024-04-01 20:12:00,2024-04-01 20:18:00,7,停机,False,正常,98,1
2024-04-01 20:19:00,2024-04-01 21:20:00,62,带载运行,False,正常,99,1
2024-04-01 21:21:00,2024-04-01 21:22:00,2,停机,False,正常,100,1
2024-04-01 21:23:00,2024-04-01 21:37:00,15,带载运行,False,正常,101,1
2024-04-01 21:38:00,2024-04-01 21:38:00,1,空载运行,False,正常,102,1
2024-04-01 21:39:00,2024-04-01 21:39:00,1,带载运行,False,正常,103,1
2024-04-01 21:40:00,2024-04-01 21:40:00,1,停机,False,正常,104,1
2024-04-01 21:41:00,2024-04-01 21:41:00,1,带载运行,False,正常,105,1
2024-04-01 21:42:00,2024-04-01 21:57:00,16,停机,False,正常,106,1
2024-04-01 21:58:00,2024-04-01 21:58:00,1,带载运行,False,正常,107,1
2024-04-01 21:59:00,2024-04-01 21:59:00,1,停机,False,正常,108,1
2024-04-01 22:00:00,2024-04-01 22:00:00,1,空载运行,False,正常,109,1
2024-04-01 22:01:00,2024-04-02 00:28:00,148,带载运行,False,正常,110,1
2024-04-02 00:29:00,2024-04-02 00:29:00,1,空载运行,False,正常,111,1
2024-04-02 00:30:00,2024-04-02 03:07:00,158,带载运行,False,正常,112,1
2024-04-02 03:08:00,2024-04-02 03:31:00,24,停机,False,正常,113,1
2024-04-02 03:32:00,2024-04-02 05:37:00,126,带载运行,False,正常,114,1
2024-04-02 05:38:00,2024-04-02 05:43:00,6,停机,False,正常,115,1
2024-04-02 05:44:00,2024-04-02 06:25:00,42,带载运行,False,正常,116,1
2024-04-02 06:26:00,2024-04-02 06:33:00,8,停机,False,正常,117,1
2024-04-02 06:34:00,2024-04-02 06:34:00,1,空载运行,False,正常,118,1
2024-04-02 06:35:00,2024-04-02 06:36:00,2,停机,False,正常,119,1
2024-04-02 06:37:00,2024-04-02 07:49:00,73,带载运行,False,正常,120,1
2024-04-02 07:50:00,2024-04-02 08:06:00,17,停机,False,正常,121,1
2024-04-02 08:07:00,2024-04-02 08:07:00,1,空载运行,False,正常,122,1
2024-04-02 08:08:00,2024-04-02 09:23:00,76,带载运行,False,正常,123,1
2024-04-02 09:24:00,2024-04-02 09:25:00,2,停机,False,正常,124,1
2024-04-02 09:26:00,2024-04-02 09:29:00,4,带载运行,False,正常,125,1
2024-04-02 09:30:00,2024-04-02 09:34:00,5,停机,False,正常,126,1
2024-04-02 09:35:00,2024-04-02 10:15:00,41,带载运行,False,正常,127,1
2024-04-02 10:16:00,2024-04-02 10:20:00,5,停机,False,正常,128,1
2024-04-02 10:21:00,2024-04-02 10:52:00,32,带载运行,False,正常,129,1
2024-04-02 10:53:00,2024-04-02 11:15:00,23,停机,False,正常,130,1
2024-04-02 11:16:00,2024-04-02 11:16:00,1,带载运行,False,正常,131,1
2024-04-02 11:17:00,2024-04-02 11:18:00,2,停机,False,正常,132,1
2024-04-02 11:19:00,2024-04-02 11:19:00,1,带载运行,False,正常,133,1
2024-04-02 11:20:00,2024-04-02 11:21:00,2,停机,False,正常,134,1
2024-04-02 11:22:00,2024-04-02 11:22:00,1,带载运行,False,正常,135,1
2024-04-02 11:23:00,2024-04-02 11:23:00,1,停机,False,正常,136,1
2024-04-02 11:24:00,2024-04-02 11:24:00,1,带载运行,False,正常,137,1
2024-04-02 11:25:00,2024-04-02 11:26:00,2,停机,False,正常,138,1
2024-04-02 11:27:00,2024-04-02 11:30:00,4,带载运行,False,正常,139,1
2024-04-02 11:31:00,2024-04-02 12:41:00,71,停机,False,正常,140,1
2024-04-02 12:42:00,2024-04-02 12:42:00,1,空载运行,False,正常,141,1
2024-04-02 12:43:00,2024-04-02 12:44:00,2,停机,False,正常,142,1
2024-04-02 12:45:00,2024-04-02 12:45:00,1,空载运行,False,正常,143,1
2024-04-02 12:46:00,2024-04-02 12:47:00,2,带载运行,False,正常,144,1
2024-04-02 12:48:00,2024-04-02 12:48:00,1,停机,False,正常,145,1
2024-04-02 12:49:00,2024-04-02 12:49:00,1,带载运行,False,正常,146,1
2024-04-02 12:50:00,2024-04-02 13:18:00,29,停机,False,正常,147,1
2024-04-02 13:19:00,2024-04-02 13:22:00,4,空载运行,False,正常,148,1
2024-04-02 13:23:00,2024-04-02 14:09:00,47,停机,False,正常,149,1
2024-04-02 14:10:00,2024-04-02 14:10:00,1,空载运行,False,正常,150,1
2024-04-02 14:11:00,2024-04-02 14:48:00,38,停机,False,正常,151,1
2024-04-02 14:49:00,2024-04-02 14:49:00,1,带载运行,False,正常,152,1
2024-04-02 14:50:00,2024-04-02 16:04:00,75,停机,False,正常,153,1
2024-04-02 16:05:00,2024-04-02 16:05:00,1,空载运行,False,正常,154,1
2024-04-02 16:06:00,2024-04-02 16:07:00,2,带载运行,False,正常,155,1
2024-04-02 16:08:00,2024-04-02 16:08:00,1,停机,False,正常,156,1
2024-04-02 16:09:00,2024-04-02 16:27:00,19,带载运行,False,正常,157,1
2024-04-02 16:28:00,2024-04-02 16:30:00,3,停机,False,正常,158,1
2024-04-02 16:31:00,2024-04-02 19:37:00,187,带载运行,False,正常,159,1
2024-04-02 19:38:00,2024-04-02 19:46:00,9,停机,False,正常,160,1
2024-04-02 19:47:00,2024-04-02 21:57:00,131,带载运行,False,正常,161,1
2024-04-02 21:58:00,2024-04-02 21:58:00,1,停机,False,正常,162,1
2024-04-02 21:59:00,2024-04-02 22:00:00,2,带载运行,False,正常,163,1
2024-04-02 22:01:00,2024-04-02 22:13:00,13,停机,False,正常,164,1
2024-04-02 22:14:00,2024-04-02 23:31:00,78,带载运行,False,正常,165,1
2024-04-02 23:32:00,2024-04-02 23:35:00,4,停机,False,正常,166,1
2024-04-02 23:36:00,2024-04-02 23:42:00,7,带载运行,False,正常,167,1
2024-04-02 23:43:00,2024-04-02 23:44:00,2,停机,False,正常,168,1
2024-04-02 23:45:00,2024-04-03 03:35:00,231,带载运行,False,正常,169,1
2024-04-03 03:36:00,2024-04-03 03:37:00,2,停机,False,正常,170,1
2024-04-03 03:38:00,2024-04-03 08:25:00,288,带载运行,False,正常,171,1
2024-04-03 08:26:00,2024-04-03 08:30:00,5,停机,False,正常,172,1
2024-04-03 08:31:00,2024-04-03 08:31:00,1,空载运行,False,正常,173,1
2024-04-03 08:32:00,2024-04-03 09:54:00,83,带载运行,False,正常,174,1
2024-04-03 09:55:00,2024-04-03 10:15:00,21,停机,False,正常,175,1
2024-04-03 10:16:00,2024-04-03 10:16:00,1,空载运行,False,正常,176,1
2024-04-03 10:17:00,2024-04-03 10:25:00,9,带载运行,False,正常,177,1
2024-04-03 10:26:00,2024-04-03 10:36:00,11,停机,False,正常,178,1
2024-04-03 10:37:00,2024-04-03 10:40:00,4,带载运行,False,正常,179,1
2024-04-03 10:41:00,2024-04-03 10:43:00,3,停机,False,正常,180,1
2024-04-03 10:44:00,2024-04-03 10:44:00,1,带载运行,False,正常,181,1
2024-04-03 10:45:00,2024-04-03 10:47:00,3,停机,False,正常,182,1
2024-04-03 10:48:00,2024-04-03 10:56:00,9,带载运行,False,正常,183,1
2024-04-03 10:57:00,2024-04-03 11:16:00,20,停机,False,正常,184,1
2024-04-03 11:17:00,2024-04-03 11:21:00,5,带载运行,False,正常,185,1
2024-04-03 11:22:00,2024-04-03 12:20:00,59,停机,False,正常,186,1
2024-04-03 12:21:00,2024-04-03 12:21:00,1,空载运行,False,正常,187,1
2024-04-03 12:22:00,2024-04-03 12:26:00,5,停机,False,正常,188,1
2024-04-03 12:27:00,2024-04-03 12:28:00,2,空载运行,False,正常,189,1
2024-04-03 12:29:00,2024-04-03 15:50:00,202,停机,False,正常,190,1
2024-04-03 15:51:00,2024-04-03 15:51:00,1,带载运行,False,正常,191,1
2024-04-03 15:52:00,2024-04-03 16:23:00,32,停机,False,正常,192,1
2024-04-03 16:24:00,2024-04-03 16:24:00,1,空载运行,False,正常,193,1
2024-04-03 16:25:00,2024-04-03 17:03:00,39,带载运行,False,正常,194,1
2024-04-03 17:04:00,2024-04-03 17:09:00,6,停机,False,正常,195,1
2024-04-03 17:10:00,2024-04-03 17:10:00,1,空载运行,False,正常,196,1
2024-04-03 17:11:00,2024-04-03 21:04:00,234,带载运行,False,正常,197,1
2024-04-03 21:05:00,2024-04-03 21:20:00,16,停机,False,正常,198,1
2024-04-03 21:21:00,2024-04-03 21:21:00,1,空载运行,False,正常,199,1
2024-04-03 21:22:00,2024-04-03 21:22:00,1,带载运行,False,正常,200,1
2024-04-03 21:23:00,2024-04-03 21:34:00,12,停机,False,正常,201,1
2024-04-03 21:35:00,2024-04-03 21:35:00,1,空载运行,False,正常,202,1
2024-04-03 21:36:00,2024-04-04 00:11:00,156,带载运行,False,正常,203,1
2024-04-04 00:12:00,2024-04-04 00:15:00,4,停机,False,正常,204,1
2024-04-04 00:16:00,2024-04-04 01:36:00,81,带载运行,False,正常,205,1
2024-04-04 01:37:00,2024-04-04 01:39:00,3,停机,False,正常,206,1
2024-04-04 01:40:00,2024-04-04 01:40:00,1,空载运行,False,正常,207,1
2024-04-04 01:41:00,2024-04-04 02:02:00,22,带载运行,False,正常,208,1
2024-04-04 02:03:00,2024-04-04 03:35:00,93,停机,False,正常,209,1
2024-04-04 03:36:00,2024-04-04 03:36:00,1,空载运行,False,正常,210,1
2024-04-04 03:37:00,2024-04-04 03:58:00,22,带载运行,False,正常,211,1
2024-04-04 03:59:00,2024-04-04 04:01:00,3,停机,False,正常,212,1
2024-04-04 04:02:00,2024-04-04 04:02:00,1,空载运行,False,正常,213,1
2024-04-04 04:03:00,2024-04-04 04:08:00,6,带载运行,False,正常,214,1
2024-04-04 04:09:00,2024-04-04 04:09:00,1,空载运行,False,正常,215,1
2024-04-04 04:10:00,2024-04-04 04:28:00,19,停机,False,正常,216,1
2024-04-04 04:29:00,2024-04-04 08:05:00,217,带载运行,False,正常,217,1
2024-04-04 08:06:00,2024-04-04 08:17:00,12,停机,False,正常,218,1
2024-04-04 08:18:00,2024-04-04 08:24:00,7,带载运行,False,正常,219,1
2024-04-04 08:25:00,2024-04-04 08:25:00,1,停机,False,正常,220,1
2024-04-04 08:26:00,2024-04-04 08:26:00,1,带载运行,False,正常,221,1
2024-04-04 08:27:00,2024-04-04 08:28:00,2,空载运行,False,正常,222,1
2024-04-04 08:29:00,2024-04-04 08:46:00,18,带载运行,False,正常,223,1
2024-04-04 08:47:00,2024-04-04 08:52:00,6,停机,False,正常,224,1
2024-04-04 08:53:00,2024-04-04 09:06:00,14,带载运行,False,正常,225,1
2024-04-04 09:07:00,2024-04-04 09:40:00,34,停机,False,正常,226,1
2024-04-04 09:41:00,2024-04-04 09:41:00,1,空载运行,False,正常,227,1
2024-04-04 09:42:00,2024-04-04 09:42:00,1,停机,False,正常,228,1
2024-04-04 09:43:00,2024-04-04 09:45:00,3,带载运行,False,正常,229,1
2024-04-04 09:46:00,2024-04-04 09:46:00,1,停机,False,正常,230,1
2024-04-04 09:47:00,2024-04-04 09:51:00,5,带载运行,False,正常,231,1
2024-04-04 09:52:00,2024-04-04 09:52:00,1,停机,False,正常,232,1
2024-04-04 09:53:00,2024-04-04 09:56:00,4,带载运行,False,正常,233,1
2024-04-04 09:57:00,2024-04-04 11:55:00,119,停机,False,正常,234,1
2024-04-04 11:56:00,2024-04-04 11:56:00,1,带载运行,False,正常,235,1
2024-04-04 11:57:00,2024-04-04 12:05:00,9,停机,False,正常,236,1
2024-04-04 12:06:00,2024-04-04 12:06:00,1,空载运行,False,正常,237,1
2024-04-04 12:07:00,2024-04-04 12:15:00,9,停机,False,正常,238,1
2024-04-04 12:16:00,2024-04-04 12:16:00,1,空载运行,False,正常,239,1
2024-04-04 12:17:00,2024-04-04 12:17:00,1,停机,False,正常,240,1
2024-04-04 12:18:00,2024-04-04 12:18:00,1,带载运行,False,正常,241,1
2024-04-04 12:19:00,2024-04-04 13:17:00,59,停机,False,正常,242,1
2024-04-04 13:18:00,2024-04-04 13:18:00,1,空载运行,False,正常,243,1
2024-04-04 13:19:00,2024-04-04 13:20:00,2,停机,False,正常,244,1
2024-04-04 13:21:00,2024-04-04 13:21:00,1,空载运行,False,正常,245,1
2024-04-04 13:22:00,2024-04-04 13:25:00,4,停机,False,正常,246,1
2024-04-04 13:26:00,2024-04-04 13:26:00,1,带载运行,False,正常,247,1
2024-04-04 13:27:00,2024-04-04 14:53:00,87,停机,False,正常,248,1
2024-04-04 14:54:00,2024-04-04 14:55:00,2,带载运行,False,正常,249,1
2024-04-04 14:56:00,2024-04-04 15:05:00,10,停机,False,正常,250,1
2024-04-04 15:06:00,2024-04-04 15:06:00,1,空载运行,False,正常,251,1
2024-04-04 15:07:00,2024-04-04 15:10:00,4,带载运行,False,正常,252,1
2024-04-04 15:11:00,2024-04-04 15:29:00,19,停机,False,正常,253,1
2024-04-04 15:30:00,2024-04-04 17:16:00,107,带载运行,False,正常,254,1
2024-04-04 17:17:00,2024-04-04 17:33:00,17,停机,False,正常,255,1
2024-04-04 17:34:00,2024-04-04 17:34:00,1,空载运行,False,正常,256,1
2024-04-04 17:35:00,2024-04-04 17:35:00,1,停机,False,正常,257,1
2024-04-04 17:36:00,2024-04-04 21:56:00,261,带载运行,False,正常,258,1
2024-04-04 21:57:00,2024-04-04 22:00:00,4,停机,False,正常,259,1
2024-04-04 22:01:00,2024-04-04 22:01:00,1,空载运行,False,正常,260,1
2024-04-04 22:02:00,2024-04-04 23:49:00,108,带载运行,False,正常,261,1
2024-04-04 23:50:00,2024-04-04 23:54:00,5,停机,False,正常,262,1
2024-04-04 23:55:00,2024-04-05 05:11:00,317,带载运行,False,正常,263,1
2024-04-05 05:12:00,2024-04-05 05:18:00,7,停机,False,正常,264,1
2024-04-05 05:19:00,2024-04-05 05:45:00,27,带载运行,False,正常,265,1
2024-04-05 05:46:00,2024-04-05 05:56:00,11,停机,False,正常,266,1
2024-04-05 05:57:00,2024-04-05 06:39:00,43,带载运行,False,正常,267,1
2024-04-05 06:40:00,2024-04-05 06:40:00,1,停机,False,正常,268,1
2024-04-05 06:41:00,2024-04-05 06:41:00,1,空载运行,False,正常,269,1
2024-04-05 06:42:00,2024-04-05 07:09:00,28,带载运行,False,正常,270,1
2024-04-05 07:10:00,2024-04-05 07:13:00,4,停机,False,正常,271,1
2024-04-05 07:14:00,2024-04-05 07:14:00,1,空载运行,False,正常,272,1
2024-04-05 07:15:00,2024-04-05 07:16:00,2,停机,False,正常,273,1
2024-04-05 07:17:00,2024-04-05 07:33:00,17,带载运行,False,正常,274,1
2024-04-05 07:34:00,2024-04-05 07:35:00,2,停机,False,正常,275,1
2024-04-05 07:36:00,2024-04-05 08:07:00,32,带载运行,False,正常,276,1
2024-04-05 08:08:00,2024-04-05 08:16:00,9,停机,False,正常,277,1
2024-04-05 08:17:00,2024-04-05 08:17:00,1,空载运行,False,正常,278,1
2024-04-05 08:18:00,2024-04-05 08:20:00,3,带载运行,False,正常,279,1
2024-04-05 08:21:00,2024-04-05 08:36:00,16,停机,False,正常,280,1
2024-04-05 08:37:00,2024-04-05 08:52:00,16,带载运行,False,正常,281,1
2024-04-05 08:53:00,2024-04-05 09:02:00,10,停机,False,正常,282,1
2024-04-05 09:03:00,2024-04-05 09:03:00,1,空载运行,False,正常,283,1
2024-04-05 09:04:00,2024-04-05 09:13:00,10,带载运行,False,正常,284,1
2024-04-05 09:14:00,2024-04-05 09:20:00,7,停机,False,正常,285,1
2024-04-05 09:21:00,2024-04-05 10:16:00,56,带载运行,False,正常,286,1
2024-04-05 10:17:00,2024-04-05 10:38:00,22,停机,False,正常,287,1
2024-04-05 10:39:00,2024-04-05 10:39:00,1,带载运行,False,正常,288,1
2024-04-05 10:40:00,2024-04-05 10:40:00,1,停机,False,正常,289,1
2024-04-05 10:41:00,2024-04-05 10:47:00,7,带载运行,False,正常,290,1
2024-04-05 10:48:00,2024-04-05 10:48:00,1,停机,False,正常,291,1
2024-04-05 10:49:00,2024-04-05 10:51:00,3,带载运行,False,正常,292,1
2024-04-05 10:52:00,2024-04-05 10:59:00,8,停机,False,正常,293,1
2024-04-05 11:00:00,2024-04-05 11:00:00,1,空载运行,False,正常,294,1
2024-04-05 11:01:00,2024-04-05 11:20:00,20,停机,False,正常,295,1
2024-04-05 11:21:00,2024-04-05 11:21:00,1,空载运行,False,正常,296,1
2024-04-05 11:22:00,2024-04-05 11:25:00,4,停机,False,正常,297,1
2024-04-05 11:26:00,2024-04-05 11:26:00,1,带载运行,False,正常,298,1
2024-04-05 11:27:00,2024-04-05 13:04:00,98,停机,False,正常,299,1
2024-04-05 13:05:00,2024-04-05 13:05:00,1,空载运行,False,正常,300,1
2024-04-05 13:06:00,2024-04-05 13:06:00,1,停机,False,正常,301,1
2024-04-05 13:07:00,2024-04-05 13:07:00,1,带载运行,False,正常,302,1
2024-04-05 13:08:00,2024-04-05 13:10:00,3,停机,False,正常,303,1
2024-04-05 13:11:00,2024-04-05 13:11:00,1,带载运行,False,正常,304,1
2024-04-05 13:12:00,2024-04-05 13:14:00,3,停机,False,正常,305,1
2024-04-05 13:15:00,2024-04-05 13:15:00,1,带载运行,False,正常,306,1
2024-04-05 13:16:00,2024-04-05 15:05:00,110,停机,False,正常,307,1
2024-04-05 15:06:00,2024-04-05 15:14:00,9,带载运行,False,正常,308,1
2024-04-05 15:15:00,2024-04-05 15:27:00,13,停机,False,正常,309,1
2024-04-05 15:28:00,2024-04-05 15:28:00,1,空载运行,False,正常,310,1
2024-04-05 15:29:00,2024-04-05 16:40:00,72,带载运行,False,正常,311,1
2024-04-05 16:41:00,2024-04-05 16:44:00,4,停机,False,正常,312,1
2024-04-05 16:45:00,2024-04-05 19:41:00,177,带载运行,False,正常,313,1
2024-04-05 19:42:00,2024-04-05 19:43:00,2,停机,False,正常,314,1
2024-04-05 19:44:00,2024-04-05 19:44:00,1,空载运行,False,正常,315,1
2024-04-05 19:45:00,2024-04-05 19:53:00,9,带载运行,False,正常,316,1
2024-04-05 19:54:00,2024-04-05 20:00:00,7,停机,False,正常,317,1
2024-04-05 20:01:00,2024-04-05 23:08:00,188,带载运行,False,正常,318,1
2024-04-05 23:09:00,2024-04-05 23:17:00,9,停机,False,正常,319,1
2024-04-05 23:18:00,2024-04-05 23:18:00,1,带载运行,False,正常,320,1
2024-04-05 23:19:00,2024-04-06 00:12:00,54,停机,False,正常,321,1
2024-04-06 00:13:00,2024-04-06 01:17:00,65,带载运行,False,正常,322,1
2024-04-06 01:18:00,2024-04-06 01:23:00,6,停机,False,正常,323,1
2024-04-06 01:24:00,2024-04-06 02:06:00,43,带载运行,False,正常,324,1
2024-04-06 02:07:00,2024-04-06 02:15:00,9,停机,False,正常,325,1
2024-04-06 02:16:00,2024-04-06 02:59:00,44,带载运行,False,正常,326,1
2024-04-06 03:00:00,2024-04-06 03:04:00,5,停机,False,正常,327,1
2024-04-06 03:05:00,2024-04-06 04:05:00,61,带载运行,False,正常,328,1
2024-04-06 04:06:00,2024-04-06 04:24:00,19,停机,False,正常,329,1
2024-04-06 04:25:00,2024-04-06 04:25:00,1,空载运行,False,正常,330,1
2024-04-06 04:26:00,2024-04-06 04:26:00,1,停机,False,正常,331,1
2024-04-06 04:27:00,2024-04-06 04:27:00,1,空载运行,False,正常,332,1
2024-04-06 04:28:00,2024-04-06 04:32:00,5,带载运行,False,正常,333,1
2024-04-06 04:33:00,2024-04-06 04:39:00,7,停机,False,正常,334,1
2024-04-06 04:40:00,2024-04-06 05:05:00,26,带载运行,False,正常,335,1
2024-04-06 05:06:00,2024-04-06 05:32:00,27,停机,False,正常,336,1
2024-04-06 05:33:00,2024-04-06 05:33:00,1,空载运行,False,正常,337,1
2024-04-06 05:34:00,2024-04-06 08:06:00,153,带载运行,False,正常,338,1
2024-04-06 08:07:00,2024-04-06 08:08:00,2,停机,False,正常,339,1
2024-04-06 08:09:00,2024-04-06 09:11:00,63,带载运行,False,正常,340,1
2024-04-06 09:12:00,2024-04-06 09:15:00,4,停机,False,正常,341,1
2024-04-06 09:16:00,2024-04-06 10:09:00,54,带载运行,False,正常,342,1
2024-04-06 10:10:00,2024-04-06 10:50:00,41,停机,False,正常,343,1
2024-04-06 10:51:00,2024-04-06 10:51:00,1,空载运行,False,正常,344,1
2024-04-06 10:52:00,2024-04-06 10:53:00,2,带载运行,False,正常,345,1
2024-04-06 10:54:00,2024-04-06 10:55:00,2,停机,False,正常,346,1
2024-04-06 10:56:00,2024-04-06 10:56:00,1,空载运行,False,正常,347,1
2024-04-06 10:57:00,2024-04-06 10:58:00,2,停机,False,正常,348,1
2024-04-06 10:59:00,2024-04-06 10:59:00,1,带载运行,False,正常,349,1
2024-04-06 11:00:00,2024-04-06 11:04:00,5,停机,False,正常,350,1
2024-04-06 11:05:00,2024-04-06 11:05:00,1,空载运行,False,正常,351,1
2024-04-06 11:06:00,2024-04-06 11:06:00,1,停机,False,正常,352,1
2024-04-06 11:07:00,2024-04-06 11:07:00,1,空载运行,False,正常,353,1
2024-04-06 11:08:00,2024-04-06 11:09:00,2,停机,False,正常,354,1
2024-04-06 11:10:00,2024-04-06 11:11:00,2,带载运行,False,正常,355,1
2024-04-06 11:12:00,2024-04-06 11:12:00,1,停机,False,正常,356,1
2024-04-06 11:13:00,2024-04-06 11:13:00,1,带载运行,False,正常,357,1
2024-04-06 11:14:00,2024-04-06 11:15:00,2,停机,False,正常,358,1
2024-04-06 11:16:00,2024-04-06 11:16:00,1,空载运行,False,正常,359,1
2024-04-06 11:17:00,2024-04-06 11:24:00,8,停机,False,正常,360,1
2024-04-06 11:25:00,2024-04-06 11:25:00,1,空载运行,False,正常,361,1
2024-04-06 11:26:00,2024-04-06 11:27:00,2,停机,False,正常,362,1
2024-04-06 11:28:00,2024-04-06 11:28:00,1,空载运行,False,正常,363,1
2024-04-06 11:29:00,2024-04-06 11:30:00,2,停机,False,正常,364,1
2024-04-06 11:31:00,2024-04-06 11:33:00,3,带载运行,False,正常,365,1
2024-04-06 11:34:00,2024-04-06 11:42:00,9,停机,False,正常,366,1
2024-04-06 11:43:00,2024-04-06 11:44:00,2,空载运行,False,正常,367,1
2024-04-06 11:45:00,2024-04-06 11:45:00,1,带载运行,False,正常,368,1
2024-04-06 11:46:00,2024-04-06 11:48:00,3,停机,False,正常,369,1
2024-04-06 11:49:00,2024-04-06 11:49:00,1,空载运行,False,正常,370,1
2024-04-06 11:50:00,2024-04-06 13:31:00,102,停机,False,正常,371,1
2024-04-06 13:32:00,2024-04-06 13:35:00,4,带载运行,False,正常,372,1
2024-04-06 13:36:00,2024-04-06 13:40:00,5,停机,False,正常,373,1
2024-04-06 13:41:00,2024-04-06 13:41:00,1,空载运行,False,正常,374,1
2024-04-06 13:42:00,2024-04-06 13:42:00,1,带载运行,False,正常,375,1
2024-04-06 13:43:00,2024-04-06 13:43:00,1,停机,False,正常,376,1
2024-04-06 13:44:00,2024-04-06 13:44:00,1,空载运行,False,正常,377,1
2024-04-06 13:45:00,2024-04-06 13:50:00,6,停机,False,正常,378,1
2024-04-06 13:51:00,2024-04-06 13:51:00,1,空载运行,False,正常,379,1
2024-04-06 13:52:00,2024-04-06 13:52:00,1,带载运行,False,正常,380,1
2024-04-06 13:53:00,2024-04-06 14:59:00,67,停机,False,正常,381,1
2024-04-06 15:00:00,2024-04-06 15:00:00,1,带载运行,False,正常,382,1
2024-04-06 15:01:00,2024-04-06 15:18:00,18,停机,False,正常,383,1
2024-04-06 15:19:00,2024-04-06 15:19:00,1,空载运行,False,正常,384,1
2024-04-06 15:20:00,2024-04-06 15:20:00,1,带载运行,False,正常,385,1
2024-04-06 15:21:00,2024-04-06 15:21:00,1,空载运行,False,正常,386,1
2024-04-06 15:22:00,2024-04-06 17:05:00,104,带载运行,False,正常,387,1
2024-04-06 17:06:00,2024-04-06 17:06:00,1,停机,False,正常,388,1
2024-04-06 17:07:00,2024-04-06 17:20:00,14,带载运行,False,正常,389,1
2024-04-06 17:21:00,2024-04-06 17:33:00,13,停机,False,正常,390,1
2024-04-06 17:34:00,2024-04-06 17:34:00,1,空载运行,False,正常,391,1
2024-04-06 17:35:00,2024-04-06 17:39:00,5,带载运行,False,正常,392,1
2024-04-06 17:40:00,2024-04-06 17:42:00,3,停机,False,正常,393,1
2024-04-06 17:43:00,2024-04-06 21:23:00,221,带载运行,False,正常,394,1
2024-04-06 21:24:00,2024-04-06 21:41:00,18,停机,False,正常,395,1
2024-04-06 21:42:00,2024-04-06 21:42:00,1,空载运行,False,正常,396,1
2024-04-06 21:43:00,2024-04-06 21:43:00,1,停机,False,正常,397,1
2024-04-06 21:44:00,2024-04-06 22:26:00,43,带载运行,False,正常,398,1
2024-04-06 22:27:00,2024-04-06 22:36:00,10,停机,False,正常,399,1
2024-04-06 22:37:00,2024-04-06 22:55:00,19,带载运行,False,正常,400,1
2024-04-06 22:56:00,2024-04-06 22:59:00,4,停机,False,正常,401,1
2024-04-06 23:00:00,2024-04-06 23:07:00,8,带载运行,False,正常,402,1
2024-04-06 23:08:00,2024-04-06 23:21:00,14,停机,False,正常,403,1
2024-04-06 23:22:00,2024-04-06 23:46:00,25,带载运行,False,正常,404,1
2024-04-06 23:47:00,2024-04-06 23:55:00,9,停机,False,正常,405,1
2024-04-06 23:56:00,2024-04-07 00:29:00,34,带载运行,False,正常,406,1
2024-04-07 00:30:00,2024-04-07 00:39:00,10,停机,False,正常,407,1
2024-04-07 00:40:00,2024-04-07 01:09:00,30,带载运行,False,正常,408,1
2024-04-07 01:10:00,2024-04-07 02:01:00,52,停机,False,正常,409,1
2024-04-07 02:02:00,2024-04-07 02:02:00,1,空载运行,False,正常,410,1
2024-04-07 02:03:00,2024-04-07 02:03:00,1,停机,False,正常,411,1
2024-04-07 02:04:00,2024-04-07 02:04:00,1,带载运行,False,正常,412,1
2024-04-07 02:05:00,2024-04-07 02:17:00,13,停机,False,正常,413,1
2024-04-07 02:18:00,2024-04-07 02:18:00,1,空载运行,False,正常,414,1
2024-04-07 02:19:00,2024-04-07 08:28:00,370,带载运行,True,传感器断电/断线（段持续 >= 6h）,415,2
2024-04-07 08:29:00,2024-04-07 08:36:00,8,停机,False,正常,416,3
2024-04-07 08:37:00,2024-04-07 09:54:00,78,带载运行,False,正常,417,3
2024-04-07 09:55:00,2024-04-07 10:56:00,62,停机,False,正常,418,3
2024-04-07 10:57:00,2024-04-07 10:57:00,1,空载运行,False,正常,419,3
2024-04-07 10:58:00,2024-04-07 10:59:00,2,带载运行,False,正常,420,3
2024-04-07 11:00:00,2024-04-07 11:01:00,2,停机,False,正常,421,3
2024-04-07 11:02:00,2024-04-07 11:02:00,1,空载运行,False,正常,422,3
2024-04-07 11:03:00,2024-04-07 11:03:00,1,带载运行,False,正常,423,3
2024-04-07 11:04:00,2024-04-07 11:05:00,2,停机,False,正常,424,3
2024-04-07 11:06:00,2024-04-07 11:08:00,3,带载运行,False,正常,425,3
2024-04-07 11:09:00,2024-04-07 11:09:00,1,停机,False,正常,426,3
2024-04-07 11:10:00,2024-04-07 11:10:00,1,空载运行,False,正常,427,3
2024-04-07 11:11:00,2024-04-07 11:12:00,2,停机,False,正常,428,3
2024-04-07 11:13:00,2024-04-07 11:13:00,1,带载运行,False,正常,429,3
2024-04-07 11:14:00,2024-04-07 11:14:00,1,停机,False,正常,430,3
2024-04-07 11:15:00,2024-04-07 11:15:00,1,空载运行,False,正常,431,3
2024-04-07 11:16:00,2024-04-07 11:16:00,1,带载运行,False,正常,432,3
2024-04-07 11:17:00,2024-04-07 11:29:00,13,停机,False,正常,433,3
2024-04-07 11:30:00,2024-04-07 11:30:00,1,空载运行,False,正常,434,3
2024-04-07 11:31:00,2024-04-07 11:35:00,5,停机,False,正常,435,3
2024-04-07 11:36:00,2024-04-07 11:36:00,1,空载运行,False,正常,436,3
2024-04-07 11:37:00,2024-04-07 13:06:00,90,停机,False,正常,437,3
2024-04-07 13:07:00,2024-04-07 13:07:00,1,空载运行,False,正常,438,3
2024-04-07 13:08:00,2024-04-07 15:25:00,138,停机,False,正常,439,3
2024-04-07 15:26:00,2024-04-07 17:22:00,117,带载运行,False,正常,440,3
2024-04-07 17:23:00,2024-04-07 17:31:00,9,停机,False,正常,441,3
2024-04-07 17:32:00,2024-04-07 18:57:00,86,带载运行,False,正常,442,3
2024-04-07 18:58:00,2024-04-07 19:06:00,9,停机,False,正常,443,3
2024-04-07 19:07:00,2024-04-07 20:24:00,78,带载运行,False,正常,444,3
2024-04-07 20:25:00,2024-04-07 20:25:00,1,停机,False,正常,445,3
2024-04-07 20:26:00,2024-04-07 20:42:00,17,带载运行,False,正常,446,3
2024-04-07 20:43:00,2024-04-07 21:03:00,21,停机,False,正常,447,3
2024-04-07 21:04:00,2024-04-07 23:24:00,141,带载运行,False,正常,448,3
2024-04-07 23:25:00,2024-04-07 23:27:00,3,停机,False,正常,449,3
2024-04-07 23:28:00,2024-04-07 23:28:00,1,空载运行,False,正常,450,3
2024-04-07 23:29:00,2024-04-08 00:37:00,69,带载运行,False,正常,451,3
2024-04-08 00:38:00,2024-04-08 00:47:00,10,停机,False,正常,452,3
2024-04-08 00:48:00,2024-04-08 00:48:00,1,空载运行,False,正常,453,3
2024-04-08 00:49:00,2024-04-08 01:16:00,28,带载运行,False,正常,454,3
2024-04-08 01:17:00,2024-04-08 01:19:00,3,停机,False,正常,455,3
2024-04-08 01:20:00,2024-04-08 01:27:00,8,带载运行,False,正常,456,3
2024-04-08 01:28:00,2024-04-08 01:32:00,5,停机,False,正常,457,3
2024-04-08 01:33:00,2024-04-08 05:47:00,255,带载运行,False,正常,458,3
2024-04-08 05:48:00,2024-04-08 06:12:00,25,停机,False,正常,459,3
2024-04-08 06:13:00,2024-04-08 07:05:00,53,带载运行,False,正常,460,3
2024-04-08 07:06:00,2024-04-08 07:07:00,2,停机,False,正常,461,3
2024-04-08 07:08:00,2024-04-08 07:19:00,12,带载运行,False,正常,462,3
2024-04-08 07:20:00,2024-04-08 07:37:00,18,停机,False,正常,463,3
2024-04-08 07:38:00,2024-04-08 07:39:00,2,带载运行,False,正常,464,3
2024-04-08 07:40:00,2024-04-08 07:40:00,1,停机,False,正常,465,3
2024-04-08 07:41:00,2024-04-08 07:41:00,1,空载运行,False,正常,466,3
2024-04-08 07:42:00,2024-04-08 07:42:00,1,带载运行,False,正常,467,3
2024-04-08 07:43:00,2024-04-08 08:16:00,34,停机,False,正常,468,3
2024-04-08 08:17:00,2024-04-08 08:17:00,1,空载运行,False,正常,469,3
2024-04-08 08:18:00,2024-04-08 08:21:00,4,带载运行,False,正常,470,3
2024-04-08 08:22:00,2024-04-08 08:25:00,4,停机,False,正常,471,3
2024-04-08 08:26:00,2024-04-08 08:26:00,1,空载运行,False,正常,472,3
2024-04-08 08:27:00,2024-04-08 08:27:00,1,带载运行,False,正常,473,3
2024-04-08 08:28:00,2024-04-08 08:42:00,15,停机,False,正常,474,3
2024-04-08 08:43:00,2024-04-08 09:01:00,19,带载运行,False,正常,475,3
2024-04-08 09:02:00,2024-04-08 09:09:00,8,停机,False,正常,476,3
2024-04-08 09:10:00,2024-04-08 10:10:00,61,带载运行,False,正常,477,3
2024-04-08 10:11:00,2024-04-08 10:32:00,22,停机,False,正常,478,3
2024-04-08 10:33:00,2024-04-08 10:33:00,1,带载运行,False,正常,479,3
2024-04-08 10:34:00,2024-04-08 10:34:00,1,停机,False,正常,480,3
2024-04-08 10:35:00,2024-04-08 10:35:00,1,空载运行,False,正常,481,3
2024-04-08 10:36:00,2024-04-08 10:36:00,1,停机,False,正常,482,3
2024-04-08 10:37:00,2024-04-08 10:40:00,4,带载运行,False,正常,483,3
2024-04-08 10:41:00,2024-04-08 10:41:00,1,停机,False,正常,484,3
2024-04-08 10:42:00,2024-04-08 10:42:00,1,空载运行,False,正常,485,3
2024-04-08 10:43:00,2024-04-08 10:43:00,1,带载运行,False,正常,486,3
2024-04-08 10:44:00,2024-04-08 10:46:00,3,停机,False,正常,487,3
2024-04-08 10:47:00,2024-04-08 10:48:00,2,带载运行,False,正常,488,3
2024-04-08 10:49:00,2024-04-08 11:30:00,42,停机,False,正常,489,3
2024-04-08 11:31:00,2024-04-08 11:32:00,2,带载运行,False,正常,490,3
2024-04-08 11:33:00,2024-04-08 11:33:00,1,空载运行,False,正常,491,3
2024-04-08 11:34:00,2024-04-08 11:34:00,1,带载运行,False,正常,492,3
2024-04-08 11:35:00,2024-04-08 11:39:00,5,停机,False,正常,493,3
2024-04-08 11:40:00,2024-04-08 11:40:00,1,带载运行,False,正常,494,3
2024-04-08 11:41:00,2024-04-08 13:48:00,128,停机,False,正常,495,3
2024-04-08 13:49:00,2024-04-08 13:49:00,1,带载运行,False,正常,496,3
2024-04-08 13:50:00,2024-04-08 13:52:00,3,停机,False,正常,497,3
2024-04-08 13:53:00,2024-04-08 13:53:00,1,空载运行,False,正常,498,3
2024-04-08 13:54:00,2024-04-08 15:07:00,74,停机,False,正常,499,3
2024-04-08 15:08:00,2024-04-08 15:10:00,3,带载运行,False,正常,500,3
2024-04-08 15:11:00,2024-04-08 15:53:00,43,停机,False,正常,501,3
2024-04-08 15:54:00,2024-04-08 15:55:00,2,带载运行,False,正常,502,3
2024-04-08 15:56:00,2024-04-08 15:58:00,3,停机,False,正常,503,3
2024-04-08 15:59:00,2024-04-08 19:42:00,224,带载运行,False,正常,504,3
2024-04-08 19:43:00,2024-04-08 19:55:00,13,停机,False,正常,505,3
2024-04-08 19:56:00,2024-04-08 19:56:00,1,空载运行,False,正常,506,3
2024-04-08 19:57:00,2024-04-08 20:11:00,15,带载运行,False,正常,507,3
2024-04-08 20:12:00,2024-04-08 23:21:00,190,停机,False,正常,508,3
2024-04-08 23:22:00,2024-04-08 23:39:00,18,带载运行,False,正常,509,3
2024-04-08 23:40:00,2024-04-08 23:43:00,4,停机,False,正常,510,3
2024-04-08 23:44:00,2024-04-08 23:51:00,8,带载运行,False,正常,511,3
2024-04-08 23:52:00,2024-04-08 23:57:00,6,停机,False,正常,512,3
2024-04-08 23:58:00,2024-04-09 00:05:00,8,带载运行,False,正常,513,3
2024-04-09 00:06:00,2024-04-09 01:10:00,65,停机,False,正常,514,3
2024-04-09 01:11:00,2024-04-09 01:11:00,1,带载运行,False,正常,515,3
2024-04-09 01:12:00,2024-04-09 01:21:00,10,停机,False,正常,516,3
2024-04-09 01:22:00,2024-04-09 01:22:00,1,空载运行,False,正常,517,3
2024-04-09 01:23:00,2024-04-09 01:29:00,7,带载运行,False,正常,518,3
2024-04-09 01:30:00,2024-04-09 01:32:00,3,停机,False,正常,519,3
2024-04-09 01:33:00,2024-04-09 01:34:00,2,带载运行,False,正常,520,3
2024-04-09 01:35:00,2024-04-09 01:35:00,1,空载运行,False,正常,521,3
2024-04-09 01:36:00,2024-04-09 01:42:00,7,带载运行,False,正常,522,3
2024-04-09 01:43:00,2024-04-09 01:45:00,3,停机,False,正常,523,3
2024-04-09 01:46:00,2024-04-09 02:00:00,15,带载运行,False,正常,524,3
2024-04-09 02:01:00,2024-04-09 02:03:00,3,停机,False,正常,525,3
2024-04-09 02:04:00,2024-04-09 02:04:00,1,空载运行,False,正常,526,3
2024-04-09 02:05:00,2024-04-09 05:50:00,226,带载运行,False,正常,527,3
2024-04-09 05:51:00,2024-04-09 06:31:00,41,停机,False,正常,528,3
2024-04-09 06:32:00,2024-04-09 07:32:00,61,带载运行,False,正常,529,3
2024-04-09 07:33:00,2024-04-09 07:47:00,15,停机,False,正常,530,3
2024-04-09 07:48:00,2024-04-09 08:34:00,47,带载运行,False,正常,531,3
2024-04-09 08:35:00,2024-04-09 08:40:00,6,停机,False,正常,532,3
2024-04-09 08:41:00,2024-04-09 08:41:00,1,空载运行,False,正常,533,3
2024-04-09 08:42:00,2024-04-09 08:44:00,3,带载运行,False,正常,534,3
2024-04-09 08:45:00,2024-04-09 08:49:00,5,停机,False,正常,535,3
2024-04-09 08:50:00,2024-04-09 08:51:00,2,空载运行,False,正常,536,3
2024-04-09 08:52:00,2024-04-09 08:57:00,6,带载运行,False,正常,537,3
2024-04-09 08:58:00,2024-04-09 11:30:00,153,停机,False,正常,538,3
2024-04-09 11:31:00,2024-04-09 11:31:00,1,空载运行,False,正常,539,3
2024-04-09 11:32:00,2024-04-09 11:33:00,2,带载运行,False,正常,540,3
2024-04-09 11:34:00,2024-04-09 11:35:00,2,停机,False,正常,541,3
2024-04-09 11:36:00,2024-04-09 11:38:00,3,带载运行,False,正常,542,3
2024-04-09 11:39:00,2024-04-09 11:39:00,1,停机,False,正常,543,3
2024-04-09 11:40:00,2024-04-09 11:41:00,2,带载运行,False,正常,544,3
2024-04-09 11:42:00,2024-04-09 11:42:00,1,空载运行,False,正常,545,3
2024-04-09 11:43:00,2024-04-09 11:46:00,4,带载运行,False,正常,546,3
2024-04-09 11:47:00,2024-04-09 12:01:00,15,停机,False,正常,547,3
2024-04-09 12:02:00,2024-04-09 12:02:00,1,空载运行,False,正常,548,3
2024-04-09 12:03:00,2024-04-09 12:04:00,2,停机,False,正常,549,3
2024-04-09 12:05:00,2024-04-09 12:05:00,1,空载运行,False,正常,550,3
2024-04-09 12:06:00,2024-04-09 12:06:00,1,带载运行,False,正常,551,3
2024-04-09 12:07:00,2024-04-09 12:07:00,1,空载运行,False,正常,552,3
2024-04-09 12:08:00,2024-04-09 12:28:00,21,停机,False,正常,553,3
2024-04-09 12:29:00,2024-04-09 12:29:00,1,带载运行,False,正常,554,3
2024-04-09 12:30:00,2024-04-09 15:37:00,188,停机,False,正常,555,3
2024-04-09 15:38:00,2024-04-09 15:38:00,1,带载运行,False,正常,556,3
2024-04-09 15:39:00,2024-04-09 16:48:00,70,停机,False,正常,557,3
2024-04-09 16:49:00,2024-04-09 17:01:00,13,带载运行,False,正常,558,3
2024-04-09 17:02:00,2024-04-09 17:10:00,9,停机,False,正常,559,3
2024-04-09 17:11:00,2024-04-09 18:18:00,68,带载运行,False,正常,560,3
2024-04-09 18:19:00,2024-04-09 21:28:00,190,停机,False,正常,561,3
2024-04-09 21:29:00,2024-04-09 22:22:00,54,带载运行,False,正常,562,3
2024-04-09 22:23:00,2024-04-10 00:51:00,149,停机,False,正常,563,3
2024-04-10 00:52:00,2024-04-10 00:52:00,1,空载运行,False,正常,564,3
2024-04-10 00:53:00,2024-04-10 03:37:00,165,带载运行,False,正常,565,3
2024-04-10 03:38:00,2024-04-10 04:11:00,34,停机,False,正常,566,3
2024-04-10 04:12:00,2024-04-10 04:39:00,28,带载运行,False,正常,567,3
2024-04-10 04:40:00,2024-04-10 04:41:00,2,停机,False,正常,568,3
2024-04-10 04:42:00,2024-04-10 08:40:00,239,带载运行,False,正常,569,3
2024-04-10 08:41:00,2024-04-10 08:58:00,18,停机,False,正常,570,3
2024-04-10 08:59:00,2024-04-10 10:43:00,105,带载运行,False,正常,571,3
2024-04-10 10:44:00,2024-04-10 11:02:00,19,停机,False,正常,572,3
2024-04-10 11:03:00,2024-04-10 11:08:00,6,带载运行,False,正常,573,3
2024-04-10 11:09:00,2024-04-10 11:58:00,50,停机,False,正常,574,3
2024-04-10 11:59:00,2024-04-10 11:59:00,1,带载运行,False,正常,575,3
2024-04-10 12:00:00,2024-04-10 12:21:00,22,停机,False,正常,576,3
2024-04-10 12:22:00,2024-04-10 12:22:00,1,空载运行,False,正常,577,3
2024-04-10 12:23:00,2024-04-10 12:25:00,3,停机,False,正常,578,3
2024-04-10 12:26:00,2024-04-10 12:26:00,1,空载运行,False,正常,579,3
2024-04-10 12:27:00,2024-04-10 13:42:00,76,停机,False,正常,580,3
2024-04-10 13:43:00,2024-04-10 13:44:00,2,带载运行,False,正常,581,3
2024-04-10 13:45:00,2024-04-10 13:51:00,7,停机,False,正常,582,3
2024-04-10 13:52:00,2024-04-10 13:52:00,1,空载运行,False,正常,583,3
2024-04-10 13:53:00,2024-04-10 13:53:00,1,带载运行,False,正常,584,3
2024-04-10 13:54:00,2024-04-10 13:55:00,2,停机,False,正常,585,3
2024-04-10 13:56:00,2024-04-10 13:56:00,1,空载运行,False,正常,586,3
2024-04-10 13:57:00,2024-04-10 14:49:00,53,停机,False,正常,587,3
2024-04-10 14:50:00,2024-04-10 14:50:00,1,带载运行,False,正常,588,3
2024-04-10 14:51:00,2024-04-10 15:35:00,45,停机,False,正常,589,3
2024-04-10 15:36:00,2024-04-10 15:36:00,1,空载运行,False,正常,590,3
2024-04-10 15:37:00,2024-04-10 15:48:00,12,停机,False,正常,591,3
2024-04-10 15:49:00,2024-04-10 17:21:00,93,带载运行,False,正常,592,3
2024-04-10 17:22:00,2024-04-10 17:41:00,20,停机,False,正常,593,3
2024-04-10 17:42:00,2024-04-10 17:42:00,1,空载运行,False,正常,594,3
2024-04-10 17:43:00,2024-04-10 17:50:00,8,带载运行,False,正常,595,3
2024-04-10 17:51:00,2024-04-10 19:49:00,119,停机,False,正常,596,3
2024-04-10 19:50:00,2024-04-10 19:51:00,2,空载运行,False,正常,597,3
2024-04-10 19:52:00,2024-04-10 19:52:00,1,停机,False,正常,598,3
2024-04-10 19:53:00,2024-04-10 19:54:00,2,空载运行,False,正常,599,3
2024-04-10 19:55:00,2024-04-10 20:09:00,15,带载运行,False,正常,600,3
2024-04-10 20:10:00,2024-04-10 20:40:00,31,停机,False,正常,601,3
2024-04-10 20:41:00,2024-04-10 23:50:00,190,带载运行,False,正常,602,3
2024-04-10 23:51:00,2024-04-10 23:53:00,3,停机,False,正常,603,3
2024-04-10 23:54:00,2024-04-11 02:17:00,144,带载运行,False,正常,604,3
2024-04-11 02:18:00,2024-04-11 02:34:00,17,停机,False,正常,605,3
2024-04-11 02:35:00,2024-04-11 03:52:00,78,带载运行,False,正常,606,3
2024-04-11 03:53:00,2024-04-11 03:54:00,2,停机,False,正常,607,3
2024-04-11 03:55:00,2024-04-11 04:02:00,8,带载运行,False,正常,608,3
2024-04-11 04:03:00,2024-04-11 04:22:00,20,停机,False,正常,609,3
2024-04-11 04:23:00,2024-04-11 04:23:00,1,空载运行,False,正常,610,3
2024-04-11 04:24:00,2024-04-11 08:05:00,222,带载运行,False,正常,611,3
2024-04-11 08:06:00,2024-04-11 08:08:00,3,空载运行,False,正常,612,3
2024-04-11 08:09:00,2024-04-11 08:09:00,1,停机,False,正常,613,3
2024-04-11 08:10:00,2024-04-11 08:10:00,1,空载运行,False,正常,614,3
2024-04-11 08:11:00,2024-04-11 10:19:00,129,带载运行,False,正常,615,3
2024-04-11 10:20:00,2024-04-11 10:26:00,7,停机,False,正常,616,3
2024-04-11 10:27:00,2024-04-11 10:27:00,1,带载运行,False,正常,617,3
2024-04-11 10:28:00,2024-04-11 10:29:00,2,停机,False,正常,618,3
2024-04-11 10:30:00,2024-04-11 10:31:00,2,带载运行,False,正常,619,3
2024-04-11 10:32:00,2024-04-11 10:33:00,2,停机,False,正常,620,3
2024-04-11 10:34:00,2024-04-11 10:34:00,1,带载运行,False,正常,621,3
2024-04-11 10:35:00,2024-04-11 10:37:00,3,停机,False,正常,622,3
2024-04-11 10:38:00,2024-04-11 10:43:00,6,带载运行,False,正常,623,3
2024-04-11 10:44:00,2024-04-11 11:09:00,26,停机,False,正常,624,3
2024-04-11 11:10:00,2024-04-11 11:11:00,2,空载运行,False,正常,625,3
2024-04-11 11:12:00,2024-04-11 11:14:00,3,停机,False,正常,626,3
2024-04-11 11:15:00,2024-04-11 11:15:00,1,空载运行,False,正常,627,3
2024-04-11 11:16:00,2024-04-11 14:31:00,196,停机,False,正常,628,3
2024-04-11 14:32:00,2024-04-11 14:32:00,1,带载运行,False,正常,629,3
2024-04-11 14:33:00,2024-04-11 15:34:00,62,停机,False,正常,630,3
2024-04-11 15:35:00,2024-04-11 15:35:00,1,空载运行,False,正常,631,3
2024-04-11 15:36:00,2024-04-11 15:36:00,1,带载运行,False,正常,632,3
2024-04-11 15:37:00,2024-04-11 15:39:00,3,停机,False,正常,633,3
2024-04-11 15:40:00,2024-04-11 15:40:00,1,空载运行,False,正常,634,3
2024-04-11 15:41:00,2024-04-11 15:43:00,3,带载运行,False,正常,635,3
2024-04-11 15:44:00,2024-04-11 15:47:00,4,停机,False,正常,636,3
2024-04-11 15:48:00,2024-04-11 16:23:00,36,带载运行,False,正常,637,3
2024-04-11 16:24:00,2024-04-11 16:24:00,1,停机,False,正常,638,3
2024-04-11 16:25:00,2024-04-11 17:12:00,48,带载运行,False,正常,639,3
2024-04-11 17:13:00,2024-04-11 19:44:00,152,停机,False,正常,640,3
2024-04-11 19:45:00,2024-04-12 00:22:00,278,带载运行,False,正常,641,3
2024-04-12 00:23:00,2024-04-12 00:23:00,1,空载运行,False,正常,642,3
2024-04-12 00:24:00,2024-04-12 01:38:00,75,带载运行,False,正常,643,3
2024-04-12 01:39:00,2024-04-12 01:39:00,1,停机,False,正常,644,3
2024-04-12 01:40:00,2024-04-12 03:42:00,123,带载运行,False,正常,645,3
2024-04-12 03:43:00,2024-04-12 03:43:00,1,停机,False,正常,646,3
2024-04-12 03:44:00,2024-04-12 07:16:00,213,带载运行,False,正常,647,3
2024-04-12 07:17:00,2024-04-12 07:17:00,1,停机,False,正常,648,3
2024-04-12 07:18:00,2024-04-12 07:21:00,4,带载运行,False,正常,649,3
2024-04-12 07:22:00,2024-04-12 07:22:00,1,空载运行,False,正常,650,3
2024-04-12 07:23:00,2024-04-12 07:23:00,1,停机,False,正常,651,3
2024-04-12 07:24:00,2024-04-12 08:45:00,82,带载运行,False,正常,652,3
2024-04-12 08:46:00,2024-04-12 08:55:00,10,停机,False,正常,653,3
2024-04-12 08:56:00,2024-04-12 09:17:00,22,带载运行,False,正常,654,3
2024-04-12 09:18:00,2024-04-12 10:03:00,46,停机,False,正常,655,3
2024-04-12 10:04:00,2024-04-12 10:04:00,1,空载运行,False,正常,656,3
2024-04-12 10:05:00,2024-04-12 10:06:00,2,带载运行,False,正常,657,3
2024-04-12 10:07:00,2024-04-12 10:10:00,4,停机,False,正常,658,3
2024-04-12 10:11:00,2024-04-12 10:17:00,7,带载运行,False,正常,659,3
2024-04-12 10:18:00,2024-04-12 10:18:00,1,空载运行,False,正常,660,3
2024-04-12 10:19:00,2024-04-12 10:28:00,10,带载运行,False,正常,661,3
2024-04-12 10:29:00,2024-04-12 11:58:00,90,停机,False,正常,662,3
2024-04-12 11:59:00,2024-04-12 11:59:00,1,带载运行,False,正常,663,3
2024-04-12 12:00:00,2024-04-12 12:01:00,2,停机,False,正常,664,3
2024-04-12 12:02:00,2024-04-12 12:02:00,1,带载运行,False,正常,665,3
2024-04-12 12:03:00,2024-04-12 12:04:00,2,停机,False,正常,666,3
2024-04-12 12:05:00,2024-04-12 12:05:00,1,带载运行,False,正常,667,3
2024-04-12 12:06:00,2024-04-12 12:07:00,2,停机,False,正常,668,3
2024-04-12 12:08:00,2024-04-12 12:08:00,1,带载运行,False,正常,669,3
2024-04-12 12:09:00,2024-04-12 12:16:00,8,停机,False,正常,670,3
2024-04-12 12:17:00,2024-04-12 12:17:00,1,带载运行,False,正常,671,3
2024-04-12 12:18:00,2024-04-12 12:33:00,16,停机,False,正常,672,3
2024-04-12 12:34:00,2024-04-12 12:38:00,5,带载运行,False,正常,673,3
2024-04-12 12:39:00,2024-04-12 13:24:00,46,停机,False,正常,674,3
2024-04-12 13:25:00,2024-04-12 13:25:00,1,空载运行,False,正常,675,3
2024-04-12 13:26:00,2024-04-12 13:32:00,7,停机,False,正常,676,3
2024-04-12 13:33:00,2024-04-12 13:33:00,1,空载运行,False,正常,677,3
2024-04-12 13:34:00,2024-04-12 17:14:00,221,停机,True,异常持续段（>204min 阈值）,678,4
2024-04-12 17:15:00,2024-04-12 17:15:00,1,空载运行,False,正常,679,5
2024-04-12 17:16:00,2024-04-12 17:23:00,8,带载运行,False,正常,680,5
2024-04-12 17:24:00,2024-04-12 17:24:00,1,停机,False,正常,681,5
2024-04-12 17:25:00,2024-04-12 23:01:00,337,带载运行,False,正常,682,5
2024-04-12 23:02:00,2024-04-12 23:10:00,9,停机,False,正常,683,5
2024-04-12 23:11:00,2024-04-13 08:35:00,565,带载运行,True,传感器断电/断线（段持续 >= 6h）,684,6
2024-04-13 08:36:00,2024-04-13 09:16:00,41,停机,False,正常,685,7
2024-04-13 09:17:00,2024-04-13 09:17:00,1,空载运行,False,正常,686,7
2024-04-13 09:18:00,2024-04-13 09:19:00,2,停机,False,正常,687,7
2024-04-13 09:20:00,2024-04-13 09:20:00,1,空载运行,False,正常,688,7
2024-04-13 09:21:00,2024-04-13 09:21:00,1,带载运行,False,正常,689,7
2024-04-13 09:22:00,2024-04-13 09:23:00,2,停机,False,正常,690,7
2024-04-13 09:24:00,2024-04-13 09:24:00,1,空载运行,False,正常,691,7
2024-04-13 09:25:00,2024-04-13 09:29:00,5,带载运行,False,正常,692,7
2024-04-13 09:30:00,2024-04-13 09:30:00,1,停机,False,正常,693,7
2024-04-13 09:31:00,2024-04-13 09:34:00,4,带载运行,False,正常,694,7
2024-04-13 09:35:00,2024-04-13 10:08:00,34,停机,False,正常,695,7
2024-04-13 10:09:00,2024-04-13 10:09:00,1,空载运行,False,正常,696,7
2024-04-13 10:10:00,2024-04-13 10:16:00,7,停机,False,正常,697,7
2024-04-13 10:17:00,2024-04-13 10:17:00,1,带载运行,False,正常,698,7
2024-04-13 10:18:00,2024-04-13 13:22:00,185,停机,False,正常,699,7
2024-04-13 13:23:00,2024-04-13 13:23:00,1,空载运行,False,正常,700,7
2024-04-13 13:24:00,2024-04-13 13:30:00,7,停机,False,正常,701,7
2024-04-13 13:31:00,2024-04-13 13:31:00,1,空载运行,False,正常,702,7
2024-04-13 13:32:00,2024-04-13 14:28:00,57,停机,False,正常,703,7
2024-04-13 14:29:00,2024-04-13 14:29:00,1,空载运行,False,正常,704,7
2024-04-13 14:30:00,2024-04-13 14:54:00,25,停机,False,正常,705,7
2024-04-13 14:55:00,2024-04-13 14:55:00,1,空载运行,False,正常,706,7
2024-04-13 14:56:00,2024-04-13 15:30:00,35,停机,False,正常,707,7
2024-04-13 15:31:00,2024-04-13 15:31:00,1,带载运行,False,正常,708,7
2024-04-13 15:32:00,2024-04-13 16:04:00,33,停机,False,正常,709,7
2024-04-13 16:05:00,2024-04-13 16:05:00,1,空载运行,False,正常,710,7
2024-04-13 16:06:00,2024-04-13 16:07:00,2,停机,False,正常,711,7
2024-04-13 16:08:00,2024-04-13 16:09:00,2,空载运行,False,正常,712,7
2024-04-13 16:10:00,2024-04-13 16:25:00,16,带载运行,False,正常,713,7
2024-04-13 16:26:00,2024-04-13 16:33:00,8,停机,False,正常,714,7
2024-04-13 16:34:00,2024-04-13 17:49:00,76,带载运行,False,正常,715,7
2024-04-13 17:50:00,2024-04-13 17:55:00,6,停机,False,正常,716,7
2024-04-13 17:56:00,2024-04-13 19:03:00,68,带载运行,False,正常,717,7
2024-04-13 19:04:00,2024-04-13 19:11:00,8,空载运行,False,正常,718,7
2024-04-13 19:12:00,2024-04-13 19:16:00,5,停机,False,正常,719,7
2024-04-13 19:17:00,2024-04-13 19:17:00,1,空载运行,False,正常,720,7
2024-04-13 19:18:00,2024-04-13 21:54:00,157,带载运行,False,正常,721,7
2024-04-13 21:55:00,2024-04-13 23:07:00,73,停机,False,正常,722,7
2024-04-13 23:08:00,2024-04-13 23:08:00,1,空载运行,False,正常,723,7
2024-04-13 23:09:00,2024-04-14 00:04:00,56,带载运行,False,正常,724,7
2024-04-14 00:05:00,2024-04-14 00:06:00,2,停机,False,正常,725,7
2024-04-14 00:07:00,2024-04-14 00:07:00,1,空载运行,False,正常,726,7
2024-04-14 00:08:00,2024-04-14 05:32:00,325,带载运行,False,正常,727,7
2024-04-14 05:33:00,2024-04-14 05:33:00,1,空载运行,False,正常,728,7
2024-04-14 05:34:00,2024-04-14 08:46:00,193,带载运行,False,正常,729,7
2024-04-14 08:47:00,2024-04-14 09:40:00,54,停机,False,正常,730,7
2024-04-14 09:41:00,2024-04-14 09:42:00,2,带载运行,False,正常,731,7
2024-04-14 09:43:00,2024-04-14 09:43:00,1,停机,False,正常,732,7
2024-04-14 09:44:00,2024-04-14 09:49:00,6,带载运行,False,正常,733,7
2024-04-14 09:50:00,2024-04-14 09:50:00,1,空载运行,False,正常,734,7
2024-04-14 09:51:00,2024-04-14 09:51:00,1,带载运行,False,正常,735,7
2024-04-14 09:52:00,2024-04-14 10:17:00,26,停机,False,正常,736,7
2024-04-14 10:18:00,2024-04-14 10:18:00,1,空载运行,False,正常,737,7
2024-04-14 10:19:00,2024-04-14 10:30:00,12,停机,False,正常,738,7
2024-04-14 10:31:00,2024-04-14 10:31:00,1,带载运行,False,正常,739,7
2024-04-14 10:32:00,2024-04-14 14:49:00,258,停机,True,通讯中断/传感器休眠（段持续 >= 4h）,740,8
2024-04-14 14:50:00,2024-04-14 14:50:00,1,空载运行,False,正常,741,9
2024-04-14 14:51:00,2024-04-14 14:51:00,1,带载运行,False,正常,742,9
2024-04-14 14:52:00,2024-04-14 15:44:00,53,停机,False,正常,743,9
2024-04-14 15:45:00,2024-04-14 15:53:00,9,带载运行,False,正常,744,9
2024-04-14 15:54:00,2024-04-14 15:55:00,2,停机,False,正常,745,9
2024-04-14 15:56:00,2024-04-14 17:06:00,71,带载运行,False,正常,746,9
2024-04-14 17:07:00,2024-04-14 17:49:00,43,停机,False,正常,747,9
2024-04-14 17:50:00,2024-04-15 00:53:00,424,带载运行,True,传感器断电/断线（段持续 >= 6h）,748,10
2024-04-15 00:54:00,2024-04-15 01:10:00,17,停机,False,正常,749,11
2024-04-15 01:11:00,2024-04-15 01:11:00,1,空载运行,False,正常,750,11
2024-04-15 01:12:00,2024-04-15 08:29:00,438,带载运行,True,传感器断电/断线（段持续 >= 6h）,751,12
2024-04-15 08:30:00,2024-04-15 09:17:00,48,停机,False,正常,752,13
2024-04-15 09:18:00,2024-04-15 09:18:00,1,空载运行,False,正常,753,13
2024-04-15 09:19:00,2024-04-15 09:20:00,2,停机,False,正常,754,13
2024-04-15 09:21:00,2024-04-15 09:22:00,2,带载运行,False,正常,755,13
2024-04-15 09:23:00,2024-04-15 09:24:00,2,停机,False,正常,756,13
2024-04-15 09:25:00,2024-04-15 09:25:00,1,空载运行,False,正常,757,13
2024-04-15 09:26:00,2024-04-15 09:27:00,2,停机,False,正常,758,13
2024-04-15 09:28:00,2024-04-15 09:28:00,1,带载运行,False,正常,759,13
2024-04-15 09:29:00,2024-04-15 09:31:00,3,停机,False,正常,760,13
2024-04-15 09:32:00,2024-04-15 09:32:00,1,带载运行,False,正常,761,13
2024-04-15 09:33:00,2024-04-15 09:33:00,1,停机,False,正常,762,13
2024-04-15 09:34:00,2024-04-15 09:34:00,1,空载运行,False,正常,763,13
2024-04-15 09:35:00,2024-04-15 09:36:00,2,带载运行,False,正常,764,13
2024-04-15 09:37:00,2024-04-15 09:45:00,9,停机,False,正常,765,13
2024-04-15 09:46:00,2024-04-15 09:46:00,1,空载运行,False,正常,766,13
2024-04-15 09:47:00,2024-04-15 09:47:00,1,带载运行,False,正常,767,13
2024-04-15 09:48:00,2024-04-15 09:48:00,1,停机,False,正常,768,13
2024-04-15 09:49:00,2024-04-15 09:55:00,7,带载运行,False,正常,769,13
2024-04-15 09:56:00,2024-04-15 10:45:00,50,停机,False,正常,770,13
2024-04-15 10:46:00,2024-04-15 10:46:00,1,空载运行,False,正常,771,13
2024-04-15 10:47:00,2024-04-15 10:48:00,2,停机,False,正常,772,13
2024-04-15 10:49:00,2024-04-15 10:49:00,1,空载运行,False,正常,773,13
2024-04-15 10:50:00,2024-04-15 10:52:00,3,停机,False,正常,774,13
2024-04-15 10:53:00,2024-04-15 10:53:00,1,带载运行,False,正常,775,13
2024-04-15 10:54:00,2024-04-15 11:32:00,39,停机,False,正常,776,13
2024-04-15 11:33:00,2024-04-15 11:33:00,1,空载运行,False,正常,777,13
2024-04-15 11:34:00,2024-04-15 13:33:00,120,停机,False,正常,778,13
2024-04-15 13:34:00,2024-04-15 13:34:00,1,空载运行,False,正常,779,13
2024-04-15 13:35:00,2024-04-15 14:29:00,55,停机,False,正常,780,13
2024-04-15 14:30:00,2024-04-15 14:31:00,2,带载运行,False,正常,781,13
2024-04-15 14:32:00,2024-04-15 14:35:00,4,停机,False,正常,782,13
2024-04-15 14:36:00,2024-04-15 14:36:00,1,带载运行,False,正常,783,13
2024-04-15 14:37:00,2024-04-15 15:06:00,30,停机,False,正常,784,13
2024-04-15 15:07:00,2024-04-15 15:07:00,1,带载运行,False,正常,785,13
2024-04-15 15:08:00,2024-04-15 15:09:00,2,停机,False,正常,786,13
2024-04-15 15:10:00,2024-04-15 15:10:00,1,带载运行,False,正常,787,13
2024-04-15 15:11:00,2024-04-15 15:29:00,19,停机,False,正常,788,13
2024-04-15 15:30:00,2024-04-15 15:30:00,1,带载运行,False,正常,789,13
2024-04-15 15:31:00,2024-04-15 15:33:00,3,停机,False,正常,790,13
2024-04-15 15:34:00,2024-04-15 15:35:00,2,带载运行,False,正常,791,13
2024-04-15 15:36:00,2024-04-15 15:37:00,2,停机,False,正常,792,13
2024-04-15 15:38:00,2024-04-15 15:38:00,1,空载运行,False,正常,793,13
2024-04-15 15:39:00,2024-04-15 15:39:00,1,停机,False,正常,794,13
2024-04-15 15:40:00,2024-04-15 15:40:00,1,带载运行,False,正常,795,13
2024-04-15 15:41:00,2024-04-15 16:22:00,42,停机,False,正常,796,13
2024-04-15 16:23:00,2024-04-15 16:23:00,1,带载运行,False,正常,797,13
2024-04-15 16:24:00,2024-04-15 16:27:00,4,停机,False,正常,798,13
2024-04-15 16:28:00,2024-04-15 17:43:00,76,带载运行,False,正常,799,13
2024-04-15 17:44:00,2024-04-15 17:46:00,3,停机,False,正常,800,13
2024-04-15 17:47:00,2024-04-15 17:52:00,6,带载运行,False,正常,801,13
2024-04-15 17:53:00,2024-04-15 17:56:00,4,停机,False,正常,802,13
2024-04-15 17:57:00,2024-04-15 18:06:00,10,带载运行,False,正常,803,13
2024-04-15 18:07:00,2024-04-15 18:16:00,10,停机,False,正常,804,13
2024-04-15 18:17:00,2024-04-15 18:17:00,1,空载运行,False,正常,805,13
2024-04-15 18:18:00,2024-04-15 19:13:00,56,带载运行,False,正常,806,13
2024-04-15 19:14:00,2024-04-15 19:14:00,1,空载运行,False,正常,807,13
2024-04-15 19:15:00,2024-04-15 19:16:00,2,带载运行,False,正常,808,13
2024-04-15 19:17:00,2024-04-15 19:28:00,12,停机,False,正常,809,13
2024-04-15 19:29:00,2024-04-15 19:30:00,2,空载运行,False,正常,810,13
2024-04-15 19:31:00,2024-04-15 19:44:00,14,停机,False,正常,811,13
2024-04-15 19:45:00,2024-04-15 19:45:00,1,带载运行,False,正常,812,13
2024-04-15 19:46:00,2024-04-15 19:46:00,1,停机,False,正常,813,13
2024-04-15 19:47:00,2024-04-15 20:08:00,22,带载运行,False,正常,814,13
2024-04-15 20:09:00,2024-04-15 20:11:00,3,空载运行,False,正常,815,13
2024-04-15 20:12:00,2024-04-15 20:13:00,2,停机,False,正常,816,13
2024-04-15 20:14:00,2024-04-15 20:14:00,1,空载运行,False,正常,817,13
2024-04-15 20:15:00,2024-04-15 20:24:00,10,带载运行,False,正常,818,13
2024-04-15 20:25:00,2024-04-15 20:30:00,6,空载运行,False,正常,819,13
2024-04-15 20:31:00,2024-04-15 20:34:00,4,停机,False,正常,820,13
2024-04-15 20:35:00,2024-04-15 20:36:00,2,空载运行,False,正常,821,13
2024-04-15 20:37:00,2024-04-15 22:13:00,97,带载运行,False,正常,822,13
2024-04-15 22:14:00,2024-04-15 22:26:00,13,停机,False,正常,823,13
2024-04-15 22:27:00,2024-04-15 23:38:00,72,带载运行,False,正常,824,13
2024-04-15 23:39:00,2024-04-15 23:40:00,2,停机,False,正常,825,13
2024-04-15 23:41:00,2024-04-16 00:16:00,36,带载运行,False,正常,826,13
2024-04-16 00:17:00,2024-04-16 00:17:00,1,空载运行,False,正常,827,13
2024-04-16 00:18:00,2024-04-16 00:19:00,2,停机,False,正常,828,13
2024-04-16 00:20:00,2024-04-16 01:12:00,53,带载运行,False,正常,829,13
2024-04-16 01:13:00,2024-04-16 01:13:00,1,停机,False,正常,830,13
2024-04-16 01:14:00,2024-04-16 01:14:00,1,空载运行,False,正常,831,13
2024-04-16 01:15:00,2024-04-16 03:35:00,141,带载运行,False,正常,832,13
2024-04-16 03:36:00,2024-04-16 03:39:00,4,停机,False,正常,833,13
2024-04-16 03:40:00,2024-04-16 03:40:00,1,空载运行,False,正常,834,13
2024-04-16 03:41:00,2024-04-16 03:46:00,6,停机,False,正常,835,13
2024-04-16 03:47:00,2024-04-16 03:47:00,1,空载运行,False,正常,836,13
2024-04-16 03:48:00,2024-04-16 06:23:00,156,带载运行,False,正常,837,13
2024-04-16 06:24:00,2024-04-16 06:24:00,1,停机,False,正常,838,13
2024-04-16 06:25:00,2024-04-16 06:25:00,1,带载运行,False,正常,839,13
2024-04-16 06:26:00,2024-04-16 06:26:00,1,停机,False,正常,840,13
2024-04-16 06:27:00,2024-04-16 06:30:00,4,带载运行,False,正常,841,13
2024-04-16 06:31:00,2024-04-16 06:31:00,1,空载运行,False,正常,842,13
2024-04-16 06:32:00,2024-04-16 06:32:00,1,停机,False,正常,843,13
2024-04-16 06:33:00,2024-04-16 06:33:00,1,带载运行,False,正常,844,13
2024-04-16 06:34:00,2024-04-16 06:34:00,1,停机,False,正常,845,13
2024-04-16 06:35:00,2024-04-16 06:35:00,1,空载运行,False,正常,846,13
2024-04-16 06:36:00,2024-04-16 08:19:00,104,带载运行,False,正常,847,13
2024-04-16 08:20:00,2024-04-16 08:26:00,7,停机,False,正常,848,13
2024-04-16 08:27:00,2024-04-16 08:27:00,1,空载运行,False,正常,849,13
2024-04-16 08:28:00,2024-04-16 08:30:00,3,停机,False,正常,850,13
2024-04-16 08:31:00,2024-04-16 08:43:00,13,带载运行,False,正常,851,13
2024-04-16 08:44:00,2024-04-16 08:48:00,5,停机,False,正常,852,13
2024-04-16 08:49:00,2024-04-16 08:58:00,10,带载运行,False,正常,853,13
2024-04-16 08:59:00,2024-04-16 09:48:00,50,停机,False,正常,854,13
2024-04-16 09:49:00,2024-04-16 09:58:00,10,带载运行,False,正常,855,13
2024-04-16 09:59:00,2024-04-16 10:16:00,18,停机,False,正常,856,13
2024-04-16 10:17:00,2024-04-16 10:17:00,1,空载运行,False,正常,857,13
2024-04-16 10:18:00,2024-04-16 10:45:00,28,停机,False,正常,858,13
2024-04-16 10:46:00,2024-04-16 10:46:00,1,带载运行,False,正常,859,13
2024-04-16 10:47:00,2024-04-16 10:52:00,6,停机,False,正常,860,13
2024-04-16 10:53:00,2024-04-16 10:54:00,2,带载运行,False,正常,861,13
2024-04-16 10:55:00,2024-04-16 13:51:00,177,停机,False,正常,862,13
2024-04-16 13:52:00,2024-04-16 13:52:00,1,带载运行,False,正常,863,13
2024-04-16 13:53:00,2024-04-16 14:44:00,52,停机,False,正常,864,13
2024-04-16 14:45:00,2024-04-16 14:45:00,1,空载运行,False,正常,865,13
2024-04-16 14:46:00,2024-04-16 15:10:00,25,停机,False,正常,866,13
2024-04-16 15:11:00,2024-04-16 15:11:00,1,带载运行,False,正常,867,13
2024-04-16 15:12:00,2024-04-16 15:21:00,10,停机,False,正常,868,13
2024-04-16 15:22:00,2024-04-16 15:23:00,2,空载运行,False,正常,869,13
2024-04-16 15:24:00,2024-04-16 15:26:00,3,停机,False,正常,870,13
2024-04-16 15:27:00,2024-04-16 15:27:00,1,空载运行,False,正常,871,13
2024-04-16 15:28:00,2024-04-16 15:30:00,3,带载运行,False,正常,872,13
2024-04-16 15:31:00,2024-04-16 15:31:00,1,停机,False,正常,873,13
2024-04-16 15:32:00,2024-04-16 15:32:00,1,空载运行,False,正常,874,13
2024-04-16 15:33:00,2024-04-16 15:47:00,15,停机,False,正常,875,13
2024-04-16 15:48:00,2024-04-16 15:48:00,1,空载运行,False,正常,876,13
2024-04-16 15:49:00,2024-04-16 15:50:00,2,带载运行,False,正常,877,13
2024-04-16 15:51:00,2024-04-16 15:58:00,8,停机,False,正常,878,13
2024-04-16 15:59:00,2024-04-16 15:59:00,1,带载运行,False,正常,879,13
2024-04-16 16:00:00,2024-04-16 16:04:00,5,停机,False,正常,880,13
2024-04-16 16:05:00,2024-04-16 16:05:00,1,带载运行,False,正常,881,13
2024-04-16 16:06:00,2024-04-16 16:07:00,2,停机,False,正常,882,13
2024-04-16 16:08:00,2024-04-16 16:08:00,1,带载运行,False,正常,883,13
2024-04-16 16:09:00,2024-04-16 16:35:00,27,停机,False,正常,884,13
2024-04-16 16:36:00,2024-04-16 16:36:00,1,空载运行,False,正常,885,13
2024-04-16 16:37:00,2024-04-16 19:38:00,182,带载运行,False,正常,886,13
2024-04-16 19:39:00,2024-04-17 01:41:00,363,停机,True,传感器断电/断线（段持续 >= 6h）,887,14
2024-04-17 01:42:00,2024-04-17 04:17:00,156,带载运行,False,正常,888,15
2024-04-17 04:18:00,2024-04-17 06:15:00,118,停机,False,正常,889,15
2024-04-17 06:16:00,2024-04-17 06:16:00,1,空载运行,False,正常,890,15
2024-04-17 06:17:00,2024-04-17 06:17:00,1,带载运行,False,正常,891,15
2024-04-17 06:18:00,2024-04-17 06:18:00,1,停机,False,正常,892,15
2024-04-17 06:19:00,2024-04-17 06:23:00,5,带载运行,False,正常,893,15
2024-04-17 06:24:00,2024-04-17 06:24:00,1,停机,False,正常,894,15
2024-04-17 06:25:00,2024-04-17 06:25:00,1,空载运行,False,正常,895,15
2024-04-17 06:26:00,2024-04-17 06:37:00,12,带载运行,False,正常,896,15
2024-04-17 06:38:00,2024-04-17 06:38:00,1,停机,False,正常,897,15
2024-04-17 06:39:00,2024-04-17 06:39:00,1,空载运行,False,正常,898,15
2024-04-17 06:40:00,2024-04-17 09:32:00,173,带载运行,False,正常,899,15
2024-04-17 09:33:00,2024-04-17 10:12:00,40,停机,False,正常,900,15
2024-04-17 10:13:00,2024-04-17 10:13:00,1,带载运行,False,正常,901,15
2024-04-17 10:14:00,2024-04-17 10:14:00,1,停机,False,正常,902,15
2024-04-17 10:15:00,2024-04-17 10:16:00,2,带载运行,False,正常,903,15
2024-04-17 10:17:00,2024-04-17 10:17:00,1,停机,False,正常,904,15
2024-04-17 10:18:00,2024-04-17 10:18:00,1,空载运行,False,正常,905,15
2024-04-17 10:19:00,2024-04-17 10:19:00,1,带载运行,False,正常,906,15
2024-04-17 10:20:00,2024-04-17 10:20:00,1,停机,False,正常,907,15
2024-04-17 10:21:00,2024-04-17 10:25:00,5,带载运行,False,正常,908,15
2024-04-17 10:26:00,2024-04-17 10:26:00,1,空载运行,False,正常,909,15
2024-04-17 10:27:00,2024-04-17 10:27:00,1,带载运行,False,正常,910,15
2024-04-17 10:28:00,2024-04-17 10:32:00,5,停机,False,正常,911,15
2024-04-17 10:33:00,2024-04-17 10:39:00,7,带载运行,False,正常,912,15
2024-04-17 10:40:00,2024-04-17 11:58:00,79,停机,False,正常,913,15
2024-04-17 11:59:00,2024-04-17 11:59:00,1,空载运行,False,正常,914,15
2024-04-17 12:00:00,2024-04-17 12:04:00,5,停机,False,正常,915,15
2024-04-17 12:05:00,2024-04-17 12:05:00,1,带载运行,False,正常,916,15
2024-04-17 12:06:00,2024-04-17 12:06:00,1,停机,False,正常,917,15
2024-04-17 12:07:00,2024-04-17 12:07:00,1,空载运行,False,正常,918,15
2024-04-17 12:08:00,2024-04-17 12:09:00,2,带载运行,False,正常,919,15
2024-04-17 12:10:00,2024-04-17 12:13:00,4,停机,False,正常,920,15
2024-04-17 12:14:00,2024-04-17 12:14:00,1,空载运行,False,正常,921,15
2024-04-17 12:15:00,2024-04-17 15:42:00,208,停机,True,异常持续段（>204min 阈值）,922,16
2024-04-17 15:43:00,2024-04-17 15:43:00,1,空载运行,False,正常,923,17
2024-04-17 15:44:00,2024-04-17 15:59:00,16,带载运行,False,正常,924,17
2024-04-17 16:00:00,2024-04-17 16:48:00,49,停机,False,正常,925,17
2024-04-17 16:49:00,2024-04-17 16:49:00,1,空载运行,False,正常,926,17
2024-04-17 16:50:00,2024-04-17 16:58:00,9,带载运行,False,正常,927,17
2024-04-17 16:59:00,2024-04-17 16:59:00,1,空载运行,False,正常,928,17
2024-04-17 17:00:00,2024-04-17 17:29:00,30,带载运行,False,正常,929,17
2024-04-17 17:30:00,2024-04-17 17:31:00,2,停机,False,正常,930,17
2024-04-17 17:32:00,2024-04-17 17:32:00,1,空载运行,False,正常,931,17
2024-04-17 17:33:00,2024-04-17 17:34:00,2,停机,False,正常,932,17
2024-04-17 17:35:00,2024-04-17 19:00:00,86,带载运行,False,正常,933,17
2024-04-17 19:01:00,2024-04-17 19:04:00,4,停机,False,正常,934,17
2024-04-17 19:05:00,2024-04-17 19:12:00,8,带载运行,False,正常,935,17
2024-04-17 19:13:00,2024-04-17 20:00:00,48,停机,False,正常,936,17
2024-04-17 20:01:00,2024-04-17 20:01:00,1,空载运行,False,正常,937,17
2024-04-17 20:02:00,2024-04-17 20:04:00,3,带载运行,False,正常,938,17
2024-04-17 20:05:00,2024-04-17 20:17:00,13,停机,False,正常,939,17
2024-04-17 20:18:00,2024-04-17 20:18:00,1,空载运行,False,正常,940,17
2024-04-17 20:19:00,2024-04-17 20:57:00,39,带载运行,False,正常,941,17
2024-04-17 20:58:00,2024-04-17 21:38:00,41,停机,False,正常,942,17
2024-04-17 21:39:00,2024-04-17 21:41:00,3,带载运行,False,正常,943,17
2024-04-17 21:42:00,2024-04-17 21:42:00,1,停机,False,正常,944,17
2024-04-17 21:43:00,2024-04-17 21:43:00,1,空载运行,False,正常,945,17
2024-04-17 21:44:00,2024-04-17 22:04:00,21,带载运行,False,正常,946,17
2024-04-17 22:05:00,2024-04-17 22:54:00,50,空载运行,False,正常,947,17
2024-04-17 22:55:00,2024-04-17 23:24:00,30,停机,False,正常,948,17
2024-04-17 23:25:00,2024-04-17 23:25:00,1,空载运行,False,正常,949,17
2024-04-17 23:26:00,2024-04-17 23:39:00,14,停机,False,正常,950,17
2024-04-17 23:40:00,2024-04-17 23:53:00,14,带载运行,False,正常,951,17
2024-04-17 23:54:00,2024-04-17 23:54:00,1,停机,False,正常,952,17
2024-04-17 23:55:00,2024-04-17 23:55:00,1,空载运行,False,正常,953,17
2024-04-17 23:56:00,2024-04-18 01:56:00,121,带载运行,False,正常,954,17
2024-04-18 01:57:00,2024-04-18 02:11:00,15,停机,False,正常,955,17
2024-04-18 02:12:00,2024-04-18 05:09:00,178,带载运行,False,正常,956,17
2024-04-18 05:10:00,2024-04-18 05:15:00,6,停机,False,正常,957,17
2024-04-18 05:16:00,2024-04-18 08:06:00,171,带载运行,False,正常,958,17
2024-04-18 08:07:00,2024-04-18 08:07:00,1,停机,False,正常,959,17
2024-04-18 08:08:00,2024-04-18 08:10:00,3,带载运行,False,正常,960,17
2024-04-18 08:11:00,2024-04-18 08:14:00,4,停机,False,正常,961,17
2024-04-18 08:15:00,2024-04-18 09:00:00,46,带载运行,False,正常,962,17
2024-04-18 09:01:00,2024-04-18 09:02:00,2,停机,False,正常,963,17
2024-04-18 09:03:00,2024-04-18 09:06:00,4,带载运行,False,正常,964,17
2024-04-18 09:07:00,2024-04-18 10:27:00,81,停机,False,正常,965,17
2024-04-18 10:28:00,2024-04-18 10:30:00,3,带载运行,False,正常,966,17
2024-04-18 10:31:00,2024-04-18 10:34:00,4,停机,False,正常,967,17
2024-04-18 10:35:00,2024-04-18 10:35:00,1,带载运行,False,正常,968,17
2024-04-18 10:36:00,2024-04-18 10:36:00,1,停机,False,正常,969,17
2024-04-18 10:37:00,2024-04-18 10:38:00,2,带载运行,False,正常,970,17
2024-04-18 10:39:00,2024-04-18 10:39:00,1,停机,False,正常,971,17
2024-04-18 10:40:00,2024-04-18 10:42:00,3,带载运行,False,正常,972,17
2024-04-18 10:43:00,2024-04-18 10:43:00,1,空载运行,False,正常,973,17
2024-04-18 10:44:00,2024-04-18 10:44:00,1,带载运行,False,正常,974,17
2024-04-18 10:45:00,2024-04-18 10:45:00,1,停机,False,正常,975,17
2024-04-18 10:46:00,2024-04-18 10:46:00,1,带载运行,False,正常,976,17
2024-04-18 10:47:00,2024-04-18 11:02:00,16,停机,False,正常,977,17
2024-04-18 11:03:00,2024-04-18 11:03:00,1,带载运行,False,正常,978,17
2024-04-18 11:04:00,2024-04-18 11:06:00,3,停机,False,正常,979,17
2024-04-18 11:07:00,2024-04-18 11:07:00,1,空载运行,False,正常,980,17
2024-04-18 11:08:00,2024-04-18 11:35:00,28,停机,False,正常,981,17
2024-04-18 11:36:00,2024-04-18 11:36:00,1,带载运行,False,正常,982,17
2024-04-18 11:37:00,2024-04-18 11:42:00,6,停机,False,正常,983,17
2024-04-18 11:43:00,2024-04-18 11:43:00,1,带载运行,False,正常,984,17
2024-04-18 11:44:00,2024-04-18 12:02:00,19,停机,False,正常,985,17
2024-04-18 12:03:00,2024-04-18 12:03:00,1,空载运行,False,正常,986,17
2024-04-18 12:04:00,2024-04-18 12:40:00,37,停机,False,正常,987,17
2024-04-18 12:41:00,2024-04-18 12:41:00,1,空载运行,False,正常,988,17
2024-04-18 12:42:00,2024-04-18 13:14:00,33,停机,False,正常,989,17
2024-04-18 13:15:00,2024-04-18 13:15:00,1,带载运行,False,正常,990,17
2024-04-18 13:16:00,2024-04-18 13:19:00,4,停机,False,正常,991,17
2024-04-18 13:20:00,2024-04-18 13:20:00,1,空载运行,False,正常,992,17
2024-04-18 13:21:00,2024-04-18 13:26:00,6,停机,False,正常,993,17
2024-04-18 13:27:00,2024-04-18 13:27:00,1,带载运行,False,正常,994,17
2024-04-18 13:28:00,2024-04-18 13:28:00,1,停机,False,正常,995,17
2024-04-18 13:29:00,2024-04-18 13:29:00,1,空载运行,False,正常,996,17
2024-04-18 13:30:00,2024-04-18 13:33:00,4,停机,False,正常,997,17
2024-04-18 13:34:00,2024-04-18 13:34:00,1,空载运行,False,正常,998,17
2024-04-18 13:35:00,2024-04-18 13:43:00,9,停机,False,正常,999,17
2024-04-18 13:44:00,2024-04-18 13:44:00,1,空载运行,False,正常,1000,17
2024-04-18 13:45:00,2024-04-18 14:22:00,38,停机,False,正常,1001,17
2024-04-18 14:23:00,2024-04-18 14:23:00,1,空载运行,False,正常,1002,17
2024-04-18 14:24:00,2024-04-18 14:39:00,16,停机,False,正常,1003,17
2024-04-18 14:40:00,2024-04-18 14:40:00,1,空载运行,False,正常,1004,17
2024-04-18 14:41:00,2024-04-18 14:43:00,3,停机,False,正常,1005,17
2024-04-18 14:44:00,2024-04-18 14:44:00,1,带载运行,False,正常,1006,17
2024-04-18 14:45:00,2024-04-18 14:46:00,2,停机,False,正常,1007,17
2024-04-18 14:47:00,2024-04-18 14:47:00,1,带载运行,False,正常,1008,17
2024-04-18 14:48:00,2024-04-18 15:05:00,18,停机,False,正常,1009,17
2024-04-18 15:06:00,2024-04-18 15:06:00,1,空载运行,False,正常,1010,17
2024-04-18 15:07:00,2024-04-18 15:29:00,23,停机,False,正常,1011,17
2024-04-18 15:30:00,2024-04-18 15:30:00,1,空载运行,False,正常,1012,17
2024-04-18 15:31:00,2024-04-18 15:38:00,8,带载运行,False,正常,1013,17
2024-04-18 15:39:00,2024-04-18 15:42:00,4,停机,False,正常,1014,17
2024-04-18 15:43:00,2024-04-18 15:43:00,1,带载运行,False,正常,1015,17
2024-04-18 15:44:00,2024-04-18 15:47:00,4,停机,False,正常,1016,17
2024-04-18 15:48:00,2024-04-18 15:59:00,12,带载运行,False,正常,1017,17
2024-04-18 16:00:00,2024-04-18 16:02:00,3,停机,False,正常,1018,17
2024-04-18 16:03:00,2024-04-18 16:03:00,1,空载运行,False,正常,1019,17
2024-04-18 16:04:00,2024-04-18 19:38:00,215,带载运行,False,正常,1020,17
2024-04-18 19:39:00,2024-04-18 19:41:00,3,停机,False,正常,1021,17
2024-04-18 19:42:00,2024-04-18 19:42:00,1,空载运行,False,正常,1022,17
2024-04-18 19:43:00,2024-04-18 19:52:00,10,带载运行,False,正常,1023,17
2024-04-18 19:53:00,2024-04-18 19:58:00,6,停机,False,正常,1024,17
2024-04-18 19:59:00,2024-04-18 23:21:00,203,带载运行,False,正常,1025,17
2024-04-18 23:22:00,2024-04-19 00:23:00,62,停机,False,正常,1026,17
2024-04-19 00:24:00,2024-04-19 00:24:00,1,空载运行,False,正常,1027,17
2024-04-19 00:25:00,2024-04-19 00:54:00,30,带载运行,False,正常,1028,17
2024-04-19 00:55:00,2024-04-19 00:56:00,2,停机,False,正常,1029,17
2024-04-19 00:57:00,2024-04-19 00:57:00,1,空载运行,False,正常,1030,17
2024-04-19 00:58:00,2024-04-19 00:59:00,2,带载运行,False,正常,1031,17
2024-04-19 01:00:00,2024-04-19 01:01:00,2,停机,False,正常,1032,17
2024-04-19 01:02:00,2024-04-19 01:16:00,15,带载运行,False,正常,1033,17
2024-04-19 01:17:00,2024-04-19 01:22:00,6,停机,False,正常,1034,17
2024-04-19 01:23:00,2024-04-19 01:23:00,1,空载运行,False,正常,1035,17
2024-04-19 01:24:00,2024-04-19 05:49:00,266,带载运行,False,正常,1036,17
2024-04-19 05:50:00,2024-04-19 05:55:00,6,停机,False,正常,1037,17
2024-04-19 05:56:00,2024-04-19 08:50:00,175,带载运行,False,正常,1038,17
2024-04-19 08:51:00,2024-04-19 09:13:00,23,停机,False,正常,1039,17
2024-04-19 09:14:00,2024-04-19 09:14:00,1,空载运行,False,正常,1040,17
2024-04-19 09:15:00,2024-04-19 09:15:00,1,带载运行,False,正常,1041,17
2024-04-19 09:16:00,2024-04-19 09:16:00,1,空载运行,False,正常,1042,17
2024-04-19 09:17:00,2024-04-19 09:24:00,8,带载运行,False,正常,1043,17
2024-04-19 09:25:00,2024-04-19 09:25:00,1,空载运行,False,正常,1044,17
2024-04-19 09:26:00,2024-04-19 09:27:00,2,带载运行,False,正常,1045,17
2024-04-19 09:28:00,2024-04-19 09:29:00,2,停机,False,正常,1046,17
2024-04-19 09:30:00,2024-04-19 09:30:00,1,空载运行,False,正常,1047,17
2024-04-19 09:31:00,2024-04-19 09:31:00,1,带载运行,False,正常,1048,17
2024-04-19 09:32:00,2024-04-19 09:32:00,1,空载运行,False,正常,1049,17
2024-04-19 09:33:00,2024-04-19 09:38:00,6,停机,False,正常,1050,17
2024-04-19 09:39:00,2024-04-19 09:39:00,1,带载运行,False,正常,1051,17
2024-04-19 09:40:00,2024-04-19 09:45:00,6,停机,False,正常,1052,17
2024-04-19 09:46:00,2024-04-19 09:46:00,1,带载运行,False,正常,1053,17
2024-04-19 09:47:00,2024-04-19 10:08:00,22,停机,False,正常,1054,17
2024-04-19 10:09:00,2024-04-19 10:09:00,1,带载运行,False,正常,1055,17
2024-04-19 10:10:00,2024-04-19 10:11:00,2,停机,False,正常,1056,17
2024-04-19 10:12:00,2024-04-19 10:12:00,1,带载运行,False,正常,1057,17
2024-04-19 10:13:00,2024-04-19 14:30:00,258,停机,True,通讯中断/传感器休眠（段持续 >= 4h）,1058,18
2024-04-19 14:31:00,2024-04-19 14:31:00,1,空载运行,False,正常,1059,19
2024-04-19 14:32:00,2024-04-19 14:48:00,17,停机,False,正常,1060,19
2024-04-19 14:49:00,2024-04-19 14:49:00,1,带载运行,False,正常,1061,19
2024-04-19 14:50:00,2024-04-19 15:49:00,60,停机,False,正常,1062,19
2024-04-19 15:50:00,2024-04-19 15:50:00,1,空载运行,False,正常,1063,19
2024-04-19 15:51:00,2024-04-19 16:08:00,18,停机,False,正常,1064,19
2024-04-19 16:09:00,2024-04-19 16:09:00,1,空载运行,False,正常,1065,19
2024-04-19 16:10:00,2024-04-19 18:54:00,165,带载运行,False,正常,1066,19
2024-04-19 18:55:00,2024-04-19 19:10:00,16,停机,False,正常,1067,19
2024-04-19 19:11:00,2024-04-19 19:16:00,6,带载运行,False,正常,1068,19
2024-04-19 19:17:00,2024-04-19 19:25:00,9,停机,False,正常,1069,19
2024-04-19 19:26:00,2024-04-19 19:26:00,1,空载运行,False,正常,1070,19
2024-04-19 19:27:00,2024-04-19 19:31:00,5,带载运行,False,正常,1071,19
2024-04-19 19:32:00,2024-04-19 19:41:00,10,停机,False,正常,1072,19
2024-04-19 19:42:00,2024-04-19 19:42:00,1,空载运行,False,正常,1073,19
2024-04-19 19:43:00,2024-04-19 20:29:00,47,停机,False,正常,1074,19
2024-04-19 20:30:00,2024-04-20 05:08:00,519,带载运行,True,传感器断电/断线（段持续 >= 6h）,1075,20
2024-04-20 05:09:00,2024-04-20 05:21:00,13,停机,False,正常,1076,21
2024-04-20 05:22:00,2024-04-20 08:36:00,195,带载运行,False,正常,1077,21
2024-04-20 08:37:00,2024-04-20 09:16:00,40,停机,False,正常,1078,21
2024-04-20 09:17:00,2024-04-20 09:26:00,10,带载运行,False,正常,1079,21
2024-04-20 09:27:00,2024-04-20 09:58:00,32,停机,False,正常,1080,21
2024-04-20 09:59:00,2024-04-20 09:59:00,1,带载运行,False,正常,1081,21
2024-04-20 10:00:00,2024-04-20 10:04:00,5,停机,False,正常,1082,21
2024-04-20 10:05:00,2024-04-20 10:06:00,2,空载运行,False,正常,1083,21
2024-04-20 10:07:00,2024-04-20 10:07:00,1,带载运行,False,正常,1084,21
2024-04-20 10:08:00,2024-04-20 10:13:00,6,停机,False,正常,1085,21
2024-04-20 10:14:00,2024-04-20 10:14:00,1,空载运行,False,正常,1086,21
2024-04-20 10:15:00,2024-04-20 10:25:00,11,停机,False,正常,1087,21
2024-04-20 10:26:00,2024-04-20 10:26:00,1,带载运行,False,正常,1088,21
2024-04-20 10:27:00,2024-04-20 11:34:00,68,停机,False,正常,1089,21
2024-04-20 11:35:00,2024-04-20 11:35:00,1,空载运行,False,正常,1090,21
2024-04-20 11:36:00,2024-04-20 11:38:00,3,停机,False,正常,1091,21
2024-04-20 11:39:00,2024-04-20 11:39:00,1,带载运行,False,正常,1092,21
2024-04-20 11:40:00,2024-04-20 11:45:00,6,停机,False,正常,1093,21
2024-04-20 11:46:00,2024-04-20 11:46:00,1,空载运行,False,正常,1094,21
2024-04-20 11:47:00,2024-04-20 11:47:00,1,带载运行,False,正常,1095,21
2024-04-20 11:48:00,2024-04-20 11:48:00,1,停机,False,正常,1096,21
2024-04-20 11:49:00,2024-04-20 11:49:00,1,带载运行,False,正常,1097,21
2024-04-20 11:50:00,2024-04-20 11:50:00,1,空载运行,False,正常,1098,21
2024-04-20 11:51:00,2024-04-20 11:51:00,1,带载运行,False,正常,1099,21
2024-04-20 11:52:00,2024-04-20 15:30:00,219,停机,True,异常持续段（>204min 阈值）,1100,22
2024-04-20 15:31:00,2024-04-20 15:31:00,1,空载运行,False,正常,1101,23
2024-04-20 15:32:00,2024-04-20 15:32:00,1,带载运行,False,正常,1102,23
2024-04-20 15:33:00,2024-04-20 15:36:00,4,停机,False,正常,1103,23
2024-04-20 15:37:00,2024-04-20 15:38:00,2,带载运行,False,正常,1104,23
2024-04-20 15:39:00,2024-04-20 18:28:00,170,停机,False,正常,1105,23
2024-04-20 18:29:00,2024-04-20 18:29:00,1,空载运行,False,正常,1106,23
2024-04-20 18:30:00,2024-04-20 19:05:00,36,带载运行,False,正常,1107,23
2024-04-20 19:06:00,2024-04-20 19:07:00,2,停机,False,正常,1108,23
2024-04-20 19:08:00,2024-04-20 19:25:00,18,带载运行,False,正常,1109,23
2024-04-20 19:26:00,2024-04-20 19:26:00,1,空载运行,False,正常,1110,23
2024-04-20 19:27:00,2024-04-20 19:27:00,1,停机,False,正常,1111,23
2024-04-20 19:28:00,2024-04-20 19:28:00,1,带载运行,False,正常,1112,23
2024-04-20 19:29:00,2024-04-20 19:29:00,1,停机,False,正常,1113,23
2024-04-20 19:30:00,2024-04-20 19:36:00,7,带载运行,False,正常,1114,23
2024-04-20 19:37:00,2024-04-20 19:37:00,1,停机,False,正常,1115,23
2024-04-20 19:38:00,2024-04-20 19:38:00,1,空载运行,False,正常,1116,23
2024-04-20 19:39:00,2024-04-20 19:39:00,1,带载运行,False,正常,1117,23
2024-04-20 19:40:00,2024-04-20 19:40:00,1,停机,False,正常,1118,23
2024-04-20 19:41:00,2024-04-20 19:41:00,1,空载运行,False,正常,1119,23
2024-04-20 19:42:00,2024-04-20 20:21:00,40,带载运行,False,正常,1120,23
2024-04-20 20:22:00,2024-04-20 20:29:00,8,停机,False,正常,1121,23
2024-04-20 20:30:00,2024-04-20 20:54:00,25,带载运行,False,正常,1122,23
2024-04-20 20:55:00,2024-04-20 20:57:00,3,停机,False,正常,1123,23
2024-04-20 20:58:00,2024-04-20 23:26:00,149,带载运行,False,正常,1124,23
2024-04-20 23:27:00,2024-04-20 23:27:00,1,空载运行,False,正常,1125,23
2024-04-20 23:28:00,2024-04-20 23:28:00,1,停机,False,正常,1126,23
2024-04-20 23:29:00,2024-04-21 00:00:00,32,带载运行,False,正常,1127,23
2024-04-21 00:01:00,2024-04-21 00:09:00,9,停机,False,正常,1128,23
2024-04-21 00:10:00,2024-04-21 00:27:00,18,带载运行,False,正常,1129,23
2024-04-21 00:28:00,2024-04-21 00:38:00,11,停机,False,正常,1130,23
2024-04-21 00:39:00,2024-04-21 00:39:00,1,空载运行,False,正常,1131,23
2024-04-21 00:40:00,2024-04-21 02:31:00,112,带载运行,False,正常,1132,23
2024-04-21 02:32:00,2024-04-21 02:40:00,9,停机,False,正常,1133,23
2024-04-21 02:41:00,2024-04-21 02:41:00,1,空载运行,False,正常,1134,23
2024-04-21 02:42:00,2024-04-21 02:42:00,1,停机,False,正常,1135,23
2024-04-21 02:43:00,2024-04-21 02:43:00,1,空载运行,False,正常,1136,23
2024-04-21 02:44:00,2024-04-21 02:57:00,14,带载运行,False,正常,1137,23
2024-04-21 02:58:00,2024-04-21 02:58:00,1,停机,False,正常,1138,23
2024-04-21 02:59:00,2024-04-21 03:00:00,2,带载运行,False,正常,1139,23
2024-04-21 03:01:00,2024-04-21 03:03:00,3,停机,False,正常,1140,23
2024-04-21 03:04:00,2024-04-21 03:04:00,1,带载运行,False,正常,1141,23
2024-04-21 03:05:00,2024-04-21 03:07:00,3,停机,False,正常,1142,23
2024-04-21 03:08:00,2024-04-21 03:08:00,1,空载运行,False,正常,1143,23
2024-04-21 03:09:00,2024-04-21 03:16:00,8,带载运行,False,正常,1144,23
2024-04-21 03:17:00,2024-04-21 03:27:00,11,停机,False,正常,1145,23
2024-04-21 03:28:00,2024-04-21 03:28:00,1,空载运行,False,正常,1146,23
2024-04-21 03:29:00,2024-04-21 03:32:00,4,停机,False,正常,1147,23
2024-04-21 03:33:00,2024-04-21 03:34:00,2,空载运行,False,正常,1148,23
2024-04-21 03:35:00,2024-04-21 06:05:00,151,带载运行,False,正常,1149,23
2024-04-21 06:06:00,2024-04-21 06:09:00,4,停机,False,正常,1150,23
2024-04-21 06:10:00,2024-04-21 06:31:00,22,带载运行,False,正常,1151,23
2024-04-21 06:32:00,2024-04-21 06:44:00,13,停机,False,正常,1152,23
2024-04-21 06:45:00,2024-04-21 06:45:00,1,空载运行,False,正常,1153,23
2024-04-21 06:46:00,2024-04-21 06:46:00,1,停机,False,正常,1154,23
2024-04-21 06:47:00,2024-04-21 08:20:00,94,带载运行,False,正常,1155,23
2024-04-21 08:21:00,2024-04-21 08:25:00,5,停机,False,正常,1156,23
2024-04-21 08:26:00,2024-04-21 08:42:00,17,带载运行,False,正常,1157,23
2024-04-21 08:43:00,2024-04-21 08:44:00,2,停机,False,正常,1158,23
2024-04-21 08:45:00,2024-04-21 08:45:00,1,空载运行,False,正常,1159,23
2024-04-21 08:46:00,2024-04-21 08:48:00,3,停机,False,正常,1160,23
2024-04-21 08:49:00,2024-04-21 08:49:00,1,空载运行,False,正常,1161,23
2024-04-21 08:50:00,2024-04-21 10:15:00,86,带载运行,False,正常,1162,23
2024-04-21 10:16:00,2024-04-21 10:37:00,22,停机,False,正常,1163,23
2024-04-21 10:38:00,2024-04-21 10:38:00,1,空载运行,False,正常,1164,23
2024-04-21 10:39:00,2024-04-21 10:39:00,1,停机,False,正常,1165,23
2024-04-21 10:40:00,2024-04-21 10:40:00,1,空载运行,False,正常,1166,23
2024-04-21 10:41:00,2024-04-21 10:48:00,8,带载运行,False,正常,1167,23
2024-04-21 10:49:00,2024-04-21 10:51:00,3,停机,False,正常,1168,23
2024-04-21 10:52:00,2024-04-21 10:52:00,1,带载运行,False,正常,1169,23
2024-04-21 10:53:00,2024-04-21 10:59:00,7,停机,False,正常,1170,23
2024-04-21 11:00:00,2024-04-21 11:00:00,1,带载运行,False,正常,1171,23
2024-04-21 11:01:00,2024-04-21 11:06:00,6,停机,False,正常,1172,23
2024-04-21 11:07:00,2024-04-21 11:07:00,1,空载运行,False,正常,1173,23
2024-04-21 11:08:00,2024-04-21 11:11:00,4,停机,False,正常,1174,23
2024-04-21 11:12:00,2024-04-21 11:12:00,1,带载运行,False,正常,1175,23
2024-04-21 11:13:00,2024-04-21 11:35:00,23,停机,False,正常,1176,23
2024-04-21 11:36:00,2024-04-21 11:36:00,1,带载运行,False,正常,1177,23
2024-04-21 11:37:00,2024-04-21 12:20:00,44,停机,False,正常,1178,23
2024-04-21 12:21:00,2024-04-21 12:21:00,1,带载运行,False,正常,1179,23
2024-04-21 12:22:00,2024-04-21 12:31:00,10,停机,False,正常,1180,23
2024-04-21 12:32:00,2024-04-21 12:32:00,1,带载运行,False,正常,1181,23
2024-04-21 12:33:00,2024-04-21 14:53:00,141,停机,False,正常,1182,23
2024-04-21 14:54:00,2024-04-21 14:55:00,2,带载运行,False,正常,1183,23
2024-04-21 14:56:00,2024-04-21 16:30:00,95,停机,False,正常,1184,23
2024-04-21 16:31:00,2024-04-21 16:34:00,4,带载运行,False,正常,1185,23
2024-04-21 16:35:00,2024-04-21 16:37:00,3,停机,False,正常,1186,23
2024-04-21 16:38:00,2024-04-21 16:59:00,22,带载运行,False,正常,1187,23
2024-04-21 17:00:00,2024-04-21 17:10:00,11,停机,False,正常,1188,23
2024-04-21 17:11:00,2024-04-21 17:11:00,1,空载运行,False,正常,1189,23
2024-04-21 17:12:00,2024-04-21 17:12:00,1,带载运行,False,正常,1190,23
2024-04-21 17:13:00,2024-04-21 17:26:00,14,停机,False,正常,1191,23
2024-04-21 17:27:00,2024-04-21 18:25:00,59,带载运行,False,正常,1192,23
2024-04-21 18:26:00,2024-04-21 18:33:00,8,停机,False,正常,1193,23
2024-04-21 18:34:00,2024-04-21 18:34:00,1,空载运行,False,正常,1194,23
2024-04-21 18:35:00,2024-04-21 19:39:00,65,带载运行,False,正常,1195,23
2024-04-21 19:40:00,2024-04-21 19:45:00,6,停机,False,正常,1196,23
2024-04-21 19:46:00,2024-04-21 19:47:00,2,空载运行,False,正常,1197,23
2024-04-21 19:48:00,2024-04-21 21:10:00,83,带载运行,False,正常,1198,23
2024-04-21 21:11:00,2024-04-21 21:15:00,5,停机,False,正常,1199,23
2024-04-21 21:16:00,2024-04-21 23:12:00,117,带载运行,False,正常,1200,23
2024-04-21 23:13:00,2024-04-21 23:21:00,9,停机,False,正常,1201,23
2024-04-21 23:22:00,2024-04-21 23:22:00,1,空载运行,False,正常,1202,23
2024-04-21 23:23:00,2024-04-21 23:31:00,9,带载运行,False,正常,1203,23
2024-04-21 23:32:00,2024-04-21 23:52:00,21,停机,False,正常,1204,23
2024-04-21 23:53:00,2024-04-21 23:53:00,1,空载运行,False,正常,1205,23
2024-04-21 23:54:00,2024-04-21 23:55:00,2,带载运行,False,正常,1206,23
2024-04-21 23:56:00,2024-04-21 23:57:00,2,停机,False,正常,1207,23
2024-04-21 23:58:00,2024-04-21 23:58:00,1,空载运行,False,正常,1208,23
2024-04-21 23:59:00,2024-04-22 00:50:00,52,带载运行,False,正常,1209,23
2024-04-22 00:51:00,2024-04-22 01:11:00,21,停机,False,正常,1210,23
2024-04-22 01:12:00,2024-04-22 01:41:00,30,带载运行,False,正常,1211,23
2024-04-22 01:42:00,2024-04-22 01:49:00,8,停机,False,正常,1212,23
2024-04-22 01:50:00,2024-04-22 01:50:00,1,空载运行,False,正常,1213,23
2024-04-22 01:51:00,2024-04-22 01:51:00,1,停机,False,正常,1214,23
2024-04-22 01:52:00,2024-04-22 02:54:00,63,带载运行,False,正常,1215,23
2024-04-22 02:55:00,2024-04-22 03:03:00,9,停机,False,正常,1216,23
2024-04-22 03:04:00,2024-04-22 05:01:00,118,带载运行,False,正常,1217,23
2024-04-22 05:02:00,2024-04-22 05:09:00,8,停机,False,正常,1218,23
2024-04-22 05:10:00,2024-04-22 08:09:00,180,带载运行,False,正常,1219,23
2024-04-22 08:10:00,2024-04-22 08:11:00,2,停机,False,正常,1220,23
2024-04-22 08:12:00,2024-04-22 08:12:00,1,空载运行,False,正常,1221,23
2024-04-22 08:13:00,2024-04-22 09:35:00,83,带载运行,False,正常,1222,23
2024-04-22 09:36:00,2024-04-22 09:45:00,10,停机,False,正常,1223,23
2024-04-22 09:46:00,2024-04-22 09:46:00,1,空载运行,False,正常,1224,23
2024-04-22 09:47:00,2024-04-22 09:58:00,12,带载运行,False,正常,1225,23
2024-04-22 09:59:00,2024-04-22 10:00:00,2,停机,False,正常,1226,23
2024-04-22 10:01:00,2024-04-22 10:01:00,1,空载运行,False,正常,1227,23
2024-04-22 10:02:00,2024-04-22 10:30:00,29,带载运行,False,正常,1228,23
2024-04-22 10:31:00,2024-04-22 10:44:00,14,停机,False,正常,1229,23
2024-04-22 10:45:00,2024-04-22 10:57:00,13,带载运行,False,正常,1230,23
2024-04-22 10:58:00,2024-04-22 11:39:00,42,停机,False,正常,1231,23
2024-04-22 11:40:00,2024-04-22 11:40:00,1,空载运行,False,正常,1232,23
2024-04-22 11:41:00,2024-04-22 11:44:00,4,停机,False,正常,1233,23
2024-04-22 11:45:00,2024-04-22 11:45:00,1,带载运行,False,正常,1234,23
2024-04-22 11:46:00,2024-04-22 13:52:00,127,停机,False,正常,1235,23
2024-04-22 13:53:00,2024-04-22 13:53:00,1,空载运行,False,正常,1236,23
2024-04-22 13:54:00,2024-04-22 13:54:00,1,带载运行,False,正常,1237,23
2024-04-22 13:55:00,2024-04-22 13:55:00,1,停机,False,正常,1238,23
2024-04-22 13:56:00,2024-04-22 13:56:00,1,带载运行,False,正常,1239,23
2024-04-22 13:57:00,2024-04-22 13:59:00,3,停机,False,正常,1240,23
2024-04-22 14:00:00,2024-04-22 14:00:00,1,带载运行,False,正常,1241,23
2024-04-22 14:01:00,2024-04-22 14:01:00,1,停机,False,正常,1242,23
2024-04-22 14:02:00,2024-04-22 14:02:00,1,带载运行,False,正常,1243,23
2024-04-22 14:03:00,2024-04-22 14:03:00,1,停机,False,正常,1244,23
2024-04-22 14:04:00,2024-04-22 14:04:00,1,空载运行,False,正常,1245,23
2024-04-22 14:05:00,2024-04-22 14:38:00,34,停机,False,正常,1246,23
2024-04-22 14:39:00,2024-04-22 14:39:00,1,空载运行,False,正常,1247,23
2024-04-22 14:40:00,2024-04-22 14:49:00,10,停机,False,正常,1248,23
2024-04-22 14:50:00,2024-04-22 14:52:00,3,带载运行,False,正常,1249,23
2024-04-22 14:53:00,2024-04-22 15:27:00,35,停机,False,正常,1250,23
2024-04-22 15:28:00,2024-04-22 15:28:00,1,空载运行,False,正常,1251,23
2024-04-22 15:29:00,2024-04-22 15:44:00,16,带载运行,False,正常,1252,23
2024-04-22 15:45:00,2024-04-22 16:03:00,19,停机,False,正常,1253,23
2024-04-22 16:04:00,2024-04-22 16:34:00,31,带载运行,False,正常,1254,23
2024-04-22 16:35:00,2024-04-22 16:42:00,8,停机,False,正常,1255,23
2024-04-22 16:43:00,2024-04-22 16:46:00,4,带载运行,False,正常,1256,23
2024-04-22 16:47:00,2024-04-22 16:48:00,2,停机,False,正常,1257,23
2024-04-22 16:49:00,2024-04-22 16:49:00,1,空载运行,False,正常,1258,23
2024-04-22 16:50:00,2024-04-22 17:17:00,28,带载运行,False,正常,1259,23
2024-04-22 17:18:00,2024-04-22 17:31:00,14,停机,False,正常,1260,23
2024-04-22 17:32:00,2024-04-22 17:40:00,9,带载运行,False,正常,1261,23
2024-04-22 17:41:00,2024-04-22 17:45:00,5,停机,False,正常,1262,23
2024-04-22 17:46:00,2024-04-22 17:54:00,9,带载运行,False,正常,1263,23
2024-04-22 17:55:00,2024-04-22 18:32:00,38,停机,False,正常,1264,23
2024-04-22 18:33:00,2024-04-22 18:36:00,4,带载运行,False,正常,1265,23
2024-04-22 18:37:00,2024-04-22 18:39:00,3,停机,False,正常,1266,23
2024-04-22 18:40:00,2024-04-22 19:52:00,73,带载运行,False,正常,1267,23
2024-04-22 19:53:00,2024-04-22 19:54:00,2,停机,False,正常,1268,23
2024-04-22 19:55:00,2024-04-22 19:57:00,3,带载运行,False,正常,1269,23
2024-04-22 19:58:00,2024-04-22 20:02:00,5,停机,False,正常,1270,23
2024-04-22 20:03:00,2024-04-22 20:03:00,1,空载运行,False,正常,1271,23
2024-04-22 20:04:00,2024-04-22 22:22:00,139,带载运行,False,正常,1272,23
2024-04-22 22:23:00,2024-04-22 22:23:00,1,空载运行,False,正常,1273,23
2024-04-22 22:24:00,2024-04-22 22:48:00,25,停机,False,正常,1274,23
2024-04-22 22:49:00,2024-04-22 22:58:00,10,带载运行,False,正常,1275,23
2024-04-22 22:59:00,2024-04-22 23:07:00,9,停机,False,正常,1276,23
2024-04-22 23:08:00,2024-04-22 23:08:00,1,空载运行,False,正常,1277,23
2024-04-22 23:09:00,2024-04-22 23:50:00,42,带载运行,False,正常,1278,23
2024-04-22 23:51:00,2024-04-22 23:56:00,6,停机,False,正常,1279,23
2024-04-22 23:57:00,2024-04-23 00:35:00,39,带载运行,False,正常,1280,23
2024-04-23 00:36:00,2024-04-23 00:36:00,1,空载运行,False,正常,1281,23
2024-04-23 00:37:00,2024-04-23 00:39:00,3,停机,False,正常,1282,23
2024-04-23 00:40:00,2024-04-23 01:43:00,64,带载运行,False,正常,1283,23
2024-04-23 01:44:00,2024-04-23 01:51:00,8,停机,False,正常,1284,23
2024-04-23 01:52:00,2024-04-23 01:55:00,4,带载运行,False,正常,1285,23
2024-04-23 01:56:00,2024-04-23 02:05:00,10,停机,False,正常,1286,23
2024-04-23 02:06:00,2024-04-23 03:55:00,110,带载运行,False,正常,1287,23
2024-04-23 03:56:00,2024-04-23 04:01:00,6,停机,False,正常,1288,23
2024-04-23 04:02:00,2024-04-23 08:14:00,253,带载运行,False,正常,1289,23
2024-04-23 08:15:00,2024-04-23 08:16:00,2,停机,False,正常,1290,23
2024-04-23 08:17:00,2024-04-23 08:40:00,24,带载运行,False,正常,1291,23
2024-04-23 08:41:00,2024-04-23 08:43:00,3,停机,False,正常,1292,23
2024-04-23 08:44:00,2024-04-23 08:48:00,5,带载运行,False,正常,1293,23
2024-04-23 08:49:00,2024-04-23 08:52:00,4,停机,False,正常,1294,23
2024-04-23 08:53:00,2024-04-23 08:53:00,1,空载运行,False,正常,1295,23
2024-04-23 08:54:00,2024-04-23 09:11:00,18,带载运行,False,正常,1296,23
2024-04-23 09:12:00,2024-04-23 09:36:00,25,停机,False,正常,1297,23
2024-04-23 09:37:00,2024-04-23 09:37:00,1,空载运行,False,正常,1298,23
2024-04-23 09:38:00,2024-04-23 09:41:00,4,带载运行,False,正常,1299,23
2024-04-23 09:42:00,2024-04-23 09:44:00,3,停机,False,正常,1300,23
2024-04-23 09:45:00,2024-04-23 09:45:00,1,空载运行,False,正常,1301,23
2024-04-23 09:46:00,2024-04-23 09:47:00,2,带载运行,False,正常,1302,23
2024-04-23 09:48:00,2024-04-23 09:48:00,1,空载运行,False,正常,1303,23
2024-04-23 09:49:00,2024-04-23 09:55:00,7,带载运行,False,正常,1304,23
2024-04-23 09:56:00,2024-04-23 10:03:00,8,停机,False,正常,1305,23
2024-04-23 10:04:00,2024-04-23 10:04:00,1,空载运行,False,正常,1306,23
2024-04-23 10:05:00,2024-04-23 10:05:00,1,停机,False,正常,1307,23
2024-04-23 10:06:00,2024-04-23 10:06:00,1,带载运行,False,正常,1308,23
2024-04-23 10:07:00,2024-04-23 10:07:00,1,停机,False,正常,1309,23
2024-04-23 10:08:00,2024-04-23 10:08:00,1,带载运行,False,正常,1310,23
2024-04-23 10:09:00,2024-04-23 13:29:00,201,停机,False,正常,1311,23
2024-04-23 13:30:00,2024-04-23 13:30:00,1,空载运行,False,正常,1312,23
2024-04-23 13:31:00,2024-04-23 13:34:00,4,停机,False,正常,1313,23
2024-04-23 13:35:00,2024-04-23 13:35:00,1,空载运行,False,正常,1314,23
2024-04-23 13:36:00,2024-04-23 13:36:00,1,带载运行,False,正常,1315,23
2024-04-23 13:37:00,2024-04-23 13:37:00,1,停机,False,正常,1316,23
2024-04-23 13:38:00,2024-04-23 13:38:00,1,空载运行,False,正常,1317,23
2024-04-23 13:39:00,2024-04-23 13:42:00,4,停机,False,正常,1318,23
2024-04-23 13:43:00,2024-04-23 13:43:00,1,空载运行,False,正常,1319,23
2024-04-23 13:44:00,2024-04-23 15:32:00,109,停机,False,正常,1320,23
2024-04-23 15:33:00,2024-04-23 15:34:00,2,带载运行,False,正常,1321,23
2024-04-23 15:35:00,2024-04-23 15:44:00,10,停机,False,正常,1322,23
2024-04-23 15:45:00,2024-04-23 15:45:00,1,空载运行,False,正常,1323,23
2024-04-23 15:46:00,2024-04-23 16:34:00,49,带载运行,False,正常,1324,23
2024-04-23 16:35:00,2024-04-23 16:36:00,2,停机,False,正常,1325,23
2024-04-23 16:37:00,2024-04-23 16:37:00,1,空载运行,False,正常,1326,23
2024-04-23 16:38:00,2024-04-23 17:09:00,32,带载运行,False,正常,1327,23
2024-04-23 17:10:00,2024-04-23 17:38:00,29,停机,False,正常,1328,23
2024-04-23 17:39:00,2024-04-23 17:39:00,1,空载运行,False,正常,1329,23
2024-04-23 17:40:00,2024-04-23 17:48:00,9,停机,False,正常,1330,23
2024-04-23 17:49:00,2024-04-23 17:49:00,1,空载运行,False,正常,1331,23
2024-04-23 17:50:00,2024-04-23 17:51:00,2,停机,False,正常,1332,23
2024-04-23 17:52:00,2024-04-23 19:41:00,110,带载运行,False,正常,1333,23
2024-04-23 19:42:00,2024-04-23 19:42:00,1,停机,False,正常,1334,23
2024-04-23 19:43:00,2024-04-23 19:43:00,1,空载运行,False,正常,1335,23
2024-04-23 19:44:00,2024-04-23 19:53:00,10,带载运行,False,正常,1336,23
2024-04-23 19:54:00,2024-04-23 19:57:00,4,停机,False,正常,1337,23
2024-04-23 19:58:00,2024-04-23 20:07:00,10,带载运行,False,正常,1338,23
2024-04-23 20:08:00,2024-04-23 20:13:00,6,停机,False,正常,1339,23
2024-04-23 20:14:00,2024-04-23 20:52:00,39,带载运行,False,正常,1340,23
2024-04-23 20:53:00,2024-04-23 20:54:00,2,停机,False,正常,1341,23
2024-04-23 20:55:00,2024-04-24 02:57:00,363,带载运行,False,正常,1342,23
2024-04-24 02:58:00,2024-04-24 03:54:00,57,停机,False,正常,1343,23
2024-04-24 03:55:00,2024-04-24 03:55:00,1,空载运行,False,正常,1344,23
2024-04-24 03:56:00,2024-04-24 03:56:00,1,停机,False,正常,1345,23
2024-04-24 03:57:00,2024-04-24 03:58:00,2,空载运行,False,正常,1346,23
2024-04-24 03:59:00,2024-04-24 06:13:00,135,带载运行,False,正常,1347,23
2024-04-24 06:14:00,2024-04-24 07:20:00,67,停机,False,正常,1348,23
2024-04-24 07:21:00,2024-04-24 07:22:00,2,带载运行,False,正常,1349,23
2024-04-24 07:23:00,2024-04-24 10:23:00,181,停机,False,正常,1350,23
2024-04-24 10:24:00,2024-04-24 10:24:00,1,空载运行,False,正常,1351,23
2024-04-24 10:25:00,2024-04-24 10:30:00,6,带载运行,False,正常,1352,23
2024-04-24 10:31:00,2024-04-24 10:31:00,1,空载运行,False,正常,1353,23
2024-04-24 10:32:00,2024-04-24 10:34:00,3,带载运行,False,正常,1354,23
2024-04-24 10:35:00,2024-04-24 10:45:00,11,停机,False,正常,1355,23
2024-04-24 10:46:00,2024-04-24 10:46:00,1,空载运行,False,正常,1356,23
2024-04-24 10:47:00,2024-04-24 10:51:00,5,停机,False,正常,1357,23
2024-04-24 10:52:00,2024-04-24 10:52:00,1,带载运行,False,正常,1358,23
2024-04-24 10:53:00,2024-04-24 10:57:00,5,停机,False,正常,1359,23
2024-04-24 10:58:00,2024-04-24 10:59:00,2,空载运行,False,正常,1360,23
2024-04-24 11:00:00,2024-04-24 11:00:00,1,停机,False,正常,1361,23
2024-04-24 11:01:00,2024-04-24 11:01:00,1,带载运行,False,正常,1362,23
2024-04-24 11:02:00,2024-04-24 12:13:00,72,停机,False,正常,1363,23
2024-04-24 12:14:00,2024-04-24 12:14:00,1,带载运行,False,正常,1364,23
2024-04-24 12:15:00,2024-04-24 14:59:00,165,停机,False,正常,1365,23
2024-04-24 15:00:00,2024-04-24 15:00:00,1,带载运行,False,正常,1366,23
2024-04-24 15:01:00,2024-04-24 15:05:00,5,停机,False,正常,1367,23
2024-04-24 15:06:00,2024-04-24 15:06:00,1,空载运行,False,正常,1368,23
2024-04-24 15:07:00,2024-04-24 15:07:00,1,带载运行,False,正常,1369,23
2024-04-24 15:08:00,2024-04-24 15:08:00,1,停机,False,正常,1370,23
2024-04-24 15:09:00,2024-04-24 15:09:00,1,空载运行,False,正常,1371,23
2024-04-24 15:10:00,2024-04-24 15:11:00,2,带载运行,False,正常,1372,23
2024-04-24 15:12:00,2024-04-24 15:17:00,6,停机,False,正常,1373,23
2024-04-24 15:18:00,2024-04-24 15:18:00,1,带载运行,False,正常,1374,23
2024-04-24 15:19:00,2024-04-24 15:35:00,17,停机,False,正常,1375,23
2024-04-24 15:36:00,2024-04-24 15:36:00,1,空载运行,False,正常,1376,23
2024-04-24 15:37:00,2024-04-24 15:50:00,14,带载运行,False,正常,1377,23
2024-04-24 15:51:00,2024-04-24 15:53:00,3,空载运行,False,正常,1378,23
2024-04-24 15:54:00,2024-04-24 15:54:00,1,停机,False,正常,1379,23
2024-04-24 15:55:00,2024-04-24 15:55:00,1,空载运行,False,正常,1380,23
2024-04-24 15:56:00,2024-04-24 17:07:00,72,带载运行,False,正常,1381,23
2024-04-24 17:08:00,2024-04-24 17:50:00,43,停机,False,正常,1382,23
2024-04-24 17:51:00,2024-04-24 18:44:00,54,带载运行,False,正常,1383,23
2024-04-24 18:45:00,2024-04-24 19:04:00,20,停机,False,正常,1384,23
2024-04-24 19:05:00,2024-04-24 19:17:00,13,带载运行,False,正常,1385,23
2024-04-24 19:18:00,2024-04-24 19:34:00,17,停机,False,正常,1386,23
2024-04-24 19:35:00,2024-04-24 19:35:00,1,空载运行,False,正常,1387,23
2024-04-24 19:36:00,2024-04-24 20:56:00,81,带载运行,False,正常,1388,23
2024-04-24 20:57:00,2024-04-24 20:57:00,1,空载运行,False,正常,1389,23
2024-04-24 20:58:00,2024-04-24 21:00:00,3,停机,False,正常,1390,23
2024-04-24 21:01:00,2024-04-24 21:01:00,1,空载运行,False,正常,1391,23
2024-04-24 21:02:00,2024-04-24 21:14:00,13,带载运行,False,正常,1392,23
2024-04-24 21:15:00,2024-04-24 21:20:00,6,停机,False,正常,1393,23
2024-04-24 21:21:00,2024-04-24 23:49:00,149,带载运行,False,正常,1394,23
2024-04-24 23:50:00,2024-04-25 00:03:00,14,停机,False,正常,1395,23
2024-04-25 00:04:00,2024-04-25 02:29:00,146,带载运行,False,正常,1396,23
2024-04-25 02:30:00,2024-04-25 02:30:00,1,空载运行,False,正常,1397,23
2024-04-25 02:31:00,2024-04-25 03:19:00,49,带载运行,False,正常,1398,23
2024-04-25 03:20:00,2024-04-25 03:33:00,14,停机,False,正常,1399,23
2024-04-25 03:34:00,2024-04-25 05:29:00,116,带载运行,False,正常,1400,23
2024-04-25 05:30:00,2024-04-25 05:31:00,2,停机,False,正常,1401,23
2024-04-25 05:32:00,2024-04-25 05:32:00,1,空载运行,False,正常,1402,23
2024-04-25 05:33:00,2024-04-25 08:09:00,157,带载运行,False,正常,1403,23
2024-04-25 08:10:00,2024-04-25 08:14:00,5,停机,False,正常,1404,23
2024-04-25 08:15:00,2024-04-25 08:32:00,18,带载运行,False,正常,1405,23
2024-04-25 08:33:00,2024-04-25 08:44:00,12,停机,False,正常,1406,23
2024-04-25 08:45:00,2024-04-25 09:12:00,28,带载运行,False,正常,1407,23
2024-04-25 09:13:00,2024-04-25 09:14:00,2,停机,False,正常,1408,23
2024-04-25 09:15:00,2024-04-25 09:27:00,13,带载运行,False,正常,1409,23
2024-04-25 09:28:00,2024-04-25 09:33:00,6,空载运行,False,正常,1410,23
2024-04-25 09:34:00,2024-04-25 09:35:00,2,停机,False,正常,1411,23
2024-04-25 09:36:00,2024-04-25 10:15:00,40,带载运行,False,正常,1412,23
2024-04-25 10:16:00,2024-04-25 10:18:00,3,停机,False,正常,1413,23
2024-04-25 10:19:00,2024-04-25 10:19:00,1,带载运行,False,正常,1414,23
2024-04-25 10:20:00,2024-04-25 10:30:00,11,停机,False,正常,1415,23
2024-04-25 10:31:00,2024-04-25 10:31:00,1,空载运行,False,正常,1416,23
2024-04-25 10:32:00,2024-04-25 10:35:00,4,带载运行,False,正常,1417,23
2024-04-25 10:36:00,2024-04-25 10:44:00,9,停机,False,正常,1418,23
2024-04-25 10:45:00,2024-04-25 10:46:00,2,带载运行,False,正常,1419,23
2024-04-25 10:47:00,2024-04-25 10:47:00,1,停机,False,正常,1420,23
2024-04-25 10:48:00,2024-04-25 10:54:00,7,带载运行,False,正常,1421,23
2024-04-25 10:55:00,2024-04-25 11:14:00,20,停机,False,正常,1422,23
2024-04-25 11:15:00,2024-04-25 11:15:00,1,空载运行,False,正常,1423,23
2024-04-25 11:16:00,2024-04-25 13:19:00,124,停机,False,正常,1424,23
2024-04-25 13:20:00,2024-04-25 13:20:00,1,带载运行,False,正常,1425,23
2024-04-25 13:21:00,2024-04-25 13:53:00,33,停机,False,正常,1426,23
2024-04-25 13:54:00,2024-04-25 13:54:00,1,带载运行,False,正常,1427,23
2024-04-25 13:55:00,2024-04-25 14:16:00,22,停机,False,正常,1428,23
2024-04-25 14:17:00,2024-04-25 14:17:00,1,带载运行,False,正常,1429,23
2024-04-25 14:18:00,2024-04-25 14:25:00,8,停机,False,正常,1430,23
2024-04-25 14:26:00,2024-04-25 14:26:00,1,带载运行,False,正常,1431,23
2024-04-25 14:27:00,2024-04-25 15:45:00,79,停机,False,正常,1432,23
2024-04-25 15:46:00,2024-04-25 15:53:00,8,带载运行,False,正常,1433,23
2024-04-25 15:54:00,2024-04-25 15:57:00,4,停机,False,正常,1434,23
2024-04-25 15:58:00,2024-04-25 17:00:00,63,带载运行,False,正常,1435,23
2024-04-25 17:01:00,2024-04-25 17:56:00,56,停机,False,正常,1436,23
2024-04-25 17:57:00,2024-04-25 17:59:00,3,带载运行,False,正常,1437,23
2024-04-25 18:00:00,2024-04-25 18:19:00,20,停机,False,正常,1438,23
2024-04-25 18:20:00,2024-04-25 18:20:00,1,空载运行,False,正常,1439,23
2024-04-25 18:21:00,2024-04-25 18:22:00,2,停机,False,正常,1440,23
2024-04-25 18:23:00,2024-04-25 18:23:00,1,带载运行,False,正常,1441,23
2024-04-25 18:24:00,2024-04-25 18:29:00,6,停机,False,正常,1442,23
2024-04-25 18:30:00,2024-04-25 21:30:00,181,带载运行,False,正常,1443,23
2024-04-25 21:31:00,2024-04-25 21:38:00,8,停机,False,正常,1444,23
2024-04-25 21:39:00,2024-04-25 23:20:00,102,带载运行,False,正常,1445,23
2024-04-25 23:21:00,2024-04-25 23:28:00,8,停机,False,正常,1446,23
2024-04-25 23:29:00,2024-04-25 23:29:00,1,空载运行,False,正常,1447,23
2024-04-25 23:30:00,2024-04-25 23:31:00,2,停机,False,正常,1448,23
2024-04-25 23:32:00,2024-04-26 02:53:00,202,带载运行,False,正常,1449,23
2024-04-26 02:54:00,2024-04-26 02:54:00,1,停机,False,正常,1450,23
2024-04-26 02:55:00,2024-04-26 02:55:00,1,空载运行,False,正常,1451,23
2024-04-26 02:56:00,2024-04-26 04:54:00,119,带载运行,False,正常,1452,23
2024-04-26 04:55:00,2024-04-26 05:25:00,31,停机,False,正常,1453,23
2024-04-26 05:26:00,2024-04-26 05:26:00,1,空载运行,False,正常,1454,23
2024-04-26 05:27:00,2024-04-26 07:07:00,101,带载运行,False,正常,1455,23
2024-04-26 07:08:00,2024-04-26 08:19:00,72,停机,False,正常,1456,23
2024-04-26 08:20:00,2024-04-26 08:20:00,1,空载运行,False,正常,1457,23
2024-04-26 08:21:00,2024-04-26 08:29:00,9,带载运行,False,正常,1458,23
2024-04-26 08:30:00,2024-04-26 10:00:00,91,停机,False,正常,1459,23
2024-04-26 10:01:00,2024-04-26 10:01:00,1,带载运行,False,正常,1460,23
2024-04-26 10:02:00,2024-04-26 10:05:00,4,停机,False,正常,1461,23
2024-04-26 10:06:00,2024-04-26 10:06:00,1,空载运行,False,正常,1462,23
2024-04-26 10:07:00,2024-04-26 10:08:00,2,带载运行,False,正常,1463,23
2024-04-26 10:09:00,2024-04-26 10:13:00,5,停机,False,正常,1464,23
2024-04-26 10:14:00,2024-04-26 10:14:00,1,空载运行,False,正常,1465,23
2024-04-26 10:15:00,2024-04-26 10:15:00,1,停机,False,正常,1466,23
2024-04-26 10:16:00,2024-04-26 10:16:00,1,空载运行,False,正常,1467,23
2024-04-26 10:17:00,2024-04-26 10:17:00,1,带载运行,False,正常,1468,23
2024-04-26 10:18:00,2024-04-26 10:19:00,2,停机,False,正常,1469,23
2024-04-26 10:20:00,2024-04-26 10:20:00,1,带载运行,False,正常,1470,23
2024-04-26 10:21:00,2024-04-26 10:24:00,4,停机,False,正常,1471,23
2024-04-26 10:25:00,2024-04-26 10:25:00,1,带载运行,False,正常,1472,23
2024-04-26 10:26:00,2024-04-26 10:26:00,1,停机,False,正常,1473,23
2024-04-26 10:27:00,2024-04-26 10:27:00,1,空载运行,False,正常,1474,23
2024-04-26 10:28:00,2024-04-26 10:29:00,2,停机,False,正常,1475,23
2024-04-26 10:30:00,2024-04-26 10:30:00,1,空载运行,False,正常,1476,23
2024-04-26 10:31:00,2024-04-26 10:31:00,1,停机,False,正常,1477,23
2024-04-26 10:32:00,2024-04-26 10:32:00,1,空载运行,False,正常,1478,23
2024-04-26 10:33:00,2024-04-26 10:37:00,5,停机,False,正常,1479,23
2024-04-26 10:38:00,2024-04-26 10:38:00,1,空载运行,False,正常,1480,23
2024-04-26 10:39:00,2024-04-26 10:40:00,2,停机,False,正常,1481,23
2024-04-26 10:41:00,2024-04-26 10:41:00,1,空载运行,False,正常,1482,23
2024-04-26 10:42:00,2024-04-26 10:47:00,6,停机,False,正常,1483,23
2024-04-26 10:48:00,2024-04-26 10:48:00,1,带载运行,False,正常,1484,23
2024-04-26 10:49:00,2024-04-26 13:35:00,167,停机,False,正常,1485,23
2024-04-26 13:36:00,2024-04-26 13:36:00,1,空载运行,False,正常,1486,23
2024-04-26 13:37:00,2024-04-26 13:45:00,9,停机,False,正常,1487,23
2024-04-26 13:46:00,2024-04-26 13:46:00,1,空载运行,False,正常,1488,23
2024-04-26 13:47:00,2024-04-26 13:57:00,11,停机,False,正常,1489,23
2024-04-26 13:58:00,2024-04-26 13:58:00,1,带载运行,False,正常,1490,23
2024-04-26 13:59:00,2024-04-26 14:10:00,12,停机,False,正常,1491,23
2024-04-26 14:11:00,2024-04-26 14:11:00,1,空载运行,False,正常,1492,23
2024-04-26 14:12:00,2024-04-26 15:46:00,95,停机,False,正常,1493,23
2024-04-26 15:47:00,2024-04-26 15:47:00,1,带载运行,False,正常,1494,23
2024-04-26 15:48:00,2024-04-26 16:03:00,16,停机,False,正常,1495,23
2024-04-26 16:04:00,2024-04-26 16:05:00,2,带载运行,False,正常,1496,23
2024-04-26 16:06:00,2024-04-26 16:31:00,26,停机,False,正常,1497,23
2024-04-26 16:32:00,2024-04-26 16:32:00,1,空载运行,False,正常,1498,23
2024-04-26 16:33:00,2024-04-26 16:34:00,2,带载运行,False,正常,1499,23
2024-04-26 16:35:00,2024-04-26 16:35:00,1,空载运行,False,正常,1500,23
2024-04-26 16:36:00,2024-04-26 17:46:00,71,带载运行,False,正常,1501,23
2024-04-26 17:47:00,2024-04-26 17:47:00,1,停机,False,正常,1502,23
2024-04-26 17:48:00,2024-04-26 17:48:00,1,带载运行,False,正常,1503,23
2024-04-26 17:49:00,2024-04-26 17:49:00,1,空载运行,False,正常,1504,23
2024-04-26 17:50:00,2024-04-26 17:51:00,2,停机,False,正常,1505,23
2024-04-26 17:52:00,2024-04-26 17:59:00,8,带载运行,False,正常,1506,23
2024-04-26 18:00:00,2024-04-26 18:07:00,8,停机,False,正常,1507,23
2024-04-26 18:08:00,2024-04-26 18:08:00,1,空载运行,False,正常,1508,23
2024-04-26 18:09:00,2024-04-26 19:16:00,68,带载运行,False,正常,1509,23
2024-04-26 19:17:00,2024-04-26 19:30:00,14,停机,False,正常,1510,23
2024-04-26 19:31:00,2024-04-26 23:46:00,256,带载运行,False,正常,1511,23
2024-04-26 23:47:00,2024-04-26 23:47:00,1,停机,False,正常,1512,23
2024-04-26 23:48:00,2024-04-27 05:51:00,364,带载运行,True,传感器断电/断线（段持续 >= 6h）,1513,24
2024-04-27 05:52:00,2024-04-27 06:33:00,42,停机,False,正常,1514,25
2024-04-27 06:34:00,2024-04-27 06:34:00,1,空载运行,False,正常,1515,25
2024-04-27 06:35:00,2024-04-27 08:17:00,103,带载运行,False,正常,1516,25
2024-04-27 08:18:00,2024-04-27 08:44:00,27,停机,False,正常,1517,25
2024-04-27 08:45:00,2024-04-27 08:45:00,1,空载运行,False,正常,1518,25
2024-04-27 08:46:00,2024-04-27 09:50:00,65,带载运行,False,正常,1519,25
2024-04-27 09:51:00,2024-04-27 09:53:00,3,空载运行,False,正常,1520,25
2024-04-27 09:54:00,2024-04-27 09:54:00,1,停机,False,正常,1521,25
2024-04-27 09:55:00,2024-04-27 09:55:00,1,空载运行,False,正常,1522,25
2024-04-27 09:56:00,2024-04-27 10:12:00,17,带载运行,False,正常,1523,25
2024-04-27 10:13:00,2024-04-27 10:53:00,41,停机,False,正常,1524,25
2024-04-27 10:54:00,2024-04-27 10:57:00,4,带载运行,False,正常,1525,25
2024-04-27 10:58:00,2024-04-27 10:59:00,2,停机,False,正常,1526,25
2024-04-27 11:00:00,2024-04-27 12:03:00,64,空载运行,False,正常,1527,25
2024-04-27 12:04:00,2024-04-27 12:04:00,1,带载运行,False,正常,1528,25
2024-04-27 12:05:00,2024-04-27 12:07:00,3,停机,False,正常,1529,25
2024-04-27 12:08:00,2024-04-27 12:08:00,1,空载运行,False,正常,1530,25
2024-04-27 12:09:00,2024-04-27 12:17:00,9,停机,False,正常,1531,25
2024-04-27 12:18:00,2024-04-27 12:18:00,1,带载运行,False,正常,1532,25
2024-04-27 12:19:00,2024-04-27 12:27:00,9,停机,False,正常,1533,25
2024-04-27 12:28:00,2024-04-27 12:28:00,1,空载运行,False,正常,1534,25
2024-04-27 12:29:00,2024-04-27 12:31:00,3,停机,False,正常,1535,25
2024-04-27 12:32:00,2024-04-27 12:32:00,1,带载运行,False,正常,1536,25
2024-04-27 12:33:00,2024-04-27 12:33:00,1,空载运行,False,正常,1537,25
2024-04-27 12:34:00,2024-04-27 12:34:00,1,带载运行,False,正常,1538,25
2024-04-27 12:35:00,2024-04-27 13:57:00,83,停机,False,正常,1539,25
2024-04-27 13:58:00,2024-04-27 13:58:00,1,空载运行,False,正常,1540,25
2024-04-27 13:59:00,2024-04-27 15:16:00,78,停机,False,正常,1541,25
2024-04-27 15:17:00,2024-04-27 15:19:00,3,带载运行,False,正常,1542,25
2024-04-27 15:20:00,2024-04-27 17:15:00,116,停机,False,正常,1543,25
2024-04-27 17:16:00,2024-04-27 17:17:00,2,带载运行,False,正常,1544,25
2024-04-27 17:18:00,2024-04-27 17:38:00,21,停机,False,正常,1545,25
2024-04-27 17:39:00,2024-04-27 17:39:00,1,空载运行,False,正常,1546,25
2024-04-27 17:40:00,2024-04-27 18:03:00,24,带载运行,False,正常,1547,25
2024-04-27 18:04:00,2024-04-27 18:14:00,11,停机,False,正常,1548,25
2024-04-27 18:15:00,2024-04-27 20:09:00,115,带载运行,False,正常,1549,25
2024-04-27 20:10:00,2024-04-27 20:15:00,6,停机,False,正常,1550,25
2024-04-27 20:16:00,2024-04-28 05:08:00,533,带载运行,True,传感器断电/断线（段持续 >= 6h）,1551,26
2024-04-28 05:09:00,2024-04-28 05:09:00,1,空载运行,False,正常,1552,27
2024-04-28 05:10:00,2024-04-28 05:26:00,17,带载运行,False,正常,1553,27
2024-04-28 05:27:00,2024-04-28 05:27:00,1,停机,False,正常,1554,27
2024-04-28 05:28:00,2024-04-28 05:28:00,1,空载运行,False,正常,1555,27
2024-04-28 05:29:00,2024-04-28 06:23:00,55,带载运行,False,正常,1556,27
2024-04-28 06:24:00,2024-04-28 06:27:00,4,停机,False,正常,1557,27
2024-04-28 06:28:00,2024-04-28 06:33:00,6,带载运行,False,正常,1558,27
2024-04-28 06:34:00,2024-04-28 06:38:00,5,停机,False,正常,1559,27
2024-04-28 06:39:00,2024-04-28 08:18:00,100,带载运行,False,正常,1560,27
2024-04-28 08:19:00,2024-04-28 08:24:00,6,停机,False,正常,1561,27
2024-04-28 08:25:00,2024-04-28 09:21:00,57,带载运行,False,正常,1562,27
2024-04-28 09:22:00,2024-04-28 09:28:00,7,停机,False,正常,1563,27
2024-04-28 09:29:00,2024-04-28 10:15:00,47,带载运行,False,正常,1564,27
2024-04-28 10:16:00,2024-04-28 10:18:00,3,停机,False,正常,1565,27
2024-04-28 10:19:00,2024-04-28 10:35:00,17,带载运行,False,正常,1566,27
2024-04-28 10:36:00,2024-04-28 11:29:00,54,停机,False,正常,1567,27
2024-04-28 11:30:00,2024-04-28 11:32:00,3,带载运行,False,正常,1568,27
2024-04-28 11:33:00,2024-04-28 11:35:00,3,停机,False,正常,1569,27
2024-04-28 11:36:00,2024-04-28 11:37:00,2,带载运行,False,正常,1570,27
2024-04-28 11:38:00,2024-04-28 11:39:00,2,停机,False,正常,1571,27
2024-04-28 11:40:00,2024-04-28 11:40:00,1,带载运行,False,正常,1572,27
2024-04-28 11:41:00,2024-04-28 11:41:00,1,停机,False,正常,1573,27
2024-04-28 11:42:00,2024-04-28 11:42:00,1,空载运行,False,正常,1574,27
2024-04-28 11:43:00,2024-04-28 11:46:00,4,带载运行,False,正常,1575,27
2024-04-28 11:47:00,2024-04-28 12:23:00,37,停机,False,正常,1576,27
2024-04-28 12:24:00,2024-04-28 12:24:00,1,空载运行,False,正常,1577,27
2024-04-28 12:25:00,2024-04-28 12:28:00,4,停机,False,正常,1578,27
2024-04-28 12:29:00,2024-04-28 12:29:00,1,空载运行,False,正常,1579,27
2024-04-28 12:30:00,2024-04-28 12:35:00,6,停机,False,正常,1580,27
2024-04-28 12:36:00,2024-04-28 12:36:00,1,空载运行,False,正常,1581,27
2024-04-28 12:37:00,2024-04-28 12:55:00,19,停机,False,正常,1582,27
2024-04-28 12:56:00,2024-04-28 12:56:00,1,空载运行,False,正常,1583,27
2024-04-28 12:57:00,2024-04-28 14:37:00,101,停机,False,正常,1584,27
2024-04-28 14:38:00,2024-04-28 14:41:00,4,带载运行,False,正常,1585,27
2024-04-28 14:42:00,2024-04-28 14:43:00,2,停机,False,正常,1586,27
2024-04-28 14:44:00,2024-04-28 14:44:00,1,带载运行,False,正常,1587,27
2024-04-28 14:45:00,2024-04-28 15:15:00,31,停机,False,正常,1588,27
2024-04-28 15:16:00,2024-04-28 15:17:00,2,带载运行,False,正常,1589,27
2024-04-28 15:18:00,2024-04-28 16:14:00,57,停机,False,正常,1590,27
2024-04-28 16:15:00,2024-04-28 16:59:00,45,带载运行,False,正常,1591,27
2024-04-28 17:00:00,2024-04-28 17:00:00,1,停机,False,正常,1592,27
2024-04-28 17:01:00,2024-04-28 17:03:00,3,带载运行,False,正常,1593,27
2024-04-28 17:04:00,2024-04-28 17:10:00,7,停机,False,正常,1594,27
2024-04-28 17:11:00,2024-04-28 17:13:00,3,带载运行,False,正常,1595,27
2024-04-28 17:14:00,2024-04-28 18:39:00,86,停机,False,正常,1596,27
2024-04-28 18:40:00,2024-04-28 20:52:00,133,带载运行,False,正常,1597,27
2024-04-28 20:53:00,2024-04-28 20:59:00,7,停机,False,正常,1598,27
2024-04-28 21:00:00,2024-04-28 21:01:00,2,带载运行,False,正常,1599,27
2024-04-28 21:02:00,2024-04-28 21:05:00,4,停机,False,正常,1600,27
2024-04-28 21:06:00,2024-04-28 23:43:00,158,带载运行,False,正常,1601,27
2024-04-28 23:44:00,2024-04-28 23:44:00,1,停机,False,正常,1602,27
2024-04-28 23:45:00,2024-04-28 23:45:00,1,空载运行,False,正常,1603,27
2024-04-28 23:46:00,2024-04-28 23:55:00,10,带载运行,False,正常,1604,27
2024-04-28 23:56:00,2024-04-28 23:57:00,2,停机,False,正常,1605,27
2024-04-28 23:58:00,2024-04-29 02:29:00,152,带载运行,False,正常,1606,27
2024-04-29 02:30:00,2024-04-29 02:36:00,7,停机,False,正常,1607,27
2024-04-29 02:37:00,2024-04-29 06:39:00,243,带载运行,False,正常,1608,27
2024-04-29 06:40:00,2024-04-29 06:48:00,9,停机,False,正常,1609,27
2024-04-29 06:49:00,2024-04-29 06:49:00,1,空载运行,False,正常,1610,27
2024-04-29 06:50:00,2024-04-29 10:02:00,193,带载运行,False,正常,1611,27
2024-04-29 10:03:00,2024-04-29 10:18:00,16,停机,False,正常,1612,27
2024-04-29 10:19:00,2024-04-29 10:25:00,7,带载运行,False,正常,1613,27
2024-04-29 10:26:00,2024-04-29 10:27:00,2,停机,False,正常,1614,27
2024-04-29 10:28:00,2024-04-29 10:28:00,1,带载运行,False,正常,1615,27
2024-04-29 10:29:00,2024-04-29 10:30:00,2,停机,False,正常,1616,27
2024-04-29 10:31:00,2024-04-29 10:36:00,6,带载运行,False,正常,1617,27
2024-04-29 10:37:00,2024-04-29 10:38:00,2,停机,False,正常,1618,27
2024-04-29 10:39:00,2024-04-29 10:40:00,2,空载运行,False,正常,1619,27
2024-04-29 10:41:00,2024-04-29 10:46:00,6,停机,False,正常,1620,27
2024-04-29 10:47:00,2024-04-29 10:47:00,1,空载运行,False,正常,1621,27
2024-04-29 10:48:00,2024-04-29 11:11:00,24,停机,False,正常,1622,27
2024-04-29 11:12:00,2024-04-29 11:12:00,1,空载运行,False,正常,1623,27
2024-04-29 11:13:00,2024-04-29 13:35:00,143,停机,False,正常,1624,27
2024-04-29 13:36:00,2024-04-29 13:36:00,1,空载运行,False,正常,1625,27
2024-04-29 13:37:00,2024-04-29 13:38:00,2,停机,False,正常,1626,27
2024-04-29 13:39:00,2024-04-29 13:39:00,1,空载运行,False,正常,1627,27
2024-04-29 13:40:00,2024-04-29 13:40:00,1,带载运行,False,正常,1628,27
2024-04-29 13:41:00,2024-04-29 13:45:00,5,停机,False,正常,1629,27
2024-04-29 13:46:00,2024-04-29 13:46:00,1,空载运行,False,正常,1630,27
2024-04-29 13:47:00,2024-04-29 14:56:00,70,停机,False,正常,1631,27
2024-04-29 14:57:00,2024-04-29 14:58:00,2,带载运行,False,正常,1632,27
2024-04-29 14:59:00,2024-04-29 15:11:00,13,停机,False,正常,1633,27
2024-04-29 15:12:00,2024-04-29 15:12:00,1,带载运行,False,正常,1634,27
2024-04-29 15:13:00,2024-04-29 16:19:00,67,停机,False,正常,1635,27
2024-04-29 16:20:00,2024-04-29 17:56:00,97,带载运行,False,正常,1636,27
2024-04-29 17:57:00,2024-04-29 18:12:00,16,停机,False,正常,1637,27
2024-04-29 18:13:00,2024-04-29 21:29:00,197,带载运行,False,正常,1638,27
2024-04-29 21:30:00,2024-04-29 21:38:00,9,停机,False,正常,1639,27
2024-04-29 21:39:00,2024-04-29 21:39:00,1,空载运行,False,正常,1640,27
2024-04-29 21:40:00,2024-04-30 06:15:00,516,带载运行,True,传感器断电/断线（段持续 >= 6h）,1641,28
2024-04-30 06:16:00,2024-04-30 06:19:00,4,空载运行,False,正常,1642,29
2024-04-30 06:20:00,2024-04-30 06:29:00,10,停机,False,正常,1643,29
2024-04-30 06:30:00,2024-04-30 09:47:00,198,带载运行,False,正常,1644,29
2024-04-30 09:48:00,2024-04-30 10:04:00,17,停机,False,正常,1645,29
2024-04-30 10:05:00,2024-04-30 10:23:00,19,带载运行,False,正常,1646,29
2024-04-30 10:24:00,2024-04-30 10:38:00,15,停机,False,正常,1647,29
2024-04-30 10:39:00,2024-04-30 10:44:00,6,带载运行,False,正常,1648,29
2024-04-30 10:45:00,2024-04-30 10:45:00,1,空载运行,False,正常,1649,29
2024-04-30 10:46:00,2024-04-30 10:49:00,4,带载运行,False,正常,1650,29
2024-04-30 10:50:00,2024-04-30 11:35:00,46,停机,False,正常,1651,29
2024-04-30 11:36:00,2024-04-30 11:36:00,1,空载运行,False,正常,1652,29
2024-04-30 11:37:00,2024-04-30 11:37:00,1,停机,False,正常,1653,29
2024-04-30 11:38:00,2024-04-30 11:38:00,1,带载运行,False,正常,1654,29
2024-04-30 11:39:00,2024-04-30 11:39:00,1,停机,False,正常,1655,29
2024-04-30 11:40:00,2024-04-30 11:40:00,1,空载运行,False,正常,1656,29
2024-04-30 11:41:00,2024-04-30 11:59:00,19,停机,False,正常,1657,29
2024-04-30 12:00:00,2024-04-30 12:00:00,1,空载运行,False,正常,1658,29
2024-04-30 12:01:00,2024-04-30 12:01:00,1,停机,False,正常,1659,29
2024-04-30 12:02:00,2024-04-30 12:02:00,1,带载运行,False,正常,1660,29
2024-04-30 12:03:00,2024-04-30 12:27:00,25,停机,False,正常,1661,29
2024-04-30 12:28:00,2024-04-30 12:28:00,1,带载运行,False,正常,1662,29
2024-04-30 12:29:00,2024-04-30 13:31:00,63,停机,False,正常,1663,29
2024-04-30 13:32:00,2024-04-30 13:33:00,2,空载运行,False,正常,1664,29
2024-04-30 13:34:00,2024-04-30 13:34:00,1,停机,False,正常,1665,29
2024-04-30 13:35:00,2024-04-30 13:35:00,1,空载运行,False,正常,1666,29
2024-04-30 13:36:00,2024-04-30 13:37:00,2,带载运行,False,正常,1667,29
2024-04-30 13:38:00,2024-04-30 15:07:00,90,停机,False,正常,1668,29
2024-04-30 15:08:00,2024-04-30 15:09:00,2,带载运行,False,正常,1669,29
2024-04-30 15:10:00,2024-04-30 15:35:00,26,停机,False,正常,1670,29
2024-04-30 15:36:00,2024-04-30 15:36:00,1,空载运行,False,正常,1671,29
2024-04-30 15:37:00,2024-04-30 15:37:00,1,停机,False,正常,1672,29
2024-04-30 15:38:00,2024-04-30 15:38:00,1,空载运行,False,正常,1673,29
2024-04-30 15:39:00,2024-04-30 15:42:00,4,带载运行,False,正常,1674,29
2024-04-30 15:43:00,2024-04-30 16:19:00,37,停机,False,正常,1675,29
2024-04-30 16:20:00,2024-04-30 16:20:00,1,空载运行,False,正常,1676,29
2024-04-30 16:21:00,2024-04-30 17:30:00,70,带载运行,False,正常,1677,29
2024-04-30 17:31:00,2024-04-30 18:16:00,46,停机,False,正常,1678,29
2024-04-30 18:17:00,2024-04-30 18:17:00,1,空载运行,False,正常,1679,29
2024-04-30 18:18:00,2024-04-30 22:44:00,267,带载运行,False,正常,1680,29
2024-04-30 22:45:00,2024-04-30 22:48:00,4,停机,False,正常,1681,29
2024-04-30 22:49:00,2024-04-30 22:59:00,11,带载运行,False,正常,1682,29
2024-04-30 23:00:00,2024-04-30 23:12:00,13,停机,False,正常,1683,29
2024-04-30 23:13:00,2024-05-01 00:01:00,49,带载运行,False,正常,1684,29
2024-05-01 00:02:00,2024-05-01 00:06:00,5,停机,False,正常,1685,29
2024-05-01 00:07:00,2024-05-01 00:07:00,1,空载运行,False,正常,1686,29
2024-05-01 00:08:00,2024-05-01 01:55:00,108,带载运行,False,正常,1687,29
2024-05-01 01:56:00,2024-05-01 02:00:00,5,空载运行,False,正常,1688,29
2024-05-01 02:01:00,2024-05-01 02:02:00,2,停机,False,正常,1689,29
2024-05-01 02:03:00,2024-05-01 04:00:00,118,带载运行,False,正常,1690,29
2024-05-01 04:01:00,2024-05-01 04:03:00,3,停机,False,正常,1691,29
2024-05-01 04:04:00,2024-05-01 05:28:00,85,带载运行,False,正常,1692,29
2024-05-01 05:29:00,2024-05-01 05:34:00,6,停机,False,正常,1693,29
2024-05-01 05:35:00,2024-05-01 05:43:00,9,带载运行,False,正常,1694,29
2024-05-01 05:44:00,2024-05-01 05:44:00,1,停机,False,正常,1695,29
2024-05-01 05:45:00,2024-05-01 05:47:00,3,带载运行,False,正常,1696,29
2024-05-01 05:48:00,2024-05-01 05:53:00,6,停机,False,正常,1697,29
2024-05-01 05:54:00,2024-05-01 05:54:00,1,空载运行,False,正常,1698,29
2024-05-01 05:55:00,2024-05-01 06:02:00,8,带载运行,False,正常,1699,29
2024-05-01 06:03:00,2024-05-01 06:12:00,10,停机,False,正常,1700,29
2024-05-01 06:13:00,2024-05-01 06:14:00,2,带载运行,False,正常,1701,29
2024-05-01 06:15:00,2024-05-01 06:19:00,5,停机,False,正常,1702,29
2024-05-01 06:20:00,2024-05-01 07:26:00,67,带载运行,False,正常,1703,29
2024-05-01 07:27:00,2024-05-01 07:36:00,10,停机,False,正常,1704,29
2024-05-01 07:37:00,2024-05-01 07:53:00,17,带载运行,False,正常,1705,29
2024-05-01 07:54:00,2024-05-01 07:55:00,2,停机,False,正常,1706,29
2024-05-01 07:56:00,2024-05-01 08:34:00,39,带载运行,False,正常,1707,29
2024-05-01 08:35:00,2024-05-01 08:47:00,13,停机,False,正常,1708,29
2024-05-01 08:48:00,2024-05-01 08:52:00,5,带载运行,False,正常,1709,29
2024-05-01 08:53:00,2024-05-01 08:55:00,3,空载运行,False,正常,1710,29
2024-05-01 08:56:00,2024-05-01 09:07:00,12,带载运行,False,正常,1711,29
2024-05-01 09:08:00,2024-05-01 09:08:00,1,停机,False,正常,1712,29
2024-05-01 09:09:00,2024-05-01 09:15:00,7,带载运行,False,正常,1713,29
2024-05-01 09:16:00,2024-05-01 09:58:00,43,停机,False,正常,1714,29
2024-05-01 09:59:00,2024-05-01 09:59:00,1,带载运行,False,正常,1715,29
2024-05-01 10:00:00,2024-05-01 10:01:00,2,停机,False,正常,1716,29
2024-05-01 10:02:00,2024-05-01 10:05:00,4,带载运行,False,正常,1717,29
2024-05-01 10:06:00,2024-05-01 10:07:00,2,停机,False,正常,1718,29
2024-05-01 10:08:00,2024-05-01 10:09:00,2,带载运行,False,正常,1719,29
2024-05-01 10:10:00,2024-05-01 10:10:00,1,停机,False,正常,1720,29
2024-05-01 10:11:00,2024-05-01 10:12:00,2,带载运行,False,正常,1721,29
2024-05-01 10:13:00,2024-05-01 12:08:00,116,停机,False,正常,1722,29
2024-05-01 12:09:00,2024-05-01 12:09:00,1,空载运行,False,正常,1723,29
2024-05-01 12:10:00,2024-05-01 12:18:00,9,停机,False,正常,1724,29
2024-05-01 12:19:00,2024-05-01 12:19:00,1,带载运行,False,正常,1725,29
2024-05-01 12:20:00,2024-05-01 12:28:00,9,停机,False,正常,1726,29
2024-05-01 12:29:00,2024-05-01 12:29:00,1,空载运行,False,正常,1727,29
2024-05-01 12:30:00,2024-05-01 12:42:00,13,停机,False,正常,1728,29
2024-05-01 12:43:00,2024-05-01 12:44:00,2,空载运行,False,正常,1729,29
2024-05-01 12:45:00,2024-05-01 12:54:00,10,停机,False,正常,1730,29
2024-05-01 12:55:00,2024-05-01 12:55:00,1,空载运行,False,正常,1731,29
2024-05-01 12:56:00,2024-05-01 13:05:00,10,停机,False,正常,1732,29
2024-05-01 13:06:00,2024-05-01 13:06:00,1,空载运行,False,正常,1733,29
2024-05-01 13:07:00,2024-05-01 13:09:00,3,停机,False,正常,1734,29
2024-05-01 13:10:00,2024-05-01 13:10:00,1,带载运行,False,正常,1735,29
2024-05-01 13:11:00,2024-05-01 14:20:00,70,停机,False,正常,1736,29
2024-05-01 14:21:00,2024-05-01 14:21:00,1,空载运行,False,正常,1737,29
2024-05-01 14:22:00,2024-05-01 15:05:00,44,停机,False,正常,1738,29
2024-05-01 15:06:00,2024-05-01 15:06:00,1,空载运行,False,正常,1739,29
2024-05-01 15:07:00,2024-05-01 15:07:00,1,带载运行,False,正常,1740,29
2024-05-01 15:08:00,2024-05-01 15:29:00,22,停机,False,正常,1741,29
2024-05-01 15:30:00,2024-05-01 15:30:00,1,带载运行,False,正常,1742,29
2024-05-01 15:31:00,2024-05-01 15:40:00,10,停机,False,正常,1743,29
2024-05-01 15:41:00,2024-05-01 15:57:00,17,带载运行,False,正常,1744,29
2024-05-01 15:58:00,2024-05-01 15:58:00,1,停机,False,正常,1745,29
2024-05-01 15:59:00,2024-05-01 16:52:00,54,带载运行,False,正常,1746,29
2024-05-01 16:53:00,2024-05-01 16:55:00,3,停机,False,正常,1747,29
2024-05-01 16:56:00,2024-05-01 17:04:00,9,带载运行,False,正常,1748,29
2024-05-01 17:05:00,2024-05-01 18:22:00,78,停机,False,正常,1749,29
2024-05-01 18:23:00,2024-05-01 18:24:00,2,空载运行,False,正常,1750,29
2024-05-01 18:25:00,2024-05-01 18:28:00,4,带载运行,False,正常,1751,29
2024-05-01 18:29:00,2024-05-01 18:32:00,4,停机,False,正常,1752,29
2024-05-01 18:33:00,2024-05-01 18:33:00,1,空载运行,False,正常,1753,29
2024-05-01 18:34:00,2024-05-01 18:34:00,1,带载运行,False,正常,1754,29
2024-05-01 18:35:00,2024-05-01 18:37:00,3,空载运行,False,正常,1755,29
2024-05-01 18:38:00,2024-05-01 18:43:00,6,停机,False,正常,1756,29
2024-05-01 18:44:00,2024-05-01 18:44:00,1,空载运行,False,正常,1757,29
2024-05-01 18:45:00,2024-05-01 19:21:00,37,带载运行,False,正常,1758,29
2024-05-01 19:22:00,2024-05-01 19:25:00,4,停机,False,正常,1759,29
2024-05-01 19:26:00,2024-05-01 19:26:00,1,空载运行,False,正常,1760,29
2024-05-01 19:27:00,2024-05-01 23:03:00,217,带载运行,False,正常,1761,29
2024-05-01 23:04:00,2024-05-01 23:14:00,11,停机,False,正常,1762,29
2024-05-01 23:15:00,2024-05-01 23:16:00,2,空载运行,False,正常,1763,29
2024-05-01 23:17:00,2024-05-01 23:17:00,1,停机,False,正常,1764,29
2024-05-01 23:18:00,2024-05-02 07:32:00,495,带载运行,True,传感器断电/断线（段持续 >= 6h）,1765,30
2024-05-02 07:33:00,2024-05-02 07:46:00,14,停机,False,正常,1766,31
2024-05-02 07:47:00,2024-05-02 08:53:00,67,带载运行,False,正常,1767,31
2024-05-02 08:54:00,2024-05-02 08:58:00,5,停机,False,正常,1768,31
2024-05-02 08:59:00,2024-05-02 09:50:00,52,带载运行,False,正常,1769,31
2024-05-02 09:51:00,2024-05-02 09:54:00,4,停机,False,正常,1770,31
2024-05-02 09:55:00,2024-05-02 09:55:00,1,空载运行,False,正常,1771,31
2024-05-02 09:56:00,2024-05-02 10:17:00,22,带载运行,False,正常,1772,31
2024-05-02 10:18:00,2024-05-02 10:43:00,26,停机,False,正常,1773,31
2024-05-02 10:44:00,2024-05-02 10:46:00,3,带载运行,False,正常,1774,31
2024-05-02 10:47:00,2024-05-02 10:47:00,1,停机,False,正常,1775,31
2024-05-02 10:48:00,2024-05-02 10:49:00,2,带载运行,False,正常,1776,31
2024-05-02 10:50:00,2024-05-02 10:52:00,3,停机,False,正常,1777,31
2024-05-02 10:53:00,2024-05-02 10:53:00,1,带载运行,False,正常,1778,31
2024-05-02 10:54:00,2024-05-02 10:54:00,1,停机,False,正常,1779,31
2024-05-02 10:55:00,2024-05-02 10:55:00,1,带载运行,False,正常,1780,31
2024-05-02 10:56:00,2024-05-02 10:59:00,4,停机,False,正常,1781,31
2024-05-02 11:00:00,2024-05-02 11:00:00,1,空载运行,False,正常,1782,31
2024-05-02 11:01:00,2024-05-02 11:01:00,1,停机,False,正常,1783,31
2024-05-02 11:02:00,2024-05-02 11:02:00,1,空载运行,False,正常,1784,31
2024-05-02 11:03:00,2024-05-02 11:04:00,2,带载运行,False,正常,1785,31
2024-05-02 11:05:00,2024-05-02 11:05:00,1,停机,False,正常,1786,31
2024-05-02 11:06:00,2024-05-02 11:06:00,1,带载运行,False,正常,1787,31
2024-05-02 11:07:00,2024-05-02 11:08:00,2,停机,False,正常,1788,31
2024-05-02 11:09:00,2024-05-02 11:09:00,1,带载运行,False,正常,1789,31
2024-05-02 11:10:00,2024-05-02 11:25:00,16,停机,False,正常,1790,31
2024-05-02 11:26:00,2024-05-02 11:26:00,1,空载运行,False,正常,1791,31
2024-05-02 11:27:00,2024-05-02 11:27:00,1,停机,False,正常,1792,31
2024-05-02 11:28:00,2024-05-02 11:28:00,1,带载运行,False,正常,1793,31
2024-05-02 11:29:00,2024-05-02 11:40:00,12,停机,False,正常,1794,31
2024-05-02 11:41:00,2024-05-02 11:41:00,1,空载运行,False,正常,1795,31
2024-05-02 11:42:00,2024-05-02 11:42:00,1,带载运行,False,正常,1796,31
2024-05-02 11:43:00,2024-05-02 13:16:00,94,停机,False,正常,1797,31
2024-05-02 13:17:00,2024-05-02 13:17:00,1,空载运行,False,正常,1798,31
2024-05-02 13:18:00,2024-05-02 13:26:00,9,停机,False,正常,1799,31
2024-05-02 13:27:00,2024-05-02 13:27:00,1,空载运行,False,正常,1800,31
2024-05-02 13:28:00,2024-05-02 13:30:00,3,停机,False,正常,1801,31
2024-05-02 13:31:00,2024-05-02 13:31:00,1,带载运行,False,正常,1802,31
2024-05-02 13:32:00,2024-05-02 15:30:00,119,停机,False,正常,1803,31
2024-05-02 15:31:00,2024-05-02 15:31:00,1,空载运行,False,正常,1804,31
2024-05-02 15:32:00,2024-05-02 15:32:00,1,带载运行,False,正常,1805,31
2024-05-02 15:33:00,2024-05-02 15:57:00,25,停机,False,正常,1806,31
2024-05-02 15:58:00,2024-05-02 15:58:00,1,带载运行,False,正常,1807,31
2024-05-02 15:59:00,2024-05-02 17:32:00,94,停机,False,正常,1808,31
2024-05-02 17:33:00,2024-05-02 17:33:00,1,空载运行,False,正常,1809,31
2024-05-02 17:34:00,2024-05-02 17:35:00,2,带载运行,False,正常,1810,31
2024-05-02 17:36:00,2024-05-02 17:36:00,1,停机,False,正常,1811,31
2024-05-02 17:37:00,2024-05-02 17:37:00,1,空载运行,False,正常,1812,31
2024-05-02 17:38:00,2024-05-03 02:35:00,538,带载运行,True,传感器断电/断线（段持续 >= 6h）,1813,32
2024-05-03 02:36:00,2024-05-03 02:38:00,3,停机,False,正常,1814,33
2024-05-03 02:39:00,2024-05-03 02:39:00,1,空载运行,False,正常,1815,33
2024-05-03 02:40:00,2024-05-03 03:41:00,62,带载运行,False,正常,1816,33
2024-05-03 03:42:00,2024-05-03 05:22:00,101,停机,False,正常,1817,33
2024-05-03 05:23:00,2024-05-03 05:23:00,1,空载运行,False,正常,1818,33
2024-05-03 05:24:00,2024-05-03 05:24:00,1,停机,False,正常,1819,33
2024-05-03 05:25:00,2024-05-03 07:13:00,109,带载运行,False,正常,1820,33
2024-05-03 07:14:00,2024-05-03 07:18:00,5,停机,False,正常,1821,33
2024-05-03 07:19:00,2024-05-03 07:55:00,37,带载运行,False,正常,1822,33
2024-05-03 07:56:00,2024-05-03 07:56:00,1,空载运行,False,正常,1823,33
2024-05-03 07:57:00,2024-05-03 07:57:00,1,带载运行,False,正常,1824,33
2024-05-03 07:58:00,2024-05-03 08:25:00,28,停机,False,正常,1825,33
2024-05-03 08:26:00,2024-05-03 08:37:00,12,带载运行,False,正常,1826,33
2024-05-03 08:38:00,2024-05-03 08:44:00,7,停机,False,正常,1827,33
2024-05-03 08:45:00,2024-05-03 08:53:00,9,带载运行,False,正常,1828,33
2024-05-03 08:54:00,2024-05-03 11:09:00,136,停机,False,正常,1829,33
2024-05-03 11:10:00,2024-05-03 11:11:00,2,带载运行,False,正常,1830,33
2024-05-03 11:12:00,2024-05-03 11:14:00,3,停机,False,正常,1831,33
2024-05-03 11:15:00,2024-05-03 11:15:00,1,空载运行,False,正常,1832,33
2024-05-03 11:16:00,2024-05-03 17:18:00,363,停机,True,传感器断电/断线（段持续 >= 6h）,1833,34
2024-05-03 17:19:00,2024-05-03 17:19:00,1,空载运行,False,正常,1834,35
2024-05-03 17:20:00,2024-05-03 17:27:00,8,停机,False,正常,1835,35
2024-05-03 17:28:00,2024-05-03 17:28:00,1,空载运行,False,正常,1836,35
2024-05-03 17:29:00,2024-05-03 17:30:00,2,带载运行,False,正常,1837,35
2024-05-03 17:31:00,2024-05-03 17:57:00,27,停机,False,正常,1838,35
2024-05-03 17:58:00,2024-05-03 18:07:00,10,带载运行,False,正常,1839,35
2024-05-03 18:08:00,2024-05-03 18:09:00,2,停机,False,正常,1840,35
2024-05-03 18:10:00,2024-05-03 18:16:00,7,带载运行,False,正常,1841,35
2024-05-03 18:17:00,2024-05-03 18:18:00,2,停机,False,正常,1842,35
2024-05-03 18:19:00,2024-05-03 20:19:00,121,带载运行,False,正常,1843,35
2024-05-03 20:20:00,2024-05-04 13:15:00,1016,停机,True,传感器断电/断线（段持续 >= 6h）,1844,36
2024-05-04 13:16:00,2024-05-04 13:16:00,1,空载运行,False,正常,1845,37
2024-05-04 13:17:00,2024-05-04 13:35:00,19,停机,False,正常,1846,37
2024-05-04 13:36:00,2024-05-04 13:58:00,23,带载运行,False,正常,1847,37
2024-05-04 13:59:00,2024-05-04 15:43:00,105,停机,False,正常,1848,37
2024-05-04 15:44:00,2024-05-04 15:44:00,1,空载运行,False,正常,1849,37
2024-05-04 15:45:00,2024-05-04 16:19:00,35,带载运行,False,正常,1850,37
2024-05-04 16:20:00,2024-05-04 16:26:00,7,空载运行,False,正常,1851,37
2024-05-04 16:27:00,2024-05-04 16:27:00,1,停机,False,正常,1852,37
2024-05-04 16:28:00,2024-05-04 18:08:00,101,带载运行,False,正常,1853,37
2024-05-04 18:09:00,2024-05-04 18:15:00,7,停机,False,正常,1854,37
2024-05-04 18:16:00,2024-05-04 23:36:00,321,带载运行,False,正常,1855,37
2024-05-04 23:37:00,2024-05-04 23:42:00,6,停机,False,正常,1856,37
2024-05-04 23:43:00,2024-05-05 00:59:00,77,带载运行,False,正常,1857,37
2024-05-05 01:00:00,2024-05-05 01:05:00,6,停机,False,正常,1858,37
2024-05-05 01:06:00,2024-05-05 01:06:00,1,空载运行,False,正常,1859,37
2024-05-05 01:07:00,2024-05-05 03:59:00,173,带载运行,False,正常,1860,37
2024-05-05 04:00:00,2024-05-05 04:24:00,25,停机,False,正常,1861,37
2024-05-05 04:25:00,2024-05-05 08:19:00,235,带载运行,False,正常,1862,37
2024-05-05 08:20:00,2024-05-05 08:22:00,3,停机,False,正常,1863,37
2024-05-05 08:23:00,2024-05-05 08:23:00,1,空载运行,False,正常,1864,37
2024-05-05 08:24:00,2024-05-05 09:32:00,69,带载运行,False,正常,1865,37
2024-05-05 09:33:00,2024-05-05 09:56:00,24,停机,False,正常,1866,37
2024-05-05 09:57:00,2024-05-05 10:08:00,12,带载运行,False,正常,1867,37
2024-05-05 10:09:00,2024-05-05 10:14:00,6,停机,False,正常,1868,37
2024-05-05 10:15:00,2024-05-05 10:15:00,1,空载运行,False,正常,1869,37
2024-05-05 10:16:00,2024-05-05 10:23:00,8,带载运行,False,正常,1870,37
2024-05-05 10:24:00,2024-05-05 10:43:00,20,停机,False,正常,1871,37
2024-05-05 10:44:00,2024-05-05 10:46:00,3,带载运行,False,正常,1872,37
2024-05-05 10:47:00,2024-05-05 10:50:00,4,停机,False,正常,1873,37
2024-05-05 10:51:00,2024-05-05 10:51:00,1,空载运行,False,正常,1874,37
2024-05-05 10:52:00,2024-05-05 10:54:00,3,带载运行,False,正常,1875,37
2024-05-05 10:55:00,2024-05-05 11:06:00,12,停机,False,正常,1876,37
2024-05-05 11:07:00,2024-05-05 11:07:00,1,空载运行,False,正常,1877,37
2024-05-05 11:08:00,2024-05-05 11:08:00,1,带载运行,False,正常,1878,37
2024-05-05 11:09:00,2024-05-05 13:07:00,119,停机,False,正常,1879,37
2024-05-05 13:08:00,2024-05-05 13:10:00,3,空载运行,False,正常,1880,37
2024-05-05 13:11:00,2024-05-05 13:11:00,1,停机,False,正常,1881,37
2024-05-05 13:12:00,2024-05-05 13:12:00,1,空载运行,False,正常,1882,37
2024-05-05 13:13:00,2024-05-05 13:16:00,4,停机,False,正常,1883,37
2024-05-05 13:17:00,2024-05-05 13:17:00,1,带载运行,False,正常,1884,37
2024-05-05 13:18:00,2024-05-05 13:18:00,1,停机,False,正常,1885,37
2024-05-05 13:19:00,2024-05-05 13:19:00,1,空载运行,False,正常,1886,37
2024-05-05 13:20:00,2024-05-05 14:24:00,65,停机,False,正常,1887,37
2024-05-05 14:25:00,2024-05-05 14:25:00,1,带载运行,False,正常,1888,37
2024-05-05 14:26:00,2024-05-05 14:42:00,17,停机,False,正常,1889,37
2024-05-05 14:43:00,2024-05-05 14:43:00,1,空载运行,False,正常,1890,37
2024-05-05 14:44:00,2024-05-05 14:44:00,1,停机,False,正常,1891,37
2024-05-05 14:45:00,2024-05-05 14:45:00,1,空载运行,False,正常,1892,37
2024-05-05 14:46:00,2024-05-05 14:49:00,4,停机,False,正常,1893,37
2024-05-05 14:50:00,2024-05-05 14:51:00,2,带载运行,False,正常,1894,37
2024-05-05 14:52:00,2024-05-05 15:30:00,39,停机,False,正常,1895,37
2024-05-05 15:31:00,2024-05-05 16:35:00,65,带载运行,False,正常,1896,37
2024-05-05 16:36:00,2024-05-05 17:08:00,33,停机,False,正常,1897,37
2024-05-05 17:09:00,2024-05-05 18:18:00,70,带载运行,False,正常,1898,37
2024-05-05 18:19:00,2024-05-05 18:27:00,9,停机,False,正常,1899,37
2024-05-05 18:28:00,2024-05-05 18:29:00,2,空载运行,False,正常,1900,37
2024-05-05 18:30:00,2024-05-05 23:41:00,312,带载运行,False,正常,1901,37
2024-05-05 23:42:00,2024-05-05 23:54:00,13,停机,False,正常,1902,37
2024-05-05 23:55:00,2024-05-05 23:55:00,1,空载运行,False,正常,1903,37
2024-05-05 23:56:00,2024-05-06 00:16:00,21,带载运行,False,正常,1904,37
2024-05-06 00:17:00,2024-05-06 00:19:00,3,停机,False,正常,1905,37
2024-05-06 00:20:00,2024-05-06 00:20:00,1,空载运行,False,正常,1906,37
2024-05-06 00:21:00,2024-05-06 02:01:00,101,带载运行,False,正常,1907,37
2024-05-06 02:02:00,2024-05-06 02:17:00,16,停机,False,正常,1908,37
2024-05-06 02:18:00,2024-05-06 08:19:00,362,带载运行,False,正常,1909,37
2024-05-06 08:20:00,2024-05-06 08:27:00,8,停机,False,正常,1910,37
2024-05-06 08:28:00,2024-05-06 08:39:00,12,带载运行,False,正常,1911,37
2024-05-06 08:40:00,2024-05-06 09:33:00,54,停机,False,正常,1912,37
2024-05-06 09:34:00,2024-05-06 09:34:00,1,带载运行,False,正常,1913,37
2024-05-06 09:35:00,2024-05-06 09:35:00,1,空载运行,False,正常,1914,37
2024-05-06 09:36:00,2024-05-06 09:38:00,3,停机,False,正常,1915,37
2024-05-06 09:39:00,2024-05-06 09:39:00,1,带载运行,False,正常,1916,37
2024-05-06 09:40:00,2024-05-06 09:40:00,1,空载运行,False,正常,1917,37
2024-05-06 09:41:00,2024-05-06 09:43:00,3,带载运行,False,正常,1918,37
2024-05-06 09:44:00,2024-05-06 09:47:00,4,停机,False,正常,1919,37
2024-05-06 09:48:00,2024-05-06 09:52:00,5,带载运行,False,正常,1920,37
2024-05-06 09:53:00,2024-05-06 12:32:00,160,停机,False,正常,1921,37
2024-05-06 12:33:00,2024-05-06 12:33:00,1,带载运行,False,正常,1922,37
2024-05-06 12:34:00,2024-05-06 12:34:00,1,空载运行,False,正常,1923,37
2024-05-06 12:35:00,2024-05-06 13:01:00,27,停机,False,正常,1924,37
2024-05-06 13:02:00,2024-05-06 13:02:00,1,空载运行,False,正常,1925,37
2024-05-06 13:03:00,2024-05-06 13:05:00,3,停机,False,正常,1926,37
2024-05-06 13:06:00,2024-05-06 13:06:00,1,空载运行,False,正常,1927,37
2024-05-06 13:07:00,2024-05-06 13:21:00,15,停机,False,正常,1928,37
2024-05-06 13:22:00,2024-05-06 13:22:00,1,空载运行,False,正常,1929,37
2024-05-06 13:23:00,2024-05-06 13:23:00,1,带载运行,False,正常,1930,37
2024-05-06 13:24:00,2024-05-06 13:25:00,2,停机,False,正常,1931,37
2024-05-06 13:26:00,2024-05-06 13:26:00,1,空载运行,False,正常,1932,37
2024-05-06 13:27:00,2024-05-06 13:29:00,3,停机,False,正常,1933,37
2024-05-06 13:30:00,2024-05-06 13:30:00,1,带载运行,False,正常,1934,37
2024-05-06 13:31:00,2024-05-06 13:32:00,2,停机,False,正常,1935,37
2024-05-06 13:33:00,2024-05-06 13:33:00,1,空载运行,False,正常,1936,37
2024-05-06 13:34:00,2024-05-06 14:52:00,79,停机,False,正常,1937,37
2024-05-06 14:53:00,2024-05-06 14:53:00,1,空载运行,False,正常,1938,37
2024-05-06 14:54:00,2024-05-06 14:54:00,1,停机,False,正常,1939,37
2024-05-06 14:55:00,2024-05-06 14:55:00,1,空载运行,False,正常,1940,37
2024-05-06 14:56:00,2024-05-06 14:56:00,1,带载运行,False,正常,1941,37
2024-05-06 14:57:00,2024-05-06 14:58:00,2,停机,False,正常,1942,37
2024-05-06 14:59:00,2024-05-06 14:59:00,1,空载运行,False,正常,1943,37
2024-05-06 15:00:00,2024-05-06 15:00:00,1,带载运行,False,正常,1944,37
2024-05-06 15:01:00,2024-05-06 15:01:00,1,停机,False,正常,1945,37
2024-05-06 15:02:00,2024-05-06 15:02:00,1,空载运行,False,正常,1946,37
2024-05-06 15:03:00,2024-05-06 15:03:00,1,带载运行,False,正常,1947,37
2024-05-06 15:04:00,2024-05-06 15:05:00,2,空载运行,False,正常,1948,37
2024-05-06 15:06:00,2024-05-06 15:06:00,1,停机,False,正常,1949,37
2024-05-06 15:07:00,2024-05-06 15:07:00,1,空载运行,False,正常,1950,37
2024-05-06 15:08:00,2024-05-06 15:09:00,2,停机,False,正常,1951,37
2024-05-06 15:10:00,2024-05-06 15:11:00,2,空载运行,False,正常,1952,37
2024-05-06 15:12:00,2024-05-06 15:12:00,1,带载运行,False,正常,1953,37
2024-05-06 15:13:00,2024-05-06 15:16:00,4,停机,False,正常,1954,37
2024-05-06 15:17:00,2024-05-06 15:17:00,1,空载运行,False,正常,1955,37
2024-05-06 15:18:00,2024-05-06 15:19:00,2,带载运行,False,正常,1956,37
2024-05-06 15:20:00,2024-05-06 15:21:00,2,停机,False,正常,1957,37
2024-05-06 15:22:00,2024-05-06 15:22:00,1,空载运行,False,正常,1958,37
2024-05-06 15:23:00,2024-05-06 15:24:00,2,带载运行,False,正常,1959,37
2024-05-06 15:25:00,2024-05-06 15:25:00,1,空载运行,False,正常,1960,37
2024-05-06 15:26:00,2024-05-06 15:56:00,31,停机,False,正常,1961,37
2024-05-06 15:57:00,2024-05-06 15:57:00,1,空载运行,False,正常,1962,37
2024-05-06 15:58:00,2024-05-06 16:54:00,57,带载运行,False,正常,1963,37
2024-05-06 16:55:00,2024-05-06 16:57:00,3,停机,False,正常,1964,37
2024-05-06 16:58:00,2024-05-06 16:58:00,1,空载运行,False,正常,1965,37
2024-05-06 16:59:00,2024-05-06 17:03:00,5,带载运行,False,正常,1966,37
2024-05-06 17:04:00,2024-05-06 17:21:00,18,停机,False,正常,1967,37
2024-05-06 17:22:00,2024-05-06 17:24:00,3,带载运行,False,正常,1968,37
2024-05-06 17:25:00,2024-05-06 17:29:00,5,停机,False,正常,1969,37
2024-05-06 17:30:00,2024-05-06 17:30:00,1,空载运行,False,正常,1970,37
2024-05-06 17:31:00,2024-05-06 17:39:00,9,停机,False,正常,1971,37
2024-05-06 17:40:00,2024-05-06 19:16:00,97,带载运行,False,正常,1972,37
2024-05-06 19:17:00,2024-05-06 19:31:00,15,停机,False,正常,1973,37
2024-05-06 19:32:00,2024-05-07 03:47:00,496,带载运行,True,传感器断电/断线（段持续 >= 6h）,1974,38
2024-05-07 03:48:00,2024-05-07 05:12:00,85,停机,False,正常,1975,39
2024-05-07 05:13:00,2024-05-07 08:13:00,181,带载运行,False,正常,1976,39
2024-05-07 08:14:00,2024-05-07 08:20:00,7,停机,False,正常,1977,39
2024-05-07 08:21:00,2024-05-07 08:21:00,1,空载运行,False,正常,1978,39
2024-05-07 08:22:00,2024-05-07 09:28:00,67,带载运行,False,正常,1979,39
2024-05-07 09:29:00,2024-05-07 09:30:00,2,停机,False,正常,1980,39
2024-05-07 09:31:00,2024-05-07 09:31:00,1,空载运行,False,正常,1981,39
2024-05-07 09:32:00,2024-05-07 09:36:00,5,带载运行,False,正常,1982,39
2024-05-07 09:37:00,2024-05-07 09:43:00,7,停机,False,正常,1983,39
2024-05-07 09:44:00,2024-05-07 09:59:00,16,带载运行,False,正常,1984,39
2024-05-07 10:00:00,2024-05-07 10:05:00,6,停机,False,正常,1985,39
2024-05-07 10:06:00,2024-05-07 10:07:00,2,带载运行,False,正常,1986,39
2024-05-07 10:08:00,2024-05-07 10:08:00,1,停机,False,正常,1987,39
2024-05-07 10:09:00,2024-05-07 10:23:00,15,带载运行,False,正常,1988,39
2024-05-07 10:24:00,2024-05-07 10:31:00,8,停机,False,正常,1989,39
2024-05-07 10:32:00,2024-05-07 10:32:00,1,空载运行,False,正常,1990,39
2024-05-07 10:33:00,2024-05-07 10:33:00,1,停机,False,正常,1991,39
2024-05-07 10:34:00,2024-05-07 10:34:00,1,空载运行,False,正常,1992,39
2024-05-07 10:35:00,2024-05-07 10:59:00,25,带载运行,False,正常,1993,39
2024-05-07 11:00:00,2024-05-07 11:19:00,20,停机,False,正常,1994,39
2024-05-07 11:20:00,2024-05-07 11:20:00,1,带载运行,False,正常,1995,39
2024-05-07 11:21:00,2024-05-07 11:25:00,5,停机,False,正常,1996,39
2024-05-07 11:26:00,2024-05-07 11:26:00,1,带载运行,False,正常,1997,39
2024-05-07 11:27:00,2024-05-07 11:27:00,1,停机,False,正常,1998,39
2024-05-07 11:28:00,2024-05-07 11:39:00,12,带载运行,False,正常,1999,39
2024-05-07 11:40:00,2024-05-07 12:22:00,43,停机,False,正常,2000,39
2024-05-07 12:23:00,2024-05-07 12:23:00,1,带载运行,False,正常,2001,39
2024-05-07 12:24:00,2024-05-07 12:28:00,5,停机,False,正常,2002,39
2024-05-07 12:29:00,2024-05-07 12:29:00,1,空载运行,False,正常,2003,39
2024-05-07 12:30:00,2024-05-07 12:30:00,1,停机,False,正常,2004,39
2024-05-07 12:31:00,2024-05-07 12:31:00,1,空载运行,False,正常,2005,39
2024-05-07 12:32:00,2024-05-07 12:38:00,7,停机,False,正常,2006,39
2024-05-07 12:39:00,2024-05-07 12:39:00,1,带载运行,False,正常,2007,39
2024-05-07 12:40:00,2024-05-07 12:40:00,1,空载运行,False,正常,2008,39
2024-05-07 12:41:00,2024-05-07 13:53:00,73,停机,False,正常,2009,39
2024-05-07 13:54:00,2024-05-07 13:54:00,1,带载运行,False,正常,2010,39
2024-05-07 13:55:00,2024-05-07 13:56:00,2,停机,False,正常,2011,39
2024-05-07 13:57:00,2024-05-07 13:57:00,1,带载运行,False,正常,2012,39
2024-05-07 13:58:00,2024-05-07 16:07:00,130,停机,False,正常,2013,39
2024-05-07 16:08:00,2024-05-07 19:22:00,195,带载运行,False,正常,2014,39
2024-05-07 19:23:00,2024-05-07 19:37:00,15,停机,False,正常,2015,39
2024-05-07 19:38:00,2024-05-07 19:50:00,13,带载运行,False,正常,2016,39
2024-05-07 19:51:00,2024-05-07 19:59:00,9,停机,False,正常,2017,39
2024-05-07 20:00:00,2024-05-08 01:59:00,360,带载运行,False,正常,2018,39
2024-05-08 02:00:00,2024-05-08 02:00:00,1,停机,False,正常,2019,39
2024-05-08 02:01:00,2024-05-08 02:02:00,2,空载运行,False,正常,2020,39
2024-05-08 02:03:00,2024-05-08 02:43:00,41,带载运行,False,正常,2021,39
2024-05-08 02:44:00,2024-05-08 03:07:00,24,停机,False,正常,2022,39
2024-05-08 03:08:00,2024-05-08 04:56:00,109,带载运行,False,正常,2023,39
2024-05-08 04:57:00,2024-05-08 05:03:00,7,停机,False,正常,2024,39
2024-05-08 05:04:00,2024-05-08 07:30:00,147,带载运行,False,正常,2025,39
2024-05-08 07:31:00,2024-05-08 07:42:00,12,停机,False,正常,2026,39
2024-05-08 07:43:00,2024-05-08 07:43:00,1,空载运行,False,正常,2027,39
2024-05-08 07:44:00,2024-05-08 08:35:00,52,带载运行,False,正常,2028,39
2024-05-08 08:36:00,2024-05-08 08:40:00,5,停机,False,正常,2029,39
2024-05-08 08:41:00,2024-05-08 10:22:00,102,带载运行,False,正常,2030,39
2024-05-08 10:23:00,2024-05-08 10:34:00,12,停机,False,正常,2031,39
2024-05-08 10:35:00,2024-05-08 10:35:00,1,带载运行,False,正常,2032,39
2024-05-08 10:36:00,2024-05-08 10:39:00,4,停机,False,正常,2033,39
2024-05-08 10:40:00,2024-05-08 10:41:00,2,带载运行,False,正常,2034,39
2024-05-08 10:42:00,2024-05-08 10:48:00,7,停机,False,正常,2035,39
2024-05-08 10:49:00,2024-05-08 10:49:00,1,空载运行,False,正常,2036,39
2024-05-08 10:50:00,2024-05-08 10:57:00,8,带载运行,False,正常,2037,39
2024-05-08 10:58:00,2024-05-08 11:04:00,7,停机,False,正常,2038,39
2024-05-08 11:05:00,2024-05-08 11:06:00,2,空载运行,False,正常,2039,39
2024-05-08 11:07:00,2024-05-08 11:08:00,2,停机,False,正常,2040,39
2024-05-08 11:09:00,2024-05-08 11:09:00,1,带载运行,False,正常,2041,39
2024-05-08 11:10:00,2024-05-08 11:13:00,4,停机,False,正常,2042,39
2024-05-08 11:14:00,2024-05-08 11:14:00,1,带载运行,False,正常,2043,39
2024-05-08 11:15:00,2024-05-08 12:12:00,58,停机,False,正常,2044,39
2024-05-08 12:13:00,2024-05-08 12:13:00,1,带载运行,False,正常,2045,39
2024-05-08 12:14:00,2024-05-08 12:32:00,19,停机,False,正常,2046,39
2024-05-08 12:33:00,2024-05-08 12:33:00,1,空载运行,False,正常,2047,39
2024-05-08 12:34:00,2024-05-08 14:23:00,110,停机,False,正常,2048,39
2024-05-08 14:24:00,2024-05-08 14:24:00,1,空载运行,False,正常,2049,39
2024-05-08 14:25:00,2024-05-08 15:28:00,64,停机,False,正常,2050,39
2024-05-08 15:29:00,2024-05-08 16:33:00,65,带载运行,False,正常,2051,39
2024-05-08 16:34:00,2024-05-08 16:52:00,19,停机,False,正常,2052,39
2024-05-08 16:53:00,2024-05-08 17:21:00,29,带载运行,False,正常,2053,39
2024-05-08 17:22:00,2024-05-08 17:54:00,33,停机,False,正常,2054,39
2024-05-08 17:55:00,2024-05-08 18:06:00,12,带载运行,False,正常,2055,39
2024-05-08 18:07:00,2024-05-08 18:16:00,10,停机,False,正常,2056,39
2024-05-08 18:17:00,2024-05-08 19:48:00,92,带载运行,False,正常,2057,39
2024-05-08 19:49:00,2024-05-08 19:49:00,1,空载运行,False,正常,2058,39
2024-05-08 19:50:00,2024-05-08 19:50:00,1,带载运行,False,正常,2059,39
2024-05-08 19:51:00,2024-05-08 21:19:00,89,停机,False,正常,2060,39
2024-05-08 21:20:00,2024-05-08 22:13:00,54,带载运行,False,正常,2061,39
2024-05-08 22:14:00,2024-05-08 22:38:00,25,停机,False,正常,2062,39
2024-05-08 22:39:00,2024-05-08 23:58:00,80,带载运行,False,正常,2063,39
2024-05-08 23:59:00,2024-05-09 00:09:00,11,停机,False,正常,2064,39
2024-05-09 00:10:00,2024-05-09 01:40:00,91,带载运行,False,正常,2065,39
2024-05-09 01:41:00,2024-05-09 01:51:00,11,停机,False,正常,2066,39
2024-05-09 01:52:00,2024-05-09 01:52:00,1,空载运行,False,正常,2067,39
2024-05-09 01:53:00,2024-05-09 01:53:00,1,停机,False,正常,2068,39
2024-05-09 01:54:00,2024-05-09 01:55:00,2,带载运行,False,正常,2069,39
2024-05-09 01:56:00,2024-05-09 01:56:00,1,停机,False,正常,2070,39
2024-05-09 01:57:00,2024-05-09 01:57:00,1,空载运行,False,正常,2071,39
2024-05-09 01:58:00,2024-05-09 01:59:00,2,带载运行,False,正常,2072,39
2024-05-09 02:00:00,2024-05-09 02:00:00,1,空载运行,False,正常,2073,39
2024-05-09 02:01:00,2024-05-09 02:05:00,5,带载运行,False,正常,2074,39
2024-05-09 02:06:00,2024-05-09 02:13:00,8,停机,False,正常,2075,39
2024-05-09 02:14:00,2024-05-09 02:14:00,1,空载运行,False,正常,2076,39
2024-05-09 02:15:00,2024-05-09 03:08:00,54,带载运行,False,正常,2077,39
2024-05-09 03:09:00,2024-05-09 04:27:00,79,停机,False,正常,2078,39
2024-05-09 04:28:00,2024-05-09 04:32:00,5,带载运行,False,正常,2079,39
2024-05-09 04:33:00,2024-05-09 04:33:00,1,停机,False,正常,2080,39
2024-05-09 04:34:00,2024-05-09 04:49:00,16,带载运行,False,正常,2081,39
2024-05-09 04:50:00,2024-05-09 04:53:00,4,停机,False,正常,2082,39
2024-05-09 04:54:00,2024-05-09 05:36:00,43,带载运行,False,正常,2083,39
2024-05-09 05:37:00,2024-05-09 05:37:00,1,空载运行,False,正常,2084,39
2024-05-09 05:38:00,2024-05-09 05:38:00,1,停机,False,正常,2085,39
2024-05-09 05:39:00,2024-05-09 05:39:00,1,空载运行,False,正常,2086,39
2024-05-09 05:40:00,2024-05-09 06:01:00,22,带载运行,False,正常,2087,39
2024-05-09 06:02:00,2024-05-09 08:40:00,159,停机,False,正常,2088,39
2024-05-09 08:41:00,2024-05-09 08:41:00,1,空载运行,False,正常,2089,39
2024-05-09 08:42:00,2024-05-09 08:51:00,10,带载运行,False,正常,2090,39
2024-05-09 08:52:00,2024-05-09 09:20:00,29,停机,False,正常,2091,39
2024-05-09 09:21:00,2024-05-09 09:21:00,1,带载运行,False,正常,2092,39
2024-05-09 09:22:00,2024-05-09 09:22:00,1,停机,False,正常,2093,39
2024-05-09 09:23:00,2024-05-09 09:23:00,1,空载运行,False,正常,2094,39
2024-05-09 09:24:00,2024-05-09 09:24:00,1,停机,False,正常,2095,39
2024-05-09 09:25:00,2024-05-09 09:26:00,2,带载运行,False,正常,2096,39
2024-05-09 09:27:00,2024-05-09 09:27:00,1,停机,False,正常,2097,39
2024-05-09 09:28:00,2024-05-09 09:28:00,1,空载运行,False,正常,2098,39
2024-05-09 09:29:00,2024-05-09 09:29:00,1,带载运行,False,正常,2099,39
2024-05-09 09:30:00,2024-05-09 09:30:00,1,空载运行,False,正常,2100,39
2024-05-09 09:31:00,2024-05-09 09:34:00,4,带载运行,False,正常,2101,39
2024-05-09 09:35:00,2024-05-09 09:35:00,1,停机,False,正常,2102,39
2024-05-09 09:36:00,2024-05-09 09:36:00,1,带载运行,False,正常,2103,39
2024-05-09 09:37:00,2024-05-09 09:37:00,1,停机,False,正常,2104,39
2024-05-09 09:38:00,2024-05-09 09:38:00,1,空载运行,False,正常,2105,39
2024-05-09 09:39:00,2024-05-09 09:39:00,1,停机,False,正常,2106,39
2024-05-09 09:40:00,2024-05-09 09:41:00,2,带载运行,False,正常,2107,39
2024-05-09 09:42:00,2024-05-09 09:44:00,3,停机,False,正常,2108,39
2024-05-09 09:45:00,2024-05-09 09:45:00,1,空载运行,False,正常,2109,39
2024-05-09 09:46:00,2024-05-09 09:55:00,10,停机,False,正常,2110,39
2024-05-09 09:56:00,2024-05-09 09:56:00,1,空载运行,False,正常,2111,39
2024-05-09 09:57:00,2024-05-09 10:00:00,4,停机,False,正常,2112,39
2024-05-09 10:01:00,2024-05-09 10:01:00,1,空载运行,False,正常,2113,39
2024-05-09 10:02:00,2024-05-09 10:37:00,36,停机,False,正常,2114,39
2024-05-09 10:38:00,2024-05-09 10:38:00,1,空载运行,False,正常,2115,39
2024-05-09 10:39:00,2024-05-09 11:50:00,72,停机,False,正常,2116,39
2024-05-09 11:51:00,2024-05-09 11:51:00,1,空载运行,False,正常,2117,39
2024-05-09 11:52:00,2024-05-09 14:58:00,187,停机,False,正常,2118,39
2024-05-09 14:59:00,2024-05-09 14:59:00,1,空载运行,False,正常,2119,39
2024-05-09 15:00:00,2024-05-09 15:01:00,2,停机,False,正常,2120,39
2024-05-09 15:02:00,2024-05-09 15:02:00,1,空载运行,False,正常,2121,39
2024-05-09 15:03:00,2024-05-09 16:30:00,88,停机,False,正常,2122,39
2024-05-09 16:31:00,2024-05-09 16:31:00,1,空载运行,False,正常,2123,39
2024-05-09 16:32:00,2024-05-09 17:11:00,40,带载运行,False,正常,2124,39
2024-05-09 17:12:00,2024-05-09 17:15:00,4,停机,False,正常,2125,39
2024-05-09 17:16:00,2024-05-09 17:17:00,2,空载运行,False,正常,2126,39
2024-05-09 17:18:00,2024-05-09 17:20:00,3,带载运行,False,正常,2127,39
2024-05-09 17:21:00,2024-05-09 17:21:00,1,停机,False,正常,2128,39
2024-05-09 17:22:00,2024-05-09 17:54:00,33,带载运行,False,正常,2129,39
2024-05-09 17:55:00,2024-05-09 18:03:00,9,停机,False,正常,2130,39
2024-05-09 18:04:00,2024-05-09 20:57:00,174,带载运行,False,正常,2131,39
2024-05-09 20:58:00,2024-05-09 21:04:00,7,停机,False,正常,2132,39
2024-05-09 21:05:00,2024-05-09 21:05:00,1,空载运行,False,正常,2133,39
2024-05-09 21:06:00,2024-05-09 23:44:00,159,带载运行,False,正常,2134,39
2024-05-09 23:45:00,2024-05-09 23:46:00,2,停机,False,正常,2135,39
2024-05-09 23:47:00,2024-05-10 00:43:00,57,带载运行,False,正常,2136,39
2024-05-10 00:44:00,2024-05-10 00:55:00,12,停机,False,正常,2137,39
2024-05-10 00:56:00,2024-05-10 00:56:00,1,空载运行,False,正常,2138,39
2024-05-10 00:57:00,2024-05-10 02:01:00,65,带载运行,False,正常,2139,39
2024-05-10 02:02:00,2024-05-10 02:06:00,5,停机,False,正常,2140,39
2024-05-10 02:07:00,2024-05-10 02:10:00,4,带载运行,False,正常,2141,39
2024-05-10 02:11:00,2024-05-10 02:11:00,1,停机,False,正常,2142,39
2024-05-10 02:12:00,2024-05-10 02:12:00,1,空载运行,False,正常,2143,39
2024-05-10 02:13:00,2024-05-10 02:13:00,1,带载运行,False,正常,2144,39
2024-05-10 02:14:00,2024-05-10 02:15:00,2,空载运行,False,正常,2145,39
2024-05-10 02:16:00,2024-05-10 02:19:00,4,带载运行,False,正常,2146,39
2024-05-10 02:20:00,2024-05-10 02:24:00,5,停机,False,正常,2147,39
2024-05-10 02:25:00,2024-05-10 02:25:00,1,带载运行,False,正常,2148,39
2024-05-10 02:26:00,2024-05-10 02:31:00,6,停机,False,正常,2149,39
2024-05-10 02:32:00,2024-05-10 02:32:00,1,空载运行,False,正常,2150,39
2024-05-10 02:33:00,2024-05-10 02:35:00,3,带载运行,False,正常,2151,39
2024-05-10 02:36:00,2024-05-10 02:36:00,1,停机,False,正常,2152,39
2024-05-10 02:37:00,2024-05-10 06:45:00,249,带载运行,False,正常,2153,39
2024-05-10 06:46:00,2024-05-10 06:55:00,10,停机,False,正常,2154,39
2024-05-10 06:56:00,2024-05-10 07:27:00,32,带载运行,False,正常,2155,39
2024-05-10 07:28:00,2024-05-10 07:31:00,4,空载运行,False,正常,2156,39
2024-05-10 07:32:00,2024-05-10 07:34:00,3,停机,False,正常,2157,39
2024-05-10 07:35:00,2024-05-10 07:35:00,1,空载运行,False,正常,2158,39
2024-05-10 07:36:00,2024-05-10 08:29:00,54,带载运行,False,正常,2159,39
2024-05-10 08:30:00,2024-05-10 08:31:00,2,停机,False,正常,2160,39
2024-05-10 08:32:00,2024-05-10 08:32:00,1,空载运行,False,正常,2161,39
2024-05-10 08:33:00,2024-05-10 09:25:00,53,带载运行,False,正常,2162,39
2024-05-10 09:26:00,2024-05-10 09:26:00,1,停机,False,正常,2163,39
2024-05-10 09:27:00,2024-05-10 09:27:00,1,空载运行,False,正常,2164,39
2024-05-10 09:28:00,2024-05-10 09:32:00,5,停机,False,正常,2165,39
2024-05-10 09:33:00,2024-05-10 11:09:00,97,带载运行,False,正常,2166,39
2024-05-10 11:10:00,2024-05-10 11:10:00,1,停机,False,正常,2167,39
2024-05-10 11:11:00,2024-05-10 11:11:00,1,空载运行,False,正常,2168,39
2024-05-10 11:12:00,2024-05-10 11:30:00,19,带载运行,False,正常,2169,39
2024-05-10 11:31:00,2024-05-10 11:41:00,11,停机,False,正常,2170,39
2024-05-10 11:42:00,2024-05-10 11:42:00,1,空载运行,False,正常,2171,39
2024-05-10 11:43:00,2024-05-10 12:03:00,21,带载运行,False,正常,2172,39
2024-05-10 12:04:00,2024-05-10 12:11:00,8,停机,False,正常,2173,39
2024-05-10 12:12:00,2024-05-10 12:12:00,1,带载运行,False,正常,2174,39
2024-05-10 12:13:00,2024-05-10 12:13:00,1,空载运行,False,正常,2175,39
2024-05-10 12:14:00,2024-05-10 12:16:00,3,带载运行,False,正常,2176,39
2024-05-10 12:17:00,2024-05-10 12:18:00,2,停机,False,正常,2177,39
2024-05-10 12:19:00,2024-05-10 12:19:00,1,空载运行,False,正常,2178,39
2024-05-10 12:20:00,2024-05-10 12:21:00,2,停机,False,正常,2179,39
2024-05-10 12:22:00,2024-05-10 12:23:00,2,带载运行,False,正常,2180,39
2024-05-10 12:24:00,2024-05-10 12:28:00,5,停机,False,正常,2181,39
2024-05-10 12:29:00,2024-05-10 12:30:00,2,带载运行,False,正常,2182,39
2024-05-10 12:31:00,2024-05-10 12:32:00,2,停机,False,正常,2183,39
2024-05-10 12:33:00,2024-05-10 12:33:00,1,带载运行,False,正常,2184,39
2024-05-10 12:34:00,2024-05-10 14:12:00,99,停机,False,正常,2185,39
2024-05-10 14:13:00,2024-05-10 14:13:00,1,空载运行,False,正常,2186,39
2024-05-10 14:14:00,2024-05-10 14:19:00,6,停机,False,正常,2187,39
2024-05-10 14:20:00,2024-05-10 14:21:00,2,空载运行,False,正常,2188,39
2024-05-10 14:22:00,2024-05-10 14:22:00,1,带载运行,False,正常,2189,39
2024-05-10 14:23:00,2024-05-10 14:23:00,1,空载运行,False,正常,2190,39
2024-05-10 14:24:00,2024-05-10 14:24:00,1,停机,False,正常,2191,39
2024-05-10 14:25:00,2024-05-10 14:25:00,1,带载运行,False,正常,2192,39
2024-05-10 14:26:00,2024-05-10 14:53:00,28,停机,False,正常,2193,39
2024-05-10 14:54:00,2024-05-10 14:54:00,1,带载运行,False,正常,2194,39
2024-05-10 14:55:00,2024-05-10 15:12:00,18,停机,False,正常,2195,39
2024-05-10 15:13:00,2024-05-10 15:13:00,1,带载运行,False,正常,2196,39
2024-05-10 15:14:00,2024-05-10 15:25:00,12,停机,False,正常,2197,39
2024-05-10 15:26:00,2024-05-10 15:26:00,1,空载运行,False,正常,2198,39
2024-05-10 15:27:00,2024-05-10 16:20:00,54,停机,False,正常,2199,39
2024-05-10 16:21:00,2024-05-10 16:28:00,8,带载运行,False,正常,2200,39
2024-05-10 16:29:00,2024-05-10 17:12:00,44,停机,False,正常,2201,39
2024-05-10 17:13:00,2024-05-10 17:26:00,14,带载运行,False,正常,2202,39
2024-05-10 17:27:00,2024-05-10 17:31:00,5,停机,False,正常,2203,39
2024-05-10 17:32:00,2024-05-10 17:38:00,7,带载运行,False,正常,2204,39
2024-05-10 17:39:00,2024-05-10 20:19:00,161,停机,False,正常,2205,39
2024-05-10 20:20:00,2024-05-10 20:20:00,1,带载运行,False,正常,2206,39
2024-05-10 20:21:00,2024-05-10 21:52:00,92,停机,False,正常,2207,39
2024-05-10 21:53:00,2024-05-10 23:50:00,118,带载运行,False,正常,2208,39
2024-05-10 23:51:00,2024-05-10 23:53:00,3,停机,False,正常,2209,39
2024-05-10 23:54:00,2024-05-11 01:33:00,100,带载运行,False,正常,2210,39
2024-05-11 01:34:00,2024-05-11 01:37:00,4,停机,False,正常,2211,39
2024-05-11 01:38:00,2024-05-11 05:28:00,231,带载运行,False,正常,2212,39
2024-05-11 05:29:00,2024-05-11 05:34:00,6,停机,False,正常,2213,39
2024-05-11 05:35:00,2024-05-11 05:35:00,1,空载运行,False,正常,2214,39
2024-05-11 05:36:00,2024-05-11 06:07:00,32,带载运行,False,正常,2215,39
2024-05-11 06:08:00,2024-05-11 06:20:00,13,停机,False,正常,2216,39
2024-05-11 06:21:00,2024-05-11 06:21:00,1,空载运行,False,正常,2217,39
2024-05-11 06:22:00,2024-05-11 08:47:00,146,带载运行,False,正常,2218,39
2024-05-11 08:48:00,2024-05-11 08:50:00,3,停机,False,正常,2219,39
2024-05-11 08:51:00,2024-05-11 09:49:00,59,带载运行,False,正常,2220,39
2024-05-11 09:50:00,2024-05-11 09:52:00,3,停机,False,正常,2221,39
2024-05-11 09:53:00,2024-05-11 09:53:00,1,空载运行,False,正常,2222,39
2024-05-11 09:54:00,2024-05-11 10:47:00,54,带载运行,False,正常,2223,39
2024-05-11 10:48:00,2024-05-11 11:11:00,24,停机,False,正常,2224,39
2024-05-11 11:12:00,2024-05-11 11:14:00,3,带载运行,False,正常,2225,39
2024-05-11 11:15:00,2024-05-11 11:16:00,2,停机,False,正常,2226,39
2024-05-11 11:17:00,2024-05-11 11:17:00,1,空载运行,False,正常,2227,39
2024-05-11 11:18:00,2024-05-11 11:22:00,5,带载运行,False,正常,2228,39
2024-05-11 11:23:00,2024-05-11 12:03:00,41,停机,False,正常,2229,39
2024-05-11 12:04:00,2024-05-11 12:04:00,1,带载运行,False,正常,2230,39
2024-05-11 12:05:00,2024-05-11 12:05:00,1,空载运行,False,正常,2231,39
2024-05-11 12:06:00,2024-05-11 12:12:00,7,停机,False,正常,2232,39
2024-05-11 12:13:00,2024-05-11 12:14:00,2,空载运行,False,正常,2233,39
2024-05-11 12:15:00,2024-05-11 12:15:00,1,带载运行,False,正常,2234,39
2024-05-11 12:16:00,2024-05-11 12:16:00,1,空载运行,False,正常,2235,39
2024-05-11 12:17:00,2024-05-11 12:20:00,4,停机,False,正常,2236,39
2024-05-11 12:21:00,2024-05-11 12:21:00,1,带载运行,False,正常,2237,39
2024-05-11 12:22:00,2024-05-11 12:23:00,2,停机,False,正常,2238,39
2024-05-11 12:24:00,2024-05-11 12:24:00,1,带载运行,False,正常,2239,39
2024-05-11 12:25:00,2024-05-11 14:56:00,152,停机,False,正常,2240,39
2024-05-11 14:57:00,2024-05-11 14:57:00,1,带载运行,False,正常,2241,39
2024-05-11 14:58:00,2024-05-11 15:02:00,5,停机,False,正常,2242,39
2024-05-11 15:03:00,2024-05-11 15:03:00,1,带载运行,False,正常,2243,39
2024-05-11 15:04:00,2024-05-11 15:12:00,9,停机,False,正常,2244,39
2024-05-11 15:13:00,2024-05-11 15:13:00,1,空载运行,False,正常,2245,39
2024-05-11 15:14:00,2024-05-11 15:16:00,3,停机,False,正常,2246,39
2024-05-11 15:17:00,2024-05-11 15:17:00,1,空载运行,False,正常,2247,39
2024-05-11 15:18:00,2024-05-11 15:21:00,4,停机,False,正常,2248,39
2024-05-11 15:22:00,2024-05-11 15:22:00,1,带载运行,False,正常,2249,39
2024-05-11 15:23:00,2024-05-11 15:24:00,2,停机,False,正常,2250,39
2024-05-11 15:25:00,2024-05-11 15:25:00,1,空载运行,False,正常,2251,39
2024-05-11 15:26:00,2024-05-11 16:05:00,40,停机,False,正常,2252,39
2024-05-11 16:06:00,2024-05-11 16:06:00,1,空载运行,False,正常,2253,39
2024-05-11 16:07:00,2024-05-11 16:15:00,9,停机,False,正常,2254,39
2024-05-11 16:16:00,2024-05-11 17:34:00,79,带载运行,False,正常,2255,39
2024-05-11 17:35:00,2024-05-11 17:36:00,2,停机,False,正常,2256,39
2024-05-11 17:37:00,2024-05-11 17:37:00,1,带载运行,False,正常,2257,39
2024-05-11 17:38:00,2024-05-11 17:38:00,1,停机,False,正常,2258,39
2024-05-11 17:39:00,2024-05-11 17:55:00,17,带载运行,False,正常,2259,39
2024-05-11 17:56:00,2024-05-11 18:06:00,11,停机,False,正常,2260,39
2024-05-11 18:07:00,2024-05-11 18:07:00,1,空载运行,False,正常,2261,39
2024-05-11 18:08:00,2024-05-11 18:09:00,2,带载运行,False,正常,2262,39
2024-05-11 18:10:00,2024-05-11 18:10:00,1,停机,False,正常,2263,39
2024-05-11 18:11:00,2024-05-11 18:22:00,12,带载运行,False,正常,2264,39
2024-05-11 18:23:00,2024-05-11 18:57:00,35,停机,False,正常,2265,39
2024-05-11 18:58:00,2024-05-11 19:23:00,26,带载运行,False,正常,2266,39
2024-05-11 19:24:00,2024-05-11 19:25:00,2,停机,False,正常,2267,39
2024-05-11 19:26:00,2024-05-11 19:26:00,1,空载运行,False,正常,2268,39
2024-05-11 19:27:00,2024-05-11 22:24:00,178,带载运行,False,正常,2269,39
2024-05-11 22:25:00,2024-05-11 22:25:00,1,停机,False,正常,2270,39
2024-05-11 22:26:00,2024-05-11 22:26:00,1,带载运行,False,正常,2271,39
2024-05-11 22:27:00,2024-05-11 22:27:00,1,停机,False,正常,2272,39
2024-05-11 22:28:00,2024-05-11 22:33:00,6,带载运行,False,正常,2273,39
2024-05-11 22:34:00,2024-05-11 22:38:00,5,停机,False,正常,2274,39
2024-05-11 22:39:00,2024-05-11 22:46:00,8,带载运行,False,正常,2275,39
2024-05-11 22:47:00,2024-05-11 22:48:00,2,停机,False,正常,2276,39
2024-05-11 22:49:00,2024-05-11 22:49:00,1,带载运行,False,正常,2277,39
2024-05-11 22:50:00,2024-05-11 22:50:00,1,停机,False,正常,2278,39
2024-05-11 22:51:00,2024-05-11 23:05:00,15,带载运行,False,正常,2279,39
2024-05-11 23:06:00,2024-05-11 23:13:00,8,停机,False,正常,2280,39
2024-05-11 23:14:00,2024-05-11 23:23:00,10,带载运行,False,正常,2281,39
2024-05-11 23:24:00,2024-05-11 23:26:00,3,停机,False,正常,2282,39
2024-05-11 23:27:00,2024-05-11 23:44:00,18,带载运行,False,正常,2283,39
2024-05-11 23:45:00,2024-05-11 23:53:00,9,停机,False,正常,2284,39
2024-05-11 23:54:00,2024-05-11 23:55:00,2,空载运行,False,正常,2285,39
2024-05-11 23:56:00,2024-05-12 00:24:00,29,带载运行,False,正常,2286,39
2024-05-12 00:25:00,2024-05-12 00:34:00,10,停机,False,正常,2287,39
2024-05-12 00:35:00,2024-05-12 03:35:00,181,带载运行,False,正常,2288,39
2024-05-12 03:36:00,2024-05-12 03:46:00,11,停机,False,正常,2289,39
2024-05-12 03:47:00,2024-05-12 05:35:00,109,带载运行,False,正常,2290,39
2024-05-12 05:36:00,2024-05-12 05:48:00,13,停机,False,正常,2291,39
2024-05-12 05:49:00,2024-05-12 06:25:00,37,带载运行,False,正常,2292,39
2024-05-12 06:26:00,2024-05-12 06:30:00,5,停机,False,正常,2293,39
2024-05-12 06:31:00,2024-05-12 06:31:00,1,空载运行,False,正常,2294,39
2024-05-12 06:32:00,2024-05-12 07:42:00,71,带载运行,False,正常,2295,39
2024-05-12 07:43:00,2024-05-12 07:43:00,1,空载运行,False,正常,2296,39
2024-05-12 07:44:00,2024-05-12 08:44:00,61,带载运行,False,正常,2297,39
2024-05-12 08:45:00,2024-05-12 09:07:00,23,停机,False,正常,2298,39
2024-05-12 09:08:00,2024-05-12 09:08:00,1,空载运行,False,正常,2299,39
2024-05-12 09:09:00,2024-05-12 09:10:00,2,带载运行,False,正常,2300,39
2024-05-12 09:11:00,2024-05-12 09:17:00,7,停机,False,正常,2301,39
2024-05-12 09:18:00,2024-05-12 09:35:00,18,带载运行,False,正常,2302,39
2024-05-12 09:36:00,2024-05-12 09:40:00,5,停机,False,正常,2303,39
2024-05-12 09:41:00,2024-05-12 09:41:00,1,空载运行,False,正常,2304,39
2024-05-12 09:42:00,2024-05-12 10:02:00,21,带载运行,False,正常,2305,39
2024-05-12 10:03:00,2024-05-12 10:07:00,5,停机,False,正常,2306,39
2024-05-12 10:08:00,2024-05-12 10:18:00,11,带载运行,False,正常,2307,39
2024-05-12 10:19:00,2024-05-12 10:21:00,3,停机,False,正常,2308,39
2024-05-12 10:22:00,2024-05-12 10:33:00,12,带载运行,False,正常,2309,39
2024-05-12 10:34:00,2024-05-12 10:36:00,3,停机,False,正常,2310,39
2024-05-12 10:37:00,2024-05-12 10:37:00,1,带载运行,False,正常,2311,39
2024-05-12 10:38:00,2024-05-12 10:40:00,3,停机,False,正常,2312,39
2024-05-12 10:41:00,2024-05-12 10:41:00,1,空载运行,False,正常,2313,39
2024-05-12 10:42:00,2024-05-12 10:47:00,6,带载运行,False,正常,2314,39
2024-05-12 10:48:00,2024-05-12 11:08:00,21,停机,False,正常,2315,39
2024-05-12 11:09:00,2024-05-12 11:09:00,1,带载运行,False,正常,2316,39
2024-05-12 11:10:00,2024-05-12 11:10:00,1,停机,False,正常,2317,39
2024-05-12 11:11:00,2024-05-12 11:11:00,1,带载运行,False,正常,2318,39
2024-05-12 11:12:00,2024-05-12 11:12:00,1,停机,False,正常,2319,39
2024-05-12 11:13:00,2024-05-12 11:13:00,1,带载运行,False,正常,2320,39
2024-05-12 11:14:00,2024-05-12 11:14:00,1,停机,False,正常,2321,39
2024-05-12 11:15:00,2024-05-12 11:15:00,1,带载运行,False,正常,2322,39
2024-05-12 11:16:00,2024-05-12 11:18:00,3,停机,False,正常,2323,39
2024-05-12 11:19:00,2024-05-12 11:20:00,2,带载运行,False,正常,2324,39
2024-05-12 11:21:00,2024-05-12 11:21:00,1,空载运行,False,正常,2325,39
2024-05-12 11:22:00,2024-05-12 11:23:00,2,带载运行,False,正常,2326,39
2024-05-12 11:24:00,2024-05-12 11:24:00,1,停机,False,正常,2327,39
2024-05-12 11:25:00,2024-05-12 11:25:00,1,带载运行,False,正常,2328,39
2024-05-12 11:26:00,2024-05-12 11:26:00,1,停机,False,正常,2329,39
2024-05-12 11:27:00,2024-05-12 11:27:00,1,带载运行,False,正常,2330,39
2024-05-12 11:28:00,2024-05-12 11:30:00,3,停机,False,正常,2331,39
2024-05-12 11:31:00,2024-05-12 11:31:00,1,空载运行,False,正常,2332,39
2024-05-12 11:32:00,2024-05-12 13:44:00,133,停机,False,正常,2333,39
2024-05-12 13:45:00,2024-05-12 13:45:00,1,空载运行,False,正常,2334,39
2024-05-12 13:46:00,2024-05-12 13:48:00,3,停机,False,正常,2335,39
2024-05-12 13:49:00,2024-05-12 13:49:00,1,带载运行,False,正常,2336,39
2024-05-12 13:50:00,2024-05-12 13:51:00,2,停机,False,正常,2337,39
2024-05-12 13:52:00,2024-05-12 13:52:00,1,带载运行,False,正常,2338,39
2024-05-12 13:53:00,2024-05-12 13:56:00,4,停机,False,正常,2339,39
2024-05-12 13:57:00,2024-05-12 13:57:00,1,带载运行,False,正常,2340,39
2024-05-12 13:58:00,2024-05-12 14:01:00,4,停机,False,正常,2341,39
2024-05-12 14:02:00,2024-05-12 14:02:00,1,带载运行,False,正常,2342,39
2024-05-12 14:03:00,2024-05-12 14:10:00,8,停机,False,正常,2343,39
2024-05-12 14:11:00,2024-05-12 14:11:00,1,带载运行,False,正常,2344,39
2024-05-12 14:12:00,2024-05-12 14:16:00,5,停机,False,正常,2345,39
2024-05-12 14:17:00,2024-05-12 14:17:00,1,空载运行,False,正常,2346,39
2024-05-12 14:18:00,2024-05-12 14:19:00,2,停机,False,正常,2347,39
2024-05-12 14:20:00,2024-05-12 14:20:00,1,带载运行,False,正常,2348,39
2024-05-12 14:21:00,2024-05-12 14:21:00,1,停机,False,正常,2349,39
2024-05-12 14:22:00,2024-05-12 14:23:00,2,空载运行,False,正常,2350,39
2024-05-12 14:24:00,2024-05-12 14:24:00,1,带载运行,False,正常,2351,39
2024-05-12 14:25:00,2024-05-12 14:29:00,5,停机,False,正常,2352,39
2024-05-12 14:30:00,2024-05-12 14:30:00,1,带载运行,False,正常,2353,39
2024-05-12 14:31:00,2024-05-12 14:40:00,10,停机,False,正常,2354,39
2024-05-12 14:41:00,2024-05-12 14:41:00,1,空载运行,False,正常,2355,39
2024-05-12 14:42:00,2024-05-12 15:03:00,22,停机,False,正常,2356,39
2024-05-12 15:04:00,2024-05-12 15:04:00,1,带载运行,False,正常,2357,39
2024-05-12 15:05:00,2024-05-12 15:28:00,24,停机,False,正常,2358,39
2024-05-12 15:29:00,2024-05-12 15:29:00,1,空载运行,False,正常,2359,39
2024-05-12 15:30:00,2024-05-12 16:04:00,35,停机,False,正常,2360,39
2024-05-12 16:05:00,2024-05-12 16:14:00,10,带载运行,False,正常,2361,39
2024-05-12 16:15:00,2024-05-12 16:15:00,1,空载运行,False,正常,2362,39
2024-05-12 16:16:00,2024-05-12 17:33:00,78,带载运行,False,正常,2363,39
2024-05-12 17:34:00,2024-05-12 17:38:00,5,停机,False,正常,2364,39
2024-05-12 17:39:00,2024-05-12 17:59:00,21,带载运行,False,正常,2365,39
2024-05-12 18:00:00,2024-05-12 18:00:00,1,停机,False,正常,2366,39
2024-05-12 18:01:00,2024-05-12 18:01:00,1,带载运行,False,正常,2367,39
2024-05-12 18:02:00,2024-05-12 18:02:00,1,停机,False,正常,2368,39
2024-05-12 18:03:00,2024-05-12 18:04:00,2,带载运行,False,正常,2369,39
2024-05-12 18:05:00,2024-05-12 18:08:00,4,停机,False,正常,2370,39
2024-05-12 18:09:00,2024-05-12 18:09:00,1,空载运行,False,正常,2371,39
2024-05-12 18:10:00,2024-05-12 18:12:00,3,带载运行,False,正常,2372,39
2024-05-12 18:13:00,2024-05-12 18:13:00,1,停机,False,正常,2373,39
2024-05-12 18:14:00,2024-05-12 18:14:00,1,带载运行,False,正常,2374,39
2024-05-12 18:15:00,2024-05-12 18:15:00,1,停机,False,正常,2375,39
2024-05-12 18:16:00,2024-05-12 18:16:00,1,空载运行,False,正常,2376,39
2024-05-12 18:17:00,2024-05-12 18:17:00,1,停机,False,正常,2377,39
2024-05-12 18:18:00,2024-05-12 18:19:00,2,带载运行,False,正常,2378,39
2024-05-12 18:20:00,2024-05-12 18:20:00,1,停机,False,正常,2379,39
2024-05-12 18:21:00,2024-05-12 18:23:00,3,带载运行,False,正常,2380,39
2024-05-12 18:24:00,2024-05-12 18:24:00,1,停机,False,正常,2381,39
2024-05-12 18:25:00,2024-05-12 18:26:00,2,带载运行,False,正常,2382,39
2024-05-12 18:27:00,2024-05-12 18:27:00,1,停机,False,正常,2383,39
2024-05-12 18:28:00,2024-05-12 18:31:00,4,带载运行,False,正常,2384,39
2024-05-12 18:32:00,2024-05-12 18:43:00,12,停机,False,正常,2385,39
2024-05-12 18:44:00,2024-05-12 18:44:00,1,空载运行,False,正常,2386,39
2024-05-12 18:45:00,2024-05-12 18:45:00,1,带载运行,False,正常,2387,39
2024-05-12 18:46:00,2024-05-12 18:59:00,14,停机,False,正常,2388,39
2024-05-12 19:00:00,2024-05-12 19:00:00,1,带载运行,False,正常,2389,39
2024-05-12 19:01:00,2024-05-12 19:01:00,1,停机,False,正常,2390,39
2024-05-12 19:02:00,2024-05-12 19:02:00,1,带载运行,False,正常,2391,39
2024-05-12 19:03:00,2024-05-12 19:10:00,8,停机,False,正常,2392,39
2024-05-12 19:11:00,2024-05-12 19:28:00,18,带载运行,False,正常,2393,39
2024-05-12 19:29:00,2024-05-12 19:30:00,2,停机,False,正常,2394,39
2024-05-12 19:31:00,2024-05-12 19:31:00,1,空载运行,False,正常,2395,39
2024-05-12 19:32:00,2024-05-12 20:12:00,41,带载运行,False,正常,2396,39
2024-05-12 20:13:00,2024-05-12 20:15:00,3,停机,False,正常,2397,39
2024-05-12 20:16:00,2024-05-12 20:16:00,1,空载运行,False,正常,2398,39
2024-05-12 20:17:00,2024-05-12 20:17:00,1,停机,False,正常,2399,39
2024-05-12 20:18:00,2024-05-12 21:29:00,72,带载运行,False,正常,2400,39
2024-05-12 21:30:00,2024-05-12 21:32:00,3,停机,False,正常,2401,39
2024-05-12 21:33:00,2024-05-12 21:33:00,1,空载运行,False,正常,2402,39
2024-05-12 21:34:00,2024-05-12 22:30:00,57,带载运行,False,正常,2403,39
2024-05-12 22:31:00,2024-05-12 22:48:00,18,停机,False,正常,2404,39
2024-05-12 22:49:00,2024-05-12 22:50:00,2,带载运行,False,正常,2405,39
2024-05-12 22:51:00,2024-05-12 22:54:00,4,停机,False,正常,2406,39
2024-05-12 22:55:00,2024-05-12 22:58:00,4,带载运行,False,正常,2407,39
2024-05-12 22:59:00,2024-05-12 23:03:00,5,停机,False,正常,2408,39
2024-05-12 23:04:00,2024-05-13 00:03:00,60,带载运行,False,正常,2409,39
2024-05-13 00:04:00,2024-05-13 00:06:00,3,停机,False,正常,2410,39
2024-05-13 00:07:00,2024-05-13 00:53:00,47,带载运行,False,正常,2411,39
2024-05-13 00:54:00,2024-05-13 00:56:00,3,停机,False,正常,2412,39
2024-05-13 00:57:00,2024-05-13 02:40:00,104,带载运行,False,正常,2413,39
2024-05-13 02:41:00,2024-05-13 02:41:00,1,停机,False,正常,2414,39
2024-05-13 02:42:00,2024-05-13 02:42:00,1,空载运行,False,正常,2415,39
2024-05-13 02:43:00,2024-05-13 05:27:00,165,带载运行,False,正常,2416,39
2024-05-13 05:28:00,2024-05-13 05:35:00,8,停机,False,正常,2417,39
2024-05-13 05:36:00,2024-05-13 05:36:00,1,空载运行,False,正常,2418,39
2024-05-13 05:37:00,2024-05-13 06:25:00,49,带载运行,False,正常,2419,39
2024-05-13 06:26:00,2024-05-13 06:41:00,16,停机,False,正常,2420,39
2024-05-13 06:42:00,2024-05-13 09:10:00,149,带载运行,False,正常,2421,39
2024-05-13 09:11:00,2024-05-13 09:12:00,2,停机,False,正常,2422,39
2024-05-13 09:13:00,2024-05-13 09:16:00,4,带载运行,False,正常,2423,39
2024-05-13 09:17:00,2024-05-13 09:28:00,12,停机,False,正常,2424,39
2024-05-13 09:29:00,2024-05-13 10:20:00,52,带载运行,False,正常,2425,39
2024-05-13 10:21:00,2024-05-13 10:38:00,18,停机,False,正常,2426,39
2024-05-13 10:39:00,2024-05-13 10:50:00,12,带载运行,False,正常,2427,39
2024-05-13 10:51:00,2024-05-13 11:08:00,18,停机,False,正常,2428,39
2024-05-13 11:09:00,2024-05-13 11:11:00,3,空载运行,False,正常,2429,39
2024-05-13 11:12:00,2024-05-13 11:25:00,14,带载运行,False,正常,2430,39
2024-05-13 11:26:00,2024-05-13 11:28:00,3,停机,False,正常,2431,39
2024-05-13 11:29:00,2024-05-13 11:29:00,1,带载运行,False,正常,2432,39
2024-05-13 11:30:00,2024-05-13 11:41:00,12,停机,False,正常,2433,39
2024-05-13 11:42:00,2024-05-13 11:42:00,1,空载运行,False,正常,2434,39
2024-05-13 11:43:00,2024-05-13 11:43:00,1,停机,False,正常,2435,39
2024-05-13 11:44:00,2024-05-13 11:44:00,1,带载运行,False,正常,2436,39
2024-05-13 11:45:00,2024-05-13 11:45:00,1,空载运行,False,正常,2437,39
2024-05-13 11:46:00,2024-05-13 11:47:00,2,停机,False,正常,2438,39
2024-05-13 11:48:00,2024-05-13 11:52:00,5,带载运行,False,正常,2439,39
2024-05-13 11:53:00,2024-05-13 12:49:00,57,停机,False,正常,2440,39
2024-05-13 12:50:00,2024-05-13 12:50:00,1,空载运行,False,正常,2441,39
2024-05-13 12:51:00,2024-05-13 12:52:00,2,带载运行,False,正常,2442,39
2024-05-13 12:53:00,2024-05-13 12:53:00,1,空载运行,False,正常,2443,39
2024-05-13 12:54:00,2024-05-13 12:55:00,2,停机,False,正常,2444,39
2024-05-13 12:56:00,2024-05-13 12:57:00,2,带载运行,False,正常,2445,39
2024-05-13 12:58:00,2024-05-13 12:58:00,1,空载运行,False,正常,2446,39
2024-05-13 12:59:00,2024-05-13 12:59:00,1,停机,False,正常,2447,39
2024-05-13 13:00:00,2024-05-13 13:00:00,1,空载运行,False,正常,2448,39
2024-05-13 13:01:00,2024-05-13 13:01:00,1,带载运行,False,正常,2449,39
2024-05-13 13:02:00,2024-05-13 13:17:00,16,停机,False,正常,2450,39
2024-05-13 13:18:00,2024-05-13 13:18:00,1,空载运行,False,正常,2451,39
2024-05-13 13:19:00,2024-05-13 13:19:00,1,带载运行,False,正常,2452,39
2024-05-13 13:20:00,2024-05-13 13:20:00,1,空载运行,False,正常,2453,39
2024-05-13 13:21:00,2024-05-13 13:22:00,2,带载运行,False,正常,2454,39
2024-05-13 13:23:00,2024-05-13 13:24:00,2,停机,False,正常,2455,39
2024-05-13 13:25:00,2024-05-13 15:35:00,131,带载运行,False,正常,2456,39
2024-05-13 15:36:00,2024-05-13 15:38:00,3,停机,False,正常,2457,39
2024-05-13 15:39:00,2024-05-13 15:39:00,1,带载运行,False,正常,2458,39
2024-05-13 15:40:00,2024-05-13 15:41:00,2,停机,False,正常,2459,39
2024-05-13 15:42:00,2024-05-13 15:42:00,1,空载运行,False,正常,2460,39
2024-05-13 15:43:00,2024-05-13 15:44:00,2,停机,False,正常,2461,39
2024-05-13 15:45:00,2024-05-13 15:50:00,6,带载运行,False,正常,2462,39
2024-05-13 15:51:00,2024-05-13 15:52:00,2,停机,False,正常,2463,39
2024-05-13 15:53:00,2024-05-13 15:55:00,3,带载运行,False,正常,2464,39
2024-05-13 15:56:00,2024-05-13 15:56:00,1,停机,False,正常,2465,39
2024-05-13 15:57:00,2024-05-13 15:57:00,1,带载运行,False,正常,2466,39
2024-05-13 15:58:00,2024-05-13 16:08:00,11,停机,False,正常,2467,39
2024-05-13 16:09:00,2024-05-13 16:09:00,1,空载运行,False,正常,2468,39
2024-05-13 16:10:00,2024-05-13 16:14:00,5,带载运行,False,正常,2469,39
2024-05-13 16:15:00,2024-05-13 16:16:00,2,停机,False,正常,2470,39
2024-05-13 16:17:00,2024-05-13 16:32:00,16,带载运行,False,正常,2471,39
2024-05-13 16:33:00,2024-05-13 16:33:00,1,停机,False,正常,2472,39
2024-05-13 16:34:00,2024-05-13 17:10:00,37,带载运行,False,正常,2473,39
2024-05-13 17:11:00,2024-05-13 17:11:00,1,停机,False,正常,2474,39
2024-05-13 17:12:00,2024-05-13 18:35:00,84,带载运行,False,正常,2475,39
2024-05-13 18:36:00,2024-05-13 18:49:00,14,停机,False,正常,2476,39
2024-05-13 18:50:00,2024-05-13 18:50:00,1,空载运行,False,正常,2477,39
2024-05-13 18:51:00,2024-05-13 21:43:00,173,带载运行,False,正常,2478,39
2024-05-13 21:44:00,2024-05-13 21:45:00,2,停机,False,正常,2479,39
2024-05-13 21:46:00,2024-05-13 23:45:00,120,带载运行,False,正常,2480,39
2024-05-13 23:46:00,2024-05-14 00:05:00,20,停机,False,正常,2481,39
2024-05-14 00:06:00,2024-05-14 02:38:00,153,带载运行,False,正常,2482,39
2024-05-14 02:39:00,2024-05-14 02:56:00,18,停机,False,正常,2483,39
2024-05-14 02:57:00,2024-05-14 02:57:00,1,空载运行,False,正常,2484,39
2024-05-14 02:58:00,2024-05-14 04:56:00,119,带载运行,False,正常,2485,39
2024-05-14 04:57:00,2024-05-14 04:57:00,1,停机,False,正常,2486,39
2024-05-14 04:58:00,2024-05-14 04:58:00,1,空载运行,False,正常,2487,39
2024-05-14 04:59:00,2024-05-14 04:59:00,1,带载运行,False,正常,2488,39
2024-05-14 05:00:00,2024-05-14 05:11:00,12,停机,False,正常,2489,39
2024-05-14 05:12:00,2024-05-14 05:12:00,1,带载运行,False,正常,2490,39
2024-05-14 05:13:00,2024-05-14 06:20:00,68,停机,False,正常,2491,39
2024-05-14 06:21:00,2024-05-14 06:21:00,1,带载运行,False,正常,2492,39
2024-05-14 06:22:00,2024-05-14 06:22:00,1,停机,False,正常,2493,39
2024-05-14 06:23:00,2024-05-14 06:29:00,7,带载运行,False,正常,2494,39
2024-05-14 06:30:00,2024-05-14 06:30:00,1,空载运行,False,正常,2495,39
2024-05-14 06:31:00,2024-05-14 06:52:00,22,带载运行,False,正常,2496,39
2024-05-14 06:53:00,2024-05-14 06:53:00,1,停机,False,正常,2497,39
2024-05-14 06:54:00,2024-05-14 08:41:00,108,带载运行,False,正常,2498,39
2024-05-14 08:42:00,2024-05-14 08:46:00,5,停机,False,正常,2499,39
2024-05-14 08:47:00,2024-05-14 08:47:00,1,空载运行,False,正常,2500,39
2024-05-14 08:48:00,2024-05-14 10:27:00,100,带载运行,False,正常,2501,39
2024-05-14 10:28:00,2024-05-14 10:37:00,10,停机,False,正常,2502,39
2024-05-14 10:38:00,2024-05-14 10:41:00,4,带载运行,False,正常,2503,39
2024-05-14 10:42:00,2024-05-14 10:44:00,3,停机,False,正常,2504,39
2024-05-14 10:45:00,2024-05-14 10:56:00,12,带载运行,False,正常,2505,39
2024-05-14 10:57:00,2024-05-14 11:01:00,5,停机,False,正常,2506,39
2024-05-14 11:02:00,2024-05-14 15:50:00,289,带载运行,False,正常,2507,39
2024-05-14 15:51:00,2024-05-14 16:44:00,54,停机,False,正常,2508,39
2024-05-14 16:45:00,2024-05-14 16:45:00,1,空载运行,False,正常,2509,39
2024-05-14 16:46:00,2024-05-14 20:54:00,249,带载运行,False,正常,2510,39
2024-05-14 20:55:00,2024-05-14 20:55:00,1,空载运行,False,正常,2511,39
2024-05-14 20:56:00,2024-05-14 21:05:00,10,停机,False,正常,2512,39
2024-05-14 21:06:00,2024-05-14 21:06:00,1,空载运行,False,正常,2513,39
2024-05-14 21:07:00,2024-05-14 21:13:00,7,带载运行,False,正常,2514,39
2024-05-14 21:14:00,2024-05-14 21:15:00,2,停机,False,正常,2515,39
2024-05-14 21:16:00,2024-05-14 22:06:00,51,带载运行,False,正常,2516,39
2024-05-14 22:07:00,2024-05-14 22:11:00,5,停机,False,正常,2517,39
2024-05-14 22:12:00,2024-05-14 22:12:00,1,空载运行,False,正常,2518,39
2024-05-14 22:13:00,2024-05-15 03:31:00,319,带载运行,False,正常,2519,39
2024-05-15 03:32:00,2024-05-15 03:43:00,12,停机,False,正常,2520,39
2024-05-15 03:44:00,2024-05-15 03:44:00,1,空载运行,False,正常,2521,39
2024-05-15 03:45:00,2024-05-15 03:51:00,7,带载运行,False,正常,2522,39
2024-05-15 03:52:00,2024-05-15 04:03:00,12,停机,False,正常,2523,39
2024-05-15 04:04:00,2024-05-15 04:06:00,3,空载运行,False,正常,2524,39
2024-05-15 04:07:00,2024-05-15 05:08:00,62,带载运行,False,正常,2525,39
2024-05-15 05:09:00,2024-05-15 05:10:00,2,停机,False,正常,2526,39
2024-05-15 05:11:00,2024-05-15 06:00:00,50,带载运行,False,正常,2527,39
2024-05-15 06:01:00,2024-05-15 06:02:00,2,停机,False,正常,2528,39
2024-05-15 06:03:00,2024-05-15 08:22:00,140,带载运行,False,正常,2529,39
2024-05-15 08:23:00,2024-05-15 08:30:00,8,停机,False,正常,2530,39
2024-05-15 08:31:00,2024-05-15 08:31:00,1,空载运行,False,正常,2531,39
2024-05-15 08:32:00,2024-05-16 08:31:00,1440,带载运行,True,传感器断电/断线（段持续 >= 6h）,2532,40
2024-05-16 08:32:00,2024-05-16 08:42:00,11,停机,False,正常,2533,41
2024-05-16 08:43:00,2024-05-16 08:51:00,9,带载运行,False,正常,2534,41
2024-05-16 08:52:00,2024-05-16 09:27:00,36,停机,False,正常,2535,41
2024-05-16 09:28:00,2024-05-16 09:28:00,1,空载运行,False,正常,2536,41
2024-05-16 09:29:00,2024-05-16 09:29:00,1,停机,False,正常,2537,41
2024-05-16 09:30:00,2024-05-16 09:30:00,1,空载运行,False,正常,2538,41
2024-05-16 09:31:00,2024-05-16 09:31:00,1,停机,False,正常,2539,41
2024-05-16 09:32:00,2024-05-16 09:35:00,4,带载运行,False,正常,2540,41
2024-05-16 09:36:00,2024-05-16 09:36:00,1,停机,False,正常,2541,41
2024-05-16 09:37:00,2024-05-16 14:55:00,319,带载运行,False,正常,2542,41
2024-05-16 14:56:00,2024-05-16 16:50:00,115,停机,False,正常,2543,41
2024-05-16 16:51:00,2024-05-16 16:54:00,4,带载运行,False,正常,2544,41
2024-05-16 16:55:00,2024-05-16 17:17:00,23,停机,False,正常,2545,41
2024-05-16 17:18:00,2024-05-16 17:18:00,1,带载运行,False,正常,2546,41
2024-05-16 17:19:00,2024-05-16 17:19:00,1,空载运行,False,正常,2547,41
2024-05-16 17:20:00,2024-05-16 17:20:00,1,停机,False,正常,2548,41
2024-05-16 17:21:00,2024-05-16 19:34:00,134,带载运行,False,正常,2549,41
2024-05-16 19:35:00,2024-05-16 19:38:00,4,停机,False,正常,2550,41
2024-05-16 19:39:00,2024-05-16 21:08:00,90,带载运行,False,正常,2551,41
2024-05-16 21:09:00,2024-05-16 21:09:00,1,停机,False,正常,2552,41
2024-05-16 21:10:00,2024-05-16 21:10:00,1,空载运行,False,正常,2553,41
2024-05-16 21:11:00,2024-05-16 21:15:00,5,停机,False,正常,2554,41
2024-05-16 21:16:00,2024-05-16 22:02:00,47,带载运行,False,正常,2555,41
2024-05-16 22:03:00,2024-05-16 22:08:00,6,停机,False,正常,2556,41
2024-05-16 22:09:00,2024-05-16 22:09:00,1,空载运行,False,正常,2557,41
2024-05-16 22:10:00,2024-05-16 22:13:00,4,停机,False,正常,2558,41
2024-05-16 22:14:00,2024-05-16 22:14:00,1,空载运行,False,正常,2559,41
2024-05-16 22:15:00,2024-05-16 23:21:00,67,带载运行,False,正常,2560,41
2024-05-16 23:22:00,2024-05-16 23:22:00,1,空载运行,False,正常,2561,41
2024-05-16 23:23:00,2024-05-16 23:49:00,27,带载运行,False,正常,2562,41
2024-05-16 23:50:00,2024-05-17 00:06:00,17,停机,False,正常,2563,41
2024-05-17 00:07:00,2024-05-17 00:07:00,1,空载运行,False,正常,2564,41
2024-05-17 00:08:00,2024-05-17 01:37:00,90,带载运行,False,正常,2565,41
2024-05-17 01:38:00,2024-05-17 01:39:00,2,停机,False,正常,2566,41
2024-05-17 01:40:00,2024-05-17 01:40:00,1,空载运行,False,正常,2567,41
2024-05-17 01:41:00,2024-05-17 01:58:00,18,带载运行,False,正常,2568,41
2024-05-17 01:59:00,2024-05-17 03:12:00,74,停机,False,正常,2569,41
2024-05-17 03:13:00,2024-05-17 03:13:00,1,空载运行,False,正常,2570,41
2024-05-17 03:14:00,2024-05-17 06:51:00,218,带载运行,False,正常,2571,41
2024-05-17 06:52:00,2024-05-17 07:31:00,40,停机,False,正常,2572,41
2024-05-17 07:32:00,2024-05-17 08:15:00,44,带载运行,False,正常,2573,41
2024-05-17 08:16:00,2024-05-17 08:16:00,1,空载运行,False,正常,2574,41
2024-05-17 08:17:00,2024-05-17 08:20:00,4,停机,False,正常,2575,41
2024-05-17 08:21:00,2024-05-17 08:23:00,3,带载运行,False,正常,2576,41
2024-05-17 08:24:00,2024-05-17 08:28:00,5,停机,False,正常,2577,41
2024-05-17 08:29:00,2024-05-17 08:34:00,6,带载运行,False,正常,2578,41
2024-05-17 08:35:00,2024-05-17 08:42:00,8,停机,False,正常,2579,41
2024-05-17 08:43:00,2024-05-17 09:12:00,30,带载运行,False,正常,2580,41
2024-05-17 09:13:00,2024-05-17 09:35:00,23,停机,False,正常,2581,41
2024-05-17 09:36:00,2024-05-17 10:27:00,52,带载运行,False,正常,2582,41
2024-05-17 10:28:00,2024-05-17 10:33:00,6,停机,False,正常,2583,41
2024-05-17 10:34:00,2024-05-17 10:34:00,1,空载运行,False,正常,2584,41
2024-05-17 10:35:00,2024-05-17 10:45:00,11,带载运行,False,正常,2585,41
2024-05-17 10:46:00,2024-05-17 11:09:00,24,停机,False,正常,2586,41
2024-05-17 11:10:00,2024-05-17 11:12:00,3,带载运行,False,正常,2587,41
2024-05-17 11:13:00,2024-05-17 14:06:00,174,停机,False,正常,2588,41
2024-05-17 14:07:00,2024-05-17 14:13:00,7,带载运行,False,正常,2589,41
2024-05-17 14:14:00,2024-05-17 14:40:00,27,停机,False,正常,2590,41
2024-05-17 14:41:00,2024-05-17 14:41:00,1,空载运行,False,正常,2591,41
2024-05-17 14:42:00,2024-05-17 14:55:00,14,带载运行,False,正常,2592,41
2024-05-17 14:56:00,2024-05-17 14:56:00,1,空载运行,False,正常,2593,41
2024-05-17 14:57:00,2024-05-17 14:57:00,1,带载运行,False,正常,2594,41
2024-05-17 14:58:00,2024-05-17 15:01:00,4,停机,False,正常,2595,41
2024-05-17 15:02:00,2024-05-17 15:04:00,3,带载运行,False,正常,2596,41
2024-05-17 15:05:00,2024-05-17 15:08:00,4,停机,False,正常,2597,41
2024-05-17 15:09:00,2024-05-17 15:09:00,1,带载运行,False,正常,2598,41
2024-05-17 15:10:00,2024-05-17 15:10:00,1,空载运行,False,正常,2599,41
2024-05-17 15:11:00,2024-05-17 15:13:00,3,停机,False,正常,2600,41
2024-05-17 15:14:00,2024-05-17 15:14:00,1,空载运行,False,正常,2601,41
2024-05-17 15:15:00,2024-05-17 15:15:00,1,停机,False,正常,2602,41
2024-05-17 15:16:00,2024-05-17 15:16:00,1,带载运行,False,正常,2603,41
2024-05-17 15:17:00,2024-05-17 15:31:00,15,停机,False,正常,2604,41
2024-05-17 15:32:00,2024-05-17 15:33:00,2,空载运行,False,正常,2605,41
2024-05-17 15:34:00,2024-05-17 16:13:00,40,停机,False,正常,2606,41
2024-05-17 16:14:00,2024-05-17 16:41:00,28,带载运行,False,正常,2607,41
2024-05-17 16:42:00,2024-05-17 16:45:00,4,停机,False,正常,2608,41
2024-05-17 16:46:00,2024-05-17 19:26:00,161,带载运行,False,正常,2609,41
2024-05-17 19:27:00,2024-05-17 19:31:00,5,停机,False,正常,2610,41
2024-05-17 19:32:00,2024-05-17 19:47:00,16,带载运行,False,正常,2611,41
2024-05-17 19:48:00,2024-05-17 19:48:00,1,停机,False,正常,2612,41
2024-05-17 19:49:00,2024-05-17 19:49:00,1,带载运行,False,正常,2613,41
2024-05-17 19:50:00,2024-05-20 23:56:00,4567,停机,True,传感器断电/断线（段持续 >= 6h）,2614,42
2024-05-20 23:57:00,2024-05-20 23:57:00,1,空载运行,False,正常,2615,43
2024-05-20 23:58:00,2024-05-21 00:00:00,3,带载运行,False,正常,2616,43
2024-05-21 00:01:00,2024-05-21 00:38:00,38,停机,False,正常,2617,43
2024-05-21 00:39:00,2024-05-21 00:39:00,1,空载运行,False,正常,2618,43
2024-05-21 00:40:00,2024-05-21 00:45:00,6,带载运行,False,正常,2619,43
2024-05-21 00:46:00,2024-05-21 00:48:00,3,停机,False,正常,2620,43
2024-05-21 00:49:00,2024-05-21 00:49:00,1,空载运行,False,正常,2621,43
2024-05-21 00:50:00,2024-05-21 02:13:00,84,带载运行,False,正常,2622,43
2024-05-21 02:14:00,2024-05-21 02:15:00,2,停机,False,正常,2623,43
2024-05-21 02:16:00,2024-05-21 02:46:00,31,带载运行,False,正常,2624,43
2024-05-21 02:47:00,2024-05-21 02:48:00,2,停机,False,正常,2625,43
2024-05-21 02:49:00,2024-05-21 05:09:00,141,带载运行,False,正常,2626,43
2024-05-21 05:10:00,2024-05-21 05:24:00,15,停机,False,正常,2627,43
2024-05-21 05:25:00,2024-05-21 05:25:00,1,空载运行,False,正常,2628,43
2024-05-21 05:26:00,2024-05-21 05:29:00,4,停机,False,正常,2629,43
2024-05-21 05:30:00,2024-05-21 05:30:00,1,空载运行,False,正常,2630,43
2024-05-21 05:31:00,2024-05-21 07:15:00,105,带载运行,False,正常,2631,43
2024-05-21 07:16:00,2024-05-21 07:18:00,3,停机,False,正常,2632,43
2024-05-21 07:19:00,2024-05-21 07:54:00,36,带载运行,False,正常,2633,43
2024-05-21 07:55:00,2024-05-21 07:56:00,2,停机,False,正常,2634,43
2024-05-21 07:57:00,2024-05-21 08:31:00,35,带载运行,False,正常,2635,43
2024-05-21 08:32:00,2024-05-21 08:36:00,5,停机,False,正常,2636,43
2024-05-21 08:37:00,2024-05-21 08:57:00,21,带载运行,False,正常,2637,43
2024-05-21 08:58:00,2024-05-21 09:04:00,7,停机,False,正常,2638,43
2024-05-21 09:05:00,2024-05-21 09:05:00,1,空载运行,False,正常,2639,43
2024-05-21 09:06:00,2024-05-21 09:08:00,3,带载运行,False,正常,2640,43
2024-05-21 09:09:00,2024-05-21 09:10:00,2,停机,False,正常,2641,43
2024-05-21 09:11:00,2024-05-21 09:11:00,1,空载运行,False,正常,2642,43
2024-05-21 09:12:00,2024-05-21 09:15:00,4,带载运行,False,正常,2643,43
2024-05-21 09:16:00,2024-05-21 09:18:00,3,停机,False,正常,2644,43
2024-05-21 09:19:00,2024-05-21 09:19:00,1,带载运行,False,正常,2645,43
2024-05-21 09:20:00,2024-05-21 09:20:00,1,停机,False,正常,2646,43
2024-05-21 09:21:00,2024-05-21 09:21:00,1,带载运行,False,正常,2647,43
2024-05-21 09:22:00,2024-05-21 09:22:00,1,空载运行,False,正常,2648,43
2024-05-21 09:23:00,2024-05-21 09:23:00,1,带载运行,False,正常,2649,43
2024-05-21 09:24:00,2024-05-21 10:46:00,83,停机,False,正常,2650,43
2024-05-21 10:47:00,2024-05-21 10:47:00,1,带载运行,False,正常,2651,43
2024-05-21 10:48:00,2024-05-21 10:48:00,1,空载运行,False,正常,2652,43
2024-05-21 10:49:00,2024-05-21 12:53:00,125,停机,False,正常,2653,43
2024-05-21 12:54:00,2024-05-21 12:54:00,1,空载运行,False,正常,2654,43
2024-05-21 12:55:00,2024-05-21 12:55:00,1,停机,False,正常,2655,43
2024-05-21 12:56:00,2024-05-21 12:56:00,1,空载运行,False,正常,2656,43
2024-05-21 12:57:00,2024-05-21 12:57:00,1,带载运行,False,正常,2657,43
2024-05-21 12:58:00,2024-05-21 13:02:00,5,停机,False,正常,2658,43
2024-05-21 13:03:00,2024-05-21 13:03:00,1,空载运行,False,正常,2659,43
2024-05-21 13:04:00,2024-05-21 13:35:00,32,停机,False,正常,2660,43
2024-05-21 13:36:00,2024-05-21 13:36:00,1,带载运行,False,正常,2661,43
2024-05-21 13:37:00,2024-05-21 15:00:00,84,停机,False,正常,2662,43
2024-05-21 15:01:00,2024-05-21 15:01:00,1,空载运行,False,正常,2663,43
2024-05-21 15:02:00,2024-05-21 15:49:00,48,停机,False,正常,2664,43
2024-05-21 15:50:00,2024-05-21 15:50:00,1,空载运行,False,正常,2665,43
2024-05-21 15:51:00,2024-05-21 15:54:00,4,停机,False,正常,2666,43
2024-05-21 15:55:00,2024-05-21 15:58:00,4,带载运行,False,正常,2667,43
2024-05-21 15:59:00,2024-05-21 16:21:00,23,停机,False,正常,2668,43
2024-05-21 16:22:00,2024-05-21 16:25:00,4,带载运行,False,正常,2669,43
2024-05-21 16:26:00,2024-05-21 17:12:00,47,停机,False,正常,2670,43
2024-05-21 17:13:00,2024-05-21 17:16:00,4,带载运行,False,正常,2671,43
2024-05-21 17:17:00,2024-05-21 17:17:00,1,停机,False,正常,2672,43
2024-05-21 17:18:00,2024-05-21 19:06:00,109,带载运行,False,正常,2673,43
2024-05-21 19:07:00,2024-05-21 19:09:00,3,停机,False,正常,2674,43
2024-05-21 19:10:00,2024-05-21 21:30:00,141,带载运行,False,正常,2675,43
2024-05-21 21:31:00,2024-05-21 21:42:00,12,停机,False,正常,2676,43
2024-05-21 21:43:00,2024-05-21 21:45:00,3,空载运行,False,正常,2677,43
2024-05-21 21:46:00,2024-05-21 21:46:00,1,停机,False,正常,2678,43
2024-05-21 21:47:00,2024-05-21 21:50:00,4,带载运行,False,正常,2679,43
2024-05-21 21:51:00,2024-05-21 21:51:00,1,停机,False,正常,2680,43
2024-05-21 21:52:00,2024-05-21 21:52:00,1,带载运行,False,正常,2681,43
2024-05-21 21:53:00,2024-05-21 21:53:00,1,停机,False,正常,2682,43
2024-05-21 21:54:00,2024-05-21 21:55:00,2,带载运行,False,正常,2683,43
2024-05-21 21:56:00,2024-05-21 22:00:00,5,停机,False,正常,2684,43
2024-05-21 22:01:00,2024-05-21 22:01:00,1,空载运行,False,正常,2685,43
2024-05-21 22:02:00,2024-05-21 22:23:00,22,带载运行,False,正常,2686,43
2024-05-21 22:24:00,2024-05-21 22:34:00,11,停机,False,正常,2687,43
2024-05-21 22:35:00,2024-05-22 00:06:00,92,带载运行,False,正常,2688,43
2024-05-22 00:07:00,2024-05-22 00:09:00,3,停机,False,正常,2689,43
2024-05-22 00:10:00,2024-05-22 00:10:00,1,空载运行,False,正常,2690,43
2024-05-22 00:11:00,2024-05-22 02:44:00,154,带载运行,False,正常,2691,43
2024-05-22 02:45:00,2024-05-22 02:46:00,2,空载运行,False,正常,2692,43
2024-05-22 02:47:00,2024-05-22 02:50:00,4,带载运行,False,正常,2693,43
2024-05-22 02:51:00,2024-05-22 02:51:00,1,空载运行,False,正常,2694,43
2024-05-22 02:52:00,2024-05-22 02:55:00,4,带载运行,False,正常,2695,43
2024-05-22 02:56:00,2024-05-22 03:01:00,6,停机,False,正常,2696,43
2024-05-22 03:02:00,2024-05-22 03:04:00,3,带载运行,False,正常,2697,43
2024-05-22 03:05:00,2024-05-22 03:06:00,2,停机,False,正常,2698,43
2024-05-22 03:07:00,2024-05-22 03:07:00,1,带载运行,False,正常,2699,43
2024-05-22 03:08:00,2024-05-22 03:22:00,15,停机,False,正常,2700,43
2024-05-22 03:23:00,2024-05-22 03:23:00,1,带载运行,False,正常,2701,43
2024-05-22 03:24:00,2024-05-22 03:24:00,1,停机,False,正常,2702,43
2024-05-22 03:25:00,2024-05-22 03:25:00,1,空载运行,False,正常,2703,43
2024-05-22 03:26:00,2024-05-22 03:26:00,1,带载运行,False,正常,2704,43
2024-05-22 03:27:00,2024-05-22 03:27:00,1,空载运行,False,正常,2705,43
2024-05-22 03:28:00,2024-05-22 03:28:00,1,带载运行,False,正常,2706,43
2024-05-22 03:29:00,2024-05-22 03:30:00,2,停机,False,正常,2707,43
2024-05-22 03:31:00,2024-05-22 03:31:00,1,带载运行,False,正常,2708,43
2024-05-22 03:32:00,2024-05-22 03:41:00,10,停机,False,正常,2709,43
2024-05-22 03:42:00,2024-05-22 03:42:00,1,空载运行,False,正常,2710,43
2024-05-22 03:43:00,2024-05-22 03:53:00,11,带载运行,False,正常,2711,43
2024-05-22 03:54:00,2024-05-22 03:59:00,6,停机,False,正常,2712,43
2024-05-22 04:00:00,2024-05-22 04:00:00,1,空载运行,False,正常,2713,43
2024-05-22 04:01:00,2024-05-22 04:07:00,7,带载运行,False,正常,2714,43
2024-05-22 04:08:00,2024-05-22 05:34:00,87,停机,False,正常,2715,43
2024-05-22 05:35:00,2024-05-22 05:47:00,13,带载运行,False,正常,2716,43
2024-05-22 05:48:00,2024-05-22 08:16:00,149,停机,False,正常,2717,43
2024-05-22 08:17:00,2024-05-22 08:17:00,1,空载运行,False,正常,2718,43
2024-05-22 08:18:00,2024-05-22 08:20:00,3,带载运行,False,正常,2719,43
2024-05-22 08:21:00,2024-05-22 15:02:00,402,停机,True,传感器断电/断线（段持续 >= 6h）,2720,44
2024-05-22 15:03:00,2024-05-22 15:57:00,55,带载运行,False,正常,2721,45
2024-05-22 15:58:00,2024-05-22 16:06:00,9,停机,False,正常,2722,45
2024-05-22 16:07:00,2024-05-22 16:07:00,1,空载运行,False,正常,2723,45
2024-05-22 16:08:00,2024-05-22 16:27:00,20,带载运行,False,正常,2724,45
2024-05-22 16:28:00,2024-05-22 17:21:00,54,停机,False,正常,2725,45
2024-05-22 17:22:00,2024-05-22 18:41:00,80,带载运行,False,正常,2726,45
2024-05-22 18:42:00,2024-05-22 18:51:00,10,停机,False,正常,2727,45
2024-05-22 18:52:00,2024-05-22 18:52:00,1,空载运行,False,正常,2728,45
2024-05-22 18:53:00,2024-05-22 22:15:00,203,带载运行,False,正常,2729,45
2024-05-22 22:16:00,2024-05-22 22:33:00,18,停机,False,正常,2730,45
2024-05-22 22:34:00,2024-05-22 22:35:00,2,带载运行,False,正常,2731,45
2024-05-22 22:36:00,2024-05-22 22:50:00,15,停机,False,正常,2732,45
2024-05-22 22:51:00,2024-05-22 22:51:00,1,空载运行,False,正常,2733,45
2024-05-22 22:52:00,2024-05-22 23:10:00,19,带载运行,False,正常,2734,45
2024-05-22 23:11:00,2024-05-22 23:13:00,3,停机,False,正常,2735,45
2024-05-22 23:14:00,2024-05-22 23:14:00,1,空载运行,False,正常,2736,45
2024-05-22 23:15:00,2024-05-23 01:05:00,111,带载运行,False,正常,2737,45
2024-05-23 01:06:00,2024-05-23 01:06:00,1,停机,False,正常,2738,45
2024-05-23 01:07:00,2024-05-23 04:37:00,211,带载运行,False,正常,2739,45
2024-05-23 04:38:00,2024-05-23 04:44:00,7,停机,False,正常,2740,45
2024-05-23 04:45:00,2024-05-23 05:42:00,58,带载运行,False,正常,2741,45
2024-05-23 05:43:00,2024-05-23 05:49:00,7,停机,False,正常,2742,45
2024-05-23 05:50:00,2024-05-23 05:50:00,1,空载运行,False,正常,2743,45
2024-05-23 05:51:00,2024-05-23 06:49:00,59,带载运行,False,正常,2744,45
2024-05-23 06:50:00,2024-05-23 06:50:00,1,停机,False,正常,2745,45
2024-05-23 06:51:00,2024-05-23 08:22:00,92,带载运行,False,正常,2746,45
2024-05-23 08:23:00,2024-05-23 08:27:00,5,停机,False,正常,2747,45
2024-05-23 08:28:00,2024-05-23 09:10:00,43,带载运行,False,正常,2748,45
2024-05-23 09:11:00,2024-05-23 09:11:00,1,停机,False,正常,2749,45
2024-05-23 09:12:00,2024-05-23 09:12:00,1,空载运行,False,正常,2750,45
2024-05-23 09:13:00,2024-05-23 10:25:00,73,带载运行,False,正常,2751,45
2024-05-23 10:26:00,2024-05-23 10:41:00,16,停机,False,正常,2752,45
2024-05-23 10:42:00,2024-05-23 10:43:00,2,带载运行,False,正常,2753,45
2024-05-23 10:44:00,2024-05-23 10:44:00,1,停机,False,正常,2754,45
2024-05-23 10:45:00,2024-05-23 10:46:00,2,带载运行,False,正常,2755,45
2024-05-23 10:47:00,2024-05-23 10:47:00,1,停机,False,正常,2756,45
2024-05-23 10:48:00,2024-05-23 10:48:00,1,空载运行,False,正常,2757,45
2024-05-23 10:49:00,2024-05-23 10:51:00,3,带载运行,False,正常,2758,45
2024-05-23 10:52:00,2024-05-23 11:20:00,29,停机,False,正常,2759,45
2024-05-23 11:21:00,2024-05-23 11:21:00,1,空载运行,False,正常,2760,45
2024-05-23 11:22:00,2024-05-23 11:24:00,3,停机,False,正常,2761,45
2024-05-23 11:25:00,2024-05-23 11:25:00,1,空载运行,False,正常,2762,45
2024-05-23 11:26:00,2024-05-23 14:38:00,193,停机,False,正常,2763,45
2024-05-23 14:39:00,2024-05-23 14:39:00,1,空载运行,False,正常,2764,45
2024-05-23 14:40:00,2024-05-23 14:41:00,2,带载运行,False,正常,2765,45
2024-05-23 14:42:00,2024-05-23 15:36:00,55,停机,False,正常,2766,45
2024-05-23 15:37:00,2024-05-23 15:37:00,1,空载运行,False,正常,2767,45
2024-05-23 15:38:00,2024-05-23 15:40:00,3,带载运行,False,正常,2768,45
2024-05-23 15:41:00,2024-05-23 15:51:00,11,停机,False,正常,2769,45
2024-05-23 15:52:00,2024-05-23 15:52:00,1,空载运行,False,正常,2770,45
2024-05-23 15:53:00,2024-05-23 17:52:00,120,带载运行,False,正常,2771,45
2024-05-23 17:53:00,2024-05-23 18:05:00,13,停机,False,正常,2772,45
2024-05-23 18:06:00,2024-05-23 19:01:00,56,带载运行,False,正常,2773,45
2024-05-23 19:02:00,2024-05-23 19:55:00,54,停机,False,正常,2774,45
2024-05-23 19:56:00,2024-05-23 23:04:00,189,带载运行,False,正常,2775,45
2024-05-23 23:05:00,2024-05-23 23:12:00,8,停机,False,正常,2776,45
2024-05-23 23:13:00,2024-05-23 23:41:00,29,带载运行,False,正常,2777,45
2024-05-23 23:42:00,2024-05-23 23:49:00,8,停机,False,正常,2778,45
2024-05-23 23:50:00,2024-05-24 01:11:00,82,带载运行,False,正常,2779,45
2024-05-24 01:12:00,2024-05-24 01:12:00,1,停机,False,正常,2780,45
2024-05-24 01:13:00,2024-05-24 01:13:00,1,空载运行,False,正常,2781,45
2024-05-24 01:14:00,2024-05-24 01:14:00,1,停机,False,正常,2782,45
2024-05-24 01:15:00,2024-05-24 01:15:00,1,带载运行,False,正常,2783,45
2024-05-24 01:16:00,2024-05-24 01:19:00,4,停机,False,正常,2784,45
2024-05-24 01:20:00,2024-05-24 01:20:00,1,空载运行,False,正常,2785,45
2024-05-24 01:21:00,2024-05-24 06:16:00,296,带载运行,False,正常,2786,45
2024-05-24 06:17:00,2024-05-24 06:21:00,5,停机,False,正常,2787,45
2024-05-24 06:22:00,2024-05-24 06:22:00,1,空载运行,False,正常,2788,45
2024-05-24 06:23:00,2024-05-24 07:23:00,61,带载运行,False,正常,2789,45
2024-05-24 07:24:00,2024-05-24 07:24:00,1,停机,False,正常,2790,45
2024-05-24 07:25:00,2024-05-24 08:09:00,45,带载运行,False,正常,2791,45
2024-05-24 08:10:00,2024-05-24 08:20:00,11,停机,False,正常,2792,45
2024-05-24 08:21:00,2024-05-24 08:21:00,1,空载运行,False,正常,2793,45
2024-05-24 08:22:00,2024-05-24 09:48:00,87,带载运行,False,正常,2794,45
2024-05-24 09:49:00,2024-05-24 09:50:00,2,停机,False,正常,2795,45
2024-05-24 09:51:00,2024-05-24 09:51:00,1,空载运行,False,正常,2796,45
2024-05-24 09:52:00,2024-05-24 09:53:00,2,带载运行,False,正常,2797,45
2024-05-24 09:54:00,2024-05-24 09:55:00,2,空载运行,False,正常,2798,45
2024-05-24 09:56:00,2024-05-24 10:24:00,29,带载运行,False,正常,2799,45
2024-05-24 10:25:00,2024-05-24 10:40:00,16,停机,False,正常,2800,45
2024-05-24 10:41:00,2024-05-24 10:41:00,1,带载运行,False,正常,2801,45
2024-05-24 10:42:00,2024-05-24 10:44:00,3,停机,False,正常,2802,45
2024-05-24 10:45:00,2024-05-24 10:45:00,1,空载运行,False,正常,2803,45
2024-05-24 10:46:00,2024-05-24 10:47:00,2,停机,False,正常,2804,45
2024-05-24 10:48:00,2024-05-24 10:48:00,1,空载运行,False,正常,2805,45
2024-05-24 10:49:00,2024-05-24 10:49:00,1,停机,False,正常,2806,45
2024-05-24 10:50:00,2024-05-24 10:51:00,2,空载运行,False,正常,2807,45
2024-05-24 10:52:00,2024-05-24 10:56:00,5,停机,False,正常,2808,45
2024-05-24 10:57:00,2024-05-24 10:57:00,1,空载运行,False,正常,2809,45
2024-05-24 10:58:00,2024-05-24 11:01:00,4,停机,False,正常,2810,45
2024-05-24 11:02:00,2024-05-24 11:02:00,1,空载运行,False,正常,2811,45
2024-05-24 11:03:00,2024-05-24 11:03:00,1,带载运行,False,正常,2812,45
2024-05-24 11:04:00,2024-05-24 11:06:00,3,停机,False,正常,2813,45
2024-05-24 11:07:00,2024-05-24 11:07:00,1,空载运行,False,正常,2814,45
2024-05-24 11:08:00,2024-05-24 11:08:00,1,带载运行,False,正常,2815,45
2024-05-24 11:09:00,2024-05-24 11:09:00,1,停机,False,正常,2816,45
2024-05-24 11:10:00,2024-05-24 11:10:00,1,空载运行,False,正常,2817,45
2024-05-24 11:11:00,2024-05-24 11:11:00,1,带载运行,False,正常,2818,45
2024-05-24 11:12:00,2024-05-24 11:14:00,3,停机,False,正常,2819,45
2024-05-24 11:15:00,2024-05-24 11:15:00,1,空载运行,False,正常,2820,45
2024-05-24 11:16:00,2024-05-24 11:18:00,3,停机,False,正常,2821,45
2024-05-24 11:19:00,2024-05-24 11:19:00,1,带载运行,False,正常,2822,45
2024-05-24 11:20:00,2024-05-24 12:19:00,60,停机,False,正常,2823,45
2024-05-24 12:20:00,2024-05-24 12:20:00,1,空载运行,False,正常,2824,45
2024-05-24 12:21:00,2024-05-24 12:55:00,35,停机,False,正常,2825,45
2024-05-24 12:56:00,2024-05-24 12:56:00,1,空载运行,False,正常,2826,45
2024-05-24 12:57:00,2024-05-24 13:00:00,4,停机,False,正常,2827,45
2024-05-24 13:01:00,2024-05-24 13:01:00,1,空载运行,False,正常,2828,45
2024-05-24 13:02:00,2024-05-24 13:13:00,12,停机,False,正常,2829,45
2024-05-24 13:14:00,2024-05-24 13:14:00,1,空载运行,False,正常,2830,45
2024-05-24 13:15:00,2024-05-24 13:43:00,29,停机,False,正常,2831,45
2024-05-24 13:44:00,2024-05-24 13:44:00,1,带载运行,False,正常,2832,45
2024-05-24 13:45:00,2024-05-24 13:45:00,1,空载运行,False,正常,2833,45
2024-05-24 13:46:00,2024-05-24 14:17:00,32,停机,False,正常,2834,45
2024-05-24 14:18:00,2024-05-24 14:20:00,3,带载运行,False,正常,2835,45
2024-05-24 14:21:00,2024-05-24 14:29:00,9,停机,False,正常,2836,45
2024-05-24 14:30:00,2024-05-24 14:32:00,3,带载运行,False,正常,2837,45
2024-05-24 14:33:00,2024-05-24 15:31:00,59,停机,False,正常,2838,45
2024-05-24 15:32:00,2024-05-24 15:32:00,1,带载运行,False,正常,2839,45
2024-05-24 15:33:00,2024-05-24 15:42:00,10,停机,False,正常,2840,45
2024-05-24 15:43:00,2024-05-24 17:18:00,96,带载运行,False,正常,2841,45
2024-05-24 17:19:00,2024-05-24 17:20:00,2,空载运行,False,正常,2842,45
2024-05-24 17:21:00,2024-05-24 17:42:00,22,带载运行,False,正常,2843,45
2024-05-24 17:43:00,2024-05-24 17:43:00,1,空载运行,False,正常,2844,45
2024-05-24 17:44:00,2024-05-24 18:09:00,26,带载运行,False,正常,2845,45
2024-05-24 18:10:00,2024-05-24 18:11:00,2,停机,False,正常,2846,45
2024-05-24 18:12:00,2024-05-24 18:46:00,35,带载运行,False,正常,2847,45
2024-05-24 18:47:00,2024-05-24 19:00:00,14,停机,False,正常,2848,45
2024-05-24 19:01:00,2024-05-24 20:01:00,61,带载运行,False,正常,2849,45
2024-05-24 20:02:00,2024-05-24 20:05:00,4,停机,False,正常,2850,45
2024-05-24 20:06:00,2024-05-24 21:29:00,84,带载运行,False,正常,2851,45
2024-05-24 21:30:00,2024-05-24 21:39:00,10,停机,False,正常,2852,45
2024-05-24 21:40:00,2024-05-24 23:56:00,137,带载运行,False,正常,2853,45
2024-05-24 23:57:00,2024-05-25 00:25:00,29,停机,False,正常,2854,45
2024-05-25 00:26:00,2024-05-25 01:27:00,62,带载运行,False,正常,2855,45
2024-05-25 01:28:00,2024-05-25 01:42:00,15,停机,False,正常,2856,45
2024-05-25 01:43:00,2024-05-25 01:43:00,1,带载运行,False,正常,2857,45
2024-05-25 01:44:00,2024-05-25 01:53:00,10,停机,False,正常,2858,45
2024-05-25 01:54:00,2024-05-25 03:30:00,97,带载运行,False,正常,2859,45
2024-05-25 03:31:00,2024-05-25 03:31:00,1,空载运行,False,正常,2860,45
2024-05-25 03:32:00,2024-05-25 03:37:00,6,停机,False,正常,2861,45
2024-05-25 03:38:00,2024-05-25 03:38:00,1,空载运行,False,正常,2862,45
2024-05-25 03:39:00,2024-05-25 03:44:00,6,带载运行,False,正常,2863,45
2024-05-25 03:45:00,2024-05-25 03:45:00,1,空载运行,False,正常,2864,45
2024-05-25 03:46:00,2024-05-25 03:52:00,7,带载运行,False,正常,2865,45
2024-05-25 03:53:00,2024-05-25 03:55:00,3,停机,False,正常,2866,45
2024-05-25 03:56:00,2024-05-25 03:56:00,1,带载运行,False,正常,2867,45
2024-05-25 03:57:00,2024-05-25 04:02:00,6,停机,False,正常,2868,45
2024-05-25 04:03:00,2024-05-25 09:57:00,355,带载运行,False,正常,2869,45
2024-05-25 09:58:00,2024-05-25 09:59:00,2,停机,False,正常,2870,45
2024-05-25 10:00:00,2024-05-25 10:10:00,11,带载运行,False,正常,2871,45
2024-05-25 10:11:00,2024-05-25 10:25:00,15,停机,False,正常,2872,45
2024-05-25 10:26:00,2024-05-25 10:33:00,8,带载运行,False,正常,2873,45
2024-05-25 10:34:00,2024-05-25 11:53:00,80,停机,False,正常,2874,45
2024-05-25 11:54:00,2024-05-25 11:55:00,2,空载运行,False,正常,2875,45
2024-05-25 11:56:00,2024-05-25 12:23:00,28,停机,False,正常,2876,45
2024-05-25 12:24:00,2024-05-25 12:24:00,1,带载运行,False,正常,2877,45
2024-05-25 12:25:00,2024-05-25 13:32:00,68,停机,False,正常,2878,45
2024-05-25 13:33:00,2024-05-25 13:33:00,1,空载运行,False,正常,2879,45
2024-05-25 13:34:00,2024-05-25 13:38:00,5,停机,False,正常,2880,45
2024-05-25 13:39:00,2024-05-25 13:39:00,1,空载运行,False,正常,2881,45
2024-05-25 13:40:00,2024-05-25 13:44:00,5,停机,False,正常,2882,45
2024-05-25 13:45:00,2024-05-25 13:45:00,1,空载运行,False,正常,2883,45
2024-05-25 13:46:00,2024-05-25 14:59:00,74,停机,False,正常,2884,45
2024-05-25 15:00:00,2024-05-25 15:00:00,1,空载运行,False,正常,2885,45
2024-05-25 15:01:00,2024-05-25 15:01:00,1,带载运行,False,正常,2886,45
2024-05-25 15:02:00,2024-05-25 15:02:00,1,停机,False,正常,2887,45
2024-05-25 15:03:00,2024-05-25 15:03:00,1,空载运行,False,正常,2888,45
2024-05-25 15:04:00,2024-05-25 15:08:00,5,带载运行,False,正常,2889,45
2024-05-25 15:09:00,2024-05-25 16:30:00,82,停机,False,正常,2890,45
2024-05-25 16:31:00,2024-05-25 16:31:00,1,空载运行,False,正常,2891,45
2024-05-25 16:32:00,2024-05-25 17:42:00,71,停机,False,正常,2892,45
2024-05-25 17:43:00,2024-05-25 17:43:00,1,空载运行,False,正常,2893,45
2024-05-25 17:44:00,2024-05-25 17:44:00,1,带载运行,False,正常,2894,45
2024-05-25 17:45:00,2024-05-25 17:46:00,2,停机,False,正常,2895,45
2024-05-25 17:47:00,2024-05-25 18:03:00,17,带载运行,False,正常,2896,45
2024-05-25 18:04:00,2024-05-25 18:17:00,14,停机,False,正常,2897,45
2024-05-25 18:18:00,2024-05-25 18:32:00,15,带载运行,False,正常,2898,45
2024-05-25 18:33:00,2024-05-25 18:34:00,2,停机,False,正常,2899,45
2024-05-25 18:35:00,2024-05-25 21:54:00,200,带载运行,False,正常,2900,45
2024-05-25 21:55:00,2024-05-25 22:06:00,12,停机,False,正常,2901,45
2024-05-25 22:07:00,2024-05-25 22:07:00,1,空载运行,False,正常,2902,45
2024-05-25 22:08:00,2024-05-25 22:36:00,29,带载运行,False,正常,2903,45
2024-05-25 22:37:00,2024-05-25 22:45:00,9,停机,False,正常,2904,45
2024-05-25 22:46:00,2024-05-25 22:57:00,12,带载运行,False,正常,2905,45
2024-05-25 22:58:00,2024-05-26 08:25:00,568,停机,True,传感器断电/断线（段持续 >= 6h）,2906,46
2024-05-26 08:26:00,2024-05-26 11:10:00,165,带载运行,False,正常,2907,47
2024-05-26 11:11:00,2024-05-26 11:27:00,17,停机,False,正常,2908,47
2024-05-26 11:28:00,2024-05-26 11:28:00,1,空载运行,False,正常,2909,47
2024-05-26 11:29:00,2024-05-26 11:30:00,2,带载运行,False,正常,2910,47
2024-05-26 11:31:00,2024-05-26 11:32:00,2,停机,False,正常,2911,47
2024-05-26 11:33:00,2024-05-26 11:37:00,5,带载运行,False,正常,2912,47
2024-05-26 11:38:00,2024-05-26 11:38:00,1,空载运行,False,正常,2913,47
2024-05-26 11:39:00,2024-05-26 11:39:00,1,停机,False,正常,2914,47
2024-05-26 11:40:00,2024-05-26 11:40:00,1,带载运行,False,正常,2915,47
2024-05-26 11:41:00,2024-05-26 12:59:00,79,停机,False,正常,2916,47
2024-05-26 13:00:00,2024-05-26 13:00:00,1,带载运行,False,正常,2917,47
2024-05-26 13:01:00,2024-05-26 13:10:00,10,停机,False,正常,2918,47
2024-05-26 13:11:00,2024-05-26 13:11:00,1,空载运行,False,正常,2919,47
2024-05-26 13:12:00,2024-05-26 13:19:00,8,停机,False,正常,2920,47
2024-05-26 13:20:00,2024-05-26 13:20:00,1,带载运行,False,正常,2921,47
2024-05-26 13:21:00,2024-05-26 13:25:00,5,停机,False,正常,2922,47
2024-05-26 13:26:00,2024-05-26 13:27:00,2,空载运行,False,正常,2923,47
2024-05-26 13:28:00,2024-05-26 13:28:00,1,停机,False,正常,2924,47
2024-05-26 13:29:00,2024-05-26 13:29:00,1,带载运行,False,正常,2925,47
2024-05-26 13:30:00,2024-05-26 13:32:00,3,停机,False,正常,2926,47
2024-05-26 13:33:00,2024-05-26 13:33:00,1,带载运行,False,正常,2927,47
2024-05-26 13:34:00,2024-05-26 14:42:00,69,停机,False,正常,2928,47
2024-05-26 14:43:00,2024-05-26 14:43:00,1,空载运行,False,正常,2929,47
2024-05-26 14:44:00,2024-05-26 14:59:00,16,停机,False,正常,2930,47
2024-05-26 15:00:00,2024-05-26 15:00:00,1,空载运行,False,正常,2931,47
2024-05-26 15:01:00,2024-05-26 15:17:00,17,停机,False,正常,2932,47
2024-05-26 15:18:00,2024-05-26 15:18:00,1,带载运行,False,正常,2933,47
2024-05-26 15:19:00,2024-05-26 15:29:00,11,停机,False,正常,2934,47
2024-05-26 15:30:00,2024-05-26 17:41:00,132,带载运行,False,正常,2935,47
2024-05-26 17:42:00,2024-05-26 17:44:00,3,停机,False,正常,2936,47
2024-05-26 17:45:00,2024-05-26 23:45:00,361,带载运行,False,正常,2937,47
2024-05-26 23:46:00,2024-05-26 23:54:00,9,停机,False,正常,2938,47
2024-05-26 23:55:00,2024-05-26 23:55:00,1,空载运行,False,正常,2939,47
2024-05-26 23:56:00,2024-05-27 01:42:00,107,带载运行,False,正常,2940,47
2024-05-27 01:43:00,2024-05-27 01:51:00,9,停机,False,正常,2941,47
2024-05-27 01:52:00,2024-05-27 01:52:00,1,空载运行,False,正常,2942,47
2024-05-27 01:53:00,2024-05-27 01:54:00,2,停机,False,正常,2943,47
2024-05-27 01:55:00,2024-05-27 01:55:00,1,空载运行,False,正常,2944,47
2024-05-27 01:56:00,2024-05-27 01:56:00,1,带载运行,False,正常,2945,47
2024-05-27 01:57:00,2024-05-27 02:01:00,5,停机,False,正常,2946,47
2024-05-27 02:02:00,2024-05-27 02:31:00,30,带载运行,False,正常,2947,47
2024-05-27 02:32:00,2024-05-27 02:43:00,12,停机,False,正常,2948,47
2024-05-27 02:44:00,2024-05-27 02:44:00,1,空载运行,False,正常,2949,47
2024-05-27 02:45:00,2024-05-27 02:57:00,13,带载运行,False,正常,2950,47
2024-05-27 02:58:00,2024-05-27 02:58:00,1,停机,False,正常,2951,47
2024-05-27 02:59:00,2024-05-27 02:59:00,1,空载运行,False,正常,2952,47
2024-05-27 03:00:00,2024-05-27 04:16:00,77,带载运行,False,正常,2953,47
2024-05-27 04:17:00,2024-05-27 04:21:00,5,停机,False,正常,2954,47
2024-05-27 04:22:00,2024-05-27 04:22:00,1,空载运行,False,正常,2955,47
2024-05-27 04:23:00,2024-05-27 04:27:00,5,停机,False,正常,2956,47
2024-05-27 04:28:00,2024-05-27 04:28:00,1,空载运行,False,正常,2957,47
2024-05-27 04:29:00,2024-05-27 05:03:00,35,停机,False,正常,2958,47
2024-05-27 05:04:00,2024-05-27 05:04:00,1,空载运行,False,正常,2959,47
2024-05-27 05:05:00,2024-05-27 06:15:00,71,带载运行,False,正常,2960,47
2024-05-27 06:16:00,2024-05-27 06:33:00,18,停机,False,正常,2961,47
2024-05-27 06:34:00,2024-05-27 08:22:00,109,带载运行,False,正常,2962,47
2024-05-27 08:23:00,2024-05-27 09:07:00,45,停机,False,正常,2963,47
2024-05-27 09:08:00,2024-05-27 10:01:00,54,带载运行,False,正常,2964,47
2024-05-27 10:02:00,2024-05-27 10:05:00,4,停机,False,正常,2965,47
2024-05-27 10:06:00,2024-05-27 10:41:00,36,带载运行,False,正常,2966,47
2024-05-27 10:42:00,2024-05-27 10:55:00,14,停机,False,正常,2967,47
2024-05-27 10:56:00,2024-05-27 10:56:00,1,空载运行,False,正常,2968,47
2024-05-27 10:57:00,2024-05-27 10:57:00,1,带载运行,False,正常,2969,47
2024-05-27 10:58:00,2024-05-27 11:00:00,3,停机,False,正常,2970,47
2024-05-27 11:01:00,2024-05-27 11:01:00,1,空载运行,False,正常,2971,47
2024-05-27 11:02:00,2024-05-27 11:07:00,6,带载运行,False,正常,2972,47
2024-05-27 11:08:00,2024-05-27 11:08:00,1,停机,False,正常,2973,47
2024-05-27 11:09:00,2024-05-27 11:09:00,1,带载运行,False,正常,2974,47
2024-05-27 11:10:00,2024-05-27 11:21:00,12,停机,False,正常,2975,47
2024-05-27 11:22:00,2024-05-27 11:22:00,1,带载运行,False,正常,2976,47
2024-05-27 11:23:00,2024-05-27 11:30:00,8,停机,False,正常,2977,47
2024-05-27 11:31:00,2024-05-27 11:31:00,1,带载运行,False,正常,2978,47
2024-05-27 11:32:00,2024-05-27 14:32:00,181,停机,False,正常,2979,47
2024-05-27 14:33:00,2024-05-27 14:33:00,1,空载运行,False,正常,2980,47
2024-05-27 14:34:00,2024-05-27 14:37:00,4,停机,False,正常,2981,47
2024-05-27 14:38:00,2024-05-27 14:38:00,1,空载运行,False,正常,2982,47
2024-05-27 14:39:00,2024-05-27 14:47:00,9,停机,False,正常,2983,47
2024-05-27 14:48:00,2024-05-27 14:48:00,1,空载运行,False,正常,2984,47
2024-05-27 14:49:00,2024-05-27 14:52:00,4,停机,False,正常,2985,47
2024-05-27 14:53:00,2024-05-27 14:53:00,1,带载运行,False,正常,2986,47
2024-05-27 14:54:00,2024-05-27 14:58:00,5,停机,False,正常,2987,47
2024-05-27 14:59:00,2024-05-27 14:59:00,1,空载运行,False,正常,2988,47
2024-05-27 15:00:00,2024-05-27 15:00:00,1,带载运行,False,正常,2989,47
2024-05-27 15:01:00,2024-05-27 15:06:00,6,停机,False,正常,2990,47
2024-05-27 15:07:00,2024-05-27 15:07:00,1,空载运行,False,正常,2991,47
2024-05-27 15:08:00,2024-05-27 15:20:00,13,停机,False,正常,2992,47
2024-05-27 15:21:00,2024-05-27 15:22:00,2,空载运行,False,正常,2993,47
2024-05-27 15:23:00,2024-05-27 15:23:00,1,停机,False,正常,2994,47
2024-05-27 15:24:00,2024-05-27 15:28:00,5,带载运行,False,正常,2995,47
2024-05-27 15:29:00,2024-05-27 19:56:00,268,停机,True,通讯中断/传感器休眠（段持续 >= 4h）,2996,48
2024-05-27 19:57:00,2024-05-27 19:57:00,1,空载运行,False,正常,2997,49
2024-05-27 19:58:00,2024-05-27 21:03:00,66,停机,False,正常,2998,49
2024-05-27 21:04:00,2024-05-27 21:04:00,1,空载运行,False,正常,2999,49
2024-05-27 21:05:00,2024-05-27 21:05:00,1,停机,False,正常,3000,49
2024-05-27 21:06:00,2024-05-27 21:06:00,1,空载运行,False,正常,3001,49
2024-05-27 21:07:00,2024-05-28 00:20:00,194,带载运行,False,正常,3002,49
2024-05-28 00:21:00,2024-05-28 00:27:00,7,停机,False,正常,3003,49
2024-05-28 00:28:00,2024-05-28 02:35:00,128,带载运行,False,正常,3004,49
2024-05-28 02:36:00,2024-05-28 02:43:00,8,停机,False,正常,3005,49
2024-05-28 02:44:00,2024-05-28 02:44:00,1,空载运行,False,正常,3006,49
2024-05-28 02:45:00,2024-05-28 04:41:00,117,带载运行,False,正常,3007,49
2024-05-28 04:42:00,2024-05-28 04:42:00,1,空载运行,False,正常,3008,49
2024-05-28 04:43:00,2024-05-28 04:43:00,1,带载运行,False,正常,3009,49
2024-05-28 04:44:00,2024-05-28 04:44:00,1,空载运行,False,正常,3010,49
2024-05-28 04:45:00,2024-05-28 04:47:00,3,停机,False,正常,3011,49
2024-05-28 04:48:00,2024-05-28 04:48:00,1,带载运行,False,正常,3012,49
2024-05-28 04:49:00,2024-05-28 04:50:00,2,停机,False,正常,3013,49
2024-05-28 04:51:00,2024-05-28 04:51:00,1,空载运行,False,正常,3014,49
2024-05-28 04:52:00,2024-05-28 04:52:00,1,带载运行,False,正常,3015,49
2024-05-28 04:53:00,2024-05-28 04:53:00,1,停机,False,正常,3016,49
2024-05-28 04:54:00,2024-05-28 04:55:00,2,空载运行,False,正常,3017,49
2024-05-28 04:56:00,2024-05-28 04:56:00,1,带载运行,False,正常,3018,49
2024-05-28 04:57:00,2024-05-28 04:59:00,3,停机,False,正常,3019,49
2024-05-28 05:00:00,2024-05-28 05:00:00,1,带载运行,False,正常,3020,49
2024-05-28 05:01:00,2024-05-28 05:03:00,3,空载运行,False,正常,3021,49
2024-05-28 05:04:00,2024-05-28 05:04:00,1,停机,False,正常,3022,49
2024-05-28 05:05:00,2024-05-28 05:05:00,1,空载运行,False,正常,3023,49
2024-05-28 05:06:00,2024-05-28 08:44:00,219,带载运行,False,正常,3024,49
2024-05-28 08:45:00,2024-05-28 09:13:00,29,停机,False,正常,3025,49
2024-05-28 09:14:00,2024-05-28 09:17:00,4,带载运行,False,正常,3026,49
2024-05-28 09:18:00,2024-05-28 09:18:00,1,停机,False,正常,3027,49
2024-05-28 09:19:00,2024-05-28 09:38:00,20,带载运行,False,正常,3028,49
2024-05-28 09:39:00,2024-05-28 09:43:00,5,停机,False,正常,3029,49
2024-05-28 09:44:00,2024-05-28 09:53:00,10,带载运行,False,正常,3030,49
2024-05-28 09:54:00,2024-05-28 09:58:00,5,停机,False,正常,3031,49
2024-05-28 09:59:00,2024-05-28 10:08:00,10,带载运行,False,正常,3032,49
2024-05-28 10:09:00,2024-05-28 10:36:00,28,停机,False,正常,3033,49
2024-05-28 10:37:00,2024-05-28 10:37:00,1,空载运行,False,正常,3034,49
2024-05-28 10:38:00,2024-05-28 10:40:00,3,带载运行,False,正常,3035,49
2024-05-28 10:41:00,2024-05-28 10:41:00,1,停机,False,正常,3036,49
2024-05-28 10:42:00,2024-05-28 10:42:00,1,空载运行,False,正常,3037,49
2024-05-28 10:43:00,2024-05-28 10:46:00,4,带载运行,False,正常,3038,49
2024-05-28 10:47:00,2024-05-28 10:47:00,1,停机,False,正常,3039,49
2024-05-28 10:48:00,2024-05-28 10:48:00,1,空载运行,False,正常,3040,49
2024-05-28 10:49:00,2024-05-28 10:52:00,4,带载运行,False,正常,3041,49
2024-05-28 10:53:00,2024-05-28 11:07:00,15,停机,False,正常,3042,49
2024-05-28 11:08:00,2024-05-28 11:08:00,1,空载运行,False,正常,3043,49
2024-05-28 11:09:00,2024-05-28 11:37:00,29,停机,False,正常,3044,49
2024-05-28 11:38:00,2024-05-28 11:38:00,1,空载运行,False,正常,3045,49
2024-05-28 11:39:00,2024-05-28 11:41:00,3,停机,False,正常,3046,49
2024-05-28 11:42:00,2024-05-28 11:42:00,1,空载运行,False,正常,3047,49
2024-05-28 11:43:00,2024-05-28 14:35:00,173,停机,False,正常,3048,49
2024-05-28 14:36:00,2024-05-28 14:36:00,1,带载运行,False,正常,3049,49
2024-05-28 14:37:00,2024-05-28 14:43:00,7,停机,False,正常,3050,49
2024-05-28 14:44:00,2024-05-28 14:44:00,1,空载运行,False,正常,3051,49
2024-05-28 14:45:00,2024-05-28 14:49:00,5,停机,False,正常,3052,49
2024-05-28 14:50:00,2024-05-28 14:50:00,1,带载运行,False,正常,3053,49
2024-05-28 14:51:00,2024-05-28 14:51:00,1,停机,False,正常,3054,49
2024-05-28 14:52:00,2024-05-28 14:52:00,1,带载运行,False,正常,3055,49
2024-05-28 14:53:00,2024-05-28 14:55:00,3,停机,False,正常,3056,49
2024-05-28 14:56:00,2024-05-28 14:56:00,1,带载运行,False,正常,3057,49
2024-05-28 14:57:00,2024-05-28 14:57:00,1,停机,False,正常,3058,49
2024-05-28 14:58:00,2024-05-28 14:58:00,1,带载运行,False,正常,3059,49
2024-05-28 14:59:00,2024-05-28 14:59:00,1,空载运行,False,正常,3060,49
2024-05-28 15:00:00,2024-05-28 15:01:00,2,停机,False,正常,3061,49
2024-05-28 15:02:00,2024-05-28 15:03:00,2,带载运行,False,正常,3062,49
2024-05-28 15:04:00,2024-05-28 15:04:00,1,停机,False,正常,3063,49
2024-05-28 15:05:00,2024-05-28 15:06:00,2,空载运行,False,正常,3064,49
2024-05-28 15:07:00,2024-05-28 15:28:00,22,停机,False,正常,3065,49
2024-05-28 15:29:00,2024-05-28 17:02:00,94,带载运行,False,正常,3066,49
2024-05-28 17:03:00,2024-05-28 17:32:00,30,停机,False,正常,3067,49
2024-05-28 17:33:00,2024-05-28 17:57:00,25,带载运行,False,正常,3068,49
2024-05-28 17:58:00,2024-05-28 18:07:00,10,停机,False,正常,3069,49
2024-05-28 18:08:00,2024-05-28 18:47:00,40,带载运行,False,正常,3070,49
2024-05-28 18:48:00,2024-05-28 18:49:00,2,停机,False,正常,3071,49
2024-05-28 18:50:00,2024-05-28 21:03:00,134,带载运行,False,正常,3072,49
2024-05-28 21:04:00,2024-05-28 21:13:00,10,停机,False,正常,3073,49
2024-05-28 21:14:00,2024-05-28 21:14:00,1,空载运行,False,正常,3074,49
2024-05-28 21:15:00,2024-05-28 23:40:00,146,带载运行,False,正常,3075,49
2024-05-28 23:41:00,2024-05-28 23:44:00,4,停机,False,正常,3076,49
2024-05-28 23:45:00,2024-05-28 23:45:00,1,空载运行,False,正常,3077,49
2024-05-28 23:46:00,2024-05-29 00:24:00,39,带载运行,False,正常,3078,49
2024-05-29 00:25:00,2024-05-29 00:31:00,7,停机,False,正常,3079,49
2024-05-29 00:32:00,2024-05-29 00:39:00,8,带载运行,False,正常,3080,49
2024-05-29 00:40:00,2024-05-29 00:40:00,1,空载运行,False,正常,3081,49
2024-05-29 00:41:00,2024-05-29 00:43:00,3,停机,False,正常,3082,49
2024-05-29 00:44:00,2024-05-29 00:44:00,1,带载运行,False,正常,3083,49
2024-05-29 00:45:00,2024-05-29 00:51:00,7,停机,False,正常,3084,49
2024-05-29 00:52:00,2024-05-29 00:53:00,2,空载运行,False,正常,3085,49
2024-05-29 00:54:00,2024-05-29 00:54:00,1,停机,False,正常,3086,49
2024-05-29 00:55:00,2024-05-29 00:56:00,2,带载运行,False,正常,3087,49
2024-05-29 00:57:00,2024-05-29 00:57:00,1,空载运行,False,正常,3088,49
2024-05-29 00:58:00,2024-05-29 01:11:00,14,停机,False,正常,3089,49
2024-05-29 01:12:00,2024-05-29 01:12:00,1,空载运行,False,正常,3090,49
2024-05-29 01:13:00,2024-05-29 01:13:00,1,带载运行,False,正常,3091,49
2024-05-29 01:14:00,2024-05-29 01:15:00,2,停机,False,正常,3092,49
2024-05-29 01:16:00,2024-05-29 01:42:00,27,带载运行,False,正常,3093,49
2024-05-29 01:43:00,2024-05-29 01:50:00,8,停机,False,正常,3094,49
2024-05-29 01:51:00,2024-05-29 01:59:00,9,带载运行,False,正常,3095,49
2024-05-29 02:00:00,2024-05-29 02:32:00,33,停机,False,正常,3096,49
2024-05-29 02:33:00,2024-05-29 02:39:00,7,带载运行,False,正常,3097,49
2024-05-29 02:40:00,2024-05-29 06:11:00,212,停机,True,异常持续段（>204min 阈值）,3098,50
2024-05-29 06:12:00,2024-05-29 06:12:00,1,空载运行,False,正常,3099,51
2024-05-29 06:13:00,2024-05-29 07:24:00,72,带载运行,False,正常,3100,51
2024-05-29 07:25:00,2024-05-29 10:51:00,207,停机,True,异常持续段（>204min 阈值）,3101,52
2024-05-29 10:52:00,2024-05-29 10:52:00,1,带载运行,False,正常,3102,53
2024-05-29 10:53:00,2024-05-29 10:55:00,3,停机,False,正常,3103,53
2024-05-29 10:56:00,2024-05-29 10:56:00,1,带载运行,False,正常,3104,53
2024-05-29 10:57:00,2024-05-29 11:02:00,6,停机,False,正常,3105,53
2024-05-29 11:03:00,2024-05-29 11:04:00,2,带载运行,False,正常,3106,53
2024-05-29 11:05:00,2024-05-29 11:05:00,1,空载运行,False,正常,3107,53
2024-05-29 11:06:00,2024-05-29 11:08:00,3,带载运行,False,正常,3108,53
2024-05-29 11:09:00,2024-05-29 11:50:00,42,停机,False,正常,3109,53
2024-05-29 11:51:00,2024-05-29 11:51:00,1,空载运行,False,正常,3110,53
2024-05-29 11:52:00,2024-05-29 11:52:00,1,带载运行,False,正常,3111,53
2024-05-29 11:53:00,2024-05-29 11:57:00,5,停机,False,正常,3112,53
2024-05-29 11:58:00,2024-05-29 11:58:00,1,空载运行,False,正常,3113,53
2024-05-29 11:59:00,2024-05-29 12:04:00,6,停机,False,正常,3114,53
2024-05-29 12:05:00,2024-05-29 12:05:00,1,空载运行,False,正常,3115,53
2024-05-29 12:06:00,2024-05-29 12:09:00,4,停机,False,正常,3116,53
2024-05-29 12:10:00,2024-05-29 12:12:00,3,空载运行,False,正常,3117,53
2024-05-29 12:13:00,2024-05-29 12:19:00,7,停机,False,正常,3118,53
2024-05-29 12:20:00,2024-05-29 12:20:00,1,带载运行,False,正常,3119,53
2024-05-29 12:21:00,2024-05-29 14:30:00,130,停机,False,正常,3120,53
2024-05-29 14:31:00,2024-05-29 14:31:00,1,空载运行,False,正常,3121,53
2024-05-29 14:32:00,2024-05-29 14:51:00,20,停机,False,正常,3122,53
2024-05-29 14:52:00,2024-05-29 14:52:00,1,空载运行,False,正常,3123,53
2024-05-29 14:53:00,2024-05-29 16:03:00,71,停机,False,正常,3124,53
2024-05-29 16:04:00,2024-05-29 16:04:00,1,空载运行,False,正常,3125,53
2024-05-29 16:05:00,2024-05-29 17:19:00,75,带载运行,False,正常,3126,53
2024-05-29 17:20:00,2024-05-29 17:21:00,2,停机,False,正常,3127,53
2024-05-29 17:22:00,2024-05-29 18:26:00,65,带载运行,False,正常,3128,53
2024-05-29 18:27:00,2024-05-29 18:28:00,2,停机,False,正常,3129,53
2024-05-29 18:29:00,2024-05-29 18:29:00,1,空载运行,False,正常,3130,53
2024-05-29 18:30:00,2024-05-29 23:51:00,322,带载运行,False,正常,3131,53
2024-05-29 23:52:00,2024-05-29 23:58:00,7,停机,False,正常,3132,53
2024-05-29 23:59:00,2024-05-30 00:00:00,2,带载运行,False,正常,3133,53
2024-05-30 00:01:00,2024-05-30 00:12:00,12,停机,False,正常,3134,53
2024-05-30 00:13:00,2024-05-30 00:40:00,28,带载运行,False,正常,3135,53
2024-05-30 00:41:00,2024-05-30 00:42:00,2,停机,False,正常,3136,53
2024-05-30 00:43:00,2024-05-30 00:43:00,1,带载运行,False,正常,3137,53
2024-05-30 00:44:00,2024-05-30 00:46:00,3,停机,False,正常,3138,53
2024-05-30 00:47:00,2024-05-30 00:47:00,1,空载运行,False,正常,3139,53
2024-05-30 00:48:00,2024-05-30 05:42:00,295,带载运行,False,正常,3140,53
2024-05-30 05:43:00,2024-05-30 05:46:00,4,停机,False,正常,3141,53
2024-05-30 05:47:00,2024-05-30 05:47:00,1,空载运行,False,正常,3142,53
2024-05-30 05:48:00,2024-05-30 08:46:00,179,带载运行,False,正常,3143,53
2024-05-30 08:47:00,2024-05-30 08:47:00,1,停机,False,正常,3144,53
2024-05-30 08:48:00,2024-05-30 10:05:00,78,带载运行,False,正常,3145,53
2024-05-30 10:06:00,2024-05-30 10:07:00,2,停机,False,正常,3146,53
2024-05-30 10:08:00,2024-05-30 10:10:00,3,带载运行,False,正常,3147,53
2024-05-30 10:11:00,2024-05-30 10:21:00,11,停机,False,正常,3148,53
2024-05-30 10:22:00,2024-05-30 10:28:00,7,带载运行,False,正常,3149,53
2024-05-30 10:29:00,2024-05-30 10:30:00,2,停机,False,正常,3150,53
2024-05-30 10:31:00,2024-05-30 10:31:00,1,带载运行,False,正常,3151,53
2024-05-30 10:32:00,2024-05-30 10:33:00,2,停机,False,正常,3152,53
2024-05-30 10:34:00,2024-05-30 10:34:00,1,带载运行,False,正常,3153,53
2024-05-30 10:35:00,2024-05-30 10:52:00,18,停机,False,正常,3154,53
2024-05-30 10:53:00,2024-05-30 10:54:00,2,空载运行,False,正常,3155,53
2024-05-30 10:55:00,2024-05-30 11:26:00,32,停机,False,正常,3156,53
2024-05-30 11:27:00,2024-05-30 11:27:00,1,带载运行,False,正常,3157,53
2024-05-30 11:28:00,2024-05-30 11:28:00,1,空载运行,False,正常,3158,53
2024-05-30 11:29:00,2024-05-30 13:03:00,95,停机,False,正常,3159,53
2024-05-30 13:04:00,2024-05-30 13:04:00,1,带载运行,False,正常,3160,53
2024-05-30 13:05:00,2024-05-30 14:01:00,57,停机,False,正常,3161,53
2024-05-30 14:02:00,2024-05-30 14:02:00,1,空载运行,False,正常,3162,53
2024-05-30 14:03:00,2024-05-30 14:14:00,12,停机,False,正常,3163,53
2024-05-30 14:15:00,2024-05-30 14:15:00,1,空载运行,False,正常,3164,53
2024-05-30 14:16:00,2024-05-30 15:26:00,71,停机,False,正常,3165,53
2024-05-30 15:27:00,2024-05-30 15:27:00,1,空载运行,False,正常,3166,53
2024-05-30 15:28:00,2024-05-30 15:28:00,1,停机,False,正常,3167,53
2024-05-30 15:29:00,2024-05-30 15:52:00,24,带载运行,False,正常,3168,53
2024-05-30 15:53:00,2024-05-30 15:53:00,1,停机,False,正常,3169,53
2024-05-30 15:54:00,2024-05-30 16:32:00,39,带载运行,False,正常,3170,53
2024-05-30 16:33:00,2024-05-30 16:34:00,2,停机,False,正常,3171,53
2024-05-30 16:35:00,2024-05-30 16:35:00,1,空载运行,False,正常,3172,53
2024-05-30 16:36:00,2024-05-30 16:47:00,12,带载运行,False,正常,3173,53
2024-05-30 16:48:00,2024-05-30 17:18:00,31,停机,False,正常,3174,53
2024-05-30 17:19:00,2024-05-30 18:32:00,74,带载运行,False,正常,3175,53
2024-05-30 18:33:00,2024-05-30 18:37:00,5,停机,False,正常,3176,53
2024-05-30 18:38:00,2024-05-30 18:38:00,1,空载运行,False,正常,3177,53
2024-05-30 18:39:00,2024-05-30 19:54:00,76,带载运行,False,正常,3178,53
2024-05-30 19:55:00,2024-05-30 19:55:00,1,停机,False,正常,3179,53
2024-05-30 19:56:00,2024-05-30 20:05:00,10,带载运行,False,正常,3180,53
2024-05-30 20:06:00,2024-05-30 20:07:00,2,停机,False,正常,3181,53
2024-05-30 20:08:00,2024-05-31 01:39:00,332,带载运行,False,正常,3182,53
2024-05-31 01:40:00,2024-05-31 01:42:00,3,停机,False,正常,3183,53
2024-05-31 01:43:00,2024-05-31 01:54:00,12,带载运行,False,正常,3184,53
2024-05-31 01:55:00,2024-05-31 01:56:00,2,停机,False,正常,3185,53
2024-05-31 01:57:00,2024-05-31 01:57:00,1,空载运行,False,正常,3186,53
2024-05-31 01:58:00,2024-05-31 04:10:00,133,带载运行,False,正常,3187,53
2024-05-31 04:11:00,2024-05-31 04:13:00,3,停机,False,正常,3188,53
2024-05-31 04:14:00,2024-05-31 04:32:00,19,带载运行,False,正常,3189,53
2024-05-31 04:33:00,2024-05-31 04:37:00,5,停机,False,正常,3190,53
2024-05-31 04:38:00,2024-05-31 04:38:00,1,空载运行,False,正常,3191,53
2024-05-31 04:39:00,2024-05-31 04:47:00,9,停机,False,正常,3192,53
2024-05-31 04:48:00,2024-05-31 07:44:00,177,带载运行,False,正常,3193,53
2024-05-31 07:45:00,2024-05-31 10:17:00,153,停机,False,正常,3194,53
2024-05-31 10:18:00,2024-05-31 10:31:00,14,带载运行,False,正常,3195,53
2024-05-31 10:32:00,2024-05-31 10:49:00,18,停机,False,正常,3196,53
2024-05-31 10:50:00,2024-05-31 10:50:00,1,带载运行,False,正常,3197,53
2024-05-31 10:51:00,2024-05-31 10:58:00,8,停机,False,正常,3198,53
2024-05-31 10:59:00,2024-05-31 11:06:00,8,带载运行,False,正常,3199,53
2024-05-31 11:07:00,2024-05-31 11:08:00,2,停机,False,正常,3200,53
2024-05-31 11:09:00,2024-05-31 11:09:00,1,空载运行,False,正常,3201,53
2024-05-31 11:10:00,2024-05-31 11:11:00,2,停机,False,正常,3202,53
2024-05-31 11:12:00,2024-05-31 11:12:00,1,带载运行,False,正常,3203,53
2024-05-31 11:13:00,2024-05-31 11:42:00,30,停机,False,正常,3204,53
2024-05-31 11:43:00,2024-05-31 11:43:00,1,空载运行,False,正常,3205,53
2024-05-31 11:44:00,2024-05-31 11:47:00,4,停机,False,正常,3206,53
2024-05-31 11:48:00,2024-05-31 11:48:00,1,空载运行,False,正常,3207,53
2024-05-31 11:49:00,2024-05-31 14:26:00,158,停机,False,正常,3208,53
2024-05-31 14:27:00,2024-05-31 14:27:00,1,带载运行,False,正常,3209,53
2024-05-31 14:28:00,2024-05-31 14:30:00,3,停机,False,正常,3210,53
2024-05-31 14:31:00,2024-05-31 14:31:00,1,空载运行,False,正常,3211,53
2024-05-31 14:32:00,2024-05-31 14:33:00,2,停机,False,正常,3212,53
2024-05-31 14:34:00,2024-05-31 14:35:00,2,空载运行,False,正常,3213,53
2024-05-31 14:36:00,2024-05-31 14:37:00,2,停机,False,正常,3214,53
2024-05-31 14:38:00,2024-05-31 14:38:00,1,带载运行,False,正常,3215,53
2024-05-31 14:39:00,2024-05-31 14:43:00,5,停机,False,正常,3216,53
2024-05-31 14:44:00,2024-05-31 14:44:00,1,空载运行,False,正常,3217,53
2024-05-31 14:45:00,2024-05-31 14:59:00,15,停机,False,正常,3218,53
2024-05-31 15:00:00,2024-05-31 15:00:00,1,空载运行,False,正常,3219,53
2024-05-31 15:01:00,2024-05-31 15:01:00,1,停机,False,正常,3220,53
2024-05-31 15:02:00,2024-05-31 15:02:00,1,带载运行,False,正常,3221,53
2024-05-31 15:03:00,2024-05-31 15:28:00,26,停机,False,正常,3222,53
2024-05-31 15:29:00,2024-05-31 15:36:00,8,带载运行,False,正常,3223,53
