段起始时间,段结束时间,持续时间(min),工况,是否异常,异常原因,段索引,分段号
2024-04-01 00:00:00,2024-04-01 00:01:00,2,停机,False,正常,0,1
2024-04-01 00:02:00,2024-04-01 00:07:00,6,待机,False,正常,1,1
2024-04-01 00:08:00,2024-04-01 00:55:00,48,停机,False,正常,2,1
2024-04-01 00:56:00,2024-04-01 01:00:00,5,重载牵引,False,正常,3,1
2024-04-01 01:01:00,2024-04-01 04:36:00,216,停机,True,异常持续段（>154min 阈值）,4,2
2024-04-01 04:37:00,2024-04-01 04:50:00,14,重载牵引,False,正常,5,3
2024-04-01 04:51:00,2024-04-01 04:51:00,1,待机,False,正常,6,3
2024-04-01 04:52:00,2024-04-01 04:52:00,1,重载牵引,False,正常,7,3
2024-04-01 04:53:00,2024-04-01 04:53:00,1,待机,False,正常,8,3
2024-04-01 04:54:00,2024-04-01 04:59:00,6,重载牵引,False,正常,9,3
2024-04-01 05:00:00,2024-04-01 05:00:00,1,待机,False,正常,10,3
2024-04-01 05:01:00,2024-04-01 05:01:00,1,重载牵引,False,正常,11,3
2024-04-01 05:02:00,2024-04-01 05:02:00,1,待机,False,正常,12,3
2024-04-01 05:03:00,2024-04-01 05:05:00,3,重载牵引,False,正常,13,3
2024-04-01 05:06:00,2024-04-01 05:08:00,3,待机,False,正常,14,3
2024-04-01 05:09:00,2024-04-01 05:10:00,2,重载牵引,False,正常,15,3
2024-04-01 05:11:00,2024-04-01 05:11:00,1,待机,False,正常,16,3
2024-04-01 05:12:00,2024-04-01 05:15:00,4,重载牵引,False,正常,17,3
2024-04-01 05:16:00,2024-04-01 05:16:00,1,待机,False,正常,18,3
2024-04-01 05:17:00,2024-04-01 05:17:00,1,停机,False,正常,19,3
2024-04-01 05:18:00,2024-04-01 05:22:00,5,重载牵引,False,正常,20,3
2024-04-01 05:23:00,2024-04-01 05:23:00,1,停机,False,正常,21,3
2024-04-01 05:24:00,2024-04-01 05:28:00,5,重载牵引,False,正常,22,3
2024-04-01 05:29:00,2024-04-01 05:29:00,1,停机,False,正常,23,3
2024-04-01 05:30:00,2024-04-01 05:43:00,14,重载牵引,False,正常,24,3
2024-04-01 05:44:00,2024-04-01 05:44:00,1,空载牵引,False,正常,25,3
2024-04-01 05:45:00,2024-04-01 05:57:00,13,重载牵引,False,正常,26,3
2024-04-01 05:58:00,2024-04-01 05:58:00,1,空载牵引,False,正常,27,3
2024-04-01 05:59:00,2024-04-01 06:07:00,9,重载牵引,False,正常,28,3
2024-04-01 06:08:00,2024-04-01 06:08:00,1,待机,False,正常,29,3
2024-04-01 06:09:00,2024-04-01 06:09:00,1,停机,False,正常,30,3
2024-04-01 06:10:00,2024-04-01 06:11:00,2,重载牵引,False,正常,31,3
2024-04-01 06:12:00,2024-04-01 06:12:00,1,待机,False,正常,32,3
2024-04-01 06:13:00,2024-04-01 06:14:00,2,停机,False,正常,33,3
2024-04-01 06:15:00,2024-04-01 06:16:00,2,重载牵引,False,正常,34,3
2024-04-01 06:17:00,2024-04-01 06:17:00,1,待机,False,正常,35,3
2024-04-01 06:18:00,2024-04-01 06:18:00,1,重载牵引,False,正常,36,3
2024-04-01 06:19:00,2024-04-01 06:19:00,1,待机,False,正常,37,3
2024-04-01 06:20:00,2024-04-01 06:30:00,11,重载牵引,False,正常,38,3
2024-04-01 06:31:00,2024-04-01 06:31:00,1,空载牵引,False,正常,39,3
2024-04-01 06:32:00,2024-04-01 06:32:00,1,停机,False,正常,40,3
2024-04-01 06:33:00,2024-04-01 06:33:00,1,待机,False,正常,41,3
2024-04-01 06:34:00,2024-04-01 06:34:00,1,重载牵引,False,正常,42,3
2024-04-01 06:35:00,2024-04-01 06:35:00,1,空载牵引,False,正常,43,3
2024-04-01 06:36:00,2024-04-01 06:37:00,2,待机,False,正常,44,3
2024-04-01 06:38:00,2024-04-01 06:40:00,3,重载牵引,False,正常,45,3
2024-04-01 06:41:00,2024-04-01 06:53:00,13,停机,False,正常,46,3
2024-04-01 06:54:00,2024-04-01 07:08:00,15,重载牵引,False,正常,47,3
2024-04-01 07:09:00,2024-04-01 07:24:00,16,停机,False,正常,48,3
2024-04-01 07:25:00,2024-04-01 07:26:00,2,重载牵引,False,正常,49,3
2024-04-01 07:27:00,2024-04-01 07:34:00,8,停机,False,正常,50,3
2024-04-01 07:35:00,2024-04-01 07:36:00,2,重载牵引,False,正常,51,3
2024-04-01 07:37:00,2024-04-01 07:41:00,5,停机,False,正常,52,3
2024-04-01 07:42:00,2024-04-01 07:44:00,3,重载牵引,False,正常,53,3
2024-04-01 07:45:00,2024-04-01 07:46:00,2,待机,False,正常,54,3
2024-04-01 07:47:00,2024-04-01 07:48:00,2,重载牵引,False,正常,55,3
2024-04-01 07:49:00,2024-04-01 07:51:00,3,停机,False,正常,56,3
2024-04-01 07:52:00,2024-04-01 07:53:00,2,重载牵引,False,正常,57,3
2024-04-01 07:54:00,2024-04-01 07:55:00,2,停机,False,正常,58,3
2024-04-01 07:56:00,2024-04-01 07:56:00,1,重载牵引,False,正常,59,3
2024-04-01 07:57:00,2024-04-01 07:57:00,1,待机,False,正常,60,3
2024-04-01 07:58:00,2024-04-01 07:59:00,2,重载牵引,False,正常,61,3
2024-04-01 08:00:00,2024-04-01 08:07:00,8,停机,False,正常,62,3
2024-04-01 08:08:00,2024-04-01 08:14:00,7,重载牵引,False,正常,63,3
2024-04-01 08:15:00,2024-04-01 08:16:00,2,待机,False,正常,64,3
2024-04-01 08:17:00,2024-04-01 08:17:00,1,重载牵引,False,正常,65,3
2024-04-01 08:18:00,2024-04-01 08:19:00,2,停机,False,正常,66,3
2024-04-01 08:20:00,2024-04-01 08:23:00,4,重载牵引,False,正常,67,3
2024-04-01 08:24:00,2024-04-01 08:24:00,1,待机,False,正常,68,3
2024-04-01 08:25:00,2024-04-01 08:25:00,1,重载牵引,False,正常,69,3
2024-04-01 08:26:00,2024-04-01 08:26:00,1,待机,False,正常,70,3
2024-04-01 08:27:00,2024-04-01 08:29:00,3,重载牵引,False,正常,71,3
2024-04-01 08:30:00,2024-04-01 08:48:00,19,停机,False,正常,72,3
2024-04-01 08:49:00,2024-04-01 08:49:00,1,重载牵引,False,正常,73,3
2024-04-01 08:50:00,2024-04-01 08:50:00,1,空载牵引,False,正常,74,3
2024-04-01 08:51:00,2024-04-01 09:06:00,16,重载牵引,False,正常,75,3
2024-04-01 09:07:00,2024-04-01 09:07:00,1,空载牵引,False,正常,76,3
2024-04-01 09:08:00,2024-04-01 09:08:00,1,重载牵引,False,正常,77,3
2024-04-01 09:09:00,2024-04-01 09:09:00,1,空载牵引,False,正常,78,3
2024-04-01 09:10:00,2024-04-01 09:10:00,1,重载牵引,False,正常,79,3
2024-04-01 09:11:00,2024-04-01 09:12:00,2,空载牵引,False,正常,80,3
2024-04-01 09:13:00,2024-04-01 09:14:00,2,重载牵引,False,正常,81,3
2024-04-01 09:15:00,2024-04-01 09:15:00,1,待机,False,正常,82,3
2024-04-01 09:16:00,2024-04-01 09:20:00,5,停机,False,正常,83,3
2024-04-01 09:21:00,2024-04-01 09:21:00,1,空载牵引,False,正常,84,3
2024-04-01 09:22:00,2024-04-01 09:40:00,19,停机,False,正常,85,3
2024-04-01 09:41:00,2024-04-01 09:41:00,1,待机,False,正常,86,3
2024-04-01 09:42:00,2024-04-01 09:42:00,1,停机,False,正常,87,3
2024-04-01 09:43:00,2024-04-01 11:22:00,100,待机,False,正常,88,3
2024-04-01 11:23:00,2024-04-01 11:24:00,2,停机,False,正常,89,3
2024-04-01 11:25:00,2024-04-01 11:25:00,1,重载牵引,False,正常,90,3
2024-04-01 11:26:00,2024-04-01 11:26:00,1,停机,False,正常,91,3
2024-04-01 11:27:00,2024-04-01 11:30:00,4,重载牵引,False,正常,92,3
2024-04-01 11:31:00,2024-04-01 11:35:00,5,停机,False,正常,93,3
2024-04-01 11:36:00,2024-04-01 11:37:00,2,重载牵引,False,正常,94,3
2024-04-01 11:38:00,2024-04-01 11:38:00,1,停机,False,正常,95,3
2024-04-01 11:39:00,2024-04-01 11:39:00,1,重载牵引,False,正常,96,3
2024-04-01 11:40:00,2024-04-01 11:44:00,5,停机,False,正常,97,3
2024-04-01 11:45:00,2024-04-01 11:59:00,15,待机,False,正常,98,3
2024-04-01 12:00:00,2024-04-01 14:07:00,128,停机,False,正常,99,3
2024-04-01 14:08:00,2024-04-01 14:08:00,1,待机,False,正常,100,3
2024-04-01 14:09:00,2024-04-01 14:12:00,4,停机,False,正常,101,3
2024-04-01 14:13:00,2024-04-01 15:07:00,55,待机,False,正常,102,3
2024-04-01 15:08:00,2024-04-01 15:08:00,1,停机,False,正常,103,3
2024-04-01 15:09:00,2024-04-01 15:09:00,1,重载牵引,False,正常,104,3
2024-04-01 15:10:00,2024-04-01 15:10:00,1,停机,False,正常,105,3
2024-04-01 15:11:00,2024-04-01 15:12:00,2,重载牵引,False,正常,106,3
2024-04-01 15:13:00,2024-04-01 15:13:00,1,待机,False,正常,107,3
2024-04-01 15:14:00,2024-04-01 15:38:00,25,停机,False,正常,108,3
2024-04-01 15:39:00,2024-04-01 15:39:00,1,待机,False,正常,109,3
2024-04-01 15:40:00,2024-04-01 15:44:00,5,重载牵引,False,正常,110,3
2024-04-01 15:45:00,2024-04-01 15:45:00,1,空载牵引,False,正常,111,3
2024-04-01 15:46:00,2024-04-01 15:46:00,1,重载牵引,False,正常,112,3
2024-04-01 15:47:00,2024-04-01 15:48:00,2,停机,False,正常,113,3
2024-04-01 15:49:00,2024-04-01 15:49:00,1,重载牵引,False,正常,114,3
2024-04-01 15:50:00,2024-04-01 15:50:00,1,待机,False,正常,115,3
2024-04-01 15:51:00,2024-04-01 15:52:00,2,重载牵引,False,正常,116,3
2024-04-01 15:53:00,2024-04-01 15:53:00,1,停机,False,正常,117,3
2024-04-01 15:54:00,2024-04-01 15:59:00,6,重载牵引,False,正常,118,3
2024-04-01 16:00:00,2024-04-01 16:03:00,4,停机,False,正常,119,3
2024-04-01 16:04:00,2024-04-01 16:10:00,7,重载牵引,False,正常,120,3
2024-04-01 16:11:00,2024-04-01 16:11:00,1,空载牵引,False,正常,121,3
2024-04-01 16:12:00,2024-04-01 16:15:00,4,重载牵引,False,正常,122,3
2024-04-01 16:16:00,2024-04-01 16:16:00,1,空载牵引,False,正常,123,3
2024-04-01 16:17:00,2024-04-01 16:25:00,9,重载牵引,False,正常,124,3
2024-04-01 16:26:00,2024-04-01 16:26:00,1,待机,False,正常,125,3
2024-04-01 16:27:00,2024-04-01 16:30:00,4,重载牵引,False,正常,126,3
2024-04-01 16:31:00,2024-04-01 16:31:00,1,空载牵引,False,正常,127,3
2024-04-01 16:32:00,2024-04-01 16:32:00,1,停机,False,正常,128,3
2024-04-01 16:33:00,2024-04-01 16:44:00,12,重载牵引,False,正常,129,3
2024-04-01 16:45:00,2024-04-01 16:55:00,11,停机,False,正常,130,3
2024-04-01 16:56:00,2024-04-01 17:22:00,27,重载牵引,False,正常,131,3
2024-04-01 17:23:00,2024-04-01 17:23:00,1,待机,False,正常,132,3
2024-04-01 17:24:00,2024-04-01 17:33:00,10,重载牵引,False,正常,133,3
2024-04-01 17:34:00,2024-04-01 17:51:00,18,停机,False,正常,134,3
2024-04-01 17:52:00,2024-04-01 18:17:00,26,重载牵引,False,正常,135,3
2024-04-01 18:18:00,2024-04-01 18:18:00,1,待机,False,正常,136,3
2024-04-01 18:19:00,2024-04-01 18:37:00,19,重载牵引,False,正常,137,3
2024-04-01 18:38:00,2024-04-01 18:38:00,1,待机,False,正常,138,3
2024-04-01 18:39:00,2024-04-01 18:40:00,2,重载牵引,False,正常,139,3
2024-04-01 18:41:00,2024-04-01 18:42:00,2,停机,False,正常,140,3
2024-04-01 18:43:00,2024-04-01 18:49:00,7,重载牵引,False,正常,141,3
2024-04-01 18:50:00,2024-04-01 18:51:00,2,停机,False,正常,142,3
2024-04-01 18:52:00,2024-04-01 18:53:00,2,重载牵引,False,正常,143,3
2024-04-01 18:54:00,2024-04-01 18:54:00,1,待机,False,正常,144,3
2024-04-01 18:55:00,2024-04-01 18:58:00,4,停机,False,正常,145,3
2024-04-01 18:59:00,2024-04-01 19:01:00,3,重载牵引,False,正常,146,3
2024-04-01 19:02:00,2024-04-01 19:02:00,1,停机,False,正常,147,3
2024-04-01 19:03:00,2024-04-01 19:03:00,1,待机,False,正常,148,3
2024-04-01 19:04:00,2024-04-01 19:06:00,3,重载牵引,False,正常,149,3
2024-04-01 19:07:00,2024-04-01 19:07:00,1,空载牵引,False,正常,150,3
2024-04-01 19:08:00,2024-04-01 19:17:00,10,停机,False,正常,151,3
2024-04-01 19:18:00,2024-04-01 19:22:00,5,重载牵引,False,正常,152,3
2024-04-01 19:23:00,2024-04-01 19:23:00,1,空载牵引,False,正常,153,3
2024-04-01 19:24:00,2024-04-01 19:27:00,4,重载牵引,False,正常,154,3
2024-04-01 19:28:00,2024-04-01 19:28:00,1,待机,False,正常,155,3
2024-04-01 19:29:00,2024-04-01 19:44:00,16,重载牵引,False,正常,156,3
2024-04-01 19:45:00,2024-04-01 19:45:00,1,待机,False,正常,157,3
2024-04-01 19:46:00,2024-04-01 19:49:00,4,重载牵引,False,正常,158,3
2024-04-01 19:50:00,2024-04-01 19:50:00,1,待机,False,正常,159,3
2024-04-01 19:51:00,2024-04-01 19:52:00,2,重载牵引,False,正常,160,3
2024-04-01 19:53:00,2024-04-01 19:53:00,1,待机,False,正常,161,3
2024-04-01 19:54:00,2024-04-01 19:59:00,6,重载牵引,False,正常,162,3
2024-04-01 20:00:00,2024-04-01 20:00:00,1,待机,False,正常,163,3
2024-04-01 20:01:00,2024-04-01 20:07:00,7,停机,False,正常,164,3
2024-04-01 20:08:00,2024-04-01 20:09:00,2,重载牵引,False,正常,165,3
2024-04-01 20:10:00,2024-04-01 20:21:00,12,停机,False,正常,166,3
2024-04-01 20:22:00,2024-04-01 20:31:00,10,重载牵引,False,正常,167,3
2024-04-01 20:32:00,2024-04-01 20:32:00,1,空载牵引,False,正常,168,3
2024-04-01 20:33:00,2024-04-01 20:33:00,1,待机,False,正常,169,3
2024-04-01 20:34:00,2024-04-01 20:35:00,2,重载牵引,False,正常,170,3
2024-04-01 20:36:00,2024-04-01 20:36:00,1,空载牵引,False,正常,171,3
2024-04-01 20:37:00,2024-04-01 20:39:00,3,重载牵引,False,正常,172,3
2024-04-01 20:40:00,2024-04-01 20:40:00,1,待机,False,正常,173,3
2024-04-01 20:41:00,2024-04-01 20:42:00,2,重载牵引,False,正常,174,3
2024-04-01 20:43:00,2024-04-01 20:43:00,1,空载牵引,False,正常,175,3
2024-04-01 20:44:00,2024-04-01 20:47:00,4,重载牵引,False,正常,176,3
2024-04-01 20:48:00,2024-04-01 20:48:00,1,停机,False,正常,177,3
2024-04-01 20:49:00,2024-04-01 20:50:00,2,重载牵引,False,正常,178,3
2024-04-01 20:51:00,2024-04-01 20:52:00,2,停机,False,正常,179,3
2024-04-01 20:53:00,2024-04-01 20:54:00,2,重载牵引,False,正常,180,3
2024-04-01 20:55:00,2024-04-01 20:55:00,1,待机,False,正常,181,3
2024-04-01 20:56:00,2024-04-01 20:56:00,1,重载牵引,False,正常,182,3
2024-04-01 20:57:00,2024-04-01 20:57:00,1,待机,False,正常,183,3
2024-04-01 20:58:00,2024-04-01 21:07:00,10,重载牵引,False,正常,184,3
2024-04-01 21:08:00,2024-04-01 21:08:00,1,待机,False,正常,185,3
2024-04-01 21:09:00,2024-04-01 21:18:00,10,重载牵引,False,正常,186,3
2024-04-01 21:19:00,2024-04-01 21:25:00,7,停机,False,正常,187,3
2024-04-01 21:26:00,2024-04-01 21:27:00,2,重载牵引,False,正常,188,3
2024-04-01 21:28:00,2024-04-01 21:28:00,1,待机,False,正常,189,3
2024-04-01 21:29:00,2024-04-01 21:29:00,1,重载牵引,False,正常,190,3
2024-04-01 21:30:00,2024-04-01 21:31:00,2,待机,False,正常,191,3
2024-04-01 21:32:00,2024-04-01 21:32:00,1,停机,False,正常,192,3
2024-04-01 21:33:00,2024-04-01 21:34:00,2,重载牵引,False,正常,193,3
2024-04-01 21:35:00,2024-04-01 21:35:00,1,待机,False,正常,194,3
2024-04-01 21:36:00,2024-04-01 22:00:00,25,停机,False,正常,195,3
2024-04-01 22:01:00,2024-04-01 22:12:00,12,重载牵引,False,正常,196,3
2024-04-01 22:13:00,2024-04-01 22:13:00,1,待机,False,正常,197,3
2024-04-01 22:14:00,2024-04-01 22:14:00,1,重载牵引,False,正常,198,3
2024-04-01 22:15:00,2024-04-01 22:15:00,1,待机,False,正常,199,3
2024-04-01 22:16:00,2024-04-01 22:19:00,4,重载牵引,False,正常,200,3
2024-04-01 22:20:00,2024-04-01 22:20:00,1,待机,False,正常,201,3
2024-04-01 22:21:00,2024-04-01 22:26:00,6,重载牵引,False,正常,202,3
2024-04-01 22:27:00,2024-04-01 22:29:00,3,停机,False,正常,203,3
2024-04-01 22:30:00,2024-04-01 22:30:00,1,待机,False,正常,204,3
2024-04-01 22:31:00,2024-04-01 22:36:00,6,重载牵引,False,正常,205,3
2024-04-01 22:37:00,2024-04-01 22:37:00,1,空载牵引,False,正常,206,3
2024-04-01 22:38:00,2024-04-01 22:39:00,2,停机,False,正常,207,3
2024-04-01 22:40:00,2024-04-01 22:41:00,2,待机,False,正常,208,3
2024-04-01 22:42:00,2024-04-01 22:45:00,4,重载牵引,False,正常,209,3
2024-04-01 22:46:00,2024-04-01 22:46:00,1,待机,False,正常,210,3
2024-04-01 22:47:00,2024-04-01 22:48:00,2,重载牵引,False,正常,211,3
2024-04-01 22:49:00,2024-04-01 22:49:00,1,待机,False,正常,212,3
2024-04-01 22:50:00,2024-04-01 22:50:00,1,停机,False,正常,213,3
2024-04-01 22:51:00,2024-04-01 22:54:00,4,重载牵引,False,正常,214,3
2024-04-01 22:55:00,2024-04-01 22:55:00,1,待机,False,正常,215,3
2024-04-01 22:56:00,2024-04-01 22:57:00,2,重载牵引,False,正常,216,3
2024-04-01 22:58:00,2024-04-01 22:58:00,1,停机,False,正常,217,3
2024-04-01 22:59:00,2024-04-01 23:23:00,25,重载牵引,False,正常,218,3
2024-04-01 23:24:00,2024-04-01 23:25:00,2,停机,False,正常,219,3
2024-04-01 23:26:00,2024-04-01 23:32:00,7,重载牵引,False,正常,220,3
2024-04-01 23:33:00,2024-04-01 23:33:00,1,停机,False,正常,221,3
2024-04-01 23:34:00,2024-04-01 23:36:00,3,重载牵引,False,正常,222,3
2024-04-01 23:37:00,2024-04-01 23:37:00,1,待机,False,正常,223,3
2024-04-01 23:38:00,2024-04-01 23:43:00,6,重载牵引,False,正常,224,3
2024-04-01 23:44:00,2024-04-01 23:46:00,3,停机,False,正常,225,3
2024-04-01 23:47:00,2024-04-01 23:48:00,2,重载牵引,False,正常,226,3
2024-04-01 23:49:00,2024-04-01 23:49:00,1,空载牵引,False,正常,227,3
2024-04-01 23:50:00,2024-04-01 23:58:00,9,重载牵引,False,正常,228,3
2024-04-01 23:59:00,2024-04-01 23:59:00,1,待机,False,正常,229,3
2024-04-02 00:00:00,2024-04-02 00:27:00,28,重载牵引,False,正常,230,3
2024-04-02 00:28:00,2024-04-02 00:28:00,1,待机,False,正常,231,3
2024-04-02 00:29:00,2024-04-02 00:30:00,2,停机,False,正常,232,3
2024-04-02 00:31:00,2024-04-02 00:39:00,9,重载牵引,False,正常,233,3
2024-04-02 00:40:00,2024-04-02 00:40:00,1,待机,False,正常,234,3
2024-04-02 00:41:00,2024-04-02 00:42:00,2,停机,False,正常,235,3
2024-04-02 00:43:00,2024-04-02 00:46:00,4,重载牵引,False,正常,236,3
2024-04-02 00:47:00,2024-04-02 00:47:00,1,停机,False,正常,237,3
2024-04-02 00:48:00,2024-04-02 00:49:00,2,重载牵引,False,正常,238,3
2024-04-02 00:50:00,2024-04-02 00:52:00,3,停机,False,正常,239,3
2024-04-02 00:53:00,2024-04-02 00:54:00,2,重载牵引,False,正常,240,3
2024-04-02 00:55:00,2024-04-02 00:58:00,4,停机,False,正常,241,3
2024-04-02 00:59:00,2024-04-02 01:12:00,14,重载牵引,False,正常,242,3
2024-04-02 01:13:00,2024-04-02 01:13:00,1,停机,False,正常,243,3
2024-04-02 01:14:00,2024-04-02 01:14:00,1,重载牵引,False,正常,244,3
2024-04-02 01:15:00,2024-04-02 01:24:00,10,停机,False,正常,245,3
2024-04-02 01:25:00,2024-04-02 01:29:00,5,重载牵引,False,正常,246,3
2024-04-02 01:30:00,2024-04-02 01:30:00,1,停机,False,正常,247,3
2024-04-02 01:31:00,2024-04-02 01:33:00,3,重载牵引,False,正常,248,3
2024-04-02 01:34:00,2024-04-02 01:34:00,1,待机,False,正常,249,3
2024-04-02 01:35:00,2024-04-02 02:19:00,45,重载牵引,False,正常,250,3
2024-04-02 02:20:00,2024-04-02 02:20:00,1,待机,False,正常,251,3
2024-04-02 02:21:00,2024-04-02 02:22:00,2,重载牵引,False,正常,252,3
2024-04-02 02:23:00,2024-04-02 02:23:00,1,待机,False,正常,253,3
2024-04-02 02:24:00,2024-04-02 02:24:00,1,重载牵引,False,正常,254,3
2024-04-02 02:25:00,2024-04-02 02:25:00,1,待机,False,正常,255,3
2024-04-02 02:26:00,2024-04-02 02:31:00,6,重载牵引,False,正常,256,3
2024-04-02 02:32:00,2024-04-02 02:32:00,1,待机,False,正常,257,3
2024-04-02 02:33:00,2024-04-02 02:39:00,7,重载牵引,False,正常,258,3
2024-04-02 02:40:00,2024-04-02 02:40:00,1,待机,False,正常,259,3
2024-04-02 02:41:00,2024-04-02 02:42:00,2,重载牵引,False,正常,260,3
2024-04-02 02:43:00,2024-04-02 02:43:00,1,待机,False,正常,261,3
2024-04-02 02:44:00,2024-04-02 02:45:00,2,重载牵引,False,正常,262,3
2024-04-02 02:46:00,2024-04-02 02:46:00,1,停机,False,正常,263,3
2024-04-02 02:47:00,2024-04-02 02:47:00,1,待机,False,正常,264,3
2024-04-02 02:48:00,2024-04-02 02:54:00,7,重载牵引,False,正常,265,3
2024-04-02 02:55:00,2024-04-02 02:55:00,1,待机,False,正常,266,3
2024-04-02 02:56:00,2024-04-02 02:56:00,1,空载牵引,False,正常,267,3
2024-04-02 02:57:00,2024-04-02 02:58:00,2,重载牵引,False,正常,268,3
2024-04-02 02:59:00,2024-04-02 02:59:00,1,空载牵引,False,正常,269,3
2024-04-02 03:00:00,2024-04-02 03:05:00,6,重载牵引,False,正常,270,3
2024-04-02 03:06:00,2024-04-02 03:09:00,4,待机,False,正常,271,3
2024-04-02 03:10:00,2024-04-02 03:33:00,24,停机,False,正常,272,3
2024-04-02 03:34:00,2024-04-02 03:35:00,2,待机,False,正常,273,3
2024-04-02 03:36:00,2024-04-02 03:40:00,5,重载牵引,False,正常,274,3
2024-04-02 03:41:00,2024-04-02 03:45:00,5,停机,False,正常,275,3
2024-04-02 03:46:00,2024-04-02 04:01:00,16,重载牵引,False,正常,276,3
2024-04-02 04:02:00,2024-04-02 04:02:00,1,待机,False,正常,277,3
2024-04-02 04:03:00,2024-04-02 04:05:00,3,重载牵引,False,正常,278,3
2024-04-02 04:06:00,2024-04-02 04:06:00,1,待机,False,正常,279,3
2024-04-02 04:07:00,2024-04-02 04:07:00,1,重载牵引,False,正常,280,3
2024-04-02 04:08:00,2024-04-02 04:08:00,1,停机,False,正常,281,3
2024-04-02 04:09:00,2024-04-02 04:47:00,39,重载牵引,False,正常,282,3
2024-04-02 04:48:00,2024-04-02 04:48:00,1,待机,False,正常,283,3
2024-04-02 04:49:00,2024-04-02 04:49:00,1,重载牵引,False,正常,284,3
2024-04-02 04:50:00,2024-04-02 04:54:00,5,停机,False,正常,285,3
2024-04-02 04:55:00,2024-04-02 05:00:00,6,重载牵引,False,正常,286,3
2024-04-02 05:01:00,2024-04-02 05:01:00,1,停机,False,正常,287,3
2024-04-02 05:02:00,2024-04-02 05:04:00,3,重载牵引,False,正常,288,3
2024-04-02 05:05:00,2024-04-02 05:05:00,1,待机,False,正常,289,3
2024-04-02 05:06:00,2024-04-02 05:06:00,1,重载牵引,False,正常,290,3
2024-04-02 05:07:00,2024-04-02 05:08:00,2,待机,False,正常,291,3
2024-04-02 05:09:00,2024-04-02 05:11:00,3,重载牵引,False,正常,292,3
2024-04-02 05:12:00,2024-04-02 05:12:00,1,空载牵引,False,正常,293,3
2024-04-02 05:13:00,2024-04-02 05:15:00,3,重载牵引,False,正常,294,3
2024-04-02 05:16:00,2024-04-02 05:16:00,1,待机,False,正常,295,3
2024-04-02 05:17:00,2024-04-02 05:20:00,4,重载牵引,False,正常,296,3
2024-04-02 05:21:00,2024-04-02 05:21:00,1,待机,False,正常,297,3
2024-04-02 05:22:00,2024-04-02 05:25:00,4,重载牵引,False,正常,298,3
2024-04-02 05:26:00,2024-04-02 05:26:00,1,空载牵引,False,正常,299,3
2024-04-02 05:27:00,2024-04-02 05:31:00,5,重载牵引,False,正常,300,3
2024-04-02 05:32:00,2024-04-02 05:32:00,1,空载牵引,False,正常,301,3
2024-04-02 05:33:00,2024-04-02 05:33:00,1,重载牵引,False,正常,302,3
2024-04-02 05:34:00,2024-04-02 05:35:00,2,待机,False,正常,303,3
2024-04-02 05:36:00,2024-04-02 05:37:00,2,重载牵引,False,正常,304,3
2024-04-02 05:38:00,2024-04-02 05:38:00,1,待机,False,正常,305,3
2024-04-02 05:39:00,2024-04-02 05:39:00,1,空载牵引,False,正常,306,3
2024-04-02 05:40:00,2024-04-02 05:43:00,4,停机,False,正常,307,3
2024-04-02 05:44:00,2024-04-02 05:44:00,1,待机,False,正常,308,3
2024-04-02 05:45:00,2024-04-02 05:56:00,12,重载牵引,False,正常,309,3
2024-04-02 05:57:00,2024-04-02 05:57:00,1,待机,False,正常,310,3
2024-04-02 05:58:00,2024-04-02 06:00:00,3,停机,False,正常,311,3
2024-04-02 06:01:00,2024-04-02 06:04:00,4,重载牵引,False,正常,312,3
2024-04-02 06:05:00,2024-04-02 06:05:00,1,待机,False,正常,313,3
2024-04-02 06:06:00,2024-04-02 06:14:00,9,重载牵引,False,正常,314,3
2024-04-02 06:15:00,2024-04-02 06:15:00,1,待机,False,正常,315,3
2024-04-02 06:16:00,2024-04-02 06:16:00,1,重载牵引,False,正常,316,3
2024-04-02 06:17:00,2024-04-02 06:17:00,1,停机,False,正常,317,3
2024-04-02 06:18:00,2024-04-02 06:25:00,8,重载牵引,False,正常,318,3
2024-04-02 06:26:00,2024-04-02 06:26:00,1,待机,False,正常,319,3
2024-04-02 06:27:00,2024-04-02 06:39:00,13,停机,False,正常,320,3
2024-04-02 06:40:00,2024-04-02 06:46:00,7,重载牵引,False,正常,321,3
2024-04-02 06:47:00,2024-04-02 06:47:00,1,停机,False,正常,322,3
2024-04-02 06:48:00,2024-04-02 06:52:00,5,重载牵引,False,正常,323,3
2024-04-02 06:53:00,2024-04-02 06:53:00,1,停机,False,正常,324,3
2024-04-02 06:54:00,2024-04-02 06:56:00,3,重载牵引,False,正常,325,3
2024-04-02 06:57:00,2024-04-02 06:57:00,1,空载牵引,False,正常,326,3
2024-04-02 06:58:00,2024-04-02 07:08:00,11,重载牵引,False,正常,327,3
2024-04-02 07:09:00,2024-04-02 07:09:00,1,待机,False,正常,328,3
2024-04-02 07:10:00,2024-04-02 07:11:00,2,重载牵引,False,正常,329,3
2024-04-02 07:12:00,2024-04-02 07:12:00,1,待机,False,正常,330,3
2024-04-02 07:13:00,2024-04-02 07:19:00,7,重载牵引,False,正常,331,3
2024-04-02 07:20:00,2024-04-02 07:20:00,1,待机,False,正常,332,3
2024-04-02 07:21:00,2024-04-02 07:21:00,1,空载牵引,False,正常,333,3
2024-04-02 07:22:00,2024-04-02 07:22:00,1,重载牵引,False,正常,334,3
2024-04-02 07:23:00,2024-04-02 07:24:00,2,待机,False,正常,335,3
2024-04-02 07:25:00,2024-04-02 07:31:00,7,重载牵引,False,正常,336,3
2024-04-02 07:32:00,2024-04-02 07:32:00,1,待机,False,正常,337,3
2024-04-02 07:33:00,2024-04-02 07:37:00,5,重载牵引,False,正常,338,3
2024-04-02 07:38:00,2024-04-02 07:38:00,1,待机,False,正常,339,3
2024-04-02 07:39:00,2024-04-02 07:40:00,2,重载牵引,False,正常,340,3
2024-04-02 07:41:00,2024-04-02 07:41:00,1,空载牵引,False,正常,341,3
2024-04-02 07:42:00,2024-04-02 07:42:00,1,重载牵引,False,正常,342,3
2024-04-02 07:43:00,2024-04-02 07:44:00,2,停机,False,正常,343,3
2024-04-02 07:45:00,2024-04-02 07:45:00,1,待机,False,正常,344,3
2024-04-02 07:46:00,2024-04-02 07:57:00,12,停机,False,正常,345,3
2024-04-02 07:58:00,2024-04-02 07:58:00,1,待机,False,正常,346,3
2024-04-02 07:59:00,2024-04-02 08:08:00,10,停机,False,正常,347,3
2024-04-02 08:09:00,2024-04-02 08:09:00,1,待机,False,正常,348,3
2024-04-02 08:10:00,2024-04-02 08:12:00,3,重载牵引,False,正常,349,3
2024-04-02 08:13:00,2024-04-02 08:13:00,1,停机,False,正常,350,3
2024-04-02 08:14:00,2024-04-02 08:15:00,2,重载牵引,False,正常,351,3
2024-04-02 08:16:00,2024-04-02 08:17:00,2,停机,False,正常,352,3
2024-04-02 08:18:00,2024-04-02 08:21:00,4,重载牵引,False,正常,353,3
2024-04-02 08:22:00,2024-04-02 08:23:00,2,停机,False,正常,354,3
2024-04-02 08:24:00,2024-04-02 08:24:00,1,待机,False,正常,355,3
2024-04-02 08:25:00,2024-04-02 08:26:00,2,停机,False,正常,356,3
2024-04-02 08:27:00,2024-04-02 08:39:00,13,重载牵引,False,正常,357,3
2024-04-02 08:40:00,2024-04-02 08:41:00,2,停机,False,正常,358,3
2024-04-02 08:42:00,2024-04-02 08:53:00,12,重载牵引,False,正常,359,3
2024-04-02 08:54:00,2024-04-02 08:54:00,1,待机,False,正常,360,3
2024-04-02 08:55:00,2024-04-02 08:59:00,5,重载牵引,False,正常,361,3
2024-04-02 09:00:00,2024-04-02 09:00:00,1,停机,False,正常,362,3
2024-04-02 09:01:00,2024-04-02 09:24:00,24,重载牵引,False,正常,363,3
2024-04-02 09:25:00,2024-04-02 09:26:00,2,停机,False,正常,364,3
2024-04-02 09:27:00,2024-04-02 09:32:00,6,重载牵引,False,正常,365,3
2024-04-02 09:33:00,2024-04-02 09:36:00,4,停机,False,正常,366,3
2024-04-02 09:37:00,2024-04-02 09:46:00,10,重载牵引,False,正常,367,3
2024-04-02 09:47:00,2024-04-02 09:47:00,1,空载牵引,False,正常,368,3
2024-04-02 09:48:00,2024-04-02 09:53:00,6,重载牵引,False,正常,369,3
2024-04-02 09:54:00,2024-04-02 09:54:00,1,待机,False,正常,370,3
2024-04-02 09:55:00,2024-04-02 10:01:00,7,重载牵引,False,正常,371,3
2024-04-02 10:02:00,2024-04-02 10:02:00,1,待机,False,正常,372,3
2024-04-02 10:03:00,2024-04-02 10:11:00,9,重载牵引,False,正常,373,3
2024-04-02 10:12:00,2024-04-02 10:13:00,2,空载牵引,False,正常,374,3
2024-04-02 10:14:00,2024-04-02 10:14:00,1,停机,False,正常,375,3
2024-04-02 10:15:00,2024-04-02 10:16:00,2,重载牵引,False,正常,376,3
2024-04-02 10:17:00,2024-04-02 10:17:00,1,待机,False,正常,377,3
2024-04-02 10:18:00,2024-04-02 10:21:00,4,停机,False,正常,378,3
2024-04-02 10:22:00,2024-04-02 10:31:00,10,重载牵引,False,正常,379,3
2024-04-02 10:32:00,2024-04-02 10:32:00,1,空载牵引,False,正常,380,3
2024-04-02 10:33:00,2024-04-02 10:37:00,5,重载牵引,False,正常,381,3
2024-04-02 10:38:00,2024-04-02 10:38:00,1,空载牵引,False,正常,382,3
2024-04-02 10:39:00,2024-04-02 10:39:00,1,重载牵引,False,正常,383,3
2024-04-02 10:40:00,2024-04-02 10:40:00,1,空载牵引,False,正常,384,3
2024-04-02 10:41:00,2024-04-02 10:47:00,7,重载牵引,False,正常,385,3
2024-04-02 10:48:00,2024-04-02 10:49:00,2,停机,False,正常,386,3
2024-04-02 10:50:00,2024-04-02 10:50:00,1,待机,False,正常,387,3
2024-04-02 10:51:00,2024-04-02 13:49:00,179,停机,True,异常持续段（>154min 阈值）,388,4
2024-04-02 13:50:00,2024-04-02 13:50:00,1,待机,False,正常,389,5
2024-04-02 13:51:00,2024-04-02 16:20:00,150,停机,False,正常,390,5
2024-04-02 16:21:00,2024-04-02 16:25:00,5,重载牵引,False,正常,391,5
2024-04-02 16:26:00,2024-04-02 16:30:00,5,停机,False,正常,392,5
2024-04-02 16:31:00,2024-04-02 16:51:00,21,重载牵引,False,正常,393,5
2024-04-02 16:52:00,2024-04-02 16:53:00,2,停机,False,正常,394,5
2024-04-02 16:54:00,2024-04-02 17:02:00,9,重载牵引,False,正常,395,5
2024-04-02 17:03:00,2024-04-02 17:03:00,1,待机,False,正常,396,5
2024-04-02 17:04:00,2024-04-02 17:04:00,1,停机,False,正常,397,5
2024-04-02 17:05:00,2024-04-02 17:07:00,3,重载牵引,False,正常,398,5
2024-04-02 17:08:00,2024-04-02 17:10:00,3,待机,False,正常,399,5
2024-04-02 17:11:00,2024-04-02 17:19:00,9,重载牵引,False,正常,400,5
2024-04-02 17:20:00,2024-04-02 17:20:00,1,停机,False,正常,401,5
2024-04-02 17:21:00,2024-04-02 18:04:00,44,重载牵引,False,正常,402,5
2024-04-02 18:05:00,2024-04-02 18:05:00,1,空载牵引,False,正常,403,5
2024-04-02 18:06:00,2024-04-02 18:08:00,3,重载牵引,False,正常,404,5
2024-04-02 18:09:00,2024-04-02 18:09:00,1,待机,False,正常,405,5
2024-04-02 18:10:00,2024-04-02 18:26:00,17,重载牵引,False,正常,406,5
2024-04-02 18:27:00,2024-04-02 18:28:00,2,待机,False,正常,407,5
2024-04-02 18:29:00,2024-04-02 18:29:00,1,重载牵引,False,正常,408,5
2024-04-02 18:30:00,2024-04-02 18:30:00,1,停机,False,正常,409,5
2024-04-02 18:31:00,2024-04-02 19:30:00,60,重载牵引,False,正常,410,5
2024-04-02 19:31:00,2024-04-02 19:33:00,3,停机,False,正常,411,5
2024-04-02 19:34:00,2024-04-02 19:37:00,4,重载牵引,False,正常,412,5
2024-04-02 19:38:00,2024-04-02 19:47:00,10,停机,False,正常,413,5
2024-04-02 19:48:00,2024-04-02 19:52:00,5,重载牵引,False,正常,414,5
2024-04-02 19:53:00,2024-04-02 19:54:00,2,停机,False,正常,415,5
2024-04-02 19:55:00,2024-04-02 20:00:00,6,重载牵引,False,正常,416,5
2024-04-02 20:01:00,2024-04-02 20:01:00,1,停机,False,正常,417,5
2024-04-02 20:02:00,2024-04-02 20:07:00,6,重载牵引,False,正常,418,5
2024-04-02 20:08:00,2024-04-02 20:08:00,1,待机,False,正常,419,5
2024-04-02 20:09:00,2024-04-02 20:09:00,1,重载牵引,False,正常,420,5
2024-04-02 20:10:00,2024-04-02 20:10:00,1,待机,False,正常,421,5
2024-04-02 20:11:00,2024-04-02 20:11:00,1,停机,False,正常,422,5
2024-04-02 20:12:00,2024-04-02 20:14:00,3,重载牵引,False,正常,423,5
2024-04-02 20:15:00,2024-04-02 20:15:00,1,空载牵引,False,正常,424,5
2024-04-02 20:16:00,2024-04-02 20:16:00,1,重载牵引,False,正常,425,5
2024-04-02 20:17:00,2024-04-02 20:18:00,2,停机,False,正常,426,5
2024-04-02 20:19:00,2024-04-02 20:39:00,21,重载牵引,False,正常,427,5
2024-04-02 20:40:00,2024-04-02 20:41:00,2,停机,False,正常,428,5
2024-04-02 20:42:00,2024-04-02 20:49:00,8,重载牵引,False,正常,429,5
2024-04-02 20:50:00,2024-04-02 20:50:00,1,空载牵引,False,正常,430,5
2024-04-02 20:51:00,2024-04-02 20:54:00,4,重载牵引,False,正常,431,5
2024-04-02 20:55:00,2024-04-02 20:56:00,2,待机,False,正常,432,5
2024-04-02 20:57:00,2024-04-02 20:57:00,1,重载牵引,False,正常,433,5
2024-04-02 20:58:00,2024-04-02 20:59:00,2,待机,False,正常,434,5
2024-04-02 21:00:00,2024-04-02 21:03:00,4,重载牵引,False,正常,435,5
2024-04-02 21:04:00,2024-04-02 21:04:00,1,待机,False,正常,436,5
2024-04-02 21:05:00,2024-04-02 21:19:00,15,重载牵引,False,正常,437,5
2024-04-02 21:20:00,2024-04-02 21:20:00,1,停机,False,正常,438,5
2024-04-02 21:21:00,2024-04-02 21:41:00,21,重载牵引,False,正常,439,5
2024-04-02 21:42:00,2024-04-02 21:42:00,1,待机,False,正常,440,5
2024-04-02 21:43:00,2024-04-02 21:46:00,4,重载牵引,False,正常,441,5
2024-04-02 21:47:00,2024-04-02 21:47:00,1,停机,False,正常,442,5
2024-04-02 21:48:00,2024-04-02 21:58:00,11,重载牵引,False,正常,443,5
2024-04-02 21:59:00,2024-04-02 22:14:00,16,停机,False,正常,444,5
2024-04-02 22:15:00,2024-04-02 22:20:00,6,重载牵引,False,正常,445,5
2024-04-02 22:21:00,2024-04-02 22:21:00,1,空载牵引,False,正常,446,5
2024-04-02 22:22:00,2024-04-02 22:22:00,1,停机,False,正常,447,5
2024-04-02 22:23:00,2024-04-02 22:24:00,2,重载牵引,False,正常,448,5
2024-04-02 22:25:00,2024-04-02 22:25:00,1,待机,False,正常,449,5
2024-04-02 22:26:00,2024-04-02 22:27:00,2,空载牵引,False,正常,450,5
2024-04-02 22:28:00,2024-04-02 22:48:00,21,重载牵引,False,正常,451,5
2024-04-02 22:49:00,2024-04-02 22:50:00,2,停机,False,正常,452,5
2024-04-02 22:51:00,2024-04-02 23:00:00,10,重载牵引,False,正常,453,5
2024-04-02 23:01:00,2024-04-02 23:02:00,2,空载牵引,False,正常,454,5
2024-04-02 23:03:00,2024-04-02 23:12:00,10,重载牵引,False,正常,455,5
2024-04-02 23:13:00,2024-04-02 23:13:00,1,待机,False,正常,456,5
2024-04-02 23:14:00,2024-04-02 23:29:00,16,重载牵引,False,正常,457,5
2024-04-02 23:30:00,2024-04-02 23:30:00,1,空载牵引,False,正常,458,5
2024-04-02 23:31:00,2024-04-02 23:33:00,3,重载牵引,False,正常,459,5
2024-04-02 23:34:00,2024-04-02 23:36:00,3,停机,False,正常,460,5
2024-04-02 23:37:00,2024-04-02 23:37:00,1,重载牵引,False,正常,461,5
2024-04-02 23:38:00,2024-04-02 23:38:00,1,空载牵引,False,正常,462,5
2024-04-02 23:39:00,2024-04-02 23:40:00,2,待机,False,正常,463,5
2024-04-02 23:41:00,2024-04-02 23:43:00,3,停机,False,正常,464,5
2024-04-02 23:44:00,2024-04-02 23:46:00,3,重载牵引,False,正常,465,5
2024-04-02 23:47:00,2024-04-02 23:47:00,1,停机,False,正常,466,5
2024-04-02 23:48:00,2024-04-02 23:55:00,8,重载牵引,False,正常,467,5
2024-04-02 23:56:00,2024-04-02 23:56:00,1,待机,False,正常,468,5
2024-04-02 23:57:00,2024-04-03 00:03:00,7,重载牵引,False,正常,469,5
2024-04-03 00:04:00,2024-04-03 00:05:00,2,停机,False,正常,470,5
2024-04-03 00:06:00,2024-04-03 00:08:00,3,重载牵引,False,正常,471,5
2024-04-03 00:09:00,2024-04-03 00:09:00,1,待机,False,正常,472,5
2024-04-03 00:10:00,2024-04-03 00:10:00,1,停机,False,正常,473,5
2024-04-03 00:11:00,2024-04-03 00:11:00,1,空载牵引,False,正常,474,5
2024-04-03 00:12:00,2024-04-03 00:12:00,1,重载牵引,False,正常,475,5
2024-04-03 00:13:00,2024-04-03 00:14:00,2,停机,False,正常,476,5
2024-04-03 00:15:00,2024-04-03 00:16:00,2,重载牵引,False,正常,477,5
2024-04-03 00:17:00,2024-04-03 00:17:00,1,停机,False,正常,478,5
2024-04-03 00:18:00,2024-04-03 00:22:00,5,重载牵引,False,正常,479,5
2024-04-03 00:23:00,2024-04-03 00:28:00,6,停机,False,正常,480,5
2024-04-03 00:29:00,2024-04-03 00:53:00,25,重载牵引,False,正常,481,5
2024-04-03 00:54:00,2024-04-03 00:54:00,1,待机,False,正常,482,5
2024-04-03 00:55:00,2024-04-03 00:55:00,1,停机,False,正常,483,5
2024-04-03 00:56:00,2024-04-03 00:59:00,4,重载牵引,False,正常,484,5
2024-04-03 01:00:00,2024-04-03 01:00:00,1,空载牵引,False,正常,485,5
2024-04-03 01:01:00,2024-04-03 01:20:00,20,重载牵引,False,正常,486,5
2024-04-03 01:21:00,2024-04-03 01:21:00,1,空载牵引,False,正常,487,5
2024-04-03 01:22:00,2024-04-03 01:22:00,1,重载牵引,False,正常,488,5
2024-04-03 01:23:00,2024-04-03 01:23:00,1,待机,False,正常,489,5
2024-04-03 01:24:00,2024-04-03 01:27:00,4,重载牵引,False,正常,490,5
2024-04-03 01:28:00,2024-04-03 01:28:00,1,待机,False,正常,491,5
2024-04-03 01:29:00,2024-04-03 01:29:00,1,重载牵引,False,正常,492,5
2024-04-03 01:30:00,2024-04-03 01:30:00,1,空载牵引,False,正常,493,5
2024-04-03 01:31:00,2024-04-03 01:31:00,1,重载牵引,False,正常,494,5
2024-04-03 01:32:00,2024-04-03 01:32:00,1,待机,False,正常,495,5
2024-04-03 01:33:00,2024-04-03 01:33:00,1,空载牵引,False,正常,496,5
2024-04-03 01:34:00,2024-04-03 01:34:00,1,待机,False,正常,497,5
2024-04-03 01:35:00,2024-04-03 01:41:00,7,重载牵引,False,正常,498,5
2024-04-03 01:42:00,2024-04-03 01:43:00,2,停机,False,正常,499,5
2024-04-03 01:44:00,2024-04-03 01:45:00,2,重载牵引,False,正常,500,5
2024-04-03 01:46:00,2024-04-03 01:46:00,1,待机,False,正常,501,5
2024-04-03 01:47:00,2024-04-03 01:48:00,2,重载牵引,False,正常,502,5
2024-04-03 01:49:00,2024-04-03 01:49:00,1,待机,False,正常,503,5
2024-04-03 01:50:00,2024-04-03 01:50:00,1,重载牵引,False,正常,504,5
2024-04-03 01:51:00,2024-04-03 01:51:00,1,待机,False,正常,505,5
2024-04-03 01:52:00,2024-04-03 01:52:00,1,重载牵引,False,正常,506,5
2024-04-03 01:53:00,2024-04-03 01:53:00,1,空载牵引,False,正常,507,5
2024-04-03 01:54:00,2024-04-03 01:55:00,2,重载牵引,False,正常,508,5
2024-04-03 01:56:00,2024-04-03 01:56:00,1,待机,False,正常,509,5
2024-04-03 01:57:00,2024-04-03 02:05:00,9,重载牵引,False,正常,510,5
2024-04-03 02:06:00,2024-04-03 02:06:00,1,待机,False,正常,511,5
2024-04-03 02:07:00,2024-04-03 02:11:00,5,重载牵引,False,正常,512,5
2024-04-03 02:12:00,2024-04-03 02:12:00,1,空载牵引,False,正常,513,5
2024-04-03 02:13:00,2024-04-03 02:13:00,1,停机,False,正常,514,5
2024-04-03 02:14:00,2024-04-03 02:14:00,1,重载牵引,False,正常,515,5
2024-04-03 02:15:00,2024-04-03 02:15:00,1,待机,False,正常,516,5
2024-04-03 02:16:00,2024-04-03 02:18:00,3,重载牵引,False,正常,517,5
2024-04-03 02:19:00,2024-04-03 02:20:00,2,空载牵引,False,正常,518,5
2024-04-03 02:21:00,2024-04-03 02:24:00,4,重载牵引,False,正常,519,5
2024-04-03 02:25:00,2024-04-03 02:25:00,1,空载牵引,False,正常,520,5
2024-04-03 02:26:00,2024-04-03 02:30:00,5,重载牵引,False,正常,521,5
2024-04-03 02:31:00,2024-04-03 02:31:00,1,待机,False,正常,522,5
2024-04-03 02:32:00,2024-04-03 02:38:00,7,重载牵引,False,正常,523,5
2024-04-03 02:39:00,2024-04-03 02:39:00,1,待机,False,正常,524,5
2024-04-03 02:40:00,2024-04-03 02:51:00,12,重载牵引,False,正常,525,5
2024-04-03 02:52:00,2024-04-03 02:52:00,1,待机,False,正常,526,5
2024-04-03 02:53:00,2024-04-03 02:56:00,4,重载牵引,False,正常,527,5
2024-04-03 02:57:00,2024-04-03 03:01:00,5,待机,False,正常,528,5
2024-04-03 03:02:00,2024-04-03 03:07:00,6,停机,False,正常,529,5
2024-04-03 03:08:00,2024-04-03 03:08:00,1,待机,False,正常,530,5
2024-04-03 03:09:00,2024-04-03 03:22:00,14,重载牵引,False,正常,531,5
2024-04-03 03:23:00,2024-04-03 03:23:00,1,待机,False,正常,532,5
2024-04-03 03:24:00,2024-04-03 03:25:00,2,重载牵引,False,正常,533,5
2024-04-03 03:26:00,2024-04-03 03:26:00,1,待机,False,正常,534,5
2024-04-03 03:27:00,2024-04-03 03:27:00,1,停机,False,正常,535,5
2024-04-03 03:28:00,2024-04-03 03:36:00,9,重载牵引,False,正常,536,5
2024-04-03 03:37:00,2024-04-03 03:41:00,5,停机,False,正常,537,5
2024-04-03 03:42:00,2024-04-03 03:44:00,3,重载牵引,False,正常,538,5
2024-04-03 03:45:00,2024-04-03 03:46:00,2,停机,False,正常,539,5
2024-04-03 03:47:00,2024-04-03 04:09:00,23,重载牵引,False,正常,540,5
2024-04-03 04:10:00,2024-04-03 04:10:00,1,待机,False,正常,541,5
2024-04-03 04:11:00,2024-04-03 04:19:00,9,重载牵引,False,正常,542,5
2024-04-03 04:20:00,2024-04-03 04:20:00,1,停机,False,正常,543,5
2024-04-03 04:21:00,2024-04-03 04:26:00,6,重载牵引,False,正常,544,5
2024-04-03 04:27:00,2024-04-03 04:27:00,1,待机,False,正常,545,5
2024-04-03 04:28:00,2024-04-03 04:28:00,1,重载牵引,False,正常,546,5
2024-04-03 04:29:00,2024-04-03 04:29:00,1,空载牵引,False,正常,547,5
2024-04-03 04:30:00,2024-04-03 04:33:00,4,重载牵引,False,正常,548,5
2024-04-03 04:34:00,2024-04-03 04:34:00,1,待机,False,正常,549,5
2024-04-03 04:35:00,2024-04-03 04:35:00,1,重载牵引,False,正常,550,5
2024-04-03 04:36:00,2024-04-03 04:36:00,1,空载牵引,False,正常,551,5
2024-04-03 04:37:00,2024-04-03 04:58:00,22,重载牵引,False,正常,552,5
2024-04-03 04:59:00,2024-04-03 04:59:00,1,空载牵引,False,正常,553,5
2024-04-03 05:00:00,2024-04-03 05:00:00,1,待机,False,正常,554,5
2024-04-03 05:01:00,2024-04-03 05:20:00,20,重载牵引,False,正常,555,5
2024-04-03 05:21:00,2024-04-03 05:21:00,1,待机,False,正常,556,5
2024-04-03 05:22:00,2024-04-03 05:22:00,1,重载牵引,False,正常,557,5
2024-04-03 05:23:00,2024-04-03 05:23:00,1,停机,False,正常,558,5
2024-04-03 05:24:00,2024-04-03 06:24:00,61,重载牵引,False,正常,559,5
2024-04-03 06:25:00,2024-04-03 06:25:00,1,停机,False,正常,560,5
2024-04-03 06:26:00,2024-04-03 06:47:00,22,重载牵引,False,正常,561,5
2024-04-03 06:48:00,2024-04-03 06:48:00,1,待机,False,正常,562,5
2024-04-03 06:49:00,2024-04-03 06:58:00,10,重载牵引,False,正常,563,5
2024-04-03 06:59:00,2024-04-03 06:59:00,1,待机,False,正常,564,5
2024-04-03 07:00:00,2024-04-03 07:00:00,1,重载牵引,False,正常,565,5
2024-04-03 07:01:00,2024-04-03 07:01:00,1,停机,False,正常,566,5
2024-04-03 07:02:00,2024-04-03 07:04:00,3,重载牵引,False,正常,567,5
2024-04-03 07:05:00,2024-04-03 07:05:00,1,停机,False,正常,568,5
2024-04-03 07:06:00,2024-04-03 07:06:00,1,空载牵引,False,正常,569,5
2024-04-03 07:07:00,2024-04-03 07:27:00,21,重载牵引,False,正常,570,5
2024-04-03 07:28:00,2024-04-03 07:28:00,1,待机,False,正常,571,5
2024-04-03 07:29:00,2024-04-03 07:35:00,7,重载牵引,False,正常,572,5
2024-04-03 07:36:00,2024-04-03 07:36:00,1,待机,False,正常,573,5
2024-04-03 07:37:00,2024-04-03 07:38:00,2,重载牵引,False,正常,574,5
2024-04-03 07:39:00,2024-04-03 07:43:00,5,停机,False,正常,575,5
2024-04-03 07:44:00,2024-04-03 07:49:00,6,重载牵引,False,正常,576,5
2024-04-03 07:50:00,2024-04-03 07:50:00,1,空载牵引,False,正常,577,5
2024-04-03 07:51:00,2024-04-03 07:51:00,1,待机,False,正常,578,5
2024-04-03 07:52:00,2024-04-03 07:52:00,1,停机,False,正常,579,5
2024-04-03 07:53:00,2024-04-03 08:06:00,14,重载牵引,False,正常,580,5
2024-04-03 08:07:00,2024-04-03 08:07:00,1,待机,False,正常,581,5
2024-04-03 08:08:00,2024-04-03 08:08:00,1,重载牵引,False,正常,582,5
2024-04-03 08:09:00,2024-04-03 08:09:00,1,待机,False,正常,583,5
2024-04-03 08:10:00,2024-04-03 08:10:00,1,停机,False,正常,584,5
2024-04-03 08:11:00,2024-04-03 08:11:00,1,待机,False,正常,585,5
2024-04-03 08:12:00,2024-04-03 08:19:00,8,重载牵引,False,正常,586,5
2024-04-03 08:20:00,2024-04-03 08:20:00,1,空载牵引,False,正常,587,5
2024-04-03 08:21:00,2024-04-03 08:21:00,1,待机,False,正常,588,5
2024-04-03 08:22:00,2024-04-03 08:26:00,5,重载牵引,False,正常,589,5
2024-04-03 08:27:00,2024-04-03 08:27:00,1,待机,False,正常,590,5
2024-04-03 08:28:00,2024-04-03 08:33:00,6,停机,False,正常,591,5
2024-04-03 08:34:00,2024-04-03 08:36:00,3,重载牵引,False,正常,592,5
2024-04-03 08:37:00,2024-04-03 08:37:00,1,停机,False,正常,593,5
2024-04-03 08:38:00,2024-04-03 08:40:00,3,重载牵引,False,正常,594,5
2024-04-03 08:41:00,2024-04-03 08:41:00,1,待机,False,正常,595,5
2024-04-03 08:42:00,2024-04-03 08:43:00,2,重载牵引,False,正常,596,5
2024-04-03 08:44:00,2024-04-03 08:44:00,1,待机,False,正常,597,5
2024-04-03 08:45:00,2024-04-03 08:49:00,5,重载牵引,False,正常,598,5
2024-04-03 08:50:00,2024-04-03 08:52:00,3,停机,False,正常,599,5
2024-04-03 08:53:00,2024-04-03 09:04:00,12,重载牵引,False,正常,600,5
2024-04-03 09:05:00,2024-04-03 09:06:00,2,停机,False,正常,601,5
2024-04-03 09:07:00,2024-04-03 09:07:00,1,待机,False,正常,602,5
2024-04-03 09:08:00,2024-04-03 09:08:00,1,停机,False,正常,603,5
2024-04-03 09:09:00,2024-04-03 09:10:00,2,重载牵引,False,正常,604,5
2024-04-03 09:11:00,2024-04-03 09:12:00,2,待机,False,正常,605,5
2024-04-03 09:13:00,2024-04-03 09:22:00,10,重载牵引,False,正常,606,5
2024-04-03 09:23:00,2024-04-03 09:23:00,1,空载牵引,False,正常,607,5
2024-04-03 09:24:00,2024-04-03 09:27:00,4,重载牵引,False,正常,608,5
2024-04-03 09:28:00,2024-04-03 09:28:00,1,停机,False,正常,609,5
2024-04-03 09:29:00,2024-04-03 09:29:00,1,重载牵引,False,正常,610,5
2024-04-03 09:30:00,2024-04-03 09:31:00,2,停机,False,正常,611,5
2024-04-03 09:32:00,2024-04-03 09:49:00,18,重载牵引,False,正常,612,5
2024-04-03 09:50:00,2024-04-03 09:50:00,1,待机,False,正常,613,5
2024-04-03 09:51:00,2024-04-03 09:54:00,4,重载牵引,False,正常,614,5
2024-04-03 09:55:00,2024-04-03 10:01:00,7,停机,False,正常,615,5
2024-04-03 10:02:00,2024-04-03 13:58:00,237,待机,True,异常持续段（>120min 阈值）,616,6
2024-04-03 13:59:00,2024-04-03 14:03:00,5,停机,False,正常,617,7
2024-04-03 14:04:00,2024-04-03 15:26:00,83,待机,False,正常,618,7
2024-04-03 15:27:00,2024-04-03 15:48:00,22,停机,False,正常,619,7
2024-04-03 15:49:00,2024-04-03 15:50:00,2,待机,False,正常,620,7
2024-04-03 15:51:00,2024-04-03 16:25:00,35,停机,False,正常,621,7
2024-04-03 16:26:00,2024-04-03 16:30:00,5,重载牵引,False,正常,622,7
2024-04-03 16:31:00,2024-04-03 16:31:00,1,空载牵引,False,正常,623,7
2024-04-03 16:32:00,2024-04-03 16:54:00,23,重载牵引,False,正常,624,7
2024-04-03 16:55:00,2024-04-03 16:55:00,1,停机,False,正常,625,7
2024-04-03 16:56:00,2024-04-03 17:03:00,8,重载牵引,False,正常,626,7
2024-04-03 17:04:00,2024-04-03 17:10:00,7,待机,False,正常,627,7
2024-04-03 17:11:00,2024-04-03 17:12:00,2,停机,False,正常,628,7
2024-04-03 17:13:00,2024-04-03 17:29:00,17,重载牵引,False,正常,629,7
2024-04-03 17:30:00,2024-04-03 17:30:00,1,待机,False,正常,630,7
2024-04-03 17:31:00,2024-04-03 17:37:00,7,重载牵引,False,正常,631,7
2024-04-03 17:38:00,2024-04-03 17:38:00,1,待机,False,正常,632,7
2024-04-03 17:39:00,2024-04-03 17:41:00,3,重载牵引,False,正常,633,7
2024-04-03 17:42:00,2024-04-03 17:42:00,1,空载牵引,False,正常,634,7
2024-04-03 17:43:00,2024-04-03 17:56:00,14,重载牵引,False,正常,635,7
2024-04-03 17:57:00,2024-04-03 18:17:00,21,停机,False,正常,636,7
2024-04-03 18:18:00,2024-04-03 18:19:00,2,重载牵引,False,正常,637,7
2024-04-03 18:20:00,2024-04-03 18:20:00,1,空载牵引,False,正常,638,7
2024-04-03 18:21:00,2024-04-03 18:26:00,6,重载牵引,False,正常,639,7
2024-04-03 18:27:00,2024-04-03 18:28:00,2,停机,False,正常,640,7
2024-04-03 18:29:00,2024-04-03 18:34:00,6,重载牵引,False,正常,641,7
2024-04-03 18:35:00,2024-04-03 18:35:00,1,停机,False,正常,642,7
2024-04-03 18:36:00,2024-04-03 18:38:00,3,重载牵引,False,正常,643,7
2024-04-03 18:39:00,2024-04-03 18:41:00,3,停机,False,正常,644,7
2024-04-03 18:42:00,2024-04-03 18:48:00,7,重载牵引,False,正常,645,7
2024-04-03 18:49:00,2024-04-03 18:49:00,1,待机,False,正常,646,7
2024-04-03 18:50:00,2024-04-03 19:17:00,28,重载牵引,False,正常,647,7
2024-04-03 19:18:00,2024-04-03 19:21:00,4,停机,False,正常,648,7
2024-04-03 19:22:00,2024-04-03 19:25:00,4,重载牵引,False,正常,649,7
2024-04-03 19:26:00,2024-04-03 19:26:00,1,待机,False,正常,650,7
2024-04-03 19:27:00,2024-04-03 19:28:00,2,重载牵引,False,正常,651,7
2024-04-03 19:29:00,2024-04-03 19:29:00,1,停机,False,正常,652,7
2024-04-03 19:30:00,2024-04-03 19:32:00,3,重载牵引,False,正常,653,7
2024-04-03 19:33:00,2024-04-03 19:33:00,1,停机,False,正常,654,7
2024-04-03 19:34:00,2024-04-03 19:37:00,4,重载牵引,False,正常,655,7
2024-04-03 19:38:00,2024-04-03 19:38:00,1,空载牵引,False,正常,656,7
2024-04-03 19:39:00,2024-04-03 19:43:00,5,重载牵引,False,正常,657,7
2024-04-03 19:44:00,2024-04-03 19:45:00,2,空载牵引,False,正常,658,7
2024-04-03 19:46:00,2024-04-03 19:47:00,2,重载牵引,False,正常,659,7
2024-04-03 19:48:00,2024-04-03 19:49:00,2,空载牵引,False,正常,660,7
2024-04-03 19:50:00,2024-04-03 20:02:00,13,重载牵引,False,正常,661,7
2024-04-03 20:03:00,2024-04-03 20:03:00,1,待机,False,正常,662,7
2024-04-03 20:04:00,2024-04-03 20:05:00,2,停机,False,正常,663,7
2024-04-03 20:06:00,2024-04-03 20:25:00,20,重载牵引,False,正常,664,7
2024-04-03 20:26:00,2024-04-03 20:26:00,1,待机,False,正常,665,7
2024-04-03 20:27:00,2024-04-03 20:33:00,7,重载牵引,False,正常,666,7
2024-04-03 20:34:00,2024-04-03 20:35:00,2,待机,False,正常,667,7
2024-04-03 20:36:00,2024-04-03 20:37:00,2,空载牵引,False,正常,668,7
2024-04-03 20:38:00,2024-04-03 20:41:00,4,重载牵引,False,正常,669,7
2024-04-03 20:42:00,2024-04-03 20:42:00,1,待机,False,正常,670,7
2024-04-03 20:43:00,2024-04-03 20:49:00,7,重载牵引,False,正常,671,7
2024-04-03 20:50:00,2024-04-03 20:51:00,2,停机,False,正常,672,7
2024-04-03 20:52:00,2024-04-03 20:52:00,1,重载牵引,False,正常,673,7
2024-04-03 20:53:00,2024-04-03 20:55:00,3,停机,False,正常,674,7
2024-04-03 20:56:00,2024-04-03 20:56:00,1,重载牵引,False,正常,675,7
2024-04-03 20:57:00,2024-04-03 20:57:00,1,待机,False,正常,676,7
2024-04-03 20:58:00,2024-04-03 21:02:00,5,重载牵引,False,正常,677,7
2024-04-03 21:03:00,2024-04-03 21:36:00,34,停机,False,正常,678,7
2024-04-03 21:37:00,2024-04-03 21:37:00,1,重载牵引,False,正常,679,7
2024-04-03 21:38:00,2024-04-03 21:41:00,4,停机,False,正常,680,7
2024-04-03 21:42:00,2024-04-03 21:44:00,3,重载牵引,False,正常,681,7
2024-04-03 21:45:00,2024-04-03 21:45:00,1,待机,False,正常,682,7
2024-04-03 21:46:00,2024-04-03 21:46:00,1,重载牵引,False,正常,683,7
2024-04-03 21:47:00,2024-04-03 21:47:00,1,空载牵引,False,正常,684,7
2024-04-03 21:48:00,2024-04-03 21:54:00,7,重载牵引,False,正常,685,7
2024-04-03 21:55:00,2024-04-03 21:55:00,1,待机,False,正常,686,7
2024-04-03 21:56:00,2024-04-03 22:05:00,10,重载牵引,False,正常,687,7
2024-04-03 22:06:00,2024-04-03 22:06:00,1,空载牵引,False,正常,688,7
2024-04-03 22:07:00,2024-04-03 22:17:00,11,重载牵引,False,正常,689,7
2024-04-03 22:18:00,2024-04-03 22:18:00,1,停机,False,正常,690,7
2024-04-03 22:19:00,2024-04-03 22:22:00,4,重载牵引,False,正常,691,7
2024-04-03 22:23:00,2024-04-03 22:23:00,1,待机,False,正常,692,7
2024-04-03 22:24:00,2024-04-03 22:30:00,7,重载牵引,False,正常,693,7
2024-04-03 22:31:00,2024-04-03 22:31:00,1,待机,False,正常,694,7
2024-04-03 22:32:00,2024-04-03 22:32:00,1,重载牵引,False,正常,695,7
2024-04-03 22:33:00,2024-04-03 22:33:00,1,待机,False,正常,696,7
2024-04-03 22:34:00,2024-04-03 22:40:00,7,重载牵引,False,正常,697,7
2024-04-03 22:41:00,2024-04-03 22:41:00,1,空载牵引,False,正常,698,7
2024-04-03 22:42:00,2024-04-03 22:44:00,3,重载牵引,False,正常,699,7
2024-04-03 22:45:00,2024-04-03 22:45:00,1,待机,False,正常,700,7
2024-04-03 22:46:00,2024-04-03 22:46:00,1,重载牵引,False,正常,701,7
2024-04-03 22:47:00,2024-04-03 22:48:00,2,停机,False,正常,702,7
2024-04-03 22:49:00,2024-04-03 22:57:00,9,重载牵引,False,正常,703,7
2024-04-03 22:58:00,2024-04-03 22:58:00,1,空载牵引,False,正常,704,7
2024-04-03 22:59:00,2024-04-03 23:00:00,2,重载牵引,False,正常,705,7
2024-04-03 23:01:00,2024-04-03 23:02:00,2,停机,False,正常,706,7
2024-04-03 23:03:00,2024-04-03 23:03:00,1,重载牵引,False,正常,707,7
2024-04-03 23:04:00,2024-04-03 23:04:00,1,待机,False,正常,708,7
2024-04-03 23:05:00,2024-04-03 23:05:00,1,重载牵引,False,正常,709,7
2024-04-03 23:06:00,2024-04-03 23:06:00,1,空载牵引,False,正常,710,7
2024-04-03 23:07:00,2024-04-03 23:26:00,20,重载牵引,False,正常,711,7
2024-04-03 23:27:00,2024-04-03 23:27:00,1,待机,False,正常,712,7
2024-04-03 23:28:00,2024-04-03 23:40:00,13,重载牵引,False,正常,713,7
2024-04-03 23:41:00,2024-04-03 23:41:00,1,空载牵引,False,正常,714,7
2024-04-03 23:42:00,2024-04-03 23:48:00,7,重载牵引,False,正常,715,7
2024-04-03 23:49:00,2024-04-03 23:50:00,2,停机,False,正常,716,7
2024-04-03 23:51:00,2024-04-03 23:51:00,1,重载牵引,False,正常,717,7
2024-04-03 23:52:00,2024-04-03 23:53:00,2,停机,False,正常,718,7
2024-04-03 23:54:00,2024-04-03 23:55:00,2,重载牵引,False,正常,719,7
2024-04-03 23:56:00,2024-04-03 23:57:00,2,停机,False,正常,720,7
2024-04-03 23:58:00,2024-04-04 00:00:00,3,重载牵引,False,正常,721,7
2024-04-04 00:01:00,2024-04-04 00:03:00,3,停机,False,正常,722,7
2024-04-04 00:04:00,2024-04-04 00:04:00,1,待机,False,正常,723,7
2024-04-04 00:05:00,2024-04-04 00:12:00,8,重载牵引,False,正常,724,7
2024-04-04 00:13:00,2024-04-04 00:13:00,1,待机,False,正常,725,7
2024-04-04 00:14:00,2024-04-04 00:16:00,3,停机,False,正常,726,7
2024-04-04 00:17:00,2024-04-04 00:17:00,1,重载牵引,False,正常,727,7
2024-04-04 00:18:00,2024-04-04 00:18:00,1,待机,False,正常,728,7
2024-04-04 00:19:00,2024-04-04 00:19:00,1,停机,False,正常,729,7
2024-04-04 00:20:00,2024-04-04 00:24:00,5,重载牵引,False,正常,730,7
2024-04-04 00:25:00,2024-04-04 00:25:00,1,停机,False,正常,731,7
2024-04-04 00:26:00,2024-04-04 00:31:00,6,重载牵引,False,正常,732,7
2024-04-04 00:32:00,2024-04-04 00:34:00,3,停机,False,正常,733,7
2024-04-04 00:35:00,2024-04-04 00:38:00,4,重载牵引,False,正常,734,7
2024-04-04 00:39:00,2024-04-04 00:39:00,1,空载牵引,False,正常,735,7
2024-04-04 00:40:00,2024-04-04 00:41:00,2,重载牵引,False,正常,736,7
2024-04-04 00:42:00,2024-04-04 00:42:00,1,停机,False,正常,737,7
2024-04-04 00:43:00,2024-04-04 01:02:00,20,重载牵引,False,正常,738,7
2024-04-04 01:03:00,2024-04-04 01:03:00,1,空载牵引,False,正常,739,7
2024-04-04 01:04:00,2024-04-04 01:06:00,3,重载牵引,False,正常,740,7
2024-04-04 01:07:00,2024-04-04 01:08:00,2,停机,False,正常,741,7
2024-04-04 01:09:00,2024-04-04 01:09:00,1,待机,False,正常,742,7
2024-04-04 01:10:00,2024-04-04 01:10:00,1,停机,False,正常,743,7
2024-04-04 01:11:00,2024-04-04 01:11:00,1,重载牵引,False,正常,744,7
2024-04-04 01:12:00,2024-04-04 01:12:00,1,停机,False,正常,745,7
2024-04-04 01:13:00,2024-04-04 01:29:00,17,重载牵引,False,正常,746,7
2024-04-04 01:30:00,2024-04-04 01:30:00,1,停机,False,正常,747,7
2024-04-04 01:31:00,2024-04-04 01:34:00,4,重载牵引,False,正常,748,7
2024-04-04 01:35:00,2024-04-04 01:35:00,1,待机,False,正常,749,7
2024-04-04 01:36:00,2024-04-04 01:37:00,2,重载牵引,False,正常,750,7
2024-04-04 01:38:00,2024-04-04 01:38:00,1,待机,False,正常,751,7
2024-04-04 01:39:00,2024-04-04 01:41:00,3,停机,False,正常,752,7
2024-04-04 01:42:00,2024-04-04 01:42:00,1,重载牵引,False,正常,753,7
2024-04-04 01:43:00,2024-04-04 01:43:00,1,空载牵引,False,正常,754,7
2024-04-04 01:44:00,2024-04-04 01:44:00,1,重载牵引,False,正常,755,7
2024-04-04 01:45:00,2024-04-04 01:45:00,1,待机,False,正常,756,7
2024-04-04 01:46:00,2024-04-04 01:46:00,1,空载牵引,False,正常,757,7
2024-04-04 01:47:00,2024-04-04 01:48:00,2,重载牵引,False,正常,758,7
2024-04-04 01:49:00,2024-04-04 01:49:00,1,空载牵引,False,正常,759,7
2024-04-04 01:50:00,2024-04-04 02:00:00,11,重载牵引,False,正常,760,7
2024-04-04 02:01:00,2024-04-04 02:01:00,1,停机,False,正常,761,7
2024-04-04 02:02:00,2024-04-04 03:37:00,96,待机,False,正常,762,7
2024-04-04 03:38:00,2024-04-04 03:39:00,2,停机,False,正常,763,7
2024-04-04 03:40:00,2024-04-04 03:59:00,20,重载牵引,False,正常,764,7
2024-04-04 04:00:00,2024-04-04 04:01:00,2,停机,False,正常,765,7
2024-04-04 04:02:00,2024-04-04 04:02:00,1,待机,False,正常,766,7
2024-04-04 04:03:00,2024-04-04 04:04:00,2,停机,False,正常,767,7
2024-04-04 04:05:00,2024-04-04 04:09:00,5,重载牵引,False,正常,768,7
2024-04-04 04:10:00,2024-04-04 04:10:00,1,待机,False,正常,769,7
2024-04-04 04:11:00,2024-04-04 04:29:00,19,停机,False,正常,770,7
2024-04-04 04:30:00,2024-04-04 04:38:00,9,重载牵引,False,正常,771,7
2024-04-04 04:39:00,2024-04-04 04:39:00,1,停机,False,正常,772,7
2024-04-04 04:40:00,2024-04-04 04:43:00,4,重载牵引,False,正常,773,7
2024-04-04 04:44:00,2024-04-04 04:44:00,1,待机,False,正常,774,7
2024-04-04 04:45:00,2024-04-04 04:47:00,3,重载牵引,False,正常,775,7
2024-04-04 04:48:00,2024-04-04 04:48:00,1,待机,False,正常,776,7
2024-04-04 04:49:00,2024-04-04 05:11:00,23,重载牵引,False,正常,777,7
2024-04-04 05:12:00,2024-04-04 05:12:00,1,停机,False,正常,778,7
2024-04-04 05:13:00,2024-04-04 05:18:00,6,重载牵引,False,正常,779,7
2024-04-04 05:19:00,2024-04-04 05:20:00,2,停机,False,正常,780,7
2024-04-04 05:21:00,2024-04-04 05:23:00,3,重载牵引,False,正常,781,7
2024-04-04 05:24:00,2024-04-04 05:24:00,1,空载牵引,False,正常,782,7
2024-04-04 05:25:00,2024-04-04 05:40:00,16,重载牵引,False,正常,783,7
2024-04-04 05:41:00,2024-04-04 05:41:00,1,待机,False,正常,784,7
2024-04-04 05:42:00,2024-04-04 05:55:00,14,重载牵引,False,正常,785,7
2024-04-04 05:56:00,2024-04-04 05:56:00,1,停机,False,正常,786,7
2024-04-04 05:57:00,2024-04-04 06:23:00,27,重载牵引,False,正常,787,7
2024-04-04 06:24:00,2024-04-04 06:24:00,1,空载牵引,False,正常,788,7
2024-04-04 06:25:00,2024-04-04 06:57:00,33,重载牵引,False,正常,789,7
2024-04-04 06:58:00,2024-04-04 06:58:00,1,待机,False,正常,790,7
2024-04-04 06:59:00,2024-04-04 07:04:00,6,重载牵引,False,正常,791,7
2024-04-04 07:05:00,2024-04-04 07:05:00,1,待机,False,正常,792,7
2024-04-04 07:06:00,2024-04-04 07:06:00,1,重载牵引,False,正常,793,7
2024-04-04 07:07:00,2024-04-04 07:07:00,1,空载牵引,False,正常,794,7
2024-04-04 07:08:00,2024-04-04 07:13:00,6,重载牵引,False,正常,795,7
2024-04-04 07:14:00,2024-04-04 07:14:00,1,待机,False,正常,796,7
2024-04-04 07:15:00,2024-04-04 07:17:00,3,重载牵引,False,正常,797,7
2024-04-04 07:18:00,2024-04-04 07:19:00,2,空载牵引,False,正常,798,7
2024-04-04 07:20:00,2024-04-04 07:20:00,1,重载牵引,False,正常,799,7
2024-04-04 07:21:00,2024-04-04 07:25:00,5,停机,False,正常,800,7
2024-04-04 07:26:00,2024-04-04 07:35:00,10,重载牵引,False,正常,801,7
2024-04-04 07:36:00,2024-04-04 07:36:00,1,待机,False,正常,802,7
2024-04-04 07:37:00,2024-04-04 07:37:00,1,停机,False,正常,803,7
2024-04-04 07:38:00,2024-04-04 07:42:00,5,重载牵引,False,正常,804,7
2024-04-04 07:43:00,2024-04-04 07:43:00,1,停机,False,正常,805,7
2024-04-04 07:44:00,2024-04-04 07:59:00,16,重载牵引,False,正常,806,7
2024-04-04 08:00:00,2024-04-04 08:01:00,2,空载牵引,False,正常,807,7
2024-04-04 08:02:00,2024-04-04 08:03:00,2,重载牵引,False,正常,808,7
2024-04-04 08:04:00,2024-04-04 08:08:00,5,停机,False,正常,809,7
2024-04-04 08:09:00,2024-04-04 08:17:00,9,待机,False,正常,810,7
2024-04-04 08:18:00,2024-04-04 08:22:00,5,重载牵引,False,正常,811,7
2024-04-04 08:23:00,2024-04-04 08:29:00,7,停机,False,正常,812,7
2024-04-04 08:30:00,2024-04-04 08:33:00,4,重载牵引,False,正常,813,7
2024-04-04 08:34:00,2024-04-04 08:34:00,1,待机,False,正常,814,7
2024-04-04 08:35:00,2024-04-04 08:43:00,9,重载牵引,False,正常,815,7
2024-04-04 08:44:00,2024-04-04 08:46:00,3,停机,False,正常,816,7
2024-04-04 08:47:00,2024-04-04 08:49:00,3,待机,False,正常,817,7
2024-04-04 08:50:00,2024-04-04 08:52:00,3,停机,False,正常,818,7
2024-04-04 08:53:00,2024-04-04 08:57:00,5,重载牵引,False,正常,819,7
2024-04-04 08:58:00,2024-04-04 09:04:00,7,停机,False,正常,820,7
2024-04-04 09:05:00,2024-04-04 09:05:00,1,重载牵引,False,正常,821,7
2024-04-04 09:06:00,2024-04-04 09:07:00,2,停机,False,正常,822,7
2024-04-04 09:08:00,2024-04-04 13:10:00,243,待机,True,通讯中断/传感器休眠（段持续 >= 4h）,823,8
2024-04-04 13:11:00,2024-04-04 13:48:00,38,停机,False,正常,824,9
2024-04-04 13:49:00,2024-04-04 13:49:00,1,待机,False,正常,825,9
2024-04-04 13:50:00,2024-04-04 14:42:00,53,停机,False,正常,826,9
2024-04-04 14:43:00,2024-04-04 14:43:00,1,待机,False,正常,827,9
2024-04-04 14:44:00,2024-04-04 15:09:00,26,停机,False,正常,828,9
2024-04-04 15:10:00,2024-04-04 15:10:00,1,重载牵引,False,正常,829,9
2024-04-04 15:11:00,2024-04-04 15:11:00,1,待机,False,正常,830,9
2024-04-04 15:12:00,2024-04-04 15:31:00,20,停机,False,正常,831,9
2024-04-04 15:32:00,2024-04-04 15:35:00,4,重载牵引,False,正常,832,9
2024-04-04 15:36:00,2024-04-04 15:36:00,1,待机,False,正常,833,9
2024-04-04 15:37:00,2024-04-04 15:37:00,1,停机,False,正常,834,9
2024-04-04 15:38:00,2024-04-04 15:40:00,3,重载牵引,False,正常,835,9
2024-04-04 15:41:00,2024-04-04 15:47:00,7,停机,False,正常,836,9
2024-04-04 15:48:00,2024-04-04 16:00:00,13,重载牵引,False,正常,837,9
2024-04-04 16:01:00,2024-04-04 16:01:00,1,停机,False,正常,838,9
2024-04-04 16:02:00,2024-04-04 16:03:00,2,重载牵引,False,正常,839,9
2024-04-04 16:04:00,2024-04-04 16:04:00,1,空载牵引,False,正常,840,9
2024-04-04 16:05:00,2024-04-04 16:24:00,20,重载牵引,False,正常,841,9
2024-04-04 16:25:00,2024-04-04 16:25:00,1,空载牵引,False,正常,842,9
2024-04-04 16:26:00,2024-04-04 16:27:00,2,重载牵引,False,正常,843,9
2024-04-04 16:28:00,2024-04-04 16:28:00,1,停机,False,正常,844,9
2024-04-04 16:29:00,2024-04-04 16:38:00,10,重载牵引,False,正常,845,9
2024-04-04 16:39:00,2024-04-04 16:39:00,1,停机,False,正常,846,9
2024-04-04 16:40:00,2024-04-04 16:44:00,5,重载牵引,False,正常,847,9
2024-04-04 16:45:00,2024-04-04 16:45:00,1,待机,False,正常,848,9
2024-04-04 16:46:00,2024-04-04 16:51:00,6,重载牵引,False,正常,849,9
2024-04-04 16:52:00,2024-04-04 16:52:00,1,停机,False,正常,850,9
2024-04-04 16:53:00,2024-04-04 17:01:00,9,重载牵引,False,正常,851,9
2024-04-04 17:02:00,2024-04-04 17:02:00,1,待机,False,正常,852,9
2024-04-04 17:03:00,2024-04-04 17:11:00,9,重载牵引,False,正常,853,9
2024-04-04 17:12:00,2024-04-04 17:12:00,1,空载牵引,False,正常,854,9
2024-04-04 17:13:00,2024-04-04 17:16:00,4,重载牵引,False,正常,855,9
2024-04-04 17:17:00,2024-04-04 17:37:00,21,停机,False,正常,856,9
2024-04-04 17:38:00,2024-04-04 17:43:00,6,重载牵引,False,正常,857,9
2024-04-04 17:44:00,2024-04-04 17:45:00,2,待机,False,正常,858,9
2024-04-04 17:46:00,2024-04-04 18:23:00,38,重载牵引,False,正常,859,9
2024-04-04 18:24:00,2024-04-04 18:24:00,1,停机,False,正常,860,9
2024-04-04 18:25:00,2024-04-04 18:28:00,4,重载牵引,False,正常,861,9
2024-04-04 18:29:00,2024-04-04 18:29:00,1,待机,False,正常,862,9
2024-04-04 18:30:00,2024-04-04 18:38:00,9,重载牵引,False,正常,863,9
2024-04-04 18:39:00,2024-04-04 18:39:00,1,待机,False,正常,864,9
2024-04-04 18:40:00,2024-04-04 18:40:00,1,重载牵引,False,正常,865,9
2024-04-04 18:41:00,2024-04-04 18:41:00,1,空载牵引,False,正常,866,9
2024-04-04 18:42:00,2024-04-04 18:46:00,5,重载牵引,False,正常,867,9
2024-04-04 18:47:00,2024-04-04 18:47:00,1,待机,False,正常,868,9
2024-04-04 18:48:00,2024-04-04 18:49:00,2,重载牵引,False,正常,869,9
2024-04-04 18:50:00,2024-04-04 18:50:00,1,待机,False,正常,870,9
2024-04-04 18:51:00,2024-04-04 19:21:00,31,重载牵引,False,正常,871,9
2024-04-04 19:22:00,2024-04-04 19:22:00,1,空载牵引,False,正常,872,9
2024-04-04 19:23:00,2024-04-04 19:27:00,5,重载牵引,False,正常,873,9
2024-04-04 19:28:00,2024-04-04 19:28:00,1,停机,False,正常,874,9
2024-04-04 19:29:00,2024-04-04 19:29:00,1,重载牵引,False,正常,875,9
2024-04-04 19:30:00,2024-04-04 19:30:00,1,待机,False,正常,876,9
2024-04-04 19:31:00,2024-04-04 19:31:00,1,重载牵引,False,正常,877,9
2024-04-04 19:32:00,2024-04-04 19:32:00,1,停机,False,正常,878,9
2024-04-04 19:33:00,2024-04-04 19:38:00,6,重载牵引,False,正常,879,9
2024-04-04 19:39:00,2024-04-04 19:39:00,1,待机,False,正常,880,9
2024-04-04 19:40:00,2024-04-04 19:41:00,2,重载牵引,False,正常,881,9
2024-04-04 19:42:00,2024-04-04 19:42:00,1,待机,False,正常,882,9
2024-04-04 19:43:00,2024-04-04 19:46:00,4,重载牵引,False,正常,883,9
2024-04-04 19:47:00,2024-04-04 19:49:00,3,停机,False,正常,884,9
2024-04-04 19:50:00,2024-04-04 19:50:00,1,重载牵引,False,正常,885,9
2024-04-04 19:51:00,2024-04-04 19:54:00,4,停机,False,正常,886,9
2024-04-04 19:55:00,2024-04-04 19:57:00,3,重载牵引,False,正常,887,9
2024-04-04 19:58:00,2024-04-04 19:58:00,1,待机,False,正常,888,9
2024-04-04 19:59:00,2024-04-04 19:59:00,1,重载牵引,False,正常,889,9
2024-04-04 20:00:00,2024-04-04 20:00:00,1,停机,False,正常,890,9
2024-04-04 20:01:00,2024-04-04 20:06:00,6,重载牵引,False,正常,891,9
2024-04-04 20:07:00,2024-04-04 20:08:00,2,停机,False,正常,892,9
2024-04-04 20:09:00,2024-04-04 20:31:00,23,重载牵引,False,正常,893,9
2024-04-04 20:32:00,2024-04-04 20:34:00,3,停机,False,正常,894,9
2024-04-04 20:35:00,2024-04-04 20:53:00,19,重载牵引,False,正常,895,9
2024-04-04 20:54:00,2024-04-04 20:54:00,1,停机,False,正常,896,9
2024-04-04 20:55:00,2024-04-04 21:01:00,7,重载牵引,False,正常,897,9
2024-04-04 21:02:00,2024-04-04 21:02:00,1,空载牵引,False,正常,898,9
2024-04-04 21:03:00,2024-04-04 21:08:00,6,重载牵引,False,正常,899,9
2024-04-04 21:09:00,2024-04-04 21:09:00,1,待机,False,正常,900,9
2024-04-04 21:10:00,2024-04-04 21:13:00,4,重载牵引,False,正常,901,9
2024-04-04 21:14:00,2024-04-04 21:14:00,1,待机,False,正常,902,9
2024-04-04 21:15:00,2024-04-04 21:15:00,1,停机,False,正常,903,9
2024-04-04 21:16:00,2024-04-04 21:35:00,20,重载牵引,False,正常,904,9
2024-04-04 21:36:00,2024-04-04 21:36:00,1,待机,False,正常,905,9
2024-04-04 21:37:00,2024-04-04 21:45:00,9,重载牵引,False,正常,906,9
2024-04-04 21:46:00,2024-04-04 21:46:00,1,空载牵引,False,正常,907,9
2024-04-04 21:47:00,2024-04-04 21:53:00,7,重载牵引,False,正常,908,9
2024-04-04 21:54:00,2024-04-04 21:54:00,1,待机,False,正常,909,9
2024-04-04 21:55:00,2024-04-04 21:57:00,3,重载牵引,False,正常,910,9
2024-04-04 21:58:00,2024-04-04 22:02:00,5,停机,False,正常,911,9
2024-04-04 22:03:00,2024-04-04 22:06:00,4,重载牵引,False,正常,912,9
2024-04-04 22:07:00,2024-04-04 22:07:00,1,待机,False,正常,913,9
2024-04-04 22:08:00,2024-04-04 22:09:00,2,重载牵引,False,正常,914,9
2024-04-04 22:10:00,2024-04-04 22:10:00,1,待机,False,正常,915,9
2024-04-04 22:11:00,2024-04-04 22:11:00,1,重载牵引,False,正常,916,9
2024-04-04 22:12:00,2024-04-04 22:12:00,1,待机,False,正常,917,9
2024-04-04 22:13:00,2024-04-04 22:16:00,4,重载牵引,False,正常,918,9
2024-04-04 22:17:00,2024-04-04 22:17:00,1,待机,False,正常,919,9
2024-04-04 22:18:00,2024-04-04 22:50:00,33,重载牵引,False,正常,920,9
2024-04-04 22:51:00,2024-04-04 22:51:00,1,待机,False,正常,921,9
2024-04-04 22:52:00,2024-04-04 22:55:00,4,重载牵引,False,正常,922,9
2024-04-04 22:56:00,2024-04-04 22:59:00,4,停机,False,正常,923,9
2024-04-04 23:00:00,2024-04-04 23:03:00,4,重载牵引,False,正常,924,9
2024-04-04 23:04:00,2024-04-04 23:04:00,1,待机,False,正常,925,9
2024-04-04 23:05:00,2024-04-04 23:06:00,2,重载牵引,False,正常,926,9
2024-04-04 23:07:00,2024-04-04 23:07:00,1,停机,False,正常,927,9
2024-04-04 23:08:00,2024-04-04 23:11:00,4,重载牵引,False,正常,928,9
2024-04-04 23:12:00,2024-04-04 23:17:00,6,停机,False,正常,929,9
2024-04-04 23:18:00,2024-04-04 23:28:00,11,重载牵引,False,正常,930,9
2024-04-04 23:29:00,2024-04-04 23:29:00,1,停机,False,正常,931,9
2024-04-04 23:30:00,2024-04-04 23:30:00,1,重载牵引,False,正常,932,9
2024-04-04 23:31:00,2024-04-04 23:32:00,2,停机,False,正常,933,9
2024-04-04 23:33:00,2024-04-04 23:42:00,10,重载牵引,False,正常,934,9
2024-04-04 23:43:00,2024-04-04 23:45:00,3,待机,False,正常,935,9
2024-04-04 23:46:00,2024-04-04 23:48:00,3,重载牵引,False,正常,936,9
2024-04-04 23:49:00,2024-04-04 23:49:00,1,停机,False,正常,937,9
2024-04-04 23:50:00,2024-04-04 23:50:00,1,待机,False,正常,938,9
2024-04-04 23:51:00,2024-04-04 23:55:00,5,停机,False,正常,939,9
2024-04-04 23:56:00,2024-04-04 23:56:00,1,待机,False,正常,940,9
2024-04-04 23:57:00,2024-04-05 00:02:00,6,停机,False,正常,941,9
2024-04-05 00:03:00,2024-04-05 00:04:00,2,重载牵引,False,正常,942,9
2024-04-05 00:05:00,2024-04-05 00:05:00,1,停机,False,正常,943,9
2024-04-05 00:06:00,2024-04-05 00:28:00,23,重载牵引,False,正常,944,9
2024-04-05 00:29:00,2024-04-05 00:30:00,2,待机,False,正常,945,9
2024-04-05 00:31:00,2024-04-05 00:31:00,1,重载牵引,False,正常,946,9
2024-04-05 00:32:00,2024-04-05 00:32:00,1,待机,False,正常,947,9
2024-04-05 00:33:00,2024-04-05 00:35:00,3,重载牵引,False,正常,948,9
2024-04-05 00:36:00,2024-04-05 00:36:00,1,待机,False,正常,949,9
2024-04-05 00:37:00,2024-04-05 00:37:00,1,重载牵引,False,正常,950,9
2024-04-05 00:38:00,2024-04-05 00:38:00,1,待机,False,正常,951,9
2024-04-05 00:39:00,2024-04-05 00:39:00,1,重载牵引,False,正常,952,9
2024-04-05 00:40:00,2024-04-05 00:40:00,1,待机,False,正常,953,9
2024-04-05 00:41:00,2024-04-05 00:52:00,12,重载牵引,False,正常,954,9
2024-04-05 00:53:00,2024-04-05 00:53:00,1,待机,False,正常,955,9
2024-04-05 00:54:00,2024-04-05 00:55:00,2,重载牵引,False,正常,956,9
2024-04-05 00:56:00,2024-04-05 00:56:00,1,待机,False,正常,957,9
2024-04-05 00:57:00,2024-04-05 01:00:00,4,重载牵引,False,正常,958,9
2024-04-05 01:01:00,2024-04-05 01:02:00,2,待机,False,正常,959,9
2024-04-05 01:03:00,2024-04-05 01:05:00,3,停机,False,正常,960,9
2024-04-05 01:06:00,2024-04-05 01:11:00,6,重载牵引,False,正常,961,9
2024-04-05 01:12:00,2024-04-05 01:12:00,1,停机,False,正常,962,9
2024-04-05 01:13:00,2024-04-05 01:23:00,11,重载牵引,False,正常,963,9
2024-04-05 01:24:00,2024-04-05 01:24:00,1,停机,False,正常,964,9
2024-04-05 01:25:00,2024-04-05 01:37:00,13,重载牵引,False,正常,965,9
2024-04-05 01:38:00,2024-04-05 01:42:00,5,停机,False,正常,966,9
2024-04-05 01:43:00,2024-04-05 01:46:00,4,重载牵引,False,正常,967,9
2024-04-05 01:47:00,2024-04-05 01:47:00,1,停机,False,正常,968,9
2024-04-05 01:48:00,2024-04-05 01:54:00,7,重载牵引,False,正常,969,9
2024-04-05 01:55:00,2024-04-05 02:02:00,8,停机,False,正常,970,9
2024-04-05 02:03:00,2024-04-05 02:03:00,1,待机,False,正常,971,9
2024-04-05 02:04:00,2024-04-05 02:08:00,5,重载牵引,False,正常,972,9
2024-04-05 02:09:00,2024-04-05 02:09:00,1,停机,False,正常,973,9
2024-04-05 02:10:00,2024-04-05 02:18:00,9,重载牵引,False,正常,974,9
2024-04-05 02:19:00,2024-04-05 02:19:00,1,停机,False,正常,975,9
2024-04-05 02:20:00,2024-04-05 02:21:00,2,重载牵引,False,正常,976,9
2024-04-05 02:22:00,2024-04-05 02:23:00,2,待机,False,正常,977,9
2024-04-05 02:24:00,2024-04-05 02:25:00,2,重载牵引,False,正常,978,9
2024-04-05 02:26:00,2024-04-05 02:30:00,5,停机,False,正常,979,9
2024-04-05 02:31:00,2024-04-05 02:31:00,1,重载牵引,False,正常,980,9
2024-04-05 02:32:00,2024-04-05 02:32:00,1,停机,False,正常,981,9
2024-04-05 02:33:00,2024-04-05 02:34:00,2,重载牵引,False,正常,982,9
2024-04-05 02:35:00,2024-04-05 02:37:00,3,停机,False,正常,983,9
2024-04-05 02:38:00,2024-04-05 02:43:00,6,重载牵引,False,正常,984,9
2024-04-05 02:44:00,2024-04-05 02:45:00,2,停机,False,正常,985,9
2024-04-05 02:46:00,2024-04-05 02:48:00,3,重载牵引,False,正常,986,9
2024-04-05 02:49:00,2024-04-05 02:49:00,1,待机,False,正常,987,9
2024-04-05 02:50:00,2024-04-05 02:53:00,4,重载牵引,False,正常,988,9
2024-04-05 02:54:00,2024-04-05 02:54:00,1,停机,False,正常,989,9
2024-04-05 02:55:00,2024-04-05 02:55:00,1,重载牵引,False,正常,990,9
2024-04-05 02:56:00,2024-04-05 02:58:00,3,停机,False,正常,991,9
2024-04-05 02:59:00,2024-04-05 03:00:00,2,重载牵引,False,正常,992,9
2024-04-05 03:01:00,2024-04-05 03:01:00,1,停机,False,正常,993,9
2024-04-05 03:02:00,2024-04-05 03:03:00,2,重载牵引,False,正常,994,9
2024-04-05 03:04:00,2024-04-05 03:07:00,4,停机,False,正常,995,9
2024-04-05 03:08:00,2024-04-05 03:16:00,9,重载牵引,False,正常,996,9
2024-04-05 03:17:00,2024-04-05 03:18:00,2,待机,False,正常,997,9
2024-04-05 03:19:00,2024-04-05 03:21:00,3,重载牵引,False,正常,998,9
2024-04-05 03:22:00,2024-04-05 03:22:00,1,待机,False,正常,999,9
2024-04-05 03:23:00,2024-04-05 03:25:00,3,重载牵引,False,正常,1000,9
2024-04-05 03:26:00,2024-04-05 03:26:00,1,停机,False,正常,1001,9
2024-04-05 03:27:00,2024-04-05 03:29:00,3,重载牵引,False,正常,1002,9
2024-04-05 03:30:00,2024-04-05 03:30:00,1,待机,False,正常,1003,9
2024-04-05 03:31:00,2024-04-05 03:37:00,7,重载牵引,False,正常,1004,9
2024-04-05 03:38:00,2024-04-05 03:38:00,1,停机,False,正常,1005,9
2024-04-05 03:39:00,2024-04-05 03:49:00,11,重载牵引,False,正常,1006,9
2024-04-05 03:50:00,2024-04-05 03:50:00,1,待机,False,正常,1007,9
2024-04-05 03:51:00,2024-04-05 04:07:00,17,重载牵引,False,正常,1008,9
2024-04-05 04:08:00,2024-04-05 04:08:00,1,待机,False,正常,1009,9
2024-04-05 04:09:00,2024-04-05 04:16:00,8,重载牵引,False,正常,1010,9
2024-04-05 04:17:00,2024-04-05 04:17:00,1,空载牵引,False,正常,1011,9
2024-04-05 04:18:00,2024-04-05 04:23:00,6,重载牵引,False,正常,1012,9
2024-04-05 04:24:00,2024-04-05 04:24:00,1,空载牵引,False,正常,1013,9
2024-04-05 04:25:00,2024-04-05 04:25:00,1,待机,False,正常,1014,9
2024-04-05 04:26:00,2024-04-05 04:26:00,1,空载牵引,False,正常,1015,9
2024-04-05 04:27:00,2024-04-05 04:34:00,8,重载牵引,False,正常,1016,9
2024-04-05 04:35:00,2024-04-05 04:35:00,1,停机,False,正常,1017,9
2024-04-05 04:36:00,2024-04-05 04:42:00,7,重载牵引,False,正常,1018,9
2024-04-05 04:43:00,2024-04-05 04:43:00,1,待机,False,正常,1019,9
2024-04-05 04:44:00,2024-04-05 04:57:00,14,重载牵引,False,正常,1020,9
2024-04-05 04:58:00,2024-04-05 04:58:00,1,待机,False,正常,1021,9
2024-04-05 04:59:00,2024-04-05 05:07:00,9,重载牵引,False,正常,1022,9
2024-04-05 05:08:00,2024-04-05 05:08:00,1,空载牵引,False,正常,1023,9
2024-04-05 05:09:00,2024-04-05 05:17:00,9,停机,False,正常,1024,9
2024-04-05 05:18:00,2024-04-05 05:18:00,1,重载牵引,False,正常,1025,9
2024-04-05 05:19:00,2024-04-05 05:20:00,2,待机,False,正常,1026,9
2024-04-05 05:21:00,2024-04-05 05:22:00,2,空载牵引,False,正常,1027,9
2024-04-05 05:23:00,2024-04-05 05:27:00,5,停机,False,正常,1028,9
2024-04-05 05:28:00,2024-04-05 05:29:00,2,重载牵引,False,正常,1029,9
2024-04-05 05:30:00,2024-04-05 05:31:00,2,空载牵引,False,正常,1030,9
2024-04-05 05:32:00,2024-04-05 05:56:00,25,停机,False,正常,1031,9
2024-04-05 05:57:00,2024-04-05 06:01:00,5,重载牵引,False,正常,1032,9
2024-04-05 06:02:00,2024-04-05 06:02:00,1,待机,False,正常,1033,9
2024-04-05 06:03:00,2024-04-05 06:10:00,8,重载牵引,False,正常,1034,9
2024-04-05 06:11:00,2024-04-05 06:11:00,1,待机,False,正常,1035,9
2024-04-05 06:12:00,2024-04-05 06:24:00,13,重载牵引,False,正常,1036,9
2024-04-05 06:25:00,2024-04-05 06:25:00,1,待机,False,正常,1037,9
2024-04-05 06:26:00,2024-04-05 06:42:00,17,重载牵引,False,正常,1038,9
2024-04-05 06:43:00,2024-04-05 06:43:00,1,待机,False,正常,1039,9
2024-04-05 06:44:00,2024-04-05 06:44:00,1,重载牵引,False,正常,1040,9
2024-04-05 06:45:00,2024-04-05 06:45:00,1,待机,False,正常,1041,9
2024-04-05 06:46:00,2024-04-05 06:47:00,2,重载牵引,False,正常,1042,9
2024-04-05 06:48:00,2024-04-05 06:49:00,2,停机,False,正常,1043,9
2024-04-05 06:50:00,2024-04-05 06:50:00,1,待机,False,正常,1044,9
2024-04-05 06:51:00,2024-04-05 06:51:00,1,重载牵引,False,正常,1045,9
2024-04-05 06:52:00,2024-04-05 06:52:00,1,待机,False,正常,1046,9
2024-04-05 06:53:00,2024-04-05 06:53:00,1,重载牵引,False,正常,1047,9
2024-04-05 06:54:00,2024-04-05 06:54:00,1,待机,False,正常,1048,9
2024-04-05 06:55:00,2024-04-05 06:55:00,1,停机,False,正常,1049,9
2024-04-05 06:56:00,2024-04-05 06:56:00,1,重载牵引,False,正常,1050,9
2024-04-05 06:57:00,2024-04-05 06:57:00,1,空载牵引,False,正常,1051,9
2024-04-05 06:58:00,2024-04-05 07:02:00,5,重载牵引,False,正常,1052,9
2024-04-05 07:03:00,2024-04-05 07:05:00,3,待机,False,正常,1053,9
2024-04-05 07:06:00,2024-04-05 07:12:00,7,停机,False,正常,1054,9
2024-04-05 07:13:00,2024-04-05 07:13:00,1,待机,False,正常,1055,9
2024-04-05 07:14:00,2024-04-05 07:16:00,3,停机,False,正常,1056,9
2024-04-05 07:17:00,2024-04-05 07:33:00,17,重载牵引,False,正常,1057,9
2024-04-05 07:34:00,2024-04-05 07:36:00,3,停机,False,正常,1058,9
2024-04-05 07:37:00,2024-04-05 07:37:00,1,待机,False,正常,1059,9
2024-04-05 07:38:00,2024-04-05 07:49:00,12,重载牵引,False,正常,1060,9
2024-04-05 07:50:00,2024-04-05 07:50:00,1,停机,False,正常,1061,9
2024-04-05 07:51:00,2024-04-05 07:54:00,4,重载牵引,False,正常,1062,9
2024-04-05 07:55:00,2024-04-05 07:55:00,1,停机,False,正常,1063,9
2024-04-05 07:56:00,2024-04-05 08:03:00,8,重载牵引,False,正常,1064,9
2024-04-05 08:04:00,2024-04-05 08:04:00,1,停机,False,正常,1065,9
2024-04-05 08:05:00,2024-04-05 08:05:00,1,重载牵引,False,正常,1066,9
2024-04-05 08:06:00,2024-04-05 08:13:00,8,停机,False,正常,1067,9
2024-04-05 08:14:00,2024-04-05 08:17:00,4,重载牵引,False,正常,1068,9
2024-04-05 08:18:00,2024-04-05 08:18:00,1,停机,False,正常,1069,9
2024-04-05 08:19:00,2024-04-05 08:20:00,2,重载牵引,False,正常,1070,9
2024-04-05 08:21:00,2024-04-05 08:40:00,20,停机,False,正常,1071,9
2024-04-05 08:41:00,2024-04-05 08:50:00,10,重载牵引,False,正常,1072,9
2024-04-05 08:51:00,2024-04-05 09:03:00,13,停机,False,正常,1073,9
2024-04-05 09:04:00,2024-04-05 09:09:00,6,重载牵引,False,正常,1074,9
2024-04-05 09:10:00,2024-04-05 09:25:00,16,停机,False,正常,1075,9
2024-04-05 09:26:00,2024-04-05 09:26:00,1,待机,False,正常,1076,9
2024-04-05 09:27:00,2024-04-05 09:57:00,31,重载牵引,False,正常,1077,9
2024-04-05 09:58:00,2024-04-05 09:58:00,1,待机,False,正常,1078,9
2024-04-05 09:59:00,2024-04-05 09:59:00,1,重载牵引,False,正常,1079,9
2024-04-05 10:00:00,2024-04-05 10:00:00,1,待机,False,正常,1080,9
2024-04-05 10:01:00,2024-04-05 10:01:00,1,重载牵引,False,正常,1081,9
2024-04-05 10:02:00,2024-04-05 10:02:00,1,待机,False,正常,1082,9
2024-04-05 10:03:00,2024-04-05 10:03:00,1,重载牵引,False,正常,1083,9
2024-04-05 10:04:00,2024-04-05 10:04:00,1,待机,False,正常,1084,9
2024-04-05 10:05:00,2024-04-05 10:05:00,1,重载牵引,False,正常,1085,9
2024-04-05 10:06:00,2024-04-05 10:06:00,1,停机,False,正常,1086,9
2024-04-05 10:07:00,2024-04-05 10:07:00,1,待机,False,正常,1087,9
2024-04-05 10:08:00,2024-04-05 10:08:00,1,重载牵引,False,正常,1088,9
2024-04-05 10:09:00,2024-04-05 10:10:00,2,停机,False,正常,1089,9
2024-04-05 10:11:00,2024-04-05 10:11:00,1,重载牵引,False,正常,1090,9
2024-04-05 10:12:00,2024-04-05 10:12:00,1,停机,False,正常,1091,9
2024-04-05 10:13:00,2024-04-05 10:14:00,2,重载牵引,False,正常,1092,9
2024-04-05 10:15:00,2024-04-05 10:16:00,2,停机,False,正常,1093,9
2024-04-05 10:17:00,2024-04-05 13:59:00,223,待机,True,异常持续段（>120min 阈值）,1094,10
2024-04-05 14:00:00,2024-04-05 15:35:00,96,停机,False,正常,1095,11
2024-04-05 15:36:00,2024-04-05 15:36:00,1,待机,False,正常,1096,11
2024-04-05 15:37:00,2024-04-05 15:41:00,5,停机,False,正常,1097,11
2024-04-05 15:42:00,2024-04-05 15:42:00,1,重载牵引,False,正常,1098,11
2024-04-05 15:43:00,2024-04-05 15:48:00,6,停机,False,正常,1099,11
2024-04-05 15:49:00,2024-04-05 15:49:00,1,重载牵引,False,正常,1100,11
2024-04-05 15:50:00,2024-04-05 15:55:00,6,停机,False,正常,1101,11
2024-04-05 15:56:00,2024-04-05 15:58:00,3,重载牵引,False,正常,1102,11
2024-04-05 15:59:00,2024-04-05 15:59:00,1,停机,False,正常,1103,11
2024-04-05 16:00:00,2024-04-05 16:00:00,1,重载牵引,False,正常,1104,11
2024-04-05 16:01:00,2024-04-05 16:01:00,1,待机,False,正常,1105,11
2024-04-05 16:02:00,2024-04-05 16:09:00,8,重载牵引,False,正常,1106,11
2024-04-05 16:10:00,2024-04-05 16:10:00,1,待机,False,正常,1107,11
2024-04-05 16:11:00,2024-04-05 16:13:00,3,重载牵引,False,正常,1108,11
2024-04-05 16:14:00,2024-04-05 16:14:00,1,待机,False,正常,1109,11
2024-04-05 16:15:00,2024-04-05 16:16:00,2,停机,False,正常,1110,11
2024-04-05 16:17:00,2024-04-05 16:18:00,2,重载牵引,False,正常,1111,11
2024-04-05 16:19:00,2024-04-05 16:20:00,2,停机,False,正常,1112,11
2024-04-05 16:21:00,2024-04-05 16:21:00,1,重载牵引,False,正常,1113,11
2024-04-05 16:22:00,2024-04-05 16:22:00,1,待机,False,正常,1114,11
2024-04-05 16:23:00,2024-04-05 16:34:00,12,重载牵引,False,正常,1115,11
2024-04-05 16:35:00,2024-04-05 16:35:00,1,待机,False,正常,1116,11
2024-04-05 16:36:00,2024-04-05 16:39:00,4,重载牵引,False,正常,1117,11
2024-04-05 16:40:00,2024-04-05 16:45:00,6,停机,False,正常,1118,11
2024-04-05 16:46:00,2024-04-05 16:49:00,4,重载牵引,False,正常,1119,11
2024-04-05 16:50:00,2024-04-05 17:03:00,14,停机,False,正常,1120,11
2024-04-05 17:04:00,2024-04-05 17:06:00,3,重载牵引,False,正常,1121,11
2024-04-05 17:07:00,2024-04-05 17:07:00,1,空载牵引,False,正常,1122,11
2024-04-05 17:08:00,2024-04-05 17:16:00,9,停机,False,正常,1123,11
2024-04-05 17:17:00,2024-04-05 17:28:00,12,重载牵引,False,正常,1124,11
2024-04-05 17:29:00,2024-04-05 17:29:00,1,待机,False,正常,1125,11
2024-04-05 17:30:00,2024-04-05 17:34:00,5,重载牵引,False,正常,1126,11
2024-04-05 17:35:00,2024-04-05 17:35:00,1,待机,False,正常,1127,11
2024-04-05 17:36:00,2024-04-05 17:38:00,3,重载牵引,False,正常,1128,11
2024-04-05 17:39:00,2024-04-05 17:39:00,1,停机,False,正常,1129,11
2024-04-05 17:40:00,2024-04-05 17:45:00,6,重载牵引,False,正常,1130,11
2024-04-05 17:46:00,2024-04-05 17:46:00,1,待机,False,正常,1131,11
2024-04-05 17:47:00,2024-04-05 17:54:00,8,重载牵引,False,正常,1132,11
2024-04-05 17:55:00,2024-04-05 17:55:00,1,待机,False,正常,1133,11
2024-04-05 17:56:00,2024-04-05 18:02:00,7,重载牵引,False,正常,1134,11
2024-04-05 18:03:00,2024-04-05 18:03:00,1,停机,False,正常,1135,11
2024-04-05 18:04:00,2024-04-05 18:04:00,1,待机,False,正常,1136,11
2024-04-05 18:05:00,2024-04-05 18:05:00,1,重载牵引,False,正常,1137,11
2024-04-05 18:06:00,2024-04-05 18:06:00,1,停机,False,正常,1138,11
2024-04-05 18:07:00,2024-04-05 18:07:00,1,待机,False,正常,1139,11
2024-04-05 18:08:00,2024-04-05 18:08:00,1,停机,False,正常,1140,11
2024-04-05 18:09:00,2024-04-05 18:13:00,5,重载牵引,False,正常,1141,11
2024-04-05 18:14:00,2024-04-05 18:15:00,2,停机,False,正常,1142,11
2024-04-05 18:16:00,2024-04-05 18:19:00,4,重载牵引,False,正常,1143,11
2024-04-05 18:20:00,2024-04-05 18:20:00,1,空载牵引,False,正常,1144,11
2024-04-05 18:21:00,2024-04-05 18:22:00,2,待机,False,正常,1145,11
2024-04-05 18:23:00,2024-04-05 18:24:00,2,重载牵引,False,正常,1146,11
2024-04-05 18:25:00,2024-04-05 18:25:00,1,空载牵引,False,正常,1147,11
2024-04-05 18:26:00,2024-04-05 18:32:00,7,重载牵引,False,正常,1148,11
2024-04-05 18:33:00,2024-04-05 18:34:00,2,停机,False,正常,1149,11
2024-04-05 18:35:00,2024-04-05 18:40:00,6,重载牵引,False,正常,1150,11
2024-04-05 18:41:00,2024-04-05 18:41:00,1,停机,False,正常,1151,11
2024-04-05 18:42:00,2024-04-05 18:52:00,11,重载牵引,False,正常,1152,11
2024-04-05 18:53:00,2024-04-05 18:53:00,1,空载牵引,False,正常,1153,11
2024-04-05 18:54:00,2024-04-05 18:54:00,1,重载牵引,False,正常,1154,11
2024-04-05 18:55:00,2024-04-05 18:55:00,1,停机,False,正常,1155,11
2024-04-05 18:56:00,2024-04-05 19:01:00,6,重载牵引,False,正常,1156,11
2024-04-05 19:02:00,2024-04-05 19:02:00,1,空载牵引,False,正常,1157,11
2024-04-05 19:03:00,2024-04-05 19:05:00,3,重载牵引,False,正常,1158,11
2024-04-05 19:06:00,2024-04-05 19:06:00,1,待机,False,正常,1159,11
2024-04-05 19:07:00,2024-04-05 19:22:00,16,重载牵引,False,正常,1160,11
2024-04-05 19:23:00,2024-04-05 19:24:00,2,停机,False,正常,1161,11
2024-04-05 19:25:00,2024-04-05 19:32:00,8,重载牵引,False,正常,1162,11
2024-04-05 19:33:00,2024-04-05 19:33:00,1,空载牵引,False,正常,1163,11
2024-04-05 19:34:00,2024-04-05 19:42:00,9,重载牵引,False,正常,1164,11
2024-04-05 19:43:00,2024-04-05 19:45:00,3,停机,False,正常,1165,11
2024-04-05 19:46:00,2024-04-05 19:46:00,1,重载牵引,False,正常,1166,11
2024-04-05 19:47:00,2024-04-05 19:47:00,1,停机,False,正常,1167,11
2024-04-05 19:48:00,2024-04-05 19:52:00,5,重载牵引,False,正常,1168,11
2024-04-05 19:53:00,2024-04-05 20:04:00,12,停机,False,正常,1169,11
2024-04-05 20:05:00,2024-04-05 20:09:00,5,重载牵引,False,正常,1170,11
2024-04-05 20:10:00,2024-04-05 20:10:00,1,空载牵引,False,正常,1171,11
2024-04-05 20:11:00,2024-04-05 20:11:00,1,重载牵引,False,正常,1172,11
2024-04-05 20:12:00,2024-04-05 20:12:00,1,待机,False,正常,1173,11
2024-04-05 20:13:00,2024-04-05 20:18:00,6,重载牵引,False,正常,1174,11
2024-04-05 20:19:00,2024-04-05 20:19:00,1,空载牵引,False,正常,1175,11
2024-04-05 20:20:00,2024-04-05 20:32:00,13,重载牵引,False,正常,1176,11
2024-04-05 20:33:00,2024-04-05 20:33:00,1,停机,False,正常,1177,11
2024-04-05 20:34:00,2024-04-05 20:39:00,6,重载牵引,False,正常,1178,11
2024-04-05 20:40:00,2024-04-05 20:40:00,1,待机,False,正常,1179,11
2024-04-05 20:41:00,2024-04-05 20:41:00,1,重载牵引,False,正常,1180,11
2024-04-05 20:42:00,2024-04-05 20:42:00,1,待机,False,正常,1181,11
2024-04-05 20:43:00,2024-04-05 20:44:00,2,重载牵引,False,正常,1182,11
2024-04-05 20:45:00,2024-04-05 20:45:00,1,待机,False,正常,1183,11
2024-04-05 20:46:00,2024-04-05 20:48:00,3,重载牵引,False,正常,1184,11
2024-04-05 20:49:00,2024-04-05 20:49:00,1,待机,False,正常,1185,11
2024-04-05 20:50:00,2024-04-05 20:58:00,9,重载牵引,False,正常,1186,11
2024-04-05 20:59:00,2024-04-05 20:59:00,1,待机,False,正常,1187,11
2024-04-05 21:00:00,2024-04-05 21:00:00,1,重载牵引,False,正常,1188,11
2024-04-05 21:01:00,2024-04-05 21:06:00,6,停机,False,正常,1189,11
2024-04-05 21:07:00,2024-04-05 21:11:00,5,重载牵引,False,正常,1190,11
2024-04-05 21:12:00,2024-04-05 21:12:00,1,停机,False,正常,1191,11
2024-04-05 21:13:00,2024-04-05 21:23:00,11,重载牵引,False,正常,1192,11
2024-04-05 21:24:00,2024-04-05 21:24:00,1,停机,False,正常,1193,11
2024-04-05 21:25:00,2024-04-05 21:44:00,20,重载牵引,False,正常,1194,11
2024-04-05 21:45:00,2024-04-05 21:46:00,2,停机,False,正常,1195,11
2024-04-05 21:47:00,2024-04-05 21:47:00,1,重载牵引,False,正常,1196,11
2024-04-05 21:48:00,2024-04-05 21:51:00,4,停机,False,正常,1197,11
2024-04-05 21:52:00,2024-04-05 22:10:00,19,重载牵引,False,正常,1198,11
2024-04-05 22:11:00,2024-04-05 22:11:00,1,空载牵引,False,正常,1199,11
2024-04-05 22:12:00,2024-04-05 22:12:00,1,重载牵引,False,正常,1200,11
2024-04-05 22:13:00,2024-04-05 22:14:00,2,停机,False,正常,1201,11
2024-04-05 22:15:00,2024-04-05 22:21:00,7,重载牵引,False,正常,1202,11
2024-04-05 22:22:00,2024-04-05 22:25:00,4,停机,False,正常,1203,11
2024-04-05 22:26:00,2024-04-05 22:36:00,11,重载牵引,False,正常,1204,11
2024-04-05 22:37:00,2024-04-05 22:37:00,1,待机,False,正常,1205,11
2024-04-05 22:38:00,2024-04-05 22:49:00,12,重载牵引,False,正常,1206,11
2024-04-05 22:50:00,2024-04-05 22:51:00,2,停机,False,正常,1207,11
2024-04-05 22:52:00,2024-04-05 22:58:00,7,重载牵引,False,正常,1208,11
2024-04-05 22:59:00,2024-04-05 22:59:00,1,停机,False,正常,1209,11
2024-04-05 23:00:00,2024-04-05 23:04:00,5,重载牵引,False,正常,1210,11
2024-04-05 23:05:00,2024-04-05 23:05:00,1,待机,False,正常,1211,11
2024-04-05 23:06:00,2024-04-05 23:08:00,3,重载牵引,False,正常,1212,11
2024-04-05 23:09:00,2024-04-05 23:18:00,10,停机,False,正常,1213,11
2024-04-05 23:19:00,2024-04-05 23:19:00,1,重载牵引,False,正常,1214,11
2024-04-05 23:20:00,2024-04-05 23:57:00,38,停机,False,正常,1215,11
2024-04-05 23:58:00,2024-04-06 00:05:00,8,待机,False,正常,1216,11
2024-04-06 00:06:00,2024-04-06 00:14:00,9,停机,False,正常,1217,11
2024-04-06 00:15:00,2024-04-06 00:37:00,23,重载牵引,False,正常,1218,11
2024-04-06 00:38:00,2024-04-06 00:38:00,1,停机,False,正常,1219,11
2024-04-06 00:39:00,2024-04-06 00:56:00,18,重载牵引,False,正常,1220,11
2024-04-06 00:57:00,2024-04-06 01:00:00,4,停机,False,正常,1221,11
2024-04-06 01:01:00,2024-04-06 01:09:00,9,重载牵引,False,正常,1222,11
2024-04-06 01:10:00,2024-04-06 01:10:00,1,停机,False,正常,1223,11
2024-04-06 01:11:00,2024-04-06 01:12:00,2,重载牵引,False,正常,1224,11
2024-04-06 01:13:00,2024-04-06 01:13:00,1,停机,False,正常,1225,11
2024-04-06 01:14:00,2024-04-06 01:18:00,5,重载牵引,False,正常,1226,11
2024-04-06 01:19:00,2024-04-06 01:25:00,7,停机,False,正常,1227,11
2024-04-06 01:26:00,2024-04-06 01:39:00,14,重载牵引,False,正常,1228,11
2024-04-06 01:40:00,2024-04-06 01:40:00,1,空载牵引,False,正常,1229,11
2024-04-06 01:41:00,2024-04-06 02:05:00,25,重载牵引,False,正常,1230,11
2024-04-06 02:06:00,2024-04-06 02:06:00,1,停机,False,正常,1231,11
2024-04-06 02:07:00,2024-04-06 02:07:00,1,重载牵引,False,正常,1232,11
2024-04-06 02:08:00,2024-04-06 02:16:00,9,停机,False,正常,1233,11
2024-04-06 02:17:00,2024-04-06 02:41:00,25,重载牵引,False,正常,1234,11
2024-04-06 02:42:00,2024-04-06 02:42:00,1,停机,False,正常,1235,11
2024-04-06 02:43:00,2024-04-06 02:55:00,13,重载牵引,False,正常,1236,11
2024-04-06 02:56:00,2024-04-06 02:56:00,1,待机,False,正常,1237,11
2024-04-06 02:57:00,2024-04-06 03:00:00,4,重载牵引,False,正常,1238,11
2024-04-06 03:01:00,2024-04-06 03:06:00,6,停机,False,正常,1239,11
2024-04-06 03:07:00,2024-04-06 03:21:00,15,重载牵引,False,正常,1240,11
2024-04-06 03:22:00,2024-04-06 03:22:00,1,空载牵引,False,正常,1241,11
2024-04-06 03:23:00,2024-04-06 03:26:00,4,重载牵引,False,正常,1242,11
2024-04-06 03:27:00,2024-04-06 03:27:00,1,待机,False,正常,1243,11
2024-04-06 03:28:00,2024-04-06 03:33:00,6,重载牵引,False,正常,1244,11
2024-04-06 03:34:00,2024-04-06 03:34:00,1,待机,False,正常,1245,11
2024-04-06 03:35:00,2024-04-06 03:43:00,9,重载牵引,False,正常,1246,11
2024-04-06 03:44:00,2024-04-06 03:44:00,1,空载牵引,False,正常,1247,11
2024-04-06 03:45:00,2024-04-06 03:52:00,8,重载牵引,False,正常,1248,11
2024-04-06 03:53:00,2024-04-06 03:53:00,1,待机,False,正常,1249,11
2024-04-06 03:54:00,2024-04-06 03:59:00,6,重载牵引,False,正常,1250,11
2024-04-06 04:00:00,2024-04-06 04:00:00,1,停机,False,正常,1251,11
2024-04-06 04:01:00,2024-04-06 04:06:00,6,重载牵引,False,正常,1252,11
2024-04-06 04:07:00,2024-04-06 04:27:00,21,停机,False,正常,1253,11
2024-04-06 04:28:00,2024-04-06 04:28:00,1,待机,False,正常,1254,11
2024-04-06 04:29:00,2024-04-06 04:31:00,3,重载牵引,False,正常,1255,11
2024-04-06 04:32:00,2024-04-06 04:32:00,1,停机,False,正常,1256,11
2024-04-06 04:33:00,2024-04-06 04:33:00,1,待机,False,正常,1257,11
2024-04-06 04:34:00,2024-04-06 04:39:00,6,停机,False,正常,1258,11
2024-04-06 04:40:00,2024-04-06 04:40:00,1,待机,False,正常,1259,11
2024-04-06 04:41:00,2024-04-06 04:43:00,3,重载牵引,False,正常,1260,11
2024-04-06 04:44:00,2024-04-06 04:44:00,1,停机,False,正常,1261,11
2024-04-06 04:45:00,2024-04-06 04:45:00,1,重载牵引,False,正常,1262,11
2024-04-06 04:46:00,2024-04-06 04:48:00,3,停机,False,正常,1263,11
2024-04-06 04:49:00,2024-04-06 05:05:00,17,重载牵引,False,正常,1264,11
2024-04-06 05:06:00,2024-04-06 05:33:00,28,停机,False,正常,1265,11
2024-04-06 05:34:00,2024-04-06 05:35:00,2,待机,False,正常,1266,11
2024-04-06 05:36:00,2024-04-06 05:39:00,4,重载牵引,False,正常,1267,11
2024-04-06 05:40:00,2024-04-06 05:41:00,2,停机,False,正常,1268,11
2024-04-06 05:42:00,2024-04-06 06:12:00,31,重载牵引,False,正常,1269,11
2024-04-06 06:13:00,2024-04-06 06:13:00,1,待机,False,正常,1270,11
2024-04-06 06:14:00,2024-04-06 06:28:00,15,重载牵引,False,正常,1271,11
2024-04-06 06:29:00,2024-04-06 06:29:00,1,待机,False,正常,1272,11
2024-04-06 06:30:00,2024-04-06 06:49:00,20,重载牵引,False,正常,1273,11
2024-04-06 06:50:00,2024-04-06 06:50:00,1,停机,False,正常,1274,11
2024-04-06 06:51:00,2024-04-06 07:03:00,13,重载牵引,False,正常,1275,11
2024-04-06 07:04:00,2024-04-06 07:04:00,1,停机,False,正常,1276,11
2024-04-06 07:05:00,2024-04-06 07:06:00,2,重载牵引,False,正常,1277,11
2024-04-06 07:07:00,2024-04-06 07:08:00,2,停机,False,正常,1278,11
2024-04-06 07:09:00,2024-04-06 07:12:00,4,重载牵引,False,正常,1279,11
2024-04-06 07:13:00,2024-04-06 07:13:00,1,待机,False,正常,1280,11
2024-04-06 07:14:00,2024-04-06 07:17:00,4,重载牵引,False,正常,1281,11
2024-04-06 07:18:00,2024-04-06 07:18:00,1,待机,False,正常,1282,11
2024-04-06 07:19:00,2024-04-06 07:23:00,5,重载牵引,False,正常,1283,11
2024-04-06 07:24:00,2024-04-06 07:24:00,1,停机,False,正常,1284,11
2024-04-06 07:25:00,2024-04-06 07:25:00,1,待机,False,正常,1285,11
2024-04-06 07:26:00,2024-04-06 07:27:00,2,重载牵引,False,正常,1286,11
2024-04-06 07:28:00,2024-04-06 07:29:00,2,待机,False,正常,1287,11
2024-04-06 07:30:00,2024-04-06 07:35:00,6,重载牵引,False,正常,1288,11
2024-04-06 07:36:00,2024-04-06 07:36:00,1,停机,False,正常,1289,11
2024-04-06 07:37:00,2024-04-06 07:59:00,23,重载牵引,False,正常,1290,11
2024-04-06 08:00:00,2024-04-06 08:02:00,3,停机,False,正常,1291,11
2024-04-06 08:03:00,2024-04-06 08:06:00,4,重载牵引,False,正常,1292,11
2024-04-06 08:07:00,2024-04-06 08:08:00,2,待机,False,正常,1293,11
2024-04-06 08:09:00,2024-04-06 08:09:00,1,停机,False,正常,1294,11
2024-04-06 08:10:00,2024-04-06 08:13:00,4,重载牵引,False,正常,1295,11
2024-04-06 08:14:00,2024-04-06 08:14:00,1,待机,False,正常,1296,11
2024-04-06 08:15:00,2024-04-06 08:28:00,14,重载牵引,False,正常,1297,11
2024-04-06 08:29:00,2024-04-06 08:29:00,1,待机,False,正常,1298,11
2024-04-06 08:30:00,2024-04-06 08:30:00,1,重载牵引,False,正常,1299,11
2024-04-06 08:31:00,2024-04-06 08:31:00,1,空载牵引,False,正常,1300,11
2024-04-06 08:32:00,2024-04-06 08:36:00,5,重载牵引,False,正常,1301,11
2024-04-06 08:37:00,2024-04-06 08:37:00,1,待机,False,正常,1302,11
2024-04-06 08:38:00,2024-04-06 08:38:00,1,重载牵引,False,正常,1303,11
2024-04-06 08:39:00,2024-04-06 08:39:00,1,空载牵引,False,正常,1304,11
2024-04-06 08:40:00,2024-04-06 09:52:00,73,重载牵引,False,正常,1305,11
2024-04-06 09:53:00,2024-04-06 09:54:00,2,待机,False,正常,1306,11
2024-04-06 09:55:00,2024-04-06 09:55:00,1,重载牵引,False,正常,1307,11
2024-04-06 09:56:00,2024-04-06 09:56:00,1,待机,False,正常,1308,11
2024-04-06 09:57:00,2024-04-06 11:29:00,93,停机,False,正常,1309,11
2024-04-06 11:30:00,2024-04-06 12:50:00,81,待机,False,正常,1310,11
2024-04-06 12:51:00,2024-04-06 13:15:00,25,停机,False,正常,1311,11
2024-04-06 13:16:00,2024-04-06 14:03:00,48,待机,False,正常,1312,11
2024-04-06 14:04:00,2024-04-06 14:08:00,5,停机,False,正常,1313,11
2024-04-06 14:09:00,2024-04-06 15:03:00,55,待机,False,正常,1314,11
2024-04-06 15:04:00,2024-04-06 15:29:00,26,停机,False,正常,1315,11
2024-04-06 15:30:00,2024-04-06 15:30:00,1,待机,False,正常,1316,11
2024-04-06 15:31:00,2024-04-06 15:35:00,5,重载牵引,False,正常,1317,11
2024-04-06 15:36:00,2024-04-06 15:36:00,1,空载牵引,False,正常,1318,11
2024-04-06 15:37:00,2024-04-06 15:39:00,3,重载牵引,False,正常,1319,11
2024-04-06 15:40:00,2024-04-06 15:44:00,5,停机,False,正常,1320,11
2024-04-06 15:45:00,2024-04-06 15:46:00,2,重载牵引,False,正常,1321,11
2024-04-06 15:47:00,2024-04-06 15:48:00,2,停机,False,正常,1322,11
2024-04-06 15:49:00,2024-04-06 15:50:00,2,重载牵引,False,正常,1323,11
2024-04-06 15:51:00,2024-04-06 15:54:00,4,停机,False,正常,1324,11
2024-04-06 15:55:00,2024-04-06 16:00:00,6,重载牵引,False,正常,1325,11
2024-04-06 16:01:00,2024-04-06 16:08:00,8,停机,False,正常,1326,11
2024-04-06 16:09:00,2024-04-06 16:12:00,4,重载牵引,False,正常,1327,11
2024-04-06 16:13:00,2024-04-06 16:15:00,3,停机,False,正常,1328,11
2024-04-06 16:16:00,2024-04-06 16:18:00,3,重载牵引,False,正常,1329,11
2024-04-06 16:19:00,2024-04-06 16:21:00,3,停机,False,正常,1330,11
2024-04-06 16:22:00,2024-04-06 16:30:00,9,重载牵引,False,正常,1331,11
2024-04-06 16:31:00,2024-04-06 16:34:00,4,停机,False,正常,1332,11
2024-04-06 16:35:00,2024-04-06 16:40:00,6,重载牵引,False,正常,1333,11
2024-04-06 16:41:00,2024-04-06 16:41:00,1,待机,False,正常,1334,11
2024-04-06 16:42:00,2024-04-06 16:50:00,9,重载牵引,False,正常,1335,11
2024-04-06 16:51:00,2024-04-06 16:51:00,1,停机,False,正常,1336,11
2024-04-06 16:52:00,2024-04-06 17:13:00,22,重载牵引,False,正常,1337,11
2024-04-06 17:14:00,2024-04-06 17:16:00,3,停机,False,正常,1338,11
2024-04-06 17:17:00,2024-04-06 17:20:00,4,重载牵引,False,正常,1339,11
2024-04-06 17:21:00,2024-04-06 17:34:00,14,停机,False,正常,1340,11
2024-04-06 17:35:00,2024-04-06 17:39:00,5,重载牵引,False,正常,1341,11
2024-04-06 17:40:00,2024-04-06 17:40:00,1,待机,False,正常,1342,11
2024-04-06 17:41:00,2024-04-06 17:41:00,1,重载牵引,False,正常,1343,11
2024-04-06 17:42:00,2024-04-06 17:50:00,9,停机,False,正常,1344,11
2024-04-06 17:51:00,2024-04-06 17:51:00,1,重载牵引,False,正常,1345,11
2024-04-06 17:52:00,2024-04-06 17:52:00,1,待机,False,正常,1346,11
2024-04-06 17:53:00,2024-04-06 17:53:00,1,停机,False,正常,1347,11
2024-04-06 17:54:00,2024-04-06 17:54:00,1,重载牵引,False,正常,1348,11
2024-04-06 17:55:00,2024-04-06 17:55:00,1,空载牵引,False,正常,1349,11
2024-04-06 17:56:00,2024-04-06 17:56:00,1,重载牵引,False,正常,1350,11
2024-04-06 17:57:00,2024-04-06 18:01:00,5,停机,False,正常,1351,11
2024-04-06 18:02:00,2024-04-06 18:03:00,2,重载牵引,False,正常,1352,11
2024-04-06 18:04:00,2024-04-06 18:05:00,2,待机,False,正常,1353,11
2024-04-06 18:06:00,2024-04-06 18:06:00,1,重载牵引,False,正常,1354,11
2024-04-06 18:07:00,2024-04-06 18:07:00,1,停机,False,正常,1355,11
2024-04-06 18:08:00,2024-04-06 18:08:00,1,重载牵引,False,正常,1356,11
2024-04-06 18:09:00,2024-04-06 18:09:00,1,待机,False,正常,1357,11
2024-04-06 18:10:00,2024-04-06 18:17:00,8,重载牵引,False,正常,1358,11
2024-04-06 18:18:00,2024-04-06 18:18:00,1,待机,False,正常,1359,11
2024-04-06 18:19:00,2024-04-06 18:22:00,4,重载牵引,False,正常,1360,11
2024-04-06 18:23:00,2024-04-06 18:24:00,2,停机,False,正常,1361,11
2024-04-06 18:25:00,2024-04-06 18:30:00,6,重载牵引,False,正常,1362,11
2024-04-06 18:31:00,2024-04-06 18:31:00,1,停机,False,正常,1363,11
2024-04-06 18:32:00,2024-04-06 19:17:00,46,重载牵引,False,正常,1364,11
2024-04-06 19:18:00,2024-04-06 19:19:00,2,停机,False,正常,1365,11
2024-04-06 19:20:00,2024-04-06 19:29:00,10,重载牵引,False,正常,1366,11
2024-04-06 19:30:00,2024-04-06 19:30:00,1,空载牵引,False,正常,1367,11
2024-04-06 19:31:00,2024-04-06 19:34:00,4,停机,False,正常,1368,11
2024-04-06 19:35:00,2024-04-06 19:46:00,12,重载牵引,False,正常,1369,11
2024-04-06 19:47:00,2024-04-06 19:47:00,1,空载牵引,False,正常,1370,11
2024-04-06 19:48:00,2024-04-06 20:18:00,31,重载牵引,False,正常,1371,11
2024-04-06 20:19:00,2024-04-06 20:19:00,1,空载牵引,False,正常,1372,11
2024-04-06 20:20:00,2024-04-06 20:22:00,3,停机,False,正常,1373,11
2024-04-06 20:23:00,2024-04-06 20:36:00,14,重载牵引,False,正常,1374,11
2024-04-06 20:37:00,2024-04-06 20:37:00,1,待机,False,正常,1375,11
2024-04-06 20:38:00,2024-04-06 20:48:00,11,重载牵引,False,正常,1376,11
2024-04-06 20:49:00,2024-04-06 20:49:00,1,待机,False,正常,1377,11
2024-04-06 20:50:00,2024-04-06 21:04:00,15,重载牵引,False,正常,1378,11
2024-04-06 21:05:00,2024-04-06 21:05:00,1,空载牵引,False,正常,1379,11
2024-04-06 21:06:00,2024-04-06 21:18:00,13,重载牵引,False,正常,1380,11
2024-04-06 21:19:00,2024-04-06 21:19:00,1,待机,False,正常,1381,11
2024-04-06 21:20:00,2024-04-06 21:23:00,4,重载牵引,False,正常,1382,11
2024-04-06 21:24:00,2024-04-06 21:44:00,21,停机,False,正常,1383,11
2024-04-06 21:45:00,2024-04-06 21:45:00,1,待机,False,正常,1384,11
2024-04-06 21:46:00,2024-04-06 21:46:00,1,停机,False,正常,1385,11
2024-04-06 21:47:00,2024-04-06 21:51:00,5,重载牵引,False,正常,1386,11
2024-04-06 21:52:00,2024-04-06 21:52:00,1,停机,False,正常,1387,11
2024-04-06 21:53:00,2024-04-06 21:54:00,2,重载牵引,False,正常,1388,11
2024-04-06 21:55:00,2024-04-06 21:58:00,4,停机,False,正常,1389,11
2024-04-06 21:59:00,2024-04-06 22:27:00,29,重载牵引,False,正常,1390,11
2024-04-06 22:28:00,2024-04-06 22:28:00,1,待机,False,正常,1391,11
2024-04-06 22:29:00,2024-04-06 22:37:00,9,停机,False,正常,1392,11
2024-04-06 22:38:00,2024-04-06 22:51:00,14,重载牵引,False,正常,1393,11
2024-04-06 22:52:00,2024-04-06 22:52:00,1,待机,False,正常,1394,11
2024-04-06 22:53:00,2024-04-06 22:55:00,3,重载牵引,False,正常,1395,11
2024-04-06 22:56:00,2024-04-06 23:00:00,5,停机,False,正常,1396,11
2024-04-06 23:01:00,2024-04-06 23:08:00,8,重载牵引,False,正常,1397,11
2024-04-06 23:09:00,2024-04-06 23:22:00,14,停机,False,正常,1398,11
2024-04-06 23:23:00,2024-04-06 23:45:00,23,重载牵引,False,正常,1399,11
2024-04-06 23:46:00,2024-04-06 23:47:00,2,停机,False,正常,1400,11
2024-04-06 23:48:00,2024-04-06 23:48:00,1,待机,False,正常,1401,11
2024-04-06 23:49:00,2024-04-06 23:54:00,6,停机,False,正常,1402,11
2024-04-06 23:55:00,2024-04-06 23:55:00,1,重载牵引,False,正常,1403,11
2024-04-06 23:56:00,2024-04-06 23:56:00,1,停机,False,正常,1404,11
2024-04-06 23:57:00,2024-04-07 00:04:00,8,重载牵引,False,正常,1405,11
2024-04-07 00:05:00,2024-04-07 00:06:00,2,停机,False,正常,1406,11
2024-04-07 00:07:00,2024-04-07 00:08:00,2,重载牵引,False,正常,1407,11
2024-04-07 00:09:00,2024-04-07 00:09:00,1,待机,False,正常,1408,11
2024-04-07 00:10:00,2024-04-07 00:27:00,18,重载牵引,False,正常,1409,11
2024-04-07 00:28:00,2024-04-07 00:28:00,1,待机,False,正常,1410,11
2024-04-07 00:29:00,2024-04-07 00:29:00,1,重载牵引,False,正常,1411,11
2024-04-07 00:30:00,2024-04-07 00:40:00,11,停机,False,正常,1412,11
2024-04-07 00:41:00,2024-04-07 00:52:00,12,重载牵引,False,正常,1413,11
2024-04-07 00:53:00,2024-04-07 00:53:00,1,待机,False,正常,1414,11
2024-04-07 00:54:00,2024-04-07 00:54:00,1,重载牵引,False,正常,1415,11
2024-04-07 00:55:00,2024-04-07 00:55:00,1,待机,False,正常,1416,11
2024-04-07 00:56:00,2024-04-07 00:56:00,1,重载牵引,False,正常,1417,11
2024-04-07 00:57:00,2024-04-07 00:57:00,1,空载牵引,False,正常,1418,11
2024-04-07 00:58:00,2024-04-07 01:03:00,6,重载牵引,False,正常,1419,11
2024-04-07 01:04:00,2024-04-07 01:06:00,3,空载牵引,False,正常,1420,11
2024-04-07 01:07:00,2024-04-07 01:07:00,1,待机,False,正常,1421,11
2024-04-07 01:08:00,2024-04-07 01:09:00,2,停机,False,正常,1422,11
2024-04-07 01:10:00,2024-04-07 01:10:00,1,重载牵引,False,正常,1423,11
2024-04-07 01:11:00,2024-04-07 01:40:00,30,停机,False,正常,1424,11
2024-04-07 01:41:00,2024-04-07 01:41:00,1,重载牵引,False,正常,1425,11
2024-04-07 01:42:00,2024-04-07 01:43:00,2,停机,False,正常,1426,11
2024-04-07 01:44:00,2024-04-07 01:44:00,1,空载牵引,False,正常,1427,11
2024-04-07 01:45:00,2024-04-07 02:18:00,34,停机,False,正常,1428,11
2024-04-07 02:19:00,2024-04-07 02:25:00,7,重载牵引,False,正常,1429,11
2024-04-07 02:26:00,2024-04-07 02:26:00,1,待机,False,正常,1430,11
2024-04-07 02:27:00,2024-04-07 02:53:00,27,重载牵引,False,正常,1431,11
2024-04-07 02:54:00,2024-04-07 02:54:00,1,待机,False,正常,1432,11
2024-04-07 02:55:00,2024-04-07 03:06:00,12,重载牵引,False,正常,1433,11
2024-04-07 03:07:00,2024-04-07 03:07:00,1,待机,False,正常,1434,11
2024-04-07 03:08:00,2024-04-07 03:08:00,1,重载牵引,False,正常,1435,11
2024-04-07 03:09:00,2024-04-07 03:09:00,1,停机,False,正常,1436,11
2024-04-07 03:10:00,2024-04-07 03:11:00,2,重载牵引,False,正常,1437,11
2024-04-07 03:12:00,2024-04-07 03:12:00,1,停机,False,正常,1438,11
2024-04-07 03:13:00,2024-04-07 03:14:00,2,重载牵引,False,正常,1439,11
2024-04-07 03:15:00,2024-04-07 03:15:00,1,停机,False,正常,1440,11
2024-04-07 03:16:00,2024-04-07 03:19:00,4,重载牵引,False,正常,1441,11
2024-04-07 03:20:00,2024-04-07 03:21:00,2,停机,False,正常,1442,11
2024-04-07 03:22:00,2024-04-07 03:23:00,2,重载牵引,False,正常,1443,11
2024-04-07 03:24:00,2024-04-07 03:24:00,1,停机,False,正常,1444,11
2024-04-07 03:25:00,2024-04-07 03:32:00,8,重载牵引,False,正常,1445,11
2024-04-07 03:33:00,2024-04-07 03:33:00,1,停机,False,正常,1446,11
2024-04-07 03:34:00,2024-04-07 03:34:00,1,待机,False,正常,1447,11
2024-04-07 03:35:00,2024-04-07 03:38:00,4,重载牵引,False,正常,1448,11
2024-04-07 03:39:00,2024-04-07 03:39:00,1,待机,False,正常,1449,11
2024-04-07 03:40:00,2024-04-07 03:49:00,10,重载牵引,False,正常,1450,11
2024-04-07 03:50:00,2024-04-07 03:50:00,1,空载牵引,False,正常,1451,11
2024-04-07 03:51:00,2024-04-07 03:51:00,1,停机,False,正常,1452,11
2024-04-07 03:52:00,2024-04-07 03:52:00,1,空载牵引,False,正常,1453,11
2024-04-07 03:53:00,2024-04-07 04:00:00,8,重载牵引,False,正常,1454,11
2024-04-07 04:01:00,2024-04-07 04:01:00,1,停机,False,正常,1455,11
2024-04-07 04:02:00,2024-04-07 04:16:00,15,重载牵引,False,正常,1456,11
2024-04-07 04:17:00,2024-04-07 04:17:00,1,待机,False,正常,1457,11
2024-04-07 04:18:00,2024-04-07 04:23:00,6,重载牵引,False,正常,1458,11
2024-04-07 04:24:00,2024-04-07 04:26:00,3,停机,False,正常,1459,11
2024-04-07 04:27:00,2024-04-07 04:27:00,1,重载牵引,False,正常,1460,11
2024-04-07 04:28:00,2024-04-07 04:28:00,1,待机,False,正常,1461,11
2024-04-07 04:29:00,2024-04-07 04:47:00,19,重载牵引,False,正常,1462,11
2024-04-07 04:48:00,2024-04-07 04:48:00,1,待机,False,正常,1463,11
2024-04-07 04:49:00,2024-04-07 04:58:00,10,重载牵引,False,正常,1464,11
2024-04-07 04:59:00,2024-04-07 04:59:00,1,停机,False,正常,1465,11
2024-04-07 05:00:00,2024-04-07 05:03:00,4,重载牵引,False,正常,1466,11
2024-04-07 05:04:00,2024-04-07 05:04:00,1,空载牵引,False,正常,1467,11
2024-04-07 05:05:00,2024-04-07 05:10:00,6,重载牵引,False,正常,1468,11
2024-04-07 05:11:00,2024-04-07 05:11:00,1,停机,False,正常,1469,11
2024-04-07 05:12:00,2024-04-07 05:12:00,1,重载牵引,False,正常,1470,11
2024-04-07 05:13:00,2024-04-07 05:13:00,1,停机,False,正常,1471,11
2024-04-07 05:14:00,2024-04-07 05:18:00,5,重载牵引,False,正常,1472,11
2024-04-07 05:19:00,2024-04-07 05:19:00,1,停机,False,正常,1473,11
2024-04-07 05:20:00,2024-04-07 05:26:00,7,重载牵引,False,正常,1474,11
2024-04-07 05:27:00,2024-04-07 05:27:00,1,空载牵引,False,正常,1475,11
2024-04-07 05:28:00,2024-04-07 06:02:00,35,重载牵引,False,正常,1476,11
2024-04-07 06:03:00,2024-04-07 06:03:00,1,停机,False,正常,1477,11
2024-04-07 06:04:00,2024-04-07 06:09:00,6,重载牵引,False,正常,1478,11
2024-04-07 06:10:00,2024-04-07 06:10:00,1,停机,False,正常,1479,11
2024-04-07 06:11:00,2024-04-07 06:15:00,5,重载牵引,False,正常,1480,11
2024-04-07 06:16:00,2024-04-07 06:16:00,1,空载牵引,False,正常,1481,11
2024-04-07 06:17:00,2024-04-07 06:18:00,2,重载牵引,False,正常,1482,11
2024-04-07 06:19:00,2024-04-07 06:19:00,1,停机,False,正常,1483,11
2024-04-07 06:20:00,2024-04-07 06:29:00,10,重载牵引,False,正常,1484,11
2024-04-07 06:30:00,2024-04-07 06:30:00,1,停机,False,正常,1485,11
2024-04-07 06:31:00,2024-04-07 06:31:00,1,重载牵引,False,正常,1486,11
2024-04-07 06:32:00,2024-04-07 06:33:00,2,停机,False,正常,1487,11
2024-04-07 06:34:00,2024-04-07 06:39:00,6,重载牵引,False,正常,1488,11
2024-04-07 06:40:00,2024-04-07 06:40:00,1,待机,False,正常,1489,11
2024-04-07 06:41:00,2024-04-07 06:50:00,10,重载牵引,False,正常,1490,11
2024-04-07 06:51:00,2024-04-07 06:51:00,1,待机,False,正常,1491,11
2024-04-07 06:52:00,2024-04-07 06:56:00,5,重载牵引,False,正常,1492,11
2024-04-07 06:57:00,2024-04-07 06:57:00,1,空载牵引,False,正常,1493,11
2024-04-07 06:58:00,2024-04-07 06:59:00,2,重载牵引,False,正常,1494,11
2024-04-07 07:00:00,2024-04-07 07:00:00,1,待机,False,正常,1495,11
2024-04-07 07:01:00,2024-04-07 07:07:00,7,重载牵引,False,正常,1496,11
2024-04-07 07:08:00,2024-04-07 07:08:00,1,停机,False,正常,1497,11
2024-04-07 07:09:00,2024-04-07 07:10:00,2,重载牵引,False,正常,1498,11
2024-04-07 07:11:00,2024-04-07 07:12:00,2,停机,False,正常,1499,11
2024-04-07 07:13:00,2024-04-07 07:16:00,4,重载牵引,False,正常,1500,11
2024-04-07 07:17:00,2024-04-07 07:18:00,2,停机,False,正常,1501,11
2024-04-07 07:19:00,2024-04-07 07:20:00,2,重载牵引,False,正常,1502,11
2024-04-07 07:21:00,2024-04-07 07:21:00,1,待机,False,正常,1503,11
2024-04-07 07:22:00,2024-04-07 07:22:00,1,停机,False,正常,1504,11
2024-04-07 07:23:00,2024-04-07 07:25:00,3,重载牵引,False,正常,1505,11
2024-04-07 07:26:00,2024-04-07 07:26:00,1,停机,False,正常,1506,11
2024-04-07 07:27:00,2024-04-07 07:37:00,11,重载牵引,False,正常,1507,11
2024-04-07 07:38:00,2024-04-07 07:38:00,1,空载牵引,False,正常,1508,11
2024-04-07 07:39:00,2024-04-07 08:12:00,34,重载牵引,False,正常,1509,11
2024-04-07 08:13:00,2024-04-07 08:13:00,1,待机,False,正常,1510,11
2024-04-07 08:14:00,2024-04-07 08:14:00,1,停机,False,正常,1511,11
2024-04-07 08:15:00,2024-04-07 08:20:00,6,重载牵引,False,正常,1512,11
2024-04-07 08:21:00,2024-04-07 08:24:00,4,停机,False,正常,1513,11
2024-04-07 08:25:00,2024-04-07 08:30:00,6,重载牵引,False,正常,1514,11
2024-04-07 08:31:00,2024-04-07 08:31:00,1,待机,False,正常,1515,11
2024-04-07 08:32:00,2024-04-07 08:37:00,6,停机,False,正常,1516,11
2024-04-07 08:38:00,2024-04-07 08:47:00,10,重载牵引,False,正常,1517,11
2024-04-07 08:48:00,2024-04-07 08:48:00,1,空载牵引,False,正常,1518,11
2024-04-07 08:49:00,2024-04-07 08:51:00,3,重载牵引,False,正常,1519,11
2024-04-07 08:52:00,2024-04-07 08:56:00,5,停机,False,正常,1520,11
2024-04-07 08:57:00,2024-04-07 09:09:00,13,重载牵引,False,正常,1521,11
2024-04-07 09:10:00,2024-04-07 09:10:00,1,空载牵引,False,正常,1522,11
2024-04-07 09:11:00,2024-04-07 09:26:00,16,重载牵引,False,正常,1523,11
2024-04-07 09:27:00,2024-04-07 09:27:00,1,待机,False,正常,1524,11
2024-04-07 09:28:00,2024-04-07 09:39:00,12,重载牵引,False,正常,1525,11
2024-04-07 09:40:00,2024-04-07 09:40:00,1,停机,False,正常,1526,11
2024-04-07 09:41:00,2024-04-07 09:42:00,2,重载牵引,False,正常,1527,11
2024-04-07 09:43:00,2024-04-07 09:45:00,3,停机,False,正常,1528,11
2024-04-07 09:46:00,2024-04-07 09:46:00,1,重载牵引,False,正常,1529,11
2024-04-07 09:47:00,2024-04-07 09:47:00,1,待机,False,正常,1530,11
2024-04-07 09:48:00,2024-04-07 09:48:00,1,停机,False,正常,1531,11
2024-04-07 09:49:00,2024-04-07 09:49:00,1,待机,False,正常,1532,11
2024-04-07 09:50:00,2024-04-07 10:29:00,40,停机,False,正常,1533,11
2024-04-07 10:30:00,2024-04-07 10:30:00,1,待机,False,正常,1534,11
2024-04-07 10:31:00,2024-04-07 10:31:00,1,停机,False,正常,1535,11
2024-04-07 10:32:00,2024-04-07 10:32:00,1,重载牵引,False,正常,1536,11
2024-04-07 10:33:00,2024-04-07 10:36:00,4,停机,False,正常,1537,11
2024-04-07 10:37:00,2024-04-07 11:26:00,50,待机,False,正常,1538,11
2024-04-07 11:27:00,2024-04-07 11:27:00,1,停机,False,正常,1539,11
2024-04-07 11:28:00,2024-04-07 11:48:00,21,待机,False,正常,1540,11
2024-04-07 11:49:00,2024-04-07 15:16:00,208,停机,True,异常持续段（>154min 阈值）,1541,12
2024-04-07 15:17:00,2024-04-07 15:17:00,1,待机,False,正常,1542,13
2024-04-07 15:18:00,2024-04-07 15:27:00,10,停机,False,正常,1543,13
2024-04-07 15:28:00,2024-04-07 15:31:00,4,重载牵引,False,正常,1544,13
2024-04-07 15:32:00,2024-04-07 15:38:00,7,停机,False,正常,1545,13
2024-04-07 15:39:00,2024-04-07 15:51:00,13,重载牵引,False,正常,1546,13
2024-04-07 15:52:00,2024-04-07 15:57:00,6,停机,False,正常,1547,13
2024-04-07 15:58:00,2024-04-07 15:58:00,1,待机,False,正常,1548,13
2024-04-07 15:59:00,2024-04-07 17:10:00,72,重载牵引,False,正常,1549,13
2024-04-07 17:11:00,2024-04-07 17:11:00,1,停机,False,正常,1550,13
2024-04-07 17:12:00,2024-04-07 17:12:00,1,重载牵引,False,正常,1551,13
2024-04-07 17:13:00,2024-04-07 17:13:00,1,停机,False,正常,1552,13
2024-04-07 17:14:00,2024-04-07 17:21:00,8,重载牵引,False,正常,1553,13
2024-04-07 17:22:00,2024-04-07 17:32:00,11,停机,False,正常,1554,13
2024-04-07 17:33:00,2024-04-07 17:33:00,1,重载牵引,False,正常,1555,13
2024-04-07 17:34:00,2024-04-07 17:34:00,1,空载牵引,False,正常,1556,13
2024-04-07 17:35:00,2024-04-07 17:40:00,6,停机,False,正常,1557,13
2024-04-07 17:41:00,2024-04-07 17:51:00,11,重载牵引,False,正常,1558,13
2024-04-07 17:52:00,2024-04-07 17:52:00,1,待机,False,正常,1559,13
2024-04-07 17:53:00,2024-04-07 17:54:00,2,重载牵引,False,正常,1560,13
2024-04-07 17:55:00,2024-04-07 17:55:00,1,待机,False,正常,1561,13
2024-04-07 17:56:00,2024-04-07 18:08:00,13,重载牵引,False,正常,1562,13
2024-04-07 18:09:00,2024-04-07 18:09:00,1,空载牵引,False,正常,1563,13
2024-04-07 18:10:00,2024-04-07 18:24:00,15,重载牵引,False,正常,1564,13
2024-04-07 18:25:00,2024-04-07 18:27:00,3,停机,False,正常,1565,13
2024-04-07 18:28:00,2024-04-07 18:28:00,1,待机,False,正常,1566,13
2024-04-07 18:29:00,2024-04-07 18:29:00,1,停机,False,正常,1567,13
2024-04-07 18:30:00,2024-04-07 18:32:00,3,重载牵引,False,正常,1568,13
2024-04-07 18:33:00,2024-04-07 18:33:00,1,空载牵引,False,正常,1569,13
2024-04-07 18:34:00,2024-04-07 18:47:00,14,重载牵引,False,正常,1570,13
2024-04-07 18:48:00,2024-04-07 18:49:00,2,停机,False,正常,1571,13
2024-04-07 18:50:00,2024-04-07 18:54:00,5,重载牵引,False,正常,1572,13
2024-04-07 18:55:00,2024-04-07 19:07:00,13,停机,False,正常,1573,13
2024-04-07 19:08:00,2024-04-07 19:13:00,6,重载牵引,False,正常,1574,13
2024-04-07 19:14:00,2024-04-07 19:14:00,1,待机,False,正常,1575,13
2024-04-07 19:15:00,2024-04-07 19:46:00,32,重载牵引,False,正常,1576,13
2024-04-07 19:47:00,2024-04-07 19:53:00,7,停机,False,正常,1577,13
2024-04-07 19:54:00,2024-04-07 19:55:00,2,重载牵引,False,正常,1578,13
2024-04-07 19:56:00,2024-04-07 20:02:00,7,停机,False,正常,1579,13
2024-04-07 20:03:00,2024-04-07 20:03:00,1,待机,False,正常,1580,13
2024-04-07 20:04:00,2024-04-07 20:07:00,4,重载牵引,False,正常,1581,13
2024-04-07 20:08:00,2024-04-07 20:16:00,9,停机,False,正常,1582,13
2024-04-07 20:17:00,2024-04-07 20:19:00,3,重载牵引,False,正常,1583,13
2024-04-07 20:20:00,2024-04-07 20:20:00,1,待机,False,正常,1584,13
2024-04-07 20:21:00,2024-04-07 20:22:00,2,停机,False,正常,1585,13
2024-04-07 20:23:00,2024-04-07 20:23:00,1,重载牵引,False,正常,1586,13
2024-04-07 20:24:00,2024-04-07 20:25:00,2,待机,False,正常,1587,13
2024-04-07 20:26:00,2024-04-07 20:27:00,2,停机,False,正常,1588,13
2024-04-07 20:28:00,2024-04-07 20:28:00,1,重载牵引,False,正常,1589,13
2024-04-07 20:29:00,2024-04-07 20:29:00,1,待机,False,正常,1590,13
2024-04-07 20:30:00,2024-04-07 20:31:00,2,重载牵引,False,正常,1591,13
2024-04-07 20:32:00,2024-04-07 20:33:00,2,待机,False,正常,1592,13
2024-04-07 20:34:00,2024-04-07 20:39:00,6,重载牵引,False,正常,1593,13
2024-04-07 20:40:00,2024-04-07 20:40:00,1,停机,False,正常,1594,13
2024-04-07 20:41:00,2024-04-07 20:42:00,2,重载牵引,False,正常,1595,13
2024-04-07 20:43:00,2024-04-07 21:11:00,29,停机,False,正常,1596,13
2024-04-07 21:12:00,2024-04-07 21:12:00,1,重载牵引,False,正常,1597,13
2024-04-07 21:13:00,2024-04-07 21:13:00,1,待机,False,正常,1598,13
2024-04-07 21:14:00,2024-04-07 21:15:00,2,重载牵引,False,正常,1599,13
2024-04-07 21:16:00,2024-04-07 21:16:00,1,待机,False,正常,1600,13
2024-04-07 21:17:00,2024-04-07 21:46:00,30,重载牵引,False,正常,1601,13
2024-04-07 21:47:00,2024-04-07 21:47:00,1,空载牵引,False,正常,1602,13
2024-04-07 21:48:00,2024-04-07 21:50:00,3,重载牵引,False,正常,1603,13
2024-04-07 21:51:00,2024-04-07 21:51:00,1,停机,False,正常,1604,13
2024-04-07 21:52:00,2024-04-07 21:55:00,4,重载牵引,False,正常,1605,13
2024-04-07 21:56:00,2024-04-07 21:56:00,1,待机,False,正常,1606,13
2024-04-07 21:57:00,2024-04-07 21:59:00,3,重载牵引,False,正常,1607,13
2024-04-07 22:00:00,2024-04-07 22:00:00,1,停机,False,正常,1608,13
2024-04-07 22:01:00,2024-04-07 22:07:00,7,重载牵引,False,正常,1609,13
2024-04-07 22:08:00,2024-04-07 22:08:00,1,停机,False,正常,1610,13
2024-04-07 22:09:00,2024-04-07 22:13:00,5,重载牵引,False,正常,1611,13
2024-04-07 22:14:00,2024-04-07 22:14:00,1,停机,False,正常,1612,13
2024-04-07 22:15:00,2024-04-07 22:20:00,6,重载牵引,False,正常,1613,13
2024-04-07 22:21:00,2024-04-07 22:21:00,1,停机,False,正常,1614,13
2024-04-07 22:22:00,2024-04-07 22:23:00,2,重载牵引,False,正常,1615,13
2024-04-07 22:24:00,2024-04-07 22:29:00,6,停机,False,正常,1616,13
2024-04-07 22:30:00,2024-04-07 22:54:00,25,重载牵引,False,正常,1617,13
2024-04-07 22:55:00,2024-04-07 22:55:00,1,待机,False,正常,1618,13
2024-04-07 22:56:00,2024-04-07 22:56:00,1,停机,False,正常,1619,13
2024-04-07 22:57:00,2024-04-07 22:59:00,3,重载牵引,False,正常,1620,13
2024-04-07 23:00:00,2024-04-07 23:00:00,1,空载牵引,False,正常,1621,13
2024-04-07 23:01:00,2024-04-07 23:02:00,2,停机,False,正常,1622,13
2024-04-07 23:03:00,2024-04-07 23:11:00,9,重载牵引,False,正常,1623,13
2024-04-07 23:12:00,2024-04-07 23:14:00,3,停机,False,正常,1624,13
2024-04-07 23:15:00,2024-04-07 23:15:00,1,重载牵引,False,正常,1625,13
2024-04-07 23:16:00,2024-04-07 23:16:00,1,停机,False,正常,1626,13
2024-04-07 23:17:00,2024-04-07 23:18:00,2,重载牵引,False,正常,1627,13
2024-04-07 23:19:00,2024-04-07 23:19:00,1,待机,False,正常,1628,13
2024-04-07 23:20:00,2024-04-07 23:21:00,2,重载牵引,False,正常,1629,13
2024-04-07 23:22:00,2024-04-07 23:22:00,1,停机,False,正常,1630,13
2024-04-07 23:23:00,2024-04-07 23:23:00,1,重载牵引,False,正常,1631,13
2024-04-07 23:24:00,2024-04-07 23:24:00,1,待机,False,正常,1632,13
2024-04-07 23:25:00,2024-04-07 23:25:00,1,重载牵引,False,正常,1633,13
2024-04-07 23:26:00,2024-04-07 23:28:00,3,停机,False,正常,1634,13
2024-04-07 23:29:00,2024-04-07 23:29:00,1,待机,False,正常,1635,13
2024-04-07 23:30:00,2024-04-07 23:31:00,2,重载牵引,False,正常,1636,13
2024-04-07 23:32:00,2024-04-07 23:32:00,1,待机,False,正常,1637,13
2024-04-07 23:33:00,2024-04-07 23:35:00,3,停机,False,正常,1638,13
2024-04-07 23:36:00,2024-04-07 23:40:00,5,重载牵引,False,正常,1639,13
2024-04-07 23:41:00,2024-04-07 23:41:00,1,待机,False,正常,1640,13
2024-04-07 23:42:00,2024-04-07 23:49:00,8,重载牵引,False,正常,1641,13
2024-04-07 23:50:00,2024-04-07 23:51:00,2,停机,False,正常,1642,13
2024-04-07 23:52:00,2024-04-07 23:52:00,1,重载牵引,False,正常,1643,13
2024-04-07 23:53:00,2024-04-07 23:53:00,1,空载牵引,False,正常,1644,13
2024-04-07 23:54:00,2024-04-08 00:17:00,24,重载牵引,False,正常,1645,13
2024-04-08 00:18:00,2024-04-08 00:20:00,3,停机,False,正常,1646,13
2024-04-08 00:21:00,2024-04-08 00:21:00,1,重载牵引,False,正常,1647,13
2024-04-08 00:22:00,2024-04-08 00:22:00,1,停机,False,正常,1648,13
2024-04-08 00:23:00,2024-04-08 00:25:00,3,重载牵引,False,正常,1649,13
2024-04-08 00:26:00,2024-04-08 00:27:00,2,停机,False,正常,1650,13
2024-04-08 00:28:00,2024-04-08 00:29:00,2,重载牵引,False,正常,1651,13
2024-04-08 00:30:00,2024-04-08 00:30:00,1,待机,False,正常,1652,13
2024-04-08 00:31:00,2024-04-08 00:31:00,1,重载牵引,False,正常,1653,13
2024-04-08 00:32:00,2024-04-08 00:32:00,1,待机,False,正常,1654,13
2024-04-08 00:33:00,2024-04-08 00:33:00,1,重载牵引,False,正常,1655,13
2024-04-08 00:34:00,2024-04-08 00:34:00,1,待机,False,正常,1656,13
2024-04-08 00:35:00,2024-04-08 00:37:00,3,重载牵引,False,正常,1657,13
2024-04-08 00:38:00,2024-04-08 00:38:00,1,空载牵引,False,正常,1658,13
2024-04-08 00:39:00,2024-04-08 00:49:00,11,停机,False,正常,1659,13
2024-04-08 00:50:00,2024-04-08 00:52:00,3,重载牵引,False,正常,1660,13
2024-04-08 00:53:00,2024-04-08 00:53:00,1,停机,False,正常,1661,13
2024-04-08 00:54:00,2024-04-08 01:03:00,10,重载牵引,False,正常,1662,13
2024-04-08 01:04:00,2024-04-08 01:04:00,1,待机,False,正常,1663,13
2024-04-08 01:05:00,2024-04-08 01:17:00,13,重载牵引,False,正常,1664,13
2024-04-08 01:18:00,2024-04-08 01:21:00,4,停机,False,正常,1665,13
2024-04-08 01:22:00,2024-04-08 01:25:00,4,重载牵引,False,正常,1666,13
2024-04-08 01:26:00,2024-04-08 01:27:00,2,停机,False,正常,1667,13
2024-04-08 01:28:00,2024-04-08 01:28:00,1,重载牵引,False,正常,1668,13
2024-04-08 01:29:00,2024-04-08 01:33:00,5,停机,False,正常,1669,13
2024-04-08 01:34:00,2024-04-08 01:35:00,2,重载牵引,False,正常,1670,13
2024-04-08 01:36:00,2024-04-08 01:36:00,1,空载牵引,False,正常,1671,13
2024-04-08 01:37:00,2024-04-08 01:47:00,11,重载牵引,False,正常,1672,13
2024-04-08 01:48:00,2024-04-08 01:48:00,1,待机,False,正常,1673,13
2024-04-08 01:49:00,2024-04-08 02:16:00,28,重载牵引,False,正常,1674,13
2024-04-08 02:17:00,2024-04-08 02:17:00,1,待机,False,正常,1675,13
2024-04-08 02:18:00,2024-04-08 02:18:00,1,重载牵引,False,正常,1676,13
2024-04-08 02:19:00,2024-04-08 02:19:00,1,停机,False,正常,1677,13
2024-04-08 02:20:00,2024-04-08 02:27:00,8,重载牵引,False,正常,1678,13
2024-04-08 02:28:00,2024-04-08 02:28:00,1,停机,False,正常,1679,13
2024-04-08 02:29:00,2024-04-08 02:47:00,19,重载牵引,False,正常,1680,13
2024-04-08 02:48:00,2024-04-08 02:48:00,1,待机,False,正常,1681,13
2024-04-08 02:49:00,2024-04-08 02:58:00,10,重载牵引,False,正常,1682,13
2024-04-08 02:59:00,2024-04-08 03:00:00,2,停机,False,正常,1683,13
2024-04-08 03:01:00,2024-04-08 03:02:00,2,重载牵引,False,正常,1684,13
2024-04-08 03:03:00,2024-04-08 03:03:00,1,待机,False,正常,1685,13
2024-04-08 03:04:00,2024-04-08 03:22:00,19,重载牵引,False,正常,1686,13
2024-04-08 03:23:00,2024-04-08 03:23:00,1,待机,False,正常,1687,13
2024-04-08 03:24:00,2024-04-08 03:24:00,1,停机,False,正常,1688,13
2024-04-08 03:25:00,2024-04-08 03:28:00,4,重载牵引,False,正常,1689,13
2024-04-08 03:29:00,2024-04-08 03:29:00,1,待机,False,正常,1690,13
2024-04-08 03:30:00,2024-04-08 03:36:00,7,重载牵引,False,正常,1691,13
2024-04-08 03:37:00,2024-04-08 03:37:00,1,待机,False,正常,1692,13
2024-04-08 03:38:00,2024-04-08 03:44:00,7,重载牵引,False,正常,1693,13
2024-04-08 03:45:00,2024-04-08 03:46:00,2,停机,False,正常,1694,13
2024-04-08 03:47:00,2024-04-08 03:47:00,1,待机,False,正常,1695,13
2024-04-08 03:48:00,2024-04-08 03:55:00,8,重载牵引,False,正常,1696,13
2024-04-08 03:56:00,2024-04-08 03:56:00,1,待机,False,正常,1697,13
2024-04-08 03:57:00,2024-04-08 04:28:00,32,重载牵引,False,正常,1698,13
2024-04-08 04:29:00,2024-04-08 04:29:00,1,待机,False,正常,1699,13
2024-04-08 04:30:00,2024-04-08 04:30:00,1,重载牵引,False,正常,1700,13
2024-04-08 04:31:00,2024-04-08 04:31:00,1,停机,False,正常,1701,13
2024-04-08 04:32:00,2024-04-08 04:37:00,6,重载牵引,False,正常,1702,13
2024-04-08 04:38:00,2024-04-08 04:38:00,1,停机,False,正常,1703,13
2024-04-08 04:39:00,2024-04-08 04:59:00,21,重载牵引,False,正常,1704,13
2024-04-08 05:00:00,2024-04-08 05:00:00,1,停机,False,正常,1705,13
2024-04-08 05:01:00,2024-04-08 05:02:00,2,重载牵引,False,正常,1706,13
2024-04-08 05:03:00,2024-04-08 05:05:00,3,停机,False,正常,1707,13
2024-04-08 05:06:00,2024-04-08 05:14:00,9,重载牵引,False,正常,1708,13
2024-04-08 05:15:00,2024-04-08 05:16:00,2,待机,False,正常,1709,13
2024-04-08 05:17:00,2024-04-08 05:33:00,17,重载牵引,False,正常,1710,13
2024-04-08 05:34:00,2024-04-08 05:35:00,2,待机,False,正常,1711,13
2024-04-08 05:36:00,2024-04-08 05:40:00,5,重载牵引,False,正常,1712,13
2024-04-08 05:41:00,2024-04-08 05:41:00,1,待机,False,正常,1713,13
2024-04-08 05:42:00,2024-04-08 05:47:00,6,重载牵引,False,正常,1714,13
2024-04-08 05:48:00,2024-04-08 06:13:00,26,停机,False,正常,1715,13
2024-04-08 06:14:00,2024-04-08 06:14:00,1,重载牵引,False,正常,1716,13
2024-04-08 06:15:00,2024-04-08 06:15:00,1,停机,False,正常,1717,13
2024-04-08 06:16:00,2024-04-08 06:19:00,4,重载牵引,False,正常,1718,13
2024-04-08 06:20:00,2024-04-08 06:21:00,2,待机,False,正常,1719,13
2024-04-08 06:22:00,2024-04-08 06:22:00,1,停机,False,正常,1720,13
2024-04-08 06:23:00,2024-04-08 06:25:00,3,重载牵引,False,正常,1721,13
2024-04-08 06:26:00,2024-04-08 06:31:00,6,停机,False,正常,1722,13
2024-04-08 06:32:00,2024-04-08 06:33:00,2,重载牵引,False,正常,1723,13
2024-04-08 06:34:00,2024-04-08 06:34:00,1,待机,False,正常,1724,13
2024-04-08 06:35:00,2024-04-08 06:41:00,7,重载牵引,False,正常,1725,13
2024-04-08 06:42:00,2024-04-08 06:42:00,1,停机,False,正常,1726,13
2024-04-08 06:43:00,2024-04-08 06:44:00,2,重载牵引,False,正常,1727,13
2024-04-08 06:45:00,2024-04-08 06:45:00,1,待机,False,正常,1728,13
2024-04-08 06:46:00,2024-04-08 06:47:00,2,重载牵引,False,正常,1729,13
2024-04-08 06:48:00,2024-04-08 06:49:00,2,停机,False,正常,1730,13
2024-04-08 06:50:00,2024-04-08 06:51:00,2,重载牵引,False,正常,1731,13
2024-04-08 06:52:00,2024-04-08 06:54:00,3,停机,False,正常,1732,13
2024-04-08 06:55:00,2024-04-08 06:59:00,5,重载牵引,False,正常,1733,13
2024-04-08 07:00:00,2024-04-08 07:00:00,1,待机,False,正常,1734,13
2024-04-08 07:01:00,2024-04-08 07:02:00,2,重载牵引,False,正常,1735,13
2024-04-08 07:03:00,2024-04-08 07:03:00,1,待机,False,正常,1736,13
2024-04-08 07:04:00,2024-04-08 07:05:00,2,重载牵引,False,正常,1737,13
2024-04-08 07:06:00,2024-04-08 07:08:00,3,待机,False,正常,1738,13
2024-04-08 07:09:00,2024-04-08 07:11:00,3,重载牵引,False,正常,1739,13
2024-04-08 07:12:00,2024-04-08 07:12:00,1,待机,False,正常,1740,13
2024-04-08 07:13:00,2024-04-08 07:16:00,4,停机,False,正常,1741,13
2024-04-08 07:17:00,2024-04-08 07:19:00,3,待机,False,正常,1742,13
2024-04-08 07:20:00,2024-04-08 07:21:00,2,重载牵引,False,正常,1743,13
2024-04-08 07:22:00,2024-04-08 07:41:00,20,停机,False,正常,1744,13
2024-04-08 07:42:00,2024-04-08 08:17:00,36,待机,False,正常,1745,13
2024-04-08 08:18:00,2024-04-08 08:54:00,37,停机,False,正常,1746,13
2024-04-08 08:55:00,2024-04-08 08:55:00,1,待机,False,正常,1747,13
2024-04-08 08:56:00,2024-04-08 09:10:00,15,停机,False,正常,1748,13
2024-04-08 09:11:00,2024-04-08 09:12:00,2,重载牵引,False,正常,1749,13
2024-04-08 09:13:00,2024-04-08 09:13:00,1,停机,False,正常,1750,13
2024-04-08 09:14:00,2024-04-08 09:26:00,13,重载牵引,False,正常,1751,13
2024-04-08 09:27:00,2024-04-08 09:27:00,1,待机,False,正常,1752,13
2024-04-08 09:28:00,2024-04-08 09:35:00,8,重载牵引,False,正常,1753,13
2024-04-08 09:36:00,2024-04-08 09:36:00,1,待机,False,正常,1754,13
2024-04-08 09:37:00,2024-04-08 09:37:00,1,重载牵引,False,正常,1755,13
2024-04-08 09:38:00,2024-04-08 09:38:00,1,待机,False,正常,1756,13
2024-04-08 09:39:00,2024-04-08 09:39:00,1,停机,False,正常,1757,13
2024-04-08 09:40:00,2024-04-08 09:42:00,3,重载牵引,False,正常,1758,13
2024-04-08 09:43:00,2024-04-08 09:43:00,1,空载牵引,False,正常,1759,13
2024-04-08 09:44:00,2024-04-08 09:51:00,8,重载牵引,False,正常,1760,13
2024-04-08 09:52:00,2024-04-08 09:52:00,1,空载牵引,False,正常,1761,13
2024-04-08 09:53:00,2024-04-08 09:53:00,1,待机,False,正常,1762,13
2024-04-08 09:54:00,2024-04-08 09:57:00,4,重载牵引,False,正常,1763,13
2024-04-08 09:58:00,2024-04-08 09:58:00,1,停机,False,正常,1764,13
2024-04-08 09:59:00,2024-04-08 10:02:00,4,重载牵引,False,正常,1765,13
2024-04-08 10:03:00,2024-04-08 10:08:00,6,停机,False,正常,1766,13
2024-04-08 10:09:00,2024-04-08 10:09:00,1,重载牵引,False,正常,1767,13
2024-04-08 10:10:00,2024-04-08 10:11:00,2,停机,False,正常,1768,13
2024-04-08 10:12:00,2024-04-08 10:12:00,1,空载牵引,False,正常,1769,13
2024-04-08 10:13:00,2024-04-08 10:14:00,2,停机,False,正常,1770,13
2024-04-08 10:15:00,2024-04-08 11:47:00,93,待机,False,正常,1771,13
2024-04-08 11:48:00,2024-04-08 11:50:00,3,停机,False,正常,1772,13
2024-04-08 11:51:00,2024-04-08 13:12:00,82,待机,False,正常,1773,13
2024-04-08 13:13:00,2024-04-08 13:15:00,3,停机,False,正常,1774,13
2024-04-08 13:16:00,2024-04-08 13:27:00,12,待机,False,正常,1775,13
2024-04-08 13:28:00,2024-04-08 13:39:00,12,停机,False,正常,1776,13
2024-04-08 13:40:00,2024-04-08 13:47:00,8,待机,False,正常,1777,13
2024-04-08 13:48:00,2024-04-08 13:53:00,6,停机,False,正常,1778,13
2024-04-08 13:54:00,2024-04-08 14:20:00,27,待机,False,正常,1779,13
2024-04-08 14:21:00,2024-04-08 14:22:00,2,停机,False,正常,1780,13
2024-04-08 14:23:00,2024-04-08 14:37:00,15,待机,False,正常,1781,13
2024-04-08 14:38:00,2024-04-08 14:39:00,2,停机,False,正常,1782,13
2024-04-08 14:40:00,2024-04-08 15:55:00,76,待机,False,正常,1783,13
2024-04-08 15:56:00,2024-04-08 15:58:00,3,停机,False,正常,1784,13
2024-04-08 15:59:00,2024-04-08 15:59:00,1,重载牵引,False,正常,1785,13
2024-04-08 16:00:00,2024-04-08 16:00:00,1,待机,False,正常,1786,13
2024-04-08 16:01:00,2024-04-08 16:01:00,1,停机,False,正常,1787,13
2024-04-08 16:02:00,2024-04-08 16:02:00,1,重载牵引,False,正常,1788,13
2024-04-08 16:03:00,2024-04-08 16:07:00,5,停机,False,正常,1789,13
2024-04-08 16:08:00,2024-04-08 16:11:00,4,重载牵引,False,正常,1790,13
2024-04-08 16:12:00,2024-04-08 16:12:00,1,停机,False,正常,1791,13
2024-04-08 16:13:00,2024-04-08 16:15:00,3,重载牵引,False,正常,1792,13
2024-04-08 16:16:00,2024-04-08 16:16:00,1,空载牵引,False,正常,1793,13
2024-04-08 16:17:00,2024-04-08 16:17:00,1,停机,False,正常,1794,13
2024-04-08 16:18:00,2024-04-08 16:25:00,8,重载牵引,False,正常,1795,13
2024-04-08 16:26:00,2024-04-08 16:26:00,1,待机,False,正常,1796,13
2024-04-08 16:27:00,2024-04-08 16:33:00,7,重载牵引,False,正常,1797,13
2024-04-08 16:34:00,2024-04-08 16:35:00,2,停机,False,正常,1798,13
2024-04-08 16:36:00,2024-04-08 16:38:00,3,重载牵引,False,正常,1799,13
2024-04-08 16:39:00,2024-04-08 16:39:00,1,待机,False,正常,1800,13
2024-04-08 16:40:00,2024-04-08 16:40:00,1,重载牵引,False,正常,1801,13
2024-04-08 16:41:00,2024-04-08 16:45:00,5,停机,False,正常,1802,13
2024-04-08 16:46:00,2024-04-08 16:47:00,2,重载牵引,False,正常,1803,13
2024-04-08 16:48:00,2024-04-08 16:57:00,10,待机,False,正常,1804,13
2024-04-08 16:58:00,2024-04-08 17:00:00,3,重载牵引,False,正常,1805,13
2024-04-08 17:01:00,2024-04-08 17:01:00,1,空载牵引,False,正常,1806,13
2024-04-08 17:02:00,2024-04-08 17:04:00,3,停机,False,正常,1807,13
2024-04-08 17:05:00,2024-04-08 17:05:00,1,重载牵引,False,正常,1808,13
2024-04-08 17:06:00,2024-04-08 17:07:00,2,停机,False,正常,1809,13
2024-04-08 17:08:00,2024-04-08 17:08:00,1,重载牵引,False,正常,1810,13
2024-04-08 17:09:00,2024-04-08 17:09:00,1,待机,False,正常,1811,13
2024-04-08 17:10:00,2024-04-08 17:10:00,1,重载牵引,False,正常,1812,13
2024-04-08 17:11:00,2024-04-08 17:11:00,1,停机,False,正常,1813,13
2024-04-08 17:12:00,2024-04-08 17:12:00,1,重载牵引,False,正常,1814,13
2024-04-08 17:13:00,2024-04-08 17:13:00,1,停机,False,正常,1815,13
2024-04-08 17:14:00,2024-04-08 17:14:00,1,待机,False,正常,1816,13
2024-04-08 17:15:00,2024-04-08 17:15:00,1,停机,False,正常,1817,13
2024-04-08 17:16:00,2024-04-08 17:17:00,2,重载牵引,False,正常,1818,13
2024-04-08 17:18:00,2024-04-08 17:18:00,1,停机,False,正常,1819,13
2024-04-08 17:19:00,2024-04-08 17:19:00,1,重载牵引,False,正常,1820,13
2024-04-08 17:20:00,2024-04-08 17:22:00,3,停机,False,正常,1821,13
2024-04-08 17:23:00,2024-04-08 17:23:00,1,重载牵引,False,正常,1822,13
2024-04-08 17:24:00,2024-04-08 17:24:00,1,待机,False,正常,1823,13
2024-04-08 17:25:00,2024-04-08 17:26:00,2,停机,False,正常,1824,13
2024-04-08 17:27:00,2024-04-08 17:27:00,1,重载牵引,False,正常,1825,13
2024-04-08 17:28:00,2024-04-08 17:28:00,1,停机,False,正常,1826,13
2024-04-08 17:29:00,2024-04-08 17:30:00,2,空载牵引,False,正常,1827,13
2024-04-08 17:31:00,2024-04-08 17:32:00,2,停机,False,正常,1828,13
2024-04-08 17:33:00,2024-04-08 17:33:00,1,重载牵引,False,正常,1829,13
2024-04-08 17:34:00,2024-04-08 17:37:00,4,停机,False,正常,1830,13
2024-04-08 17:38:00,2024-04-08 17:39:00,2,重载牵引,False,正常,1831,13
2024-04-08 17:40:00,2024-04-08 17:40:00,1,停机,False,正常,1832,13
2024-04-08 17:41:00,2024-04-08 17:41:00,1,重载牵引,False,正常,1833,13
2024-04-08 17:42:00,2024-04-08 17:50:00,9,停机,False,正常,1834,13
2024-04-08 17:51:00,2024-04-08 17:52:00,2,重载牵引,False,正常,1835,13
2024-04-08 17:53:00,2024-04-08 17:53:00,1,待机,False,正常,1836,13
2024-04-08 17:54:00,2024-04-08 17:56:00,3,停机,False,正常,1837,13
2024-04-08 17:57:00,2024-04-08 17:57:00,1,待机,False,正常,1838,13
2024-04-08 17:58:00,2024-04-08 17:58:00,1,重载牵引,False,正常,1839,13
2024-04-08 17:59:00,2024-04-08 17:59:00,1,停机,False,正常,1840,13
2024-04-08 18:00:00,2024-04-08 18:00:00,1,重载牵引,False,正常,1841,13
2024-04-08 18:01:00,2024-04-08 18:02:00,2,待机,False,正常,1842,13
2024-04-08 18:03:00,2024-04-08 18:04:00,2,停机,False,正常,1843,13
2024-04-08 18:05:00,2024-04-08 18:06:00,2,重载牵引,False,正常,1844,13
2024-04-08 18:07:00,2024-04-08 18:07:00,1,待机,False,正常,1845,13
2024-04-08 18:08:00,2024-04-08 18:18:00,11,重载牵引,False,正常,1846,13
2024-04-08 18:19:00,2024-04-08 18:19:00,1,空载牵引,False,正常,1847,13
2024-04-08 18:20:00,2024-04-08 18:33:00,14,重载牵引,False,正常,1848,13
2024-04-08 18:34:00,2024-04-08 18:35:00,2,停机,False,正常,1849,13
2024-04-08 18:36:00,2024-04-08 18:39:00,4,重载牵引,False,正常,1850,13
2024-04-08 18:40:00,2024-04-08 18:43:00,4,停机,False,正常,1851,13
2024-04-08 18:44:00,2024-04-08 18:45:00,2,重载牵引,False,正常,1852,13
2024-04-08 18:46:00,2024-04-08 18:52:00,7,停机,False,正常,1853,13
2024-04-08 18:53:00,2024-04-08 18:53:00,1,空载牵引,False,正常,1854,13
2024-04-08 18:54:00,2024-04-08 18:55:00,2,待机,False,正常,1855,13
2024-04-08 18:56:00,2024-04-08 18:58:00,3,重载牵引,False,正常,1856,13
2024-04-08 18:59:00,2024-04-08 19:04:00,6,停机,False,正常,1857,13
2024-04-08 19:05:00,2024-04-08 19:19:00,15,重载牵引,False,正常,1858,13
2024-04-08 19:20:00,2024-04-08 19:24:00,5,停机,False,正常,1859,13
2024-04-08 19:25:00,2024-04-08 19:25:00,1,重载牵引,False,正常,1860,13
2024-04-08 19:26:00,2024-04-08 19:26:00,1,待机,False,正常,1861,13
2024-04-08 19:27:00,2024-04-08 19:29:00,3,重载牵引,False,正常,1862,13
2024-04-08 19:30:00,2024-04-08 19:30:00,1,待机,False,正常,1863,13
2024-04-08 19:31:00,2024-04-08 19:31:00,1,重载牵引,False,正常,1864,13
2024-04-08 19:32:00,2024-04-08 19:32:00,1,待机,False,正常,1865,13
2024-04-08 19:33:00,2024-04-08 19:36:00,4,重载牵引,False,正常,1866,13
2024-04-08 19:37:00,2024-04-08 19:37:00,1,空载牵引,False,正常,1867,13
2024-04-08 19:38:00,2024-04-08 19:41:00,4,重载牵引,False,正常,1868,13
2024-04-08 19:42:00,2024-04-08 19:42:00,1,待机,False,正常,1869,13
2024-04-08 19:43:00,2024-04-08 19:57:00,15,停机,False,正常,1870,13
2024-04-08 19:58:00,2024-04-08 20:09:00,12,重载牵引,False,正常,1871,13
2024-04-08 20:10:00,2024-04-08 23:23:00,194,停机,True,异常持续段（>154min 阈值）,1872,14
2024-04-08 23:24:00,2024-04-08 23:29:00,6,重载牵引,False,正常,1873,15
2024-04-08 23:30:00,2024-04-08 23:30:00,1,待机,False,正常,1874,15
2024-04-08 23:31:00,2024-04-08 23:42:00,12,重载牵引,False,正常,1875,15
2024-04-08 23:43:00,2024-04-08 23:43:00,1,待机,False,正常,1876,15
2024-04-08 23:44:00,2024-04-08 23:44:00,1,停机,False,正常,1877,15
2024-04-08 23:45:00,2024-04-08 23:45:00,1,重载牵引,False,正常,1878,15
2024-04-08 23:46:00,2024-04-08 23:46:00,1,停机,False,正常,1879,15
2024-04-08 23:47:00,2024-04-08 23:47:00,1,待机,False,正常,1880,15
2024-04-08 23:48:00,2024-04-08 23:56:00,9,停机,False,正常,1881,15
2024-04-08 23:57:00,2024-04-08 23:57:00,1,重载牵引,False,正常,1882,15
2024-04-08 23:58:00,2024-04-08 23:58:00,1,待机,False,正常,1883,15
2024-04-08 23:59:00,2024-04-08 23:59:00,1,重载牵引,False,正常,1884,15
2024-04-09 00:00:00,2024-04-09 00:00:00,1,待机,False,正常,1885,15
2024-04-09 00:01:00,2024-04-09 00:06:00,6,重载牵引,False,正常,1886,15
2024-04-09 00:07:00,2024-04-09 00:07:00,1,待机,False,正常,1887,15
2024-04-09 00:08:00,2024-04-09 00:09:00,2,重载牵引,False,正常,1888,15
2024-04-09 00:10:00,2024-04-09 00:10:00,1,待机,False,正常,1889,15
2024-04-09 00:11:00,2024-04-09 01:09:00,59,停机,False,正常,1890,15
2024-04-09 01:10:00,2024-04-09 01:10:00,1,待机,False,正常,1891,15
2024-04-09 01:11:00,2024-04-09 01:12:00,2,停机,False,正常,1892,15
2024-04-09 01:13:00,2024-04-09 01:13:00,1,重载牵引,False,正常,1893,15
2024-04-09 01:14:00,2024-04-09 01:14:00,1,空载牵引,False,正常,1894,15
2024-04-09 01:15:00,2024-04-09 01:15:00,1,重载牵引,False,正常,1895,15
2024-04-09 01:16:00,2024-04-09 01:16:00,1,停机,False,正常,1896,15
2024-04-09 01:17:00,2024-04-09 01:21:00,5,重载牵引,False,正常,1897,15
2024-04-09 01:22:00,2024-04-09 01:22:00,1,待机,False,正常,1898,15
2024-04-09 01:23:00,2024-04-09 01:29:00,7,重载牵引,False,正常,1899,15
2024-04-09 01:30:00,2024-04-09 01:30:00,1,停机,False,正常,1900,15
2024-04-09 01:31:00,2024-04-09 01:32:00,2,重载牵引,False,正常,1901,15
2024-04-09 01:33:00,2024-04-09 01:33:00,1,待机,False,正常,1902,15
2024-04-09 01:34:00,2024-04-09 01:44:00,11,重载牵引,False,正常,1903,15
2024-04-09 01:45:00,2024-04-09 01:46:00,2,停机,False,正常,1904,15
2024-04-09 01:47:00,2024-04-09 01:51:00,5,重载牵引,False,正常,1905,15
2024-04-09 01:52:00,2024-04-09 01:53:00,2,待机,False,正常,1906,15
2024-04-09 01:54:00,2024-04-09 02:01:00,8,重载牵引,False,正常,1907,15
2024-04-09 02:02:00,2024-04-09 02:06:00,5,停机,False,正常,1908,15
2024-04-09 02:07:00,2024-04-09 02:09:00,3,重载牵引,False,正常,1909,15
2024-04-09 02:10:00,2024-04-09 02:10:00,1,待机,False,正常,1910,15
2024-04-09 02:11:00,2024-04-09 02:12:00,2,重载牵引,False,正常,1911,15
2024-04-09 02:13:00,2024-04-09 02:14:00,2,停机,False,正常,1912,15
2024-04-09 02:15:00,2024-04-09 02:16:00,2,重载牵引,False,正常,1913,15
2024-04-09 02:17:00,2024-04-09 02:18:00,2,停机,False,正常,1914,15
2024-04-09 02:19:00,2024-04-09 02:25:00,7,重载牵引,False,正常,1915,15
2024-04-09 02:26:00,2024-04-09 02:26:00,1,待机,False,正常,1916,15
2024-04-09 02:27:00,2024-04-09 02:32:00,6,重载牵引,False,正常,1917,15
2024-04-09 02:33:00,2024-04-09 02:33:00,1,停机,False,正常,1918,15
2024-04-09 02:34:00,2024-04-09 02:46:00,13,重载牵引,False,正常,1919,15
2024-04-09 02:47:00,2024-04-09 02:47:00,1,停机,False,正常,1920,15
2024-04-09 02:48:00,2024-04-09 03:03:00,16,重载牵引,False,正常,1921,15
2024-04-09 03:04:00,2024-04-09 03:04:00,1,待机,False,正常,1922,15
2024-04-09 03:05:00,2024-04-09 03:10:00,6,重载牵引,False,正常,1923,15
2024-04-09 03:11:00,2024-04-09 03:11:00,1,空载牵引,False,正常,1924,15
2024-04-09 03:12:00,2024-04-09 03:29:00,18,重载牵引,False,正常,1925,15
2024-04-09 03:30:00,2024-04-09 03:32:00,3,停机,False,正常,1926,15
2024-04-09 03:33:00,2024-04-09 03:48:00,16,重载牵引,False,正常,1927,15
2024-04-09 03:49:00,2024-04-09 03:49:00,1,待机,False,正常,1928,15
2024-04-09 03:50:00,2024-04-09 03:52:00,3,重载牵引,False,正常,1929,15
2024-04-09 03:53:00,2024-04-09 03:53:00,1,待机,False,正常,1930,15
2024-04-09 03:54:00,2024-04-09 03:55:00,2,停机,False,正常,1931,15
2024-04-09 03:56:00,2024-04-09 03:57:00,2,重载牵引,False,正常,1932,15
2024-04-09 03:58:00,2024-04-09 03:58:00,1,空载牵引,False,正常,1933,15
2024-04-09 03:59:00,2024-04-09 04:04:00,6,重载牵引,False,正常,1934,15
2024-04-09 04:05:00,2024-04-09 04:05:00,1,待机,False,正常,1935,15
2024-04-09 04:06:00,2024-04-09 04:07:00,2,重载牵引,False,正常,1936,15
2024-04-09 04:08:00,2024-04-09 04:08:00,1,待机,False,正常,1937,15
2024-04-09 04:09:00,2024-04-09 04:11:00,3,停机,False,正常,1938,15
2024-04-09 04:12:00,2024-04-09 04:12:00,1,重载牵引,False,正常,1939,15
2024-04-09 04:13:00,2024-04-09 04:15:00,3,停机,False,正常,1940,15
2024-04-09 04:16:00,2024-04-09 04:29:00,14,重载牵引,False,正常,1941,15
2024-04-09 04:30:00,2024-04-09 04:30:00,1,待机,False,正常,1942,15
2024-04-09 04:31:00,2024-04-09 04:36:00,6,重载牵引,False,正常,1943,15
2024-04-09 04:37:00,2024-04-09 04:38:00,2,停机,False,正常,1944,15
2024-04-09 04:39:00,2024-04-09 05:22:00,44,重载牵引,False,正常,1945,15
2024-04-09 05:23:00,2024-04-09 05:23:00,1,待机,False,正常,1946,15
2024-04-09 05:24:00,2024-04-09 05:32:00,9,重载牵引,False,正常,1947,15
2024-04-09 05:33:00,2024-04-09 05:33:00,1,待机,False,正常,1948,15
2024-04-09 05:34:00,2024-04-09 05:35:00,2,重载牵引,False,正常,1949,15
2024-04-09 05:36:00,2024-04-09 05:37:00,2,停机,False,正常,1950,15
2024-04-09 05:38:00,2024-04-09 05:50:00,13,重载牵引,False,正常,1951,15
2024-04-09 05:51:00,2024-04-09 06:33:00,43,停机,False,正常,1952,15
2024-04-09 06:34:00,2024-04-09 06:35:00,2,重载牵引,False,正常,1953,15
2024-04-09 06:36:00,2024-04-09 06:36:00,1,停机,False,正常,1954,15
2024-04-09 06:37:00,2024-04-09 06:38:00,2,重载牵引,False,正常,1955,15
2024-04-09 06:39:00,2024-04-09 06:39:00,1,空载牵引,False,正常,1956,15
2024-04-09 06:40:00,2024-04-09 06:48:00,9,重载牵引,False,正常,1957,15
2024-04-09 06:49:00,2024-04-09 06:49:00,1,待机,False,正常,1958,15
2024-04-09 06:50:00,2024-04-09 07:09:00,20,重载牵引,False,正常,1959,15
2024-04-09 07:10:00,2024-04-09 07:10:00,1,待机,False,正常,1960,15
2024-04-09 07:11:00,2024-04-09 07:23:00,13,重载牵引,False,正常,1961,15
2024-04-09 07:24:00,2024-04-09 07:24:00,1,待机,False,正常,1962,15
2024-04-09 07:25:00,2024-04-09 07:25:00,1,重载牵引,False,正常,1963,15
2024-04-09 07:26:00,2024-04-09 07:26:00,1,停机,False,正常,1964,15
2024-04-09 07:27:00,2024-04-09 07:31:00,5,重载牵引,False,正常,1965,15
2024-04-09 07:32:00,2024-04-09 07:32:00,1,待机,False,正常,1966,15
2024-04-09 07:33:00,2024-04-09 07:47:00,15,停机,False,正常,1967,15
2024-04-09 07:48:00,2024-04-09 07:59:00,12,重载牵引,False,正常,1968,15
2024-04-09 08:00:00,2024-04-09 08:00:00,1,待机,False,正常,1969,15
2024-04-09 08:01:00,2024-04-09 08:21:00,21,重载牵引,False,正常,1970,15
2024-04-09 08:22:00,2024-04-09 08:22:00,1,待机,False,正常,1971,15
2024-04-09 08:23:00,2024-04-09 08:23:00,1,重载牵引,False,正常,1972,15
2024-04-09 08:24:00,2024-04-09 08:25:00,2,停机,False,正常,1973,15
2024-04-09 08:26:00,2024-04-09 08:27:00,2,重载牵引,False,正常,1974,15
2024-04-09 08:28:00,2024-04-09 08:29:00,2,停机,False,正常,1975,15
2024-04-09 08:30:00,2024-04-09 08:30:00,1,重载牵引,False,正常,1976,15
2024-04-09 08:31:00,2024-04-09 08:37:00,7,停机,False,正常,1977,15
2024-04-09 08:38:00,2024-04-09 10:16:00,99,待机,False,正常,1978,15
2024-04-09 10:17:00,2024-04-09 10:20:00,4,停机,False,正常,1979,15
2024-04-09 10:21:00,2024-04-09 13:26:00,186,待机,True,异常持续段（>120min 阈值）,1980,16
2024-04-09 13:27:00,2024-04-09 13:29:00,3,停机,False,正常,1981,17
2024-04-09 13:30:00,2024-04-09 14:31:00,62,待机,False,正常,1982,17
2024-04-09 14:32:00,2024-04-09 15:34:00,63,停机,False,正常,1983,17
2024-04-09 15:35:00,2024-04-09 15:35:00,1,待机,False,正常,1984,17
2024-04-09 15:36:00,2024-04-09 15:58:00,23,停机,False,正常,1985,17
2024-04-09 15:59:00,2024-04-09 15:59:00,1,待机,False,正常,1986,17
2024-04-09 16:00:00,2024-04-09 16:10:00,11,停机,False,正常,1987,17
2024-04-09 16:11:00,2024-04-09 16:52:00,42,待机,False,正常,1988,17
2024-04-09 16:53:00,2024-04-09 16:59:00,7,停机,False,正常,1989,17
2024-04-09 17:00:00,2024-04-09 17:02:00,3,重载牵引,False,正常,1990,17
2024-04-09 17:03:00,2024-04-09 17:11:00,9,停机,False,正常,1991,17
2024-04-09 17:12:00,2024-04-09 17:22:00,11,重载牵引,False,正常,1992,17
2024-04-09 17:23:00,2024-04-09 17:23:00,1,停机,False,正常,1993,17
2024-04-09 17:24:00,2024-04-09 17:31:00,8,重载牵引,False,正常,1994,17
2024-04-09 17:32:00,2024-04-09 17:32:00,1,停机,False,正常,1995,17
2024-04-09 17:33:00,2024-04-09 17:46:00,14,重载牵引,False,正常,1996,17
2024-04-09 17:47:00,2024-04-09 17:47:00,1,待机,False,正常,1997,17
2024-04-09 17:48:00,2024-04-09 17:50:00,3,重载牵引,False,正常,1998,17
2024-04-09 17:51:00,2024-04-09 17:51:00,1,待机,False,正常,1999,17
2024-04-09 17:52:00,2024-04-09 17:59:00,8,重载牵引,False,正常,2000,17
2024-04-09 18:00:00,2024-04-09 18:00:00,1,待机,False,正常,2001,17
2024-04-09 18:01:00,2024-04-09 18:07:00,7,重载牵引,False,正常,2002,17
2024-04-09 18:08:00,2024-04-09 18:12:00,5,停机,False,正常,2003,17
2024-04-09 18:13:00,2024-04-09 18:14:00,2,重载牵引,False,正常,2004,17
2024-04-09 18:15:00,2024-04-09 18:16:00,2,待机,False,正常,2005,17
2024-04-09 18:17:00,2024-04-09 21:24:00,188,停机,True,异常持续段（>154min 阈值）,2006,18
2024-04-09 21:25:00,2024-04-09 21:25:00,1,待机,False,正常,2007,19
2024-04-09 21:26:00,2024-04-09 21:30:00,5,停机,False,正常,2008,19
2024-04-09 21:31:00,2024-04-09 21:33:00,3,重载牵引,False,正常,2009,19
2024-04-09 21:34:00,2024-04-09 21:34:00,1,停机,False,正常,2010,19
2024-04-09 21:35:00,2024-04-09 21:35:00,1,待机,False,正常,2011,19
2024-04-09 21:36:00,2024-04-09 21:56:00,21,重载牵引,False,正常,2012,19
2024-04-09 21:57:00,2024-04-09 21:57:00,1,待机,False,正常,2013,19
2024-04-09 21:58:00,2024-04-09 21:59:00,2,重载牵引,False,正常,2014,19
2024-04-09 22:00:00,2024-04-09 22:01:00,2,停机,False,正常,2015,19
2024-04-09 22:02:00,2024-04-09 22:10:00,9,重载牵引,False,正常,2016,19
2024-04-09 22:11:00,2024-04-09 22:11:00,1,待机,False,正常,2017,19
2024-04-09 22:12:00,2024-04-09 22:12:00,1,重载牵引,False,正常,2018,19
2024-04-09 22:13:00,2024-04-09 22:13:00,1,停机,False,正常,2019,19
2024-04-09 22:14:00,2024-04-09 22:14:00,1,重载牵引,False,正常,2020,19
2024-04-09 22:15:00,2024-04-09 22:15:00,1,待机,False,正常,2021,19
2024-04-09 22:16:00,2024-04-09 22:19:00,4,重载牵引,False,正常,2022,19
2024-04-09 22:20:00,2024-04-09 22:21:00,2,待机,False,正常,2023,19
2024-04-09 22:22:00,2024-04-10 00:44:00,143,停机,False,正常,2024,19
2024-04-10 00:45:00,2024-04-10 00:45:00,1,待机,False,正常,2025,19
2024-04-10 00:46:00,2024-04-10 00:53:00,8,停机,False,正常,2026,19
2024-04-10 00:54:00,2024-04-10 00:54:00,1,待机,False,正常,2027,19
2024-04-10 00:55:00,2024-04-10 01:10:00,16,重载牵引,False,正常,2028,19
2024-04-10 01:11:00,2024-04-10 01:11:00,1,待机,False,正常,2029,19
2024-04-10 01:12:00,2024-04-10 01:14:00,3,重载牵引,False,正常,2030,19
2024-04-10 01:15:00,2024-04-10 01:15:00,1,空载牵引,False,正常,2031,19
2024-04-10 01:16:00,2024-04-10 01:56:00,41,重载牵引,False,正常,2032,19
2024-04-10 01:57:00,2024-04-10 01:57:00,1,待机,False,正常,2033,19
2024-04-10 01:58:00,2024-04-10 02:17:00,20,重载牵引,False,正常,2034,19
2024-04-10 02:18:00,2024-04-10 02:18:00,1,待机,False,正常,2035,19
2024-04-10 02:19:00,2024-04-10 02:19:00,1,重载牵引,False,正常,2036,19
2024-04-10 02:20:00,2024-04-10 02:20:00,1,停机,False,正常,2037,19
2024-04-10 02:21:00,2024-04-10 02:38:00,18,重载牵引,False,正常,2038,19
2024-04-10 02:39:00,2024-04-10 02:40:00,2,停机,False,正常,2039,19
2024-04-10 02:41:00,2024-04-10 02:42:00,2,待机,False,正常,2040,19
2024-04-10 02:43:00,2024-04-10 02:43:00,1,停机,False,正常,2041,19
2024-04-10 02:44:00,2024-04-10 02:44:00,1,待机,False,正常,2042,19
2024-04-10 02:45:00,2024-04-10 02:49:00,5,重载牵引,False,正常,2043,19
2024-04-10 02:50:00,2024-04-10 02:50:00,1,停机,False,正常,2044,19
2024-04-10 02:51:00,2024-04-10 02:52:00,2,重载牵引,False,正常,2045,19
2024-04-10 02:53:00,2024-04-10 02:53:00,1,空载牵引,False,正常,2046,19
2024-04-10 02:54:00,2024-04-10 02:54:00,1,重载牵引,False,正常,2047,19
2024-04-10 02:55:00,2024-04-10 02:57:00,3,停机,False,正常,2048,19
2024-04-10 02:58:00,2024-04-10 02:58:00,1,重载牵引,False,正常,2049,19
2024-04-10 02:59:00,2024-04-10 02:59:00,1,待机,False,正常,2050,19
2024-04-10 03:00:00,2024-04-10 03:00:00,1,重载牵引,False,正常,2051,19
2024-04-10 03:01:00,2024-04-10 03:01:00,1,待机,False,正常,2052,19
2024-04-10 03:02:00,2024-04-10 03:17:00,16,重载牵引,False,正常,2053,19
2024-04-10 03:18:00,2024-04-10 03:18:00,1,停机,False,正常,2054,19
2024-04-10 03:19:00,2024-04-10 03:24:00,6,重载牵引,False,正常,2055,19
2024-04-10 03:25:00,2024-04-10 03:25:00,1,待机,False,正常,2056,19
2024-04-10 03:26:00,2024-04-10 03:38:00,13,重载牵引,False,正常,2057,19
2024-04-10 03:39:00,2024-04-10 03:52:00,14,待机,False,正常,2058,19
2024-04-10 03:53:00,2024-04-10 04:12:00,20,停机,False,正常,2059,19
2024-04-10 04:13:00,2024-04-10 04:19:00,7,重载牵引,False,正常,2060,19
2024-04-10 04:20:00,2024-04-10 04:20:00,1,停机,False,正常,2061,19
2024-04-10 04:21:00,2024-04-10 04:32:00,12,重载牵引,False,正常,2062,19
2024-04-10 04:33:00,2024-04-10 12:28:00,476,停机,True,传感器断电/断线（段持续 >= 6h）,2063,20
2024-04-10 12:29:00,2024-04-10 12:46:00,18,待机,False,正常,2064,21
2024-04-10 12:47:00,2024-04-10 13:56:00,70,停机,False,正常,2065,21
2024-04-10 13:57:00,2024-04-10 14:23:00,27,待机,False,正常,2066,21
2024-04-10 14:24:00,2024-04-10 14:31:00,8,停机,False,正常,2067,21
2024-04-10 14:32:00,2024-04-10 15:08:00,37,待机,False,正常,2068,21
2024-04-10 15:09:00,2024-04-10 15:52:00,44,停机,False,正常,2069,21
2024-04-10 15:53:00,2024-04-10 15:58:00,6,重载牵引,False,正常,2070,21
2024-04-10 15:59:00,2024-04-10 15:59:00,1,待机,False,正常,2071,21
2024-04-10 16:00:00,2024-04-10 16:02:00,3,重载牵引,False,正常,2072,21
2024-04-10 16:03:00,2024-04-10 16:03:00,1,待机,False,正常,2073,21
2024-04-10 16:04:00,2024-04-10 16:06:00,3,停机,False,正常,2074,21
2024-04-10 16:07:00,2024-04-10 16:09:00,3,重载牵引,False,正常,2075,21
2024-04-10 16:10:00,2024-04-10 16:12:00,3,停机,False,正常,2076,21
2024-04-10 16:13:00,2024-04-10 16:20:00,8,重载牵引,False,正常,2077,21
2024-04-10 16:21:00,2024-04-10 16:21:00,1,待机,False,正常,2078,21
2024-04-10 16:22:00,2024-04-10 16:36:00,15,重载牵引,False,正常,2079,21
2024-04-10 16:37:00,2024-04-10 16:37:00,1,待机,False,正常,2080,21
2024-04-10 16:38:00,2024-04-10 16:55:00,18,重载牵引,False,正常,2081,21
2024-04-10 16:56:00,2024-04-10 16:57:00,2,停机,False,正常,2082,21
2024-04-10 16:58:00,2024-04-10 17:03:00,6,重载牵引,False,正常,2083,21
2024-04-10 17:04:00,2024-04-10 17:04:00,1,待机,False,正常,2084,21
2024-04-10 17:05:00,2024-04-10 17:17:00,13,重载牵引,False,正常,2085,21
2024-04-10 17:18:00,2024-04-10 17:18:00,1,停机,False,正常,2086,21
2024-04-10 17:19:00,2024-04-10 17:20:00,2,待机,False,正常,2087,21
2024-04-10 17:21:00,2024-04-10 17:42:00,22,停机,False,正常,2088,21
2024-04-10 17:43:00,2024-04-10 17:49:00,7,重载牵引,False,正常,2089,21
2024-04-10 17:50:00,2024-04-10 17:51:00,2,停机,False,正常,2090,21
2024-04-10 17:52:00,2024-04-10 17:52:00,1,待机,False,正常,2091,21
2024-04-10 17:53:00,2024-04-10 19:44:00,112,停机,False,正常,2092,21
2024-04-10 19:45:00,2024-04-10 19:49:00,5,待机,False,正常,2093,21
2024-04-10 19:50:00,2024-04-10 19:54:00,5,停机,False,正常,2094,21
2024-04-10 19:55:00,2024-04-10 19:55:00,1,重载牵引,False,正常,2095,21
2024-04-10 19:56:00,2024-04-10 19:56:00,1,待机,False,正常,2096,21
2024-04-10 19:57:00,2024-04-10 19:58:00,2,停机,False,正常,2097,21
2024-04-10 19:59:00,2024-04-10 20:02:00,4,重载牵引,False,正常,2098,21
2024-04-10 20:03:00,2024-04-10 20:03:00,1,待机,False,正常,2099,21
2024-04-10 20:04:00,2024-04-10 20:04:00,1,停机,False,正常,2100,21
2024-04-10 20:05:00,2024-04-10 20:10:00,6,重载牵引,False,正常,2101,21
2024-04-10 20:11:00,2024-04-10 20:42:00,32,停机,False,正常,2102,21
2024-04-10 20:43:00,2024-04-10 20:48:00,6,重载牵引,False,正常,2103,21
2024-04-10 20:49:00,2024-04-10 20:49:00,1,待机,False,正常,2104,21
2024-04-10 20:50:00,2024-04-10 21:16:00,27,重载牵引,False,正常,2105,21
2024-04-10 21:17:00,2024-04-10 21:17:00,1,停机,False,正常,2106,21
2024-04-10 21:18:00,2024-04-10 21:28:00,11,重载牵引,False,正常,2107,21
2024-04-10 21:29:00,2024-04-10 21:29:00,1,待机,False,正常,2108,21
2024-04-10 21:30:00,2024-04-10 21:38:00,9,重载牵引,False,正常,2109,21
2024-04-10 21:39:00,2024-04-10 21:39:00,1,待机,False,正常,2110,21
2024-04-10 21:40:00,2024-04-10 21:41:00,2,停机,False,正常,2111,21
2024-04-10 21:42:00,2024-04-10 21:43:00,2,重载牵引,False,正常,2112,21
2024-04-10 21:44:00,2024-04-10 21:45:00,2,待机,False,正常,2113,21
2024-04-10 21:46:00,2024-04-10 21:46:00,1,重载牵引,False,正常,2114,21
2024-04-10 21:47:00,2024-04-10 21:49:00,3,待机,False,正常,2115,21
2024-04-10 21:50:00,2024-04-10 21:59:00,10,重载牵引,False,正常,2116,21
2024-04-10 22:00:00,2024-04-10 22:00:00,1,停机,False,正常,2117,21
2024-04-10 22:01:00,2024-04-10 22:12:00,12,重载牵引,False,正常,2118,21
2024-04-10 22:13:00,2024-04-10 22:13:00,1,待机,False,正常,2119,21
2024-04-10 22:14:00,2024-04-10 22:15:00,2,重载牵引,False,正常,2120,21
2024-04-10 22:16:00,2024-04-10 22:16:00,1,待机,False,正常,2121,21
2024-04-10 22:17:00,2024-04-10 22:21:00,5,重载牵引,False,正常,2122,21
2024-04-10 22:22:00,2024-04-10 22:22:00,1,待机,False,正常,2123,21
2024-04-10 22:23:00,2024-04-10 22:32:00,10,重载牵引,False,正常,2124,21
2024-04-10 22:33:00,2024-04-10 22:33:00,1,停机,False,正常,2125,21
2024-04-10 22:34:00,2024-04-10 22:39:00,6,重载牵引,False,正常,2126,21
2024-04-10 22:40:00,2024-04-10 22:42:00,3,停机,False,正常,2127,21
2024-04-10 22:43:00,2024-04-10 22:49:00,7,重载牵引,False,正常,2128,21
2024-04-10 22:50:00,2024-04-10 22:50:00,1,停机,False,正常,2129,21
2024-04-10 22:51:00,2024-04-10 22:54:00,4,重载牵引,False,正常,2130,21
2024-04-10 22:55:00,2024-04-10 22:55:00,1,待机,False,正常,2131,21
2024-04-10 22:56:00,2024-04-10 23:06:00,11,重载牵引,False,正常,2132,21
2024-04-10 23:07:00,2024-04-10 23:07:00,1,待机,False,正常,2133,21
2024-04-10 23:08:00,2024-04-10 23:14:00,7,重载牵引,False,正常,2134,21
2024-04-10 23:15:00,2024-04-10 23:15:00,1,停机,False,正常,2135,21
2024-04-10 23:16:00,2024-04-10 23:30:00,15,重载牵引,False,正常,2136,21
2024-04-10 23:31:00,2024-04-10 23:31:00,1,待机,False,正常,2137,21
2024-04-10 23:32:00,2024-04-10 23:35:00,4,重载牵引,False,正常,2138,21
2024-04-10 23:36:00,2024-04-10 23:36:00,1,待机,False,正常,2139,21
2024-04-10 23:37:00,2024-04-10 23:41:00,5,重载牵引,False,正常,2140,21
2024-04-10 23:42:00,2024-04-10 23:43:00,2,待机,False,正常,2141,21
2024-04-10 23:44:00,2024-04-10 23:50:00,7,重载牵引,False,正常,2142,21
2024-04-10 23:51:00,2024-04-10 23:53:00,3,停机,False,正常,2143,21
2024-04-10 23:54:00,2024-04-10 23:55:00,2,待机,False,正常,2144,21
2024-04-10 23:56:00,2024-04-10 23:59:00,4,停机,False,正常,2145,21
2024-04-11 00:00:00,2024-04-11 00:10:00,11,重载牵引,False,正常,2146,21
2024-04-11 00:11:00,2024-04-11 00:11:00,1,待机,False,正常,2147,21
2024-04-11 00:12:00,2024-04-11 00:14:00,3,重载牵引,False,正常,2148,21
2024-04-11 00:15:00,2024-04-11 00:15:00,1,待机,False,正常,2149,21
2024-04-11 00:16:00,2024-04-11 00:16:00,1,重载牵引,False,正常,2150,21
2024-04-11 00:17:00,2024-04-11 00:18:00,2,待机,False,正常,2151,21
2024-04-11 00:19:00,2024-04-11 00:20:00,2,停机,False,正常,2152,21
2024-04-11 00:21:00,2024-04-11 00:21:00,1,重载牵引,False,正常,2153,21
2024-04-11 00:22:00,2024-04-11 00:22:00,1,待机,False,正常,2154,21
2024-04-11 00:23:00,2024-04-11 00:26:00,4,重载牵引,False,正常,2155,21
2024-04-11 00:27:00,2024-04-11 00:28:00,2,停机,False,正常,2156,21
2024-04-11 00:29:00,2024-04-11 00:31:00,3,重载牵引,False,正常,2157,21
2024-04-11 00:32:00,2024-04-11 00:33:00,2,待机,False,正常,2158,21
2024-04-11 00:34:00,2024-04-11 01:00:00,27,重载牵引,False,正常,2159,21
2024-04-11 01:01:00,2024-04-11 01:01:00,1,空载牵引,False,正常,2160,21
2024-04-11 01:02:00,2024-04-11 01:13:00,12,重载牵引,False,正常,2161,21
2024-04-11 01:14:00,2024-04-11 01:16:00,3,停机,False,正常,2162,21
2024-04-11 01:17:00,2024-04-11 01:30:00,14,重载牵引,False,正常,2163,21
2024-04-11 01:31:00,2024-04-11 01:31:00,1,待机,False,正常,2164,21
2024-04-11 01:32:00,2024-04-11 01:33:00,2,重载牵引,False,正常,2165,21
2024-04-11 01:34:00,2024-04-11 01:34:00,1,待机,False,正常,2166,21
2024-04-11 01:35:00,2024-04-11 01:41:00,7,重载牵引,False,正常,2167,21
2024-04-11 01:42:00,2024-04-11 01:42:00,1,待机,False,正常,2168,21
2024-04-11 01:43:00,2024-04-11 01:43:00,1,停机,False,正常,2169,21
2024-04-11 01:44:00,2024-04-11 01:46:00,3,重载牵引,False,正常,2170,21
2024-04-11 01:47:00,2024-04-11 01:47:00,1,空载牵引,False,正常,2171,21
2024-04-11 01:48:00,2024-04-11 01:49:00,2,重载牵引,False,正常,2172,21
2024-04-11 01:50:00,2024-04-11 01:50:00,1,停机,False,正常,2173,21
2024-04-11 01:51:00,2024-04-11 01:51:00,1,重载牵引,False,正常,2174,21
2024-04-11 01:52:00,2024-04-11 01:52:00,1,停机,False,正常,2175,21
2024-04-11 01:53:00,2024-04-11 01:53:00,1,待机,False,正常,2176,21
2024-04-11 01:54:00,2024-04-11 01:59:00,6,重载牵引,False,正常,2177,21
2024-04-11 02:00:00,2024-04-11 02:01:00,2,停机,False,正常,2178,21
2024-04-11 02:02:00,2024-04-11 02:05:00,4,重载牵引,False,正常,2179,21
2024-04-11 02:06:00,2024-04-11 02:06:00,1,待机,False,正常,2180,21
2024-04-11 02:07:00,2024-04-11 02:09:00,3,重载牵引,False,正常,2181,21
2024-04-11 02:10:00,2024-04-11 02:10:00,1,待机,False,正常,2182,21
2024-04-11 02:11:00,2024-04-11 02:18:00,8,重载牵引,False,正常,2183,21
2024-04-11 02:19:00,2024-04-11 02:35:00,17,停机,False,正常,2184,21
2024-04-11 02:36:00,2024-04-11 02:42:00,7,重载牵引,False,正常,2185,21
2024-04-11 02:43:00,2024-04-11 02:43:00,1,待机,False,正常,2186,21
2024-04-11 02:44:00,2024-04-11 02:46:00,3,停机,False,正常,2187,21
2024-04-11 02:47:00,2024-04-11 02:48:00,2,重载牵引,False,正常,2188,21
2024-04-11 02:49:00,2024-04-11 02:49:00,1,待机,False,正常,2189,21
2024-04-11 02:50:00,2024-04-11 02:50:00,1,重载牵引,False,正常,2190,21
2024-04-11 02:51:00,2024-04-11 02:52:00,2,停机,False,正常,2191,21
2024-04-11 02:53:00,2024-04-11 02:54:00,2,重载牵引,False,正常,2192,21
2024-04-11 02:55:00,2024-04-11 02:59:00,5,停机,False,正常,2193,21
2024-04-11 03:00:00,2024-04-11 03:02:00,3,重载牵引,False,正常,2194,21
2024-04-11 03:03:00,2024-04-11 03:03:00,1,待机,False,正常,2195,21
2024-04-11 03:04:00,2024-04-11 03:08:00,5,重载牵引,False,正常,2196,21
2024-04-11 03:09:00,2024-04-11 03:09:00,1,停机,False,正常,2197,21
2024-04-11 03:10:00,2024-04-11 03:14:00,5,重载牵引,False,正常,2198,21
2024-04-11 03:15:00,2024-04-11 03:16:00,2,停机,False,正常,2199,21
2024-04-11 03:17:00,2024-04-11 03:18:00,2,重载牵引,False,正常,2200,21
2024-04-11 03:19:00,2024-04-11 03:19:00,1,停机,False,正常,2201,21
2024-04-11 03:20:00,2024-04-11 03:20:00,1,重载牵引,False,正常,2202,21
2024-04-11 03:21:00,2024-04-11 03:21:00,1,待机,False,正常,2203,21
2024-04-11 03:22:00,2024-04-11 03:23:00,2,重载牵引,False,正常,2204,21
2024-04-11 03:24:00,2024-04-11 03:24:00,1,待机,False,正常,2205,21
2024-04-11 03:25:00,2024-04-11 03:26:00,2,重载牵引,False,正常,2206,21
2024-04-11 03:27:00,2024-04-11 03:28:00,2,停机,False,正常,2207,21
2024-04-11 03:29:00,2024-04-11 03:29:00,1,空载牵引,False,正常,2208,21
2024-04-11 03:30:00,2024-04-11 03:32:00,3,重载牵引,False,正常,2209,21
2024-04-11 03:33:00,2024-04-11 03:33:00,1,待机,False,正常,2210,21
2024-04-11 03:34:00,2024-04-11 03:34:00,1,停机,False,正常,2211,21
2024-04-11 03:35:00,2024-04-11 03:45:00,11,重载牵引,False,正常,2212,21
2024-04-11 03:46:00,2024-04-11 03:46:00,1,停机,False,正常,2213,21
2024-04-11 03:47:00,2024-04-11 03:54:00,8,重载牵引,False,正常,2214,21
2024-04-11 03:55:00,2024-04-11 03:55:00,1,停机,False,正常,2215,21
2024-04-11 03:56:00,2024-04-11 04:02:00,7,重载牵引,False,正常,2216,21
2024-04-11 04:03:00,2024-04-11 04:03:00,1,待机,False,正常,2217,21
2024-04-11 04:04:00,2024-04-11 04:24:00,21,停机,False,正常,2218,21
2024-04-11 04:25:00,2024-04-11 04:59:00,35,重载牵引,False,正常,2219,21
2024-04-11 05:00:00,2024-04-11 05:00:00,1,停机,False,正常,2220,21
2024-04-11 05:01:00,2024-04-11 05:04:00,4,重载牵引,False,正常,2221,21
2024-04-11 05:05:00,2024-04-11 05:05:00,1,待机,False,正常,2222,21
2024-04-11 05:06:00,2024-04-11 05:15:00,10,重载牵引,False,正常,2223,21
2024-04-11 05:16:00,2024-04-11 05:16:00,1,停机,False,正常,2224,21
2024-04-11 05:17:00,2024-04-11 05:20:00,4,重载牵引,False,正常,2225,21
2024-04-11 05:21:00,2024-04-11 05:21:00,1,待机,False,正常,2226,21
2024-04-11 05:22:00,2024-04-11 05:22:00,1,重载牵引,False,正常,2227,21
2024-04-11 05:23:00,2024-04-11 05:23:00,1,待机,False,正常,2228,21
2024-04-11 05:24:00,2024-04-11 05:46:00,23,重载牵引,False,正常,2229,21
2024-04-11 05:47:00,2024-04-11 05:47:00,1,待机,False,正常,2230,21
2024-04-11 05:48:00,2024-04-11 05:49:00,2,重载牵引,False,正常,2231,21
2024-04-11 05:50:00,2024-04-11 05:50:00,1,停机,False,正常,2232,21
2024-04-11 05:51:00,2024-04-11 05:51:00,1,待机,False,正常,2233,21
2024-04-11 05:52:00,2024-04-11 06:09:00,18,重载牵引,False,正常,2234,21
2024-04-11 06:10:00,2024-04-11 06:10:00,1,停机,False,正常,2235,21
2024-04-11 06:11:00,2024-04-11 06:11:00,1,待机,False,正常,2236,21
2024-04-11 06:12:00,2024-04-11 06:12:00,1,停机,False,正常,2237,21
2024-04-11 06:13:00,2024-04-11 06:13:00,1,重载牵引,False,正常,2238,21
2024-04-11 06:14:00,2024-04-11 06:14:00,1,待机,False,正常,2239,21
2024-04-11 06:15:00,2024-04-11 06:17:00,3,重载牵引,False,正常,2240,21
2024-04-11 06:18:00,2024-04-11 06:18:00,1,待机,False,正常,2241,21
2024-04-11 06:19:00,2024-04-11 06:19:00,1,重载牵引,False,正常,2242,21
2024-04-11 06:20:00,2024-04-11 06:23:00,4,待机,False,正常,2243,21
2024-04-11 06:24:00,2024-04-11 06:28:00,5,重载牵引,False,正常,2244,21
2024-04-11 06:29:00,2024-04-11 06:29:00,1,待机,False,正常,2245,21
2024-04-11 06:30:00,2024-04-11 06:32:00,3,重载牵引,False,正常,2246,21
2024-04-11 06:33:00,2024-04-11 06:33:00,1,待机,False,正常,2247,21
2024-04-11 06:34:00,2024-04-11 06:42:00,9,重载牵引,False,正常,2248,21
2024-04-11 06:43:00,2024-04-11 06:43:00,1,待机,False,正常,2249,21
2024-04-11 06:44:00,2024-04-11 06:49:00,6,重载牵引,False,正常,2250,21
2024-04-11 06:50:00,2024-04-11 06:50:00,1,停机,False,正常,2251,21
2024-04-11 06:51:00,2024-04-11 06:58:00,8,重载牵引,False,正常,2252,21
2024-04-11 06:59:00,2024-04-11 06:59:00,1,待机,False,正常,2253,21
2024-04-11 07:00:00,2024-04-11 07:10:00,11,重载牵引,False,正常,2254,21
2024-04-11 07:11:00,2024-04-11 07:13:00,3,停机,False,正常,2255,21
2024-04-11 07:14:00,2024-04-11 07:15:00,2,重载牵引,False,正常,2256,21
2024-04-11 07:16:00,2024-04-11 07:17:00,2,停机,False,正常,2257,21
2024-04-11 07:18:00,2024-04-11 07:20:00,3,重载牵引,False,正常,2258,21
2024-04-11 07:21:00,2024-04-11 07:21:00,1,待机,False,正常,2259,21
2024-04-11 07:22:00,2024-04-11 07:22:00,1,空载牵引,False,正常,2260,21
2024-04-11 07:23:00,2024-04-11 07:25:00,3,停机,False,正常,2261,21
2024-04-11 07:26:00,2024-04-11 07:28:00,3,重载牵引,False,正常,2262,21
2024-04-11 07:29:00,2024-04-11 07:29:00,1,停机,False,正常,2263,21
2024-04-11 07:30:00,2024-04-11 07:30:00,1,重载牵引,False,正常,2264,21
2024-04-11 07:31:00,2024-04-11 07:31:00,1,待机,False,正常,2265,21
2024-04-11 07:32:00,2024-04-11 07:33:00,2,重载牵引,False,正常,2266,21
2024-04-11 07:34:00,2024-04-11 07:34:00,1,停机,False,正常,2267,21
2024-04-11 07:35:00,2024-04-11 07:42:00,8,重载牵引,False,正常,2268,21
2024-04-11 07:43:00,2024-04-11 07:43:00,1,待机,False,正常,2269,21
2024-04-11 07:44:00,2024-04-11 07:44:00,1,重载牵引,False,正常,2270,21
2024-04-11 07:45:00,2024-04-11 07:45:00,1,待机,False,正常,2271,21
2024-04-11 07:46:00,2024-04-11 07:51:00,6,重载牵引,False,正常,2272,21
2024-04-11 07:52:00,2024-04-11 07:52:00,1,待机,False,正常,2273,21
2024-04-11 07:53:00,2024-04-11 07:54:00,2,停机,False,正常,2274,21
2024-04-11 07:55:00,2024-04-11 07:58:00,4,重载牵引,False,正常,2275,21
2024-04-11 07:59:00,2024-04-11 07:59:00,1,待机,False,正常,2276,21
2024-04-11 08:00:00,2024-04-11 08:03:00,4,重载牵引,False,正常,2277,21
2024-04-11 08:04:00,2024-04-11 08:05:00,2,空载牵引,False,正常,2278,21
2024-04-11 08:06:00,2024-04-11 08:19:00,14,重载牵引,False,正常,2279,21
2024-04-11 08:20:00,2024-04-11 08:20:00,1,待机,False,正常,2280,21
2024-04-11 08:21:00,2024-04-11 08:24:00,4,停机,False,正常,2281,21
2024-04-11 08:25:00,2024-04-11 08:27:00,3,重载牵引,False,正常,2282,21
2024-04-11 08:28:00,2024-04-11 08:28:00,1,待机,False,正常,2283,21
2024-04-11 08:29:00,2024-04-11 08:32:00,4,重载牵引,False,正常,2284,21
2024-04-11 08:33:00,2024-04-11 08:33:00,1,待机,False,正常,2285,21
2024-04-11 08:34:00,2024-04-11 08:40:00,7,停机,False,正常,2286,21
2024-04-11 08:41:00,2024-04-11 08:42:00,2,重载牵引,False,正常,2287,21
2024-04-11 08:43:00,2024-04-11 08:43:00,1,待机,False,正常,2288,21
2024-04-11 08:44:00,2024-04-11 08:57:00,14,重载牵引,False,正常,2289,21
2024-04-11 08:58:00,2024-04-11 08:58:00,1,待机,False,正常,2290,21
2024-04-11 08:59:00,2024-04-11 08:59:00,1,空载牵引,False,正常,2291,21
2024-04-11 09:00:00,2024-04-11 09:00:00,1,停机,False,正常,2292,21
2024-04-11 09:01:00,2024-04-11 09:01:00,1,重载牵引,False,正常,2293,21
2024-04-11 09:02:00,2024-04-11 09:02:00,1,停机,False,正常,2294,21
2024-04-11 09:03:00,2024-04-11 09:21:00,19,重载牵引,False,正常,2295,21
2024-04-11 09:22:00,2024-04-11 09:22:00,1,停机,False,正常,2296,21
2024-04-11 09:23:00,2024-04-11 09:30:00,8,重载牵引,False,正常,2297,21
2024-04-11 09:31:00,2024-04-11 09:31:00,1,待机,False,正常,2298,21
2024-04-11 09:32:00,2024-04-11 09:46:00,15,重载牵引,False,正常,2299,21
2024-04-11 09:47:00,2024-04-11 09:47:00,1,待机,False,正常,2300,21
2024-04-11 09:48:00,2024-04-11 10:07:00,20,重载牵引,False,正常,2301,21
2024-04-11 10:08:00,2024-04-11 10:14:00,7,停机,False,正常,2302,21
2024-04-11 10:15:00,2024-04-11 14:10:00,236,待机,True,异常持续段（>120min 阈值）,2303,22
2024-04-11 14:11:00,2024-04-11 14:21:00,11,停机,False,正常,2304,23
2024-04-11 14:22:00,2024-04-11 14:22:00,1,待机,False,正常,2305,23
2024-04-11 14:23:00,2024-04-11 15:15:00,53,停机,False,正常,2306,23
2024-04-11 15:16:00,2024-04-11 15:39:00,24,待机,False,正常,2307,23
2024-04-11 15:40:00,2024-04-11 15:49:00,10,停机,False,正常,2308,23
2024-04-11 15:50:00,2024-04-11 15:55:00,6,重载牵引,False,正常,2309,23
2024-04-11 15:56:00,2024-04-11 15:56:00,1,待机,False,正常,2310,23
2024-04-11 15:57:00,2024-04-11 16:00:00,4,重载牵引,False,正常,2311,23
2024-04-11 16:01:00,2024-04-11 16:03:00,3,停机,False,正常,2312,23
2024-04-11 16:04:00,2024-04-11 16:06:00,3,重载牵引,False,正常,2313,23
2024-04-11 16:07:00,2024-04-11 16:07:00,1,待机,False,正常,2314,23
2024-04-11 16:08:00,2024-04-11 16:09:00,2,重载牵引,False,正常,2315,23
2024-04-11 16:10:00,2024-04-11 16:14:00,5,停机,False,正常,2316,23
2024-04-11 16:15:00,2024-04-11 16:19:00,5,重载牵引,False,正常,2317,23
2024-04-11 16:20:00,2024-04-11 16:25:00,6,停机,False,正常,2318,23
2024-04-11 16:26:00,2024-04-11 16:26:00,1,重载牵引,False,正常,2319,23
2024-04-11 16:27:00,2024-04-11 16:27:00,1,停机,False,正常,2320,23
2024-04-11 16:28:00,2024-04-11 16:29:00,2,重载牵引,False,正常,2321,23
2024-04-11 16:30:00,2024-04-11 16:30:00,1,待机,False,正常,2322,23
2024-04-11 16:31:00,2024-04-11 16:37:00,7,重载牵引,False,正常,2323,23
2024-04-11 16:38:00,2024-04-11 16:40:00,3,停机,False,正常,2324,23
2024-04-11 16:41:00,2024-04-11 16:41:00,1,待机,False,正常,2325,23
2024-04-11 16:42:00,2024-04-11 16:45:00,4,重载牵引,False,正常,2326,23
2024-04-11 16:46:00,2024-04-11 16:46:00,1,待机,False,正常,2327,23
2024-04-11 16:47:00,2024-04-11 16:47:00,1,停机,False,正常,2328,23
2024-04-11 16:48:00,2024-04-11 16:55:00,8,重载牵引,False,正常,2329,23
2024-04-11 16:56:00,2024-04-11 16:56:00,1,停机,False,正常,2330,23
2024-04-11 16:57:00,2024-04-11 17:00:00,4,重载牵引,False,正常,2331,23
2024-04-11 17:01:00,2024-04-11 17:01:00,1,停机,False,正常,2332,23
2024-04-11 17:02:00,2024-04-11 17:02:00,1,待机,False,正常,2333,23
2024-04-11 17:03:00,2024-04-11 17:03:00,1,重载牵引,False,正常,2334,23
2024-04-11 17:04:00,2024-04-11 17:06:00,3,待机,False,正常,2335,23
2024-04-11 17:07:00,2024-04-11 19:34:00,148,停机,False,正常,2336,23
2024-04-11 19:35:00,2024-04-11 19:43:00,9,待机,False,正常,2337,23
2024-04-11 19:44:00,2024-04-11 19:45:00,2,停机,False,正常,2338,23
2024-04-11 19:46:00,2024-04-11 19:50:00,5,重载牵引,False,正常,2339,23
2024-04-11 19:51:00,2024-04-11 19:51:00,1,待机,False,正常,2340,23
2024-04-11 19:52:00,2024-04-11 19:53:00,2,重载牵引,False,正常,2341,23
2024-04-11 19:54:00,2024-04-11 19:54:00,1,待机,False,正常,2342,23
2024-04-11 19:55:00,2024-04-11 19:57:00,3,重载牵引,False,正常,2343,23
2024-04-11 19:58:00,2024-04-11 19:58:00,1,待机,False,正常,2344,23
2024-04-11 19:59:00,2024-04-11 20:06:00,8,重载牵引,False,正常,2345,23
2024-04-11 20:07:00,2024-04-11 20:07:00,1,空载牵引,False,正常,2346,23
2024-04-11 20:08:00,2024-04-11 20:12:00,5,重载牵引,False,正常,2347,23
2024-04-11 20:13:00,2024-04-11 20:13:00,1,待机,False,正常,2348,23
2024-04-11 20:14:00,2024-04-11 20:15:00,2,重载牵引,False,正常,2349,23
2024-04-11 20:16:00,2024-04-11 20:16:00,1,停机,False,正常,2350,23
2024-04-11 20:17:00,2024-04-11 20:18:00,2,重载牵引,False,正常,2351,23
2024-04-11 20:19:00,2024-04-11 20:19:00,1,待机,False,正常,2352,23
2024-04-11 20:20:00,2024-04-11 20:20:00,1,重载牵引,False,正常,2353,23
2024-04-11 20:21:00,2024-04-11 20:21:00,1,停机,False,正常,2354,23
2024-04-11 20:22:00,2024-04-11 20:22:00,1,重载牵引,False,正常,2355,23
2024-04-11 20:23:00,2024-04-11 20:23:00,1,待机,False,正常,2356,23
2024-04-11 20:24:00,2024-04-11 20:25:00,2,停机,False,正常,2357,23
2024-04-11 20:26:00,2024-04-11 20:34:00,9,重载牵引,False,正常,2358,23
2024-04-11 20:35:00,2024-04-11 20:35:00,1,待机,False,正常,2359,23
2024-04-11 20:36:00,2024-04-11 20:42:00,7,重载牵引,False,正常,2360,23
2024-04-11 20:43:00,2024-04-11 20:43:00,1,停机,False,正常,2361,23
2024-04-11 20:44:00,2024-04-11 21:02:00,19,重载牵引,False,正常,2362,23
2024-04-11 21:03:00,2024-04-11 21:03:00,1,待机,False,正常,2363,23
2024-04-11 21:04:00,2024-04-11 21:30:00,27,重载牵引,False,正常,2364,23
2024-04-11 21:31:00,2024-04-11 21:31:00,1,停机,False,正常,2365,23
2024-04-11 21:32:00,2024-04-11 21:39:00,8,重载牵引,False,正常,2366,23
2024-04-11 21:40:00,2024-04-11 21:40:00,1,停机,False,正常,2367,23
2024-04-11 21:41:00,2024-04-11 21:47:00,7,重载牵引,False,正常,2368,23
2024-04-11 21:48:00,2024-04-11 21:51:00,4,停机,False,正常,2369,23
2024-04-11 21:52:00,2024-04-11 22:04:00,13,重载牵引,False,正常,2370,23
2024-04-11 22:05:00,2024-04-11 22:06:00,2,停机,False,正常,2371,23
2024-04-11 22:07:00,2024-04-11 22:11:00,5,重载牵引,False,正常,2372,23
2024-04-11 22:12:00,2024-04-11 22:13:00,2,停机,False,正常,2373,23
2024-04-11 22:14:00,2024-04-11 22:14:00,1,待机,False,正常,2374,23
2024-04-11 22:15:00,2024-04-11 22:15:00,1,停机,False,正常,2375,23
2024-04-11 22:16:00,2024-04-11 22:20:00,5,重载牵引,False,正常,2376,23
2024-04-11 22:21:00,2024-04-11 22:21:00,1,待机,False,正常,2377,23
2024-04-11 22:22:00,2024-04-11 22:24:00,3,重载牵引,False,正常,2378,23
2024-04-11 22:25:00,2024-04-11 22:25:00,1,待机,False,正常,2379,23
2024-04-11 22:26:00,2024-04-11 22:27:00,2,重载牵引,False,正常,2380,23
2024-04-11 22:28:00,2024-04-11 22:28:00,1,停机,False,正常,2381,23
2024-04-11 22:29:00,2024-04-11 22:29:00,1,待机,False,正常,2382,23
2024-04-11 22:30:00,2024-04-11 22:32:00,3,停机,False,正常,2383,23
2024-04-11 22:33:00,2024-04-11 22:46:00,14,重载牵引,False,正常,2384,23
2024-04-11 22:47:00,2024-04-11 22:47:00,1,待机,False,正常,2385,23
2024-04-11 22:48:00,2024-04-11 22:48:00,1,重载牵引,False,正常,2386,23
2024-04-11 22:49:00,2024-04-11 22:52:00,4,停机,False,正常,2387,23
2024-04-11 22:53:00,2024-04-11 22:53:00,1,重载牵引,False,正常,2388,23
2024-04-11 22:54:00,2024-04-11 22:54:00,1,停机,False,正常,2389,23
2024-04-11 22:55:00,2024-04-11 22:58:00,4,重载牵引,False,正常,2390,23
2024-04-11 22:59:00,2024-04-11 22:59:00,1,待机,False,正常,2391,23
2024-04-11 23:00:00,2024-04-11 23:00:00,1,空载牵引,False,正常,2392,23
2024-04-11 23:01:00,2024-04-11 23:01:00,1,重载牵引,False,正常,2393,23
2024-04-11 23:02:00,2024-04-11 23:02:00,1,停机,False,正常,2394,23
2024-04-11 23:03:00,2024-04-11 23:03:00,1,待机,False,正常,2395,23
2024-04-11 23:04:00,2024-04-11 23:04:00,1,重载牵引,False,正常,2396,23
2024-04-11 23:05:00,2024-04-11 23:05:00,1,停机,False,正常,2397,23
2024-04-11 23:06:00,2024-04-11 23:07:00,2,重载牵引,False,正常,2398,23
2024-04-11 23:08:00,2024-04-11 23:10:00,3,停机,False,正常,2399,23
2024-04-11 23:11:00,2024-04-11 23:21:00,11,重载牵引,False,正常,2400,23
2024-04-11 23:22:00,2024-04-11 23:22:00,1,待机,False,正常,2401,23
2024-04-11 23:23:00,2024-04-11 23:23:00,1,重载牵引,False,正常,2402,23
2024-04-11 23:24:00,2024-04-11 23:24:00,1,待机,False,正常,2403,23
2024-04-11 23:25:00,2024-04-11 23:25:00,1,重载牵引,False,正常,2404,23
2024-04-11 23:26:00,2024-04-11 23:26:00,1,待机,False,正常,2405,23
2024-04-11 23:27:00,2024-04-11 23:27:00,1,重载牵引,False,正常,2406,23
2024-04-11 23:28:00,2024-04-11 23:28:00,1,待机,False,正常,2407,23
2024-04-11 23:29:00,2024-04-11 23:30:00,2,停机,False,正常,2408,23
2024-04-11 23:31:00,2024-04-11 23:31:00,1,重载牵引,False,正常,2409,23
2024-04-11 23:32:00,2024-04-11 23:32:00,1,待机,False,正常,2410,23
2024-04-11 23:33:00,2024-04-11 23:35:00,3,重载牵引,False,正常,2411,23
2024-04-11 23:36:00,2024-04-11 23:36:00,1,停机,False,正常,2412,23
2024-04-11 23:37:00,2024-04-11 23:37:00,1,重载牵引,False,正常,2413,23
2024-04-11 23:38:00,2024-04-11 23:38:00,1,待机,False,正常,2414,23
2024-04-11 23:39:00,2024-04-11 23:42:00,4,重载牵引,False,正常,2415,23
2024-04-11 23:43:00,2024-04-11 23:43:00,1,待机,False,正常,2416,23
2024-04-11 23:44:00,2024-04-11 23:48:00,5,重载牵引,False,正常,2417,23
2024-04-11 23:49:00,2024-04-11 23:49:00,1,停机,False,正常,2418,23
2024-04-11 23:50:00,2024-04-11 23:50:00,1,待机,False,正常,2419,23
2024-04-11 23:51:00,2024-04-11 23:54:00,4,停机,False,正常,2420,23
2024-04-11 23:55:00,2024-04-11 23:58:00,4,重载牵引,False,正常,2421,23
2024-04-11 23:59:00,2024-04-11 23:59:00,1,待机,False,正常,2422,23
2024-04-12 00:00:00,2024-04-12 00:00:00,1,重载牵引,False,正常,2423,23
2024-04-12 00:01:00,2024-04-12 00:01:00,1,停机,False,正常,2424,23
2024-04-12 00:02:00,2024-04-12 00:03:00,2,重载牵引,False,正常,2425,23
2024-04-12 00:04:00,2024-04-12 00:04:00,1,待机,False,正常,2426,23
2024-04-12 00:05:00,2024-04-12 00:05:00,1,重载牵引,False,正常,2427,23
2024-04-12 00:06:00,2024-04-12 00:06:00,1,待机,False,正常,2428,23
2024-04-12 00:07:00,2024-04-12 00:29:00,23,重载牵引,False,正常,2429,23
2024-04-12 00:30:00,2024-04-12 00:30:00,1,待机,False,正常,2430,23
2024-04-12 00:31:00,2024-04-12 01:02:00,32,重载牵引,False,正常,2431,23
2024-04-12 01:03:00,2024-04-12 01:03:00,1,停机,False,正常,2432,23
2024-04-12 01:04:00,2024-04-12 01:22:00,19,重载牵引,False,正常,2433,23
2024-04-12 01:23:00,2024-04-12 01:30:00,8,停机,False,正常,2434,23
2024-04-12 01:31:00,2024-04-12 01:36:00,6,重载牵引,False,正常,2435,23
2024-04-12 01:37:00,2024-04-12 01:37:00,1,待机,False,正常,2436,23
2024-04-12 01:38:00,2024-04-12 01:39:00,2,重载牵引,False,正常,2437,23
2024-04-12 01:40:00,2024-04-12 01:41:00,2,停机,False,正常,2438,23
2024-04-12 01:42:00,2024-04-12 01:42:00,1,待机,False,正常,2439,23
2024-04-12 01:43:00,2024-04-12 01:44:00,2,重载牵引,False,正常,2440,23
2024-04-12 01:45:00,2024-04-12 01:53:00,9,停机,False,正常,2441,23
2024-04-12 01:54:00,2024-04-12 02:04:00,11,重载牵引,False,正常,2442,23
2024-04-12 02:05:00,2024-04-12 02:06:00,2,空载牵引,False,正常,2443,23
2024-04-12 02:07:00,2024-04-12 02:21:00,15,重载牵引,False,正常,2444,23
2024-04-12 02:22:00,2024-04-12 02:24:00,3,停机,False,正常,2445,23
2024-04-12 02:25:00,2024-04-12 02:25:00,1,空载牵引,False,正常,2446,23
2024-04-12 02:26:00,2024-04-12 02:58:00,33,重载牵引,False,正常,2447,23
2024-04-12 02:59:00,2024-04-12 02:59:00,1,停机,False,正常,2448,23
2024-04-12 03:00:00,2024-04-12 03:03:00,4,重载牵引,False,正常,2449,23
2024-04-12 03:04:00,2024-04-12 03:04:00,1,待机,False,正常,2450,23
2024-04-12 03:05:00,2024-04-12 03:05:00,1,重载牵引,False,正常,2451,23
2024-04-12 03:06:00,2024-04-12 03:06:00,1,待机,False,正常,2452,23
2024-04-12 03:07:00,2024-04-12 03:07:00,1,重载牵引,False,正常,2453,23
2024-04-12 03:08:00,2024-04-12 03:08:00,1,待机,False,正常,2454,23
2024-04-12 03:09:00,2024-04-12 03:11:00,3,重载牵引,False,正常,2455,23
2024-04-12 03:12:00,2024-04-12 03:12:00,1,待机,False,正常,2456,23
2024-04-12 03:13:00,2024-04-12 03:15:00,3,重载牵引,False,正常,2457,23
2024-04-12 03:16:00,2024-04-12 03:16:00,1,待机,False,正常,2458,23
2024-04-12 03:17:00,2024-04-12 03:19:00,3,重载牵引,False,正常,2459,23
2024-04-12 03:20:00,2024-04-12 03:20:00,1,待机,False,正常,2460,23
2024-04-12 03:21:00,2024-04-12 03:24:00,4,重载牵引,False,正常,2461,23
2024-04-12 03:25:00,2024-04-12 03:30:00,6,停机,False,正常,2462,23
2024-04-12 03:31:00,2024-04-12 03:31:00,1,重载牵引,False,正常,2463,23
2024-04-12 03:32:00,2024-04-12 03:32:00,1,待机,False,正常,2464,23
2024-04-12 03:33:00,2024-04-12 03:36:00,4,重载牵引,False,正常,2465,23
2024-04-12 03:37:00,2024-04-12 03:38:00,2,停机,False,正常,2466,23
2024-04-12 03:39:00,2024-04-12 03:40:00,2,重载牵引,False,正常,2467,23
2024-04-12 03:41:00,2024-04-12 03:43:00,3,停机,False,正常,2468,23
2024-04-12 03:44:00,2024-04-12 03:45:00,2,待机,False,正常,2469,23
2024-04-12 03:46:00,2024-04-12 03:49:00,4,重载牵引,False,正常,2470,23
2024-04-12 03:50:00,2024-04-12 03:50:00,1,待机,False,正常,2471,23
2024-04-12 03:51:00,2024-04-12 03:55:00,5,重载牵引,False,正常,2472,23
2024-04-12 03:56:00,2024-04-12 03:56:00,1,空载牵引,False,正常,2473,23
2024-04-12 03:57:00,2024-04-12 03:58:00,2,重载牵引,False,正常,2474,23
2024-04-12 03:59:00,2024-04-12 04:00:00,2,停机,False,正常,2475,23
2024-04-12 04:01:00,2024-04-12 04:08:00,8,重载牵引,False,正常,2476,23
2024-04-12 04:09:00,2024-04-12 04:09:00,1,空载牵引,False,正常,2477,23
2024-04-12 04:10:00,2024-04-12 04:15:00,6,重载牵引,False,正常,2478,23
2024-04-12 04:16:00,2024-04-12 04:16:00,1,空载牵引,False,正常,2479,23
2024-04-12 04:17:00,2024-04-12 04:22:00,6,重载牵引,False,正常,2480,23
2024-04-12 04:23:00,2024-04-12 04:23:00,1,停机,False,正常,2481,23
2024-04-12 04:24:00,2024-04-12 04:40:00,17,重载牵引,False,正常,2482,23
2024-04-12 04:41:00,2024-04-12 04:42:00,2,停机,False,正常,2483,23
2024-04-12 04:43:00,2024-04-12 04:43:00,1,重载牵引,False,正常,2484,23
2024-04-12 04:44:00,2024-04-12 04:45:00,2,停机,False,正常,2485,23
2024-04-12 04:46:00,2024-04-12 04:47:00,2,重载牵引,False,正常,2486,23
2024-04-12 04:48:00,2024-04-12 04:48:00,1,停机,False,正常,2487,23
2024-04-12 04:49:00,2024-04-12 04:53:00,5,重载牵引,False,正常,2488,23
2024-04-12 04:54:00,2024-04-12 04:54:00,1,空载牵引,False,正常,2489,23
2024-04-12 04:55:00,2024-04-12 04:56:00,2,重载牵引,False,正常,2490,23
2024-04-12 04:57:00,2024-04-12 04:57:00,1,待机,False,正常,2491,23
2024-04-12 04:58:00,2024-04-12 05:01:00,4,重载牵引,False,正常,2492,23
2024-04-12 05:02:00,2024-04-12 05:02:00,1,空载牵引,False,正常,2493,23
2024-04-12 05:03:00,2024-04-12 05:07:00,5,重载牵引,False,正常,2494,23
2024-04-12 05:08:00,2024-04-12 05:21:00,14,停机,False,正常,2495,23
2024-04-12 05:22:00,2024-04-12 05:22:00,1,重载牵引,False,正常,2496,23
2024-04-12 05:23:00,2024-04-12 05:24:00,2,停机,False,正常,2497,23
2024-04-12 05:25:00,2024-04-12 05:37:00,13,重载牵引,False,正常,2498,23
2024-04-12 05:38:00,2024-04-12 05:38:00,1,停机,False,正常,2499,23
2024-04-12 05:39:00,2024-04-12 05:40:00,2,重载牵引,False,正常,2500,23
2024-04-12 05:41:00,2024-04-12 05:41:00,1,停机,False,正常,2501,23
2024-04-12 05:42:00,2024-04-12 05:44:00,3,重载牵引,False,正常,2502,23
2024-04-12 05:45:00,2024-04-12 05:45:00,1,停机,False,正常,2503,23
2024-04-12 05:46:00,2024-04-12 05:46:00,1,待机,False,正常,2504,23
2024-04-12 05:47:00,2024-04-12 05:48:00,2,重载牵引,False,正常,2505,23
2024-04-12 05:49:00,2024-04-12 05:50:00,2,停机,False,正常,2506,23
2024-04-12 05:51:00,2024-04-12 05:52:00,2,重载牵引,False,正常,2507,23
2024-04-12 05:53:00,2024-04-12 05:53:00,1,待机,False,正常,2508,23
2024-04-12 05:54:00,2024-04-12 05:54:00,1,重载牵引,False,正常,2509,23
2024-04-12 05:55:00,2024-04-12 05:55:00,1,停机,False,正常,2510,23
2024-04-12 05:56:00,2024-04-12 05:56:00,1,重载牵引,False,正常,2511,23
2024-04-12 05:57:00,2024-04-12 05:59:00,3,停机,False,正常,2512,23
2024-04-12 06:00:00,2024-04-12 06:00:00,1,空载牵引,False,正常,2513,23
2024-04-12 06:01:00,2024-04-12 06:02:00,2,重载牵引,False,正常,2514,23
2024-04-12 06:03:00,2024-04-12 06:03:00,1,待机,False,正常,2515,23
2024-04-12 06:04:00,2024-04-12 06:05:00,2,重载牵引,False,正常,2516,23
2024-04-12 06:06:00,2024-04-12 06:07:00,2,停机,False,正常,2517,23
2024-04-12 06:08:00,2024-04-12 06:23:00,16,重载牵引,False,正常,2518,23
2024-04-12 06:24:00,2024-04-12 06:24:00,1,停机,False,正常,2519,23
2024-04-12 06:25:00,2024-04-12 06:28:00,4,重载牵引,False,正常,2520,23
2024-04-12 06:29:00,2024-04-12 06:30:00,2,停机,False,正常,2521,23
2024-04-12 06:31:00,2024-04-12 06:52:00,22,重载牵引,False,正常,2522,23
2024-04-12 06:53:00,2024-04-12 06:53:00,1,停机,False,正常,2523,23
2024-04-12 06:54:00,2024-04-12 06:55:00,2,重载牵引,False,正常,2524,23
2024-04-12 06:56:00,2024-04-12 06:56:00,1,空载牵引,False,正常,2525,23
2024-04-12 06:57:00,2024-04-12 07:01:00,5,重载牵引,False,正常,2526,23
2024-04-12 07:02:00,2024-04-12 07:02:00,1,停机,False,正常,2527,23
2024-04-12 07:03:00,2024-04-12 07:07:00,5,重载牵引,False,正常,2528,23
2024-04-12 07:08:00,2024-04-12 07:09:00,2,停机,False,正常,2529,23
2024-04-12 07:10:00,2024-04-12 07:15:00,6,重载牵引,False,正常,2530,23
2024-04-12 07:16:00,2024-04-12 07:18:00,3,停机,False,正常,2531,23
2024-04-12 07:19:00,2024-04-12 07:20:00,2,重载牵引,False,正常,2532,23
2024-04-12 07:21:00,2024-04-12 07:25:00,5,待机,False,正常,2533,23
2024-04-12 07:26:00,2024-04-12 07:26:00,1,重载牵引,False,正常,2534,23
2024-04-12 07:27:00,2024-04-12 07:27:00,1,待机,False,正常,2535,23
2024-04-12 07:28:00,2024-04-12 07:32:00,5,停机,False,正常,2536,23
2024-04-12 07:33:00,2024-04-12 07:35:00,3,重载牵引,False,正常,2537,23
2024-04-12 07:36:00,2024-04-12 07:36:00,1,待机,False,正常,2538,23
2024-04-12 07:37:00,2024-04-12 07:37:00,1,重载牵引,False,正常,2539,23
2024-04-12 07:38:00,2024-04-12 07:39:00,2,停机,False,正常,2540,23
2024-04-12 07:40:00,2024-04-12 07:42:00,3,重载牵引,False,正常,2541,23
2024-04-12 07:43:00,2024-04-12 07:43:00,1,停机,False,正常,2542,23
2024-04-12 07:44:00,2024-04-12 07:46:00,3,重载牵引,False,正常,2543,23
2024-04-12 07:47:00,2024-04-12 07:48:00,2,待机,False,正常,2544,23
2024-04-12 07:49:00,2024-04-12 07:51:00,3,重载牵引,False,正常,2545,23
2024-04-12 07:52:00,2024-04-12 07:52:00,1,停机,False,正常,2546,23
2024-04-12 07:53:00,2024-04-12 07:53:00,1,重载牵引,False,正常,2547,23
2024-04-12 07:54:00,2024-04-12 07:54:00,1,待机,False,正常,2548,23
2024-04-12 07:55:00,2024-04-12 07:57:00,3,重载牵引,False,正常,2549,23
2024-04-12 07:58:00,2024-04-12 07:58:00,1,空载牵引,False,正常,2550,23
2024-04-12 07:59:00,2024-04-12 08:00:00,2,重载牵引,False,正常,2551,23
2024-04-12 08:01:00,2024-04-12 08:01:00,1,待机,False,正常,2552,23
2024-04-12 08:02:00,2024-04-12 08:05:00,4,停机,False,正常,2553,23
2024-04-12 08:06:00,2024-04-12 08:08:00,3,重载牵引,False,正常,2554,23
2024-04-12 08:09:00,2024-04-12 08:09:00,1,待机,False,正常,2555,23
2024-04-12 08:10:00,2024-04-12 08:10:00,1,停机,False,正常,2556,23
2024-04-12 08:11:00,2024-04-12 08:14:00,4,重载牵引,False,正常,2557,23
2024-04-12 08:15:00,2024-04-12 08:15:00,1,待机,False,正常,2558,23
2024-04-12 08:16:00,2024-04-12 08:17:00,2,重载牵引,False,正常,2559,23
2024-04-12 08:18:00,2024-04-12 08:18:00,1,待机,False,正常,2560,23
2024-04-12 08:19:00,2024-04-12 08:22:00,4,重载牵引,False,正常,2561,23
2024-04-12 08:23:00,2024-04-12 08:23:00,1,停机,False,正常,2562,23
2024-04-12 08:24:00,2024-04-12 08:33:00,10,重载牵引,False,正常,2563,23
2024-04-12 08:34:00,2024-04-12 08:34:00,1,待机,False,正常,2564,23
2024-04-12 08:35:00,2024-04-12 08:44:00,10,停机,False,正常,2565,23
2024-04-12 08:45:00,2024-04-12 08:46:00,2,重载牵引,False,正常,2566,23
2024-04-12 08:47:00,2024-04-12 08:48:00,2,停机,False,正常,2567,23
2024-04-12 08:49:00,2024-04-12 08:57:00,9,待机,False,正常,2568,23
2024-04-12 08:58:00,2024-04-12 09:04:00,7,停机,False,正常,2569,23
2024-04-12 09:05:00,2024-04-12 09:05:00,1,重载牵引,False,正常,2570,23
2024-04-12 09:06:00,2024-04-12 09:06:00,1,停机,False,正常,2571,23
2024-04-12 09:07:00,2024-04-12 09:08:00,2,重载牵引,False,正常,2572,23
2024-04-12 09:09:00,2024-04-12 09:11:00,3,停机,False,正常,2573,23
2024-04-12 09:12:00,2024-04-12 12:54:00,223,待机,True,异常持续段（>120min 阈值）,2574,24
2024-04-12 12:55:00,2024-04-12 17:16:00,262,停机,True,通讯中断/传感器休眠（段持续 >= 4h）,2575,24
2024-04-12 17:17:00,2024-04-12 17:24:00,8,重载牵引,False,正常,2576,25
2024-04-12 17:25:00,2024-04-12 17:25:00,1,待机,False,正常,2577,25
2024-04-12 17:26:00,2024-04-12 17:37:00,12,重载牵引,False,正常,2578,25
2024-04-12 17:38:00,2024-04-12 17:38:00,1,停机,False,正常,2579,25
2024-04-12 17:39:00,2024-04-12 17:41:00,3,重载牵引,False,正常,2580,25
2024-04-12 17:42:00,2024-04-12 17:42:00,1,空载牵引,False,正常,2581,25
2024-04-12 17:43:00,2024-04-12 17:47:00,5,重载牵引,False,正常,2582,25
2024-04-12 17:48:00,2024-04-12 17:48:00,1,停机,False,正常,2583,25
2024-04-12 17:49:00,2024-04-12 17:49:00,1,重载牵引,False,正常,2584,25
2024-04-12 17:50:00,2024-04-12 17:50:00,1,停机,False,正常,2585,25
2024-04-12 17:51:00,2024-04-12 18:09:00,19,重载牵引,False,正常,2586,25
2024-04-12 18:10:00,2024-04-12 18:11:00,2,待机,False,正常,2587,25
2024-04-12 18:12:00,2024-04-12 18:23:00,12,重载牵引,False,正常,2588,25
2024-04-12 18:24:00,2024-04-12 18:24:00,1,待机,False,正常,2589,25
2024-04-12 18:25:00,2024-04-12 18:37:00,13,重载牵引,False,正常,2590,25
2024-04-12 18:38:00,2024-04-12 18:38:00,1,待机,False,正常,2591,25
2024-04-12 18:39:00,2024-04-12 18:39:00,1,重载牵引,False,正常,2592,25
2024-04-12 18:40:00,2024-04-12 18:40:00,1,待机,False,正常,2593,25
2024-04-12 18:41:00,2024-04-12 18:47:00,7,停机,False,正常,2594,25
2024-04-12 18:48:00,2024-04-12 18:48:00,1,待机,False,正常,2595,25
2024-04-12 18:49:00,2024-04-12 18:57:00,9,重载牵引,False,正常,2596,25
2024-04-12 18:58:00,2024-04-12 18:58:00,1,待机,False,正常,2597,25
2024-04-12 18:59:00,2024-04-12 19:03:00,5,重载牵引,False,正常,2598,25
2024-04-12 19:04:00,2024-04-12 19:04:00,1,待机,False,正常,2599,25
2024-04-12 19:05:00,2024-04-12 19:07:00,3,重载牵引,False,正常,2600,25
2024-04-12 19:08:00,2024-04-12 19:09:00,2,停机,False,正常,2601,25
2024-04-12 19:10:00,2024-04-12 19:26:00,17,重载牵引,False,正常,2602,25
2024-04-12 19:27:00,2024-04-12 19:27:00,1,待机,False,正常,2603,25
2024-04-12 19:28:00,2024-04-12 19:29:00,2,重载牵引,False,正常,2604,25
2024-04-12 19:30:00,2024-04-12 19:31:00,2,停机,False,正常,2605,25
2024-04-12 19:32:00,2024-04-12 19:37:00,6,重载牵引,False,正常,2606,25
2024-04-12 19:38:00,2024-04-12 19:38:00,1,停机,False,正常,2607,25
2024-04-12 19:39:00,2024-04-12 19:43:00,5,重载牵引,False,正常,2608,25
2024-04-12 19:44:00,2024-04-12 19:44:00,1,待机,False,正常,2609,25
2024-04-12 19:45:00,2024-04-12 19:47:00,3,重载牵引,False,正常,2610,25
2024-04-12 19:48:00,2024-04-12 19:48:00,1,停机,False,正常,2611,25
2024-04-12 19:49:00,2024-04-12 19:58:00,10,重载牵引,False,正常,2612,25
2024-04-12 19:59:00,2024-04-12 20:03:00,5,停机,False,正常,2613,25
2024-04-12 20:04:00,2024-04-12 20:26:00,23,重载牵引,False,正常,2614,25
2024-04-12 20:27:00,2024-04-12 20:27:00,1,停机,False,正常,2615,25
2024-04-12 20:28:00,2024-04-12 20:30:00,3,重载牵引,False,正常,2616,25
2024-04-12 20:31:00,2024-04-12 20:31:00,1,停机,False,正常,2617,25
2024-04-12 20:32:00,2024-04-12 21:00:00,29,重载牵引,False,正常,2618,25
2024-04-12 21:01:00,2024-04-12 21:01:00,1,停机,False,正常,2619,25
2024-04-12 21:02:00,2024-04-12 21:11:00,10,重载牵引,False,正常,2620,25
2024-04-12 21:12:00,2024-04-12 21:12:00,1,待机,False,正常,2621,25
2024-04-12 21:13:00,2024-04-12 21:19:00,7,重载牵引,False,正常,2622,25
2024-04-12 21:20:00,2024-04-12 21:20:00,1,待机,False,正常,2623,25
2024-04-12 21:21:00,2024-04-12 21:21:00,1,重载牵引,False,正常,2624,25
2024-04-12 21:22:00,2024-04-12 21:22:00,1,待机,False,正常,2625,25
2024-04-12 21:23:00,2024-04-12 21:23:00,1,停机,False,正常,2626,25
2024-04-12 21:24:00,2024-04-12 21:25:00,2,重载牵引,False,正常,2627,25
2024-04-12 21:26:00,2024-04-12 21:26:00,1,停机,False,正常,2628,25
2024-04-12 21:27:00,2024-04-12 21:44:00,18,重载牵引,False,正常,2629,25
2024-04-12 21:45:00,2024-04-12 21:45:00,1,待机,False,正常,2630,25
2024-04-12 21:46:00,2024-04-12 21:50:00,5,重载牵引,False,正常,2631,25
2024-04-12 21:51:00,2024-04-12 21:51:00,1,待机,False,正常,2632,25
2024-04-12 21:52:00,2024-04-12 21:55:00,4,重载牵引,False,正常,2633,25
2024-04-12 21:56:00,2024-04-12 21:56:00,1,待机,False,正常,2634,25
2024-04-12 21:57:00,2024-04-12 21:57:00,1,停机,False,正常,2635,25
2024-04-12 21:58:00,2024-04-12 21:58:00,1,重载牵引,False,正常,2636,25
2024-04-12 21:59:00,2024-04-12 21:59:00,1,待机,False,正常,2637,25
2024-04-12 22:00:00,2024-04-12 22:00:00,1,重载牵引,False,正常,2638,25
2024-04-12 22:01:00,2024-04-12 22:01:00,1,待机,False,正常,2639,25
2024-04-12 22:02:00,2024-04-12 22:02:00,1,停机,False,正常,2640,25
2024-04-12 22:03:00,2024-04-12 22:12:00,10,重载牵引,False,正常,2641,25
2024-04-12 22:13:00,2024-04-12 22:13:00,1,停机,False,正常,2642,25
2024-04-12 22:14:00,2024-04-12 22:18:00,5,重载牵引,False,正常,2643,25
2024-04-12 22:19:00,2024-04-12 22:19:00,1,待机,False,正常,2644,25
2024-04-12 22:20:00,2024-04-12 22:28:00,9,重载牵引,False,正常,2645,25
2024-04-12 22:29:00,2024-04-12 22:29:00,1,停机,False,正常,2646,25
2024-04-12 22:30:00,2024-04-12 22:39:00,10,重载牵引,False,正常,2647,25
2024-04-12 22:40:00,2024-04-12 22:41:00,2,停机,False,正常,2648,25
2024-04-12 22:42:00,2024-04-12 22:47:00,6,重载牵引,False,正常,2649,25
2024-04-12 22:48:00,2024-04-12 22:48:00,1,停机,False,正常,2650,25
2024-04-12 22:49:00,2024-04-12 22:54:00,6,重载牵引,False,正常,2651,25
2024-04-12 22:55:00,2024-04-12 22:56:00,2,停机,False,正常,2652,25
2024-04-12 22:57:00,2024-04-12 23:24:00,28,重载牵引,False,正常,2653,25
2024-04-12 23:25:00,2024-04-12 23:25:00,1,停机,False,正常,2654,25
2024-04-12 23:26:00,2024-04-12 23:37:00,12,重载牵引,False,正常,2655,25
2024-04-12 23:38:00,2024-04-12 23:38:00,1,待机,False,正常,2656,25
2024-04-12 23:39:00,2024-04-12 23:41:00,3,重载牵引,False,正常,2657,25
2024-04-12 23:42:00,2024-04-12 23:42:00,1,停机,False,正常,2658,25
2024-04-12 23:43:00,2024-04-12 23:45:00,3,重载牵引,False,正常,2659,25
2024-04-12 23:46:00,2024-04-12 23:46:00,1,待机,False,正常,2660,25
2024-04-12 23:47:00,2024-04-12 23:47:00,1,重载牵引,False,正常,2661,25
2024-04-12 23:48:00,2024-04-12 23:49:00,2,停机,False,正常,2662,25
2024-04-12 23:50:00,2024-04-12 23:50:00,1,重载牵引,False,正常,2663,25
2024-04-12 23:51:00,2024-04-12 23:56:00,6,停机,False,正常,2664,25
2024-04-12 23:57:00,2024-04-13 00:08:00,12,重载牵引,False,正常,2665,25
2024-04-13 00:09:00,2024-04-13 00:09:00,1,停机,False,正常,2666,25
2024-04-13 00:10:00,2024-04-13 00:13:00,4,重载牵引,False,正常,2667,25
2024-04-13 00:14:00,2024-04-13 00:14:00,1,空载牵引,False,正常,2668,25
2024-04-13 00:15:00,2024-04-13 00:16:00,2,停机,False,正常,2669,25
2024-04-13 00:17:00,2024-04-13 00:20:00,4,重载牵引,False,正常,2670,25
2024-04-13 00:21:00,2024-04-13 00:21:00,1,停机,False,正常,2671,25
2024-04-13 00:22:00,2024-04-13 00:32:00,11,重载牵引,False,正常,2672,25
2024-04-13 00:33:00,2024-04-13 00:33:00,1,空载牵引,False,正常,2673,25
2024-04-13 00:34:00,2024-04-13 00:56:00,23,重载牵引,False,正常,2674,25
2024-04-13 00:57:00,2024-04-13 00:59:00,3,停机,False,正常,2675,25
2024-04-13 01:00:00,2024-04-13 01:13:00,14,重载牵引,False,正常,2676,25
2024-04-13 01:14:00,2024-04-13 01:16:00,3,停机,False,正常,2677,25
2024-04-13 01:17:00,2024-04-13 01:19:00,3,重载牵引,False,正常,2678,25
2024-04-13 01:20:00,2024-04-13 01:24:00,5,停机,False,正常,2679,25
2024-04-13 01:25:00,2024-04-13 01:29:00,5,重载牵引,False,正常,2680,25
2024-04-13 01:30:00,2024-04-13 01:30:00,1,空载牵引,False,正常,2681,25
2024-04-13 01:31:00,2024-04-13 01:31:00,1,重载牵引,False,正常,2682,25
2024-04-13 01:32:00,2024-04-13 01:32:00,1,停机,False,正常,2683,25
2024-04-13 01:33:00,2024-04-13 01:33:00,1,待机,False,正常,2684,25
2024-04-13 01:34:00,2024-04-13 01:34:00,1,停机,False,正常,2685,25
2024-04-13 01:35:00,2024-04-13 01:45:00,11,重载牵引,False,正常,2686,25
2024-04-13 01:46:00,2024-04-13 01:46:00,1,待机,False,正常,2687,25
2024-04-13 01:47:00,2024-04-13 01:55:00,9,重载牵引,False,正常,2688,25
2024-04-13 01:56:00,2024-04-13 01:56:00,1,待机,False,正常,2689,25
2024-04-13 01:57:00,2024-04-13 02:08:00,12,重载牵引,False,正常,2690,25
2024-04-13 02:09:00,2024-04-13 02:09:00,1,待机,False,正常,2691,25
2024-04-13 02:10:00,2024-04-13 02:10:00,1,停机,False,正常,2692,25
2024-04-13 02:11:00,2024-04-13 02:11:00,1,重载牵引,False,正常,2693,25
2024-04-13 02:12:00,2024-04-13 02:12:00,1,待机,False,正常,2694,25
2024-04-13 02:13:00,2024-04-13 02:18:00,6,重载牵引,False,正常,2695,25
2024-04-13 02:19:00,2024-04-13 02:19:00,1,待机,False,正常,2696,25
2024-04-13 02:20:00,2024-04-13 02:23:00,4,重载牵引,False,正常,2697,25
2024-04-13 02:24:00,2024-04-13 02:29:00,6,停机,False,正常,2698,25
2024-04-13 02:30:00,2024-04-13 02:34:00,5,重载牵引,False,正常,2699,25
2024-04-13 02:35:00,2024-04-13 02:35:00,1,停机,False,正常,2700,25
2024-04-13 02:36:00,2024-04-13 02:59:00,24,重载牵引,False,正常,2701,25
2024-04-13 03:00:00,2024-04-13 03:00:00,1,待机,False,正常,2702,25
2024-04-13 03:01:00,2024-04-13 03:12:00,12,重载牵引,False,正常,2703,25
2024-04-13 03:13:00,2024-04-13 03:13:00,1,待机,False,正常,2704,25
2024-04-13 03:14:00,2024-04-13 03:14:00,1,停机,False,正常,2705,25
2024-04-13 03:15:00,2024-04-13 03:37:00,23,重载牵引,False,正常,2706,25
2024-04-13 03:38:00,2024-04-13 03:38:00,1,空载牵引,False,正常,2707,25
2024-04-13 03:39:00,2024-04-13 03:49:00,11,重载牵引,False,正常,2708,25
2024-04-13 03:50:00,2024-04-13 03:50:00,1,空载牵引,False,正常,2709,25
2024-04-13 03:51:00,2024-04-13 03:53:00,3,重载牵引,False,正常,2710,25
2024-04-13 03:54:00,2024-04-13 03:54:00,1,待机,False,正常,2711,25
2024-04-13 03:55:00,2024-04-13 03:57:00,3,重载牵引,False,正常,2712,25
2024-04-13 03:58:00,2024-04-13 03:58:00,1,停机,False,正常,2713,25
2024-04-13 03:59:00,2024-04-13 04:02:00,4,重载牵引,False,正常,2714,25
2024-04-13 04:03:00,2024-04-13 04:03:00,1,待机,False,正常,2715,25
2024-04-13 04:04:00,2024-04-13 04:12:00,9,重载牵引,False,正常,2716,25
2024-04-13 04:13:00,2024-04-13 04:13:00,1,待机,False,正常,2717,25
2024-04-13 04:14:00,2024-04-13 04:15:00,2,重载牵引,False,正常,2718,25
2024-04-13 04:16:00,2024-04-13 04:16:00,1,待机,False,正常,2719,25
2024-04-13 04:17:00,2024-04-13 04:17:00,1,空载牵引,False,正常,2720,25
2024-04-13 04:18:00,2024-04-13 04:18:00,1,重载牵引,False,正常,2721,25
2024-04-13 04:19:00,2024-04-13 04:19:00,1,待机,False,正常,2722,25
2024-04-13 04:20:00,2024-04-13 04:26:00,7,重载牵引,False,正常,2723,25
2024-04-13 04:27:00,2024-04-13 04:27:00,1,停机,False,正常,2724,25
2024-04-13 04:28:00,2024-04-13 04:37:00,10,重载牵引,False,正常,2725,25
2024-04-13 04:38:00,2024-04-13 04:39:00,2,停机,False,正常,2726,25
2024-04-13 04:40:00,2024-04-13 04:40:00,1,重载牵引,False,正常,2727,25
2024-04-13 04:41:00,2024-04-13 04:43:00,3,停机,False,正常,2728,25
2024-04-13 04:44:00,2024-04-13 04:55:00,12,重载牵引,False,正常,2729,25
2024-04-13 04:56:00,2024-04-13 04:56:00,1,待机,False,正常,2730,25
2024-04-13 04:57:00,2024-04-13 04:58:00,2,停机,False,正常,2731,25
2024-04-13 04:59:00,2024-04-13 04:59:00,1,待机,False,正常,2732,25
2024-04-13 05:00:00,2024-04-13 05:15:00,16,重载牵引,False,正常,2733,25
2024-04-13 05:16:00,2024-04-13 05:20:00,5,停机,False,正常,2734,25
2024-04-13 05:21:00,2024-04-13 05:42:00,22,重载牵引,False,正常,2735,25
2024-04-13 05:43:00,2024-04-13 05:43:00,1,待机,False,正常,2736,25
2024-04-13 05:44:00,2024-04-13 05:57:00,14,重载牵引,False,正常,2737,25
2024-04-13 05:58:00,2024-04-13 06:02:00,5,停机,False,正常,2738,25
2024-04-13 06:03:00,2024-04-13 06:15:00,13,重载牵引,False,正常,2739,25
2024-04-13 06:16:00,2024-04-13 06:16:00,1,停机,False,正常,2740,25
2024-04-13 06:17:00,2024-04-13 06:21:00,5,重载牵引,False,正常,2741,25
2024-04-13 06:22:00,2024-04-13 06:22:00,1,待机,False,正常,2742,25
2024-04-13 06:23:00,2024-04-13 06:29:00,7,重载牵引,False,正常,2743,25
2024-04-13 06:30:00,2024-04-13 06:30:00,1,空载牵引,False,正常,2744,25
2024-04-13 06:31:00,2024-04-13 06:34:00,4,停机,False,正常,2745,25
2024-04-13 06:35:00,2024-04-13 06:43:00,9,重载牵引,False,正常,2746,25
2024-04-13 06:44:00,2024-04-13 06:44:00,1,待机,False,正常,2747,25
2024-04-13 06:45:00,2024-04-13 06:45:00,1,停机,False,正常,2748,25
2024-04-13 06:46:00,2024-04-13 06:48:00,3,重载牵引,False,正常,2749,25
2024-04-13 06:49:00,2024-04-13 06:49:00,1,停机,False,正常,2750,25
2024-04-13 06:50:00,2024-04-13 07:02:00,13,重载牵引,False,正常,2751,25
2024-04-13 07:03:00,2024-04-13 07:03:00,1,停机,False,正常,2752,25
2024-04-13 07:04:00,2024-04-13 07:04:00,1,重载牵引,False,正常,2753,25
2024-04-13 07:05:00,2024-04-13 07:09:00,5,停机,False,正常,2754,25
2024-04-13 07:10:00,2024-04-13 07:25:00,16,重载牵引,False,正常,2755,25
2024-04-13 07:26:00,2024-04-13 07:26:00,1,待机,False,正常,2756,25
2024-04-13 07:27:00,2024-04-13 07:32:00,6,重载牵引,False,正常,2757,25
2024-04-13 07:33:00,2024-04-13 07:33:00,1,待机,False,正常,2758,25
2024-04-13 07:34:00,2024-04-13 07:39:00,6,重载牵引,False,正常,2759,25
2024-04-13 07:40:00,2024-04-13 07:40:00,1,待机,False,正常,2760,25
2024-04-13 07:41:00,2024-04-13 07:41:00,1,重载牵引,False,正常,2761,25
2024-04-13 07:42:00,2024-04-13 07:44:00,3,停机,False,正常,2762,25
2024-04-13 07:45:00,2024-04-13 07:47:00,3,重载牵引,False,正常,2763,25
2024-04-13 07:48:00,2024-04-13 07:48:00,1,空载牵引,False,正常,2764,25
2024-04-13 07:49:00,2024-04-13 08:06:00,18,重载牵引,False,正常,2765,25
2024-04-13 08:07:00,2024-04-13 08:07:00,1,待机,False,正常,2766,25
2024-04-13 08:08:00,2024-04-13 08:10:00,3,重载牵引,False,正常,2767,25
2024-04-13 08:11:00,2024-04-13 08:11:00,1,停机,False,正常,2768,25
2024-04-13 08:12:00,2024-04-13 08:12:00,1,待机,False,正常,2769,25
2024-04-13 08:13:00,2024-04-13 08:17:00,5,停机,False,正常,2770,25
2024-04-13 08:18:00,2024-04-13 08:18:00,1,待机,False,正常,2771,25
2024-04-13 08:19:00,2024-04-13 08:22:00,4,重载牵引,False,正常,2772,25
2024-04-13 08:23:00,2024-04-13 08:23:00,1,空载牵引,False,正常,2773,25
2024-04-13 08:24:00,2024-04-13 08:26:00,3,停机,False,正常,2774,25
2024-04-13 08:27:00,2024-04-13 09:09:00,43,待机,False,正常,2775,25
2024-04-13 09:10:00,2024-04-13 09:12:00,3,停机,False,正常,2776,25
2024-04-13 09:13:00,2024-04-13 09:23:00,11,待机,False,正常,2777,25
2024-04-13 09:24:00,2024-04-13 15:40:00,377,停机,True,传感器断电/断线（段持续 >= 6h）,2778,26
2024-04-13 15:41:00,2024-04-13 15:41:00,1,待机,False,正常,2779,27
2024-04-13 15:42:00,2024-04-13 15:50:00,9,停机,False,正常,2780,27
2024-04-13 15:51:00,2024-04-13 15:51:00,1,重载牵引,False,正常,2781,27
2024-04-13 15:52:00,2024-04-13 15:52:00,1,待机,False,正常,2782,27
2024-04-13 15:53:00,2024-04-13 16:04:00,12,停机,False,正常,2783,27
2024-04-13 16:05:00,2024-04-13 16:05:00,1,空载牵引,False,正常,2784,27
2024-04-13 16:06:00,2024-04-13 16:10:00,5,停机,False,正常,2785,27
2024-04-13 16:11:00,2024-04-13 16:16:00,6,重载牵引,False,正常,2786,27
2024-04-13 16:17:00,2024-04-13 16:22:00,6,停机,False,正常,2787,27
2024-04-13 16:23:00,2024-04-13 16:26:00,4,重载牵引,False,正常,2788,27
2024-04-13 16:27:00,2024-04-13 16:34:00,8,停机,False,正常,2789,27
2024-04-13 16:35:00,2024-04-13 16:47:00,13,重载牵引,False,正常,2790,27
2024-04-13 16:48:00,2024-04-13 16:48:00,1,空载牵引,False,正常,2791,27
2024-04-13 16:49:00,2024-04-13 16:56:00,8,重载牵引,False,正常,2792,27
2024-04-13 16:57:00,2024-04-13 16:57:00,1,空载牵引,False,正常,2793,27
2024-04-13 16:58:00,2024-04-13 16:58:00,1,重载牵引,False,正常,2794,27
2024-04-13 16:59:00,2024-04-13 17:00:00,2,待机,False,正常,2795,27
2024-04-13 17:01:00,2024-04-13 17:01:00,1,重载牵引,False,正常,2796,27
2024-04-13 17:02:00,2024-04-13 17:02:00,1,待机,False,正常,2797,27
2024-04-13 17:03:00,2024-04-13 17:06:00,4,重载牵引,False,正常,2798,27
2024-04-13 17:07:00,2024-04-13 17:07:00,1,待机,False,正常,2799,27
2024-04-13 17:08:00,2024-04-13 17:13:00,6,重载牵引,False,正常,2800,27
2024-04-13 17:14:00,2024-04-13 17:16:00,3,停机,False,正常,2801,27
2024-04-13 17:17:00,2024-04-13 17:19:00,3,重载牵引,False,正常,2802,27
2024-04-13 17:20:00,2024-04-13 17:20:00,1,待机,False,正常,2803,27
2024-04-13 17:21:00,2024-04-13 17:24:00,4,重载牵引,False,正常,2804,27
2024-04-13 17:25:00,2024-04-13 17:26:00,2,停机,False,正常,2805,27
2024-04-13 17:27:00,2024-04-13 17:33:00,7,重载牵引,False,正常,2806,27
2024-04-13 17:34:00,2024-04-13 17:34:00,1,空载牵引,False,正常,2807,27
2024-04-13 17:35:00,2024-04-13 17:35:00,1,停机,False,正常,2808,27
2024-04-13 17:36:00,2024-04-13 17:38:00,3,重载牵引,False,正常,2809,27
2024-04-13 17:39:00,2024-04-13 17:39:00,1,空载牵引,False,正常,2810,27
2024-04-13 17:40:00,2024-04-13 17:41:00,2,重载牵引,False,正常,2811,27
2024-04-13 17:42:00,2024-04-13 17:44:00,3,停机,False,正常,2812,27
2024-04-13 17:45:00,2024-04-13 17:49:00,5,重载牵引,False,正常,2813,27
2024-04-13 17:50:00,2024-04-13 17:50:00,1,空载牵引,False,正常,2814,27
2024-04-13 17:51:00,2024-04-13 17:56:00,6,停机,False,正常,2815,27
2024-04-13 17:57:00,2024-04-13 18:04:00,8,重载牵引,False,正常,2816,27
2024-04-13 18:05:00,2024-04-13 18:05:00,1,停机,False,正常,2817,27
2024-04-13 18:06:00,2024-04-13 18:09:00,4,重载牵引,False,正常,2818,27
2024-04-13 18:10:00,2024-04-13 18:10:00,1,停机,False,正常,2819,27
2024-04-13 18:11:00,2024-04-13 18:17:00,7,重载牵引,False,正常,2820,27
2024-04-13 18:18:00,2024-04-13 18:18:00,1,停机,False,正常,2821,27
2024-04-13 18:19:00,2024-04-13 18:19:00,1,重载牵引,False,正常,2822,27
2024-04-13 18:20:00,2024-04-13 18:20:00,1,待机,False,正常,2823,27
2024-04-13 18:21:00,2024-04-13 18:27:00,7,重载牵引,False,正常,2824,27
2024-04-13 18:28:00,2024-04-13 18:28:00,1,停机,False,正常,2825,27
2024-04-13 18:29:00,2024-04-13 20:28:00,120,重载牵引,False,正常,2826,27
2024-04-13 20:29:00,2024-04-13 20:29:00,1,停机,False,正常,2827,27
2024-04-13 20:30:00,2024-04-13 20:40:00,11,重载牵引,False,正常,2828,27
2024-04-13 20:41:00,2024-04-13 20:41:00,1,待机,False,正常,2829,27
2024-04-13 20:42:00,2024-04-13 20:46:00,5,重载牵引,False,正常,2830,27
2024-04-13 20:47:00,2024-04-13 20:47:00,1,待机,False,正常,2831,27
2024-04-13 20:48:00,2024-04-13 20:48:00,1,停机,False,正常,2832,27
2024-04-13 20:49:00,2024-04-13 21:58:00,70,重载牵引,False,正常,2833,27
2024-04-13 21:59:00,2024-04-13 23:10:00,72,停机,False,正常,2834,27
2024-04-13 23:11:00,2024-04-13 23:11:00,1,待机,False,正常,2835,27
2024-04-13 23:12:00,2024-04-13 23:12:00,1,重载牵引,False,正常,2836,27
2024-04-13 23:13:00,2024-04-13 23:13:00,1,停机,False,正常,2837,27
2024-04-13 23:14:00,2024-04-13 23:23:00,10,重载牵引,False,正常,2838,27
2024-04-13 23:24:00,2024-04-13 23:24:00,1,待机,False,正常,2839,27
2024-04-13 23:25:00,2024-04-13 23:25:00,1,重载牵引,False,正常,2840,27
2024-04-13 23:26:00,2024-04-13 23:26:00,1,待机,False,正常,2841,27
2024-04-13 23:27:00,2024-04-13 23:28:00,2,重载牵引,False,正常,2842,27
2024-04-13 23:29:00,2024-04-13 23:29:00,1,停机,False,正常,2843,27
2024-04-13 23:30:00,2024-04-13 23:30:00,1,重载牵引,False,正常,2844,27
2024-04-13 23:31:00,2024-04-13 23:31:00,1,待机,False,正常,2845,27
2024-04-13 23:32:00,2024-04-13 23:34:00,3,重载牵引,False,正常,2846,27
2024-04-13 23:35:00,2024-04-13 23:35:00,1,待机,False,正常,2847,27
2024-04-13 23:36:00,2024-04-13 23:44:00,9,重载牵引,False,正常,2848,27
2024-04-13 23:45:00,2024-04-13 23:45:00,1,待机,False,正常,2849,27
2024-04-13 23:46:00,2024-04-13 23:49:00,4,停机,False,正常,2850,27
2024-04-13 23:50:00,2024-04-13 23:50:00,1,重载牵引,False,正常,2851,27
2024-04-13 23:51:00,2024-04-13 23:51:00,1,待机,False,正常,2852,27
2024-04-13 23:52:00,2024-04-13 23:59:00,8,重载牵引,False,正常,2853,27
2024-04-14 00:00:00,2024-04-14 00:00:00,1,待机,False,正常,2854,27
2024-04-14 00:01:00,2024-04-14 00:01:00,1,停机,False,正常,2855,27
2024-04-14 00:02:00,2024-04-14 00:04:00,3,重载牵引,False,正常,2856,27
2024-04-14 00:05:00,2024-04-14 00:05:00,1,停机,False,正常,2857,27
2024-04-14 00:06:00,2024-04-14 00:11:00,6,待机,False,正常,2858,27
2024-04-14 00:12:00,2024-04-14 00:18:00,7,停机,False,正常,2859,27
2024-04-14 00:19:00,2024-04-14 00:19:00,1,待机,False,正常,2860,27
2024-04-14 00:20:00,2024-04-14 00:23:00,4,重载牵引,False,正常,2861,27
2024-04-14 00:24:00,2024-04-14 00:24:00,1,待机,False,正常,2862,27
2024-04-14 00:25:00,2024-04-14 00:25:00,1,重载牵引,False,正常,2863,27
2024-04-14 00:26:00,2024-04-14 00:26:00,1,停机,False,正常,2864,27
2024-04-14 00:27:00,2024-04-14 00:31:00,5,重载牵引,False,正常,2865,27
2024-04-14 00:32:00,2024-04-14 00:32:00,1,待机,False,正常,2866,27
2024-04-14 00:33:00,2024-04-14 00:33:00,1,停机,False,正常,2867,27
2024-04-14 00:34:00,2024-04-14 00:50:00,17,重载牵引,False,正常,2868,27
2024-04-14 00:51:00,2024-04-14 01:00:00,10,停机,False,正常,2869,27
2024-04-14 01:01:00,2024-04-14 01:08:00,8,重载牵引,False,正常,2870,27
2024-04-14 01:09:00,2024-04-14 01:09:00,1,待机,False,正常,2871,27
2024-04-14 01:10:00,2024-04-14 01:15:00,6,重载牵引,False,正常,2872,27
2024-04-14 01:16:00,2024-04-14 01:16:00,1,待机,False,正常,2873,27
2024-04-14 01:17:00,2024-04-14 01:23:00,7,重载牵引,False,正常,2874,27
2024-04-14 01:24:00,2024-04-14 01:24:00,1,停机,False,正常,2875,27
2024-04-14 01:25:00,2024-04-14 01:27:00,3,重载牵引,False,正常,2876,27
2024-04-14 01:28:00,2024-04-14 01:28:00,1,停机,False,正常,2877,27
2024-04-14 01:29:00,2024-04-14 01:45:00,17,重载牵引,False,正常,2878,27
2024-04-14 01:46:00,2024-04-14 01:46:00,1,空载牵引,False,正常,2879,27
2024-04-14 01:47:00,2024-04-14 01:56:00,10,重载牵引,False,正常,2880,27
2024-04-14 01:57:00,2024-04-14 01:58:00,2,停机,False,正常,2881,27
2024-04-14 01:59:00,2024-04-14 02:04:00,6,重载牵引,False,正常,2882,27
2024-04-14 02:05:00,2024-04-14 02:05:00,1,待机,False,正常,2883,27
2024-04-14 02:06:00,2024-04-14 02:06:00,1,停机,False,正常,2884,27
2024-04-14 02:07:00,2024-04-14 02:20:00,14,重载牵引,False,正常,2885,27
2024-04-14 02:21:00,2024-04-14 02:21:00,1,空载牵引,False,正常,2886,27
2024-04-14 02:22:00,2024-04-14 02:24:00,3,重载牵引,False,正常,2887,27
2024-04-14 02:25:00,2024-04-14 02:25:00,1,空载牵引,False,正常,2888,27
2024-04-14 02:26:00,2024-04-14 02:34:00,9,重载牵引,False,正常,2889,27
2024-04-14 02:35:00,2024-04-14 02:37:00,3,停机,False,正常,2890,27
2024-04-14 02:38:00,2024-04-14 02:41:00,4,重载牵引,False,正常,2891,27
2024-04-14 02:42:00,2024-04-14 02:47:00,6,待机,False,正常,2892,27
2024-04-14 02:48:00,2024-04-14 03:06:00,19,重载牵引,False,正常,2893,27
2024-04-14 03:07:00,2024-04-14 03:09:00,3,停机,False,正常,2894,27
2024-04-14 03:10:00,2024-04-14 03:16:00,7,重载牵引,False,正常,2895,27
2024-04-14 03:17:00,2024-04-14 03:17:00,1,空载牵引,False,正常,2896,27
2024-04-14 03:18:00,2024-04-14 03:20:00,3,重载牵引,False,正常,2897,27
2024-04-14 03:21:00,2024-04-14 03:21:00,1,空载牵引,False,正常,2898,27
2024-04-14 03:22:00,2024-04-14 03:31:00,10,重载牵引,False,正常,2899,27
2024-04-14 03:32:00,2024-04-14 03:32:00,1,停机,False,正常,2900,27
2024-04-14 03:33:00,2024-04-14 03:36:00,4,重载牵引,False,正常,2901,27
2024-04-14 03:37:00,2024-04-14 03:40:00,4,停机,False,正常,2902,27
2024-04-14 03:41:00,2024-04-14 03:43:00,3,重载牵引,False,正常,2903,27
2024-04-14 03:44:00,2024-04-14 03:44:00,1,停机,False,正常,2904,27
2024-04-14 03:45:00,2024-04-14 04:12:00,28,重载牵引,False,正常,2905,27
2024-04-14 04:13:00,2024-04-14 04:13:00,1,停机,False,正常,2906,27
2024-04-14 04:14:00,2024-04-14 04:21:00,8,重载牵引,False,正常,2907,27
2024-04-14 04:22:00,2024-04-14 04:22:00,1,待机,False,正常,2908,27
2024-04-14 04:23:00,2024-04-14 04:34:00,12,重载牵引,False,正常,2909,27
2024-04-14 04:35:00,2024-04-14 04:35:00,1,停机,False,正常,2910,27
2024-04-14 04:36:00,2024-04-14 04:37:00,2,重载牵引,False,正常,2911,27
2024-04-14 04:38:00,2024-04-14 04:39:00,2,待机,False,正常,2912,27
2024-04-14 04:40:00,2024-04-14 04:40:00,1,停机,False,正常,2913,27
2024-04-14 04:41:00,2024-04-14 04:42:00,2,重载牵引,False,正常,2914,27
2024-04-14 04:43:00,2024-04-14 04:43:00,1,空载牵引,False,正常,2915,27
2024-04-14 04:44:00,2024-04-14 04:44:00,1,待机,False,正常,2916,27
2024-04-14 04:45:00,2024-04-14 04:46:00,2,停机,False,正常,2917,27
2024-04-14 04:47:00,2024-04-14 04:48:00,2,待机,False,正常,2918,27
2024-04-14 04:49:00,2024-04-14 04:53:00,5,重载牵引,False,正常,2919,27
2024-04-14 04:54:00,2024-04-14 04:56:00,3,待机,False,正常,2920,27
2024-04-14 04:57:00,2024-04-14 05:01:00,5,重载牵引,False,正常,2921,27
2024-04-14 05:02:00,2024-04-14 05:04:00,3,待机,False,正常,2922,27
2024-04-14 05:05:00,2024-04-14 05:11:00,7,重载牵引,False,正常,2923,27
2024-04-14 05:12:00,2024-04-14 05:12:00,1,待机,False,正常,2924,27
2024-04-14 05:13:00,2024-04-14 05:19:00,7,重载牵引,False,正常,2925,27
2024-04-14 05:20:00,2024-04-14 05:32:00,13,停机,False,正常,2926,27
2024-04-14 05:33:00,2024-04-14 05:43:00,11,重载牵引,False,正常,2927,27
2024-04-14 05:44:00,2024-04-14 05:44:00,1,停机,False,正常,2928,27
2024-04-14 05:45:00,2024-04-14 05:50:00,6,重载牵引,False,正常,2929,27
2024-04-14 05:51:00,2024-04-14 05:51:00,1,空载牵引,False,正常,2930,27
2024-04-14 05:52:00,2024-04-14 05:56:00,5,重载牵引,False,正常,2931,27
2024-04-14 05:57:00,2024-04-14 05:57:00,1,停机,False,正常,2932,27
2024-04-14 05:58:00,2024-04-14 06:05:00,8,重载牵引,False,正常,2933,27
2024-04-14 06:06:00,2024-04-14 06:06:00,1,停机,False,正常,2934,27
2024-04-14 06:07:00,2024-04-14 06:32:00,26,重载牵引,False,正常,2935,27
2024-04-14 06:33:00,2024-04-14 06:34:00,2,停机,False,正常,2936,27
2024-04-14 06:35:00,2024-04-14 07:06:00,32,重载牵引,False,正常,2937,27
2024-04-14 07:07:00,2024-04-14 07:07:00,1,待机,False,正常,2938,27
2024-04-14 07:08:00,2024-04-14 07:10:00,3,重载牵引,False,正常,2939,27
2024-04-14 07:11:00,2024-04-14 07:11:00,1,空载牵引,False,正常,2940,27
2024-04-14 07:12:00,2024-04-14 07:14:00,3,重载牵引,False,正常,2941,27
2024-04-14 07:15:00,2024-04-14 07:15:00,1,空载牵引,False,正常,2942,27
2024-04-14 07:16:00,2024-04-14 07:18:00,3,重载牵引,False,正常,2943,27
2024-04-14 07:19:00,2024-04-14 07:21:00,3,停机,False,正常,2944,27
2024-04-14 07:22:00,2024-04-14 07:23:00,2,重载牵引,False,正常,2945,27
2024-04-14 07:24:00,2024-04-14 07:25:00,2,停机,False,正常,2946,27
2024-04-14 07:26:00,2024-04-14 07:36:00,11,重载牵引,False,正常,2947,27
2024-04-14 07:37:00,2024-04-14 07:37:00,1,空载牵引,False,正常,2948,27
2024-04-14 07:38:00,2024-04-14 07:38:00,1,待机,False,正常,2949,27
2024-04-14 07:39:00,2024-04-14 07:46:00,8,停机,False,正常,2950,27
2024-04-14 07:47:00,2024-04-14 07:54:00,8,重载牵引,False,正常,2951,27
2024-04-14 07:55:00,2024-04-14 07:55:00,1,停机,False,正常,2952,27
2024-04-14 07:56:00,2024-04-14 07:57:00,2,重载牵引,False,正常,2953,27
2024-04-14 07:58:00,2024-04-14 07:59:00,2,停机,False,正常,2954,27
2024-04-14 08:00:00,2024-04-14 08:01:00,2,重载牵引,False,正常,2955,27
2024-04-14 08:02:00,2024-04-14 08:02:00,1,待机,False,正常,2956,27
2024-04-14 08:03:00,2024-04-14 08:04:00,2,停机,False,正常,2957,27
2024-04-14 08:05:00,2024-04-14 08:12:00,8,重载牵引,False,正常,2958,27
2024-04-14 08:13:00,2024-04-14 08:13:00,1,待机,False,正常,2959,27
2024-04-14 08:14:00,2024-04-14 08:18:00,5,重载牵引,False,正常,2960,27
2024-04-14 08:19:00,2024-04-14 08:19:00,1,空载牵引,False,正常,2961,27
2024-04-14 08:20:00,2024-04-14 08:25:00,6,重载牵引,False,正常,2962,27
2024-04-14 08:26:00,2024-04-14 08:27:00,2,停机,False,正常,2963,27
2024-04-14 08:28:00,2024-04-14 08:29:00,2,重载牵引,False,正常,2964,27
2024-04-14 08:30:00,2024-04-14 08:30:00,1,空载牵引,False,正常,2965,27
2024-04-14 08:31:00,2024-04-14 08:35:00,5,重载牵引,False,正常,2966,27
2024-04-14 08:36:00,2024-04-14 08:47:00,12,待机,False,正常,2967,27
2024-04-14 08:48:00,2024-04-14 08:51:00,4,停机,False,正常,2968,27
2024-04-14 08:52:00,2024-04-14 09:20:00,29,待机,False,正常,2969,27
2024-04-14 09:21:00,2024-04-14 09:57:00,37,停机,False,正常,2970,27
2024-04-14 09:58:00,2024-04-14 10:02:00,5,待机,False,正常,2971,27
2024-04-14 10:03:00,2024-04-14 10:09:00,7,停机,False,正常,2972,27
2024-04-14 10:10:00,2024-04-14 10:10:00,1,待机,False,正常,2973,27
2024-04-14 10:11:00,2024-04-14 10:37:00,27,停机,False,正常,2974,27
2024-04-14 10:38:00,2024-04-14 12:41:00,124,待机,True,异常持续段（>120min 阈值）,2975,28
2024-04-14 12:42:00,2024-04-14 12:53:00,12,停机,False,正常,2976,29
2024-04-14 12:54:00,2024-04-14 12:54:00,1,重载牵引,False,正常,2977,29
2024-04-14 12:55:00,2024-04-14 12:55:00,1,待机,False,正常,2978,29
2024-04-14 12:56:00,2024-04-14 12:56:00,1,停机,False,正常,2979,29
2024-04-14 12:57:00,2024-04-14 13:17:00,21,待机,False,正常,2980,29
2024-04-14 13:18:00,2024-04-14 13:18:00,1,重载牵引,False,正常,2981,29
2024-04-14 13:19:00,2024-04-14 13:19:00,1,停机,False,正常,2982,29
2024-04-14 13:20:00,2024-04-14 13:36:00,17,待机,False,正常,2983,29
2024-04-14 13:37:00,2024-04-14 13:37:00,1,空载牵引,False,正常,2984,29
2024-04-14 13:38:00,2024-04-14 14:14:00,37,停机,False,正常,2985,29
2024-04-14 14:15:00,2024-04-14 14:26:00,12,待机,False,正常,2986,29
2024-04-14 14:27:00,2024-04-14 14:49:00,23,停机,False,正常,2987,29
2024-04-14 14:50:00,2024-04-14 14:50:00,1,待机,False,正常,2988,29
2024-04-14 14:51:00,2024-04-14 14:52:00,2,停机,False,正常,2989,29
2024-04-14 14:53:00,2024-04-14 15:01:00,9,待机,False,正常,2990,29
2024-04-14 15:02:00,2024-04-14 15:03:00,2,停机,False,正常,2991,29
2024-04-14 15:04:00,2024-04-14 15:32:00,29,待机,False,正常,2992,29
2024-04-14 15:33:00,2024-04-14 15:37:00,5,停机,False,正常,2993,29
2024-04-14 15:38:00,2024-04-14 15:38:00,1,待机,False,正常,2994,29
2024-04-14 15:39:00,2024-04-14 15:46:00,8,停机,False,正常,2995,29
2024-04-14 15:47:00,2024-04-14 15:49:00,3,重载牵引,False,正常,2996,29
2024-04-14 15:50:00,2024-04-14 15:50:00,1,停机,False,正常,2997,29
2024-04-14 15:51:00,2024-04-14 15:51:00,1,重载牵引,False,正常,2998,29
2024-04-14 15:52:00,2024-04-14 15:52:00,1,停机,False,正常,2999,29
2024-04-14 15:53:00,2024-04-14 15:54:00,2,重载牵引,False,正常,3000,29
2024-04-14 15:55:00,2024-04-14 16:00:00,6,停机,False,正常,3001,29
2024-04-14 16:01:00,2024-04-14 16:05:00,5,重载牵引,False,正常,3002,29
2024-04-14 16:06:00,2024-04-14 16:06:00,1,空载牵引,False,正常,3003,29
2024-04-14 16:07:00,2024-04-14 16:29:00,23,重载牵引,False,正常,3004,29
2024-04-14 16:30:00,2024-04-14 16:30:00,1,待机,False,正常,3005,29
2024-04-14 16:31:00,2024-04-14 16:39:00,9,重载牵引,False,正常,3006,29
2024-04-14 16:40:00,2024-04-14 16:40:00,1,停机,False,正常,3007,29
2024-04-14 16:41:00,2024-04-14 16:48:00,8,重载牵引,False,正常,3008,29
2024-04-14 16:49:00,2024-04-14 16:49:00,1,待机,False,正常,3009,29
2024-04-14 16:50:00,2024-04-14 16:59:00,10,重载牵引,False,正常,3010,29
2024-04-14 17:00:00,2024-04-14 17:00:00,1,待机,False,正常,3011,29
2024-04-14 17:01:00,2024-04-14 17:06:00,6,停机,False,正常,3012,29
2024-04-14 17:07:00,2024-04-14 17:07:00,1,重载牵引,False,正常,3013,29
2024-04-14 17:08:00,2024-04-14 17:09:00,2,停机,False,正常,3014,29
2024-04-14 17:10:00,2024-04-14 17:10:00,1,重载牵引,False,正常,3015,29
2024-04-14 17:11:00,2024-04-14 17:51:00,41,停机,False,正常,3016,29
2024-04-14 17:52:00,2024-04-14 17:54:00,3,重载牵引,False,正常,3017,29
2024-04-14 17:55:00,2024-04-14 17:55:00,1,待机,False,正常,3018,29
2024-04-14 17:56:00,2024-04-14 18:00:00,5,重载牵引,False,正常,3019,29
2024-04-14 18:01:00,2024-04-14 18:01:00,1,空载牵引,False,正常,3020,29
2024-04-14 18:02:00,2024-04-14 18:06:00,5,重载牵引,False,正常,3021,29
2024-04-14 18:07:00,2024-04-14 18:07:00,1,待机,False,正常,3022,29
2024-04-14 18:08:00,2024-04-14 18:11:00,4,重载牵引,False,正常,3023,29
2024-04-14 18:12:00,2024-04-14 18:12:00,1,停机,False,正常,3024,29
2024-04-14 18:13:00,2024-04-14 18:16:00,4,重载牵引,False,正常,3025,29
2024-04-14 18:17:00,2024-04-14 18:17:00,1,待机,False,正常,3026,29
2024-04-14 18:18:00,2024-04-14 18:22:00,5,重载牵引,False,正常,3027,29
2024-04-14 18:23:00,2024-04-14 18:23:00,1,停机,False,正常,3028,29
2024-04-14 18:24:00,2024-04-14 18:31:00,8,重载牵引,False,正常,3029,29
2024-04-14 18:32:00,2024-04-14 18:32:00,1,待机,False,正常,3030,29
2024-04-14 18:33:00,2024-04-14 18:36:00,4,重载牵引,False,正常,3031,29
2024-04-14 18:37:00,2024-04-14 18:37:00,1,待机,False,正常,3032,29
2024-04-14 18:38:00,2024-04-14 18:43:00,6,重载牵引,False,正常,3033,29
2024-04-14 18:44:00,2024-04-14 18:44:00,1,停机,False,正常,3034,29
2024-04-14 18:45:00,2024-04-14 18:48:00,4,重载牵引,False,正常,3035,29
2024-04-14 18:49:00,2024-04-14 18:49:00,1,停机,False,正常,3036,29
2024-04-14 18:50:00,2024-04-14 18:52:00,3,重载牵引,False,正常,3037,29
2024-04-14 18:53:00,2024-04-14 18:53:00,1,待机,False,正常,3038,29
2024-04-14 18:54:00,2024-04-14 19:01:00,8,重载牵引,False,正常,3039,29
2024-04-14 19:02:00,2024-04-14 19:02:00,1,停机,False,正常,3040,29
2024-04-14 19:03:00,2024-04-14 19:03:00,1,重载牵引,False,正常,3041,29
2024-04-14 19:04:00,2024-04-14 19:04:00,1,待机,False,正常,3042,29
2024-04-14 19:05:00,2024-04-14 19:19:00,15,重载牵引,False,正常,3043,29
2024-04-14 19:20:00,2024-04-14 19:20:00,1,停机,False,正常,3044,29
2024-04-14 19:21:00,2024-04-14 19:33:00,13,重载牵引,False,正常,3045,29
2024-04-14 19:34:00,2024-04-14 19:35:00,2,待机,False,正常,3046,29
2024-04-14 19:36:00,2024-04-14 19:53:00,18,重载牵引,False,正常,3047,29
2024-04-14 19:54:00,2024-04-14 19:54:00,1,待机,False,正常,3048,29
2024-04-14 19:55:00,2024-04-14 19:55:00,1,空载牵引,False,正常,3049,29
2024-04-14 19:56:00,2024-04-14 19:58:00,3,重载牵引,False,正常,3050,29
2024-04-14 19:59:00,2024-04-14 19:59:00,1,停机,False,正常,3051,29
2024-04-14 20:00:00,2024-04-14 20:03:00,4,重载牵引,False,正常,3052,29
2024-04-14 20:04:00,2024-04-14 20:04:00,1,待机,False,正常,3053,29
2024-04-14 20:05:00,2024-04-14 20:09:00,5,重载牵引,False,正常,3054,29
2024-04-14 20:10:00,2024-04-14 20:14:00,5,停机,False,正常,3055,29
2024-04-14 20:15:00,2024-04-14 20:16:00,2,重载牵引,False,正常,3056,29
2024-04-14 20:17:00,2024-04-14 20:17:00,1,待机,False,正常,3057,29
2024-04-14 20:18:00,2024-04-14 20:19:00,2,停机,False,正常,3058,29
2024-04-14 20:20:00,2024-04-14 20:22:00,3,重载牵引,False,正常,3059,29
2024-04-14 20:23:00,2024-04-14 20:23:00,1,待机,False,正常,3060,29
2024-04-14 20:24:00,2024-04-14 20:26:00,3,重载牵引,False,正常,3061,29
2024-04-14 20:27:00,2024-04-14 20:27:00,1,停机,False,正常,3062,29
2024-04-14 20:28:00,2024-04-14 20:32:00,5,重载牵引,False,正常,3063,29
2024-04-14 20:33:00,2024-04-14 20:33:00,1,待机,False,正常,3064,29
2024-04-14 20:34:00,2024-04-14 20:34:00,1,重载牵引,False,正常,3065,29
2024-04-14 20:35:00,2024-04-14 20:35:00,1,待机,False,正常,3066,29
2024-04-14 20:36:00,2024-04-14 20:46:00,11,重载牵引,False,正常,3067,29
2024-04-14 20:47:00,2024-04-14 20:47:00,1,待机,False,正常,3068,29
2024-04-14 20:48:00,2024-04-14 20:49:00,2,重载牵引,False,正常,3069,29
2024-04-14 20:50:00,2024-04-14 20:51:00,2,待机,False,正常,3070,29
2024-04-14 20:52:00,2024-04-14 20:54:00,3,重载牵引,False,正常,3071,29
2024-04-14 20:55:00,2024-04-14 20:55:00,1,停机,False,正常,3072,29
2024-04-14 20:56:00,2024-04-14 20:56:00,1,重载牵引,False,正常,3073,29
2024-04-14 20:57:00,2024-04-14 20:57:00,1,待机,False,正常,3074,29
2024-04-14 20:58:00,2024-04-14 20:58:00,1,重载牵引,False,正常,3075,29
2024-04-14 20:59:00,2024-04-14 20:59:00,1,停机,False,正常,3076,29
2024-04-14 21:00:00,2024-04-14 21:00:00,1,待机,False,正常,3077,29
2024-04-14 21:01:00,2024-04-14 21:02:00,2,重载牵引,False,正常,3078,29
2024-04-14 21:03:00,2024-04-14 21:03:00,1,空载牵引,False,正常,3079,29
2024-04-14 21:04:00,2024-04-14 21:13:00,10,停机,False,正常,3080,29
2024-04-14 21:14:00,2024-04-14 21:14:00,1,重载牵引,False,正常,3081,29
2024-04-14 21:15:00,2024-04-14 21:15:00,1,停机,False,正常,3082,29
2024-04-14 21:16:00,2024-04-14 21:23:00,8,重载牵引,False,正常,3083,29
2024-04-14 21:24:00,2024-04-14 21:24:00,1,停机,False,正常,3084,29
2024-04-14 21:25:00,2024-04-14 21:28:00,4,重载牵引,False,正常,3085,29
2024-04-14 21:29:00,2024-04-14 21:30:00,2,停机,False,正常,3086,29
2024-04-14 21:31:00,2024-04-14 21:32:00,2,重载牵引,False,正常,3087,29
2024-04-14 21:33:00,2024-04-14 21:34:00,2,停机,False,正常,3088,29
2024-04-14 21:35:00,2024-04-14 21:35:00,1,重载牵引,False,正常,3089,29
2024-04-14 21:36:00,2024-04-14 21:36:00,1,停机,False,正常,3090,29
2024-04-14 21:37:00,2024-04-14 21:37:00,1,重载牵引,False,正常,3091,29
2024-04-14 21:38:00,2024-04-14 21:38:00,1,空载牵引,False,正常,3092,29
2024-04-14 21:39:00,2024-04-14 21:40:00,2,重载牵引,False,正常,3093,29
2024-04-14 21:41:00,2024-04-14 21:41:00,1,待机,False,正常,3094,29
2024-04-14 21:42:00,2024-04-14 21:56:00,15,重载牵引,False,正常,3095,29
2024-04-14 21:57:00,2024-04-14 21:57:00,1,空载牵引,False,正常,3096,29
2024-04-14 21:58:00,2024-04-14 22:19:00,22,重载牵引,False,正常,3097,29
2024-04-14 22:20:00,2024-04-14 22:21:00,2,停机,False,正常,3098,29
2024-04-14 22:22:00,2024-04-14 22:38:00,17,重载牵引,False,正常,3099,29
2024-04-14 22:39:00,2024-04-14 22:39:00,1,待机,False,正常,3100,29
2024-04-14 22:40:00,2024-04-14 22:42:00,3,重载牵引,False,正常,3101,29
2024-04-14 22:43:00,2024-04-14 22:43:00,1,待机,False,正常,3102,29
2024-04-14 22:44:00,2024-04-14 22:45:00,2,重载牵引,False,正常,3103,29
2024-04-14 22:46:00,2024-04-14 22:46:00,1,待机,False,正常,3104,29
2024-04-14 22:47:00,2024-04-14 23:00:00,14,重载牵引,False,正常,3105,29
2024-04-14 23:01:00,2024-04-14 23:01:00,1,待机,False,正常,3106,29
2024-04-14 23:02:00,2024-04-14 23:04:00,3,重载牵引,False,正常,3107,29
2024-04-14 23:05:00,2024-04-14 23:05:00,1,停机,False,正常,3108,29
2024-04-14 23:06:00,2024-04-14 23:06:00,1,重载牵引,False,正常,3109,29
2024-04-14 23:07:00,2024-04-14 23:10:00,4,停机,False,正常,3110,29
2024-04-14 23:11:00,2024-04-14 23:12:00,2,重载牵引,False,正常,3111,29
2024-04-14 23:13:00,2024-04-14 23:13:00,1,待机,False,正常,3112,29
2024-04-14 23:14:00,2024-04-14 23:14:00,1,重载牵引,False,正常,3113,29
2024-04-14 23:15:00,2024-04-14 23:15:00,1,空载牵引,False,正常,3114,29
2024-04-14 23:16:00,2024-04-14 23:24:00,9,重载牵引,False,正常,3115,29
2024-04-14 23:25:00,2024-04-14 23:25:00,1,停机,False,正常,3116,29
2024-04-14 23:26:00,2024-04-14 23:26:00,1,待机,False,正常,3117,29
2024-04-14 23:27:00,2024-04-14 23:35:00,9,重载牵引,False,正常,3118,29
2024-04-14 23:36:00,2024-04-14 23:36:00,1,待机,False,正常,3119,29
2024-04-14 23:37:00,2024-04-14 23:39:00,3,重载牵引,False,正常,3120,29
2024-04-14 23:40:00,2024-04-14 23:42:00,3,待机,False,正常,3121,29
2024-04-14 23:43:00,2024-04-14 23:43:00,1,重载牵引,False,正常,3122,29
2024-04-14 23:44:00,2024-04-14 23:50:00,7,停机,False,正常,3123,29
2024-04-14 23:51:00,2024-04-14 23:51:00,1,重载牵引,False,正常,3124,29
2024-04-14 23:52:00,2024-04-14 23:52:00,1,待机,False,正常,3125,29
2024-04-14 23:53:00,2024-04-14 23:55:00,3,重载牵引,False,正常,3126,29
2024-04-14 23:56:00,2024-04-15 00:04:00,9,停机,False,正常,3127,29
2024-04-15 00:05:00,2024-04-15 00:10:00,6,重载牵引,False,正常,3128,29
2024-04-15 00:11:00,2024-04-15 00:12:00,2,待机,False,正常,3129,29
2024-04-15 00:13:00,2024-04-15 00:15:00,3,重载牵引,False,正常,3130,29
2024-04-15 00:16:00,2024-04-15 00:16:00,1,待机,False,正常,3131,29
2024-04-15 00:17:00,2024-04-15 00:26:00,10,重载牵引,False,正常,3132,29
2024-04-15 00:27:00,2024-04-15 00:27:00,1,待机,False,正常,3133,29
2024-04-15 00:28:00,2024-04-15 00:29:00,2,重载牵引,False,正常,3134,29
2024-04-15 00:30:00,2024-04-15 00:30:00,1,停机,False,正常,3135,29
2024-04-15 00:31:00,2024-04-15 00:31:00,1,待机,False,正常,3136,29
2024-04-15 00:32:00,2024-04-15 00:33:00,2,停机,False,正常,3137,29
2024-04-15 00:34:00,2024-04-15 00:40:00,7,重载牵引,False,正常,3138,29
2024-04-15 00:41:00,2024-04-15 00:41:00,1,空载牵引,False,正常,3139,29
2024-04-15 00:42:00,2024-04-15 00:43:00,2,重载牵引,False,正常,3140,29
2024-04-15 00:44:00,2024-04-15 00:44:00,1,停机,False,正常,3141,29
2024-04-15 00:45:00,2024-04-15 00:46:00,2,重载牵引,False,正常,3142,29
2024-04-15 00:47:00,2024-04-15 00:47:00,1,待机,False,正常,3143,29
2024-04-15 00:48:00,2024-04-15 00:56:00,9,重载牵引,False,正常,3144,29
2024-04-15 00:57:00,2024-04-15 00:57:00,1,空载牵引,False,正常,3145,29
2024-04-15 00:58:00,2024-04-15 01:12:00,15,待机,False,正常,3146,29
2024-04-15 01:13:00,2024-04-15 01:13:00,1,停机,False,正常,3147,29
2024-04-15 01:14:00,2024-04-15 02:11:00,58,重载牵引,False,正常,3148,29
2024-04-15 02:12:00,2024-04-15 02:17:00,6,停机,False,正常,3149,29
2024-04-15 02:18:00,2024-04-15 02:25:00,8,重载牵引,False,正常,3150,29
2024-04-15 02:26:00,2024-04-15 02:26:00,1,待机,False,正常,3151,29
2024-04-15 02:27:00,2024-04-15 02:31:00,5,重载牵引,False,正常,3152,29
2024-04-15 02:32:00,2024-04-15 02:32:00,1,待机,False,正常,3153,29
2024-04-15 02:33:00,2024-04-15 02:36:00,4,停机,False,正常,3154,29
2024-04-15 02:37:00,2024-04-15 02:40:00,4,重载牵引,False,正常,3155,29
2024-04-15 02:41:00,2024-04-15 02:47:00,7,停机,False,正常,3156,29
2024-04-15 02:48:00,2024-04-15 02:50:00,3,重载牵引,False,正常,3157,29
2024-04-15 02:51:00,2024-04-15 02:52:00,2,待机,False,正常,3158,29
2024-04-15 02:53:00,2024-04-15 02:56:00,4,停机,False,正常,3159,29
2024-04-15 02:57:00,2024-04-15 03:07:00,11,重载牵引,False,正常,3160,29
2024-04-15 03:08:00,2024-04-15 03:08:00,1,停机,False,正常,3161,29
2024-04-15 03:09:00,2024-04-15 03:16:00,8,重载牵引,False,正常,3162,29
2024-04-15 03:17:00,2024-04-15 03:18:00,2,停机,False,正常,3163,29
2024-04-15 03:19:00,2024-04-15 03:19:00,1,重载牵引,False,正常,3164,29
2024-04-15 03:20:00,2024-04-15 03:21:00,2,停机,False,正常,3165,29
2024-04-15 03:22:00,2024-04-15 03:23:00,2,重载牵引,False,正常,3166,29
2024-04-15 03:24:00,2024-04-15 03:24:00,1,待机,False,正常,3167,29
2024-04-15 03:25:00,2024-04-15 03:30:00,6,重载牵引,False,正常,3168,29
2024-04-15 03:31:00,2024-04-15 03:32:00,2,停机,False,正常,3169,29
2024-04-15 03:33:00,2024-04-15 03:50:00,18,重载牵引,False,正常,3170,29
2024-04-15 03:51:00,2024-04-15 03:56:00,6,停机,False,正常,3171,29
2024-04-15 03:57:00,2024-04-15 04:02:00,6,重载牵引,False,正常,3172,29
2024-04-15 04:03:00,2024-04-15 04:03:00,1,空载牵引,False,正常,3173,29
2024-04-15 04:04:00,2024-04-15 04:28:00,25,重载牵引,False,正常,3174,29
2024-04-15 04:29:00,2024-04-15 04:29:00,1,待机,False,正常,3175,29
2024-04-15 04:30:00,2024-04-15 04:31:00,2,重载牵引,False,正常,3176,29
2024-04-15 04:32:00,2024-04-15 04:32:00,1,空载牵引,False,正常,3177,29
2024-04-15 04:33:00,2024-04-15 04:33:00,1,待机,False,正常,3178,29
2024-04-15 04:34:00,2024-04-15 04:34:00,1,重载牵引,False,正常,3179,29
2024-04-15 04:35:00,2024-04-15 04:36:00,2,空载牵引,False,正常,3180,29
2024-04-15 04:37:00,2024-04-15 04:39:00,3,停机,False,正常,3181,29
2024-04-15 04:40:00,2024-04-15 04:42:00,3,重载牵引,False,正常,3182,29
2024-04-15 04:43:00,2024-04-15 04:43:00,1,待机,False,正常,3183,29
2024-04-15 04:44:00,2024-04-15 04:49:00,6,重载牵引,False,正常,3184,29
2024-04-15 04:50:00,2024-04-15 04:51:00,2,空载牵引,False,正常,3185,29
2024-04-15 04:52:00,2024-04-15 05:04:00,13,重载牵引,False,正常,3186,29
2024-04-15 05:05:00,2024-04-15 05:05:00,1,空载牵引,False,正常,3187,29
2024-04-15 05:06:00,2024-04-15 05:06:00,1,重载牵引,False,正常,3188,29
2024-04-15 05:07:00,2024-04-15 05:07:00,1,待机,False,正常,3189,29
2024-04-15 05:08:00,2024-04-15 05:08:00,1,重载牵引,False,正常,3190,29
2024-04-15 05:09:00,2024-04-15 05:09:00,1,待机,False,正常,3191,29
2024-04-15 05:10:00,2024-04-15 05:20:00,11,重载牵引,False,正常,3192,29
2024-04-15 05:21:00,2024-04-15 05:21:00,1,待机,False,正常,3193,29
2024-04-15 05:22:00,2024-04-15 05:33:00,12,重载牵引,False,正常,3194,29
2024-04-15 05:34:00,2024-04-15 05:34:00,1,停机,False,正常,3195,29
2024-04-15 05:35:00,2024-04-15 05:47:00,13,重载牵引,False,正常,3196,29
2024-04-15 05:48:00,2024-04-15 05:48:00,1,待机,False,正常,3197,29
2024-04-15 05:49:00,2024-04-15 05:55:00,7,重载牵引,False,正常,3198,29
2024-04-15 05:56:00,2024-04-15 05:56:00,1,空载牵引,False,正常,3199,29
2024-04-15 05:57:00,2024-04-15 06:03:00,7,重载牵引,False,正常,3200,29
2024-04-15 06:04:00,2024-04-15 06:07:00,4,停机,False,正常,3201,29
2024-04-15 06:08:00,2024-04-15 06:25:00,18,重载牵引,False,正常,3202,29
2024-04-15 06:26:00,2024-04-15 06:26:00,1,空载牵引,False,正常,3203,29
2024-04-15 06:27:00,2024-04-15 06:30:00,4,重载牵引,False,正常,3204,29
2024-04-15 06:31:00,2024-04-15 06:31:00,1,停机,False,正常,3205,29
2024-04-15 06:32:00,2024-04-15 06:33:00,2,重载牵引,False,正常,3206,29
2024-04-15 06:34:00,2024-04-15 06:38:00,5,停机,False,正常,3207,29
2024-04-15 06:39:00,2024-04-15 06:48:00,10,重载牵引,False,正常,3208,29
2024-04-15 06:49:00,2024-04-15 06:57:00,9,停机,False,正常,3209,29
2024-04-15 06:58:00,2024-04-15 07:03:00,6,重载牵引,False,正常,3210,29
2024-04-15 07:04:00,2024-04-15 07:04:00,1,待机,False,正常,3211,29
2024-04-15 07:05:00,2024-04-15 07:06:00,2,重载牵引,False,正常,3212,29
2024-04-15 07:07:00,2024-04-15 07:07:00,1,空载牵引,False,正常,3213,29
2024-04-15 07:08:00,2024-04-15 07:08:00,1,待机,False,正常,3214,29
2024-04-15 07:09:00,2024-04-15 07:17:00,9,重载牵引,False,正常,3215,29
2024-04-15 07:18:00,2024-04-15 07:18:00,1,待机,False,正常,3216,29
2024-04-15 07:19:00,2024-04-15 07:36:00,18,重载牵引,False,正常,3217,29
2024-04-15 07:37:00,2024-04-15 07:37:00,1,停机,False,正常,3218,29
2024-04-15 07:38:00,2024-04-15 07:45:00,8,重载牵引,False,正常,3219,29
2024-04-15 07:46:00,2024-04-15 07:47:00,2,停机,False,正常,3220,29
2024-04-15 07:48:00,2024-04-15 07:56:00,9,重载牵引,False,正常,3221,29
2024-04-15 07:57:00,2024-04-15 07:57:00,1,停机,False,正常,3222,29
2024-04-15 07:58:00,2024-04-15 08:01:00,4,重载牵引,False,正常,3223,29
2024-04-15 08:02:00,2024-04-15 08:02:00,1,停机,False,正常,3224,29
2024-04-15 08:03:00,2024-04-15 08:08:00,6,重载牵引,False,正常,3225,29
2024-04-15 08:09:00,2024-04-15 08:09:00,1,待机,False,正常,3226,29
2024-04-15 08:10:00,2024-04-15 10:01:00,112,重载牵引,False,正常,3227,29
2024-04-15 10:02:00,2024-04-15 15:04:00,303,停机,True,通讯中断/传感器休眠（段持续 >= 4h）,3228,30
2024-04-15 15:05:00,2024-04-15 15:19:00,15,重载牵引,False,正常,3229,31
2024-04-15 15:20:00,2024-04-15 15:29:00,10,停机,False,正常,3230,31
2024-04-15 15:30:00,2024-04-15 15:30:00,1,重载牵引,False,正常,3231,31
2024-04-15 15:31:00,2024-04-15 15:35:00,5,停机,False,正常,3232,31
2024-04-15 15:36:00,2024-04-15 15:36:00,1,待机,False,正常,3233,31
2024-04-15 15:37:00,2024-04-15 15:40:00,4,停机,False,正常,3234,31
2024-04-15 15:41:00,2024-04-15 15:42:00,2,待机,False,正常,3235,31
2024-04-15 15:43:00,2024-04-15 15:48:00,6,停机,False,正常,3236,31
2024-04-15 15:49:00,2024-04-15 15:49:00,1,待机,False,正常,3237,31
2024-04-15 15:50:00,2024-04-15 15:51:00,2,停机,False,正常,3238,31
2024-04-15 15:52:00,2024-04-15 15:52:00,1,待机,False,正常,3239,31
2024-04-15 15:53:00,2024-04-15 16:02:00,10,停机,False,正常,3240,31
2024-04-15 16:03:00,2024-04-15 16:03:00,1,待机,False,正常,3241,31
2024-04-15 16:04:00,2024-04-15 16:07:00,4,停机,False,正常,3242,31
2024-04-15 16:08:00,2024-04-15 16:08:00,1,重载牵引,False,正常,3243,31
2024-04-15 16:09:00,2024-04-15 16:19:00,11,停机,False,正常,3244,31
2024-04-15 16:20:00,2024-04-15 16:21:00,2,待机,False,正常,3245,31
2024-04-15 16:22:00,2024-04-15 16:22:00,1,停机,False,正常,3246,31
2024-04-15 16:23:00,2024-04-15 16:23:00,1,待机,False,正常,3247,31
2024-04-15 16:24:00,2024-04-15 16:29:00,6,停机,False,正常,3248,31
2024-04-15 16:30:00,2024-04-15 16:37:00,8,重载牵引,False,正常,3249,31
2024-04-15 16:38:00,2024-04-15 16:38:00,1,待机,False,正常,3250,31
2024-04-15 16:39:00,2024-04-15 16:47:00,9,重载牵引,False,正常,3251,31
2024-04-15 16:48:00,2024-04-15 16:48:00,1,停机,False,正常,3252,31
2024-04-15 16:49:00,2024-04-15 17:18:00,30,重载牵引,False,正常,3253,31
2024-04-15 17:19:00,2024-04-15 17:20:00,2,停机,False,正常,3254,31
2024-04-15 17:21:00,2024-04-15 17:36:00,16,重载牵引,False,正常,3255,31
2024-04-15 17:37:00,2024-04-15 17:39:00,3,停机,False,正常,3256,31
2024-04-15 17:40:00,2024-04-15 17:41:00,2,重载牵引,False,正常,3257,31
2024-04-15 17:42:00,2024-04-15 17:46:00,5,停机,False,正常,3258,31
2024-04-15 17:47:00,2024-04-15 17:53:00,7,重载牵引,False,正常,3259,31
2024-04-15 17:54:00,2024-04-15 17:57:00,4,待机,False,正常,3260,31
2024-04-15 17:58:00,2024-04-15 17:58:00,1,重载牵引,False,正常,3261,31
2024-04-15 17:59:00,2024-04-15 18:05:00,7,停机,False,正常,3262,31
2024-04-15 18:06:00,2024-04-15 18:07:00,2,重载牵引,False,正常,3263,31
2024-04-15 18:08:00,2024-04-15 18:17:00,10,停机,False,正常,3264,31
2024-04-15 18:18:00,2024-04-15 18:18:00,1,重载牵引,False,正常,3265,31
2024-04-15 18:19:00,2024-04-15 18:19:00,1,待机,False,正常,3266,31
2024-04-15 18:20:00,2024-04-15 18:20:00,1,重载牵引,False,正常,3267,31
2024-04-15 18:21:00,2024-04-15 18:21:00,1,停机,False,正常,3268,31
2024-04-15 18:22:00,2024-04-15 18:26:00,5,重载牵引,False,正常,3269,31
2024-04-15 18:27:00,2024-04-15 18:27:00,1,停机,False,正常,3270,31
2024-04-15 18:28:00,2024-04-15 18:28:00,1,空载牵引,False,正常,3271,31
2024-04-15 18:29:00,2024-04-15 18:29:00,1,重载牵引,False,正常,3272,31
2024-04-15 18:30:00,2024-04-15 18:36:00,7,停机,False,正常,3273,31
2024-04-15 18:37:00,2024-04-15 18:38:00,2,待机,False,正常,3274,31
2024-04-15 18:39:00,2024-04-15 18:39:00,1,停机,False,正常,3275,31
2024-04-15 18:40:00,2024-04-15 18:48:00,9,重载牵引,False,正常,3276,31
2024-04-15 18:49:00,2024-04-15 18:50:00,2,停机,False,正常,3277,31
2024-04-15 18:51:00,2024-04-15 18:51:00,1,待机,False,正常,3278,31
2024-04-15 18:52:00,2024-04-15 18:52:00,1,重载牵引,False,正常,3279,31
2024-04-15 18:53:00,2024-04-15 18:53:00,1,待机,False,正常,3280,31
2024-04-15 18:54:00,2024-04-15 18:59:00,6,重载牵引,False,正常,3281,31
2024-04-15 19:00:00,2024-04-15 19:00:00,1,待机,False,正常,3282,31
2024-04-15 19:01:00,2024-04-15 19:01:00,1,重载牵引,False,正常,3283,31
2024-04-15 19:02:00,2024-04-15 19:05:00,4,停机,False,正常,3284,31
2024-04-15 19:06:00,2024-04-15 19:06:00,1,待机,False,正常,3285,31
2024-04-15 19:07:00,2024-04-15 19:09:00,3,停机,False,正常,3286,31
2024-04-15 19:10:00,2024-04-15 19:10:00,1,重载牵引,False,正常,3287,31
2024-04-15 19:11:00,2024-04-15 19:11:00,1,待机,False,正常,3288,31
2024-04-15 19:12:00,2024-04-15 19:12:00,1,重载牵引,False,正常,3289,31
2024-04-15 19:13:00,2024-04-15 19:49:00,37,停机,False,正常,3290,31
2024-04-15 19:50:00,2024-04-15 20:00:00,11,重载牵引,False,正常,3291,31
2024-04-15 20:01:00,2024-04-15 20:03:00,3,停机,False,正常,3292,31
2024-04-15 20:04:00,2024-04-15 20:04:00,1,待机,False,正常,3293,31
2024-04-15 20:05:00,2024-04-15 20:06:00,2,重载牵引,False,正常,3294,31
2024-04-15 20:07:00,2024-04-15 20:07:00,1,待机,False,正常,3295,31
2024-04-15 20:08:00,2024-04-15 20:08:00,1,重载牵引,False,正常,3296,31
2024-04-15 20:09:00,2024-04-15 20:15:00,7,停机,False,正常,3297,31
2024-04-15 20:16:00,2024-04-15 20:18:00,3,重载牵引,False,正常,3298,31
2024-04-15 20:19:00,2024-04-15 20:19:00,1,待机,False,正常,3299,31
2024-04-15 20:20:00,2024-04-15 20:24:00,5,重载牵引,False,正常,3300,31
2024-04-15 20:25:00,2024-04-15 20:36:00,12,停机,False,正常,3301,31
2024-04-15 20:37:00,2024-04-15 20:39:00,3,重载牵引,False,正常,3302,31
2024-04-15 20:40:00,2024-04-15 20:40:00,1,待机,False,正常,3303,31
2024-04-15 20:41:00,2024-04-15 20:42:00,2,重载牵引,False,正常,3304,31
2024-04-15 20:43:00,2024-04-15 20:43:00,1,空载牵引,False,正常,3305,31
2024-04-15 20:44:00,2024-04-15 20:54:00,11,重载牵引,False,正常,3306,31
2024-04-15 20:55:00,2024-04-15 20:55:00,1,空载牵引,False,正常,3307,31
2024-04-15 20:56:00,2024-04-15 20:57:00,2,重载牵引,False,正常,3308,31
2024-04-15 20:58:00,2024-04-15 20:58:00,1,待机,False,正常,3309,31
2024-04-15 20:59:00,2024-04-15 21:08:00,10,重载牵引,False,正常,3310,31
2024-04-15 21:09:00,2024-04-15 21:09:00,1,空载牵引,False,正常,3311,31
2024-04-15 21:10:00,2024-04-15 21:48:00,39,重载牵引,False,正常,3312,31
2024-04-15 21:49:00,2024-04-15 21:49:00,1,停机,False,正常,3313,31
2024-04-15 21:50:00,2024-04-15 21:54:00,5,重载牵引,False,正常,3314,31
2024-04-15 21:55:00,2024-04-15 21:55:00,1,停机,False,正常,3315,31
2024-04-15 21:56:00,2024-04-15 22:09:00,14,重载牵引,False,正常,3316,31
2024-04-15 22:10:00,2024-04-15 22:10:00,1,空载牵引,False,正常,3317,31
2024-04-15 22:11:00,2024-04-15 22:12:00,2,重载牵引,False,正常,3318,31
2024-04-15 22:13:00,2024-04-15 22:28:00,16,停机,False,正常,3319,31
2024-04-15 22:29:00,2024-04-15 22:31:00,3,重载牵引,False,正常,3320,31
2024-04-15 22:32:00,2024-04-15 22:32:00,1,停机,False,正常,3321,31
2024-04-15 22:33:00,2024-04-15 22:46:00,14,重载牵引,False,正常,3322,31
2024-04-15 22:47:00,2024-04-15 22:47:00,1,待机,False,正常,3323,31
2024-04-15 22:48:00,2024-04-15 22:48:00,1,停机,False,正常,3324,31
2024-04-15 22:49:00,2024-04-15 22:50:00,2,重载牵引,False,正常,3325,31
2024-04-15 22:51:00,2024-04-15 22:52:00,2,待机,False,正常,3326,31
2024-04-15 22:53:00,2024-04-15 22:53:00,1,停机,False,正常,3327,31
2024-04-15 22:54:00,2024-04-15 22:56:00,3,重载牵引,False,正常,3328,31
2024-04-15 22:57:00,2024-04-15 22:57:00,1,待机,False,正常,3329,31
2024-04-15 22:58:00,2024-04-15 22:58:00,1,重载牵引,False,正常,3330,31
2024-04-15 22:59:00,2024-04-15 23:00:00,2,待机,False,正常,3331,31
2024-04-15 23:01:00,2024-04-15 23:12:00,12,重载牵引,False,正常,3332,31
2024-04-15 23:13:00,2024-04-15 23:13:00,1,空载牵引,False,正常,3333,31
2024-04-15 23:14:00,2024-04-15 23:28:00,15,重载牵引,False,正常,3334,31
2024-04-15 23:29:00,2024-04-15 23:29:00,1,停机,False,正常,3335,31
2024-04-15 23:30:00,2024-04-15 23:35:00,6,重载牵引,False,正常,3336,31
2024-04-15 23:36:00,2024-04-15 23:38:00,3,停机,False,正常,3337,31
2024-04-15 23:39:00,2024-04-15 23:39:00,1,待机,False,正常,3338,31
2024-04-15 23:40:00,2024-04-15 23:41:00,2,停机,False,正常,3339,31
2024-04-15 23:42:00,2024-04-15 23:53:00,12,重载牵引,False,正常,3340,31
2024-04-15 23:54:00,2024-04-15 23:58:00,5,停机,False,正常,3341,31
2024-04-15 23:59:00,2024-04-16 00:04:00,6,重载牵引,False,正常,3342,31
2024-04-16 00:05:00,2024-04-16 00:05:00,1,停机,False,正常,3343,31
2024-04-16 00:06:00,2024-04-16 00:09:00,4,重载牵引,False,正常,3344,31
2024-04-16 00:10:00,2024-04-16 00:10:00,1,待机,False,正常,3345,31
2024-04-16 00:11:00,2024-04-16 00:14:00,4,重载牵引,False,正常,3346,31
2024-04-16 00:15:00,2024-04-16 00:15:00,1,停机,False,正常,3347,31
2024-04-16 00:16:00,2024-04-16 00:16:00,1,重载牵引,False,正常,3348,31
2024-04-16 00:17:00,2024-04-16 00:20:00,4,停机,False,正常,3349,31
2024-04-16 00:21:00,2024-04-16 00:28:00,8,重载牵引,False,正常,3350,31
2024-04-16 00:29:00,2024-04-16 00:31:00,3,待机,False,正常,3351,31
2024-04-16 00:32:00,2024-04-16 00:39:00,8,重载牵引,False,正常,3352,31
2024-04-16 00:40:00,2024-04-16 00:40:00,1,待机,False,正常,3353,31
2024-04-16 00:41:00,2024-04-16 00:44:00,4,重载牵引,False,正常,3354,31
2024-04-16 00:45:00,2024-04-16 00:45:00,1,待机,False,正常,3355,31
2024-04-16 00:46:00,2024-04-16 00:48:00,3,重载牵引,False,正常,3356,31
2024-04-16 00:49:00,2024-04-16 00:49:00,1,待机,False,正常,3357,31
2024-04-16 00:50:00,2024-04-16 00:58:00,9,重载牵引,False,正常,3358,31
2024-04-16 00:59:00,2024-04-16 01:00:00,2,停机,False,正常,3359,31
2024-04-16 01:01:00,2024-04-16 01:01:00,1,重载牵引,False,正常,3360,31
2024-04-16 01:02:00,2024-04-16 01:02:00,1,待机,False,正常,3361,31
2024-04-16 01:03:00,2024-04-16 01:03:00,1,重载牵引,False,正常,3362,31
2024-04-16 01:04:00,2024-04-16 01:04:00,1,停机,False,正常,3363,31
2024-04-16 01:05:00,2024-04-16 01:12:00,8,重载牵引,False,正常,3364,31
2024-04-16 01:13:00,2024-04-16 01:13:00,1,待机,False,正常,3365,31
2024-04-16 01:14:00,2024-04-16 01:15:00,2,停机,False,正常,3366,31
2024-04-16 01:16:00,2024-04-16 01:20:00,5,重载牵引,False,正常,3367,31
2024-04-16 01:21:00,2024-04-16 01:21:00,1,待机,False,正常,3368,31
2024-04-16 01:22:00,2024-04-16 01:39:00,18,重载牵引,False,正常,3369,31
2024-04-16 01:40:00,2024-04-16 01:40:00,1,待机,False,正常,3370,31
2024-04-16 01:41:00,2024-04-16 01:41:00,1,停机,False,正常,3371,31
2024-04-16 01:42:00,2024-04-16 01:42:00,1,重载牵引,False,正常,3372,31
2024-04-16 01:43:00,2024-04-16 01:43:00,1,待机,False,正常,3373,31
2024-04-16 01:44:00,2024-04-16 02:18:00,35,重载牵引,False,正常,3374,31
2024-04-16 02:19:00,2024-04-16 02:20:00,2,停机,False,正常,3375,31
2024-04-16 02:21:00,2024-04-16 02:51:00,31,重载牵引,False,正常,3376,31
2024-04-16 02:52:00,2024-04-16 02:52:00,1,空载牵引,False,正常,3377,31
2024-04-16 02:53:00,2024-04-16 03:00:00,8,重载牵引,False,正常,3378,31
2024-04-16 03:01:00,2024-04-16 03:01:00,1,待机,False,正常,3379,31
2024-04-16 03:02:00,2024-04-16 03:34:00,33,重载牵引,False,正常,3380,31
2024-04-16 03:35:00,2024-04-16 03:35:00,1,待机,False,正常,3381,31
2024-04-16 03:36:00,2024-04-16 03:48:00,13,停机,False,正常,3382,31
2024-04-16 03:49:00,2024-04-16 03:59:00,11,重载牵引,False,正常,3383,31
2024-04-16 04:00:00,2024-04-16 04:00:00,1,待机,False,正常,3384,31
2024-04-16 04:01:00,2024-04-16 04:34:00,34,重载牵引,False,正常,3385,31
2024-04-16 04:35:00,2024-04-16 04:35:00,1,空载牵引,False,正常,3386,31
2024-04-16 04:36:00,2024-04-16 04:42:00,7,重载牵引,False,正常,3387,31
2024-04-16 04:43:00,2024-04-16 04:49:00,7,停机,False,正常,3388,31
2024-04-16 04:50:00,2024-04-16 04:59:00,10,重载牵引,False,正常,3389,31
2024-04-16 05:00:00,2024-04-16 05:00:00,1,待机,False,正常,3390,31
2024-04-16 05:01:00,2024-04-16 05:18:00,18,重载牵引,False,正常,3391,31
2024-04-16 05:19:00,2024-04-16 05:19:00,1,待机,False,正常,3392,31
2024-04-16 05:20:00,2024-04-16 05:20:00,1,重载牵引,False,正常,3393,31
2024-04-16 05:21:00,2024-04-16 05:21:00,1,待机,False,正常,3394,31
2024-04-16 05:22:00,2024-04-16 05:33:00,12,重载牵引,False,正常,3395,31
2024-04-16 05:34:00,2024-04-16 05:34:00,1,待机,False,正常,3396,31
2024-04-16 05:35:00,2024-04-16 05:45:00,11,重载牵引,False,正常,3397,31
2024-04-16 05:46:00,2024-04-16 05:46:00,1,待机,False,正常,3398,31
2024-04-16 05:47:00,2024-04-16 05:47:00,1,重载牵引,False,正常,3399,31
2024-04-16 05:48:00,2024-04-16 05:49:00,2,待机,False,正常,3400,31
2024-04-16 05:50:00,2024-04-16 05:50:00,1,重载牵引,False,正常,3401,31
2024-04-16 05:51:00,2024-04-16 05:51:00,1,待机,False,正常,3402,31
2024-04-16 05:52:00,2024-04-16 05:53:00,2,重载牵引,False,正常,3403,31
2024-04-16 05:54:00,2024-04-16 05:55:00,2,待机,False,正常,3404,31
2024-04-16 05:56:00,2024-04-16 05:59:00,4,重载牵引,False,正常,3405,31
2024-04-16 06:00:00,2024-04-16 06:00:00,1,空载牵引,False,正常,3406,31
2024-04-16 06:01:00,2024-04-16 06:01:00,1,重载牵引,False,正常,3407,31
2024-04-16 06:02:00,2024-04-16 06:02:00,1,待机,False,正常,3408,31
2024-04-16 06:03:00,2024-04-16 06:03:00,1,重载牵引,False,正常,3409,31
2024-04-16 06:04:00,2024-04-16 06:04:00,1,空载牵引,False,正常,3410,31
2024-04-16 06:05:00,2024-04-16 06:06:00,2,重载牵引,False,正常,3411,31
2024-04-16 06:07:00,2024-04-16 06:07:00,1,待机,False,正常,3412,31
2024-04-16 06:08:00,2024-04-16 06:10:00,3,重载牵引,False,正常,3413,31
2024-04-16 06:11:00,2024-04-16 06:13:00,3,停机,False,正常,3414,31
2024-04-16 06:14:00,2024-04-16 06:21:00,8,重载牵引,False,正常,3415,31
2024-04-16 06:22:00,2024-04-16 06:22:00,1,待机,False,正常,3416,31
2024-04-16 06:23:00,2024-04-16 06:37:00,15,停机,False,正常,3417,31
2024-04-16 06:38:00,2024-04-16 06:38:00,1,重载牵引,False,正常,3418,31
2024-04-16 06:39:00,2024-04-16 06:39:00,1,停机,False,正常,3419,31
2024-04-16 06:40:00,2024-04-16 06:45:00,6,重载牵引,False,正常,3420,31
2024-04-16 06:46:00,2024-04-16 06:46:00,1,待机,False,正常,3421,31
2024-04-16 06:47:00,2024-04-16 06:50:00,4,重载牵引,False,正常,3422,31
2024-04-16 06:51:00,2024-04-16 06:51:00,1,待机,False,正常,3423,31
2024-04-16 06:52:00,2024-04-16 06:52:00,1,重载牵引,False,正常,3424,31
2024-04-16 06:53:00,2024-04-16 06:53:00,1,待机,False,正常,3425,31
2024-04-16 06:54:00,2024-04-16 07:00:00,7,重载牵引,False,正常,3426,31
2024-04-16 07:01:00,2024-04-16 07:01:00,1,空载牵引,False,正常,3427,31
2024-04-16 07:02:00,2024-04-16 07:27:00,26,重载牵引,False,正常,3428,31
2024-04-16 07:28:00,2024-04-16 07:29:00,2,停机,False,正常,3429,31
2024-04-16 07:30:00,2024-04-16 07:31:00,2,重载牵引,False,正常,3430,31
2024-04-16 07:32:00,2024-04-16 07:32:00,1,待机,False,正常,3431,31
2024-04-16 07:33:00,2024-04-16 07:34:00,2,重载牵引,False,正常,3432,31
2024-04-16 07:35:00,2024-04-16 07:35:00,1,空载牵引,False,正常,3433,31
2024-04-16 07:36:00,2024-04-16 07:44:00,9,重载牵引,False,正常,3434,31
2024-04-16 07:45:00,2024-04-16 07:49:00,5,停机,False,正常,3435,31
2024-04-16 07:50:00,2024-04-16 07:52:00,3,重载牵引,False,正常,3436,31
2024-04-16 07:53:00,2024-04-16 07:53:00,1,待机,False,正常,3437,31
2024-04-16 07:54:00,2024-04-16 07:59:00,6,重载牵引,False,正常,3438,31
2024-04-16 08:00:00,2024-04-16 08:00:00,1,停机,False,正常,3439,31
2024-04-16 08:01:00,2024-04-16 08:06:00,6,重载牵引,False,正常,3440,31
2024-04-16 08:07:00,2024-04-16 08:07:00,1,空载牵引,False,正常,3441,31
2024-04-16 08:08:00,2024-04-16 08:11:00,4,重载牵引,False,正常,3442,31
2024-04-16 08:12:00,2024-04-16 08:12:00,1,空载牵引,False,正常,3443,31
2024-04-16 08:13:00,2024-04-16 08:13:00,1,停机,False,正常,3444,31
2024-04-16 08:14:00,2024-04-16 08:19:00,6,重载牵引,False,正常,3445,31
2024-04-16 08:20:00,2024-04-16 08:20:00,1,待机,False,正常,3446,31
2024-04-16 08:21:00,2024-04-16 08:31:00,11,停机,False,正常,3447,31
2024-04-16 08:32:00,2024-04-16 08:36:00,5,重载牵引,False,正常,3448,31
2024-04-16 08:37:00,2024-04-16 08:39:00,3,停机,False,正常,3449,31
2024-04-16 08:40:00,2024-04-16 08:42:00,3,重载牵引,False,正常,3450,31
2024-04-16 08:43:00,2024-04-16 08:51:00,9,停机,False,正常,3451,31
2024-04-16 08:52:00,2024-04-16 08:53:00,2,重载牵引,False,正常,3452,31
2024-04-16 08:54:00,2024-04-16 08:54:00,1,待机,False,正常,3453,31
2024-04-16 08:55:00,2024-04-16 08:56:00,2,停机,False,正常,3454,31
2024-04-16 08:57:00,2024-04-16 08:57:00,1,待机,False,正常,3455,31
2024-04-16 08:58:00,2024-04-16 08:58:00,1,重载牵引,False,正常,3456,31
2024-04-16 08:59:00,2024-04-16 09:01:00,3,停机,False,正常,3457,31
2024-04-16 09:02:00,2024-04-16 14:13:00,312,待机,True,通讯中断/传感器休眠（段持续 >= 4h）,3458,32
2024-04-16 14:14:00,2024-04-16 14:16:00,3,停机,False,正常,3459,33
2024-04-16 14:17:00,2024-04-16 14:59:00,43,待机,False,正常,3460,33
2024-04-16 15:00:00,2024-04-16 15:01:00,2,停机,False,正常,3461,33
2024-04-16 15:02:00,2024-04-16 15:07:00,6,待机,False,正常,3462,33
2024-04-16 15:08:00,2024-04-16 15:20:00,13,停机,False,正常,3463,33
2024-04-16 15:21:00,2024-04-16 15:43:00,23,待机,False,正常,3464,33
2024-04-16 15:44:00,2024-04-16 15:44:00,1,停机,False,正常,3465,33
2024-04-16 15:45:00,2024-04-16 15:55:00,11,待机,False,正常,3466,33
2024-04-16 15:56:00,2024-04-16 15:58:00,3,停机,False,正常,3467,33
2024-04-16 15:59:00,2024-04-16 16:02:00,4,重载牵引,False,正常,3468,33
2024-04-16 16:03:00,2024-04-16 16:04:00,2,停机,False,正常,3469,33
2024-04-16 16:05:00,2024-04-16 16:05:00,1,待机,False,正常,3470,33
2024-04-16 16:06:00,2024-04-16 16:09:00,4,停机,False,正常,3471,33
2024-04-16 16:10:00,2024-04-16 16:10:00,1,待机,False,正常,3472,33
2024-04-16 16:11:00,2024-04-16 16:32:00,22,停机,False,正常,3473,33
2024-04-16 16:33:00,2024-04-16 16:33:00,1,重载牵引,False,正常,3474,33
2024-04-16 16:34:00,2024-04-16 16:36:00,3,停机,False,正常,3475,33
2024-04-16 16:37:00,2024-04-16 16:37:00,1,重载牵引,False,正常,3476,33
2024-04-16 16:38:00,2024-04-16 16:39:00,2,停机,False,正常,3477,33
2024-04-16 16:40:00,2024-04-16 16:44:00,5,重载牵引,False,正常,3478,33
2024-04-16 16:45:00,2024-04-16 16:45:00,1,停机,False,正常,3479,33
2024-04-16 16:46:00,2024-04-16 16:48:00,3,重载牵引,False,正常,3480,33
2024-04-16 16:49:00,2024-04-16 16:50:00,2,停机,False,正常,3481,33
2024-04-16 16:51:00,2024-04-16 16:51:00,1,重载牵引,False,正常,3482,33
2024-04-16 16:52:00,2024-04-16 16:52:00,1,待机,False,正常,3483,33
2024-04-16 16:53:00,2024-04-16 16:54:00,2,重载牵引,False,正常,3484,33
2024-04-16 16:55:00,2024-04-16 16:58:00,4,停机,False,正常,3485,33
2024-04-16 16:59:00,2024-04-16 17:03:00,5,重载牵引,False,正常,3486,33
2024-04-16 17:04:00,2024-04-16 17:04:00,1,停机,False,正常,3487,33
2024-04-16 17:05:00,2024-04-16 17:05:00,1,重载牵引,False,正常,3488,33
2024-04-16 17:06:00,2024-04-16 17:06:00,1,待机,False,正常,3489,33
2024-04-16 17:07:00,2024-04-16 17:07:00,1,停机,False,正常,3490,33
2024-04-16 17:08:00,2024-04-16 17:08:00,1,重载牵引,False,正常,3491,33
2024-04-16 17:09:00,2024-04-16 17:09:00,1,停机,False,正常,3492,33
2024-04-16 17:10:00,2024-04-16 17:19:00,10,重载牵引,False,正常,3493,33
2024-04-16 17:20:00,2024-04-16 17:20:00,1,停机,False,正常,3494,33
2024-04-16 17:21:00,2024-04-16 17:23:00,3,重载牵引,False,正常,3495,33
2024-04-16 17:24:00,2024-04-16 17:25:00,2,停机,False,正常,3496,33
2024-04-16 17:26:00,2024-04-16 17:26:00,1,待机,False,正常,3497,33
2024-04-16 17:27:00,2024-04-16 17:28:00,2,重载牵引,False,正常,3498,33
2024-04-16 17:29:00,2024-04-16 17:29:00,1,停机,False,正常,3499,33
2024-04-16 17:30:00,2024-04-16 17:30:00,1,待机,False,正常,3500,33
2024-04-16 17:31:00,2024-04-16 17:35:00,5,重载牵引,False,正常,3501,33
2024-04-16 17:36:00,2024-04-16 17:36:00,1,空载牵引,False,正常,3502,33
2024-04-16 17:37:00,2024-04-16 17:38:00,2,重载牵引,False,正常,3503,33
2024-04-16 17:39:00,2024-04-16 17:40:00,2,待机,False,正常,3504,33
2024-04-16 17:41:00,2024-04-16 17:41:00,1,重载牵引,False,正常,3505,33
2024-04-16 17:42:00,2024-04-16 17:42:00,1,停机,False,正常,3506,33
2024-04-16 17:43:00,2024-04-16 17:58:00,16,重载牵引,False,正常,3507,33
2024-04-16 17:59:00,2024-04-16 17:59:00,1,待机,False,正常,3508,33
2024-04-16 18:00:00,2024-04-16 18:03:00,4,重载牵引,False,正常,3509,33
2024-04-16 18:04:00,2024-04-16 18:04:00,1,停机,False,正常,3510,33
2024-04-16 18:05:00,2024-04-16 18:07:00,3,重载牵引,False,正常,3511,33
2024-04-16 18:08:00,2024-04-16 18:09:00,2,待机,False,正常,3512,33
2024-04-16 18:10:00,2024-04-16 18:14:00,5,重载牵引,False,正常,3513,33
2024-04-16 18:15:00,2024-04-16 18:15:00,1,停机,False,正常,3514,33
2024-04-16 18:16:00,2024-04-16 18:25:00,10,重载牵引,False,正常,3515,33
2024-04-16 18:26:00,2024-04-16 18:28:00,3,停机,False,正常,3516,33
2024-04-16 18:29:00,2024-04-16 18:41:00,13,重载牵引,False,正常,3517,33
2024-04-16 18:42:00,2024-04-16 18:43:00,2,停机,False,正常,3518,33
2024-04-16 18:44:00,2024-04-16 18:45:00,2,重载牵引,False,正常,3519,33
2024-04-16 18:46:00,2024-04-16 18:46:00,1,停机,False,正常,3520,33
2024-04-16 18:47:00,2024-04-16 19:04:00,18,重载牵引,False,正常,3521,33
2024-04-16 19:05:00,2024-04-16 19:05:00,1,停机,False,正常,3522,33
2024-04-16 19:06:00,2024-04-16 19:10:00,5,重载牵引,False,正常,3523,33
2024-04-16 19:11:00,2024-04-16 19:11:00,1,待机,False,正常,3524,33
2024-04-16 19:12:00,2024-04-16 19:12:00,1,停机,False,正常,3525,33
2024-04-16 19:13:00,2024-04-16 19:15:00,3,重载牵引,False,正常,3526,33
2024-04-16 19:16:00,2024-04-16 19:16:00,1,停机,False,正常,3527,33
2024-04-16 19:17:00,2024-04-16 19:19:00,3,重载牵引,False,正常,3528,33
2024-04-16 19:20:00,2024-04-16 19:21:00,2,停机,False,正常,3529,33
2024-04-16 19:22:00,2024-04-16 19:22:00,1,重载牵引,False,正常,3530,33
2024-04-16 19:23:00,2024-04-16 19:24:00,2,停机,False,正常,3531,33
2024-04-16 19:25:00,2024-04-16 19:35:00,11,重载牵引,False,正常,3532,33
2024-04-16 19:36:00,2024-04-16 19:47:00,12,停机,False,正常,3533,33
2024-04-16 19:48:00,2024-04-16 19:52:00,5,待机,False,正常,3534,33
2024-04-16 19:53:00,2024-04-16 20:00:00,8,停机,False,正常,3535,33
2024-04-16 20:01:00,2024-04-16 20:01:00,1,待机,False,正常,3536,33
2024-04-16 20:02:00,2024-04-17 00:20:00,259,停机,True,通讯中断/传感器休眠（段持续 >= 4h）,3537,34
2024-04-17 00:21:00,2024-04-17 00:21:00,1,待机,False,正常,3538,35
2024-04-17 00:22:00,2024-04-17 00:23:00,2,重载牵引,False,正常,3539,35
2024-04-17 00:24:00,2024-04-17 00:30:00,7,停机,False,正常,3540,35
2024-04-17 00:31:00,2024-04-17 00:31:00,1,重载牵引,False,正常,3541,35
2024-04-17 00:32:00,2024-04-17 01:28:00,57,停机,False,正常,3542,35
2024-04-17 01:29:00,2024-04-17 01:43:00,15,待机,False,正常,3543,35
2024-04-17 01:44:00,2024-04-17 01:49:00,6,停机,False,正常,3544,35
2024-04-17 01:50:00,2024-04-17 02:03:00,14,重载牵引,False,正常,3545,35
2024-04-17 02:04:00,2024-04-17 02:05:00,2,停机,False,正常,3546,35
2024-04-17 02:06:00,2024-04-17 02:10:00,5,重载牵引,False,正常,3547,35
2024-04-17 02:11:00,2024-04-17 02:11:00,1,空载牵引,False,正常,3548,35
2024-04-17 02:12:00,2024-04-17 02:54:00,43,重载牵引,False,正常,3549,35
2024-04-17 02:55:00,2024-04-17 02:55:00,1,待机,False,正常,3550,35
2024-04-17 02:56:00,2024-04-17 03:21:00,26,重载牵引,False,正常,3551,35
2024-04-17 03:22:00,2024-04-17 03:33:00,12,停机,False,正常,3552,35
2024-04-17 03:34:00,2024-04-17 03:52:00,19,重载牵引,False,正常,3553,35
2024-04-17 03:53:00,2024-04-17 03:53:00,1,待机,False,正常,3554,35
2024-04-17 03:54:00,2024-04-17 04:09:00,16,重载牵引,False,正常,3555,35
2024-04-17 04:10:00,2024-04-17 04:10:00,1,停机,False,正常,3556,35
2024-04-17 04:11:00,2024-04-17 04:12:00,2,重载牵引,False,正常,3557,35
2024-04-17 04:13:00,2024-04-17 04:13:00,1,待机,False,正常,3558,35
2024-04-17 04:14:00,2024-04-17 04:14:00,1,重载牵引,False,正常,3559,35
2024-04-17 04:15:00,2024-04-17 06:26:00,132,停机,False,正常,3560,35
2024-04-17 06:27:00,2024-04-17 06:37:00,11,重载牵引,False,正常,3561,35
2024-04-17 06:38:00,2024-04-17 06:38:00,1,待机,False,正常,3562,35
2024-04-17 06:39:00,2024-04-17 06:40:00,2,停机,False,正常,3563,35
2024-04-17 06:41:00,2024-04-17 06:41:00,1,空载牵引,False,正常,3564,35
2024-04-17 06:42:00,2024-04-17 06:42:00,1,重载牵引,False,正常,3565,35
2024-04-17 06:43:00,2024-04-17 06:43:00,1,待机,False,正常,3566,35
2024-04-17 06:44:00,2024-04-17 06:54:00,11,重载牵引,False,正常,3567,35
2024-04-17 06:55:00,2024-04-17 06:55:00,1,空载牵引,False,正常,3568,35
2024-04-17 06:56:00,2024-04-17 07:13:00,18,重载牵引,False,正常,3569,35
2024-04-17 07:14:00,2024-04-17 07:14:00,1,空载牵引,False,正常,3570,35
2024-04-17 07:15:00,2024-04-17 07:15:00,1,重载牵引,False,正常,3571,35
2024-04-17 07:16:00,2024-04-17 07:18:00,3,停机,False,正常,3572,35
2024-04-17 07:19:00,2024-04-17 07:20:00,2,重载牵引,False,正常,3573,35
2024-04-17 07:21:00,2024-04-17 07:21:00,1,空载牵引,False,正常,3574,35
2024-04-17 07:22:00,2024-04-17 07:26:00,5,停机,False,正常,3575,35
2024-04-17 07:27:00,2024-04-17 07:33:00,7,重载牵引,False,正常,3576,35
2024-04-17 07:34:00,2024-04-17 07:34:00,1,空载牵引,False,正常,3577,35
2024-04-17 07:35:00,2024-04-17 08:04:00,30,重载牵引,False,正常,3578,35
2024-04-17 08:05:00,2024-04-17 08:05:00,1,待机,False,正常,3579,35
2024-04-17 08:06:00,2024-04-17 08:19:00,14,重载牵引,False,正常,3580,35
2024-04-17 08:20:00,2024-04-17 08:20:00,1,空载牵引,False,正常,3581,35
2024-04-17 08:21:00,2024-04-17 08:26:00,6,重载牵引,False,正常,3582,35
2024-04-17 08:27:00,2024-04-17 08:27:00,1,空载牵引,False,正常,3583,35
2024-04-17 08:28:00,2024-04-17 08:29:00,2,重载牵引,False,正常,3584,35
2024-04-17 08:30:00,2024-04-17 08:30:00,1,待机,False,正常,3585,35
2024-04-17 08:31:00,2024-04-17 08:31:00,1,停机,False,正常,3586,35
2024-04-17 08:32:00,2024-04-17 08:38:00,7,重载牵引,False,正常,3587,35
2024-04-17 08:39:00,2024-04-17 08:39:00,1,待机,False,正常,3588,35
2024-04-17 08:40:00,2024-04-17 08:40:00,1,重载牵引,False,正常,3589,35
2024-04-17 08:41:00,2024-04-17 08:42:00,2,停机,False,正常,3590,35
2024-04-17 08:43:00,2024-04-17 08:43:00,1,重载牵引,False,正常,3591,35
2024-04-17 08:44:00,2024-04-17 08:44:00,1,待机,False,正常,3592,35
2024-04-17 08:45:00,2024-04-17 08:45:00,1,停机,False,正常,3593,35
2024-04-17 08:46:00,2024-04-17 08:50:00,5,重载牵引,False,正常,3594,35
2024-04-17 08:51:00,2024-04-17 08:51:00,1,停机,False,正常,3595,35
2024-04-17 08:52:00,2024-04-17 08:53:00,2,重载牵引,False,正常,3596,35
2024-04-17 08:54:00,2024-04-17 08:55:00,2,待机,False,正常,3597,35
2024-04-17 08:56:00,2024-04-17 08:56:00,1,停机,False,正常,3598,35
2024-04-17 08:57:00,2024-04-17 08:58:00,2,重载牵引,False,正常,3599,35
2024-04-17 08:59:00,2024-04-17 08:59:00,1,待机,False,正常,3600,35
2024-04-17 09:00:00,2024-04-17 09:00:00,1,停机,False,正常,3601,35
2024-04-17 09:01:00,2024-04-17 09:01:00,1,待机,False,正常,3602,35
2024-04-17 09:02:00,2024-04-17 09:02:00,1,空载牵引,False,正常,3603,35
2024-04-17 09:03:00,2024-04-17 09:03:00,1,停机,False,正常,3604,35
2024-04-17 09:04:00,2024-04-17 09:04:00,1,重载牵引,False,正常,3605,35
2024-04-17 09:05:00,2024-04-17 09:05:00,1,空载牵引,False,正常,3606,35
2024-04-17 09:06:00,2024-04-17 09:07:00,2,重载牵引,False,正常,3607,35
2024-04-17 09:08:00,2024-04-17 09:08:00,1,停机,False,正常,3608,35
2024-04-17 09:09:00,2024-04-17 09:09:00,1,重载牵引,False,正常,3609,35
2024-04-17 09:10:00,2024-04-17 09:10:00,1,待机,False,正常,3610,35
2024-04-17 09:11:00,2024-04-17 09:12:00,2,重载牵引,False,正常,3611,35
2024-04-17 09:13:00,2024-04-17 09:13:00,1,空载牵引,False,正常,3612,35
2024-04-17 09:14:00,2024-04-17 09:14:00,1,重载牵引,False,正常,3613,35
2024-04-17 09:15:00,2024-04-17 09:15:00,1,待机,False,正常,3614,35
2024-04-17 09:16:00,2024-04-17 09:22:00,7,重载牵引,False,正常,3615,35
2024-04-17 09:23:00,2024-04-17 09:23:00,1,待机,False,正常,3616,35
2024-04-17 09:24:00,2024-04-17 09:27:00,4,重载牵引,False,正常,3617,35
2024-04-17 09:28:00,2024-04-17 09:30:00,3,停机,False,正常,3618,35
2024-04-17 09:31:00,2024-04-17 10:06:00,36,待机,False,正常,3619,35
2024-04-17 10:07:00,2024-04-17 13:04:00,178,停机,True,异常持续段（>154min 阈值）,3620,36
2024-04-17 13:05:00,2024-04-17 13:05:00,1,待机,False,正常,3621,37
2024-04-17 13:06:00,2024-04-17 13:06:00,1,停机,False,正常,3622,37
2024-04-17 13:07:00,2024-04-17 13:07:00,1,重载牵引,False,正常,3623,37
2024-04-17 13:08:00,2024-04-17 13:23:00,16,停机,False,正常,3624,37
2024-04-17 13:24:00,2024-04-17 13:26:00,3,待机,False,正常,3625,37
2024-04-17 13:27:00,2024-04-17 13:27:00,1,停机,False,正常,3626,37
2024-04-17 13:28:00,2024-04-17 13:28:00,1,待机,False,正常,3627,37
2024-04-17 13:29:00,2024-04-17 13:29:00,1,重载牵引,False,正常,3628,37
2024-04-17 13:30:00,2024-04-17 13:32:00,3,停机,False,正常,3629,37
2024-04-17 13:33:00,2024-04-17 13:33:00,1,待机,False,正常,3630,37
2024-04-17 13:34:00,2024-04-17 13:34:00,1,停机,False,正常,3631,37
2024-04-17 13:35:00,2024-04-17 13:35:00,1,重载牵引,False,正常,3632,37
2024-04-17 13:36:00,2024-04-17 13:36:00,1,停机,False,正常,3633,37
2024-04-17 13:37:00,2024-04-17 13:37:00,1,重载牵引,False,正常,3634,37
2024-04-17 13:38:00,2024-04-17 13:39:00,2,停机,False,正常,3635,37
2024-04-17 13:40:00,2024-04-17 13:40:00,1,待机,False,正常,3636,37
2024-04-17 13:41:00,2024-04-17 13:43:00,3,停机,False,正常,3637,37
2024-04-17 13:44:00,2024-04-17 13:44:00,1,待机,False,正常,3638,37
2024-04-17 13:45:00,2024-04-17 13:45:00,1,重载牵引,False,正常,3639,37
2024-04-17 13:46:00,2024-04-17 13:46:00,1,停机,False,正常,3640,37
2024-04-17 13:47:00,2024-04-17 13:47:00,1,待机,False,正常,3641,37
2024-04-17 13:48:00,2024-04-17 13:48:00,1,停机,False,正常,3642,37
2024-04-17 13:49:00,2024-04-17 13:50:00,2,待机,False,正常,3643,37
2024-04-17 13:51:00,2024-04-17 13:51:00,1,停机,False,正常,3644,37
2024-04-17 13:52:00,2024-04-17 13:53:00,2,待机,False,正常,3645,37
2024-04-17 13:54:00,2024-04-17 13:55:00,2,停机,False,正常,3646,37
2024-04-17 13:56:00,2024-04-17 13:56:00,1,待机,False,正常,3647,37
2024-04-17 13:57:00,2024-04-17 14:11:00,15,停机,False,正常,3648,37
2024-04-17 14:12:00,2024-04-17 14:43:00,32,待机,False,正常,3649,37
2024-04-17 14:44:00,2024-04-17 14:49:00,6,停机,False,正常,3650,37
2024-04-17 14:50:00,2024-04-17 14:57:00,8,待机,False,正常,3651,37
2024-04-17 14:58:00,2024-04-17 15:03:00,6,停机,False,正常,3652,37
2024-04-17 15:04:00,2024-04-17 15:20:00,17,待机,False,正常,3653,37
2024-04-17 15:21:00,2024-04-17 15:55:00,35,停机,False,正常,3654,37
2024-04-17 15:56:00,2024-04-17 15:57:00,2,待机,False,正常,3655,37
2024-04-17 15:58:00,2024-04-17 15:59:00,2,停机,False,正常,3656,37
2024-04-17 16:00:00,2024-04-17 16:38:00,39,待机,False,正常,3657,37
2024-04-17 16:39:00,2024-04-17 16:50:00,12,停机,False,正常,3658,37
2024-04-17 16:51:00,2024-04-17 16:55:00,5,重载牵引,False,正常,3659,37
2024-04-17 16:56:00,2024-04-17 16:57:00,2,待机,False,正常,3660,37
2024-04-17 16:58:00,2024-04-17 16:58:00,1,重载牵引,False,正常,3661,37
2024-04-17 16:59:00,2024-04-17 17:00:00,2,停机,False,正常,3662,37
2024-04-17 17:01:00,2024-04-17 17:01:00,1,重载牵引,False,正常,3663,37
2024-04-17 17:02:00,2024-04-17 17:02:00,1,停机,False,正常,3664,37
2024-04-17 17:03:00,2024-04-17 17:03:00,1,重载牵引,False,正常,3665,37
2024-04-17 17:04:00,2024-04-17 17:04:00,1,停机,False,正常,3666,37
2024-04-17 17:05:00,2024-04-17 17:06:00,2,重载牵引,False,正常,3667,37
2024-04-17 17:07:00,2024-04-17 17:08:00,2,停机,False,正常,3668,37
2024-04-17 17:09:00,2024-04-17 17:09:00,1,待机,False,正常,3669,37
2024-04-17 17:10:00,2024-04-17 17:23:00,14,重载牵引,False,正常,3670,37
2024-04-17 17:24:00,2024-04-17 17:24:00,1,空载牵引,False,正常,3671,37
2024-04-17 17:25:00,2024-04-17 17:29:00,5,重载牵引,False,正常,3672,37
2024-04-17 17:30:00,2024-04-17 17:35:00,6,停机,False,正常,3673,37
2024-04-17 17:36:00,2024-04-17 17:44:00,9,重载牵引,False,正常,3674,37
2024-04-17 17:45:00,2024-04-17 17:45:00,1,空载牵引,False,正常,3675,37
2024-04-17 17:46:00,2024-04-17 17:46:00,1,待机,False,正常,3676,37
2024-04-17 17:47:00,2024-04-17 17:47:00,1,停机,False,正常,3677,37
2024-04-17 17:48:00,2024-04-17 17:48:00,1,重载牵引,False,正常,3678,37
2024-04-17 17:49:00,2024-04-17 17:49:00,1,停机,False,正常,3679,37
2024-04-17 17:50:00,2024-04-17 17:50:00,1,待机,False,正常,3680,37
2024-04-17 17:51:00,2024-04-17 18:00:00,10,重载牵引,False,正常,3681,37
2024-04-17 18:01:00,2024-04-17 18:01:00,1,待机,False,正常,3682,37
2024-04-17 18:02:00,2024-04-17 18:17:00,16,重载牵引,False,正常,3683,37
2024-04-17 18:18:00,2024-04-17 18:18:00,1,待机,False,正常,3684,37
2024-04-17 18:19:00,2024-04-17 18:23:00,5,重载牵引,False,正常,3685,37
2024-04-17 18:24:00,2024-04-17 18:25:00,2,待机,False,正常,3686,37
2024-04-17 18:26:00,2024-04-17 18:38:00,13,重载牵引,False,正常,3687,37
2024-04-17 18:39:00,2024-04-17 18:39:00,1,待机,False,正常,3688,37
2024-04-17 18:40:00,2024-04-17 18:41:00,2,重载牵引,False,正常,3689,37
2024-04-17 18:42:00,2024-04-17 18:42:00,1,停机,False,正常,3690,37
2024-04-17 18:43:00,2024-04-17 18:43:00,1,重载牵引,False,正常,3691,37
2024-04-17 18:44:00,2024-04-17 18:46:00,3,停机,False,正常,3692,37
2024-04-17 18:47:00,2024-04-17 18:50:00,4,重载牵引,False,正常,3693,37
2024-04-17 18:51:00,2024-04-17 18:51:00,1,停机,False,正常,3694,37
2024-04-17 18:52:00,2024-04-17 18:54:00,3,重载牵引,False,正常,3695,37
2024-04-17 18:55:00,2024-04-17 18:58:00,4,停机,False,正常,3696,37
2024-04-17 18:59:00,2024-04-17 18:59:00,1,待机,False,正常,3697,37
2024-04-17 19:00:00,2024-04-17 19:05:00,6,停机,False,正常,3698,37
2024-04-17 19:06:00,2024-04-17 19:06:00,1,待机,False,正常,3699,37
2024-04-17 19:07:00,2024-04-17 19:07:00,1,空载牵引,False,正常,3700,37
2024-04-17 19:08:00,2024-04-17 19:09:00,2,重载牵引,False,正常,3701,37
2024-04-17 19:10:00,2024-04-17 19:10:00,1,停机,False,正常,3702,37
2024-04-17 19:11:00,2024-04-17 19:11:00,1,待机,False,正常,3703,37
2024-04-17 19:12:00,2024-04-17 19:13:00,2,重载牵引,False,正常,3704,37
2024-04-17 19:14:00,2024-04-17 20:20:00,67,停机,False,正常,3705,37
2024-04-17 20:21:00,2024-04-17 20:21:00,1,重载牵引,False,正常,3706,37
2024-04-17 20:22:00,2024-04-17 20:22:00,1,停机,False,正常,3707,37
2024-04-17 20:23:00,2024-04-17 20:23:00,1,重载牵引,False,正常,3708,37
2024-04-17 20:24:00,2024-04-17 20:24:00,1,待机,False,正常,3709,37
2024-04-17 20:25:00,2024-04-17 20:25:00,1,重载牵引,False,正常,3710,37
2024-04-17 20:26:00,2024-04-17 20:26:00,1,空载牵引,False,正常,3711,37
2024-04-17 20:27:00,2024-04-17 20:27:00,1,重载牵引,False,正常,3712,37
2024-04-17 20:28:00,2024-04-17 20:28:00,1,待机,False,正常,3713,37
2024-04-17 20:29:00,2024-04-17 20:30:00,2,停机,False,正常,3714,37
2024-04-17 20:31:00,2024-04-17 20:32:00,2,重载牵引,False,正常,3715,37
2024-04-17 20:33:00,2024-04-17 20:33:00,1,停机,False,正常,3716,37
2024-04-17 20:34:00,2024-04-17 20:34:00,1,重载牵引,False,正常,3717,37
2024-04-17 20:35:00,2024-04-17 20:35:00,1,待机,False,正常,3718,37
2024-04-17 20:36:00,2024-04-17 20:39:00,4,重载牵引,False,正常,3719,37
2024-04-17 20:40:00,2024-04-17 20:40:00,1,停机,False,正常,3720,37
2024-04-17 20:41:00,2024-04-17 20:42:00,2,重载牵引,False,正常,3721,37
2024-04-17 20:43:00,2024-04-17 20:45:00,3,停机,False,正常,3722,37
2024-04-17 20:46:00,2024-04-17 20:46:00,1,重载牵引,False,正常,3723,37
2024-04-17 20:47:00,2024-04-17 20:50:00,4,停机,False,正常,3724,37
2024-04-17 20:51:00,2024-04-17 20:54:00,4,重载牵引,False,正常,3725,37
2024-04-17 20:55:00,2024-04-17 21:47:00,53,停机,False,正常,3726,37
2024-04-17 21:48:00,2024-04-17 21:48:00,1,空载牵引,False,正常,3727,37
2024-04-17 21:49:00,2024-04-17 21:49:00,1,重载牵引,False,正常,3728,37
2024-04-17 21:50:00,2024-04-17 21:50:00,1,待机,False,正常,3729,37
2024-04-17 21:51:00,2024-04-17 21:51:00,1,空载牵引,False,正常,3730,37
2024-04-17 21:52:00,2024-04-17 21:52:00,1,停机,False,正常,3731,37
2024-04-17 21:53:00,2024-04-17 21:54:00,2,重载牵引,False,正常,3732,37
2024-04-17 21:55:00,2024-04-17 21:57:00,3,停机,False,正常,3733,37
2024-04-17 21:58:00,2024-04-17 21:58:00,1,空载牵引,False,正常,3734,37
2024-04-17 21:59:00,2024-04-17 22:01:00,3,重载牵引,False,正常,3735,37
2024-04-17 22:02:00,2024-04-17 22:02:00,1,空载牵引,False,正常,3736,37
2024-04-17 22:03:00,2024-04-17 22:03:00,1,停机,False,正常,3737,37
2024-04-17 22:04:00,2024-04-17 22:04:00,1,重载牵引,False,正常,3738,37
2024-04-17 22:05:00,2024-04-17 22:29:00,25,停机,False,正常,3739,37
2024-04-17 22:30:00,2024-04-17 22:33:00,4,重载牵引,False,正常,3740,37
2024-04-17 22:34:00,2024-04-17 22:44:00,11,空载牵引,False,正常,3741,37
2024-04-17 22:45:00,2024-04-17 23:09:00,25,停机,False,正常,3742,37
2024-04-17 23:10:00,2024-04-17 23:10:00,1,待机,False,正常,3743,37
2024-04-17 23:11:00,2024-04-17 23:12:00,2,停机,False,正常,3744,37
2024-04-17 23:13:00,2024-04-17 23:15:00,3,重载牵引,False,正常,3745,37
2024-04-17 23:16:00,2024-04-17 23:16:00,1,待机,False,正常,3746,37
2024-04-17 23:17:00,2024-04-17 23:19:00,3,重载牵引,False,正常,3747,37
2024-04-17 23:20:00,2024-04-17 23:20:00,1,待机,False,正常,3748,37
2024-04-17 23:21:00,2024-04-17 23:21:00,1,停机,False,正常,3749,37
2024-04-17 23:22:00,2024-04-17 23:22:00,1,空载牵引,False,正常,3750,37
2024-04-17 23:23:00,2024-04-17 23:23:00,1,重载牵引,False,正常,3751,37
2024-04-17 23:24:00,2024-04-17 23:24:00,1,待机,False,正常,3752,37
2024-04-17 23:25:00,2024-04-17 23:25:00,1,重载牵引,False,正常,3753,37
2024-04-17 23:26:00,2024-04-17 23:39:00,14,停机,False,正常,3754,37
2024-04-17 23:40:00,2024-04-17 23:40:00,1,空载牵引,False,正常,3755,37
2024-04-17 23:41:00,2024-04-17 23:41:00,1,重载牵引,False,正常,3756,37
2024-04-17 23:42:00,2024-04-17 23:42:00,1,停机,False,正常,3757,37
2024-04-17 23:43:00,2024-04-17 23:43:00,1,空载牵引,False,正常,3758,37
2024-04-17 23:44:00,2024-04-17 23:48:00,5,重载牵引,False,正常,3759,37
2024-04-17 23:49:00,2024-04-17 23:49:00,1,待机,False,正常,3760,37
2024-04-17 23:50:00,2024-04-17 23:51:00,2,重载牵引,False,正常,3761,37
2024-04-17 23:52:00,2024-04-17 23:52:00,1,停机,False,正常,3762,37
2024-04-17 23:53:00,2024-04-17 23:53:00,1,待机,False,正常,3763,37
2024-04-17 23:54:00,2024-04-17 23:55:00,2,停机,False,正常,3764,37
2024-04-17 23:56:00,2024-04-17 23:57:00,2,重载牵引,False,正常,3765,37
2024-04-17 23:58:00,2024-04-17 23:58:00,1,待机,False,正常,3766,37
2024-04-17 23:59:00,2024-04-17 23:59:00,1,重载牵引,False,正常,3767,37
2024-04-18 00:00:00,2024-04-18 00:00:00,1,待机,False,正常,3768,37
2024-04-18 00:01:00,2024-04-18 00:03:00,3,重载牵引,False,正常,3769,37
2024-04-18 00:04:00,2024-04-18 00:04:00,1,待机,False,正常,3770,37
2024-04-18 00:05:00,2024-04-18 00:06:00,2,重载牵引,False,正常,3771,37
2024-04-18 00:07:00,2024-04-18 00:07:00,1,空载牵引,False,正常,3772,37
2024-04-18 00:08:00,2024-04-18 00:14:00,7,重载牵引,False,正常,3773,37
2024-04-18 00:15:00,2024-04-18 00:15:00,1,待机,False,正常,3774,37
2024-04-18 00:16:00,2024-04-18 00:16:00,1,重载牵引,False,正常,3775,37
2024-04-18 00:17:00,2024-04-18 00:17:00,1,停机,False,正常,3776,37
2024-04-18 00:18:00,2024-04-18 00:22:00,5,重载牵引,False,正常,3777,37
2024-04-18 00:23:00,2024-04-18 00:23:00,1,待机,False,正常,3778,37
2024-04-18 00:24:00,2024-04-18 01:04:00,41,重载牵引,False,正常,3779,37
2024-04-18 01:05:00,2024-04-18 01:05:00,1,待机,False,正常,3780,37
2024-04-18 01:06:00,2024-04-18 01:21:00,16,重载牵引,False,正常,3781,37
2024-04-18 01:22:00,2024-04-18 01:22:00,1,空载牵引,False,正常,3782,37
2024-04-18 01:23:00,2024-04-18 01:34:00,12,重载牵引,False,正常,3783,37
2024-04-18 01:35:00,2024-04-18 01:36:00,2,待机,False,正常,3784,37
2024-04-18 01:37:00,2024-04-18 01:37:00,1,停机,False,正常,3785,37
2024-04-18 01:38:00,2024-04-18 01:38:00,1,重载牵引,False,正常,3786,37
2024-04-18 01:39:00,2024-04-18 01:44:00,6,停机,False,正常,3787,37
2024-04-18 01:45:00,2024-04-18 01:47:00,3,重载牵引,False,正常,3788,37
2024-04-18 01:48:00,2024-04-18 01:48:00,1,待机,False,正常,3789,37
2024-04-18 01:49:00,2024-04-18 01:51:00,3,重载牵引,False,正常,3790,37
2024-04-18 01:52:00,2024-04-18 01:52:00,1,空载牵引,False,正常,3791,37
2024-04-18 01:53:00,2024-04-18 01:53:00,1,待机,False,正常,3792,37
2024-04-18 01:54:00,2024-04-18 01:54:00,1,重载牵引,False,正常,3793,37
2024-04-18 01:55:00,2024-04-18 01:55:00,1,待机,False,正常,3794,37
2024-04-18 01:56:00,2024-04-18 02:13:00,18,停机,False,正常,3795,37
2024-04-18 02:14:00,2024-04-18 02:22:00,9,重载牵引,False,正常,3796,37
2024-04-18 02:23:00,2024-04-18 02:23:00,1,停机,False,正常,3797,37
2024-04-18 02:24:00,2024-04-18 02:24:00,1,待机,False,正常,3798,37
2024-04-18 02:25:00,2024-04-18 02:31:00,7,重载牵引,False,正常,3799,37
2024-04-18 02:32:00,2024-04-18 02:32:00,1,停机,False,正常,3800,37
2024-04-18 02:33:00,2024-04-18 02:35:00,3,重载牵引,False,正常,3801,37
2024-04-18 02:36:00,2024-04-18 02:36:00,1,空载牵引,False,正常,3802,37
2024-04-18 02:37:00,2024-04-18 02:39:00,3,重载牵引,False,正常,3803,37
2024-04-18 02:40:00,2024-04-18 02:40:00,1,空载牵引,False,正常,3804,37
2024-04-18 02:41:00,2024-04-18 02:41:00,1,重载牵引,False,正常,3805,37
2024-04-18 02:42:00,2024-04-18 02:42:00,1,空载牵引,False,正常,3806,37
2024-04-18 02:43:00,2024-04-18 02:43:00,1,重载牵引,False,正常,3807,37
2024-04-18 02:44:00,2024-04-18 02:44:00,1,空载牵引,False,正常,3808,37
2024-04-18 02:45:00,2024-04-18 02:49:00,5,重载牵引,False,正常,3809,37
2024-04-18 02:50:00,2024-04-18 02:50:00,1,停机,False,正常,3810,37
2024-04-18 02:51:00,2024-04-18 02:53:00,3,重载牵引,False,正常,3811,37
2024-04-18 02:54:00,2024-04-18 02:54:00,1,空载牵引,False,正常,3812,37
2024-04-18 02:55:00,2024-04-18 02:55:00,1,待机,False,正常,3813,37
2024-04-18 02:56:00,2024-04-18 03:01:00,6,重载牵引,False,正常,3814,37
2024-04-18 03:02:00,2024-04-18 03:03:00,2,停机,False,正常,3815,37
2024-04-18 03:04:00,2024-04-18 03:22:00,19,重载牵引,False,正常,3816,37
2024-04-18 03:23:00,2024-04-18 03:23:00,1,空载牵引,False,正常,3817,37
2024-04-18 03:24:00,2024-04-18 03:36:00,13,重载牵引,False,正常,3818,37
2024-04-18 03:37:00,2024-04-18 03:37:00,1,停机,False,正常,3819,37
2024-04-18 03:38:00,2024-04-18 03:44:00,7,重载牵引,False,正常,3820,37
2024-04-18 03:45:00,2024-04-18 03:54:00,10,停机,False,正常,3821,37
2024-04-18 03:55:00,2024-04-18 03:55:00,1,空载牵引,False,正常,3822,37
2024-04-18 03:56:00,2024-04-18 04:06:00,11,重载牵引,False,正常,3823,37
2024-04-18 04:07:00,2024-04-18 04:07:00,1,待机,False,正常,3824,37
2024-04-18 04:08:00,2024-04-18 04:11:00,4,重载牵引,False,正常,3825,37
2024-04-18 04:12:00,2024-04-18 04:12:00,1,空载牵引,False,正常,3826,37
2024-04-18 04:13:00,2024-04-18 04:16:00,4,重载牵引,False,正常,3827,37
2024-04-18 04:17:00,2024-04-18 04:17:00,1,空载牵引,False,正常,3828,37
2024-04-18 04:18:00,2024-04-18 04:18:00,1,待机,False,正常,3829,37
2024-04-18 04:19:00,2024-04-18 04:31:00,13,重载牵引,False,正常,3830,37
2024-04-18 04:32:00,2024-04-18 04:32:00,1,空载牵引,False,正常,3831,37
2024-04-18 04:33:00,2024-04-18 04:43:00,11,重载牵引,False,正常,3832,37
2024-04-18 04:44:00,2024-04-18 04:44:00,1,空载牵引,False,正常,3833,37
2024-04-18 04:45:00,2024-04-18 04:45:00,1,停机,False,正常,3834,37
2024-04-18 04:46:00,2024-04-18 05:09:00,24,重载牵引,False,正常,3835,37
2024-04-18 05:10:00,2024-04-18 05:17:00,8,停机,False,正常,3836,37
2024-04-18 05:18:00,2024-04-18 05:24:00,7,重载牵引,False,正常,3837,37
2024-04-18 05:25:00,2024-04-18 05:25:00,1,待机,False,正常,3838,37
2024-04-18 05:26:00,2024-04-18 05:36:00,11,重载牵引,False,正常,3839,37
2024-04-18 05:37:00,2024-04-18 05:37:00,1,待机,False,正常,3840,37
2024-04-18 05:38:00,2024-04-18 05:46:00,9,重载牵引,False,正常,3841,37
2024-04-18 05:47:00,2024-04-18 05:47:00,1,空载牵引,False,正常,3842,37
2024-04-18 05:48:00,2024-04-18 05:49:00,2,重载牵引,False,正常,3843,37
2024-04-18 05:50:00,2024-04-18 05:50:00,1,待机,False,正常,3844,37
2024-04-18 05:51:00,2024-04-18 05:56:00,6,重载牵引,False,正常,3845,37
2024-04-18 05:57:00,2024-04-18 05:57:00,1,待机,False,正常,3846,37
2024-04-18 05:58:00,2024-04-18 06:04:00,7,重载牵引,False,正常,3847,37
2024-04-18 06:05:00,2024-04-18 06:08:00,4,停机,False,正常,3848,37
2024-04-18 06:09:00,2024-04-18 06:21:00,13,重载牵引,False,正常,3849,37
2024-04-18 06:22:00,2024-04-18 06:22:00,1,待机,False,正常,3850,37
2024-04-18 06:23:00,2024-04-18 06:25:00,3,重载牵引,False,正常,3851,37
2024-04-18 06:26:00,2024-04-18 06:27:00,2,待机,False,正常,3852,37
2024-04-18 06:28:00,2024-04-18 06:28:00,1,停机,False,正常,3853,37
2024-04-18 06:29:00,2024-04-18 06:44:00,16,重载牵引,False,正常,3854,37
2024-04-18 06:45:00,2024-04-18 06:46:00,2,停机,False,正常,3855,37
2024-04-18 06:47:00,2024-04-18 06:48:00,2,重载牵引,False,正常,3856,37
2024-04-18 06:49:00,2024-04-18 06:51:00,3,停机,False,正常,3857,37
2024-04-18 06:52:00,2024-04-18 06:53:00,2,重载牵引,False,正常,3858,37
2024-04-18 06:54:00,2024-04-18 06:55:00,2,停机,False,正常,3859,37
2024-04-18 06:56:00,2024-04-18 06:56:00,1,重载牵引,False,正常,3860,37
2024-04-18 06:57:00,2024-04-18 06:59:00,3,停机,False,正常,3861,37
2024-04-18 07:00:00,2024-04-18 07:00:00,1,重载牵引,False,正常,3862,37
2024-04-18 07:01:00,2024-04-18 07:01:00,1,待机,False,正常,3863,37
2024-04-18 07:02:00,2024-04-18 07:02:00,1,重载牵引,False,正常,3864,37
2024-04-18 07:03:00,2024-04-18 07:04:00,2,空载牵引,False,正常,3865,37
2024-04-18 07:05:00,2024-04-18 07:05:00,1,重载牵引,False,正常,3866,37
2024-04-18 07:06:00,2024-04-18 07:06:00,1,空载牵引,False,正常,3867,37
2024-04-18 07:07:00,2024-04-18 07:08:00,2,待机,False,正常,3868,37
2024-04-18 07:09:00,2024-04-18 07:13:00,5,重载牵引,False,正常,3869,37
2024-04-18 07:14:00,2024-04-18 07:14:00,1,待机,False,正常,3870,37
2024-04-18 07:15:00,2024-04-18 07:19:00,5,重载牵引,False,正常,3871,37
2024-04-18 07:20:00,2024-04-18 07:23:00,4,停机,False,正常,3872,37
2024-04-18 07:24:00,2024-04-18 08:05:00,42,重载牵引,False,正常,3873,37
2024-04-18 08:06:00,2024-04-18 08:18:00,13,停机,False,正常,3874,37
2024-04-18 08:19:00,2024-04-18 08:22:00,4,重载牵引,False,正常,3875,37
2024-04-18 08:23:00,2024-04-18 08:23:00,1,待机,False,正常,3876,37
2024-04-18 08:24:00,2024-04-18 08:30:00,7,重载牵引,False,正常,3877,37
2024-04-18 08:31:00,2024-04-18 08:32:00,2,待机,False,正常,3878,37
2024-04-18 08:33:00,2024-04-18 08:39:00,7,重载牵引,False,正常,3879,37
2024-04-18 08:40:00,2024-04-18 08:40:00,1,待机,False,正常,3880,37
2024-04-18 08:41:00,2024-04-18 08:41:00,1,重载牵引,False,正常,3881,37
2024-04-18 08:42:00,2024-04-18 08:42:00,1,停机,False,正常,3882,37
2024-04-18 08:43:00,2024-04-18 08:43:00,1,待机,False,正常,3883,37
2024-04-18 08:44:00,2024-04-18 08:44:00,1,停机,False,正常,3884,37
2024-04-18 08:45:00,2024-04-18 08:48:00,4,重载牵引,False,正常,3885,37
2024-04-18 08:49:00,2024-04-18 08:52:00,4,停机,False,正常,3886,37
2024-04-18 08:53:00,2024-04-18 08:54:00,2,重载牵引,False,正常,3887,37
2024-04-18 08:55:00,2024-04-18 08:55:00,1,待机,False,正常,3888,37
2024-04-18 08:56:00,2024-04-18 08:57:00,2,重载牵引,False,正常,3889,37
2024-04-18 08:58:00,2024-04-18 09:32:00,35,停机,False,正常,3890,37
2024-04-18 09:33:00,2024-04-18 09:33:00,1,重载牵引,False,正常,3891,37
2024-04-18 09:34:00,2024-04-18 09:34:00,1,停机,False,正常,3892,37
2024-04-18 09:35:00,2024-04-18 14:24:00,290,待机,True,通讯中断/传感器休眠（段持续 >= 4h）,3893,38
2024-04-18 14:25:00,2024-04-18 15:15:00,51,停机,False,正常,3894,39
2024-04-18 15:16:00,2024-04-18 15:16:00,1,重载牵引,False,正常,3895,39
2024-04-18 15:17:00,2024-04-18 15:30:00,14,停机,False,正常,3896,39
2024-04-18 15:31:00,2024-04-18 15:31:00,1,待机,False,正常,3897,39
2024-04-18 15:32:00,2024-04-18 15:32:00,1,停机,False,正常,3898,39
2024-04-18 15:33:00,2024-04-18 15:33:00,1,待机,False,正常,3899,39
2024-04-18 15:34:00,2024-04-18 15:38:00,5,停机,False,正常,3900,39
2024-04-18 15:39:00,2024-04-18 15:39:00,1,重载牵引,False,正常,3901,39
2024-04-18 15:40:00,2024-04-18 15:40:00,1,待机,False,正常,3902,39
2024-04-18 15:41:00,2024-04-18 15:43:00,3,停机,False,正常,3903,39
2024-04-18 15:44:00,2024-04-18 15:45:00,2,重载牵引,False,正常,3904,39
2024-04-18 15:46:00,2024-04-18 15:46:00,1,待机,False,正常,3905,39
2024-04-18 15:47:00,2024-04-18 15:50:00,4,重载牵引,False,正常,3906,39
2024-04-18 15:51:00,2024-04-18 15:54:00,4,停机,False,正常,3907,39
2024-04-18 15:55:00,2024-04-18 15:57:00,3,待机,False,正常,3908,39
2024-04-18 15:58:00,2024-04-18 15:58:00,1,停机,False,正常,3909,39
2024-04-18 15:59:00,2024-04-18 16:01:00,3,重载牵引,False,正常,3910,39
2024-04-18 16:02:00,2024-04-18 16:05:00,4,停机,False,正常,3911,39
2024-04-18 16:06:00,2024-04-18 16:06:00,1,重载牵引,False,正常,3912,39
2024-04-18 16:07:00,2024-04-18 16:07:00,1,待机,False,正常,3913,39
2024-04-18 16:08:00,2024-04-18 16:08:00,1,重载牵引,False,正常,3914,39
2024-04-18 16:09:00,2024-04-18 16:10:00,2,停机,False,正常,3915,39
2024-04-18 16:11:00,2024-04-18 16:11:00,1,重载牵引,False,正常,3916,39
2024-04-18 16:12:00,2024-04-18 16:12:00,1,停机,False,正常,3917,39
2024-04-18 16:13:00,2024-04-18 16:18:00,6,重载牵引,False,正常,3918,39
2024-04-18 16:19:00,2024-04-18 16:19:00,1,停机,False,正常,3919,39
2024-04-18 16:20:00,2024-04-18 16:22:00,3,重载牵引,False,正常,3920,39
2024-04-18 16:23:00,2024-04-18 16:23:00,1,停机,False,正常,3921,39
2024-04-18 16:24:00,2024-04-18 16:25:00,2,重载牵引,False,正常,3922,39
2024-04-18 16:26:00,2024-04-18 16:26:00,1,待机,False,正常,3923,39
2024-04-18 16:27:00,2024-04-18 16:28:00,2,重载牵引,False,正常,3924,39
2024-04-18 16:29:00,2024-04-18 16:32:00,4,停机,False,正常,3925,39
2024-04-18 16:33:00,2024-04-18 17:14:00,42,重载牵引,False,正常,3926,39
2024-04-18 17:15:00,2024-04-18 17:15:00,1,停机,False,正常,3927,39
2024-04-18 17:16:00,2024-04-18 17:16:00,1,待机,False,正常,3928,39
2024-04-18 17:17:00,2024-04-18 17:18:00,2,重载牵引,False,正常,3929,39
2024-04-18 17:19:00,2024-04-18 17:19:00,1,空载牵引,False,正常,3930,39
2024-04-18 17:20:00,2024-04-18 17:20:00,1,重载牵引,False,正常,3931,39
2024-04-18 17:21:00,2024-04-18 17:21:00,1,空载牵引,False,正常,3932,39
2024-04-18 17:22:00,2024-04-18 17:22:00,1,重载牵引,False,正常,3933,39
2024-04-18 17:23:00,2024-04-18 17:23:00,1,待机,False,正常,3934,39
2024-04-18 17:24:00,2024-04-18 17:25:00,2,重载牵引,False,正常,3935,39
2024-04-18 17:26:00,2024-04-18 17:26:00,1,待机,False,正常,3936,39
2024-04-18 17:27:00,2024-04-18 17:27:00,1,重载牵引,False,正常,3937,39
2024-04-18 17:28:00,2024-04-18 17:28:00,1,停机,False,正常,3938,39
2024-04-18 17:29:00,2024-04-18 17:29:00,1,重载牵引,False,正常,3939,39
2024-04-18 17:30:00,2024-04-18 17:36:00,7,停机,False,正常,3940,39
2024-04-18 17:37:00,2024-04-18 17:39:00,3,重载牵引,False,正常,3941,39
2024-04-18 17:40:00,2024-04-18 17:40:00,1,待机,False,正常,3942,39
2024-04-18 17:41:00,2024-04-18 17:44:00,4,重载牵引,False,正常,3943,39
2024-04-18 17:45:00,2024-04-18 17:45:00,1,停机,False,正常,3944,39
2024-04-18 17:46:00,2024-04-18 17:46:00,1,待机,False,正常,3945,39
2024-04-18 17:47:00,2024-04-18 17:48:00,2,重载牵引,False,正常,3946,39
2024-04-18 17:49:00,2024-04-18 17:49:00,1,停机,False,正常,3947,39
2024-04-18 17:50:00,2024-04-18 18:43:00,54,重载牵引,False,正常,3948,39
2024-04-18 18:44:00,2024-04-18 19:03:00,20,停机,False,正常,3949,39
2024-04-18 19:04:00,2024-04-18 19:05:00,2,待机,False,正常,3950,39
2024-04-18 19:06:00,2024-04-18 19:08:00,3,停机,False,正常,3951,39
2024-04-18 19:09:00,2024-04-18 19:19:00,11,重载牵引,False,正常,3952,39
2024-04-18 19:20:00,2024-04-18 19:20:00,1,停机,False,正常,3953,39
2024-04-18 19:21:00,2024-04-18 19:38:00,18,重载牵引,False,正常,3954,39
2024-04-18 19:39:00,2024-04-18 19:42:00,4,停机,False,正常,3955,39
2024-04-18 19:43:00,2024-04-18 19:43:00,1,重载牵引,False,正常,3956,39
2024-04-18 19:44:00,2024-04-18 19:44:00,1,待机,False,正常,3957,39
2024-04-18 19:45:00,2024-04-18 19:49:00,5,重载牵引,False,正常,3958,39
2024-04-18 19:50:00,2024-04-18 19:50:00,1,停机,False,正常,3959,39
2024-04-18 19:51:00,2024-04-18 19:52:00,2,重载牵引,False,正常,3960,39
2024-04-18 19:53:00,2024-04-18 19:53:00,1,待机,False,正常,3961,39
2024-04-18 19:54:00,2024-04-18 19:59:00,6,停机,False,正常,3962,39
2024-04-18 20:00:00,2024-04-18 20:13:00,14,重载牵引,False,正常,3963,39
2024-04-18 20:14:00,2024-04-18 20:14:00,1,待机,False,正常,3964,39
2024-04-18 20:15:00,2024-04-18 20:15:00,1,重载牵引,False,正常,3965,39
2024-04-18 20:16:00,2024-04-18 20:16:00,1,待机,False,正常,3966,39
2024-04-18 20:17:00,2024-04-18 20:19:00,3,重载牵引,False,正常,3967,39
2024-04-18 20:20:00,2024-04-18 20:20:00,1,待机,False,正常,3968,39
2024-04-18 20:21:00,2024-04-18 20:22:00,2,停机,False,正常,3969,39
2024-04-18 20:23:00,2024-04-18 20:28:00,6,重载牵引,False,正常,3970,39
2024-04-18 20:29:00,2024-04-18 20:29:00,1,待机,False,正常,3971,39
2024-04-18 20:30:00,2024-04-18 20:30:00,1,重载牵引,False,正常,3972,39
2024-04-18 20:31:00,2024-04-18 20:31:00,1,待机,False,正常,3973,39
2024-04-18 20:32:00,2024-04-18 20:35:00,4,重载牵引,False,正常,3974,39
2024-04-18 20:36:00,2024-04-18 20:36:00,1,待机,False,正常,3975,39
2024-04-18 20:37:00,2024-04-18 20:37:00,1,重载牵引,False,正常,3976,39
2024-04-18 20:38:00,2024-04-18 20:39:00,2,停机,False,正常,3977,39
2024-04-18 20:40:00,2024-04-18 20:41:00,2,重载牵引,False,正常,3978,39
2024-04-18 20:42:00,2024-04-18 20:42:00,1,空载牵引,False,正常,3979,39
2024-04-18 20:43:00,2024-04-18 20:43:00,1,重载牵引,False,正常,3980,39
2024-04-18 20:44:00,2024-04-18 20:44:00,1,空载牵引,False,正常,3981,39
2024-04-18 20:45:00,2024-04-18 20:47:00,3,重载牵引,False,正常,3982,39
2024-04-18 20:48:00,2024-04-18 20:48:00,1,待机,False,正常,3983,39
2024-04-18 20:49:00,2024-04-18 20:59:00,11,重载牵引,False,正常,3984,39
2024-04-18 21:00:00,2024-04-18 21:00:00,1,待机,False,正常,3985,39
2024-04-18 21:01:00,2024-04-18 21:10:00,10,重载牵引,False,正常,3986,39
2024-04-18 21:11:00,2024-04-18 21:11:00,1,空载牵引,False,正常,3987,39
2024-04-18 21:12:00,2024-04-18 21:26:00,15,重载牵引,False,正常,3988,39
2024-04-18 21:27:00,2024-04-18 21:27:00,1,空载牵引,False,正常,3989,39
2024-04-18 21:28:00,2024-04-18 21:28:00,1,待机,False,正常,3990,39
2024-04-18 21:29:00,2024-04-18 21:31:00,3,重载牵引,False,正常,3991,39
2024-04-18 21:32:00,2024-04-18 21:32:00,1,待机,False,正常,3992,39
2024-04-18 21:33:00,2024-04-18 21:35:00,3,重载牵引,False,正常,3993,39
2024-04-18 21:36:00,2024-04-18 21:36:00,1,停机,False,正常,3994,39
2024-04-18 21:37:00,2024-04-18 21:40:00,4,重载牵引,False,正常,3995,39
2024-04-18 21:41:00,2024-04-18 21:41:00,1,停机,False,正常,3996,39
2024-04-18 21:42:00,2024-04-18 21:47:00,6,重载牵引,False,正常,3997,39
2024-04-18 21:48:00,2024-04-18 21:48:00,1,停机,False,正常,3998,39
2024-04-18 21:49:00,2024-04-18 22:00:00,12,重载牵引,False,正常,3999,39
2024-04-18 22:01:00,2024-04-18 22:01:00,1,待机,False,正常,4000,39
2024-04-18 22:02:00,2024-04-18 22:03:00,2,重载牵引,False,正常,4001,39
2024-04-18 22:04:00,2024-04-18 22:05:00,2,空载牵引,False,正常,4002,39
2024-04-18 22:06:00,2024-04-18 22:07:00,2,重载牵引,False,正常,4003,39
2024-04-18 22:08:00,2024-04-18 22:08:00,1,停机,False,正常,4004,39
2024-04-18 22:09:00,2024-04-18 22:10:00,2,重载牵引,False,正常,4005,39
2024-04-18 22:11:00,2024-04-18 22:11:00,1,待机,False,正常,4006,39
2024-04-18 22:12:00,2024-04-18 22:29:00,18,重载牵引,False,正常,4007,39
2024-04-18 22:30:00,2024-04-18 22:31:00,2,停机,False,正常,4008,39
2024-04-18 22:32:00,2024-04-18 22:45:00,14,重载牵引,False,正常,4009,39
2024-04-18 22:46:00,2024-04-18 22:47:00,2,待机,False,正常,4010,39
2024-04-18 22:48:00,2024-04-18 22:48:00,1,重载牵引,False,正常,4011,39
2024-04-18 22:49:00,2024-04-18 22:50:00,2,停机,False,正常,4012,39
2024-04-18 22:51:00,2024-04-18 22:52:00,2,重载牵引,False,正常,4013,39
2024-04-18 22:53:00,2024-04-18 22:53:00,1,停机,False,正常,4014,39
2024-04-18 22:54:00,2024-04-18 23:01:00,8,重载牵引,False,正常,4015,39
2024-04-18 23:02:00,2024-04-18 23:02:00,1,空载牵引,False,正常,4016,39
2024-04-18 23:03:00,2024-04-18 23:08:00,6,重载牵引,False,正常,4017,39
2024-04-18 23:09:00,2024-04-18 23:09:00,1,待机,False,正常,4018,39
2024-04-18 23:10:00,2024-04-18 23:10:00,1,重载牵引,False,正常,4019,39
2024-04-18 23:11:00,2024-04-18 23:12:00,2,待机,False,正常,4020,39
2024-04-18 23:13:00,2024-04-18 23:13:00,1,重载牵引,False,正常,4021,39
2024-04-18 23:14:00,2024-04-18 23:14:00,1,空载牵引,False,正常,4022,39
2024-04-18 23:15:00,2024-04-18 23:15:00,1,重载牵引,False,正常,4023,39
2024-04-18 23:16:00,2024-04-18 23:18:00,3,停机,False,正常,4024,39
2024-04-18 23:19:00,2024-04-18 23:21:00,3,重载牵引,False,正常,4025,39
2024-04-18 23:22:00,2024-04-18 23:42:00,21,停机,False,正常,4026,39
2024-04-18 23:43:00,2024-04-18 23:44:00,2,待机,False,正常,4027,39
2024-04-18 23:45:00,2024-04-19 00:26:00,42,停机,False,正常,4028,39
2024-04-19 00:27:00,2024-04-19 00:48:00,22,重载牵引,False,正常,4029,39
2024-04-19 00:49:00,2024-04-19 00:49:00,1,空载牵引,False,正常,4030,39
2024-04-19 00:50:00,2024-04-19 00:50:00,1,待机,False,正常,4031,39
2024-04-19 00:51:00,2024-04-19 00:51:00,1,停机,False,正常,4032,39
2024-04-19 00:52:00,2024-04-19 00:52:00,1,重载牵引,False,正常,4033,39
2024-04-19 00:53:00,2024-04-19 00:53:00,1,待机,False,正常,4034,39
2024-04-19 00:54:00,2024-04-19 00:55:00,2,重载牵引,False,正常,4035,39
2024-04-19 00:56:00,2024-04-19 00:59:00,4,停机,False,正常,4036,39
2024-04-19 01:00:00,2024-04-19 01:00:00,1,待机,False,正常,4037,39
2024-04-19 01:01:00,2024-04-19 01:02:00,2,停机,False,正常,4038,39
2024-04-19 01:03:00,2024-04-19 01:03:00,1,待机,False,正常,4039,39
2024-04-19 01:04:00,2024-04-19 01:07:00,4,重载牵引,False,正常,4040,39
2024-04-19 01:08:00,2024-04-19 01:08:00,1,待机,False,正常,4041,39
2024-04-19 01:09:00,2024-04-19 01:18:00,10,重载牵引,False,正常,4042,39
2024-04-19 01:19:00,2024-04-19 01:24:00,6,停机,False,正常,4043,39
2024-04-19 01:25:00,2024-04-19 01:39:00,15,重载牵引,False,正常,4044,39
2024-04-19 01:40:00,2024-04-19 01:40:00,1,停机,False,正常,4045,39
2024-04-19 01:41:00,2024-04-19 01:56:00,16,重载牵引,False,正常,4046,39
2024-04-19 01:57:00,2024-04-19 01:57:00,1,待机,False,正常,4047,39
2024-04-19 01:58:00,2024-04-19 02:34:00,37,重载牵引,False,正常,4048,39
2024-04-19 02:35:00,2024-04-19 02:35:00,1,待机,False,正常,4049,39
2024-04-19 02:36:00,2024-04-19 02:53:00,18,重载牵引,False,正常,4050,39
2024-04-19 02:54:00,2024-04-19 02:55:00,2,待机,False,正常,4051,39
2024-04-19 02:56:00,2024-04-19 02:58:00,3,重载牵引,False,正常,4052,39
2024-04-19 02:59:00,2024-04-19 02:59:00,1,待机,False,正常,4053,39
2024-04-19 03:00:00,2024-04-19 03:00:00,1,重载牵引,False,正常,4054,39
2024-04-19 03:01:00,2024-04-19 03:01:00,1,停机,False,正常,4055,39
2024-04-19 03:02:00,2024-04-19 03:19:00,18,重载牵引,False,正常,4056,39
2024-04-19 03:20:00,2024-04-19 03:20:00,1,待机,False,正常,4057,39
2024-04-19 03:21:00,2024-04-19 03:31:00,11,重载牵引,False,正常,4058,39
2024-04-19 03:32:00,2024-04-19 03:32:00,1,待机,False,正常,4059,39
2024-04-19 03:33:00,2024-04-19 03:36:00,4,重载牵引,False,正常,4060,39
2024-04-19 03:37:00,2024-04-19 03:37:00,1,空载牵引,False,正常,4061,39
2024-04-19 03:38:00,2024-04-19 03:53:00,16,重载牵引,False,正常,4062,39
2024-04-19 03:54:00,2024-04-19 03:54:00,1,停机,False,正常,4063,39
2024-04-19 03:55:00,2024-04-19 04:33:00,39,重载牵引,False,正常,4064,39
2024-04-19 04:34:00,2024-04-19 04:35:00,2,待机,False,正常,4065,39
2024-04-19 04:36:00,2024-04-19 04:40:00,5,重载牵引,False,正常,4066,39
2024-04-19 04:41:00,2024-04-19 04:42:00,2,待机,False,正常,4067,39
2024-04-19 04:43:00,2024-04-19 04:44:00,2,重载牵引,False,正常,4068,39
2024-04-19 04:45:00,2024-04-19 04:45:00,1,空载牵引,False,正常,4069,39
2024-04-19 04:46:00,2024-04-19 04:47:00,2,停机,False,正常,4070,39
2024-04-19 04:48:00,2024-04-19 04:51:00,4,重载牵引,False,正常,4071,39
2024-04-19 04:52:00,2024-04-19 04:52:00,1,停机,False,正常,4072,39
2024-04-19 04:53:00,2024-04-19 04:56:00,4,重载牵引,False,正常,4073,39
2024-04-19 04:57:00,2024-04-19 04:57:00,1,空载牵引,False,正常,4074,39
2024-04-19 04:58:00,2024-04-19 05:02:00,5,重载牵引,False,正常,4075,39
2024-04-19 05:03:00,2024-04-19 05:03:00,1,待机,False,正常,4076,39
2024-04-19 05:04:00,2024-04-19 05:04:00,1,重载牵引,False,正常,4077,39
2024-04-19 05:05:00,2024-04-19 05:05:00,1,待机,False,正常,4078,39
2024-04-19 05:06:00,2024-04-19 05:16:00,11,重载牵引,False,正常,4079,39
2024-04-19 05:17:00,2024-04-19 05:17:00,1,空载牵引,False,正常,4080,39
2024-04-19 05:18:00,2024-04-19 05:18:00,1,待机,False,正常,4081,39
2024-04-19 05:19:00,2024-04-19 05:19:00,1,停机,False,正常,4082,39
2024-04-19 05:20:00,2024-04-19 05:22:00,3,重载牵引,False,正常,4083,39
2024-04-19 05:23:00,2024-04-19 05:23:00,1,待机,False,正常,4084,39
2024-04-19 05:24:00,2024-04-19 05:32:00,9,重载牵引,False,正常,4085,39
2024-04-19 05:33:00,2024-04-19 05:33:00,1,待机,False,正常,4086,39
2024-04-19 05:34:00,2024-04-19 05:40:00,7,重载牵引,False,正常,4087,39
2024-04-19 05:41:00,2024-04-19 05:41:00,1,待机,False,正常,4088,39
2024-04-19 05:42:00,2024-04-19 05:42:00,1,重载牵引,False,正常,4089,39
2024-04-19 05:43:00,2024-04-19 05:43:00,1,待机,False,正常,4090,39
2024-04-19 05:44:00,2024-04-19 05:49:00,6,重载牵引,False,正常,4091,39
2024-04-19 05:50:00,2024-04-19 05:57:00,8,停机,False,正常,4092,39
2024-04-19 05:58:00,2024-04-19 06:13:00,16,重载牵引,False,正常,4093,39
2024-04-19 06:14:00,2024-04-19 06:14:00,1,待机,False,正常,4094,39
2024-04-19 06:15:00,2024-04-19 06:15:00,1,停机,False,正常,4095,39
2024-04-19 06:16:00,2024-04-19 06:30:00,15,重载牵引,False,正常,4096,39
2024-04-19 06:31:00,2024-04-19 06:31:00,1,待机,False,正常,4097,39
2024-04-19 06:32:00,2024-04-19 06:33:00,2,停机,False,正常,4098,39
2024-04-19 06:34:00,2024-04-19 07:07:00,34,重载牵引,False,正常,4099,39
2024-04-19 07:08:00,2024-04-19 07:08:00,1,空载牵引,False,正常,4100,39
2024-04-19 07:09:00,2024-04-19 07:24:00,16,重载牵引,False,正常,4101,39
2024-04-19 07:25:00,2024-04-19 07:26:00,2,空载牵引,False,正常,4102,39
2024-04-19 07:27:00,2024-04-19 07:27:00,1,待机,False,正常,4103,39
2024-04-19 07:28:00,2024-04-19 07:29:00,2,重载牵引,False,正常,4104,39
2024-04-19 07:30:00,2024-04-19 07:30:00,1,待机,False,正常,4105,39
2024-04-19 07:31:00,2024-04-19 07:34:00,4,重载牵引,False,正常,4106,39
2024-04-19 07:35:00,2024-04-19 07:36:00,2,停机,False,正常,4107,39
2024-04-19 07:37:00,2024-04-19 07:40:00,4,重载牵引,False,正常,4108,39
2024-04-19 07:41:00,2024-04-19 07:41:00,1,空载牵引,False,正常,4109,39
2024-04-19 07:42:00,2024-04-19 07:44:00,3,重载牵引,False,正常,4110,39
2024-04-19 07:45:00,2024-04-19 07:46:00,2,待机,False,正常,4111,39
2024-04-19 07:47:00,2024-04-19 07:48:00,2,停机,False,正常,4112,39
2024-04-19 07:49:00,2024-04-19 07:49:00,1,待机,False,正常,4113,39
2024-04-19 07:50:00,2024-04-19 07:59:00,10,重载牵引,False,正常,4114,39
2024-04-19 08:00:00,2024-04-19 08:01:00,2,停机,False,正常,4115,39
2024-04-19 08:02:00,2024-04-19 08:02:00,1,待机,False,正常,4116,39
2024-04-19 08:03:00,2024-04-19 08:16:00,14,重载牵引,False,正常,4117,39
2024-04-19 08:17:00,2024-04-19 08:17:00,1,空载牵引,False,正常,4118,39
2024-04-19 08:18:00,2024-04-19 08:23:00,6,重载牵引,False,正常,4119,39
2024-04-19 08:24:00,2024-04-19 08:24:00,1,停机,False,正常,4120,39
2024-04-19 08:25:00,2024-04-19 08:26:00,2,待机,False,正常,4121,39
2024-04-19 08:27:00,2024-04-19 08:28:00,2,停机,False,正常,4122,39
2024-04-19 08:29:00,2024-04-19 08:37:00,9,重载牵引,False,正常,4123,39
2024-04-19 08:38:00,2024-04-19 08:45:00,8,停机,False,正常,4124,39
2024-04-19 08:46:00,2024-04-19 08:46:00,1,重载牵引,False,正常,4125,39
2024-04-19 08:47:00,2024-04-19 08:47:00,1,待机,False,正常,4126,39
2024-04-19 08:48:00,2024-04-19 08:48:00,1,重载牵引,False,正常,4127,39
2024-04-19 08:49:00,2024-04-19 08:49:00,1,空载牵引,False,正常,4128,39
2024-04-19 08:50:00,2024-04-19 08:50:00,1,停机,False,正常,4129,39
2024-04-19 08:51:00,2024-04-19 08:51:00,1,待机,False,正常,4130,39
2024-04-19 08:52:00,2024-04-19 08:52:00,1,停机,False,正常,4131,39
2024-04-19 08:53:00,2024-04-19 09:41:00,49,待机,False,正常,4132,39
2024-04-19 09:42:00,2024-04-19 09:44:00,3,重载牵引,False,正常,4133,39
2024-04-19 09:45:00,2024-04-19 09:45:00,1,待机,False,正常,4134,39
2024-04-19 09:46:00,2024-04-19 09:46:00,1,重载牵引,False,正常,4135,39
2024-04-19 09:47:00,2024-04-19 09:47:00,1,待机,False,正常,4136,39
2024-04-19 09:48:00,2024-04-19 09:50:00,3,停机,False,正常,4137,39
2024-04-19 09:51:00,2024-04-19 09:52:00,2,待机,False,正常,4138,39
2024-04-19 09:53:00,2024-04-19 10:09:00,17,停机,False,正常,4139,39
2024-04-19 10:10:00,2024-04-19 10:10:00,1,待机,False,正常,4140,39
2024-04-19 10:11:00,2024-04-19 10:11:00,1,空载牵引,False,正常,4141,39
2024-04-19 10:12:00,2024-04-19 10:37:00,26,停机,False,正常,4142,39
2024-04-19 10:38:00,2024-04-19 10:38:00,1,重载牵引,False,正常,4143,39
2024-04-19 10:39:00,2024-04-19 10:51:00,13,停机,False,正常,4144,39
2024-04-19 10:52:00,2024-04-19 10:52:00,1,空载牵引,False,正常,4145,39
2024-04-19 10:53:00,2024-04-19 11:52:00,60,停机,False,正常,4146,39
2024-04-19 11:53:00,2024-04-19 11:53:00,1,待机,False,正常,4147,39
2024-04-19 11:54:00,2024-04-19 12:37:00,44,停机,False,正常,4148,39
2024-04-19 12:38:00,2024-04-19 12:46:00,9,待机,False,正常,4149,39
2024-04-19 12:47:00,2024-04-19 12:47:00,1,停机,False,正常,4150,39
2024-04-19 12:48:00,2024-04-19 12:48:00,1,重载牵引,False,正常,4151,39
2024-04-19 12:49:00,2024-04-19 12:50:00,2,停机,False,正常,4152,39
2024-04-19 12:51:00,2024-04-19 12:51:00,1,空载牵引,False,正常,4153,39
2024-04-19 12:52:00,2024-04-19 12:59:00,8,停机,False,正常,4154,39
2024-04-19 13:00:00,2024-04-19 13:00:00,1,待机,False,正常,4155,39
2024-04-19 13:01:00,2024-04-19 13:15:00,15,停机,False,正常,4156,39
2024-04-19 13:16:00,2024-04-19 13:17:00,2,待机,False,正常,4157,39
2024-04-19 13:18:00,2024-04-19 13:37:00,20,停机,False,正常,4158,39
2024-04-19 13:38:00,2024-04-19 13:38:00,1,待机,False,正常,4159,39
2024-04-19 13:39:00,2024-04-19 13:44:00,6,停机,False,正常,4160,39
2024-04-19 13:45:00,2024-04-19 13:45:00,1,空载牵引,False,正常,4161,39
2024-04-19 13:46:00,2024-04-19 13:53:00,8,停机,False,正常,4162,39
2024-04-19 13:54:00,2024-04-19 13:54:00,1,待机,False,正常,4163,39
2024-04-19 13:55:00,2024-04-19 14:05:00,11,停机,False,正常,4164,39
2024-04-19 14:06:00,2024-04-19 14:38:00,33,待机,False,正常,4165,39
2024-04-19 14:39:00,2024-04-19 14:55:00,17,停机,False,正常,4166,39
2024-04-19 14:56:00,2024-04-19 14:57:00,2,重载牵引,False,正常,4167,39
2024-04-19 14:58:00,2024-04-19 15:20:00,23,待机,False,正常,4168,39
2024-04-19 15:21:00,2024-04-19 16:00:00,40,停机,False,正常,4169,39
2024-04-19 16:01:00,2024-04-19 16:01:00,1,待机,False,正常,4170,39
2024-04-19 16:02:00,2024-04-19 16:02:00,1,空载牵引,False,正常,4171,39
2024-04-19 16:03:00,2024-04-19 16:03:00,1,重载牵引,False,正常,4172,39
2024-04-19 16:04:00,2024-04-19 16:04:00,1,空载牵引,False,正常,4173,39
2024-04-19 16:05:00,2024-04-19 16:05:00,1,重载牵引,False,正常,4174,39
2024-04-19 16:06:00,2024-04-19 16:10:00,5,待机,False,正常,4175,39
2024-04-19 16:11:00,2024-04-19 16:12:00,2,停机,False,正常,4176,39
2024-04-19 16:13:00,2024-04-19 17:08:00,56,待机,False,正常,4177,39
2024-04-19 17:09:00,2024-04-19 17:09:00,1,停机,False,正常,4178,39
2024-04-19 17:10:00,2024-04-19 17:44:00,35,重载牵引,False,正常,4179,39
2024-04-19 17:45:00,2024-04-19 17:45:00,1,待机,False,正常,4180,39
2024-04-19 17:46:00,2024-04-19 17:49:00,4,重载牵引,False,正常,4181,39
2024-04-19 17:50:00,2024-04-19 17:50:00,1,空载牵引,False,正常,4182,39
2024-04-19 17:51:00,2024-04-19 18:04:00,14,重载牵引,False,正常,4183,39
2024-04-19 18:05:00,2024-04-19 18:05:00,1,空载牵引,False,正常,4184,39
2024-04-19 18:06:00,2024-04-19 18:11:00,6,重载牵引,False,正常,4185,39
2024-04-19 18:12:00,2024-04-19 18:12:00,1,待机,False,正常,4186,39
2024-04-19 18:13:00,2024-04-19 18:28:00,16,重载牵引,False,正常,4187,39
2024-04-19 18:29:00,2024-04-19 18:29:00,1,停机,False,正常,4188,39
2024-04-19 18:30:00,2024-04-19 18:49:00,20,重载牵引,False,正常,4189,39
2024-04-19 18:50:00,2024-04-19 18:50:00,1,待机,False,正常,4190,39
2024-04-19 18:51:00,2024-04-19 18:52:00,2,停机,False,正常,4191,39
2024-04-19 18:53:00,2024-04-19 18:53:00,1,重载牵引,False,正常,4192,39
2024-04-19 18:54:00,2024-04-19 18:54:00,1,待机,False,正常,4193,39
2024-04-19 18:55:00,2024-04-19 18:55:00,1,重载牵引,False,正常,4194,39
2024-04-19 18:56:00,2024-04-19 19:16:00,21,停机,False,正常,4195,39
2024-04-19 19:17:00,2024-04-19 19:17:00,1,重载牵引,False,正常,4196,39
2024-04-19 19:18:00,2024-04-19 19:18:00,1,停机,False,正常,4197,39
2024-04-19 19:19:00,2024-04-19 19:19:00,1,重载牵引,False,正常,4198,39
2024-04-19 19:20:00,2024-04-19 19:20:00,1,空载牵引,False,正常,4199,39
2024-04-19 19:21:00,2024-04-19 19:26:00,6,停机,False,正常,4200,39
2024-04-19 19:27:00,2024-04-19 19:31:00,5,重载牵引,False,正常,4201,39
2024-04-19 19:32:00,2024-04-19 19:32:00,1,停机,False,正常,4202,39
2024-04-19 19:33:00,2024-04-19 19:33:00,1,重载牵引,False,正常,4203,39
2024-04-19 19:34:00,2024-04-19 19:34:00,1,待机,False,正常,4204,39
2024-04-19 19:35:00,2024-04-19 20:31:00,57,停机,False,正常,4205,39
2024-04-19 20:32:00,2024-04-19 20:35:00,4,重载牵引,False,正常,4206,39
2024-04-19 20:36:00,2024-04-19 20:36:00,1,空载牵引,False,正常,4207,39
2024-04-19 20:37:00,2024-04-19 20:55:00,19,重载牵引,False,正常,4208,39
2024-04-19 20:56:00,2024-04-19 20:57:00,2,停机,False,正常,4209,39
2024-04-19 20:58:00,2024-04-19 21:04:00,7,重载牵引,False,正常,4210,39
2024-04-19 21:05:00,2024-04-19 21:05:00,1,待机,False,正常,4211,39
2024-04-19 21:06:00,2024-04-19 21:15:00,10,重载牵引,False,正常,4212,39
2024-04-19 21:16:00,2024-04-19 21:16:00,1,待机,False,正常,4213,39
2024-04-19 21:17:00,2024-04-19 21:23:00,7,重载牵引,False,正常,4214,39
2024-04-19 21:24:00,2024-04-19 21:24:00,1,停机,False,正常,4215,39
2024-04-19 21:25:00,2024-04-19 21:25:00,1,空载牵引,False,正常,4216,39
2024-04-19 21:26:00,2024-04-19 21:31:00,6,重载牵引,False,正常,4217,39
2024-04-19 21:32:00,2024-04-19 21:33:00,2,停机,False,正常,4218,39
2024-04-19 21:34:00,2024-04-19 21:37:00,4,重载牵引,False,正常,4219,39
2024-04-19 21:38:00,2024-04-19 21:38:00,1,停机,False,正常,4220,39
2024-04-19 21:39:00,2024-04-19 21:47:00,9,重载牵引,False,正常,4221,39
2024-04-19 21:48:00,2024-04-19 21:48:00,1,待机,False,正常,4222,39
2024-04-19 21:49:00,2024-04-19 21:53:00,5,重载牵引,False,正常,4223,39
2024-04-19 21:54:00,2024-04-19 21:54:00,1,待机,False,正常,4224,39
2024-04-19 21:55:00,2024-04-19 22:00:00,6,重载牵引,False,正常,4225,39
2024-04-19 22:01:00,2024-04-19 22:01:00,1,空载牵引,False,正常,4226,39
2024-04-19 22:02:00,2024-04-19 22:03:00,2,重载牵引,False,正常,4227,39
2024-04-19 22:04:00,2024-04-19 22:09:00,6,停机,False,正常,4228,39
2024-04-19 22:10:00,2024-04-19 22:23:00,14,重载牵引,False,正常,4229,39
2024-04-19 22:24:00,2024-04-19 22:24:00,1,待机,False,正常,4230,39
2024-04-19 22:25:00,2024-04-19 22:26:00,2,停机,False,正常,4231,39
2024-04-19 22:27:00,2024-04-19 22:27:00,1,待机,False,正常,4232,39
2024-04-19 22:28:00,2024-04-19 22:33:00,6,重载牵引,False,正常,4233,39
2024-04-19 22:34:00,2024-04-19 22:35:00,2,停机,False,正常,4234,39
2024-04-19 22:36:00,2024-04-19 22:36:00,1,重载牵引,False,正常,4235,39
2024-04-19 22:37:00,2024-04-19 22:37:00,1,待机,False,正常,4236,39
2024-04-19 22:38:00,2024-04-19 22:43:00,6,重载牵引,False,正常,4237,39
2024-04-19 22:44:00,2024-04-19 22:49:00,6,停机,False,正常,4238,39
2024-04-19 22:50:00,2024-04-19 22:52:00,3,重载牵引,False,正常,4239,39
2024-04-19 22:53:00,2024-04-19 22:53:00,1,停机,False,正常,4240,39
2024-04-19 22:54:00,2024-04-19 22:55:00,2,重载牵引,False,正常,4241,39
2024-04-19 22:56:00,2024-04-19 22:56:00,1,待机,False,正常,4242,39
2024-04-19 22:57:00,2024-04-19 23:05:00,9,重载牵引,False,正常,4243,39
2024-04-19 23:06:00,2024-04-19 23:06:00,1,空载牵引,False,正常,4244,39
2024-04-19 23:07:00,2024-04-19 23:09:00,3,待机,False,正常,4245,39
2024-04-19 23:10:00,2024-04-19 23:11:00,2,空载牵引,False,正常,4246,39
2024-04-19 23:12:00,2024-04-19 23:15:00,4,重载牵引,False,正常,4247,39
2024-04-19 23:16:00,2024-04-19 23:16:00,1,空载牵引,False,正常,4248,39
2024-04-19 23:17:00,2024-04-19 23:17:00,1,重载牵引,False,正常,4249,39
2024-04-19 23:18:00,2024-04-19 23:18:00,1,待机,False,正常,4250,39
2024-04-19 23:19:00,2024-04-19 23:22:00,4,重载牵引,False,正常,4251,39
2024-04-19 23:23:00,2024-04-19 23:23:00,1,空载牵引,False,正常,4252,39
2024-04-19 23:24:00,2024-04-19 23:34:00,11,重载牵引,False,正常,4253,39
2024-04-19 23:35:00,2024-04-19 23:35:00,1,停机,False,正常,4254,39
2024-04-19 23:36:00,2024-04-19 23:39:00,4,重载牵引,False,正常,4255,39
2024-04-19 23:40:00,2024-04-19 23:40:00,1,待机,False,正常,4256,39
2024-04-19 23:41:00,2024-04-19 23:44:00,4,停机,False,正常,4257,39
2024-04-19 23:45:00,2024-04-19 23:45:00,1,待机,False,正常,4258,39
2024-04-19 23:46:00,2024-04-19 23:50:00,5,重载牵引,False,正常,4259,39
2024-04-19 23:51:00,2024-04-19 23:51:00,1,空载牵引,False,正常,4260,39
2024-04-19 23:52:00,2024-04-19 23:52:00,1,重载牵引,False,正常,4261,39
2024-04-19 23:53:00,2024-04-19 23:54:00,2,待机,False,正常,4262,39
2024-04-19 23:55:00,2024-04-19 23:57:00,3,停机,False,正常,4263,39
2024-04-19 23:58:00,2024-04-20 00:05:00,8,重载牵引,False,正常,4264,39
2024-04-20 00:06:00,2024-04-20 00:06:00,1,待机,False,正常,4265,39
2024-04-20 00:07:00,2024-04-20 00:12:00,6,重载牵引,False,正常,4266,39
2024-04-20 00:13:00,2024-04-20 00:14:00,2,停机,False,正常,4267,39
2024-04-20 00:15:00,2024-04-20 00:32:00,18,重载牵引,False,正常,4268,39
2024-04-20 00:33:00,2024-04-20 00:33:00,1,空载牵引,False,正常,4269,39
2024-04-20 00:34:00,2024-04-20 00:35:00,2,待机,False,正常,4270,39
2024-04-20 00:36:00,2024-04-20 00:48:00,13,重载牵引,False,正常,4271,39
2024-04-20 00:49:00,2024-04-20 00:49:00,1,空载牵引,False,正常,4272,39
2024-04-20 00:50:00,2024-04-20 00:50:00,1,待机,False,正常,4273,39
2024-04-20 00:51:00,2024-04-20 00:51:00,1,停机,False,正常,4274,39
2024-04-20 00:52:00,2024-04-20 00:53:00,2,重载牵引,False,正常,4275,39
2024-04-20 00:54:00,2024-04-20 00:55:00,2,停机,False,正常,4276,39
2024-04-20 00:56:00,2024-04-20 01:04:00,9,重载牵引,False,正常,4277,39
2024-04-20 01:05:00,2024-04-20 01:05:00,1,待机,False,正常,4278,39
2024-04-20 01:06:00,2024-04-20 01:07:00,2,重载牵引,False,正常,4279,39
2024-04-20 01:08:00,2024-04-20 01:12:00,5,待机,False,正常,4280,39
2024-04-20 01:13:00,2024-04-20 01:14:00,2,重载牵引,False,正常,4281,39
2024-04-20 01:15:00,2024-04-20 01:15:00,1,空载牵引,False,正常,4282,39
2024-04-20 01:16:00,2024-04-20 01:22:00,7,重载牵引,False,正常,4283,39
2024-04-20 01:23:00,2024-04-20 01:23:00,1,待机,False,正常,4284,39
2024-04-20 01:24:00,2024-04-20 01:24:00,1,停机,False,正常,4285,39
2024-04-20 01:25:00,2024-04-20 01:34:00,10,重载牵引,False,正常,4286,39
2024-04-20 01:35:00,2024-04-20 01:35:00,1,空载牵引,False,正常,4287,39
2024-04-20 01:36:00,2024-04-20 01:49:00,14,重载牵引,False,正常,4288,39
2024-04-20 01:50:00,2024-04-20 01:50:00,1,停机,False,正常,4289,39
2024-04-20 01:51:00,2024-04-20 01:51:00,1,重载牵引,False,正常,4290,39
2024-04-20 01:52:00,2024-04-20 01:52:00,1,停机,False,正常,4291,39
2024-04-20 01:53:00,2024-04-20 01:58:00,6,重载牵引,False,正常,4292,39
2024-04-20 01:59:00,2024-04-20 01:59:00,1,停机,False,正常,4293,39
2024-04-20 02:00:00,2024-04-20 02:11:00,12,重载牵引,False,正常,4294,39
2024-04-20 02:12:00,2024-04-20 02:12:00,1,停机,False,正常,4295,39
2024-04-20 02:13:00,2024-04-20 02:15:00,3,重载牵引,False,正常,4296,39
2024-04-20 02:16:00,2024-04-20 02:16:00,1,空载牵引,False,正常,4297,39
2024-04-20 02:17:00,2024-04-20 02:25:00,9,重载牵引,False,正常,4298,39
2024-04-20 02:26:00,2024-04-20 02:26:00,1,待机,False,正常,4299,39
2024-04-20 02:27:00,2024-04-20 02:37:00,11,重载牵引,False,正常,4300,39
2024-04-20 02:38:00,2024-04-20 02:38:00,1,空载牵引,False,正常,4301,39
2024-04-20 02:39:00,2024-04-20 02:39:00,1,重载牵引,False,正常,4302,39
2024-04-20 02:40:00,2024-04-20 02:40:00,1,待机,False,正常,4303,39
2024-04-20 02:41:00,2024-04-20 02:42:00,2,重载牵引,False,正常,4304,39
2024-04-20 02:43:00,2024-04-20 02:44:00,2,待机,False,正常,4305,39
2024-04-20 02:45:00,2024-04-20 02:45:00,1,重载牵引,False,正常,4306,39
2024-04-20 02:46:00,2024-04-20 02:46:00,1,待机,False,正常,4307,39
2024-04-20 02:47:00,2024-04-20 03:11:00,25,重载牵引,False,正常,4308,39
2024-04-20 03:12:00,2024-04-20 03:12:00,1,待机,False,正常,4309,39
2024-04-20 03:13:00,2024-04-20 03:15:00,3,重载牵引,False,正常,4310,39
2024-04-20 03:16:00,2024-04-20 03:16:00,1,待机,False,正常,4311,39
2024-04-20 03:17:00,2024-04-20 03:17:00,1,重载牵引,False,正常,4312,39
2024-04-20 03:18:00,2024-04-20 03:19:00,2,待机,False,正常,4313,39
2024-04-20 03:20:00,2024-04-20 03:21:00,2,重载牵引,False,正常,4314,39
2024-04-20 03:22:00,2024-04-20 03:22:00,1,空载牵引,False,正常,4315,39
2024-04-20 03:23:00,2024-04-20 03:39:00,17,重载牵引,False,正常,4316,39
2024-04-20 03:40:00,2024-04-20 03:40:00,1,待机,False,正常,4317,39
2024-04-20 03:41:00,2024-04-20 03:43:00,3,重载牵引,False,正常,4318,39
2024-04-20 03:44:00,2024-04-20 03:45:00,2,停机,False,正常,4319,39
2024-04-20 03:46:00,2024-04-20 03:47:00,2,重载牵引,False,正常,4320,39
2024-04-20 03:48:00,2024-04-20 03:48:00,1,待机,False,正常,4321,39
2024-04-20 03:49:00,2024-04-20 03:51:00,3,重载牵引,False,正常,4322,39
2024-04-20 03:52:00,2024-04-20 03:52:00,1,待机,False,正常,4323,39
2024-04-20 03:53:00,2024-04-20 03:56:00,4,停机,False,正常,4324,39
2024-04-20 03:57:00,2024-04-20 03:57:00,1,重载牵引,False,正常,4325,39
2024-04-20 03:58:00,2024-04-20 03:58:00,1,待机,False,正常,4326,39
2024-04-20 03:59:00,2024-04-20 04:16:00,18,重载牵引,False,正常,4327,39
2024-04-20 04:17:00,2024-04-20 04:18:00,2,待机,False,正常,4328,39
2024-04-20 04:19:00,2024-04-20 04:20:00,2,重载牵引,False,正常,4329,39
2024-04-20 04:21:00,2024-04-20 04:21:00,1,空载牵引,False,正常,4330,39
2024-04-20 04:22:00,2024-04-20 04:31:00,10,重载牵引,False,正常,4331,39
2024-04-20 04:32:00,2024-04-20 04:32:00,1,停机,False,正常,4332,39
2024-04-20 04:33:00,2024-04-20 04:35:00,3,重载牵引,False,正常,4333,39
2024-04-20 04:36:00,2024-04-20 04:36:00,1,待机,False,正常,4334,39
2024-04-20 04:37:00,2024-04-20 04:40:00,4,停机,False,正常,4335,39
2024-04-20 04:41:00,2024-04-20 04:52:00,12,重载牵引,False,正常,4336,39
2024-04-20 04:53:00,2024-04-20 04:53:00,1,空载牵引,False,正常,4337,39
2024-04-20 04:54:00,2024-04-20 04:55:00,2,重载牵引,False,正常,4338,39
2024-04-20 04:56:00,2024-04-20 04:58:00,3,待机,False,正常,4339,39
2024-04-20 04:59:00,2024-04-20 05:06:00,8,重载牵引,False,正常,4340,39
2024-04-20 05:07:00,2024-04-20 05:07:00,1,待机,False,正常,4341,39
2024-04-20 05:08:00,2024-04-20 05:08:00,1,重载牵引,False,正常,4342,39
2024-04-20 05:09:00,2024-04-20 05:21:00,13,停机,False,正常,4343,39
2024-04-20 05:22:00,2024-04-20 05:22:00,1,重载牵引,False,正常,4344,39
2024-04-20 05:23:00,2024-04-20 05:23:00,1,空载牵引,False,正常,4345,39
2024-04-20 05:24:00,2024-04-20 05:25:00,2,停机,False,正常,4346,39
2024-04-20 05:26:00,2024-04-20 05:37:00,12,重载牵引,False,正常,4347,39
2024-04-20 05:38:00,2024-04-20 05:38:00,1,停机,False,正常,4348,39
2024-04-20 05:39:00,2024-04-20 06:26:00,48,重载牵引,False,正常,4349,39
2024-04-20 06:27:00,2024-04-20 06:27:00,1,停机,False,正常,4350,39
2024-04-20 06:28:00,2024-04-20 06:28:00,1,待机,False,正常,4351,39
2024-04-20 06:29:00,2024-04-20 06:32:00,4,重载牵引,False,正常,4352,39
2024-04-20 06:33:00,2024-04-20 06:33:00,1,空载牵引,False,正常,4353,39
2024-04-20 06:34:00,2024-04-20 06:34:00,1,停机,False,正常,4354,39
2024-04-20 06:35:00,2024-04-20 06:36:00,2,重载牵引,False,正常,4355,39
2024-04-20 06:37:00,2024-04-20 06:37:00,1,待机,False,正常,4356,39
2024-04-20 06:38:00,2024-04-20 06:47:00,10,重载牵引,False,正常,4357,39
2024-04-20 06:48:00,2024-04-20 06:49:00,2,待机,False,正常,4358,39
2024-04-20 06:50:00,2024-04-20 07:11:00,22,重载牵引,False,正常,4359,39
2024-04-20 07:12:00,2024-04-20 07:12:00,1,待机,False,正常,4360,39
2024-04-20 07:13:00,2024-04-20 07:13:00,1,空载牵引,False,正常,4361,39
2024-04-20 07:14:00,2024-04-20 07:14:00,1,待机,False,正常,4362,39
2024-04-20 07:15:00,2024-04-20 07:16:00,2,重载牵引,False,正常,4363,39
2024-04-20 07:17:00,2024-04-20 07:17:00,1,停机,False,正常,4364,39
2024-04-20 07:18:00,2024-04-20 07:19:00,2,重载牵引,False,正常,4365,39
2024-04-20 07:20:00,2024-04-20 07:20:00,1,待机,False,正常,4366,39
2024-04-20 07:21:00,2024-04-20 07:30:00,10,重载牵引,False,正常,4367,39
2024-04-20 07:31:00,2024-04-20 07:31:00,1,待机,False,正常,4368,39
2024-04-20 07:32:00,2024-04-20 07:32:00,1,重载牵引,False,正常,4369,39
2024-04-20 07:33:00,2024-04-20 07:33:00,1,停机,False,正常,4370,39
2024-04-20 07:34:00,2024-04-20 07:49:00,16,重载牵引,False,正常,4371,39
2024-04-20 07:50:00,2024-04-20 07:55:00,6,停机,False,正常,4372,39
2024-04-20 07:56:00,2024-04-20 07:56:00,1,重载牵引,False,正常,4373,39
2024-04-20 07:57:00,2024-04-20 07:57:00,1,待机,False,正常,4374,39
2024-04-20 07:58:00,2024-04-20 07:58:00,1,空载牵引,False,正常,4375,39
2024-04-20 07:59:00,2024-04-20 08:07:00,9,重载牵引,False,正常,4376,39
2024-04-20 08:08:00,2024-04-20 08:08:00,1,停机,False,正常,4377,39
2024-04-20 08:09:00,2024-04-20 08:14:00,6,重载牵引,False,正常,4378,39
2024-04-20 08:15:00,2024-04-20 08:17:00,3,停机,False,正常,4379,39
2024-04-20 08:18:00,2024-04-20 08:26:00,9,重载牵引,False,正常,4380,39
2024-04-20 08:27:00,2024-04-20 09:23:00,57,停机,False,正常,4381,39
2024-04-20 09:24:00,2024-04-20 10:04:00,41,待机,False,正常,4382,39
2024-04-20 10:05:00,2024-04-20 10:05:00,1,停机,False,正常,4383,39
2024-04-20 10:06:00,2024-04-20 10:06:00,1,空载牵引,False,正常,4384,39
2024-04-20 10:07:00,2024-04-20 13:14:00,188,停机,True,异常持续段（>154min 阈值）,4385,40
2024-04-20 13:15:00,2024-04-20 13:15:00,1,待机,False,正常,4386,41
2024-04-20 13:16:00,2024-04-20 13:16:00,1,停机,False,正常,4387,41
2024-04-20 13:17:00,2024-04-20 13:17:00,1,重载牵引,False,正常,4388,41
2024-04-20 13:18:00,2024-04-20 13:49:00,32,停机,False,正常,4389,41
2024-04-20 13:50:00,2024-04-20 13:50:00,1,待机,False,正常,4390,41
2024-04-20 13:51:00,2024-04-20 13:51:00,1,重载牵引,False,正常,4391,41
2024-04-20 13:52:00,2024-04-20 13:53:00,2,停机,False,正常,4392,41
2024-04-20 13:54:00,2024-04-20 16:40:00,167,待机,True,异常持续段（>120min 阈值）,4393,42
2024-04-20 16:41:00,2024-04-20 16:42:00,2,停机,False,正常,4394,43
2024-04-20 16:43:00,2024-04-20 18:22:00,100,待机,False,正常,4395,43
2024-04-20 18:23:00,2024-04-20 18:31:00,9,停机,False,正常,4396,43
2024-04-20 18:32:00,2024-04-20 18:43:00,12,重载牵引,False,正常,4397,43
2024-04-20 18:44:00,2024-04-20 18:44:00,1,空载牵引,False,正常,4398,43
2024-04-20 18:45:00,2024-04-20 18:58:00,14,重载牵引,False,正常,4399,43
2024-04-20 18:59:00,2024-04-20 18:59:00,1,停机,False,正常,4400,43
2024-04-20 19:00:00,2024-04-20 19:04:00,5,重载牵引,False,正常,4401,43
2024-04-20 19:05:00,2024-04-20 19:05:00,1,待机,False,正常,4402,43
2024-04-20 19:06:00,2024-04-20 19:08:00,3,停机,False,正常,4403,43
2024-04-20 19:09:00,2024-04-20 19:12:00,4,重载牵引,False,正常,4404,43
2024-04-20 19:13:00,2024-04-20 19:16:00,4,停机,False,正常,4405,43
2024-04-20 19:17:00,2024-04-20 19:17:00,1,待机,False,正常,4406,43
2024-04-20 19:18:00,2024-04-20 19:18:00,1,停机,False,正常,4407,43
2024-04-20 19:19:00,2024-04-20 19:19:00,1,重载牵引,False,正常,4408,43
2024-04-20 19:20:00,2024-04-20 19:31:00,12,停机,False,正常,4409,43
2024-04-20 19:32:00,2024-04-20 19:33:00,2,重载牵引,False,正常,4410,43
2024-04-20 19:34:00,2024-04-20 19:34:00,1,待机,False,正常,4411,43
2024-04-20 19:35:00,2024-04-20 19:35:00,1,停机,False,正常,4412,43
2024-04-20 19:36:00,2024-04-20 19:36:00,1,重载牵引,False,正常,4413,43
2024-04-20 19:37:00,2024-04-20 19:45:00,9,停机,False,正常,4414,43
2024-04-20 19:46:00,2024-04-20 19:48:00,3,重载牵引,False,正常,4415,43
2024-04-20 19:49:00,2024-04-20 19:49:00,1,空载牵引,False,正常,4416,43
2024-04-20 19:50:00,2024-04-20 20:14:00,25,重载牵引,False,正常,4417,43
2024-04-20 20:15:00,2024-04-20 20:15:00,1,待机,False,正常,4418,43
2024-04-20 20:16:00,2024-04-20 20:22:00,7,重载牵引,False,正常,4419,43
2024-04-20 20:23:00,2024-04-20 20:30:00,8,停机,False,正常,4420,43
2024-04-20 20:31:00,2024-04-20 20:35:00,5,重载牵引,False,正常,4421,43
2024-04-20 20:36:00,2024-04-20 20:36:00,1,停机,False,正常,4422,43
2024-04-20 20:37:00,2024-04-20 20:39:00,3,重载牵引,False,正常,4423,43
2024-04-20 20:40:00,2024-04-20 20:40:00,1,停机,False,正常,4424,43
2024-04-20 20:41:00,2024-04-20 20:46:00,6,重载牵引,False,正常,4425,43
2024-04-20 20:47:00,2024-04-20 20:47:00,1,待机,False,正常,4426,43
2024-04-20 20:48:00,2024-04-20 20:54:00,7,重载牵引,False,正常,4427,43
2024-04-20 20:55:00,2024-04-20 20:59:00,5,停机,False,正常,4428,43
2024-04-20 21:00:00,2024-04-20 21:00:00,1,重载牵引,False,正常,4429,43
2024-04-20 21:01:00,2024-04-20 21:01:00,1,待机,False,正常,4430,43
2024-04-20 21:02:00,2024-04-20 21:11:00,10,重载牵引,False,正常,4431,43
2024-04-20 21:12:00,2024-04-20 21:12:00,1,停机,False,正常,4432,43
2024-04-20 21:13:00,2024-04-20 21:13:00,1,重载牵引,False,正常,4433,43
2024-04-20 21:14:00,2024-04-20 21:15:00,2,待机,False,正常,4434,43
2024-04-20 21:16:00,2024-04-20 21:16:00,1,空载牵引,False,正常,4435,43
2024-04-20 21:17:00,2024-04-20 21:17:00,1,重载牵引,False,正常,4436,43
2024-04-20 21:18:00,2024-04-20 21:19:00,2,停机,False,正常,4437,43
2024-04-20 21:20:00,2024-04-20 21:22:00,3,重载牵引,False,正常,4438,43
2024-04-20 21:23:00,2024-04-20 21:23:00,1,待机,False,正常,4439,43
2024-04-20 21:24:00,2024-04-20 21:25:00,2,重载牵引,False,正常,4440,43
2024-04-20 21:26:00,2024-04-20 21:26:00,1,停机,False,正常,4441,43
2024-04-20 21:27:00,2024-04-20 21:43:00,17,重载牵引,False,正常,4442,43
2024-04-20 21:44:00,2024-04-20 21:44:00,1,待机,False,正常,4443,43
2024-04-20 21:45:00,2024-04-20 21:46:00,2,重载牵引,False,正常,4444,43
2024-04-20 21:47:00,2024-04-20 21:47:00,1,待机,False,正常,4445,43
2024-04-20 21:48:00,2024-04-20 22:11:00,24,重载牵引,False,正常,4446,43
2024-04-20 22:12:00,2024-04-20 22:17:00,6,停机,False,正常,4447,43
2024-04-20 22:18:00,2024-04-20 22:18:00,1,待机,False,正常,4448,43
2024-04-20 22:19:00,2024-04-20 22:37:00,19,重载牵引,False,正常,4449,43
2024-04-20 22:38:00,2024-04-20 22:38:00,1,待机,False,正常,4450,43
2024-04-20 22:39:00,2024-04-20 22:39:00,1,重载牵引,False,正常,4451,43
2024-04-20 22:40:00,2024-04-20 22:40:00,1,空载牵引,False,正常,4452,43
2024-04-20 22:41:00,2024-04-20 22:42:00,2,停机,False,正常,4453,43
2024-04-20 22:43:00,2024-04-20 22:47:00,5,重载牵引,False,正常,4454,43
2024-04-20 22:48:00,2024-04-20 22:48:00,1,停机,False,正常,4455,43
2024-04-20 22:49:00,2024-04-20 22:53:00,5,重载牵引,False,正常,4456,43
2024-04-20 22:54:00,2024-04-20 22:54:00,1,待机,False,正常,4457,43
2024-04-20 22:55:00,2024-04-20 22:58:00,4,重载牵引,False,正常,4458,43
2024-04-20 22:59:00,2024-04-20 22:59:00,1,待机,False,正常,4459,43
2024-04-20 23:00:00,2024-04-20 23:16:00,17,重载牵引,False,正常,4460,43
2024-04-20 23:17:00,2024-04-20 23:17:00,1,待机,False,正常,4461,43
2024-04-20 23:18:00,2024-04-20 23:25:00,8,重载牵引,False,正常,4462,43
2024-04-20 23:26:00,2024-04-20 23:26:00,1,待机,False,正常,4463,43
2024-04-20 23:27:00,2024-04-20 23:30:00,4,停机,False,正常,4464,43
2024-04-20 23:31:00,2024-04-20 23:53:00,23,重载牵引,False,正常,4465,43
2024-04-20 23:54:00,2024-04-20 23:55:00,2,待机,False,正常,4466,43
2024-04-20 23:56:00,2024-04-20 23:58:00,3,停机,False,正常,4467,43
2024-04-20 23:59:00,2024-04-20 23:59:00,1,重载牵引,False,正常,4468,43
2024-04-21 00:00:00,2024-04-21 00:00:00,1,停机,False,正常,4469,43
2024-04-21 00:01:00,2024-04-21 00:02:00,2,重载牵引,False,正常,4470,43
2024-04-21 00:03:00,2024-04-21 00:10:00,8,停机,False,正常,4471,43
2024-04-21 00:11:00,2024-04-21 00:11:00,1,待机,False,正常,4472,43
2024-04-21 00:12:00,2024-04-21 00:27:00,16,重载牵引,False,正常,4473,43
2024-04-21 00:28:00,2024-04-21 00:28:00,1,待机,False,正常,4474,43
2024-04-21 00:29:00,2024-04-21 00:39:00,11,停机,False,正常,4475,43
2024-04-21 00:40:00,2024-04-21 00:46:00,7,重载牵引,False,正常,4476,43
2024-04-21 00:47:00,2024-04-21 00:47:00,1,待机,False,正常,4477,43
2024-04-21 00:48:00,2024-04-21 01:45:00,58,重载牵引,False,正常,4478,43
2024-04-21 01:46:00,2024-04-21 01:46:00,1,待机,False,正常,4479,43
2024-04-21 01:47:00,2024-04-21 01:51:00,5,重载牵引,False,正常,4480,43
2024-04-21 01:52:00,2024-04-21 01:52:00,1,待机,False,正常,4481,43
2024-04-21 01:53:00,2024-04-21 02:08:00,16,重载牵引,False,正常,4482,43
2024-04-21 02:09:00,2024-04-21 02:09:00,1,空载牵引,False,正常,4483,43
2024-04-21 02:10:00,2024-04-21 02:21:00,12,重载牵引,False,正常,4484,43
2024-04-21 02:22:00,2024-04-21 02:22:00,1,待机,False,正常,4485,43
2024-04-21 02:23:00,2024-04-21 02:23:00,1,重载牵引,False,正常,4486,43
2024-04-21 02:24:00,2024-04-21 02:24:00,1,待机,False,正常,4487,43
2024-04-21 02:25:00,2024-04-21 02:26:00,2,重载牵引,False,正常,4488,43
2024-04-21 02:27:00,2024-04-21 02:27:00,1,待机,False,正常,4489,43
2024-04-21 02:28:00,2024-04-21 02:31:00,4,重载牵引,False,正常,4490,43
2024-04-21 02:32:00,2024-04-21 02:32:00,1,待机,False,正常,4491,43
2024-04-21 02:33:00,2024-04-21 02:44:00,12,停机,False,正常,4492,43
2024-04-21 02:45:00,2024-04-21 02:47:00,3,重载牵引,False,正常,4493,43
2024-04-21 02:48:00,2024-04-21 02:48:00,1,空载牵引,False,正常,4494,43
2024-04-21 02:49:00,2024-04-21 02:53:00,5,重载牵引,False,正常,4495,43
2024-04-21 02:54:00,2024-04-21 02:54:00,1,停机,False,正常,4496,43
2024-04-21 02:55:00,2024-04-21 02:56:00,2,重载牵引,False,正常,4497,43
2024-04-21 02:57:00,2024-04-21 02:57:00,1,待机,False,正常,4498,43
2024-04-21 02:58:00,2024-04-21 03:00:00,3,停机,False,正常,4499,43
2024-04-21 03:01:00,2024-04-21 03:02:00,2,重载牵引,False,正常,4500,43
2024-04-21 03:03:00,2024-04-21 03:03:00,1,停机,False,正常,4501,43
2024-04-21 03:04:00,2024-04-21 03:04:00,1,重载牵引,False,正常,4502,43
2024-04-21 03:05:00,2024-04-21 03:05:00,1,待机,False,正常,4503,43
2024-04-21 03:06:00,2024-04-21 03:08:00,3,停机,False,正常,4504,43
2024-04-21 03:09:00,2024-04-21 03:14:00,6,重载牵引,False,正常,4505,43
2024-04-21 03:15:00,2024-04-21 03:15:00,1,待机,False,正常,4506,43
2024-04-21 03:16:00,2024-04-21 03:27:00,12,停机,False,正常,4507,43
2024-04-21 03:28:00,2024-04-21 03:28:00,1,重载牵引,False,正常,4508,43
2024-04-21 03:29:00,2024-04-21 03:29:00,1,待机,False,正常,4509,43
2024-04-21 03:30:00,2024-04-21 03:36:00,7,停机,False,正常,4510,43
2024-04-21 03:37:00,2024-04-21 03:44:00,8,重载牵引,False,正常,4511,43
2024-04-21 03:45:00,2024-04-21 03:45:00,1,停机,False,正常,4512,43
2024-04-21 03:46:00,2024-04-21 03:59:00,14,重载牵引,False,正常,4513,43
2024-04-21 04:00:00,2024-04-21 04:01:00,2,停机,False,正常,4514,43
2024-04-21 04:02:00,2024-04-21 04:03:00,2,重载牵引,False,正常,4515,43
2024-04-21 04:04:00,2024-04-21 04:04:00,1,停机,False,正常,4516,43
2024-04-21 04:05:00,2024-04-21 04:06:00,2,重载牵引,False,正常,4517,43
2024-04-21 04:07:00,2024-04-21 04:07:00,1,停机,False,正常,4518,43
2024-04-21 04:08:00,2024-04-21 04:08:00,1,待机,False,正常,4519,43
2024-04-21 04:09:00,2024-04-21 04:31:00,23,重载牵引,False,正常,4520,43
2024-04-21 04:32:00,2024-04-21 04:33:00,2,空载牵引,False,正常,4521,43
2024-04-21 04:34:00,2024-04-21 04:37:00,4,重载牵引,False,正常,4522,43
2024-04-21 04:38:00,2024-04-21 04:38:00,1,待机,False,正常,4523,43
2024-04-21 04:39:00,2024-04-21 04:40:00,2,重载牵引,False,正常,4524,43
2024-04-21 04:41:00,2024-04-21 04:41:00,1,待机,False,正常,4525,43
2024-04-21 04:42:00,2024-04-21 04:45:00,4,重载牵引,False,正常,4526,43
2024-04-21 04:46:00,2024-04-21 04:46:00,1,空载牵引,False,正常,4527,43
2024-04-21 04:47:00,2024-04-21 04:55:00,9,重载牵引,False,正常,4528,43
2024-04-21 04:56:00,2024-04-21 04:56:00,1,待机,False,正常,4529,43
2024-04-21 04:57:00,2024-04-21 05:03:00,7,重载牵引,False,正常,4530,43
2024-04-21 05:04:00,2024-04-21 05:04:00,1,待机,False,正常,4531,43
2024-04-21 05:05:00,2024-04-21 05:05:00,1,重载牵引,False,正常,4532,43
2024-04-21 05:06:00,2024-04-21 05:06:00,1,待机,False,正常,4533,43
2024-04-21 05:07:00,2024-04-21 05:08:00,2,重载牵引,False,正常,4534,43
2024-04-21 05:09:00,2024-04-21 05:09:00,1,停机,False,正常,4535,43
2024-04-21 05:10:00,2024-04-21 05:22:00,13,重载牵引,False,正常,4536,43
2024-04-21 05:23:00,2024-04-21 05:24:00,2,待机,False,正常,4537,43
2024-04-21 05:25:00,2024-04-21 05:38:00,14,重载牵引,False,正常,4538,43
2024-04-21 05:39:00,2024-04-21 05:39:00,1,空载牵引,False,正常,4539,43
2024-04-21 05:40:00,2024-04-21 05:44:00,5,重载牵引,False,正常,4540,43
2024-04-21 05:45:00,2024-04-21 05:45:00,1,待机,False,正常,4541,43
2024-04-21 05:46:00,2024-04-21 05:51:00,6,重载牵引,False,正常,4542,43
2024-04-21 05:52:00,2024-04-21 05:52:00,1,待机,False,正常,4543,43
2024-04-21 05:53:00,2024-04-21 05:54:00,2,重载牵引,False,正常,4544,43
2024-04-21 05:55:00,2024-04-21 05:55:00,1,空载牵引,False,正常,4545,43
2024-04-21 05:56:00,2024-04-21 06:03:00,8,重载牵引,False,正常,4546,43
2024-04-21 06:04:00,2024-04-21 06:05:00,2,停机,False,正常,4547,43
2024-04-21 06:06:00,2024-04-21 06:06:00,1,重载牵引,False,正常,4548,43
2024-04-21 06:07:00,2024-04-21 06:07:00,1,停机,False,正常,4549,43
2024-04-21 06:08:00,2024-04-21 06:09:00,2,重载牵引,False,正常,4550,43
2024-04-21 06:10:00,2024-04-21 06:11:00,2,停机,False,正常,4551,43
2024-04-21 06:12:00,2024-04-21 06:12:00,1,重载牵引,False,正常,4552,43
2024-04-21 06:13:00,2024-04-21 06:13:00,1,待机,False,正常,4553,43
2024-04-21 06:14:00,2024-04-21 06:21:00,8,重载牵引,False,正常,4554,43
2024-04-21 06:22:00,2024-04-21 06:22:00,1,待机,False,正常,4555,43
2024-04-21 06:23:00,2024-04-21 06:24:00,2,重载牵引,False,正常,4556,43
2024-04-21 06:25:00,2024-04-21 06:25:00,1,待机,False,正常,4557,43
2024-04-21 06:26:00,2024-04-21 06:32:00,7,重载牵引,False,正常,4558,43
2024-04-21 06:33:00,2024-04-21 06:37:00,5,待机,False,正常,4559,43
2024-04-21 06:38:00,2024-04-21 06:48:00,11,停机,False,正常,4560,43
2024-04-21 06:49:00,2024-04-21 06:50:00,2,重载牵引,False,正常,4561,43
2024-04-21 06:51:00,2024-04-21 06:51:00,1,待机,False,正常,4562,43
2024-04-21 06:52:00,2024-04-21 06:52:00,1,重载牵引,False,正常,4563,43
2024-04-21 06:53:00,2024-04-21 06:53:00,1,停机,False,正常,4564,43
2024-04-21 06:54:00,2024-04-21 07:10:00,17,重载牵引,False,正常,4565,43
2024-04-21 07:11:00,2024-04-21 07:11:00,1,待机,False,正常,4566,43
2024-04-21 07:12:00,2024-04-21 07:15:00,4,重载牵引,False,正常,4567,43
2024-04-21 07:16:00,2024-04-21 07:16:00,1,待机,False,正常,4568,43
2024-04-21 07:17:00,2024-04-21 07:17:00,1,重载牵引,False,正常,4569,43
2024-04-21 07:18:00,2024-04-21 07:18:00,1,待机,False,正常,4570,43
2024-04-21 07:19:00,2024-04-21 07:25:00,7,重载牵引,False,正常,4571,43
2024-04-21 07:26:00,2024-04-21 07:26:00,1,待机,False,正常,4572,43
2024-04-21 07:27:00,2024-04-21 07:46:00,20,重载牵引,False,正常,4573,43
2024-04-21 07:47:00,2024-04-21 07:47:00,1,待机,False,正常,4574,43
2024-04-21 07:48:00,2024-04-21 07:59:00,12,重载牵引,False,正常,4575,43
2024-04-21 08:00:00,2024-04-21 08:00:00,1,待机,False,正常,4576,43
2024-04-21 08:01:00,2024-04-21 08:02:00,2,重载牵引,False,正常,4577,43
2024-04-21 08:03:00,2024-04-21 08:03:00,1,待机,False,正常,4578,43
2024-04-21 08:04:00,2024-04-21 08:05:00,2,重载牵引,False,正常,4579,43
2024-04-21 08:06:00,2024-04-21 08:07:00,2,待机,False,正常,4580,43
2024-04-21 08:08:00,2024-04-21 08:08:00,1,重载牵引,False,正常,4581,43
2024-04-21 08:09:00,2024-04-21 08:09:00,1,待机,False,正常,4582,43
2024-04-21 08:10:00,2024-04-21 08:12:00,3,重载牵引,False,正常,4583,43
2024-04-21 08:13:00,2024-04-21 08:13:00,1,停机,False,正常,4584,43
2024-04-21 08:14:00,2024-04-21 08:16:00,3,重载牵引,False,正常,4585,43
2024-04-21 08:17:00,2024-04-21 08:17:00,1,停机,False,正常,4586,43
2024-04-21 08:18:00,2024-04-21 08:19:00,2,重载牵引,False,正常,4587,43
2024-04-21 08:20:00,2024-04-21 08:21:00,2,停机,False,正常,4588,43
2024-04-21 08:22:00,2024-04-21 08:23:00,2,待机,False,正常,4589,43
2024-04-21 08:24:00,2024-04-21 08:24:00,1,停机,False,正常,4590,43
2024-04-21 08:25:00,2024-04-21 08:26:00,2,待机,False,正常,4591,43
2024-04-21 08:27:00,2024-04-21 08:27:00,1,停机,False,正常,4592,43
2024-04-21 08:28:00,2024-04-21 08:31:00,4,重载牵引,False,正常,4593,43
2024-04-21 08:32:00,2024-04-21 08:32:00,1,待机,False,正常,4594,43
2024-04-21 08:33:00,2024-04-21 08:37:00,5,重载牵引,False,正常,4595,43
2024-04-21 08:38:00,2024-04-21 08:38:00,1,待机,False,正常,4596,43
2024-04-21 08:39:00,2024-04-21 08:39:00,1,停机,False,正常,4597,43
2024-04-21 08:40:00,2024-04-21 08:40:00,1,重载牵引,False,正常,4598,43
2024-04-21 08:41:00,2024-04-21 08:41:00,1,待机,False,正常,4599,43
2024-04-21 08:42:00,2024-04-21 08:43:00,2,重载牵引,False,正常,4600,43
2024-04-21 08:44:00,2024-04-21 08:46:00,3,待机,False,正常,4601,43
2024-04-21 08:47:00,2024-04-21 08:49:00,3,停机,False,正常,4602,43
2024-04-21 08:50:00,2024-04-21 08:55:00,6,重载牵引,False,正常,4603,43
2024-04-21 08:56:00,2024-04-21 08:56:00,1,待机,False,正常,4604,43
2024-04-21 08:57:00,2024-04-21 08:58:00,2,空载牵引,False,正常,4605,43
2024-04-21 08:59:00,2024-04-21 08:59:00,1,重载牵引,False,正常,4606,43
2024-04-21 09:00:00,2024-04-21 09:00:00,1,待机,False,正常,4607,43
2024-04-21 09:01:00,2024-04-21 09:01:00,1,空载牵引,False,正常,4608,43
2024-04-21 09:02:00,2024-04-21 09:05:00,4,重载牵引,False,正常,4609,43
2024-04-21 09:06:00,2024-04-21 09:06:00,1,空载牵引,False,正常,4610,43
2024-04-21 09:07:00,2024-04-21 09:11:00,5,重载牵引,False,正常,4611,43
2024-04-21 09:12:00,2024-04-21 09:12:00,1,空载牵引,False,正常,4612,43
2024-04-21 09:13:00,2024-04-21 09:13:00,1,重载牵引,False,正常,4613,43
2024-04-21 09:14:00,2024-04-21 09:14:00,1,待机,False,正常,4614,43
2024-04-21 09:15:00,2024-04-21 09:32:00,18,重载牵引,False,正常,4615,43
2024-04-21 09:33:00,2024-04-21 09:34:00,2,停机,False,正常,4616,43
2024-04-21 09:35:00,2024-04-21 09:35:00,1,重载牵引,False,正常,4617,43
2024-04-21 09:36:00,2024-04-21 09:36:00,1,待机,False,正常,4618,43
2024-04-21 09:37:00,2024-04-21 10:02:00,26,重载牵引,False,正常,4619,43
2024-04-21 10:03:00,2024-04-21 15:17:00,315,停机,True,通讯中断/传感器休眠（段持续 >= 4h）,4620,44
2024-04-21 15:18:00,2024-04-21 15:41:00,24,待机,False,正常,4621,45
2024-04-21 15:42:00,2024-04-21 16:04:00,23,停机,False,正常,4622,45
2024-04-21 16:05:00,2024-04-21 16:05:00,1,待机,False,正常,4623,45
2024-04-21 16:06:00,2024-04-21 16:33:00,28,停机,False,正常,4624,45
2024-04-21 16:34:00,2024-04-21 16:35:00,2,重载牵引,False,正常,4625,45
2024-04-21 16:36:00,2024-04-21 16:38:00,3,停机,False,正常,4626,45
2024-04-21 16:39:00,2024-04-21 16:50:00,12,重载牵引,False,正常,4627,45
2024-04-21 16:51:00,2024-04-21 16:51:00,1,停机,False,正常,4628,45
2024-04-21 16:52:00,2024-04-21 16:57:00,6,重载牵引,False,正常,4629,45
2024-04-21 16:58:00,2024-04-21 16:58:00,1,空载牵引,False,正常,4630,45
2024-04-21 16:59:00,2024-04-21 17:00:00,2,重载牵引,False,正常,4631,45
2024-04-21 17:01:00,2024-04-21 17:11:00,11,停机,False,正常,4632,45
2024-04-21 17:12:00,2024-04-21 17:12:00,1,重载牵引,False,正常,4633,45
2024-04-21 17:13:00,2024-04-21 17:27:00,15,停机,False,正常,4634,45
2024-04-21 17:28:00,2024-04-21 17:42:00,15,重载牵引,False,正常,4635,45
2024-04-21 17:43:00,2024-04-21 17:43:00,1,停机,False,正常,4636,45
2024-04-21 17:44:00,2024-04-21 17:50:00,7,重载牵引,False,正常,4637,45
2024-04-21 17:51:00,2024-04-21 17:51:00,1,停机,False,正常,4638,45
2024-04-21 17:52:00,2024-04-21 18:07:00,16,重载牵引,False,正常,4639,45
2024-04-21 18:08:00,2024-04-21 18:08:00,1,待机,False,正常,4640,45
2024-04-21 18:09:00,2024-04-21 18:13:00,5,停机,False,正常,4641,45
2024-04-21 18:14:00,2024-04-21 18:21:00,8,重载牵引,False,正常,4642,45
2024-04-21 18:22:00,2024-04-21 18:22:00,1,待机,False,正常,4643,45
2024-04-21 18:23:00,2024-04-21 18:25:00,3,重载牵引,False,正常,4644,45
2024-04-21 18:26:00,2024-04-21 18:35:00,10,停机,False,正常,4645,45
2024-04-21 18:36:00,2024-04-21 18:36:00,1,重载牵引,False,正常,4646,45
2024-04-21 18:37:00,2024-04-21 18:37:00,1,待机,False,正常,4647,45
2024-04-21 18:38:00,2024-04-21 18:39:00,2,重载牵引,False,正常,4648,45
2024-04-21 18:40:00,2024-04-21 18:40:00,1,空载牵引,False,正常,4649,45
2024-04-21 18:41:00,2024-04-21 18:54:00,14,重载牵引,False,正常,4650,45
2024-04-21 18:55:00,2024-04-21 18:57:00,3,停机,False,正常,4651,45
2024-04-21 18:58:00,2024-04-21 19:04:00,7,重载牵引,False,正常,4652,45
2024-04-21 19:05:00,2024-04-21 19:05:00,1,停机,False,正常,4653,45
2024-04-21 19:06:00,2024-04-21 19:14:00,9,重载牵引,False,正常,4654,45
2024-04-21 19:15:00,2024-04-21 19:15:00,1,待机,False,正常,4655,45
2024-04-21 19:16:00,2024-04-21 19:17:00,2,重载牵引,False,正常,4656,45
2024-04-21 19:18:00,2024-04-21 19:19:00,2,待机,False,正常,4657,45
2024-04-21 19:20:00,2024-04-21 19:38:00,19,重载牵引,False,正常,4658,45
2024-04-21 19:39:00,2024-04-21 19:39:00,1,停机,False,正常,4659,45
2024-04-21 19:40:00,2024-04-21 19:40:00,1,重载牵引,False,正常,4660,45
2024-04-21 19:41:00,2024-04-21 19:49:00,9,停机,False,正常,4661,45
2024-04-21 19:50:00,2024-04-21 20:00:00,11,重载牵引,False,正常,4662,45
2024-04-21 20:01:00,2024-04-21 20:01:00,1,空载牵引,False,正常,4663,45
2024-04-21 20:02:00,2024-04-21 20:07:00,6,重载牵引,False,正常,4664,45
2024-04-21 20:08:00,2024-04-21 20:08:00,1,空载牵引,False,正常,4665,45
2024-04-21 20:09:00,2024-04-21 20:17:00,9,重载牵引,False,正常,4666,45
2024-04-21 20:18:00,2024-04-21 20:18:00,1,空载牵引,False,正常,4667,45
2024-04-21 20:19:00,2024-04-21 20:19:00,1,停机,False,正常,4668,45
2024-04-21 20:20:00,2024-04-21 20:23:00,4,重载牵引,False,正常,4669,45
2024-04-21 20:24:00,2024-04-21 20:24:00,1,待机,False,正常,4670,45
2024-04-21 20:25:00,2024-04-21 20:26:00,2,重载牵引,False,正常,4671,45
2024-04-21 20:27:00,2024-04-21 20:27:00,1,空载牵引,False,正常,4672,45
2024-04-21 20:28:00,2024-04-21 20:29:00,2,重载牵引,False,正常,4673,45
2024-04-21 20:30:00,2024-04-21 20:30:00,1,待机,False,正常,4674,45
2024-04-21 20:31:00,2024-04-21 20:40:00,10,重载牵引,False,正常,4675,45
2024-04-21 20:41:00,2024-04-21 20:41:00,1,待机,False,正常,4676,45
2024-04-21 20:42:00,2024-04-21 21:00:00,19,重载牵引,False,正常,4677,45
2024-04-21 21:01:00,2024-04-21 21:01:00,1,待机,False,正常,4678,45
2024-04-21 21:02:00,2024-04-21 21:02:00,1,停机,False,正常,4679,45
2024-04-21 21:03:00,2024-04-21 21:03:00,1,重载牵引,False,正常,4680,45
2024-04-21 21:04:00,2024-04-21 21:06:00,3,停机,False,正常,4681,45
2024-04-21 21:07:00,2024-04-21 21:10:00,4,重载牵引,False,正常,4682,45
2024-04-21 21:11:00,2024-04-21 21:11:00,1,待机,False,正常,4683,45
2024-04-21 21:12:00,2024-04-21 21:16:00,5,停机,False,正常,4684,45
2024-04-21 21:17:00,2024-04-21 21:22:00,6,重载牵引,False,正常,4685,45
2024-04-21 21:23:00,2024-04-21 21:23:00,1,空载牵引,False,正常,4686,45
2024-04-21 21:24:00,2024-04-21 21:24:00,1,重载牵引,False,正常,4687,45
2024-04-21 21:25:00,2024-04-21 21:25:00,1,待机,False,正常,4688,45
2024-04-21 21:26:00,2024-04-21 21:32:00,7,重载牵引,False,正常,4689,45
2024-04-21 21:33:00,2024-04-21 21:33:00,1,待机,False,正常,4690,45
2024-04-21 21:34:00,2024-04-21 21:53:00,20,重载牵引,False,正常,4691,45
2024-04-21 21:54:00,2024-04-21 21:55:00,2,停机,False,正常,4692,45
2024-04-21 21:56:00,2024-04-21 22:07:00,12,重载牵引,False,正常,4693,45
2024-04-21 22:08:00,2024-04-21 22:08:00,1,空载牵引,False,正常,4694,45
2024-04-21 22:09:00,2024-04-21 22:12:00,4,重载牵引,False,正常,4695,45
2024-04-21 22:13:00,2024-04-21 22:13:00,1,空载牵引,False,正常,4696,45
2024-04-21 22:14:00,2024-04-21 22:31:00,18,重载牵引,False,正常,4697,45
2024-04-21 22:32:00,2024-04-21 22:32:00,1,停机,False,正常,4698,45
2024-04-21 22:33:00,2024-04-21 22:33:00,1,待机,False,正常,4699,45
2024-04-21 22:34:00,2024-04-21 22:37:00,4,重载牵引,False,正常,4700,45
2024-04-21 22:38:00,2024-04-21 22:39:00,2,停机,False,正常,4701,45
2024-04-21 22:40:00,2024-04-21 22:54:00,15,重载牵引,False,正常,4702,45
2024-04-21 22:55:00,2024-04-21 22:56:00,2,停机,False,正常,4703,45
2024-04-21 22:57:00,2024-04-21 23:03:00,7,重载牵引,False,正常,4704,45
2024-04-21 23:04:00,2024-04-21 23:04:00,1,待机,False,正常,4705,45
2024-04-21 23:05:00,2024-04-21 23:11:00,7,重载牵引,False,正常,4706,45
2024-04-21 23:12:00,2024-04-21 23:24:00,13,待机,False,正常,4707,45
2024-04-21 23:25:00,2024-04-21 23:26:00,2,重载牵引,False,正常,4708,45
2024-04-21 23:27:00,2024-04-21 23:27:00,1,停机,False,正常,4709,45
2024-04-21 23:28:00,2024-04-21 23:29:00,2,重载牵引,False,正常,4710,45
2024-04-21 23:30:00,2024-04-21 23:39:00,10,停机,False,正常,4711,45
2024-04-21 23:40:00,2024-04-21 23:40:00,1,待机,False,正常,4712,45
2024-04-21 23:41:00,2024-04-21 23:53:00,13,停机,False,正常,4713,45
2024-04-21 23:54:00,2024-04-21 23:55:00,2,重载牵引,False,正常,4714,45
2024-04-21 23:56:00,2024-04-21 23:56:00,1,空载牵引,False,正常,4715,45
2024-04-21 23:57:00,2024-04-21 23:57:00,1,重载牵引,False,正常,4716,45
2024-04-21 23:58:00,2024-04-21 23:58:00,1,停机,False,正常,4717,45
2024-04-21 23:59:00,2024-04-22 00:04:00,6,重载牵引,False,正常,4718,45
2024-04-22 00:05:00,2024-04-22 00:07:00,3,停机,False,正常,4719,45
2024-04-22 00:08:00,2024-04-22 00:15:00,8,重载牵引,False,正常,4720,45
2024-04-22 00:16:00,2024-04-22 00:16:00,1,待机,False,正常,4721,45
2024-04-22 00:17:00,2024-04-22 00:21:00,5,重载牵引,False,正常,4722,45
2024-04-22 00:22:00,2024-04-22 00:22:00,1,停机,False,正常,4723,45
2024-04-22 00:23:00,2024-04-22 00:32:00,10,重载牵引,False,正常,4724,45
2024-04-22 00:33:00,2024-04-22 00:35:00,3,停机,False,正常,4725,45
2024-04-22 00:36:00,2024-04-22 00:50:00,15,重载牵引,False,正常,4726,45
2024-04-22 00:51:00,2024-04-22 01:12:00,22,停机,False,正常,4727,45
2024-04-22 01:13:00,2024-04-22 01:13:00,1,待机,False,正常,4728,45
2024-04-22 01:14:00,2024-04-22 01:14:00,1,重载牵引,False,正常,4729,45
2024-04-22 01:15:00,2024-04-22 01:15:00,1,待机,False,正常,4730,45
2024-04-22 01:16:00,2024-04-22 01:29:00,14,重载牵引,False,正常,4731,45
2024-04-22 01:30:00,2024-04-22 01:30:00,1,空载牵引,False,正常,4732,45
2024-04-22 01:31:00,2024-04-22 01:35:00,5,重载牵引,False,正常,4733,45
2024-04-22 01:36:00,2024-04-22 01:36:00,1,空载牵引,False,正常,4734,45
2024-04-22 01:37:00,2024-04-22 01:42:00,6,重载牵引,False,正常,4735,45
2024-04-22 01:43:00,2024-04-22 01:52:00,10,停机,False,正常,4736,45
2024-04-22 01:53:00,2024-04-22 02:15:00,23,重载牵引,False,正常,4737,45
2024-04-22 02:16:00,2024-04-22 02:16:00,1,待机,False,正常,4738,45
2024-04-22 02:17:00,2024-04-22 02:17:00,1,停机,False,正常,4739,45
2024-04-22 02:18:00,2024-04-22 02:18:00,1,重载牵引,False,正常,4740,45
2024-04-22 02:19:00,2024-04-22 02:19:00,1,停机,False,正常,4741,45
2024-04-22 02:20:00,2024-04-22 02:20:00,1,重载牵引,False,正常,4742,45
2024-04-22 02:21:00,2024-04-22 02:21:00,1,待机,False,正常,4743,45
2024-04-22 02:22:00,2024-04-22 02:23:00,2,停机,False,正常,4744,45
2024-04-22 02:24:00,2024-04-22 02:50:00,27,重载牵引,False,正常,4745,45
2024-04-22 02:51:00,2024-04-22 02:51:00,1,待机,False,正常,4746,45
2024-04-22 02:52:00,2024-04-22 02:55:00,4,重载牵引,False,正常,4747,45
2024-04-22 02:56:00,2024-04-22 03:04:00,9,停机,False,正常,4748,45
2024-04-22 03:05:00,2024-04-22 03:26:00,22,重载牵引,False,正常,4749,45
2024-04-22 03:27:00,2024-04-22 03:27:00,1,待机,False,正常,4750,45
2024-04-22 03:28:00,2024-04-22 03:28:00,1,停机,False,正常,4751,45
2024-04-22 03:29:00,2024-04-22 03:39:00,11,重载牵引,False,正常,4752,45
2024-04-22 03:40:00,2024-04-22 03:40:00,1,待机,False,正常,4753,45
2024-04-22 03:41:00,2024-04-22 03:57:00,17,重载牵引,False,正常,4754,45
2024-04-22 03:58:00,2024-04-22 03:58:00,1,空载牵引,False,正常,4755,45
2024-04-22 03:59:00,2024-04-22 03:59:00,1,待机,False,正常,4756,45
2024-04-22 04:00:00,2024-04-22 04:05:00,6,重载牵引,False,正常,4757,45
2024-04-22 04:06:00,2024-04-22 04:06:00,1,待机,False,正常,4758,45
2024-04-22 04:07:00,2024-04-22 04:08:00,2,重载牵引,False,正常,4759,45
2024-04-22 04:09:00,2024-04-22 04:09:00,1,待机,False,正常,4760,45
2024-04-22 04:10:00,2024-04-22 04:20:00,11,重载牵引,False,正常,4761,45
2024-04-22 04:21:00,2024-04-22 04:21:00,1,待机,False,正常,4762,45
2024-04-22 04:22:00,2024-04-22 05:02:00,41,重载牵引,False,正常,4763,45
2024-04-22 05:03:00,2024-04-22 05:03:00,1,空载牵引,False,正常,4764,45
2024-04-22 05:04:00,2024-04-22 05:10:00,7,停机,False,正常,4765,45
2024-04-22 05:11:00,2024-04-22 05:18:00,8,重载牵引,False,正常,4766,45
2024-04-22 05:19:00,2024-04-22 05:19:00,1,待机,False,正常,4767,45
2024-04-22 05:20:00,2024-04-22 05:26:00,7,重载牵引,False,正常,4768,45
2024-04-22 05:27:00,2024-04-22 05:27:00,1,待机,False,正常,4769,45
2024-04-22 05:28:00,2024-04-22 05:28:00,1,重载牵引,False,正常,4770,45
2024-04-22 05:29:00,2024-04-22 05:29:00,1,空载牵引,False,正常,4771,45
2024-04-22 05:30:00,2024-04-22 05:35:00,6,重载牵引,False,正常,4772,45
2024-04-22 05:36:00,2024-04-22 05:36:00,1,待机,False,正常,4773,45
2024-04-22 05:37:00,2024-04-22 05:38:00,2,重载牵引,False,正常,4774,45
2024-04-22 05:39:00,2024-04-22 05:40:00,2,待机,False,正常,4775,45
2024-04-22 05:41:00,2024-04-22 06:02:00,22,重载牵引,False,正常,4776,45
2024-04-22 06:03:00,2024-04-22 06:03:00,1,待机,False,正常,4777,45
2024-04-22 06:04:00,2024-04-22 06:08:00,5,重载牵引,False,正常,4778,45
2024-04-22 06:09:00,2024-04-22 06:09:00,1,待机,False,正常,4779,45
2024-04-22 06:10:00,2024-04-22 06:11:00,2,停机,False,正常,4780,45
2024-04-22 06:12:00,2024-04-22 06:12:00,1,重载牵引,False,正常,4781,45
2024-04-22 06:13:00,2024-04-22 06:13:00,1,待机,False,正常,4782,45
2024-04-22 06:14:00,2024-04-22 06:16:00,3,停机,False,正常,4783,45
2024-04-22 06:17:00,2024-04-22 06:19:00,3,重载牵引,False,正常,4784,45
2024-04-22 06:20:00,2024-04-22 06:20:00,1,待机,False,正常,4785,45
2024-04-22 06:21:00,2024-04-22 06:30:00,10,重载牵引,False,正常,4786,45
2024-04-22 06:31:00,2024-04-22 06:31:00,1,停机,False,正常,4787,45
2024-04-22 06:32:00,2024-04-22 06:40:00,9,重载牵引,False,正常,4788,45
2024-04-22 06:41:00,2024-04-22 06:41:00,1,空载牵引,False,正常,4789,45
2024-04-22 06:42:00,2024-04-22 06:45:00,4,重载牵引,False,正常,4790,45
2024-04-22 06:46:00,2024-04-22 06:47:00,2,停机,False,正常,4791,45
2024-04-22 06:48:00,2024-04-22 07:16:00,29,重载牵引,False,正常,4792,45
2024-04-22 07:17:00,2024-04-22 07:17:00,1,待机,False,正常,4793,45
2024-04-22 07:18:00,2024-04-22 07:22:00,5,重载牵引,False,正常,4794,45
2024-04-22 07:23:00,2024-04-22 07:23:00,1,待机,False,正常,4795,45
2024-04-22 07:24:00,2024-04-22 07:24:00,1,停机,False,正常,4796,45
2024-04-22 07:25:00,2024-04-22 07:47:00,23,重载牵引,False,正常,4797,45
2024-04-22 07:48:00,2024-04-22 07:48:00,1,待机,False,正常,4798,45
2024-04-22 07:49:00,2024-04-22 07:50:00,2,停机,False,正常,4799,45
2024-04-22 07:51:00,2024-04-22 07:59:00,9,重载牵引,False,正常,4800,45
2024-04-22 08:00:00,2024-04-22 08:00:00,1,停机,False,正常,4801,45
2024-04-22 08:01:00,2024-04-22 08:01:00,1,重载牵引,False,正常,4802,45
2024-04-22 08:02:00,2024-04-22 08:02:00,1,停机,False,正常,4803,45
2024-04-22 08:03:00,2024-04-22 08:10:00,8,重载牵引,False,正常,4804,45
2024-04-22 08:11:00,2024-04-22 08:13:00,3,停机,False,正常,4805,45
2024-04-22 08:14:00,2024-04-22 08:19:00,6,重载牵引,False,正常,4806,45
2024-04-22 08:20:00,2024-04-22 08:20:00,1,停机,False,正常,4807,45
2024-04-22 08:21:00,2024-04-22 08:29:00,9,重载牵引,False,正常,4808,45
2024-04-22 08:30:00,2024-04-22 08:30:00,1,空载牵引,False,正常,4809,45
2024-04-22 08:31:00,2024-04-22 08:40:00,10,重载牵引,False,正常,4810,45
2024-04-22 08:41:00,2024-04-22 08:44:00,4,停机,False,正常,4811,45
2024-04-22 08:45:00,2024-04-22 08:45:00,1,重载牵引,False,正常,4812,45
2024-04-22 08:46:00,2024-04-22 08:53:00,8,停机,False,正常,4813,45
2024-04-22 08:54:00,2024-04-22 09:00:00,7,重载牵引,False,正常,4814,45
2024-04-22 09:01:00,2024-04-22 09:01:00,1,待机,False,正常,4815,45
2024-04-22 09:02:00,2024-04-22 09:19:00,18,重载牵引,False,正常,4816,45
2024-04-22 09:20:00,2024-04-22 09:20:00,1,空载牵引,False,正常,4817,45
2024-04-22 09:21:00,2024-04-22 09:27:00,7,重载牵引,False,正常,4818,45
2024-04-22 09:28:00,2024-04-22 09:28:00,1,停机,False,正常,4819,45
2024-04-22 09:29:00,2024-04-22 09:36:00,8,重载牵引,False,正常,4820,45
2024-04-22 09:37:00,2024-04-22 09:37:00,1,待机,False,正常,4821,45
2024-04-22 09:38:00,2024-04-22 09:41:00,4,重载牵引,False,正常,4822,45
2024-04-22 09:42:00,2024-04-22 09:46:00,5,停机,False,正常,4823,45
2024-04-22 09:47:00,2024-04-22 09:57:00,11,重载牵引,False,正常,4824,45
2024-04-22 09:58:00,2024-04-22 09:58:00,1,停机,False,正常,4825,45
2024-04-22 09:59:00,2024-04-22 09:59:00,1,待机,False,正常,4826,45
2024-04-22 10:00:00,2024-04-22 10:01:00,2,重载牵引,False,正常,4827,45
2024-04-22 10:02:00,2024-04-22 10:02:00,1,待机,False,正常,4828,45
2024-04-22 10:03:00,2024-04-22 10:05:00,3,重载牵引,False,正常,4829,45
2024-04-22 10:06:00,2024-04-22 10:06:00,1,待机,False,正常,4830,45
2024-04-22 10:07:00,2024-04-22 10:11:00,5,重载牵引,False,正常,4831,45
2024-04-22 10:12:00,2024-04-22 10:12:00,1,待机,False,正常,4832,45
2024-04-22 10:13:00,2024-04-22 10:13:00,1,重载牵引,False,正常,4833,45
2024-04-22 10:14:00,2024-04-22 10:18:00,5,停机,False,正常,4834,45
2024-04-22 10:19:00,2024-04-22 10:19:00,1,重载牵引,False,正常,4835,45
2024-04-22 10:20:00,2024-04-22 10:28:00,9,停机,False,正常,4836,45
2024-04-22 10:29:00,2024-04-22 12:27:00,119,待机,False,正常,4837,45
2024-04-22 12:28:00,2024-04-22 15:36:00,189,停机,True,异常持续段（>154min 阈值）,4838,46
2024-04-22 15:37:00,2024-04-22 15:37:00,1,重载牵引,False,正常,4839,47
2024-04-22 15:38:00,2024-04-22 15:38:00,1,待机,False,正常,4840,47
2024-04-22 15:39:00,2024-04-22 16:04:00,26,停机,False,正常,4841,47
2024-04-22 16:05:00,2024-04-22 16:05:00,1,待机,False,正常,4842,47
2024-04-22 16:06:00,2024-04-22 16:08:00,3,停机,False,正常,4843,47
2024-04-22 16:09:00,2024-04-22 16:09:00,1,重载牵引,False,正常,4844,47
2024-04-22 16:10:00,2024-04-22 16:10:00,1,待机,False,正常,4845,47
2024-04-22 16:11:00,2024-04-22 16:19:00,9,重载牵引,False,正常,4846,47
2024-04-22 16:20:00,2024-04-22 16:20:00,1,停机,False,正常,4847,47
2024-04-22 16:21:00,2024-04-22 16:21:00,1,待机,False,正常,4848,47
2024-04-22 16:22:00,2024-04-22 16:22:00,1,重载牵引,False,正常,4849,47
2024-04-22 16:23:00,2024-04-22 16:23:00,1,待机,False,正常,4850,47
2024-04-22 16:24:00,2024-04-22 16:24:00,1,重载牵引,False,正常,4851,47
2024-04-22 16:25:00,2024-04-22 16:44:00,20,停机,False,正常,4852,47
2024-04-22 16:45:00,2024-04-22 16:46:00,2,重载牵引,False,正常,4853,47
2024-04-22 16:47:00,2024-04-22 16:50:00,4,停机,False,正常,4854,47
2024-04-22 16:51:00,2024-04-22 16:54:00,4,重载牵引,False,正常,4855,47
2024-04-22 16:55:00,2024-04-22 16:55:00,1,空载牵引,False,正常,4856,47
2024-04-22 16:56:00,2024-04-22 17:05:00,10,重载牵引,False,正常,4857,47
2024-04-22 17:06:00,2024-04-22 17:06:00,1,空载牵引,False,正常,4858,47
2024-04-22 17:07:00,2024-04-22 17:19:00,13,重载牵引,False,正常,4859,47
2024-04-22 17:20:00,2024-04-22 17:32:00,13,停机,False,正常,4860,47
2024-04-22 17:33:00,2024-04-22 17:40:00,8,重载牵引,False,正常,4861,47
2024-04-22 17:41:00,2024-04-22 17:46:00,6,停机,False,正常,4862,47
2024-04-22 17:47:00,2024-04-22 17:55:00,9,重载牵引,False,正常,4863,47
2024-04-22 17:56:00,2024-04-22 18:41:00,46,停机,False,正常,4864,47
2024-04-22 18:42:00,2024-04-22 19:04:00,23,重载牵引,False,正常,4865,47
2024-04-22 19:05:00,2024-04-22 19:06:00,2,停机,False,正常,4866,47
2024-04-22 19:07:00,2024-04-22 19:43:00,37,重载牵引,False,正常,4867,47
2024-04-22 19:44:00,2024-04-22 19:44:00,1,待机,False,正常,4868,47
2024-04-22 19:45:00,2024-04-22 19:46:00,2,重载牵引,False,正常,4869,47
2024-04-22 19:47:00,2024-04-22 19:47:00,1,待机,False,正常,4870,47
2024-04-22 19:48:00,2024-04-22 19:48:00,1,重载牵引,False,正常,4871,47
2024-04-22 19:49:00,2024-04-22 20:06:00,18,停机,False,正常,4872,47
2024-04-22 20:07:00,2024-04-22 20:14:00,8,重载牵引,False,正常,4873,47
2024-04-22 20:15:00,2024-04-22 20:15:00,1,停机,False,正常,4874,47
2024-04-22 20:16:00,2024-04-22 20:50:00,35,重载牵引,False,正常,4875,47
2024-04-22 20:51:00,2024-04-22 20:51:00,1,待机,False,正常,4876,47
2024-04-22 20:52:00,2024-04-22 20:55:00,4,停机,False,正常,4877,47
2024-04-22 20:56:00,2024-04-22 21:46:00,51,重载牵引,False,正常,4878,47
2024-04-22 21:47:00,2024-04-22 21:47:00,1,待机,False,正常,4879,47
2024-04-22 21:48:00,2024-04-22 21:49:00,2,停机,False,正常,4880,47
2024-04-22 21:50:00,2024-04-22 22:09:00,20,重载牵引,False,正常,4881,47
2024-04-22 22:10:00,2024-04-22 22:10:00,1,待机,False,正常,4882,47
2024-04-22 22:11:00,2024-04-22 22:12:00,2,重载牵引,False,正常,4883,47
2024-04-22 22:13:00,2024-04-22 22:13:00,1,空载牵引,False,正常,4884,47
2024-04-22 22:14:00,2024-04-22 22:15:00,2,重载牵引,False,正常,4885,47
2024-04-22 22:16:00,2024-04-22 22:16:00,1,待机,False,正常,4886,47
2024-04-22 22:17:00,2024-04-22 22:20:00,4,重载牵引,False,正常,4887,47
2024-04-22 22:21:00,2024-04-22 22:21:00,1,待机,False,正常,4888,47
2024-04-22 22:22:00,2024-04-22 22:22:00,1,空载牵引,False,正常,4889,47
2024-04-22 22:23:00,2024-04-22 22:24:00,2,重载牵引,False,正常,4890,47
2024-04-22 22:25:00,2024-04-22 22:49:00,25,停机,False,正常,4891,47
2024-04-22 22:50:00,2024-04-22 22:58:00,9,重载牵引,False,正常,4892,47
2024-04-22 22:59:00,2024-04-22 23:09:00,11,停机,False,正常,4893,47
2024-04-22 23:10:00,2024-04-22 23:49:00,40,重载牵引,False,正常,4894,47
2024-04-22 23:50:00,2024-04-22 23:56:00,7,停机,False,正常,4895,47
2024-04-22 23:57:00,2024-04-22 23:57:00,1,待机,False,正常,4896,47
2024-04-22 23:58:00,2024-04-22 23:59:00,2,重载牵引,False,正常,4897,47
2024-04-23 00:00:00,2024-04-23 00:00:00,1,停机,False,正常,4898,47
2024-04-23 00:01:00,2024-04-23 00:01:00,1,待机,False,正常,4899,47
2024-04-23 00:02:00,2024-04-23 00:04:00,3,停机,False,正常,4900,47
2024-04-23 00:05:00,2024-04-23 00:16:00,12,重载牵引,False,正常,4901,47
2024-04-23 00:17:00,2024-04-23 00:17:00,1,待机,False,正常,4902,47
2024-04-23 00:18:00,2024-04-23 00:19:00,2,重载牵引,False,正常,4903,47
2024-04-23 00:20:00,2024-04-23 00:20:00,1,待机,False,正常,4904,47
2024-04-23 00:21:00,2024-04-23 00:21:00,1,重载牵引,False,正常,4905,47
2024-04-23 00:22:00,2024-04-23 00:22:00,1,待机,False,正常,4906,47
2024-04-23 00:23:00,2024-04-23 00:31:00,9,重载牵引,False,正常,4907,47
2024-04-23 00:32:00,2024-04-23 00:32:00,1,待机,False,正常,4908,47
2024-04-23 00:33:00,2024-04-23 01:19:00,47,重载牵引,False,正常,4909,47
2024-04-23 01:20:00,2024-04-23 01:20:00,1,待机,False,正常,4910,47
2024-04-23 01:21:00,2024-04-23 01:21:00,1,停机,False,正常,4911,47
2024-04-23 01:22:00,2024-04-23 01:36:00,15,重载牵引,False,正常,4912,47
2024-04-23 01:37:00,2024-04-23 01:37:00,1,待机,False,正常,4913,47
2024-04-23 01:38:00,2024-04-23 01:47:00,10,重载牵引,False,正常,4914,47
2024-04-23 01:48:00,2024-04-23 01:52:00,5,停机,False,正常,4915,47
2024-04-23 01:53:00,2024-04-23 01:54:00,2,重载牵引,False,正常,4916,47
2024-04-23 01:55:00,2024-04-23 01:55:00,1,空载牵引,False,正常,4917,47
2024-04-23 01:56:00,2024-04-23 01:56:00,1,重载牵引,False,正常,4918,47
2024-04-23 01:57:00,2024-04-23 02:08:00,12,停机,False,正常,4919,47
2024-04-23 02:09:00,2024-04-23 02:11:00,3,重载牵引,False,正常,4920,47
2024-04-23 02:12:00,2024-04-23 02:13:00,2,停机,False,正常,4921,47
2024-04-23 02:14:00,2024-04-23 03:00:00,47,重载牵引,False,正常,4922,47
2024-04-23 03:01:00,2024-04-23 03:01:00,1,空载牵引,False,正常,4923,47
2024-04-23 03:02:00,2024-04-23 03:07:00,6,重载牵引,False,正常,4924,47
2024-04-23 03:08:00,2024-04-23 03:08:00,1,空载牵引,False,正常,4925,47
2024-04-23 03:09:00,2024-04-23 03:12:00,4,重载牵引,False,正常,4926,47
2024-04-23 03:13:00,2024-04-23 03:13:00,1,待机,False,正常,4927,47
2024-04-23 03:14:00,2024-04-23 03:55:00,42,重载牵引,False,正常,4928,47
2024-04-23 03:56:00,2024-04-23 03:56:00,1,待机,False,正常,4929,47
2024-04-23 03:57:00,2024-04-23 04:02:00,6,停机,False,正常,4930,47
2024-04-23 04:03:00,2024-04-23 04:11:00,9,重载牵引,False,正常,4931,47
2024-04-23 04:12:00,2024-04-23 04:12:00,1,待机,False,正常,4932,47
2024-04-23 04:13:00,2024-04-23 04:18:00,6,重载牵引,False,正常,4933,47
2024-04-23 04:19:00,2024-04-23 04:19:00,1,待机,False,正常,4934,47
2024-04-23 04:20:00,2024-04-23 04:22:00,3,重载牵引,False,正常,4935,47
2024-04-23 04:23:00,2024-04-23 04:23:00,1,待机,False,正常,4936,47
2024-04-23 04:24:00,2024-04-23 04:29:00,6,重载牵引,False,正常,4937,47
2024-04-23 04:30:00,2024-04-23 04:30:00,1,空载牵引,False,正常,4938,47
2024-04-23 04:31:00,2024-04-23 04:41:00,11,重载牵引,False,正常,4939,47
2024-04-23 04:42:00,2024-04-23 04:42:00,1,停机,False,正常,4940,47
2024-04-23 04:43:00,2024-04-23 04:59:00,17,重载牵引,False,正常,4941,47
2024-04-23 05:00:00,2024-04-23 05:02:00,3,停机,False,正常,4942,47
2024-04-23 05:03:00,2024-04-23 05:07:00,5,重载牵引,False,正常,4943,47
2024-04-23 05:08:00,2024-04-23 05:08:00,1,待机,False,正常,4944,47
2024-04-23 05:09:00,2024-04-23 05:10:00,2,停机,False,正常,4945,47
2024-04-23 05:11:00,2024-04-23 05:20:00,10,重载牵引,False,正常,4946,47
2024-04-23 05:21:00,2024-04-23 05:21:00,1,待机,False,正常,4947,47
2024-04-23 05:22:00,2024-04-23 05:44:00,23,重载牵引,False,正常,4948,47
2024-04-23 05:45:00,2024-04-23 05:45:00,1,空载牵引,False,正常,4949,47
2024-04-23 05:46:00,2024-04-23 05:53:00,8,重载牵引,False,正常,4950,47
2024-04-23 05:54:00,2024-04-23 05:54:00,1,停机,False,正常,4951,47
2024-04-23 05:55:00,2024-04-23 06:00:00,6,重载牵引,False,正常,4952,47
2024-04-23 06:01:00,2024-04-23 06:01:00,1,待机,False,正常,4953,47
2024-04-23 06:02:00,2024-04-23 06:56:00,55,重载牵引,False,正常,4954,47
2024-04-23 06:57:00,2024-04-23 06:59:00,3,停机,False,正常,4955,47
2024-04-23 07:00:00,2024-04-23 07:03:00,4,重载牵引,False,正常,4956,47
2024-04-23 07:04:00,2024-04-23 07:04:00,1,待机,False,正常,4957,47
2024-04-23 07:05:00,2024-04-23 07:10:00,6,重载牵引,False,正常,4958,47
2024-04-23 07:11:00,2024-04-23 07:12:00,2,停机,False,正常,4959,47
2024-04-23 07:13:00,2024-04-23 07:37:00,25,重载牵引,False,正常,4960,47
2024-04-23 07:38:00,2024-04-23 07:38:00,1,空载牵引,False,正常,4961,47
2024-04-23 07:39:00,2024-04-23 08:05:00,27,重载牵引,False,正常,4962,47
2024-04-23 08:06:00,2024-04-23 08:06:00,1,空载牵引,False,正常,4963,47
2024-04-23 08:07:00,2024-04-23 08:07:00,1,待机,False,正常,4964,47
2024-04-23 08:08:00,2024-04-23 08:12:00,5,重载牵引,False,正常,4965,47
2024-04-23 08:13:00,2024-04-23 08:13:00,1,空载牵引,False,正常,4966,47
2024-04-23 08:14:00,2024-04-23 08:15:00,2,重载牵引,False,正常,4967,47
2024-04-23 08:16:00,2024-04-23 08:17:00,2,停机,False,正常,4968,47
2024-04-23 08:18:00,2024-04-23 08:37:00,20,重载牵引,False,正常,4969,47
2024-04-23 08:38:00,2024-04-23 08:43:00,6,停机,False,正常,4970,47
2024-04-23 08:44:00,2024-04-23 08:49:00,6,重载牵引,False,正常,4971,47
2024-04-23 08:50:00,2024-04-23 08:57:00,8,停机,False,正常,4972,47
2024-04-23 08:58:00,2024-04-23 08:59:00,2,重载牵引,False,正常,4973,47
2024-04-23 09:00:00,2024-04-23 09:00:00,1,空载牵引,False,正常,4974,47
2024-04-23 09:01:00,2024-04-23 09:12:00,12,停机,False,正常,4975,47
2024-04-23 09:13:00,2024-04-23 09:13:00,1,重载牵引,False,正常,4976,47
2024-04-23 09:14:00,2024-04-23 11:37:00,144,待机,True,异常持续段（>120min 阈值）,4977,48
2024-04-23 11:38:00,2024-04-23 12:49:00,72,停机,False,正常,4978,49
2024-04-23 12:50:00,2024-04-23 14:17:00,88,待机,False,正常,4979,49
2024-04-23 14:18:00,2024-04-23 15:43:00,86,停机,False,正常,4980,49
2024-04-23 15:44:00,2024-04-23 15:45:00,2,待机,False,正常,4981,49
2024-04-23 15:46:00,2024-04-23 15:53:00,8,停机,False,正常,4982,49
2024-04-23 15:54:00,2024-04-23 15:54:00,1,待机,False,正常,4983,49
2024-04-23 15:55:00,2024-04-23 16:04:00,10,停机,False,正常,4984,49
2024-04-23 16:05:00,2024-04-23 16:05:00,1,待机,False,正常,4985,49
2024-04-23 16:06:00,2024-04-23 16:11:00,6,重载牵引,False,正常,4986,49
2024-04-23 16:12:00,2024-04-23 16:16:00,5,停机,False,正常,4987,49
2024-04-23 16:17:00,2024-04-23 16:22:00,6,重载牵引,False,正常,4988,49
2024-04-23 16:23:00,2024-04-23 16:23:00,1,停机,False,正常,4989,49
2024-04-23 16:24:00,2024-04-23 16:27:00,4,重载牵引,False,正常,4990,49
2024-04-23 16:28:00,2024-04-23 16:44:00,17,停机,False,正常,4991,49
2024-04-23 16:45:00,2024-04-23 16:51:00,7,重载牵引,False,正常,4992,49
2024-04-23 16:52:00,2024-04-23 16:52:00,1,待机,False,正常,4993,49
2024-04-23 16:53:00,2024-04-23 17:09:00,17,重载牵引,False,正常,4994,49
2024-04-23 17:10:00,2024-04-23 17:10:00,1,待机,False,正常,4995,49
2024-04-23 17:11:00,2024-04-23 17:11:00,1,重载牵引,False,正常,4996,49
2024-04-23 17:12:00,2024-04-23 17:53:00,42,停机,False,正常,4997,49
2024-04-23 17:54:00,2024-04-23 18:01:00,8,重载牵引,False,正常,4998,49
2024-04-23 18:02:00,2024-04-23 18:02:00,1,待机,False,正常,4999,49
2024-04-23 18:03:00,2024-04-23 18:05:00,3,重载牵引,False,正常,5000,49
2024-04-23 18:06:00,2024-04-23 18:06:00,1,待机,False,正常,5001,49
2024-04-23 18:07:00,2024-04-23 18:10:00,4,停机,False,正常,5002,49
2024-04-23 18:11:00,2024-04-23 18:32:00,22,重载牵引,False,正常,5003,49
2024-04-23 18:33:00,2024-04-23 18:33:00,1,停机,False,正常,5004,49
2024-04-23 18:34:00,2024-04-23 19:01:00,28,重载牵引,False,正常,5005,49
2024-04-23 19:02:00,2024-04-23 19:02:00,1,空载牵引,False,正常,5006,49
2024-04-23 19:03:00,2024-04-23 19:13:00,11,重载牵引,False,正常,5007,49
2024-04-23 19:14:00,2024-04-23 19:16:00,3,停机,False,正常,5008,49
2024-04-23 19:17:00,2024-04-23 19:27:00,11,重载牵引,False,正常,5009,49
2024-04-23 19:28:00,2024-04-23 19:28:00,1,待机,False,正常,5010,49
2024-04-23 19:29:00,2024-04-23 19:32:00,4,重载牵引,False,正常,5011,49
2024-04-23 19:33:00,2024-04-23 19:33:00,1,待机,False,正常,5012,49
2024-04-23 19:34:00,2024-04-23 19:41:00,8,重载牵引,False,正常,5013,49
2024-04-23 19:42:00,2024-04-23 19:44:00,3,停机,False,正常,5014,49
2024-04-23 19:45:00,2024-04-23 19:54:00,10,重载牵引,False,正常,5015,49
2024-04-23 19:55:00,2024-04-23 19:59:00,5,停机,False,正常,5016,49
2024-04-23 20:00:00,2024-04-23 20:05:00,6,重载牵引,False,正常,5017,49
2024-04-23 20:06:00,2024-04-23 20:06:00,1,待机,False,正常,5018,49
2024-04-23 20:07:00,2024-04-23 20:08:00,2,重载牵引,False,正常,5019,49
2024-04-23 20:09:00,2024-04-23 20:14:00,6,停机,False,正常,5020,49
2024-04-23 20:15:00,2024-04-23 20:35:00,21,重载牵引,False,正常,5021,49
2024-04-23 20:36:00,2024-04-23 20:36:00,1,空载牵引,False,正常,5022,49
2024-04-23 20:37:00,2024-04-23 20:43:00,7,重载牵引,False,正常,5023,49
2024-04-23 20:44:00,2024-04-23 20:44:00,1,待机,False,正常,5024,49
2024-04-23 20:45:00,2024-04-23 20:47:00,3,重载牵引,False,正常,5025,49
2024-04-23 20:48:00,2024-04-23 20:48:00,1,待机,False,正常,5026,49
2024-04-23 20:49:00,2024-04-23 20:51:00,3,重载牵引,False,正常,5027,49
2024-04-23 20:52:00,2024-04-23 20:56:00,5,停机,False,正常,5028,49
2024-04-23 20:57:00,2024-04-23 21:22:00,26,重载牵引,False,正常,5029,49
2024-04-23 21:23:00,2024-04-23 21:23:00,1,待机,False,正常,5030,49
2024-04-23 21:24:00,2024-04-23 21:29:00,6,重载牵引,False,正常,5031,49
2024-04-23 21:30:00,2024-04-23 21:30:00,1,待机,False,正常,5032,49
2024-04-23 21:31:00,2024-04-23 21:43:00,13,重载牵引,False,正常,5033,49
2024-04-23 21:44:00,2024-04-23 21:44:00,1,待机,False,正常,5034,49
2024-04-23 21:45:00,2024-04-23 21:45:00,1,停机,False,正常,5035,49
2024-04-23 21:46:00,2024-04-23 21:55:00,10,重载牵引,False,正常,5036,49
2024-04-23 21:56:00,2024-04-23 21:56:00,1,停机,False,正常,5037,49
2024-04-23 21:57:00,2024-04-23 21:58:00,2,重载牵引,False,正常,5038,49
2024-04-23 21:59:00,2024-04-23 21:59:00,1,停机,False,正常,5039,49
2024-04-23 22:00:00,2024-04-23 22:04:00,5,重载牵引,False,正常,5040,49
2024-04-23 22:05:00,2024-04-23 22:05:00,1,停机,False,正常,5041,49
2024-04-23 22:06:00,2024-04-23 22:16:00,11,重载牵引,False,正常,5042,49
2024-04-23 22:17:00,2024-04-23 22:17:00,1,空载牵引,False,正常,5043,49
2024-04-23 22:18:00,2024-04-23 22:18:00,1,停机,False,正常,5044,49
2024-04-23 22:19:00,2024-04-23 22:19:00,1,重载牵引,False,正常,5045,49
2024-04-23 22:20:00,2024-04-23 22:20:00,1,停机,False,正常,5046,49
2024-04-23 22:21:00,2024-04-23 22:24:00,4,重载牵引,False,正常,5047,49
2024-04-23 22:25:00,2024-04-23 22:26:00,2,空载牵引,False,正常,5048,49
2024-04-23 22:27:00,2024-04-23 22:32:00,6,重载牵引,False,正常,5049,49
2024-04-23 22:33:00,2024-04-23 22:33:00,1,停机,False,正常,5050,49
2024-04-23 22:34:00,2024-04-23 22:45:00,12,重载牵引,False,正常,5051,49
2024-04-23 22:46:00,2024-04-23 22:46:00,1,待机,False,正常,5052,49
2024-04-23 22:47:00,2024-04-23 22:55:00,9,重载牵引,False,正常,5053,49
2024-04-23 22:56:00,2024-04-23 22:56:00,1,待机,False,正常,5054,49
2024-04-23 22:57:00,2024-04-23 23:11:00,15,重载牵引,False,正常,5055,49
2024-04-23 23:12:00,2024-04-23 23:12:00,1,停机,False,正常,5056,49
2024-04-23 23:13:00,2024-04-23 23:13:00,1,重载牵引,False,正常,5057,49
2024-04-23 23:14:00,2024-04-23 23:15:00,2,停机,False,正常,5058,49
2024-04-23 23:16:00,2024-04-23 23:30:00,15,重载牵引,False,正常,5059,49
2024-04-23 23:31:00,2024-04-23 23:31:00,1,停机,False,正常,5060,49
2024-04-23 23:32:00,2024-04-23 23:46:00,15,重载牵引,False,正常,5061,49
2024-04-23 23:47:00,2024-04-23 23:48:00,2,待机,False,正常,5062,49
2024-04-23 23:49:00,2024-04-23 23:55:00,7,停机,False,正常,5063,49
2024-04-23 23:56:00,2024-04-24 00:02:00,7,重载牵引,False,正常,5064,49
2024-04-24 00:03:00,2024-04-24 00:03:00,1,待机,False,正常,5065,49
2024-04-24 00:04:00,2024-04-24 00:21:00,18,重载牵引,False,正常,5066,49
2024-04-24 00:22:00,2024-04-24 00:24:00,3,停机,False,正常,5067,49
2024-04-24 00:25:00,2024-04-24 00:27:00,3,重载牵引,False,正常,5068,49
2024-04-24 00:28:00,2024-04-24 00:28:00,1,停机,False,正常,5069,49
2024-04-24 00:29:00,2024-04-24 00:48:00,20,重载牵引,False,正常,5070,49
2024-04-24 00:49:00,2024-04-24 00:49:00,1,待机,False,正常,5071,49
2024-04-24 00:50:00,2024-04-24 00:51:00,2,重载牵引,False,正常,5072,49
2024-04-24 00:52:00,2024-04-24 00:53:00,2,停机,False,正常,5073,49
2024-04-24 00:54:00,2024-04-24 01:52:00,59,重载牵引,False,正常,5074,49
2024-04-24 01:53:00,2024-04-24 01:53:00,1,待机,False,正常,5075,49
2024-04-24 01:54:00,2024-04-24 01:55:00,2,重载牵引,False,正常,5076,49
2024-04-24 01:56:00,2024-04-24 01:56:00,1,停机,False,正常,5077,49
2024-04-24 01:57:00,2024-04-24 01:57:00,1,待机,False,正常,5078,49
2024-04-24 01:58:00,2024-04-24 01:59:00,2,重载牵引,False,正常,5079,49
2024-04-24 02:00:00,2024-04-24 02:00:00,1,停机,False,正常,5080,49
2024-04-24 02:01:00,2024-04-24 02:01:00,1,重载牵引,False,正常,5081,49
2024-04-24 02:02:00,2024-04-24 02:02:00,1,停机,False,正常,5082,49
2024-04-24 02:03:00,2024-04-24 02:03:00,1,待机,False,正常,5083,49
2024-04-24 02:04:00,2024-04-24 02:05:00,2,重载牵引,False,正常,5084,49
2024-04-24 02:06:00,2024-04-24 02:11:00,6,停机,False,正常,5085,49
2024-04-24 02:12:00,2024-04-24 02:12:00,1,重载牵引,False,正常,5086,49
2024-04-24 02:13:00,2024-04-24 02:13:00,1,停机,False,正常,5087,49
2024-04-24 02:14:00,2024-04-24 02:22:00,9,重载牵引,False,正常,5088,49
2024-04-24 02:23:00,2024-04-24 02:29:00,7,停机,False,正常,5089,49
2024-04-24 02:30:00,2024-04-24 02:30:00,1,重载牵引,False,正常,5090,49
2024-04-24 02:31:00,2024-04-24 02:31:00,1,待机,False,正常,5091,49
2024-04-24 02:32:00,2024-04-24 02:32:00,1,重载牵引,False,正常,5092,49
2024-04-24 02:33:00,2024-04-24 02:33:00,1,待机,False,正常,5093,49
2024-04-24 02:34:00,2024-04-24 02:53:00,20,重载牵引,False,正常,5094,49
2024-04-24 02:54:00,2024-04-24 03:49:00,56,停机,False,正常,5095,49
2024-04-24 03:50:00,2024-04-24 03:50:00,1,待机,False,正常,5096,49
2024-04-24 03:51:00,2024-04-24 04:00:00,10,停机,False,正常,5097,49
2024-04-24 04:01:00,2024-04-24 04:08:00,8,重载牵引,False,正常,5098,49
2024-04-24 04:09:00,2024-04-24 04:09:00,1,待机,False,正常,5099,49
2024-04-24 04:10:00,2024-04-24 04:18:00,9,重载牵引,False,正常,5100,49
2024-04-24 04:19:00,2024-04-24 04:19:00,1,空载牵引,False,正常,5101,49
2024-04-24 04:20:00,2024-04-24 05:06:00,47,重载牵引,False,正常,5102,49
2024-04-24 05:07:00,2024-04-24 05:07:00,1,停机,False,正常,5103,49
2024-04-24 05:08:00,2024-04-24 05:13:00,6,重载牵引,False,正常,5104,49
2024-04-24 05:14:00,2024-04-24 05:15:00,2,停机,False,正常,5105,49
2024-04-24 05:16:00,2024-04-24 05:18:00,3,重载牵引,False,正常,5106,49
2024-04-24 05:19:00,2024-04-24 05:20:00,2,待机,False,正常,5107,49
2024-04-24 05:21:00,2024-04-24 05:28:00,8,重载牵引,False,正常,5108,49
2024-04-24 05:29:00,2024-04-24 05:29:00,1,待机,False,正常,5109,49
2024-04-24 05:30:00,2024-04-24 05:41:00,12,重载牵引,False,正常,5110,49
2024-04-24 05:42:00,2024-04-24 05:42:00,1,待机,False,正常,5111,49
2024-04-24 05:43:00,2024-04-24 06:03:00,21,重载牵引,False,正常,5112,49
2024-04-24 06:04:00,2024-04-24 07:23:00,80,停机,False,正常,5113,49
2024-04-24 07:24:00,2024-04-24 08:13:00,50,待机,False,正常,5114,49
2024-04-24 08:14:00,2024-04-24 08:16:00,3,停机,False,正常,5115,49
2024-04-24 08:17:00,2024-04-24 08:28:00,12,待机,False,正常,5116,49
2024-04-24 08:29:00,2024-04-24 08:29:00,1,停机,False,正常,5117,49
2024-04-24 08:30:00,2024-04-24 09:08:00,39,待机,False,正常,5118,49
2024-04-24 09:09:00,2024-04-24 09:13:00,5,停机,False,正常,5119,49
2024-04-24 09:14:00,2024-04-24 09:48:00,35,待机,False,正常,5120,49
2024-04-24 09:49:00,2024-04-24 09:49:00,1,停机,False,正常,5121,49
2024-04-24 09:50:00,2024-04-24 14:18:00,269,待机,True,通讯中断/传感器休眠（段持续 >= 4h）,5122,50
2024-04-24 14:19:00,2024-04-24 14:22:00,4,停机,False,正常,5123,51
2024-04-24 14:23:00,2024-04-24 14:58:00,36,待机,False,正常,5124,51
2024-04-24 14:59:00,2024-04-24 15:01:00,3,停机,False,正常,5125,51
2024-04-24 15:02:00,2024-04-24 15:02:00,1,待机,False,正常,5126,51
2024-04-24 15:03:00,2024-04-24 15:16:00,14,停机,False,正常,5127,51
2024-04-24 15:17:00,2024-04-24 15:17:00,1,待机,False,正常,5128,51
2024-04-24 15:18:00,2024-04-24 15:18:00,1,停机,False,正常,5129,51
2024-04-24 15:19:00,2024-04-24 15:19:00,1,重载牵引,False,正常,5130,51
2024-04-24 15:20:00,2024-04-24 15:30:00,11,停机,False,正常,5131,51
2024-04-24 15:31:00,2024-04-24 15:31:00,1,待机,False,正常,5132,51
2024-04-24 15:32:00,2024-04-24 15:38:00,7,停机,False,正常,5133,51
2024-04-24 15:39:00,2024-04-24 15:41:00,3,重载牵引,False,正常,5134,51
2024-04-24 15:42:00,2024-04-24 15:42:00,1,待机,False,正常,5135,51
2024-04-24 15:43:00,2024-04-24 15:45:00,3,重载牵引,False,正常,5136,51
2024-04-24 15:46:00,2024-04-24 15:50:00,5,停机,False,正常,5137,51
2024-04-24 15:51:00,2024-04-24 16:27:00,37,重载牵引,False,正常,5138,51
2024-04-24 16:28:00,2024-04-24 16:29:00,2,停机,False,正常,5139,51
2024-04-24 16:30:00,2024-04-24 16:36:00,7,重载牵引,False,正常,5140,51
2024-04-24 16:37:00,2024-04-24 16:39:00,3,停机,False,正常,5141,51
2024-04-24 16:40:00,2024-04-24 16:49:00,10,重载牵引,False,正常,5142,51
2024-04-24 16:50:00,2024-04-24 16:50:00,1,空载牵引,False,正常,5143,51
2024-04-24 16:51:00,2024-04-24 16:51:00,1,重载牵引,False,正常,5144,51
2024-04-24 16:52:00,2024-04-24 16:52:00,1,空载牵引,False,正常,5145,51
2024-04-24 16:53:00,2024-04-24 17:08:00,16,重载牵引,False,正常,5146,51
2024-04-24 17:09:00,2024-04-24 17:52:00,44,停机,False,正常,5147,51
2024-04-24 17:53:00,2024-04-24 18:01:00,9,重载牵引,False,正常,5148,51
2024-04-24 18:02:00,2024-04-24 18:03:00,2,停机,False,正常,5149,51
2024-04-24 18:04:00,2024-04-24 18:11:00,8,重载牵引,False,正常,5150,51
2024-04-24 18:12:00,2024-04-24 18:12:00,1,待机,False,正常,5151,51
2024-04-24 18:13:00,2024-04-24 18:43:00,31,重载牵引,False,正常,5152,51
2024-04-24 18:44:00,2024-04-24 18:44:00,1,待机,False,正常,5153,51
2024-04-24 18:45:00,2024-04-24 18:45:00,1,重载牵引,False,正常,5154,51
2024-04-24 18:46:00,2024-04-24 19:05:00,20,停机,False,正常,5155,51
2024-04-24 19:06:00,2024-04-24 19:18:00,13,重载牵引,False,正常,5156,51
2024-04-24 19:19:00,2024-04-24 19:36:00,18,停机,False,正常,5157,51
2024-04-24 19:37:00,2024-04-24 19:39:00,3,重载牵引,False,正常,5158,51
2024-04-24 19:40:00,2024-04-24 19:40:00,1,待机,False,正常,5159,51
2024-04-24 19:41:00,2024-04-24 19:51:00,11,重载牵引,False,正常,5160,51
2024-04-24 19:52:00,2024-04-24 19:52:00,1,待机,False,正常,5161,51
2024-04-24 19:53:00,2024-04-24 19:54:00,2,重载牵引,False,正常,5162,51
2024-04-24 19:55:00,2024-04-24 19:55:00,1,待机,False,正常,5163,51
2024-04-24 19:56:00,2024-04-24 20:00:00,5,重载牵引,False,正常,5164,51
2024-04-24 20:01:00,2024-04-24 20:01:00,1,待机,False,正常,5165,51
2024-04-24 20:02:00,2024-04-24 20:03:00,2,停机,False,正常,5166,51
2024-04-24 20:04:00,2024-04-24 20:15:00,12,重载牵引,False,正常,5167,51
2024-04-24 20:16:00,2024-04-24 20:16:00,1,待机,False,正常,5168,51
2024-04-24 20:17:00,2024-04-24 20:17:00,1,重载牵引,False,正常,5169,51
2024-04-24 20:18:00,2024-04-24 20:18:00,1,待机,False,正常,5170,51
2024-04-24 20:19:00,2024-04-24 20:19:00,1,停机,False,正常,5171,51
2024-04-24 20:20:00,2024-04-24 20:28:00,9,重载牵引,False,正常,5172,51
2024-04-24 20:29:00,2024-04-24 20:31:00,3,停机,False,正常,5173,51
2024-04-24 20:32:00,2024-04-24 20:39:00,8,重载牵引,False,正常,5174,51
2024-04-24 20:40:00,2024-04-24 20:40:00,1,待机,False,正常,5175,51
2024-04-24 20:41:00,2024-04-24 21:01:00,21,重载牵引,False,正常,5176,51
2024-04-24 21:02:00,2024-04-24 21:02:00,1,停机,False,正常,5177,51
2024-04-24 21:03:00,2024-04-24 21:12:00,10,重载牵引,False,正常,5178,51
2024-04-24 21:13:00,2024-04-24 21:21:00,9,停机,False,正常,5179,51
2024-04-24 21:22:00,2024-04-24 21:32:00,11,重载牵引,False,正常,5180,51
2024-04-24 21:33:00,2024-04-24 21:33:00,1,待机,False,正常,5181,51
2024-04-24 21:34:00,2024-04-24 21:36:00,3,重载牵引,False,正常,5182,51
2024-04-24 21:37:00,2024-04-24 21:46:00,10,停机,False,正常,5183,51
2024-04-24 21:47:00,2024-04-24 21:49:00,3,重载牵引,False,正常,5184,51
2024-04-24 21:50:00,2024-04-24 21:51:00,2,停机,False,正常,5185,51
2024-04-24 21:52:00,2024-04-24 22:07:00,16,重载牵引,False,正常,5186,51
2024-04-24 22:08:00,2024-04-24 22:08:00,1,待机,False,正常,5187,51
2024-04-24 22:09:00,2024-04-24 22:18:00,10,重载牵引,False,正常,5188,51
2024-04-24 22:19:00,2024-04-24 22:19:00,1,停机,False,正常,5189,51
2024-04-24 22:20:00,2024-04-24 22:39:00,20,重载牵引,False,正常,5190,51
2024-04-24 22:40:00,2024-04-24 22:40:00,1,停机,False,正常,5191,51
2024-04-24 22:41:00,2024-04-24 22:41:00,1,重载牵引,False,正常,5192,51
2024-04-24 22:42:00,2024-04-24 22:42:00,1,停机,False,正常,5193,51
2024-04-24 22:43:00,2024-04-24 23:25:00,43,重载牵引,False,正常,5194,51
2024-04-24 23:26:00,2024-04-24 23:34:00,9,停机,False,正常,5195,51
2024-04-24 23:35:00,2024-04-24 23:35:00,1,待机,False,正常,5196,51
2024-04-24 23:36:00,2024-04-24 23:39:00,4,重载牵引,False,正常,5197,51
2024-04-24 23:40:00,2024-04-24 23:42:00,3,停机,False,正常,5198,51
2024-04-24 23:43:00,2024-04-24 23:43:00,1,重载牵引,False,正常,5199,51
2024-04-24 23:44:00,2024-04-24 23:44:00,1,停机,False,正常,5200,51
2024-04-24 23:45:00,2024-04-24 23:45:00,1,待机,False,正常,5201,51
2024-04-24 23:46:00,2024-04-24 23:49:00,4,停机,False,正常,5202,51
2024-04-24 23:50:00,2024-04-24 23:50:00,1,重载牵引,False,正常,5203,51
2024-04-24 23:51:00,2024-04-25 00:04:00,14,停机,False,正常,5204,51
2024-04-25 00:05:00,2024-04-25 00:21:00,17,重载牵引,False,正常,5205,51
2024-04-25 00:22:00,2024-04-25 00:22:00,1,待机,False,正常,5206,51
2024-04-25 00:23:00,2024-04-25 00:32:00,10,重载牵引,False,正常,5207,51
2024-04-25 00:33:00,2024-04-25 00:33:00,1,待机,False,正常,5208,51
2024-04-25 00:34:00,2024-04-25 00:41:00,8,重载牵引,False,正常,5209,51
2024-04-25 00:42:00,2024-04-25 00:42:00,1,空载牵引,False,正常,5210,51
2024-04-25 00:43:00,2024-04-25 00:44:00,2,待机,False,正常,5211,51
2024-04-25 00:45:00,2024-04-25 00:45:00,1,重载牵引,False,正常,5212,51
2024-04-25 00:46:00,2024-04-25 00:46:00,1,待机,False,正常,5213,51
2024-04-25 00:47:00,2024-04-25 00:58:00,12,重载牵引,False,正常,5214,51
2024-04-25 00:59:00,2024-04-25 00:59:00,1,待机,False,正常,5215,51
2024-04-25 01:00:00,2024-04-25 01:06:00,7,重载牵引,False,正常,5216,51
2024-04-25 01:07:00,2024-04-25 01:07:00,1,待机,False,正常,5217,51
2024-04-25 01:08:00,2024-04-25 01:08:00,1,停机,False,正常,5218,51
2024-04-25 01:09:00,2024-04-25 01:21:00,13,重载牵引,False,正常,5219,51
2024-04-25 01:22:00,2024-04-25 01:23:00,2,待机,False,正常,5220,51
2024-04-25 01:24:00,2024-04-25 01:24:00,1,停机,False,正常,5221,51
2024-04-25 01:25:00,2024-04-25 01:31:00,7,重载牵引,False,正常,5222,51
2024-04-25 01:32:00,2024-04-25 01:33:00,2,待机,False,正常,5223,51
2024-04-25 01:34:00,2024-04-25 01:50:00,17,重载牵引,False,正常,5224,51
2024-04-25 01:51:00,2024-04-25 01:51:00,1,停机,False,正常,5225,51
2024-04-25 01:52:00,2024-04-25 02:01:00,10,重载牵引,False,正常,5226,51
2024-04-25 02:02:00,2024-04-25 02:02:00,1,待机,False,正常,5227,51
2024-04-25 02:03:00,2024-04-25 02:03:00,1,重载牵引,False,正常,5228,51
2024-04-25 02:04:00,2024-04-25 02:04:00,1,空载牵引,False,正常,5229,51
2024-04-25 02:05:00,2024-04-25 02:10:00,6,重载牵引,False,正常,5230,51
2024-04-25 02:11:00,2024-04-25 02:12:00,2,停机,False,正常,5231,51
2024-04-25 02:13:00,2024-04-25 02:16:00,4,重载牵引,False,正常,5232,51
2024-04-25 02:17:00,2024-04-25 02:17:00,1,待机,False,正常,5233,51
2024-04-25 02:18:00,2024-04-25 02:22:00,5,重载牵引,False,正常,5234,51
2024-04-25 02:23:00,2024-04-25 02:23:00,1,待机,False,正常,5235,51
2024-04-25 02:24:00,2024-04-25 02:24:00,1,重载牵引,False,正常,5236,51
2024-04-25 02:25:00,2024-04-25 02:30:00,6,停机,False,正常,5237,51
2024-04-25 02:31:00,2024-04-25 02:32:00,2,待机,False,正常,5238,51
2024-04-25 02:33:00,2024-04-25 02:34:00,2,重载牵引,False,正常,5239,51
2024-04-25 02:35:00,2024-04-25 02:35:00,1,停机,False,正常,5240,51
2024-04-25 02:36:00,2024-04-25 03:10:00,35,重载牵引,False,正常,5241,51
2024-04-25 03:11:00,2024-04-25 03:11:00,1,停机,False,正常,5242,51
2024-04-25 03:12:00,2024-04-25 03:14:00,3,重载牵引,False,正常,5243,51
2024-04-25 03:15:00,2024-04-25 03:28:00,14,停机,False,正常,5244,51
2024-04-25 03:29:00,2024-04-25 03:29:00,1,待机,False,正常,5245,51
2024-04-25 03:30:00,2024-04-25 03:30:00,1,重载牵引,False,正常,5246,51
2024-04-25 03:31:00,2024-04-25 03:31:00,1,待机,False,正常,5247,51
2024-04-25 03:32:00,2024-04-25 03:55:00,24,重载牵引,False,正常,5248,51
2024-04-25 03:56:00,2024-04-25 03:56:00,1,待机,False,正常,5249,51
2024-04-25 03:57:00,2024-04-25 03:57:00,1,重载牵引,False,正常,5250,51
2024-04-25 03:58:00,2024-04-25 03:59:00,2,停机,False,正常,5251,51
2024-04-25 04:00:00,2024-04-25 04:01:00,2,重载牵引,False,正常,5252,51
2024-04-25 04:02:00,2024-04-25 04:02:00,1,空载牵引,False,正常,5253,51
2024-04-25 04:03:00,2024-04-25 04:05:00,3,重载牵引,False,正常,5254,51
2024-04-25 04:06:00,2024-04-25 04:06:00,1,待机,False,正常,5255,51
2024-04-25 04:07:00,2024-04-25 04:20:00,14,重载牵引,False,正常,5256,51
2024-04-25 04:21:00,2024-04-25 04:21:00,1,待机,False,正常,5257,51
2024-04-25 04:22:00,2024-04-25 04:24:00,3,停机,False,正常,5258,51
2024-04-25 04:25:00,2024-04-25 04:36:00,12,重载牵引,False,正常,5259,51
2024-04-25 04:37:00,2024-04-25 04:37:00,1,停机,False,正常,5260,51
2024-04-25 04:38:00,2024-04-25 04:38:00,1,待机,False,正常,5261,51
2024-04-25 04:39:00,2024-04-25 04:39:00,1,停机,False,正常,5262,51
2024-04-25 04:40:00,2024-04-25 04:51:00,12,重载牵引,False,正常,5263,51
2024-04-25 04:52:00,2024-04-25 04:52:00,1,待机,False,正常,5264,51
2024-04-25 04:53:00,2024-04-25 04:57:00,5,重载牵引,False,正常,5265,51
2024-04-25 04:58:00,2024-04-25 04:58:00,1,停机,False,正常,5266,51
2024-04-25 04:59:00,2024-04-25 05:04:00,6,重载牵引,False,正常,5267,51
2024-04-25 05:05:00,2024-04-25 05:05:00,1,停机,False,正常,5268,51
2024-04-25 05:06:00,2024-04-25 05:09:00,4,重载牵引,False,正常,5269,51
2024-04-25 05:10:00,2024-04-25 05:10:00,1,待机,False,正常,5270,51
2024-04-25 05:11:00,2024-04-25 05:16:00,6,重载牵引,False,正常,5271,51
2024-04-25 05:17:00,2024-04-25 05:17:00,1,待机,False,正常,5272,51
2024-04-25 05:18:00,2024-04-25 05:30:00,13,重载牵引,False,正常,5273,51
2024-04-25 05:31:00,2024-04-25 05:33:00,3,停机,False,正常,5274,51
2024-04-25 05:34:00,2024-04-25 05:43:00,10,重载牵引,False,正常,5275,51
2024-04-25 05:44:00,2024-04-25 05:44:00,1,待机,False,正常,5276,51
2024-04-25 05:45:00,2024-04-25 05:46:00,2,重载牵引,False,正常,5277,51
2024-04-25 05:47:00,2024-04-25 05:48:00,2,停机,False,正常,5278,51
2024-04-25 05:49:00,2024-04-25 06:30:00,42,重载牵引,False,正常,5279,51
2024-04-25 06:31:00,2024-04-25 06:31:00,1,待机,False,正常,5280,51
2024-04-25 06:32:00,2024-04-25 06:32:00,1,重载牵引,False,正常,5281,51
2024-04-25 06:33:00,2024-04-25 06:37:00,5,停机,False,正常,5282,51
2024-04-25 06:38:00,2024-04-25 06:38:00,1,重载牵引,False,正常,5283,51
2024-04-25 06:39:00,2024-04-25 06:39:00,1,停机,False,正常,5284,51
2024-04-25 06:40:00,2024-04-25 06:46:00,7,重载牵引,False,正常,5285,51
2024-04-25 06:47:00,2024-04-25 06:47:00,1,待机,False,正常,5286,51
2024-04-25 06:48:00,2024-04-25 06:53:00,6,重载牵引,False,正常,5287,51
2024-04-25 06:54:00,2024-04-25 06:54:00,1,待机,False,正常,5288,51
2024-04-25 06:55:00,2024-04-25 06:55:00,1,重载牵引,False,正常,5289,51
2024-04-25 06:56:00,2024-04-25 06:57:00,2,待机,False,正常,5290,51
2024-04-25 06:58:00,2024-04-25 06:59:00,2,重载牵引,False,正常,5291,51
2024-04-25 07:00:00,2024-04-25 07:00:00,1,待机,False,正常,5292,51
2024-04-25 07:01:00,2024-04-25 07:01:00,1,停机,False,正常,5293,51
2024-04-25 07:02:00,2024-04-25 07:12:00,11,重载牵引,False,正常,5294,51
2024-04-25 07:13:00,2024-04-25 07:13:00,1,停机,False,正常,5295,51
2024-04-25 07:14:00,2024-04-25 07:20:00,7,重载牵引,False,正常,5296,51
2024-04-25 07:21:00,2024-04-25 07:21:00,1,待机,False,正常,5297,51
2024-04-25 07:22:00,2024-04-25 07:26:00,5,重载牵引,False,正常,5298,51
2024-04-25 07:27:00,2024-04-25 07:27:00,1,待机,False,正常,5299,51
2024-04-25 07:28:00,2024-04-25 07:30:00,3,重载牵引,False,正常,5300,51
2024-04-25 07:31:00,2024-04-25 07:33:00,3,停机,False,正常,5301,51
2024-04-25 07:34:00,2024-04-25 07:42:00,9,重载牵引,False,正常,5302,51
2024-04-25 07:43:00,2024-04-25 07:45:00,3,停机,False,正常,5303,51
2024-04-25 07:46:00,2024-04-25 07:49:00,4,重载牵引,False,正常,5304,51
2024-04-25 07:50:00,2024-04-25 07:50:00,1,待机,False,正常,5305,51
2024-04-25 07:51:00,2024-04-25 08:00:00,10,重载牵引,False,正常,5306,51
2024-04-25 08:01:00,2024-04-25 08:01:00,1,停机,False,正常,5307,51
2024-04-25 08:02:00,2024-04-25 08:04:00,3,重载牵引,False,正常,5308,51
2024-04-25 08:05:00,2024-04-25 08:06:00,2,空载牵引,False,正常,5309,51
2024-04-25 08:07:00,2024-04-25 08:12:00,6,重载牵引,False,正常,5310,51
2024-04-25 08:13:00,2024-04-25 08:13:00,1,空载牵引,False,正常,5311,51
2024-04-25 08:14:00,2024-04-25 08:14:00,1,待机,False,正常,5312,51
2024-04-25 08:15:00,2024-04-25 08:15:00,1,停机,False,正常,5313,51
2024-04-25 08:16:00,2024-04-25 08:23:00,8,重载牵引,False,正常,5314,51
2024-04-25 08:24:00,2024-04-25 08:24:00,1,待机,False,正常,5315,51
2024-04-25 08:25:00,2024-04-25 08:32:00,8,重载牵引,False,正常,5316,51
2024-04-25 08:33:00,2024-04-25 08:33:00,1,待机,False,正常,5317,51
2024-04-25 08:34:00,2024-04-25 08:46:00,13,停机,False,正常,5318,51
2024-04-25 08:47:00,2024-04-25 09:04:00,18,重载牵引,False,正常,5319,51
2024-04-25 09:05:00,2024-04-25 09:06:00,2,停机,False,正常,5320,51
2024-04-25 09:07:00,2024-04-25 09:10:00,4,重载牵引,False,正常,5321,51
2024-04-25 09:11:00,2024-04-25 09:21:00,11,停机,False,正常,5322,51
2024-04-25 09:22:00,2024-04-25 09:25:00,4,重载牵引,False,正常,5323,51
2024-04-25 09:26:00,2024-04-25 09:38:00,13,停机,False,正常,5324,51
2024-04-25 09:39:00,2024-04-25 09:45:00,7,重载牵引,False,正常,5325,51
2024-04-25 09:46:00,2024-04-25 09:46:00,1,待机,False,正常,5326,51
2024-04-25 09:47:00,2024-04-25 09:47:00,1,重载牵引,False,正常,5327,51
2024-04-25 09:48:00,2024-04-25 09:51:00,4,停机,False,正常,5328,51
2024-04-25 09:52:00,2024-04-25 09:53:00,2,重载牵引,False,正常,5329,51
2024-04-25 09:54:00,2024-04-25 09:54:00,1,待机,False,正常,5330,51
2024-04-25 09:55:00,2024-04-25 10:03:00,9,重载牵引,False,正常,5331,51
2024-04-25 10:04:00,2024-04-25 10:04:00,1,待机,False,正常,5332,51
2024-04-25 10:05:00,2024-04-25 10:11:00,7,重载牵引,False,正常,5333,51
2024-04-25 10:12:00,2024-04-25 10:20:00,9,停机,False,正常,5334,51
2024-04-25 10:21:00,2024-04-25 11:09:00,49,待机,False,正常,5335,51
2024-04-25 11:10:00,2024-04-25 13:31:00,142,停机,False,正常,5336,51
2024-04-25 13:32:00,2024-04-25 13:32:00,1,待机,False,正常,5337,51
2024-04-25 13:33:00,2024-04-25 13:33:00,1,停机,False,正常,5338,51
2024-04-25 13:34:00,2024-04-25 13:44:00,11,待机,False,正常,5339,51
2024-04-25 13:45:00,2024-04-25 13:48:00,4,停机,False,正常,5340,51
2024-04-25 13:49:00,2024-04-25 14:26:00,38,待机,False,正常,5341,51
2024-04-25 14:27:00,2024-04-25 14:28:00,2,停机,False,正常,5342,51
2024-04-25 14:29:00,2024-04-25 14:29:00,1,待机,False,正常,5343,51
2024-04-25 14:30:00,2024-04-25 14:30:00,1,重载牵引,False,正常,5344,51
2024-04-25 14:31:00,2024-04-25 14:37:00,7,待机,False,正常,5345,51
2024-04-25 14:38:00,2024-04-25 15:31:00,54,停机,False,正常,5346,51
2024-04-25 15:32:00,2024-04-25 15:32:00,1,待机,False,正常,5347,51
2024-04-25 15:33:00,2024-04-25 15:33:00,1,重载牵引,False,正常,5348,51
2024-04-25 15:34:00,2024-04-25 15:34:00,1,待机,False,正常,5349,51
2024-04-25 15:35:00,2024-04-25 15:41:00,7,停机,False,正常,5350,51
2024-04-25 15:42:00,2024-04-25 15:42:00,1,待机,False,正常,5351,51
2024-04-25 15:43:00,2024-04-25 15:44:00,2,停机,False,正常,5352,51
2024-04-25 15:45:00,2024-04-25 15:48:00,4,重载牵引,False,正常,5353,51
2024-04-25 15:49:00,2024-04-25 15:49:00,1,停机,False,正常,5354,51
2024-04-25 15:50:00,2024-04-25 15:51:00,2,重载牵引,False,正常,5355,51
2024-04-25 15:52:00,2024-04-25 15:52:00,1,待机,False,正常,5356,51
2024-04-25 15:53:00,2024-04-25 15:53:00,1,重载牵引,False,正常,5357,51
2024-04-25 15:54:00,2024-04-25 15:54:00,1,待机,False,正常,5358,51
2024-04-25 15:55:00,2024-04-25 15:55:00,1,重载牵引,False,正常,5359,51
2024-04-25 15:56:00,2024-04-25 15:56:00,1,待机,False,正常,5360,51
2024-04-25 15:57:00,2024-04-25 15:58:00,2,停机,False,正常,5361,51
2024-04-25 15:59:00,2024-04-25 16:00:00,2,重载牵引,False,正常,5362,51
2024-04-25 16:01:00,2024-04-25 16:01:00,1,空载牵引,False,正常,5363,51
2024-04-25 16:02:00,2024-04-25 16:05:00,4,停机,False,正常,5364,51
2024-04-25 16:06:00,2024-04-25 16:07:00,2,重载牵引,False,正常,5365,51
2024-04-25 16:08:00,2024-04-25 16:08:00,1,停机,False,正常,5366,51
2024-04-25 16:09:00,2024-04-25 16:13:00,5,重载牵引,False,正常,5367,51
2024-04-25 16:14:00,2024-04-25 16:15:00,2,停机,False,正常,5368,51
2024-04-25 16:16:00,2024-04-25 16:18:00,3,重载牵引,False,正常,5369,51
2024-04-25 16:19:00,2024-04-25 16:19:00,1,空载牵引,False,正常,5370,51
2024-04-25 16:20:00,2024-04-25 16:20:00,1,重载牵引,False,正常,5371,51
2024-04-25 16:21:00,2024-04-25 16:23:00,3,停机,False,正常,5372,51
2024-04-25 16:24:00,2024-04-25 16:26:00,3,重载牵引,False,正常,5373,51
2024-04-25 16:27:00,2024-04-25 16:27:00,1,待机,False,正常,5374,51
2024-04-25 16:28:00,2024-04-25 16:29:00,2,停机,False,正常,5375,51
2024-04-25 16:30:00,2024-04-25 16:45:00,16,重载牵引,False,正常,5376,51
2024-04-25 16:46:00,2024-04-25 16:46:00,1,空载牵引,False,正常,5377,51
2024-04-25 16:47:00,2024-04-25 16:47:00,1,重载牵引,False,正常,5378,51
2024-04-25 16:48:00,2024-04-25 16:49:00,2,停机,False,正常,5379,51
2024-04-25 16:50:00,2024-04-25 16:53:00,4,重载牵引,False,正常,5380,51
2024-04-25 16:54:00,2024-04-25 16:54:00,1,待机,False,正常,5381,51
2024-04-25 16:55:00,2024-04-25 17:00:00,6,重载牵引,False,正常,5382,51
2024-04-25 17:01:00,2024-04-25 17:01:00,1,待机,False,正常,5383,51
2024-04-25 17:02:00,2024-04-25 17:58:00,57,停机,False,正常,5384,51
2024-04-25 17:59:00,2024-04-25 18:00:00,2,重载牵引,False,正常,5385,51
2024-04-25 18:01:00,2024-04-25 18:30:00,30,停机,False,正常,5386,51
2024-04-25 18:31:00,2024-04-25 18:39:00,9,重载牵引,False,正常,5387,51
2024-04-25 18:40:00,2024-04-25 18:40:00,1,停机,False,正常,5388,51
2024-04-25 18:41:00,2024-04-25 18:50:00,10,重载牵引,False,正常,5389,51
2024-04-25 18:51:00,2024-04-25 18:51:00,1,停机,False,正常,5390,51
2024-04-25 18:52:00,2024-04-25 19:01:00,10,重载牵引,False,正常,5391,51
2024-04-25 19:02:00,2024-04-25 19:02:00,1,待机,False,正常,5392,51
2024-04-25 19:03:00,2024-04-25 19:08:00,6,重载牵引,False,正常,5393,51
2024-04-25 19:09:00,2024-04-25 19:09:00,1,待机,False,正常,5394,51
2024-04-25 19:10:00,2024-04-25 19:11:00,2,停机,False,正常,5395,51
2024-04-25 19:12:00,2024-04-25 19:15:00,4,重载牵引,False,正常,5396,51
2024-04-25 19:16:00,2024-04-25 19:16:00,1,待机,False,正常,5397,51
2024-04-25 19:17:00,2024-04-25 19:18:00,2,停机,False,正常,5398,51
2024-04-25 19:19:00,2024-04-25 19:24:00,6,重载牵引,False,正常,5399,51
2024-04-25 19:25:00,2024-04-25 19:35:00,11,停机,False,正常,5400,51
2024-04-25 19:36:00,2024-04-25 19:46:00,11,重载牵引,False,正常,5401,51
2024-04-25 19:47:00,2024-04-25 19:47:00,1,待机,False,正常,5402,51
2024-04-25 19:48:00,2024-04-25 20:23:00,36,重载牵引,False,正常,5403,51
2024-04-25 20:24:00,2024-04-25 20:24:00,1,空载牵引,False,正常,5404,51
2024-04-25 20:25:00,2024-04-25 20:27:00,3,重载牵引,False,正常,5405,51
2024-04-25 20:28:00,2024-04-25 20:28:00,1,停机,False,正常,5406,51
2024-04-25 20:29:00,2024-04-25 21:01:00,33,重载牵引,False,正常,5407,51
2024-04-25 21:02:00,2024-04-25 21:02:00,1,空载牵引,False,正常,5408,51
2024-04-25 21:03:00,2024-04-25 21:03:00,1,停机,False,正常,5409,51
2024-04-25 21:04:00,2024-04-25 21:17:00,14,重载牵引,False,正常,5410,51
2024-04-25 21:18:00,2024-04-25 21:18:00,1,待机,False,正常,5411,51
2024-04-25 21:19:00,2024-04-25 21:27:00,9,重载牵引,False,正常,5412,51
2024-04-25 21:28:00,2024-04-25 21:28:00,1,待机,False,正常,5413,51
2024-04-25 21:29:00,2024-04-25 21:29:00,1,重载牵引,False,正常,5414,51
2024-04-25 21:30:00,2024-04-25 21:30:00,1,待机,False,正常,5415,51
2024-04-25 21:31:00,2024-04-25 21:31:00,1,重载牵引,False,正常,5416,51
2024-04-25 21:32:00,2024-04-25 21:40:00,9,停机,False,正常,5417,51
2024-04-25 21:41:00,2024-04-25 21:46:00,6,重载牵引,False,正常,5418,51
2024-04-25 21:47:00,2024-04-25 21:47:00,1,停机,False,正常,5419,51
2024-04-25 21:48:00,2024-04-25 21:48:00,1,待机,False,正常,5420,51
2024-04-25 21:49:00,2024-04-25 21:50:00,2,重载牵引,False,正常,5421,51
2024-04-25 21:51:00,2024-04-25 21:51:00,1,停机,False,正常,5422,51
2024-04-25 21:52:00,2024-04-25 21:52:00,1,重载牵引,False,正常,5423,51
2024-04-25 21:53:00,2024-04-25 21:54:00,2,停机,False,正常,5424,51
2024-04-25 21:55:00,2024-04-25 21:56:00,2,重载牵引,False,正常,5425,51
2024-04-25 21:57:00,2024-04-25 21:57:00,1,停机,False,正常,5426,51
2024-04-25 21:58:00,2024-04-25 22:03:00,6,重载牵引,False,正常,5427,51
2024-04-25 22:04:00,2024-04-25 22:06:00,3,停机,False,正常,5428,51
2024-04-25 22:07:00,2024-04-25 22:19:00,13,重载牵引,False,正常,5429,51
2024-04-25 22:20:00,2024-04-25 22:20:00,1,空载牵引,False,正常,5430,51
2024-04-25 22:21:00,2024-04-25 22:31:00,11,重载牵引,False,正常,5431,51
2024-04-25 22:32:00,2024-04-25 22:32:00,1,停机,False,正常,5432,51
2024-04-25 22:33:00,2024-04-25 22:40:00,8,重载牵引,False,正常,5433,51
2024-04-25 22:41:00,2024-04-25 22:42:00,2,停机,False,正常,5434,51
2024-04-25 22:43:00,2024-04-25 22:52:00,10,重载牵引,False,正常,5435,51
2024-04-25 22:53:00,2024-04-25 22:54:00,2,停机,False,正常,5436,51
2024-04-25 22:55:00,2024-04-25 22:55:00,1,待机,False,正常,5437,51
2024-04-25 22:56:00,2024-04-25 22:59:00,4,重载牵引,False,正常,5438,51
2024-04-25 23:00:00,2024-04-25 23:02:00,3,停机,False,正常,5439,51
2024-04-25 23:03:00,2024-04-25 23:15:00,13,重载牵引,False,正常,5440,51
2024-04-25 23:16:00,2024-04-25 23:16:00,1,待机,False,正常,5441,51
2024-04-25 23:17:00,2024-04-25 23:21:00,5,重载牵引,False,正常,5442,51
2024-04-25 23:22:00,2024-04-25 23:22:00,1,待机,False,正常,5443,51
2024-04-25 23:23:00,2024-04-25 23:32:00,10,停机,False,正常,5444,51
2024-04-25 23:33:00,2024-04-25 23:49:00,17,重载牵引,False,正常,5445,51
2024-04-25 23:50:00,2024-04-25 23:50:00,1,待机,False,正常,5446,51
2024-04-25 23:51:00,2024-04-25 23:54:00,4,停机,False,正常,5447,51
2024-04-25 23:55:00,2024-04-25 23:55:00,1,重载牵引,False,正常,5448,51
2024-04-25 23:56:00,2024-04-25 23:56:00,1,待机,False,正常,5449,51
2024-04-25 23:57:00,2024-04-26 00:02:00,6,重载牵引,False,正常,5450,51
2024-04-26 00:03:00,2024-04-26 00:03:00,1,待机,False,正常,5451,51
2024-04-26 00:04:00,2024-04-26 00:04:00,1,重载牵引,False,正常,5452,51
2024-04-26 00:05:00,2024-04-26 00:05:00,1,待机,False,正常,5453,51
2024-04-26 00:06:00,2024-04-26 00:11:00,6,重载牵引,False,正常,5454,51
2024-04-26 00:12:00,2024-04-26 00:12:00,1,待机,False,正常,5455,51
2024-04-26 00:13:00,2024-04-26 00:13:00,1,停机,False,正常,5456,51
2024-04-26 00:14:00,2024-04-26 00:30:00,17,重载牵引,False,正常,5457,51
2024-04-26 00:31:00,2024-04-26 00:32:00,2,停机,False,正常,5458,51
2024-04-26 00:33:00,2024-04-26 00:35:00,3,重载牵引,False,正常,5459,51
2024-04-26 00:36:00,2024-04-26 00:36:00,1,待机,False,正常,5460,51
2024-04-26 00:37:00,2024-04-26 00:40:00,4,重载牵引,False,正常,5461,51
2024-04-26 00:41:00,2024-04-26 00:41:00,1,待机,False,正常,5462,51
2024-04-26 00:42:00,2024-04-26 00:42:00,1,空载牵引,False,正常,5463,51
2024-04-26 00:43:00,2024-04-26 00:43:00,1,重载牵引,False,正常,5464,51
2024-04-26 00:44:00,2024-04-26 00:44:00,1,停机,False,正常,5465,51
2024-04-26 00:45:00,2024-04-26 00:56:00,12,重载牵引,False,正常,5466,51
2024-04-26 00:57:00,2024-04-26 00:57:00,1,待机,False,正常,5467,51
2024-04-26 00:58:00,2024-04-26 01:10:00,13,重载牵引,False,正常,5468,51
2024-04-26 01:11:00,2024-04-26 01:13:00,3,停机,False,正常,5469,51
2024-04-26 01:14:00,2024-04-26 01:24:00,11,重载牵引,False,正常,5470,51
2024-04-26 01:25:00,2024-04-26 01:28:00,4,停机,False,正常,5471,51
2024-04-26 01:29:00,2024-04-26 01:29:00,1,重载牵引,False,正常,5472,51
2024-04-26 01:30:00,2024-04-26 01:30:00,1,待机,False,正常,5473,51
2024-04-26 01:31:00,2024-04-26 01:31:00,1,空载牵引,False,正常,5474,51
2024-04-26 01:32:00,2024-04-26 01:37:00,6,停机,False,正常,5475,51
2024-04-26 01:38:00,2024-04-26 01:38:00,1,空载牵引,False,正常,5476,51
2024-04-26 01:39:00,2024-04-26 01:40:00,2,重载牵引,False,正常,5477,51
2024-04-26 01:41:00,2024-04-26 01:41:00,1,停机,False,正常,5478,51
2024-04-26 01:42:00,2024-04-26 01:53:00,12,重载牵引,False,正常,5479,51
2024-04-26 01:54:00,2024-04-26 01:54:00,1,空载牵引,False,正常,5480,51
2024-04-26 01:55:00,2024-04-26 02:35:00,41,重载牵引,False,正常,5481,51
2024-04-26 02:36:00,2024-04-26 02:36:00,1,待机,False,正常,5482,51
2024-04-26 02:37:00,2024-04-26 02:40:00,4,重载牵引,False,正常,5483,51
2024-04-26 02:41:00,2024-04-26 02:41:00,1,空载牵引,False,正常,5484,51
2024-04-26 02:42:00,2024-04-26 02:46:00,5,重载牵引,False,正常,5485,51
2024-04-26 02:47:00,2024-04-26 02:56:00,10,停机,False,正常,5486,51
2024-04-26 02:57:00,2024-04-26 02:59:00,3,重载牵引,False,正常,5487,51
2024-04-26 03:00:00,2024-04-26 03:01:00,2,待机,False,正常,5488,51
2024-04-26 03:02:00,2024-04-26 03:02:00,1,停机,False,正常,5489,51
2024-04-26 03:03:00,2024-04-26 03:09:00,7,重载牵引,False,正常,5490,51
2024-04-26 03:10:00,2024-04-26 03:11:00,2,待机,False,正常,5491,51
2024-04-26 03:12:00,2024-04-26 03:12:00,1,停机,False,正常,5492,51
2024-04-26 03:13:00,2024-04-26 03:16:00,4,重载牵引,False,正常,5493,51
2024-04-26 03:17:00,2024-04-26 03:17:00,1,空载牵引,False,正常,5494,51
2024-04-26 03:18:00,2024-04-26 03:19:00,2,重载牵引,False,正常,5495,51
2024-04-26 03:20:00,2024-04-26 03:20:00,1,待机,False,正常,5496,51
2024-04-26 03:21:00,2024-04-26 03:22:00,2,重载牵引,False,正常,5497,51
2024-04-26 03:23:00,2024-04-26 03:25:00,3,停机,False,正常,5498,51
2024-04-26 03:26:00,2024-04-26 03:27:00,2,重载牵引,False,正常,5499,51
2024-04-26 03:28:00,2024-04-26 03:28:00,1,待机,False,正常,5500,51
2024-04-26 03:29:00,2024-04-26 03:33:00,5,重载牵引,False,正常,5501,51
2024-04-26 03:34:00,2024-04-26 03:35:00,2,停机,False,正常,5502,51
2024-04-26 03:36:00,2024-04-26 03:47:00,12,重载牵引,False,正常,5503,51
2024-04-26 03:48:00,2024-04-26 03:48:00,1,待机,False,正常,5504,51
2024-04-26 03:49:00,2024-04-26 03:57:00,9,重载牵引,False,正常,5505,51
2024-04-26 03:58:00,2024-04-26 04:01:00,4,停机,False,正常,5506,51
2024-04-26 04:02:00,2024-04-26 04:05:00,4,重载牵引,False,正常,5507,51
2024-04-26 04:06:00,2024-04-26 04:06:00,1,停机,False,正常,5508,51
2024-04-26 04:07:00,2024-04-26 04:07:00,1,待机,False,正常,5509,51
2024-04-26 04:08:00,2024-04-26 04:44:00,37,重载牵引,False,正常,5510,51
2024-04-26 04:45:00,2024-04-26 04:45:00,1,待机,False,正常,5511,51
2024-04-26 04:46:00,2024-04-26 04:49:00,4,重载牵引,False,正常,5512,51
2024-04-26 04:50:00,2024-04-26 04:50:00,1,待机,False,正常,5513,51
2024-04-26 04:51:00,2024-04-26 04:55:00,5,重载牵引,False,正常,5514,51
2024-04-26 04:56:00,2024-04-26 05:26:00,31,停机,False,正常,5515,51
2024-04-26 05:27:00,2024-04-26 05:43:00,17,重载牵引,False,正常,5516,51
2024-04-26 05:44:00,2024-04-26 05:45:00,2,停机,False,正常,5517,51
2024-04-26 05:46:00,2024-04-26 05:47:00,2,重载牵引,False,正常,5518,51
2024-04-26 05:48:00,2024-04-26 05:48:00,1,待机,False,正常,5519,51
2024-04-26 05:49:00,2024-04-26 05:58:00,10,重载牵引,False,正常,5520,51
2024-04-26 05:59:00,2024-04-26 05:59:00,1,待机,False,正常,5521,51
2024-04-26 06:00:00,2024-04-26 06:00:00,1,停机,False,正常,5522,51
2024-04-26 06:01:00,2024-04-26 06:19:00,19,重载牵引,False,正常,5523,51
2024-04-26 06:20:00,2024-04-26 06:20:00,1,停机,False,正常,5524,51
2024-04-26 06:21:00,2024-04-26 06:22:00,2,重载牵引,False,正常,5525,51
2024-04-26 06:23:00,2024-04-26 06:23:00,1,停机,False,正常,5526,51
2024-04-26 06:24:00,2024-04-26 06:38:00,15,重载牵引,False,正常,5527,51
2024-04-26 06:39:00,2024-04-26 06:39:00,1,空载牵引,False,正常,5528,51
2024-04-26 06:40:00,2024-04-26 06:44:00,5,重载牵引,False,正常,5529,51
2024-04-26 06:45:00,2024-04-26 06:45:00,1,停机,False,正常,5530,51
2024-04-26 06:46:00,2024-04-26 06:51:00,6,重载牵引,False,正常,5531,51
2024-04-26 06:52:00,2024-04-26 06:52:00,1,停机,False,正常,5532,51
2024-04-26 06:53:00,2024-04-26 06:53:00,1,待机,False,正常,5533,51
2024-04-26 06:54:00,2024-04-26 06:54:00,1,重载牵引,False,正常,5534,51
2024-04-26 06:55:00,2024-04-26 06:56:00,2,停机,False,正常,5535,51
2024-04-26 06:57:00,2024-04-26 06:58:00,2,重载牵引,False,正常,5536,51
2024-04-26 06:59:00,2024-04-26 08:41:00,103,停机,False,正常,5537,51
2024-04-26 08:42:00,2024-04-26 08:42:00,1,待机,False,正常,5538,51
2024-04-26 08:43:00,2024-04-26 13:00:00,258,停机,True,通讯中断/传感器休眠（段持续 >= 4h）,5539,52
2024-04-26 13:01:00,2024-04-26 13:11:00,11,待机,False,正常,5540,53
2024-04-26 13:12:00,2024-04-26 15:52:00,161,停机,True,异常持续段（>154min 阈值）,5541,54
2024-04-26 15:53:00,2024-04-26 15:53:00,1,待机,False,正常,5542,55
2024-04-26 15:54:00,2024-04-26 15:56:00,3,停机,False,正常,5543,55
2024-04-26 15:57:00,2024-04-26 15:57:00,1,待机,False,正常,5544,55
2024-04-26 15:58:00,2024-04-26 16:01:00,4,停机,False,正常,5545,55
2024-04-26 16:02:00,2024-04-26 16:02:00,1,待机,False,正常,5546,55
2024-04-26 16:03:00,2024-04-26 16:04:00,2,停机,False,正常,5547,55
2024-04-26 16:05:00,2024-04-26 16:05:00,1,重载牵引,False,正常,5548,55
2024-04-26 16:06:00,2024-04-26 16:06:00,1,停机,False,正常,5549,55
2024-04-26 16:07:00,2024-04-26 16:21:00,15,待机,False,正常,5550,55
2024-04-26 16:22:00,2024-04-26 16:23:00,2,停机,False,正常,5551,55
2024-04-26 16:24:00,2024-04-26 16:25:00,2,重载牵引,False,正常,5552,55
2024-04-26 16:26:00,2024-04-26 16:27:00,2,停机,False,正常,5553,55
2024-04-26 16:28:00,2024-04-26 16:30:00,3,待机,False,正常,5554,55
2024-04-26 16:31:00,2024-04-26 16:36:00,6,停机,False,正常,5555,55
2024-04-26 16:37:00,2024-04-26 16:54:00,18,重载牵引,False,正常,5556,55
2024-04-26 16:55:00,2024-04-26 16:55:00,1,待机,False,正常,5557,55
2024-04-26 16:56:00,2024-04-26 17:03:00,8,重载牵引,False,正常,5558,55
2024-04-26 17:04:00,2024-04-26 17:04:00,1,停机,False,正常,5559,55
2024-04-26 17:05:00,2024-04-26 17:06:00,2,重载牵引,False,正常,5560,55
2024-04-26 17:07:00,2024-04-26 17:08:00,2,停机,False,正常,5561,55
2024-04-26 17:09:00,2024-04-26 17:09:00,1,重载牵引,False,正常,5562,55
2024-04-26 17:10:00,2024-04-26 17:10:00,1,待机,False,正常,5563,55
2024-04-26 17:11:00,2024-04-26 17:12:00,2,重载牵引,False,正常,5564,55
2024-04-26 17:13:00,2024-04-26 17:15:00,3,停机,False,正常,5565,55
2024-04-26 17:16:00,2024-04-26 17:16:00,1,空载牵引,False,正常,5566,55
2024-04-26 17:17:00,2024-04-26 17:24:00,8,停机,False,正常,5567,55
2024-04-26 17:25:00,2024-04-26 17:28:00,4,重载牵引,False,正常,5568,55
2024-04-26 17:29:00,2024-04-26 17:29:00,1,待机,False,正常,5569,55
2024-04-26 17:30:00,2024-04-26 17:30:00,1,重载牵引,False,正常,5570,55
2024-04-26 17:31:00,2024-04-26 17:32:00,2,空载牵引,False,正常,5571,55
2024-04-26 17:33:00,2024-04-26 17:38:00,6,重载牵引,False,正常,5572,55
2024-04-26 17:39:00,2024-04-26 17:39:00,1,停机,False,正常,5573,55
2024-04-26 17:40:00,2024-04-26 17:40:00,1,待机,False,正常,5574,55
2024-04-26 17:41:00,2024-04-26 17:44:00,4,重载牵引,False,正常,5575,55
2024-04-26 17:45:00,2024-04-26 17:52:00,8,停机,False,正常,5576,55
2024-04-26 17:53:00,2024-04-26 17:59:00,7,重载牵引,False,正常,5577,55
2024-04-26 18:00:00,2024-04-26 18:00:00,1,待机,False,正常,5578,55
2024-04-26 18:01:00,2024-04-26 18:09:00,9,停机,False,正常,5579,55
2024-04-26 18:10:00,2024-04-26 18:21:00,12,重载牵引,False,正常,5580,55
2024-04-26 18:22:00,2024-04-26 18:22:00,1,待机,False,正常,5581,55
2024-04-26 18:23:00,2024-04-26 18:50:00,28,重载牵引,False,正常,5582,55
2024-04-26 18:51:00,2024-04-26 18:51:00,1,待机,False,正常,5583,55
2024-04-26 18:52:00,2024-04-26 18:53:00,2,重载牵引,False,正常,5584,55
2024-04-26 18:54:00,2024-04-26 18:54:00,1,待机,False,正常,5585,55
2024-04-26 18:55:00,2024-04-26 18:57:00,3,重载牵引,False,正常,5586,55
2024-04-26 18:58:00,2024-04-26 18:58:00,1,待机,False,正常,5587,55
2024-04-26 18:59:00,2024-04-26 19:02:00,4,重载牵引,False,正常,5588,55
2024-04-26 19:03:00,2024-04-26 19:03:00,1,空载牵引,False,正常,5589,55
2024-04-26 19:04:00,2024-04-26 19:06:00,3,重载牵引,False,正常,5590,55
2024-04-26 19:07:00,2024-04-26 19:07:00,1,待机,False,正常,5591,55
2024-04-26 19:08:00,2024-04-26 19:16:00,9,重载牵引,False,正常,5592,55
2024-04-26 19:17:00,2024-04-26 19:17:00,1,待机,False,正常,5593,55
2024-04-26 19:18:00,2024-04-26 19:31:00,14,停机,False,正常,5594,55
2024-04-26 19:32:00,2024-04-26 19:35:00,4,重载牵引,False,正常,5595,55
2024-04-26 19:36:00,2024-04-26 19:36:00,1,待机,False,正常,5596,55
2024-04-26 19:37:00,2024-04-26 20:01:00,25,重载牵引,False,正常,5597,55
2024-04-26 20:02:00,2024-04-26 20:02:00,1,待机,False,正常,5598,55
2024-04-26 20:03:00,2024-04-26 20:04:00,2,停机,False,正常,5599,55
2024-04-26 20:05:00,2024-04-26 20:05:00,1,待机,False,正常,5600,55
2024-04-26 20:06:00,2024-04-26 20:17:00,12,重载牵引,False,正常,5601,55
2024-04-26 20:18:00,2024-04-26 20:19:00,2,停机,False,正常,5602,55
2024-04-26 20:20:00,2024-04-26 20:35:00,16,重载牵引,False,正常,5603,55
2024-04-26 20:36:00,2024-04-26 20:36:00,1,空载牵引,False,正常,5604,55
2024-04-26 20:37:00,2024-04-26 20:41:00,5,重载牵引,False,正常,5605,55
2024-04-26 20:42:00,2024-04-26 20:42:00,1,待机,False,正常,5606,55
2024-04-26 20:43:00,2024-04-26 20:48:00,6,重载牵引,False,正常,5607,55
2024-04-26 20:49:00,2024-04-26 20:49:00,1,待机,False,正常,5608,55
2024-04-26 20:50:00,2024-04-26 20:58:00,9,重载牵引,False,正常,5609,55
2024-04-26 20:59:00,2024-04-26 20:59:00,1,待机,False,正常,5610,55
2024-04-26 21:00:00,2024-04-26 21:01:00,2,停机,False,正常,5611,55
2024-04-26 21:02:00,2024-04-26 21:18:00,17,重载牵引,False,正常,5612,55
2024-04-26 21:19:00,2024-04-26 21:19:00,1,待机,False,正常,5613,55
2024-04-26 21:20:00,2024-04-26 21:20:00,1,空载牵引,False,正常,5614,55
2024-04-26 21:21:00,2024-04-26 21:33:00,13,重载牵引,False,正常,5615,55
2024-04-26 21:34:00,2024-04-26 21:35:00,2,停机,False,正常,5616,55
2024-04-26 21:36:00,2024-04-26 21:52:00,17,重载牵引,False,正常,5617,55
2024-04-26 21:53:00,2024-04-26 21:53:00,1,待机,False,正常,5618,55
2024-04-26 21:54:00,2024-04-26 22:04:00,11,重载牵引,False,正常,5619,55
2024-04-26 22:05:00,2024-04-26 22:05:00,1,停机,False,正常,5620,55
2024-04-26 22:06:00,2024-04-26 22:10:00,5,重载牵引,False,正常,5621,55
2024-04-26 22:11:00,2024-04-26 22:11:00,1,待机,False,正常,5622,55
2024-04-26 22:12:00,2024-04-26 22:13:00,2,重载牵引,False,正常,5623,55
2024-04-26 22:14:00,2024-04-26 22:15:00,2,待机,False,正常,5624,55
2024-04-26 22:16:00,2024-04-26 22:16:00,1,停机,False,正常,5625,55
2024-04-26 22:17:00,2024-04-26 22:18:00,2,重载牵引,False,正常,5626,55
2024-04-26 22:19:00,2024-04-26 22:19:00,1,待机,False,正常,5627,55
2024-04-26 22:20:00,2024-04-26 22:31:00,12,重载牵引,False,正常,5628,55
2024-04-26 22:32:00,2024-04-26 22:32:00,1,空载牵引,False,正常,5629,55
2024-04-26 22:33:00,2024-04-26 23:03:00,31,重载牵引,False,正常,5630,55
2024-04-26 23:04:00,2024-04-26 23:04:00,1,待机,False,正常,5631,55
2024-04-26 23:05:00,2024-04-26 23:07:00,3,重载牵引,False,正常,5632,55
2024-04-26 23:08:00,2024-04-26 23:08:00,1,空载牵引,False,正常,5633,55
2024-04-26 23:09:00,2024-04-26 23:18:00,10,重载牵引,False,正常,5634,55
2024-04-26 23:19:00,2024-04-26 23:20:00,2,停机,False,正常,5635,55
2024-04-26 23:21:00,2024-04-26 23:21:00,1,重载牵引,False,正常,5636,55
2024-04-26 23:22:00,2024-04-26 23:22:00,1,停机,False,正常,5637,55
2024-04-26 23:23:00,2024-04-26 23:23:00,1,重载牵引,False,正常,5638,55
2024-04-26 23:24:00,2024-04-26 23:25:00,2,停机,False,正常,5639,55
2024-04-26 23:26:00,2024-04-26 23:26:00,1,重载牵引,False,正常,5640,55
2024-04-26 23:27:00,2024-04-26 23:29:00,3,停机,False,正常,5641,55
2024-04-26 23:30:00,2024-04-26 23:33:00,4,重载牵引,False,正常,5642,55
2024-04-26 23:34:00,2024-04-26 23:34:00,1,停机,False,正常,5643,55
2024-04-26 23:35:00,2024-04-26 23:45:00,11,重载牵引,False,正常,5644,55
2024-04-26 23:46:00,2024-04-26 23:46:00,1,待机,False,正常,5645,55
2024-04-26 23:47:00,2024-04-26 23:51:00,5,停机,False,正常,5646,55
2024-04-26 23:52:00,2024-04-26 23:59:00,8,重载牵引,False,正常,5647,55
2024-04-27 00:00:00,2024-04-27 00:00:00,1,待机,False,正常,5648,55
2024-04-27 00:01:00,2024-04-27 00:10:00,10,重载牵引,False,正常,5649,55
2024-04-27 00:11:00,2024-04-27 00:11:00,1,待机,False,正常,5650,55
2024-04-27 00:12:00,2024-04-27 00:12:00,1,重载牵引,False,正常,5651,55
2024-04-27 00:13:00,2024-04-27 00:13:00,1,空载牵引,False,正常,5652,55
2024-04-27 00:14:00,2024-04-27 00:16:00,3,重载牵引,False,正常,5653,55
2024-04-27 00:17:00,2024-04-27 00:18:00,2,待机,False,正常,5654,55
2024-04-27 00:19:00,2024-04-27 00:21:00,3,重载牵引,False,正常,5655,55
2024-04-27 00:22:00,2024-04-27 00:22:00,1,待机,False,正常,5656,55
2024-04-27 00:23:00,2024-04-27 00:23:00,1,空载牵引,False,正常,5657,55
2024-04-27 00:24:00,2024-04-27 00:34:00,11,重载牵引,False,正常,5658,55
2024-04-27 00:35:00,2024-04-27 00:35:00,1,待机,False,正常,5659,55
2024-04-27 00:36:00,2024-04-27 00:39:00,4,重载牵引,False,正常,5660,55
2024-04-27 00:40:00,2024-04-27 00:40:00,1,停机,False,正常,5661,55
2024-04-27 00:41:00,2024-04-27 00:49:00,9,重载牵引,False,正常,5662,55
2024-04-27 00:50:00,2024-04-27 00:51:00,2,停机,False,正常,5663,55
2024-04-27 00:52:00,2024-04-27 00:53:00,2,重载牵引,False,正常,5664,55
2024-04-27 00:54:00,2024-04-27 00:54:00,1,待机,False,正常,5665,55
2024-04-27 00:55:00,2024-04-27 00:55:00,1,重载牵引,False,正常,5666,55
2024-04-27 00:56:00,2024-04-27 00:56:00,1,停机,False,正常,5667,55
2024-04-27 00:57:00,2024-04-27 01:04:00,8,重载牵引,False,正常,5668,55
2024-04-27 01:05:00,2024-04-27 01:05:00,1,待机,False,正常,5669,55
2024-04-27 01:06:00,2024-04-27 01:13:00,8,重载牵引,False,正常,5670,55
2024-04-27 01:14:00,2024-04-27 01:14:00,1,待机,False,正常,5671,55
2024-04-27 01:15:00,2024-04-27 01:17:00,3,重载牵引,False,正常,5672,55
2024-04-27 01:18:00,2024-04-27 01:18:00,1,待机,False,正常,5673,55
2024-04-27 01:19:00,2024-04-27 01:27:00,9,重载牵引,False,正常,5674,55
2024-04-27 01:28:00,2024-04-27 01:28:00,1,空载牵引,False,正常,5675,55
2024-04-27 01:29:00,2024-04-27 01:38:00,10,重载牵引,False,正常,5676,55
2024-04-27 01:39:00,2024-04-27 01:39:00,1,待机,False,正常,5677,55
2024-04-27 01:40:00,2024-04-27 01:50:00,11,重载牵引,False,正常,5678,55
2024-04-27 01:51:00,2024-04-27 01:51:00,1,待机,False,正常,5679,55
2024-04-27 01:52:00,2024-04-27 01:52:00,1,重载牵引,False,正常,5680,55
2024-04-27 01:53:00,2024-04-27 01:53:00,1,待机,False,正常,5681,55
2024-04-27 01:54:00,2024-04-27 01:54:00,1,重载牵引,False,正常,5682,55
2024-04-27 01:55:00,2024-04-27 01:55:00,1,停机,False,正常,5683,55
2024-04-27 01:56:00,2024-04-27 01:57:00,2,重载牵引,False,正常,5684,55
2024-04-27 01:58:00,2024-04-27 01:58:00,1,停机,False,正常,5685,55
2024-04-27 01:59:00,2024-04-27 02:10:00,12,重载牵引,False,正常,5686,55
2024-04-27 02:11:00,2024-04-27 02:11:00,1,待机,False,正常,5687,55
2024-04-27 02:12:00,2024-04-27 02:14:00,3,重载牵引,False,正常,5688,55
2024-04-27 02:15:00,2024-04-27 02:15:00,1,待机,False,正常,5689,55
2024-04-27 02:16:00,2024-04-27 02:25:00,10,重载牵引,False,正常,5690,55
2024-04-27 02:26:00,2024-04-27 02:26:00,1,空载牵引,False,正常,5691,55
2024-04-27 02:27:00,2024-04-27 02:41:00,15,重载牵引,False,正常,5692,55
2024-04-27 02:42:00,2024-04-27 02:42:00,1,待机,False,正常,5693,55
2024-04-27 02:43:00,2024-04-27 02:44:00,2,重载牵引,False,正常,5694,55
2024-04-27 02:45:00,2024-04-27 02:45:00,1,待机,False,正常,5695,55
2024-04-27 02:46:00,2024-04-27 02:49:00,4,重载牵引,False,正常,5696,55
2024-04-27 02:50:00,2024-04-27 02:50:00,1,待机,False,正常,5697,55
2024-04-27 02:51:00,2024-04-27 02:52:00,2,停机,False,正常,5698,55
2024-04-27 02:53:00,2024-04-27 02:53:00,1,待机,False,正常,5699,55
2024-04-27 02:54:00,2024-04-27 03:12:00,19,重载牵引,False,正常,5700,55
2024-04-27 03:13:00,2024-04-27 03:14:00,2,停机,False,正常,5701,55
2024-04-27 03:15:00,2024-04-27 04:05:00,51,重载牵引,False,正常,5702,55
2024-04-27 04:06:00,2024-04-27 04:06:00,1,待机,False,正常,5703,55
2024-04-27 04:07:00,2024-04-27 04:44:00,38,重载牵引,False,正常,5704,55
2024-04-27 04:45:00,2024-04-27 04:45:00,1,待机,False,正常,5705,55
2024-04-27 04:46:00,2024-04-27 04:54:00,9,重载牵引,False,正常,5706,55
2024-04-27 04:55:00,2024-04-27 04:55:00,1,停机,False,正常,5707,55
2024-04-27 04:56:00,2024-04-27 04:56:00,1,重载牵引,False,正常,5708,55
2024-04-27 04:57:00,2024-04-27 04:59:00,3,停机,False,正常,5709,55
2024-04-27 05:00:00,2024-04-27 05:00:00,1,待机,False,正常,5710,55
2024-04-27 05:01:00,2024-04-27 05:03:00,3,重载牵引,False,正常,5711,55
2024-04-27 05:04:00,2024-04-27 05:04:00,1,停机,False,正常,5712,55
2024-04-27 05:05:00,2024-04-27 05:09:00,5,重载牵引,False,正常,5713,55
2024-04-27 05:10:00,2024-04-27 05:10:00,1,停机,False,正常,5714,55
2024-04-27 05:11:00,2024-04-27 05:39:00,29,重载牵引,False,正常,5715,55
2024-04-27 05:40:00,2024-04-27 05:41:00,2,停机,False,正常,5716,55
2024-04-27 05:42:00,2024-04-27 05:42:00,1,待机,False,正常,5717,55
2024-04-27 05:43:00,2024-04-27 05:46:00,4,重载牵引,False,正常,5718,55
2024-04-27 05:47:00,2024-04-27 05:47:00,1,空载牵引,False,正常,5719,55
2024-04-27 05:48:00,2024-04-27 05:48:00,1,待机,False,正常,5720,55
2024-04-27 05:49:00,2024-04-27 05:49:00,1,重载牵引,False,正常,5721,55
2024-04-27 05:50:00,2024-04-27 05:51:00,2,停机,False,正常,5722,55
2024-04-27 05:52:00,2024-04-27 05:52:00,1,重载牵引,False,正常,5723,55
2024-04-27 05:53:00,2024-04-27 06:35:00,43,停机,False,正常,5724,55
2024-04-27 06:36:00,2024-04-27 06:41:00,6,重载牵引,False,正常,5725,55
2024-04-27 06:42:00,2024-04-27 06:43:00,2,停机,False,正常,5726,55
2024-04-27 06:44:00,2024-04-27 06:44:00,1,重载牵引,False,正常,5727,55
2024-04-27 06:45:00,2024-04-27 06:50:00,6,停机,False,正常,5728,55
2024-04-27 06:51:00,2024-04-27 06:57:00,7,重载牵引,False,正常,5729,55
2024-04-27 06:58:00,2024-04-27 06:59:00,2,停机,False,正常,5730,55
2024-04-27 07:00:00,2024-04-27 07:07:00,8,重载牵引,False,正常,5731,55
2024-04-27 07:08:00,2024-04-27 07:08:00,1,停机,False,正常,5732,55
2024-04-27 07:09:00,2024-04-27 07:11:00,3,重载牵引,False,正常,5733,55
2024-04-27 07:12:00,2024-04-27 07:12:00,1,待机,False,正常,5734,55
2024-04-27 07:13:00,2024-04-27 07:14:00,2,重载牵引,False,正常,5735,55
2024-04-27 07:15:00,2024-04-27 07:15:00,1,待机,False,正常,5736,55
2024-04-27 07:16:00,2024-04-27 07:26:00,11,重载牵引,False,正常,5737,55
2024-04-27 07:27:00,2024-04-27 07:30:00,4,停机,False,正常,5738,55
2024-04-27 07:31:00,2024-04-27 07:31:00,1,重载牵引,False,正常,5739,55
2024-04-27 07:32:00,2024-04-27 07:32:00,1,待机,False,正常,5740,55
2024-04-27 07:33:00,2024-04-27 07:37:00,5,重载牵引,False,正常,5741,55
2024-04-27 07:38:00,2024-04-27 07:39:00,2,停机,False,正常,5742,55
2024-04-27 07:40:00,2024-04-27 07:42:00,3,重载牵引,False,正常,5743,55
2024-04-27 07:43:00,2024-04-27 07:43:00,1,停机,False,正常,5744,55
2024-04-27 07:44:00,2024-04-27 07:49:00,6,重载牵引,False,正常,5745,55
2024-04-27 07:50:00,2024-04-27 07:50:00,1,待机,False,正常,5746,55
2024-04-27 07:51:00,2024-04-27 08:03:00,13,重载牵引,False,正常,5747,55
2024-04-27 08:04:00,2024-04-27 08:04:00,1,空载牵引,False,正常,5748,55
2024-04-27 08:05:00,2024-04-27 08:14:00,10,重载牵引,False,正常,5749,55
2024-04-27 08:15:00,2024-04-27 08:15:00,1,待机,False,正常,5750,55
2024-04-27 08:16:00,2024-04-27 08:17:00,2,重载牵引,False,正常,5751,55
2024-04-27 08:18:00,2024-04-27 08:32:00,15,停机,False,正常,5752,55
2024-04-27 08:33:00,2024-04-27 08:35:00,3,待机,False,正常,5753,55
2024-04-27 08:36:00,2024-04-27 08:38:00,3,停机,False,正常,5754,55
2024-04-27 08:39:00,2024-04-27 08:39:00,1,待机,False,正常,5755,55
2024-04-27 08:40:00,2024-04-27 08:46:00,7,停机,False,正常,5756,55
2024-04-27 08:47:00,2024-04-27 08:51:00,5,重载牵引,False,正常,5757,55
2024-04-27 08:52:00,2024-04-27 08:52:00,1,待机,False,正常,5758,55
2024-04-27 08:53:00,2024-04-27 08:53:00,1,空载牵引,False,正常,5759,55
2024-04-27 08:54:00,2024-04-27 09:24:00,31,重载牵引,False,正常,5760,55
2024-04-27 09:25:00,2024-04-27 09:27:00,3,待机,False,正常,5761,55
2024-04-27 09:28:00,2024-04-27 09:28:00,1,重载牵引,False,正常,5762,55
2024-04-27 09:29:00,2024-04-27 09:30:00,2,待机,False,正常,5763,55
2024-04-27 09:31:00,2024-04-27 09:31:00,1,停机,False,正常,5764,55
2024-04-27 09:32:00,2024-04-27 09:32:00,1,重载牵引,False,正常,5765,55
2024-04-27 09:33:00,2024-04-27 09:33:00,1,停机,False,正常,5766,55
2024-04-27 09:34:00,2024-04-27 09:40:00,7,重载牵引,False,正常,5767,55
2024-04-27 09:41:00,2024-04-27 09:41:00,1,待机,False,正常,5768,55
2024-04-27 09:42:00,2024-04-27 09:42:00,1,空载牵引,False,正常,5769,55
2024-04-27 09:43:00,2024-04-27 09:48:00,6,重载牵引,False,正常,5770,55
2024-04-27 09:49:00,2024-04-27 09:49:00,1,停机,False,正常,5771,55
2024-04-27 09:50:00,2024-04-27 09:57:00,8,重载牵引,False,正常,5772,55
2024-04-27 09:58:00,2024-04-27 10:08:00,11,停机,False,正常,5773,55
2024-04-27 10:09:00,2024-04-27 10:11:00,3,重载牵引,False,正常,5774,55
2024-04-27 10:12:00,2024-04-27 10:14:00,3,停机,False,正常,5775,55
2024-04-27 10:15:00,2024-04-27 14:46:00,272,待机,True,通讯中断/传感器休眠（段持续 >= 4h）,5776,56
2024-04-27 14:47:00,2024-04-27 15:44:00,58,停机,False,正常,5777,57
2024-04-27 15:45:00,2024-04-27 15:45:00,1,待机,False,正常,5778,57
2024-04-27 15:46:00,2024-04-27 17:39:00,114,停机,False,正常,5779,57
2024-04-27 17:40:00,2024-04-27 17:42:00,3,重载牵引,False,正常,5780,57
2024-04-27 17:43:00,2024-04-27 17:46:00,4,停机,False,正常,5781,57
2024-04-27 17:47:00,2024-04-27 18:03:00,17,重载牵引,False,正常,5782,57
2024-04-27 18:04:00,2024-04-27 18:16:00,13,停机,False,正常,5783,57
2024-04-27 18:17:00,2024-04-27 18:38:00,22,重载牵引,False,正常,5784,57
2024-04-27 18:39:00,2024-04-27 18:40:00,2,停机,False,正常,5785,57
2024-04-27 18:41:00,2024-04-27 19:07:00,27,重载牵引,False,正常,5786,57
2024-04-27 19:08:00,2024-04-27 19:08:00,1,待机,False,正常,5787,57
2024-04-27 19:09:00,2024-04-27 19:09:00,1,重载牵引,False,正常,5788,57
2024-04-27 19:10:00,2024-04-27 19:10:00,1,停机,False,正常,5789,57
2024-04-27 19:11:00,2024-04-27 19:11:00,1,重载牵引,False,正常,5790,57
2024-04-27 19:12:00,2024-04-27 19:12:00,1,待机,False,正常,5791,57
2024-04-27 19:13:00,2024-04-27 19:20:00,8,重载牵引,False,正常,5792,57
2024-04-27 19:21:00,2024-04-27 19:21:00,1,待机,False,正常,5793,57
2024-04-27 19:22:00,2024-04-27 19:27:00,6,重载牵引,False,正常,5794,57
2024-04-27 19:28:00,2024-04-27 19:32:00,5,停机,False,正常,5795,57
2024-04-27 19:33:00,2024-04-27 19:49:00,17,重载牵引,False,正常,5796,57
2024-04-27 19:50:00,2024-04-27 19:50:00,1,待机,False,正常,5797,57
2024-04-27 19:51:00,2024-04-27 19:52:00,2,停机,False,正常,5798,57
2024-04-27 19:53:00,2024-04-27 19:53:00,1,待机,False,正常,5799,57
2024-04-27 19:54:00,2024-04-27 19:59:00,6,重载牵引,False,正常,5800,57
2024-04-27 20:00:00,2024-04-27 20:00:00,1,待机,False,正常,5801,57
2024-04-27 20:01:00,2024-04-27 20:09:00,9,重载牵引,False,正常,5802,57
2024-04-27 20:10:00,2024-04-27 20:10:00,1,待机,False,正常,5803,57
2024-04-27 20:11:00,2024-04-27 20:16:00,6,停机,False,正常,5804,57
2024-04-27 20:17:00,2024-04-27 21:07:00,51,重载牵引,False,正常,5805,57
2024-04-27 21:08:00,2024-04-27 21:08:00,1,待机,False,正常,5806,57
2024-04-27 21:09:00,2024-04-27 21:20:00,12,重载牵引,False,正常,5807,57
2024-04-27 21:21:00,2024-04-27 21:21:00,1,停机,False,正常,5808,57
2024-04-27 21:22:00,2024-04-27 21:31:00,10,重载牵引,False,正常,5809,57
2024-04-27 21:32:00,2024-04-27 21:34:00,3,停机,False,正常,5810,57
2024-04-27 21:35:00,2024-04-27 21:43:00,9,重载牵引,False,正常,5811,57
2024-04-27 21:44:00,2024-04-27 21:44:00,1,待机,False,正常,5812,57
2024-04-27 21:45:00,2024-04-27 22:12:00,28,重载牵引,False,正常,5813,57
2024-04-27 22:13:00,2024-04-27 22:13:00,1,待机,False,正常,5814,57
2024-04-27 22:14:00,2024-04-27 22:15:00,2,重载牵引,False,正常,5815,57
2024-04-27 22:16:00,2024-04-27 22:17:00,2,待机,False,正常,5816,57
2024-04-27 22:18:00,2024-04-27 22:18:00,1,重载牵引,False,正常,5817,57
2024-04-27 22:19:00,2024-04-27 22:19:00,1,待机,False,正常,5818,57
2024-04-27 22:20:00,2024-04-27 22:20:00,1,重载牵引,False,正常,5819,57
2024-04-27 22:21:00,2024-04-27 22:21:00,1,空载牵引,False,正常,5820,57
2024-04-27 22:22:00,2024-04-27 22:30:00,9,重载牵引,False,正常,5821,57
2024-04-27 22:31:00,2024-04-27 22:31:00,1,待机,False,正常,5822,57
2024-04-27 22:32:00,2024-04-27 22:35:00,4,重载牵引,False,正常,5823,57
2024-04-27 22:36:00,2024-04-27 22:36:00,1,停机,False,正常,5824,57
2024-04-27 22:37:00,2024-04-27 22:49:00,13,重载牵引,False,正常,5825,57
2024-04-27 22:50:00,2024-04-27 22:50:00,1,待机,False,正常,5826,57
2024-04-27 22:51:00,2024-04-27 22:51:00,1,重载牵引,False,正常,5827,57
2024-04-27 22:52:00,2024-04-27 22:56:00,5,停机,False,正常,5828,57
2024-04-27 22:57:00,2024-04-27 22:57:00,1,重载牵引,False,正常,5829,57
2024-04-27 22:58:00,2024-04-27 22:58:00,1,停机,False,正常,5830,57
2024-04-27 22:59:00,2024-04-27 23:00:00,2,重载牵引,False,正常,5831,57
2024-04-27 23:01:00,2024-04-27 23:01:00,1,停机,False,正常,5832,57
2024-04-27 23:02:00,2024-04-27 23:05:00,4,重载牵引,False,正常,5833,57
2024-04-27 23:06:00,2024-04-27 23:09:00,4,停机,False,正常,5834,57
2024-04-27 23:10:00,2024-04-27 23:25:00,16,重载牵引,False,正常,5835,57
2024-04-27 23:26:00,2024-04-27 23:28:00,3,停机,False,正常,5836,57
2024-04-27 23:29:00,2024-04-27 23:31:00,3,重载牵引,False,正常,5837,57
2024-04-27 23:32:00,2024-04-27 23:32:00,1,待机,False,正常,5838,57
2024-04-27 23:33:00,2024-04-27 23:38:00,6,重载牵引,False,正常,5839,57
2024-04-27 23:39:00,2024-04-27 23:41:00,3,停机,False,正常,5840,57
2024-04-27 23:42:00,2024-04-27 23:53:00,12,重载牵引,False,正常,5841,57
2024-04-27 23:54:00,2024-04-27 23:54:00,1,停机,False,正常,5842,57
2024-04-27 23:55:00,2024-04-27 23:57:00,3,重载牵引,False,正常,5843,57
2024-04-27 23:58:00,2024-04-27 23:59:00,2,停机,False,正常,5844,57
2024-04-28 00:00:00,2024-04-28 00:00:00,1,待机,False,正常,5845,57
2024-04-28 00:01:00,2024-04-28 00:04:00,4,停机,False,正常,5846,57
2024-04-28 00:05:00,2024-04-28 00:10:00,6,重载牵引,False,正常,5847,57
2024-04-28 00:11:00,2024-04-28 00:11:00,1,空载牵引,False,正常,5848,57
2024-04-28 00:12:00,2024-04-28 00:15:00,4,重载牵引,False,正常,5849,57
2024-04-28 00:16:00,2024-04-28 00:16:00,1,待机,False,正常,5850,57
2024-04-28 00:17:00,2024-04-28 00:42:00,26,重载牵引,False,正常,5851,57
2024-04-28 00:43:00,2024-04-28 00:43:00,1,待机,False,正常,5852,57
2024-04-28 00:44:00,2024-04-28 00:44:00,1,停机,False,正常,5853,57
2024-04-28 00:45:00,2024-04-28 00:56:00,12,重载牵引,False,正常,5854,57
2024-04-28 00:57:00,2024-04-28 00:57:00,1,待机,False,正常,5855,57
2024-04-28 00:58:00,2024-04-28 01:05:00,8,重载牵引,False,正常,5856,57
2024-04-28 01:06:00,2024-04-28 01:06:00,1,待机,False,正常,5857,57
2024-04-28 01:07:00,2024-04-28 01:09:00,3,停机,False,正常,5858,57
2024-04-28 01:10:00,2024-04-28 01:29:00,20,重载牵引,False,正常,5859,57
2024-04-28 01:30:00,2024-04-28 01:31:00,2,停机,False,正常,5860,57
2024-04-28 01:32:00,2024-04-28 01:32:00,1,待机,False,正常,5861,57
2024-04-28 01:33:00,2024-04-28 01:43:00,11,重载牵引,False,正常,5862,57
2024-04-28 01:44:00,2024-04-28 01:47:00,4,停机,False,正常,5863,57
2024-04-28 01:48:00,2024-04-28 01:55:00,8,重载牵引,False,正常,5864,57
2024-04-28 01:56:00,2024-04-28 01:56:00,1,待机,False,正常,5865,57
2024-04-28 01:57:00,2024-04-28 01:57:00,1,空载牵引,False,正常,5866,57
2024-04-28 01:58:00,2024-04-28 01:59:00,2,重载牵引,False,正常,5867,57
2024-04-28 02:00:00,2024-04-28 02:00:00,1,待机,False,正常,5868,57
2024-04-28 02:01:00,2024-04-28 02:12:00,12,重载牵引,False,正常,5869,57
2024-04-28 02:13:00,2024-04-28 02:13:00,1,停机,False,正常,5870,57
2024-04-28 02:14:00,2024-04-28 02:15:00,2,重载牵引,False,正常,5871,57
2024-04-28 02:16:00,2024-04-28 02:16:00,1,待机,False,正常,5872,57
2024-04-28 02:17:00,2024-04-28 02:20:00,4,重载牵引,False,正常,5873,57
2024-04-28 02:21:00,2024-04-28 02:21:00,1,待机,False,正常,5874,57
2024-04-28 02:22:00,2024-04-28 02:22:00,1,停机,False,正常,5875,57
2024-04-28 02:23:00,2024-04-28 02:23:00,1,重载牵引,False,正常,5876,57
2024-04-28 02:24:00,2024-04-28 02:24:00,1,待机,False,正常,5877,57
2024-04-28 02:25:00,2024-04-28 02:25:00,1,重载牵引,False,正常,5878,57
2024-04-28 02:26:00,2024-04-28 02:26:00,1,停机,False,正常,5879,57
2024-04-28 02:27:00,2024-04-28 02:27:00,1,待机,False,正常,5880,57
2024-04-28 02:28:00,2024-04-28 02:31:00,4,重载牵引,False,正常,5881,57
2024-04-28 02:32:00,2024-04-28 02:34:00,3,停机,False,正常,5882,57
2024-04-28 02:35:00,2024-04-28 02:49:00,15,重载牵引,False,正常,5883,57
2024-04-28 02:50:00,2024-04-28 02:51:00,2,待机,False,正常,5884,57
2024-04-28 02:52:00,2024-04-28 02:57:00,6,重载牵引,False,正常,5885,57
2024-04-28 02:58:00,2024-04-28 02:58:00,1,停机,False,正常,5886,57
2024-04-28 02:59:00,2024-04-28 03:01:00,3,重载牵引,False,正常,5887,57
2024-04-28 03:02:00,2024-04-28 03:02:00,1,空载牵引,False,正常,5888,57
2024-04-28 03:03:00,2024-04-28 03:12:00,10,重载牵引,False,正常,5889,57
2024-04-28 03:13:00,2024-04-28 03:13:00,1,待机,False,正常,5890,57
2024-04-28 03:14:00,2024-04-28 03:15:00,2,停机,False,正常,5891,57
2024-04-28 03:16:00,2024-04-28 03:16:00,1,待机,False,正常,5892,57
2024-04-28 03:17:00,2024-04-28 03:21:00,5,重载牵引,False,正常,5893,57
2024-04-28 03:22:00,2024-04-28 03:22:00,1,空载牵引,False,正常,5894,57
2024-04-28 03:23:00,2024-04-28 03:25:00,3,重载牵引,False,正常,5895,57
2024-04-28 03:26:00,2024-04-28 03:26:00,1,停机,False,正常,5896,57
2024-04-28 03:27:00,2024-04-28 03:29:00,3,重载牵引,False,正常,5897,57
2024-04-28 03:30:00,2024-04-28 03:32:00,3,待机,False,正常,5898,57
2024-04-28 03:33:00,2024-04-28 03:36:00,4,重载牵引,False,正常,5899,57
2024-04-28 03:37:00,2024-04-28 03:37:00,1,待机,False,正常,5900,57
2024-04-28 03:38:00,2024-04-28 03:44:00,7,重载牵引,False,正常,5901,57
2024-04-28 03:45:00,2024-04-28 03:50:00,6,停机,False,正常,5902,57
2024-04-28 03:51:00,2024-04-28 04:03:00,13,重载牵引,False,正常,5903,57
2024-04-28 04:04:00,2024-04-28 04:04:00,1,停机,False,正常,5904,57
2024-04-28 04:05:00,2024-04-28 04:08:00,4,重载牵引,False,正常,5905,57
2024-04-28 04:09:00,2024-04-28 04:10:00,2,待机,False,正常,5906,57
2024-04-28 04:11:00,2024-04-28 04:14:00,4,重载牵引,False,正常,5907,57
2024-04-28 04:15:00,2024-04-28 04:15:00,1,停机,False,正常,5908,57
2024-04-28 04:16:00,2024-04-28 04:23:00,8,重载牵引,False,正常,5909,57
2024-04-28 04:24:00,2024-04-28 04:24:00,1,停机,False,正常,5910,57
2024-04-28 04:25:00,2024-04-28 04:25:00,1,重载牵引,False,正常,5911,57
2024-04-28 04:26:00,2024-04-28 04:26:00,1,停机,False,正常,5912,57
2024-04-28 04:27:00,2024-04-28 04:32:00,6,重载牵引,False,正常,5913,57
2024-04-28 04:33:00,2024-04-28 04:33:00,1,待机,False,正常,5914,57
2024-04-28 04:34:00,2024-04-28 04:41:00,8,重载牵引,False,正常,5915,57
2024-04-28 04:42:00,2024-04-28 04:42:00,1,待机,False,正常,5916,57
2024-04-28 04:43:00,2024-04-28 04:45:00,3,重载牵引,False,正常,5917,57
2024-04-28 04:46:00,2024-04-28 04:46:00,1,待机,False,正常,5918,57
2024-04-28 04:47:00,2024-04-28 04:49:00,3,重载牵引,False,正常,5919,57
2024-04-28 04:50:00,2024-04-28 04:50:00,1,停机,False,正常,5920,57
2024-04-28 04:51:00,2024-04-28 04:53:00,3,重载牵引,False,正常,5921,57
2024-04-28 04:54:00,2024-04-28 04:54:00,1,待机,False,正常,5922,57
2024-04-28 04:55:00,2024-04-28 05:03:00,9,重载牵引,False,正常,5923,57
